ISO-10303-21;
HEADER;
/* Generated by software containing ST-Developer
 * from STEP Tools, Inc. (www.steptools.com) 
 */

FILE_DESCRIPTION(
/* description */ ('STEP AP214'),
/* implementation_level */ '2;1');

FILE_NAME(
/* name */ 'BOLT_SHCS_M4_12mm.step',
/* time_stamp */ '2026-08-10T14:31:36+02:00',
/* author */ (''),
/* organization */ (''),
/* preprocessor_version */ 'ST-DEVELOPER v20.1',
/* originating_system */ 'Autodesk Translation Framework v15.8.0.0',
/* authorisation */ '');

FILE_SCHEMA (('AUTOMOTIVE_DESIGN { 1 0 10303 214 3 1 1 }'));
ENDSEC;

DATA;
#10=MECHANICAL_DESIGN_GEOMETRIC_PRESENTATION_REPRESENTATION('',(#13),#4333);
#11=SHAPE_REPRESENTATION_RELATIONSHIP('SRR','None',#4340,#12);
#12=ADVANCED_BREP_SHAPE_REPRESENTATION('',(#14),#4332);
#13=STYLED_ITEM('',(#4350),#14);
#14=MANIFOLD_SOLID_BREP('Corps1',#1104);
#15=FACE_BOUND('',#188,.T.);
#16=FACE_BOUND('',#190,.T.);
#17=PLANE('',#1169);
#18=PLANE('',#1170);
#19=PLANE('',#1171);
#20=PLANE('',#1172);
#21=PLANE('',#1173);
#22=PLANE('',#1174);
#23=PLANE('',#1175);
#24=PLANE('',#1176);
#25=PLANE('',#1177);
#26=PLANE('',#1178);
#27=PLANE('',#1179);
#28=PLANE('',#1180);
#29=PLANE('',#1181);
#30=PLANE('',#1182);
#31=PLANE('',#1183);
#32=PLANE('',#1184);
#33=PLANE('',#1185);
#34=PLANE('',#1186);
#35=PLANE('',#1187);
#36=PLANE('',#1188);
#37=PLANE('',#1189);
#38=PLANE('',#1190);
#39=(
BOUNDED_SURFACE()
B_SPLINE_SURFACE(1,2,((#3226,#3227,#3228,#3229,#3230,#3231,#3232,#3233,
#3234,#3235,#3236,#3237,#3238,#3239,#3240,#3241,#3242,#3243,#3244,#3245,
#3246,#3247,#3248,#3249,#3250,#3251,#3252,#3253,#3254,#3255,#3256,#3257,
#3258,#3259,#3260,#3261,#3262,#3263,#3264,#3265,#3266,#3267,#3268,#3269,
#3270,#3271,#3272,#3273,#3274,#3275,#3276,#3277,#3278,#3279,#3280,#3281,
#3282,#3283,#3284,#3285,#3286,#3287,#3288,#3289,#3290,#3291,#3292,#3293,
#3294,#3295,#3296,#3297,#3298,#3299,#3300,#3301,#3302,#3303,#3304,#3305,
#3306,#3307,#3308,#3309,#3310,#3311,#3312,#3313,#3314,#3315,#3316,#3317,
#3318,#3319,#3320,#3321,#3322,#3323,#3324,#3325,#3326,#3327,#3328,#3329,
#3330,#3331,#3332,#3333,#3334,#3335,#3336,#3337,#3338,#3339,#3340,#3341,
#3342,#3343,#3344,#3345,#3346,#3347,#3348,#3349,#3350,#3351,#3352,#3353,
#3354,#3355,#3356,#3357,#3358,#3359,#3360,#3361,#3362,#3363,#3364,#3365,
#3366,#3367,#3368,#3369,#3370,#3371,#3372,#3373,#3374,#3375,#3376,#3377,
#3378,#3379,#3380,#3381,#3382,#3383,#3384,#3385,#3386,#3387,#3388,#3389,
#3390,#3391,#3392,#3393,#3394,#3395,#3396,#3397,#3398,#3399,#3400,#3401,
#3402,#3403,#3404,#3405,#3406,#3407,#3408,#3409,#3410,#3411,#3412,#3413,
#3414,#3415,#3416,#3417,#3418,#3419,#3420,#3421,#3422,#3423,#3424,#3425,
#3426,#3427,#3428,#3429,#3430,#3431,#3432,#3433,#3434,#3435,#3436,#3437,
#3438,#3439,#3440,#3441,#3442,#3443,#3444,#3445,#3446,#3447,#3448,#3449,
#3450,#3451,#3452,#3453,#3454,#3455,#3456,#3457,#3458,#3459,#3460,#3461,
#3462,#3463,#3464,#3465,#3466),(#3467,#3468,#3469,#3470,#3471,#3472,#3473,
#3474,#3475,#3476,#3477,#3478,#3479,#3480,#3481,#3482,#3483,#3484,#3485,
#3486,#3487,#3488,#3489,#3490,#3491,#3492,#3493,#3494,#3495,#3496,#3497,
#3498,#3499,#3500,#3501,#3502,#3503,#3504,#3505,#3506,#3507,#3508,#3509,
#3510,#3511,#3512,#3513,#3514,#3515,#3516,#3517,#3518,#3519,#3520,#3521,
#3522,#3523,#3524,#3525,#3526,#3527,#3528,#3529,#3530,#3531,#3532,#3533,
#3534,#3535,#3536,#3537,#3538,#3539,#3540,#3541,#3542,#3543,#3544,#3545,
#3546,#3547,#3548,#3549,#3550,#3551,#3552,#3553,#3554,#3555,#3556,#3557,
#3558,#3559,#3560,#3561,#3562,#3563,#3564,#3565,#3566,#3567,#3568,#3569,
#3570,#3571,#3572,#3573,#3574,#3575,#3576,#3577,#3578,#3579,#3580,#3581,
#3582,#3583,#3584,#3585,#3586,#3587,#3588,#3589,#3590,#3591,#3592,#3593,
#3594,#3595,#3596,#3597,#3598,#3599,#3600,#3601,#3602,#3603,#3604,#3605,
#3606,#3607,#3608,#3609,#3610,#3611,#3612,#3613,#3614,#3615,#3616,#3617,
#3618,#3619,#3620,#3621,#3622,#3623,#3624,#3625,#3626,#3627,#3628,#3629,
#3630,#3631,#3632,#3633,#3634,#3635,#3636,#3637,#3638,#3639,#3640,#3641,
#3642,#3643,#3644,#3645,#3646,#3647,#3648,#3649,#3650,#3651,#3652,#3653,
#3654,#3655,#3656,#3657,#3658,#3659,#3660,#3661,#3662,#3663,#3664,#3665,
#3666,#3667,#3668,#3669,#3670,#3671,#3672,#3673,#3674,#3675,#3676,#3677,
#3678,#3679,#3680,#3681,#3682,#3683,#3684,#3685,#3686,#3687,#3688,#3689,
#3690,#3691,#3692,#3693,#3694,#3695,#3696,#3697,#3698,#3699,#3700,#3701,
#3702,#3703,#3704,#3705,#3706,#3707)),.UNSPECIFIED.,.F.,.F.,.F.)
B_SPLINE_SURFACE_WITH_KNOTS((2,2),(3,2,2,2,2,2,2,2,2,2,2,2,2,2,2,2,2,2,
2,2,2,2,2,2,2,2,2,2,2,2,2,2,2,2,2,2,2,2,2,2,2,2,2,2,2,2,2,2,2,2,2,2,2,2,
2,2,2,2,2,2,2,2,2,2,2,2,2,2,2,2,2,2,2,2,2,2,2,2,2,2,2,2,2,2,2,2,2,2,2,2,
2,2,2,2,2,2,2,2,2,2,2,2,2,2,2,2,2,2,2,2,2,2,2,2,2,2,2,2,2,2,3),(-1.04934910136664E-10,
1.00000075258868),(0.,0.00833333333333333,0.0166666666666667,0.025,0.0333333333333333,
0.0416666666666667,0.05,0.0583333333333333,0.0666666666666667,0.075,0.0833333333333333,
0.0916666666666667,0.1,0.108333333333333,0.116666666666667,0.125,0.133333333333333,
0.141666666666667,0.15,0.158333333333333,0.166666666666667,0.175,0.183333333333333,
0.191666666666667,0.2,0.208333333333333,0.216666666666667,0.225,0.233333333333333,
0.241666666666667,0.25,0.258333333333333,0.266666666666667,0.275,0.283333333333333,
0.291666666666667,0.3,0.308333333333333,0.316666666666667,0.325,0.333333333333333,
0.341666666666667,0.35,0.358333333333333,0.366666666666667,0.375,0.383333333333333,
0.391666666666667,0.4,0.408333333333333,0.416666666666667,0.425,0.433333333333333,
0.441666666666667,0.45,0.458333333333333,0.466666666666667,0.475,0.483333333333333,
0.491666666666667,0.5,0.508333333333333,0.516666666666667,0.525,0.533333333333333,
0.541666666666667,0.55,0.558333333333333,0.566666666666667,0.575,0.583333333333333,
0.591666666666667,0.6,0.608333333333333,0.616666666666667,0.625,0.633333333333333,
0.641666666666667,0.65,0.658333333333333,0.666666666666667,0.675,0.683333333333333,
0.691666666666667,0.7,0.708333333333333,0.716666666666667,0.725,0.733333333333333,
0.741666666666667,0.75,0.758333333333333,0.766666666666667,0.775,0.783333333333333,
0.791666666666667,0.8,0.808333333333333,0.816666666666667,0.825,0.833333333333333,
0.841666666666667,0.85,0.858333333333333,0.866666666666667,0.875,0.883333333333333,
0.891666666666667,0.9,0.908333333333333,0.916666666666667,0.925,0.933333333333333,
0.941666666666667,0.95,0.958333333333333,0.966666666666667,0.975,0.983333333333333,
0.991666666666667,1.),.UNSPECIFIED.)
GEOMETRIC_REPRESENTATION_ITEM()
RATIONAL_B_SPLINE_SURFACE(((1.,0.866025403784439,1.,0.866025403784439,1.,
0.866025403784439,1.,0.866025403784439,1.,0.866025403784439,1.,0.866025403784439,
1.,0.866025403784439,1.,0.866025403784439,1.,0.866025403784439,1.,0.866025403784439,
1.,0.866025403784439,1.,0.866025403784439,1.,0.866025403784439,1.,0.866025403784439,
1.,0.866025403784439,1.,0.866025403784439,1.,0.866025403784439,1.,0.866025403784439,
1.,0.866025403784439,1.,0.866025403784439,1.,0.866025403784439,1.,0.866025403784439,
1.,0.866025403784439,1.,0.866025403784439,1.,0.866025403784439,1.,0.866025403784439,
1.,0.866025403784439,1.,0.866025403784439,1.,0.866025403784439,1.,0.866025403784439,
1.,0.866025403784439,1.,0.866025403784439,1.,0.866025403784439,1.,0.866025403784439,
1.,0.866025403784439,1.,0.866025403784439,1.,0.866025403784439,1.,0.866025403784439,
1.,0.866025403784439,1.,0.866025403784439,1.,0.866025403784439,1.,0.866025403784439,
1.,0.866025403784439,1.,0.866025403784439,1.,0.866025403784439,1.,0.866025403784439,
1.,0.866025403784439,1.,0.866025403784439,1.,0.866025403784439,1.,0.866025403784439,
1.,0.866025403784439,1.,0.866025403784439,1.,0.866025403784439,1.,0.866025403784439,
1.,0.866025403784439,1.,0.866025403784439,1.,0.866025403784439,1.,0.866025403784439,
1.,0.866025403784439,1.,0.866025403784439,1.,0.866025403784439,1.,0.866025403784439,
1.,0.866025403784439,1.,0.866025403784439,1.,0.866025403784439,1.,0.866025403784439,
1.,0.866025403784439,1.,0.866025403784439,1.,0.866025403784439,1.,0.866025403784439,
1.,0.866025403784439,1.,0.866025403784439,1.,0.866025403784439,1.,0.866025403784439,
1.,0.866025403784439,1.,0.866025403784439,1.,0.866025403784439,1.,0.866025403784439,
1.,0.866025403784439,1.,0.866025403784439,1.,0.866025403784439,1.,0.866025403784439,
1.,0.866025403784439,1.,0.866025403784439,1.,0.866025403784439,1.,0.866025403784439,
1.,0.866025403784439,1.,0.866025403784439,1.,0.866025403784439,1.,0.866025403784439,
1.,0.866025403784439,1.,0.866025403784439,1.,0.866025403784439,1.,0.866025403784439,
1.,0.866025403784439,1.,0.866025403784439,1.,0.866025403784439,1.,0.866025403784439,
1.,0.866025403784439,1.,0.866025403784439,1.,0.866025403784439,1.,0.866025403784439,
1.,0.866025403784439,1.,0.866025403784439,1.,0.866025403784439,1.,0.866025403784439,
1.,0.866025403784439,1.,0.866025403784439,1.,0.866025403784439,1.,0.866025403784439,
1.,0.866025403784439,1.,0.866025403784439,1.,0.866025403784439,1.,0.866025403784439,
1.,0.866025403784439,1.,0.866025403784439,1.,0.866025403784439,1.,0.866025403784439,
1.,0.866025403784439,1.,0.866025403784439,1.),(1.,0.866025403784439,1.,
0.866025403784439,1.,0.866025403784439,1.,0.866025403784439,1.,0.866025403784439,
1.,0.866025403784439,1.,0.866025403784439,1.,0.866025403784439,1.,0.866025403784439,
1.,0.866025403784439,1.,0.866025403784439,1.,0.866025403784439,1.,0.866025403784439,
1.,0.866025403784439,1.,0.866025403784439,1.,0.866025403784439,1.,0.866025403784439,
1.,0.866025403784439,1.,0.866025403784439,1.,0.866025403784439,1.,0.866025403784439,
1.,0.866025403784439,1.,0.866025403784439,1.,0.866025403784439,1.,0.866025403784439,
1.,0.866025403784439,1.,0.866025403784439,1.,0.866025403784439,1.,0.866025403784439,
1.,0.866025403784439,1.,0.866025403784439,1.,0.866025403784439,1.,0.866025403784439,
1.,0.866025403784439,1.,0.866025403784439,1.,0.866025403784439,1.,0.866025403784439,
1.,0.866025403784439,1.,0.866025403784439,1.,0.866025403784439,1.,0.866025403784439,
1.,0.866025403784439,1.,0.866025403784439,1.,0.866025403784439,1.,0.866025403784439,
1.,0.866025403784439,1.,0.866025403784439,1.,0.866025403784439,1.,0.866025403784439,
1.,0.866025403784439,1.,0.866025403784439,1.,0.866025403784439,1.,0.866025403784439,
1.,0.866025403784439,1.,0.866025403784439,1.,0.866025403784439,1.,0.866025403784439,
1.,0.866025403784439,1.,0.866025403784439,1.,0.866025403784439,1.,0.866025403784439,
1.,0.866025403784439,1.,0.866025403784439,1.,0.866025403784439,1.,0.866025403784439,
1.,0.866025403784439,1.,0.866025403784439,1.,0.866025403784439,1.,0.866025403784439,
1.,0.866025403784439,1.,0.866025403784439,1.,0.866025403784439,1.,0.866025403784439,
1.,0.866025403784439,1.,0.866025403784439,1.,0.866025403784439,1.,0.866025403784439,
1.,0.866025403784439,1.,0.866025403784439,1.,0.866025403784439,1.,0.866025403784439,
1.,0.866025403784439,1.,0.866025403784439,1.,0.866025403784439,1.,0.866025403784439,
1.,0.866025403784439,1.,0.866025403784439,1.,0.866025403784439,1.,0.866025403784439,
1.,0.866025403784439,1.,0.866025403784439,1.,0.866025403784439,1.,0.866025403784439,
1.,0.866025403784439,1.,0.866025403784439,1.,0.866025403784439,1.,0.866025403784439,
1.,0.866025403784439,1.,0.866025403784439,1.,0.866025403784439,1.,0.866025403784439,
1.,0.866025403784439,1.,0.866025403784439,1.,0.866025403784439,1.,0.866025403784439,
1.,0.866025403784439,1.,0.866025403784439,1.,0.866025403784439,1.,0.866025403784439,
1.,0.866025403784439,1.,0.866025403784439,1.,0.866025403784439,1.,0.866025403784439,
1.,0.866025403784439,1.,0.866025403784439,1.,0.866025403784439,1.,0.866025403784439,
1.,0.866025403784439,1.,0.866025403784439,1.,0.866025403784439,1.)))
REPRESENTATION_ITEM('')
SURFACE()
);
#40=(
BOUNDED_SURFACE()
B_SPLINE_SURFACE(1,2,((#3746,#3747,#3748,#3749,#3750,#3751,#3752,#3753,
#3754,#3755,#3756,#3757,#3758,#3759,#3760,#3761,#3762,#3763,#3764,#3765,
#3766,#3767,#3768,#3769,#3770,#3771,#3772,#3773,#3774,#3775,#3776,#3777,
#3778,#3779,#3780,#3781,#3782,#3783,#3784,#3785,#3786,#3787,#3788,#3789,
#3790,#3791,#3792,#3793,#3794,#3795,#3796,#3797,#3798,#3799,#3800,#3801,
#3802,#3803,#3804,#3805,#3806,#3807,#3808,#3809,#3810,#3811,#3812,#3813,
#3814,#3815,#3816,#3817,#3818,#3819,#3820,#3821,#3822,#3823,#3824,#3825,
#3826,#3827,#3828,#3829,#3830,#3831,#3832,#3833,#3834,#3835,#3836,#3837,
#3838,#3839,#3840,#3841,#3842,#3843,#3844,#3845,#3846,#3847,#3848,#3849,
#3850,#3851,#3852,#3853,#3854,#3855,#3856,#3857,#3858,#3859,#3860,#3861,
#3862,#3863,#3864,#3865,#3866,#3867,#3868,#3869,#3870,#3871,#3872,#3873,
#3874,#3875,#3876,#3877,#3878,#3879,#3880,#3881,#3882,#3883,#3884,#3885,
#3886,#3887,#3888,#3889,#3890,#3891,#3892,#3893,#3894,#3895,#3896,#3897,
#3898,#3899,#3900,#3901,#3902,#3903,#3904,#3905,#3906,#3907,#3908,#3909,
#3910,#3911,#3912,#3913,#3914,#3915,#3916,#3917,#3918,#3919,#3920,#3921,
#3922,#3923,#3924,#3925,#3926,#3927,#3928,#3929,#3930,#3931,#3932,#3933,
#3934,#3935,#3936,#3937,#3938,#3939,#3940,#3941,#3942,#3943,#3944,#3945,
#3946,#3947,#3948,#3949,#3950,#3951,#3952,#3953,#3954,#3955,#3956,#3957,
#3958,#3959,#3960,#3961,#3962,#3963,#3964,#3965,#3966,#3967,#3968,#3969,
#3970,#3971,#3972,#3973,#3974,#3975,#3976,#3977,#3978,#3979,#3980,#3981,
#3982,#3983,#3984,#3985,#3986),(#3987,#3988,#3989,#3990,#3991,#3992,#3993,
#3994,#3995,#3996,#3997,#3998,#3999,#4000,#4001,#4002,#4003,#4004,#4005,
#4006,#4007,#4008,#4009,#4010,#4011,#4012,#4013,#4014,#4015,#4016,#4017,
#4018,#4019,#4020,#4021,#4022,#4023,#4024,#4025,#4026,#4027,#4028,#4029,
#4030,#4031,#4032,#4033,#4034,#4035,#4036,#4037,#4038,#4039,#4040,#4041,
#4042,#4043,#4044,#4045,#4046,#4047,#4048,#4049,#4050,#4051,#4052,#4053,
#4054,#4055,#4056,#4057,#4058,#4059,#4060,#4061,#4062,#4063,#4064,#4065,
#4066,#4067,#4068,#4069,#4070,#4071,#4072,#4073,#4074,#4075,#4076,#4077,
#4078,#4079,#4080,#4081,#4082,#4083,#4084,#4085,#4086,#4087,#4088,#4089,
#4090,#4091,#4092,#4093,#4094,#4095,#4096,#4097,#4098,#4099,#4100,#4101,
#4102,#4103,#4104,#4105,#4106,#4107,#4108,#4109,#4110,#4111,#4112,#4113,
#4114,#4115,#4116,#4117,#4118,#4119,#4120,#4121,#4122,#4123,#4124,#4125,
#4126,#4127,#4128,#4129,#4130,#4131,#4132,#4133,#4134,#4135,#4136,#4137,
#4138,#4139,#4140,#4141,#4142,#4143,#4144,#4145,#4146,#4147,#4148,#4149,
#4150,#4151,#4152,#4153,#4154,#4155,#4156,#4157,#4158,#4159,#4160,#4161,
#4162,#4163,#4164,#4165,#4166,#4167,#4168,#4169,#4170,#4171,#4172,#4173,
#4174,#4175,#4176,#4177,#4178,#4179,#4180,#4181,#4182,#4183,#4184,#4185,
#4186,#4187,#4188,#4189,#4190,#4191,#4192,#4193,#4194,#4195,#4196,#4197,
#4198,#4199,#4200,#4201,#4202,#4203,#4204,#4205,#4206,#4207,#4208,#4209,
#4210,#4211,#4212,#4213,#4214,#4215,#4216,#4217,#4218,#4219,#4220,#4221,
#4222,#4223,#4224,#4225,#4226,#4227)),.UNSPECIFIED.,.F.,.F.,.F.)
B_SPLINE_SURFACE_WITH_KNOTS((2,2),(3,2,2,2,2,2,2,2,2,2,2,2,2,2,2,2,2,2,
2,2,2,2,2,2,2,2,2,2,2,2,2,2,2,2,2,2,2,2,2,2,2,2,2,2,2,2,2,2,2,2,2,2,2,2,
2,2,2,2,2,2,2,2,2,2,2,2,2,2,2,2,2,2,2,2,2,2,2,2,2,2,2,2,2,2,2,2,2,2,2,2,
2,2,2,2,2,2,2,2,2,2,2,2,2,2,2,2,2,2,2,2,2,2,2,2,2,2,2,2,2,2,3),(0.,1.),
(0.,0.00833333333333333,0.0166666666666667,0.025,0.0333333333333333,0.0416666666666667,
0.05,0.0583333333333333,0.0666666666666667,0.075,0.0833333333333333,0.0916666666666667,
0.1,0.108333333333333,0.116666666666667,0.125,0.133333333333333,0.141666666666667,
0.15,0.158333333333333,0.166666666666667,0.175,0.183333333333333,0.191666666666667,
0.2,0.208333333333333,0.216666666666667,0.225,0.233333333333333,0.241666666666667,
0.25,0.258333333333333,0.266666666666667,0.275,0.283333333333333,0.291666666666667,
0.3,0.308333333333333,0.316666666666667,0.325,0.333333333333333,0.341666666666667,
0.35,0.358333333333333,0.366666666666667,0.375,0.383333333333333,0.391666666666667,
0.4,0.408333333333333,0.416666666666667,0.425,0.433333333333333,0.441666666666667,
0.45,0.458333333333333,0.466666666666667,0.475,0.483333333333333,0.491666666666667,
0.5,0.508333333333333,0.516666666666667,0.525,0.533333333333333,0.541666666666667,
0.55,0.558333333333333,0.566666666666667,0.575,0.583333333333333,0.591666666666667,
0.6,0.608333333333333,0.616666666666667,0.625,0.633333333333333,0.641666666666667,
0.65,0.658333333333333,0.666666666666667,0.675,0.683333333333333,0.691666666666667,
0.7,0.708333333333333,0.716666666666667,0.725,0.733333333333333,0.741666666666667,
0.75,0.758333333333333,0.766666666666667,0.775,0.783333333333333,0.791666666666667,
0.8,0.808333333333333,0.816666666666667,0.825,0.833333333333333,0.841666666666667,
0.85,0.858333333333333,0.866666666666667,0.875,0.883333333333333,0.891666666666667,
0.9,0.908333333333333,0.916666666666667,0.925,0.933333333333333,0.941666666666667,
0.95,0.958333333333333,0.966666666666667,0.975,0.983333333333333,0.991666666666667,
1.),.UNSPECIFIED.)
GEOMETRIC_REPRESENTATION_ITEM()
RATIONAL_B_SPLINE_SURFACE(((1.,0.866025403784439,1.,0.866025403784439,1.,
0.866025403784439,1.,0.866025403784439,1.,0.866025403784439,1.,0.866025403784439,
1.,0.866025403784439,1.,0.866025403784439,1.,0.866025403784439,1.,0.866025403784439,
1.,0.866025403784439,1.,0.866025403784439,1.,0.866025403784439,1.,0.866025403784439,
1.,0.866025403784439,1.,0.866025403784439,1.,0.866025403784439,1.,0.866025403784439,
1.,0.866025403784439,1.,0.866025403784439,1.,0.866025403784439,1.,0.866025403784439,
1.,0.866025403784439,1.,0.866025403784439,1.,0.866025403784439,1.,0.866025403784439,
1.,0.866025403784439,1.,0.866025403784439,1.,0.866025403784439,1.,0.866025403784439,
1.,0.866025403784439,1.,0.866025403784439,1.,0.866025403784439,1.,0.866025403784439,
1.,0.866025403784439,1.,0.866025403784439,1.,0.866025403784439,1.,0.866025403784439,
1.,0.866025403784439,1.,0.866025403784439,1.,0.866025403784439,1.,0.866025403784439,
1.,0.866025403784439,1.,0.866025403784439,1.,0.866025403784439,1.,0.866025403784439,
1.,0.866025403784439,1.,0.866025403784439,1.,0.866025403784439,1.,0.866025403784439,
1.,0.866025403784439,1.,0.866025403784439,1.,0.866025403784439,1.,0.866025403784439,
1.,0.866025403784439,1.,0.866025403784439,1.,0.866025403784439,1.,0.866025403784439,
1.,0.866025403784439,1.,0.866025403784439,1.,0.866025403784439,1.,0.866025403784439,
1.,0.866025403784439,1.,0.866025403784439,1.,0.866025403784439,1.,0.866025403784439,
1.,0.866025403784439,1.,0.866025403784439,1.,0.866025403784439,1.,0.866025403784439,
1.,0.866025403784439,1.,0.866025403784439,1.,0.866025403784439,1.,0.866025403784439,
1.,0.866025403784439,1.,0.866025403784439,1.,0.866025403784439,1.,0.866025403784439,
1.,0.866025403784439,1.,0.866025403784439,1.,0.866025403784439,1.,0.866025403784439,
1.,0.866025403784439,1.,0.866025403784439,1.,0.866025403784439,1.,0.866025403784439,
1.,0.866025403784439,1.,0.866025403784439,1.,0.866025403784439,1.,0.866025403784439,
1.,0.866025403784439,1.,0.866025403784439,1.,0.866025403784439,1.,0.866025403784439,
1.,0.866025403784439,1.,0.866025403784439,1.,0.866025403784439,1.,0.866025403784439,
1.,0.866025403784439,1.,0.866025403784439,1.,0.866025403784439,1.,0.866025403784439,
1.,0.866025403784439,1.,0.866025403784439,1.,0.866025403784439,1.,0.866025403784439,
1.,0.866025403784439,1.,0.866025403784439,1.,0.866025403784439,1.,0.866025403784439,
1.,0.866025403784439,1.,0.866025403784439,1.,0.866025403784439,1.,0.866025403784439,
1.,0.866025403784439,1.,0.866025403784439,1.,0.866025403784439,1.,0.866025403784439,
1.,0.866025403784439,1.,0.866025403784439,1.),(1.,0.866025403784439,1.,
0.866025403784439,1.,0.866025403784439,1.,0.866025403784439,1.,0.866025403784439,
1.,0.866025403784439,1.,0.866025403784439,1.,0.866025403784439,1.,0.866025403784439,
1.,0.866025403784439,1.,0.866025403784439,1.,0.866025403784439,1.,0.866025403784439,
1.,0.866025403784439,1.,0.866025403784439,1.,0.866025403784439,1.,0.866025403784439,
1.,0.866025403784439,1.,0.866025403784439,1.,0.866025403784439,1.,0.866025403784439,
1.,0.866025403784439,1.,0.866025403784439,1.,0.866025403784439,1.,0.866025403784439,
1.,0.866025403784439,1.,0.866025403784439,1.,0.866025403784439,1.,0.866025403784439,
1.,0.866025403784439,1.,0.866025403784439,1.,0.866025403784439,1.,0.866025403784439,
1.,0.866025403784439,1.,0.866025403784439,1.,0.866025403784439,1.,0.866025403784439,
1.,0.866025403784439,1.,0.866025403784439,1.,0.866025403784439,1.,0.866025403784439,
1.,0.866025403784439,1.,0.866025403784439,1.,0.866025403784439,1.,0.866025403784439,
1.,0.866025403784439,1.,0.866025403784439,1.,0.866025403784439,1.,0.866025403784439,
1.,0.866025403784439,1.,0.866025403784439,1.,0.866025403784439,1.,0.866025403784439,
1.,0.866025403784439,1.,0.866025403784439,1.,0.866025403784439,1.,0.866025403784439,
1.,0.866025403784439,1.,0.866025403784439,1.,0.866025403784439,1.,0.866025403784439,
1.,0.866025403784439,1.,0.866025403784439,1.,0.866025403784439,1.,0.866025403784439,
1.,0.866025403784439,1.,0.866025403784439,1.,0.866025403784439,1.,0.866025403784439,
1.,0.866025403784439,1.,0.866025403784439,1.,0.866025403784439,1.,0.866025403784439,
1.,0.866025403784439,1.,0.866025403784439,1.,0.866025403784439,1.,0.866025403784439,
1.,0.866025403784439,1.,0.866025403784439,1.,0.866025403784439,1.,0.866025403784439,
1.,0.866025403784439,1.,0.866025403784439,1.,0.866025403784439,1.,0.866025403784439,
1.,0.866025403784439,1.,0.866025403784439,1.,0.866025403784439,1.,0.866025403784439,
1.,0.866025403784439,1.,0.866025403784439,1.,0.866025403784439,1.,0.866025403784439,
1.,0.866025403784439,1.,0.866025403784439,1.,0.866025403784439,1.,0.866025403784439,
1.,0.866025403784439,1.,0.866025403784439,1.,0.866025403784439,1.,0.866025403784439,
1.,0.866025403784439,1.,0.866025403784439,1.,0.866025403784439,1.,0.866025403784439,
1.,0.866025403784439,1.,0.866025403784439,1.,0.866025403784439,1.,0.866025403784439,
1.,0.866025403784439,1.,0.866025403784439,1.,0.866025403784439,1.,0.866025403784439,
1.,0.866025403784439,1.,0.866025403784439,1.,0.866025403784439,1.,0.866025403784439,
1.,0.866025403784439,1.,0.866025403784439,1.,0.866025403784439,1.)))
REPRESENTATION_ITEM('')
SURFACE()
);
#41=TOROIDAL_SURFACE('',#1157,3.3,0.2);
#42=TOROIDAL_SURFACE('',#1161,3.3,0.2);
#43=CONICAL_SURFACE('',#1154,2.01,0.785398163397453);
#44=B_SPLINE_CURVE_WITH_KNOTS('',3,(#1915,#1916,#1917,#1918,#1919,#1920,
#1921,#1922,#1923,#1924,#1925,#1926,#1927,#1928,#1929,#1930,#1931,#1932,
#1933,#1934,#1935,#1936,#1937,#1938,#1939,#1940,#1941,#1942,#1943,#1944,
#1945,#1946,#1947,#1948),.UNSPECIFIED.,.F.,.F.,(4,2,2,2,2,2,2,2,2,2,2,2,
2,2,2,2,4),(-1.197073459573,-1.14623634905141,-1.07002678970479,-0.990285470490317,
-0.912686291366453,-0.835260607252304,-0.755564525225163,-0.678867289837674,
-0.598705435405846,-0.520073180895757,-0.443978243287067,-0.364284092005065,
-0.28651638732034,-0.209531032635492,-0.129641607094566,-0.0637459103426588,
-1.00000011604706E-6),.UNSPECIFIED.);
#45=B_SPLINE_CURVE_WITH_KNOTS('',3,(#1951,#1952,#1953,#1954,#1955,#1956,
#1957,#1958,#1959,#1960,#1961,#1962,#1963,#1964,#1965,#1966,#1967,#1968,
#1969,#1970,#1971,#1972,#1973,#1974,#1975,#1976,#1977,#1978,#1979,#1980,
#1981,#1982),.UNSPECIFIED.,.F.,.F.,(4,2,2,2,2,2,2,2,2,2,2,2,2,2,2,4),(-20.4546888854317,
-20.4136939755085,-20.3738290825809,-20.2974839158746,-20.218365610794,
-20.1387946678072,-20.0616654741974,-19.9815059789666,-19.9043052450655,
-19.8262760570158,-19.7463309573493,-19.6699985771163,-19.5911024328836,
-19.5107468586228,-19.4337952412564,-19.4137527651227),.UNSPECIFIED.);
#46=B_SPLINE_CURVE_WITH_KNOTS('',3,(#1987,#1988,#1989,#1990,#1991,#1992,
#1993,#1994,#1995,#1996,#1997,#1998,#1999,#2000,#2001,#2002,#2003,#2004,
#2005,#2006,#2007,#2008,#2009,#2010,#2011,#2012,#2013,#2014,#2015,#2016,
#2017,#2018,#2019,#2020,#2021,#2022),.UNSPECIFIED.,.F.,.F.,(4,2,2,2,2,2,
2,2,2,2,2,2,2,2,2,2,2,4),(-2.4611388975049,-2.39921262498991,-2.32258162916326,
-2.24235858157655,-2.16518526890422,-2.08658689937671,-2.00738415051753,
-1.93107899875447,-1.85131246963068,-1.7729633133445,-1.69651554314041,
-1.61598865476385,-1.53853990607025,-1.46047146765114,-1.38095691576346,
-1.30442108491823,-1.22470472311655,-1.197073459573),.UNSPECIFIED.);
#47=B_SPLINE_CURVE_WITH_KNOTS('',3,(#2023,#2024,#2025,#2026,#2027,#2028,
#2029,#2030,#2031,#2032,#2033,#2034,#2035,#2036,#2037,#2038,#2039,#2040,
#2041,#2042,#2043,#2044,#2045,#2046,#2047,#2048,#2049,#2050,#2051,#2052,
#2053,#2054,#2055,#2056,#2057,#2058),.UNSPECIFIED.,.F.,.F.,(4,2,2,2,2,2,
2,2,2,2,2,2,2,2,2,2,2,4),(-19.4137527651227,-19.3538338588128,-19.2761978209517,
-19.1983417975282,-19.118352154748,-19.0419127442352,-18.9631851434229,
-18.8832195094855,-18.8064320848629,-18.7266553005638,-18.6483858687634,
-18.5706835534653,-18.489891700525,-18.413223075463,-18.3346173314369,-18.2546070540413,
-18.1780566123911,-18.1458581183254),.UNSPECIFIED.);
#48=B_SPLINE_CURVE_WITH_KNOTS('',3,(#2063,#2064,#2065,#2066,#2067,#2068,
#2069,#2070,#2071,#2072,#2073,#2074,#2075,#2076,#2077,#2078,#2079,#2080,
#2081,#2082,#2083,#2084,#2085,#2086,#2087,#2088,#2089,#2090,#2091,#2092,
#2093,#2094,#2095,#2096,#2097,#2098),.UNSPECIFIED.,.F.,.F.,(4,2,2,2,2,2,
2,2,2,2,2,2,2,2,2,2,2,4),(-3.72441045795549,-3.65151172013452,-3.57414343391978,
-3.49438174402184,-3.41762364618684,-3.33758282254304,-3.25888029250099,
-3.1827624750054,-3.10303948859468,-3.02520100645352,-2.94825624705993,
-2.86829041075123,-2.79134920715359,-2.71208161421455,-2.63315179155897,
-2.55700637447224,-2.4772831947841,-2.4611388975049),.UNSPECIFIED.);
#49=B_SPLINE_CURVE_WITH_KNOTS('',3,(#2099,#2100,#2101,#2102,#2103,#2104,
#2105,#2106,#2107,#2108,#2109,#2110,#2111,#2112,#2113,#2114,#2115,#2116,
#2117,#2118,#2119,#2120,#2121,#2122,#2123,#2124,#2125,#2126,#2127,#2128,
#2129,#2130,#2131,#2132,#2133,#2134),.UNSPECIFIED.,.F.,.F.,(4,2,2,2,2,2,
2,2,2,2,2,2,2,2,2,2,2,4),(-18.1458581183254,-18.0985951848182,-18.0198054219501,
-17.942382326325,-17.861898387105,-17.7850560345563,-17.7067328607514,-17.6267693704392,
-17.5503888448655,-17.4712042226192,-17.3917524000966,-17.3145654737905,
-17.2343431527728,-17.1571951990179,-17.0791084362641,-16.9991481836702,
-16.9228048244168,-16.878741486438),.UNSPECIFIED.);
#50=B_SPLINE_CURVE_WITH_KNOTS('',3,(#2139,#2140,#2141,#2142,#2143,#2144,
#2145,#2146,#2147,#2148,#2149,#2150,#2151,#2152,#2153,#2154,#2155,#2156,
#2157,#2158,#2159,#2160,#2161,#2162,#2163,#2164,#2165,#2166,#2167,#2168,
#2169,#2170,#2171,#2172,#2173,#2174,#2175,#2176),.UNSPECIFIED.,.F.,.F.,
(4,2,2,2,2,2,2,2,2,2,2,2,2,2,2,2,2,2,4),(-4.98860529193876,-4.98155578196227,
-4.90433704398743,-4.82585421246262,-4.74659888937407,-4.67025222891961,
-4.59047601820836,-4.51207303277598,-4.43564791886602,-4.35506249547606,
-4.27756073966497,-4.19957869125214,-4.12000486052917,-4.04341408542666,
-3.96367339270987,-3.88514551043859,-3.80893382048913,-3.72917096583706,
-3.72441045795549),.UNSPECIFIED.);
#51=B_SPLINE_CURVE_WITH_KNOTS('',3,(#2177,#2178,#2179,#2180,#2181,#2182,
#2183,#2184,#2185,#2186,#2187,#2188,#2189,#2190,#2191,#2192,#2193,#2194,
#2195,#2196,#2197,#2198,#2199,#2200,#2201,#2202,#2203,#2204,#2205,#2206,
#2207,#2208,#2209,#2210,#2211,#2212),.UNSPECIFIED.,.F.,.F.,(4,2,2,2,2,2,
2,2,2,2,2,2,2,2,2,2,2,4),(-16.878741486438,-16.8438517630946,-16.7636305656631,
-16.6866310696754,-16.6066175984343,-16.5290517315571,-16.4511488072991,
-16.371151417569,-16.2947221634416,-16.2159483459901,-16.1359720131982,
-16.0591425225503,-15.9793198039166,-15.9011497895254,-15.823407446415,
-15.7425705026338,-15.6659368044851,-15.6109160508472),.UNSPECIFIED.);
#52=B_SPLINE_CURVE_WITH_KNOTS('',3,(#2217,#2218,#2219,#2220,#2221,#2222,
#2223,#2224,#2225,#2226,#2227,#2228,#2229,#2230,#2231,#2232,#2233,#2234,
#2235,#2236,#2237,#2238,#2239,#2240,#2241,#2242,#2243,#2244,#2245,#2246,
#2247,#2248,#2249,#2250,#2251,#2252),.UNSPECIFIED.,.F.,.F.,(4,2,2,2,2,2,
2,2,2,2,2,2,2,2,2,2,2,4),(-6.25182968520933,-6.23348269180295,-6.15669749382994,
-6.07681280641892,-5.99807471967284,-5.92196504279329,-5.84224887520206,
-5.76437392508936,-5.68750151845132,-5.60749456387321,-5.53051656241874,
-5.45138862274913,-5.37241405668263,-5.29625215191333,-5.21652788567527,
-5.13841154826618,-5.06182926742476,-4.98860529193876),.UNSPECIFIED.);
#53=B_SPLINE_CURVE_WITH_KNOTS('',3,(#2253,#2254,#2255,#2256,#2257,#2258,
#2259,#2260,#2261,#2262,#2263,#2264,#2265,#2266,#2267,#2268,#2269,#2270,
#2271,#2272,#2273,#2274,#2275,#2276,#2277,#2278,#2279,#2280,#2281,#2282,
#2283,#2284,#2285,#2286,#2287,#2288),.UNSPECIFIED.,.F.,.F.,(4,2,2,2,2,2,
2,2,2,2,2,2,2,2,2,2,2,4),(-15.6109160508472,-15.5872903385503,-15.5072841651963,
-15.4307038475484,-15.3512031437289,-15.2725426430472,-15.1950870710138,
-15.1145660938977,-15.0377851617491,-14.9594292854939,-14.8794786478404,
-14.8030934549277,-14.7238773381806,-14.6445797905713,-14.5673689962025,
-14.487118930148,-14.4100565074703,-14.3438086931684),.UNSPECIFIED.);
#54=B_SPLINE_CURVE_WITH_KNOTS('',3,(#2293,#2294,#2295,#2296,#2297,#2298,
#2299,#2300,#2301,#2302,#2303,#2304,#2305,#2306,#2307,#2308,#2309,#2310,
#2311,#2312,#2313,#2314,#2315,#2316,#2317,#2318,#2319,#2320,#2321,#2322,
#2323,#2324,#2325,#2326,#2327,#2328),.UNSPECIFIED.,.F.,.F.,(4,2,2,2,2,2,
2,2,2,2,2,2,2,2,2,2,2,4),(-7.51580358052021,-7.48555487349322,-7.40919685285027,
-7.32944684523722,-7.25102404265186,-7.1746535538168,-7.09404447180259,
-7.01652338838652,-6.93866182270157,-6.85906332917361,-6.78245102215436,
-6.70272145117289,-6.62416847085095,-6.5479865174952,-6.46823787830208,
-6.39055261004636,-6.31327499146699,-6.25182968520933),.UNSPECIFIED.);
#55=B_SPLINE_CURVE_WITH_KNOTS('',3,(#2329,#2330,#2331,#2332,#2333,#2334,
#2335,#2336,#2337,#2338,#2339,#2340,#2341,#2342,#2343,#2344,#2345,#2346,
#2347,#2348,#2349,#2350,#2351,#2352,#2353,#2354,#2355,#2356,#2357,#2358,
#2359,#2360,#2361,#2362,#2363,#2364),.UNSPECIFIED.,.F.,.F.,(4,2,2,2,2,2,
2,2,2,2,2,2,2,2,2,2,2,4),(-14.3438086931684,-14.3319463198047,-14.2520069671238,
-14.175683992085,-14.0967085903796,-14.0166591225173,-13.9396454650342,
-13.8596147656489,-13.7821536654314,-13.7042377798844,-13.6242688160787,
-13.5478821222486,-13.4690964330078,-13.3891453111184,-13.3123071799177,
-13.2324731251546,-13.1544383881558,-13.0767383923854),.UNSPECIFIED.);
#56=B_SPLINE_CURVE_WITH_KNOTS('',3,(#2369,#2370,#2371,#2372,#2373,#2374,
#2375,#2376,#2377,#2378,#2379,#2380,#2381,#2382,#2383,#2384,#2385,#2386,
#2387,#2388,#2389,#2390,#2391,#2392,#2393,#2394,#2395,#2396,#2397,#2398,
#2399,#2400,#2401,#2402,#2403,#2404),.UNSPECIFIED.,.F.,.F.,(4,2,2,2,2,2,
2,2,2,2,2,2,2,2,2,2,2,4),(-8.7785556776938,-8.736459307617,-8.66038959761243,
-8.58071696275168,-8.50283943173053,-8.42607396943558,-8.34606063133622,
-8.26907942473345,-8.19012951796021,-8.11114461607741,-8.03499689742718,
-7.95530785980111,-7.87717967783159,-7.80067926213956,-7.72039012092074,
-7.6431595784905,-7.56482825618627,-7.51580358052021),.UNSPECIFIED.);
#57=B_SPLINE_CURVE_WITH_KNOTS('',3,(#2405,#2406,#2407,#2408,#2409,#2410,
#2411,#2412,#2413,#2414,#2415,#2416,#2417,#2418,#2419,#2420,#2421,#2422,
#2423,#2424,#2425,#2426,#2427,#2428,#2429,#2430,#2431,#2432,#2433,#2434,
#2435,#2436,#2437,#2438,#2439,#2440,#2441,#2442),.UNSPECIFIED.,.F.,.F.,
(4,2,2,2,2,2,2,2,2,2,2,2,2,2,2,2,2,2,4),(-13.0767383923854,-13.0766897381221,
-12.9958425741047,-12.9192766686075,-12.8406235318231,-12.7606579999751,
-12.6840779729311,-12.6045725781095,-12.526079496106,-12.4486252089599,
-12.3681020737082,-12.2914169582054,-12.2130624445545,-12.133161763308,
-12.0568028992032,-11.9775898665493,-11.8984875533207,-11.8212867353724,
-11.8100694780585),.UNSPECIFIED.);
#58=B_SPLINE_CURVE_WITH_KNOTS('',3,(#2447,#2448,#2449,#2450,#2451,#2452,
#2453,#2454,#2455,#2456,#2457,#2458,#2459,#2460,#2461,#2462,#2463,#2464,
#2465,#2466,#2467,#2468,#2469,#2470,#2471,#2472,#2473,#2474,#2475,#2476,
#2477,#2478,#2479,#2480,#2481,#2482),.UNSPECIFIED.,.F.,.F.,(4,2,2,2,2,2,
2,2,2,2,2,2,2,2,2,2,2,4),(-10.0415625340666,-9.98858527116235,-9.91230839600219,
-9.8325477421815,-9.75501447114972,-9.67739048306374,-9.597770969584,-9.52114261595915,
-9.44064018964084,-9.36209650252749,-9.28597768594729,-9.20628033944282,
-9.12860300579125,-9.05145296206985,-8.97166483271388,-8.89488617263754,
-8.81519860736193,-8.7785556776938),.UNSPECIFIED.);
#59=B_SPLINE_CURVE_WITH_KNOTS('',3,(#2483,#2484,#2485,#2486,#2487,#2488,
#2489,#2490,#2491,#2492,#2493,#2494,#2495,#2496,#2497,#2498,#2499,#2500,
#2501,#2502,#2503,#2504,#2505,#2506,#2507,#2508,#2509,#2510,#2511,#2512,
#2513,#2514,#2515,#2516,#2517,#2518),.UNSPECIFIED.,.F.,.F.,(4,2,2,2,2,2,
2,2,2,2,2,2,2,2,2,2,2,4),(-11.8100694780585,-11.7410438750367,-11.6641033413527,
-11.586003875349,-11.5061230515996,-11.4298529458437,-11.3508898332909,
-11.2710559938064,-11.1940621891564,-11.1140493916398,-11.0367318913907,
-10.9588373941414,-10.8789349653353,-10.8026252275758,-10.7238624746533,
-10.6473755882335,-10.5674579555105,-10.544132213622),.UNSPECIFIED.);
#60=B_SPLINE_CURVE_WITH_KNOTS('',3,(#2523,#2524,#2525,#2526,#2527,#2528,
#2529,#2530,#2531,#2532,#2533,#2534,#2535,#2536,#2537,#2538,#2539,#2540,
#2541,#2542,#2543,#2544,#2545,#2546,#2547,#2548,#2549,#2550,#2551,#2552,
#2553,#2554,#2555,#2556,#2557,#2558),.UNSPECIFIED.,.F.,.F.,(4,2,2,2,2,2,
2,2,2,2,2,2,2,2,2,2,2,4),(-11.3033561077508,-11.2402499501096,-11.1632381299035,
-11.0856301707586,-11.0060295468758,-10.9300100852743,-10.8515372952631,
-10.771950237936,-10.6923396331292,-10.6142380779274,-10.5378609434092,
-10.4575954364224,-10.3803912098619,-10.3022589979835,-10.2230064371773,
-10.1466711669558,-10.0669896666715,-10.0415625340666),.UNSPECIFIED.);
#61=B_SPLINE_CURVE_WITH_KNOTS('',3,(#2559,#2560,#2561,#2562,#2563,#2564,
#2565,#2566,#2567,#2568,#2569,#2570,#2571,#2572,#2573,#2574,#2575,#2576,
#2577,#2578,#2579,#2580,#2581,#2582,#2583,#2584,#2585,#2586,#2587,#2588,
#2589,#2590,#2591,#2592,#2593,#2594),.UNSPECIFIED.,.F.,.F.,(4,2,2,2,2,2,
2,2,2,2,2,2,2,2,2,2,2,4),(-10.544132213622,-10.4889096253324,-10.4123533495648,
-10.3316180762864,-10.2539726799085,-10.1758658487253,-10.0961438545186,
-10.0194107759953,-9.93952662178133,-9.86085240360645,-9.78450642893582,
-9.70460049638121,-9.62679636434309,-9.54930023874683,-9.46938918988942,
-9.3924876852642,-9.3123233661063,-9.27775068714697),.UNSPECIFIED.);
#62=B_SPLINE_CURVE_WITH_KNOTS('',3,(#2599,#2600,#2601,#2602,#2603,#2604,
#2605,#2606,#2607,#2608,#2609,#2610,#2611,#2612,#2613,#2614,#2615,#2616,
#2617,#2618,#2619,#2620,#2621,#2622,#2623,#2624,#2625,#2626,#2627,#2628,
#2629,#2630,#2631,#2632,#2633,#2634),.UNSPECIFIED.,.F.,.F.,(4,2,2,2,2,2,
2,2,2,2,2,2,2,2,2,2,2,4),(-12.5645503568127,-12.4895937919813,-12.4132035056081,
-12.3351337501072,-12.255531942241,-12.1794545791292,-12.1005297300278,
-12.0217484854908,-11.9448297285627,-11.8648794819735,-11.7882393380637,
-11.7104253132698,-11.6308448049762,-11.554860541263,-11.4761862843151,
-11.3966799155865,-11.3199691242589,-11.3033561077508),.UNSPECIFIED.);
#63=B_SPLINE_CURVE_WITH_KNOTS('',3,(#2635,#2636,#2637,#2638,#2639,#2640,
#2641,#2642,#2643,#2644,#2645,#2646,#2647,#2648,#2649,#2650,#2651,#2652,
#2653,#2654,#2655,#2656,#2657,#2658,#2659,#2660,#2661,#2662,#2663,#2664,
#2665,#2666,#2667,#2668,#2669,#2670),.UNSPECIFIED.,.F.,.F.,(4,2,2,2,2,2,
2,2,2,2,2,2,2,2,2,2,2,4),(-9.27775068714697,-9.23347269314191,-9.15721776054204,
-9.07735072950264,-8.99936554891534,-8.92229122647431,-8.84217416387156,
-8.76508783983808,-8.68569592934225,-8.60661623755604,-8.530330200222,-8.45046186651569,
-8.37224284894866,-8.29547955107202,-8.2151034792347,-8.13778339328224,
-8.05905859585503,-8.01213947411546),.UNSPECIFIED.);
#64=B_SPLINE_CURVE_WITH_KNOTS('',3,(#2675,#2676,#2677,#2678,#2679,#2680,
#2681,#2682,#2683,#2684,#2685,#2686,#2687,#2688,#2689,#2690,#2691,#2692,
#2693,#2694,#2695,#2696,#2697,#2698,#2699,#2700,#2701,#2702,#2703,#2704,
#2705,#2706,#2707,#2708,#2709,#2710,#2711,#2712),.UNSPECIFIED.,.F.,.F.,
(4,2,2,2,2,2,2,2,2,2,2,2,2,2,2,2,2,2,4),(-13.8271599498777,-13.8208012192902,
-13.7411276163421,-13.6650254385096,-13.5865238349469,-13.5068674388896,
-13.4303068623338,-13.3507607698429,-13.2730325588183,-13.1955651553841,
-13.1150098042131,-13.038733385744,-12.9603647119435,-12.8806966425825,
-12.8043944079342,-12.7251769248629,-12.6469977080507,-12.5698249059595,
-12.5645503568127),.UNSPECIFIED.);
#65=B_SPLINE_CURVE_WITH_KNOTS('',3,(#2713,#2714,#2715,#2716,#2717,#2718,
#2719,#2720,#2721,#2722,#2723,#2724,#2725,#2726,#2727,#2728,#2729,#2730,
#2731,#2732,#2733,#2734,#2735,#2736,#2737,#2738,#2739,#2740,#2741,#2742,
#2743,#2744,#2745,#2746,#2747,#2748),.UNSPECIFIED.,.F.,.F.,(4,2,2,2,2,2,
2,2,2,2,2,2,2,2,2,2,2,4),(-8.01213947411546,-7.97970436107765,-7.903254754929,
-7.82334178829669,-7.74484252544853,-7.66825912322207,-7.58757750113238,
-7.50998039639554,-7.43178242000816,-7.35211485715495,-7.27543204444072,
-7.1955672639611,-7.11694769871509,-7.0405993424861,-6.96070988787069,-6.8829609987081,
-6.80540277647462,-6.74581729371569),.UNSPECIFIED.);
#66=B_SPLINE_CURVE_WITH_KNOTS('',3,(#2753,#2754,#2755,#2756,#2757,#2758,
#2759,#2760,#2761,#2762,#2763,#2764,#2765,#2766,#2767,#2768,#2769,#2770,
#2771,#2772,#2773,#2774,#2775,#2776,#2777,#2778,#2779,#2780,#2781,#2782,
#2783,#2784,#2785,#2786,#2787,#2788),.UNSPECIFIED.,.F.,.F.,(4,2,2,2,2,2,
2,2,2,2,2,2,2,2,2,2,2,4),(-15.0892509671048,-15.0713679396993,-14.9917099074584,
-14.915601029422,-14.8366672503369,-14.7576839073695,-14.6807494553083,
-14.6007860984217,-14.5240179557835,-14.4461874409402,-14.3665420435355,
-14.2904994783882,-14.2118070810885,-14.1320777027192,-14.0553413141052,
-13.975598306696,-13.8984363658044,-13.8271599498777),.UNSPECIFIED.);
#67=B_SPLINE_CURVE_WITH_KNOTS('',3,(#2789,#2790,#2791,#2792,#2793,#2794,
#2795,#2796,#2797,#2798,#2799,#2800,#2801,#2802,#2803,#2804,#2805,#2806,
#2807,#2808,#2809,#2810,#2811,#2812,#2813,#2814,#2815,#2816,#2817,#2818,
#2819,#2820,#2821,#2822,#2823,#2824),.UNSPECIFIED.,.F.,.F.,(4,2,2,2,2,2,
2,2,2,2,2,2,2,2,2,2,2,4),(-6.74581729371569,-6.72555237580278,-6.64870694963814,
-6.56841665316551,-6.48963133504411,-6.41339488821203,-6.33355164633075,
-6.2556323799229,-6.17851295453287,-6.09846729913324,-6.02144698098196,
-5.94194387460541,-5.86293903377682,-5.78669578203869,-5.70685904471707,
-5.62871553024024,-5.5519300828785,-5.48070913058332),.UNSPECIFIED.);
#68=B_SPLINE_CURVE_WITH_KNOTS('',3,(#2829,#2830,#2831,#2832,#2833,#2834,
#2835,#2836,#2837,#2838,#2839,#2840,#2841,#2842,#2843,#2844,#2845,#2846,
#2847,#2848,#2849,#2850,#2851,#2852,#2853,#2854,#2855,#2856,#2857,#2858,
#2859,#2860,#2861,#2862,#2863,#2864),.UNSPECIFIED.,.F.,.F.,(4,2,2,2,2,2,
2,2,2,2,2,2,2,2,2,2,2,4),(-16.3525504241797,-16.3233361021679,-16.2436484284527,
-16.1670908390094,-16.0875502307821,-16.0096807454667,-15.9322139475178,
-15.8516629206126,-15.7753132039336,-15.6969454435458,-15.6172305636829,
-15.5409229783292,-15.4617043373758,-15.3833513199415,-15.3061715261087,
-15.2259366748263,-15.1494448154929,-15.0892509671048),.UNSPECIFIED.);
#69=B_SPLINE_CURVE_WITH_KNOTS('',3,(#2865,#2866,#2867,#2868,#2869,#2870,
#2871,#2872,#2873,#2874,#2875,#2876,#2877,#2878,#2879,#2880,#2881,#2882,
#2883,#2884,#2885,#2886,#2887,#2888,#2889,#2890,#2891,#2892,#2893,#2894,
#2895,#2896,#2897,#2898,#2899,#2900,#2901,#2902),.UNSPECIFIED.,.F.,.F.,
(4,2,2,2,2,2,2,2,2,2,2,2,2,2,2,2,2,2,4),(-5.48070913058332,-5.47163503900441,
-5.39438985397666,-5.31557660373641,-5.23630536677691,-5.15992375688227,
-5.08005087419035,-5.00163548097148,-4.92505566493076,-4.84446347864028,
-4.76694912451357,-4.68869102359234,-4.60911344636615,-4.53251515461171,
-4.4527051381899,-4.37417554784349,-4.2978560164109,-4.21801860812085,-4.21512719910538),
 .UNSPECIFIED.);
#70=B_SPLINE_CURVE_WITH_KNOTS('',3,(#2907,#2908,#2909,#2910,#2911,#2912,
#2913,#2914,#2915,#2916,#2917,#2918,#2919,#2920,#2921,#2922,#2923,#2924,
#2925,#2926,#2927,#2928,#2929,#2930,#2931,#2932,#2933,#2934,#2935,#2936,
#2937,#2938,#2939,#2940,#2941,#2942),.UNSPECIFIED.,.F.,.F.,(4,2,2,2,2,2,
2,2,2,2,2,2,2,2,2,2,2,4),(-17.6151097637808,-17.5740471122671,-17.4949036386459,
-17.4179873327719,-17.3380457928702,-17.2611866644354,-17.1833738048429,
-17.1037014315753,-17.0276332195862,-16.9489573206212,-16.8690499874886,
-16.7923220673143,-16.7125903918425,-16.6353178896972,-16.5576899623,-16.4779818251527,
-16.4018316447375,-16.3525504241797),.UNSPECIFIED.);
#71=B_SPLINE_CURVE_WITH_KNOTS('',3,(#2943,#2944,#2945,#2946,#2947,#2948,
#2949,#2950,#2951,#2952,#2953,#2954,#2955,#2956,#2957,#2958,#2959,#2960,
#2961,#2962,#2963,#2964,#2965,#2966,#2967,#2968,#2969,#2970,#2971,#2972,
#2973,#2974,#2975,#2976,#2977,#2978),.UNSPECIFIED.,.F.,.F.,(4,2,2,2,2,2,
2,2,2,2,2,2,2,2,2,2,2,4),(-4.21512719910538,-4.14035992218468,-4.06277052515616,
-3.9830168252833,-3.90626219069405,-3.82587685917995,-3.74719281251672,
-3.6710057469551,-3.59122198307312,-3.51340416553974,-3.43626962005711,
-3.35633203357512,-3.27941299642881,-3.19982800467498,-3.12093457318124,
-3.04476523911935,-2.96499590832585,-2.95094729801772),.UNSPECIFIED.);
#72=B_SPLINE_CURVE_WITH_KNOTS('',3,(#2983,#2984,#2985,#2986,#2987,#2988,
#2989,#2990,#2991,#2992,#2993,#2994,#2995,#2996,#2997,#2998,#2999,#3000,
#3001,#3002,#3003,#3004,#3005,#3006,#3007,#3008,#3009,#3010,#3011,#3012,
#3013,#3014,#3015,#3016,#3017,#3018),.UNSPECIFIED.,.F.,.F.,(4,2,2,2,2,2,
2,2,2,2,2,2,2,2,2,2,2,4),(-18.8783974122222,-18.8250295633141,-18.7470553155935,
-18.6696227483569,-18.5891107954388,-18.5127209205374,-18.4343880265934,
-18.3546630419195,-18.2783801625317,-18.1991948636348,-18.1207070367876,
-18.0435539604629,-17.9633501762369,-17.8867915667895,-17.8087415829729,
-17.7290646583759,-17.6529552839044,-17.6151097637808),.UNSPECIFIED.);
#73=B_SPLINE_CURVE_WITH_KNOTS('',3,(#3019,#3020,#3021,#3022,#3023,#3024,
#3025,#3026,#3027,#3028,#3029,#3030,#3031,#3032,#3033,#3034,#3035,#3036,
#3037,#3038,#3039,#3040,#3041,#3042,#3043,#3044,#3045,#3046,#3047,#3048,
#3049,#3050,#3051,#3052,#3053,#3054),.UNSPECIFIED.,.F.,.F.,(4,2,2,2,2,2,
2,2,2,2,2,2,2,2,2,2,2,4),(-2.95094729801772,-2.88696405925103,-2.8101860434718,
-2.73000933402813,-2.65287491017697,-2.57400146265273,-2.49485041763654,
-2.41856881425012,-2.33877195185737,-2.26047720826856,-2.18393083684557,
-2.10346601843508,-2.02607083405915,-1.9477806122182,-1.86833077153427,
-1.79185330352311,-1.71213443214068,-1.6864638575843),.UNSPECIFIED.);
#74=B_SPLINE_CURVE_WITH_KNOTS('',3,(#3059,#3060,#3061,#3062,#3063,#3064,
#3065,#3066,#3067,#3068,#3069,#3070,#3071,#3072,#3073,#3074,#3075,#3076,
#3077,#3078,#3079,#3080,#3081,#3082,#3083,#3084,#3085,#3086,#3087,#3088,
#3089,#3090,#3091,#3092,#3093,#3094),.UNSPECIFIED.,.F.,.F.,(4,2,2,2,2,2,
2,2,2,2,2,2,2,2,2,2,2,4),(-20.141025444222,-20.0754447771264,-19.9985276510874,
-19.9207663339914,-19.841103013497,-19.7650404737028,-19.6864153927824,
-19.6063682330814,-19.5296822882103,-19.4499966302686,-19.3726486512833,
-19.2950617517896,-19.21535534981,-19.1391897169298,-19.0607344555196,-18.9810514966727,
-18.9045302134222,-18.8783974122222),.UNSPECIFIED.);
#75=B_SPLINE_CURVE_WITH_KNOTS('',3,(#3095,#3096,#3097,#3098,#3099,#3100,
#3101,#3102,#3103,#3104,#3105,#3106,#3107,#3108,#3109,#3110,#3111,#3112,
#3113,#3114,#3115,#3116,#3117,#3118,#3119,#3120,#3121,#3122,#3123,#3124,
#3125,#3126,#3127,#3128,#3129,#3130),.UNSPECIFIED.,.F.,.F.,(4,2,2,2,2,2,
2,2,2,2,2,2,2,2,2,2,2,4),(-1.6864638575843,-1.63373236945401,-1.55747285862964,
-1.477724016747,-1.40019274851055,-1.32260102017628,-1.24298254082964,-1.16635571218352,
-1.08590196627553,-1.0073577703104,-0.93125156064705,-0.851564189077788,
-0.773886038521238,-0.696764666425008,-0.616974717903304,-0.540194946549874,
-0.460553285549397,-0.423618860188623),.UNSPECIFIED.);
#76=B_SPLINE_CURVE_WITH_KNOTS('',3,(#3134,#3135,#3136,#3137,#3138,#3139,
#3140,#3141,#3142,#3143),.UNSPECIFIED.,.F.,.F.,(4,2,2,2,4),(-0.776234248614422,
-0.741267424437918,-0.69792799194042,-0.625819483761755,-0.60721862380471),
 .UNSPECIFIED.);
#77=B_SPLINE_CURVE_WITH_KNOTS('',3,(#3147,#3148,#3149,#3150,#3151,#3152,
#3153,#3154,#3155,#3156,#3157,#3158,#3159,#3160,#3161,#3162,#3163,#3164,
#3165,#3166,#3167,#3168,#3169,#3170,#3171,#3172),.UNSPECIFIED.,.F.,.F.,
(4,2,2,2,2,2,2,2,2,2,2,2,4),(-0.60721862380471,-0.556246579486832,-0.495156943296739,
-0.441226396230865,-0.390478046958618,-0.345856125080153,-0.309275142233807,
-0.270905325695191,-0.225769103360512,-0.159968355063335,-0.0931223241160319,
-0.045317290268374,0.),.UNSPECIFIED.);
#78=B_SPLINE_CURVE_WITH_KNOTS('',3,(#3174,#3175,#3176,#3177,#3178,#3179,
#3180,#3181,#3182,#3183),.UNSPECIFIED.,.F.,.F.,(4,2,2,2,4),(-0.210744570778227,
-0.164164833552767,-0.110318477163917,-0.0606504774002559,0.),
 .UNSPECIFIED.);
#79=B_SPLINE_CURVE_WITH_KNOTS('',3,(#3200,#3201,#3202,#3203,#3204,#3205,
#3206,#3207,#3208,#3209,#3210,#3211,#3212,#3213),.UNSPECIFIED.,.F.,.F.,
(4,2,2,2,2,2,4),(-0.423618860188623,-0.381811003446759,-0.305748223920079,
-0.226083814764271,-0.148203071903344,-0.0754938520450101,-1.00000012576151E-6),
 .UNSPECIFIED.);
#80=B_SPLINE_CURVE_WITH_KNOTS('',3,(#3214,#3215,#3216,#3217,#3218,#3219,
#3220,#3221,#3222,#3223,#3224,#3225),.UNSPECIFIED.,.F.,.F.,(4,2,2,2,2,4),
(-20.404868086971,-20.3582603995971,-20.3114620374457,-20.2321942683976,
-20.1553297096706,-20.141025444222),.UNSPECIFIED.);
#81=B_SPLINE_CURVE_WITH_KNOTS('',3,(#3709,#3710,#3711,#3712,#3713,#3714,
#3715,#3716,#3717,#3718,#3719,#3720,#3721,#3722),.UNSPECIFIED.,.F.,.F.,
(4,2,2,2,2,2,4),(0.,0.0518985323019593,0.125465007652653,0.256833424767905,
0.390866909979337,0.511717646659641,0.653476388934896),.UNSPECIFIED.);
#82=B_SPLINE_CURVE_WITH_KNOTS('',3,(#4228,#4229,#4230,#4231,#4232,#4233,
#4234,#4235,#4236,#4237,#4238,#4239,#4240,#4241),.UNSPECIFIED.,.F.,.F.,
(4,2,2,2,2,2,4),(0.,0.0564650282815989,0.110641079827246,0.177851308933028,
0.240486297054595,0.297720296315825,0.362790674069665),.UNSPECIFIED.);
#83=FACE_OUTER_BOUND('',#146,.T.);
#84=FACE_OUTER_BOUND('',#147,.T.);
#85=FACE_OUTER_BOUND('',#148,.T.);
#86=FACE_OUTER_BOUND('',#149,.T.);
#87=FACE_OUTER_BOUND('',#150,.T.);
#88=FACE_OUTER_BOUND('',#151,.T.);
#89=FACE_OUTER_BOUND('',#152,.T.);
#90=FACE_OUTER_BOUND('',#153,.T.);
#91=FACE_OUTER_BOUND('',#154,.T.);
#92=FACE_OUTER_BOUND('',#155,.T.);
#93=FACE_OUTER_BOUND('',#156,.T.);
#94=FACE_OUTER_BOUND('',#157,.T.);
#95=FACE_OUTER_BOUND('',#158,.T.);
#96=FACE_OUTER_BOUND('',#159,.T.);
#97=FACE_OUTER_BOUND('',#160,.T.);
#98=FACE_OUTER_BOUND('',#161,.T.);
#99=FACE_OUTER_BOUND('',#162,.T.);
#100=FACE_OUTER_BOUND('',#163,.T.);
#101=FACE_OUTER_BOUND('',#164,.T.);
#102=FACE_OUTER_BOUND('',#165,.T.);
#103=FACE_OUTER_BOUND('',#166,.T.);
#104=FACE_OUTER_BOUND('',#167,.T.);
#105=FACE_OUTER_BOUND('',#168,.T.);
#106=FACE_OUTER_BOUND('',#169,.T.);
#107=FACE_OUTER_BOUND('',#170,.T.);
#108=FACE_OUTER_BOUND('',#171,.T.);
#109=FACE_OUTER_BOUND('',#172,.T.);
#110=FACE_OUTER_BOUND('',#173,.T.);
#111=FACE_OUTER_BOUND('',#174,.T.);
#112=FACE_OUTER_BOUND('',#175,.T.);
#113=FACE_OUTER_BOUND('',#176,.T.);
#114=FACE_OUTER_BOUND('',#177,.T.);
#115=FACE_OUTER_BOUND('',#178,.T.);
#116=FACE_OUTER_BOUND('',#179,.T.);
#117=FACE_OUTER_BOUND('',#180,.T.);
#118=FACE_OUTER_BOUND('',#181,.T.);
#119=FACE_OUTER_BOUND('',#182,.T.);
#120=FACE_OUTER_BOUND('',#183,.T.);
#121=FACE_OUTER_BOUND('',#184,.T.);
#122=FACE_OUTER_BOUND('',#185,.T.);
#123=FACE_OUTER_BOUND('',#186,.T.);
#124=FACE_OUTER_BOUND('',#187,.T.);
#125=FACE_OUTER_BOUND('',#189,.T.);
#126=FACE_OUTER_BOUND('',#191,.T.);
#127=FACE_OUTER_BOUND('',#192,.T.);
#128=FACE_OUTER_BOUND('',#193,.T.);
#129=FACE_OUTER_BOUND('',#194,.T.);
#130=FACE_OUTER_BOUND('',#195,.T.);
#131=FACE_OUTER_BOUND('',#196,.T.);
#132=FACE_OUTER_BOUND('',#197,.T.);
#133=FACE_OUTER_BOUND('',#198,.T.);
#134=FACE_OUTER_BOUND('',#199,.T.);
#135=FACE_OUTER_BOUND('',#200,.T.);
#136=FACE_OUTER_BOUND('',#201,.T.);
#137=FACE_OUTER_BOUND('',#202,.T.);
#138=FACE_OUTER_BOUND('',#203,.T.);
#139=FACE_OUTER_BOUND('',#204,.T.);
#140=FACE_OUTER_BOUND('',#205,.T.);
#141=FACE_OUTER_BOUND('',#206,.T.);
#142=FACE_OUTER_BOUND('',#207,.T.);
#143=FACE_OUTER_BOUND('',#208,.T.);
#144=FACE_OUTER_BOUND('',#209,.T.);
#145=FACE_OUTER_BOUND('',#210,.T.);
#146=EDGE_LOOP('',(#679,#680,#681));
#147=EDGE_LOOP('',(#682,#683,#684,#685,#686));
#148=EDGE_LOOP('',(#687,#688,#689,#690));
#149=EDGE_LOOP('',(#691,#692,#693,#694));
#150=EDGE_LOOP('',(#695,#696,#697,#698));
#151=EDGE_LOOP('',(#699,#700,#701,#702));
#152=EDGE_LOOP('',(#703,#704,#705,#706));
#153=EDGE_LOOP('',(#707,#708,#709,#710));
#154=EDGE_LOOP('',(#711,#712,#713,#714));
#155=EDGE_LOOP('',(#715,#716,#717,#718));
#156=EDGE_LOOP('',(#719,#720,#721,#722));
#157=EDGE_LOOP('',(#723,#724,#725,#726));
#158=EDGE_LOOP('',(#727,#728,#729,#730));
#159=EDGE_LOOP('',(#731,#732,#733,#734));
#160=EDGE_LOOP('',(#735,#736,#737,#738));
#161=EDGE_LOOP('',(#739,#740,#741,#742));
#162=EDGE_LOOP('',(#743,#744,#745,#746));
#163=EDGE_LOOP('',(#747,#748,#749,#750));
#164=EDGE_LOOP('',(#751,#752,#753,#754));
#165=EDGE_LOOP('',(#755,#756,#757,#758));
#166=EDGE_LOOP('',(#759,#760,#761,#762));
#167=EDGE_LOOP('',(#763,#764,#765,#766));
#168=EDGE_LOOP('',(#767,#768,#769,#770));
#169=EDGE_LOOP('',(#771,#772,#773,#774));
#170=EDGE_LOOP('',(#775,#776,#777,#778));
#171=EDGE_LOOP('',(#779,#780,#781,#782));
#172=EDGE_LOOP('',(#783,#784,#785,#786));
#173=EDGE_LOOP('',(#787,#788,#789,#790));
#174=EDGE_LOOP('',(#791,#792,#793,#794));
#175=EDGE_LOOP('',(#795,#796,#797,#798));
#176=EDGE_LOOP('',(#799,#800,#801,#802));
#177=EDGE_LOOP('',(#803,#804,#805,#806));
#178=EDGE_LOOP('',(#807,#808,#809,#810));
#179=EDGE_LOOP('',(#811,#812,#813,#814,#815,#816,#817,#818,#819));
#180=EDGE_LOOP('',(#820,#821,#822,#823));
#181=EDGE_LOOP('',(#824,#825,#826,#827));
#182=EDGE_LOOP('',(#828,#829,#830,#831));
#183=EDGE_LOOP('',(#832,#833,#834,#835));
#184=EDGE_LOOP('',(#836,#837,#838,#839,#840,#841,#842,#843,#844,#845,#846,
#847,#848,#849,#850,#851,#852,#853,#854,#855,#856,#857,#858,#859,#860,#861,
#862,#863,#864,#865,#866,#867,#868,#869,#870,#871,#872));
#185=EDGE_LOOP('',(#873,#874,#875,#876));
#186=EDGE_LOOP('',(#877,#878,#879,#880,#881,#882,#883,#884,#885,#886,#887,
#888,#889,#890,#891,#892,#893,#894,#895,#896,#897,#898,#899,#900,#901,#902,
#903,#904,#905,#906,#907,#908,#909,#910,#911,#912,#913));
#187=EDGE_LOOP('',(#914));
#188=EDGE_LOOP('',(#915,#916,#917,#918));
#189=EDGE_LOOP('',(#919));
#190=EDGE_LOOP('',(#920,#921,#922,#923,#924,#925));
#191=EDGE_LOOP('',(#926));
#192=EDGE_LOOP('',(#927,#928,#929,#930));
#193=EDGE_LOOP('',(#931,#932,#933,#934));
#194=EDGE_LOOP('',(#935,#936,#937,#938));
#195=EDGE_LOOP('',(#939,#940,#941,#942));
#196=EDGE_LOOP('',(#943,#944,#945,#946));
#197=EDGE_LOOP('',(#947,#948,#949,#950));
#198=EDGE_LOOP('',(#951,#952,#953,#954));
#199=EDGE_LOOP('',(#955,#956,#957,#958));
#200=EDGE_LOOP('',(#959,#960,#961,#962));
#201=EDGE_LOOP('',(#963,#964,#965,#966));
#202=EDGE_LOOP('',(#967,#968,#969,#970));
#203=EDGE_LOOP('',(#971,#972,#973,#974));
#204=EDGE_LOOP('',(#975,#976,#977,#978));
#205=EDGE_LOOP('',(#979,#980,#981,#982));
#206=EDGE_LOOP('',(#983,#984,#985,#986));
#207=EDGE_LOOP('',(#987,#988,#989,#990));
#208=EDGE_LOOP('',(#991,#992,#993,#994));
#209=EDGE_LOOP('',(#995,#996,#997,#998));
#210=EDGE_LOOP('',(#999,#1000,#1001,#1002,#1003,#1004));
#211=CIRCLE('',#1119,1.6211138875);
#212=CIRCLE('',#1121,1.6211138875);
#213=CIRCLE('',#1138,2.);
#214=CIRCLE('',#1155,1.30999999999999);
#215=CIRCLE('',#1156,2.);
#216=CIRCLE('',#1158,3.5);
#217=CIRCLE('',#1159,0.2);
#218=CIRCLE('',#1160,3.3);
#219=CIRCLE('',#1162,3.3);
#220=CIRCLE('',#1163,0.2);
#221=CIRCLE('',#1164,3.5);
#222=CIRCLE('',#1168,1.6211138875);
#223=(
BOUNDED_CURVE()
B_SPLINE_CURVE(2,(#1422,#1423,#1424,#1425,#1426),.UNSPECIFIED.,.F.,.F.)
B_SPLINE_CURVE_WITH_KNOTS((3,2,3),(0.0654230486265435,0.0666666666666667,
0.075),.UNSPECIFIED.)
CURVE()
GEOMETRIC_REPRESENTATION_ITEM()
RATIONAL_B_SPLINE_CURVE((0.965980278561769,0.980006413027373,1.,0.866025403784439,
1.))
REPRESENTATION_ITEM('')
);
#224=(
BOUNDED_CURVE()
B_SPLINE_CURVE(2,(#1432,#1433,#1434,#1435,#1436,#1437,#1438,#1439,#1440,
#1441,#1442,#1443,#1444),.UNSPECIFIED.,.F.,.F.)
B_SPLINE_CURVE_WITH_KNOTS((3,2,2,2,2,2,3),(0.075,0.0833333333333333,0.0916666666666667,
0.1,0.108333333333333,0.116666666666667,0.125),.UNSPECIFIED.)
CURVE()
GEOMETRIC_REPRESENTATION_ITEM()
RATIONAL_B_SPLINE_CURVE((1.,0.866025403784439,1.,0.866025403784439,1.,0.866025403784439,
1.,0.866025403784439,1.,0.866025403784439,1.,0.866025403784439,1.))
REPRESENTATION_ITEM('')
);
#225=(
BOUNDED_CURVE()
B_SPLINE_CURVE(2,(#1447,#1448,#1449,#1450,#1451,#1452,#1453,#1454,#1455,
#1456,#1457,#1458,#1459),.UNSPECIFIED.,.F.,.F.)
B_SPLINE_CURVE_WITH_KNOTS((3,2,2,2,2,2,3),(0.0780973703709825,0.0833333333333333,
0.0916666666666667,0.1,0.108333333333333,0.116666666666667,0.125),
 .UNSPECIFIED.)
CURVE()
GEOMETRIC_REPRESENTATION_ITEM()
RATIONAL_B_SPLINE_CURVE((0.93742445366829,0.91582167715833,1.,0.866025403784439,
1.,0.866025403784439,1.,0.866025403784439,1.,0.866025403784439,1.,0.866025403784439,
1.))
REPRESENTATION_ITEM('')
);
#226=(
BOUNDED_CURVE()
B_SPLINE_CURVE(2,(#1464,#1465,#1466,#1467,#1468,#1469,#1470,#1471,#1472,
#1473,#1474,#1475,#1476),.UNSPECIFIED.,.F.,.F.)
B_SPLINE_CURVE_WITH_KNOTS((3,2,2,2,2,2,3),(0.125,0.133333333333333,0.141666666666667,
0.15,0.158333333333333,0.166666666666667,0.175),.UNSPECIFIED.)
CURVE()
GEOMETRIC_REPRESENTATION_ITEM()
RATIONAL_B_SPLINE_CURVE((1.,0.866025403784439,1.,0.866025403784439,1.,0.866025403784439,
1.,0.866025403784439,1.,0.866025403784439,1.,0.866025403784439,1.))
REPRESENTATION_ITEM('')
);
#227=(
BOUNDED_CURVE()
B_SPLINE_CURVE(2,(#1477,#1478,#1479,#1480,#1481,#1482,#1483,#1484,#1485,
#1486,#1487,#1488,#1489),.UNSPECIFIED.,.F.,.F.)
B_SPLINE_CURVE_WITH_KNOTS((3,2,2,2,2,2,3),(0.125,0.133333333333333,0.141666666666667,
0.15,0.158333333333333,0.166666666666667,0.175),.UNSPECIFIED.)
CURVE()
GEOMETRIC_REPRESENTATION_ITEM()
RATIONAL_B_SPLINE_CURVE((1.,0.866025403784439,1.,0.866025403784439,1.,0.866025403784439,
1.,0.866025403784439,1.,0.866025403784439,1.,0.866025403784439,1.))
REPRESENTATION_ITEM('')
);
#228=(
BOUNDED_CURVE()
B_SPLINE_CURVE(2,(#1494,#1495,#1496,#1497,#1498,#1499,#1500,#1501,#1502,
#1503,#1504,#1505,#1506),.UNSPECIFIED.,.F.,.F.)
B_SPLINE_CURVE_WITH_KNOTS((3,2,2,2,2,2,3),(0.175,0.183333333333333,0.191666666666667,
0.2,0.208333333333333,0.216666666666667,0.225),.UNSPECIFIED.)
CURVE()
GEOMETRIC_REPRESENTATION_ITEM()
RATIONAL_B_SPLINE_CURVE((1.,0.866025403784439,1.,0.866025403784439,1.,0.866025403784439,
1.,0.866025403784439,1.,0.866025403784439,1.,0.866025403784439,1.))
REPRESENTATION_ITEM('')
);
#229=(
BOUNDED_CURVE()
B_SPLINE_CURVE(2,(#1507,#1508,#1509,#1510,#1511,#1512,#1513,#1514,#1515,
#1516,#1517,#1518,#1519),.UNSPECIFIED.,.F.,.F.)
B_SPLINE_CURVE_WITH_KNOTS((3,2,2,2,2,2,3),(0.175,0.183333333333333,0.191666666666667,
0.2,0.208333333333333,0.216666666666667,0.225),.UNSPECIFIED.)
CURVE()
GEOMETRIC_REPRESENTATION_ITEM()
RATIONAL_B_SPLINE_CURVE((1.,0.866025403784439,1.,0.866025403784439,1.,0.866025403784439,
1.,0.866025403784439,1.,0.866025403784439,1.,0.866025403784439,1.))
REPRESENTATION_ITEM('')
);
#230=(
BOUNDED_CURVE()
B_SPLINE_CURVE(2,(#1524,#1525,#1526,#1527,#1528,#1529,#1530,#1531,#1532,
#1533,#1534,#1535,#1536),.UNSPECIFIED.,.F.,.F.)
B_SPLINE_CURVE_WITH_KNOTS((3,2,2,2,2,2,3),(0.225,0.233333333333333,0.241666666666667,
0.25,0.258333333333333,0.266666666666667,0.275),.UNSPECIFIED.)
CURVE()
GEOMETRIC_REPRESENTATION_ITEM()
RATIONAL_B_SPLINE_CURVE((1.,0.866025403784439,1.,0.866025403784439,1.,0.866025403784439,
1.,0.866025403784439,1.,0.866025403784439,1.,0.866025403784439,1.))
REPRESENTATION_ITEM('')
);
#231=(
BOUNDED_CURVE()
B_SPLINE_CURVE(2,(#1537,#1538,#1539,#1540,#1541,#1542,#1543,#1544,#1545,
#1546,#1547,#1548,#1549),.UNSPECIFIED.,.F.,.F.)
B_SPLINE_CURVE_WITH_KNOTS((3,2,2,2,2,2,3),(0.225,0.233333333333333,0.241666666666667,
0.25,0.258333333333333,0.266666666666667,0.275),.UNSPECIFIED.)
CURVE()
GEOMETRIC_REPRESENTATION_ITEM()
RATIONAL_B_SPLINE_CURVE((1.,0.866025403784439,1.,0.866025403784439,1.,0.866025403784439,
1.,0.866025403784439,1.,0.866025403784439,1.,0.866025403784439,1.))
REPRESENTATION_ITEM('')
);
#232=(
BOUNDED_CURVE()
B_SPLINE_CURVE(2,(#1554,#1555,#1556,#1557,#1558,#1559,#1560,#1561,#1562,
#1563,#1564,#1565,#1566),.UNSPECIFIED.,.F.,.F.)
B_SPLINE_CURVE_WITH_KNOTS((3,2,2,2,2,2,3),(0.275,0.283333333333333,0.291666666666667,
0.3,0.308333333333333,0.316666666666667,0.325),.UNSPECIFIED.)
CURVE()
GEOMETRIC_REPRESENTATION_ITEM()
RATIONAL_B_SPLINE_CURVE((1.,0.866025403784439,1.,0.866025403784439,1.,0.866025403784439,
1.,0.866025403784439,1.,0.866025403784439,1.,0.866025403784439,1.))
REPRESENTATION_ITEM('')
);
#233=(
BOUNDED_CURVE()
B_SPLINE_CURVE(2,(#1567,#1568,#1569,#1570,#1571,#1572,#1573,#1574,#1575,
#1576,#1577,#1578,#1579),.UNSPECIFIED.,.F.,.F.)
B_SPLINE_CURVE_WITH_KNOTS((3,2,2,2,2,2,3),(0.275,0.283333333333333,0.291666666666667,
0.3,0.308333333333333,0.316666666666667,0.325),.UNSPECIFIED.)
CURVE()
GEOMETRIC_REPRESENTATION_ITEM()
RATIONAL_B_SPLINE_CURVE((1.,0.866025403784439,1.,0.866025403784439,1.,0.866025403784439,
1.,0.866025403784439,1.,0.866025403784439,1.,0.866025403784439,1.))
REPRESENTATION_ITEM('')
);
#234=(
BOUNDED_CURVE()
B_SPLINE_CURVE(2,(#1584,#1585,#1586,#1587,#1588,#1589,#1590,#1591,#1592,
#1593,#1594,#1595,#1596),.UNSPECIFIED.,.F.,.F.)
B_SPLINE_CURVE_WITH_KNOTS((3,2,2,2,2,2,3),(0.325,0.333333333333333,0.341666666666667,
0.35,0.358333333333333,0.366666666666667,0.375),.UNSPECIFIED.)
CURVE()
GEOMETRIC_REPRESENTATION_ITEM()
RATIONAL_B_SPLINE_CURVE((1.,0.866025403784439,1.,0.866025403784439,1.,0.866025403784439,
1.,0.866025403784439,1.,0.866025403784439,1.,0.866025403784439,1.))
REPRESENTATION_ITEM('')
);
#235=(
BOUNDED_CURVE()
B_SPLINE_CURVE(2,(#1597,#1598,#1599,#1600,#1601,#1602,#1603,#1604,#1605,
#1606,#1607,#1608,#1609),.UNSPECIFIED.,.F.,.F.)
B_SPLINE_CURVE_WITH_KNOTS((3,2,2,2,2,2,3),(0.325,0.333333333333333,0.341666666666667,
0.35,0.358333333333333,0.366666666666667,0.375),.UNSPECIFIED.)
CURVE()
GEOMETRIC_REPRESENTATION_ITEM()
RATIONAL_B_SPLINE_CURVE((1.,0.866025403784439,1.,0.866025403784439,1.,0.866025403784439,
1.,0.866025403784439,1.,0.866025403784439,1.,0.866025403784439,1.))
REPRESENTATION_ITEM('')
);
#236=(
BOUNDED_CURVE()
B_SPLINE_CURVE(2,(#1614,#1615,#1616,#1617,#1618,#1619,#1620,#1621,#1622,
#1623,#1624,#1625,#1626),.UNSPECIFIED.,.F.,.F.)
B_SPLINE_CURVE_WITH_KNOTS((3,2,2,2,2,2,3),(0.375,0.383333333333333,0.391666666666667,
0.4,0.408333333333333,0.416666666666667,0.425),.UNSPECIFIED.)
CURVE()
GEOMETRIC_REPRESENTATION_ITEM()
RATIONAL_B_SPLINE_CURVE((1.,0.866025403784439,1.,0.866025403784439,1.,0.866025403784439,
1.,0.866025403784439,1.,0.866025403784439,1.,0.866025403784439,1.))
REPRESENTATION_ITEM('')
);
#237=(
BOUNDED_CURVE()
B_SPLINE_CURVE(2,(#1627,#1628,#1629,#1630,#1631,#1632,#1633,#1634,#1635,
#1636,#1637,#1638,#1639),.UNSPECIFIED.,.F.,.F.)
B_SPLINE_CURVE_WITH_KNOTS((3,2,2,2,2,2,3),(0.375,0.383333333333333,0.391666666666667,
0.4,0.408333333333333,0.416666666666667,0.425),.UNSPECIFIED.)
CURVE()
GEOMETRIC_REPRESENTATION_ITEM()
RATIONAL_B_SPLINE_CURVE((1.,0.866025403784439,1.,0.866025403784439,1.,0.866025403784439,
1.,0.866025403784439,1.,0.866025403784439,1.,0.866025403784439,1.))
REPRESENTATION_ITEM('')
);
#238=(
BOUNDED_CURVE()
B_SPLINE_CURVE(2,(#1644,#1645,#1646,#1647,#1648,#1649,#1650,#1651,#1652,
#1653,#1654,#1655,#1656),.UNSPECIFIED.,.F.,.F.)
B_SPLINE_CURVE_WITH_KNOTS((3,2,2,2,2,2,3),(0.425,0.433333333333333,0.441666666666667,
0.45,0.458333333333333,0.466666666666667,0.475),.UNSPECIFIED.)
CURVE()
GEOMETRIC_REPRESENTATION_ITEM()
RATIONAL_B_SPLINE_CURVE((1.,0.866025403784439,1.,0.866025403784439,1.,0.866025403784439,
1.,0.866025403784439,1.,0.866025403784439,1.,0.866025403784439,1.))
REPRESENTATION_ITEM('')
);
#239=(
BOUNDED_CURVE()
B_SPLINE_CURVE(2,(#1657,#1658,#1659,#1660,#1661,#1662,#1663,#1664,#1665,
#1666,#1667,#1668,#1669),.UNSPECIFIED.,.F.,.F.)
B_SPLINE_CURVE_WITH_KNOTS((3,2,2,2,2,2,3),(0.425,0.433333333333333,0.441666666666667,
0.45,0.458333333333333,0.466666666666667,0.475),.UNSPECIFIED.)
CURVE()
GEOMETRIC_REPRESENTATION_ITEM()
RATIONAL_B_SPLINE_CURVE((1.,0.866025403784439,1.,0.866025403784439,1.,0.866025403784439,
1.,0.866025403784439,1.,0.866025403784439,1.,0.866025403784439,1.))
REPRESENTATION_ITEM('')
);
#240=(
BOUNDED_CURVE()
B_SPLINE_CURVE(2,(#1674,#1675,#1676,#1677,#1678,#1679,#1680,#1681,#1682,
#1683,#1684,#1685,#1686),.UNSPECIFIED.,.F.,.F.)
B_SPLINE_CURVE_WITH_KNOTS((3,2,2,2,2,2,3),(0.475,0.483333333333333,0.491666666666667,
0.5,0.508333333333333,0.516666666666667,0.525),.UNSPECIFIED.)
CURVE()
GEOMETRIC_REPRESENTATION_ITEM()
RATIONAL_B_SPLINE_CURVE((1.,0.866025403784439,1.,0.866025403784439,1.,0.866025403784439,
1.,0.866025403784439,1.,0.866025403784439,1.,0.866025403784439,1.))
REPRESENTATION_ITEM('')
);
#241=(
BOUNDED_CURVE()
B_SPLINE_CURVE(2,(#1687,#1688,#1689,#1690,#1691,#1692,#1693,#1694,#1695,
#1696,#1697,#1698,#1699),.UNSPECIFIED.,.F.,.F.)
B_SPLINE_CURVE_WITH_KNOTS((3,2,2,2,2,2,3),(0.475,0.483333333333333,0.491666666666667,
0.5,0.508333333333333,0.516666666666667,0.525),.UNSPECIFIED.)
CURVE()
GEOMETRIC_REPRESENTATION_ITEM()
RATIONAL_B_SPLINE_CURVE((1.,0.866025403784439,1.,0.866025403784439,1.,0.866025403784439,
1.,0.866025403784439,1.,0.866025403784439,1.,0.866025403784439,1.))
REPRESENTATION_ITEM('')
);
#242=(
BOUNDED_CURVE()
B_SPLINE_CURVE(2,(#1704,#1705,#1706,#1707,#1708,#1709,#1710,#1711,#1712,
#1713,#1714,#1715,#1716),.UNSPECIFIED.,.F.,.F.)
B_SPLINE_CURVE_WITH_KNOTS((3,2,2,2,2,2,3),(0.525,0.533333333333333,0.541666666666667,
0.55,0.558333333333333,0.566666666666667,0.575),.UNSPECIFIED.)
CURVE()
GEOMETRIC_REPRESENTATION_ITEM()
RATIONAL_B_SPLINE_CURVE((1.,0.866025403784439,1.,0.866025403784439,1.,0.866025403784439,
1.,0.866025403784439,1.,0.866025403784439,1.,0.866025403784439,1.))
REPRESENTATION_ITEM('')
);
#243=(
BOUNDED_CURVE()
B_SPLINE_CURVE(2,(#1717,#1718,#1719,#1720,#1721,#1722,#1723,#1724,#1725,
#1726,#1727,#1728,#1729),.UNSPECIFIED.,.F.,.F.)
B_SPLINE_CURVE_WITH_KNOTS((3,2,2,2,2,2,3),(0.525,0.533333333333333,0.541666666666667,
0.55,0.558333333333333,0.566666666666667,0.575),.UNSPECIFIED.)
CURVE()
GEOMETRIC_REPRESENTATION_ITEM()
RATIONAL_B_SPLINE_CURVE((1.,0.866025403784439,1.,0.866025403784439,1.,0.866025403784439,
1.,0.866025403784439,1.,0.866025403784439,1.,0.866025403784439,1.))
REPRESENTATION_ITEM('')
);
#244=(
BOUNDED_CURVE()
B_SPLINE_CURVE(2,(#1734,#1735,#1736,#1737,#1738,#1739,#1740,#1741,#1742,
#1743,#1744,#1745,#1746),.UNSPECIFIED.,.F.,.F.)
B_SPLINE_CURVE_WITH_KNOTS((3,2,2,2,2,2,3),(0.575,0.583333333333333,0.591666666666667,
0.6,0.608333333333333,0.616666666666667,0.625),.UNSPECIFIED.)
CURVE()
GEOMETRIC_REPRESENTATION_ITEM()
RATIONAL_B_SPLINE_CURVE((1.,0.866025403784439,1.,0.866025403784439,1.,0.866025403784439,
1.,0.866025403784439,1.,0.866025403784439,1.,0.866025403784439,1.))
REPRESENTATION_ITEM('')
);
#245=(
BOUNDED_CURVE()
B_SPLINE_CURVE(2,(#1747,#1748,#1749,#1750,#1751,#1752,#1753,#1754,#1755,
#1756,#1757,#1758,#1759),.UNSPECIFIED.,.F.,.F.)
B_SPLINE_CURVE_WITH_KNOTS((3,2,2,2,2,2,3),(0.575,0.583333333333333,0.591666666666667,
0.6,0.608333333333333,0.616666666666667,0.625),.UNSPECIFIED.)
CURVE()
GEOMETRIC_REPRESENTATION_ITEM()
RATIONAL_B_SPLINE_CURVE((1.,0.866025403784439,1.,0.866025403784439,1.,0.866025403784439,
1.,0.866025403784439,1.,0.866025403784439,1.,0.866025403784439,1.))
REPRESENTATION_ITEM('')
);
#246=(
BOUNDED_CURVE()
B_SPLINE_CURVE(2,(#1764,#1765,#1766,#1767,#1768,#1769,#1770,#1771,#1772,
#1773,#1774,#1775,#1776),.UNSPECIFIED.,.F.,.F.)
B_SPLINE_CURVE_WITH_KNOTS((3,2,2,2,2,2,3),(0.625,0.633333333333333,0.641666666666667,
0.65,0.658333333333333,0.666666666666667,0.675),.UNSPECIFIED.)
CURVE()
GEOMETRIC_REPRESENTATION_ITEM()
RATIONAL_B_SPLINE_CURVE((1.,0.866025403784439,1.,0.866025403784439,1.,0.866025403784439,
1.,0.866025403784439,1.,0.866025403784439,1.,0.866025403784439,1.))
REPRESENTATION_ITEM('')
);
#247=(
BOUNDED_CURVE()
B_SPLINE_CURVE(2,(#1777,#1778,#1779,#1780,#1781,#1782,#1783,#1784,#1785,
#1786,#1787,#1788,#1789),.UNSPECIFIED.,.F.,.F.)
B_SPLINE_CURVE_WITH_KNOTS((3,2,2,2,2,2,3),(0.625,0.633333333333333,0.641666666666667,
0.65,0.658333333333333,0.666666666666667,0.675),.UNSPECIFIED.)
CURVE()
GEOMETRIC_REPRESENTATION_ITEM()
RATIONAL_B_SPLINE_CURVE((1.,0.866025403784439,1.,0.866025403784439,1.,0.866025403784439,
1.,0.866025403784439,1.,0.866025403784439,1.,0.866025403784439,1.))
REPRESENTATION_ITEM('')
);
#248=(
BOUNDED_CURVE()
B_SPLINE_CURVE(2,(#1794,#1795,#1796,#1797,#1798,#1799,#1800,#1801,#1802,
#1803,#1804,#1805,#1806),.UNSPECIFIED.,.F.,.F.)
B_SPLINE_CURVE_WITH_KNOTS((3,2,2,2,2,2,3),(0.675,0.683333333333333,0.691666666666667,
0.7,0.708333333333333,0.716666666666667,0.725),.UNSPECIFIED.)
CURVE()
GEOMETRIC_REPRESENTATION_ITEM()
RATIONAL_B_SPLINE_CURVE((1.,0.866025403784439,1.,0.866025403784439,1.,0.866025403784439,
1.,0.866025403784439,1.,0.866025403784439,1.,0.866025403784439,1.))
REPRESENTATION_ITEM('')
);
#249=(
BOUNDED_CURVE()
B_SPLINE_CURVE(2,(#1807,#1808,#1809,#1810,#1811,#1812,#1813,#1814,#1815,
#1816,#1817,#1818,#1819),.UNSPECIFIED.,.F.,.F.)
B_SPLINE_CURVE_WITH_KNOTS((3,2,2,2,2,2,3),(0.675,0.683333333333333,0.691666666666667,
0.7,0.708333333333333,0.716666666666667,0.725),.UNSPECIFIED.)
CURVE()
GEOMETRIC_REPRESENTATION_ITEM()
RATIONAL_B_SPLINE_CURVE((1.,0.866025403784439,1.,0.866025403784439,1.,0.866025403784439,
1.,0.866025403784439,1.,0.866025403784439,1.,0.866025403784439,1.))
REPRESENTATION_ITEM('')
);
#250=(
BOUNDED_CURVE()
B_SPLINE_CURVE(2,(#1824,#1825,#1826,#1827,#1828,#1829,#1830,#1831,#1832,
#1833,#1834,#1835,#1836),.UNSPECIFIED.,.F.,.F.)
B_SPLINE_CURVE_WITH_KNOTS((3,2,2,2,2,2,3),(0.725,0.733333333333333,0.741666666666667,
0.75,0.758333333333333,0.766666666666667,0.775),.UNSPECIFIED.)
CURVE()
GEOMETRIC_REPRESENTATION_ITEM()
RATIONAL_B_SPLINE_CURVE((1.,0.866025403784439,1.,0.866025403784439,1.,0.866025403784439,
1.,0.866025403784439,1.,0.866025403784439,1.,0.866025403784439,1.))
REPRESENTATION_ITEM('')
);
#251=(
BOUNDED_CURVE()
B_SPLINE_CURVE(2,(#1837,#1838,#1839,#1840,#1841,#1842,#1843,#1844,#1845,
#1846,#1847,#1848,#1849),.UNSPECIFIED.,.F.,.F.)
B_SPLINE_CURVE_WITH_KNOTS((3,2,2,2,2,2,3),(0.725,0.733333333333333,0.741666666666667,
0.75,0.758333333333333,0.766666666666667,0.775),.UNSPECIFIED.)
CURVE()
GEOMETRIC_REPRESENTATION_ITEM()
RATIONAL_B_SPLINE_CURVE((1.,0.866025403784439,1.,0.866025403784439,1.,0.866025403784439,
1.,0.866025403784439,1.,0.866025403784439,1.,0.866025403784439,1.))
REPRESENTATION_ITEM('')
);
#252=(
BOUNDED_CURVE()
B_SPLINE_CURVE(2,(#1854,#1855,#1856,#1857,#1858,#1859,#1860,#1861,#1862,
#1863,#1864,#1865,#1866),.UNSPECIFIED.,.F.,.F.)
B_SPLINE_CURVE_WITH_KNOTS((3,2,2,2,2,2,3),(0.775,0.783333333333333,0.791666666666667,
0.8,0.808333333333333,0.816666666666667,0.825),.UNSPECIFIED.)
CURVE()
GEOMETRIC_REPRESENTATION_ITEM()
RATIONAL_B_SPLINE_CURVE((1.,0.866025403784439,1.,0.866025403784439,1.,0.866025403784439,
1.,0.866025403784439,1.,0.866025403784439,1.,0.866025403784439,1.))
REPRESENTATION_ITEM('')
);
#253=(
BOUNDED_CURVE()
B_SPLINE_CURVE(2,(#1867,#1868,#1869,#1870,#1871,#1872,#1873,#1874,#1875,
#1876,#1877,#1878,#1879),.UNSPECIFIED.,.F.,.F.)
B_SPLINE_CURVE_WITH_KNOTS((3,2,2,2,2,2,3),(0.775,0.783333333333333,0.791666666666667,
0.8,0.808333333333333,0.816666666666667,0.825),.UNSPECIFIED.)
CURVE()
GEOMETRIC_REPRESENTATION_ITEM()
RATIONAL_B_SPLINE_CURVE((1.,0.866025403784439,1.,0.866025403784439,1.,0.866025403784439,
1.,0.866025403784439,1.,0.866025403784439,1.,0.866025403784439,1.))
REPRESENTATION_ITEM('')
);
#254=(
BOUNDED_CURVE()
B_SPLINE_CURVE(2,(#1884,#1885,#1886,#1887,#1888,#1889,#1890,#1891,#1892,
#1893,#1894,#1895,#1896),.UNSPECIFIED.,.F.,.F.)
B_SPLINE_CURVE_WITH_KNOTS((3,2,2,2,2,2,3),(0.825,0.833333333333333,0.841666666666667,
0.85,0.858333333333333,0.866666666666667,0.875),.UNSPECIFIED.)
CURVE()
GEOMETRIC_REPRESENTATION_ITEM()
RATIONAL_B_SPLINE_CURVE((1.,0.866025403784439,1.,0.866025403784439,1.,0.866025403784439,
1.,0.866025403784439,1.,0.866025403784439,1.,0.866025403784439,1.))
REPRESENTATION_ITEM('')
);
#255=(
BOUNDED_CURVE()
B_SPLINE_CURVE(2,(#1897,#1898,#1899,#1900,#1901,#1902,#1903,#1904,#1905,
#1906,#1907,#1908,#1909),.UNSPECIFIED.,.F.,.F.)
B_SPLINE_CURVE_WITH_KNOTS((3,2,2,2,2,2,3),(0.825,0.833333333333333,0.841666666666667,
0.85,0.858333333333333,0.866666666666667,0.875),.UNSPECIFIED.)
CURVE()
GEOMETRIC_REPRESENTATION_ITEM()
RATIONAL_B_SPLINE_CURVE((1.,0.866025403784439,1.,0.866025403784439,1.,0.866025403784439,
1.,0.866025403784439,1.,0.866025403784439,1.,0.866025403784439,1.))
REPRESENTATION_ITEM('')
);
#256=(
BOUNDED_CURVE()
B_SPLINE_CURVE(2,(#3723,#3724,#3725,#3726,#3727,#3728,#3729,#3730,#3731,
#3732,#3733),.UNSPECIFIED.,.F.,.F.)
B_SPLINE_CURVE_WITH_KNOTS((3,2,2,2,2,3),(0.875,0.883333333333333,0.891666666666667,
0.9,0.908333333333333,0.912916822866077),.UNSPECIFIED.)
CURVE()
GEOMETRIC_REPRESENTATION_ITEM()
RATIONAL_B_SPLINE_CURVE((1.,0.866025403784439,1.,0.866025403784439,1.,0.866025403784439,
1.,0.866025403784439,1.,0.926311460871089,0.933683077209507))
REPRESENTATION_ITEM('')
);
#257=(
BOUNDED_CURVE()
B_SPLINE_CURVE(2,(#3737,#3738,#3739,#3740,#3741,#3742,#3743,#3744,#3745),
 .UNSPECIFIED.,.F.,.F.)
B_SPLINE_CURVE_WITH_KNOTS((3,2,2,2,3),(0.875,0.883333333333333,0.891666666666667,
0.9,0.900502961767816),.UNSPECIFIED.)
CURVE()
GEOMETRIC_REPRESENTATION_ITEM()
RATIONAL_B_SPLINE_CURVE((1.,0.866025403784439,1.,0.866025403784439,1.,0.866025403784439,
1.,0.991913908029399,0.98480389488574))
REPRESENTATION_ITEM('')
);
#258=LINE('',#1420,#335);
#259=LINE('',#1431,#336);
#260=LINE('',#1463,#337);
#261=LINE('',#1493,#338);
#262=LINE('',#1523,#339);
#263=LINE('',#1553,#340);
#264=LINE('',#1583,#341);
#265=LINE('',#1613,#342);
#266=LINE('',#1643,#343);
#267=LINE('',#1673,#344);
#268=LINE('',#1703,#345);
#269=LINE('',#1733,#346);
#270=LINE('',#1763,#347);
#271=LINE('',#1793,#348);
#272=LINE('',#1823,#349);
#273=LINE('',#1853,#350);
#274=LINE('',#1883,#351);
#275=LINE('',#1913,#352);
#276=LINE('',#1986,#353);
#277=LINE('',#2062,#354);
#278=LINE('',#2138,#355);
#279=LINE('',#2216,#356);
#280=LINE('',#2292,#357);
#281=LINE('',#2368,#358);
#282=LINE('',#2446,#359);
#283=LINE('',#2522,#360);
#284=LINE('',#2598,#361);
#285=LINE('',#2674,#362);
#286=LINE('',#2752,#363);
#287=LINE('',#2828,#364);
#288=LINE('',#2906,#365);
#289=LINE('',#2982,#366);
#290=LINE('',#3058,#367);
#291=LINE('',#3145,#368);
#292=LINE('',#3198,#369);
#293=LINE('',#4246,#370);
#294=LINE('',#4248,#371);
#295=LINE('',#4250,#372);
#296=LINE('',#4252,#373);
#297=LINE('',#4254,#374);
#298=LINE('',#4255,#375);
#299=LINE('',#4260,#376);
#300=LINE('',#4262,#377);
#301=LINE('',#4264,#378);
#302=LINE('',#4265,#379);
#303=LINE('',#4269,#380);
#304=LINE('',#4270,#381);
#305=LINE('',#4271,#382);
#306=LINE('',#4275,#383);
#307=LINE('',#4276,#384);
#308=LINE('',#4277,#385);
#309=LINE('',#4281,#386);
#310=LINE('',#4282,#387);
#311=LINE('',#4283,#388);
#312=LINE('',#4287,#389);
#313=LINE('',#4288,#390);
#314=LINE('',#4289,#391);
#315=LINE('',#4291,#392);
#316=LINE('',#4292,#393);
#317=LINE('',#4294,#394);
#318=LINE('',#4295,#395);
#319=LINE('',#4297,#396);
#320=LINE('',#4299,#397);
#321=LINE('',#4301,#398);
#322=LINE('',#4303,#399);
#323=LINE('',#4307,#400);
#324=LINE('',#4309,#401);
#325=LINE('',#4310,#402);
#326=LINE('',#4313,#403);
#327=LINE('',#4314,#404);
#328=LINE('',#4317,#405);
#329=LINE('',#4318,#406);
#330=LINE('',#4321,#407);
#331=LINE('',#4322,#408);
#332=LINE('',#4325,#409);
#333=LINE('',#4326,#410);
#334=LINE('',#4328,#411);
#335=VECTOR('',#1195,1.6211138875);
#336=VECTOR('',#1200,1.6211138875);
#337=VECTOR('',#1205,1.6211138875);
#338=VECTOR('',#1208,1.6211138875);
#339=VECTOR('',#1211,1.6211138875);
#340=VECTOR('',#1214,1.6211138875);
#341=VECTOR('',#1217,1.6211138875);
#342=VECTOR('',#1220,1.6211138875);
#343=VECTOR('',#1223,1.6211138875);
#344=VECTOR('',#1226,1.6211138875);
#345=VECTOR('',#1229,1.6211138875);
#346=VECTOR('',#1232,1.6211138875);
#347=VECTOR('',#1235,1.6211138875);
#348=VECTOR('',#1238,1.6211138875);
#349=VECTOR('',#1241,1.6211138875);
#350=VECTOR('',#1244,1.6211138875);
#351=VECTOR('',#1247,1.6211138875);
#352=VECTOR('',#1250,2.);
#353=VECTOR('',#1255,2.);
#354=VECTOR('',#1258,2.);
#355=VECTOR('',#1261,2.);
#356=VECTOR('',#1264,2.);
#357=VECTOR('',#1267,2.);
#358=VECTOR('',#1270,2.);
#359=VECTOR('',#1273,2.);
#360=VECTOR('',#1276,2.);
#361=VECTOR('',#1279,2.);
#362=VECTOR('',#1282,2.);
#363=VECTOR('',#1285,2.);
#364=VECTOR('',#1288,2.);
#365=VECTOR('',#1291,2.);
#366=VECTOR('',#1294,2.);
#367=VECTOR('',#1297,2.);
#368=VECTOR('',#1300,2.01);
#369=VECTOR('',#1323,3.5);
#370=VECTOR('',#1334,1000.);
#371=VECTOR('',#1335,1000.);
#372=VECTOR('',#1336,1000.);
#373=VECTOR('',#1337,1000.);
#374=VECTOR('',#1338,1000.);
#375=VECTOR('',#1339,1000.);
#376=VECTOR('',#1344,1000.);
#377=VECTOR('',#1345,1000.);
#378=VECTOR('',#1346,1000.);
#379=VECTOR('',#1347,1000.);
#380=VECTOR('',#1350,1000.);
#381=VECTOR('',#1351,1000.);
#382=VECTOR('',#1352,1000.);
#383=VECTOR('',#1355,1000.);
#384=VECTOR('',#1356,1000.);
#385=VECTOR('',#1357,1000.);
#386=VECTOR('',#1360,1000.);
#387=VECTOR('',#1361,1000.);
#388=VECTOR('',#1362,1000.);
#389=VECTOR('',#1365,1000.);
#390=VECTOR('',#1366,1000.);
#391=VECTOR('',#1367,1000.);
#392=VECTOR('',#1370,1000.);
#393=VECTOR('',#1371,1000.);
#394=VECTOR('',#1374,1000.);
#395=VECTOR('',#1375,1000.);
#396=VECTOR('',#1378,1000.);
#397=VECTOR('',#1381,1000.);
#398=VECTOR('',#1384,1000.);
#399=VECTOR('',#1387,1000.);
#400=VECTOR('',#1392,1000.);
#401=VECTOR('',#1393,1000.);
#402=VECTOR('',#1394,1000.);
#403=VECTOR('',#1397,1000.);
#404=VECTOR('',#1398,1000.);
#405=VECTOR('',#1401,1000.);
#406=VECTOR('',#1402,1000.);
#407=VECTOR('',#1405,1000.);
#408=VECTOR('',#1406,1000.);
#409=VECTOR('',#1409,1000.);
#410=VECTOR('',#1410,1000.);
#411=VECTOR('',#1413,1000.);
#412=VERTEX_POINT('',#1418);
#413=VERTEX_POINT('',#1419);
#414=VERTEX_POINT('',#1421);
#415=VERTEX_POINT('',#1429);
#416=VERTEX_POINT('',#1430);
#417=VERTEX_POINT('',#1445);
#418=VERTEX_POINT('',#1461);
#419=VERTEX_POINT('',#1462);
#420=VERTEX_POINT('',#1491);
#421=VERTEX_POINT('',#1492);
#422=VERTEX_POINT('',#1521);
#423=VERTEX_POINT('',#1522);
#424=VERTEX_POINT('',#1551);
#425=VERTEX_POINT('',#1552);
#426=VERTEX_POINT('',#1581);
#427=VERTEX_POINT('',#1582);
#428=VERTEX_POINT('',#1611);
#429=VERTEX_POINT('',#1612);
#430=VERTEX_POINT('',#1641);
#431=VERTEX_POINT('',#1642);
#432=VERTEX_POINT('',#1671);
#433=VERTEX_POINT('',#1672);
#434=VERTEX_POINT('',#1701);
#435=VERTEX_POINT('',#1702);
#436=VERTEX_POINT('',#1731);
#437=VERTEX_POINT('',#1732);
#438=VERTEX_POINT('',#1761);
#439=VERTEX_POINT('',#1762);
#440=VERTEX_POINT('',#1791);
#441=VERTEX_POINT('',#1792);
#442=VERTEX_POINT('',#1821);
#443=VERTEX_POINT('',#1822);
#444=VERTEX_POINT('',#1851);
#445=VERTEX_POINT('',#1852);
#446=VERTEX_POINT('',#1881);
#447=VERTEX_POINT('',#1882);
#448=VERTEX_POINT('',#1911);
#449=VERTEX_POINT('',#1912);
#450=VERTEX_POINT('',#1914);
#451=VERTEX_POINT('',#1949);
#452=VERTEX_POINT('',#1984);
#453=VERTEX_POINT('',#1985);
#454=VERTEX_POINT('',#2060);
#455=VERTEX_POINT('',#2061);
#456=VERTEX_POINT('',#2136);
#457=VERTEX_POINT('',#2137);
#458=VERTEX_POINT('',#2214);
#459=VERTEX_POINT('',#2215);
#460=VERTEX_POINT('',#2290);
#461=VERTEX_POINT('',#2291);
#462=VERTEX_POINT('',#2366);
#463=VERTEX_POINT('',#2367);
#464=VERTEX_POINT('',#2444);
#465=VERTEX_POINT('',#2445);
#466=VERTEX_POINT('',#2520);
#467=VERTEX_POINT('',#2521);
#468=VERTEX_POINT('',#2596);
#469=VERTEX_POINT('',#2597);
#470=VERTEX_POINT('',#2672);
#471=VERTEX_POINT('',#2673);
#472=VERTEX_POINT('',#2750);
#473=VERTEX_POINT('',#2751);
#474=VERTEX_POINT('',#2826);
#475=VERTEX_POINT('',#2827);
#476=VERTEX_POINT('',#2904);
#477=VERTEX_POINT('',#2905);
#478=VERTEX_POINT('',#2980);
#479=VERTEX_POINT('',#2981);
#480=VERTEX_POINT('',#3056);
#481=VERTEX_POINT('',#3057);
#482=VERTEX_POINT('',#3132);
#483=VERTEX_POINT('',#3133);
#484=VERTEX_POINT('',#3144);
#485=VERTEX_POINT('',#3173);
#486=VERTEX_POINT('',#3186);
#487=VERTEX_POINT('',#3188);
#488=VERTEX_POINT('',#3192);
#489=VERTEX_POINT('',#3194);
#490=VERTEX_POINT('',#3708);
#491=VERTEX_POINT('',#3735);
#492=VERTEX_POINT('',#4244);
#493=VERTEX_POINT('',#4245);
#494=VERTEX_POINT('',#4247);
#495=VERTEX_POINT('',#4249);
#496=VERTEX_POINT('',#4251);
#497=VERTEX_POINT('',#4253);
#498=VERTEX_POINT('',#4258);
#499=VERTEX_POINT('',#4259);
#500=VERTEX_POINT('',#4261);
#501=VERTEX_POINT('',#4263);
#502=VERTEX_POINT('',#4267);
#503=VERTEX_POINT('',#4268);
#504=VERTEX_POINT('',#4273);
#505=VERTEX_POINT('',#4274);
#506=VERTEX_POINT('',#4279);
#507=VERTEX_POINT('',#4280);
#508=VERTEX_POINT('',#4285);
#509=VERTEX_POINT('',#4286);
#510=VERTEX_POINT('',#4306);
#511=VERTEX_POINT('',#4308);
#512=VERTEX_POINT('',#4312);
#513=VERTEX_POINT('',#4316);
#514=VERTEX_POINT('',#4320);
#515=VERTEX_POINT('',#4324);
#516=EDGE_CURVE('',#412,#413,#258,.T.);
#517=EDGE_CURVE('',#414,#412,#223,.T.);
#518=EDGE_CURVE('',#413,#414,#211,.T.);
#519=EDGE_CURVE('',#415,#416,#259,.T.);
#520=EDGE_CURVE('',#412,#415,#224,.T.);
#521=EDGE_CURVE('',#417,#413,#212,.T.);
#522=EDGE_CURVE('',#417,#416,#225,.T.);
#523=EDGE_CURVE('',#418,#419,#260,.T.);
#524=EDGE_CURVE('',#415,#418,#226,.T.);
#525=EDGE_CURVE('',#416,#419,#227,.T.);
#526=EDGE_CURVE('',#420,#421,#261,.T.);
#527=EDGE_CURVE('',#418,#420,#228,.T.);
#528=EDGE_CURVE('',#419,#421,#229,.T.);
#529=EDGE_CURVE('',#422,#423,#262,.T.);
#530=EDGE_CURVE('',#420,#422,#230,.T.);
#531=EDGE_CURVE('',#421,#423,#231,.T.);
#532=EDGE_CURVE('',#424,#425,#263,.T.);
#533=EDGE_CURVE('',#422,#424,#232,.T.);
#534=EDGE_CURVE('',#423,#425,#233,.T.);
#535=EDGE_CURVE('',#426,#427,#264,.T.);
#536=EDGE_CURVE('',#424,#426,#234,.T.);
#537=EDGE_CURVE('',#425,#427,#235,.T.);
#538=EDGE_CURVE('',#428,#429,#265,.T.);
#539=EDGE_CURVE('',#426,#428,#236,.T.);
#540=EDGE_CURVE('',#427,#429,#237,.T.);
#541=EDGE_CURVE('',#430,#431,#266,.T.);
#542=EDGE_CURVE('',#428,#430,#238,.T.);
#543=EDGE_CURVE('',#429,#431,#239,.T.);
#544=EDGE_CURVE('',#432,#433,#267,.T.);
#545=EDGE_CURVE('',#430,#432,#240,.T.);
#546=EDGE_CURVE('',#431,#433,#241,.T.);
#547=EDGE_CURVE('',#434,#435,#268,.T.);
#548=EDGE_CURVE('',#432,#434,#242,.T.);
#549=EDGE_CURVE('',#433,#435,#243,.T.);
#550=EDGE_CURVE('',#436,#437,#269,.T.);
#551=EDGE_CURVE('',#434,#436,#244,.T.);
#552=EDGE_CURVE('',#435,#437,#245,.T.);
#553=EDGE_CURVE('',#438,#439,#270,.T.);
#554=EDGE_CURVE('',#436,#438,#246,.T.);
#555=EDGE_CURVE('',#437,#439,#247,.T.);
#556=EDGE_CURVE('',#440,#441,#271,.T.);
#557=EDGE_CURVE('',#438,#440,#248,.T.);
#558=EDGE_CURVE('',#439,#441,#249,.T.);
#559=EDGE_CURVE('',#442,#443,#272,.T.);
#560=EDGE_CURVE('',#440,#442,#250,.T.);
#561=EDGE_CURVE('',#441,#443,#251,.T.);
#562=EDGE_CURVE('',#444,#445,#273,.T.);
#563=EDGE_CURVE('',#442,#444,#252,.T.);
#564=EDGE_CURVE('',#443,#445,#253,.T.);
#565=EDGE_CURVE('',#446,#447,#274,.T.);
#566=EDGE_CURVE('',#444,#446,#254,.T.);
#567=EDGE_CURVE('',#445,#447,#255,.T.);
#568=EDGE_CURVE('',#448,#449,#275,.T.);
#569=EDGE_CURVE('',#448,#450,#44,.T.);
#570=EDGE_CURVE('',#451,#450,#213,.T.);
#571=EDGE_CURVE('',#449,#451,#45,.F.);
#572=EDGE_CURVE('',#452,#453,#276,.T.);
#573=EDGE_CURVE('',#452,#448,#46,.T.);
#574=EDGE_CURVE('',#453,#449,#47,.F.);
#575=EDGE_CURVE('',#454,#455,#277,.T.);
#576=EDGE_CURVE('',#454,#452,#48,.T.);
#577=EDGE_CURVE('',#455,#453,#49,.F.);
#578=EDGE_CURVE('',#456,#457,#278,.T.);
#579=EDGE_CURVE('',#456,#454,#50,.T.);
#580=EDGE_CURVE('',#457,#455,#51,.F.);
#581=EDGE_CURVE('',#458,#459,#279,.T.);
#582=EDGE_CURVE('',#458,#456,#52,.T.);
#583=EDGE_CURVE('',#459,#457,#53,.F.);
#584=EDGE_CURVE('',#460,#461,#280,.T.);
#585=EDGE_CURVE('',#460,#458,#54,.T.);
#586=EDGE_CURVE('',#461,#459,#55,.F.);
#587=EDGE_CURVE('',#462,#463,#281,.T.);
#588=EDGE_CURVE('',#462,#460,#56,.T.);
#589=EDGE_CURVE('',#463,#461,#57,.F.);
#590=EDGE_CURVE('',#464,#465,#282,.T.);
#591=EDGE_CURVE('',#464,#462,#58,.T.);
#592=EDGE_CURVE('',#465,#463,#59,.F.);
#593=EDGE_CURVE('',#466,#467,#283,.T.);
#594=EDGE_CURVE('',#466,#464,#60,.T.);
#595=EDGE_CURVE('',#467,#465,#61,.F.);
#596=EDGE_CURVE('',#468,#469,#284,.T.);
#597=EDGE_CURVE('',#468,#466,#62,.T.);
#598=EDGE_CURVE('',#469,#467,#63,.F.);
#599=EDGE_CURVE('',#470,#471,#285,.T.);
#600=EDGE_CURVE('',#470,#468,#64,.T.);
#601=EDGE_CURVE('',#471,#469,#65,.F.);
#602=EDGE_CURVE('',#472,#473,#286,.T.);
#603=EDGE_CURVE('',#472,#470,#66,.T.);
#604=EDGE_CURVE('',#473,#471,#67,.F.);
#605=EDGE_CURVE('',#474,#475,#287,.T.);
#606=EDGE_CURVE('',#474,#472,#68,.T.);
#607=EDGE_CURVE('',#475,#473,#69,.F.);
#608=EDGE_CURVE('',#476,#477,#288,.T.);
#609=EDGE_CURVE('',#476,#474,#70,.T.);
#610=EDGE_CURVE('',#477,#475,#71,.F.);
#611=EDGE_CURVE('',#478,#479,#289,.T.);
#612=EDGE_CURVE('',#478,#476,#72,.T.);
#613=EDGE_CURVE('',#479,#477,#73,.F.);
#614=EDGE_CURVE('',#480,#481,#290,.T.);
#615=EDGE_CURVE('',#480,#478,#74,.T.);
#616=EDGE_CURVE('',#481,#479,#75,.F.);
#617=EDGE_CURVE('',#482,#483,#76,.T.);
#618=EDGE_CURVE('',#483,#484,#291,.T.);
#619=EDGE_CURVE('',#484,#484,#214,.T.);
#620=EDGE_CURVE('',#483,#417,#77,.T.);
#621=EDGE_CURVE('',#414,#485,#78,.T.);
#622=EDGE_CURVE('',#482,#485,#215,.T.);
#623=EDGE_CURVE('',#486,#486,#216,.T.);
#624=EDGE_CURVE('',#486,#487,#217,.T.);
#625=EDGE_CURVE('',#487,#487,#218,.T.);
#626=EDGE_CURVE('',#488,#488,#219,.T.);
#627=EDGE_CURVE('',#488,#489,#220,.T.);
#628=EDGE_CURVE('',#489,#489,#221,.T.);
#629=EDGE_CURVE('',#489,#486,#292,.T.);
#630=EDGE_CURVE('',#482,#481,#79,.F.);
#631=EDGE_CURVE('',#485,#480,#80,.T.);
#632=EDGE_CURVE('',#490,#451,#81,.T.);
#633=EDGE_CURVE('',#447,#490,#256,.T.);
#634=EDGE_CURVE('',#491,#490,#222,.T.);
#635=EDGE_CURVE('',#446,#491,#257,.T.);
#636=EDGE_CURVE('',#450,#491,#82,.T.);
#637=EDGE_CURVE('',#492,#493,#293,.T.);
#638=EDGE_CURVE('',#493,#494,#294,.T.);
#639=EDGE_CURVE('',#494,#495,#295,.T.);
#640=EDGE_CURVE('',#495,#496,#296,.T.);
#641=EDGE_CURVE('',#496,#497,#297,.T.);
#642=EDGE_CURVE('',#497,#492,#298,.T.);
#643=EDGE_CURVE('',#498,#499,#299,.T.);
#644=EDGE_CURVE('',#499,#500,#300,.T.);
#645=EDGE_CURVE('',#501,#500,#301,.T.);
#646=EDGE_CURVE('',#498,#501,#302,.T.);
#647=EDGE_CURVE('',#502,#503,#303,.T.);
#648=EDGE_CURVE('',#503,#499,#304,.T.);
#649=EDGE_CURVE('',#502,#498,#305,.T.);
#650=EDGE_CURVE('',#504,#505,#306,.T.);
#651=EDGE_CURVE('',#505,#503,#307,.T.);
#652=EDGE_CURVE('',#504,#502,#308,.T.);
#653=EDGE_CURVE('',#506,#507,#309,.T.);
#654=EDGE_CURVE('',#507,#505,#310,.T.);
#655=EDGE_CURVE('',#506,#504,#311,.T.);
#656=EDGE_CURVE('',#508,#509,#312,.T.);
#657=EDGE_CURVE('',#509,#507,#313,.T.);
#658=EDGE_CURVE('',#508,#506,#314,.T.);
#659=EDGE_CURVE('',#500,#509,#315,.T.);
#660=EDGE_CURVE('',#501,#508,#316,.T.);
#661=EDGE_CURVE('',#497,#503,#317,.T.);
#662=EDGE_CURVE('',#499,#496,#318,.T.);
#663=EDGE_CURVE('',#500,#495,#319,.T.);
#664=EDGE_CURVE('',#492,#505,#320,.T.);
#665=EDGE_CURVE('',#509,#494,#321,.T.);
#666=EDGE_CURVE('',#493,#507,#322,.T.);
#667=EDGE_CURVE('',#510,#501,#323,.T.);
#668=EDGE_CURVE('',#511,#510,#324,.T.);
#669=EDGE_CURVE('',#511,#498,#325,.T.);
#670=EDGE_CURVE('',#512,#511,#326,.T.);
#671=EDGE_CURVE('',#512,#502,#327,.T.);
#672=EDGE_CURVE('',#513,#512,#328,.T.);
#673=EDGE_CURVE('',#513,#504,#329,.T.);
#674=EDGE_CURVE('',#514,#513,#330,.T.);
#675=EDGE_CURVE('',#514,#506,#331,.T.);
#676=EDGE_CURVE('',#515,#514,#332,.T.);
#677=EDGE_CURVE('',#515,#508,#333,.T.);
#678=EDGE_CURVE('',#510,#515,#334,.T.);
#679=ORIENTED_EDGE('',*,*,#516,.F.);
#680=ORIENTED_EDGE('',*,*,#517,.F.);
#681=ORIENTED_EDGE('',*,*,#518,.F.);
#682=ORIENTED_EDGE('',*,*,#519,.F.);
#683=ORIENTED_EDGE('',*,*,#520,.F.);
#684=ORIENTED_EDGE('',*,*,#516,.T.);
#685=ORIENTED_EDGE('',*,*,#521,.F.);
#686=ORIENTED_EDGE('',*,*,#522,.T.);
#687=ORIENTED_EDGE('',*,*,#523,.F.);
#688=ORIENTED_EDGE('',*,*,#524,.F.);
#689=ORIENTED_EDGE('',*,*,#519,.T.);
#690=ORIENTED_EDGE('',*,*,#525,.T.);
#691=ORIENTED_EDGE('',*,*,#526,.F.);
#692=ORIENTED_EDGE('',*,*,#527,.F.);
#693=ORIENTED_EDGE('',*,*,#523,.T.);
#694=ORIENTED_EDGE('',*,*,#528,.T.);
#695=ORIENTED_EDGE('',*,*,#529,.F.);
#696=ORIENTED_EDGE('',*,*,#530,.F.);
#697=ORIENTED_EDGE('',*,*,#526,.T.);
#698=ORIENTED_EDGE('',*,*,#531,.T.);
#699=ORIENTED_EDGE('',*,*,#532,.F.);
#700=ORIENTED_EDGE('',*,*,#533,.F.);
#701=ORIENTED_EDGE('',*,*,#529,.T.);
#702=ORIENTED_EDGE('',*,*,#534,.T.);
#703=ORIENTED_EDGE('',*,*,#535,.F.);
#704=ORIENTED_EDGE('',*,*,#536,.F.);
#705=ORIENTED_EDGE('',*,*,#532,.T.);
#706=ORIENTED_EDGE('',*,*,#537,.T.);
#707=ORIENTED_EDGE('',*,*,#538,.F.);
#708=ORIENTED_EDGE('',*,*,#539,.F.);
#709=ORIENTED_EDGE('',*,*,#535,.T.);
#710=ORIENTED_EDGE('',*,*,#540,.T.);
#711=ORIENTED_EDGE('',*,*,#541,.F.);
#712=ORIENTED_EDGE('',*,*,#542,.F.);
#713=ORIENTED_EDGE('',*,*,#538,.T.);
#714=ORIENTED_EDGE('',*,*,#543,.T.);
#715=ORIENTED_EDGE('',*,*,#544,.F.);
#716=ORIENTED_EDGE('',*,*,#545,.F.);
#717=ORIENTED_EDGE('',*,*,#541,.T.);
#718=ORIENTED_EDGE('',*,*,#546,.T.);
#719=ORIENTED_EDGE('',*,*,#547,.F.);
#720=ORIENTED_EDGE('',*,*,#548,.F.);
#721=ORIENTED_EDGE('',*,*,#544,.T.);
#722=ORIENTED_EDGE('',*,*,#549,.T.);
#723=ORIENTED_EDGE('',*,*,#550,.F.);
#724=ORIENTED_EDGE('',*,*,#551,.F.);
#725=ORIENTED_EDGE('',*,*,#547,.T.);
#726=ORIENTED_EDGE('',*,*,#552,.T.);
#727=ORIENTED_EDGE('',*,*,#553,.F.);
#728=ORIENTED_EDGE('',*,*,#554,.F.);
#729=ORIENTED_EDGE('',*,*,#550,.T.);
#730=ORIENTED_EDGE('',*,*,#555,.T.);
#731=ORIENTED_EDGE('',*,*,#556,.F.);
#732=ORIENTED_EDGE('',*,*,#557,.F.);
#733=ORIENTED_EDGE('',*,*,#553,.T.);
#734=ORIENTED_EDGE('',*,*,#558,.T.);
#735=ORIENTED_EDGE('',*,*,#559,.F.);
#736=ORIENTED_EDGE('',*,*,#560,.F.);
#737=ORIENTED_EDGE('',*,*,#556,.T.);
#738=ORIENTED_EDGE('',*,*,#561,.T.);
#739=ORIENTED_EDGE('',*,*,#562,.F.);
#740=ORIENTED_EDGE('',*,*,#563,.F.);
#741=ORIENTED_EDGE('',*,*,#559,.T.);
#742=ORIENTED_EDGE('',*,*,#564,.T.);
#743=ORIENTED_EDGE('',*,*,#565,.F.);
#744=ORIENTED_EDGE('',*,*,#566,.F.);
#745=ORIENTED_EDGE('',*,*,#562,.T.);
#746=ORIENTED_EDGE('',*,*,#567,.T.);
#747=ORIENTED_EDGE('',*,*,#568,.F.);
#748=ORIENTED_EDGE('',*,*,#569,.T.);
#749=ORIENTED_EDGE('',*,*,#570,.F.);
#750=ORIENTED_EDGE('',*,*,#571,.F.);
#751=ORIENTED_EDGE('',*,*,#572,.F.);
#752=ORIENTED_EDGE('',*,*,#573,.T.);
#753=ORIENTED_EDGE('',*,*,#568,.T.);
#754=ORIENTED_EDGE('',*,*,#574,.F.);
#755=ORIENTED_EDGE('',*,*,#575,.F.);
#756=ORIENTED_EDGE('',*,*,#576,.T.);
#757=ORIENTED_EDGE('',*,*,#572,.T.);
#758=ORIENTED_EDGE('',*,*,#577,.F.);
#759=ORIENTED_EDGE('',*,*,#578,.F.);
#760=ORIENTED_EDGE('',*,*,#579,.T.);
#761=ORIENTED_EDGE('',*,*,#575,.T.);
#762=ORIENTED_EDGE('',*,*,#580,.F.);
#763=ORIENTED_EDGE('',*,*,#581,.F.);
#764=ORIENTED_EDGE('',*,*,#582,.T.);
#765=ORIENTED_EDGE('',*,*,#578,.T.);
#766=ORIENTED_EDGE('',*,*,#583,.F.);
#767=ORIENTED_EDGE('',*,*,#584,.F.);
#768=ORIENTED_EDGE('',*,*,#585,.T.);
#769=ORIENTED_EDGE('',*,*,#581,.T.);
#770=ORIENTED_EDGE('',*,*,#586,.F.);
#771=ORIENTED_EDGE('',*,*,#587,.F.);
#772=ORIENTED_EDGE('',*,*,#588,.T.);
#773=ORIENTED_EDGE('',*,*,#584,.T.);
#774=ORIENTED_EDGE('',*,*,#589,.F.);
#775=ORIENTED_EDGE('',*,*,#590,.F.);
#776=ORIENTED_EDGE('',*,*,#591,.T.);
#777=ORIENTED_EDGE('',*,*,#587,.T.);
#778=ORIENTED_EDGE('',*,*,#592,.F.);
#779=ORIENTED_EDGE('',*,*,#593,.F.);
#780=ORIENTED_EDGE('',*,*,#594,.T.);
#781=ORIENTED_EDGE('',*,*,#590,.T.);
#782=ORIENTED_EDGE('',*,*,#595,.F.);
#783=ORIENTED_EDGE('',*,*,#596,.F.);
#784=ORIENTED_EDGE('',*,*,#597,.T.);
#785=ORIENTED_EDGE('',*,*,#593,.T.);
#786=ORIENTED_EDGE('',*,*,#598,.F.);
#787=ORIENTED_EDGE('',*,*,#599,.F.);
#788=ORIENTED_EDGE('',*,*,#600,.T.);
#789=ORIENTED_EDGE('',*,*,#596,.T.);
#790=ORIENTED_EDGE('',*,*,#601,.F.);
#791=ORIENTED_EDGE('',*,*,#602,.F.);
#792=ORIENTED_EDGE('',*,*,#603,.T.);
#793=ORIENTED_EDGE('',*,*,#599,.T.);
#794=ORIENTED_EDGE('',*,*,#604,.F.);
#795=ORIENTED_EDGE('',*,*,#605,.F.);
#796=ORIENTED_EDGE('',*,*,#606,.T.);
#797=ORIENTED_EDGE('',*,*,#602,.T.);
#798=ORIENTED_EDGE('',*,*,#607,.F.);
#799=ORIENTED_EDGE('',*,*,#608,.F.);
#800=ORIENTED_EDGE('',*,*,#609,.T.);
#801=ORIENTED_EDGE('',*,*,#605,.T.);
#802=ORIENTED_EDGE('',*,*,#610,.F.);
#803=ORIENTED_EDGE('',*,*,#611,.F.);
#804=ORIENTED_EDGE('',*,*,#612,.T.);
#805=ORIENTED_EDGE('',*,*,#608,.T.);
#806=ORIENTED_EDGE('',*,*,#613,.F.);
#807=ORIENTED_EDGE('',*,*,#614,.F.);
#808=ORIENTED_EDGE('',*,*,#615,.T.);
#809=ORIENTED_EDGE('',*,*,#611,.T.);
#810=ORIENTED_EDGE('',*,*,#616,.F.);
#811=ORIENTED_EDGE('',*,*,#617,.T.);
#812=ORIENTED_EDGE('',*,*,#618,.T.);
#813=ORIENTED_EDGE('',*,*,#619,.F.);
#814=ORIENTED_EDGE('',*,*,#618,.F.);
#815=ORIENTED_EDGE('',*,*,#620,.T.);
#816=ORIENTED_EDGE('',*,*,#521,.T.);
#817=ORIENTED_EDGE('',*,*,#518,.T.);
#818=ORIENTED_EDGE('',*,*,#621,.T.);
#819=ORIENTED_EDGE('',*,*,#622,.F.);
#820=ORIENTED_EDGE('',*,*,#623,.F.);
#821=ORIENTED_EDGE('',*,*,#624,.T.);
#822=ORIENTED_EDGE('',*,*,#625,.F.);
#823=ORIENTED_EDGE('',*,*,#624,.F.);
#824=ORIENTED_EDGE('',*,*,#626,.F.);
#825=ORIENTED_EDGE('',*,*,#627,.T.);
#826=ORIENTED_EDGE('',*,*,#628,.F.);
#827=ORIENTED_EDGE('',*,*,#627,.F.);
#828=ORIENTED_EDGE('',*,*,#628,.T.);
#829=ORIENTED_EDGE('',*,*,#629,.T.);
#830=ORIENTED_EDGE('',*,*,#623,.T.);
#831=ORIENTED_EDGE('',*,*,#629,.F.);
#832=ORIENTED_EDGE('',*,*,#614,.T.);
#833=ORIENTED_EDGE('',*,*,#630,.F.);
#834=ORIENTED_EDGE('',*,*,#622,.T.);
#835=ORIENTED_EDGE('',*,*,#631,.T.);
#836=ORIENTED_EDGE('',*,*,#617,.F.);
#837=ORIENTED_EDGE('',*,*,#630,.T.);
#838=ORIENTED_EDGE('',*,*,#616,.T.);
#839=ORIENTED_EDGE('',*,*,#613,.T.);
#840=ORIENTED_EDGE('',*,*,#610,.T.);
#841=ORIENTED_EDGE('',*,*,#607,.T.);
#842=ORIENTED_EDGE('',*,*,#604,.T.);
#843=ORIENTED_EDGE('',*,*,#601,.T.);
#844=ORIENTED_EDGE('',*,*,#598,.T.);
#845=ORIENTED_EDGE('',*,*,#595,.T.);
#846=ORIENTED_EDGE('',*,*,#592,.T.);
#847=ORIENTED_EDGE('',*,*,#589,.T.);
#848=ORIENTED_EDGE('',*,*,#586,.T.);
#849=ORIENTED_EDGE('',*,*,#583,.T.);
#850=ORIENTED_EDGE('',*,*,#580,.T.);
#851=ORIENTED_EDGE('',*,*,#577,.T.);
#852=ORIENTED_EDGE('',*,*,#574,.T.);
#853=ORIENTED_EDGE('',*,*,#571,.T.);
#854=ORIENTED_EDGE('',*,*,#632,.F.);
#855=ORIENTED_EDGE('',*,*,#633,.F.);
#856=ORIENTED_EDGE('',*,*,#567,.F.);
#857=ORIENTED_EDGE('',*,*,#564,.F.);
#858=ORIENTED_EDGE('',*,*,#561,.F.);
#859=ORIENTED_EDGE('',*,*,#558,.F.);
#860=ORIENTED_EDGE('',*,*,#555,.F.);
#861=ORIENTED_EDGE('',*,*,#552,.F.);
#862=ORIENTED_EDGE('',*,*,#549,.F.);
#863=ORIENTED_EDGE('',*,*,#546,.F.);
#864=ORIENTED_EDGE('',*,*,#543,.F.);
#865=ORIENTED_EDGE('',*,*,#540,.F.);
#866=ORIENTED_EDGE('',*,*,#537,.F.);
#867=ORIENTED_EDGE('',*,*,#534,.F.);
#868=ORIENTED_EDGE('',*,*,#531,.F.);
#869=ORIENTED_EDGE('',*,*,#528,.F.);
#870=ORIENTED_EDGE('',*,*,#525,.F.);
#871=ORIENTED_EDGE('',*,*,#522,.F.);
#872=ORIENTED_EDGE('',*,*,#620,.F.);
#873=ORIENTED_EDGE('',*,*,#565,.T.);
#874=ORIENTED_EDGE('',*,*,#633,.T.);
#875=ORIENTED_EDGE('',*,*,#634,.F.);
#876=ORIENTED_EDGE('',*,*,#635,.F.);
#877=ORIENTED_EDGE('',*,*,#621,.F.);
#878=ORIENTED_EDGE('',*,*,#517,.T.);
#879=ORIENTED_EDGE('',*,*,#520,.T.);
#880=ORIENTED_EDGE('',*,*,#524,.T.);
#881=ORIENTED_EDGE('',*,*,#527,.T.);
#882=ORIENTED_EDGE('',*,*,#530,.T.);
#883=ORIENTED_EDGE('',*,*,#533,.T.);
#884=ORIENTED_EDGE('',*,*,#536,.T.);
#885=ORIENTED_EDGE('',*,*,#539,.T.);
#886=ORIENTED_EDGE('',*,*,#542,.T.);
#887=ORIENTED_EDGE('',*,*,#545,.T.);
#888=ORIENTED_EDGE('',*,*,#548,.T.);
#889=ORIENTED_EDGE('',*,*,#551,.T.);
#890=ORIENTED_EDGE('',*,*,#554,.T.);
#891=ORIENTED_EDGE('',*,*,#557,.T.);
#892=ORIENTED_EDGE('',*,*,#560,.T.);
#893=ORIENTED_EDGE('',*,*,#563,.T.);
#894=ORIENTED_EDGE('',*,*,#566,.T.);
#895=ORIENTED_EDGE('',*,*,#635,.T.);
#896=ORIENTED_EDGE('',*,*,#636,.F.);
#897=ORIENTED_EDGE('',*,*,#569,.F.);
#898=ORIENTED_EDGE('',*,*,#573,.F.);
#899=ORIENTED_EDGE('',*,*,#576,.F.);
#900=ORIENTED_EDGE('',*,*,#579,.F.);
#901=ORIENTED_EDGE('',*,*,#582,.F.);
#902=ORIENTED_EDGE('',*,*,#585,.F.);
#903=ORIENTED_EDGE('',*,*,#588,.F.);
#904=ORIENTED_EDGE('',*,*,#591,.F.);
#905=ORIENTED_EDGE('',*,*,#594,.F.);
#906=ORIENTED_EDGE('',*,*,#597,.F.);
#907=ORIENTED_EDGE('',*,*,#600,.F.);
#908=ORIENTED_EDGE('',*,*,#603,.F.);
#909=ORIENTED_EDGE('',*,*,#606,.F.);
#910=ORIENTED_EDGE('',*,*,#609,.F.);
#911=ORIENTED_EDGE('',*,*,#612,.F.);
#912=ORIENTED_EDGE('',*,*,#615,.F.);
#913=ORIENTED_EDGE('',*,*,#631,.F.);
#914=ORIENTED_EDGE('',*,*,#626,.T.);
#915=ORIENTED_EDGE('',*,*,#570,.T.);
#916=ORIENTED_EDGE('',*,*,#636,.T.);
#917=ORIENTED_EDGE('',*,*,#634,.T.);
#918=ORIENTED_EDGE('',*,*,#632,.T.);
#919=ORIENTED_EDGE('',*,*,#625,.T.);
#920=ORIENTED_EDGE('',*,*,#637,.T.);
#921=ORIENTED_EDGE('',*,*,#638,.T.);
#922=ORIENTED_EDGE('',*,*,#639,.T.);
#923=ORIENTED_EDGE('',*,*,#640,.T.);
#924=ORIENTED_EDGE('',*,*,#641,.T.);
#925=ORIENTED_EDGE('',*,*,#642,.T.);
#926=ORIENTED_EDGE('',*,*,#619,.T.);
#927=ORIENTED_EDGE('',*,*,#643,.T.);
#928=ORIENTED_EDGE('',*,*,#644,.T.);
#929=ORIENTED_EDGE('',*,*,#645,.F.);
#930=ORIENTED_EDGE('',*,*,#646,.F.);
#931=ORIENTED_EDGE('',*,*,#647,.T.);
#932=ORIENTED_EDGE('',*,*,#648,.T.);
#933=ORIENTED_EDGE('',*,*,#643,.F.);
#934=ORIENTED_EDGE('',*,*,#649,.F.);
#935=ORIENTED_EDGE('',*,*,#650,.T.);
#936=ORIENTED_EDGE('',*,*,#651,.T.);
#937=ORIENTED_EDGE('',*,*,#647,.F.);
#938=ORIENTED_EDGE('',*,*,#652,.F.);
#939=ORIENTED_EDGE('',*,*,#653,.T.);
#940=ORIENTED_EDGE('',*,*,#654,.T.);
#941=ORIENTED_EDGE('',*,*,#650,.F.);
#942=ORIENTED_EDGE('',*,*,#655,.F.);
#943=ORIENTED_EDGE('',*,*,#656,.T.);
#944=ORIENTED_EDGE('',*,*,#657,.T.);
#945=ORIENTED_EDGE('',*,*,#653,.F.);
#946=ORIENTED_EDGE('',*,*,#658,.F.);
#947=ORIENTED_EDGE('',*,*,#645,.T.);
#948=ORIENTED_EDGE('',*,*,#659,.T.);
#949=ORIENTED_EDGE('',*,*,#656,.F.);
#950=ORIENTED_EDGE('',*,*,#660,.F.);
#951=ORIENTED_EDGE('',*,*,#661,.F.);
#952=ORIENTED_EDGE('',*,*,#641,.F.);
#953=ORIENTED_EDGE('',*,*,#662,.F.);
#954=ORIENTED_EDGE('',*,*,#648,.F.);
#955=ORIENTED_EDGE('',*,*,#662,.T.);
#956=ORIENTED_EDGE('',*,*,#640,.F.);
#957=ORIENTED_EDGE('',*,*,#663,.F.);
#958=ORIENTED_EDGE('',*,*,#644,.F.);
#959=ORIENTED_EDGE('',*,*,#661,.T.);
#960=ORIENTED_EDGE('',*,*,#651,.F.);
#961=ORIENTED_EDGE('',*,*,#664,.F.);
#962=ORIENTED_EDGE('',*,*,#642,.F.);
#963=ORIENTED_EDGE('',*,*,#663,.T.);
#964=ORIENTED_EDGE('',*,*,#639,.F.);
#965=ORIENTED_EDGE('',*,*,#665,.F.);
#966=ORIENTED_EDGE('',*,*,#659,.F.);
#967=ORIENTED_EDGE('',*,*,#664,.T.);
#968=ORIENTED_EDGE('',*,*,#654,.F.);
#969=ORIENTED_EDGE('',*,*,#666,.F.);
#970=ORIENTED_EDGE('',*,*,#637,.F.);
#971=ORIENTED_EDGE('',*,*,#665,.T.);
#972=ORIENTED_EDGE('',*,*,#638,.F.);
#973=ORIENTED_EDGE('',*,*,#666,.T.);
#974=ORIENTED_EDGE('',*,*,#657,.F.);
#975=ORIENTED_EDGE('',*,*,#646,.T.);
#976=ORIENTED_EDGE('',*,*,#667,.F.);
#977=ORIENTED_EDGE('',*,*,#668,.F.);
#978=ORIENTED_EDGE('',*,*,#669,.T.);
#979=ORIENTED_EDGE('',*,*,#649,.T.);
#980=ORIENTED_EDGE('',*,*,#669,.F.);
#981=ORIENTED_EDGE('',*,*,#670,.F.);
#982=ORIENTED_EDGE('',*,*,#671,.T.);
#983=ORIENTED_EDGE('',*,*,#652,.T.);
#984=ORIENTED_EDGE('',*,*,#671,.F.);
#985=ORIENTED_EDGE('',*,*,#672,.F.);
#986=ORIENTED_EDGE('',*,*,#673,.T.);
#987=ORIENTED_EDGE('',*,*,#655,.T.);
#988=ORIENTED_EDGE('',*,*,#673,.F.);
#989=ORIENTED_EDGE('',*,*,#674,.F.);
#990=ORIENTED_EDGE('',*,*,#675,.T.);
#991=ORIENTED_EDGE('',*,*,#658,.T.);
#992=ORIENTED_EDGE('',*,*,#675,.F.);
#993=ORIENTED_EDGE('',*,*,#676,.F.);
#994=ORIENTED_EDGE('',*,*,#677,.T.);
#995=ORIENTED_EDGE('',*,*,#660,.T.);
#996=ORIENTED_EDGE('',*,*,#677,.F.);
#997=ORIENTED_EDGE('',*,*,#678,.F.);
#998=ORIENTED_EDGE('',*,*,#667,.T.);
#999=ORIENTED_EDGE('',*,*,#668,.T.);
#1000=ORIENTED_EDGE('',*,*,#678,.T.);
#1001=ORIENTED_EDGE('',*,*,#676,.T.);
#1002=ORIENTED_EDGE('',*,*,#674,.T.);
#1003=ORIENTED_EDGE('',*,*,#672,.T.);
#1004=ORIENTED_EDGE('',*,*,#670,.T.);
#1005=CYLINDRICAL_SURFACE('',#1118,1.6211138875);
#1006=CYLINDRICAL_SURFACE('',#1120,1.6211138875);
#1007=CYLINDRICAL_SURFACE('',#1122,1.6211138875);
#1008=CYLINDRICAL_SURFACE('',#1123,1.6211138875);
#1009=CYLINDRICAL_SURFACE('',#1124,1.6211138875);
#1010=CYLINDRICAL_SURFACE('',#1125,1.6211138875);
#1011=CYLINDRICAL_SURFACE('',#1126,1.6211138875);
#1012=CYLINDRICAL_SURFACE('',#1127,1.6211138875);
#1013=CYLINDRICAL_SURFACE('',#1128,1.6211138875);
#1014=CYLINDRICAL_SURFACE('',#1129,1.6211138875);
#1015=CYLINDRICAL_SURFACE('',#1130,1.6211138875);
#1016=CYLINDRICAL_SURFACE('',#1131,1.6211138875);
#1017=CYLINDRICAL_SURFACE('',#1132,1.6211138875);
#1018=CYLINDRICAL_SURFACE('',#1133,1.6211138875);
#1019=CYLINDRICAL_SURFACE('',#1134,1.6211138875);
#1020=CYLINDRICAL_SURFACE('',#1135,1.6211138875);
#1021=CYLINDRICAL_SURFACE('',#1136,1.6211138875);
#1022=CYLINDRICAL_SURFACE('',#1137,2.);
#1023=CYLINDRICAL_SURFACE('',#1139,2.);
#1024=CYLINDRICAL_SURFACE('',#1140,2.);
#1025=CYLINDRICAL_SURFACE('',#1141,2.);
#1026=CYLINDRICAL_SURFACE('',#1142,2.);
#1027=CYLINDRICAL_SURFACE('',#1143,2.);
#1028=CYLINDRICAL_SURFACE('',#1144,2.);
#1029=CYLINDRICAL_SURFACE('',#1145,2.);
#1030=CYLINDRICAL_SURFACE('',#1146,2.);
#1031=CYLINDRICAL_SURFACE('',#1147,2.);
#1032=CYLINDRICAL_SURFACE('',#1148,2.);
#1033=CYLINDRICAL_SURFACE('',#1149,2.);
#1034=CYLINDRICAL_SURFACE('',#1150,2.);
#1035=CYLINDRICAL_SURFACE('',#1151,2.);
#1036=CYLINDRICAL_SURFACE('',#1152,2.);
#1037=CYLINDRICAL_SURFACE('',#1153,2.);
#1038=CYLINDRICAL_SURFACE('',#1165,3.5);
#1039=CYLINDRICAL_SURFACE('',#1166,2.);
#1040=CYLINDRICAL_SURFACE('',#1167,1.6211138875);
#1041=ADVANCED_FACE('',(#83),#1005,.T.);
#1042=ADVANCED_FACE('',(#84),#1006,.T.);
#1043=ADVANCED_FACE('',(#85),#1007,.T.);
#1044=ADVANCED_FACE('',(#86),#1008,.T.);
#1045=ADVANCED_FACE('',(#87),#1009,.T.);
#1046=ADVANCED_FACE('',(#88),#1010,.T.);
#1047=ADVANCED_FACE('',(#89),#1011,.T.);
#1048=ADVANCED_FACE('',(#90),#1012,.T.);
#1049=ADVANCED_FACE('',(#91),#1013,.T.);
#1050=ADVANCED_FACE('',(#92),#1014,.T.);
#1051=ADVANCED_FACE('',(#93),#1015,.T.);
#1052=ADVANCED_FACE('',(#94),#1016,.T.);
#1053=ADVANCED_FACE('',(#95),#1017,.T.);
#1054=ADVANCED_FACE('',(#96),#1018,.T.);
#1055=ADVANCED_FACE('',(#97),#1019,.T.);
#1056=ADVANCED_FACE('',(#98),#1020,.T.);
#1057=ADVANCED_FACE('',(#99),#1021,.T.);
#1058=ADVANCED_FACE('',(#100),#1022,.T.);
#1059=ADVANCED_FACE('',(#101),#1023,.T.);
#1060=ADVANCED_FACE('',(#102),#1024,.T.);
#1061=ADVANCED_FACE('',(#103),#1025,.T.);
#1062=ADVANCED_FACE('',(#104),#1026,.T.);
#1063=ADVANCED_FACE('',(#105),#1027,.T.);
#1064=ADVANCED_FACE('',(#106),#1028,.T.);
#1065=ADVANCED_FACE('',(#107),#1029,.T.);
#1066=ADVANCED_FACE('',(#108),#1030,.T.);
#1067=ADVANCED_FACE('',(#109),#1031,.T.);
#1068=ADVANCED_FACE('',(#110),#1032,.T.);
#1069=ADVANCED_FACE('',(#111),#1033,.T.);
#1070=ADVANCED_FACE('',(#112),#1034,.T.);
#1071=ADVANCED_FACE('',(#113),#1035,.T.);
#1072=ADVANCED_FACE('',(#114),#1036,.T.);
#1073=ADVANCED_FACE('',(#115),#1037,.T.);
#1074=ADVANCED_FACE('',(#116),#43,.T.);
#1075=ADVANCED_FACE('',(#117),#41,.T.);
#1076=ADVANCED_FACE('',(#118),#42,.T.);
#1077=ADVANCED_FACE('',(#119),#1038,.T.);
#1078=ADVANCED_FACE('',(#120),#1039,.T.);
#1079=ADVANCED_FACE('',(#121),#39,.T.);
#1080=ADVANCED_FACE('',(#122),#1040,.T.);
#1081=ADVANCED_FACE('',(#123),#40,.T.);
#1082=ADVANCED_FACE('',(#124,#15),#17,.T.);
#1083=ADVANCED_FACE('',(#125,#16),#18,.F.);
#1084=ADVANCED_FACE('',(#126),#19,.F.);
#1085=ADVANCED_FACE('',(#127),#20,.F.);
#1086=ADVANCED_FACE('',(#128),#21,.F.);
#1087=ADVANCED_FACE('',(#129),#22,.F.);
#1088=ADVANCED_FACE('',(#130),#23,.F.);
#1089=ADVANCED_FACE('',(#131),#24,.F.);
#1090=ADVANCED_FACE('',(#132),#25,.F.);
#1091=ADVANCED_FACE('',(#133),#26,.F.);
#1092=ADVANCED_FACE('',(#134),#27,.F.);
#1093=ADVANCED_FACE('',(#135),#28,.F.);
#1094=ADVANCED_FACE('',(#136),#29,.F.);
#1095=ADVANCED_FACE('',(#137),#30,.F.);
#1096=ADVANCED_FACE('',(#138),#31,.F.);
#1097=ADVANCED_FACE('',(#139),#32,.F.);
#1098=ADVANCED_FACE('',(#140),#33,.F.);
#1099=ADVANCED_FACE('',(#141),#34,.F.);
#1100=ADVANCED_FACE('',(#142),#35,.F.);
#1101=ADVANCED_FACE('',(#143),#36,.F.);
#1102=ADVANCED_FACE('',(#144),#37,.F.);
#1103=ADVANCED_FACE('',(#145),#38,.T.);
#1104=CLOSED_SHELL('',(#1041,#1042,#1043,#1044,#1045,#1046,#1047,#1048,
#1049,#1050,#1051,#1052,#1053,#1054,#1055,#1056,#1057,#1058,#1059,#1060,
#1061,#1062,#1063,#1064,#1065,#1066,#1067,#1068,#1069,#1070,#1071,#1072,
#1073,#1074,#1075,#1076,#1077,#1078,#1079,#1080,#1081,#1082,#1083,#1084,
#1085,#1086,#1087,#1088,#1089,#1090,#1091,#1092,#1093,#1094,#1095,#1096,
#1097,#1098,#1099,#1100,#1101,#1102,#1103));
#1105=DERIVED_UNIT_ELEMENT(#1107,1.);
#1106=DERIVED_UNIT_ELEMENT(#4335,-3.);
#1107=(
MASS_UNIT()
NAMED_UNIT(*)
SI_UNIT(.KILO.,.GRAM.)
);
#1108=DERIVED_UNIT((#1105,#1106));
#1109=MEASURE_REPRESENTATION_ITEM('density measure',
POSITIVE_RATIO_MEASURE(7850.),#1108);
#1110=PROPERTY_DEFINITION_REPRESENTATION(#1115,#1112);
#1111=PROPERTY_DEFINITION_REPRESENTATION(#1116,#1113);
#1112=REPRESENTATION('material name',(#1114),#4332);
#1113=REPRESENTATION('density',(#1109),#4332);
#1114=DESCRIPTIVE_REPRESENTATION_ITEM('Acier','Acier');
#1115=PROPERTY_DEFINITION('material property','material name',#4342);
#1116=PROPERTY_DEFINITION('material property','density of part',#4342);
#1117=AXIS2_PLACEMENT_3D('',#1416,#1191,#1192);
#1118=AXIS2_PLACEMENT_3D('',#1417,#1193,#1194);
#1119=AXIS2_PLACEMENT_3D('',#1427,#1196,#1197);
#1120=AXIS2_PLACEMENT_3D('',#1428,#1198,#1199);
#1121=AXIS2_PLACEMENT_3D('',#1446,#1201,#1202);
#1122=AXIS2_PLACEMENT_3D('',#1460,#1203,#1204);
#1123=AXIS2_PLACEMENT_3D('',#1490,#1206,#1207);
#1124=AXIS2_PLACEMENT_3D('',#1520,#1209,#1210);
#1125=AXIS2_PLACEMENT_3D('',#1550,#1212,#1213);
#1126=AXIS2_PLACEMENT_3D('',#1580,#1215,#1216);
#1127=AXIS2_PLACEMENT_3D('',#1610,#1218,#1219);
#1128=AXIS2_PLACEMENT_3D('',#1640,#1221,#1222);
#1129=AXIS2_PLACEMENT_3D('',#1670,#1224,#1225);
#1130=AXIS2_PLACEMENT_3D('',#1700,#1227,#1228);
#1131=AXIS2_PLACEMENT_3D('',#1730,#1230,#1231);
#1132=AXIS2_PLACEMENT_3D('',#1760,#1233,#1234);
#1133=AXIS2_PLACEMENT_3D('',#1790,#1236,#1237);
#1134=AXIS2_PLACEMENT_3D('',#1820,#1239,#1240);
#1135=AXIS2_PLACEMENT_3D('',#1850,#1242,#1243);
#1136=AXIS2_PLACEMENT_3D('',#1880,#1245,#1246);
#1137=AXIS2_PLACEMENT_3D('',#1910,#1248,#1249);
#1138=AXIS2_PLACEMENT_3D('',#1950,#1251,#1252);
#1139=AXIS2_PLACEMENT_3D('',#1983,#1253,#1254);
#1140=AXIS2_PLACEMENT_3D('',#2059,#1256,#1257);
#1141=AXIS2_PLACEMENT_3D('',#2135,#1259,#1260);
#1142=AXIS2_PLACEMENT_3D('',#2213,#1262,#1263);
#1143=AXIS2_PLACEMENT_3D('',#2289,#1265,#1266);
#1144=AXIS2_PLACEMENT_3D('',#2365,#1268,#1269);
#1145=AXIS2_PLACEMENT_3D('',#2443,#1271,#1272);
#1146=AXIS2_PLACEMENT_3D('',#2519,#1274,#1275);
#1147=AXIS2_PLACEMENT_3D('',#2595,#1277,#1278);
#1148=AXIS2_PLACEMENT_3D('',#2671,#1280,#1281);
#1149=AXIS2_PLACEMENT_3D('',#2749,#1283,#1284);
#1150=AXIS2_PLACEMENT_3D('',#2825,#1286,#1287);
#1151=AXIS2_PLACEMENT_3D('',#2903,#1289,#1290);
#1152=AXIS2_PLACEMENT_3D('',#2979,#1292,#1293);
#1153=AXIS2_PLACEMENT_3D('',#3055,#1295,#1296);
#1154=AXIS2_PLACEMENT_3D('',#3131,#1298,#1299);
#1155=AXIS2_PLACEMENT_3D('',#3146,#1301,#1302);
#1156=AXIS2_PLACEMENT_3D('',#3184,#1303,#1304);
#1157=AXIS2_PLACEMENT_3D('',#3185,#1305,#1306);
#1158=AXIS2_PLACEMENT_3D('',#3187,#1307,#1308);
#1159=AXIS2_PLACEMENT_3D('',#3189,#1309,#1310);
#1160=AXIS2_PLACEMENT_3D('',#3190,#1311,#1312);
#1161=AXIS2_PLACEMENT_3D('',#3191,#1313,#1314);
#1162=AXIS2_PLACEMENT_3D('',#3193,#1315,#1316);
#1163=AXIS2_PLACEMENT_3D('',#3195,#1317,#1318);
#1164=AXIS2_PLACEMENT_3D('',#3196,#1319,#1320);
#1165=AXIS2_PLACEMENT_3D('',#3197,#1321,#1322);
#1166=AXIS2_PLACEMENT_3D('',#3199,#1324,#1325);
#1167=AXIS2_PLACEMENT_3D('',#3734,#1326,#1327);
#1168=AXIS2_PLACEMENT_3D('',#3736,#1328,#1329);
#1169=AXIS2_PLACEMENT_3D('',#4242,#1330,#1331);
#1170=AXIS2_PLACEMENT_3D('',#4243,#1332,#1333);
#1171=AXIS2_PLACEMENT_3D('',#4256,#1340,#1341);
#1172=AXIS2_PLACEMENT_3D('',#4257,#1342,#1343);
#1173=AXIS2_PLACEMENT_3D('',#4266,#1348,#1349);
#1174=AXIS2_PLACEMENT_3D('',#4272,#1353,#1354);
#1175=AXIS2_PLACEMENT_3D('',#4278,#1358,#1359);
#1176=AXIS2_PLACEMENT_3D('',#4284,#1363,#1364);
#1177=AXIS2_PLACEMENT_3D('',#4290,#1368,#1369);
#1178=AXIS2_PLACEMENT_3D('',#4293,#1372,#1373);
#1179=AXIS2_PLACEMENT_3D('',#4296,#1376,#1377);
#1180=AXIS2_PLACEMENT_3D('',#4298,#1379,#1380);
#1181=AXIS2_PLACEMENT_3D('',#4300,#1382,#1383);
#1182=AXIS2_PLACEMENT_3D('',#4302,#1385,#1386);
#1183=AXIS2_PLACEMENT_3D('',#4304,#1388,#1389);
#1184=AXIS2_PLACEMENT_3D('',#4305,#1390,#1391);
#1185=AXIS2_PLACEMENT_3D('',#4311,#1395,#1396);
#1186=AXIS2_PLACEMENT_3D('',#4315,#1399,#1400);
#1187=AXIS2_PLACEMENT_3D('',#4319,#1403,#1404);
#1188=AXIS2_PLACEMENT_3D('',#4323,#1407,#1408);
#1189=AXIS2_PLACEMENT_3D('',#4327,#1411,#1412);
#1190=AXIS2_PLACEMENT_3D('',#4329,#1414,#1415);
#1191=DIRECTION('axis',(0.,0.,1.));
#1192=DIRECTION('refdir',(1.,0.,0.));
#1193=DIRECTION('center_axis',(0.,1.,0.));
#1194=DIRECTION('ref_axis',(1.,0.,4.28032475534957E-17));
#1195=DIRECTION('',(0.,-1.,0.));
#1196=DIRECTION('center_axis',(9.59692299725645E-16,-1.,6.74760576550494E-16));
#1197=DIRECTION('ref_axis',(-0.363119043907879,-9.844746937304E-16,-0.93174275417168));
#1198=DIRECTION('center_axis',(0.,1.,0.));
#1199=DIRECTION('ref_axis',(1.,0.,4.28032475534957E-17));
#1200=DIRECTION('',(0.,-1.,0.));
#1201=DIRECTION('center_axis',(9.59692299725645E-16,-1.,6.74760576550494E-16));
#1202=DIRECTION('ref_axis',(-0.363119043907879,-9.844746937304E-16,-0.93174275417168));
#1203=DIRECTION('center_axis',(0.,1.,0.));
#1204=DIRECTION('ref_axis',(1.,0.,4.28032475534957E-17));
#1205=DIRECTION('',(0.,-1.,0.));
#1206=DIRECTION('center_axis',(0.,1.,0.));
#1207=DIRECTION('ref_axis',(1.,0.,4.28032475534957E-17));
#1208=DIRECTION('',(0.,-1.,0.));
#1209=DIRECTION('center_axis',(0.,1.,0.));
#1210=DIRECTION('ref_axis',(1.,0.,4.28032475534957E-17));
#1211=DIRECTION('',(0.,-1.,0.));
#1212=DIRECTION('center_axis',(0.,1.,0.));
#1213=DIRECTION('ref_axis',(1.,0.,4.28032475534957E-17));
#1214=DIRECTION('',(0.,-1.,0.));
#1215=DIRECTION('center_axis',(0.,1.,0.));
#1216=DIRECTION('ref_axis',(1.,0.,4.28032475534957E-17));
#1217=DIRECTION('',(0.,-1.,0.));
#1218=DIRECTION('center_axis',(0.,1.,0.));
#1219=DIRECTION('ref_axis',(1.,0.,4.28032475534957E-17));
#1220=DIRECTION('',(0.,-1.,0.));
#1221=DIRECTION('center_axis',(0.,1.,0.));
#1222=DIRECTION('ref_axis',(1.,0.,4.28032475534957E-17));
#1223=DIRECTION('',(0.,-1.,0.));
#1224=DIRECTION('center_axis',(0.,1.,0.));
#1225=DIRECTION('ref_axis',(1.,0.,4.28032475534957E-17));
#1226=DIRECTION('',(0.,-1.,0.));
#1227=DIRECTION('center_axis',(0.,1.,0.));
#1228=DIRECTION('ref_axis',(1.,0.,4.28032475534957E-17));
#1229=DIRECTION('',(0.,-1.,0.));
#1230=DIRECTION('center_axis',(0.,1.,0.));
#1231=DIRECTION('ref_axis',(1.,0.,4.28032475534957E-17));
#1232=DIRECTION('',(0.,-1.,0.));
#1233=DIRECTION('center_axis',(0.,1.,0.));
#1234=DIRECTION('ref_axis',(1.,0.,4.28032475534957E-17));
#1235=DIRECTION('',(0.,-1.,0.));
#1236=DIRECTION('center_axis',(0.,1.,0.));
#1237=DIRECTION('ref_axis',(1.,0.,4.28032475534957E-17));
#1238=DIRECTION('',(0.,-1.,0.));
#1239=DIRECTION('center_axis',(0.,1.,0.));
#1240=DIRECTION('ref_axis',(1.,0.,4.28032475534957E-17));
#1241=DIRECTION('',(0.,-1.,0.));
#1242=DIRECTION('center_axis',(0.,1.,0.));
#1243=DIRECTION('ref_axis',(1.,0.,4.28032475534957E-17));
#1244=DIRECTION('',(0.,-1.,0.));
#1245=DIRECTION('center_axis',(0.,1.,0.));
#1246=DIRECTION('ref_axis',(1.,0.,4.28032475534957E-17));
#1247=DIRECTION('',(0.,-1.,0.));
#1248=DIRECTION('center_axis',(0.,-1.,0.));
#1249=DIRECTION('ref_axis',(0.,0.,-1.));
#1250=DIRECTION('',(0.,1.,0.));
#1251=DIRECTION('center_axis',(0.,1.,0.));
#1252=DIRECTION('ref_axis',(0.,0.,1.));
#1253=DIRECTION('center_axis',(0.,-1.,0.));
#1254=DIRECTION('ref_axis',(0.,0.,-1.));
#1255=DIRECTION('',(0.,1.,0.));
#1256=DIRECTION('center_axis',(0.,-1.,0.));
#1257=DIRECTION('ref_axis',(0.,0.,-1.));
#1258=DIRECTION('',(0.,1.,0.));
#1259=DIRECTION('center_axis',(0.,-1.,0.));
#1260=DIRECTION('ref_axis',(0.,0.,-1.));
#1261=DIRECTION('',(0.,1.,0.));
#1262=DIRECTION('center_axis',(0.,-1.,0.));
#1263=DIRECTION('ref_axis',(0.,0.,-1.));
#1264=DIRECTION('',(0.,1.,0.));
#1265=DIRECTION('center_axis',(0.,-1.,0.));
#1266=DIRECTION('ref_axis',(0.,0.,-1.));
#1267=DIRECTION('',(0.,1.,0.));
#1268=DIRECTION('center_axis',(0.,-1.,0.));
#1269=DIRECTION('ref_axis',(0.,0.,-1.));
#1270=DIRECTION('',(0.,1.,0.));
#1271=DIRECTION('center_axis',(0.,-1.,0.));
#1272=DIRECTION('ref_axis',(0.,0.,-1.));
#1273=DIRECTION('',(0.,1.,0.));
#1274=DIRECTION('center_axis',(0.,-1.,0.));
#1275=DIRECTION('ref_axis',(0.,0.,-1.));
#1276=DIRECTION('',(0.,1.,0.));
#1277=DIRECTION('center_axis',(0.,-1.,0.));
#1278=DIRECTION('ref_axis',(0.,0.,-1.));
#1279=DIRECTION('',(0.,1.,0.));
#1280=DIRECTION('center_axis',(0.,-1.,0.));
#1281=DIRECTION('ref_axis',(0.,0.,-1.));
#1282=DIRECTION('',(0.,1.,0.));
#1283=DIRECTION('center_axis',(0.,-1.,0.));
#1284=DIRECTION('ref_axis',(0.,0.,-1.));
#1285=DIRECTION('',(0.,1.,0.));
#1286=DIRECTION('center_axis',(0.,-1.,0.));
#1287=DIRECTION('ref_axis',(0.,0.,-1.));
#1288=DIRECTION('',(0.,1.,0.));
#1289=DIRECTION('center_axis',(0.,-1.,0.));
#1290=DIRECTION('ref_axis',(0.,0.,-1.));
#1291=DIRECTION('',(0.,1.,0.));
#1292=DIRECTION('center_axis',(0.,-1.,0.));
#1293=DIRECTION('ref_axis',(0.,0.,-1.));
#1294=DIRECTION('',(0.,1.,0.));
#1295=DIRECTION('center_axis',(0.,-1.,0.));
#1296=DIRECTION('ref_axis',(0.,0.,-1.));
#1297=DIRECTION('',(0.,1.,0.));
#1298=DIRECTION('center_axis',(0.,1.,0.));
#1299=DIRECTION('ref_axis',(0.,0.,1.));
#1300=DIRECTION('',(8.65956056235498E-17,-0.707106781186544,0.707106781186551));
#1301=DIRECTION('center_axis',(0.,-1.,0.));
#1302=DIRECTION('ref_axis',(0.,0.,-1.));
#1303=DIRECTION('center_axis',(0.,1.,0.));
#1304=DIRECTION('ref_axis',(0.,0.,1.));
#1305=DIRECTION('center_axis',(0.,-1.,0.));
#1306=DIRECTION('ref_axis',(0.,0.,-1.));
#1307=DIRECTION('center_axis',(0.,-1.,0.));
#1308=DIRECTION('ref_axis',(0.,0.,-1.));
#1309=DIRECTION('center_axis',(-1.,0.,-1.22464679914735E-16));
#1310=DIRECTION('ref_axis',(-1.22464679914735E-16,0.,1.));
#1311=DIRECTION('center_axis',(0.,1.,0.));
#1312=DIRECTION('ref_axis',(0.,0.,-1.));
#1313=DIRECTION('center_axis',(0.,-1.,0.));
#1314=DIRECTION('ref_axis',(0.,0.,-1.));
#1315=DIRECTION('center_axis',(0.,-1.,0.));
#1316=DIRECTION('ref_axis',(0.,0.,-1.));
#1317=DIRECTION('center_axis',(-1.,0.,-1.22464679914735E-16));
#1318=DIRECTION('ref_axis',(-1.22464679914735E-16,0.,1.));
#1319=DIRECTION('center_axis',(0.,1.,0.));
#1320=DIRECTION('ref_axis',(0.,0.,-1.));
#1321=DIRECTION('center_axis',(0.,-1.,0.));
#1322=DIRECTION('ref_axis',(0.,0.,-1.));
#1323=DIRECTION('',(0.,1.,0.));
#1324=DIRECTION('center_axis',(0.,-1.,0.));
#1325=DIRECTION('ref_axis',(0.,0.,-1.));
#1326=DIRECTION('center_axis',(0.,1.,0.));
#1327=DIRECTION('ref_axis',(1.,0.,4.28032475534957E-17));
#1328=DIRECTION('center_axis',(0.,1.,0.));
#1329=DIRECTION('ref_axis',(1.,0.,4.28032475534957E-17));
#1330=DIRECTION('center_axis',(0.,-1.,0.));
#1331=DIRECTION('ref_axis',(0.,0.,-1.));
#1332=DIRECTION('center_axis',(0.,-1.,0.));
#1333=DIRECTION('ref_axis',(0.,0.,-1.));
#1334=DIRECTION('',(-0.866025403784438,0.,-0.5));
#1335=DIRECTION('',(0.,0.,-1.));
#1336=DIRECTION('',(0.866025403784438,0.,-0.5));
#1337=DIRECTION('',(0.866025403784438,0.,0.5));
#1338=DIRECTION('',(0.,0.,1.));
#1339=DIRECTION('',(-0.866025403784439,0.,0.5));
#1340=DIRECTION('center_axis',(0.,1.,0.));
#1341=DIRECTION('ref_axis',(0.,0.,1.));
#1342=DIRECTION('center_axis',(0.5,0.,-0.866025403784439));
#1343=DIRECTION('ref_axis',(-0.866025403784439,0.,-0.5));
#1344=DIRECTION('',(0.,1.,0.));
#1345=DIRECTION('',(-0.866025403784438,0.,-0.5));
#1346=DIRECTION('',(0.,1.,0.));
#1347=DIRECTION('',(-0.866025403784438,0.,-0.5));
#1348=DIRECTION('center_axis',(1.,0.,0.));
#1349=DIRECTION('ref_axis',(0.,0.,-1.));
#1350=DIRECTION('',(0.,1.,0.));
#1351=DIRECTION('',(0.,0.,-1.));
#1352=DIRECTION('',(0.,0.,-1.));
#1353=DIRECTION('center_axis',(0.5,0.,0.866025403784439));
#1354=DIRECTION('ref_axis',(0.866025403784439,0.,-0.5));
#1355=DIRECTION('',(0.,1.,0.));
#1356=DIRECTION('',(0.866025403784439,0.,-0.5));
#1357=DIRECTION('',(0.866025403784439,0.,-0.5));
#1358=DIRECTION('center_axis',(-0.5,0.,0.866025403784439));
#1359=DIRECTION('ref_axis',(0.866025403784439,0.,0.5));
#1360=DIRECTION('',(0.,1.,0.));
#1361=DIRECTION('',(0.866025403784438,0.,0.5));
#1362=DIRECTION('',(0.866025403784438,0.,0.5));
#1363=DIRECTION('center_axis',(-1.,0.,0.));
#1364=DIRECTION('ref_axis',(0.,0.,1.));
#1365=DIRECTION('',(0.,1.,0.));
#1366=DIRECTION('',(0.,0.,1.));
#1367=DIRECTION('',(0.,0.,1.));
#1368=DIRECTION('center_axis',(-0.5,0.,-0.866025403784439));
#1369=DIRECTION('ref_axis',(-0.866025403784439,0.,0.5));
#1370=DIRECTION('',(-0.866025403784438,0.,0.5));
#1371=DIRECTION('',(-0.866025403784439,0.,0.5));
#1372=DIRECTION('center_axis',(0.70710678118655,-0.707106781186545,0.));
#1373=DIRECTION('ref_axis',(0.,0.,-1.));
#1374=DIRECTION('',(-0.654653670707975,-0.65465367070798,-0.377964473009227));
#1375=DIRECTION('',(0.654653670707975,0.654653670707979,-0.377964473009227));
#1376=DIRECTION('center_axis',(0.353553390593275,-0.707106781186546,-0.612372435695796));
#1377=DIRECTION('ref_axis',(-0.866025403784439,0.,-0.5));
#1378=DIRECTION('',(1.0613526786693E-15,0.654653670707979,-0.755928946018453));
#1379=DIRECTION('center_axis',(0.353553390593275,-0.707106781186545,0.612372435695797));
#1380=DIRECTION('ref_axis',(0.866025403784439,-2.77555756156289E-17,-0.5));
#1381=DIRECTION('',(1.72940847393358E-16,-0.654653670707979,-0.755928946018453));
#1382=DIRECTION('center_axis',(-0.353553390593275,-0.707106781186545,-0.612372435695797));
#1383=DIRECTION('ref_axis',(-0.866025403784439,-2.77555756156289E-17,0.5));
#1384=DIRECTION('',(-0.654653670707975,0.65465367070798,-0.377964473009226));
#1385=DIRECTION('center_axis',(-0.353553390593275,-0.707106781186545,0.612372435695796));
#1386=DIRECTION('ref_axis',(0.866025403784439,0.,0.5));
#1387=DIRECTION('',(0.654653670707975,-0.65465367070798,-0.377964473009226));
#1388=DIRECTION('center_axis',(-0.70710678118655,-0.707106781186545,0.));
#1389=DIRECTION('ref_axis',(0.,0.,1.));
#1390=DIRECTION('center_axis',(0.35355339059327,-0.707106781186549,-0.612372435695795));
#1391=DIRECTION('ref_axis',(2.77555756156289E-17,0.654653670707977,-0.755928946018455));
#1392=DIRECTION('',(-2.45840524567874E-15,0.654653670707976,-0.755928946018455));
#1393=DIRECTION('',(-0.866025403784441,0.,-0.499999999999995));
#1394=DIRECTION('',(0.654653670707975,0.654653670707976,-0.377964473009233));
#1395=DIRECTION('center_axis',(0.707106781186546,-0.707106781186549,-7.43607788169811E-15));
#1396=DIRECTION('ref_axis',(0.707106781186549,0.707106781186546,0.));
#1397=DIRECTION('',(-1.05162021911601E-14,0.,-1.));
#1398=DIRECTION('',(0.654653670707982,0.654653670707976,0.377964473009222));
#1399=DIRECTION('center_axis',(0.353553390593278,-0.707106781186549,0.612372435695791));
#1400=DIRECTION('ref_axis',(2.77555756156289E-17,-0.654653670707974,-0.755928946018457));
#1401=DIRECTION('',(0.866025403784435,0.,-0.500000000000007));
#1402=DIRECTION('',(5.3466171582292E-15,0.654653670707975,0.755928946018456));
#1403=DIRECTION('center_axis',(-0.35355339059327,-0.707106781186549,0.612372435695795));
#1404=DIRECTION('ref_axis',(2.77555756156289E-17,-0.654653670707977,-0.755928946018455));
#1405=DIRECTION('',(0.866025403784442,0.,0.499999999999995));
#1406=DIRECTION('',(-0.654653670707977,0.654653670707976,0.377964473009231));
#1407=DIRECTION('center_axis',(-0.707106781186546,-0.707106781186549,2.30164315385894E-15));
#1408=DIRECTION('ref_axis',(0.707106781186549,-0.707106781186546,0.));
#1409=DIRECTION('',(3.2550149639305E-15,0.,1.));
#1410=DIRECTION('',(-0.654653670707979,0.654653670707976,-0.377964473009226));
#1411=DIRECTION('center_axis',(-0.353553390593274,-0.707106781186549,-0.612372435695793));
#1412=DIRECTION('ref_axis',(0.,0.654653670707976,-0.755928946018456));
#1413=DIRECTION('',(-0.866025403784438,0.,0.500000000000001));
#1414=DIRECTION('center_axis',(0.,1.,0.));
#1415=DIRECTION('ref_axis',(0.,0.,1.));
#1416=CARTESIAN_POINT('',(0.,0.,0.));
#1417=CARTESIAN_POINT('Origin',(-1.11022302462516E-15,-0.693750000955916,
-6.93889390390723E-17));
#1418=CARTESIAN_POINT('',(-1.6211138875,0.443749999044085,-6.93889390390724E-17));
#1419=CARTESIAN_POINT('',(-1.6211138875,0.311113887500003,5.97513152598752E-17));
#1420=CARTESIAN_POINT('',(-1.6211138875,-0.693750000955916,5.97513152598752E-17));
#1421=CARTESIAN_POINT('',(-0.588657324894784,0.311113887500004,-1.51046111836521));
#1422=CARTESIAN_POINT('Ctrl Pts',(-0.588657324894784,0.311113887500004,
-1.51046111836521));
#1423=CARTESIAN_POINT('Ctrl Pts',(-0.703662900617553,0.31939049118042,-1.46564111358003));
#1424=CARTESIAN_POINT('Ctrl Pts',(-0.81055694375,0.327083332377418,-1.40392580900275));
#1425=CARTESIAN_POINT('Ctrl Pts',(-1.6211138875,0.385416665710751,-0.935950539335166));
#1426=CARTESIAN_POINT('Ctrl Pts',(-1.6211138875,0.443749999044085,-1.9852919333802E-16));
#1427=CARTESIAN_POINT('Origin',(8.32667268468867E-16,0.311113887500005,
1.87350135405495E-15));
#1428=CARTESIAN_POINT('Origin',(-1.11022302462516E-15,-0.693750000955916,
-6.93889390390723E-17));
#1429=CARTESIAN_POINT('',(-1.6211138875,1.14374999904408,-6.93889390390724E-17));
#1430=CARTESIAN_POINT('',(-1.6211138875,0.968749999044085,-6.93889390390724E-17));
#1431=CARTESIAN_POINT('',(-1.6211138875,-0.693750000955916,5.97513152598752E-17));
#1432=CARTESIAN_POINT('Ctrl Pts',(-1.6211138875,0.443749999044085,-1.9852919333802E-16));
#1433=CARTESIAN_POINT('Ctrl Pts',(-1.6211138875,0.502083332377418,0.935950539335165));
#1434=CARTESIAN_POINT('Ctrl Pts',(-0.810556943750001,0.560416665710751,
1.40392580900275));
#1435=CARTESIAN_POINT('Ctrl Pts',(-3.43862649647115E-16,0.618749999044085,
1.87190107867033));
#1436=CARTESIAN_POINT('Ctrl Pts',(0.810556943749999,0.677083332377418,1.40392580900275));
#1437=CARTESIAN_POINT('Ctrl Pts',(1.6211138875,0.735416665710751,0.935950539335166));
#1438=CARTESIAN_POINT('Ctrl Pts',(1.6211138875,0.793749999044084,0.));
#1439=CARTESIAN_POINT('Ctrl Pts',(1.6211138875,0.852083332377418,-0.935950539335165));
#1440=CARTESIAN_POINT('Ctrl Pts',(0.81055694375,0.910416665710751,-1.40392580900275));
#1441=CARTESIAN_POINT('Ctrl Pts',(1.14620883215705E-16,0.968749999044085,
-1.87190107867033));
#1442=CARTESIAN_POINT('Ctrl Pts',(-0.81055694375,1.02708333237742,-1.40392580900275));
#1443=CARTESIAN_POINT('Ctrl Pts',(-1.6211138875,1.08541666571075,-0.935950539335166));
#1444=CARTESIAN_POINT('Ctrl Pts',(-1.6211138875,1.14374999904408,-1.9852919333802E-16));
#1445=CARTESIAN_POINT('',(-1.50166117292039,0.311113887500004,0.610756873058933));
#1446=CARTESIAN_POINT('Origin',(8.32667268468867E-16,0.311113887500005,
1.87350135405495E-15));
#1447=CARTESIAN_POINT('Ctrl Pts',(-1.50166117292039,0.311113887500004,0.610756873058933));
#1448=CARTESIAN_POINT('Ctrl Pts',(-1.29215093007945,0.350757802132439,1.12587739135533));
#1449=CARTESIAN_POINT('Ctrl Pts',(-0.810556943750001,0.385416665710751,
1.40392580900275));
#1450=CARTESIAN_POINT('Ctrl Pts',(-3.43862649647115E-16,0.443749999044085,
1.87190107867033));
#1451=CARTESIAN_POINT('Ctrl Pts',(0.810556943749999,0.502083332377418,1.40392580900275));
#1452=CARTESIAN_POINT('Ctrl Pts',(1.6211138875,0.560416665710751,0.935950539335166));
#1453=CARTESIAN_POINT('Ctrl Pts',(1.6211138875,0.618749999044085,0.));
#1454=CARTESIAN_POINT('Ctrl Pts',(1.6211138875,0.677083332377418,-0.935950539335165));
#1455=CARTESIAN_POINT('Ctrl Pts',(0.81055694375,0.735416665710751,-1.40392580900275));
#1456=CARTESIAN_POINT('Ctrl Pts',(1.14620883215705E-16,0.793749999044085,
-1.87190107867033));
#1457=CARTESIAN_POINT('Ctrl Pts',(-0.81055694375,0.852083332377418,-1.40392580900275));
#1458=CARTESIAN_POINT('Ctrl Pts',(-1.6211138875,0.910416665710751,-0.935950539335166));
#1459=CARTESIAN_POINT('Ctrl Pts',(-1.6211138875,0.968749999044085,-1.9852919333802E-16));
#1460=CARTESIAN_POINT('Origin',(-1.11022302462516E-15,-0.693750000955916,
-6.93889390390723E-17));
#1461=CARTESIAN_POINT('',(-1.6211138875,1.84374999904408,-6.93889390390724E-17));
#1462=CARTESIAN_POINT('',(-1.6211138875,1.66874999904408,-6.93889390390724E-17));
#1463=CARTESIAN_POINT('',(-1.6211138875,-0.693750000955916,5.97513152598752E-17));
#1464=CARTESIAN_POINT('Ctrl Pts',(-1.6211138875,1.14374999904408,-1.9852919333802E-16));
#1465=CARTESIAN_POINT('Ctrl Pts',(-1.6211138875,1.20208333237742,0.935950539335165));
#1466=CARTESIAN_POINT('Ctrl Pts',(-0.810556943750001,1.26041666571075,1.40392580900275));
#1467=CARTESIAN_POINT('Ctrl Pts',(-3.43862649647115E-16,1.31874999904408,
1.87190107867033));
#1468=CARTESIAN_POINT('Ctrl Pts',(0.810556943749999,1.37708333237742,1.40392580900275));
#1469=CARTESIAN_POINT('Ctrl Pts',(1.6211138875,1.43541666571075,0.935950539335166));
#1470=CARTESIAN_POINT('Ctrl Pts',(1.6211138875,1.49374999904408,0.));
#1471=CARTESIAN_POINT('Ctrl Pts',(1.6211138875,1.55208333237742,-0.935950539335165));
#1472=CARTESIAN_POINT('Ctrl Pts',(0.81055694375,1.61041666571075,-1.40392580900275));
#1473=CARTESIAN_POINT('Ctrl Pts',(1.14620883215705E-16,1.66874999904408,
-1.87190107867033));
#1474=CARTESIAN_POINT('Ctrl Pts',(-0.81055694375,1.72708333237742,-1.40392580900275));
#1475=CARTESIAN_POINT('Ctrl Pts',(-1.6211138875,1.78541666571075,-0.935950539335166));
#1476=CARTESIAN_POINT('Ctrl Pts',(-1.6211138875,1.84374999904408,-1.9852919333802E-16));
#1477=CARTESIAN_POINT('Ctrl Pts',(-1.6211138875,0.968749999044085,-1.9852919333802E-16));
#1478=CARTESIAN_POINT('Ctrl Pts',(-1.6211138875,1.02708333237742,0.935950539335165));
#1479=CARTESIAN_POINT('Ctrl Pts',(-0.810556943750001,1.08541666571075,1.40392580900275));
#1480=CARTESIAN_POINT('Ctrl Pts',(-3.43862649647115E-16,1.14374999904408,
1.87190107867033));
#1481=CARTESIAN_POINT('Ctrl Pts',(0.810556943749999,1.20208333237742,1.40392580900275));
#1482=CARTESIAN_POINT('Ctrl Pts',(1.6211138875,1.26041666571075,0.935950539335166));
#1483=CARTESIAN_POINT('Ctrl Pts',(1.6211138875,1.31874999904408,0.));
#1484=CARTESIAN_POINT('Ctrl Pts',(1.6211138875,1.37708333237742,-0.935950539335165));
#1485=CARTESIAN_POINT('Ctrl Pts',(0.81055694375,1.43541666571075,-1.40392580900275));
#1486=CARTESIAN_POINT('Ctrl Pts',(1.14620883215705E-16,1.49374999904408,
-1.87190107867033));
#1487=CARTESIAN_POINT('Ctrl Pts',(-0.81055694375,1.55208333237742,-1.40392580900275));
#1488=CARTESIAN_POINT('Ctrl Pts',(-1.6211138875,1.61041666571075,-0.935950539335166));
#1489=CARTESIAN_POINT('Ctrl Pts',(-1.6211138875,1.66874999904408,-1.9852919333802E-16));
#1490=CARTESIAN_POINT('Origin',(-1.11022302462516E-15,-0.693750000955916,
-6.93889390390723E-17));
#1491=CARTESIAN_POINT('',(-1.6211138875,2.54374999904408,-6.93889390390724E-17));
#1492=CARTESIAN_POINT('',(-1.6211138875,2.36874999904408,-6.93889390390724E-17));
#1493=CARTESIAN_POINT('',(-1.6211138875,-0.693750000955916,5.97513152598752E-17));
#1494=CARTESIAN_POINT('Ctrl Pts',(-1.6211138875,1.84374999904408,-1.9852919333802E-16));
#1495=CARTESIAN_POINT('Ctrl Pts',(-1.6211138875,1.90208333237742,0.935950539335165));
#1496=CARTESIAN_POINT('Ctrl Pts',(-0.810556943750001,1.96041666571075,1.40392580900275));
#1497=CARTESIAN_POINT('Ctrl Pts',(-3.43862649647115E-16,2.01874999904408,
1.87190107867033));
#1498=CARTESIAN_POINT('Ctrl Pts',(0.810556943749999,2.07708333237742,1.40392580900275));
#1499=CARTESIAN_POINT('Ctrl Pts',(1.6211138875,2.13541666571075,0.935950539335166));
#1500=CARTESIAN_POINT('Ctrl Pts',(1.6211138875,2.19374999904408,0.));
#1501=CARTESIAN_POINT('Ctrl Pts',(1.6211138875,2.25208333237742,-0.935950539335165));
#1502=CARTESIAN_POINT('Ctrl Pts',(0.81055694375,2.31041666571075,-1.40392580900275));
#1503=CARTESIAN_POINT('Ctrl Pts',(1.14620883215705E-16,2.36874999904408,
-1.87190107867033));
#1504=CARTESIAN_POINT('Ctrl Pts',(-0.81055694375,2.42708333237742,-1.40392580900275));
#1505=CARTESIAN_POINT('Ctrl Pts',(-1.6211138875,2.48541666571075,-0.935950539335166));
#1506=CARTESIAN_POINT('Ctrl Pts',(-1.6211138875,2.54374999904408,-1.9852919333802E-16));
#1507=CARTESIAN_POINT('Ctrl Pts',(-1.6211138875,1.66874999904408,-1.9852919333802E-16));
#1508=CARTESIAN_POINT('Ctrl Pts',(-1.6211138875,1.72708333237742,0.935950539335165));
#1509=CARTESIAN_POINT('Ctrl Pts',(-0.810556943750001,1.78541666571075,1.40392580900275));
#1510=CARTESIAN_POINT('Ctrl Pts',(-3.43862649647115E-16,1.84374999904409,
1.87190107867033));
#1511=CARTESIAN_POINT('Ctrl Pts',(0.810556943749999,1.90208333237742,1.40392580900275));
#1512=CARTESIAN_POINT('Ctrl Pts',(1.6211138875,1.96041666571075,0.935950539335166));
#1513=CARTESIAN_POINT('Ctrl Pts',(1.6211138875,2.01874999904408,0.));
#1514=CARTESIAN_POINT('Ctrl Pts',(1.6211138875,2.07708333237742,-0.935950539335165));
#1515=CARTESIAN_POINT('Ctrl Pts',(0.81055694375,2.13541666571075,-1.40392580900275));
#1516=CARTESIAN_POINT('Ctrl Pts',(1.14620883215705E-16,2.19374999904408,
-1.87190107867033));
#1517=CARTESIAN_POINT('Ctrl Pts',(-0.81055694375,2.25208333237742,-1.40392580900275));
#1518=CARTESIAN_POINT('Ctrl Pts',(-1.6211138875,2.31041666571075,-0.935950539335166));
#1519=CARTESIAN_POINT('Ctrl Pts',(-1.6211138875,2.36874999904408,-1.9852919333802E-16));
#1520=CARTESIAN_POINT('Origin',(-1.11022302462516E-15,-0.693750000955916,
-6.93889390390723E-17));
#1521=CARTESIAN_POINT('',(-1.6211138875,3.24374999904409,-6.93889390390724E-17));
#1522=CARTESIAN_POINT('',(-1.6211138875,3.06874999904408,-6.93889390390724E-17));
#1523=CARTESIAN_POINT('',(-1.6211138875,-0.693750000955916,5.97513152598752E-17));
#1524=CARTESIAN_POINT('Ctrl Pts',(-1.6211138875,2.54374999904408,-1.9852919333802E-16));
#1525=CARTESIAN_POINT('Ctrl Pts',(-1.6211138875,2.60208333237742,0.935950539335165));
#1526=CARTESIAN_POINT('Ctrl Pts',(-0.810556943750001,2.66041666571075,1.40392580900275));
#1527=CARTESIAN_POINT('Ctrl Pts',(-3.43862649647115E-16,2.71874999904408,
1.87190107867033));
#1528=CARTESIAN_POINT('Ctrl Pts',(0.810556943749999,2.77708333237742,1.40392580900275));
#1529=CARTESIAN_POINT('Ctrl Pts',(1.6211138875,2.83541666571075,0.935950539335166));
#1530=CARTESIAN_POINT('Ctrl Pts',(1.6211138875,2.89374999904408,0.));
#1531=CARTESIAN_POINT('Ctrl Pts',(1.6211138875,2.95208333237742,-0.935950539335165));
#1532=CARTESIAN_POINT('Ctrl Pts',(0.81055694375,3.01041666571075,-1.40392580900275));
#1533=CARTESIAN_POINT('Ctrl Pts',(1.14620883215705E-16,3.06874999904408,
-1.87190107867033));
#1534=CARTESIAN_POINT('Ctrl Pts',(-0.81055694375,3.12708333237742,-1.40392580900275));
#1535=CARTESIAN_POINT('Ctrl Pts',(-1.6211138875,3.18541666571075,-0.935950539335166));
#1536=CARTESIAN_POINT('Ctrl Pts',(-1.6211138875,3.24374999904409,-1.9852919333802E-16));
#1537=CARTESIAN_POINT('Ctrl Pts',(-1.6211138875,2.36874999904408,-1.9852919333802E-16));
#1538=CARTESIAN_POINT('Ctrl Pts',(-1.6211138875,2.42708333237742,0.935950539335165));
#1539=CARTESIAN_POINT('Ctrl Pts',(-0.810556943750001,2.48541666571075,1.40392580900275));
#1540=CARTESIAN_POINT('Ctrl Pts',(-3.43862649647115E-16,2.54374999904408,
1.87190107867033));
#1541=CARTESIAN_POINT('Ctrl Pts',(0.810556943749999,2.60208333237742,1.40392580900275));
#1542=CARTESIAN_POINT('Ctrl Pts',(1.6211138875,2.66041666571075,0.935950539335166));
#1543=CARTESIAN_POINT('Ctrl Pts',(1.6211138875,2.71874999904409,0.));
#1544=CARTESIAN_POINT('Ctrl Pts',(1.6211138875,2.77708333237742,-0.935950539335165));
#1545=CARTESIAN_POINT('Ctrl Pts',(0.81055694375,2.83541666571075,-1.40392580900275));
#1546=CARTESIAN_POINT('Ctrl Pts',(1.14620883215705E-16,2.89374999904408,
-1.87190107867033));
#1547=CARTESIAN_POINT('Ctrl Pts',(-0.81055694375,2.95208333237742,-1.40392580900275));
#1548=CARTESIAN_POINT('Ctrl Pts',(-1.6211138875,3.01041666571075,-0.935950539335166));
#1549=CARTESIAN_POINT('Ctrl Pts',(-1.6211138875,3.06874999904408,-1.9852919333802E-16));
#1550=CARTESIAN_POINT('Origin',(-1.11022302462516E-15,-0.693750000955916,
-6.93889390390723E-17));
#1551=CARTESIAN_POINT('',(-1.6211138875,3.94374999904409,-6.93889390390724E-17));
#1552=CARTESIAN_POINT('',(-1.6211138875,3.76874999904409,-6.93889390390724E-17));
#1553=CARTESIAN_POINT('',(-1.6211138875,-0.693750000955916,5.97513152598752E-17));
#1554=CARTESIAN_POINT('Ctrl Pts',(-1.6211138875,3.24374999904409,-1.9852919333802E-16));
#1555=CARTESIAN_POINT('Ctrl Pts',(-1.6211138875,3.30208333237742,0.935950539335165));
#1556=CARTESIAN_POINT('Ctrl Pts',(-0.810556943750001,3.36041666571075,1.40392580900275));
#1557=CARTESIAN_POINT('Ctrl Pts',(-3.43862649647115E-16,3.41874999904408,
1.87190107867033));
#1558=CARTESIAN_POINT('Ctrl Pts',(0.810556943749999,3.47708333237742,1.40392580900275));
#1559=CARTESIAN_POINT('Ctrl Pts',(1.6211138875,3.53541666571075,0.935950539335166));
#1560=CARTESIAN_POINT('Ctrl Pts',(1.6211138875,3.59374999904408,0.));
#1561=CARTESIAN_POINT('Ctrl Pts',(1.6211138875,3.65208333237742,-0.935950539335165));
#1562=CARTESIAN_POINT('Ctrl Pts',(0.81055694375,3.71041666571075,-1.40392580900275));
#1563=CARTESIAN_POINT('Ctrl Pts',(1.14620883215705E-16,3.76874999904408,
-1.87190107867033));
#1564=CARTESIAN_POINT('Ctrl Pts',(-0.81055694375,3.82708333237742,-1.40392580900275));
#1565=CARTESIAN_POINT('Ctrl Pts',(-1.6211138875,3.88541666571075,-0.935950539335166));
#1566=CARTESIAN_POINT('Ctrl Pts',(-1.6211138875,3.94374999904409,-1.9852919333802E-16));
#1567=CARTESIAN_POINT('Ctrl Pts',(-1.6211138875,3.06874999904408,-1.9852919333802E-16));
#1568=CARTESIAN_POINT('Ctrl Pts',(-1.6211138875,3.12708333237742,0.935950539335165));
#1569=CARTESIAN_POINT('Ctrl Pts',(-0.810556943750001,3.18541666571075,1.40392580900275));
#1570=CARTESIAN_POINT('Ctrl Pts',(-3.43862649647115E-16,3.24374999904409,
1.87190107867033));
#1571=CARTESIAN_POINT('Ctrl Pts',(0.810556943749999,3.30208333237742,1.40392580900275));
#1572=CARTESIAN_POINT('Ctrl Pts',(1.6211138875,3.36041666571075,0.935950539335166));
#1573=CARTESIAN_POINT('Ctrl Pts',(1.6211138875,3.41874999904408,0.));
#1574=CARTESIAN_POINT('Ctrl Pts',(1.6211138875,3.47708333237742,-0.935950539335165));
#1575=CARTESIAN_POINT('Ctrl Pts',(0.81055694375,3.53541666571075,-1.40392580900275));
#1576=CARTESIAN_POINT('Ctrl Pts',(1.14620883215705E-16,3.59374999904408,
-1.87190107867033));
#1577=CARTESIAN_POINT('Ctrl Pts',(-0.81055694375,3.65208333237742,-1.40392580900275));
#1578=CARTESIAN_POINT('Ctrl Pts',(-1.6211138875,3.71041666571075,-0.935950539335166));
#1579=CARTESIAN_POINT('Ctrl Pts',(-1.6211138875,3.76874999904409,-1.9852919333802E-16));
#1580=CARTESIAN_POINT('Origin',(-1.11022302462516E-15,-0.693750000955916,
-6.93889390390723E-17));
#1581=CARTESIAN_POINT('',(-1.6211138875,4.64374999904408,-6.93889390390724E-17));
#1582=CARTESIAN_POINT('',(-1.6211138875,4.46874999904408,-6.93889390390724E-17));
#1583=CARTESIAN_POINT('',(-1.6211138875,-0.693750000955916,5.97513152598752E-17));
#1584=CARTESIAN_POINT('Ctrl Pts',(-1.6211138875,3.94374999904409,-1.9852919333802E-16));
#1585=CARTESIAN_POINT('Ctrl Pts',(-1.6211138875,4.00208333237742,0.935950539335165));
#1586=CARTESIAN_POINT('Ctrl Pts',(-0.810556943750001,4.06041666571075,1.40392580900275));
#1587=CARTESIAN_POINT('Ctrl Pts',(-3.43862649647115E-16,4.11874999904409,
1.87190107867033));
#1588=CARTESIAN_POINT('Ctrl Pts',(0.810556943749999,4.17708333237742,1.40392580900275));
#1589=CARTESIAN_POINT('Ctrl Pts',(1.6211138875,4.23541666571075,0.935950539335166));
#1590=CARTESIAN_POINT('Ctrl Pts',(1.6211138875,4.29374999904408,0.));
#1591=CARTESIAN_POINT('Ctrl Pts',(1.6211138875,4.35208333237742,-0.935950539335165));
#1592=CARTESIAN_POINT('Ctrl Pts',(0.81055694375,4.41041666571075,-1.40392580900275));
#1593=CARTESIAN_POINT('Ctrl Pts',(1.14620883215705E-16,4.46874999904408,
-1.87190107867033));
#1594=CARTESIAN_POINT('Ctrl Pts',(-0.81055694375,4.52708333237742,-1.40392580900275));
#1595=CARTESIAN_POINT('Ctrl Pts',(-1.6211138875,4.58541666571075,-0.935950539335166));
#1596=CARTESIAN_POINT('Ctrl Pts',(-1.6211138875,4.64374999904408,-1.9852919333802E-16));
#1597=CARTESIAN_POINT('Ctrl Pts',(-1.6211138875,3.76874999904409,-1.9852919333802E-16));
#1598=CARTESIAN_POINT('Ctrl Pts',(-1.6211138875,3.82708333237742,0.935950539335165));
#1599=CARTESIAN_POINT('Ctrl Pts',(-0.810556943750001,3.88541666571075,1.40392580900275));
#1600=CARTESIAN_POINT('Ctrl Pts',(-3.43862649647115E-16,3.94374999904408,
1.87190107867033));
#1601=CARTESIAN_POINT('Ctrl Pts',(0.810556943749999,4.00208333237742,1.40392580900275));
#1602=CARTESIAN_POINT('Ctrl Pts',(1.6211138875,4.06041666571075,0.935950539335166));
#1603=CARTESIAN_POINT('Ctrl Pts',(1.6211138875,4.11874999904408,0.));
#1604=CARTESIAN_POINT('Ctrl Pts',(1.6211138875,4.17708333237742,-0.935950539335165));
#1605=CARTESIAN_POINT('Ctrl Pts',(0.81055694375,4.23541666571075,-1.40392580900275));
#1606=CARTESIAN_POINT('Ctrl Pts',(1.14620883215705E-16,4.29374999904408,
-1.87190107867033));
#1607=CARTESIAN_POINT('Ctrl Pts',(-0.81055694375,4.35208333237742,-1.40392580900275));
#1608=CARTESIAN_POINT('Ctrl Pts',(-1.6211138875,4.41041666571075,-0.935950539335166));
#1609=CARTESIAN_POINT('Ctrl Pts',(-1.6211138875,4.46874999904408,-1.9852919333802E-16));
#1610=CARTESIAN_POINT('Origin',(-1.11022302462516E-15,-0.693750000955916,
-6.93889390390723E-17));
#1611=CARTESIAN_POINT('',(-1.6211138875,5.34374999904408,-6.93889390390724E-17));
#1612=CARTESIAN_POINT('',(-1.6211138875,5.16874999904408,-6.93889390390724E-17));
#1613=CARTESIAN_POINT('',(-1.6211138875,-0.693750000955916,5.97513152598752E-17));
#1614=CARTESIAN_POINT('Ctrl Pts',(-1.6211138875,4.64374999904408,-1.9852919333802E-16));
#1615=CARTESIAN_POINT('Ctrl Pts',(-1.6211138875,4.70208333237742,0.935950539335165));
#1616=CARTESIAN_POINT('Ctrl Pts',(-0.810556943750001,4.76041666571075,1.40392580900275));
#1617=CARTESIAN_POINT('Ctrl Pts',(-3.43862649647115E-16,4.81874999904408,
1.87190107867033));
#1618=CARTESIAN_POINT('Ctrl Pts',(0.810556943749999,4.87708333237742,1.40392580900275));
#1619=CARTESIAN_POINT('Ctrl Pts',(1.6211138875,4.93541666571075,0.935950539335166));
#1620=CARTESIAN_POINT('Ctrl Pts',(1.6211138875,4.99374999904408,0.));
#1621=CARTESIAN_POINT('Ctrl Pts',(1.6211138875,5.05208333237742,-0.935950539335165));
#1622=CARTESIAN_POINT('Ctrl Pts',(0.81055694375,5.11041666571075,-1.40392580900275));
#1623=CARTESIAN_POINT('Ctrl Pts',(1.14620883215705E-16,5.16874999904409,
-1.87190107867033));
#1624=CARTESIAN_POINT('Ctrl Pts',(-0.81055694375,5.22708333237742,-1.40392580900275));
#1625=CARTESIAN_POINT('Ctrl Pts',(-1.6211138875,5.28541666571075,-0.935950539335166));
#1626=CARTESIAN_POINT('Ctrl Pts',(-1.6211138875,5.34374999904408,-1.9852919333802E-16));
#1627=CARTESIAN_POINT('Ctrl Pts',(-1.6211138875,4.46874999904408,-1.9852919333802E-16));
#1628=CARTESIAN_POINT('Ctrl Pts',(-1.6211138875,4.52708333237742,0.935950539335165));
#1629=CARTESIAN_POINT('Ctrl Pts',(-0.810556943750001,4.58541666571075,1.40392580900275));
#1630=CARTESIAN_POINT('Ctrl Pts',(-3.43862649647115E-16,4.64374999904408,
1.87190107867033));
#1631=CARTESIAN_POINT('Ctrl Pts',(0.810556943749999,4.70208333237742,1.40392580900275));
#1632=CARTESIAN_POINT('Ctrl Pts',(1.6211138875,4.76041666571075,0.935950539335166));
#1633=CARTESIAN_POINT('Ctrl Pts',(1.6211138875,4.81874999904408,0.));
#1634=CARTESIAN_POINT('Ctrl Pts',(1.6211138875,4.87708333237742,-0.935950539335165));
#1635=CARTESIAN_POINT('Ctrl Pts',(0.81055694375,4.93541666571075,-1.40392580900275));
#1636=CARTESIAN_POINT('Ctrl Pts',(1.14620883215705E-16,4.99374999904408,
-1.87190107867033));
#1637=CARTESIAN_POINT('Ctrl Pts',(-0.81055694375,5.05208333237742,-1.40392580900275));
#1638=CARTESIAN_POINT('Ctrl Pts',(-1.6211138875,5.11041666571075,-0.935950539335166));
#1639=CARTESIAN_POINT('Ctrl Pts',(-1.6211138875,5.16874999904408,-1.9852919333802E-16));
#1640=CARTESIAN_POINT('Origin',(-1.11022302462516E-15,-0.693750000955916,
-6.93889390390723E-17));
#1641=CARTESIAN_POINT('',(-1.6211138875,6.04374999904409,-6.93889390390724E-17));
#1642=CARTESIAN_POINT('',(-1.6211138875,5.86874999904408,-6.93889390390724E-17));
#1643=CARTESIAN_POINT('',(-1.6211138875,-0.693750000955916,5.97513152598752E-17));
#1644=CARTESIAN_POINT('Ctrl Pts',(-1.6211138875,5.34374999904408,-1.9852919333802E-16));
#1645=CARTESIAN_POINT('Ctrl Pts',(-1.6211138875,5.40208333237742,0.935950539335165));
#1646=CARTESIAN_POINT('Ctrl Pts',(-0.810556943750001,5.46041666571075,1.40392580900275));
#1647=CARTESIAN_POINT('Ctrl Pts',(-3.43862649647115E-16,5.51874999904409,
1.87190107867033));
#1648=CARTESIAN_POINT('Ctrl Pts',(0.810556943749999,5.57708333237742,1.40392580900275));
#1649=CARTESIAN_POINT('Ctrl Pts',(1.6211138875,5.63541666571075,0.935950539335166));
#1650=CARTESIAN_POINT('Ctrl Pts',(1.6211138875,5.69374999904409,0.));
#1651=CARTESIAN_POINT('Ctrl Pts',(1.6211138875,5.75208333237742,-0.935950539335165));
#1652=CARTESIAN_POINT('Ctrl Pts',(0.81055694375,5.81041666571075,-1.40392580900275));
#1653=CARTESIAN_POINT('Ctrl Pts',(1.14620883215705E-16,5.86874999904409,
-1.87190107867033));
#1654=CARTESIAN_POINT('Ctrl Pts',(-0.81055694375,5.92708333237742,-1.40392580900275));
#1655=CARTESIAN_POINT('Ctrl Pts',(-1.6211138875,5.98541666571075,-0.935950539335166));
#1656=CARTESIAN_POINT('Ctrl Pts',(-1.6211138875,6.04374999904409,-1.9852919333802E-16));
#1657=CARTESIAN_POINT('Ctrl Pts',(-1.6211138875,5.16874999904408,-1.9852919333802E-16));
#1658=CARTESIAN_POINT('Ctrl Pts',(-1.6211138875,5.22708333237742,0.935950539335165));
#1659=CARTESIAN_POINT('Ctrl Pts',(-0.810556943750001,5.28541666571075,1.40392580900275));
#1660=CARTESIAN_POINT('Ctrl Pts',(-3.43862649647115E-16,5.34374999904409,
1.87190107867033));
#1661=CARTESIAN_POINT('Ctrl Pts',(0.810556943749999,5.40208333237742,1.40392580900275));
#1662=CARTESIAN_POINT('Ctrl Pts',(1.6211138875,5.46041666571075,0.935950539335166));
#1663=CARTESIAN_POINT('Ctrl Pts',(1.6211138875,5.51874999904408,0.));
#1664=CARTESIAN_POINT('Ctrl Pts',(1.6211138875,5.57708333237742,-0.935950539335165));
#1665=CARTESIAN_POINT('Ctrl Pts',(0.81055694375,5.63541666571075,-1.40392580900275));
#1666=CARTESIAN_POINT('Ctrl Pts',(1.14620883215705E-16,5.69374999904408,
-1.87190107867033));
#1667=CARTESIAN_POINT('Ctrl Pts',(-0.81055694375,5.75208333237742,-1.40392580900275));
#1668=CARTESIAN_POINT('Ctrl Pts',(-1.6211138875,5.81041666571075,-0.935950539335166));
#1669=CARTESIAN_POINT('Ctrl Pts',(-1.6211138875,5.86874999904408,-1.9852919333802E-16));
#1670=CARTESIAN_POINT('Origin',(-1.11022302462516E-15,-0.693750000955916,
-6.93889390390723E-17));
#1671=CARTESIAN_POINT('',(-1.6211138875,6.74374999904408,-6.93889390390724E-17));
#1672=CARTESIAN_POINT('',(-1.6211138875,6.56874999904408,-6.93889390390724E-17));
#1673=CARTESIAN_POINT('',(-1.6211138875,-0.693750000955916,5.97513152598752E-17));
#1674=CARTESIAN_POINT('Ctrl Pts',(-1.6211138875,6.04374999904409,-1.9852919333802E-16));
#1675=CARTESIAN_POINT('Ctrl Pts',(-1.6211138875,6.10208333237742,0.935950539335165));
#1676=CARTESIAN_POINT('Ctrl Pts',(-0.810556943750001,6.16041666571075,1.40392580900275));
#1677=CARTESIAN_POINT('Ctrl Pts',(-3.43862649647115E-16,6.21874999904409,
1.87190107867033));
#1678=CARTESIAN_POINT('Ctrl Pts',(0.810556943749999,6.27708333237742,1.40392580900275));
#1679=CARTESIAN_POINT('Ctrl Pts',(1.6211138875,6.33541666571075,0.935950539335166));
#1680=CARTESIAN_POINT('Ctrl Pts',(1.6211138875,6.39374999904408,0.));
#1681=CARTESIAN_POINT('Ctrl Pts',(1.6211138875,6.45208333237742,-0.935950539335165));
#1682=CARTESIAN_POINT('Ctrl Pts',(0.81055694375,6.51041666571075,-1.40392580900275));
#1683=CARTESIAN_POINT('Ctrl Pts',(1.14620883215705E-16,6.56874999904408,
-1.87190107867033));
#1684=CARTESIAN_POINT('Ctrl Pts',(-0.81055694375,6.62708333237742,-1.40392580900275));
#1685=CARTESIAN_POINT('Ctrl Pts',(-1.6211138875,6.68541666571075,-0.935950539335166));
#1686=CARTESIAN_POINT('Ctrl Pts',(-1.6211138875,6.74374999904408,-1.9852919333802E-16));
#1687=CARTESIAN_POINT('Ctrl Pts',(-1.6211138875,5.86874999904408,-1.9852919333802E-16));
#1688=CARTESIAN_POINT('Ctrl Pts',(-1.6211138875,5.92708333237742,0.935950539335165));
#1689=CARTESIAN_POINT('Ctrl Pts',(-0.810556943750001,5.98541666571075,1.40392580900275));
#1690=CARTESIAN_POINT('Ctrl Pts',(-3.43862649647115E-16,6.04374999904409,
1.87190107867033));
#1691=CARTESIAN_POINT('Ctrl Pts',(0.810556943749999,6.10208333237742,1.40392580900275));
#1692=CARTESIAN_POINT('Ctrl Pts',(1.6211138875,6.16041666571075,0.935950539335166));
#1693=CARTESIAN_POINT('Ctrl Pts',(1.6211138875,6.21874999904409,0.));
#1694=CARTESIAN_POINT('Ctrl Pts',(1.6211138875,6.27708333237742,-0.935950539335165));
#1695=CARTESIAN_POINT('Ctrl Pts',(0.81055694375,6.33541666571075,-1.40392580900275));
#1696=CARTESIAN_POINT('Ctrl Pts',(1.14620883215705E-16,6.39374999904408,
-1.87190107867033));
#1697=CARTESIAN_POINT('Ctrl Pts',(-0.81055694375,6.45208333237742,-1.40392580900275));
#1698=CARTESIAN_POINT('Ctrl Pts',(-1.6211138875,6.51041666571075,-0.935950539335166));
#1699=CARTESIAN_POINT('Ctrl Pts',(-1.6211138875,6.56874999904408,-1.9852919333802E-16));
#1700=CARTESIAN_POINT('Origin',(-1.11022302462516E-15,-0.693750000955916,
-6.93889390390723E-17));
#1701=CARTESIAN_POINT('',(-1.6211138875,7.44374999904409,-6.93889390390724E-17));
#1702=CARTESIAN_POINT('',(-1.6211138875,7.26874999904409,-6.93889390390724E-17));
#1703=CARTESIAN_POINT('',(-1.6211138875,-0.693750000955916,5.97513152598752E-17));
#1704=CARTESIAN_POINT('Ctrl Pts',(-1.6211138875,6.74374999904408,-1.9852919333802E-16));
#1705=CARTESIAN_POINT('Ctrl Pts',(-1.6211138875,6.80208333237742,0.935950539335165));
#1706=CARTESIAN_POINT('Ctrl Pts',(-0.810556943750001,6.86041666571075,1.40392580900275));
#1707=CARTESIAN_POINT('Ctrl Pts',(-3.43862649647115E-16,6.91874999904408,
1.87190107867033));
#1708=CARTESIAN_POINT('Ctrl Pts',(0.810556943749999,6.97708333237742,1.40392580900275));
#1709=CARTESIAN_POINT('Ctrl Pts',(1.6211138875,7.03541666571075,0.935950539335166));
#1710=CARTESIAN_POINT('Ctrl Pts',(1.6211138875,7.09374999904409,0.));
#1711=CARTESIAN_POINT('Ctrl Pts',(1.6211138875,7.15208333237742,-0.935950539335165));
#1712=CARTESIAN_POINT('Ctrl Pts',(0.81055694375,7.21041666571075,-1.40392580900275));
#1713=CARTESIAN_POINT('Ctrl Pts',(1.14620883215705E-16,7.26874999904409,
-1.87190107867033));
#1714=CARTESIAN_POINT('Ctrl Pts',(-0.81055694375,7.32708333237742,-1.40392580900275));
#1715=CARTESIAN_POINT('Ctrl Pts',(-1.6211138875,7.38541666571075,-0.935950539335166));
#1716=CARTESIAN_POINT('Ctrl Pts',(-1.6211138875,7.44374999904409,-1.9852919333802E-16));
#1717=CARTESIAN_POINT('Ctrl Pts',(-1.6211138875,6.56874999904408,-1.9852919333802E-16));
#1718=CARTESIAN_POINT('Ctrl Pts',(-1.6211138875,6.62708333237742,0.935950539335165));
#1719=CARTESIAN_POINT('Ctrl Pts',(-0.810556943750001,6.68541666571075,1.40392580900275));
#1720=CARTESIAN_POINT('Ctrl Pts',(-3.43862649647115E-16,6.74374999904408,
1.87190107867033));
#1721=CARTESIAN_POINT('Ctrl Pts',(0.810556943749999,6.80208333237742,1.40392580900275));
#1722=CARTESIAN_POINT('Ctrl Pts',(1.6211138875,6.86041666571075,0.935950539335166));
#1723=CARTESIAN_POINT('Ctrl Pts',(1.6211138875,6.91874999904408,0.));
#1724=CARTESIAN_POINT('Ctrl Pts',(1.6211138875,6.97708333237742,-0.935950539335165));
#1725=CARTESIAN_POINT('Ctrl Pts',(0.81055694375,7.03541666571075,-1.40392580900275));
#1726=CARTESIAN_POINT('Ctrl Pts',(1.14620883215705E-16,7.09374999904408,
-1.87190107867033));
#1727=CARTESIAN_POINT('Ctrl Pts',(-0.81055694375,7.15208333237742,-1.40392580900275));
#1728=CARTESIAN_POINT('Ctrl Pts',(-1.6211138875,7.21041666571075,-0.935950539335166));
#1729=CARTESIAN_POINT('Ctrl Pts',(-1.6211138875,7.26874999904409,-1.9852919333802E-16));
#1730=CARTESIAN_POINT('Origin',(-1.11022302462516E-15,-0.693750000955916,
-6.93889390390723E-17));
#1731=CARTESIAN_POINT('',(-1.6211138875,8.14374999904409,-6.93889390390724E-17));
#1732=CARTESIAN_POINT('',(-1.6211138875,7.96874999904408,-6.93889390390724E-17));
#1733=CARTESIAN_POINT('',(-1.6211138875,-0.693750000955916,5.97513152598752E-17));
#1734=CARTESIAN_POINT('Ctrl Pts',(-1.6211138875,7.44374999904409,-1.9852919333802E-16));
#1735=CARTESIAN_POINT('Ctrl Pts',(-1.6211138875,7.50208333237742,0.935950539335165));
#1736=CARTESIAN_POINT('Ctrl Pts',(-0.810556943750001,7.56041666571075,1.40392580900275));
#1737=CARTESIAN_POINT('Ctrl Pts',(-3.43862649647115E-16,7.61874999904409,
1.87190107867033));
#1738=CARTESIAN_POINT('Ctrl Pts',(0.810556943749999,7.67708333237742,1.40392580900275));
#1739=CARTESIAN_POINT('Ctrl Pts',(1.6211138875,7.73541666571075,0.935950539335166));
#1740=CARTESIAN_POINT('Ctrl Pts',(1.6211138875,7.79374999904408,0.));
#1741=CARTESIAN_POINT('Ctrl Pts',(1.6211138875,7.85208333237742,-0.935950539335165));
#1742=CARTESIAN_POINT('Ctrl Pts',(0.81055694375,7.91041666571075,-1.40392580900275));
#1743=CARTESIAN_POINT('Ctrl Pts',(1.14620883215705E-16,7.96874999904409,
-1.87190107867033));
#1744=CARTESIAN_POINT('Ctrl Pts',(-0.81055694375,8.02708333237742,-1.40392580900275));
#1745=CARTESIAN_POINT('Ctrl Pts',(-1.6211138875,8.08541666571075,-0.935950539335166));
#1746=CARTESIAN_POINT('Ctrl Pts',(-1.6211138875,8.14374999904409,-1.9852919333802E-16));
#1747=CARTESIAN_POINT('Ctrl Pts',(-1.6211138875,7.26874999904409,-1.9852919333802E-16));
#1748=CARTESIAN_POINT('Ctrl Pts',(-1.6211138875,7.32708333237742,0.935950539335165));
#1749=CARTESIAN_POINT('Ctrl Pts',(-0.810556943750001,7.38541666571075,1.40392580900275));
#1750=CARTESIAN_POINT('Ctrl Pts',(-3.43862649647115E-16,7.44374999904409,
1.87190107867033));
#1751=CARTESIAN_POINT('Ctrl Pts',(0.810556943749999,7.50208333237742,1.40392580900275));
#1752=CARTESIAN_POINT('Ctrl Pts',(1.6211138875,7.56041666571075,0.935950539335166));
#1753=CARTESIAN_POINT('Ctrl Pts',(1.6211138875,7.61874999904408,0.));
#1754=CARTESIAN_POINT('Ctrl Pts',(1.6211138875,7.67708333237742,-0.935950539335165));
#1755=CARTESIAN_POINT('Ctrl Pts',(0.81055694375,7.73541666571075,-1.40392580900275));
#1756=CARTESIAN_POINT('Ctrl Pts',(1.14620883215705E-16,7.79374999904408,
-1.87190107867033));
#1757=CARTESIAN_POINT('Ctrl Pts',(-0.81055694375,7.85208333237742,-1.40392580900275));
#1758=CARTESIAN_POINT('Ctrl Pts',(-1.6211138875,7.91041666571075,-0.935950539335166));
#1759=CARTESIAN_POINT('Ctrl Pts',(-1.6211138875,7.96874999904408,-1.9852919333802E-16));
#1760=CARTESIAN_POINT('Origin',(-1.11022302462516E-15,-0.693750000955916,
-6.93889390390723E-17));
#1761=CARTESIAN_POINT('',(-1.6211138875,8.84374999904409,-6.93889390390724E-17));
#1762=CARTESIAN_POINT('',(-1.6211138875,8.66874999904408,-6.93889390390724E-17));
#1763=CARTESIAN_POINT('',(-1.6211138875,-0.693750000955916,5.97513152598752E-17));
#1764=CARTESIAN_POINT('Ctrl Pts',(-1.6211138875,8.14374999904409,-1.9852919333802E-16));
#1765=CARTESIAN_POINT('Ctrl Pts',(-1.6211138875,8.20208333237742,0.935950539335165));
#1766=CARTESIAN_POINT('Ctrl Pts',(-0.810556943750001,8.26041666571075,1.40392580900275));
#1767=CARTESIAN_POINT('Ctrl Pts',(-3.43862649647115E-16,8.31874999904409,
1.87190107867033));
#1768=CARTESIAN_POINT('Ctrl Pts',(0.810556943749999,8.37708333237742,1.40392580900275));
#1769=CARTESIAN_POINT('Ctrl Pts',(1.6211138875,8.43541666571075,0.935950539335166));
#1770=CARTESIAN_POINT('Ctrl Pts',(1.6211138875,8.49374999904409,0.));
#1771=CARTESIAN_POINT('Ctrl Pts',(1.6211138875,8.55208333237742,-0.935950539335165));
#1772=CARTESIAN_POINT('Ctrl Pts',(0.81055694375,8.61041666571075,-1.40392580900275));
#1773=CARTESIAN_POINT('Ctrl Pts',(1.14620883215705E-16,8.66874999904408,
-1.87190107867033));
#1774=CARTESIAN_POINT('Ctrl Pts',(-0.81055694375,8.72708333237742,-1.40392580900275));
#1775=CARTESIAN_POINT('Ctrl Pts',(-1.6211138875,8.78541666571075,-0.935950539335166));
#1776=CARTESIAN_POINT('Ctrl Pts',(-1.6211138875,8.84374999904409,-1.9852919333802E-16));
#1777=CARTESIAN_POINT('Ctrl Pts',(-1.6211138875,7.96874999904408,-1.9852919333802E-16));
#1778=CARTESIAN_POINT('Ctrl Pts',(-1.6211138875,8.02708333237742,0.935950539335165));
#1779=CARTESIAN_POINT('Ctrl Pts',(-0.810556943750001,8.08541666571075,1.40392580900275));
#1780=CARTESIAN_POINT('Ctrl Pts',(-3.43862649647115E-16,8.14374999904409,
1.87190107867033));
#1781=CARTESIAN_POINT('Ctrl Pts',(0.810556943749999,8.20208333237742,1.40392580900275));
#1782=CARTESIAN_POINT('Ctrl Pts',(1.6211138875,8.26041666571075,0.935950539335166));
#1783=CARTESIAN_POINT('Ctrl Pts',(1.6211138875,8.31874999904409,0.));
#1784=CARTESIAN_POINT('Ctrl Pts',(1.6211138875,8.37708333237742,-0.935950539335165));
#1785=CARTESIAN_POINT('Ctrl Pts',(0.81055694375,8.43541666571075,-1.40392580900275));
#1786=CARTESIAN_POINT('Ctrl Pts',(1.14620883215705E-16,8.49374999904409,
-1.87190107867033));
#1787=CARTESIAN_POINT('Ctrl Pts',(-0.81055694375,8.55208333237742,-1.40392580900275));
#1788=CARTESIAN_POINT('Ctrl Pts',(-1.6211138875,8.61041666571075,-0.935950539335166));
#1789=CARTESIAN_POINT('Ctrl Pts',(-1.6211138875,8.66874999904408,-1.9852919333802E-16));
#1790=CARTESIAN_POINT('Origin',(-1.11022302462516E-15,-0.693750000955916,
-6.93889390390723E-17));
#1791=CARTESIAN_POINT('',(-1.6211138875,9.54374999904408,-6.93889390390724E-17));
#1792=CARTESIAN_POINT('',(-1.6211138875,9.36874999904408,-6.93889390390724E-17));
#1793=CARTESIAN_POINT('',(-1.6211138875,-0.693750000955916,5.97513152598752E-17));
#1794=CARTESIAN_POINT('Ctrl Pts',(-1.6211138875,8.84374999904409,-1.9852919333802E-16));
#1795=CARTESIAN_POINT('Ctrl Pts',(-1.6211138875,8.90208333237742,0.935950539335165));
#1796=CARTESIAN_POINT('Ctrl Pts',(-0.810556943750001,8.96041666571075,1.40392580900275));
#1797=CARTESIAN_POINT('Ctrl Pts',(-3.43862649647115E-16,9.01874999904408,
1.87190107867033));
#1798=CARTESIAN_POINT('Ctrl Pts',(0.810556943749999,9.07708333237742,1.40392580900275));
#1799=CARTESIAN_POINT('Ctrl Pts',(1.6211138875,9.13541666571075,0.935950539335166));
#1800=CARTESIAN_POINT('Ctrl Pts',(1.6211138875,9.19374999904409,0.));
#1801=CARTESIAN_POINT('Ctrl Pts',(1.6211138875,9.25208333237742,-0.935950539335165));
#1802=CARTESIAN_POINT('Ctrl Pts',(0.81055694375,9.31041666571075,-1.40392580900275));
#1803=CARTESIAN_POINT('Ctrl Pts',(1.14620883215705E-16,9.36874999904408,
-1.87190107867033));
#1804=CARTESIAN_POINT('Ctrl Pts',(-0.81055694375,9.42708333237742,-1.40392580900275));
#1805=CARTESIAN_POINT('Ctrl Pts',(-1.6211138875,9.48541666571075,-0.935950539335166));
#1806=CARTESIAN_POINT('Ctrl Pts',(-1.6211138875,9.54374999904408,-1.9852919333802E-16));
#1807=CARTESIAN_POINT('Ctrl Pts',(-1.6211138875,8.66874999904408,-1.9852919333802E-16));
#1808=CARTESIAN_POINT('Ctrl Pts',(-1.6211138875,8.72708333237742,0.935950539335165));
#1809=CARTESIAN_POINT('Ctrl Pts',(-0.810556943750001,8.78541666571075,1.40392580900275));
#1810=CARTESIAN_POINT('Ctrl Pts',(-3.43862649647115E-16,8.84374999904409,
1.87190107867033));
#1811=CARTESIAN_POINT('Ctrl Pts',(0.810556943749999,8.90208333237742,1.40392580900275));
#1812=CARTESIAN_POINT('Ctrl Pts',(1.6211138875,8.96041666571075,0.935950539335166));
#1813=CARTESIAN_POINT('Ctrl Pts',(1.6211138875,9.01874999904408,0.));
#1814=CARTESIAN_POINT('Ctrl Pts',(1.6211138875,9.07708333237742,-0.935950539335165));
#1815=CARTESIAN_POINT('Ctrl Pts',(0.81055694375,9.13541666571075,-1.40392580900275));
#1816=CARTESIAN_POINT('Ctrl Pts',(1.14620883215705E-16,9.19374999904409,
-1.87190107867033));
#1817=CARTESIAN_POINT('Ctrl Pts',(-0.81055694375,9.25208333237742,-1.40392580900275));
#1818=CARTESIAN_POINT('Ctrl Pts',(-1.6211138875,9.31041666571075,-0.935950539335166));
#1819=CARTESIAN_POINT('Ctrl Pts',(-1.6211138875,9.36874999904408,-1.9852919333802E-16));
#1820=CARTESIAN_POINT('Origin',(-1.11022302462516E-15,-0.693750000955916,
-6.93889390390723E-17));
#1821=CARTESIAN_POINT('',(-1.6211138875,10.2437499990441,-6.93889390390724E-17));
#1822=CARTESIAN_POINT('',(-1.6211138875,10.0687499990441,-6.93889390390724E-17));
#1823=CARTESIAN_POINT('',(-1.6211138875,-0.693750000955916,5.97513152598752E-17));
#1824=CARTESIAN_POINT('Ctrl Pts',(-1.6211138875,9.54374999904408,-1.9852919333802E-16));
#1825=CARTESIAN_POINT('Ctrl Pts',(-1.6211138875,9.60208333237741,0.935950539335165));
#1826=CARTESIAN_POINT('Ctrl Pts',(-0.810556943750001,9.66041666571075,1.40392580900275));
#1827=CARTESIAN_POINT('Ctrl Pts',(-3.43862649647115E-16,9.71874999904408,
1.87190107867033));
#1828=CARTESIAN_POINT('Ctrl Pts',(0.810556943749999,9.77708333237742,1.40392580900275));
#1829=CARTESIAN_POINT('Ctrl Pts',(1.6211138875,9.83541666571075,0.935950539335166));
#1830=CARTESIAN_POINT('Ctrl Pts',(1.6211138875,9.89374999904409,0.));
#1831=CARTESIAN_POINT('Ctrl Pts',(1.6211138875,9.95208333237742,-0.935950539335165));
#1832=CARTESIAN_POINT('Ctrl Pts',(0.81055694375,10.0104166657108,-1.40392580900275));
#1833=CARTESIAN_POINT('Ctrl Pts',(1.14620883215705E-16,10.0687499990441,
-1.87190107867033));
#1834=CARTESIAN_POINT('Ctrl Pts',(-0.81055694375,10.1270833323774,-1.40392580900275));
#1835=CARTESIAN_POINT('Ctrl Pts',(-1.6211138875,10.1854166657108,-0.935950539335166));
#1836=CARTESIAN_POINT('Ctrl Pts',(-1.6211138875,10.2437499990441,-1.9852919333802E-16));
#1837=CARTESIAN_POINT('Ctrl Pts',(-1.6211138875,9.36874999904408,-1.9852919333802E-16));
#1838=CARTESIAN_POINT('Ctrl Pts',(-1.6211138875,9.42708333237742,0.935950539335165));
#1839=CARTESIAN_POINT('Ctrl Pts',(-0.810556943750001,9.48541666571075,1.40392580900275));
#1840=CARTESIAN_POINT('Ctrl Pts',(-3.43862649647115E-16,9.54374999904408,
1.87190107867033));
#1841=CARTESIAN_POINT('Ctrl Pts',(0.810556943749999,9.60208333237742,1.40392580900275));
#1842=CARTESIAN_POINT('Ctrl Pts',(1.6211138875,9.66041666571075,0.935950539335166));
#1843=CARTESIAN_POINT('Ctrl Pts',(1.6211138875,9.71874999904409,0.));
#1844=CARTESIAN_POINT('Ctrl Pts',(1.6211138875,9.77708333237742,-0.935950539335165));
#1845=CARTESIAN_POINT('Ctrl Pts',(0.81055694375,9.83541666571075,-1.40392580900275));
#1846=CARTESIAN_POINT('Ctrl Pts',(1.14620883215705E-16,9.89374999904409,
-1.87190107867033));
#1847=CARTESIAN_POINT('Ctrl Pts',(-0.81055694375,9.95208333237742,-1.40392580900275));
#1848=CARTESIAN_POINT('Ctrl Pts',(-1.6211138875,10.0104166657108,-0.935950539335166));
#1849=CARTESIAN_POINT('Ctrl Pts',(-1.6211138875,10.0687499990441,-1.9852919333802E-16));
#1850=CARTESIAN_POINT('Origin',(-1.11022302462516E-15,-0.693750000955916,
-6.93889390390723E-17));
#1851=CARTESIAN_POINT('',(-1.6211138875,10.9437499990441,-6.93889390390724E-17));
#1852=CARTESIAN_POINT('',(-1.6211138875,10.7687499990441,-6.93889390390724E-17));
#1853=CARTESIAN_POINT('',(-1.6211138875,-0.693750000955916,5.97513152598752E-17));
#1854=CARTESIAN_POINT('Ctrl Pts',(-1.6211138875,10.2437499990441,-1.9852919333802E-16));
#1855=CARTESIAN_POINT('Ctrl Pts',(-1.6211138875,10.3020833323774,0.935950539335165));
#1856=CARTESIAN_POINT('Ctrl Pts',(-0.810556943750001,10.3604166657108,1.40392580900275));
#1857=CARTESIAN_POINT('Ctrl Pts',(-3.43862649647115E-16,10.4187499990441,
1.87190107867033));
#1858=CARTESIAN_POINT('Ctrl Pts',(0.810556943749999,10.4770833323774,1.40392580900275));
#1859=CARTESIAN_POINT('Ctrl Pts',(1.6211138875,10.5354166657108,0.935950539335166));
#1860=CARTESIAN_POINT('Ctrl Pts',(1.6211138875,10.5937499990441,0.));
#1861=CARTESIAN_POINT('Ctrl Pts',(1.6211138875,10.6520833323774,-0.935950539335165));
#1862=CARTESIAN_POINT('Ctrl Pts',(0.81055694375,10.7104166657108,-1.40392580900275));
#1863=CARTESIAN_POINT('Ctrl Pts',(1.14620883215705E-16,10.7687499990441,
-1.87190107867033));
#1864=CARTESIAN_POINT('Ctrl Pts',(-0.81055694375,10.8270833323774,-1.40392580900275));
#1865=CARTESIAN_POINT('Ctrl Pts',(-1.6211138875,10.8854166657108,-0.935950539335166));
#1866=CARTESIAN_POINT('Ctrl Pts',(-1.6211138875,10.9437499990441,-1.9852919333802E-16));
#1867=CARTESIAN_POINT('Ctrl Pts',(-1.6211138875,10.0687499990441,-1.9852919333802E-16));
#1868=CARTESIAN_POINT('Ctrl Pts',(-1.6211138875,10.1270833323774,0.935950539335165));
#1869=CARTESIAN_POINT('Ctrl Pts',(-0.810556943750001,10.1854166657108,1.40392580900275));
#1870=CARTESIAN_POINT('Ctrl Pts',(-3.43862649647115E-16,10.2437499990441,
1.87190107867033));
#1871=CARTESIAN_POINT('Ctrl Pts',(0.810556943749999,10.3020833323774,1.40392580900275));
#1872=CARTESIAN_POINT('Ctrl Pts',(1.6211138875,10.3604166657108,0.935950539335166));
#1873=CARTESIAN_POINT('Ctrl Pts',(1.6211138875,10.4187499990441,0.));
#1874=CARTESIAN_POINT('Ctrl Pts',(1.6211138875,10.4770833323774,-0.935950539335165));
#1875=CARTESIAN_POINT('Ctrl Pts',(0.81055694375,10.5354166657108,-1.40392580900275));
#1876=CARTESIAN_POINT('Ctrl Pts',(1.14620883215705E-16,10.5937499990441,
-1.87190107867033));
#1877=CARTESIAN_POINT('Ctrl Pts',(-0.81055694375,10.6520833323774,-1.40392580900275));
#1878=CARTESIAN_POINT('Ctrl Pts',(-1.6211138875,10.7104166657108,-0.935950539335166));
#1879=CARTESIAN_POINT('Ctrl Pts',(-1.6211138875,10.7687499990441,-1.9852919333802E-16));
#1880=CARTESIAN_POINT('Origin',(-1.11022302462516E-15,-0.693750000955916,
-6.93889390390723E-17));
#1881=CARTESIAN_POINT('',(-1.6211138875,11.6437499990441,-6.93889390390724E-17));
#1882=CARTESIAN_POINT('',(-1.6211138875,11.4687499990441,-6.93889390390724E-17));
#1883=CARTESIAN_POINT('',(-1.6211138875,-0.693750000955916,5.97513152598752E-17));
#1884=CARTESIAN_POINT('Ctrl Pts',(-1.6211138875,10.9437499990441,-1.9852919333802E-16));
#1885=CARTESIAN_POINT('Ctrl Pts',(-1.6211138875,11.0020833323774,0.935950539335165));
#1886=CARTESIAN_POINT('Ctrl Pts',(-0.810556943750001,11.0604166657108,1.40392580900275));
#1887=CARTESIAN_POINT('Ctrl Pts',(-3.43862649647115E-16,11.1187499990441,
1.87190107867033));
#1888=CARTESIAN_POINT('Ctrl Pts',(0.810556943749999,11.1770833323774,1.40392580900275));
#1889=CARTESIAN_POINT('Ctrl Pts',(1.6211138875,11.2354166657108,0.935950539335166));
#1890=CARTESIAN_POINT('Ctrl Pts',(1.6211138875,11.2937499990441,0.));
#1891=CARTESIAN_POINT('Ctrl Pts',(1.6211138875,11.3520833323774,-0.935950539335165));
#1892=CARTESIAN_POINT('Ctrl Pts',(0.81055694375,11.4104166657108,-1.40392580900275));
#1893=CARTESIAN_POINT('Ctrl Pts',(1.14620883215705E-16,11.4687499990441,
-1.87190107867033));
#1894=CARTESIAN_POINT('Ctrl Pts',(-0.81055694375,11.5270833323774,-1.40392580900275));
#1895=CARTESIAN_POINT('Ctrl Pts',(-1.6211138875,11.5854166657108,-0.935950539335166));
#1896=CARTESIAN_POINT('Ctrl Pts',(-1.6211138875,11.6437499990441,-1.9852919333802E-16));
#1897=CARTESIAN_POINT('Ctrl Pts',(-1.6211138875,10.7687499990441,-1.9852919333802E-16));
#1898=CARTESIAN_POINT('Ctrl Pts',(-1.6211138875,10.8270833323774,0.935950539335165));
#1899=CARTESIAN_POINT('Ctrl Pts',(-0.810556943750001,10.8854166657108,1.40392580900275));
#1900=CARTESIAN_POINT('Ctrl Pts',(-3.43862649647115E-16,10.9437499990441,
1.87190107867033));
#1901=CARTESIAN_POINT('Ctrl Pts',(0.810556943749999,11.0020833323774,1.40392580900275));
#1902=CARTESIAN_POINT('Ctrl Pts',(1.6211138875,11.0604166657108,0.935950539335166));
#1903=CARTESIAN_POINT('Ctrl Pts',(1.6211138875,11.1187499990441,0.));
#1904=CARTESIAN_POINT('Ctrl Pts',(1.6211138875,11.1770833323774,-0.935950539335165));
#1905=CARTESIAN_POINT('Ctrl Pts',(0.81055694375,11.2354166657108,-1.40392580900275));
#1906=CARTESIAN_POINT('Ctrl Pts',(1.14620883215705E-16,11.2937499990441,
-1.87190107867033));
#1907=CARTESIAN_POINT('Ctrl Pts',(-0.81055694375,11.3520833323774,-1.40392580900275));
#1908=CARTESIAN_POINT('Ctrl Pts',(-1.6211138875,11.4104166657108,-0.935950539335166));
#1909=CARTESIAN_POINT('Ctrl Pts',(-1.6211138875,11.4687499990441,-1.9852919333802E-16));
#1910=CARTESIAN_POINT('Origin',(0.,12.,0.));
#1911=CARTESIAN_POINT('',(-7.59044924399489E-15,11.3374999980882,2.));
#1912=CARTESIAN_POINT('',(-1.24390013593501E-14,11.425,2.));
#1913=CARTESIAN_POINT('',(-2.44929359829471E-16,12.,2.));
#1914=CARTESIAN_POINT('',(-0.642857110082907,12.,1.89386766591963));
#1915=CARTESIAN_POINT('Ctrl Pts',(-3.06005221162309E-14,11.3374999980882,
2.));
#1916=CARTESIAN_POINT('Ctrl Pts',(0.168392710339348,11.3473229061913,2.));
#1917=CARTESIAN_POINT('Ctrl Pts',(0.336488575807835,11.3571284983436,1.97873193409857));
#1918=CARTESIAN_POINT('Ctrl Pts',(0.745723056821216,11.381000509736,1.87301354296614));
#1919=CARTESIAN_POINT('Ctrl Pts',(0.976856545742177,11.3935683774309,1.76352338960606));
#1920=CARTESIAN_POINT('Ctrl Pts',(1.39543267284342,11.4212570500271,1.45709485519901));
#1921=CARTESIAN_POINT('Ctrl Pts',(1.57613688787304,11.4365142695018,1.25940986167677));
#1922=CARTESIAN_POINT('Ctrl Pts',(1.84620103844538,11.467031083509,0.81125521632945));
#1923=CARTESIAN_POINT('Ctrl Pts',(1.93538037821107,11.4819966527411,0.566501489015986));
#1924=CARTESIAN_POINT('Ctrl Pts',(2.01570267817746,11.5100708063661,0.0571514710025138));
#1925=CARTESIAN_POINT('Ctrl Pts',(2.00631532567323,11.5225484710846,-0.202554335188182));
#1926=CARTESIAN_POINT('Ctrl Pts',(1.88783383596689,11.5517197060615,-0.711589713490885));
#1927=CARTESIAN_POINT('Ctrl Pts',(1.77700159869935,11.5672621703073,-0.955261694310775));
#1928=CARTESIAN_POINT('Ctrl Pts',(1.47265345615482,11.5974487279164,-1.377085086394));
#1929=CARTESIAN_POINT('Ctrl Pts',(1.28516362398222,11.611831080593,-1.55353453067016));
#1930=CARTESIAN_POINT('Ctrl Pts',(0.844176136344289,11.6387921158802,-1.83262037674115));
#1931=CARTESIAN_POINT('Ctrl Pts',(0.592499704532085,11.6529375153238,-1.92876794694491));
#1932=CARTESIAN_POINT('Ctrl Pts',(0.0711326832552537,11.6833505915649,-2.01580021425937));
#1933=CARTESIAN_POINT('Ctrl Pts',(-0.193011615052435,11.6987590089662,-2.00780029333708));
#1934=CARTESIAN_POINT('Ctrl Pts',(-0.694979803548555,11.7280404866285,-1.89239746845641));
#1935=CARTESIAN_POINT('Ctrl Pts',(-0.928764062630388,11.740864405147,-1.78928195156912));
#1936=CARTESIAN_POINT('Ctrl Pts',(-1.35528063032288,11.768195853123,-1.49450904629542));
#1937=CARTESIAN_POINT('Ctrl Pts',(-1.54127277828182,11.7833540558922,-1.30183706472877));
#1938=CARTESIAN_POINT('Ctrl Pts',(-1.82378813614581,11.8138813888714,-0.860662905617856));
#1939=CARTESIAN_POINT('Ctrl Pts',(-1.91973198375998,11.8289520081417,-0.61773521726384));
#1940=CARTESIAN_POINT('Ctrl Pts',(-2.01326355175336,11.857262084015,-0.111341524322386));
#1941=CARTESIAN_POINT('Ctrl Pts',(-2.01096523586928,11.8696129094396,0.147129911600393));
#1942=CARTESIAN_POINT('Ctrl Pts',(-1.90703489890307,11.8984879879384,0.658704023946943));
#1943=CARTESIAN_POINT('Ctrl Pts',(-1.802696289785,11.9140269570747,0.906055917501232));
#1944=CARTESIAN_POINT('Ctrl Pts',(-1.52967474673297,11.9422433777258,1.30696713241516));
#1945=CARTESIAN_POINT('Ctrl Pts',(-1.37729041562095,11.9547565292721,1.4666841605822));
#1946=CARTESIAN_POINT('Ctrl Pts',(-1.0324679078395,11.9779130900277,1.72598181868931));
#1947=CARTESIAN_POINT('Ctrl Pts',(-0.843758389351142,11.9882807587094,1.82567345249784));
#1948=CARTESIAN_POINT('Ctrl Pts',(-0.642857110082968,12.,1.89386766591961));
#1949=CARTESIAN_POINT('',(-1.79905523182412,11.9999999999939,0.873727802491284));
#1950=CARTESIAN_POINT('Origin',(0.,12.,0.));
#1951=CARTESIAN_POINT('Ctrl Pts',(-1.79905523182385,11.9999999999939,0.873727802491848));
#1952=CARTESIAN_POINT('Ctrl Pts',(-1.85844450452975,11.9920901561261,0.751441912686063));
#1953=CARTESIAN_POINT('Ctrl Pts',(-1.9052115699838,11.9842587500076,0.6234212528953));
#1954=CARTESIAN_POINT('Ctrl Pts',(-1.97113282508299,11.9692041447256,0.363477007427408));
#1955=CARTESIAN_POINT('Ctrl Pts',(-1.99084870080738,11.9620072982044,0.232399358396403));
#1956=CARTESIAN_POINT('Ctrl Pts',(-2.01018602666741,11.9419931101938,-0.152614408530729));
#1957=CARTESIAN_POINT('Ctrl Pts',(-1.97473853576254,11.928767407441,-0.405711619262522));
#1958=CARTESIAN_POINT('Ctrl Pts',(-1.80821609090952,11.8992413540808,-0.894034121663884));
#1959=CARTESIAN_POINT('Ctrl Pts',(-1.67535366725891,11.8837766951842,-1.12344682195535));
#1960=CARTESIAN_POINT('Ctrl Pts',(-1.32760396478484,11.8536540338666,-1.5189474931791));
#1961=CARTESIAN_POINT('Ctrl Pts',(-1.1157266739326,11.8400840559794,-1.68072713486545));
#1962=CARTESIAN_POINT('Ctrl Pts',(-0.648698324282431,11.8128407355831,-1.90910155875557));
#1963=CARTESIAN_POINT('Ctrl Pts',(-0.399410034120185,11.798298918657,-1.9763374940372));
#1964=CARTESIAN_POINT('Ctrl Pts',(0.12089947892732,11.7679475303959,-2.01396736662276));
#1965=CARTESIAN_POINT('Ctrl Pts',(0.387268950298675,11.7524093112325,-1.9800823801043));
#1966=CARTESIAN_POINT('Ctrl Pts',(0.881877796857675,11.7235571285166,-1.81324898714613));
#1967=CARTESIAN_POINT('Ctrl Pts',(1.10652150718374,11.7112123131909,-1.68558283021664));
#1968=CARTESIAN_POINT('Ctrl Pts',(1.49760056224935,11.682884373116,-1.35062463955154));
#1969=CARTESIAN_POINT('Ctrl Pts',(1.65962348290541,11.6678061190214,-1.14569659147799));
#1970=CARTESIAN_POINT('Ctrl Pts',(1.89948370763315,11.6372789240095,-0.67989821081306));
#1971=CARTESIAN_POINT('Ctrl Pts',(1.97280834030157,11.6221287927097,-0.422337382620622));
#1972=CARTESIAN_POINT('Ctrl Pts',(2.01375220029077,11.5948250334361,0.0944979350715515));
#1973=CARTESIAN_POINT('Ctrl Pts',(1.9856338292712,11.5819777600766,0.348453518472444));
#1974=CARTESIAN_POINT('Ctrl Pts',(1.83355678492883,11.5526796984156,0.840603011530128));
#1975=CARTESIAN_POINT('Ctrl Pts',(1.70789436318923,11.5372670531469,1.07314303204749));
#1976=CARTESIAN_POINT('Ctrl Pts',(1.37104889329175,11.5068729783662,1.48031185811775));
#1977=CARTESIAN_POINT('Ctrl Pts',(1.16175806626844,11.4927692205323,1.64965076657179));
#1978=CARTESIAN_POINT('Ctrl Pts',(0.699243390701152,11.4657891977909,1.89108376701754));
#1979=CARTESIAN_POINT('Ctrl Pts',(0.452501417116089,11.4513959159984,1.96477436050085));
#1980=CARTESIAN_POINT('Ctrl Pts',(0.13250010246179,11.4327291726436,1.99671220615925));
#1981=CARTESIAN_POINT('Ctrl Pts',(0.0662105850775261,11.4288622841295,2.));
#1982=CARTESIAN_POINT('Ctrl Pts',(-1.47997952317082E-14,11.425,2.));
#1983=CARTESIAN_POINT('Origin',(0.,12.,0.));
#1984=CARTESIAN_POINT('',(4.8041499918594E-15,10.6374999980882,2.));
#1985=CARTESIAN_POINT('',(4.16230230574798E-15,10.725,2.));
#1986=CARTESIAN_POINT('',(-2.44929359829471E-16,12.,2.));
#1987=CARTESIAN_POINT('Ctrl Pts',(-2.28983498828939E-15,10.6374999980882,
2.));
#1988=CARTESIAN_POINT('Ctrl Pts',(0.205285669790302,10.6494749954926,2.));
#1989=CARTESIAN_POINT('Ctrl Pts',(0.40969458139914,10.6613988486697,1.96839085919593));
#1990=CARTESIAN_POINT('Ctrl Pts',(0.848823065316781,10.6870146768983,1.82878239831619));
#1991=CARTESIAN_POINT('Ctrl Pts',(1.07465361297088,10.699332315507,1.70589016870135));
#1992=CARTESIAN_POINT('Ctrl Pts',(1.47731537243201,10.7278277289976,1.37430414165131));
#1993=CARTESIAN_POINT('Ctrl Pts',(1.647236139737,10.7433458608772,1.16522859549353));
#1994=CARTESIAN_POINT('Ctrl Pts',(1.89032346132868,10.7738477450077,0.701794405586206));
#1995=CARTESIAN_POINT('Ctrl Pts',(1.96469424739536,10.7885497749689,0.453707680460411));
#1996=CARTESIAN_POINT('Ctrl Pts',(2.01606310824746,10.8160904169536,-0.0617978217912188));
#1997=CARTESIAN_POINT('Ctrl Pts',(1.99074816315105,10.8291610748141,-0.324462236912024));
#1998=CARTESIAN_POINT('Ctrl Pts',(1.83987154999831,10.8589596980566,-0.827213348856605));
#1999=CARTESIAN_POINT('Ctrl Pts',(1.71502710388365,10.8744677181233,-1.06211355920176));
#2000=CARTESIAN_POINT('Ctrl Pts',(1.38759283383789,10.9042463547822,-1.46253342865849));
#2001=CARTESIAN_POINT('Ctrl Pts',(1.19104784259533,10.9180222072701,-1.6265709320946));
#2002=CARTESIAN_POINT('Ctrl Pts',(0.737264335730159,10.9444929118372,-1.87796106419815));
#2003=CARTESIAN_POINT('Ctrl Pts',(0.482136241909279,10.9593753839768,-1.95902788865235));
#2004=CARTESIAN_POINT('Ctrl Pts',(-0.0400820174175191,10.9898381157708,
-2.01647336802201));
#2005=CARTESIAN_POINT('Ctrl Pts',(-0.301949804559272,11.0051137366874,-1.99414439932423));
#2006=CARTESIAN_POINT('Ctrl Pts',(-0.796350585964989,11.0339537822694,-1.85212342466977));
#2007=CARTESIAN_POINT('Ctrl Pts',(-1.0248693277868,11.0463523116333,-1.73613597671814));
#2008=CARTESIAN_POINT('Ctrl Pts',(-1.43704917208656,11.0745214219176,-1.41650434687741));
#2009=CARTESIAN_POINT('Ctrl Pts',(-1.61342891941422,11.0900081653701,-1.21177922429355));
#2010=CARTESIAN_POINT('Ctrl Pts',(-1.87017690021484,11.1206188610656,-0.754078109269343));
#2011=CARTESIAN_POINT('Ctrl Pts',(-1.95159109438984,11.1354519238653,-0.5074641201813));
#2012=CARTESIAN_POINT('Ctrl Pts',(-2.01674614225826,11.1632493831424,0.00516558727044591));
#2013=CARTESIAN_POINT('Ctrl Pts',(-1.99908633954478,11.1759837375105,0.266381317953978));
#2014=CARTESIAN_POINT('Ctrl Pts',(-1.86371851603969,11.2054876785271,0.772253238491594));
#2015=CARTESIAN_POINT('Ctrl Pts',(-1.74550254138584,11.2210194297243,1.01145015317785));
#2016=CARTESIAN_POINT('Ctrl Pts',(-1.42900372269803,11.2510004987437,1.42219072994423));
#2017=CARTESIAN_POINT('Ctrl Pts',(-1.2367372578096,11.2651984954745,1.59223308272501));
#2018=CARTESIAN_POINT('Ctrl Pts',(-0.789617263464864,11.291591523012,1.85653468689228));
#2019=CARTESIAN_POINT('Ctrl Pts',(-0.536874251389342,11.3061823334238,1.94475978029285));
#2020=CARTESIAN_POINT('Ctrl Pts',(-0.183138989283285,11.3268168903799,1.9937174503854));
#2021=CARTESIAN_POINT('Ctrl Pts',(-0.0915256477711393,11.3321610019682,
2.));
#2022=CARTESIAN_POINT('Ctrl Pts',(-2.93021112423748E-14,11.3374999980882,
2.));
#2023=CARTESIAN_POINT('Ctrl Pts',(-1.346145417358E-14,11.425,2.));
#2024=CARTESIAN_POINT('Ctrl Pts',(-0.197942708923265,11.4134533419795,2.));
#2025=CARTESIAN_POINT('Ctrl Pts',(-0.395179947176619,11.4019478364147,1.97061169599549));
#2026=CARTESIAN_POINT('Ctrl Pts',(-0.831348456881885,11.3765046733485,1.83715399972191));
#2027=CARTESIAN_POINT('Ctrl Pts',(-1.06062206146287,11.3640389951627,1.71503656478202));
#2028=CARTESIAN_POINT('Ctrl Pts',(-1.46092212813542,11.3359479139079,1.39009071634233));
#2029=CARTESIAN_POINT('Ctrl Pts',(-1.62794799027948,11.3209745541626,1.19012748751181));
#2030=CARTESIAN_POINT('Ctrl Pts',(-1.88016569960964,11.2904562402515,0.731639504113102));
#2031=CARTESIAN_POINT('Ctrl Pts',(-1.96052005961407,11.2752056656621,0.476149029394357));
#2032=CARTESIAN_POINT('Ctrl Pts',(-2.0156087258242,11.2475421103379,-0.0396418953611229));
#2033=CARTESIAN_POINT('Ctrl Pts',(-1.99437869036144,11.2349590216147,-0.294488692610587));
#2034=CARTESIAN_POINT('Ctrl Pts',(-1.85578225117226,11.205879593238,-0.790093400032857));
#2035=CARTESIAN_POINT('Ctrl Pts',(-1.73689847103341,11.1905272480941,-1.02535343819237));
#2036=CARTESIAN_POINT('Ctrl Pts',(-1.41294450292161,11.1601258967233,-1.44010921541715));
#2037=CARTESIAN_POINT('Ctrl Pts',(-1.20982016050268,11.145572842696,-1.61448339698887));
#2038=CARTESIAN_POINT('Ctrl Pts',(-0.756813927909904,11.119147479128,-1.86868488590346));
#2039=CARTESIAN_POINT('Ctrl Pts',(-0.513207616071198,11.1049371109375,-1.94969781501684));
#2040=CARTESIAN_POINT('Ctrl Pts',(0.000997472786271325,11.0749418140874,
-2.01738408885464));
#2041=CARTESIAN_POINT('Ctrl Pts',(0.267276245775328,11.0594088856631,-1.99960360340181));
#2042=CARTESIAN_POINT('Ctrl Pts',(0.772693562523546,11.0299262088528,-1.86284221954171));
#2043=CARTESIAN_POINT('Ctrl Pts',(1.00738606224525,11.0172120536548,-1.74711101514716));
#2044=CARTESIAN_POINT('Ctrl Pts',(1.41808777232938,10.9893965096481,-1.43362478133765));
#2045=CARTESIAN_POINT('Ctrl Pts',(1.59060606707555,10.9745545004256,-1.239432675994));
#2046=CARTESIAN_POINT('Ctrl Pts',(1.85776007795876,10.9439369345507,-0.787603490956548));
#2047=CARTESIAN_POINT('Ctrl Pts',(1.94636334516638,10.9284529204083,-0.532254620276173));
#2048=CARTESIAN_POINT('Ctrl Pts',(2.01600251395185,10.9003074465974,-0.0153249200495172));
#2049=CARTESIAN_POINT('Ctrl Pts',(2.00166779872095,10.8878992938738,0.240494764817294));
#2050=CARTESIAN_POINT('Ctrl Pts',(1.87645081263911,10.8590422424948,0.739422180140132));
#2051=CARTESIAN_POINT('Ctrl Pts',(1.76434122669283,10.8437608224461,0.977189348355577));
#2052=CARTESIAN_POINT('Ctrl Pts',(1.4525650370066,10.8133023567776,1.40010653912402));
#2053=CARTESIAN_POINT('Ctrl Pts',(1.25442002222752,10.7984300462761,1.58010286052758));
#2054=CARTESIAN_POINT('Ctrl Pts',(0.809230437320951,10.7719884102528,1.84648118558432));
#2055=CARTESIAN_POINT('Ctrl Pts',(0.568671556178086,10.7581725074437,1.93417992017437));
#2056=CARTESIAN_POINT('Ctrl Pts',(0.21263829785529,10.7374039007082,1.99152843912796));
#2057=CARTESIAN_POINT('Ctrl Pts',(0.106280967290579,10.7311997230919,2.));
#2058=CARTESIAN_POINT('Ctrl Pts',(2.77555756156289E-16,10.725,2.));
#2059=CARTESIAN_POINT('Origin',(0.,12.,0.));
#2060=CARTESIAN_POINT('',(-5.53480192496237E-15,9.93749999808817,2.));
#2061=CARTESIAN_POINT('',(-1.04186812218244E-15,10.025,2.));
#2062=CARTESIAN_POINT('',(-2.44929359829471E-16,12.,2.));
#2063=CARTESIAN_POINT('Ctrl Pts',(-1.6306400674182E-14,9.93749999808817,
2.));
#2064=CARTESIAN_POINT('Ctrl Pts',(0.242096343865692,9.95162228481367,2.));
#2065=CARTESIAN_POINT('Ctrl Pts',(0.482355988744432,9.96563743076489,1.95603992888393));
#2066=CARTESIAN_POINT('Ctrl Pts',(0.949573312475792,9.99289177464922,1.77890309087945));
#2067=CARTESIAN_POINT('Ctrl Pts',(1.17024418141567,10.0053394468974,1.64216904597182));
#2068=CARTESIAN_POINT('Ctrl Pts',(1.55359651405923,10.0344567968772,1.28712356645601));
#2069=CARTESIAN_POINT('Ctrl Pts',(1.71039748158158,10.0499995041101,1.0699868345255));
#2070=CARTESIAN_POINT('Ctrl Pts',(1.92600995532557,10.0802160296056,0.596338669866365));
#2071=CARTESIAN_POINT('Ctrl Pts',(1.9863334698822,10.094626459076,0.345913941501659));
#2072=CARTESIAN_POINT('Ctrl Pts',(2.01003097700716,10.1216363715527,-0.175061904581957));
#2073=CARTESIAN_POINT('Ctrl Pts',(1.9689148607889,10.1356754166463,-0.440807299987047));
#2074=CARTESIAN_POINT('Ctrl Pts',(1.78647685876334,10.1660394231548,-0.936528121769001));
#2075=CARTESIAN_POINT('Ctrl Pts',(1.64862693517467,10.181458595767,-1.16216089270493));
#2076=CARTESIAN_POINT('Ctrl Pts',(1.29963534056014,10.210782726259,-1.54113774617993));
#2077=CARTESIAN_POINT('Ctrl Pts',(1.09426565465293,10.2236678349,-1.69313449704828));
#2078=CARTESIAN_POINT('Ctrl Pts',(0.626949658875791,10.2509279346537,-1.91762188989946));
#2079=CARTESIAN_POINT('Ctrl Pts',(0.367453237569399,10.2660652258966,-1.98375288741715));
#2080=CARTESIAN_POINT('Ctrl Pts',(-0.155861704661961,10.2965919308601,-2.01065173689685));
#2081=CARTESIAN_POINT('Ctrl Pts',(-0.41454994317559,10.3116820781067,-1.97362223103135));
#2082=CARTESIAN_POINT('Ctrl Pts',(-0.900652605183063,10.3400380667238,-1.8039763572583));
#2083=CARTESIAN_POINT('Ctrl Pts',(-1.1238363053988,10.3523744887865,-1.67406639586585));
#2084=CARTESIAN_POINT('Ctrl Pts',(-1.51674535931519,10.3811905884318,-1.33050170206422));
#2085=CARTESIAN_POINT('Ctrl Pts',(-1.68003857636003,10.3967274903994,-1.11722818659471));
#2086=CARTESIAN_POINT('Ctrl Pts',(-1.90920242710726,10.4270956633882,-0.648402071231199));
#2087=CARTESIAN_POINT('Ctrl Pts',(-1.97643497724206,10.4416545166641,-0.399028247019662));
#2088=CARTESIAN_POINT('Ctrl Pts',(-2.01377957008379,10.4689287288823,0.119300228515704));
#2089=CARTESIAN_POINT('Ctrl Pts',(-1.98053250808108,10.4824415811648,0.383501410553888));
#2090=CARTESIAN_POINT('Ctrl Pts',(-1.8137296409178,10.5125314370092,0.88282240589342));
#2091=CARTESIAN_POINT('Ctrl Pts',(-1.68223897302112,10.5280013724243,1.11313153771665));
#2092=CARTESIAN_POINT('Ctrl Pts',(-1.34385310400118,10.5575539217685,1.50275313037573));
#2093=CARTESIAN_POINT('Ctrl Pts',(-1.14290204505414,10.5708307121266,1.66070009917666));
#2094=CARTESIAN_POINT('Ctrl Pts',(-0.682268781121942,10.597700985856,1.89863875481456));
#2095=CARTESIAN_POINT('Ctrl Pts',(-0.424839933006596,10.6127176686627,1.97225359907383));
#2096=CARTESIAN_POINT('Ctrl Pts',(-0.107096320092024,10.6312527127494,1.99785188288009));
#2097=CARTESIAN_POINT('Ctrl Pts',(-0.0535183653990197,10.6343780934399,
2.));
#2098=CARTESIAN_POINT('Ctrl Pts',(-7.43708407166873E-16,10.6374999980882,
2.));
#2099=CARTESIAN_POINT('Ctrl Pts',(2.56739074444567E-15,10.725,2.));
#2100=CARTESIAN_POINT('Ctrl Pts',(-0.15600575231503,10.7158996644483,2.));
#2101=CARTESIAN_POINT('Ctrl Pts',(-0.311846970966379,10.7068089266936,1.98174610310995));
#2102=CARTESIAN_POINT('Ctrl Pts',(-0.718449391440312,10.683090452166,1.88470192013692));
#2103=CARTESIAN_POINT('Ctrl Pts',(-0.958199751248826,10.6700480903811,1.77485225327664));
#2104=CARTESIAN_POINT('Ctrl Pts',(-1.37826332091544,10.6424882312572,1.47183233970578));
#2105=CARTESIAN_POINT('Ctrl Pts',(-1.55557812658606,10.6277761484465,1.28298137719451));
#2106=CARTESIAN_POINT('Ctrl Pts',(-1.83451773723923,10.5972654163669,0.840071372058923));
#2107=CARTESIAN_POINT('Ctrl Pts',(-1.93010877021465,10.5817491685262,0.588118828074035));
#2108=CARTESIAN_POINT('Ctrl Pts',(-2.01482330687724,10.5532775762976,0.0734374250523345));
#2109=CARTESIAN_POINT('Ctrl Pts',(-2.00779455539266,10.540957375957,-0.183497723238825));
#2110=CARTESIAN_POINT('Ctrl Pts',(-1.89660649850659,10.5123390684981,-0.68579884061335));
#2111=CARTESIAN_POINT('Ctrl Pts',(-1.7916381195928,10.4971436620332,-0.925986359235142));
#2112=CARTESIAN_POINT('Ctrl Pts',(-1.49270029663889,10.4666381955091,-1.35724616014801));
#2113=CARTESIAN_POINT('Ctrl Pts',(-1.29983833443103,10.4516309234526,-1.54296419932051));
#2114=CARTESIAN_POINT('Ctrl Pts',(-0.862852914236772,10.4247897162368,-1.82198865944548));
#2115=CARTESIAN_POINT('Ctrl Pts',(-0.625369783591223,10.4114799040428,-1.91654133355007));
#2116=CARTESIAN_POINT('Ctrl Pts',(-0.118468007944881,10.3819106337968,-2.01369935780957));
#2117=CARTESIAN_POINT('Ctrl Pts',(0.146786507611036,10.3664374537227,-2.01183366631014));
#2118=CARTESIAN_POINT('Ctrl Pts',(0.662255313649868,10.3363684400371,-1.90549349865351));
#2119=CARTESIAN_POINT('Ctrl Pts',(0.907294828325232,10.3228910870257,-1.80173902099928));
#2120=CARTESIAN_POINT('Ctrl Pts',(1.33682425870958,10.2955973460078,-1.50945199700862));
#2121=CARTESIAN_POINT('Ctrl Pts',(1.51883857814085,10.2810277676456,-1.32613515655024));
#2122=CARTESIAN_POINT('Ctrl Pts',(1.80943986321999,10.2506491170256,-0.892572557126719));
#2123=CARTESIAN_POINT('Ctrl Pts',(1.9119946597693,10.2351131375444,-0.644249958728876));
#2124=CARTESIAN_POINT('Ctrl Pts',(2.01197226780761,10.2063199693685,-0.132015141168188));
#2125=CARTESIAN_POINT('Ctrl Pts',(2.01234954768244,10.1939881993841,0.126132804526435));
#2126=CARTESIAN_POINT('Ctrl Pts',(1.915206490553,10.1656144515249,0.63170178169399));
#2127=CARTESIAN_POINT('Ctrl Pts',(1.81741438418457,10.1505168340544,0.874096803125473));
#2128=CARTESIAN_POINT('Ctrl Pts',(1.53151791546828,10.1199906132669,1.31329686128967));
#2129=CARTESIAN_POINT('Ctrl Pts',(1.34410146452347,10.1048615579791,1.50456955064627));
#2130=CARTESIAN_POINT('Ctrl Pts',(0.915430152938497,10.0776292195483,1.79613655374959));
#2131=CARTESIAN_POINT('Ctrl Pts',(0.680904219382095,10.0647194127973,1.89750507235493));
#2132=CARTESIAN_POINT('Ctrl Pts',(0.290924328705956,10.0419705858412,1.984120779711));
#2133=CARTESIAN_POINT('Ctrl Pts',(0.145505747395558,10.0334878352647,2.));
#2134=CARTESIAN_POINT('Ctrl Pts',(-3.95516952522712E-15,10.025,2.));
#2135=CARTESIAN_POINT('Origin',(0.,12.,0.));
#2136=CARTESIAN_POINT('',(-5.8470521506382E-15,9.23749999808817,2.));
#2137=CARTESIAN_POINT('',(-1.22464679914735E-16,9.325,2.));
#2138=CARTESIAN_POINT('',(-2.44929359829471E-16,12.,2.));
#2139=CARTESIAN_POINT('Ctrl Pts',(-2.93021112423748E-14,9.23749999808817,
2.));
#2140=CARTESIAN_POINT('Ctrl Pts',(0.0233998543050008,9.23886498958929,2.));
#2141=CARTESIAN_POINT('Ctrl Pts',(0.0468163256233312,9.24023095041614,1.99958933787549));
#2142=CARTESIAN_POINT('Ctrl Pts',(0.326802957431168,9.25656350393827,1.98975030976007));
#2143=CARTESIAN_POINT('Ctrl Pts',(0.579282273337801,9.27129146403282,1.93141755595181));
#2144=CARTESIAN_POINT('Ctrl Pts',(1.05225991940898,9.29888182672031,1.72071712732358));
#2145=CARTESIAN_POINT('Ctrl Pts',(1.26757158183262,9.31188029574704,1.56888581786269));
#2146=CARTESIAN_POINT('Ctrl Pts',(1.62955918927651,9.34162293244567,1.18912794145703));
#2147=CARTESIAN_POINT('Ctrl Pts',(1.77192894830045,9.3571365582039,0.96423501132117));
#2148=CARTESIAN_POINT('Ctrl Pts',(1.95777415460624,9.38695687645012,0.481243576348632));
#2149=CARTESIAN_POINT('Ctrl Pts',(2.00296531487354,9.40083747207835,0.229146118585438));
#2150=CARTESIAN_POINT('Ctrl Pts',(1.99659302470401,9.42723289971076,-0.289668800790905));
#2151=CARTESIAN_POINT('Ctrl Pts',(1.94065612106496,9.4420889490607,-0.551447126118339));
#2152=CARTESIAN_POINT('Ctrl Pts',(1.73186185681372,9.47254036557302,-1.03368142215379));
#2153=CARTESIAN_POINT('Ctrl Pts',(1.58266237578785,9.48783085881342,-1.25021433207954));
#2154=CARTESIAN_POINT('Ctrl Pts',(1.21432851442597,9.51671482875238,-1.60931100331121));
#2155=CARTESIAN_POINT('Ctrl Pts',(1.00046930620231,9.52913928855965,-1.7502928848772));
#2156=CARTESIAN_POINT('Ctrl Pts',(0.518619073695876,9.5572472187892,-1.95005325052673));
#2157=CARTESIAN_POINT('Ctrl Pts',(0.253255251606675,9.57272677507773,-2.00187440600805));
#2158=CARTESIAN_POINT('Ctrl Pts',(-0.271799702029679,9.60335498070652,-1.99809571924973));
#2159=CARTESIAN_POINT('Ctrl Pts',(-0.526475229578937,9.61821105314689,-1.94656541142434));
#2160=CARTESIAN_POINT('Ctrl Pts',(-1.00380319673342,9.64605518456424,-1.74914162295385));
#2161=CARTESIAN_POINT('Ctrl Pts',(-1.22166517821265,9.65873836820053,-1.60457577930968));
#2162=CARTESIAN_POINT('Ctrl Pts',(-1.59397134426943,9.68818729424759,-1.23658928859673));
#2163=CARTESIAN_POINT('Ctrl Pts',(-1.74329162620729,9.7037219490015,-1.01529297857674));
#2164=CARTESIAN_POINT('Ctrl Pts',(-1.94339259016257,9.73373951224438,-0.536627670769148));
#2165=CARTESIAN_POINT('Ctrl Pts',(-1.99585314336808,9.74796934640351,-0.285238119605364));
#2166=CARTESIAN_POINT('Ctrl Pts',(-2.00383555259749,9.77444567851282,0.234248690407416));
#2167=CARTESIAN_POINT('Ctrl Pts',(-1.95520218655154,9.78893980687206,0.497508452131442));
#2168=CARTESIAN_POINT('Ctrl Pts',(-1.75947633463784,9.81933267725819,0.986128886803182));
#2169=CARTESIAN_POINT('Ctrl Pts',(-1.61580662285188,9.83469225906396,1.20722200940735));
#2170=CARTESIAN_POINT('Ctrl Pts',(-1.25697235683264,9.86379618539316,1.57615728192006));
#2171=CARTESIAN_POINT('Ctrl Pts',(-1.04735587386118,9.87640423877956,1.72257822406975));
#2172=CARTESIAN_POINT('Ctrl Pts',(-0.573805105843495,9.90402803358059,1.93419310235383));
#2173=CARTESIAN_POINT('Ctrl Pts',(-0.312548718230075,9.91926798952471,1.99314592785408));
#2174=CARTESIAN_POINT('Ctrl Pts',(-0.0316270783262925,9.93565508518576,
1.99981254245772));
#2175=CARTESIAN_POINT('Ctrl Pts',(-0.0158096228758048,9.93657777008708,
2.));
#2176=CARTESIAN_POINT('Ctrl Pts',(-1.48741681433375E-14,9.93749999808817,
2.));
#2177=CARTESIAN_POINT('Ctrl Pts',(-1.35308431126191E-15,10.025,2.));
#2178=CARTESIAN_POINT('Ctrl Pts',(-0.115212680300217,10.0182792603158,2.));
#2179=CARTESIAN_POINT('Ctrl Pts',(-0.230480010303355,10.0115553327323,1.99004466255136));
#2180=CARTESIAN_POINT('Ctrl Pts',(-0.606673658278188,9.98961070326709,1.92426147979974));
#2181=CARTESIAN_POINT('Ctrl Pts',(-0.856995121299548,9.97561220270468,1.8265625928565));
#2182=CARTESIAN_POINT('Ctrl Pts',(-1.29567875130163,9.94858331585884,1.54480350142403));
#2183=CARTESIAN_POINT('Ctrl Pts',(-1.48208690830367,9.93416203732079,1.36695901947113));
#2184=CARTESIAN_POINT('Ctrl Pts',(-1.78370477706135,9.90393403470556,0.942738904723284));
#2185=CARTESIAN_POINT('Ctrl Pts',(-1.89288681441239,9.88839134103291,0.698109639064148));
#2186=CARTESIAN_POINT('Ctrl Pts',(-2.00764537398244,9.85929506112895,0.188408551696262));
#2187=CARTESIAN_POINT('Ctrl Pts',(-2.01521603416286,9.84685826637362,-0.0709751787308367));
#2188=CARTESIAN_POINT('Ctrl Pts',(-1.93152673636588,9.81872352698023,-0.579580546828781));
#2189=CARTESIAN_POINT('Ctrl Pts',(-1.84062283509448,9.80373025093375,-0.823887050781265));
#2190=CARTESIAN_POINT('Ctrl Pts',(-1.5673729986633,9.77320859044714,-1.27029837495216));
#2191=CARTESIAN_POINT('Ctrl Pts',(-1.38530952927276,9.75797547672123,-1.4667214325271));
#2192=CARTESIAN_POINT('Ctrl Pts',(-0.964700480080685,9.73037706368619,-1.7701895828663));
#2193=CARTESIAN_POINT('Ctrl Pts',(-0.732900309440269,9.71775251805067,-1.87805680948926));
#2194=CARTESIAN_POINT('Ctrl Pts',(-0.233708525708429,9.68863299733298,-2.00340268559492));
#2195=CARTESIAN_POINT('Ctrl Pts',(0.0296765037098624,9.67326887061691,-2.01676789787092));
#2196=CARTESIAN_POINT('Ctrl Pts',(0.550601862795057,9.64288155800361,-1.94091992685875));
#2197=CARTESIAN_POINT('Ctrl Pts',(0.802735750626684,9.62842450671164,-1.85090511260813));
#2198=CARTESIAN_POINT('Ctrl Pts',(1.24815203146665,9.60191577888446,-1.5833295972161));
#2199=CARTESIAN_POINT('Ctrl Pts',(1.43932214943162,9.58767359393043,-1.41177956827061));
#2200=CARTESIAN_POINT('Ctrl Pts',(1.75301798333705,9.55764198070422,-0.998420171664761));
#2201=CARTESIAN_POINT('Ctrl Pts',(1.86952469575761,9.54210631179764,-0.75815886343453));
#2202=CARTESIAN_POINT('Ctrl Pts',(2.00094880226684,9.51267898831697,-0.251526670713794));
#2203=CARTESIAN_POINT('Ctrl Pts',(2.01667135187019,9.50001493190665,0.00932963439298513));
#2204=CARTESIAN_POINT('Ctrl Pts',(1.94798908249255,9.47215257717444,0.521207496418621));
#2205=CARTESIAN_POINT('Ctrl Pts',(1.86477003780476,9.4572875908852,0.767411375786746));
#2206=CARTESIAN_POINT('Ctrl Pts',(1.60453410268582,9.42665274474389,1.22357677429357));
#2207=CARTESIAN_POINT('Ctrl Pts',(1.42651224767528,9.41117612249306,1.42715347773017));
#2208=CARTESIAN_POINT('Ctrl Pts',(1.01190795293684,9.38309224053314,1.74369826716547));
#2209=CARTESIAN_POINT('Ctrl Pts',(0.782685939294461,9.37065667979217,1.85791719714535));
#2210=CARTESIAN_POINT('Ctrl Pts',(0.362619544019865,9.34615280673448,1.97528016545609));
#2211=CARTESIAN_POINT('Ctrl Pts',(0.181542690351345,9.3355899902705,2.));
#2212=CARTESIAN_POINT('Ctrl Pts',(-1.33573707650214E-14,9.325,2.));
#2213=CARTESIAN_POINT('Origin',(0.,12.,0.));
#2214=CARTESIAN_POINT('',(-9.95834678870323E-15,8.53749999808817,2.));
#2215=CARTESIAN_POINT('',(-1.05828472400549E-14,8.625,2.));
#2216=CARTESIAN_POINT('',(-2.44929359829471E-16,12.,2.));
#2217=CARTESIAN_POINT('Ctrl Pts',(-1.48741681433375E-14,8.53749999808817,
2.));
#2218=CARTESIAN_POINT('Ctrl Pts',(0.0608007199683322,8.54104670675299,2.));
#2219=CARTESIAN_POINT('Ctrl Pts',(0.12167368339605,8.54459762961955,1.99722752354852));
#2220=CARTESIAN_POINT('Ctrl Pts',(0.436703779674935,8.56297438523582,1.96837180438903));
#2221=CARTESIAN_POINT('Ctrl Pts',(0.684222398700341,8.57741297134564,1.89659690164428));
#2222=CARTESIAN_POINT('Ctrl Pts',(1.14809545260297,8.60447223282329,1.65906303617605));
#2223=CARTESIAN_POINT('Ctrl Pts',(1.35816406943868,8.61840670187553,1.49200007776418));
#2224=CARTESIAN_POINT('Ctrl Pts',(1.69830053768601,8.64872064663841,1.08831747347219));
#2225=CARTESIAN_POINT('Ctrl Pts',(1.82612772636291,8.66415025111326,0.856691576508706));
#2226=CARTESIAN_POINT('Ctrl Pts',(1.98253299550998,8.69351732039815,0.365674988515583));
#2227=CARTESIAN_POINT('Ctrl Pts',(2.01285240326048,8.70646776433165,0.111986922652904));
#2228=CARTESIAN_POINT('Ctrl Pts',(1.97640801039825,8.73365558827492,-0.405151239225975));
#2229=CARTESIAN_POINT('Ctrl Pts',(1.90533138385767,8.74877132225445,-0.663329064002397));
#2230=CARTESIAN_POINT('Ctrl Pts',(1.66944771214714,8.77929648829612,-1.13138314542735));
#2231=CARTESIAN_POINT('Ctrl Pts',(1.50904689626166,8.79440593531193,-1.33786517583361));
#2232=CARTESIAN_POINT('Ctrl Pts',(1.12091127879977,8.82280806545596,-1.67599134349733));
#2233=CARTESIAN_POINT('Ctrl Pts',(0.897712717976812,8.8351334228728,-1.80540872862104));
#2234=CARTESIAN_POINT('Ctrl Pts',(0.404745067692181,8.86388986913941,-1.97661618367823));
#2235=CARTESIAN_POINT('Ctrl Pts',(0.138441686321421,8.8794242330527,-2.01286865143577));
#2236=CARTESIAN_POINT('Ctrl Pts',(-0.382617814896281,8.90981937062373,-1.97968435424465));
#2237=CARTESIAN_POINT('Ctrl Pts',(-0.632673858593207,8.92440597317272,-1.91449974144464));
#2238=CARTESIAN_POINT('Ctrl Pts',(-1.10110023351214,8.951730845043,-1.69023028409798));
#2239=CARTESIAN_POINT('Ctrl Pts',(-1.31378086025954,8.96515259893343,-1.53078995289758));
#2240=CARTESIAN_POINT('Ctrl Pts',(-1.66488993120253,8.99518822244948,-1.13895171561503));
#2241=CARTESIAN_POINT('Ctrl Pts',(-1.79998551628341,9.01066642842147,-0.910560169130585));
#2242=CARTESIAN_POINT('Ctrl Pts',(-1.9710193163278,9.04026230638961,-0.423460130079031));
#2243=CARTESIAN_POINT('Ctrl Pts',(-2.008746863805,9.05362592177396,-0.170611150643119));
#2244=CARTESIAN_POINT('Ctrl Pts',(-1.98736020382057,9.08042072084699,0.347440722578815));
#2245=CARTESIAN_POINT('Ctrl Pts',(-1.92384212966999,9.09541285065662,0.607535751585964));
#2246=CARTESIAN_POINT('Ctrl Pts',(-1.70141615663561,9.12591416767185,1.08288755067301));
#2247=CARTESIAN_POINT('Ctrl Pts',(-1.54654764829641,9.14112027108403,1.29447696078052));
#2248=CARTESIAN_POINT('Ctrl Pts',(-1.16829652008012,9.1697668690982,1.64314914979262));
#2249=CARTESIAN_POINT('Ctrl Pts',(-0.949846856788984,9.18209226477542,1.77838180323466));
#2250=CARTESIAN_POINT('Ctrl Pts',(-0.484320481652234,9.20924796999173,1.95568953444699));
#2251=CARTESIAN_POINT('Ctrl Pts',(-0.24305666120347,9.2233216928513,2.));
#2252=CARTESIAN_POINT('Ctrl Pts',(-2.79637424327461E-14,9.23749999808817,
2.));
#2253=CARTESIAN_POINT('Ctrl Pts',(-1.47997952317082E-14,9.325,2.));
#2254=CARTESIAN_POINT('Ctrl Pts',(-0.0779537735900976,9.32045269654058,
2.));
#2255=CARTESIAN_POINT('Ctrl Pts',(-0.155993438729575,9.31590038274076,1.99544252809133));
#2256=CARTESIAN_POINT('Ctrl Pts',(-0.496927113463461,9.29601258504796,1.95532640798989));
#2257=CARTESIAN_POINT('Ctrl Pts',(-0.751422355449052,9.28116702926546,1.87233925085583));
#2258=CARTESIAN_POINT('Ctrl Pts',(-1.20340758889514,9.25480122398111,1.61747002303377));
#2259=CARTESIAN_POINT('Ctrl Pts',(-1.39881400071494,9.24087849541472,1.45183277432242));
#2260=CARTESIAN_POINT('Ctrl Pts',(-1.72335708324395,9.21104185464445,1.04859549334077));
#2261=CARTESIAN_POINT('Ctrl Pts',(-1.84643565757693,9.19552615896502,0.812523818717119));
#2262=CARTESIAN_POINT('Ctrl Pts',(-1.99314585336784,9.16580564902364,0.308913466946127));
#2263=CARTESIAN_POINT('Ctrl Pts',(-2.01639807505471,9.15283461454244,0.0466433830376351));
#2264=CARTESIAN_POINT('Ctrl Pts',(-1.96133853878328,9.1252247259029,-0.46810203504613));
#2265=CARTESIAN_POINT('Ctrl Pts',(-1.88508425070388,9.11048665433943,-0.715814758479778));
#2266=CARTESIAN_POINT('Ctrl Pts',(-1.63833627867704,9.07995341120559,-1.17775621815272));
#2267=CARTESIAN_POINT('Ctrl Pts',(-1.46668042228749,9.06444241424703,-1.38568877535291));
#2268=CARTESIAN_POINT('Ctrl Pts',(-1.06146392810435,9.03603328444184,-1.71409185160092));
#2269=CARTESIAN_POINT('Ctrl Pts',(-0.834922789788555,9.02370382940433,-1.83513647770623));
#2270=CARTESIAN_POINT('Ctrl Pts',(-0.343527335734693,8.99503909458452,-1.98733426455662));
#2271=CARTESIAN_POINT('Ctrl Pts',(-0.0827349094157385,8.97982620304924,
-2.01510444845997));
#2272=CARTESIAN_POINT('Ctrl Pts',(0.44009583512945,8.94932774295077,-1.96890372497609));
#2273=CARTESIAN_POINT('Ctrl Pts',(0.696935334020956,8.93434543884877,-1.8933026941969));
#2274=CARTESIAN_POINT('Ctrl Pts',(1.15576247853691,8.90758052208534,-1.65178554917559));
#2275=CARTESIAN_POINT('Ctrl Pts',(1.35554049275994,8.89418156246785,-1.49223257379095));
#2276=CARTESIAN_POINT('Ctrl Pts',(1.69104745970964,8.86456860975865,-1.09975316970899));
#2277=CARTESIAN_POINT('Ctrl Pts',(1.82079811920586,8.84908726813558,-0.868213659205222));
#2278=CARTESIAN_POINT('Ctrl Pts',(1.98339249383573,8.81907321797605,-0.367963452969695));
#2279=CARTESIAN_POINT('Ctrl Pts',(2.01453580473008,8.80568656093772,-0.104172463106131));
#2280=CARTESIAN_POINT('Ctrl Pts',(1.9734978306249,8.77834167558486,0.413422603020711));
#2281=CARTESIAN_POINT('Ctrl Pts',(1.90438867298283,8.76374417622126,0.662477961523627));
#2282=CARTESIAN_POINT('Ctrl Pts',(1.67155675675207,8.73333858055519,1.12992709518931));
#2283=CARTESIAN_POINT('Ctrl Pts',(1.50651327597671,8.71780535007557,1.34211741880875));
#2284=CARTESIAN_POINT('Ctrl Pts',(1.11102921792701,8.68907262434816,1.68254505771716));
#2285=CARTESIAN_POINT('Ctrl Pts',(0.887155270779748,8.67675072412881,1.81060760997726));
#2286=CARTESIAN_POINT('Ctrl Pts',(0.437193267870607,8.65050294062578,1.96396360375992));
#2287=CARTESIAN_POINT('Ctrl Pts',(0.219191238357603,8.63778615557086,2.));
#2288=CARTESIAN_POINT('Ctrl Pts',(-2.9767854847762E-14,8.625,2.));
#2289=CARTESIAN_POINT('Origin',(0.,12.,0.));
#2290=CARTESIAN_POINT('',(4.29240656644624E-15,7.83749999808817,2.));
#2291=CARTESIAN_POINT('',(3.83270484531239E-15,7.925,2.));
#2292=CARTESIAN_POINT('',(-2.44929359829471E-16,12.,2.));
#2293=CARTESIAN_POINT('Ctrl Pts',(-4.83987849797529E-15,7.83749999808817,
2.));
#2294=CARTESIAN_POINT('Ctrl Pts',(0.100183643554553,7.84334404396219,2.));
#2295=CARTESIAN_POINT('Ctrl Pts',(0.200452186179229,7.84919304228189,1.99247260548053));
#2296=CARTESIAN_POINT('Ctrl Pts',(0.551125798865916,7.86964900302195,1.93927820762379));
#2297=CARTESIAN_POINT('Ctrl Pts',(0.792649082430293,7.88364094036007,1.85368345131076));
#2298=CARTESIAN_POINT('Ctrl Pts',(1.24032404736193,7.90995885173263,1.591189174008));
#2299=CARTESIAN_POINT('Ctrl Pts',(1.44004928607994,7.92478732785582,1.41297289098371));
#2300=CARTESIAN_POINT('Ctrl Pts',(1.75570397242386,7.95522618690499,0.992683061714331));
#2301=CARTESIAN_POINT('Ctrl Pts',(1.86998658549995,7.9705315025813,0.755697480540339));
#2302=CARTESIAN_POINT('Ctrl Pts',(1.99948675043037,7.99946031611366,0.257822437443238));
#2303=CARTESIAN_POINT('Ctrl Pts',(2.01603596487035,8.01191488533979,0.00232386003097856));
#2304=CARTESIAN_POINT('Ctrl Pts',(1.95096538737774,8.03995991807376,-0.515255299910745));
#2305=CARTESIAN_POINT('Ctrl Pts',(1.86449970503072,8.05543167183008,-0.771595613082133));
#2306=CARTESIAN_POINT('Ctrl Pts',(1.60096706537404,8.08607695945722,-1.22606434615349));
#2307=CARTESIAN_POINT('Ctrl Pts',(1.4299316064382,8.10095619143739,-1.42184938666453));
#2308=CARTESIAN_POINT('Ctrl Pts',(1.02206950793621,8.12884784146138,-1.73848157942767));
#2309=CARTESIAN_POINT('Ctrl Pts',(0.788877211911181,8.14148216072662,-1.8559707792786));
#2310=CARTESIAN_POINT('Ctrl Pts',(0.285006597393464,8.17087461324016,-1.99718466576211));
#2311=CARTESIAN_POINT('Ctrl Pts',(0.0186553198927561,8.18641177109436,-2.01732847293752));
#2312=CARTESIAN_POINT('Ctrl Pts',(-0.496555484602641,8.21646573468993,-1.95403274191723));
#2313=CARTESIAN_POINT('Ctrl Pts',(-0.741045962970697,8.2307276792614,-1.87502216559433));
#2314=CARTESIAN_POINT('Ctrl Pts',(-1.19637139193081,8.25728832928408,-1.62448085187143));
#2315=CARTESIAN_POINT('Ctrl Pts',(-1.40095362918544,8.27168657140657,-1.45178006251726));
#2316=CARTESIAN_POINT('Ctrl Pts',(-1.72847479759816,8.30206470060274,-1.0395434891896));
#2317=CARTESIAN_POINT('Ctrl Pts',(-1.84936527755991,8.31743602194566,-0.805066388390371));
#2318=CARTESIAN_POINT('Ctrl Pts',(-1.99194177126817,8.34658057569678,-0.310470418431865));
#2319=CARTESIAN_POINT('Ctrl Pts',(-2.01521116928791,8.35923257806413,-0.0558959700734793));
#2320=CARTESIAN_POINT('Ctrl Pts',(-1.9643193399183,8.38679012931458,0.460219663088597));
#2321=CARTESIAN_POINT('Ctrl Pts',(-1.88604447710544,8.4020121243243,0.716345007108694));
#2322=CARTESIAN_POINT('Ctrl Pts',(-1.63746998640614,8.43253548643429,1.17703633218772));
#2323=CARTESIAN_POINT('Ctrl Pts',(-1.47191304130804,8.44754104412897,1.37848499477586));
#2324=CARTESIAN_POINT('Ctrl Pts',(-1.07434370768089,8.47570299094772,1.70641020704333));
#2325=CARTESIAN_POINT('Ctrl Pts',(-0.84645808554306,8.48812327643143,1.83018112595438));
#2326=CARTESIAN_POINT('Ctrl Pts',(-0.406441043155611,8.51379093723737,1.96889986025354));
#2327=CARTESIAN_POINT('Ctrl Pts',(-0.203625671868537,8.52562183389584,2.));
#2328=CARTESIAN_POINT('Ctrl Pts',(-1.66533453693773E-14,8.53749999808817,
2.));
#2329=CARTESIAN_POINT('Ctrl Pts',(-2.92649217081766E-14,8.625,2.));
#2330=CARTESIAN_POINT('Ctrl Pts',(-0.0392485146093608,8.62271050331445,
2.));
#2331=CARTESIAN_POINT('Ctrl Pts',(-0.078535158463202,8.62041878242297,1.99884468180297));
#2332=CARTESIAN_POINT('Ctrl Pts',(-0.382474250287963,8.60268900206653,1.98091010631018));
#2333=CARTESIAN_POINT('Ctrl Pts',(-0.641452147007135,8.58758195809125,1.91281831204903));
#2334=CARTESIAN_POINT('Ctrl Pts',(-1.10703562749867,8.56042292172924,1.6848106915164));
#2335=CARTESIAN_POINT('Ctrl Pts',(-1.31124730396741,8.54744552164534,1.53126952508103));
#2336=CARTESIAN_POINT('Ctrl Pts',(-1.65749570203353,8.51806142476217,1.14952185964036));
#2337=CARTESIAN_POINT('Ctrl Pts',(-1.79370896196908,8.50262779485351,0.922657980251245));
#2338=CARTESIAN_POINT('Ctrl Pts',(-1.97208337331211,8.47233388826456,0.425978661835982));
#2339=CARTESIAN_POINT('Ctrl Pts',(-2.01114587000953,8.45844018485187,0.160637260249248));
#2340=CARTESIAN_POINT('Ctrl Pts',(-1.98391239125293,8.43136131268152,-0.359662139581983));
#2341=CARTESIAN_POINT('Ctrl Pts',(-1.92180286590692,8.41691159199755,-0.609833478459253));
#2342=CARTESIAN_POINT('Ctrl Pts',(-1.70268027426521,8.38665378034747,-1.08227232951845));
#2343=CARTESIAN_POINT('Ctrl Pts',(-1.54419376402616,8.37111141488006,-1.29842914770443));
#2344=CARTESIAN_POINT('Ctrl Pts',(-1.15835842009627,8.34207104953909,-1.65051715934858));
#2345=CARTESIAN_POINT('Ctrl Pts',(-0.937042736635548,8.32966082630374,-1.78548265931458));
#2346=CARTESIAN_POINT('Ctrl Pts',(-0.453964895880521,8.30148128559303,-1.96486399682743));
#2347=CARTESIAN_POINT('Ctrl Pts',(-0.196591537503343,8.28646783968769,-2.00701278409078));
#2348=CARTESIAN_POINT('Ctrl Pts',(0.32668224606283,8.25594353564633,-1.99087700332519));
#2349=CARTESIAN_POINT('Ctrl Pts',(0.587505799365404,8.24072882837035,-1.93007472815093));
#2350=CARTESIAN_POINT('Ctrl Pts',(1.05946611503336,8.21319780995638,-1.71514470073533));
#2351=CARTESIAN_POINT('Ctrl Pts',(1.26798689525019,8.20052738257623,-1.56729814176751));
#2352=CARTESIAN_POINT('Ctrl Pts',(1.62431411066641,8.17136662160664,-1.19579038880239));
#2353=CARTESIAN_POINT('Ctrl Pts',(1.76650967865369,8.15599070917596,-0.973522906341288));
#2354=CARTESIAN_POINT('Ctrl Pts',(1.95876242342195,8.12561869933331,-0.483310203994782));
#2355=CARTESIAN_POINT('Ctrl Pts',(2.00548930896512,8.11125806303866,-0.219682599451601));
#2356=CARTESIAN_POINT('Ctrl Pts',(1.99371855941572,8.08466385145752,0.299950419650609));
#2357=CARTESIAN_POINT('Ctrl Pts',(1.93935433314282,8.07038915810101,0.551128866474109));
#2358=CARTESIAN_POINT('Ctrl Pts',(1.73548925885057,8.04032085900424,1.0286252736136));
#2359=CARTESIAN_POINT('Ctrl Pts',(1.58434889561931,8.02478282919481,1.24893756798155));
#2360=CARTESIAN_POINT('Ctrl Pts',(1.20935040996517,7.99541308086836,1.61380233485112));
#2361=CARTESIAN_POINT('Ctrl Pts',(0.9908121053078,7.98279737280962,1.75646457527707));
#2362=CARTESIAN_POINT('Ctrl Pts',(0.512493346802827,7.95489544523016,1.95029599808758));
#2363=CARTESIAN_POINT('Ctrl Pts',(0.25743341172905,7.94001694901753,2.));
#2364=CARTESIAN_POINT('Ctrl Pts',(1.4363510381088E-14,7.925,2.));
#2365=CARTESIAN_POINT('Origin',(0.,12.,0.));
#2366=CARTESIAN_POINT('',(-1.03319450480256E-15,7.13749999808817,2.));
#2367=CARTESIAN_POINT('',(4.38781635762496E-15,7.225,2.));
#2368=CARTESIAN_POINT('',(-2.44929359829471E-16,12.,2.));
#2369=CARTESIAN_POINT('Ctrl Pts',(2.35922392732846E-15,7.13749999808817,
2.));
#2370=CARTESIAN_POINT('Ctrl Pts',(0.13950736799933,7.14563792788813,2.));
#2371=CARTESIAN_POINT('Ctrl Pts',(0.278966945784712,7.15377306992554,1.98540311992137));
#2372=CARTESIAN_POINT('Ctrl Pts',(0.663825536843384,7.17622315440397,1.90354780878787));
#2373=CARTESIAN_POINT('Ctrl Pts',(0.899255488285369,7.18924566688336,1.80428787584718));
#2374=CARTESIAN_POINT('Ctrl Pts',(1.33051484105647,7.21635773783314,1.5165957577352));
#2375=CARTESIAN_POINT('Ctrl Pts',(1.51963526880347,7.23145047882483,1.32702569648329));
#2376=CARTESIAN_POINT('Ctrl Pts',(1.80959272016675,7.26197306751583,0.890242144608931));
#2377=CARTESIAN_POINT('Ctrl Pts',(1.90961132359753,7.27710222716958,0.648508218553747));
#2378=CARTESIAN_POINT('Ctrl Pts',(2.01110777663259,7.30555235255812,0.143940792696442));
#2379=CARTESIAN_POINT('Ctrl Pts',(2.01303675448401,7.31786981282968,-0.113821538963784));
#2380=CARTESIAN_POINT('Ctrl Pts',(1.91780830378055,7.34656386299096,-0.626836255935925));
#2381=CARTESIAN_POINT('Ctrl Pts',(1.81740770050441,7.36209509648923,-0.87630863230143));
#2382=CARTESIAN_POINT('Ctrl Pts',(1.53040471188406,7.39251741327806,-1.31281307513129));
#2383=CARTESIAN_POINT('Ctrl Pts',(1.34983531967955,7.40713250177813,-1.49786501181172));
#2384=CARTESIAN_POINT('Ctrl Pts',(0.923249868142709,7.43450983990639,-1.79350653641027));
#2385=CARTESIAN_POINT('Ctrl Pts',(0.67987419622233,7.44784066997513,-1.89917386159585));
#2386=CARTESIAN_POINT('Ctrl Pts',(0.165950374562504,7.47781955957196,-2.01037608808244));
#2387=CARTESIAN_POINT('Ctrl Pts',(-0.0995284841401715,7.49330582632961,
-2.01475625932642));
#2388=CARTESIAN_POINT('Ctrl Pts',(-0.607652851073835,7.52294641440075,-1.92224561784539));
#2389=CARTESIAN_POINT('Ctrl Pts',(-0.84609062431421,7.53640394275735,-1.8298446766632));
#2390=CARTESIAN_POINT('Ctrl Pts',(-1.28566905494966,7.5631203256565,-1.55478817248279));
#2391=CARTESIAN_POINT('Ctrl Pts',(-1.48021127231744,7.57808654594364,-1.37085284336791));
#2392=CARTESIAN_POINT('Ctrl Pts',(-1.78321155830644,7.60858005892089,-0.942175125444079));
#2393=CARTESIAN_POINT('Ctrl Pts',(-1.89043120312637,7.62380380999428,-0.702726298061627));
#2394=CARTESIAN_POINT('Ctrl Pts',(-2.00603503324355,7.65249787017482,-0.201475113548998));
#2395=CARTESIAN_POINT('Ctrl Pts',(-2.01537262946381,7.66483510002503,0.0550984225661252));
#2396=CARTESIAN_POINT('Ctrl Pts',(-1.93542165577568,7.69320453974679,0.570507974732067));
#2397=CARTESIAN_POINT('Ctrl Pts',(-1.84202735063528,7.70871196884346,0.823554234263712));
#2398=CARTESIAN_POINT('Ctrl Pts',(-1.56678391582392,7.73925900265103,1.26931681537112));
#2399=CARTESIAN_POINT('Ctrl Pts',(-1.39096844589213,7.75401331166862,1.45986928189584));
#2400=CARTESIAN_POINT('Ctrl Pts',(-0.973861717255041,7.78165472319558,1.76621064735197));
#2401=CARTESIAN_POINT('Ctrl Pts',(-0.735727418510696,7.79458256534164,1.87793278208429));
#2402=CARTESIAN_POINT('Ctrl Pts',(-0.324516204224128,7.81856988617503,1.98022632449832));
#2403=CARTESIAN_POINT('Ctrl Pts',(-0.162369605680158,7.82802843775683,2.));
#2404=CARTESIAN_POINT('Ctrl Pts',(-1.70002900645727E-15,7.83749999808817,
2.));
#2405=CARTESIAN_POINT('Ctrl Pts',(1.34983056031221E-14,7.925,2.));
#2406=CARTESIAN_POINT('Ctrl Pts',(-0.000161199918581955,7.92499059667142,
2.));
#2407=CARTESIAN_POINT('Ctrl Pts',(-0.000322400767825987,7.92498119328854,
1.99999998051094));
#2408=CARTESIAN_POINT('Ctrl Pts',(-0.268347209542778,7.90934641277667,1.99993517176932));
#2409=CARTESIAN_POINT('Ctrl Pts',(-0.533521433699105,7.89387791636755,1.94605786361751));
#2410=CARTESIAN_POINT('Ctrl Pts',(-1.01385945304495,7.86585819857238,1.74254806499216));
#2411=CARTESIAN_POINT('Ctrl Pts',(-1.22650655856649,7.8533905318294,1.60002511508721));
#2412=CARTESIAN_POINT('Ctrl Pts',(-1.59215982240048,7.82444375854566,1.23813761633346));
#2413=CARTESIAN_POINT('Ctrl Pts',(-1.73980826477304,7.80913261025456,1.02030034985521));
#2414=CARTESIAN_POINT('Ctrl Pts',(-1.94489941026462,7.77869906867691,0.536281889150272));
#2415=CARTESIAN_POINT('Ctrl Pts',(-1.99878952316047,7.76388180661561,0.274089637831907));
#2416=CARTESIAN_POINT('Ctrl Pts',(-2.00111976443558,7.73759513072516,-0.244906233361878));
#2417=CARTESIAN_POINT('Ctrl Pts',(-1.95390418727269,7.72355733559538,-0.496815578528086));
#2418=CARTESIAN_POINT('Ctrl Pts',(-1.76403256626968,7.69367731410864,-0.978664179559553));
#2419=CARTESIAN_POINT('Ctrl Pts',(-1.61970168908884,7.67815646527814,-1.20256783734989));
#2420=CARTESIAN_POINT('Ctrl Pts',(-1.25479602685773,7.64849532427745,-1.57902777758812));
#2421=CARTESIAN_POINT('Ctrl Pts',(-1.03876928759691,7.63559487510982,-1.72880924022148));
#2422=CARTESIAN_POINT('Ctrl Pts',(-0.564564617998002,7.60793293604988,-1.9357960954194));
#2423=CARTESIAN_POINT('Ctrl Pts',(-0.311453338862339,7.59316811143364,-1.99223551003659));
#2424=CARTESIAN_POINT('Ctrl Pts',(0.212361211642302,7.5626122626542,-2.00654985173012));
#2425=CARTESIAN_POINT('Ctrl Pts',(0.478161157311184,7.54710726582352,-1.96028873011425));
#2426=CARTESIAN_POINT('Ctrl Pts',(0.964048945954857,7.51876381148597,-1.77068864284104));
#2427=CARTESIAN_POINT('Ctrl Pts',(1.18120912153448,7.50642070033472,-1.63385440827128));
#2428=CARTESIAN_POINT('Ctrl Pts',(1.55671130599016,7.47770751373096,-1.28227700360626));
#2429=CARTESIAN_POINT('Ctrl Pts',(1.71001977781616,7.46247675792409,-1.0692989151391));
#2430=CARTESIAN_POINT('Ctrl Pts',(1.92867897495666,7.431986691328,-0.591995067519444));
#2431=CARTESIAN_POINT('Ctrl Pts',(1.99009475675633,7.4170310928649,-0.331409412580309));
#2432=CARTESIAN_POINT('Ctrl Pts',(2.00731017974719,7.39034651000157,0.18686901029954));
#2433=CARTESIAN_POINT('Ctrl Pts',(1.96751748281565,7.37684982850563,0.439500761184589));
#2434=CARTESIAN_POINT('Ctrl Pts',(1.7923915913056,7.34719119840562,0.925480400191953));
#2435=CARTESIAN_POINT('Ctrl Pts',(1.6552772382392,7.33170181710451,1.15292762458307));
#2436=CARTESIAN_POINT('Ctrl Pts',(1.30113969226042,7.30174604658556,1.54143669158141));
#2437=CARTESIAN_POINT('Ctrl Pts',(1.08773150727796,7.28845100459122,1.6987639244807));
#2438=CARTESIAN_POINT('Ctrl Pts',(0.618041792265659,7.26105243788217,1.91929871981901));
#2439=CARTESIAN_POINT('Ctrl Pts',(0.367301112814752,7.24642589824753,1.98260817668216));
#2440=CARTESIAN_POINT('Ctrl Pts',(0.0743162722150511,7.22933511587921,1.9989654813497));
#2441=CARTESIAN_POINT('Ctrl Pts',(0.0371399706958042,7.22716649829059,2.));
#2442=CARTESIAN_POINT('Ctrl Pts',(-8.1807919191295E-16,7.225,2.));
#2443=CARTESIAN_POINT('Origin',(0.,12.,0.));
#2444=CARTESIAN_POINT('',(-9.31649910259181E-15,6.43749999808817,2.));
#2445=CARTESIAN_POINT('',(5.10076676829454E-17,6.525,2.));
#2446=CARTESIAN_POINT('',(-2.44929359829471E-16,12.,2.));
#2447=CARTESIAN_POINT('Ctrl Pts',(-1.41206490944512E-14,6.43749999808817,
2.));
#2448=CARTESIAN_POINT('Ctrl Pts',(0.175469175687389,6.44773570000327,2.));
#2449=CARTESIAN_POINT('Ctrl Pts',(0.350555355942376,6.45794906051807,1.97690665842733));
#2450=CARTESIAN_POINT('Ctrl Pts',(0.765641511627221,6.48216241959969,1.86498223688628));
#2451=CARTESIAN_POINT('Ctrl Pts',(0.995743172330983,6.49465320778384,1.75295351667695));
#2452=CARTESIAN_POINT('Ctrl Pts',(1.41112434049984,6.52248207066629,1.44190532388692));
#2453=CARTESIAN_POINT('Ctrl Pts',(1.58968562848181,6.53777547008479,1.24226693370404));
#2454=CARTESIAN_POINT('Ctrl Pts',(1.85474754269823,6.56828174375821,0.791432890349176));
#2455=CARTESIAN_POINT('Ctrl Pts',(1.94122729717489,6.58320268019506,0.54600405696006));
#2456=CARTESIAN_POINT('Ctrl Pts',(2.01627856148077,6.61118137340884,0.0355004311741186));
#2457=CARTESIAN_POINT('Ctrl Pts',(2.00403314208612,6.62373477271213,-0.224719398073905));
#2458=CARTESIAN_POINT('Ctrl Pts',(1.87970452959338,6.65302257324695,-0.732686338105894));
#2459=CARTESIAN_POINT('Ctrl Pts',(1.76629656238546,6.6685631199679,-0.974833263402602));
#2460=CARTESIAN_POINT('Ctrl Pts',(1.45769743164506,6.69868176101704,-1.39285794707831));
#2461=CARTESIAN_POINT('Ctrl Pts',(1.26852943827332,6.71300171639343,-1.5671033583148));
#2462=CARTESIAN_POINT('Ctrl Pts',(0.823925087075501,6.73985523779903,-1.84197278431522));
#2463=CARTESIAN_POINT('Ctrl Pts',(0.570100847312713,6.75424411532819,-1.93566135142707));
#2464=CARTESIAN_POINT('Ctrl Pts',(0.046914430965333,6.78476332294845,-2.01646904282949));
#2465=CARTESIAN_POINT('Ctrl Pts',(-0.216799234342059,6.80014662009139,-2.00533129250957));
#2466=CARTESIAN_POINT('Ctrl Pts',(-0.717151802307095,6.82933385322268,-1.88411604781771));
#2467=CARTESIAN_POINT('Ctrl Pts',(-0.949773602124367,6.84203547766974,-1.77823059075094));
#2468=CARTESIAN_POINT('Ctrl Pts',(-1.37285465217267,6.86952302666707,-1.47838418958343));
#2469=CARTESIAN_POINT('Ctrl Pts',(-1.55656609283566,6.88472567931134,-1.28351556170696));
#2470=CARTESIAN_POINT('Ctrl Pts',(-1.83369192628535,6.91525125079882,-0.839264627718288));
#2471=CARTESIAN_POINT('Ctrl Pts',(-1.92669976055936,6.9302774734922,-0.595520655578626));
#2472=CARTESIAN_POINT('Ctrl Pts',(-2.01449703313108,6.95848571596397,-0.0878320442083194));
#2473=CARTESIAN_POINT('Ctrl Pts',(-2.00913371447753,6.97088056444371,0.17116554364515));
#2474=CARTESIAN_POINT('Ctrl Pts',(-1.89890456157857,6.99988489013688,0.68166146385889));
#2475=CARTESIAN_POINT('Ctrl Pts',(-1.79174068452302,7.01542682149191,0.927440824932497));
#2476=CARTESIAN_POINT('Ctrl Pts',(-1.49346895625908,7.04570335279156,1.35455345361821));
#2477=CARTESIAN_POINT('Ctrl Pts',(-1.30839047105981,7.06017114041892,1.53408626315239));
#2478=CARTESIAN_POINT('Ctrl Pts',(-0.872510771015141,7.08728195201511,1.81908589378616));
#2479=CARTESIAN_POINT('Ctrl Pts',(-0.623824514666763,7.10111023473254,1.91865762056123));
#2480=CARTESIAN_POINT('Ctrl Pts',(-0.242905543728615,7.12333050803726,1.98894030900765));
#2481=CARTESIAN_POINT('Ctrl Pts',(-0.121434666800499,7.13041630919147,2.));
#2482=CARTESIAN_POINT('Ctrl Pts',(2.81025203108243E-15,7.13749999808817,
2.));
#2483=CARTESIAN_POINT('Ctrl Pts',(3.46944695195361E-16,7.225,2.));
#2484=CARTESIAN_POINT('Ctrl Pts',(-0.228541505445423,7.21166841218235,2.));
#2485=CARTESIAN_POINT('Ctrl Pts',(-0.455707315458234,7.19841707326494,1.96082326064334));
#2486=CARTESIAN_POINT('Ctrl Pts',(-0.912096429051489,7.171794374972,1.79813978382999));
#2487=CARTESIAN_POINT('Ctrl Pts',(-1.13398205361164,7.1594790310485,1.66712709569433));
#2488=CARTESIAN_POINT('Ctrl Pts',(-1.51942177068154,7.13100944171408,1.32610910355422));
#2489=CARTESIAN_POINT('Ctrl Pts',(-1.67832608247972,7.11587238797085,1.11821659463005));
#2490=CARTESIAN_POINT('Ctrl Pts',(-1.91055367612824,7.08535113210732,0.648129077005483));
#2491=CARTESIAN_POINT('Ctrl Pts',(-1.97956939071521,7.07026789026685,0.389404561708777));
#2492=CARTESIAN_POINT('Ctrl Pts',(-2.01189782857371,7.04318673328346,-0.127998489682487));
#2493=CARTESIAN_POINT('Ctrl Pts',(-1.97956020266587,7.03013376150884,-0.381448613758002));
#2494=CARTESIAN_POINT('Ctrl Pts',(-1.81917842312178,7.00070381311649,-0.87141404593302));
#2495=CARTESIAN_POINT('Ctrl Pts',(-1.68936786397857,6.98525966257041,-1.10218278096));
#2496=CARTESIAN_POINT('Ctrl Pts',(-1.34622583862079,6.9550202445554,-1.50265487903004));
#2497=CARTESIAN_POINT('Ctrl Pts',(-1.13544493367534,6.94123428779773,-1.66763511824517));
#2498=CARTESIAN_POINT('Ctrl Pts',(-0.670328386256045,6.91410248919827,-1.90157650488185));
#2499=CARTESIAN_POINT('Ctrl Pts',(-0.422106450094707,6.89962287625552,-1.97157755425905));
#2500=CARTESIAN_POINT('Ctrl Pts',(0.0971282490277813,6.86933418547338,-2.01521182499822));
#2501=CARTESIAN_POINT('Ctrl Pts',(0.363554817293528,6.85379263565788,-1.98453032420577));
#2502=CARTESIAN_POINT('Ctrl Pts',(0.860363586360924,6.82481212412895,-1.82363245817767));
#2503=CARTESIAN_POINT('Ctrl Pts',(1.08697454192078,6.8124266877631,-1.6983357669423));
#2504=CARTESIAN_POINT('Ctrl Pts',(1.48201102384901,6.784199554007,-1.36765784535061));
#2505=CARTESIAN_POINT('Ctrl Pts',(1.64619586301581,6.76916498427858,-1.16484270770275));
#2506=CARTESIAN_POINT('Ctrl Pts',(1.89137858108143,6.7386387619597,-0.702136524327693));
#2507=CARTESIAN_POINT('Ctrl Pts',(1.96772276429623,6.72344415640831,-0.445438672589585));
#2508=CARTESIAN_POINT('Ctrl Pts',(2.0147278353369,6.69598534450861,0.0709664492862103));
#2509=CARTESIAN_POINT('Ctrl Pts',(1.98956655359937,6.68326240923431,0.325294619511714));
#2510=CARTESIAN_POINT('Ctrl Pts',(1.84328930425377,6.65405773041251,0.818944124946599));
#2511=CARTESIAN_POINT('Ctrl Pts',(1.72053685215765,6.63866964462593,1.0526780656081));
#2512=CARTESIAN_POINT('Ctrl Pts',(1.39680699548054,6.60896568113313,1.45375853377539));
#2513=CARTESIAN_POINT('Ctrl Pts',(1.20119664573361,6.59506980433446,1.61910846035458));
#2514=CARTESIAN_POINT('Ctrl Pts',(0.748888497505151,6.56868516235447,1.87335449156709));
#2515=CARTESIAN_POINT('Ctrl Pts',(0.494278757684636,6.5538329275316,1.9559979103416));
#2516=CARTESIAN_POINT('Ctrl Pts',(0.154189616929341,6.53399439432088,1.99554734577872));
#2517=CARTESIAN_POINT('Ctrl Pts',(0.0770521248441443,6.52949470728258,2.));
#2518=CARTESIAN_POINT('Ctrl Pts',(-8.18079191912949E-16,6.525,2.));
#2519=CARTESIAN_POINT('Origin',(0.,12.,0.));
#2520=CARTESIAN_POINT('',(1.1091889880288E-15,5.73749999808817,2.));
#2521=CARTESIAN_POINT('',(-2.26484817274609E-15,5.825,2.));
#2522=CARTESIAN_POINT('',(-2.44929359829471E-16,12.,2.));
#2523=CARTESIAN_POINT('Ctrl Pts',(-5.55111512312578E-16,5.73749999808817,
2.));
#2524=CARTESIAN_POINT('Ctrl Pts',(0.209550963660467,5.7497238043017,2.));
#2525=CARTESIAN_POINT('Ctrl Pts',(0.418173196257406,5.76189343453648,1.96706346327031));
#2526=CARTESIAN_POINT('Ctrl Pts',(0.862158807009275,5.78779259516367,1.8227777583996));
#2527=CARTESIAN_POINT('Ctrl Pts',(1.08860538526374,5.80017402112029,1.69728377805102));
#2528=CARTESIAN_POINT('Ctrl Pts',(1.48331346249342,5.8284095686534,1.36624970232659));
#2529=CARTESIAN_POINT('Ctrl Pts',(1.6473197284912,5.84344783986916,1.16325819496414));
#2530=CARTESIAN_POINT('Ctrl Pts',(1.89206181588369,5.87397430491543,0.700292808595223));
#2531=CARTESIAN_POINT('Ctrl Pts',(1.96815555278908,5.88916529749248,0.443521879957108));
#2532=CARTESIAN_POINT('Ctrl Pts',(2.01465709707024,5.91661127820886,-0.0729199616695478));
#2533=CARTESIAN_POINT('Ctrl Pts',(1.98925048369252,5.92934390481291,-0.327216646669333));
#2534=CARTESIAN_POINT('Ctrl Pts',(1.84249275830835,5.95855635914742,-0.820742664369111));
#2535=CARTESIAN_POINT('Ctrl Pts',(1.71949885070159,5.97394655912059,-1.05437905061432));
#2536=CARTESIAN_POINT('Ctrl Pts',(1.38824912797622,6.00429812430773,-1.46393711109669));
#2537=CARTESIAN_POINT('Ctrl Pts',(1.18214899050127,6.01854130697164,-1.63486647260594));
#2538=CARTESIAN_POINT('Ctrl Pts',(0.715384560002525,6.04576923208443,-1.88640693779031));
#2539=CARTESIAN_POINT('Ctrl Pts',(0.459311330315714,6.06070683715302,-1.96450760926784));
#2540=CARTESIAN_POINT('Ctrl Pts',(-0.0632700418800067,6.0911907505311,-2.01584118721617));
#2541=CARTESIAN_POINT('Ctrl Pts',(-0.324567101751648,6.10643307902361,-1.99055041957698));
#2542=CARTESIAN_POINT('Ctrl Pts',(-0.817341365986926,6.13517824443734,-1.84299598325765));
#2543=CARTESIAN_POINT('Ctrl Pts',(-1.04478269050161,6.14753262678637,-1.72426878130903));
#2544=CARTESIAN_POINT('Ctrl Pts',(-1.4531955658781,6.17583245929032,-1.39987466207649));
#2545=CARTESIAN_POINT('Ctrl Pts',(-1.62702099962302,6.19133320311952,-1.19339767027214));
#2546=CARTESIAN_POINT('Ctrl Pts',(-1.87835557800131,6.22190347239385,-0.733371361507491));
#2547=CARTESIAN_POINT('Ctrl Pts',(-1.95697383473149,6.23668574641467,-0.486148494274358));
#2548=CARTESIAN_POINT('Ctrl Pts',(-2.01666099910655,6.26438195062786,0.0276337667240982));
#2549=CARTESIAN_POINT('Ctrl Pts',(-1.99598119312732,6.27723797314221,0.289415987563535));
#2550=CARTESIAN_POINT('Ctrl Pts',(-1.85448015939744,6.30685972544387,0.794078956171024));
#2551=CARTESIAN_POINT('Ctrl Pts',(-1.73362486655261,6.3223836755633,1.03159763849727));
#2552=CARTESIAN_POINT('Ctrl Pts',(-1.41271240935186,6.35229214962507,1.43835299239553));
#2553=CARTESIAN_POINT('Ctrl Pts',(-1.21872204155179,6.36640787899757,1.60599465581126));
#2554=CARTESIAN_POINT('Ctrl Pts',(-0.768988545088508,6.39264233295793,1.86519110279316));
#2555=CARTESIAN_POINT('Ctrl Pts',(-0.515301991672898,6.40744071524051,1.95056193488736));
#2556=CARTESIAN_POINT('Ctrl Pts',(-0.168525696049853,6.42766933248519,1.99468054429098));
#2557=CARTESIAN_POINT('Ctrl Pts',(-0.0842187337300571,6.43258723862058,
2.));
#2558=CARTESIAN_POINT('Ctrl Pts',(-1.50229098247708E-14,6.43749999808817,
2.));
#2559=CARTESIAN_POINT('Ctrl Pts',(-2.32452945780892E-15,6.525,2.));
#2560=CARTESIAN_POINT('Ctrl Pts',(-0.182417253327133,6.51435899355592,2.));
#2561=CARTESIAN_POINT('Ctrl Pts',(-0.364356037625698,6.50374589780517,1.97504139857386));
#2562=CARTESIAN_POINT('Ctrl Pts',(-0.785136255877761,6.4792003850738,1.85688679779142));
#2563=CARTESIAN_POINT('Ctrl Pts',(-1.01423203921843,6.46677194165363,1.7423515835421));
#2564=CARTESIAN_POINT('Ctrl Pts',(-1.4284031631242,6.43867276929036,1.42525403131871));
#2565=CARTESIAN_POINT('Ctrl Pts',(-1.60613174845852,6.42319427443585,1.22147094061613));
#2566=CARTESIAN_POINT('Ctrl Pts',(-1.86574430498399,6.39256363473422,0.765028900221925));
#2567=CARTESIAN_POINT('Ctrl Pts',(-1.94864058551795,6.37770430756853,0.518750694477234));
#2568=CARTESIAN_POINT('Ctrl Pts',(-2.01669219440105,6.34985353167857,0.00673792208041462));
#2569=CARTESIAN_POINT('Ctrl Pts',(-2.00062388328775,6.33717737779797,-0.254182292214638));
#2570=CARTESIAN_POINT('Ctrl Pts',(-1.86849538401215,6.30773632042562,-0.760679664132797));
#2571=CARTESIAN_POINT('Ctrl Pts',(-1.75168268785312,6.29220128809978,-1.00075171153868));
#2572=CARTESIAN_POINT('Ctrl Pts',(-1.43748463670625,6.26217858902879,-1.41364469837355));
#2573=CARTESIAN_POINT('Ctrl Pts',(-1.24611783274231,6.24794424635601,-1.58492593369507));
#2574=CARTESIAN_POINT('Ctrl Pts',(-0.800395487381991,6.22145609373699,-1.85191745915784));
#2575=CARTESIAN_POINT('Ctrl Pts',(-0.5481519094326,6.20697552805023,-1.94161287984859));
#2576=CARTESIAN_POINT('Ctrl Pts',(-0.0271657782721462,6.17658467039921,
-2.01679913667302));
#2577=CARTESIAN_POINT('Ctrl Pts',(0.236169852033708,6.16122342529803,-2.00310990456392));
#2578=CARTESIAN_POINT('Ctrl Pts',(0.735191810611192,6.13211381104768,-1.87716280111497));
#2579=CARTESIAN_POINT('Ctrl Pts',(0.966872693826241,6.11949979652849,-1.76900617546182));
#2580=CARTESIAN_POINT('Ctrl Pts',(1.38711979228532,6.091885253021,-1.46500975222281));
#2581=CARTESIAN_POINT('Ctrl Pts',(1.56894151000471,6.0766477852419,-1.26836093135448));
#2582=CARTESIAN_POINT('Ctrl Pts',(1.84162401598893,6.04612688064552,-0.821637021543171));
#2583=CARTESIAN_POINT('Ctrl Pts',(1.93222048846738,6.03113849759161,-0.577249879628501));
#2584=CARTESIAN_POINT('Ctrl Pts',(2.01530956417676,6.00301453615355,-0.0685113213324527));
#2585=CARTESIAN_POINT('Ctrl Pts',(2.00741555029675,5.99057088407778,0.190929459648428));
#2586=CARTESIAN_POINT('Ctrl Pts',(1.89199400989785,5.96146121457638,0.700512820148395));
#2587=CARTESIAN_POINT('Ctrl Pts',(1.78251753072422,5.94591850525867,0.94497239943394));
#2588=CARTESIAN_POINT('Ctrl Pts',(1.48041212092172,5.91569778052349,1.36876696756523));
#2589=CARTESIAN_POINT('Ctrl Pts',(1.29381059351574,5.90128338796188,1.54636350007994));
#2590=CARTESIAN_POINT('Ctrl Pts',(0.854716637247386,5.87426655005958,1.82764718230471));
#2591=CARTESIAN_POINT('Ctrl Pts',(0.604154599841985,5.86024235165745,1.92507060937133));
#2592=CARTESIAN_POINT('Ctrl Pts',(0.228656584659781,5.83833830077182,1.99020180424445));
#2593=CARTESIAN_POINT('Ctrl Pts',(0.11429980517822,5.8316674886354,2.));
#2594=CARTESIAN_POINT('Ctrl Pts',(-1.94289029309402E-15,5.825,2.));
#2595=CARTESIAN_POINT('Origin',(0.,12.,0.));
#2596=CARTESIAN_POINT('',(-1.30207664357896E-15,5.03749999808817,2.));
#2597=CARTESIAN_POINT('',(-2.13908072073777E-15,5.125,2.));
#2598=CARTESIAN_POINT('',(-2.44929359829471E-16,12.,2.));
#2599=CARTESIAN_POINT('Ctrl Pts',(-1.52655665885959E-15,5.03749999808817,
2.));
#2600=CARTESIAN_POINT('Ctrl Pts',(0.249257807508314,5.05204003685949,2.));
#2601=CARTESIAN_POINT('Ctrl Pts',(0.496522907614173,5.06646383436563,1.95340023872461));
#2602=CARTESIAN_POINT('Ctrl Pts',(0.965856286559391,5.0938416148041,1.76969926142593));
#2603=CARTESIAN_POINT('Ctrl Pts',(1.18285246848942,5.10618753713925,1.63266061089934));
#2604=CARTESIAN_POINT('Ctrl Pts',(1.55800300916458,5.13490919788925,1.28071244001032));
#2605=CARTESIAN_POINT('Ctrl Pts',(1.71111127782666,5.15014303737541,1.06755772317328));
#2606=CARTESIAN_POINT('Ctrl Pts',(1.92928794297792,5.18063152120591,0.590006616213029));
#2607=CARTESIAN_POINT('Ctrl Pts',(1.99043483030479,5.1955823801474,0.329359533174655));
#2608=CARTESIAN_POINT('Ctrl Pts',(2.00711719035535,5.22225283676086,-0.188947026508923));
#2609=CARTESIAN_POINT('Ctrl Pts',(1.96706013393066,5.23576710785541,-0.441551488168637));
#2610=CARTESIAN_POINT('Ctrl Pts',(1.79141003805749,5.26543373608909,-0.927386799633006));
#2611=CARTESIAN_POINT('Ctrl Pts',(1.65403756203155,5.28092447239226,-1.15471181874874));
#2612=CARTESIAN_POINT('Ctrl Pts',(1.29951333919791,5.31086995233192,-1.54279393711891));
#2613=CARTESIAN_POINT('Ctrl Pts',(1.08601201041227,5.32414929748075,-1.69985108171938));
#2614=CARTESIAN_POINT('Ctrl Pts',(0.616160785951441,5.3515572855743,-1.91990668489601));
#2615=CARTESIAN_POINT('Ctrl Pts',(0.365333224580201,5.36618889332095,-1.98297494013759));
#2616=CARTESIAN_POINT('Ctrl Pts',(-0.156458263774916,5.39662673014167,-2.01158050890592));
#2617=CARTESIAN_POINT('Ctrl Pts',(-0.422672524918108,5.41215589537502,-1.97289347826523));
#2618=CARTESIAN_POINT('Ctrl Pts',(-0.913940210317231,5.44081317702331,-1.7971977715344));
#2619=CARTESIAN_POINT('Ctrl Pts',(-1.13565769709898,5.45312778302174,-1.66598012082048));
#2620=CARTESIAN_POINT('Ctrl Pts',(-1.52075016411714,5.4816060187728,-1.32459048910769));
#2621=CARTESIAN_POINT('Ctrl Pts',(-1.67946102616111,5.49674656055741,-1.11651724660289));
#2622=CARTESIAN_POINT('Ctrl Pts',(-1.91121687342904,5.52726717067379,-0.646170148557071));
#2623=CARTESIAN_POINT('Ctrl Pts',(-1.97996707681659,5.54234616019713,-0.387376514347075));
#2624=CARTESIAN_POINT('Ctrl Pts',(-2.01176584601038,5.56941354837709,0.130059789766082));
#2625=CARTESIAN_POINT('Ctrl Pts',(-1.97916815274462,5.58248028130549,0.383479763746151));
#2626=CARTESIAN_POINT('Ctrl Pts',(-1.81827344833626,5.61191830372324,0.873308882866268));
#2627=CARTESIAN_POINT('Ctrl Pts',(-1.68820745297067,5.62736425822696,1.103965850822));
#2628=CARTESIAN_POINT('Ctrl Pts',(-1.34467899468644,5.65759400067811,1.50402331524424));
#2629=CARTESIAN_POINT('Ctrl Pts',(-1.1338063554987,5.67136129401737,1.66873548571631));
#2630=CARTESIAN_POINT('Ctrl Pts',(-0.668529724789808,5.69850243080872,1.90221276913126));
#2631=CARTESIAN_POINT('Ctrl Pts',(-0.420217792706743,5.71298729351357,1.97198405037449));
#2632=CARTESIAN_POINT('Ctrl Pts',(-0.11039507500761,5.73106028537935,1.99771763978647));
#2633=CARTESIAN_POINT('Ctrl Pts',(-0.0551653554695081,5.73428201901911,
2.));
#2634=CARTESIAN_POINT('Ctrl Pts',(-7.43708407166873E-16,5.73749999808817,
2.));
#2635=CARTESIAN_POINT('Ctrl Pts',(-2.4980018054066E-15,5.825,2.));
#2636=CARTESIAN_POINT('Ctrl Pts',(-0.146386286536108,5.81646079995206,2.));
#2637=CARTESIAN_POINT('Ctrl Pts',(-0.29267912102257,5.80792705127368,1.98392799213718));
#2638=CARTESIAN_POINT('Ctrl Pts',(-0.683408354844524,5.78513451263407,1.89660484735002));
#2639=CARTESIAN_POINT('Ctrl Pts',(-0.917802121012,5.77224045067136,1.79492614956886));
#2640=CARTESIAN_POINT('Ctrl Pts',(-1.34609154781921,5.74499047937607,1.50278962499007));
#2641=CARTESIAN_POINT('Ctrl Pts',(-1.53325593201719,5.72985618652618,1.31126772798804));
#2642=CARTESIAN_POINT('Ctrl Pts',(-1.8185531515063,5.69932964270783,0.87171529876913));
#2643=CARTESIAN_POINT('Ctrl Pts',(-1.91601732157456,5.68423676173995,0.629224701663492));
#2644=CARTESIAN_POINT('Ctrl Pts',(-2.01251947337361,5.65587428703648,0.1235088482415));
#2645=CARTESIAN_POINT('Ctrl Pts',(-2.01180179265983,5.64353962369724,-0.134696053796334));
#2646=CARTESIAN_POINT('Ctrl Pts',(-1.91112353146916,5.61473189150152,-0.646814641897261));
#2647=CARTESIAN_POINT('Ctrl Pts',(-1.8082519388875,5.59919531848106,-0.8949660870505));
#2648=CARTESIAN_POINT('Ctrl Pts',(-1.51712219322611,5.56882330532973,-1.32809219180942));
#2649=CARTESIAN_POINT('Ctrl Pts',(-1.33489606244821,5.5542605294494,-1.51115208871118));
#2650=CARTESIAN_POINT('Ctrl Pts',(-0.904932436959562,5.52697918211138,-1.80294309880366));
#2651=CARTESIAN_POINT('Ctrl Pts',(-0.659646090666197,5.51347935528886,-1.90641408667662));
#2652=CARTESIAN_POINT('Ctrl Pts',(-0.143950373486965,5.48339710512007,-2.01203379461426));
#2653=CARTESIAN_POINT('Ctrl Pts',(0.121268982268307,5.46792597603435,-2.01352789107646));
#2654=CARTESIAN_POINT('Ctrl Pts',(0.627988888201125,5.43836731485493,-1.91568306745263));
#2655=CARTESIAN_POINT('Ctrl Pts',(0.865331372981806,5.42507852471301,-1.82081144547799));
#2656=CARTESIAN_POINT('Ctrl Pts',(1.30193111217875,5.39821886672368,-1.54119908172923));
#2657=CARTESIAN_POINT('Ctrl Pts',(1.49454237585759,5.38320561437233,-1.35521792255593));
#2658=CARTESIAN_POINT('Ctrl Pts',(1.79287567073185,5.35269859568984,-0.923578372425269));
#2659=CARTESIAN_POINT('Ctrl Pts',(1.8975096965797,5.33750749460509,-0.683283039395386));
#2660=CARTESIAN_POINT('Ctrl Pts',(2.0080423953878,5.3089004767883,-0.180827027815525));
#2661=CARTESIAN_POINT('Ctrl Pts',(2.01472772236624,5.29658196466324,0.0761626072193755));
#2662=CARTESIAN_POINT('Ctrl Pts',(1.92930477368864,5.26809525269574,0.590734301585708));
#2663=CARTESIAN_POINT('Ctrl Pts',(1.83338797635105,5.2525778013923,0.842522587812111));
#2664=CARTESIAN_POINT('Ctrl Pts',(1.55390094248829,5.22207266831251,1.2850057065575));
#2665=CARTESIAN_POINT('Ctrl Pts',(1.3763644701297,5.20736695709151,1.47360256497836));
#2666=CARTESIAN_POINT('Ctrl Pts',(0.955861279663186,5.17981928651809,1.77612739263408));
#2667=CARTESIAN_POINT('Ctrl Pts',(0.715869177261297,5.16675903534024,1.88569743600225));
#2668=CARTESIAN_POINT('Ctrl Pts',(0.309957351664138,5.14308084551374,1.98196749546823));
#2669=CARTESIAN_POINT('Ctrl Pts',(0.155056902491826,5.13404498597869,2.));
#2670=CARTESIAN_POINT('Ctrl Pts',(-1.76941794549634E-15,5.125,2.));
#2671=CARTESIAN_POINT('Origin',(0.,12.,0.));
#2672=CARTESIAN_POINT('',(-2.75924436339948E-15,4.33749999808817,2.));
#2673=CARTESIAN_POINT('',(8.1428599711274E-16,4.425,2.));
#2674=CARTESIAN_POINT('',(-2.44929359829471E-16,12.,2.));
#2675=CARTESIAN_POINT('Ctrl Pts',(-7.88330911596885E-15,4.33749999808817,
2.));
#2676=CARTESIAN_POINT('Ctrl Pts',(0.0211332181461608,4.33873276914669,2.));
#2677=CARTESIAN_POINT('Ctrl Pts',(0.0422797585520317,4.33996631733701,1.99966504207662));
#2678=CARTESIAN_POINT('Ctrl Pts',(0.328462305447064,4.35666029923922,1.99058393950283));
#2679=CARTESIAN_POINT('Ctrl Pts',(0.589230354404696,4.37187176876175,1.92954881382335));
#2680=CARTESIAN_POINT('Ctrl Pts',(1.06098965224537,4.39939106113579,1.7142013544848));
#2681=CARTESIAN_POINT('Ctrl Pts',(1.26937256837396,4.41206978056122,1.56617479135125));
#2682=CARTESIAN_POINT('Ctrl Pts',(1.62538275433475,4.44123769233478,1.19434245213572));
#2683=CARTESIAN_POINT('Ctrl Pts',(1.76739149450414,4.45661561356785,0.971927340608679));
#2684=CARTESIAN_POINT('Ctrl Pts',(1.959204746225,4.48698487971574,0.481515207904281));
#2685=CARTESIAN_POINT('Ctrl Pts',(2.00569064442454,4.50132904182458,0.21784209139658));
#2686=CARTESIAN_POINT('Ctrl Pts',(1.99344125297753,4.52793804724761,-0.301807425800548));
#2687=CARTESIAN_POINT('Ctrl Pts',(1.93883661136431,4.54221835435057,-0.552958192123322));
#2688=CARTESIAN_POINT('Ctrl Pts',(1.73449656035935,4.57229294448248,-1.03030490152975));
#2689=CARTESIAN_POINT('Ctrl Pts',(1.58312674519221,4.58783133586472,-1.25049187904639));
#2690=CARTESIAN_POINT('Ctrl Pts',(1.20778909051891,4.61719103485375,-1.61496190130017));
#2691=CARTESIAN_POINT('Ctrl Pts',(0.98916522861896,4.62979869308536,-1.75738409571368));
#2692=CARTESIAN_POINT('Ctrl Pts',(0.510553247035036,4.65771772534443,-1.95082911908119));
#2693=CARTESIAN_POINT('Ctrl Pts',(0.25525405687794,4.67261017810359,-2.00030345493341));
#2694=CARTESIAN_POINT('Ctrl Pts',(-0.270256535264391,4.70326496264523,-1.99968159252796));
#2695=CARTESIAN_POINT('Ctrl Pts',(-0.535405666887062,4.71873199532321,-1.94554399113596));
#2696=CARTESIAN_POINT('Ctrl Pts',(-1.01555151206441,4.74674050295856,-1.74155980663742));
#2697=CARTESIAN_POINT('Ctrl Pts',(-1.22804548734309,4.75921414816151,-1.59884145175364));
#2698=CARTESIAN_POINT('Ctrl Pts',(-1.59335821929899,4.78816885833721,-1.23660023711252));
#2699=CARTESIAN_POINT('Ctrl Pts',(-1.74080908302073,4.80348256514085,-1.01859825313329));
#2700=CARTESIAN_POINT('Ctrl Pts',(-1.94542930131105,4.83391370384988,-0.534355466945126));
#2701=CARTESIAN_POINT('Ctrl Pts',(-1.99905950462179,4.8487259787329,-0.272111877285407));
#2702=CARTESIAN_POINT('Ctrl Pts',(-2.00087676058613,4.87499881585223,0.246906229490579));
#2703=CARTESIAN_POINT('Ctrl Pts',(-1.95340376657723,4.88905710950411,0.498792123801414));
#2704=CARTESIAN_POINT('Ctrl Pts',(-1.7630199522122,4.91894468461416,0.980494532821423));
#2705=CARTESIAN_POINT('Ctrl Pts',(-1.61844013127847,4.93446637846874,1.20427119000786));
#2706=CARTESIAN_POINT('Ctrl Pts',(-1.25316445090459,4.96411709752883,1.58031119925009));
#2707=CARTESIAN_POINT('Ctrl Pts',(-1.03704671350397,4.97700560646707,1.72983246660836));
#2708=CARTESIAN_POINT('Ctrl Pts',(-0.562686269327485,5.00467663237736,1.93634614566415));
#2709=CARTESIAN_POINT('Ctrl Pts',(-0.30949544527581,5.01944609711371,1.99254377992731));
#2710=CARTESIAN_POINT('Ctrl Pts',(-0.0350894512144339,5.03545311343396,
1.99976926771384));
#2711=CARTESIAN_POINT('Ctrl Pts',(-0.0175397919965467,5.03647684355504,
2.));
#2712=CARTESIAN_POINT('Ctrl Pts',(-7.43708407166873E-16,5.03749999808817,
2.));
#2713=CARTESIAN_POINT('Ctrl Pts',(-3.36536354339501E-15,5.125,2.));
#2714=CARTESIAN_POINT('Ctrl Pts',(-0.107190586122455,5.11874721580952,2.));
#2715=CARTESIAN_POINT('Ctrl Pts',(-0.214455940262439,5.11249007015135,1.99138280400231));
#2716=CARTESIAN_POINT('Ctrl Pts',(-0.571287176312092,5.09167491471512,1.93340543934816));
#2717=CARTESIAN_POINT('Ctrl Pts',(-0.811702814101043,5.07788447728044,1.84539243869107));
#2718=CARTESIAN_POINT('Ctrl Pts',(-1.25651980316168,5.05142440058778,1.57843396473545));
#2719=CARTESIAN_POINT('Ctrl Pts',(-1.45442706605614,5.03654563758704,1.39817265085876));
#2720=CARTESIAN_POINT('Ctrl Pts',(-1.76562129801231,5.0060844504258,0.974865595053039));
#2721=CARTESIAN_POINT('Ctrl Pts',(-1.87740546629149,4.99080670105465,0.736983207430115));
#2722=CARTESIAN_POINT('Ctrl Pts',(-2.00198167053031,4.96196043144107,0.237899260144352));
#2723=CARTESIAN_POINT('Ctrl Pts',(-2.01598447569247,4.94955844077228,-0.0179692472518112));
#2724=CARTESIAN_POINT('Ctrl Pts',(-1.94566045360958,4.92139797398928,-0.534800331120474));
#2725=CARTESIAN_POINT('Ctrl Pts',(-1.8567375251001,4.90591222165394,-0.78999905255982));
#2726=CARTESIAN_POINT('Ctrl Pts',(-1.58904260133392,4.87529899819258,-1.24142998390314));
#2727=CARTESIAN_POINT('Ctrl Pts',(-1.41630317582504,4.8604626554924,-1.43538225128831));
#2728=CARTESIAN_POINT('Ctrl Pts',(-1.00517589619004,4.83265857507796,-1.74839586212597));
#2729=CARTESIAN_POINT('Ctrl Pts',(-0.770257205428178,4.81993167031664,-1.86386260142264));
#2730=CARTESIAN_POINT('Ctrl Pts',(-0.264608685974039,4.79043550668181,-1.99995369194862));
#2731=CARTESIAN_POINT('Ctrl Pts',(0.00165742558806966,4.77490331684069,
-2.01737909370954));
#2732=CARTESIAN_POINT('Ctrl Pts',(0.515708125058576,4.74491702603824,-1.94903375546914));
#2733=CARTESIAN_POINT('Ctrl Pts',(0.759180089417779,4.73071449478396,-1.86772055788807));
#2734=CARTESIAN_POINT('Ctrl Pts',(1.21183508280595,4.70430962016965,-1.61297055940311));
#2735=CARTESIAN_POINT('Ctrl Pts',(1.41473910071477,4.68973267606929,-1.43834579426459));
#2736=CARTESIAN_POINT('Ctrl Pts',(1.73815510889755,4.65932800492088,-1.02321371117519));
#2737=CARTESIAN_POINT('Ctrl Pts',(1.85673673433065,4.64397859827706,-0.787837391132693));
#2738=CARTESIAN_POINT('Ctrl Pts',(1.99473460035283,4.61490900547312,-0.292081791179644));
#2739=CARTESIAN_POINT('Ctrl Pts',(2.01565748970253,4.60233561650596,-0.0371933607377588));
#2740=CARTESIAN_POINT('Ctrl Pts',(1.95993614452244,4.57465613657218,0.478547512164342));
#2741=CARTESIAN_POINT('Ctrl Pts',(1.87926878217466,4.55940134337292,0.733940781713305));
#2742=CARTESIAN_POINT('Ctrl Pts',(1.62650360230131,4.52888396682689,1.19209412783077));
#2743=CARTESIAN_POINT('Ctrl Pts',(1.45925744763303,4.51391553913338,1.39183254140751));
#2744=CARTESIAN_POINT('Ctrl Pts',(1.05854609206837,4.48583518405409,1.71632860888376));
#2745=CARTESIAN_POINT('Ctrl Pts',(0.829062196728818,4.47336196147584,1.83819621592484));
#2746=CARTESIAN_POINT('Ctrl Pts',(0.393478456102652,4.44795290993931,1.97086602539306));
#2747=CARTESIAN_POINT('Ctrl Pts',(0.197084408901582,4.43649659051926,2.));
#2748=CARTESIAN_POINT('Ctrl Pts',(5.20417042793042E-16,4.425,2.));
#2749=CARTESIAN_POINT('Origin',(0.,12.,0.));
#2750=CARTESIAN_POINT('',(-2.23882732060644E-15,3.63749999808817,2.));
#2751=CARTESIAN_POINT('',(5.71424710475987E-16,3.725,2.));
#2752=CARTESIAN_POINT('',(-2.44929359829471E-16,12.,2.));
#2753=CARTESIAN_POINT('Ctrl Pts',(-7.88330911596885E-15,3.63749999808817,
2.));
#2754=CARTESIAN_POINT('Ctrl Pts',(0.0593132889151031,3.64095993994155,2.));
#2755=CARTESIAN_POINT('Ctrl Pts',(0.118694172004618,3.64442382478841,1.99736151069787));
#2756=CARTESIAN_POINT('Ctrl Pts',(0.441991581794244,3.66328284035948,1.96847879748339));
#2757=CARTESIAN_POINT('Ctrl Pts',(0.698756672515214,3.67826080398486,1.89263105707285));
#2758=CARTESIAN_POINT('Ctrl Pts',(1.15735849630817,3.70501257703945,1.65066910823112));
#2759=CARTESIAN_POINT('Ctrl Pts',(1.35699075753844,3.71842725593884,1.49091580088676));
#2760=CARTESIAN_POINT('Ctrl Pts',(1.69213815157471,3.74804770456433,1.0980804166252));
#2761=CARTESIAN_POINT('Ctrl Pts',(1.82167110866524,3.76353040047756,0.866388407586196));
#2762=CARTESIAN_POINT('Ctrl Pts',(1.9837409329766,3.79353494348551,0.366023544878155));
#2763=CARTESIAN_POINT('Ctrl Pts',(2.01462243233634,3.80690633790471,0.102283490616953));
#2764=CARTESIAN_POINT('Ctrl Pts',(1.97312349424076,3.83426001835325,-0.415219535569666));
#2765=CARTESIAN_POINT('Ctrl Pts',(1.90377994191874,3.84886229447697,-0.664234121569144));
#2766=CARTESIAN_POINT('Ctrl Pts',(1.67049025450543,3.87927245085577,-1.13150923961846));
#2767=CARTESIAN_POINT('Ctrl Pts',(1.5052285554833,3.89480515962464,-1.34356324767952));
#2768=CARTESIAN_POINT('Ctrl Pts',(1.1094233852991,3.92352742970514,-1.68359852427724));
#2769=CARTESIAN_POINT('Ctrl Pts',(0.885463105312281,3.93584798361159,-1.81143039254605));
#2770=CARTESIAN_POINT('Ctrl Pts',(0.398118001426203,3.96427644800494,-1.9770299877148));
#2771=CARTESIAN_POINT('Ctrl Pts',(0.138912750437306,3.97939675431263,-2.01192120875117));
#2772=CARTESIAN_POINT('Ctrl Pts',(-0.384353700358593,4.00992063060906,-1.98054610338105));
#2773=CARTESIAN_POINT('Ctrl Pts',(-0.643265591714898,4.02502382427151,-1.91220906504355));
#2774=CARTESIAN_POINT('Ctrl Pts',(-1.10863147332334,4.05217016736534,-1.6837609845234));
#2775=CARTESIAN_POINT('Ctrl Pts',(-1.31269834636468,4.06515962134662,-1.53002595547862));
#2776=CARTESIAN_POINT('Ctrl Pts',(-1.65860191497212,4.09455121264125,-1.14793085178393));
#2777=CARTESIAN_POINT('Ctrl Pts',(-1.79460901937593,4.10998659405041,-0.920913277724682));
#2778=CARTESIAN_POINT('Ctrl Pts',(-1.97247357697982,4.14027164749763,-0.424114841873462));
#2779=CARTESIAN_POINT('Ctrl Pts',(-2.01127883950046,4.154147536888,-0.158824012314161));
#2780=CARTESIAN_POINT('Ctrl Pts',(-1.98360117710686,4.18123504790002,0.361389942691221));
#2781=CARTESIAN_POINT('Ctrl Pts',(-1.92126707995063,4.19568966356839,0.611528520535605));
#2782=CARTESIAN_POINT('Ctrl Pts',(-1.70170347518561,4.22595256382818,1.08381348089851));
#2783=CARTESIAN_POINT('Ctrl Pts',(-1.54300538422268,4.2414948292473,1.29984616245404));
#2784=CARTESIAN_POINT('Ctrl Pts',(-1.15685846856721,4.27052547077551,1.65156180650429));
#2785=CARTESIAN_POINT('Ctrl Pts',(-0.935461490465415,4.28293141114432,1.78630516983337));
#2786=CARTESIAN_POINT('Ctrl Pts',(-0.472099924820711,4.30996083580693,1.95791099547365));
#2787=CARTESIAN_POINT('Ctrl Pts',(-0.236886910952091,4.3236815949493,2.));
#2788=CARTESIAN_POINT('Ctrl Pts',(-8.2572837456496E-15,4.33749999808817,
2.));
#2789=CARTESIAN_POINT('Ctrl Pts',(-8.18079191912949E-16,4.425,2.));
#2790=CARTESIAN_POINT('Ctrl Pts',(-0.0670280609198789,4.42109002977967,
2.));
#2791=CARTESIAN_POINT('Ctrl Pts',(-0.134135973778137,4.4171754015296,1.99663051947358));
#2792=CARTESIAN_POINT('Ctrl Pts',(-0.454886032161293,4.39846498145725,1.9642197249961));
#2793=CARTESIAN_POINT('Ctrl Pts',(-0.70150936948356,4.38407862011345,1.89024032669922));
#2794=CARTESIAN_POINT('Ctrl Pts',(-1.16381783893041,4.35711062606238,1.64821771014984));
#2795=CARTESIAN_POINT('Ctrl Pts',(-1.37299059828049,4.34298053582561,1.47853323501793));
#2796=CARTESIAN_POINT('Ctrl Pts',(-1.70933577514918,4.31257441450721,1.07083710502856));
#2797=CARTESIAN_POINT('Ctrl Pts',(-1.83466976679647,4.29716444030366,0.838160338686317));
#2798=CARTESIAN_POINT('Ctrl Pts',(-1.98609119527118,4.26787688259651,0.34584024999561));
#2799=CARTESIAN_POINT('Ctrl Pts',(-2.0138757498193,4.25504446600723,0.0918433626392297));
#2800=CARTESIAN_POINT('Ctrl Pts',(-1.97224856044561,4.22772316157627,-0.424944738695791));
#2801=CARTESIAN_POINT('Ctrl Pts',(-1.8985829966915,4.21256790925033,-0.682410100261566));
#2802=CARTESIAN_POINT('Ctrl Pts',(-1.65812073548982,4.18204061119683,-1.14786293470061));
#2803=CARTESIAN_POINT('Ctrl Pts',(-1.49585274453918,4.16696718663464,-1.3525538914247));
#2804=CARTESIAN_POINT('Ctrl Pts',(-1.10432707031092,4.13865055947919,-1.68703028866841));
#2805=CARTESIAN_POINT('Ctrl Pts',(-0.879462822430607,4.1263019979751,-1.8144298909753));
#2806=CARTESIAN_POINT('Ctrl Pts',(-0.38460528418153,4.09743530824391,-1.9805966287374));
#2807=CARTESIAN_POINT('Ctrl Pts',(-0.118227533478323,4.08189660611955,-2.01412126866274));
#2808=CARTESIAN_POINT('Ctrl Pts',(0.401964523679704,4.051552069452,-1.97581535483034));
#2809=CARTESIAN_POINT('Ctrl Pts',(0.651134443028376,4.03701715749,-1.90826777626771));
#2810=CARTESIAN_POINT('Ctrl Pts',(1.11794890809262,4.00978631369458,-1.67926788489347));
#2811=CARTESIAN_POINT('Ctrl Pts',(1.32970343200422,3.99619292861968,-1.51713026400978));
#2812=CARTESIAN_POINT('Ctrl Pts',(1.67693843504741,3.96605707480368,-1.12107128718847));
#2813=CARTESIAN_POINT('Ctrl Pts',(1.80945930419531,3.95059459683885,-0.891504561567117));
#2814=CARTESIAN_POINT('Ctrl Pts',(1.97529311907473,3.92107926043888,-0.402996619260089));
#2815=CARTESIAN_POINT('Ctrl Pts',(2.01039224180536,3.90787379217611,-0.149860700365221));
#2816=CARTESIAN_POINT('Ctrl Pts',(1.98367933331467,3.88093909661696,0.367885294096542));
#2817=CARTESIAN_POINT('Ctrl Pts',(1.91748185748886,3.86590175886212,0.627328255059785));
#2818=CARTESIAN_POINT('Ctrl Pts',(1.69027000434852,3.83538900373995,1.10014334077755));
#2819=CARTESIAN_POINT('Ctrl Pts',(1.53342662091417,3.82021572200556,1.30994285549138));
#2820=CARTESIAN_POINT('Ctrl Pts',(1.15167222380571,3.79165486633521,1.65489517302728));
#2821=CARTESIAN_POINT('Ctrl Pts',(0.931559765774641,3.77934098633684,1.78807722233824));
#2822=CARTESIAN_POINT('Ctrl Pts',(0.470432278595856,3.75244188291807,1.95822225686225));
#2823=CARTESIAN_POINT('Ctrl Pts',(0.236006943102225,3.73876707168096,2.));
#2824=CARTESIAN_POINT('Ctrl Pts',(5.13478148889135E-15,3.725,2.));
#2825=CARTESIAN_POINT('Origin',(0.,12.,0.));
#2826=CARTESIAN_POINT('',(-4.78019721291246E-15,2.93749999808817,2.));
#2827=CARTESIAN_POINT('',(-5.38798314149169E-16,3.025,2.));
#2828=CARTESIAN_POINT('',(-2.44929359829471E-16,12.,2.));
#2829=CARTESIAN_POINT('Ctrl Pts',(-1.14531094703698E-14,2.93749999808817,
2.));
#2830=CARTESIAN_POINT('Ctrl Pts',(0.0967996095483196,2.94314664197849,2.));
#2831=CARTESIAN_POINT('Ctrl Pts',(0.193684017730589,2.94879823245577,1.99297254296003));
#2832=CARTESIAN_POINT('Ctrl Pts',(0.552288457213785,2.96971682475896,1.94044094659155));
#2833=CARTESIAN_POINT('Ctrl Pts',(0.80434658283373,2.98415777870389,1.85020626036666));
#2834=CARTESIAN_POINT('Ctrl Pts',(1.2495516547928,3.01068065214166,1.58222879299884));
#2835=CARTESIAN_POINT('Ctrl Pts',(1.44058611186123,3.02492822473414,1.41049379261529));
#2836=CARTESIAN_POINT('Ctrl Pts',(1.75393571140212,3.05496594767918,0.996813556437991));
#2837=CARTESIAN_POINT('Ctrl Pts',(1.87023154285287,3.07050203896687,0.756422135045322));
#2838=CARTESIAN_POINT('Ctrl Pts',(2.00117058831111,3.09991989260646,0.249697346435048));
#2839=CARTESIAN_POINT('Ctrl Pts',(2.01665510129957,3.11257573470912,-0.011115023510192));
#2840=CARTESIAN_POINT('Ctrl Pts',(1.94753837704232,3.14044605980346,-0.522899825147439));
#2841=CARTESIAN_POINT('Ctrl Pts',(1.86409696988754,3.15531493220482,-0.769052248555596));
#2842=CARTESIAN_POINT('Ctrl Pts',(1.60343166526314,3.18595264776878,-1.22502655030071));
#2843=CARTESIAN_POINT('Ctrl Pts',(1.42520786665369,3.20142796403392,-1.42846080973388));
#2844=CARTESIAN_POINT('Ctrl Pts',(1.01030524518658,3.22950129952382,-1.74462459418732));
#2845=CARTESIAN_POINT('Ctrl Pts',(0.780996148272607,3.24194188943892,-1.85862561886878));
#2846=CARTESIAN_POINT('Ctrl Pts',(0.2854188828211,3.27085056325692,-1.99660511404356));
#2847=CARTESIAN_POINT('Ctrl Pts',(0.023155380470748,3.28614926756069,-2.01676645579183));
#2848=CARTESIAN_POINT('Ctrl Pts',(-0.498752482516731,3.31659389290163,-1.95486135343878));
#2849=CARTESIAN_POINT('Ctrl Pts',(-0.753168506128727,3.33143482761233,-1.87163730242466));
#2850=CARTESIAN_POINT('Ctrl Pts',(-1.20493093476357,3.35778763594936,-1.61633847130942));
#2851=CARTESIAN_POINT('Ctrl Pts',(-1.40019676271285,3.37172901301096,-1.45050295956874));
#2852=CARTESIAN_POINT('Ctrl Pts',(-1.72438112522984,3.40157280114262,-1.04691709042813));
#2853=CARTESIAN_POINT('Ctrl Pts',(-1.84724030881933,3.41708938078659,-0.810701252539734));
#2854=CARTESIAN_POINT('Ctrl Pts',(-1.99343468425297,3.44680016557867,-0.306985599777479));
#2855=CARTESIAN_POINT('Ctrl Pts',(-2.01643186224974,3.4597593366592,-0.0447640866642732));
#2856=CARTESIAN_POINT('Ctrl Pts',(-1.96091475295942,3.48737778537609,0.46988659710103));
#2857=CARTESIAN_POINT('Ctrl Pts',(-1.88442682738202,3.50212027686389,0.717551921673772));
#2858=CARTESIAN_POINT('Ctrl Pts',(-1.63722515908116,3.53265729514921,1.17930616829986));
#2859=CARTESIAN_POINT('Ctrl Pts',(-1.46535447448671,3.54816734319709,1.38709591081784));
#2860=CARTESIAN_POINT('Ctrl Pts',(-1.05982158502864,3.57656572069416,1.71510347566628));
#2861=CARTESIAN_POINT('Ctrl Pts',(-0.833191899752119,3.58889713726927,1.83591900086806));
#2862=CARTESIAN_POINT('Ctrl Pts',(-0.398528434301173,3.61425250608724,1.97010348399582));
#2863=CARTESIAN_POINT('Ctrl Pts',(-0.199647131294272,3.62585391542934,2.));
#2864=CARTESIAN_POINT('Ctrl Pts',(-7.42461647718073E-15,3.63749999808817,
2.));
#2865=CARTESIAN_POINT('Ctrl Pts',(6.32152050941804E-15,3.725,2.));
#2866=CARTESIAN_POINT('Ctrl Pts',(-0.0300690814423992,3.72324597024919,
2.));
#2867=CARTESIAN_POINT('Ctrl Pts',(-0.0601638366466925,3.72149044286226,
1.99932189462484));
#2868=CARTESIAN_POINT('Ctrl Pts',(-0.346475594577497,3.70478892364963,1.9863872333942));
#2869=CARTESIAN_POINT('Ctrl Pts',(-0.598123279963642,3.69010947533544,1.9256335824631));
#2870=CARTESIAN_POINT('Ctrl Pts',(-1.06951308287142,3.66261173683248,1.71016290291836));
#2871=CARTESIAN_POINT('Ctrl Pts',(-1.28390344715982,3.64947612466894,1.55567805749979));
#2872=CARTESIAN_POINT('Ctrl Pts',(-1.64210569125445,3.61962960367854,1.17167832487176));
#2873=CARTESIAN_POINT('Ctrl Pts',(-1.78193736638451,3.60412680492367,0.945534350401263));
#2874=CARTESIAN_POINT('Ctrl Pts',(-1.96259327831695,3.57438426867051,0.461086559084194));
#2875=CARTESIAN_POINT('Ctrl Pts',(-2.00517282834685,3.56069586210639,0.208736627293421));
#2876=CARTESIAN_POINT('Ctrl Pts',(-1.9935663119754,3.53416037941002,-0.309828681452053));
#2877=CARTESIAN_POINT('Ctrl Pts',(-1.93498230017692,3.51925545258466,-0.571046221265486));
#2878=CARTESIAN_POINT('Ctrl Pts',(-1.72141314036332,3.4887836847464,-1.05092658184017));
#2879=CARTESIAN_POINT('Ctrl Pts',(-1.57022060724234,3.47352124239737,-1.26575353895592));
#2880=CARTESIAN_POINT('Ctrl Pts',(-1.19842235359675,3.44471929501268,-1.62122641686902));
#2881=CARTESIAN_POINT('Ctrl Pts',(-0.98297878931816,3.43234042937687,-1.76020877624385));
#2882=CARTESIAN_POINT('Ctrl Pts',(-0.499175909036778,3.40411859469379,-1.95508323664624));
#2883=CARTESIAN_POINT('Ctrl Pts',(-0.233588230480525,3.38862598011134,-2.00422835129357));
#2884=CARTESIAN_POINT('Ctrl Pts',(0.290895576350932,3.35803109137951,-1.99537414678174));
#2885=CARTESIAN_POINT('Ctrl Pts',(0.544830090325502,3.34321824473099,-1.94147655345129));
#2886=CARTESIAN_POINT('Ctrl Pts',(1.02066221773933,3.31546137063185,-1.73945266690952));
#2887=CARTESIAN_POINT('Ctrl Pts',(1.23764230668108,3.30267998790481,-1.59238922022046));
#2888=CARTESIAN_POINT('Ctrl Pts',(1.60640894169093,3.27312857174659,-1.22033040224981));
#2889=CARTESIAN_POINT('Ctrl Pts',(1.75334023127302,3.25759970157296,-0.997769311843939));
#2890=CARTESIAN_POINT('Ctrl Pts',(1.94850999887049,3.22765096019612,-0.517619296133307));
#2891=CARTESIAN_POINT('Ctrl Pts',(1.99848085508322,3.21348088693711,-0.26597527677292));
#2892=CARTESIAN_POINT('Ctrl Pts',(2.00151320664492,3.18716068497971,0.253278874873132));
#2893=CARTESIAN_POINT('Ctrl Pts',(1.95039097111773,3.17248379531092,0.516037808710963));
#2894=CARTESIAN_POINT('Ctrl Pts',(1.7501410143572,3.14206593896717,1.00254084392395));
#2895=CARTESIAN_POINT('Ctrl Pts',(1.60455721543285,3.12672885267546,1.22208357210874));
#2896=CARTESIAN_POINT('Ctrl Pts',(1.24245236812884,3.09769983351729,1.58764779619545));
#2897=CARTESIAN_POINT('Ctrl Pts',(1.03139163502491,3.08516451204309,1.7322029986583));
#2898=CARTESIAN_POINT('Ctrl Pts',(0.555764107198105,3.05741957291986,1.9394551086637));
#2899=CARTESIAN_POINT('Ctrl Pts',(0.293959652456647,3.04214764639328,1.99597374857761));
#2900=CARTESIAN_POINT('Ctrl Pts',(0.019198371321762,3.02611990499374,1.9999309137658));
#2901=CARTESIAN_POINT('Ctrl Pts',(0.00959766086732621,3.02555986355059,
2.));
#2902=CARTESIAN_POINT('Ctrl Pts',(-7.80893721181056E-15,3.025,2.));
#2903=CARTESIAN_POINT('Origin',(0.,12.,0.));
#2904=CARTESIAN_POINT('',(-2.04909194042148E-15,2.23749999808817,2.));
#2905=CARTESIAN_POINT('',(-1.70106304305363E-15,2.325,2.));
#2906=CARTESIAN_POINT('',(-2.44929359829471E-16,12.,2.));
#2907=CARTESIAN_POINT('Ctrl Pts',(-9.71445146547012E-16,2.23749999808817,
2.));
#2908=CARTESIAN_POINT('Ctrl Pts',(0.136075712953192,2.24543774801044,2.));
#2909=CARTESIAN_POINT('Ctrl Pts',(0.272124609224592,2.25337393362626,1.98611246439562));
#2910=CARTESIAN_POINT('Ctrl Pts',(0.66404560787897,2.2762359918811,1.90485956881767));
#2911=CARTESIAN_POINT('Ctrl Pts',(0.908915825399552,2.28969803984668,1.8009106117224));
#2912=CARTESIAN_POINT('Ctrl Pts',(1.33814707307805,2.31700028259761,1.50828314119785));
#2913=CARTESIAN_POINT('Ctrl Pts',(1.52001573782597,2.33157451911651,1.32478999937836));
#2914=CARTESIAN_POINT('Ctrl Pts',(1.81025376846547,2.3619576986426,0.890928025815196));
#2915=CARTESIAN_POINT('Ctrl Pts',(1.9125908682226,2.37749325466074,0.642488122510851));
#2916=CARTESIAN_POINT('Ctrl Pts',(2.01208732854781,2.40627641041176,0.130173708800904));
#2917=CARTESIAN_POINT('Ctrl Pts',(2.01223087853635,2.41860631464451,-0.127935221274715));
#2918=CARTESIAN_POINT('Ctrl Pts',(1.91464751783424,2.44698780060768,-0.633403163790824));
#2919=CARTESIAN_POINT('Ctrl Pts',(1.8166301351437,2.46208865835515,-0.875732262726225));
#2920=CARTESIAN_POINT('Ctrl Pts',(1.53032217684272,2.49261462576109,-1.31468973161322));
#2921=CARTESIAN_POINT('Ctrl Pts',(1.34273273034661,2.5077400665937,-1.50579099428395));
#2922=CARTESIAN_POINT('Ctrl Pts',(0.913799188176721,2.53496028008716,-1.79696658697393));
#2923=CARTESIAN_POINT('Ctrl Pts',(0.679182317327978,2.54788102957736,-1.898121972298));
#2924=CARTESIAN_POINT('Ctrl Pts',(0.176076143927657,2.57722888969238,-2.00938469550134));
#2925=CARTESIAN_POINT('Ctrl Pts',(-0.0883522070289734,2.59265387683151,
-2.01514759805942));
#2926=CARTESIAN_POINT('Ctrl Pts',(-0.60840517607074,2.62299030002562,-1.92370324468709));
#2927=CARTESIAN_POINT('Ctrl Pts',(-0.858561335640152,2.6369712398465,-1.82581507513211));
#2928=CARTESIAN_POINT('Ctrl Pts',(-1.29696269947902,2.66400840629726,-1.54372912358158));
#2929=CARTESIAN_POINT('Ctrl Pts',(-1.48323765522424,2.67843440992861,-1.36571420525659));
#2930=CARTESIAN_POINT('Ctrl Pts',(-1.78451982367753,2.70866739294708,-0.941201687431049));
#2931=CARTESIAN_POINT('Ctrl Pts',(-1.89349917894809,2.72421006163978,-0.696455897693044));
#2932=CARTESIAN_POINT('Ctrl Pts',(-2.0078016916912,2.75329712078228,-0.186674035307731));
#2933=CARTESIAN_POINT('Ctrl Pts',(-2.01514996528227,2.76572930469042,0.0726705292006628));
#2934=CARTESIAN_POINT('Ctrl Pts',(-1.93104763248359,2.79387145512837,0.58118413206588));
#2935=CARTESIAN_POINT('Ctrl Pts',(-1.83993217989415,2.80886808654409,0.825434915893557));
#2936=CARTESIAN_POINT('Ctrl Pts',(-1.56629208851508,2.83939023990973,1.27163068273998));
#2937=CARTESIAN_POINT('Ctrl Pts',(-1.38406240252923,2.8546203431344,1.46789818264905));
#2938=CARTESIAN_POINT('Ctrl Pts',(-0.963204394956194,2.88220764608794,1.77100267422136));
#2939=CARTESIAN_POINT('Ctrl Pts',(-0.731322026275124,2.89483954655544,1.87867073198411));
#2940=CARTESIAN_POINT('Ctrl Pts',(-0.326338442856054,2.91846358892155,1.98000151273499));
#2941=CARTESIAN_POINT('Ctrl Pts',(-0.163289872211822,2.92797475554248,2.));
#2942=CARTESIAN_POINT('Ctrl Pts',(-1.06512021424976E-14,2.93749999808817,
2.));
#2943=CARTESIAN_POINT('Ctrl Pts',(-7.42461647718073E-15,3.025,2.));
#2944=CARTESIAN_POINT('Ctrl Pts',(-0.248180372966252,3.01052281157697,2.));
#2945=CARTESIAN_POINT('Ctrl Pts',(-0.494321615029214,2.9961645724566,1.95380340204497));
#2946=CARTESIAN_POINT('Ctrl Pts',(-0.96598821816037,2.96865068727395,1.77011699160575));
#2947=CARTESIAN_POINT('Ctrl Pts',(-1.18581244223973,2.95614443622471,1.63104352557916));
#2948=CARTESIAN_POINT('Ctrl Pts',(-1.56587372337309,2.92692643701936,1.27210561861677));
#2949=CARTESIAN_POINT('Ctrl Pts',(-1.7204425601769,2.91138451109764,1.05369563136635));
#2950=CARTESIAN_POINT('Ctrl Pts',(-1.93141527966532,2.88122468785393,0.578491116835769));
#2951=CARTESIAN_POINT('Ctrl Pts',(-1.98938181551186,2.86686709233912,0.32775142726872));
#2952=CARTESIAN_POINT('Ctrl Pts',(-2.00840322174654,2.83994889274007,-0.194108722765159));
#2953=CARTESIAN_POINT('Ctrl Pts',(-1.96455510248145,2.82570804314806,-0.460391918679395));
#2954=CARTESIAN_POINT('Ctrl Pts',(-1.77673024141521,2.7952523838541,-0.954816890583908));
#2955=CARTESIAN_POINT('Ctrl Pts',(-1.63672839559378,2.77985373535433,-1.17880097657762));
#2956=CARTESIAN_POINT('Ctrl Pts',(-1.28411411119974,2.75060973804355,-1.55410004351892));
#2957=CARTESIAN_POINT('Ctrl Pts',(-1.0771983319025,2.73783656936094,-1.70405103570021));
#2958=CARTESIAN_POINT('Ctrl Pts',(-0.607590649728503,2.71044278790079,-1.9238449175986));
#2959=CARTESIAN_POINT('Ctrl Pts',(-0.347427764307816,2.69526661958458,-1.98735980378809));
#2960=CARTESIAN_POINT('Ctrl Pts',(0.175894795401754,2.66473947026819,-2.00896589966527));
#2961=CARTESIAN_POINT('Ctrl Pts',(0.433949103473186,2.64968630229736,-1.96941507078939));
#2962=CARTESIAN_POINT('Ctrl Pts',(0.918571536184246,2.62141666038921,-1.79498303217139));
#2963=CARTESIAN_POINT('Ctrl Pts',(1.14083602756554,2.60905033475328,-1.6625982535243));
#2964=CARTESIAN_POINT('Ctrl Pts',(1.53028686602597,2.58012367936956,-1.31484852202981));
#2965=CARTESIAN_POINT('Ctrl Pts',(1.69122944864882,2.56458326736606,-1.10014838645262));
#2966=CARTESIAN_POINT('Ctrl Pts',(1.9154769452543,2.53426768754644,-0.629524887457241));
#2967=CARTESIAN_POINT('Ctrl Pts',(1.98019860659755,2.51976165928376,-0.379747065004889));
#2968=CARTESIAN_POINT('Ctrl Pts',(2.01259307439932,2.49258273850707,0.139553085205131));
#2969=CARTESIAN_POINT('Ctrl Pts',(1.97650934126954,2.47888988762902,0.404309515343689));
#2970=CARTESIAN_POINT('Ctrl Pts',(1.80405043585184,2.44869948293137,0.902355346589574));
#2971=CARTESIAN_POINT('Ctrl Pts',(1.67024003056097,2.43324639034282,1.13099177590237));
#2972=CARTESIAN_POINT('Ctrl Pts',(1.32800145924109,2.40377574842755,1.5167676632401));
#2973=CARTESIAN_POINT('Ctrl Pts',(1.12546329340274,2.39065202544844,1.67255947133255));
#2974=CARTESIAN_POINT('Ctrl Pts',(0.662407429421334,2.36364043338286,1.90566096847741));
#2975=CARTESIAN_POINT('Ctrl Pts',(0.404208179547628,2.34857881047356,1.9765874782161));
#2976=CARTESIAN_POINT('Ctrl Pts',(0.0931725251015912,2.33043506396421,1.99837403959972));
#2977=CARTESIAN_POINT('Ctrl Pts',(0.0465616301247147,2.32771609509061,2.));
#2978=CARTESIAN_POINT('Ctrl Pts',(-4.16476652042838E-15,2.325,2.));
#2979=CARTESIAN_POINT('Origin',(0.,12.,0.));
#2980=CARTESIAN_POINT('',(-4.21641208322E-15,1.53749999808817,2.));
#2981=CARTESIAN_POINT('',(-3.06282097169542E-15,1.625,2.));
#2982=CARTESIAN_POINT('',(-2.44929359829471E-16,12.,2.));
#2983=CARTESIAN_POINT('Ctrl Pts',(-4.37150315946155E-15,1.53749999808817,
2.));
#2984=CARTESIAN_POINT('Ctrl Pts',(0.176665406722579,1.54780548014699,2.));
#2985=CARTESIAN_POINT('Ctrl Pts',(0.352947474908916,1.55808860079118,1.97659067714575));
#2986=CARTESIAN_POINT('Ctrl Pts',(0.774359251676064,1.58267095443593,1.86214249165831));
#2987=CARTESIAN_POINT('Ctrl Pts',(1.00889716115587,1.59537650259292,1.74623045157394));
#2988=CARTESIAN_POINT('Ctrl Pts',(1.41930763178806,1.62319988305568,1.43242094898805));
#2989=CARTESIAN_POINT('Ctrl Pts',(1.59167442896767,1.6380457569685,1.23806487545605));
#2990=CARTESIAN_POINT('Ctrl Pts',(1.85845798957152,1.66866626636811,0.785963544171619));
#2991=CARTESIAN_POINT('Ctrl Pts',(1.9468423900168,1.6841490760462,0.530512152916529));
#2992=CARTESIAN_POINT('Ctrl Pts',(2.01601290241214,1.71228428032027,0.0135151579078));
#2993=CARTESIAN_POINT('Ctrl Pts',(2.00145104915263,1.72469676929459,-0.242271219822565));
#2994=CARTESIAN_POINT('Ctrl Pts',(1.87579537279425,1.7535611951955,-0.741091334871113));
#2995=CARTESIAN_POINT('Ctrl Pts',(1.76346304752096,1.76884511390251,-0.978779365084946));
#2996=CARTESIAN_POINT('Ctrl Pts',(1.45128869482171,1.79930168461924,-1.40142916601361));
#2997=CARTESIAN_POINT('Ctrl Pts',(1.25298111156459,1.81416956180186,-1.58124387150614));
#2998=CARTESIAN_POINT('Ctrl Pts',(0.807536557471605,1.84059856263596,-1.84722487815378));
#2999=CARTESIAN_POINT('Ctrl Pts',(0.566879454710736,1.8544320298967,-1.9347083877817));
#3000=CARTESIAN_POINT('Ctrl Pts',(0.0559920667761775,1.88423379419289,-2.01650969879393));
#3001=CARTESIAN_POINT('Ctrl Pts',(-0.209913995025287,1.8997449811313,-2.00633726138792));
#3002=CARTESIAN_POINT('Ctrl Pts',(-0.7202165588871,1.92951263068991,-1.8840178048023));
#3003=CARTESIAN_POINT('Ctrl Pts',(-0.959801412570608,1.9425428577535,-1.77397662885464));
#3004=CARTESIAN_POINT('Ctrl Pts',(-1.37956360187387,1.97011106318434,-1.47061749921931));
#3005=CARTESIAN_POINT('Ctrl Pts',(-1.55672625637387,1.98482750005836,-1.28159250408896));
#3006=CARTESIAN_POINT('Ctrl Pts',(-1.83529026357833,2.01534204035226,-0.838390261107573));
#3007=CARTESIAN_POINT('Ctrl Pts',(-1.93065784258715,2.03085744704368,-0.586325356353053));
#3008=CARTESIAN_POINT('Ctrl Pts',(-2.01488675532366,2.0593186637358,-0.0715689605838708));
#3009=CARTESIAN_POINT('Ctrl Pts',(-2.00762259420425,2.07164014745208,0.185328942096626));
#3010=CARTESIAN_POINT('Ctrl Pts',(-1.89598508392473,2.10026619049986,0.687523692381139));
#3011=CARTESIAN_POINT('Ctrl Pts',(-1.79078743493761,2.11546453494406,0.927636998772185));
#3012=CARTESIAN_POINT('Ctrl Pts',(-1.49143525547327,2.14596890384455,1.35863584352996));
#3013=CARTESIAN_POINT('Ctrl Pts',(-1.29840155779025,2.16097205773584,1.5441732126497));
#3014=CARTESIAN_POINT('Ctrl Pts',(-0.86115175899054,2.18780059995844,1.82279433186742));
#3015=CARTESIAN_POINT('Ctrl Pts',(-0.623572017663228,2.20112496372447,1.91712820957566));
#3016=CARTESIAN_POINT('Ctrl Pts',(-0.25085198504682,2.2228669656271,1.98820344167861));
#3017=CARTESIAN_POINT('Ctrl Pts',(-0.125414602882791,2.23018414625334,2.));
#3018=CARTESIAN_POINT('Ctrl Pts',(-1.04083408558608E-16,2.23749999808817,
2.));
#3019=CARTESIAN_POINT('Ctrl Pts',(-3.53883589099269E-15,2.325,2.));
#3020=CARTESIAN_POINT('Ctrl Pts',(-0.212061110123629,2.31262976857612,2.));
#3021=CARTESIAN_POINT('Ctrl Pts',(-0.423100333206083,2.3003191472296,1.96626988418296));
#3022=CARTESIAN_POINT('Ctrl Pts',(-0.867539812929534,2.2743935109124,1.82002866852154));
#3023=CARTESIAN_POINT('Ctrl Pts',(-1.0924146451058,2.26208061304102,1.69462610910327));
#3024=CARTESIAN_POINT('Ctrl Pts',(-1.49159657143032,2.23346920650768,1.3587349326737));
#3025=CARTESIAN_POINT('Ctrl Pts',(-1.65915301127335,2.21794285138819,1.14813156348365));
#3026=CARTESIAN_POINT('Ctrl Pts',(-1.89726258573334,2.1874861599632,0.682718053497199));
#3027=CARTESIAN_POINT('Ctrl Pts',(-1.96907673845603,2.17283421560044,0.434146693149278));
#3028=CARTESIAN_POINT('Ctrl Pts',(-2.01542998362921,2.14538825892581,-0.0823802931040945));
#3029=CARTESIAN_POINT('Ctrl Pts',(-1.98729555379914,2.13217100578914,-0.345587642520004));
#3030=CARTESIAN_POINT('Ctrl Pts',(-1.83074004923352,2.10226718515785,-0.847142413230991));
#3031=CARTESIAN_POINT('Ctrl Pts',(-1.70350666415335,2.08677115860156,-1.08042595908707));
#3032=CARTESIAN_POINT('Ctrl Pts',(-1.37214941406788,2.0570723545033,-1.47700062009211));
#3033=CARTESIAN_POINT('Ctrl Pts',(-1.17404345176671,2.04348586801967,-1.6388622006811));
#3034=CARTESIAN_POINT('Ctrl Pts',(-0.717812959613367,2.01687242264406,-1.88548394507407));
#3035=CARTESIAN_POINT('Ctrl Pts',(-0.46184267322583,2.00194082260479,-1.96391373323209));
#3036=CARTESIAN_POINT('Ctrl Pts',(0.0607020205036805,1.9714590488039,-2.015924337863));
#3037=CARTESIAN_POINT('Ctrl Pts',(0.322063916540428,1.95621293820176,-1.99096114716941));
#3038=CARTESIAN_POINT('Ctrl Pts',(0.815019166664162,1.92745721527787,-1.84401939995372));
#3039=CARTESIAN_POINT('Ctrl Pts',(1.04257953055767,1.91509871493191,-1.72559671593172));
#3040=CARTESIAN_POINT('Ctrl Pts',(1.45141174444372,1.88681333200036,-1.40173072925523));
#3041=CARTESIAN_POINT('Ctrl Pts',(1.62552167535115,1.87131404360958,-1.19544680217334));
#3042=CARTESIAN_POINT('Ctrl Pts',(1.87745846966641,1.8407391011661,-0.7356756781831));
#3043=CARTESIAN_POINT('Ctrl Pts',(1.9563874482011,1.82595110288656,-0.488518895330999));
#3044=CARTESIAN_POINT('Ctrl Pts',(2.01668254021959,1.79824360171973,0.0251360001667449));
#3045=CARTESIAN_POINT('Ctrl Pts',(1.99633953512263,1.78540186837086,0.286854694499393));
#3046=CARTESIAN_POINT('Ctrl Pts',(1.85552157387499,1.75579315536686,0.791653924033818));
#3047=CARTESIAN_POINT('Ctrl Pts',(1.73495907810612,1.74026823368417,1.02936088479543));
#3048=CARTESIAN_POINT('Ctrl Pts',(1.41462212796873,1.71035955705407,1.43645251766479));
#3049=CARTESIAN_POINT('Ctrl Pts',(1.22086005952721,1.69622374891434,1.60440036848069));
#3050=CARTESIAN_POINT('Ctrl Pts',(0.771425033830822,1.66999261437031,1.86416073850237));
#3051=CARTESIAN_POINT('Ctrl Pts',(0.517860070006753,1.65520850408367,1.94990660783058));
#3052=CARTESIAN_POINT('Ctrl Pts',(0.170160143489789,1.63492600837018,1.99457681532651));
#3053=CARTESIAN_POINT('Ctrl Pts',(0.0850358952577276,1.62996042722337,2.));
#3054=CARTESIAN_POINT('Ctrl Pts',(-7.80893721181056E-15,1.625,2.));
#3055=CARTESIAN_POINT('Origin',(0.,12.,0.));
#3056=CARTESIAN_POINT('',(3.46841291535726E-15,0.837499998088169,2.));
#3057=CARTESIAN_POINT('',(-3.42711290165055E-15,0.925,2.));
#3058=CARTESIAN_POINT('',(-2.44929359829471E-16,12.,2.));
#3059=CARTESIAN_POINT('Ctrl Pts',(6.59194920871187E-15,0.837499998088169,
2.));
#3060=CARTESIAN_POINT('Ctrl Pts',(0.217648306951351,0.850196149326998,2.));
#3061=CARTESIAN_POINT('Ctrl Pts',(0.43419026246134,0.862827763398419,1.96446879233604));
#3062=CARTESIAN_POINT('Ctrl Pts',(0.883524121771277,0.889038905191498,1.81244170715833));
#3063=CARTESIAN_POINT('Ctrl Pts',(1.10801752873301,0.901381285526741,1.68459374670782));
#3064=CARTESIAN_POINT('Ctrl Pts',(1.49879176328543,0.929716937448292,1.34930691286232));
#3065=CARTESIAN_POINT('Ctrl Pts',(1.66064726536653,0.94479847304219,1.14421724878963));
#3066=CARTESIAN_POINT('Ctrl Pts',(1.9000964021322,0.975325566706614,0.678183532539117));
#3067=CARTESIAN_POINT('Ctrl Pts',(1.97318832677809,0.990472188070255,0.420557829025163));
#3068=CARTESIAN_POINT('Ctrl Pts',(2.01366591487592,1.01776396595815,-0.0963095209415367));
#3069=CARTESIAN_POINT('Ctrl Pts',(1.98531969631803,1.03062149955879,-0.35023702279222));
#3070=CARTESIAN_POINT('Ctrl Pts',(1.83279503283876,1.05992672506757,-0.842269890228467));
#3071=CARTESIAN_POINT('Ctrl Pts',(1.70690845449338,1.07534117856885,-1.07471628759196));
#3072=CARTESIAN_POINT('Ctrl Pts',(1.36972168265207,1.10572701476882,-1.48152498128856));
#3073=CARTESIAN_POINT('Ctrl Pts',(1.16035028515365,1.11981289812087,-1.65062807898123));
#3074=CARTESIAN_POINT('Ctrl Pts',(0.697694890701473,1.14680112946391,-1.89165836997478));
#3075=CARTESIAN_POINT('Ctrl Pts',(0.450872067847911,1.16119912746371,-1.96515157520795));
#3076=CARTESIAN_POINT('Ctrl Pts',(-0.0668988499522932,1.19140243100205,
-2.01638885394673));
#3077=CARTESIAN_POINT('Ctrl Pts',(-0.333344255339636,1.20694507964965,-1.98977348053348));
#3078=CARTESIAN_POINT('Ctrl Pts',(-0.832909772140239,1.23608640146301,-1.83644032154712));
#3079=CARTESIAN_POINT('Ctrl Pts',(-1.06203980822705,1.24854702915284,-1.71415222358268));
#3080=CARTESIAN_POINT('Ctrl Pts',(-1.46205871608437,1.27664543490898,-1.38889906050006));
#3081=CARTESIAN_POINT('Ctrl Pts',(-1.62893384155971,1.29162215379355,-1.18878231009999));
#3082=CARTESIAN_POINT('Ctrl Pts',(-1.88077710681618,1.32214108179563,-0.730065985464962));
#3083=CARTESIAN_POINT('Ctrl Pts',(-1.96091746560487,1.33738875955193,-0.474509299511957));
#3084=CARTESIAN_POINT('Ctrl Pts',(-2.01557371587359,1.36504142249198,0.0413156674167704));
#3085=CARTESIAN_POINT('Ctrl Pts',(-1.9941337133311,1.37763124438946,0.296134096391708));
#3086=CARTESIAN_POINT('Ctrl Pts',(-1.85512795422494,1.40671739241119,0.79163549732557));
#3087=CARTESIAN_POINT('Ctrl Pts',(-1.73603760607044,1.42207173425862,1.02681579786394));
#3088=CARTESIAN_POINT('Ctrl Pts',(-1.41171598654044,1.45247078957678,1.44131386138881));
#3089=CARTESIAN_POINT('Ctrl Pts',(-1.20844113910988,1.46700759830676,1.61551652418929));
#3090=CARTESIAN_POINT('Ctrl Pts',(-0.755195085347771,1.49344695144288,1.86934263152713));
#3091=CARTESIAN_POINT('Ctrl Pts',(-0.511497109303093,1.50766266671215,1.95015009654399));
#3092=CARTESIAN_POINT('Ctrl Pts',(-0.173108519414749,1.52740200112231,1.99438739109172));
#3093=CARTESIAN_POINT('Ctrl Pts',(-0.0865083012949937,1.53245368051263,
2.));
#3094=CARTESIAN_POINT('Ctrl Pts',(-4.31350876156786E-15,1.53749999808817,
2.));
#3095=CARTESIAN_POINT('Ctrl Pts',(-7.84095011141517E-15,1.625,2.));
#3096=CARTESIAN_POINT('Ctrl Pts',(-0.174677403171671,1.61481048481499,2.));
#3097=CARTESIAN_POINT('Ctrl Pts',(-0.348981994198765,1.60464271700501,1.97711461820973));
#3098=CARTESIAN_POINT('Ctrl Pts',(-0.763415993668534,1.58046740036928,1.86589157245923));
#3099=CARTESIAN_POINT('Ctrl Pts',(-0.993632727212196,1.567968667186,1.75414758720885));
#3100=CARTESIAN_POINT('Ctrl Pts',(-1.40937315760976,1.54015546691061,1.44361685377685));
#3101=CARTESIAN_POINT('Ctrl Pts',(-1.58817579764918,1.5248660325392,1.24419629584649));
#3102=CARTESIAN_POINT('Ctrl Pts',(-1.85379988769111,1.49435839724883,0.793659871830412));
#3103=CARTESIAN_POINT('Ctrl Pts',(-1.94058253013398,1.47943237669277,0.548305271429483));
#3104=CARTESIAN_POINT('Ctrl Pts',(-2.01622525274862,1.45144293477285,0.0379303550555774));
#3105=CARTESIAN_POINT('Ctrl Pts',(-2.00430140534119,1.43889874831497,-0.222231211199936));
#3106=CARTESIAN_POINT('Ctrl Pts',(-1.88063003460579,1.40962397912715,-0.730319656165107));
#3107=CARTESIAN_POINT('Ctrl Pts',(-1.76751060145351,1.39408312203191,-0.972639310494118));
#3108=CARTESIAN_POINT('Ctrl Pts',(-1.45938701859412,1.36395667517681,-1.39109306675286));
#3109=CARTESIAN_POINT('Ctrl Pts',(-1.27040638914681,1.34962962955358,-1.56558700309029));
#3110=CARTESIAN_POINT('Ctrl Pts',(-0.826208496746154,1.32276396482104,-1.84093147372086));
#3111=CARTESIAN_POINT('Ctrl Pts',(-0.572626876526087,1.30840323446396,-1.93489784911269));
#3112=CARTESIAN_POINT('Ctrl Pts',(-0.0496438154620167,1.27789588923522,
-2.01640821279422));
#3113=CARTESIAN_POINT('Ctrl Pts',(0.214120198790409,1.2625096550705,-2.00562360414803));
#3114=CARTESIAN_POINT('Ctrl Pts',(0.714655732854093,1.23331174891678,-1.88506285765142));
#3115=CARTESIAN_POINT('Ctrl Pts',(0.947408057835059,1.22059715791352,-1.77949038461267));
#3116=CARTESIAN_POINT('Ctrl Pts',(1.37087845321943,1.19312718135283,-1.48021661611493));
#3117=CARTESIAN_POINT('Ctrl Pts',(1.55484894170613,1.17792944208157,-1.28559480913128));
#3118=CARTESIAN_POINT('Ctrl Pts',(1.83258543346493,1.14740345498721,-0.841688211999074));
#3119=CARTESIAN_POINT('Ctrl Pts',(1.92592531326634,1.1323721187842,-0.598034725194286));
#3120=CARTESIAN_POINT('Ctrl Pts',(2.0143709794999,1.10415231666674,-0.0904916424372714));
#3121=CARTESIAN_POINT('Ctrl Pts',(2.00935516403235,1.09176329438559,0.168445693455576));
#3122=CARTESIAN_POINT('Ctrl Pts',(1.89983962810566,1.06277353188098,0.6790653442488));
#3123=CARTESIAN_POINT('Ctrl Pts',(1.79299475182567,1.04723182494316,0.925024438197331));
#3124=CARTESIAN_POINT('Ctrl Pts',(1.49525263598189,1.01694783794051,1.3525904234012));
#3125=CARTESIAN_POINT('Ctrl Pts',(1.31038500343053,1.00247280810137,1.53238832738296));
#3126=CARTESIAN_POINT('Ctrl Pts',(0.874947168112377,0.975349151166485,1.81789734049856));
#3127=CARTESIAN_POINT('Ctrl Pts',(0.62651720678352,0.961546837062302,1.91776271617994));
#3128=CARTESIAN_POINT('Ctrl Pts',(0.244858121954252,0.939283390447263,1.98876144764721));
#3129=CARTESIAN_POINT('Ctrl Pts',(0.122412618487599,0.932140736078444,2.));
#3130=CARTESIAN_POINT('Ctrl Pts',(-4.02455846426619E-15,0.925,2.));
#3131=CARTESIAN_POINT('Origin',(0.,0.7,0.));
#3132=CARTESIAN_POINT('',(-1.71758834438658,0.69,-1.02464153694225));
#3133=CARTESIAN_POINT('',(1.7680981057688E-8,0.617092920077984,-1.92709292007798));
#3134=CARTESIAN_POINT('Ctrl Pts',(-1.71758834438684,0.690000000000018,-1.02464153694184));
#3135=CARTESIAN_POINT('Ctrl Pts',(-1.62350295545892,0.683605510382411,-1.16987377943772));
#3136=CARTESIAN_POINT('Ctrl Pts',(-1.51096776264478,0.677218424819233,-1.30227554185219));
#3137=CARTESIAN_POINT('Ctrl Pts',(-1.22392578042079,0.663300036437098,-1.56264653891265));
#3138=CARTESIAN_POINT('Ctrl Pts',(-1.0634014160678,0.657090515615745,-1.66191694448428));
#3139=CARTESIAN_POINT('Ctrl Pts',(-0.698224343221904,0.643564849578547,
-1.8421521372276));
#3140=CARTESIAN_POINT('Ctrl Pts',(-0.450110933810061,0.634264096054887,
-1.90844046919766));
#3141=CARTESIAN_POINT('Ctrl Pts',(-0.130842901019837,0.622104989765723,
-1.92878386926841));
#3142=CARTESIAN_POINT('Ctrl Pts',(-0.0653212987355085,0.619600016491112,
-1.92960001709219));
#3143=CARTESIAN_POINT('Ctrl Pts',(1.77329255953944E-8,0.617092920754603,
-1.9270929207546));
#3144=CARTESIAN_POINT('',(-1.60428730688302E-16,-4.16333634234434E-16,-1.30999999999999));
#3145=CARTESIAN_POINT('',(-2.46154006628618E-16,0.7,-2.01));
#3146=CARTESIAN_POINT('Origin',(0.,0.,0.));
#3147=CARTESIAN_POINT('Ctrl Pts',(1.77329254058556E-8,0.617092920754604,
-1.9270929207546));
#3148=CARTESIAN_POINT('Ctrl Pts',(0.178999849281945,0.610222732908203,-1.92022273126106));
#3149=CARTESIAN_POINT('Ctrl Pts',(0.356495553304663,0.603335334203573,-1.88839528467869));
#3150=CARTESIAN_POINT('Ctrl Pts',(0.73197667319261,0.588611433637992,-1.7650192743803));
#3151=CARTESIAN_POINT('Ctrl Pts',(0.959397253452964,0.580403274405179,-1.65234526064935));
#3152=CARTESIAN_POINT('Ctrl Pts',(1.35656904305439,0.56127404979065,-1.31203911949681));
#3153=CARTESIAN_POINT('Ctrl Pts',(1.509247973616,0.551635401897475,-1.11708818440663));
#3154=CARTESIAN_POINT('Ctrl Pts',(1.72326718558308,0.532644180020736,-0.691983944237124));
#3155=CARTESIAN_POINT('Ctrl Pts',(1.7875946401911,0.523474107489309,-0.468302343225071));
#3156=CARTESIAN_POINT('Ctrl Pts',(1.82815626729725,0.507245232678106,-0.0365461734256132));
#3157=CARTESIAN_POINT('Ctrl Pts',(1.81778733263316,0.499055369791757,0.207176560303999));
#3158=CARTESIAN_POINT('Ctrl Pts',(1.66934649178094,0.479300725042597,0.681916493383478));
#3159=CARTESIAN_POINT('Ctrl Pts',(1.56265107175975,0.469969286690985,0.881208729606109));
#3160=CARTESIAN_POINT('Ctrl Pts',(1.27396849090815,0.450936041399616,1.23815906327876));
#3161=CARTESIAN_POINT('Ctrl Pts',(1.09139475865878,0.441425063039129,1.38979291995844));
#3162=CARTESIAN_POINT('Ctrl Pts',(0.641343015302399,0.422540651953797,1.63301253613143));
#3163=CARTESIAN_POINT('Ctrl Pts',(0.426717219685214,0.413537471013717,1.67659465845736));
#3164=CARTESIAN_POINT('Ctrl Pts',(0.0605600131544397,0.397875044669897,
1.72073720388734));
#3165=CARTESIAN_POINT('Ctrl Pts',(-0.159632898880858,0.388300884245018,
1.7048484787891));
#3166=CARTESIAN_POINT('Ctrl Pts',(-0.585327793166702,0.369477725452829,
1.5897583197576));
#3167=CARTESIAN_POINT('Ctrl Pts',(-0.788871670094537,0.360933709871777,
1.4896937460183));
#3168=CARTESIAN_POINT('Ctrl Pts',(-1.09057495757667,0.3454836333613,1.2556200769494));
#3169=CARTESIAN_POINT('Ctrl Pts',(-1.20138853455328,0.338617009301355,1.14012954497262));
#3170=CARTESIAN_POINT('Ctrl Pts',(-1.38118453939625,0.324793962182183,0.887473083215192));
#3171=CARTESIAN_POINT('Ctrl Pts',(-1.45117712466817,0.317927153302781,0.752965694421706));
#3172=CARTESIAN_POINT('Ctrl Pts',(-1.50166117321499,0.311113887460245,0.610756872229075));
#3173=CARTESIAN_POINT('',(-1.93475246190762,0.689999999999999,0.506688179398735));
#3174=CARTESIAN_POINT('Ctrl Pts',(-0.588657324894784,0.311113887500004,
-1.51046111836521));
#3175=CARTESIAN_POINT('Ctrl Pts',(-0.814628898615632,0.347350812992836,
-1.46128697013395));
#3176=CARTESIAN_POINT('Ctrl Pts',(-1.01132205243762,0.376868459403213,-1.3642307891151));
#3177=CARTESIAN_POINT('Ctrl Pts',(-1.36379301955495,0.441859096520274,-1.12265672019791));
#3178=CARTESIAN_POINT('Ctrl Pts',(-1.52587692946263,0.477288215848,-0.957844150118135));
#3179=CARTESIAN_POINT('Ctrl Pts',(-1.768914244211,0.543053013869569,-0.590298185218804));
#3180=CARTESIAN_POINT('Ctrl Pts',(-1.85328544907002,0.573091104863241,-0.394373399439746));
#3181=CARTESIAN_POINT('Ctrl Pts',(-1.9603364088822,0.634523468196705,0.0640992437639423));
#3182=CARTESIAN_POINT('Ctrl Pts',(-1.95950301598582,0.663553723120117,0.307791198388177));
#3183=CARTESIAN_POINT('Ctrl Pts',(-1.93475246190762,0.689999999999996,0.506688179398735));
#3184=CARTESIAN_POINT('Origin',(0.,0.69,0.));
#3185=CARTESIAN_POINT('Origin',(0.,15.8,0.));
#3186=CARTESIAN_POINT('',(-4.28626379701574E-16,15.8,3.5));
#3187=CARTESIAN_POINT('Origin',(0.,15.8,0.));
#3188=CARTESIAN_POINT('',(-4.04133443718627E-16,16.,3.3));
#3189=CARTESIAN_POINT('Origin',(-4.04133443718627E-16,15.8,3.3));
#3190=CARTESIAN_POINT('Origin',(0.,16.,0.));
#3191=CARTESIAN_POINT('Origin',(0.,12.2,0.));
#3192=CARTESIAN_POINT('',(-4.04133443718627E-16,12.,3.3));
#3193=CARTESIAN_POINT('Origin',(0.,12.,0.));
#3194=CARTESIAN_POINT('',(-4.28626379701574E-16,12.2,3.5));
#3195=CARTESIAN_POINT('Origin',(-4.04133443718627E-16,12.2,3.3));
#3196=CARTESIAN_POINT('Origin',(0.,12.2,0.));
#3197=CARTESIAN_POINT('Origin',(0.,16.,0.));
#3198=CARTESIAN_POINT('',(-4.28626379701574E-16,16.,3.5));
#3199=CARTESIAN_POINT('Origin',(0.,12.,0.));
#3200=CARTESIAN_POINT('Ctrl Pts',(-3.50414142147315E-15,0.925,2.));
#3201=CARTESIAN_POINT('Ctrl Pts',(-0.138565071700193,0.916917037484156,
2.));
#3202=CARTESIAN_POINT('Ctrl Pts',(-0.277088007455681,0.908836532898351,
1.98559965773362));
#3203=CARTESIAN_POINT('Ctrl Pts',(-0.661139512479052,0.886433528438656,
1.90448284106457));
#3204=CARTESIAN_POINT('Ctrl Pts',(-0.896712065815325,0.873392449895601,
1.80555347122995));
#3205=CARTESIAN_POINT('Ctrl Pts',(-1.3283758698804,0.846299295169459,1.5184693073006));
#3206=CARTESIAN_POINT('Ctrl Pts',(-1.5177618957471,0.831212358762311,1.32916749016989));
#3207=CARTESIAN_POINT('Ctrl Pts',(-1.80835392664167,0.800690566376417,0.89276607571193));
#3208=CARTESIAN_POINT('Ctrl Pts',(-1.90872110546487,0.78555656602817,0.651137578852697));
#3209=CARTESIAN_POINT('Ctrl Pts',(-2.00823453268287,0.7578368330854,0.159883273369306));
#3210=CARTESIAN_POINT('Ctrl Pts',(-2.01283567664723,0.74613030030187,-0.0840108697911067));
#3211=CARTESIAN_POINT('Ctrl Pts',(-1.93321202584988,0.719215637431448,-0.570812288542657));
#3212=CARTESIAN_POINT('Ctrl Pts',(-1.84629175798679,0.704652798515751,-0.80889829883167));
#3213=CARTESIAN_POINT('Ctrl Pts',(-1.71758834438663,0.690000000000005,-1.02464153694217));
#3214=CARTESIAN_POINT('Ctrl Pts',(-1.93475246190762,0.689999999999998,0.506688179398739));
#3215=CARTESIAN_POINT('Ctrl Pts',(-1.89542595608436,0.69873310314771,0.65685362049913));
#3216=CARTESIAN_POINT('Ctrl Pts',(-1.83875259548916,0.70771468443637,0.801922441923634));
#3217=CARTESIAN_POINT('Ctrl Pts',(-1.69271594639736,0.725848725596349,1.07656906480898));
#3218=CARTESIAN_POINT('Ctrl Pts',(-1.6037125613599,0.734940554473853,1.20515447420807));
#3219=CARTESIAN_POINT('Ctrl Pts',(-1.32617139856548,0.758950245918764,1.52018464294769));
#3220=CARTESIAN_POINT('Ctrl Pts',(-1.11421045551054,0.772504388183396,1.68172042877735));
#3221=CARTESIAN_POINT('Ctrl Pts',(-0.647036399545623,0.799756208114683,
1.90966837412119));
#3222=CARTESIAN_POINT('Ctrl Pts',(-0.397667607499064,0.814302720984064,
1.97669167408948));
#3223=CARTESIAN_POINT('Ctrl Pts',(-0.0949982733035244,0.83195843214547,
1.99830978124271));
#3224=CARTESIAN_POINT('Ctrl Pts',(-0.0474728192765705,0.834730750297036,
2.));
#3225=CARTESIAN_POINT('Ctrl Pts',(6.3958923016351E-15,0.837499998088169,
2.));
#3226=CARTESIAN_POINT('Ctrl Pts',(1.62111388746024,-0.781250000932961,0.));
#3227=CARTESIAN_POINT('Ctrl Pts',(1.62111388746024,-0.722916667599628,-0.935950539312211));
#3228=CARTESIAN_POINT('Ctrl Pts',(0.810556943730121,-0.664583334266294,
-1.40392580896832));
#3229=CARTESIAN_POINT('Ctrl Pts',(1.14620883212894E-16,-0.606250000932961,
-1.87190107862442));
#3230=CARTESIAN_POINT('Ctrl Pts',(-0.81055694373012,-0.547916667599628,
-1.40392580896832));
#3231=CARTESIAN_POINT('Ctrl Pts',(-1.62111388746024,-0.489583334266294,
-0.935950539312212));
#3232=CARTESIAN_POINT('Ctrl Pts',(-1.62111388746024,-0.431250000932961,
-1.98529193333151E-16));
#3233=CARTESIAN_POINT('Ctrl Pts',(-1.62111388746024,-0.372916667599628,
0.93595053931221));
#3234=CARTESIAN_POINT('Ctrl Pts',(-0.810556943730121,-0.314583334266294,
1.40392580896832));
#3235=CARTESIAN_POINT('Ctrl Pts',(-3.43862649638681E-16,-0.256250000932961,
1.87190107862442));
#3236=CARTESIAN_POINT('Ctrl Pts',(0.81055694373012,-0.197916667599628,1.40392580896832));
#3237=CARTESIAN_POINT('Ctrl Pts',(1.62111388746024,-0.139583334266294,0.935950539312212));
#3238=CARTESIAN_POINT('Ctrl Pts',(1.62111388746024,-0.0812500009329609,
0.));
#3239=CARTESIAN_POINT('Ctrl Pts',(1.62111388746024,-0.0229166675996276,
-0.935950539312211));
#3240=CARTESIAN_POINT('Ctrl Pts',(0.810556943730121,0.0354166657337058,
-1.40392580896832));
#3241=CARTESIAN_POINT('Ctrl Pts',(1.14620883212894E-16,0.0937499990670392,
-1.87190107862442));
#3242=CARTESIAN_POINT('Ctrl Pts',(-0.81055694373012,0.152083332400372,-1.40392580896832));
#3243=CARTESIAN_POINT('Ctrl Pts',(-1.62111388746024,0.210416665733706,-0.935950539312212));
#3244=CARTESIAN_POINT('Ctrl Pts',(-1.62111388746024,0.268749999067039,-1.98529193333151E-16));
#3245=CARTESIAN_POINT('Ctrl Pts',(-1.62111388746024,0.327083332400373,0.93595053931221));
#3246=CARTESIAN_POINT('Ctrl Pts',(-0.810556943730121,0.385416665733706,
1.40392580896832));
#3247=CARTESIAN_POINT('Ctrl Pts',(-3.43862649638681E-16,0.443749999067039,
1.87190107862442));
#3248=CARTESIAN_POINT('Ctrl Pts',(0.81055694373012,0.502083332400373,1.40392580896832));
#3249=CARTESIAN_POINT('Ctrl Pts',(1.62111388746024,0.560416665733706,0.935950539312212));
#3250=CARTESIAN_POINT('Ctrl Pts',(1.62111388746024,0.618749999067039,0.));
#3251=CARTESIAN_POINT('Ctrl Pts',(1.62111388746024,0.677083332400372,-0.935950539312211));
#3252=CARTESIAN_POINT('Ctrl Pts',(0.810556943730121,0.735416665733706,-1.40392580896832));
#3253=CARTESIAN_POINT('Ctrl Pts',(1.14620883212894E-16,0.793749999067039,
-1.87190107862442));
#3254=CARTESIAN_POINT('Ctrl Pts',(-0.81055694373012,0.852083332400373,-1.40392580896832));
#3255=CARTESIAN_POINT('Ctrl Pts',(-1.62111388746024,0.910416665733706,-0.935950539312212));
#3256=CARTESIAN_POINT('Ctrl Pts',(-1.62111388746024,0.968749999067039,-1.98529193333151E-16));
#3257=CARTESIAN_POINT('Ctrl Pts',(-1.62111388746024,1.02708333240037,0.93595053931221));
#3258=CARTESIAN_POINT('Ctrl Pts',(-0.810556943730121,1.08541666573371,1.40392580896832));
#3259=CARTESIAN_POINT('Ctrl Pts',(-3.43862649638681E-16,1.14374999906704,
1.87190107862442));
#3260=CARTESIAN_POINT('Ctrl Pts',(0.81055694373012,1.20208333240037,1.40392580896832));
#3261=CARTESIAN_POINT('Ctrl Pts',(1.62111388746024,1.26041666573371,0.935950539312212));
#3262=CARTESIAN_POINT('Ctrl Pts',(1.62111388746024,1.31874999906704,0.));
#3263=CARTESIAN_POINT('Ctrl Pts',(1.62111388746024,1.37708333240037,-0.935950539312211));
#3264=CARTESIAN_POINT('Ctrl Pts',(0.810556943730121,1.43541666573371,-1.40392580896832));
#3265=CARTESIAN_POINT('Ctrl Pts',(1.14620883212894E-16,1.49374999906704,
-1.87190107862442));
#3266=CARTESIAN_POINT('Ctrl Pts',(-0.81055694373012,1.55208333240037,-1.40392580896832));
#3267=CARTESIAN_POINT('Ctrl Pts',(-1.62111388746024,1.61041666573371,-0.935950539312212));
#3268=CARTESIAN_POINT('Ctrl Pts',(-1.62111388746024,1.66874999906704,-1.98529193333151E-16));
#3269=CARTESIAN_POINT('Ctrl Pts',(-1.62111388746024,1.72708333240037,0.93595053931221));
#3270=CARTESIAN_POINT('Ctrl Pts',(-0.810556943730121,1.78541666573371,1.40392580896832));
#3271=CARTESIAN_POINT('Ctrl Pts',(-3.43862649638681E-16,1.84374999906704,
1.87190107862442));
#3272=CARTESIAN_POINT('Ctrl Pts',(0.81055694373012,1.90208333240037,1.40392580896832));
#3273=CARTESIAN_POINT('Ctrl Pts',(1.62111388746024,1.96041666573371,0.935950539312212));
#3274=CARTESIAN_POINT('Ctrl Pts',(1.62111388746024,2.01874999906704,0.));
#3275=CARTESIAN_POINT('Ctrl Pts',(1.62111388746024,2.07708333240037,-0.935950539312211));
#3276=CARTESIAN_POINT('Ctrl Pts',(0.810556943730121,2.13541666573371,-1.40392580896832));
#3277=CARTESIAN_POINT('Ctrl Pts',(1.14620883212894E-16,2.19374999906704,
-1.87190107862442));
#3278=CARTESIAN_POINT('Ctrl Pts',(-0.81055694373012,2.25208333240037,-1.40392580896832));
#3279=CARTESIAN_POINT('Ctrl Pts',(-1.62111388746024,2.31041666573371,-0.935950539312212));
#3280=CARTESIAN_POINT('Ctrl Pts',(-1.62111388746024,2.36874999906704,-1.98529193333151E-16));
#3281=CARTESIAN_POINT('Ctrl Pts',(-1.62111388746024,2.42708333240037,0.93595053931221));
#3282=CARTESIAN_POINT('Ctrl Pts',(-0.810556943730121,2.48541666573371,1.40392580896832));
#3283=CARTESIAN_POINT('Ctrl Pts',(-3.43862649638681E-16,2.54374999906704,
1.87190107862442));
#3284=CARTESIAN_POINT('Ctrl Pts',(0.81055694373012,2.60208333240037,1.40392580896832));
#3285=CARTESIAN_POINT('Ctrl Pts',(1.62111388746024,2.66041666573371,0.935950539312212));
#3286=CARTESIAN_POINT('Ctrl Pts',(1.62111388746024,2.71874999906704,0.));
#3287=CARTESIAN_POINT('Ctrl Pts',(1.62111388746024,2.77708333240037,-0.935950539312211));
#3288=CARTESIAN_POINT('Ctrl Pts',(0.810556943730121,2.83541666573371,-1.40392580896832));
#3289=CARTESIAN_POINT('Ctrl Pts',(1.14620883212894E-16,2.89374999906704,
-1.87190107862442));
#3290=CARTESIAN_POINT('Ctrl Pts',(-0.81055694373012,2.95208333240037,-1.40392580896832));
#3291=CARTESIAN_POINT('Ctrl Pts',(-1.62111388746024,3.01041666573371,-0.935950539312212));
#3292=CARTESIAN_POINT('Ctrl Pts',(-1.62111388746024,3.06874999906704,-1.98529193333151E-16));
#3293=CARTESIAN_POINT('Ctrl Pts',(-1.62111388746024,3.12708333240037,0.93595053931221));
#3294=CARTESIAN_POINT('Ctrl Pts',(-0.810556943730121,3.18541666573371,1.40392580896832));
#3295=CARTESIAN_POINT('Ctrl Pts',(-3.43862649638681E-16,3.24374999906704,
1.87190107862442));
#3296=CARTESIAN_POINT('Ctrl Pts',(0.81055694373012,3.30208333240037,1.40392580896832));
#3297=CARTESIAN_POINT('Ctrl Pts',(1.62111388746024,3.36041666573371,0.935950539312212));
#3298=CARTESIAN_POINT('Ctrl Pts',(1.62111388746024,3.41874999906704,0.));
#3299=CARTESIAN_POINT('Ctrl Pts',(1.62111388746024,3.47708333240037,-0.935950539312211));
#3300=CARTESIAN_POINT('Ctrl Pts',(0.810556943730121,3.53541666573371,-1.40392580896832));
#3301=CARTESIAN_POINT('Ctrl Pts',(1.14620883212894E-16,3.59374999906704,
-1.87190107862442));
#3302=CARTESIAN_POINT('Ctrl Pts',(-0.81055694373012,3.65208333240037,-1.40392580896832));
#3303=CARTESIAN_POINT('Ctrl Pts',(-1.62111388746024,3.71041666573371,-0.935950539312212));
#3304=CARTESIAN_POINT('Ctrl Pts',(-1.62111388746024,3.76874999906704,-1.98529193333151E-16));
#3305=CARTESIAN_POINT('Ctrl Pts',(-1.62111388746024,3.82708333240037,0.93595053931221));
#3306=CARTESIAN_POINT('Ctrl Pts',(-0.810556943730121,3.88541666573371,1.40392580896832));
#3307=CARTESIAN_POINT('Ctrl Pts',(-3.43862649638681E-16,3.94374999906704,
1.87190107862442));
#3308=CARTESIAN_POINT('Ctrl Pts',(0.81055694373012,4.00208333240037,1.40392580896832));
#3309=CARTESIAN_POINT('Ctrl Pts',(1.62111388746024,4.06041666573371,0.935950539312212));
#3310=CARTESIAN_POINT('Ctrl Pts',(1.62111388746024,4.11874999906704,0.));
#3311=CARTESIAN_POINT('Ctrl Pts',(1.62111388746024,4.17708333240037,-0.935950539312211));
#3312=CARTESIAN_POINT('Ctrl Pts',(0.810556943730121,4.23541666573371,-1.40392580896832));
#3313=CARTESIAN_POINT('Ctrl Pts',(1.14620883212894E-16,4.29374999906704,
-1.87190107862442));
#3314=CARTESIAN_POINT('Ctrl Pts',(-0.81055694373012,4.35208333240037,-1.40392580896832));
#3315=CARTESIAN_POINT('Ctrl Pts',(-1.62111388746024,4.41041666573371,-0.935950539312212));
#3316=CARTESIAN_POINT('Ctrl Pts',(-1.62111388746024,4.46874999906704,-1.98529193333151E-16));
#3317=CARTESIAN_POINT('Ctrl Pts',(-1.62111388746024,4.52708333240037,0.93595053931221));
#3318=CARTESIAN_POINT('Ctrl Pts',(-0.810556943730121,4.58541666573371,1.40392580896832));
#3319=CARTESIAN_POINT('Ctrl Pts',(-3.43862649638681E-16,4.64374999906704,
1.87190107862442));
#3320=CARTESIAN_POINT('Ctrl Pts',(0.81055694373012,4.70208333240037,1.40392580896832));
#3321=CARTESIAN_POINT('Ctrl Pts',(1.62111388746024,4.76041666573371,0.935950539312212));
#3322=CARTESIAN_POINT('Ctrl Pts',(1.62111388746024,4.81874999906704,0.));
#3323=CARTESIAN_POINT('Ctrl Pts',(1.62111388746024,4.87708333240037,-0.935950539312211));
#3324=CARTESIAN_POINT('Ctrl Pts',(0.810556943730121,4.93541666573371,-1.40392580896832));
#3325=CARTESIAN_POINT('Ctrl Pts',(1.14620883212894E-16,4.99374999906704,
-1.87190107862442));
#3326=CARTESIAN_POINT('Ctrl Pts',(-0.81055694373012,5.05208333240037,-1.40392580896832));
#3327=CARTESIAN_POINT('Ctrl Pts',(-1.62111388746024,5.11041666573371,-0.935950539312212));
#3328=CARTESIAN_POINT('Ctrl Pts',(-1.62111388746024,5.16874999906704,-1.98529193333151E-16));
#3329=CARTESIAN_POINT('Ctrl Pts',(-1.62111388746024,5.22708333240037,0.93595053931221));
#3330=CARTESIAN_POINT('Ctrl Pts',(-0.810556943730121,5.28541666573371,1.40392580896832));
#3331=CARTESIAN_POINT('Ctrl Pts',(-3.43862649638681E-16,5.34374999906704,
1.87190107862442));
#3332=CARTESIAN_POINT('Ctrl Pts',(0.81055694373012,5.40208333240037,1.40392580896832));
#3333=CARTESIAN_POINT('Ctrl Pts',(1.62111388746024,5.4604166657337,0.935950539312212));
#3334=CARTESIAN_POINT('Ctrl Pts',(1.62111388746024,5.51874999906704,0.));
#3335=CARTESIAN_POINT('Ctrl Pts',(1.62111388746024,5.57708333240037,-0.935950539312211));
#3336=CARTESIAN_POINT('Ctrl Pts',(0.810556943730121,5.63541666573371,-1.40392580896832));
#3337=CARTESIAN_POINT('Ctrl Pts',(1.14620883212894E-16,5.69374999906704,
-1.87190107862442));
#3338=CARTESIAN_POINT('Ctrl Pts',(-0.81055694373012,5.75208333240037,-1.40392580896832));
#3339=CARTESIAN_POINT('Ctrl Pts',(-1.62111388746024,5.81041666573371,-0.935950539312212));
#3340=CARTESIAN_POINT('Ctrl Pts',(-1.62111388746024,5.86874999906704,-1.98529193333151E-16));
#3341=CARTESIAN_POINT('Ctrl Pts',(-1.62111388746024,5.92708333240037,0.93595053931221));
#3342=CARTESIAN_POINT('Ctrl Pts',(-0.810556943730121,5.98541666573371,1.40392580896832));
#3343=CARTESIAN_POINT('Ctrl Pts',(-3.43862649638681E-16,6.04374999906704,
1.87190107862442));
#3344=CARTESIAN_POINT('Ctrl Pts',(0.81055694373012,6.10208333240037,1.40392580896832));
#3345=CARTESIAN_POINT('Ctrl Pts',(1.62111388746024,6.1604166657337,0.935950539312212));
#3346=CARTESIAN_POINT('Ctrl Pts',(1.62111388746024,6.21874999906704,0.));
#3347=CARTESIAN_POINT('Ctrl Pts',(1.62111388746024,6.27708333240037,-0.935950539312211));
#3348=CARTESIAN_POINT('Ctrl Pts',(0.810556943730121,6.33541666573371,-1.40392580896832));
#3349=CARTESIAN_POINT('Ctrl Pts',(1.14620883212894E-16,6.39374999906704,
-1.87190107862442));
#3350=CARTESIAN_POINT('Ctrl Pts',(-0.81055694373012,6.45208333240037,-1.40392580896832));
#3351=CARTESIAN_POINT('Ctrl Pts',(-1.62111388746024,6.5104166657337,-0.935950539312212));
#3352=CARTESIAN_POINT('Ctrl Pts',(-1.62111388746024,6.56874999906704,-1.98529193333151E-16));
#3353=CARTESIAN_POINT('Ctrl Pts',(-1.62111388746024,6.62708333240038,0.93595053931221));
#3354=CARTESIAN_POINT('Ctrl Pts',(-0.810556943730121,6.68541666573371,1.40392580896832));
#3355=CARTESIAN_POINT('Ctrl Pts',(-3.43862649638681E-16,6.74374999906704,
1.87190107862442));
#3356=CARTESIAN_POINT('Ctrl Pts',(0.81055694373012,6.80208333240037,1.40392580896832));
#3357=CARTESIAN_POINT('Ctrl Pts',(1.62111388746024,6.8604166657337,0.935950539312212));
#3358=CARTESIAN_POINT('Ctrl Pts',(1.62111388746024,6.91874999906704,0.));
#3359=CARTESIAN_POINT('Ctrl Pts',(1.62111388746024,6.97708333240037,-0.935950539312211));
#3360=CARTESIAN_POINT('Ctrl Pts',(0.810556943730121,7.0354166657337,-1.40392580896832));
#3361=CARTESIAN_POINT('Ctrl Pts',(1.14620883212894E-16,7.09374999906704,
-1.87190107862442));
#3362=CARTESIAN_POINT('Ctrl Pts',(-0.81055694373012,7.15208333240037,-1.40392580896832));
#3363=CARTESIAN_POINT('Ctrl Pts',(-1.62111388746024,7.2104166657337,-0.935950539312212));
#3364=CARTESIAN_POINT('Ctrl Pts',(-1.62111388746024,7.26874999906704,-1.98529193333151E-16));
#3365=CARTESIAN_POINT('Ctrl Pts',(-1.62111388746024,7.32708333240037,0.93595053931221));
#3366=CARTESIAN_POINT('Ctrl Pts',(-0.810556943730121,7.3854166657337,1.40392580896832));
#3367=CARTESIAN_POINT('Ctrl Pts',(-3.43862649638681E-16,7.44374999906704,
1.87190107862442));
#3368=CARTESIAN_POINT('Ctrl Pts',(0.81055694373012,7.50208333240037,1.40392580896832));
#3369=CARTESIAN_POINT('Ctrl Pts',(1.62111388746024,7.56041666573371,0.935950539312212));
#3370=CARTESIAN_POINT('Ctrl Pts',(1.62111388746024,7.61874999906704,0.));
#3371=CARTESIAN_POINT('Ctrl Pts',(1.62111388746024,7.67708333240037,-0.935950539312211));
#3372=CARTESIAN_POINT('Ctrl Pts',(0.810556943730121,7.73541666573371,-1.40392580896832));
#3373=CARTESIAN_POINT('Ctrl Pts',(1.14620883212894E-16,7.79374999906704,
-1.87190107862442));
#3374=CARTESIAN_POINT('Ctrl Pts',(-0.81055694373012,7.85208333240037,-1.40392580896832));
#3375=CARTESIAN_POINT('Ctrl Pts',(-1.62111388746024,7.91041666573371,-0.935950539312212));
#3376=CARTESIAN_POINT('Ctrl Pts',(-1.62111388746024,7.96874999906704,-1.98529193333151E-16));
#3377=CARTESIAN_POINT('Ctrl Pts',(-1.62111388746024,8.02708333240037,0.93595053931221));
#3378=CARTESIAN_POINT('Ctrl Pts',(-0.810556943730121,8.08541666573371,1.40392580896832));
#3379=CARTESIAN_POINT('Ctrl Pts',(-3.43862649638681E-16,8.14374999906704,
1.87190107862442));
#3380=CARTESIAN_POINT('Ctrl Pts',(0.81055694373012,8.20208333240037,1.40392580896832));
#3381=CARTESIAN_POINT('Ctrl Pts',(1.62111388746024,8.26041666573371,0.935950539312212));
#3382=CARTESIAN_POINT('Ctrl Pts',(1.62111388746024,8.31874999906704,0.));
#3383=CARTESIAN_POINT('Ctrl Pts',(1.62111388746024,8.37708333240037,-0.935950539312211));
#3384=CARTESIAN_POINT('Ctrl Pts',(0.810556943730121,8.43541666573371,-1.40392580896832));
#3385=CARTESIAN_POINT('Ctrl Pts',(1.14620883212894E-16,8.49374999906704,
-1.87190107862442));
#3386=CARTESIAN_POINT('Ctrl Pts',(-0.81055694373012,8.55208333240037,-1.40392580896832));
#3387=CARTESIAN_POINT('Ctrl Pts',(-1.62111388746024,8.61041666573371,-0.935950539312212));
#3388=CARTESIAN_POINT('Ctrl Pts',(-1.62111388746024,8.66874999906704,-1.98529193333151E-16));
#3389=CARTESIAN_POINT('Ctrl Pts',(-1.62111388746024,8.72708333240038,0.93595053931221));
#3390=CARTESIAN_POINT('Ctrl Pts',(-0.810556943730121,8.78541666573371,1.40392580896832));
#3391=CARTESIAN_POINT('Ctrl Pts',(-3.43862649638681E-16,8.84374999906704,
1.87190107862442));
#3392=CARTESIAN_POINT('Ctrl Pts',(0.81055694373012,8.90208333240037,1.40392580896832));
#3393=CARTESIAN_POINT('Ctrl Pts',(1.62111388746024,8.96041666573371,0.935950539312212));
#3394=CARTESIAN_POINT('Ctrl Pts',(1.62111388746024,9.01874999906704,0.));
#3395=CARTESIAN_POINT('Ctrl Pts',(1.62111388746024,9.07708333240038,-0.935950539312211));
#3396=CARTESIAN_POINT('Ctrl Pts',(0.810556943730121,9.13541666573371,-1.40392580896832));
#3397=CARTESIAN_POINT('Ctrl Pts',(1.14620883212894E-16,9.19374999906704,
-1.87190107862442));
#3398=CARTESIAN_POINT('Ctrl Pts',(-0.81055694373012,9.25208333240037,-1.40392580896832));
#3399=CARTESIAN_POINT('Ctrl Pts',(-1.62111388746024,9.31041666573371,-0.935950539312212));
#3400=CARTESIAN_POINT('Ctrl Pts',(-1.62111388746024,9.36874999906704,-1.98529193333151E-16));
#3401=CARTESIAN_POINT('Ctrl Pts',(-1.62111388746024,9.42708333240038,0.93595053931221));
#3402=CARTESIAN_POINT('Ctrl Pts',(-0.810556943730121,9.48541666573371,1.40392580896832));
#3403=CARTESIAN_POINT('Ctrl Pts',(-3.43862649638681E-16,9.54374999906704,
1.87190107862442));
#3404=CARTESIAN_POINT('Ctrl Pts',(0.81055694373012,9.60208333240037,1.40392580896832));
#3405=CARTESIAN_POINT('Ctrl Pts',(1.62111388746024,9.66041666573371,0.935950539312212));
#3406=CARTESIAN_POINT('Ctrl Pts',(1.62111388746024,9.71874999906704,0.));
#3407=CARTESIAN_POINT('Ctrl Pts',(1.62111388746024,9.77708333240037,-0.935950539312211));
#3408=CARTESIAN_POINT('Ctrl Pts',(0.810556943730121,9.83541666573371,-1.40392580896832));
#3409=CARTESIAN_POINT('Ctrl Pts',(1.14620883212894E-16,9.89374999906704,
-1.87190107862442));
#3410=CARTESIAN_POINT('Ctrl Pts',(-0.81055694373012,9.95208333240037,-1.40392580896832));
#3411=CARTESIAN_POINT('Ctrl Pts',(-1.62111388746024,10.0104166657337,-0.935950539312212));
#3412=CARTESIAN_POINT('Ctrl Pts',(-1.62111388746024,10.068749999067,-1.98529193333151E-16));
#3413=CARTESIAN_POINT('Ctrl Pts',(-1.62111388746024,10.1270833324004,0.93595053931221));
#3414=CARTESIAN_POINT('Ctrl Pts',(-0.810556943730121,10.1854166657337,1.40392580896832));
#3415=CARTESIAN_POINT('Ctrl Pts',(-3.43862649638681E-16,10.243749999067,
1.87190107862442));
#3416=CARTESIAN_POINT('Ctrl Pts',(0.81055694373012,10.3020833324004,1.40392580896832));
#3417=CARTESIAN_POINT('Ctrl Pts',(1.62111388746024,10.3604166657337,0.935950539312212));
#3418=CARTESIAN_POINT('Ctrl Pts',(1.62111388746024,10.418749999067,0.));
#3419=CARTESIAN_POINT('Ctrl Pts',(1.62111388746024,10.4770833324004,-0.935950539312211));
#3420=CARTESIAN_POINT('Ctrl Pts',(0.810556943730121,10.5354166657337,-1.40392580896832));
#3421=CARTESIAN_POINT('Ctrl Pts',(1.14620883212894E-16,10.593749999067,
-1.87190107862442));
#3422=CARTESIAN_POINT('Ctrl Pts',(-0.81055694373012,10.6520833324004,-1.40392580896832));
#3423=CARTESIAN_POINT('Ctrl Pts',(-1.62111388746024,10.7104166657337,-0.935950539312212));
#3424=CARTESIAN_POINT('Ctrl Pts',(-1.62111388746024,10.768749999067,-1.98529193333151E-16));
#3425=CARTESIAN_POINT('Ctrl Pts',(-1.62111388746024,10.8270833324004,0.93595053931221));
#3426=CARTESIAN_POINT('Ctrl Pts',(-0.810556943730121,10.8854166657337,1.40392580896832));
#3427=CARTESIAN_POINT('Ctrl Pts',(-3.43862649638681E-16,10.943749999067,
1.87190107862442));
#3428=CARTESIAN_POINT('Ctrl Pts',(0.81055694373012,11.0020833324004,1.40392580896832));
#3429=CARTESIAN_POINT('Ctrl Pts',(1.62111388746024,11.0604166657337,0.935950539312212));
#3430=CARTESIAN_POINT('Ctrl Pts',(1.62111388746024,11.118749999067,0.));
#3431=CARTESIAN_POINT('Ctrl Pts',(1.62111388746024,11.1770833324004,-0.935950539312211));
#3432=CARTESIAN_POINT('Ctrl Pts',(0.810556943730121,11.2354166657337,-1.40392580896832));
#3433=CARTESIAN_POINT('Ctrl Pts',(1.14620883212894E-16,11.293749999067,
-1.87190107862442));
#3434=CARTESIAN_POINT('Ctrl Pts',(-0.81055694373012,11.3520833324004,-1.40392580896832));
#3435=CARTESIAN_POINT('Ctrl Pts',(-1.62111388746024,11.4104166657337,-0.935950539312212));
#3436=CARTESIAN_POINT('Ctrl Pts',(-1.62111388746024,11.468749999067,-1.98529193333151E-16));
#3437=CARTESIAN_POINT('Ctrl Pts',(-1.62111388746024,11.5270833324004,0.93595053931221));
#3438=CARTESIAN_POINT('Ctrl Pts',(-0.810556943730121,11.5854166657337,1.40392580896832));
#3439=CARTESIAN_POINT('Ctrl Pts',(-3.43862649638681E-16,11.643749999067,
1.87190107862442));
#3440=CARTESIAN_POINT('Ctrl Pts',(0.81055694373012,11.7020833324004,1.40392580896832));
#3441=CARTESIAN_POINT('Ctrl Pts',(1.62111388746024,11.7604166657337,0.935950539312212));
#3442=CARTESIAN_POINT('Ctrl Pts',(1.62111388746024,11.818749999067,0.));
#3443=CARTESIAN_POINT('Ctrl Pts',(1.62111388746024,11.8770833324004,-0.935950539312211));
#3444=CARTESIAN_POINT('Ctrl Pts',(0.810556943730121,11.9354166657337,-1.40392580896832));
#3445=CARTESIAN_POINT('Ctrl Pts',(1.14620883212894E-16,11.993749999067,
-1.87190107862442));
#3446=CARTESIAN_POINT('Ctrl Pts',(-0.81055694373012,12.0520833324004,-1.40392580896832));
#3447=CARTESIAN_POINT('Ctrl Pts',(-1.62111388746024,12.1104166657337,-0.935950539312212));
#3448=CARTESIAN_POINT('Ctrl Pts',(-1.62111388746024,12.168749999067,-1.98529193333151E-16));
#3449=CARTESIAN_POINT('Ctrl Pts',(-1.62111388746024,12.2270833324004,0.93595053931221));
#3450=CARTESIAN_POINT('Ctrl Pts',(-0.810556943730121,12.2854166657337,1.40392580896832));
#3451=CARTESIAN_POINT('Ctrl Pts',(-3.43862649638681E-16,12.343749999067,
1.87190107862442));
#3452=CARTESIAN_POINT('Ctrl Pts',(0.81055694373012,12.4020833324004,1.40392580896832));
#3453=CARTESIAN_POINT('Ctrl Pts',(1.62111388746024,12.4604166657337,0.935950539312212));
#3454=CARTESIAN_POINT('Ctrl Pts',(1.62111388746024,12.518749999067,0.));
#3455=CARTESIAN_POINT('Ctrl Pts',(1.62111388746024,12.5770833324004,-0.935950539312211));
#3456=CARTESIAN_POINT('Ctrl Pts',(0.810556943730121,12.6354166657337,-1.40392580896832));
#3457=CARTESIAN_POINT('Ctrl Pts',(1.14620883212894E-16,12.693749999067,
-1.87190107862442));
#3458=CARTESIAN_POINT('Ctrl Pts',(-0.81055694373012,12.7520833324004,-1.40392580896832));
#3459=CARTESIAN_POINT('Ctrl Pts',(-1.62111388746024,12.8104166657337,-0.935950539312212));
#3460=CARTESIAN_POINT('Ctrl Pts',(-1.62111388746024,12.868749999067,-1.98529193333151E-16));
#3461=CARTESIAN_POINT('Ctrl Pts',(-1.62111388746024,12.9270833324004,0.93595053931221));
#3462=CARTESIAN_POINT('Ctrl Pts',(-0.810556943730121,12.9854166657337,1.40392580896832));
#3463=CARTESIAN_POINT('Ctrl Pts',(-3.43862649638681E-16,13.043749999067,
1.87190107862442));
#3464=CARTESIAN_POINT('Ctrl Pts',(0.81055694373012,13.1020833324004,1.40392580896832));
#3465=CARTESIAN_POINT('Ctrl Pts',(1.62111388746024,13.1604166657337,0.935950539312212));
#3466=CARTESIAN_POINT('Ctrl Pts',(1.62111388746024,13.218749999067,0.));
#3467=CARTESIAN_POINT('Ctrl Pts',(2.0000002851454,-1.00000016462877,0.));
#3468=CARTESIAN_POINT('Ctrl Pts',(2.0000002851454,-0.941666831295439,-1.15470070300802));
#3469=CARTESIAN_POINT('Ctrl Pts',(1.0000001425727,-0.883333497962106,-1.73205105451204));
#3470=CARTESIAN_POINT('Ctrl Pts',(1.41410051991198E-16,-0.825000164628773,
-2.30940140601605));
#3471=CARTESIAN_POINT('Ctrl Pts',(-1.0000001425727,-0.766666831295439,-1.73205105451204));
#3472=CARTESIAN_POINT('Ctrl Pts',(-2.0000002851454,-0.708333497962106,-1.15470070300802));
#3473=CARTESIAN_POINT('Ctrl Pts',(-2.0000002851454,-0.650000164628772,-2.44929394749711E-16));
#3474=CARTESIAN_POINT('Ctrl Pts',(-2.0000002851454,-0.591666831295439,1.15470070300802));
#3475=CARTESIAN_POINT('Ctrl Pts',(-1.0000001425727,-0.533333497962106,1.73205105451204));
#3476=CARTESIAN_POINT('Ctrl Pts',(-4.24230155973593E-16,-0.475000164628773,
2.30940140601605));
#3477=CARTESIAN_POINT('Ctrl Pts',(1.0000001425727,-0.416666831295439,1.73205105451204));
#3478=CARTESIAN_POINT('Ctrl Pts',(2.0000002851454,-0.358333497962106,1.15470070300802));
#3479=CARTESIAN_POINT('Ctrl Pts',(2.0000002851454,-0.300000164628772,0.));
#3480=CARTESIAN_POINT('Ctrl Pts',(2.0000002851454,-0.241666831295439,-1.15470070300802));
#3481=CARTESIAN_POINT('Ctrl Pts',(1.0000001425727,-0.183333497962106,-1.73205105451204));
#3482=CARTESIAN_POINT('Ctrl Pts',(1.41410051991198E-16,-0.125000164628772,
-2.30940140601605));
#3483=CARTESIAN_POINT('Ctrl Pts',(-1.0000001425727,-0.0666668312954392,
-1.73205105451204));
#3484=CARTESIAN_POINT('Ctrl Pts',(-2.0000002851454,-0.00833349796210574,
-1.15470070300802));
#3485=CARTESIAN_POINT('Ctrl Pts',(-2.0000002851454,0.0499998353712275,-2.44929394749711E-16));
#3486=CARTESIAN_POINT('Ctrl Pts',(-2.0000002851454,0.108333168704561,1.15470070300802));
#3487=CARTESIAN_POINT('Ctrl Pts',(-1.0000001425727,0.166666502037894,1.73205105451204));
#3488=CARTESIAN_POINT('Ctrl Pts',(-4.24230155973593E-16,0.224999835371227,
2.30940140601605));
#3489=CARTESIAN_POINT('Ctrl Pts',(1.0000001425727,0.283333168704561,1.73205105451204));
#3490=CARTESIAN_POINT('Ctrl Pts',(2.0000002851454,0.341666502037894,1.15470070300802));
#3491=CARTESIAN_POINT('Ctrl Pts',(2.0000002851454,0.399999835371228,0.));
#3492=CARTESIAN_POINT('Ctrl Pts',(2.0000002851454,0.458333168704561,-1.15470070300802));
#3493=CARTESIAN_POINT('Ctrl Pts',(1.0000001425727,0.516666502037894,-1.73205105451204));
#3494=CARTESIAN_POINT('Ctrl Pts',(1.41410051991198E-16,0.574999835371227,
-2.30940140601605));
#3495=CARTESIAN_POINT('Ctrl Pts',(-1.0000001425727,0.633333168704561,-1.73205105451204));
#3496=CARTESIAN_POINT('Ctrl Pts',(-2.0000002851454,0.691666502037894,-1.15470070300802));
#3497=CARTESIAN_POINT('Ctrl Pts',(-2.0000002851454,0.749999835371228,-2.44929394749711E-16));
#3498=CARTESIAN_POINT('Ctrl Pts',(-2.0000002851454,0.808333168704561,1.15470070300802));
#3499=CARTESIAN_POINT('Ctrl Pts',(-1.0000001425727,0.866666502037894,1.73205105451204));
#3500=CARTESIAN_POINT('Ctrl Pts',(-4.24230155973593E-16,0.924999835371228,
2.30940140601605));
#3501=CARTESIAN_POINT('Ctrl Pts',(1.0000001425727,0.983333168704561,1.73205105451204));
#3502=CARTESIAN_POINT('Ctrl Pts',(2.0000002851454,1.04166650203789,1.15470070300802));
#3503=CARTESIAN_POINT('Ctrl Pts',(2.0000002851454,1.09999983537123,0.));
#3504=CARTESIAN_POINT('Ctrl Pts',(2.0000002851454,1.15833316870456,-1.15470070300802));
#3505=CARTESIAN_POINT('Ctrl Pts',(1.0000001425727,1.21666650203789,-1.73205105451204));
#3506=CARTESIAN_POINT('Ctrl Pts',(1.41410051991198E-16,1.27499983537123,
-2.30940140601605));
#3507=CARTESIAN_POINT('Ctrl Pts',(-1.0000001425727,1.33333316870456,-1.73205105451204));
#3508=CARTESIAN_POINT('Ctrl Pts',(-2.0000002851454,1.39166650203789,-1.15470070300802));
#3509=CARTESIAN_POINT('Ctrl Pts',(-2.0000002851454,1.44999983537123,-2.44929394749711E-16));
#3510=CARTESIAN_POINT('Ctrl Pts',(-2.0000002851454,1.50833316870456,1.15470070300802));
#3511=CARTESIAN_POINT('Ctrl Pts',(-1.0000001425727,1.56666650203789,1.73205105451204));
#3512=CARTESIAN_POINT('Ctrl Pts',(-4.24230155973593E-16,1.62499983537123,
2.30940140601605));
#3513=CARTESIAN_POINT('Ctrl Pts',(1.0000001425727,1.68333316870456,1.73205105451204));
#3514=CARTESIAN_POINT('Ctrl Pts',(2.0000002851454,1.74166650203789,1.15470070300802));
#3515=CARTESIAN_POINT('Ctrl Pts',(2.0000002851454,1.79999983537123,0.));
#3516=CARTESIAN_POINT('Ctrl Pts',(2.0000002851454,1.85833316870456,-1.15470070300802));
#3517=CARTESIAN_POINT('Ctrl Pts',(1.0000001425727,1.91666650203789,-1.73205105451204));
#3518=CARTESIAN_POINT('Ctrl Pts',(1.41410051991198E-16,1.97499983537123,
-2.30940140601605));
#3519=CARTESIAN_POINT('Ctrl Pts',(-1.0000001425727,2.03333316870456,-1.73205105451204));
#3520=CARTESIAN_POINT('Ctrl Pts',(-2.0000002851454,2.09166650203789,-1.15470070300802));
#3521=CARTESIAN_POINT('Ctrl Pts',(-2.0000002851454,2.14999983537123,-2.44929394749711E-16));
#3522=CARTESIAN_POINT('Ctrl Pts',(-2.0000002851454,2.20833316870456,1.15470070300802));
#3523=CARTESIAN_POINT('Ctrl Pts',(-1.0000001425727,2.26666650203789,1.73205105451204));
#3524=CARTESIAN_POINT('Ctrl Pts',(-4.24230155973593E-16,2.32499983537123,
2.30940140601605));
#3525=CARTESIAN_POINT('Ctrl Pts',(1.0000001425727,2.38333316870456,1.73205105451204));
#3526=CARTESIAN_POINT('Ctrl Pts',(2.0000002851454,2.44166650203789,1.15470070300802));
#3527=CARTESIAN_POINT('Ctrl Pts',(2.0000002851454,2.49999983537123,0.));
#3528=CARTESIAN_POINT('Ctrl Pts',(2.0000002851454,2.55833316870456,-1.15470070300802));
#3529=CARTESIAN_POINT('Ctrl Pts',(1.0000001425727,2.61666650203789,-1.73205105451204));
#3530=CARTESIAN_POINT('Ctrl Pts',(1.41410051991198E-16,2.67499983537123,
-2.30940140601605));
#3531=CARTESIAN_POINT('Ctrl Pts',(-1.0000001425727,2.73333316870456,-1.73205105451204));
#3532=CARTESIAN_POINT('Ctrl Pts',(-2.0000002851454,2.79166650203789,-1.15470070300802));
#3533=CARTESIAN_POINT('Ctrl Pts',(-2.0000002851454,2.84999983537123,-2.44929394749711E-16));
#3534=CARTESIAN_POINT('Ctrl Pts',(-2.0000002851454,2.90833316870456,1.15470070300802));
#3535=CARTESIAN_POINT('Ctrl Pts',(-1.0000001425727,2.96666650203789,1.73205105451204));
#3536=CARTESIAN_POINT('Ctrl Pts',(-4.24230155973593E-16,3.02499983537123,
2.30940140601605));
#3537=CARTESIAN_POINT('Ctrl Pts',(1.0000001425727,3.08333316870456,1.73205105451204));
#3538=CARTESIAN_POINT('Ctrl Pts',(2.0000002851454,3.14166650203789,1.15470070300802));
#3539=CARTESIAN_POINT('Ctrl Pts',(2.0000002851454,3.19999983537123,0.));
#3540=CARTESIAN_POINT('Ctrl Pts',(2.0000002851454,3.25833316870456,-1.15470070300802));
#3541=CARTESIAN_POINT('Ctrl Pts',(1.0000001425727,3.31666650203789,-1.73205105451204));
#3542=CARTESIAN_POINT('Ctrl Pts',(1.41410051991198E-16,3.37499983537123,
-2.30940140601605));
#3543=CARTESIAN_POINT('Ctrl Pts',(-1.0000001425727,3.43333316870456,-1.73205105451204));
#3544=CARTESIAN_POINT('Ctrl Pts',(-2.0000002851454,3.49166650203789,-1.15470070300802));
#3545=CARTESIAN_POINT('Ctrl Pts',(-2.0000002851454,3.54999983537123,-2.44929394749711E-16));
#3546=CARTESIAN_POINT('Ctrl Pts',(-2.0000002851454,3.60833316870456,1.15470070300802));
#3547=CARTESIAN_POINT('Ctrl Pts',(-1.0000001425727,3.66666650203789,1.73205105451204));
#3548=CARTESIAN_POINT('Ctrl Pts',(-4.24230155973593E-16,3.72499983537123,
2.30940140601605));
#3549=CARTESIAN_POINT('Ctrl Pts',(1.0000001425727,3.78333316870456,1.73205105451204));
#3550=CARTESIAN_POINT('Ctrl Pts',(2.0000002851454,3.84166650203789,1.15470070300802));
#3551=CARTESIAN_POINT('Ctrl Pts',(2.0000002851454,3.89999983537123,0.));
#3552=CARTESIAN_POINT('Ctrl Pts',(2.0000002851454,3.95833316870456,-1.15470070300802));
#3553=CARTESIAN_POINT('Ctrl Pts',(1.0000001425727,4.01666650203789,-1.73205105451204));
#3554=CARTESIAN_POINT('Ctrl Pts',(1.41410051991198E-16,4.07499983537123,
-2.30940140601605));
#3555=CARTESIAN_POINT('Ctrl Pts',(-1.0000001425727,4.13333316870456,-1.73205105451204));
#3556=CARTESIAN_POINT('Ctrl Pts',(-2.0000002851454,4.19166650203789,-1.15470070300802));
#3557=CARTESIAN_POINT('Ctrl Pts',(-2.0000002851454,4.24999983537123,-2.44929394749711E-16));
#3558=CARTESIAN_POINT('Ctrl Pts',(-2.0000002851454,4.30833316870456,1.15470070300802));
#3559=CARTESIAN_POINT('Ctrl Pts',(-1.0000001425727,4.36666650203789,1.73205105451204));
#3560=CARTESIAN_POINT('Ctrl Pts',(-4.24230155973593E-16,4.42499983537123,
2.30940140601605));
#3561=CARTESIAN_POINT('Ctrl Pts',(1.0000001425727,4.48333316870456,1.73205105451204));
#3562=CARTESIAN_POINT('Ctrl Pts',(2.0000002851454,4.5416665020379,1.15470070300802));
#3563=CARTESIAN_POINT('Ctrl Pts',(2.0000002851454,4.59999983537123,0.));
#3564=CARTESIAN_POINT('Ctrl Pts',(2.0000002851454,4.65833316870456,-1.15470070300802));
#3565=CARTESIAN_POINT('Ctrl Pts',(1.0000001425727,4.71666650203789,-1.73205105451204));
#3566=CARTESIAN_POINT('Ctrl Pts',(1.41410051991198E-16,4.77499983537123,
-2.30940140601605));
#3567=CARTESIAN_POINT('Ctrl Pts',(-1.0000001425727,4.83333316870456,-1.73205105451204));
#3568=CARTESIAN_POINT('Ctrl Pts',(-2.0000002851454,4.8916665020379,-1.15470070300802));
#3569=CARTESIAN_POINT('Ctrl Pts',(-2.0000002851454,4.94999983537123,-2.44929394749711E-16));
#3570=CARTESIAN_POINT('Ctrl Pts',(-2.0000002851454,5.00833316870456,1.15470070300802));
#3571=CARTESIAN_POINT('Ctrl Pts',(-1.0000001425727,5.06666650203789,1.73205105451204));
#3572=CARTESIAN_POINT('Ctrl Pts',(-4.24230155973593E-16,5.12499983537123,
2.30940140601605));
#3573=CARTESIAN_POINT('Ctrl Pts',(1.0000001425727,5.18333316870456,1.73205105451204));
#3574=CARTESIAN_POINT('Ctrl Pts',(2.0000002851454,5.24166650203789,1.15470070300802));
#3575=CARTESIAN_POINT('Ctrl Pts',(2.0000002851454,5.29999983537123,0.));
#3576=CARTESIAN_POINT('Ctrl Pts',(2.0000002851454,5.35833316870456,-1.15470070300802));
#3577=CARTESIAN_POINT('Ctrl Pts',(1.0000001425727,5.4166665020379,-1.73205105451204));
#3578=CARTESIAN_POINT('Ctrl Pts',(1.41410051991198E-16,5.47499983537123,
-2.30940140601605));
#3579=CARTESIAN_POINT('Ctrl Pts',(-1.0000001425727,5.53333316870456,-1.73205105451204));
#3580=CARTESIAN_POINT('Ctrl Pts',(-2.0000002851454,5.59166650203789,-1.15470070300802));
#3581=CARTESIAN_POINT('Ctrl Pts',(-2.0000002851454,5.64999983537123,-2.44929394749711E-16));
#3582=CARTESIAN_POINT('Ctrl Pts',(-2.0000002851454,5.70833316870456,1.15470070300802));
#3583=CARTESIAN_POINT('Ctrl Pts',(-1.0000001425727,5.76666650203789,1.73205105451204));
#3584=CARTESIAN_POINT('Ctrl Pts',(-4.24230155973593E-16,5.82499983537123,
2.30940140601605));
#3585=CARTESIAN_POINT('Ctrl Pts',(1.0000001425727,5.88333316870456,1.73205105451204));
#3586=CARTESIAN_POINT('Ctrl Pts',(2.0000002851454,5.94166650203789,1.15470070300802));
#3587=CARTESIAN_POINT('Ctrl Pts',(2.0000002851454,5.99999983537123,0.));
#3588=CARTESIAN_POINT('Ctrl Pts',(2.0000002851454,6.05833316870456,-1.15470070300802));
#3589=CARTESIAN_POINT('Ctrl Pts',(1.0000001425727,6.1166665020379,-1.73205105451204));
#3590=CARTESIAN_POINT('Ctrl Pts',(1.41410051991198E-16,6.17499983537123,
-2.30940140601605));
#3591=CARTESIAN_POINT('Ctrl Pts',(-1.0000001425727,6.23333316870456,-1.73205105451204));
#3592=CARTESIAN_POINT('Ctrl Pts',(-2.0000002851454,6.2916665020379,-1.15470070300802));
#3593=CARTESIAN_POINT('Ctrl Pts',(-2.0000002851454,6.34999983537123,-2.44929394749711E-16));
#3594=CARTESIAN_POINT('Ctrl Pts',(-2.0000002851454,6.40833316870457,1.15470070300802));
#3595=CARTESIAN_POINT('Ctrl Pts',(-1.0000001425727,6.4666665020379,1.73205105451204));
#3596=CARTESIAN_POINT('Ctrl Pts',(-4.24230155973593E-16,6.52499983537123,
2.30940140601605));
#3597=CARTESIAN_POINT('Ctrl Pts',(1.0000001425727,6.58333316870456,1.73205105451204));
#3598=CARTESIAN_POINT('Ctrl Pts',(2.0000002851454,6.64166650203789,1.15470070300802));
#3599=CARTESIAN_POINT('Ctrl Pts',(2.0000002851454,6.69999983537123,0.));
#3600=CARTESIAN_POINT('Ctrl Pts',(2.0000002851454,6.75833316870456,-1.15470070300802));
#3601=CARTESIAN_POINT('Ctrl Pts',(1.0000001425727,6.81666650203789,-1.73205105451204));
#3602=CARTESIAN_POINT('Ctrl Pts',(1.41410051991198E-16,6.87499983537123,
-2.30940140601605));
#3603=CARTESIAN_POINT('Ctrl Pts',(-1.0000001425727,6.93333316870456,-1.73205105451204));
#3604=CARTESIAN_POINT('Ctrl Pts',(-2.0000002851454,6.99166650203789,-1.15470070300802));
#3605=CARTESIAN_POINT('Ctrl Pts',(-2.0000002851454,7.04999983537123,-2.44929394749711E-16));
#3606=CARTESIAN_POINT('Ctrl Pts',(-2.0000002851454,7.10833316870456,1.15470070300802));
#3607=CARTESIAN_POINT('Ctrl Pts',(-1.0000001425727,7.1666665020379,1.73205105451204));
#3608=CARTESIAN_POINT('Ctrl Pts',(-4.24230155973593E-16,7.22499983537123,
2.30940140601605));
#3609=CARTESIAN_POINT('Ctrl Pts',(1.0000001425727,7.28333316870456,1.73205105451204));
#3610=CARTESIAN_POINT('Ctrl Pts',(2.0000002851454,7.3416665020379,1.15470070300802));
#3611=CARTESIAN_POINT('Ctrl Pts',(2.0000002851454,7.39999983537123,0.));
#3612=CARTESIAN_POINT('Ctrl Pts',(2.0000002851454,7.45833316870456,-1.15470070300802));
#3613=CARTESIAN_POINT('Ctrl Pts',(1.0000001425727,7.5166665020379,-1.73205105451204));
#3614=CARTESIAN_POINT('Ctrl Pts',(1.41410051991198E-16,7.57499983537123,
-2.30940140601605));
#3615=CARTESIAN_POINT('Ctrl Pts',(-1.0000001425727,7.63333316870456,-1.73205105451204));
#3616=CARTESIAN_POINT('Ctrl Pts',(-2.0000002851454,7.69166650203789,-1.15470070300802));
#3617=CARTESIAN_POINT('Ctrl Pts',(-2.0000002851454,7.74999983537123,-2.44929394749711E-16));
#3618=CARTESIAN_POINT('Ctrl Pts',(-2.0000002851454,7.80833316870456,1.15470070300802));
#3619=CARTESIAN_POINT('Ctrl Pts',(-1.0000001425727,7.8666665020379,1.73205105451204));
#3620=CARTESIAN_POINT('Ctrl Pts',(-4.24230155973593E-16,7.92499983537123,
2.30940140601605));
#3621=CARTESIAN_POINT('Ctrl Pts',(1.0000001425727,7.98333316870456,1.73205105451204));
#3622=CARTESIAN_POINT('Ctrl Pts',(2.0000002851454,8.0416665020379,1.15470070300802));
#3623=CARTESIAN_POINT('Ctrl Pts',(2.0000002851454,8.09999983537123,0.));
#3624=CARTESIAN_POINT('Ctrl Pts',(2.0000002851454,8.15833316870456,-1.15470070300802));
#3625=CARTESIAN_POINT('Ctrl Pts',(1.0000001425727,8.2166665020379,-1.73205105451204));
#3626=CARTESIAN_POINT('Ctrl Pts',(1.41410051991198E-16,8.27499983537123,
-2.30940140601605));
#3627=CARTESIAN_POINT('Ctrl Pts',(-1.0000001425727,8.33333316870456,-1.73205105451204));
#3628=CARTESIAN_POINT('Ctrl Pts',(-2.0000002851454,8.39166650203789,-1.15470070300802));
#3629=CARTESIAN_POINT('Ctrl Pts',(-2.0000002851454,8.44999983537123,-2.44929394749711E-16));
#3630=CARTESIAN_POINT('Ctrl Pts',(-2.0000002851454,8.50833316870456,1.15470070300802));
#3631=CARTESIAN_POINT('Ctrl Pts',(-1.0000001425727,8.56666650203789,1.73205105451204));
#3632=CARTESIAN_POINT('Ctrl Pts',(-4.24230155973593E-16,8.62499983537123,
2.30940140601605));
#3633=CARTESIAN_POINT('Ctrl Pts',(1.0000001425727,8.68333316870456,1.73205105451204));
#3634=CARTESIAN_POINT('Ctrl Pts',(2.0000002851454,8.74166650203789,1.15470070300802));
#3635=CARTESIAN_POINT('Ctrl Pts',(2.0000002851454,8.79999983537123,0.));
#3636=CARTESIAN_POINT('Ctrl Pts',(2.0000002851454,8.85833316870456,-1.15470070300802));
#3637=CARTESIAN_POINT('Ctrl Pts',(1.0000001425727,8.91666650203789,-1.73205105451204));
#3638=CARTESIAN_POINT('Ctrl Pts',(1.41410051991198E-16,8.97499983537123,
-2.30940140601605));
#3639=CARTESIAN_POINT('Ctrl Pts',(-1.0000001425727,9.03333316870456,-1.73205105451204));
#3640=CARTESIAN_POINT('Ctrl Pts',(-2.0000002851454,9.0916665020379,-1.15470070300802));
#3641=CARTESIAN_POINT('Ctrl Pts',(-2.0000002851454,9.14999983537123,-2.44929394749711E-16));
#3642=CARTESIAN_POINT('Ctrl Pts',(-2.0000002851454,9.20833316870456,1.15470070300802));
#3643=CARTESIAN_POINT('Ctrl Pts',(-1.0000001425727,9.26666650203789,1.73205105451204));
#3644=CARTESIAN_POINT('Ctrl Pts',(-4.24230155973593E-16,9.32499983537123,
2.30940140601605));
#3645=CARTESIAN_POINT('Ctrl Pts',(1.0000001425727,9.38333316870456,1.73205105451204));
#3646=CARTESIAN_POINT('Ctrl Pts',(2.0000002851454,9.4416665020379,1.15470070300802));
#3647=CARTESIAN_POINT('Ctrl Pts',(2.0000002851454,9.49999983537123,0.));
#3648=CARTESIAN_POINT('Ctrl Pts',(2.0000002851454,9.55833316870456,-1.15470070300802));
#3649=CARTESIAN_POINT('Ctrl Pts',(1.0000001425727,9.61666650203789,-1.73205105451204));
#3650=CARTESIAN_POINT('Ctrl Pts',(1.41410051991198E-16,9.67499983537123,
-2.30940140601605));
#3651=CARTESIAN_POINT('Ctrl Pts',(-1.0000001425727,9.73333316870456,-1.73205105451204));
#3652=CARTESIAN_POINT('Ctrl Pts',(-2.0000002851454,9.79166650203789,-1.15470070300802));
#3653=CARTESIAN_POINT('Ctrl Pts',(-2.0000002851454,9.84999983537123,-2.44929394749711E-16));
#3654=CARTESIAN_POINT('Ctrl Pts',(-2.0000002851454,9.90833316870456,1.15470070300802));
#3655=CARTESIAN_POINT('Ctrl Pts',(-1.0000001425727,9.96666650203789,1.73205105451204));
#3656=CARTESIAN_POINT('Ctrl Pts',(-4.24230155973593E-16,10.0249998353712,
2.30940140601605));
#3657=CARTESIAN_POINT('Ctrl Pts',(1.0000001425727,10.0833331687046,1.73205105451204));
#3658=CARTESIAN_POINT('Ctrl Pts',(2.0000002851454,10.1416665020379,1.15470070300802));
#3659=CARTESIAN_POINT('Ctrl Pts',(2.0000002851454,10.1999998353712,0.));
#3660=CARTESIAN_POINT('Ctrl Pts',(2.0000002851454,10.2583331687046,-1.15470070300802));
#3661=CARTESIAN_POINT('Ctrl Pts',(1.0000001425727,10.3166665020379,-1.73205105451204));
#3662=CARTESIAN_POINT('Ctrl Pts',(1.41410051991198E-16,10.3749998353712,
-2.30940140601605));
#3663=CARTESIAN_POINT('Ctrl Pts',(-1.0000001425727,10.4333331687046,-1.73205105451204));
#3664=CARTESIAN_POINT('Ctrl Pts',(-2.0000002851454,10.4916665020379,-1.15470070300802));
#3665=CARTESIAN_POINT('Ctrl Pts',(-2.0000002851454,10.5499998353712,-2.44929394749711E-16));
#3666=CARTESIAN_POINT('Ctrl Pts',(-2.0000002851454,10.6083331687046,1.15470070300802));
#3667=CARTESIAN_POINT('Ctrl Pts',(-1.0000001425727,10.6666665020379,1.73205105451204));
#3668=CARTESIAN_POINT('Ctrl Pts',(-4.24230155973593E-16,10.7249998353712,
2.30940140601605));
#3669=CARTESIAN_POINT('Ctrl Pts',(1.0000001425727,10.7833331687046,1.73205105451204));
#3670=CARTESIAN_POINT('Ctrl Pts',(2.0000002851454,10.8416665020379,1.15470070300802));
#3671=CARTESIAN_POINT('Ctrl Pts',(2.0000002851454,10.8999998353712,0.));
#3672=CARTESIAN_POINT('Ctrl Pts',(2.0000002851454,10.9583331687046,-1.15470070300802));
#3673=CARTESIAN_POINT('Ctrl Pts',(1.0000001425727,11.0166665020379,-1.73205105451204));
#3674=CARTESIAN_POINT('Ctrl Pts',(1.41410051991198E-16,11.0749998353712,
-2.30940140601605));
#3675=CARTESIAN_POINT('Ctrl Pts',(-1.0000001425727,11.1333331687046,-1.73205105451204));
#3676=CARTESIAN_POINT('Ctrl Pts',(-2.0000002851454,11.1916665020379,-1.15470070300802));
#3677=CARTESIAN_POINT('Ctrl Pts',(-2.0000002851454,11.2499998353712,-2.44929394749711E-16));
#3678=CARTESIAN_POINT('Ctrl Pts',(-2.0000002851454,11.3083331687046,1.15470070300802));
#3679=CARTESIAN_POINT('Ctrl Pts',(-1.0000001425727,11.3666665020379,1.73205105451204));
#3680=CARTESIAN_POINT('Ctrl Pts',(-4.24230155973593E-16,11.4249998353712,
2.30940140601605));
#3681=CARTESIAN_POINT('Ctrl Pts',(1.0000001425727,11.4833331687046,1.73205105451204));
#3682=CARTESIAN_POINT('Ctrl Pts',(2.0000002851454,11.5416665020379,1.15470070300802));
#3683=CARTESIAN_POINT('Ctrl Pts',(2.0000002851454,11.5999998353712,0.));
#3684=CARTESIAN_POINT('Ctrl Pts',(2.0000002851454,11.6583331687046,-1.15470070300802));
#3685=CARTESIAN_POINT('Ctrl Pts',(1.0000001425727,11.7166665020379,-1.73205105451204));
#3686=CARTESIAN_POINT('Ctrl Pts',(1.41410051991198E-16,11.7749998353712,
-2.30940140601605));
#3687=CARTESIAN_POINT('Ctrl Pts',(-1.0000001425727,11.8333331687046,-1.73205105451204));
#3688=CARTESIAN_POINT('Ctrl Pts',(-2.0000002851454,11.8916665020379,-1.15470070300802));
#3689=CARTESIAN_POINT('Ctrl Pts',(-2.0000002851454,11.9499998353712,-2.44929394749711E-16));
#3690=CARTESIAN_POINT('Ctrl Pts',(-2.0000002851454,12.0083331687046,1.15470070300802));
#3691=CARTESIAN_POINT('Ctrl Pts',(-1.0000001425727,12.0666665020379,1.73205105451204));
#3692=CARTESIAN_POINT('Ctrl Pts',(-4.24230155973593E-16,12.1249998353712,
2.30940140601605));
#3693=CARTESIAN_POINT('Ctrl Pts',(1.0000001425727,12.1833331687046,1.73205105451204));
#3694=CARTESIAN_POINT('Ctrl Pts',(2.0000002851454,12.2416665020379,1.15470070300802));
#3695=CARTESIAN_POINT('Ctrl Pts',(2.0000002851454,12.2999998353712,0.));
#3696=CARTESIAN_POINT('Ctrl Pts',(2.0000002851454,12.3583331687046,-1.15470070300802));
#3697=CARTESIAN_POINT('Ctrl Pts',(1.0000001425727,12.4166665020379,-1.73205105451204));
#3698=CARTESIAN_POINT('Ctrl Pts',(1.41410051991198E-16,12.4749998353712,
-2.30940140601605));
#3699=CARTESIAN_POINT('Ctrl Pts',(-1.0000001425727,12.5333331687046,-1.73205105451204));
#3700=CARTESIAN_POINT('Ctrl Pts',(-2.0000002851454,12.5916665020379,-1.15470070300802));
#3701=CARTESIAN_POINT('Ctrl Pts',(-2.0000002851454,12.6499998353712,-2.44929394749711E-16));
#3702=CARTESIAN_POINT('Ctrl Pts',(-2.0000002851454,12.7083331687046,1.15470070300802));
#3703=CARTESIAN_POINT('Ctrl Pts',(-1.0000001425727,12.7666665020379,1.73205105451204));
#3704=CARTESIAN_POINT('Ctrl Pts',(-4.24230155973593E-16,12.8249998353712,
2.30940140601605));
#3705=CARTESIAN_POINT('Ctrl Pts',(1.0000001425727,12.8833331687046,1.73205105451204));
#3706=CARTESIAN_POINT('Ctrl Pts',(2.0000002851454,12.9416665020379,1.15470070300802));
#3707=CARTESIAN_POINT('Ctrl Pts',(2.0000002851454,12.9999998353712,0.));
#3708=CARTESIAN_POINT('',(-0.0868454001130294,12.,-1.61878599966906));
#3709=CARTESIAN_POINT('Ctrl Pts',(-0.0868454001130305,12.,-1.61878599966906));
#3710=CARTESIAN_POINT('Ctrl Pts',(-0.259413964687237,12.,-1.63092674922002));
#3711=CARTESIAN_POINT('Ctrl Pts',(-0.432782584410802,12.,-1.61497616161372));
#3712=CARTESIAN_POINT('Ctrl Pts',(-0.837687473839972,12.,-1.51024909151513));
#3713=CARTESIAN_POINT('Ctrl Pts',(-1.01512544918296,12.,-1.40625585122445));
#3714=CARTESIAN_POINT('Ctrl Pts',(-1.31755514024382,12.,-1.20300043182714));
#3715=CARTESIAN_POINT('Ctrl Pts',(-1.48418891415936,12.,-1.03632147120376));
#3716=CARTESIAN_POINT('Ctrl Pts',(-1.74725831769854,12.,-0.644575386430112));
#3717=CARTESIAN_POINT('Ctrl Pts',(-1.83952617280994,12.0000000000455,-0.422376553158349));
#3718=CARTESIAN_POINT('Ctrl Pts',(-1.92803308364723,12.0000000000455,0.0220973660740849));
#3719=CARTESIAN_POINT('Ctrl Pts',(-1.92707756997016,12.,0.213645701996097));
#3720=CARTESIAN_POINT('Ctrl Pts',(-1.89800102606591,12.,0.537239339846059));
#3721=CARTESIAN_POINT('Ctrl Pts',(-1.85946772876171,12.,0.709081288064015));
#3722=CARTESIAN_POINT('Ctrl Pts',(-1.79905523181424,12.,0.873727802487657));
#3723=CARTESIAN_POINT('Ctrl Pts',(-1.6211138875,11.4687499990441,-1.9852919333802E-16));
#3724=CARTESIAN_POINT('Ctrl Pts',(-1.6211138875,11.5270833323774,0.935950539335165));
#3725=CARTESIAN_POINT('Ctrl Pts',(-0.810556943750001,11.5854166657108,1.40392580900275));
#3726=CARTESIAN_POINT('Ctrl Pts',(-3.43862649647115E-16,11.6437499990441,
1.87190107867033));
#3727=CARTESIAN_POINT('Ctrl Pts',(0.810556943749999,11.7020833323774,1.40392580900275));
#3728=CARTESIAN_POINT('Ctrl Pts',(1.6211138875,11.7604166657108,0.935950539335166));
#3729=CARTESIAN_POINT('Ctrl Pts',(1.6211138875,11.8187499990441,0.));
#3730=CARTESIAN_POINT('Ctrl Pts',(1.6211138875,11.8770833323774,-0.935950539335165));
#3731=CARTESIAN_POINT('Ctrl Pts',(0.81055694375,11.9354166657108,-1.40392580900275));
#3732=CARTESIAN_POINT('Ctrl Pts',(0.393750317331178,11.9654129788161,-1.64456922696567));
#3733=CARTESIAN_POINT('Ctrl Pts',(-0.0868454001130294,12.,-1.61878599966906));
#3734=CARTESIAN_POINT('Origin',(-1.11022302462516E-15,-0.693750000955916,
-6.93889390390723E-17));
#3735=CARTESIAN_POINT('',(1.61811564875039,12.,-0.0985493963171151));
#3736=CARTESIAN_POINT('Origin',(-1.11022302462516E-15,12.,-6.93889390390723E-17));
#3737=CARTESIAN_POINT('Ctrl Pts',(-1.6211138875,11.6437499990441,-1.9852919333802E-16));
#3738=CARTESIAN_POINT('Ctrl Pts',(-1.6211138875,11.7020833323774,0.935950539335165));
#3739=CARTESIAN_POINT('Ctrl Pts',(-0.810556943750001,11.7604166657108,1.40392580900275));
#3740=CARTESIAN_POINT('Ctrl Pts',(-3.43862649647115E-16,11.8187499990441,
1.87190107867033));
#3741=CARTESIAN_POINT('Ctrl Pts',(0.810556943749999,11.8770833323774,1.40392580900275));
#3742=CARTESIAN_POINT('Ctrl Pts',(1.6211138875,11.9354166657108,0.935950539335166));
#3743=CARTESIAN_POINT('Ctrl Pts',(1.6211138875,11.9937499990441,0.));
#3744=CARTESIAN_POINT('Ctrl Pts',(1.6211138875,11.9968238985547,-0.0493203069392077));
#3745=CARTESIAN_POINT('Ctrl Pts',(1.61811564875039,12.,-0.0985493963171151));
#3746=CARTESIAN_POINT('Ctrl Pts',(2.,-0.387500001911831,0.));
#3747=CARTESIAN_POINT('Ctrl Pts',(2.,-0.329166668578498,-1.15470053837925));
#3748=CARTESIAN_POINT('Ctrl Pts',(1.,-0.270833335245164,-1.73205080756888));
#3749=CARTESIAN_POINT('Ctrl Pts',(1.41410031829988E-16,-0.212500001911831,
-2.3094010767585));
#3750=CARTESIAN_POINT('Ctrl Pts',(-0.999999999999999,-0.154166668578498,
-1.73205080756888));
#3751=CARTESIAN_POINT('Ctrl Pts',(-2.,-0.0958333352451642,-1.15470053837925));
#3752=CARTESIAN_POINT('Ctrl Pts',(-2.,-0.0375000019118309,-2.44929359829471E-16));
#3753=CARTESIAN_POINT('Ctrl Pts',(-2.,0.0208333314215025,1.15470053837925));
#3754=CARTESIAN_POINT('Ctrl Pts',(-1.,0.0791666647548358,1.73205080756888));
#3755=CARTESIAN_POINT('Ctrl Pts',(-4.24230095489963E-16,0.137499998088169,
2.3094010767585));
#3756=CARTESIAN_POINT('Ctrl Pts',(0.999999999999999,0.195833331421502,1.73205080756888));
#3757=CARTESIAN_POINT('Ctrl Pts',(2.,0.254166664754836,1.15470053837925));
#3758=CARTESIAN_POINT('Ctrl Pts',(2.,0.312499998088169,0.));
#3759=CARTESIAN_POINT('Ctrl Pts',(2.,0.370833331421502,-1.15470053837925));
#3760=CARTESIAN_POINT('Ctrl Pts',(1.,0.429166664754836,-1.73205080756888));
#3761=CARTESIAN_POINT('Ctrl Pts',(1.41410031829988E-16,0.487499998088169,
-2.3094010767585));
#3762=CARTESIAN_POINT('Ctrl Pts',(-0.999999999999999,0.545833331421502,
-1.73205080756888));
#3763=CARTESIAN_POINT('Ctrl Pts',(-2.,0.604166664754836,-1.15470053837925));
#3764=CARTESIAN_POINT('Ctrl Pts',(-2.,0.662499998088169,-2.44929359829471E-16));
#3765=CARTESIAN_POINT('Ctrl Pts',(-2.,0.720833331421503,1.15470053837925));
#3766=CARTESIAN_POINT('Ctrl Pts',(-1.,0.779166664754836,1.73205080756888));
#3767=CARTESIAN_POINT('Ctrl Pts',(-4.24230095489963E-16,0.837499998088169,
2.3094010767585));
#3768=CARTESIAN_POINT('Ctrl Pts',(0.999999999999999,0.895833331421503,1.73205080756888));
#3769=CARTESIAN_POINT('Ctrl Pts',(2.,0.954166664754836,1.15470053837925));
#3770=CARTESIAN_POINT('Ctrl Pts',(2.,1.01249999808817,0.));
#3771=CARTESIAN_POINT('Ctrl Pts',(2.,1.0708333314215,-1.15470053837925));
#3772=CARTESIAN_POINT('Ctrl Pts',(1.,1.12916666475484,-1.73205080756888));
#3773=CARTESIAN_POINT('Ctrl Pts',(1.41410031829988E-16,1.18749999808817,
-2.3094010767585));
#3774=CARTESIAN_POINT('Ctrl Pts',(-0.999999999999999,1.2458333314215,-1.73205080756888));
#3775=CARTESIAN_POINT('Ctrl Pts',(-2.,1.30416666475484,-1.15470053837925));
#3776=CARTESIAN_POINT('Ctrl Pts',(-2.,1.36249999808817,-2.44929359829471E-16));
#3777=CARTESIAN_POINT('Ctrl Pts',(-2.,1.4208333314215,1.15470053837925));
#3778=CARTESIAN_POINT('Ctrl Pts',(-1.,1.47916666475484,1.73205080756888));
#3779=CARTESIAN_POINT('Ctrl Pts',(-4.24230095489963E-16,1.53749999808817,
2.3094010767585));
#3780=CARTESIAN_POINT('Ctrl Pts',(0.999999999999999,1.5958333314215,1.73205080756888));
#3781=CARTESIAN_POINT('Ctrl Pts',(2.,1.65416666475484,1.15470053837925));
#3782=CARTESIAN_POINT('Ctrl Pts',(2.,1.71249999808817,0.));
#3783=CARTESIAN_POINT('Ctrl Pts',(2.,1.7708333314215,-1.15470053837925));
#3784=CARTESIAN_POINT('Ctrl Pts',(1.,1.82916666475484,-1.73205080756888));
#3785=CARTESIAN_POINT('Ctrl Pts',(1.41410031829988E-16,1.88749999808817,
-2.3094010767585));
#3786=CARTESIAN_POINT('Ctrl Pts',(-0.999999999999999,1.9458333314215,-1.73205080756888));
#3787=CARTESIAN_POINT('Ctrl Pts',(-2.,2.00416666475484,-1.15470053837925));
#3788=CARTESIAN_POINT('Ctrl Pts',(-2.,2.06249999808817,-2.44929359829471E-16));
#3789=CARTESIAN_POINT('Ctrl Pts',(-2.,2.1208333314215,1.15470053837925));
#3790=CARTESIAN_POINT('Ctrl Pts',(-1.,2.17916666475484,1.73205080756888));
#3791=CARTESIAN_POINT('Ctrl Pts',(-4.24230095489963E-16,2.23749999808817,
2.3094010767585));
#3792=CARTESIAN_POINT('Ctrl Pts',(0.999999999999999,2.2958333314215,1.73205080756888));
#3793=CARTESIAN_POINT('Ctrl Pts',(2.,2.35416666475484,1.15470053837925));
#3794=CARTESIAN_POINT('Ctrl Pts',(2.,2.41249999808817,0.));
#3795=CARTESIAN_POINT('Ctrl Pts',(2.,2.4708333314215,-1.15470053837925));
#3796=CARTESIAN_POINT('Ctrl Pts',(1.,2.52916666475484,-1.73205080756888));
#3797=CARTESIAN_POINT('Ctrl Pts',(1.41410031829988E-16,2.58749999808817,
-2.3094010767585));
#3798=CARTESIAN_POINT('Ctrl Pts',(-0.999999999999999,2.6458333314215,-1.73205080756888));
#3799=CARTESIAN_POINT('Ctrl Pts',(-2.,2.70416666475484,-1.15470053837925));
#3800=CARTESIAN_POINT('Ctrl Pts',(-2.,2.76249999808817,-2.44929359829471E-16));
#3801=CARTESIAN_POINT('Ctrl Pts',(-2.,2.8208333314215,1.15470053837925));
#3802=CARTESIAN_POINT('Ctrl Pts',(-1.,2.87916666475484,1.73205080756888));
#3803=CARTESIAN_POINT('Ctrl Pts',(-4.24230095489963E-16,2.93749999808817,
2.3094010767585));
#3804=CARTESIAN_POINT('Ctrl Pts',(0.999999999999999,2.9958333314215,1.73205080756888));
#3805=CARTESIAN_POINT('Ctrl Pts',(2.,3.05416666475484,1.15470053837925));
#3806=CARTESIAN_POINT('Ctrl Pts',(2.,3.11249999808817,0.));
#3807=CARTESIAN_POINT('Ctrl Pts',(2.,3.1708333314215,-1.15470053837925));
#3808=CARTESIAN_POINT('Ctrl Pts',(1.,3.22916666475484,-1.73205080756888));
#3809=CARTESIAN_POINT('Ctrl Pts',(1.41410031829988E-16,3.28749999808817,
-2.3094010767585));
#3810=CARTESIAN_POINT('Ctrl Pts',(-0.999999999999999,3.3458333314215,-1.73205080756888));
#3811=CARTESIAN_POINT('Ctrl Pts',(-2.,3.40416666475484,-1.15470053837925));
#3812=CARTESIAN_POINT('Ctrl Pts',(-2.,3.46249999808817,-2.44929359829471E-16));
#3813=CARTESIAN_POINT('Ctrl Pts',(-2.,3.5208333314215,1.15470053837925));
#3814=CARTESIAN_POINT('Ctrl Pts',(-1.,3.57916666475484,1.73205080756888));
#3815=CARTESIAN_POINT('Ctrl Pts',(-4.24230095489963E-16,3.63749999808817,
2.3094010767585));
#3816=CARTESIAN_POINT('Ctrl Pts',(0.999999999999999,3.6958333314215,1.73205080756888));
#3817=CARTESIAN_POINT('Ctrl Pts',(2.,3.75416666475484,1.15470053837925));
#3818=CARTESIAN_POINT('Ctrl Pts',(2.,3.81249999808817,0.));
#3819=CARTESIAN_POINT('Ctrl Pts',(2.,3.8708333314215,-1.15470053837925));
#3820=CARTESIAN_POINT('Ctrl Pts',(1.,3.92916666475484,-1.73205080756888));
#3821=CARTESIAN_POINT('Ctrl Pts',(1.41410031829988E-16,3.98749999808817,
-2.3094010767585));
#3822=CARTESIAN_POINT('Ctrl Pts',(-0.999999999999999,4.0458333314215,-1.73205080756888));
#3823=CARTESIAN_POINT('Ctrl Pts',(-2.,4.10416666475484,-1.15470053837925));
#3824=CARTESIAN_POINT('Ctrl Pts',(-2.,4.16249999808817,-2.44929359829471E-16));
#3825=CARTESIAN_POINT('Ctrl Pts',(-2.,4.2208333314215,1.15470053837925));
#3826=CARTESIAN_POINT('Ctrl Pts',(-1.,4.27916666475484,1.73205080756888));
#3827=CARTESIAN_POINT('Ctrl Pts',(-4.24230095489963E-16,4.33749999808817,
2.3094010767585));
#3828=CARTESIAN_POINT('Ctrl Pts',(0.999999999999999,4.3958333314215,1.73205080756888));
#3829=CARTESIAN_POINT('Ctrl Pts',(2.,4.45416666475484,1.15470053837925));
#3830=CARTESIAN_POINT('Ctrl Pts',(2.,4.51249999808817,0.));
#3831=CARTESIAN_POINT('Ctrl Pts',(2.,4.5708333314215,-1.15470053837925));
#3832=CARTESIAN_POINT('Ctrl Pts',(1.,4.62916666475484,-1.73205080756888));
#3833=CARTESIAN_POINT('Ctrl Pts',(1.41410031829988E-16,4.68749999808817,
-2.3094010767585));
#3834=CARTESIAN_POINT('Ctrl Pts',(-0.999999999999999,4.7458333314215,-1.73205080756888));
#3835=CARTESIAN_POINT('Ctrl Pts',(-2.,4.80416666475484,-1.15470053837925));
#3836=CARTESIAN_POINT('Ctrl Pts',(-2.,4.86249999808817,-2.44929359829471E-16));
#3837=CARTESIAN_POINT('Ctrl Pts',(-2.,4.9208333314215,1.15470053837925));
#3838=CARTESIAN_POINT('Ctrl Pts',(-1.,4.97916666475484,1.73205080756888));
#3839=CARTESIAN_POINT('Ctrl Pts',(-4.24230095489963E-16,5.03749999808817,
2.3094010767585));
#3840=CARTESIAN_POINT('Ctrl Pts',(0.999999999999999,5.0958333314215,1.73205080756888));
#3841=CARTESIAN_POINT('Ctrl Pts',(2.,5.15416666475484,1.15470053837925));
#3842=CARTESIAN_POINT('Ctrl Pts',(2.,5.21249999808817,0.));
#3843=CARTESIAN_POINT('Ctrl Pts',(2.,5.2708333314215,-1.15470053837925));
#3844=CARTESIAN_POINT('Ctrl Pts',(1.,5.32916666475484,-1.73205080756888));
#3845=CARTESIAN_POINT('Ctrl Pts',(1.41410031829988E-16,5.38749999808817,
-2.3094010767585));
#3846=CARTESIAN_POINT('Ctrl Pts',(-0.999999999999999,5.4458333314215,-1.73205080756888));
#3847=CARTESIAN_POINT('Ctrl Pts',(-2.,5.50416666475484,-1.15470053837925));
#3848=CARTESIAN_POINT('Ctrl Pts',(-2.,5.56249999808817,-2.44929359829471E-16));
#3849=CARTESIAN_POINT('Ctrl Pts',(-2.,5.6208333314215,1.15470053837925));
#3850=CARTESIAN_POINT('Ctrl Pts',(-1.,5.67916666475484,1.73205080756888));
#3851=CARTESIAN_POINT('Ctrl Pts',(-4.24230095489963E-16,5.73749999808817,
2.3094010767585));
#3852=CARTESIAN_POINT('Ctrl Pts',(0.999999999999999,5.7958333314215,1.73205080756888));
#3853=CARTESIAN_POINT('Ctrl Pts',(2.,5.85416666475484,1.15470053837925));
#3854=CARTESIAN_POINT('Ctrl Pts',(2.,5.91249999808817,0.));
#3855=CARTESIAN_POINT('Ctrl Pts',(2.,5.9708333314215,-1.15470053837925));
#3856=CARTESIAN_POINT('Ctrl Pts',(1.,6.02916666475484,-1.73205080756888));
#3857=CARTESIAN_POINT('Ctrl Pts',(1.41410031829988E-16,6.08749999808817,
-2.3094010767585));
#3858=CARTESIAN_POINT('Ctrl Pts',(-0.999999999999999,6.1458333314215,-1.73205080756888));
#3859=CARTESIAN_POINT('Ctrl Pts',(-2.,6.20416666475484,-1.15470053837925));
#3860=CARTESIAN_POINT('Ctrl Pts',(-2.,6.26249999808817,-2.44929359829471E-16));
#3861=CARTESIAN_POINT('Ctrl Pts',(-2.,6.3208333314215,1.15470053837925));
#3862=CARTESIAN_POINT('Ctrl Pts',(-1.,6.37916666475484,1.73205080756888));
#3863=CARTESIAN_POINT('Ctrl Pts',(-4.24230095489963E-16,6.43749999808817,
2.3094010767585));
#3864=CARTESIAN_POINT('Ctrl Pts',(0.999999999999999,6.4958333314215,1.73205080756888));
#3865=CARTESIAN_POINT('Ctrl Pts',(2.,6.55416666475484,1.15470053837925));
#3866=CARTESIAN_POINT('Ctrl Pts',(2.,6.61249999808817,0.));
#3867=CARTESIAN_POINT('Ctrl Pts',(2.,6.6708333314215,-1.15470053837925));
#3868=CARTESIAN_POINT('Ctrl Pts',(1.,6.72916666475484,-1.73205080756888));
#3869=CARTESIAN_POINT('Ctrl Pts',(1.41410031829988E-16,6.78749999808817,
-2.3094010767585));
#3870=CARTESIAN_POINT('Ctrl Pts',(-0.999999999999999,6.8458333314215,-1.73205080756888));
#3871=CARTESIAN_POINT('Ctrl Pts',(-2.,6.90416666475484,-1.15470053837925));
#3872=CARTESIAN_POINT('Ctrl Pts',(-2.,6.96249999808817,-2.44929359829471E-16));
#3873=CARTESIAN_POINT('Ctrl Pts',(-2.,7.0208333314215,1.15470053837925));
#3874=CARTESIAN_POINT('Ctrl Pts',(-1.,7.07916666475484,1.73205080756888));
#3875=CARTESIAN_POINT('Ctrl Pts',(-4.24230095489963E-16,7.13749999808817,
2.3094010767585));
#3876=CARTESIAN_POINT('Ctrl Pts',(0.999999999999999,7.1958333314215,1.73205080756888));
#3877=CARTESIAN_POINT('Ctrl Pts',(2.,7.25416666475484,1.15470053837925));
#3878=CARTESIAN_POINT('Ctrl Pts',(2.,7.31249999808817,0.));
#3879=CARTESIAN_POINT('Ctrl Pts',(2.,7.3708333314215,-1.15470053837925));
#3880=CARTESIAN_POINT('Ctrl Pts',(1.,7.42916666475484,-1.73205080756888));
#3881=CARTESIAN_POINT('Ctrl Pts',(1.41410031829988E-16,7.48749999808817,
-2.3094010767585));
#3882=CARTESIAN_POINT('Ctrl Pts',(-0.999999999999999,7.5458333314215,-1.73205080756888));
#3883=CARTESIAN_POINT('Ctrl Pts',(-2.,7.60416666475484,-1.15470053837925));
#3884=CARTESIAN_POINT('Ctrl Pts',(-2.,7.66249999808817,-2.44929359829471E-16));
#3885=CARTESIAN_POINT('Ctrl Pts',(-2.,7.7208333314215,1.15470053837925));
#3886=CARTESIAN_POINT('Ctrl Pts',(-1.,7.77916666475484,1.73205080756888));
#3887=CARTESIAN_POINT('Ctrl Pts',(-4.24230095489963E-16,7.83749999808817,
2.3094010767585));
#3888=CARTESIAN_POINT('Ctrl Pts',(0.999999999999999,7.8958333314215,1.73205080756888));
#3889=CARTESIAN_POINT('Ctrl Pts',(2.,7.95416666475484,1.15470053837925));
#3890=CARTESIAN_POINT('Ctrl Pts',(2.,8.01249999808817,0.));
#3891=CARTESIAN_POINT('Ctrl Pts',(2.,8.0708333314215,-1.15470053837925));
#3892=CARTESIAN_POINT('Ctrl Pts',(1.,8.12916666475484,-1.73205080756888));
#3893=CARTESIAN_POINT('Ctrl Pts',(1.41410031829988E-16,8.18749999808817,
-2.3094010767585));
#3894=CARTESIAN_POINT('Ctrl Pts',(-0.999999999999999,8.2458333314215,-1.73205080756888));
#3895=CARTESIAN_POINT('Ctrl Pts',(-2.,8.30416666475484,-1.15470053837925));
#3896=CARTESIAN_POINT('Ctrl Pts',(-2.,8.36249999808817,-2.44929359829471E-16));
#3897=CARTESIAN_POINT('Ctrl Pts',(-2.,8.42083333142151,1.15470053837925));
#3898=CARTESIAN_POINT('Ctrl Pts',(-1.,8.47916666475484,1.73205080756888));
#3899=CARTESIAN_POINT('Ctrl Pts',(-4.24230095489963E-16,8.53749999808817,
2.3094010767585));
#3900=CARTESIAN_POINT('Ctrl Pts',(0.999999999999999,8.5958333314215,1.73205080756888));
#3901=CARTESIAN_POINT('Ctrl Pts',(2.,8.65416666475484,1.15470053837925));
#3902=CARTESIAN_POINT('Ctrl Pts',(2.,8.71249999808817,0.));
#3903=CARTESIAN_POINT('Ctrl Pts',(2.,8.7708333314215,-1.15470053837925));
#3904=CARTESIAN_POINT('Ctrl Pts',(1.,8.82916666475484,-1.73205080756888));
#3905=CARTESIAN_POINT('Ctrl Pts',(1.41410031829988E-16,8.88749999808817,
-2.3094010767585));
#3906=CARTESIAN_POINT('Ctrl Pts',(-0.999999999999999,8.9458333314215,-1.73205080756888));
#3907=CARTESIAN_POINT('Ctrl Pts',(-2.,9.00416666475484,-1.15470053837925));
#3908=CARTESIAN_POINT('Ctrl Pts',(-2.,9.06249999808817,-2.44929359829471E-16));
#3909=CARTESIAN_POINT('Ctrl Pts',(-2.,9.1208333314215,1.15470053837925));
#3910=CARTESIAN_POINT('Ctrl Pts',(-1.,9.17916666475483,1.73205080756888));
#3911=CARTESIAN_POINT('Ctrl Pts',(-4.24230095489963E-16,9.23749999808817,
2.3094010767585));
#3912=CARTESIAN_POINT('Ctrl Pts',(0.999999999999999,9.2958333314215,1.73205080756888));
#3913=CARTESIAN_POINT('Ctrl Pts',(2.,9.35416666475483,1.15470053837925));
#3914=CARTESIAN_POINT('Ctrl Pts',(2.,9.41249999808817,0.));
#3915=CARTESIAN_POINT('Ctrl Pts',(2.,9.4708333314215,-1.15470053837925));
#3916=CARTESIAN_POINT('Ctrl Pts',(1.,9.52916666475484,-1.73205080756888));
#3917=CARTESIAN_POINT('Ctrl Pts',(1.41410031829988E-16,9.58749999808817,
-2.3094010767585));
#3918=CARTESIAN_POINT('Ctrl Pts',(-0.999999999999999,9.6458333314215,-1.73205080756888));
#3919=CARTESIAN_POINT('Ctrl Pts',(-2.,9.70416666475484,-1.15470053837925));
#3920=CARTESIAN_POINT('Ctrl Pts',(-2.,9.76249999808817,-2.44929359829471E-16));
#3921=CARTESIAN_POINT('Ctrl Pts',(-2.,9.8208333314215,1.15470053837925));
#3922=CARTESIAN_POINT('Ctrl Pts',(-1.,9.87916666475484,1.73205080756888));
#3923=CARTESIAN_POINT('Ctrl Pts',(-4.24230095489963E-16,9.93749999808817,
2.3094010767585));
#3924=CARTESIAN_POINT('Ctrl Pts',(0.999999999999999,9.9958333314215,1.73205080756888));
#3925=CARTESIAN_POINT('Ctrl Pts',(2.,10.0541666647548,1.15470053837925));
#3926=CARTESIAN_POINT('Ctrl Pts',(2.,10.1124999980882,0.));
#3927=CARTESIAN_POINT('Ctrl Pts',(2.,10.1708333314215,-1.15470053837925));
#3928=CARTESIAN_POINT('Ctrl Pts',(1.,10.2291666647548,-1.73205080756888));
#3929=CARTESIAN_POINT('Ctrl Pts',(1.41410031829988E-16,10.2874999980882,
-2.3094010767585));
#3930=CARTESIAN_POINT('Ctrl Pts',(-0.999999999999999,10.3458333314215,-1.73205080756888));
#3931=CARTESIAN_POINT('Ctrl Pts',(-2.,10.4041666647548,-1.15470053837925));
#3932=CARTESIAN_POINT('Ctrl Pts',(-2.,10.4624999980882,-2.44929359829471E-16));
#3933=CARTESIAN_POINT('Ctrl Pts',(-2.,10.5208333314215,1.15470053837925));
#3934=CARTESIAN_POINT('Ctrl Pts',(-1.,10.5791666647548,1.73205080756888));
#3935=CARTESIAN_POINT('Ctrl Pts',(-4.24230095489963E-16,10.6374999980882,
2.3094010767585));
#3936=CARTESIAN_POINT('Ctrl Pts',(0.999999999999999,10.6958333314215,1.73205080756888));
#3937=CARTESIAN_POINT('Ctrl Pts',(2.,10.7541666647548,1.15470053837925));
#3938=CARTESIAN_POINT('Ctrl Pts',(2.,10.8124999980882,0.));
#3939=CARTESIAN_POINT('Ctrl Pts',(2.,10.8708333314215,-1.15470053837925));
#3940=CARTESIAN_POINT('Ctrl Pts',(1.,10.9291666647548,-1.73205080756888));
#3941=CARTESIAN_POINT('Ctrl Pts',(1.41410031829988E-16,10.9874999980882,
-2.3094010767585));
#3942=CARTESIAN_POINT('Ctrl Pts',(-0.999999999999999,11.0458333314215,-1.73205080756888));
#3943=CARTESIAN_POINT('Ctrl Pts',(-2.,11.1041666647548,-1.15470053837925));
#3944=CARTESIAN_POINT('Ctrl Pts',(-2.,11.1624999980882,-2.44929359829471E-16));
#3945=CARTESIAN_POINT('Ctrl Pts',(-2.,11.2208333314215,1.15470053837925));
#3946=CARTESIAN_POINT('Ctrl Pts',(-1.,11.2791666647548,1.73205080756888));
#3947=CARTESIAN_POINT('Ctrl Pts',(-4.24230095489963E-16,11.3374999980882,
2.3094010767585));
#3948=CARTESIAN_POINT('Ctrl Pts',(0.999999999999999,11.3958333314215,1.73205080756888));
#3949=CARTESIAN_POINT('Ctrl Pts',(2.,11.4541666647548,1.15470053837925));
#3950=CARTESIAN_POINT('Ctrl Pts',(2.,11.5124999980882,0.));
#3951=CARTESIAN_POINT('Ctrl Pts',(2.,11.5708333314215,-1.15470053837925));
#3952=CARTESIAN_POINT('Ctrl Pts',(1.,11.6291666647548,-1.73205080756888));
#3953=CARTESIAN_POINT('Ctrl Pts',(1.41410031829988E-16,11.6874999980882,
-2.3094010767585));
#3954=CARTESIAN_POINT('Ctrl Pts',(-0.999999999999999,11.7458333314215,-1.73205080756888));
#3955=CARTESIAN_POINT('Ctrl Pts',(-2.,11.8041666647548,-1.15470053837925));
#3956=CARTESIAN_POINT('Ctrl Pts',(-2.,11.8624999980882,-2.44929359829471E-16));
#3957=CARTESIAN_POINT('Ctrl Pts',(-2.,11.9208333314215,1.15470053837925));
#3958=CARTESIAN_POINT('Ctrl Pts',(-1.,11.9791666647548,1.73205080756888));
#3959=CARTESIAN_POINT('Ctrl Pts',(-4.24230095489963E-16,12.0374999980882,
2.3094010767585));
#3960=CARTESIAN_POINT('Ctrl Pts',(0.999999999999999,12.0958333314215,1.73205080756888));
#3961=CARTESIAN_POINT('Ctrl Pts',(2.,12.1541666647548,1.15470053837925));
#3962=CARTESIAN_POINT('Ctrl Pts',(2.,12.2124999980882,0.));
#3963=CARTESIAN_POINT('Ctrl Pts',(2.,12.2708333314215,-1.15470053837925));
#3964=CARTESIAN_POINT('Ctrl Pts',(1.,12.3291666647548,-1.73205080756888));
#3965=CARTESIAN_POINT('Ctrl Pts',(1.41410031829988E-16,12.3874999980882,
-2.3094010767585));
#3966=CARTESIAN_POINT('Ctrl Pts',(-0.999999999999999,12.4458333314215,-1.73205080756888));
#3967=CARTESIAN_POINT('Ctrl Pts',(-2.,12.5041666647548,-1.15470053837925));
#3968=CARTESIAN_POINT('Ctrl Pts',(-2.,12.5624999980882,-2.44929359829471E-16));
#3969=CARTESIAN_POINT('Ctrl Pts',(-2.,12.6208333314215,1.15470053837925));
#3970=CARTESIAN_POINT('Ctrl Pts',(-1.,12.6791666647548,1.73205080756888));
#3971=CARTESIAN_POINT('Ctrl Pts',(-4.24230095489963E-16,12.7374999980882,
2.3094010767585));
#3972=CARTESIAN_POINT('Ctrl Pts',(0.999999999999999,12.7958333314215,1.73205080756888));
#3973=CARTESIAN_POINT('Ctrl Pts',(2.,12.8541666647548,1.15470053837925));
#3974=CARTESIAN_POINT('Ctrl Pts',(2.,12.9124999980882,0.));
#3975=CARTESIAN_POINT('Ctrl Pts',(2.,12.9708333314215,-1.15470053837925));
#3976=CARTESIAN_POINT('Ctrl Pts',(1.,13.0291666647548,-1.73205080756888));
#3977=CARTESIAN_POINT('Ctrl Pts',(1.41410031829988E-16,13.0874999980882,
-2.3094010767585));
#3978=CARTESIAN_POINT('Ctrl Pts',(-0.999999999999999,13.1458333314215,-1.73205080756888));
#3979=CARTESIAN_POINT('Ctrl Pts',(-2.,13.2041666647548,-1.15470053837925));
#3980=CARTESIAN_POINT('Ctrl Pts',(-2.,13.2624999980882,-2.44929359829471E-16));
#3981=CARTESIAN_POINT('Ctrl Pts',(-2.,13.3208333314215,1.15470053837925));
#3982=CARTESIAN_POINT('Ctrl Pts',(-1.,13.3791666647548,1.73205080756888));
#3983=CARTESIAN_POINT('Ctrl Pts',(-4.24230095489963E-16,13.4374999980882,
2.3094010767585));
#3984=CARTESIAN_POINT('Ctrl Pts',(0.999999999999999,13.4958333314215,1.73205080756888));
#3985=CARTESIAN_POINT('Ctrl Pts',(2.,13.5541666647548,1.15470053837925));
#3986=CARTESIAN_POINT('Ctrl Pts',(2.,13.6124999980882,0.));
#3987=CARTESIAN_POINT('Ctrl Pts',(1.6211138875,-0.606250000955916,0.));
#3988=CARTESIAN_POINT('Ctrl Pts',(1.6211138875,-0.547916667622582,-0.935950539335165));
#3989=CARTESIAN_POINT('Ctrl Pts',(0.81055694375,-0.489583334289249,-1.40392580900275));
#3990=CARTESIAN_POINT('Ctrl Pts',(1.14620883215705E-16,-0.431250000955915,
-1.87190107867033));
#3991=CARTESIAN_POINT('Ctrl Pts',(-0.81055694375,-0.372916667622582,-1.40392580900275));
#3992=CARTESIAN_POINT('Ctrl Pts',(-1.6211138875,-0.314583334289249,-0.935950539335166));
#3993=CARTESIAN_POINT('Ctrl Pts',(-1.6211138875,-0.256250000955915,-1.9852919333802E-16));
#3994=CARTESIAN_POINT('Ctrl Pts',(-1.6211138875,-0.197916667622582,0.935950539335165));
#3995=CARTESIAN_POINT('Ctrl Pts',(-0.810556943750001,-0.139583334289249,
1.40392580900275));
#3996=CARTESIAN_POINT('Ctrl Pts',(-3.43862649647115E-16,-0.0812500009559155,
1.87190107867033));
#3997=CARTESIAN_POINT('Ctrl Pts',(0.810556943749999,-0.0229166676225822,
1.40392580900275));
#3998=CARTESIAN_POINT('Ctrl Pts',(1.6211138875,0.0354166657107512,0.935950539335166));
#3999=CARTESIAN_POINT('Ctrl Pts',(1.6211138875,0.0937499990440845,0.));
#4000=CARTESIAN_POINT('Ctrl Pts',(1.6211138875,0.152083332377418,-0.935950539335165));
#4001=CARTESIAN_POINT('Ctrl Pts',(0.81055694375,0.210416665710751,-1.40392580900275));
#4002=CARTESIAN_POINT('Ctrl Pts',(1.14620883215705E-16,0.268749999044085,
-1.87190107867033));
#4003=CARTESIAN_POINT('Ctrl Pts',(-0.81055694375,0.327083332377418,-1.40392580900275));
#4004=CARTESIAN_POINT('Ctrl Pts',(-1.6211138875,0.385416665710751,-0.935950539335166));
#4005=CARTESIAN_POINT('Ctrl Pts',(-1.6211138875,0.443749999044085,-1.9852919333802E-16));
#4006=CARTESIAN_POINT('Ctrl Pts',(-1.6211138875,0.502083332377418,0.935950539335165));
#4007=CARTESIAN_POINT('Ctrl Pts',(-0.810556943750001,0.560416665710751,
1.40392580900275));
#4008=CARTESIAN_POINT('Ctrl Pts',(-3.43862649647115E-16,0.618749999044085,
1.87190107867033));
#4009=CARTESIAN_POINT('Ctrl Pts',(0.810556943749999,0.677083332377418,1.40392580900275));
#4010=CARTESIAN_POINT('Ctrl Pts',(1.6211138875,0.735416665710751,0.935950539335166));
#4011=CARTESIAN_POINT('Ctrl Pts',(1.6211138875,0.793749999044084,0.));
#4012=CARTESIAN_POINT('Ctrl Pts',(1.6211138875,0.852083332377418,-0.935950539335165));
#4013=CARTESIAN_POINT('Ctrl Pts',(0.81055694375,0.910416665710751,-1.40392580900275));
#4014=CARTESIAN_POINT('Ctrl Pts',(1.14620883215705E-16,0.968749999044085,
-1.87190107867033));
#4015=CARTESIAN_POINT('Ctrl Pts',(-0.81055694375,1.02708333237742,-1.40392580900275));
#4016=CARTESIAN_POINT('Ctrl Pts',(-1.6211138875,1.08541666571075,-0.935950539335166));
#4017=CARTESIAN_POINT('Ctrl Pts',(-1.6211138875,1.14374999904408,-1.9852919333802E-16));
#4018=CARTESIAN_POINT('Ctrl Pts',(-1.6211138875,1.20208333237742,0.935950539335165));
#4019=CARTESIAN_POINT('Ctrl Pts',(-0.810556943750001,1.26041666571075,1.40392580900275));
#4020=CARTESIAN_POINT('Ctrl Pts',(-3.43862649647115E-16,1.31874999904408,
1.87190107867033));
#4021=CARTESIAN_POINT('Ctrl Pts',(0.810556943749999,1.37708333237742,1.40392580900275));
#4022=CARTESIAN_POINT('Ctrl Pts',(1.6211138875,1.43541666571075,0.935950539335166));
#4023=CARTESIAN_POINT('Ctrl Pts',(1.6211138875,1.49374999904408,0.));
#4024=CARTESIAN_POINT('Ctrl Pts',(1.6211138875,1.55208333237742,-0.935950539335165));
#4025=CARTESIAN_POINT('Ctrl Pts',(0.81055694375,1.61041666571075,-1.40392580900275));
#4026=CARTESIAN_POINT('Ctrl Pts',(1.14620883215705E-16,1.66874999904408,
-1.87190107867033));
#4027=CARTESIAN_POINT('Ctrl Pts',(-0.81055694375,1.72708333237742,-1.40392580900275));
#4028=CARTESIAN_POINT('Ctrl Pts',(-1.6211138875,1.78541666571075,-0.935950539335166));
#4029=CARTESIAN_POINT('Ctrl Pts',(-1.6211138875,1.84374999904408,-1.9852919333802E-16));
#4030=CARTESIAN_POINT('Ctrl Pts',(-1.6211138875,1.90208333237742,0.935950539335165));
#4031=CARTESIAN_POINT('Ctrl Pts',(-0.810556943750001,1.96041666571075,1.40392580900275));
#4032=CARTESIAN_POINT('Ctrl Pts',(-3.43862649647115E-16,2.01874999904408,
1.87190107867033));
#4033=CARTESIAN_POINT('Ctrl Pts',(0.810556943749999,2.07708333237742,1.40392580900275));
#4034=CARTESIAN_POINT('Ctrl Pts',(1.6211138875,2.13541666571075,0.935950539335166));
#4035=CARTESIAN_POINT('Ctrl Pts',(1.6211138875,2.19374999904408,0.));
#4036=CARTESIAN_POINT('Ctrl Pts',(1.6211138875,2.25208333237742,-0.935950539335165));
#4037=CARTESIAN_POINT('Ctrl Pts',(0.81055694375,2.31041666571075,-1.40392580900275));
#4038=CARTESIAN_POINT('Ctrl Pts',(1.14620883215705E-16,2.36874999904408,
-1.87190107867033));
#4039=CARTESIAN_POINT('Ctrl Pts',(-0.81055694375,2.42708333237742,-1.40392580900275));
#4040=CARTESIAN_POINT('Ctrl Pts',(-1.6211138875,2.48541666571075,-0.935950539335166));
#4041=CARTESIAN_POINT('Ctrl Pts',(-1.6211138875,2.54374999904408,-1.9852919333802E-16));
#4042=CARTESIAN_POINT('Ctrl Pts',(-1.6211138875,2.60208333237742,0.935950539335165));
#4043=CARTESIAN_POINT('Ctrl Pts',(-0.810556943750001,2.66041666571075,1.40392580900275));
#4044=CARTESIAN_POINT('Ctrl Pts',(-3.43862649647115E-16,2.71874999904408,
1.87190107867033));
#4045=CARTESIAN_POINT('Ctrl Pts',(0.810556943749999,2.77708333237742,1.40392580900275));
#4046=CARTESIAN_POINT('Ctrl Pts',(1.6211138875,2.83541666571075,0.935950539335166));
#4047=CARTESIAN_POINT('Ctrl Pts',(1.6211138875,2.89374999904408,0.));
#4048=CARTESIAN_POINT('Ctrl Pts',(1.6211138875,2.95208333237742,-0.935950539335165));
#4049=CARTESIAN_POINT('Ctrl Pts',(0.81055694375,3.01041666571075,-1.40392580900275));
#4050=CARTESIAN_POINT('Ctrl Pts',(1.14620883215705E-16,3.06874999904408,
-1.87190107867033));
#4051=CARTESIAN_POINT('Ctrl Pts',(-0.81055694375,3.12708333237742,-1.40392580900275));
#4052=CARTESIAN_POINT('Ctrl Pts',(-1.6211138875,3.18541666571075,-0.935950539335166));
#4053=CARTESIAN_POINT('Ctrl Pts',(-1.6211138875,3.24374999904409,-1.9852919333802E-16));
#4054=CARTESIAN_POINT('Ctrl Pts',(-1.6211138875,3.30208333237742,0.935950539335165));
#4055=CARTESIAN_POINT('Ctrl Pts',(-0.810556943750001,3.36041666571075,1.40392580900275));
#4056=CARTESIAN_POINT('Ctrl Pts',(-3.43862649647115E-16,3.41874999904408,
1.87190107867033));
#4057=CARTESIAN_POINT('Ctrl Pts',(0.810556943749999,3.47708333237742,1.40392580900275));
#4058=CARTESIAN_POINT('Ctrl Pts',(1.6211138875,3.53541666571075,0.935950539335166));
#4059=CARTESIAN_POINT('Ctrl Pts',(1.6211138875,3.59374999904408,0.));
#4060=CARTESIAN_POINT('Ctrl Pts',(1.6211138875,3.65208333237742,-0.935950539335165));
#4061=CARTESIAN_POINT('Ctrl Pts',(0.81055694375,3.71041666571075,-1.40392580900275));
#4062=CARTESIAN_POINT('Ctrl Pts',(1.14620883215705E-16,3.76874999904408,
-1.87190107867033));
#4063=CARTESIAN_POINT('Ctrl Pts',(-0.81055694375,3.82708333237742,-1.40392580900275));
#4064=CARTESIAN_POINT('Ctrl Pts',(-1.6211138875,3.88541666571075,-0.935950539335166));
#4065=CARTESIAN_POINT('Ctrl Pts',(-1.6211138875,3.94374999904409,-1.9852919333802E-16));
#4066=CARTESIAN_POINT('Ctrl Pts',(-1.6211138875,4.00208333237742,0.935950539335165));
#4067=CARTESIAN_POINT('Ctrl Pts',(-0.810556943750001,4.06041666571075,1.40392580900275));
#4068=CARTESIAN_POINT('Ctrl Pts',(-3.43862649647115E-16,4.11874999904409,
1.87190107867033));
#4069=CARTESIAN_POINT('Ctrl Pts',(0.810556943749999,4.17708333237742,1.40392580900275));
#4070=CARTESIAN_POINT('Ctrl Pts',(1.6211138875,4.23541666571075,0.935950539335166));
#4071=CARTESIAN_POINT('Ctrl Pts',(1.6211138875,4.29374999904408,0.));
#4072=CARTESIAN_POINT('Ctrl Pts',(1.6211138875,4.35208333237742,-0.935950539335165));
#4073=CARTESIAN_POINT('Ctrl Pts',(0.81055694375,4.41041666571075,-1.40392580900275));
#4074=CARTESIAN_POINT('Ctrl Pts',(1.14620883215705E-16,4.46874999904408,
-1.87190107867033));
#4075=CARTESIAN_POINT('Ctrl Pts',(-0.81055694375,4.52708333237742,-1.40392580900275));
#4076=CARTESIAN_POINT('Ctrl Pts',(-1.6211138875,4.58541666571075,-0.935950539335166));
#4077=CARTESIAN_POINT('Ctrl Pts',(-1.6211138875,4.64374999904408,-1.9852919333802E-16));
#4078=CARTESIAN_POINT('Ctrl Pts',(-1.6211138875,4.70208333237742,0.935950539335165));
#4079=CARTESIAN_POINT('Ctrl Pts',(-0.810556943750001,4.76041666571075,1.40392580900275));
#4080=CARTESIAN_POINT('Ctrl Pts',(-3.43862649647115E-16,4.81874999904408,
1.87190107867033));
#4081=CARTESIAN_POINT('Ctrl Pts',(0.810556943749999,4.87708333237742,1.40392580900275));
#4082=CARTESIAN_POINT('Ctrl Pts',(1.6211138875,4.93541666571075,0.935950539335166));
#4083=CARTESIAN_POINT('Ctrl Pts',(1.6211138875,4.99374999904408,0.));
#4084=CARTESIAN_POINT('Ctrl Pts',(1.6211138875,5.05208333237742,-0.935950539335165));
#4085=CARTESIAN_POINT('Ctrl Pts',(0.81055694375,5.11041666571075,-1.40392580900275));
#4086=CARTESIAN_POINT('Ctrl Pts',(1.14620883215705E-16,5.16874999904408,
-1.87190107867033));
#4087=CARTESIAN_POINT('Ctrl Pts',(-0.81055694375,5.22708333237742,-1.40392580900275));
#4088=CARTESIAN_POINT('Ctrl Pts',(-1.6211138875,5.28541666571075,-0.935950539335166));
#4089=CARTESIAN_POINT('Ctrl Pts',(-1.6211138875,5.34374999904408,-1.9852919333802E-16));
#4090=CARTESIAN_POINT('Ctrl Pts',(-1.6211138875,5.40208333237742,0.935950539335165));
#4091=CARTESIAN_POINT('Ctrl Pts',(-0.810556943750001,5.46041666571075,1.40392580900275));
#4092=CARTESIAN_POINT('Ctrl Pts',(-3.43862649647115E-16,5.51874999904408,
1.87190107867033));
#4093=CARTESIAN_POINT('Ctrl Pts',(0.810556943749999,5.57708333237742,1.40392580900275));
#4094=CARTESIAN_POINT('Ctrl Pts',(1.6211138875,5.63541666571075,0.935950539335166));
#4095=CARTESIAN_POINT('Ctrl Pts',(1.6211138875,5.69374999904409,0.));
#4096=CARTESIAN_POINT('Ctrl Pts',(1.6211138875,5.75208333237742,-0.935950539335165));
#4097=CARTESIAN_POINT('Ctrl Pts',(0.81055694375,5.81041666571075,-1.40392580900275));
#4098=CARTESIAN_POINT('Ctrl Pts',(1.14620883215705E-16,5.86874999904409,
-1.87190107867033));
#4099=CARTESIAN_POINT('Ctrl Pts',(-0.81055694375,5.92708333237742,-1.40392580900275));
#4100=CARTESIAN_POINT('Ctrl Pts',(-1.6211138875,5.98541666571075,-0.935950539335166));
#4101=CARTESIAN_POINT('Ctrl Pts',(-1.6211138875,6.04374999904409,-1.9852919333802E-16));
#4102=CARTESIAN_POINT('Ctrl Pts',(-1.6211138875,6.10208333237742,0.935950539335165));
#4103=CARTESIAN_POINT('Ctrl Pts',(-0.810556943750001,6.16041666571075,1.40392580900275));
#4104=CARTESIAN_POINT('Ctrl Pts',(-3.43862649647115E-16,6.21874999904409,
1.87190107867033));
#4105=CARTESIAN_POINT('Ctrl Pts',(0.810556943749999,6.27708333237742,1.40392580900275));
#4106=CARTESIAN_POINT('Ctrl Pts',(1.6211138875,6.33541666571075,0.935950539335166));
#4107=CARTESIAN_POINT('Ctrl Pts',(1.6211138875,6.39374999904408,0.));
#4108=CARTESIAN_POINT('Ctrl Pts',(1.6211138875,6.45208333237742,-0.935950539335165));
#4109=CARTESIAN_POINT('Ctrl Pts',(0.81055694375,6.51041666571075,-1.40392580900275));
#4110=CARTESIAN_POINT('Ctrl Pts',(1.14620883215705E-16,6.56874999904408,
-1.87190107867033));
#4111=CARTESIAN_POINT('Ctrl Pts',(-0.81055694375,6.62708333237742,-1.40392580900275));
#4112=CARTESIAN_POINT('Ctrl Pts',(-1.6211138875,6.68541666571075,-0.935950539335166));
#4113=CARTESIAN_POINT('Ctrl Pts',(-1.6211138875,6.74374999904408,-1.9852919333802E-16));
#4114=CARTESIAN_POINT('Ctrl Pts',(-1.6211138875,6.80208333237742,0.935950539335165));
#4115=CARTESIAN_POINT('Ctrl Pts',(-0.810556943750001,6.86041666571075,1.40392580900275));
#4116=CARTESIAN_POINT('Ctrl Pts',(-3.43862649647115E-16,6.91874999904408,
1.87190107867033));
#4117=CARTESIAN_POINT('Ctrl Pts',(0.810556943749999,6.97708333237742,1.40392580900275));
#4118=CARTESIAN_POINT('Ctrl Pts',(1.6211138875,7.03541666571075,0.935950539335166));
#4119=CARTESIAN_POINT('Ctrl Pts',(1.6211138875,7.09374999904409,0.));
#4120=CARTESIAN_POINT('Ctrl Pts',(1.6211138875,7.15208333237742,-0.935950539335165));
#4121=CARTESIAN_POINT('Ctrl Pts',(0.81055694375,7.21041666571075,-1.40392580900275));
#4122=CARTESIAN_POINT('Ctrl Pts',(1.14620883215705E-16,7.26874999904409,
-1.87190107867033));
#4123=CARTESIAN_POINT('Ctrl Pts',(-0.81055694375,7.32708333237742,-1.40392580900275));
#4124=CARTESIAN_POINT('Ctrl Pts',(-1.6211138875,7.38541666571075,-0.935950539335166));
#4125=CARTESIAN_POINT('Ctrl Pts',(-1.6211138875,7.44374999904409,-1.9852919333802E-16));
#4126=CARTESIAN_POINT('Ctrl Pts',(-1.6211138875,7.50208333237742,0.935950539335165));
#4127=CARTESIAN_POINT('Ctrl Pts',(-0.810556943750001,7.56041666571075,1.40392580900275));
#4128=CARTESIAN_POINT('Ctrl Pts',(-3.43862649647115E-16,7.61874999904408,
1.87190107867033));
#4129=CARTESIAN_POINT('Ctrl Pts',(0.810556943749999,7.67708333237742,1.40392580900275));
#4130=CARTESIAN_POINT('Ctrl Pts',(1.6211138875,7.73541666571075,0.935950539335166));
#4131=CARTESIAN_POINT('Ctrl Pts',(1.6211138875,7.79374999904408,0.));
#4132=CARTESIAN_POINT('Ctrl Pts',(1.6211138875,7.85208333237742,-0.935950539335165));
#4133=CARTESIAN_POINT('Ctrl Pts',(0.81055694375,7.91041666571075,-1.40392580900275));
#4134=CARTESIAN_POINT('Ctrl Pts',(1.14620883215705E-16,7.96874999904408,
-1.87190107867033));
#4135=CARTESIAN_POINT('Ctrl Pts',(-0.81055694375,8.02708333237742,-1.40392580900275));
#4136=CARTESIAN_POINT('Ctrl Pts',(-1.6211138875,8.08541666571075,-0.935950539335166));
#4137=CARTESIAN_POINT('Ctrl Pts',(-1.6211138875,8.14374999904409,-1.9852919333802E-16));
#4138=CARTESIAN_POINT('Ctrl Pts',(-1.6211138875,8.20208333237742,0.935950539335165));
#4139=CARTESIAN_POINT('Ctrl Pts',(-0.810556943750001,8.26041666571075,1.40392580900275));
#4140=CARTESIAN_POINT('Ctrl Pts',(-3.43862649647115E-16,8.31874999904409,
1.87190107867033));
#4141=CARTESIAN_POINT('Ctrl Pts',(0.810556943749999,8.37708333237742,1.40392580900275));
#4142=CARTESIAN_POINT('Ctrl Pts',(1.6211138875,8.43541666571075,0.935950539335166));
#4143=CARTESIAN_POINT('Ctrl Pts',(1.6211138875,8.49374999904409,0.));
#4144=CARTESIAN_POINT('Ctrl Pts',(1.6211138875,8.55208333237742,-0.935950539335165));
#4145=CARTESIAN_POINT('Ctrl Pts',(0.81055694375,8.61041666571075,-1.40392580900275));
#4146=CARTESIAN_POINT('Ctrl Pts',(1.14620883215705E-16,8.66874999904408,
-1.87190107867033));
#4147=CARTESIAN_POINT('Ctrl Pts',(-0.81055694375,8.72708333237742,-1.40392580900275));
#4148=CARTESIAN_POINT('Ctrl Pts',(-1.6211138875,8.78541666571075,-0.935950539335166));
#4149=CARTESIAN_POINT('Ctrl Pts',(-1.6211138875,8.84374999904409,-1.9852919333802E-16));
#4150=CARTESIAN_POINT('Ctrl Pts',(-1.6211138875,8.90208333237742,0.935950539335165));
#4151=CARTESIAN_POINT('Ctrl Pts',(-0.810556943750001,8.96041666571075,1.40392580900275));
#4152=CARTESIAN_POINT('Ctrl Pts',(-3.43862649647115E-16,9.01874999904408,
1.87190107867033));
#4153=CARTESIAN_POINT('Ctrl Pts',(0.810556943749999,9.07708333237742,1.40392580900275));
#4154=CARTESIAN_POINT('Ctrl Pts',(1.6211138875,9.13541666571075,0.935950539335166));
#4155=CARTESIAN_POINT('Ctrl Pts',(1.6211138875,9.19374999904409,0.));
#4156=CARTESIAN_POINT('Ctrl Pts',(1.6211138875,9.25208333237742,-0.935950539335165));
#4157=CARTESIAN_POINT('Ctrl Pts',(0.81055694375,9.31041666571075,-1.40392580900275));
#4158=CARTESIAN_POINT('Ctrl Pts',(1.14620883215705E-16,9.36874999904409,
-1.87190107867033));
#4159=CARTESIAN_POINT('Ctrl Pts',(-0.81055694375,9.42708333237742,-1.40392580900275));
#4160=CARTESIAN_POINT('Ctrl Pts',(-1.6211138875,9.48541666571075,-0.935950539335166));
#4161=CARTESIAN_POINT('Ctrl Pts',(-1.6211138875,9.54374999904408,-1.9852919333802E-16));
#4162=CARTESIAN_POINT('Ctrl Pts',(-1.6211138875,9.60208333237742,0.935950539335165));
#4163=CARTESIAN_POINT('Ctrl Pts',(-0.810556943750001,9.66041666571075,1.40392580900275));
#4164=CARTESIAN_POINT('Ctrl Pts',(-3.43862649647115E-16,9.71874999904408,
1.87190107867033));
#4165=CARTESIAN_POINT('Ctrl Pts',(0.810556943749999,9.77708333237742,1.40392580900275));
#4166=CARTESIAN_POINT('Ctrl Pts',(1.6211138875,9.83541666571075,0.935950539335166));
#4167=CARTESIAN_POINT('Ctrl Pts',(1.6211138875,9.89374999904409,0.));
#4168=CARTESIAN_POINT('Ctrl Pts',(1.6211138875,9.95208333237742,-0.935950539335165));
#4169=CARTESIAN_POINT('Ctrl Pts',(0.81055694375,10.0104166657108,-1.40392580900275));
#4170=CARTESIAN_POINT('Ctrl Pts',(1.14620883215705E-16,10.0687499990441,
-1.87190107867033));
#4171=CARTESIAN_POINT('Ctrl Pts',(-0.81055694375,10.1270833323774,-1.40392580900275));
#4172=CARTESIAN_POINT('Ctrl Pts',(-1.6211138875,10.1854166657108,-0.935950539335166));
#4173=CARTESIAN_POINT('Ctrl Pts',(-1.6211138875,10.2437499990441,-1.9852919333802E-16));
#4174=CARTESIAN_POINT('Ctrl Pts',(-1.6211138875,10.3020833323774,0.935950539335165));
#4175=CARTESIAN_POINT('Ctrl Pts',(-0.810556943750001,10.3604166657108,1.40392580900275));
#4176=CARTESIAN_POINT('Ctrl Pts',(-3.43862649647115E-16,10.4187499990441,
1.87190107867033));
#4177=CARTESIAN_POINT('Ctrl Pts',(0.810556943749999,10.4770833323774,1.40392580900275));
#4178=CARTESIAN_POINT('Ctrl Pts',(1.6211138875,10.5354166657108,0.935950539335166));
#4179=CARTESIAN_POINT('Ctrl Pts',(1.6211138875,10.5937499990441,0.));
#4180=CARTESIAN_POINT('Ctrl Pts',(1.6211138875,10.6520833323774,-0.935950539335165));
#4181=CARTESIAN_POINT('Ctrl Pts',(0.81055694375,10.7104166657108,-1.40392580900275));
#4182=CARTESIAN_POINT('Ctrl Pts',(1.14620883215705E-16,10.7687499990441,
-1.87190107867033));
#4183=CARTESIAN_POINT('Ctrl Pts',(-0.81055694375,10.8270833323774,-1.40392580900275));
#4184=CARTESIAN_POINT('Ctrl Pts',(-1.6211138875,10.8854166657108,-0.935950539335166));
#4185=CARTESIAN_POINT('Ctrl Pts',(-1.6211138875,10.9437499990441,-1.9852919333802E-16));
#4186=CARTESIAN_POINT('Ctrl Pts',(-1.6211138875,11.0020833323774,0.935950539335165));
#4187=CARTESIAN_POINT('Ctrl Pts',(-0.810556943750001,11.0604166657108,1.40392580900275));
#4188=CARTESIAN_POINT('Ctrl Pts',(-3.43862649647115E-16,11.1187499990441,
1.87190107867033));
#4189=CARTESIAN_POINT('Ctrl Pts',(0.810556943749999,11.1770833323774,1.40392580900275));
#4190=CARTESIAN_POINT('Ctrl Pts',(1.6211138875,11.2354166657107,0.935950539335166));
#4191=CARTESIAN_POINT('Ctrl Pts',(1.6211138875,11.2937499990441,0.));
#4192=CARTESIAN_POINT('Ctrl Pts',(1.6211138875,11.3520833323774,-0.935950539335165));
#4193=CARTESIAN_POINT('Ctrl Pts',(0.81055694375,11.4104166657108,-1.40392580900275));
#4194=CARTESIAN_POINT('Ctrl Pts',(1.14620883215705E-16,11.4687499990441,
-1.87190107867033));
#4195=CARTESIAN_POINT('Ctrl Pts',(-0.81055694375,11.5270833323774,-1.40392580900275));
#4196=CARTESIAN_POINT('Ctrl Pts',(-1.6211138875,11.5854166657108,-0.935950539335166));
#4197=CARTESIAN_POINT('Ctrl Pts',(-1.6211138875,11.6437499990441,-1.9852919333802E-16));
#4198=CARTESIAN_POINT('Ctrl Pts',(-1.6211138875,11.7020833323774,0.935950539335165));
#4199=CARTESIAN_POINT('Ctrl Pts',(-0.810556943750001,11.7604166657108,1.40392580900275));
#4200=CARTESIAN_POINT('Ctrl Pts',(-3.43862649647115E-16,11.8187499990441,
1.87190107867033));
#4201=CARTESIAN_POINT('Ctrl Pts',(0.810556943749999,11.8770833323774,1.40392580900275));
#4202=CARTESIAN_POINT('Ctrl Pts',(1.6211138875,11.9354166657108,0.935950539335166));
#4203=CARTESIAN_POINT('Ctrl Pts',(1.6211138875,11.9937499990441,0.));
#4204=CARTESIAN_POINT('Ctrl Pts',(1.6211138875,12.0520833323774,-0.935950539335165));
#4205=CARTESIAN_POINT('Ctrl Pts',(0.81055694375,12.1104166657108,-1.40392580900275));
#4206=CARTESIAN_POINT('Ctrl Pts',(1.14620883215705E-16,12.1687499990441,
-1.87190107867033));
#4207=CARTESIAN_POINT('Ctrl Pts',(-0.81055694375,12.2270833323774,-1.40392580900275));
#4208=CARTESIAN_POINT('Ctrl Pts',(-1.6211138875,12.2854166657108,-0.935950539335166));
#4209=CARTESIAN_POINT('Ctrl Pts',(-1.6211138875,12.3437499990441,-1.9852919333802E-16));
#4210=CARTESIAN_POINT('Ctrl Pts',(-1.6211138875,12.4020833323774,0.935950539335165));
#4211=CARTESIAN_POINT('Ctrl Pts',(-0.810556943750001,12.4604166657108,1.40392580900275));
#4212=CARTESIAN_POINT('Ctrl Pts',(-3.43862649647115E-16,12.5187499990441,
1.87190107867033));
#4213=CARTESIAN_POINT('Ctrl Pts',(0.810556943749999,12.5770833323774,1.40392580900275));
#4214=CARTESIAN_POINT('Ctrl Pts',(1.6211138875,12.6354166657108,0.935950539335166));
#4215=CARTESIAN_POINT('Ctrl Pts',(1.6211138875,12.6937499990441,0.));
#4216=CARTESIAN_POINT('Ctrl Pts',(1.6211138875,12.7520833323774,-0.935950539335165));
#4217=CARTESIAN_POINT('Ctrl Pts',(0.81055694375,12.8104166657108,-1.40392580900275));
#4218=CARTESIAN_POINT('Ctrl Pts',(1.14620883215705E-16,12.8687499990441,
-1.87190107867033));
#4219=CARTESIAN_POINT('Ctrl Pts',(-0.81055694375,12.9270833323774,-1.40392580900275));
#4220=CARTESIAN_POINT('Ctrl Pts',(-1.6211138875,12.9854166657108,-0.935950539335166));
#4221=CARTESIAN_POINT('Ctrl Pts',(-1.6211138875,13.0437499990441,-1.9852919333802E-16));
#4222=CARTESIAN_POINT('Ctrl Pts',(-1.6211138875,13.1020833323774,0.935950539335165));
#4223=CARTESIAN_POINT('Ctrl Pts',(-0.810556943750001,13.1604166657108,1.40392580900275));
#4224=CARTESIAN_POINT('Ctrl Pts',(-3.43862649647115E-16,13.2187499990441,
1.87190107867033));
#4225=CARTESIAN_POINT('Ctrl Pts',(0.810556943749999,13.2770833323774,1.40392580900275));
#4226=CARTESIAN_POINT('Ctrl Pts',(1.6211138875,13.3354166657108,0.935950539335166));
#4227=CARTESIAN_POINT('Ctrl Pts',(1.6211138875,13.3937499990441,0.));
#4228=CARTESIAN_POINT('Ctrl Pts',(-0.642857110082911,12.,1.89386766591963));
#4229=CARTESIAN_POINT('Ctrl Pts',(-0.459676615690598,12.,1.93711642974508));
#4230=CARTESIAN_POINT('Ctrl Pts',(-0.271169989076168,12.,1.95332609781516));
#4231=CARTESIAN_POINT('Ctrl Pts',(0.0969511678644504,12.,1.93098113467141));
#4232=CARTESIAN_POINT('Ctrl Pts',(0.274743619936737,12.,1.89473313320222));
#4233=CARTESIAN_POINT('Ctrl Pts',(0.655980067149136,12.,1.75917694656832));
#4234=CARTESIAN_POINT('Ctrl Pts',(0.857287190708437,12.,1.6460907603932));
#4235=CARTESIAN_POINT('Ctrl Pts',(1.18757898770328,12.,1.36785559922498));
#4236=CARTESIAN_POINT('Ctrl Pts',(1.32133577780119,12.,1.20598070985344));
#4237=CARTESIAN_POINT('Ctrl Pts',(1.51583637633209,12.,0.857980340406682));
#4238=CARTESIAN_POINT('Ctrl Pts',(1.58050320258032,12.,0.677611894226627));
#4239=CARTESIAN_POINT('Ctrl Pts',(1.65281856916117,12.,0.277320271412615));
#4240=CARTESIAN_POINT('Ctrl Pts',(1.64807824838057,12.,0.0740234676176224));
#4241=CARTESIAN_POINT('Ctrl Pts',(1.61811564875039,12.,-0.0985493963171154));
#4242=CARTESIAN_POINT('Origin',(0.,12.,0.));
#4243=CARTESIAN_POINT('Origin',(0.,16.,0.));
#4244=CARTESIAN_POINT('',(-7.58700993598249E-16,16.,1.96299091524473));
#4245=CARTESIAN_POINT('',(-1.7,16.,0.981495457622364));
#4246=CARTESIAN_POINT('',(-0.850000000000001,16.,1.47224318643355));
#4247=CARTESIAN_POINT('',(-1.7,16.,-0.981495457622365));
#4248=CARTESIAN_POINT('',(-1.7,16.,0.));
#4249=CARTESIAN_POINT('',(3.83484115411744E-16,16.,-1.96299091524473));
#4250=CARTESIAN_POINT('',(-0.850000000000001,16.,-1.47224318643355));
#4251=CARTESIAN_POINT('',(1.7,16.,-0.981495457622366));
#4252=CARTESIAN_POINT('',(0.850000000000001,16.,-1.47224318643355));
#4253=CARTESIAN_POINT('',(1.7,16.,0.981495457622366));
#4254=CARTESIAN_POINT('',(1.7,16.,0.));
#4255=CARTESIAN_POINT('',(0.85,16.,1.47224318643355));
#4256=CARTESIAN_POINT('Origin',(0.,0.,0.));
#4257=CARTESIAN_POINT('Origin',(1.5,14.,-0.86602540378444));
#4258=CARTESIAN_POINT('',(1.49999999999999,14.,-0.866025403784457));
#4259=CARTESIAN_POINT('',(1.5,15.8,-0.86602540378444));
#4260=CARTESIAN_POINT('',(1.5,14.,-0.86602540378444));
#4261=CARTESIAN_POINT('',(-5.26416909103458E-20,15.8,-1.73205080756888));
#4262=CARTESIAN_POINT('',(1.5,15.8,-0.86602540378444));
#4263=CARTESIAN_POINT('',(-5.26416909103458E-20,14.,-1.73205080756888));
#4264=CARTESIAN_POINT('',(-5.26416909103458E-20,14.,-1.73205080756888));
#4265=CARTESIAN_POINT('',(1.5,14.,-0.86602540378444));
#4266=CARTESIAN_POINT('Origin',(1.5,14.,0.86602540378444));
#4267=CARTESIAN_POINT('',(1.5,14.,0.86602540378444));
#4268=CARTESIAN_POINT('',(1.5,15.8,0.86602540378444));
#4269=CARTESIAN_POINT('',(1.5,14.,0.86602540378444));
#4270=CARTESIAN_POINT('',(1.5,15.8,0.86602540378444));
#4271=CARTESIAN_POINT('',(1.5,14.,0.86602540378444));
#4272=CARTESIAN_POINT('Origin',(-4.85149557465673E-16,14.,1.73205080756888));
#4273=CARTESIAN_POINT('',(1.20948987868007E-14,14.,1.73205080756888));
#4274=CARTESIAN_POINT('',(-4.85149557465673E-16,15.8,1.73205080756888));
#4275=CARTESIAN_POINT('',(-4.85149557465673E-16,14.,1.73205080756888));
#4276=CARTESIAN_POINT('',(-4.85149557465673E-16,15.8,1.73205080756888));
#4277=CARTESIAN_POINT('',(-4.85149557465673E-16,14.,1.73205080756888));
#4278=CARTESIAN_POINT('Origin',(-1.5,14.,0.866025403784439));
#4279=CARTESIAN_POINT('',(-1.5,14.,0.866025403784446));
#4280=CARTESIAN_POINT('',(-1.5,15.8,0.866025403784439));
#4281=CARTESIAN_POINT('',(-1.5,14.,0.866025403784439));
#4282=CARTESIAN_POINT('',(-1.5,15.8,0.866025403784439));
#4283=CARTESIAN_POINT('',(-1.5,14.,0.866025403784439));
#4284=CARTESIAN_POINT('Origin',(-1.5,14.,-0.866025403784439));
#4285=CARTESIAN_POINT('',(-1.5,14.,-0.866025403784436));
#4286=CARTESIAN_POINT('',(-1.5,15.8,-0.866025403784439));
#4287=CARTESIAN_POINT('',(-1.5,14.,-0.866025403784439));
#4288=CARTESIAN_POINT('',(-1.5,15.8,-0.866025403784439));
#4289=CARTESIAN_POINT('',(-1.5,14.,-0.866025403784439));
#4290=CARTESIAN_POINT('Origin',(-5.26416909103458E-20,14.,-1.73205080756888));
#4291=CARTESIAN_POINT('',(-5.26416909103458E-20,15.8,-1.73205080756888));
#4292=CARTESIAN_POINT('',(-5.26416909103458E-20,14.,-1.73205080756888));
#4293=CARTESIAN_POINT('Origin',(1.5,15.8,0.86602540378444));
#4294=CARTESIAN_POINT('',(1.07142857142857,15.3714285714286,0.618589574131744));
#4295=CARTESIAN_POINT('',(1.07142857142857,15.3714285714286,-0.618589574131743));
#4296=CARTESIAN_POINT('Origin',(1.5,15.8,-0.86602540378444));
#4297=CARTESIAN_POINT('',(-6.50521303491303E-16,15.3714285714286,-1.23717914826349));
#4298=CARTESIAN_POINT('Origin',(-4.85149557465673E-16,15.8,1.73205080756888));
#4299=CARTESIAN_POINT('',(-4.33680868994202E-16,15.3714285714286,1.23717914826349));
#4300=CARTESIAN_POINT('Origin',(-5.26416909103458E-20,15.8,-1.73205080756888));
#4301=CARTESIAN_POINT('',(-1.5,15.8,-0.866025403784439));
#4302=CARTESIAN_POINT('Origin',(-1.5,15.8,0.866025403784439));
#4303=CARTESIAN_POINT('',(-1.07142857142857,15.3714285714286,0.618589574131743));
#4304=CARTESIAN_POINT('Origin',(-1.5,15.8,-0.866025403784439));
#4305=CARTESIAN_POINT('Origin',(1.49999999999999,14.,-0.866025403784457));
#4306=CARTESIAN_POINT('',(4.90523014244636E-16,13.85,-1.55884572681199));
#4307=CARTESIAN_POINT('',(1.51788304147971E-15,13.5714285714286,-1.23717914826349));
#4308=CARTESIAN_POINT('',(1.34999999999999,13.85,-0.779422863406011));
#4309=CARTESIAN_POINT('',(0.674999999999995,13.85,-1.169134295109));
#4310=CARTESIAN_POINT('',(1.07142857142856,13.5714285714286,-0.618589574131756));
#4311=CARTESIAN_POINT('Origin',(1.50000000000001,14.,0.866025403784425));
#4312=CARTESIAN_POINT('',(1.35000000000001,13.85,0.779422863405982));
#4313=CARTESIAN_POINT('',(1.35,13.85,-1.41968729580661E-14));
#4314=CARTESIAN_POINT('',(1.07142857142857,13.5714285714286,0.61858957413173));
#4315=CARTESIAN_POINT('Origin',(1.20948987868007E-14,14.,1.73205080756888));
#4316=CARTESIAN_POINT('',(1.07490752920987E-14,13.85,1.55884572681199));
#4317=CARTESIAN_POINT('',(0.675000000000009,13.85,1.16913429510899));
#4318=CARTESIAN_POINT('',(8.67361737988404E-15,13.5714285714286,1.23717914826348));
#4319=CARTESIAN_POINT('Origin',(-1.5,14.,0.866025403784446));
#4320=CARTESIAN_POINT('',(-1.35,13.85,0.779422863406001));
#4321=CARTESIAN_POINT('',(-0.674999999999992,13.85,1.169134295109));
#4322=CARTESIAN_POINT('',(-1.07142857142857,13.5714285714286,0.618589574131745));
#4323=CARTESIAN_POINT('Origin',(-1.5,14.,-0.866025403784436));
#4324=CARTESIAN_POINT('',(-1.35,13.85,-0.779422863405991));
#4325=CARTESIAN_POINT('',(-1.35,13.85,4.39427020130618E-15));
#4326=CARTESIAN_POINT('',(-1.07142857142857,13.5714285714286,-0.618589574131738));
#4327=CARTESIAN_POINT('Origin',(-5.26416909103458E-20,14.,-1.73205080756888));
#4328=CARTESIAN_POINT('',(-0.675000000000001,13.85,-1.16913429510899));
#4329=CARTESIAN_POINT('Origin',(0.,13.85,0.));
#4330=UNCERTAINTY_MEASURE_WITH_UNIT(LENGTH_MEASURE(0.01),#4334,
'DISTANCE_ACCURACY_VALUE',
'Maximum model space distance between geometric entities at asserted c
onnectivities');
#4331=UNCERTAINTY_MEASURE_WITH_UNIT(LENGTH_MEASURE(0.01),#4334,
'DISTANCE_ACCURACY_VALUE',
'Maximum model space distance between geometric entities at asserted c
onnectivities');
#4332=(
GEOMETRIC_REPRESENTATION_CONTEXT(3)
GLOBAL_UNCERTAINTY_ASSIGNED_CONTEXT((#4330))
GLOBAL_UNIT_ASSIGNED_CONTEXT((#4334,#4336,#4337))
REPRESENTATION_CONTEXT('','3D')
);
#4333=(
GEOMETRIC_REPRESENTATION_CONTEXT(3)
GLOBAL_UNCERTAINTY_ASSIGNED_CONTEXT((#4331))
GLOBAL_UNIT_ASSIGNED_CONTEXT((#4334,#4336,#4337))
REPRESENTATION_CONTEXT('','3D')
);
#4334=(
LENGTH_UNIT()
NAMED_UNIT(*)
SI_UNIT(.MILLI.,.METRE.)
);
#4335=(
LENGTH_UNIT()
NAMED_UNIT(*)
SI_UNIT($,.METRE.)
);
#4336=(
NAMED_UNIT(*)
PLANE_ANGLE_UNIT()
SI_UNIT($,.RADIAN.)
);
#4337=(
NAMED_UNIT(*)
SI_UNIT($,.STERADIAN.)
SOLID_ANGLE_UNIT()
);
#4338=SHAPE_DEFINITION_REPRESENTATION(#4339,#4340);
#4339=PRODUCT_DEFINITION_SHAPE('',$,#4342);
#4340=SHAPE_REPRESENTATION('',(#1117),#4332);
#4341=PRODUCT_DEFINITION_CONTEXT('part definition',#4346,'design');
#4342=PRODUCT_DEFINITION('Screw_DIN_912_M4x12F_A2',
'BOLT_SHCS_M4_12mm v1',#4343,#4341);
#4343=PRODUCT_DEFINITION_FORMATION('',$,#4348);
#4344=PRODUCT_RELATED_PRODUCT_CATEGORY('BOLT_SHCS_M4_12mm v1',
'BOLT_SHCS_M4_12mm v1',(#4348));
#4345=APPLICATION_PROTOCOL_DEFINITION('international standard',
'automotive_design',2009,#4346);
#4346=APPLICATION_CONTEXT(
'Core Data for Automotive Mechanical Design Process');
#4347=PRODUCT_CONTEXT('part definition',#4346,'mechanical');
#4348=PRODUCT('Screw_DIN_912_M4x12F_A2','BOLT_SHCS_M4_12mm v1',
'STEP AP214',(#4347));
#4349=PRESENTATION_STYLE_ASSIGNMENT((#4351));
#4350=PRESENTATION_STYLE_ASSIGNMENT((#4352));
#4351=SURFACE_STYLE_USAGE(.BOTH.,#4353);
#4352=SURFACE_STYLE_USAGE(.BOTH.,#4354);
#4353=SURFACE_SIDE_STYLE('',(#4355));
#4354=SURFACE_SIDE_STYLE('',(#4356));
#4355=SURFACE_STYLE_FILL_AREA(#4357);
#4356=SURFACE_STYLE_FILL_AREA(#4358);
#4357=FILL_AREA_STYLE('Acier - Satin\X\E9',(#4359));
#4358=FILL_AREA_STYLE('Opaque(166,158,150)',(#4360));
#4359=FILL_AREA_STYLE_COLOUR('Acier - Satin\X\E9',#4361);
#4360=FILL_AREA_STYLE_COLOUR('Opaque(166,158,150)',#4362);
#4361=COLOUR_RGB('Acier - Satin\X\E9',0.627450980392157,0.627450980392157,
0.627450980392157);
#4362=COLOUR_RGB('Opaque(166,158,150)',0.650980392156863,0.619607843137255,
0.588235294117647);
ENDSEC;
END-ISO-10303-21;
