ISO-10303-21;
HEADER;
/* Generated by software containing ST-Developer
 * from STEP Tools, Inc. (www.steptools.com) 
 */

FILE_DESCRIPTION(
/* description */ (''),
/* implementation_level */ '2;1');

FILE_NAME(
/* name */ 'MakerBeam_PROFILE_10x10x40mm.step',
/* time_stamp */ '2026-08-10T14:32:19+02:00',
/* author */ (''),
/* organization */ (''),
/* preprocessor_version */ 'ST-DEVELOPER v20.1',
/* originating_system */ 'Autodesk Translation Framework v15.8.0.0',
/* authorisation */ '');

FILE_SCHEMA (('AUTOMOTIVE_DESIGN { 1 0 10303 214 3 1 1 }'));
ENDSEC;

DATA;
#10=MECHANICAL_DESIGN_GEOMETRIC_PRESENTATION_REPRESENTATION('',(#57,#58,
#59,#60,#61,#62,#63,#64,#65,#66,#67,#68,#69,#70,#71),#8769);
#11=SHAPE_REPRESENTATION_RELATIONSHIP('SRR','None',#8776,#12);
#12=ADVANCED_BREP_SHAPE_REPRESENTATION('',(#13),#8768);
#13=MANIFOLD_SOLID_BREP('Corps1',#1980);
#14=B_SPLINE_SURFACE_WITH_KNOTS('',3,3,((#7941,#7942,#7943,#7944,#7945,
#7946,#7947,#7948,#7949,#7950,#7951,#7952,#7953,#7954,#7955,#7956,#7957,
#7958,#7959,#7960,#7961,#7962,#7963,#7964,#7965,#7966,#7967,#7968,#7969,
#7970,#7971,#7972,#7973,#7974,#7975,#7976,#7977,#7978,#7979,#7980,#7981,
#7982,#7983,#7984,#7985,#7986,#7987,#7988,#7989,#7990,#7991,#7992,#7993,
#7994,#7995,#7996,#7997,#7998,#7999,#8000,#8001,#8002,#8003,#8004,#8005,
#8006,#8007,#8008),(#8009,#8010,#8011,#8012,#8013,#8014,#8015,#8016,#8017,
#8018,#8019,#8020,#8021,#8022,#8023,#8024,#8025,#8026,#8027,#8028,#8029,
#8030,#8031,#8032,#8033,#8034,#8035,#8036,#8037,#8038,#8039,#8040,#8041,
#8042,#8043,#8044,#8045,#8046,#8047,#8048,#8049,#8050,#8051,#8052,#8053,
#8054,#8055,#8056,#8057,#8058,#8059,#8060,#8061,#8062,#8063,#8064,#8065,
#8066,#8067,#8068,#8069,#8070,#8071,#8072,#8073,#8074,#8075,#8076),(#8077,
#8078,#8079,#8080,#8081,#8082,#8083,#8084,#8085,#8086,#8087,#8088,#8089,
#8090,#8091,#8092,#8093,#8094,#8095,#8096,#8097,#8098,#8099,#8100,#8101,
#8102,#8103,#8104,#8105,#8106,#8107,#8108,#8109,#8110,#8111,#8112,#8113,
#8114,#8115,#8116,#8117,#8118,#8119,#8120,#8121,#8122,#8123,#8124,#8125,
#8126,#8127,#8128,#8129,#8130,#8131,#8132,#8133,#8134,#8135,#8136,#8137,
#8138,#8139,#8140,#8141,#8142,#8143,#8144),(#8145,#8146,#8147,#8148,#8149,
#8150,#8151,#8152,#8153,#8154,#8155,#8156,#8157,#8158,#8159,#8160,#8161,
#8162,#8163,#8164,#8165,#8166,#8167,#8168,#8169,#8170,#8171,#8172,#8173,
#8174,#8175,#8176,#8177,#8178,#8179,#8180,#8181,#8182,#8183,#8184,#8185,
#8186,#8187,#8188,#8189,#8190,#8191,#8192,#8193,#8194,#8195,#8196,#8197,
#8198,#8199,#8200,#8201,#8202,#8203,#8204,#8205,#8206,#8207,#8208,#8209,
#8210,#8211,#8212)),.UNSPECIFIED.,.F.,.F.,.F.,(4,4),(4,1,1,1,1,1,1,1,1,
1,1,1,1,1,1,1,1,1,1,1,1,1,1,1,1,1,1,1,1,1,1,1,1,1,1,1,1,1,1,1,1,1,1,1,1,
1,1,1,1,1,1,1,1,1,1,1,1,1,1,1,1,1,1,1,1,4),(-0.000259966246002891,0.032389845402585),
(11.8551012973508,12.8530908876514,13.8508205117061,14.8485501357608,15.8462797598154,
16.8440093838701,17.8417390079247,18.8394686319794,19.837198256034,20.8349278800887,
21.8326575041434,22.830387128198,23.8281167522527,24.8258463763073,25.823576000362,
26.8213056244167,27.8190352484713,28.816764872526,29.8144944965806,30.8122241206353,
31.8099537446899,32.8076833687446,33.8054129927993,34.8031426168539,35.8008722409086,
36.7986018649632,37.7963314890179,38.7940611130726,39.7917907371272,40.7895203611819,
41.7872499852365,42.7849796092912,43.7827092333458,44.7804388574005,45.7781684814552,
46.7758981055098,47.7736277295645,48.7713573536191,49.7690869776738,50.7668166017285,
51.7645462257831,52.7622758498378,53.7600054738924,54.7577350979471,55.7554647220017,
56.7531943460564,57.7509239701111,58.7486535941657,59.7463832182204,60.744112842275,
61.7418424663297,62.7395720903843,63.737301714439,64.7350313384937,65.7327609625483,
66.730490586603,67.7282202106576,68.7259498347123,69.723679458767,70.7214090828216,
71.7191387068763,72.7168683309309,73.7145979549856,74.7123275790402,75.7100572030949,
76.7080182625583),.UNSPECIFIED.);
#15=B_SPLINE_SURFACE_WITH_KNOTS('',3,3,((#8292,#8293,#8294,#8295,#8296,
#8297,#8298,#8299,#8300,#8301,#8302,#8303,#8304,#8305,#8306,#8307,#8308,
#8309,#8310,#8311,#8312,#8313,#8314,#8315,#8316,#8317,#8318,#8319,#8320,
#8321,#8322,#8323,#8324,#8325,#8326,#8327,#8328,#8329,#8330,#8331,#8332,
#8333,#8334,#8335,#8336,#8337,#8338,#8339,#8340,#8341,#8342,#8343,#8344,
#8345,#8346,#8347,#8348,#8349,#8350,#8351,#8352,#8353,#8354,#8355,#8356,
#8357,#8358,#8359),(#8360,#8361,#8362,#8363,#8364,#8365,#8366,#8367,#8368,
#8369,#8370,#8371,#8372,#8373,#8374,#8375,#8376,#8377,#8378,#8379,#8380,
#8381,#8382,#8383,#8384,#8385,#8386,#8387,#8388,#8389,#8390,#8391,#8392,
#8393,#8394,#8395,#8396,#8397,#8398,#8399,#8400,#8401,#8402,#8403,#8404,
#8405,#8406,#8407,#8408,#8409,#8410,#8411,#8412,#8413,#8414,#8415,#8416,
#8417,#8418,#8419,#8420,#8421,#8422,#8423,#8424,#8425,#8426,#8427),(#8428,
#8429,#8430,#8431,#8432,#8433,#8434,#8435,#8436,#8437,#8438,#8439,#8440,
#8441,#8442,#8443,#8444,#8445,#8446,#8447,#8448,#8449,#8450,#8451,#8452,
#8453,#8454,#8455,#8456,#8457,#8458,#8459,#8460,#8461,#8462,#8463,#8464,
#8465,#8466,#8467,#8468,#8469,#8470,#8471,#8472,#8473,#8474,#8475,#8476,
#8477,#8478,#8479,#8480,#8481,#8482,#8483,#8484,#8485,#8486,#8487,#8488,
#8489,#8490,#8491,#8492,#8493,#8494,#8495),(#8496,#8497,#8498,#8499,#8500,
#8501,#8502,#8503,#8504,#8505,#8506,#8507,#8508,#8509,#8510,#8511,#8512,
#8513,#8514,#8515,#8516,#8517,#8518,#8519,#8520,#8521,#8522,#8523,#8524,
#8525,#8526,#8527,#8528,#8529,#8530,#8531,#8532,#8533,#8534,#8535,#8536,
#8537,#8538,#8539,#8540,#8541,#8542,#8543,#8544,#8545,#8546,#8547,#8548,
#8549,#8550,#8551,#8552,#8553,#8554,#8555,#8556,#8557,#8558,#8559,#8560,
#8561,#8562,#8563)),.UNSPECIFIED.,.F.,.F.,.F.,(4,4),(4,1,1,1,1,1,1,1,1,
1,1,1,1,1,1,1,1,1,1,1,1,1,1,1,1,1,1,1,1,1,1,1,1,1,1,1,1,1,1,1,1,1,1,1,1,
1,1,1,1,1,1,1,1,1,1,1,1,1,1,1,1,1,1,1,1,4),(-0.00021937624766052,0.0323670015106138),
(14.3984001269892,15.3961297510438,16.3938593750985,17.3915889991531,18.3893186232078,
19.3870482472625,20.3847778713171,21.3825074953718,22.3802371194264,23.3779667434811,
24.3756963675358,25.3734259915904,26.3711556156451,27.3688852396997,28.3666148637544,
29.3643444878091,30.3620741118637,31.3598037359184,32.357533359973,33.3552629840277,
34.3529926080824,35.350722232137,36.3484518561917,37.3461814802463,38.343911104301,
39.3416407283557,40.3393703524103,41.337099976465,42.3348296005196,43.3325592245743,
44.330288848629,45.3280184726836,46.3257480967383,47.3234777207929,48.3212073448476,
49.3189369689023,50.3166665929569,51.3143962170116,52.3121258410662,53.3098554651209,
54.3075850891756,55.3053147132302,56.3030443372849,57.3007739613395,58.2985035853942,
59.2962332094489,60.2939628335035,61.2916924575582,62.2894220816128,63.2871517056675,
64.2848813297222,65.2826109537768,66.2803405778315,67.2780702018861,68.2757998259408,
69.2735294499955,70.2712590740501,71.2689886981048,72.2667183221594,73.2644479462141,
74.2621775702688,75.2599071943234,76.2576368183781,77.2553664424327,78.2530960664874,
79.2508256905421),.UNSPECIFIED.);
#16=FACE_BOUND('',#184,.T.);
#17=FACE_BOUND('',#255,.T.);
#18=PLANE('',#2020);
#19=PLANE('',#2051);
#20=PLANE('',#2054);
#21=PLANE('',#2055);
#22=PLANE('',#2056);
#23=PLANE('',#2059);
#24=PLANE('',#2062);
#25=PLANE('',#2065);
#26=PLANE('',#2068);
#27=PLANE('',#2071);
#28=PLANE('',#2074);
#29=PLANE('',#2077);
#30=PLANE('',#2078);
#31=PLANE('',#2079);
#32=PLANE('',#2082);
#33=PLANE('',#2085);
#34=PLANE('',#2088);
#35=PLANE('',#2091);
#36=PLANE('',#2094);
#37=PLANE('',#2095);
#38=PLANE('',#2098);
#39=PLANE('',#2101);
#40=PLANE('',#2104);
#41=PLANE('',#2105);
#42=PLANE('',#2106);
#43=PLANE('',#2109);
#44=PLANE('',#2112);
#45=PLANE('',#2115);
#46=PLANE('',#2118);
#47=PLANE('',#2121);
#48=PLANE('',#2124);
#49=PLANE('',#2127);
#50=PLANE('',#2128);
#51=PLANE('',#2129);
#52=PLANE('',#2132);
#53=PLANE('',#2135);
#54=PLANE('',#2138);
#55=PLANE('',#2141);
#56=PLANE('',#2144);
#57=STYLED_ITEM('',(#8787),#1899);
#58=STYLED_ITEM('',(#8787),#1900);
#59=STYLED_ITEM('',(#8787),#1901);
#60=STYLED_ITEM('',(#8787),#1902);
#61=STYLED_ITEM('',(#8787),#1903);
#62=STYLED_ITEM('',(#8787),#1904);
#63=STYLED_ITEM('',(#8787),#1905);
#64=STYLED_ITEM('',(#8787),#1906);
#65=STYLED_ITEM('',(#8787),#1907);
#66=STYLED_ITEM('',(#8787),#1908);
#67=STYLED_ITEM('',(#8787),#1943);
#68=STYLED_ITEM('',(#8787),#1945);
#69=STYLED_ITEM('',(#8787),#1946);
#70=STYLED_ITEM('',(#8787),#1979);
#71=STYLED_ITEM('',(#8786),#13);
#72=FACE_OUTER_BOUND('',#163,.T.);
#73=FACE_OUTER_BOUND('',#164,.T.);
#74=FACE_OUTER_BOUND('',#165,.T.);
#75=FACE_OUTER_BOUND('',#166,.T.);
#76=FACE_OUTER_BOUND('',#167,.T.);
#77=FACE_OUTER_BOUND('',#168,.T.);
#78=FACE_OUTER_BOUND('',#169,.T.);
#79=FACE_OUTER_BOUND('',#170,.T.);
#80=FACE_OUTER_BOUND('',#171,.T.);
#81=FACE_OUTER_BOUND('',#172,.T.);
#82=FACE_OUTER_BOUND('',#173,.T.);
#83=FACE_OUTER_BOUND('',#174,.T.);
#84=FACE_OUTER_BOUND('',#175,.T.);
#85=FACE_OUTER_BOUND('',#176,.T.);
#86=FACE_OUTER_BOUND('',#177,.T.);
#87=FACE_OUTER_BOUND('',#178,.T.);
#88=FACE_OUTER_BOUND('',#179,.T.);
#89=FACE_OUTER_BOUND('',#180,.T.);
#90=FACE_OUTER_BOUND('',#181,.T.);
#91=FACE_OUTER_BOUND('',#182,.T.);
#92=FACE_OUTER_BOUND('',#183,.T.);
#93=FACE_OUTER_BOUND('',#185,.T.);
#94=FACE_OUTER_BOUND('',#186,.T.);
#95=FACE_OUTER_BOUND('',#187,.T.);
#96=FACE_OUTER_BOUND('',#188,.T.);
#97=FACE_OUTER_BOUND('',#189,.T.);
#98=FACE_OUTER_BOUND('',#190,.T.);
#99=FACE_OUTER_BOUND('',#191,.T.);
#100=FACE_OUTER_BOUND('',#192,.T.);
#101=FACE_OUTER_BOUND('',#193,.T.);
#102=FACE_OUTER_BOUND('',#194,.T.);
#103=FACE_OUTER_BOUND('',#195,.T.);
#104=FACE_OUTER_BOUND('',#196,.T.);
#105=FACE_OUTER_BOUND('',#197,.T.);
#106=FACE_OUTER_BOUND('',#198,.T.);
#107=FACE_OUTER_BOUND('',#199,.T.);
#108=FACE_OUTER_BOUND('',#200,.T.);
#109=FACE_OUTER_BOUND('',#201,.T.);
#110=FACE_OUTER_BOUND('',#202,.T.);
#111=FACE_OUTER_BOUND('',#203,.T.);
#112=FACE_OUTER_BOUND('',#204,.T.);
#113=FACE_OUTER_BOUND('',#205,.T.);
#114=FACE_OUTER_BOUND('',#206,.T.);
#115=FACE_OUTER_BOUND('',#207,.T.);
#116=FACE_OUTER_BOUND('',#208,.T.);
#117=FACE_OUTER_BOUND('',#209,.T.);
#118=FACE_OUTER_BOUND('',#210,.T.);
#119=FACE_OUTER_BOUND('',#211,.T.);
#120=FACE_OUTER_BOUND('',#212,.T.);
#121=FACE_OUTER_BOUND('',#213,.T.);
#122=FACE_OUTER_BOUND('',#214,.T.);
#123=FACE_OUTER_BOUND('',#215,.T.);
#124=FACE_OUTER_BOUND('',#216,.T.);
#125=FACE_OUTER_BOUND('',#217,.T.);
#126=FACE_OUTER_BOUND('',#218,.T.);
#127=FACE_OUTER_BOUND('',#219,.T.);
#128=FACE_OUTER_BOUND('',#220,.T.);
#129=FACE_OUTER_BOUND('',#221,.T.);
#130=FACE_OUTER_BOUND('',#222,.T.);
#131=FACE_OUTER_BOUND('',#223,.T.);
#132=FACE_OUTER_BOUND('',#224,.T.);
#133=FACE_OUTER_BOUND('',#225,.T.);
#134=FACE_OUTER_BOUND('',#226,.T.);
#135=FACE_OUTER_BOUND('',#227,.T.);
#136=FACE_OUTER_BOUND('',#228,.T.);
#137=FACE_OUTER_BOUND('',#229,.T.);
#138=FACE_OUTER_BOUND('',#230,.T.);
#139=FACE_OUTER_BOUND('',#231,.T.);
#140=FACE_OUTER_BOUND('',#232,.T.);
#141=FACE_OUTER_BOUND('',#233,.T.);
#142=FACE_OUTER_BOUND('',#234,.T.);
#143=FACE_OUTER_BOUND('',#235,.T.);
#144=FACE_OUTER_BOUND('',#236,.T.);
#145=FACE_OUTER_BOUND('',#237,.T.);
#146=FACE_OUTER_BOUND('',#238,.T.);
#147=FACE_OUTER_BOUND('',#239,.T.);
#148=FACE_OUTER_BOUND('',#240,.T.);
#149=FACE_OUTER_BOUND('',#241,.T.);
#150=FACE_OUTER_BOUND('',#242,.T.);
#151=FACE_OUTER_BOUND('',#243,.T.);
#152=FACE_OUTER_BOUND('',#244,.T.);
#153=FACE_OUTER_BOUND('',#245,.T.);
#154=FACE_OUTER_BOUND('',#246,.T.);
#155=FACE_OUTER_BOUND('',#247,.T.);
#156=FACE_OUTER_BOUND('',#248,.T.);
#157=FACE_OUTER_BOUND('',#249,.T.);
#158=FACE_OUTER_BOUND('',#250,.T.);
#159=FACE_OUTER_BOUND('',#251,.T.);
#160=FACE_OUTER_BOUND('',#252,.T.);
#161=FACE_OUTER_BOUND('',#253,.T.);
#162=FACE_OUTER_BOUND('',#254,.T.);
#163=EDGE_LOOP('',(#1233,#1234,#1235,#1236));
#164=EDGE_LOOP('',(#1237,#1238,#1239,#1240,#1241,#1242));
#165=EDGE_LOOP('',(#1243,#1244,#1245,#1246,#1247,#1248));
#166=EDGE_LOOP('',(#1249,#1250,#1251,#1252,#1253,#1254));
#167=EDGE_LOOP('',(#1255,#1256,#1257,#1258,#1259,#1260));
#168=EDGE_LOOP('',(#1261,#1262,#1263,#1264,#1265,#1266));
#169=EDGE_LOOP('',(#1267,#1268,#1269,#1270,#1271,#1272));
#170=EDGE_LOOP('',(#1273,#1274,#1275,#1276,#1277,#1278));
#171=EDGE_LOOP('',(#1279,#1280,#1281,#1282,#1283,#1284));
#172=EDGE_LOOP('',(#1285,#1286,#1287,#1288,#1289,#1290));
#173=EDGE_LOOP('',(#1291,#1292,#1293,#1294,#1295,#1296,#1297,#1298,#1299,
#1300));
#174=EDGE_LOOP('',(#1301,#1302,#1303,#1304,#1305));
#175=EDGE_LOOP('',(#1306,#1307,#1308,#1309,#1310,#1311));
#176=EDGE_LOOP('',(#1312,#1313,#1314,#1315,#1316,#1317));
#177=EDGE_LOOP('',(#1318,#1319,#1320,#1321,#1322));
#178=EDGE_LOOP('',(#1323,#1324,#1325,#1326,#1327,#1328));
#179=EDGE_LOOP('',(#1329,#1330,#1331,#1332,#1333));
#180=EDGE_LOOP('',(#1334,#1335,#1336,#1337,#1338,#1339));
#181=EDGE_LOOP('',(#1340,#1341,#1342,#1343,#1344));
#182=EDGE_LOOP('',(#1345,#1346,#1347,#1348));
#183=EDGE_LOOP('',(#1349,#1350,#1351,#1352,#1353,#1354,#1355,#1356,#1357,
#1358,#1359,#1360,#1361,#1362,#1363,#1364,#1365,#1366,#1367,#1368,#1369,
#1370,#1371,#1372,#1373,#1374,#1375,#1376,#1377,#1378,#1379,#1380,#1381,
#1382,#1383,#1384,#1385,#1386,#1387,#1388,#1389,#1390,#1391,#1392,#1393,
#1394,#1395,#1396,#1397,#1398,#1399,#1400,#1401,#1402,#1403,#1404,#1405,
#1406,#1407,#1408,#1409,#1410,#1411,#1412));
#184=EDGE_LOOP('',(#1413));
#185=EDGE_LOOP('',(#1414,#1415,#1416,#1417));
#186=EDGE_LOOP('',(#1418,#1419,#1420,#1421));
#187=EDGE_LOOP('',(#1422,#1423,#1424,#1425));
#188=EDGE_LOOP('',(#1426,#1427,#1428,#1429));
#189=EDGE_LOOP('',(#1430,#1431,#1432,#1433));
#190=EDGE_LOOP('',(#1434,#1435,#1436,#1437));
#191=EDGE_LOOP('',(#1438,#1439,#1440,#1441));
#192=EDGE_LOOP('',(#1442,#1443,#1444,#1445));
#193=EDGE_LOOP('',(#1446,#1447,#1448,#1449));
#194=EDGE_LOOP('',(#1450,#1451,#1452,#1453));
#195=EDGE_LOOP('',(#1454,#1455,#1456,#1457));
#196=EDGE_LOOP('',(#1458,#1459,#1460,#1461));
#197=EDGE_LOOP('',(#1462,#1463,#1464,#1465));
#198=EDGE_LOOP('',(#1466,#1467,#1468,#1469));
#199=EDGE_LOOP('',(#1470,#1471,#1472,#1473));
#200=EDGE_LOOP('',(#1474,#1475,#1476,#1477));
#201=EDGE_LOOP('',(#1478,#1479,#1480,#1481));
#202=EDGE_LOOP('',(#1482,#1483,#1484,#1485));
#203=EDGE_LOOP('',(#1486,#1487,#1488,#1489));
#204=EDGE_LOOP('',(#1490,#1491,#1492,#1493));
#205=EDGE_LOOP('',(#1494,#1495,#1496,#1497));
#206=EDGE_LOOP('',(#1498,#1499,#1500,#1501));
#207=EDGE_LOOP('',(#1502,#1503,#1504,#1505));
#208=EDGE_LOOP('',(#1506,#1507,#1508,#1509));
#209=EDGE_LOOP('',(#1510,#1511,#1512,#1513));
#210=EDGE_LOOP('',(#1514,#1515,#1516,#1517));
#211=EDGE_LOOP('',(#1518,#1519,#1520,#1521));
#212=EDGE_LOOP('',(#1522,#1523,#1524,#1525));
#213=EDGE_LOOP('',(#1526,#1527,#1528,#1529));
#214=EDGE_LOOP('',(#1530,#1531,#1532,#1533));
#215=EDGE_LOOP('',(#1534,#1535,#1536,#1537));
#216=EDGE_LOOP('',(#1538,#1539,#1540,#1541));
#217=EDGE_LOOP('',(#1542,#1543,#1544,#1545));
#218=EDGE_LOOP('',(#1546,#1547,#1548,#1549,#1550,#1551));
#219=EDGE_LOOP('',(#1552,#1553,#1554,#1555,#1556,#1557));
#220=EDGE_LOOP('',(#1558,#1559,#1560,#1561,#1562));
#221=EDGE_LOOP('',(#1563,#1564,#1565,#1566,#1567,#1568,#1569,#1570,#1571,
#1572,#1573,#1574,#1575,#1576,#1577,#1578,#1579,#1580,#1581,#1582,#1583,
#1584,#1585,#1586,#1587,#1588,#1589,#1590,#1591,#1592,#1593,#1594,#1595,
#1596,#1597,#1598,#1599,#1600,#1601,#1602));
#222=EDGE_LOOP('',(#1603,#1604,#1605,#1606,#1607,#1608,#1609,#1610,#1611,
#1612,#1613,#1614,#1615,#1616,#1617,#1618,#1619,#1620,#1621,#1622,#1623,
#1624,#1625,#1626,#1627,#1628,#1629,#1630,#1631,#1632,#1633,#1634,#1635,
#1636,#1637,#1638,#1639,#1640,#1641,#1642,#1643,#1644,#1645,#1646));
#223=EDGE_LOOP('',(#1647,#1648,#1649,#1650));
#224=EDGE_LOOP('',(#1651,#1652,#1653,#1654));
#225=EDGE_LOOP('',(#1655,#1656,#1657,#1658));
#226=EDGE_LOOP('',(#1659,#1660,#1661,#1662));
#227=EDGE_LOOP('',(#1663,#1664,#1665,#1666));
#228=EDGE_LOOP('',(#1667,#1668,#1669,#1670));
#229=EDGE_LOOP('',(#1671,#1672,#1673,#1674));
#230=EDGE_LOOP('',(#1675,#1676,#1677,#1678));
#231=EDGE_LOOP('',(#1679,#1680,#1681,#1682));
#232=EDGE_LOOP('',(#1683,#1684,#1685,#1686));
#233=EDGE_LOOP('',(#1687,#1688,#1689,#1690));
#234=EDGE_LOOP('',(#1691,#1692,#1693,#1694));
#235=EDGE_LOOP('',(#1695,#1696,#1697,#1698));
#236=EDGE_LOOP('',(#1699,#1700,#1701,#1702));
#237=EDGE_LOOP('',(#1703,#1704,#1705,#1706));
#238=EDGE_LOOP('',(#1707,#1708,#1709,#1710));
#239=EDGE_LOOP('',(#1711,#1712,#1713,#1714));
#240=EDGE_LOOP('',(#1715,#1716,#1717,#1718));
#241=EDGE_LOOP('',(#1719,#1720,#1721,#1722));
#242=EDGE_LOOP('',(#1723,#1724,#1725,#1726));
#243=EDGE_LOOP('',(#1727,#1728,#1729,#1730));
#244=EDGE_LOOP('',(#1731,#1732,#1733,#1734));
#245=EDGE_LOOP('',(#1735,#1736,#1737,#1738));
#246=EDGE_LOOP('',(#1739,#1740,#1741,#1742));
#247=EDGE_LOOP('',(#1743,#1744,#1745,#1746));
#248=EDGE_LOOP('',(#1747,#1748,#1749,#1750));
#249=EDGE_LOOP('',(#1751,#1752,#1753,#1754));
#250=EDGE_LOOP('',(#1755,#1756,#1757,#1758));
#251=EDGE_LOOP('',(#1759,#1760,#1761,#1762));
#252=EDGE_LOOP('',(#1763,#1764,#1765,#1766));
#253=EDGE_LOOP('',(#1767,#1768,#1769,#1770));
#254=EDGE_LOOP('',(#1771,#1772,#1773,#1774,#1775,#1776,#1777,#1778,#1779,
#1780,#1781,#1782,#1783,#1784,#1785,#1786,#1787,#1788,#1789,#1790,#1791,
#1792,#1793,#1794,#1795,#1796,#1797,#1798,#1799,#1800,#1801,#1802,#1803,
#1804,#1805,#1806,#1807,#1808,#1809,#1810,#1811,#1812,#1813,#1814,#1815,
#1816,#1817,#1818,#1819,#1820,#1821,#1822,#1823,#1824,#1825,#1826,#1827,
#1828,#1829,#1830,#1831,#1832,#1833,#1834));
#255=EDGE_LOOP('',(#1835,#1836,#1837,#1838));
#256=CIRCLE('',#1995,1.543);
#257=CIRCLE('',#2005,1.543);
#258=CIRCLE('',#2007,1.2645);
#259=CIRCLE('',#2008,1.2645);
#260=CIRCLE('',#2009,1.2645);
#261=CIRCLE('',#2019,1.2645);
#262=CIRCLE('',#2021,0.150000000000001);
#263=CIRCLE('',#2022,0.150000000000001);
#264=CIRCLE('',#2023,0.0499999999999995);
#265=CIRCLE('',#2024,0.150000000000001);
#266=CIRCLE('',#2025,0.15);
#267=CIRCLE('',#2026,0.149999999999999);
#268=CIRCLE('',#2027,0.15);
#269=CIRCLE('',#2028,0.15);
#270=CIRCLE('',#2029,0.150000000000001);
#271=CIRCLE('',#2030,0.0499999999999995);
#272=CIRCLE('',#2031,0.150000000000001);
#273=CIRCLE('',#2032,0.150000000000001);
#274=CIRCLE('',#2033,0.15);
#275=CIRCLE('',#2034,0.15);
#276=CIRCLE('',#2035,0.150000000000001);
#277=CIRCLE('',#2036,0.150000000000001);
#278=CIRCLE('',#2037,0.0499999999999995);
#279=CIRCLE('',#2038,0.150000000000001);
#280=CIRCLE('',#2039,0.15);
#281=CIRCLE('',#2040,0.15);
#282=CIRCLE('',#2041,0.15);
#283=CIRCLE('',#2042,0.150000000000001);
#284=CIRCLE('',#2043,0.150000000000001);
#285=CIRCLE('',#2044,0.0499999999999995);
#286=CIRCLE('',#2045,0.150000000000001);
#287=CIRCLE('',#2046,0.150000000000001);
#288=CIRCLE('',#2047,0.15);
#289=CIRCLE('',#2048,0.150000000000001);
#290=CIRCLE('',#2050,0.150000000000001);
#291=CIRCLE('',#2053,0.15);
#292=CIRCLE('',#2058,0.15);
#293=CIRCLE('',#2061,0.150000000000001);
#294=CIRCLE('',#2064,0.150000000000001);
#295=CIRCLE('',#2067,0.0499999999999995);
#296=CIRCLE('',#2070,0.150000000000001);
#297=CIRCLE('',#2073,0.15);
#298=CIRCLE('',#2076,0.15);
#299=CIRCLE('',#2081,0.149999999999999);
#300=CIRCLE('',#2084,0.15);
#301=CIRCLE('',#2087,0.150000000000001);
#302=CIRCLE('',#2090,0.0499999999999995);
#303=CIRCLE('',#2093,0.150000000000001);
#304=CIRCLE('',#2100,0.150000000000001);
#305=CIRCLE('',#2103,0.150000000000001);
#306=CIRCLE('',#2108,0.15);
#307=CIRCLE('',#2111,0.150000000000001);
#308=CIRCLE('',#2114,0.150000000000001);
#309=CIRCLE('',#2117,0.0499999999999995);
#310=CIRCLE('',#2120,0.150000000000001);
#311=CIRCLE('',#2123,0.150000000000001);
#312=CIRCLE('',#2126,0.15);
#313=CIRCLE('',#2131,0.15);
#314=CIRCLE('',#2134,0.15);
#315=CIRCLE('',#2137,0.150000000000001);
#316=CIRCLE('',#2140,0.0499999999999995);
#317=CIRCLE('',#2143,0.150000000000001);
#318=B_SPLINE_CURVE_WITH_KNOTS('',3,(#2612,#2613,#2614,#2615,#2616,#2617,
#2618,#2619,#2620,#2621,#2622,#2623,#2624,#2625,#2626,#2627,#2628,#2629,
#2630,#2631,#2632,#2633,#2634,#2635,#2636,#2637,#2638,#2639,#2640,#2641,
#2642,#2643,#2644,#2645,#2646,#2647,#2648,#2649,#2650,#2651,#2652,#2653,
#2654,#2655,#2656,#2657,#2658,#2659,#2660,#2661,#2662,#2663,#2664,#2665,
#2666,#2667,#2668,#2669,#2670,#2671,#2672),.UNSPECIFIED.,.F.,.F.,(4,3,3,
3,3,3,3,3,3,3,3,3,3,3,3,3,3,3,3,3,4),(74.4819883281532,74.5971579535967,
74.7123275790402,74.8230157182675,74.9338959038709,75.0442766301436,75.1545928168752,
75.26488931436,75.3761812865437,75.4866509663339,75.5983540847144,75.7100572030949,
75.8251195925764,75.939933814278,76.0546014947145,76.1691577733353,76.2836376292145,
76.398110317809,76.5125711138285,76.6271161884492,76.7077868271496),
 .UNSPECIFIED.);
#319=B_SPLINE_CURVE_WITH_KNOTS('',3,(#2675,#2676,#2677,#2678,#2679,#2680,
#2681,#2682,#2683,#2684,#2685,#2686,#2687,#2688,#2689,#2690,#2691,#2692,
#2693,#2694,#2695,#2696,#2697,#2698,#2699,#2700,#2701,#2702,#2703,#2704,
#2705,#2706,#2707,#2708,#2709,#2710,#2711,#2712,#2713,#2714,#2715,#2716,
#2717,#2718,#2719,#2720,#2721,#2722,#2723,#2724,#2725,#2726,#2727,#2728,
#2729,#2730,#2731,#2732,#2733,#2734,#2735,#2736,#2737,#2738,#2739,#2740,
#2741,#2742,#2743,#2744,#2745,#2746,#2747,#2748,#2749,#2750),
 .UNSPECIFIED.,.F.,.F.,(4,3,3,3,3,3,3,3,3,3,3,3,3,3,3,3,3,3,3,3,3,3,3,3,
3,4),(74.4831072720334,74.5945533360985,74.7059305971612,74.8172824273745,
74.9287368469407,75.0402378868404,75.1519609650374,75.2599071943232,75.3720425498031,
75.4839767237507,75.5957983553681,75.7075502926806,75.8192752844612,75.9310967442205,
76.0429625504399,76.155039591591,76.2576368183778,76.3692191536108,76.4806070377479,
76.5918871995959,76.7031033732728,76.8142991984357,76.9255977283554,77.0369480997888,
77.1485061282612,77.2301671170825),.UNSPECIFIED.);
#320=B_SPLINE_CURVE_WITH_KNOTS('',3,(#2756,#2757,#2758,#2759,#2760,#2761,
#2762,#2763),.UNSPECIFIED.,.F.,.F.,(4,1,1,1,1,4),(68.1994791259398,68.7259498347123,
69.723679458767,70.7214090828216,71.7191387068763,72.2566310325652),
 .UNSPECIFIED.);
#321=B_SPLINE_CURVE_WITH_KNOTS('',3,(#2764,#2765,#2766,#2767,#2768,#2769,
#2770,#2771,#2772,#2773,#2774,#2775,#2776,#2777,#2778,#2779,#2780,#2781,
#2782,#2783,#2784,#2785,#2786,#2787,#2788,#2789,#2790,#2791,#2792,#2793,
#2794,#2795,#2796,#2797,#2798,#2799,#2800,#2801,#2802,#2803,#2804,#2805,
#2806,#2807,#2808,#2809,#2810,#2811,#2812,#2813,#2814,#2815,#2816,#2817,
#2818,#2819,#2820,#2821,#2822,#2823,#2824),.UNSPECIFIED.,.F.,.F.,(4,3,3,
3,3,3,3,3,3,3,3,3,3,3,3,3,3,3,3,3,4),(72.2566312389227,72.3754305079642,
72.4944828871323,72.6139930255783,72.7168683309309,72.8290037545456,72.94093799535,
73.052759693002,73.1645116954265,73.2762367512949,73.3880582730553,73.4999241402294,
73.6120012398109,73.7145979549856,73.826648235596,73.9385388562182,74.0503128728141,
74.1620425267998,74.2737399888442,74.3855191117844,74.4819883281532),
 .UNSPECIFIED.);
#322=B_SPLINE_CURVE_WITH_KNOTS('',3,(#2826,#2827,#2828,#2829,#2830,#2831,
#2832,#2833,#2834,#2835,#2836,#2837,#2838,#2839,#2840,#2841,#2842,#2843,
#2844,#2845,#2846,#2847,#2848,#2849,#2850,#2851,#2852,#2853,#2854,#2855,
#2856,#2857,#2858,#2859,#2860,#2861,#2862,#2863,#2864,#2865,#2866,#2867,
#2868,#2869,#2870,#2871,#2872,#2873,#2874,#2875,#2876,#2877,#2878,#2879,
#2880,#2881,#2882,#2883,#2884,#2885,#2886,#2887,#2888,#2889),
 .UNSPECIFIED.,.F.,.F.,(4,3,3,3,3,3,3,3,3,3,3,3,3,3,3,3,3,3,3,3,3,4),(72.2566310325652,
72.2667183221594,72.3786622174616,72.4904063919597,72.6020390451999,72.7136033393357,
72.8251423384287,72.9367818687471,73.0484676780832,73.1603703156139,73.264447946214,
73.3763983874235,73.4881499686754,73.5997905447839,73.711363258324,73.822911154411,
73.9345602484653,74.0462560018254,74.1581690864532,74.2621775702686,74.3738930017503,
74.4831072720334),.UNSPECIFIED.);
#323=B_SPLINE_CURVE_WITH_KNOTS('',3,(#2890,#2891,#2892,#2893,#2894,#2895,
#2896,#2897,#2898,#2899,#2900,#2901,#2902,#2903,#2904,#2905,#2906,#2907,
#2908,#2909,#2910,#2911,#2912,#2913,#2914,#2915,#2916,#2917,#2918,#2919,
#2920,#2921,#2922,#2923,#2924,#2925,#2926,#2927,#2928,#2929,#2930,#2931,
#2932,#2933,#2934,#2935,#2936,#2937,#2938,#2939,#2940,#2941,#2942,#2943,
#2944,#2945,#2946,#2947,#2948,#2949,#2950,#2951,#2952,#2953,#2954,#2955,
#2956,#2957,#2958,#2959,#2960,#2961,#2962,#2963,#2964,#2965,#2966,#2967,
#2968,#2969,#2970,#2971,#2972,#2973,#2974,#2975,#2976,#2977,#2978,#2979,
#2980,#2981,#2982,#2983,#2984,#2985,#2986,#2987,#2988,#2989,#2990,#2991,
#2992,#2993,#2994,#2995,#2996,#2997,#2998,#2999,#3000,#3001),
 .UNSPECIFIED.,.F.,.F.,(4,3,3,3,3,3,3,3,3,3,3,3,3,3,3,3,3,3,3,3,3,3,3,3,
3,3,3,3,3,3,3,3,3,3,3,3,3,4),(68.1989588369582,68.2757998259408,68.3877139123678,
68.49942855801,68.6110318714644,68.7225670617331,68.8340772399276,68.9456886188796,
69.0573465962733,69.1692223020798,69.2735294499955,69.3854500019166,69.4971710659881,
69.6087807651668,69.7203222981904,69.8318387658729,69.9434563013696,70.0551203728645,
70.1670019881425,70.2712590740501,70.3831831064245,70.4949077732088,70.6065211467286,
70.7180664187175,70.8295866830764,70.9412080739722,71.0528760393638,71.1647615613928,
71.2689886981048,71.3806839341609,71.4921801404429,71.603565548867,71.7148837370505,
71.8261781848427,71.9375742514925,72.0490187558795,72.1606776603289,72.2566310322348),
 .UNSPECIFIED.);
#324=B_SPLINE_CURVE_WITH_KNOTS('',3,(#3007,#3008,#3009,#3010,#3011,#3012,
#3013,#3014),.UNSPECIFIED.,.F.,.F.,(4,1,1,1,1,4),(61.916987220069,62.7395720903843,
63.737301714439,64.7350313384937,65.7327609625483,65.9734457253856),
 .UNSPECIFIED.);
#325=B_SPLINE_CURVE_WITH_KNOTS('',3,(#3015,#3016,#3017,#3018,#3019,#3020),
 .UNSPECIFIED.,.F.,.F.,(4,1,1,4),(65.9734457253856,66.730490586603,67.7282202106576,
68.1994791259398),.UNSPECIFIED.);
#326=B_SPLINE_CURVE_WITH_KNOTS('',3,(#3022,#3023,#3024,#3025,#3026,#3027,
#3028,#3029,#3030,#3031,#3032,#3033,#3034,#3035,#3036,#3037,#3038,#3039,
#3040,#3041,#3042,#3043,#3044,#3045,#3046,#3047,#3048,#3049,#3050,#3051,
#3052,#3053,#3054,#3055,#3056,#3057,#3058,#3059,#3060,#3061,#3062,#3063,
#3064,#3065,#3066,#3067,#3068,#3069,#3070,#3071,#3072,#3073,#3074,#3075,
#3076,#3077,#3078,#3079,#3080,#3081,#3082,#3083,#3084,#3085),
 .UNSPECIFIED.,.F.,.F.,(4,3,3,3,3,3,3,3,3,3,3,3,3,3,3,3,3,3,3,3,3,4),(65.9734461128971,
66.1066475763212,66.2416512998293,66.2803405778315,66.392258450765,66.5039768728836,
66.6155839542646,66.7271228977267,66.8386368081911,66.9502518570534,67.0619134763694,
67.1737927293279,67.2780702018861,67.3931812812701,67.5048971713845,67.6165004001882,
67.7280341707542,67.8395415855928,67.9511239996812,68.0627530510333,68.1745357248919,
68.1989588369582),.UNSPECIFIED.);
#327=B_SPLINE_CURVE_WITH_KNOTS('',3,(#3086,#3087,#3088,#3089,#3090,#3091,
#3092,#3093),.UNSPECIFIED.,.F.,.F.,(4,1,1,1,1,4),(61.9155267111927,62.2894220816128,
63.2871517056675,64.2848813297222,65.2826109537768,65.9734457253856),
 .UNSPECIFIED.);
#328=B_SPLINE_CURVE_WITH_KNOTS('',3,(#3099,#3100,#3101,#3102,#3103,#3104,
#3105,#3106,#3107,#3108,#3109,#3110,#3111,#3112,#3113,#3114,#3115,#3116,
#3117,#3118,#3119,#3120,#3121,#3122,#3123,#3124,#3125,#3126,#3127,#3128,
#3129,#3130,#3131,#3132,#3133,#3134,#3135,#3136,#3137,#3138,#3139,#3140,
#3141,#3142,#3143,#3144,#3145,#3146,#3147,#3148,#3149,#3150,#3151,#3152,
#3153,#3154,#3155,#3156,#3157,#3158,#3159,#3160,#3161,#3162,#3163,#3164,
#3165,#3166,#3167,#3168,#3169,#3170,#3171,#3172,#3173,#3174,#3175,#3176,
#3177,#3178,#3179,#3180,#3181,#3182,#3183,#3184,#3185,#3186,#3187,#3188,
#3189,#3190,#3191,#3192,#3193,#3194,#3195,#3196,#3197,#3198,#3199,#3200,
#3201,#3202,#3203,#3204,#3205,#3206,#3207,#3208,#3209,#3210,#3211,#3212,
#3213),.UNSPECIFIED.,.F.,.F.,(4,3,3,3,3,3,3,3,3,3,3,3,3,3,3,3,3,3,3,3,3,
3,3,3,3,3,3,3,3,3,3,3,3,3,3,3,3,3,4),(55.6324560405059,55.7443746361616,
55.7554647220017,55.8673822996736,55.9791004332966,56.0907072304671,56.2022458944265,
56.3137595305239,56.4253743151679,56.5370356753744,56.6489146811686,56.7531943460564,
56.8651119093537,56.9768300286279,57.0884368114747,57.1999754611589,57.3114890830534,
57.4231038537205,57.5347652000503,57.6466441923183,57.7509239701111,57.862841542987,
57.974559671647,58.0861664637568,58.1977051225671,58.3092187534369,58.4208335327736,
58.5324948876204,58.6443738880382,58.7486535941657,58.859634043266,58.9704168299526,
59.0810906356742,59.1917000991278,59.3022897590306,59.4129772978329,59.5237190200392,
59.6346524300045,59.6902604182061),.UNSPECIFIED.);
#329=B_SPLINE_CURVE_WITH_KNOTS('',3,(#3214,#3215,#3216,#3217,#3218,#3219,
#3220),.UNSPECIFIED.,.F.,.F.,(4,1,1,1,4),(59.6902604182061,59.7463832182204,
60.744112842275,61.7418424663297,61.916987220069),.UNSPECIFIED.);
#330=B_SPLINE_CURVE_WITH_KNOTS('',3,(#3222,#3223,#3224,#3225,#3226,#3227),
 .UNSPECIFIED.,.F.,.F.,(4,1,1,4),(59.6902604182061,60.2939628335035,61.2916924575582,
61.9155267111927),.UNSPECIFIED.);
#331=B_SPLINE_CURVE_WITH_KNOTS('',3,(#3228,#3229,#3230,#3231,#3232,#3233,
#3234,#3235),.UNSPECIFIED.,.F.,.F.,(4,1,1,1,1,4),(55.6337363226708,56.3030443372849,
57.3007739613395,58.2985035853942,59.2962332094489,59.6902604182061),
 .UNSPECIFIED.);
#332=B_SPLINE_CURVE_WITH_KNOTS('',3,(#3241,#3242,#3243,#3244,#3245,#3246,
#3247,#3248),.UNSPECIFIED.,.F.,.F.,(4,1,1,1,1,4),(49.3493608592268,49.7690869776738,
50.7668166017285,51.7645462257831,52.7622758498378,53.4070751110265),
 .UNSPECIFIED.);
#333=B_SPLINE_CURVE_WITH_KNOTS('',3,(#3249,#3250,#3251,#3252,#3253,#3254,
#3255,#3256,#3257,#3258,#3259,#3260,#3261,#3262,#3263,#3264,#3265,#3266,
#3267,#3268,#3269,#3270,#3271,#3272,#3273,#3274,#3275,#3276,#3277,#3278,
#3279,#3280,#3281,#3282,#3283,#3284,#3285,#3286,#3287,#3288,#3289,#3290,
#3291,#3292,#3293,#3294,#3295,#3296,#3297,#3298,#3299,#3300,#3301,#3302,
#3303,#3304,#3305,#3306,#3307,#3308,#3309),.UNSPECIFIED.,.F.,.F.,(4,3,3,
3,3,3,3,3,3,3,3,3,3,3,3,3,3,3,3,3,4),(53.4070753532457,53.5346838588089,
53.6634690839643,53.7600054738924,53.8719230452023,53.9836411724538,54.0952479632514,
54.2067866208468,54.3183002506001,54.4299150289815,54.5415763829597,54.6534553826647,
54.7577350979471,54.8696134870018,54.9813330460246,55.0929371447155,55.2044689956482,
55.3160252812877,55.4275878508209,55.5392929880433,55.6324560405059),
 .UNSPECIFIED.);
#334=B_SPLINE_CURVE_WITH_KNOTS('',3,(#3311,#3312,#3313,#3314,#3315,#3316),
 .UNSPECIFIED.,.F.,.F.,(4,1,1,4),(53.4070839101626,54.3075850891756,55.3053147132302,
55.6337363226708),.UNSPECIFIED.);
#335=B_SPLINE_CURVE_WITH_KNOTS('',3,(#3317,#3318,#3319,#3320,#3321,#3322,
#3323,#3324,#3325,#3326,#3327,#3328,#3329,#3330,#3331,#3332,#3333,#3334,
#3335,#3336,#3337,#3338,#3339,#3340,#3341,#3342,#3343,#3344,#3345,#3346,
#3347,#3348,#3349,#3350,#3351,#3352,#3353,#3354,#3355,#3356,#3357,#3358,
#3359,#3360,#3361,#3362,#3363,#3364,#3365,#3366,#3367,#3368,#3369,#3370,
#3371,#3372,#3373,#3374,#3375,#3376,#3377,#3378,#3379,#3380,#3381,#3382,
#3383,#3384,#3385,#3386,#3387,#3388,#3389,#3390,#3391,#3392,#3393,#3394,
#3395,#3396,#3397,#3398,#3399,#3400,#3401,#3402,#3403,#3404,#3405,#3406,
#3407,#3408,#3409,#3410,#3411,#3412,#3413,#3414,#3415,#3416,#3417,#3418,
#3419,#3420,#3421,#3422,#3423,#3424,#3425,#3426,#3427,#3428),
 .UNSPECIFIED.,.F.,.F.,(4,3,3,3,3,3,3,3,3,3,3,3,3,3,3,3,3,3,3,3,3,3,3,3,
3,3,3,3,3,3,3,3,3,3,3,3,3,4),(49.3499486591519,49.461812251742,49.5734952081908,
49.6850788075152,49.7966062207371,49.9081205350445,50.0197443337247,50.1314254157919,
50.2433138871545,50.3166665929569,50.4285841654527,50.5403022938828,50.6519090858536,
50.7634477446153,50.8749613755256,50.9865761550409,51.0982375101419,51.210116510937,
51.3143962170116,51.4263137894993,51.5380319179206,51.6496387098824,51.7611773686346,
51.8726909995352,51.9843057790402,52.0959671341308,52.2078461349152,52.3121258410662,
52.4240434136993,52.5357615422666,52.6473683343746,52.7589069932729,52.8704206243194,
52.9820354039688,53.093696759203,53.2055757601281,53.3098554651209,53.4070751110265),
 .UNSPECIFIED.);
#336=B_SPLINE_CURVE_WITH_KNOTS('',3,(#3434,#3435,#3436,#3437,#3438,#3439,
#3440,#3441,#3442,#3443,#3444,#3445,#3446,#3447,#3448,#3449,#3450,#3451,
#3452,#3453,#3454,#3455,#3456,#3457,#3458,#3459,#3460,#3461,#3462,#3463,
#3464,#3465,#3466,#3467,#3468,#3469,#3470,#3471,#3472,#3473,#3474,#3475,
#3476,#3477,#3478,#3479,#3480,#3481,#3482,#3483,#3484,#3485,#3486,#3487,
#3488,#3489,#3490,#3491,#3492,#3493,#3494,#3495,#3496,#3497,#3498,#3499,
#3500,#3501,#3502,#3503,#3504,#3505,#3506,#3507,#3508,#3509,#3510,#3511,
#3512,#3513,#3514,#3515,#3516,#3517,#3518,#3519,#3520,#3521,#3522,#3523,
#3524,#3525,#3526,#3527,#3528,#3529,#3530,#3531,#3532,#3533,#3534,#3535,
#3536,#3537,#3538,#3539,#3540,#3541,#3542,#3543,#3544,#3545),
 .UNSPECIFIED.,.F.,.F.,(4,3,3,3,3,3,3,3,3,3,3,3,3,3,3,3,3,3,3,3,3,3,3,3,
3,3,3,3,3,3,3,3,3,3,3,3,3,4),(43.0671333649686,43.178699059582,43.2902192268244,
43.4017369409081,43.513371293092,43.6250724893115,43.7369724999036,43.7827092333458,
43.8946268058645,44.0063449343175,44.1179517263112,44.2294903850954,44.341004016028,
44.4526187955653,44.5642801506881,44.6761591515044,44.7804388574005,44.8923564299116,
45.0040745583567,45.1156813503425,45.2272200091188,45.338733640044,45.4503484195735,
45.5620097746886,45.6738887754973,45.7781684814552,45.8900860539638,46.0018041824065,
46.1134109743898,46.2249496331638,46.3364632640867,46.4480780436137,46.5597393987263,
46.6716183995323,46.7758981055098,46.905419552442,47.0337558533641,47.123889563444),
 .UNSPECIFIED.);
#337=B_SPLINE_CURVE_WITH_KNOTS('',3,(#3546,#3547,#3548,#3549,#3550,#3551),
 .UNSPECIFIED.,.F.,.F.,(4,1,1,4),(47.1238898038469,47.7736277295645,48.7713573536191,
49.3493608592268),.UNSPECIFIED.);
#338=B_SPLINE_CURVE_WITH_KNOTS('',3,(#3553,#3554,#3555,#3556,#3557,#3558,
#3559,#3560,#3561,#3562,#3563,#3564,#3565,#3566,#3567,#3568,#3569,#3570,
#3571,#3572,#3573,#3574,#3575,#3576,#3577,#3578,#3579,#3580,#3581,#3582,
#3583,#3584,#3585,#3586,#3587,#3588,#3589,#3590,#3591,#3592,#3593,#3594,
#3595,#3596,#3597,#3598,#3599,#3600,#3601,#3602,#3603,#3604,#3605,#3606,
#3607,#3608,#3609,#3610,#3611,#3612,#3613,#3614,#3615,#3616),
 .UNSPECIFIED.,.F.,.F.,(4,3,3,3,3,3,3,3,3,3,3,3,3,3,3,3,3,3,3,3,3,4),(47.1238898038469,
47.2841650026978,47.3234777207929,47.4353952933039,47.5471134217492,47.658720213735,
47.7702588725115,47.8817725034366,47.9933872829661,48.1050486380813,48.21692763889,
48.3212073448476,48.4331249173564,48.5448430457992,48.6564498377826,48.7679884965566,
48.8795021274791,48.991116907006,49.1027782621186,49.2146572629247,49.3189369689023,
49.3499486591519),.UNSPECIFIED.);
#339=B_SPLINE_CURVE_WITH_KNOTS('',3,(#3617,#3618,#3619,#3620,#3621,#3622,
#3623,#3624),.UNSPECIFIED.,.F.,.F.,(4,1,1,1,1,4),(43.065689546385,43.3325592245743,
44.330288848629,45.3280184726836,46.3257480967383,47.1238866683038),
 .UNSPECIFIED.);
#340=B_SPLINE_CURVE_WITH_KNOTS('',3,(#3630,#3631,#3632,#3633,#3634,#3635,
#3636,#3637,#3638,#3639,#3640,#3641,#3642,#3643,#3644,#3645,#3646,#3647,
#3648,#3649,#3650,#3651,#3652,#3653,#3654,#3655,#3656,#3657,#3658,#3659,
#3660,#3661,#3662,#3663,#3664,#3665,#3666,#3667,#3668,#3669,#3670,#3671,
#3672,#3673,#3674,#3675,#3676,#3677,#3678,#3679,#3680,#3681,#3682,#3683,
#3684,#3685,#3686,#3687,#3688,#3689,#3690,#3691,#3692,#3693,#3694,#3695,
#3696,#3697,#3698,#3699,#3700,#3701,#3702,#3703,#3704,#3705,#3706,#3707,
#3708,#3709,#3710,#3711,#3712,#3713,#3714,#3715,#3716,#3717,#3718,#3719,
#3720,#3721,#3722,#3723,#3724,#3725,#3726,#3727,#3728,#3729,#3730,#3731,
#3732,#3733,#3734,#3735,#3736,#3737,#3738,#3739,#3740,#3741,#3742,#3743,
#3744),.UNSPECIFIED.,.F.,.F.,(4,3,3,3,3,3,3,3,3,3,3,3,3,3,3,3,3,3,3,3,3,
3,3,3,3,3,3,3,3,3,3,3,3,3,3,3,3,3,4),(36.7833130666196,36.7986018649632,
36.9105194373411,37.0222375656487,37.1338443574943,37.2453830161283,37.3568966469087,
37.4685114262915,37.5801727812586,37.6920517819187,37.7963314890179,37.9082490616453,
38.0199671902092,38.1315739823152,38.2431126412129,38.3546262722602,38.4662410519125,
38.577902407151,38.6897814080823,38.7940611130726,38.9059786855595,39.0176968139803,
39.1293036059416,39.2408422646935,39.352355895594,39.4639706750991,39.5756320301899,
39.6875110309747,39.7917907371272,39.903708309625,40.0154264380564,40.127033230028,
40.23857188879,40.3500855197002,40.4617002992145,40.5733616543144,40.6852406551075,
40.7895203611819,40.8407044966673),.UNSPECIFIED.);
#341=B_SPLINE_CURVE_WITH_KNOTS('',3,(#3745,#3746,#3747,#3748,#3749,#3750,
#3751,#3752,#3753,#3754,#3755,#3756,#3757,#3758,#3759,#3760,#3761,#3762,
#3763,#3764,#3765,#3766,#3767,#3768,#3769,#3770,#3771,#3772,#3773,#3774,
#3775,#3776,#3777,#3778,#3779,#3780,#3781,#3782,#3783,#3784,#3785,#3786,
#3787,#3788,#3789,#3790,#3791,#3792,#3793,#3794,#3795,#3796,#3797,#3798,
#3799,#3800,#3801,#3802,#3803,#3804,#3805,#3806,#3807,#3808),
 .UNSPECIFIED.,.F.,.F.,(4,3,3,3,3,3,3,3,3,3,3,3,3,3,3,3,3,3,3,3,3,4),(40.8407044970009,
40.9517315300587,41.062568332437,41.1733006574404,41.2839730413865,41.3946299272803,
41.5053923234981,41.6162123882592,41.7272328628311,41.7872499852365,41.8991675577452,
42.0108856861879,42.1224924781712,42.2340311369451,42.3455447678677,42.4571595473946,
42.5688209025072,42.6806999033133,42.7849796092912,42.8968879373992,43.0086103818376,
43.0671333649686),.UNSPECIFIED.);
#342=B_SPLINE_CURVE_WITH_KNOTS('',3,(#3810,#3811,#3812,#3813,#3814,#3815),
 .UNSPECIFIED.,.F.,.F.,(4,1,1,4),(40.8407044966673,41.337099976465,42.3348296005196,
43.065689546385),.UNSPECIFIED.);
#343=B_SPLINE_CURVE_WITH_KNOTS('',3,(#3816,#3817,#3818,#3819,#3820,#3821,
#3822,#3823),.UNSPECIFIED.,.F.,.F.,(4,1,1,1,1,4),(36.7837396656116,37.3461814802463,
38.343911104301,39.3416407283557,40.3393703524103,40.8407044966673),
 .UNSPECIFIED.);
#344=B_SPLINE_CURVE_WITH_KNOTS('',3,(#3829,#3830,#3831,#3832,#3833,#3834,
#3835,#3836),.UNSPECIFIED.,.F.,.F.,(4,1,1,1,1,4),(30.4993992851151,30.8122241206353,
31.8099537446899,32.8076833687446,33.8054129927993,34.5575191894877),
 .UNSPECIFIED.);
#345=B_SPLINE_CURVE_WITH_KNOTS('',3,(#3837,#3838,#3839,#3840,#3841,#3842,
#3843,#3844,#3845,#3846,#3847,#3848,#3849,#3850,#3851,#3852,#3853,#3854,
#3855,#3856,#3857,#3858,#3859,#3860,#3861,#3862,#3863,#3864,#3865,#3866,
#3867,#3868,#3869,#3870,#3871,#3872,#3873,#3874,#3875,#3876,#3877,#3878,
#3879,#3880,#3881,#3882,#3883,#3884,#3885,#3886,#3887,#3888,#3889,#3890,
#3891,#3892,#3893,#3894,#3895,#3896,#3897),.UNSPECIFIED.,.F.,.F.,(4,3,3,
3,3,3,3,3,3,3,3,3,3,3,3,3,3,3,3,3,4),(34.5575192713496,34.7033573672755,
34.8031426168539,34.9150601901259,35.0267783193474,35.1383851121183,35.2499237716872,
35.3614374034109,35.4730521837422,35.5847135396621,35.6965925412703,35.8008722409086,
35.9127909596982,36.0245090618181,36.1361153174544,36.2476529308666,36.3591650076002,
36.4707725118875,36.5824263854039,36.6942839585593,36.7833130666196),
 .UNSPECIFIED.);
#346=B_SPLINE_CURVE_WITH_KNOTS('',3,(#3899,#3900,#3901,#3902,#3903,#3904),
 .UNSPECIFIED.,.F.,.F.,(4,1,1,4),(34.5575218600642,35.350722232137,36.3484518561917,
36.7837396656116),.UNSPECIFIED.);
#347=B_SPLINE_CURVE_WITH_KNOTS('',3,(#3905,#3906,#3907,#3908,#3909,#3910,
#3911,#3912,#3913,#3914,#3915,#3916,#3917,#3918,#3919,#3920,#3921,#3922,
#3923,#3924,#3925,#3926,#3927,#3928,#3929,#3930,#3931,#3932,#3933,#3934,
#3935,#3936,#3937,#3938,#3939,#3940,#3941,#3942,#3943,#3944,#3945,#3946,
#3947,#3948,#3949,#3950,#3951,#3952,#3953,#3954,#3955,#3956,#3957,#3958,
#3959,#3960,#3961,#3962,#3963,#3964,#3965,#3966,#3967,#3968,#3969,#3970,
#3971,#3972,#3973,#3974,#3975,#3976,#3977,#3978,#3979,#3980,#3981,#3982,
#3983,#3984,#3985,#3986,#3987,#3988,#3989,#3990,#3991,#3992,#3993,#3994,
#3995,#3996,#3997,#3998,#3999,#4000,#4001,#4002,#4003,#4004,#4005,#4006,
#4007,#4008,#4009,#4010,#4011,#4012,#4013,#4014,#4015,#4016),
 .UNSPECIFIED.,.F.,.F.,(4,3,3,3,3,3,3,3,3,3,3,3,3,3,3,3,3,3,3,3,3,3,3,3,
3,3,3,3,3,3,3,3,3,3,3,3,3,4),(30.5007522646506,30.6124397304351,30.7240262144583,
30.8355548919943,30.9470688525823,31.0586911866106,31.1703693515083,31.2822562562849,
31.3598037359184,31.4717213398062,31.5834395001761,31.6950463243979,31.8065850156656,
31.9180986792816,32.0297134915525,32.1413748794912,32.2532539128317,32.357533359973,
32.4694509320613,32.5811690602268,32.6927758520202,32.8043145106919,32.9158281416004,
33.0274429212532,33.1391042765684,33.2509832777058,33.3552629840277,33.4671805481043,
33.5788986678817,33.6905054510639,33.802044100916,33.9135577228111,34.0251724932168,
34.1368338391417,34.2487128307672,34.3529926080824,34.5113324900344,34.5575191894877),
 .UNSPECIFIED.);
#348=B_SPLINE_CURVE_WITH_KNOTS('',3,(#4022,#4023,#4024,#4025,#4026,#4027,
#4028,#4029),.UNSPECIFIED.,.F.,.F.,(4,1,1,1,1,4),(24.2175853703741,24.8258463763073,
25.823576000362,26.8213056244167,27.8190352484713,28.2743338823081),
 .UNSPECIFIED.);
#349=B_SPLINE_CURVE_WITH_KNOTS('',3,(#4030,#4031,#4032,#4033,#4034,#4035),
 .UNSPECIFIED.,.F.,.F.,(4,1,1,4),(28.2743338823081,28.816764872526,29.8144944965806,
30.4993992851151),.UNSPECIFIED.);
#350=B_SPLINE_CURVE_WITH_KNOTS('',3,(#4037,#4038,#4039,#4040,#4041,#4042,
#4043,#4044,#4045,#4046,#4047,#4048,#4049,#4050,#4051,#4052,#4053,#4054,
#4055,#4056,#4057,#4058,#4059,#4060,#4061,#4062,#4063,#4064,#4065,#4066,
#4067,#4068,#4069,#4070,#4071,#4072,#4073,#4074,#4075,#4076,#4077,#4078,
#4079,#4080,#4081,#4082,#4083,#4084,#4085,#4086,#4087,#4088,#4089,#4090,
#4091,#4092,#4093,#4094,#4095,#4096,#4097,#4098,#4099,#4100),
 .UNSPECIFIED.,.F.,.F.,(4,3,3,3,3,3,3,3,3,3,3,3,3,3,3,3,3,3,3,3,3,4),(28.2743338823081,
28.3666148637544,28.4785326298972,28.5902509550099,28.7018579453743,28.8133968038954,
28.9249106355881,29.0365256158745,29.148187172074,29.2600663718803,29.3643444878091,
29.4762620771061,29.5879802237524,29.699587034788,29.8111257134299,29.9226393650043,
30.0342541662583,30.1459155437217,30.2577945676529,30.3620741118637,30.4739836682806,
30.5007522646506),.UNSPECIFIED.);
#351=B_SPLINE_CURVE_WITH_KNOTS('',3,(#4101,#4102,#4103,#4104,#4105,#4106,
#4107,#4108),.UNSPECIFIED.,.F.,.F.,(4,1,1,1,1,4),(24.2162306788013,24.3756963675358,
25.3734259915904,26.3711556156451,27.3688852396997,28.2743251575868),
 .UNSPECIFIED.);
#352=B_SPLINE_CURVE_WITH_KNOTS('',3,(#4114,#4115,#4116,#4117,#4118,#4119),
 .UNSPECIFIED.,.F.,.F.,(4,1,1,4),(15.7079632679489,16.3938593750985,17.3915889991531,
17.9335511934556),.UNSPECIFIED.);
#353=B_SPLINE_CURVE_WITH_KNOTS('',3,(#4121,#4122,#4123,#4124,#4125),
 .UNSPECIFIED.,.F.,.F.,(4,1,4),(14.3984001269893,15.3961297510438,15.7079632679489),
 .UNSPECIFIED.);
#354=B_SPLINE_CURVE_WITH_KNOTS('',3,(#4129,#4130,#4131,#4132,#4133,#4134,
#4135,#4136,#4137,#4138,#4139,#4140,#4141,#4142,#4143,#4144,#4145,#4146,
#4147,#4148,#4149,#4150,#4151,#4152,#4153,#4154,#4155,#4156,#4157,#4158,
#4159,#4160,#4161,#4162,#4163,#4164,#4165,#4166,#4167,#4168,#4169,#4170,
#4171,#4172,#4173,#4174,#4175,#4176,#4177,#4178,#4179,#4180),
 .UNSPECIFIED.,.F.,.F.,(4,3,3,3,3,3,3,3,3,3,3,3,3,3,3,3,3,4),(13.8759338029541,
13.9875251678494,14.0989188297822,14.2102027737739,14.3214207389267,14.4326163673989,
14.5439116722549,14.6552571097843,14.766807568806,14.8485501357608,14.9589574998169,
15.0692145128185,15.1793666352691,15.2894591577185,15.3996009474697,15.5097633199041,
15.6200941475323,15.7079632679489),.UNSPECIFIED.);
#355=B_SPLINE_CURVE_WITH_KNOTS('',3,(#4181,#4182,#4183,#4184,#4185,#4186,
#4187),.UNSPECIFIED.,.F.,.F.,(4,1,1,1,4),(15.7079632679489,15.8462797598154,
16.8440093838701,17.8417390079247,17.9343776653479),.UNSPECIFIED.);
#356=B_SPLINE_CURVE_WITH_KNOTS('',3,(#4193,#4194,#4195,#4196,#4197,#4198,
#4199,#4200,#4201,#4202,#4203,#4204,#4205,#4206,#4207,#4208,#4209,#4210,
#4211,#4212,#4213,#4214,#4215,#4216,#4217,#4218,#4219,#4220,#4221,#4222,
#4223,#4224,#4225,#4226,#4227,#4228,#4229,#4230,#4231,#4232,#4233,#4234,
#4235,#4236,#4237,#4238,#4239,#4240,#4241,#4242,#4243,#4244),
 .UNSPECIFIED.,.F.,.F.,(4,3,3,3,3,3,3,3,3,3,3,3,3,3,3,3,3,4),(62.2148331448362,
62.332235318494,62.4496213373756,62.5671241500346,62.6846924118516,62.8024783068737,
62.8569663154436,62.9733026422949,63.0894244072876,63.2054288543857,63.3213681616358,
63.43729439048,63.5533541263252,63.6694856952786,63.7858644039767,63.8546959394982,
64.0106137003202,64.1414059091595),.UNSPECIFIED.);
#357=B_SPLINE_CURVE_WITH_KNOTS('',3,(#4246,#4247,#4248,#4249,#4250,#4251,
#4252,#4253,#4254,#4255,#4256,#4257,#4258,#4259,#4260,#4261,#4262,#4263,
#4264,#4265,#4266,#4267,#4268,#4269),.UNSPECIFIED.,.F.,.F.,(4,2,2,2,2,2,
2,2,2,2,2,4),(-0.0902807104933489,-0.0697343737084311,-0.064457011006255,
-0.0596729839234331,-0.0560484890511613,-0.0520463899018812,-0.045158666316536,
-0.0246545742997284,-0.00666672290564722,-0.00266567269774838,-0.00125168475334781,
0.),.UNSPECIFIED.);
#358=B_SPLINE_CURVE_WITH_KNOTS('',3,(#4278,#4279,#4280,#4281,#4282,#4283,
#4284,#4285,#4286,#4287,#4288,#4289,#4290,#4291,#4292,#4293,#4294,#4295,
#4296,#4297,#4298,#4299,#4300,#4301,#4302,#4303,#4304,#4305,#4306,#4307,
#4308,#4309,#4310,#4311,#4312,#4313,#4314,#4315,#4316,#4317,#4318,#4319,
#4320,#4321,#4322,#4323,#4324,#4325,#4326,#4327,#4328,#4329,#4330,#4331,
#4332,#4333,#4334,#4335,#4336,#4337,#4338,#4339,#4340,#4341,#4342,#4343,
#4344),.UNSPECIFIED.,.F.,.F.,(4,3,3,3,3,3,3,3,3,3,3,3,3,3,3,3,3,3,3,3,3,
3,4),(-62.8318459874914,-62.7102698254786,-62.5932048626262,-62.4762555311523,
-62.3593710654172,-62.2425008090185,-62.1255158031817,-62.0084616155596,
-61.8912013431692,-61.8592366913888,-61.7414028155916,-61.6237788123841,
-61.5062701006175,-61.3888269592272,-61.2713997749093,-61.1538548109111,
-61.0362443510996,-60.9184141859492,-60.8615070673342,-60.7359090026743,
-60.6106331981793,-60.4858128423147,-60.4012697696669),.UNSPECIFIED.);
#359=B_SPLINE_CURVE_WITH_KNOTS('',3,(#4345,#4346,#4347,#4348,#4349,#4350,
#4351,#4352,#4353,#4354,#4355,#4356,#4357,#4358,#4359,#4360,#4361,#4362,
#4363,#4364,#4365,#4366,#4367,#4368,#4369,#4370,#4371,#4372,#4373,#4374,
#4375,#4376,#4377,#4378,#4379,#4380,#4381,#4382,#4383,#4384,#4385,#4386,
#4387,#4388,#4389,#4390,#4391,#4392,#4393,#4394,#4395,#4396,#4397,#4398,
#4399,#4400,#4401,#4402,#4403,#4404,#4405,#4406),.UNSPECIFIED.,.F.,.F.,
(4,2,2,2,2,2,2,2,2,2,2,2,2,2,2,2,2,2,2,2,2,2,2,2,2,2,2,2,2,2,4),(-1.59324972979503,
-1.59103838453246,-1.58854283230247,-1.58527371652293,-1.58064286844306,
-1.56812743525123,-1.55638910918883,-1.53991464645649,-1.53301754129378,
-1.52815383252725,-1.52586023649813,-1.52402836508849,-1.5216634532279,
-1.51646604382907,-1.48393040849216,-1.46966560789683,-1.46482462932913,
-1.46145562717691,-1.45801390037516,-1.45279032183696,-1.43474759889718,
-1.41572649325125,-1.40759046705472,-1.4021146891963,-1.39969681008507,
-1.39802739076552,-1.39583113236033,-1.39167784803642,-1.37476764205704,
-1.35452791261992,-1.34895110117794),.UNSPECIFIED.);
#360=B_SPLINE_CURVE_WITH_KNOTS('',3,(#4412,#4413,#4414,#4415,#4416,#4417,
#4418,#4419,#4420,#4421,#4422,#4423,#4424,#4425,#4426,#4427,#4428,#4429,
#4430,#4431,#4432,#4433,#4434,#4435,#4436,#4437,#4438,#4439,#4440,#4441,
#4442,#4443,#4444,#4445,#4446,#4447,#4448,#4449,#4450,#4451,#4452,#4453,
#4454,#4455,#4456,#4457,#4458,#4459,#4460,#4461,#4462,#4463),
 .UNSPECIFIED.,.F.,.F.,(4,3,3,3,3,3,3,3,3,3,3,3,3,3,3,3,3,4),(55.9315116760419,
56.0490084744168,56.1663607675514,56.283618772435,56.4008325600451,56.5182715628127,
56.6356227974902,56.7532127459884,56.8705885711156,56.9940438628287,57.1112143797529,
57.2282688117351,57.3452577347086,57.4622316152481,57.5793226900097,57.6964817027257,
57.8138551249045,57.8582309048203),.UNSPECIFIED.);
#361=B_SPLINE_CURVE_WITH_KNOTS('',3,(#4464,#4465,#4466,#4467,#4468,#4469,
#4470,#4471,#4472,#4473,#4474,#4475,#4476,#4477,#4478,#4479,#4480,#4481,
#4482,#4483,#4484,#4485,#4486,#4487,#4488,#4489,#4490,#4491,#4492,#4493,
#4494,#4495,#4496,#4497,#4498,#4499,#4500,#4501,#4502,#4503,#4504,#4505,
#4506,#4507,#4508,#4509,#4510,#4511,#4512,#4513,#4514,#4515,#4516,#4517,
#4518,#4519,#4520,#4521,#4522,#4523,#4524,#4525,#4526,#4527,#4528,#4529,
#4530,#4531,#4532,#4533,#4534,#4535,#4536,#4537,#4538,#4539,#4540,#4541,
#4542,#4543,#4544,#4545,#4546,#4547,#4548,#4549,#4550,#4551,#4552,#4553,
#4554,#4555,#4556,#4557,#4558,#4559,#4560,#4561,#4562,#4563,#4564,#4565,
#4566,#4567,#4568,#4569,#4570,#4571,#4572,#4573,#4574,#4575,#4576,#4577,
#4578,#4579,#4580,#4581,#4582,#4583,#4584),.UNSPECIFIED.,.F.,.F.,(4,3,3,
3,3,3,3,3,3,3,3,3,3,3,3,3,3,3,3,3,3,3,3,3,3,3,3,3,3,3,3,3,3,3,3,3,3,3,3,
3,4),(57.8582309055935,57.8683181951703,57.9859736827737,58.1034121702188,
58.2207311197036,58.3379806322938,58.4552106956791,58.5725548351239,58.6899620738322,
58.8075876941044,58.866047819225,58.9837101867204,59.1011564870846,59.2184838179467,
59.3357422577004,59.4529817721268,59.5703360666641,59.6877538758053,59.8053905750111,
59.8637774432796,59.9812345128384,60.0984746858836,60.2155955419758,60.3326475381022,
60.4496810179306,60.5668315071956,60.6840464740318,60.8014841989559,60.8615070673343,
60.9793637837808,61.0970019179303,61.2145193596051,61.3319658450701,61.4493909957094,
61.5669258571307,61.6845215966517,61.8023301120654,61.8592366913889,61.9770089040905,
62.0959210244634,62.2148331448362),.UNSPECIFIED.);
#362=B_SPLINE_CURVE_WITH_KNOTS('',3,(#4585,#4586,#4587,#4588,#4589,#4590,
#4591,#4592,#4593,#4594,#4595,#4596,#4597,#4598,#4599,#4600,#4601,#4602,
#4603,#4604,#4605,#4606,#4607,#4608,#4609,#4610,#4611,#4612,#4613,#4614,
#4615,#4616,#4617,#4618,#4619,#4620,#4621,#4622,#4623,#4624,#4625,#4626,
#4627,#4628,#4629,#4630,#4631,#4632,#4633,#4634,#4635,#4636,#4637,#4638,
#4639,#4640,#4641,#4642,#4643,#4644,#4645,#4646,#4647,#4648,#4649,#4650,
#4651,#4652,#4653,#4654,#4655,#4656,#4657,#4658,#4659,#4660,#4661,#4662,
#4663,#4664,#4665,#4666,#4667,#4668,#4669,#4670,#4671,#4672,#4673,#4674,
#4675,#4676,#4677,#4678,#4679,#4680,#4681,#4682,#4683,#4684,#4685,#4686,
#4687,#4688,#4689,#4690,#4691,#4692,#4693,#4694,#4695,#4696,#4697,#4698,
#4699,#4700,#4701,#4702,#4703,#4704,#4705,#4706,#4707,#4708,#4709,#4710,
#4711,#4712,#4713,#4714,#4715,#4716,#4717,#4718,#4719,#4720,#4721,#4722,
#4723,#4724,#4725,#4726,#4727,#4728,#4729,#4730,#4731,#4732,#4733,#4734,
#4735,#4736,#4737,#4738,#4739,#4740,#4741,#4742,#4743,#4744,#4745,#4746,
#4747,#4748,#4749,#4750,#4751,#4752,#4753,#4754,#4755,#4756,#4757,#4758,
#4759,#4760,#4761,#4762,#4763,#4764,#4765,#4766),.UNSPECIFIED.,.F.,.F.,
(4,2,2,2,2,2,2,2,2,2,2,2,2,2,2,2,2,2,2,2,2,2,2,2,2,2,2,2,2,2,2,2,2,2,2,
2,2,2,2,2,2,2,2,2,2,2,2,2,2,2,2,2,2,2,2,2,2,2,2,2,2,2,2,2,2,2,2,2,2,2,2,
2,2,2,2,2,2,2,2,2,2,2,2,2,2,2,2,2,2,2,4),(-1.34895110117794,-1.34279743574431,
-1.33824795364635,-1.33493494331835,-1.33142126804875,-1.3258116034783,
-1.29495783739184,-1.2831828611019,-1.27618368347634,-1.27354253092853,
-1.27167928723202,-1.26955609734136,-1.26573183484328,-1.24159600926663,
-1.22127852137882,-1.21415529673739,-1.21034283684298,-1.2070987083719,
-1.20311898021729,-1.19509711045874,-1.16484872217157,-1.15540897726092,
-1.14935003339113,-1.14684622083597,-1.1450164934958,-1.1428208674256,-1.13866237943441,
-1.11901466673898,-1.10067037124126,-1.08954678937973,-1.08507679052622,
-1.0817762521219,-1.07823393435601,-1.07248236136545,-1.04271269542814,
-1.03046164937042,-1.02328795172814,-1.02062221623865,-1.01875384141103,
-1.01663836346651,-1.01285618430214,-0.988319763641125,-0.9728011457732,
-0.962725670453044,-0.95840589588613,-0.95512774047476,-0.951523829244653,
-0.945463936491939,-0.91819191262834,-0.898669699526022,-0.895080765176242,
-0.893027912100929,-0.891158253518017,-0.888817700723147,-0.882683242582377,
-0.859895539176204,-0.845603280360055,-0.836035759134888,-0.83179396365356,
-0.828525681093964,-0.82488307764229,-0.818630561672902,-0.796658254223861,
-0.772724897658572,-0.768881323589613,-0.766752902560518,-0.764889750914472,
-0.762253939740748,-0.755296868934818,-0.743631230564708,-0.712577656509025,
-0.70700409007586,-0.703498687485758,-0.70018378003493,-0.695616029756305,
-0.683732650003449,-0.664361499788124,-0.64540513638061,-0.641993474694582,
-0.639977987725529,-0.638064553669465,-0.635138367153782,-0.625651916368635,
-0.605367277547719,-0.58551504596157,-0.580243489526469,-0.576798819474373,
-0.573448678217251,-0.568673930869293,-0.554980582883869,-0.552509432299012),
 .UNSPECIFIED.);
#363=B_SPLINE_CURVE_WITH_KNOTS('',3,(#4772,#4773,#4774,#4775,#4776,#4777,
#4778,#4779,#4780,#4781,#4782,#4783,#4784,#4785,#4786,#4787,#4788,#4789,
#4790,#4791,#4792,#4793,#4794,#4795,#4796,#4797,#4798,#4799,#4800,#4801,
#4802,#4803,#4804,#4805,#4806,#4807,#4808,#4809,#4810,#4811,#4812,#4813,
#4814,#4815,#4816,#4817,#4818,#4819,#4820,#4821,#4822,#4823),
 .UNSPECIFIED.,.F.,.F.,(4,3,3,3,3,3,3,3,3,3,3,3,3,3,3,3,3,4),(49.6474374926474,
49.7669593476902,49.886481202733,50.0041092330049,50.1215205642609,50.2388125658597,
50.3560353861985,50.4732390605587,50.5905574710896,50.7079393191554,50.8255403645827,
50.8842108267877,51.0012524085668,51.1181093552069,51.2348437651068,51.3515009953082,
51.4681961851105,51.5750455984139),.UNSPECIFIED.);
#364=B_SPLINE_CURVE_WITH_KNOTS('',3,(#4824,#4825,#4826,#4827,#4828,#4829,
#4830,#4831,#4832,#4833,#4834,#4835,#4836,#4837,#4838,#4839,#4840,#4841,
#4842,#4843,#4844,#4845,#4846,#4847,#4848,#4849,#4850,#4851,#4852,#4853,
#4854,#4855,#4856,#4857,#4858,#4859,#4860,#4861,#4862,#4863,#4864,#4865,
#4866,#4867,#4868,#4869,#4870,#4871,#4872,#4873,#4874,#4875,#4876,#4877,
#4878,#4879,#4880,#4881,#4882,#4883,#4884,#4885,#4886,#4887,#4888,#4889,
#4890,#4891,#4892,#4893,#4894,#4895,#4896,#4897,#4898,#4899,#4900,#4901,
#4902,#4903,#4904,#4905,#4906,#4907,#4908,#4909,#4910,#4911,#4912,#4913,
#4914,#4915,#4916,#4917,#4918,#4919,#4920,#4921,#4922,#4923,#4924,#4925,
#4926,#4927,#4928,#4929,#4930,#4931,#4932,#4933,#4934,#4935,#4936,#4937,
#4938,#4939,#4940,#4941,#4942,#4943,#4944),.UNSPECIFIED.,.F.,.F.,(4,3,3,
3,3,3,3,3,3,3,3,3,3,3,3,3,3,3,3,3,3,3,3,3,3,3,3,3,3,3,3,3,3,3,3,3,3,3,3,
3,4),(51.5750455990329,51.7150432520147,51.8569730460793,51.8819404508423,
51.9995685883656,52.1169800181636,52.2342721128547,52.3514950207323,52.4686987769657,
52.5860172602945,52.7033991761006,52.8210002807517,52.879670074897,52.9972991204587,
53.1147114767181,53.2320045084572,53.3492283621082,53.466433070995,53.5837525096713,
53.7011353837522,53.8187374398267,53.8773996989517,53.9950238567737,54.1124313177137,
54.229719453515,54.3469384196503,54.4641382584786,54.581452891602,54.6988309898143,
54.8164283717157,54.8751293230063,54.9927602762044,55.1101744815579,55.2274693247764,
55.3446949494128,55.4619013858627,55.5792224738364,55.6966069550869,55.8142105350783,
55.872858947061,55.9315116760419),.UNSPECIFIED.);
#365=B_SPLINE_CURVE_WITH_KNOTS('',3,(#4946,#4947,#4948,#4949,#4950,#4951,
#4952,#4953,#4954,#4955,#4956,#4957,#4958,#4959,#4960,#4961,#4962,#4963,
#4964,#4965,#4966,#4967,#4968,#4969,#4970,#4971,#4972,#4973,#4974,#4975,
#4976,#4977,#4978,#4979,#4980,#4981,#4982,#4983,#4984,#4985,#4986,#4987,
#4988,#4989,#4990,#4991,#4992,#4993,#4994,#4995,#4996,#4997,#4998,#4999,
#5000,#5001,#5002,#5003,#5004,#5005,#5006,#5007,#5008,#5009,#5010,#5011,
#5012,#5013,#5014,#5015,#5016,#5017,#5018,#5019,#5020,#5021,#5022,#5023,
#5024,#5025,#5026,#5027,#5028,#5029,#5030,#5031,#5032,#5033,#5034,#5035,
#5036,#5037,#5038,#5039,#5040,#5041,#5042,#5043,#5044,#5045,#5046,#5047,
#5048,#5049,#5050,#5051,#5052,#5053,#5054,#5055,#5056,#5057,#5058,#5059,
#5060,#5061,#5062,#5063,#5064,#5065,#5066,#5067,#5068,#5069,#5070,#5071,
#5072,#5073),.UNSPECIFIED.,.F.,.F.,(4,2,2,2,2,2,2,2,2,2,2,2,2,2,2,2,2,2,
2,2,2,2,2,2,2,2,2,2,2,2,2,2,2,2,2,2,2,2,2,2,2,2,2,2,2,2,2,2,2,2,2,2,2,2,
2,2,2,2,2,2,2,2,2,4),(-0.552509432299012,-0.526301743178575,-0.517904911602591,
-0.515012031283511,-0.513293646322432,-0.511327065905002,-0.508143648739204,
-0.495282584761061,-0.47559876943508,-0.458810738526583,-0.453649582018589,
-0.450226628020138,-0.446860015348197,-0.441994665541767,-0.427387371341075,
-0.411106143485305,-0.392448608974008,-0.389053509375726,-0.387041673705526,
-0.38512597888868,-0.382188245066048,-0.372580709576045,-0.351746601047208,
-0.332554598766162,-0.327298297937167,-0.323856550917538,-0.320504094007871,
-0.315716989095964,-0.301905163130399,-0.272498245107841,-0.264792564292267,
-0.261983973645415,-0.260111270191471,-0.258063578677645,-0.254499906655239,
-0.234350295637165,-0.207759004093461,-0.201635839320541,-0.198019064040408,
-0.19474422171073,-0.190450778235282,-0.180549972754618,-0.165464167476333,
-0.140097922908447,-0.136370067934224,-0.134287926069599,-0.132409026623398,
-0.129671866217576,-0.121928115737946,-0.108026936006463,-0.0812629499120191,
-0.0751541190060013,-0.0715402131175348,-0.0682645820050345,-0.0639651550427829,
-0.0540251273920004,-0.0388435533595834,-0.0245766647781893,-0.0126460678927316,
-0.00945888679441344,-0.00749152491151297,-0.00578228816188578,-0.00327306016040012,
-0.000385640951259244),.UNSPECIFIED.);
#366=B_SPLINE_CURVE_WITH_KNOTS('',3,(#5074,#5075,#5076,#5077,#5078),
 .UNSPECIFIED.,.F.,.F.,(4,1,4),(-47.8348924858185,-46.8932923305689,-45.9079560970247),
 .UNSPECIFIED.);
#367=B_SPLINE_CURVE_WITH_KNOTS('',3,(#5084,#5085,#5086,#5087,#5088,#5089,
#5090,#5091,#5092,#5093,#5094,#5095,#5096,#5097,#5098,#5099,#5100,#5101,
#5102,#5103,#5104,#5105,#5106,#5107,#5108,#5109,#5110,#5111,#5112,#5113,
#5114,#5115,#5116,#5117,#5118,#5119,#5120,#5121,#5122,#5123,#5124,#5125,
#5126,#5127,#5128,#5129,#5130,#5131,#5132,#5133,#5134,#5135),
 .UNSPECIFIED.,.F.,.F.,(4,3,3,3,3,3,3,3,3,3,3,3,3,3,3,3,3,4),(43.3649504701485,
43.4821536735754,43.5994695166104,43.7168461260245,43.8344441309963,43.9001034584051,
44.017731285581,44.1351424123622,44.252434208806,44.3696568236966,44.4868602927016,
44.6041784996401,44.7215601448198,44.839160990834,44.8978330824597,45.0289668517118,
45.1604135711083,45.2918602905048),.UNSPECIFIED.);
#368=B_SPLINE_CURVE_WITH_KNOTS('',3,(#5136,#5137,#5138,#5139,#5140,#5141,
#5142,#5143,#5144,#5145,#5146,#5147,#5148,#5149,#5150,#5151,#5152,#5153,
#5154,#5155,#5156,#5157,#5158,#5159,#5160,#5161,#5162,#5163,#5164,#5165,
#5166,#5167,#5168,#5169,#5170,#5171,#5172,#5173,#5174,#5175,#5176,#5177,
#5178,#5179,#5180,#5181,#5182,#5183,#5184,#5185,#5186,#5187,#5188,#5189,
#5190,#5191,#5192,#5193,#5194,#5195,#5196,#5197,#5198,#5199,#5200,#5201,
#5202,#5203,#5204,#5205,#5206,#5207,#5208,#5209,#5210,#5211,#5212,#5213,
#5214,#5215,#5216,#5217,#5218,#5219,#5220,#5221,#5222,#5223,#5224,#5225,
#5226,#5227,#5228,#5229,#5230,#5231,#5232,#5233,#5234,#5235,#5236,#5237,
#5238,#5239,#5240,#5241,#5242,#5243,#5244,#5245,#5246,#5247,#5248,#5249,
#5250,#5251,#5252,#5253),.UNSPECIFIED.,.F.,.F.,(4,3,3,3,3,3,3,3,3,3,3,3,
3,3,3,3,3,3,3,3,3,3,3,3,3,3,3,3,3,3,3,3,3,3,3,3,3,3,3,4),(45.2918602912343,
45.4104929494286,45.5317603887,45.6506191071023,45.7730909068084,45.8955627065144,
46.0131905286776,46.1306016502658,46.2478934414096,46.3651160509046,46.4823195144287,
46.5996377158039,46.7170193553648,46.8346201957425,46.893292330569,47.0109201864443,
47.1283313420734,47.2456231674325,47.3628458112518,47.4800493091444,47.5973675446818,
47.7147492183373,47.8323500923041,47.8910219546237,48.0086497046975,48.1260607545994,
48.2433524743647,48.3605750129169,48.4777784060623,48.5950965384548,48.7124781097268,
48.8300788836802,48.8887515786784,49.0063471770535,49.1237642406285,49.2410531372705,
49.3582925321816,49.4755021374624,49.5927883033062,49.6474374926474),
 .UNSPECIFIED.);
#369=B_SPLINE_CURVE_WITH_KNOTS('',3,(#5255,#5256,#5257,#5258,#5259,#5260,
#5261,#5262,#5263),.UNSPECIFIED.,.F.,.F.,(4,1,1,1,1,1,4),(-45.9079560970247,
-45.8955627065143,-44.8978330824596,-43.900103458405,-42.9023738343503,
-41.9046442102956,-41.5517211664722),.UNSPECIFIED.);
#370=B_SPLINE_CURVE_WITH_KNOTS('',3,(#5264,#5265,#5266,#5267,#5268,#5269,
#5270,#5271,#5272,#5273,#5274,#5275,#5276,#5277,#5278,#5279,#5280,#5281,
#5282,#5283,#5284,#5285,#5286,#5287,#5288,#5289,#5290,#5291,#5292,#5293,
#5294,#5295,#5296,#5297,#5298,#5299,#5300,#5301,#5302,#5303,#5304,#5305,
#5306,#5307,#5308,#5309,#5310,#5311,#5312,#5313,#5314,#5315,#5316,#5317,
#5318,#5319,#5320,#5321,#5322,#5323),.UNSPECIFIED.,.F.,.F.,(4,2,2,2,2,2,
2,2,2,2,2,2,2,2,2,2,2,2,2,2,2,2,2,2,2,2,2,2,2,4),(-1.59352325306026,-1.58582170734277,
-1.58030075889508,-1.57713405202459,-1.57395865614073,-1.57031286299844,
-1.56405014082805,-1.54401301563336,-1.52584596274338,-1.51635367355517,
-1.51342644193658,-1.51151240792181,-1.50949659581452,-1.50608463114541,
-1.48712563491602,-1.46733051556111,-1.45573284996584,-1.45120053466023,
-1.44789071904267,-1.44437206903882,-1.43873568946493,-1.40811188812003,
-1.39624972001526,-1.38921822230594,-1.38657193658927,-1.38470677393073,
-1.38258230921008,-1.37875955473075,-1.35457937929793,-1.34909813973092),
 .UNSPECIFIED.);
#371=B_SPLINE_CURVE_WITH_KNOTS('',3,(#5329,#5330,#5331,#5332,#5333,#5334,
#5335,#5336,#5337,#5338,#5339,#5340,#5341,#5342,#5343,#5344,#5345,#5346,
#5347,#5348,#5349,#5350,#5351,#5352,#5353,#5354,#5355,#5356,#5357,#5358,
#5359,#5360,#5361,#5362,#5363,#5364,#5365,#5366,#5367,#5368,#5369,#5370,
#5371,#5372,#5373,#5374,#5375,#5376,#5377,#5378,#5379,#5380),
 .UNSPECIFIED.,.F.,.F.,(4,3,3,3,3,3,3,3,3,3,3,3,3,3,3,3,3,4),(37.0822256022657,
37.199581253211,37.316838342986,37.434046965675,37.5539666527756,37.6713070254267,
37.7925163697519,37.9137257140771,38.0313535359782,38.1487646574663,38.2660564486099,
38.3832790582034,38.5004825219237,38.6178007236388,38.7351823636218,38.8527832045421,
38.9114553381317,39.0086749840547),.UNSPECIFIED.);
#372=B_SPLINE_CURVE_WITH_KNOTS('',3,(#5381,#5382,#5383,#5384,#5385,#5386,
#5387,#5388,#5389,#5390,#5391,#5392,#5393,#5394,#5395,#5396,#5397,#5398,
#5399,#5400,#5401,#5402,#5403,#5404,#5405,#5406,#5407,#5408,#5409,#5410,
#5411,#5412,#5413,#5414,#5415,#5416,#5417,#5418,#5419,#5420,#5421,#5422,
#5423,#5424,#5425,#5426,#5427,#5428,#5429,#5430,#5431,#5432,#5433,#5434,
#5435,#5436,#5437,#5438,#5439,#5440,#5441,#5442,#5443,#5444,#5445,#5446,
#5447,#5448,#5449,#5450,#5451,#5452,#5453,#5454,#5455,#5456,#5457,#5458,
#5459,#5460,#5461,#5462,#5463,#5464,#5465,#5466,#5467,#5468,#5469,#5470,
#5471,#5472,#5473,#5474,#5475,#5476,#5477,#5478,#5479,#5480,#5481,#5482,
#5483,#5484,#5485,#5486,#5487,#5488,#5489,#5490,#5491,#5492,#5493,#5494,
#5495,#5496,#5497,#5498),.UNSPECIFIED.,.F.,.F.,(4,3,3,3,3,3,3,3,3,3,3,3,
3,3,3,3,3,3,3,3,3,3,3,3,3,3,3,3,3,3,3,3,3,3,3,3,3,3,3,4),(39.0086749845885,
39.1247543978087,39.2406824366538,39.3565116811861,39.4722945365778,39.5881681746693,
39.7040851249363,39.8202250607342,39.9091849621864,40.0268127838363,40.1442239050699,
40.2615156959571,40.3787383052927,40.4959417687542,40.6132599702114,40.7306416099363,
40.8482424506017,40.9069145862411,41.0245424088492,41.1419535310459,41.2592453228986,
41.3764679332003,41.4936713976266,41.6109896000388,41.7283712407148,41.845972082314,
41.9046442102957,42.0222720308108,42.1396831509209,42.2569749406926,42.3741975489227,
42.4914010112908,42.6087192116808,42.7261008503521,42.8437016899968,42.9023738343504,
43.0199576436175,43.1373723296315,43.2546731282126,43.3649504701485),
 .UNSPECIFIED.);
#373=B_SPLINE_CURVE_WITH_KNOTS('',3,(#5499,#5500,#5501,#5502,#5503,#5504,
#5505,#5506,#5507,#5508,#5509,#5510,#5511,#5512,#5513,#5514,#5515,#5516,
#5517,#5518,#5519,#5520,#5521,#5522,#5523,#5524,#5525,#5526,#5527,#5528,
#5529,#5530,#5531,#5532,#5533,#5534,#5535,#5536,#5537,#5538,#5539,#5540,
#5541,#5542,#5543,#5544,#5545,#5546,#5547,#5548,#5549,#5550,#5551,#5552,
#5553,#5554,#5555,#5556,#5557,#5558,#5559,#5560,#5561,#5562,#5563,#5564,
#5565,#5566,#5567,#5568,#5569,#5570,#5571,#5572,#5573,#5574,#5575,#5576,
#5577,#5578,#5579,#5580,#5581,#5582,#5583,#5584,#5585,#5586,#5587,#5588,
#5589,#5590,#5591,#5592,#5593,#5594,#5595,#5596,#5597,#5598,#5599,#5600,
#5601,#5602,#5603,#5604,#5605,#5606,#5607,#5608,#5609,#5610,#5611,#5612,
#5613,#5614,#5615,#5616,#5617,#5618,#5619,#5620,#5621,#5622,#5623,#5624,
#5625,#5626,#5627,#5628,#5629,#5630,#5631,#5632,#5633,#5634,#5635,#5636,
#5637,#5638,#5639,#5640,#5641,#5642,#5643,#5644,#5645,#5646,#5647,#5648,
#5649,#5650,#5651,#5652,#5653,#5654,#5655,#5656,#5657,#5658,#5659,#5660,
#5661,#5662,#5663,#5664,#5665,#5666,#5667,#5668,#5669,#5670,#5671,#5672,
#5673,#5674,#5675,#5676,#5677,#5678,#5679,#5680,#5681,#5682,#5683,#5684),
 .UNSPECIFIED.,.F.,.F.,(4,2,2,2,2,2,2,2,2,2,2,2,2,2,2,2,2,2,2,2,2,2,2,2,
2,2,2,2,2,2,2,2,2,2,2,2,2,2,2,2,2,2,2,2,2,2,2,2,2,2,2,2,2,2,2,2,2,2,2,2,
2,2,2,2,2,2,2,2,2,2,2,2,2,2,2,2,2,2,2,2,2,2,2,2,2,2,2,2,2,2,2,2,4),(-1.34909813973092,
-1.33886250866613,-1.32870646069465,-1.32437381417158,-1.32109315765965,
-1.31749361071734,-1.3114587460983,-1.28392636665958,-1.27047552399261,
-1.26288095907022,-1.26016176936701,-1.25828542560884,-1.25619478626934,
-1.25242783328076,-1.22735924350346,-1.21210100304091,-1.20212922295281,
-1.19782426678141,-1.19454730620499,-1.19093479180306,-1.18483545006126,
-1.15797024397306,-1.13812912163889,-1.13452843388947,-1.13247262174278,
-1.13060316763009,-1.12826576786216,-1.1221815468393,-1.0909476670402,-1.07686352248074,
-1.0720480339234,-1.06869003924409,-1.06525451632679,-1.06003171243423,
-1.04196989662867,-1.02294117025784,-1.01076371383684,-1.00762251730464,
-1.00566469655722,-1.00370375165509,-1.00054782982293,-0.989261864591698,
-0.963341030956309,-0.950161243555189,-0.945440681530617,-0.942099713068611,
-0.938640005198098,-0.933294778905412,-0.912369369039021,-0.896517456683085,
-0.888224162779736,-0.882677032817863,-0.880253253921241,-0.8785877682573,
-0.87640830065962,-0.872326981072362,-0.845156769148403,-0.831590796649586,
-0.825170159436019,-0.819767247154172,-0.816296179572005,-0.813000315540962,
-0.808348876125506,-0.79673305360172,-0.777518521493183,-0.759686167067491,
-0.755543959258022,-0.753351778837673,-0.75152002610253,-0.749007461492303,
-0.74290323478456,-0.73335987942389,-0.702344769144389,-0.695635427192757,
-0.691522852111562,-0.688266975220201,-0.684545978806736,-0.677903826352631,
-0.669449232292977,-0.646635422873825,-0.631700904752357,-0.628370195376488,
-0.626372063815888,-0.624446655389219,-0.621460293514908,-0.611318041440931,
-0.587804743716103,-0.571621645595151,-0.566509100723032,-0.563095562017168,
-0.559720904031967,-0.554812426831168,-0.552549757161508),.UNSPECIFIED.);
#374=B_SPLINE_CURVE_WITH_KNOTS('',3,(#5690,#5691,#5692,#5693,#5694,#5695,
#5696,#5697,#5698,#5699,#5700,#5701,#5702,#5703,#5704,#5705,#5706,#5707,
#5708,#5709,#5710,#5711,#5712,#5713,#5714,#5715,#5716,#5717,#5718,#5719,
#5720,#5721,#5722,#5723,#5724,#5725,#5726,#5727,#5728,#5729,#5730,#5731,
#5732,#5733,#5734,#5735,#5736,#5737,#5738,#5739,#5740,#5741,#5742,#5743,
#5744),.UNSPECIFIED.,.F.,.F.,(4,3,3,3,3,3,3,3,3,3,3,3,3,3,3,3,3,3,4),(30.797946879802,
30.9155704400034,30.9296183456945,31.0472461674676,31.1646572888275,31.2819490798428,
31.3991716893083,31.5163751529009,31.6336933544901,31.751074994348,31.8686758351459,
31.9273479697491,32.0432384695968,32.1589576621333,32.2745585445413,32.3901448330658,
32.5057131098911,32.6214202346308,32.7254896760899),.UNSPECIFIED.);
#375=B_SPLINE_CURVE_WITH_KNOTS('',3,(#5745,#5746,#5747,#5748,#5749,#5750,
#5751,#5752,#5753,#5754,#5755,#5756,#5757,#5758,#5759,#5760,#5761,#5762,
#5763,#5764,#5765,#5766,#5767,#5768,#5769,#5770,#5771,#5772,#5773,#5774,
#5775,#5776,#5777,#5778,#5779,#5780,#5781,#5782,#5783,#5784,#5785,#5786,
#5787,#5788,#5789,#5790,#5791,#5792,#5793,#5794,#5795,#5796,#5797,#5798,
#5799,#5800,#5801,#5802,#5803,#5804,#5805,#5806,#5807,#5808,#5809,#5810,
#5811,#5812,#5813,#5814,#5815,#5816,#5817,#5818,#5819,#5820,#5821,#5822,
#5823,#5824,#5825,#5826,#5827,#5828,#5829,#5830,#5831,#5832,#5833,#5834,
#5835,#5836,#5837,#5838,#5839,#5840,#5841,#5842,#5843,#5844,#5845,#5846,
#5847,#5848,#5849,#5850,#5851,#5852,#5853,#5854,#5855,#5856,#5857,#5858,
#5859,#5860,#5861,#5862,#5863,#5864,#5865),.UNSPECIFIED.,.F.,.F.,(4,3,3,
3,3,3,3,3,3,3,3,3,3,3,3,3,3,3,3,3,3,3,3,3,3,3,3,3,3,3,3,3,3,3,3,3,3,3,3,
3,4),(32.7254896768751,32.8939424238587,32.9250775938038,33.0427054155764,
33.1601165369361,33.2774083279513,33.3946309374166,33.5118344010093,33.6291526025985,
33.7465342424565,33.8641350832545,33.9228072178584,34.0404350396288,34.157846160986,
34.2751379519988,34.3923605614616,34.5095640250518,34.6268822266384,34.7442638664937,
34.8618647072891,34.9205368419131,35.0381646637077,35.1555757850892,35.2728675761263,
35.3900901856134,35.5072936492278,35.6246118508383,35.7419934907175,35.8595943315362,
35.9182664659678,36.0358942877245,36.1533054090683,36.2705972000679,36.3878198095177,
36.5050232730951,36.6223414746694,36.7397231145127,36.8573239552965,36.9159960900224,
37.0336013509789,37.0822256022657),.UNSPECIFIED.);
#376=B_SPLINE_CURVE_WITH_KNOTS('',3,(#5867,#5868,#5869,#5870,#5871,#5872,
#5873,#5874,#5875,#5876,#5877,#5878,#5879,#5880,#5881,#5882,#5883,#5884,
#5885,#5886,#5887,#5888,#5889,#5890,#5891,#5892,#5893,#5894,#5895,#5896,
#5897,#5898,#5899,#5900,#5901,#5902,#5903,#5904,#5905,#5906,#5907,#5908,
#5909,#5910,#5911,#5912,#5913,#5914,#5915,#5916,#5917,#5918,#5919,#5920,
#5921,#5922,#5923,#5924,#5925,#5926,#5927,#5928,#5929,#5930,#5931,#5932,
#5933,#5934,#5935,#5936,#5937,#5938,#5939,#5940,#5941,#5942,#5943,#5944,
#5945,#5946,#5947,#5948,#5949,#5950,#5951,#5952,#5953,#5954,#5955,#5956,
#5957,#5958,#5959,#5960,#5961,#5962,#5963,#5964,#5965,#5966,#5967,#5968,
#5969,#5970,#5971,#5972,#5973,#5974,#5975,#5976,#5977,#5978,#5979,#5980,
#5981,#5982,#5983,#5984,#5985,#5986),.UNSPECIFIED.,.F.,.F.,(4,2,2,2,2,2,
2,2,2,2,2,2,2,2,2,2,2,2,2,2,2,2,2,2,2,2,2,2,2,2,2,2,2,2,2,2,2,2,2,2,2,2,
2,2,2,2,2,2,2,2,2,2,2,2,2,2,2,2,2,4),(-0.552549757161508,-0.539736338670602,
-0.524159034063776,-0.505375821270015,-0.501974014458491,-0.499960719912013,
-0.498045960537689,-0.495113001016775,-0.485555903745914,-0.467219235085087,
-0.445742238782136,-0.44035352678591,-0.436885416825646,-0.433550385408517,
-0.428862128694529,-0.41596680893988,-0.391338412141628,-0.378610194009308,
-0.375366765617939,-0.373387285160709,-0.371447026376114,-0.368388241946048,
-0.357366680157847,-0.328135104276857,-0.317326523794882,-0.313255997149389,
-0.309926149954179,-0.306506271037336,-0.301360686583775,-0.283091467015722,
-0.259800207233022,-0.251422321809957,-0.248531638573876,-0.246813645760321,
-0.244846474387308,-0.241660242420414,-0.228750668933594,-0.208092621558643,
-0.192193548901215,-0.187098240441589,-0.184028633024461,-0.180704557348851,
-0.176080085636237,-0.163732043703982,-0.141326193684106,-0.125876841114206,
-0.122531399391436,-0.12053016854509,-0.118607153774687,-0.115632440805682,
-0.105621147241391,-0.0828051582429046,-0.065892220861,-0.0607236905255688,
-0.0572993174180853,-0.0539339074281747,-0.0490749671685436,-0.0345349208511362,
-0.0187253723050672,-0.000374212414231549),.UNSPECIFIED.);
#377=B_SPLINE_CURVE_WITH_KNOTS('',3,(#5987,#5988,#5989,#5990,#5991,#5992,
#5993,#5994,#5995,#5996,#5997,#5998,#5999,#6000,#6001,#6002,#6003,#6004,
#6005,#6006,#6007,#6008,#6009,#6010,#6011,#6012,#6013,#6014,#6015,#6016,
#6017,#6018,#6019,#6020,#6021,#6022,#6023,#6024,#6025,#6026,#6027,#6028,
#6029,#6030,#6031,#6032,#6033,#6034,#6035,#6036,#6037,#6038,#6039,#6040,
#6041,#6042,#6043,#6044),.UNSPECIFIED.,.F.,.F.,(4,2,2,2,2,2,2,2,2,2,2,2,
2,2,2,2,2,2,2,2,2,2,2,2,2,2,2,2,4),(-1.59333414719328,-1.59088415575959,
-1.58858309164912,-1.58687488435311,-1.58491000558207,-1.5817359764929,
-1.57002954941638,-1.55198061146175,-1.53393817392542,-1.52799048312619,
-1.5244086885813,-1.52112289747828,-1.5168270734447,-1.50737588984792,-1.47655781293916,
-1.46534668934435,-1.46227308278462,-1.4603294012972,-1.4583528518973,-1.45512451144482,
-1.44276466886133,-1.41779714125242,-1.40482192110484,-1.40012374395327,
-1.39678641922762,-1.39332002999747,-1.38794258079437,-1.36651257338017,
-1.34905351353957),.UNSPECIFIED.);
#378=B_SPLINE_CURVE_WITH_KNOTS('',3,(#6050,#6051,#6052,#6053,#6054,#6055,
#6056,#6057,#6058,#6059,#6060,#6061,#6062,#6063,#6064,#6065,#6066,#6067,
#6068,#6069,#6070,#6071,#6072,#6073,#6074,#6075,#6076,#6077,#6078,#6079,
#6080,#6081,#6082,#6083,#6084,#6085,#6086,#6087,#6088,#6089,#6090,#6091,
#6092,#6093,#6094,#6095,#6096,#6097,#6098,#6099,#6100,#6101),
 .UNSPECIFIED.,.F.,.F.,(4,3,3,3,3,3,3,3,3,3,3,3,3,3,3,3,3,4),(24.5150681690239,
24.6323808442311,24.7497503712171,24.8673445759077,24.9432406013665,25.060868423,
25.1782795442156,25.295571335084,25.4127939443999,25.5299974078408,25.6473156092762,
25.7646972489788,25.882298089621,25.9409702254212,26.0663037614898,26.1894482512335,
26.3158763104645,26.4423043696955),.UNSPECIFIED.);
#379=B_SPLINE_CURVE_WITH_KNOTS('',3,(#6102,#6103,#6104,#6105,#6106,#6107,
#6108,#6109,#6110,#6111,#6112,#6113,#6114,#6115,#6116,#6117,#6118,#6119,
#6120,#6121,#6122,#6123,#6124,#6125,#6126,#6127,#6128,#6129,#6130,#6131,
#6132,#6133,#6134,#6135,#6136,#6137,#6138,#6139,#6140,#6141,#6142,#6143,
#6144,#6145,#6146,#6147,#6148,#6149,#6150,#6151,#6152,#6153,#6154,#6155,
#6156,#6157,#6158,#6159,#6160,#6161,#6162,#6163,#6164,#6165,#6166,#6167,
#6168,#6169,#6170,#6171,#6172,#6173,#6174,#6175,#6176,#6177,#6178,#6179,
#6180,#6181,#6182,#6183,#6184,#6185,#6186,#6187,#6188,#6189,#6190,#6191,
#6192,#6193,#6194,#6195,#6196,#6197,#6198,#6199,#6200,#6201,#6202,#6203,
#6204,#6205,#6206,#6207,#6208,#6209,#6210,#6211,#6212,#6213,#6214,#6215,
#6216,#6217,#6218,#6219),.UNSPECIFIED.,.F.,.F.,(4,3,3,3,3,3,3,3,3,3,3,3,
3,3,3,3,3,3,3,3,3,3,3,3,3,3,3,3,3,3,3,3,3,3,3,3,3,3,3,4),(26.4423043707163,
26.5664032404061,26.6896612489573,26.8141805492165,26.9386998494758,27.0563276712233,
27.1737387925576,27.2910305835473,27.4082531929871,27.5254566565542,27.642774858118,
27.7601564979507,27.8777573387238,27.9364294735305,28.0540572952894,28.1714684166347,
28.2887602076351,28.4059828170853,28.5231862806624,28.6405044822358,28.7578861220777,
28.8754869628595,28.9341590975851,29.0517869193786,29.1691980407594,29.286489831796,
29.403712441283,29.5209159048974,29.6382341065084,29.7556157463881,29.8732165872078,
29.9318887216398,30.0494759114826,30.1668885472286,30.2841769776051,30.4013913623946,
30.518634317776,30.6358938847431,30.7532919111189,30.797946879802),
 .UNSPECIFIED.);
#380=B_SPLINE_CURVE_WITH_KNOTS('',3,(#6220,#6221,#6222,#6223,#6224,#6225,
#6226,#6227,#6228,#6229,#6230,#6231,#6232,#6233,#6234,#6235,#6236,#6237,
#6238,#6239,#6240,#6241,#6242,#6243,#6244,#6245,#6246,#6247,#6248,#6249,
#6250,#6251,#6252,#6253,#6254,#6255,#6256,#6257,#6258,#6259,#6260,#6261,
#6262,#6263,#6264,#6265,#6266,#6267,#6268,#6269,#6270,#6271,#6272,#6273,
#6274,#6275,#6276,#6277,#6278,#6279,#6280,#6281,#6282,#6283,#6284,#6285,
#6286,#6287,#6288,#6289,#6290,#6291,#6292,#6293,#6294,#6295,#6296,#6297,
#6298,#6299,#6300,#6301,#6302,#6303,#6304,#6305,#6306,#6307,#6308,#6309,
#6310,#6311,#6312,#6313,#6314,#6315,#6316,#6317,#6318,#6319,#6320,#6321,
#6322,#6323,#6324,#6325,#6326,#6327,#6328,#6329,#6330,#6331,#6332,#6333,
#6334,#6335,#6336,#6337,#6338,#6339,#6340,#6341,#6342,#6343,#6344,#6345,
#6346,#6347,#6348,#6349,#6350,#6351,#6352,#6353,#6354,#6355,#6356,#6357,
#6358,#6359,#6360,#6361,#6362,#6363,#6364,#6365,#6366,#6367,#6368,#6369,
#6370,#6371,#6372,#6373,#6374,#6375,#6376,#6377,#6378,#6379,#6380,#6381,
#6382,#6383,#6384,#6385,#6386,#6387,#6388,#6389,#6390,#6391,#6392,#6393,
#6394,#6395,#6396,#6397,#6398,#6399,#6400,#6401,#6402,#6403,#6404,#6405),
 .UNSPECIFIED.,.F.,.F.,(4,2,2,2,2,2,2,2,2,2,2,2,2,2,2,2,2,2,2,2,2,2,2,2,
2,2,2,2,2,2,2,2,2,2,2,2,2,2,2,2,2,2,2,2,2,2,2,2,2,2,2,2,2,2,2,2,2,2,2,2,
2,2,2,2,2,2,2,2,2,2,2,2,2,2,2,2,2,2,2,2,2,2,2,2,2,2,2,2,2,2,2,2,4),(-1.34905351353957,
-1.34809233304446,-1.33855909467263,-1.33562808222729,-1.3337133958571,
-1.33169890475722,-1.32829273958015,-1.30943277112923,-1.29327564599274,
-1.27871573931469,-1.27385384027271,-1.27048729761055,-1.26706253513567,
-1.26189489035899,-1.2450043785882,-1.22218013078383,-1.21216747295119,
-1.20919231269853,-1.2072688977766,-1.20551538983535,-1.20243156029826,
-1.19207397685169,-1.16529543284378,-1.15194265321361,-1.14720321000575,
-1.14385888888424,-1.14040420326479,-1.13508434003947,-1.11432079370625,
-1.09861436139858,-1.08606636005289,-1.082901693278,-1.08093889753353,-1.07898299763206,
-1.07585057102535,-1.06492433012001,-1.03868121478041,-1.02543539428138,
-1.02070769450296,-1.01736554518006,-1.0139079079839,-1.008572726636,-0.987703296366945,
-0.97185666925866,-0.96351523348215,-0.957945855249828,-0.955518436501251,
-0.953852585267069,-0.95167572654939,-0.947606603953507,-0.927083315861681,
-0.90923455594667,-0.898283317472884,-0.893837660750833,-0.89054165775215,
-0.88699174586103,-0.881199051318658,-0.851695890848689,-0.839291610192412,
-0.832062388659835,-0.829390184398538,-0.827521470549122,-0.825410231617216,
-0.821647177981804,-0.796932701669755,-0.775571210293279,-0.769318396564993,
-0.765675261320346,-0.76240629153801,-0.758163261766773,-0.748590529666318,
-0.734287976852608,-0.711462403202555,-0.705396030271023,-0.703060821021581,
-0.70119219763747,-0.69913609599876,-0.695532443924805,-0.67559369572899,
-0.648839061556666,-0.642729736455656,-0.639115813274693,-0.635840332569673,
-0.631541345343556,-0.621603577228652,-0.606427209349758,-0.581242409993527,
-0.577493460575652,-0.575406944208268,-0.573529818280493,-0.570803203817989,
-0.56314507445094,-0.552564372049108),.UNSPECIFIED.);
#381=B_SPLINE_CURVE_WITH_KNOTS('',3,(#6411,#6412,#6413,#6414,#6415,#6416),
 .UNSPECIFIED.,.F.,.F.,(4,1,1,4),(18.2329884200218,18.9568628570385,19.9545924810932,
20.1591190625159),.UNSPECIFIED.);
#382=B_SPLINE_CURVE_WITH_KNOTS('',3,(#6417,#6418,#6419,#6420,#6421,#6422,
#6423,#6424,#6425,#6426,#6427,#6428,#6429,#6430,#6431,#6432,#6433,#6434,
#6435,#6436,#6437,#6438,#6439,#6440,#6441,#6442,#6443,#6444,#6445,#6446,
#6447,#6448,#6449,#6450,#6451,#6452,#6453,#6454,#6455,#6456,#6457,#6458,
#6459,#6460,#6461,#6462,#6463,#6464,#6465,#6466,#6467,#6468,#6469,#6470,
#6471,#6472,#6473,#6474,#6475,#6476,#6477,#6478,#6479,#6480,#6481,#6482,
#6483,#6484,#6485,#6486,#6487,#6488,#6489,#6490,#6491,#6492,#6493,#6494,
#6495,#6496,#6497,#6498,#6499,#6500,#6501,#6502,#6503,#6504,#6505,#6506,
#6507,#6508,#6509,#6510,#6511,#6512,#6513,#6514,#6515,#6516,#6517,#6518,
#6519,#6520,#6521,#6522,#6523,#6524,#6525,#6526,#6527,#6528,#6529,#6530,
#6531,#6532,#6533,#6534),.UNSPECIFIED.,.F.,.F.,(4,3,3,3,3,3,3,3,3,3,3,3,
3,3,3,3,3,3,3,3,3,3,3,3,3,3,3,3,3,3,3,3,3,3,3,3,3,3,3,4),(20.1591192370998,
20.2748378403338,20.3904505415805,20.5060100517659,20.621654380262,20.7373364448025,
20.8532435403007,20.9523221051479,21.0699499264213,21.1873610472939,21.3046528378299,
21.4218754468249,21.5390789099573,21.6563971111047,21.7737787505309,21.8913795909178,
21.9500517292025,22.0676795498312,22.1850906700118,22.3023824598272,22.4196050680745,
22.536808530433,22.6541267307733,22.7715083693721,22.88910920891,22.9477813532572,
23.0654091758262,23.1828202979989,23.3001120898366,23.4173347001323,23.5345381645619,
23.6518563669912,23.7692380076922,23.886838849328,23.9455109773118,24.0631283499532,
24.1805396837285,24.2978286226713,24.4150751945068,24.5150681690239),
 .UNSPECIFIED.);
#383=B_SPLINE_CURVE_WITH_KNOTS('',3,(#6536,#6537,#6538,#6539,#6540,#6541,
#6542,#6543,#6544,#6545,#6546,#6547,#6548,#6549,#6550,#6551,#6552,#6553,
#6554,#6555,#6556,#6557,#6558,#6559,#6560,#6561,#6562,#6563,#6564,#6565,
#6566,#6567,#6568,#6569,#6570,#6571,#6572,#6573,#6574,#6575,#6576,#6577,
#6578,#6579,#6580,#6581,#6582,#6583,#6584,#6585,#6586,#6587,#6588,#6589,
#6590,#6591,#6592,#6593,#6594,#6595,#6596,#6597,#6598,#6599,#6600,#6601,
#6602,#6603,#6604,#6605,#6606,#6607,#6608,#6609,#6610,#6611,#6612,#6613,
#6614,#6615,#6616,#6617,#6618,#6619,#6620,#6621,#6622,#6623,#6624,#6625,
#6626,#6627,#6628,#6629,#6630,#6631,#6632,#6633,#6634,#6635,#6636,#6637,
#6638,#6639,#6640,#6641,#6642,#6643,#6644,#6645,#6646,#6647,#6648,#6649,
#6650,#6651,#6652,#6653,#6654,#6655,#6656,#6657,#6658,#6659,#6660,#6661,
#6662,#6663,#6664,#6665),.UNSPECIFIED.,.F.,.F.,(4,2,2,2,2,2,2,2,2,2,2,2,
2,2,2,2,2,2,2,2,2,2,2,2,2,2,2,2,2,2,2,2,2,2,2,2,2,2,2,2,2,2,2,2,2,2,2,2,
2,2,2,2,2,2,2,2,2,2,2,2,2,2,2,2,4),(-0.552564372049108,-0.549502132079717,
-0.52229566329818,-0.516227693631362,-0.512622123281953,-0.509344396273334,
-0.505028032101711,-0.49497502369806,-0.479514191754701,-0.454888233297384,
-0.451118401052256,-0.449005825174637,-0.447137864699515,-0.44446929801733,
-0.437266663888815,-0.424934802291495,-0.395263885454695,-0.389492050363546,
-0.385946655284179,-0.382649509951224,-0.378193993402638,-0.367167209116058,
-0.349099895771624,-0.328927238171499,-0.324862076420056,-0.322686231605709,
-0.321020524054476,-0.318592412772878,-0.313017655671706,-0.304663256000509,
-0.28881249495,-0.267942199368251,-0.262609462052433,-0.259152649204281,
-0.255810771433047,-0.251082529586134,-0.237825581145043,-0.211510725416001,
-0.200690638220087,-0.197566320352625,-0.195805330554128,-0.193889773409278,
-0.190952703298056,-0.181352031126646,-0.160549430902275,-0.141319963839805,
-0.136062828021408,-0.132620949563599,-0.129268670487594,-0.12448236043235,
-0.110677911047946,-0.081317780735556,-0.0735682300659923,-0.0707540566554183,
-0.0688803863346638,-0.066834747834751,-0.0632807280647373,-0.0430314306716214,
-0.0357307416339007,-0.024633840301328,-0.0133457268087266,-0.00884753754266793,
-0.00558521813121561,-0.00286179527113122,-0.000373772973959066),
 .UNSPECIFIED.);
#384=B_SPLINE_CURVE_WITH_KNOTS('',3,(#6666,#6667,#6668,#6669,#6670,#6671,
#6672,#6673,#6674,#6675,#6676,#6677,#6678,#6679,#6680,#6681,#6682,#6683,
#6684,#6685,#6686,#6687,#6688,#6689,#6690,#6691,#6692,#6693,#6694,#6695,
#6696,#6697,#6698,#6699,#6700,#6701,#6702,#6703,#6704,#6705,#6706,#6707,
#6708,#6709,#6710,#6711,#6712,#6713,#6714,#6715,#6716,#6717,#6718,#6719,
#6720,#6721),.UNSPECIFIED.,.F.,.F.,(4,2,2,2,2,2,2,2,2,2,2,2,2,2,2,2,2,2,
2,2,2,2,2,2,2,2,2,4),(-1.59334244443973,-1.58904881096746,-1.58154767040554,
-1.55047360014463,-1.54040241751592,-1.5374219286995,-1.53549735962564,
-1.5337447750744,-1.53066620876358,-1.5203716292727,-1.49353093661086,-1.48016548411134,
-1.47542445777582,-1.472079695049,-1.46903291183371,-1.46407294676396,-1.44942927786561,
-1.42437410299335,-1.41396288230606,-1.41095312871102,-1.40902268935368,
-1.40727585544967,-1.40422766008107,-1.39421576271517,-1.36709899115732,
-1.35802640445241,-1.35103188055396,-1.34902426813649),.UNSPECIFIED.);
#385=B_SPLINE_CURVE_WITH_KNOTS('',3,(#6727,#6728,#6729,#6730,#6731,#6732,
#6733,#6734,#6735,#6736,#6737,#6738,#6739,#6740,#6741,#6742,#6743,#6744,
#6745,#6746,#6747,#6748,#6749,#6750,#6751,#6752,#6753,#6754,#6755,#6756,
#6757,#6758,#6759,#6760,#6761,#6762,#6763,#6764,#6765,#6766,#6767,#6768,
#6769,#6770,#6771,#6772,#6773,#6774,#6775,#6776,#6777,#6778,#6779,#6780,
#6781),.UNSPECIFIED.,.F.,.F.,(4,3,3,3,3,3,3,3,3,3,3,3,3,3,3,3,3,3,4),(11.9487740457598,
11.9727554886559,12.0903835713159,12.2077949670871,12.3250870406619,12.4423099402969,
12.5595137011426,12.6768322084017,12.794214159177,12.9118153154236,12.9704851127106,
13.0866645959506,13.2026757033061,13.3185710327456,13.4344029792121,13.550300889957,
13.6662273754096,13.7823574428578,13.8759331980452),.UNSPECIFIED.);
#386=B_SPLINE_CURVE_WITH_KNOTS('',3,(#6782,#6783,#6784,#6785,#6786,#6787,
#6788,#6789,#6790),.UNSPECIFIED.,.F.,.F.,(4,1,1,1,1,1,4),(13.8759337553364,
13.9682147367652,14.9659443608199,15.9636739848746,16.9614036089292,17.9591332329839,
18.2329884200218),.UNSPECIFIED.);
#387=B_SPLINE_CURVE_WITH_KNOTS('',3,(#6791,#6792,#6793,#6794,#6795,#6796,
#6797,#6798,#6799,#6800,#6801,#6802,#6803,#6804,#6805,#6806,#6807,#6808,
#6809,#6810,#6811,#6812,#6813,#6814,#6815,#6816,#6817,#6818,#6819,#6820,
#6821,#6822,#6823,#6824,#6825,#6826,#6827,#6828,#6829,#6830,#6831,#6832,
#6833,#6834,#6835,#6836,#6837,#6838,#6839,#6840,#6841,#6842,#6843,#6844,
#6845,#6846,#6847,#6848,#6849,#6850,#6851,#6852,#6853,#6854,#6855,#6856,
#6857,#6858,#6859,#6860,#6861,#6862,#6863,#6864,#6865,#6866,#6867,#6868,
#6869,#6870,#6871,#6872,#6873,#6874,#6875,#6876,#6877,#6878,#6879,#6880,
#6881,#6882,#6883,#6884,#6885,#6886,#6887,#6888,#6889,#6890,#6891,#6892,
#6893,#6894,#6895,#6896,#6897,#6898,#6899,#6900,#6901,#6902,#6903,#6904,
#6905,#6906,#6907,#6908,#6909,#6910,#6911,#6912,#6913,#6914,#6915,#6916,
#6917,#6918,#6919,#6920,#6921,#6922,#6923,#6924,#6925,#6926,#6927,#6928,
#6929,#6930,#6931,#6932,#6933,#6934,#6935,#6936,#6937,#6938,#6939,#6940,
#6941,#6942,#6943,#6944,#6945,#6946,#6947,#6948,#6949,#6950,#6951,#6952,
#6953,#6954,#6955,#6956,#6957,#6958,#6959,#6960,#6961,#6962,#6963,#6964,
#6965,#6966,#6967,#6968,#6969,#6970,#6971,#6972),.UNSPECIFIED.,.F.,.F.,
(4,2,2,2,2,2,2,2,2,2,2,2,2,2,2,2,2,2,2,2,2,2,2,2,2,2,2,2,2,2,2,2,2,2,2,
2,2,2,2,2,2,2,2,2,2,2,2,2,2,2,2,2,2,2,2,2,2,2,2,2,2,2,2,2,2,2,2,2,2,2,2,
2,2,2,2,2,2,2,2,2,2,2,2,2,2,2,2,2,2,2,4),(-1.34902426813649,-1.34724128349339,
-1.34399138678028,-1.33997325932834,-1.33175306832359,-1.30176520360282,
-1.29236272465685,-1.28631854142682,-1.28381502329029,-1.28198398094953,
-1.27978541132146,-1.2756133615715,-1.25843165966553,-1.24209934702236,
-1.22746800271357,-1.22259946728359,-1.21923179208001,-1.21580870293389,
-1.21064917214864,-1.19389196766727,-1.17094542613529,-1.16090957552424,
-1.15793242327127,-1.15600865866664,-1.15425564893938,-1.15117421701934,
-1.14084394570556,-1.11403891050474,-1.10068088330853,-1.09594092219613,
-1.09259655818772,-1.08914210377378,-1.08382316715894,-1.06306673965859,
-1.04738746880456,-1.03480895679885,-1.03164241092686,-1.02967920679744,
-1.02772349212191,-1.02459246760592,-1.01368810488687,-0.98742913113055,
-0.97418060089715,-0.969452492540341,-0.966110129805107,-0.9626523192872,
-0.957316939915337,-0.936447085825081,-0.920600337182749,-0.912259312036778,
-0.906690115146546,-0.904262708033881,-0.902596942182184,-0.900420433661064,
-0.896352005828474,-0.875816701842165,-0.85797416213341,-0.847025302204731,
-0.84258037975094,-0.839284906624732,-0.835735578237748,-0.829943934916092,
-0.796674002005736,-0.782126620542675,-0.778809862486959,-0.776814742348736,
-0.774887119191842,-0.771889955211336,-0.761624802093125,-0.737434535415262,
-0.722025095816843,-0.716925846524021,-0.713855159675327,-0.710530890906241,
-0.705907989413419,-0.693577383347582,-0.671238698014896,-0.655700460284036,
-0.652352762314224,-0.650350617620111,-0.648426043221096,-0.645448829941302,
-0.635425584343183,-0.612547160754318,-0.595724495887238,-0.590559960609304,
-0.587134918275295,-0.583766249521893,-0.57889776617973,-0.56427680379959,
-0.552501695973873),.UNSPECIFIED.);
#388=B_SPLINE_CURVE_WITH_KNOTS('',3,(#6978,#6979,#6980,#6981,#6982,#6983,
#6984,#6985,#6986,#6987,#6988,#6989,#6990,#6991,#6992,#6993,#6994,#6995,
#6996,#6997,#6998,#6999,#7000,#7001,#7002,#7003,#7004,#7005,#7006,#7007,
#7008,#7009,#7010,#7011,#7012,#7013,#7014,#7015,#7016,#7017,#7018,#7019,
#7020,#7021,#7022,#7023,#7024,#7025,#7026,#7027,#7028,#7029),
 .UNSPECIFIED.,.F.,.F.,(4,3,3,3,3,3,3,3,3,3,3,3,3,3,3,3,3,4),(-1.92517937395566,
-1.80899731672716,-1.69295330424532,-1.57699508928903,-1.46107057280549,
-1.34502702311291,-1.22893015064035,-1.11256859307756,-0.997729624054656,
-0.873013421047824,-0.752355525174992,-0.631855249326347,-0.511471820531865,
-0.391164653480903,-0.270858370981858,-0.150554231188357,-0.0301656459068109,
0.),.UNSPECIFIED.);
#389=B_SPLINE_CURVE_WITH_KNOTS('',3,(#7032,#7033,#7034,#7035,#7036,#7037,
#7038,#7039,#7040,#7041,#7042,#7043,#7044,#7045,#7046,#7047,#7048,#7049,
#7050,#7051,#7052,#7053,#7054,#7055,#7056,#7057,#7058,#7059,#7060,#7061,
#7062,#7063,#7064,#7065,#7066,#7067,#7068,#7069,#7070,#7071,#7072,#7073,
#7074,#7075,#7076,#7077,#7078,#7079,#7080,#7081,#7082,#7083,#7084,#7085,
#7086,#7087,#7088,#7089,#7090,#7091,#7092,#7093,#7094,#7095,#7096,#7097,
#7098,#7099,#7100,#7101,#7102,#7103,#7104,#7105,#7106,#7107,#7108,#7109,
#7110,#7111,#7112,#7113,#7114,#7115,#7116,#7117,#7118,#7119,#7120,#7121,
#7122,#7123,#7124,#7125,#7126,#7127,#7128,#7129,#7130,#7131),
 .UNSPECIFIED.,.F.,.F.,(4,3,3,3,3,3,3,3,3,3,3,3,3,3,3,3,3,3,3,3,3,3,3,3,
3,3,3,3,3,3,3,3,3,4),(2.02057957718938,2.1421557390612,2.25922038135953,
2.37616939031835,2.49305353212737,2.60992346373554,2.72690814568991,2.84396200956275,
2.96122196145146,2.99318887216398,3.1110226874021,3.22864662723061,3.34615527392617,
3.46359834867731,3.58102546490962,3.69857035915956,3.81618074817614,3.93401084172436,
3.99091849621864,4.10838424426028,4.22562980240017,4.34275400436689,4.45980731296931,
4.57684007494094,4.69398679156278,4.81119624216649,4.92862581742582,4.9886481202733,
5.10628780609961,5.22374608798484,5.34108076645851,5.45833962510274,5.57562489330093,
5.66524084381941),.UNSPECIFIED.);
#390=B_SPLINE_CURVE_WITH_KNOTS('',3,(#7397,#7398,#7399,#7400,#7401,#7402,
#7403,#7404,#7405,#7406,#7407,#7408,#7409,#7410,#7411,#7412,#7413,#7414,
#7415,#7416,#7417,#7418,#7419,#7420,#7421,#7422,#7423,#7424,#7425,#7426,
#7427,#7428,#7429,#7430,#7431,#7432,#7433,#7434,#7435,#7436,#7437,#7438,
#7439,#7440,#7441,#7442,#7443,#7444,#7445,#7446,#7447,#7448),
 .UNSPECIFIED.,.F.,.F.,(4,3,3,3,3,3,3,3,3,3,3,3,3,3,3,3,3,4),(5.66524084381941,
5.78263892303735,5.90026442855626,5.98637774432796,6.10403013187102,6.2214666967781,
6.3387844533934,6.45603350072517,6.57326382537829,6.69060931772078,6.80801853321775,
6.92564706956886,6.98410736838263,7.10311314967138,7.22552197429273,7.34413006201499,
7.46843925508589,7.59274844815678),.UNSPECIFIED.);
#391=B_SPLINE_CURVE_WITH_KNOTS('',3,(#7449,#7450,#7451,#7452,#7453,#7454,
#7455,#7456,#7457,#7458,#7459,#7460,#7461,#7462,#7463,#7464,#7465,#7466,
#7467,#7468,#7469,#7470,#7471,#7472,#7473,#7474,#7475,#7476,#7477,#7478,
#7479,#7480,#7481,#7482,#7483,#7484,#7485,#7486,#7487,#7488,#7489,#7490,
#7491,#7492,#7493,#7494,#7495,#7496,#7497,#7498,#7499,#7500,#7501,#7502,
#7503,#7504,#7505,#7506,#7507,#7508,#7509,#7510,#7511,#7512,#7513,#7514,
#7515,#7516,#7517,#7518,#7519,#7520,#7521,#7522,#7523,#7524,#7525,#7526,
#7527,#7528,#7529,#7530,#7531,#7532,#7533,#7534,#7535,#7536,#7537,#7538,
#7539,#7540,#7541,#7542,#7543,#7544,#7545,#7546,#7547,#7548,#7549,#7550,
#7551,#7552,#7553,#7554,#7555,#7556,#7557,#7558,#7559,#7560,#7561,#7562,
#7563,#7564,#7565,#7566),.UNSPECIFIED.,.F.,.F.,(4,3,3,3,3,3,3,3,3,3,3,3,
3,3,3,3,3,3,3,3,3,3,3,3,3,3,3,3,3,3,3,3,3,3,3,3,3,3,3,4),(7.5927484488909,
7.72322453247841,7.85464970443452,7.98183699243729,8.09947163965716,8.2168896578928,
8.33418838405331,8.45141795359285,8.56862838890479,8.6859535241886,8.80334208620713,
8.92094974968456,8.97956661649194,9.0971971514321,9.21461109738045,9.33190577961996,
9.44913134142587,9.56633781304725,9.68365908346754,9.80104383132231,9.91864780466913,
9.97729624054661,10.0949206268634,10.2123282295196,10.3296164532697,10.4468354537382,
10.5640352733643,10.68134980683,10.7987277594118,10.9163249264349,10.9750258646013,
11.0967443872461,11.2141516481682,11.3314404519132,11.448660941543,11.5658631477205,
11.6831720589562,11.8005456101734,11.9181163625991,11.9487740457598),
 .UNSPECIFIED.);
#392=B_SPLINE_CURVE_WITH_KNOTS('',3,(#7568,#7569,#7570,#7571,#7572,#7573,
#7574,#7575,#7576,#7577,#7578,#7579,#7580,#7581,#7582,#7583,#7584,#7585,
#7586,#7587,#7588,#7589,#7590,#7591,#7592,#7593,#7594,#7595,#7596,#7597,
#7598,#7599,#7600,#7601,#7602,#7603,#7604,#7605,#7606,#7607,#7608,#7609,
#7610,#7611,#7612,#7613,#7614,#7615,#7616,#7617,#7618,#7619,#7620,#7621,
#7622,#7623,#7624,#7625,#7626,#7627,#7628,#7629,#7630,#7631,#7632,#7633,
#7634,#7635,#7636,#7637,#7638,#7639,#7640,#7641,#7642,#7643,#7644,#7645,
#7646,#7647,#7648,#7649,#7650,#7651,#7652,#7653,#7654,#7655,#7656,#7657,
#7658,#7659,#7660,#7661,#7662,#7663,#7664,#7665,#7666,#7667,#7668,#7669,
#7670,#7671,#7672,#7673,#7674,#7675,#7676,#7677,#7678,#7679,#7680,#7681,
#7682,#7683,#7684,#7685,#7686,#7687,#7688,#7689,#7690,#7691,#7692,#7693,
#7694,#7695,#7696,#7697,#7698,#7699,#7700,#7701),.UNSPECIFIED.,.F.,.F.,
(4,2,2,2,2,2,2,2,2,2,2,2,2,2,2,2,2,2,2,2,2,2,2,2,2,2,2,2,2,2,2,2,2,2,2,
2,2,2,2,2,2,2,2,2,2,2,2,2,2,2,2,2,2,2,2,2,2,2,2,2,2,2,2,2,2,2,4),(-0.552501695973873,
-0.547969586676244,-0.530777398885967,-0.526604408680055,-0.524405544853022,
-0.522576004165543,-0.520076214968945,-0.514045041872459,-0.504669423788749,
-0.474918078521192,-0.46648307494872,-0.462429998181232,-0.45918148944827,
-0.455425608137862,-0.448595219933002,-0.423020396635419,-0.404219746625716,
-0.400069168663276,-0.397876393355616,-0.396045975851201,-0.393538612570786,
-0.387467031945998,-0.378001246809389,-0.347603556203457,-0.339656854578031,
-0.3356865864389,-0.332437599484058,-0.328604692548924,-0.321394790318847,
-0.306371485777246,-0.281118640903596,-0.274701951492132,-0.272077092454789,
-0.270211353522877,-0.268063131437966,-0.264042765200609,-0.249266566155704,
-0.221293906704186,-0.213405146213843,-0.209440671348355,-0.206184851982811,
-0.20232982220881,-0.195031390205844,-0.178358176347669,-0.157417792656916,
-0.148996907266942,-0.146100650411958,-0.144382369848093,-0.142434467863099,
-0.139290098850532,-0.126831756637051,-0.110950559605837,-0.0900217754840783,
-0.0847022475058911,-0.0812653395472351,-0.0779523255989488,-0.0732835950813013,
-0.060383822797474,-0.0483849515735183,-0.0265129003237576,-0.021657940641054,
-0.0193225219975147,-0.0174595031793529,-0.0157438986066935,-0.0136848308280615,
-0.00892893110396183,-0.000390158593855082),.UNSPECIFIED.);
#393=B_SPLINE_CURVE_WITH_KNOTS('',3,(#7702,#7703,#7704,#7705,#7706,#7707,
#7708,#7709,#7710,#7711,#7712,#7713,#7714,#7715,#7716,#7717,#7718,#7719,
#7720,#7721,#7722,#7723,#7724,#7725,#7726,#7727,#7728,#7729,#7730,#7731,
#7732,#7733,#7734,#7735,#7736,#7737,#7738,#7739,#7740,#7741,#7742,#7743,
#7744,#7745,#7746,#7747,#7748,#7749,#7750,#7751,#7752,#7753,#7754,#7755,
#7756),.UNSPECIFIED.,.F.,.F.,(4,3,3,3,3,3,3,3,3,3,3,3,3,3,3,3,3,3,4),(-3.85260200388544,
-3.73664341911818,-3.62082374865377,-3.50509033053439,-3.38939065985691,
-3.27359455943235,-3.15774338982815,-3.04168812299734,-2.99318887216397,
-2.87538940331009,-2.75780219220088,-2.64033172963803,-2.52292824298472,
-2.40554206927239,-2.28803991011978,-2.17047334300425,-2.05268829898953,
-1.99545924810932,-1.92517937395566),.UNSPECIFIED.);
#394=B_SPLINE_CURVE_WITH_KNOTS('',3,(#7759,#7760,#7761,#7762,#7763,#7764,
#7765,#7766),.UNSPECIFIED.,.F.,.F.,(4,1,1,1,1,4),(17.9343776653479,18.8394686319794,
19.837198256034,20.8349278800887,21.8326575041434,21.9911485751285),
 .UNSPECIFIED.);
#395=B_SPLINE_CURVE_WITH_KNOTS('',3,(#7767,#7768,#7769,#7770,#7771,#7772),
 .UNSPECIFIED.,.F.,.F.,(4,1,1,4),(21.9911485751285,22.830387128198,23.8281167522527,
24.2175853703741),.UNSPECIFIED.);
#396=B_SPLINE_CURVE_WITH_KNOTS('',3,(#7774,#7775,#7776,#7777,#7778,#7779),
 .UNSPECIFIED.,.F.,.F.,(4,1,1,4),(21.9911485751285,22.3802371194264,23.3779667434811,
24.2162306788013),.UNSPECIFIED.);
#397=B_SPLINE_CURVE_WITH_KNOTS('',3,(#7780,#7781,#7782,#7783,#7784,#7785,
#7786,#7787),.UNSPECIFIED.,.F.,.F.,(4,1,1,1,1,4),(17.9335511934556,18.3893186232078,
19.3870482472625,20.3847778713171,21.3825074953718,21.9911485751285),
 .UNSPECIFIED.);
#398=B_SPLINE_CURVE_WITH_KNOTS('',3,(#7789,#7790,#7791,#7792,#7793,#7794,
#7795,#7796,#7797,#7798,#7799,#7800,#7801,#7802,#7803,#7804,#7805,#7806,
#7807,#7808,#7809,#7810,#7811,#7812,#7813,#7814,#7815,#7816,#7817,#7818,
#7819,#7820,#7821,#7822,#7823,#7824,#7825,#7826,#7827,#7828,#7829,#7830,
#7831,#7832,#7833,#7834,#7835,#7836,#7837,#7838,#7839,#7840,#7841,#7842,
#7843,#7844,#7845,#7846,#7847,#7848,#7849,#7850,#7851,#7852,#7853,#7854,
#7855,#7856,#7857,#7858,#7859,#7860,#7861,#7862,#7863,#7864,#7865,#7866,
#7867),.UNSPECIFIED.,.F.,.F.,(4,3,3,3,3,3,3,3,3,3,3,3,3,3,3,3,3,3,3,3,3,
3,3,3,3,3,4),(-0.286347380332255,-0.270866161400286,-0.259824280435856,
-0.25577802753223,-0.251905401259088,-0.235711708569731,-0.229219135293773,
-0.223972242391253,-0.220677680548168,-0.204037417439075,-0.187251263106207,
-0.178010793156132,-0.171090225887377,-0.168069536136989,-0.151922727744347,
-0.135105329572288,-0.118897847503174,-0.115939206448149,-0.0987187638844042,
-0.0809760151631722,-0.0632645571221613,-0.0597353564151284,-0.056685310648351,
-0.0384590532514931,-0.0204180499843385,-0.0038885678118606,-2.52690436472238E-5),
 .UNSPECIFIED.);
#399=B_SPLINE_CURVE_WITH_KNOTS('',3,(#7868,#7869,#7870,#7871,#7872,#7873,
#7874,#7875,#7876,#7877,#7878,#7879,#7880,#7881,#7882,#7883,#7884,#7885,
#7886,#7887,#7888,#7889,#7890,#7891,#7892,#7893,#7894,#7895,#7896,#7897,
#7898,#7899,#7900,#7901,#7902,#7903,#7904,#7905,#7906,#7907,#7908,#7909,
#7910,#7911,#7912,#7913,#7914,#7915,#7916,#7917,#7918,#7919,#7920,#7921,
#7922,#7923,#7924,#7925,#7926,#7927,#7928,#7929,#7930,#7931,#7932,#7933,
#7934,#7935,#7936,#7937,#7938,#7939,#7940),.UNSPECIFIED.,.F.,.F.,(4,3,3,
3,3,3,3,3,3,3,3,3,3,3,3,3,3,3,3,3,3,3,3,3,4),(-0.285142803995148,-0.26694994207706,
-0.248990661848992,-0.244701266378488,-0.226732527950437,-0.215149456599833,
-0.21034148590745,-0.192822806710878,-0.174874569951435,-0.158146183576343,
-0.156926333191992,-0.153990899751567,-0.137562774558625,-0.120472367982649,
-0.105808999397889,-0.102710061572754,-0.0997732517706731,-0.083161235290143,
-0.0667682000065621,-0.0527001311738757,-0.049692239974705,-0.0337519888033655,
-0.0183805216777385,-0.00320042217461807,0.),.UNSPECIFIED.);
#400=B_SPLINE_CURVE_WITH_KNOTS('',3,(#8213,#8214,#8215,#8216,#8217,#8218,
#8219,#8220,#8221,#8222,#8223,#8224,#8225,#8226,#8227,#8228,#8229,#8230,
#8231,#8232,#8233,#8234,#8235,#8236,#8237,#8238,#8239,#8240,#8241,#8242,
#8243,#8244,#8245,#8246,#8247,#8248,#8249,#8250,#8251,#8252,#8253,#8254,
#8255,#8256,#8257,#8258,#8259,#8260,#8261,#8262,#8263,#8264,#8265,#8266,
#8267,#8268,#8269,#8270,#8271,#8272,#8273,#8274,#8275,#8276,#8277,#8278,
#8279,#8280,#8281,#8282,#8283,#8284,#8285,#8286,#8287,#8288,#8289,#8290,
#8291),.UNSPECIFIED.,.F.,.F.,(4,3,3,3,3,3,3,3,3,3,3,3,3,3,3,3,3,3,3,3,3,
3,3,3,3,3,4),(0.,0.0152280129890596,0.0310362926268515,0.0438406348696874,
0.0499729673360421,0.0529513705861839,0.069309547253883,0.0859260908367109,
0.0978961870089174,0.101342928358109,0.104305442167617,0.121384612826163,
0.134012411342701,0.15065770881226,0.155438975276217,0.158525029839641,
0.175483165391986,0.19282348196644,0.21039945840694,0.212535912908875,0.215898598749623,
0.23389540926505,0.244618329257415,0.248846122756834,0.267053916191031,
0.281269689393587,0.285109968112548),.UNSPECIFIED.);
#401=B_SPLINE_CURVE_WITH_KNOTS('',3,(#8564,#8565,#8566,#8567,#8568,#8569,
#8570,#8571,#8572,#8573,#8574,#8575,#8576,#8577,#8578,#8579,#8580,#8581,
#8582,#8583,#8584,#8585,#8586,#8587,#8588,#8589,#8590,#8591,#8592,#8593,
#8594,#8595,#8596,#8597,#8598,#8599,#8600,#8601,#8602,#8603,#8604,#8605,
#8606,#8607,#8608,#8609,#8610,#8611,#8612,#8613,#8614,#8615,#8616,#8617,
#8618,#8619,#8620,#8621,#8622,#8623,#8624,#8625,#8626,#8627,#8628,#8629,
#8630,#8631,#8632,#8633,#8634,#8635,#8636,#8637,#8638,#8639,#8640,#8641,
#8642),.UNSPECIFIED.,.F.,.F.,(4,3,3,3,3,3,3,3,3,3,3,3,3,3,3,3,3,3,3,3,3,
3,3,3,3,3,4),(2.01760398815274E-14,0.0179063915674926,0.0361055534496783,
0.0542434838169501,0.0583011844493196,0.0610584130977264,0.0788125323535392,
0.0964047493133043,0.11348623911278,0.115851065027309,0.118956079959158,
0.135791071437467,0.148357330195645,0.165636286975955,0.169986771852529,
0.17302197503376,0.189745050589324,0.206479469418612,0.216708903683129,
0.222379243916618,0.226241614752024,0.242350696000622,0.253614951118587,
0.25817626286778,0.273629436158212,0.283136005917456,0.286347380332225),
 .UNSPECIFIED.);
#402=LINE('',#2610,#559);
#403=LINE('',#2754,#560);
#404=LINE('',#3005,#561);
#405=LINE('',#3097,#562);
#406=LINE('',#3239,#563);
#407=LINE('',#3432,#564);
#408=LINE('',#3628,#565);
#409=LINE('',#3827,#566);
#410=LINE('',#4020,#567);
#411=LINE('',#4112,#568);
#412=LINE('',#4191,#569);
#413=LINE('',#4273,#570);
#414=LINE('',#4410,#571);
#415=LINE('',#4770,#572);
#416=LINE('',#5082,#573);
#417=LINE('',#5327,#574);
#418=LINE('',#5688,#575);
#419=LINE('',#6048,#576);
#420=LINE('',#6409,#577);
#421=LINE('',#6725,#578);
#422=LINE('',#6976,#579);
#423=LINE('',#7135,#580);
#424=LINE('',#7139,#581);
#425=LINE('',#7143,#582);
#426=LINE('',#7147,#583);
#427=LINE('',#7151,#584);
#428=LINE('',#7155,#585);
#429=LINE('',#7159,#586);
#430=LINE('',#7161,#587);
#431=LINE('',#7163,#588);
#432=LINE('',#7167,#589);
#433=LINE('',#7171,#590);
#434=LINE('',#7175,#591);
#435=LINE('',#7179,#592);
#436=LINE('',#7183,#593);
#437=LINE('',#7187,#594);
#438=LINE('',#7191,#595);
#439=LINE('',#7193,#596);
#440=LINE('',#7195,#597);
#441=LINE('',#7199,#598);
#442=LINE('',#7203,#599);
#443=LINE('',#7207,#600);
#444=LINE('',#7211,#601);
#445=LINE('',#7215,#602);
#446=LINE('',#7219,#603);
#447=LINE('',#7223,#604);
#448=LINE('',#7225,#605);
#449=LINE('',#7227,#606);
#450=LINE('',#7231,#607);
#451=LINE('',#7235,#608);
#452=LINE('',#7239,#609);
#453=LINE('',#7243,#610);
#454=LINE('',#7247,#611);
#455=LINE('',#7251,#612);
#456=LINE('',#7255,#613);
#457=LINE('',#7257,#614);
#458=LINE('',#7259,#615);
#459=LINE('',#7263,#616);
#460=LINE('',#7266,#617);
#461=LINE('',#7269,#618);
#462=LINE('',#7270,#619);
#463=LINE('',#7273,#620);
#464=LINE('',#7277,#621);
#465=LINE('',#7278,#622);
#466=LINE('',#7281,#623);
#467=LINE('',#7282,#624);
#468=LINE('',#7285,#625);
#469=LINE('',#7286,#626);
#470=LINE('',#7289,#627);
#471=LINE('',#7293,#628);
#472=LINE('',#7294,#629);
#473=LINE('',#7297,#630);
#474=LINE('',#7301,#631);
#475=LINE('',#7302,#632);
#476=LINE('',#7305,#633);
#477=LINE('',#7309,#634);
#478=LINE('',#7310,#635);
#479=LINE('',#7313,#636);
#480=LINE('',#7317,#637);
#481=LINE('',#7318,#638);
#482=LINE('',#7321,#639);
#483=LINE('',#7325,#640);
#484=LINE('',#7326,#641);
#485=LINE('',#7329,#642);
#486=LINE('',#7333,#643);
#487=LINE('',#7334,#644);
#488=LINE('',#7337,#645);
#489=LINE('',#7341,#646);
#490=LINE('',#7342,#647);
#491=LINE('',#7345,#648);
#492=LINE('',#7346,#649);
#493=LINE('',#7349,#650);
#494=LINE('',#7350,#651);
#495=LINE('',#7353,#652);
#496=LINE('',#7357,#653);
#497=LINE('',#7358,#654);
#498=LINE('',#7361,#655);
#499=LINE('',#7365,#656);
#500=LINE('',#7366,#657);
#501=LINE('',#7369,#658);
#502=LINE('',#7373,#659);
#503=LINE('',#7374,#660);
#504=LINE('',#7377,#661);
#505=LINE('',#7381,#662);
#506=LINE('',#7382,#663);
#507=LINE('',#7385,#664);
#508=LINE('',#7389,#665);
#509=LINE('',#7390,#666);
#510=LINE('',#7393,#667);
#511=LINE('',#7394,#668);
#512=LINE('',#8645,#669);
#513=LINE('',#8649,#670);
#514=LINE('',#8650,#671);
#515=LINE('',#8653,#672);
#516=LINE('',#8657,#673);
#517=LINE('',#8658,#674);
#518=LINE('',#8661,#675);
#519=LINE('',#8662,#676);
#520=LINE('',#8665,#677);
#521=LINE('',#8666,#678);
#522=LINE('',#8669,#679);
#523=LINE('',#8673,#680);
#524=LINE('',#8674,#681);
#525=LINE('',#8677,#682);
#526=LINE('',#8681,#683);
#527=LINE('',#8682,#684);
#528=LINE('',#8685,#685);
#529=LINE('',#8689,#686);
#530=LINE('',#8690,#687);
#531=LINE('',#8693,#688);
#532=LINE('',#8697,#689);
#533=LINE('',#8698,#690);
#534=LINE('',#8701,#691);
#535=LINE('',#8705,#692);
#536=LINE('',#8706,#693);
#537=LINE('',#8709,#694);
#538=LINE('',#8713,#695);
#539=LINE('',#8714,#696);
#540=LINE('',#8717,#697);
#541=LINE('',#8721,#698);
#542=LINE('',#8722,#699);
#543=LINE('',#8725,#700);
#544=LINE('',#8726,#701);
#545=LINE('',#8729,#702);
#546=LINE('',#8730,#703);
#547=LINE('',#8733,#704);
#548=LINE('',#8737,#705);
#549=LINE('',#8738,#706);
#550=LINE('',#8741,#707);
#551=LINE('',#8745,#708);
#552=LINE('',#8746,#709);
#553=LINE('',#8749,#710);
#554=LINE('',#8753,#711);
#555=LINE('',#8754,#712);
#556=LINE('',#8757,#713);
#557=LINE('',#8761,#714);
#558=LINE('',#8762,#715);
#559=VECTOR('',#2149,1.543);
#560=VECTOR('',#2154,1.543);
#561=VECTOR('',#2157,1.543);
#562=VECTOR('',#2160,1.543);
#563=VECTOR('',#2163,1.543);
#564=VECTOR('',#2166,1.543);
#565=VECTOR('',#2169,1.543);
#566=VECTOR('',#2172,1.543);
#567=VECTOR('',#2175,1.543);
#568=VECTOR('',#2178,1.543);
#569=VECTOR('',#2183,1.2645);
#570=VECTOR('',#2186,1.2645);
#571=VECTOR('',#2193,1.2645);
#572=VECTOR('',#2196,1.2645);
#573=VECTOR('',#2199,1.2645);
#574=VECTOR('',#2202,1.2645);
#575=VECTOR('',#2205,1.2645);
#576=VECTOR('',#2208,1.2645);
#577=VECTOR('',#2211,1.2645);
#578=VECTOR('',#2214,1.2645);
#579=VECTOR('',#2217,1.2645);
#580=VECTOR('',#2222,10.);
#581=VECTOR('',#2225,10.);
#582=VECTOR('',#2228,10.);
#583=VECTOR('',#2231,10.);
#584=VECTOR('',#2234,10.);
#585=VECTOR('',#2237,10.);
#586=VECTOR('',#2240,10.);
#587=VECTOR('',#2241,10.);
#588=VECTOR('',#2242,10.);
#589=VECTOR('',#2245,10.);
#590=VECTOR('',#2248,10.);
#591=VECTOR('',#2251,10.);
#592=VECTOR('',#2254,10.);
#593=VECTOR('',#2257,10.);
#594=VECTOR('',#2260,10.);
#595=VECTOR('',#2263,10.);
#596=VECTOR('',#2264,10.);
#597=VECTOR('',#2265,10.);
#598=VECTOR('',#2268,10.);
#599=VECTOR('',#2271,10.);
#600=VECTOR('',#2274,10.);
#601=VECTOR('',#2277,10.);
#602=VECTOR('',#2280,10.);
#603=VECTOR('',#2283,10.);
#604=VECTOR('',#2286,10.);
#605=VECTOR('',#2287,10.);
#606=VECTOR('',#2288,10.);
#607=VECTOR('',#2291,10.);
#608=VECTOR('',#2294,10.);
#609=VECTOR('',#2297,10.);
#610=VECTOR('',#2300,10.);
#611=VECTOR('',#2303,10.);
#612=VECTOR('',#2306,10.);
#613=VECTOR('',#2309,10.);
#614=VECTOR('',#2310,10.);
#615=VECTOR('',#2311,10.);
#616=VECTOR('',#2316,10.);
#617=VECTOR('',#2319,10.);
#618=VECTOR('',#2322,10.);
#619=VECTOR('',#2323,10.);
#620=VECTOR('',#2326,10.);
#621=VECTOR('',#2331,10.);
#622=VECTOR('',#2332,10.);
#623=VECTOR('',#2335,10.);
#624=VECTOR('',#2336,10.);
#625=VECTOR('',#2339,10.);
#626=VECTOR('',#2340,10.);
#627=VECTOR('',#2343,10.);
#628=VECTOR('',#2348,10.);
#629=VECTOR('',#2349,10.);
#630=VECTOR('',#2352,10.);
#631=VECTOR('',#2357,10.);
#632=VECTOR('',#2358,10.);
#633=VECTOR('',#2361,10.);
#634=VECTOR('',#2366,10.);
#635=VECTOR('',#2367,10.);
#636=VECTOR('',#2370,10.);
#637=VECTOR('',#2375,10.);
#638=VECTOR('',#2376,10.);
#639=VECTOR('',#2379,10.);
#640=VECTOR('',#2384,10.);
#641=VECTOR('',#2385,10.);
#642=VECTOR('',#2388,10.);
#643=VECTOR('',#2393,10.);
#644=VECTOR('',#2394,10.);
#645=VECTOR('',#2397,10.);
#646=VECTOR('',#2402,10.);
#647=VECTOR('',#2403,10.);
#648=VECTOR('',#2406,10.);
#649=VECTOR('',#2407,10.);
#650=VECTOR('',#2410,10.);
#651=VECTOR('',#2411,10.);
#652=VECTOR('',#2414,10.);
#653=VECTOR('',#2419,10.);
#654=VECTOR('',#2420,10.);
#655=VECTOR('',#2423,10.);
#656=VECTOR('',#2428,10.);
#657=VECTOR('',#2429,10.);
#658=VECTOR('',#2432,10.);
#659=VECTOR('',#2437,10.);
#660=VECTOR('',#2438,10.);
#661=VECTOR('',#2441,10.);
#662=VECTOR('',#2446,10.);
#663=VECTOR('',#2447,10.);
#664=VECTOR('',#2450,10.);
#665=VECTOR('',#2455,10.);
#666=VECTOR('',#2456,10.);
#667=VECTOR('',#2459,10.);
#668=VECTOR('',#2460,10.);
#669=VECTOR('',#2469,10.);
#670=VECTOR('',#2474,10.);
#671=VECTOR('',#2475,10.);
#672=VECTOR('',#2478,10.);
#673=VECTOR('',#2483,10.);
#674=VECTOR('',#2484,10.);
#675=VECTOR('',#2487,10.);
#676=VECTOR('',#2488,10.);
#677=VECTOR('',#2491,10.);
#678=VECTOR('',#2492,10.);
#679=VECTOR('',#2495,10.);
#680=VECTOR('',#2500,10.);
#681=VECTOR('',#2501,10.);
#682=VECTOR('',#2504,10.);
#683=VECTOR('',#2509,10.);
#684=VECTOR('',#2510,10.);
#685=VECTOR('',#2513,10.);
#686=VECTOR('',#2518,10.);
#687=VECTOR('',#2519,10.);
#688=VECTOR('',#2522,10.);
#689=VECTOR('',#2527,10.);
#690=VECTOR('',#2528,10.);
#691=VECTOR('',#2531,10.);
#692=VECTOR('',#2536,10.);
#693=VECTOR('',#2537,10.);
#694=VECTOR('',#2540,10.);
#695=VECTOR('',#2545,10.);
#696=VECTOR('',#2546,10.);
#697=VECTOR('',#2549,10.);
#698=VECTOR('',#2554,10.);
#699=VECTOR('',#2555,10.);
#700=VECTOR('',#2558,10.);
#701=VECTOR('',#2559,10.);
#702=VECTOR('',#2562,10.);
#703=VECTOR('',#2563,10.);
#704=VECTOR('',#2566,10.);
#705=VECTOR('',#2571,10.);
#706=VECTOR('',#2572,10.);
#707=VECTOR('',#2575,10.);
#708=VECTOR('',#2580,10.);
#709=VECTOR('',#2581,10.);
#710=VECTOR('',#2584,10.);
#711=VECTOR('',#2589,10.);
#712=VECTOR('',#2590,10.);
#713=VECTOR('',#2593,10.);
#714=VECTOR('',#2598,10.);
#715=VECTOR('',#2599,10.);
#716=VERTEX_POINT('',#2608);
#717=VERTEX_POINT('',#2609);
#718=VERTEX_POINT('',#2611);
#719=VERTEX_POINT('',#2673);
#720=VERTEX_POINT('',#2752);
#721=VERTEX_POINT('',#2753);
#722=VERTEX_POINT('',#2755);
#723=VERTEX_POINT('',#2825);
#724=VERTEX_POINT('',#3003);
#725=VERTEX_POINT('',#3004);
#726=VERTEX_POINT('',#3006);
#727=VERTEX_POINT('',#3021);
#728=VERTEX_POINT('',#3095);
#729=VERTEX_POINT('',#3096);
#730=VERTEX_POINT('',#3098);
#731=VERTEX_POINT('',#3221);
#732=VERTEX_POINT('',#3237);
#733=VERTEX_POINT('',#3238);
#734=VERTEX_POINT('',#3240);
#735=VERTEX_POINT('',#3310);
#736=VERTEX_POINT('',#3430);
#737=VERTEX_POINT('',#3431);
#738=VERTEX_POINT('',#3433);
#739=VERTEX_POINT('',#3552);
#740=VERTEX_POINT('',#3626);
#741=VERTEX_POINT('',#3627);
#742=VERTEX_POINT('',#3629);
#743=VERTEX_POINT('',#3809);
#744=VERTEX_POINT('',#3825);
#745=VERTEX_POINT('',#3826);
#746=VERTEX_POINT('',#3828);
#747=VERTEX_POINT('',#3898);
#748=VERTEX_POINT('',#4018);
#749=VERTEX_POINT('',#4019);
#750=VERTEX_POINT('',#4021);
#751=VERTEX_POINT('',#4036);
#752=VERTEX_POINT('',#4110);
#753=VERTEX_POINT('',#4111);
#754=VERTEX_POINT('',#4113);
#755=VERTEX_POINT('',#4120);
#756=VERTEX_POINT('',#4126);
#757=VERTEX_POINT('',#4128);
#758=VERTEX_POINT('',#4189);
#759=VERTEX_POINT('',#4190);
#760=VERTEX_POINT('',#4192);
#761=VERTEX_POINT('',#4245);
#762=VERTEX_POINT('',#4270);
#763=VERTEX_POINT('',#4272);
#764=VERTEX_POINT('',#4275);
#765=VERTEX_POINT('',#4277);
#766=VERTEX_POINT('',#4408);
#767=VERTEX_POINT('',#4409);
#768=VERTEX_POINT('',#4411);
#769=VERTEX_POINT('',#4768);
#770=VERTEX_POINT('',#4769);
#771=VERTEX_POINT('',#4771);
#772=VERTEX_POINT('',#4945);
#773=VERTEX_POINT('',#5080);
#774=VERTEX_POINT('',#5081);
#775=VERTEX_POINT('',#5083);
#776=VERTEX_POINT('',#5254);
#777=VERTEX_POINT('',#5325);
#778=VERTEX_POINT('',#5326);
#779=VERTEX_POINT('',#5328);
#780=VERTEX_POINT('',#5686);
#781=VERTEX_POINT('',#5687);
#782=VERTEX_POINT('',#5689);
#783=VERTEX_POINT('',#5866);
#784=VERTEX_POINT('',#6046);
#785=VERTEX_POINT('',#6047);
#786=VERTEX_POINT('',#6049);
#787=VERTEX_POINT('',#6407);
#788=VERTEX_POINT('',#6408);
#789=VERTEX_POINT('',#6410);
#790=VERTEX_POINT('',#6535);
#791=VERTEX_POINT('',#6723);
#792=VERTEX_POINT('',#6724);
#793=VERTEX_POINT('',#6726);
#794=VERTEX_POINT('',#6974);
#795=VERTEX_POINT('',#6975);
#796=VERTEX_POINT('',#6977);
#797=VERTEX_POINT('',#7030);
#798=VERTEX_POINT('',#7133);
#799=VERTEX_POINT('',#7134);
#800=VERTEX_POINT('',#7136);
#801=VERTEX_POINT('',#7138);
#802=VERTEX_POINT('',#7140);
#803=VERTEX_POINT('',#7142);
#804=VERTEX_POINT('',#7144);
#805=VERTEX_POINT('',#7146);
#806=VERTEX_POINT('',#7148);
#807=VERTEX_POINT('',#7150);
#808=VERTEX_POINT('',#7152);
#809=VERTEX_POINT('',#7154);
#810=VERTEX_POINT('',#7156);
#811=VERTEX_POINT('',#7158);
#812=VERTEX_POINT('',#7160);
#813=VERTEX_POINT('',#7162);
#814=VERTEX_POINT('',#7164);
#815=VERTEX_POINT('',#7166);
#816=VERTEX_POINT('',#7168);
#817=VERTEX_POINT('',#7170);
#818=VERTEX_POINT('',#7172);
#819=VERTEX_POINT('',#7174);
#820=VERTEX_POINT('',#7176);
#821=VERTEX_POINT('',#7178);
#822=VERTEX_POINT('',#7180);
#823=VERTEX_POINT('',#7182);
#824=VERTEX_POINT('',#7184);
#825=VERTEX_POINT('',#7186);
#826=VERTEX_POINT('',#7188);
#827=VERTEX_POINT('',#7190);
#828=VERTEX_POINT('',#7192);
#829=VERTEX_POINT('',#7194);
#830=VERTEX_POINT('',#7196);
#831=VERTEX_POINT('',#7198);
#832=VERTEX_POINT('',#7200);
#833=VERTEX_POINT('',#7202);
#834=VERTEX_POINT('',#7204);
#835=VERTEX_POINT('',#7206);
#836=VERTEX_POINT('',#7208);
#837=VERTEX_POINT('',#7210);
#838=VERTEX_POINT('',#7212);
#839=VERTEX_POINT('',#7214);
#840=VERTEX_POINT('',#7216);
#841=VERTEX_POINT('',#7218);
#842=VERTEX_POINT('',#7220);
#843=VERTEX_POINT('',#7222);
#844=VERTEX_POINT('',#7224);
#845=VERTEX_POINT('',#7226);
#846=VERTEX_POINT('',#7228);
#847=VERTEX_POINT('',#7230);
#848=VERTEX_POINT('',#7232);
#849=VERTEX_POINT('',#7234);
#850=VERTEX_POINT('',#7236);
#851=VERTEX_POINT('',#7238);
#852=VERTEX_POINT('',#7240);
#853=VERTEX_POINT('',#7242);
#854=VERTEX_POINT('',#7244);
#855=VERTEX_POINT('',#7246);
#856=VERTEX_POINT('',#7248);
#857=VERTEX_POINT('',#7250);
#858=VERTEX_POINT('',#7252);
#859=VERTEX_POINT('',#7254);
#860=VERTEX_POINT('',#7256);
#861=VERTEX_POINT('',#7258);
#862=VERTEX_POINT('',#7262);
#863=VERTEX_POINT('',#7264);
#864=VERTEX_POINT('',#7268);
#865=VERTEX_POINT('',#7272);
#866=VERTEX_POINT('',#7276);
#867=VERTEX_POINT('',#7280);
#868=VERTEX_POINT('',#7284);
#869=VERTEX_POINT('',#7288);
#870=VERTEX_POINT('',#7292);
#871=VERTEX_POINT('',#7296);
#872=VERTEX_POINT('',#7300);
#873=VERTEX_POINT('',#7304);
#874=VERTEX_POINT('',#7308);
#875=VERTEX_POINT('',#7312);
#876=VERTEX_POINT('',#7316);
#877=VERTEX_POINT('',#7320);
#878=VERTEX_POINT('',#7324);
#879=VERTEX_POINT('',#7328);
#880=VERTEX_POINT('',#7332);
#881=VERTEX_POINT('',#7336);
#882=VERTEX_POINT('',#7340);
#883=VERTEX_POINT('',#7344);
#884=VERTEX_POINT('',#7348);
#885=VERTEX_POINT('',#7352);
#886=VERTEX_POINT('',#7356);
#887=VERTEX_POINT('',#7360);
#888=VERTEX_POINT('',#7364);
#889=VERTEX_POINT('',#7368);
#890=VERTEX_POINT('',#7372);
#891=VERTEX_POINT('',#7376);
#892=VERTEX_POINT('',#7380);
#893=VERTEX_POINT('',#7384);
#894=VERTEX_POINT('',#7388);
#895=VERTEX_POINT('',#7392);
#896=VERTEX_POINT('',#7396);
#897=VERTEX_POINT('',#7567);
#898=VERTEX_POINT('',#7758);
#899=VERTEX_POINT('',#7773);
#900=VERTEX_POINT('',#8644);
#901=VERTEX_POINT('',#8648);
#902=VERTEX_POINT('',#8652);
#903=VERTEX_POINT('',#8656);
#904=VERTEX_POINT('',#8660);
#905=VERTEX_POINT('',#8664);
#906=VERTEX_POINT('',#8668);
#907=VERTEX_POINT('',#8672);
#908=VERTEX_POINT('',#8676);
#909=VERTEX_POINT('',#8680);
#910=VERTEX_POINT('',#8684);
#911=VERTEX_POINT('',#8688);
#912=VERTEX_POINT('',#8692);
#913=VERTEX_POINT('',#8696);
#914=VERTEX_POINT('',#8700);
#915=VERTEX_POINT('',#8704);
#916=VERTEX_POINT('',#8708);
#917=VERTEX_POINT('',#8712);
#918=VERTEX_POINT('',#8716);
#919=VERTEX_POINT('',#8720);
#920=VERTEX_POINT('',#8724);
#921=VERTEX_POINT('',#8728);
#922=VERTEX_POINT('',#8732);
#923=VERTEX_POINT('',#8736);
#924=VERTEX_POINT('',#8740);
#925=VERTEX_POINT('',#8744);
#926=VERTEX_POINT('',#8748);
#927=VERTEX_POINT('',#8752);
#928=VERTEX_POINT('',#8756);
#929=VERTEX_POINT('',#8760);
#930=EDGE_CURVE('',#716,#717,#402,.T.);
#931=EDGE_CURVE('',#717,#718,#318,.T.);
#932=EDGE_CURVE('',#719,#718,#256,.T.);
#933=EDGE_CURVE('',#716,#719,#319,.T.);
#934=EDGE_CURVE('',#720,#721,#403,.T.);
#935=EDGE_CURVE('',#721,#722,#320,.T.);
#936=EDGE_CURVE('',#722,#717,#321,.T.);
#937=EDGE_CURVE('',#723,#716,#322,.T.);
#938=EDGE_CURVE('',#720,#723,#323,.T.);
#939=EDGE_CURVE('',#724,#725,#404,.T.);
#940=EDGE_CURVE('',#725,#726,#324,.T.);
#941=EDGE_CURVE('',#726,#721,#325,.T.);
#942=EDGE_CURVE('',#727,#720,#326,.T.);
#943=EDGE_CURVE('',#724,#727,#327,.T.);
#944=EDGE_CURVE('',#728,#729,#405,.T.);
#945=EDGE_CURVE('',#729,#730,#328,.T.);
#946=EDGE_CURVE('',#730,#725,#329,.T.);
#947=EDGE_CURVE('',#731,#724,#330,.T.);
#948=EDGE_CURVE('',#728,#731,#331,.T.);
#949=EDGE_CURVE('',#732,#733,#406,.T.);
#950=EDGE_CURVE('',#733,#734,#332,.T.);
#951=EDGE_CURVE('',#734,#729,#333,.T.);
#952=EDGE_CURVE('',#735,#728,#334,.T.);
#953=EDGE_CURVE('',#732,#735,#335,.T.);
#954=EDGE_CURVE('',#736,#737,#407,.T.);
#955=EDGE_CURVE('',#737,#738,#336,.T.);
#956=EDGE_CURVE('',#738,#733,#337,.T.);
#957=EDGE_CURVE('',#739,#732,#338,.T.);
#958=EDGE_CURVE('',#736,#739,#339,.T.);
#959=EDGE_CURVE('',#740,#741,#408,.T.);
#960=EDGE_CURVE('',#741,#742,#340,.T.);
#961=EDGE_CURVE('',#742,#737,#341,.T.);
#962=EDGE_CURVE('',#743,#736,#342,.T.);
#963=EDGE_CURVE('',#740,#743,#343,.T.);
#964=EDGE_CURVE('',#744,#745,#409,.T.);
#965=EDGE_CURVE('',#745,#746,#344,.T.);
#966=EDGE_CURVE('',#746,#741,#345,.T.);
#967=EDGE_CURVE('',#747,#740,#346,.T.);
#968=EDGE_CURVE('',#744,#747,#347,.T.);
#969=EDGE_CURVE('',#748,#749,#410,.T.);
#970=EDGE_CURVE('',#749,#750,#348,.T.);
#971=EDGE_CURVE('',#750,#745,#349,.T.);
#972=EDGE_CURVE('',#751,#744,#350,.T.);
#973=EDGE_CURVE('',#748,#751,#351,.T.);
#974=EDGE_CURVE('',#752,#753,#411,.T.);
#975=EDGE_CURVE('',#754,#752,#352,.T.);
#976=EDGE_CURVE('',#755,#754,#353,.T.);
#977=EDGE_CURVE('',#756,#755,#257,.T.);
#978=EDGE_CURVE('',#756,#757,#354,.T.);
#979=EDGE_CURVE('',#757,#753,#355,.T.);
#980=EDGE_CURVE('',#758,#759,#412,.T.);
#981=EDGE_CURVE('',#759,#760,#356,.T.);
#982=EDGE_CURVE('',#760,#761,#357,.T.);
#983=EDGE_CURVE('',#761,#762,#258,.T.);
#984=EDGE_CURVE('',#762,#763,#413,.T.);
#985=EDGE_CURVE('',#763,#763,#259,.T.);
#986=EDGE_CURVE('',#762,#764,#260,.T.);
#987=EDGE_CURVE('',#764,#765,#358,.T.);
#988=EDGE_CURVE('',#765,#758,#359,.T.);
#989=EDGE_CURVE('',#766,#767,#414,.T.);
#990=EDGE_CURVE('',#767,#768,#360,.T.);
#991=EDGE_CURVE('',#768,#759,#361,.T.);
#992=EDGE_CURVE('',#758,#766,#362,.T.);
#993=EDGE_CURVE('',#769,#770,#415,.T.);
#994=EDGE_CURVE('',#770,#771,#363,.T.);
#995=EDGE_CURVE('',#771,#767,#364,.T.);
#996=EDGE_CURVE('',#766,#772,#365,.T.);
#997=EDGE_CURVE('',#772,#769,#366,.T.);
#998=EDGE_CURVE('',#773,#774,#416,.T.);
#999=EDGE_CURVE('',#774,#775,#367,.T.);
#1000=EDGE_CURVE('',#775,#770,#368,.T.);
#1001=EDGE_CURVE('',#769,#776,#369,.T.);
#1002=EDGE_CURVE('',#776,#773,#370,.T.);
#1003=EDGE_CURVE('',#777,#778,#417,.T.);
#1004=EDGE_CURVE('',#778,#779,#371,.T.);
#1005=EDGE_CURVE('',#779,#774,#372,.T.);
#1006=EDGE_CURVE('',#773,#777,#373,.T.);
#1007=EDGE_CURVE('',#780,#781,#418,.T.);
#1008=EDGE_CURVE('',#781,#782,#374,.T.);
#1009=EDGE_CURVE('',#782,#778,#375,.T.);
#1010=EDGE_CURVE('',#777,#783,#376,.T.);
#1011=EDGE_CURVE('',#783,#780,#377,.T.);
#1012=EDGE_CURVE('',#784,#785,#419,.T.);
#1013=EDGE_CURVE('',#785,#786,#378,.T.);
#1014=EDGE_CURVE('',#786,#781,#379,.T.);
#1015=EDGE_CURVE('',#780,#784,#380,.T.);
#1016=EDGE_CURVE('',#787,#788,#420,.T.);
#1017=EDGE_CURVE('',#788,#789,#381,.T.);
#1018=EDGE_CURVE('',#789,#785,#382,.T.);
#1019=EDGE_CURVE('',#784,#790,#383,.T.);
#1020=EDGE_CURVE('',#790,#787,#384,.T.);
#1021=EDGE_CURVE('',#791,#792,#421,.T.);
#1022=EDGE_CURVE('',#792,#793,#385,.T.);
#1023=EDGE_CURVE('',#793,#788,#386,.T.);
#1024=EDGE_CURVE('',#787,#791,#387,.T.);
#1025=EDGE_CURVE('',#794,#795,#422,.T.);
#1026=EDGE_CURVE('',#794,#796,#388,.T.);
#1027=EDGE_CURVE('',#796,#797,#261,.F.);
#1028=EDGE_CURVE('',#797,#795,#389,.T.);
#1029=EDGE_CURVE('',#798,#799,#423,.T.);
#1030=EDGE_CURVE('',#800,#798,#262,.T.);
#1031=EDGE_CURVE('',#801,#800,#424,.T.);
#1032=EDGE_CURVE('',#802,#801,#263,.T.);
#1033=EDGE_CURVE('',#803,#802,#425,.T.);
#1034=EDGE_CURVE('',#804,#803,#264,.T.);
#1035=EDGE_CURVE('',#805,#804,#426,.T.);
#1036=EDGE_CURVE('',#806,#805,#265,.T.);
#1037=EDGE_CURVE('',#807,#806,#427,.T.);
#1038=EDGE_CURVE('',#808,#807,#266,.T.);
#1039=EDGE_CURVE('',#809,#808,#428,.T.);
#1040=EDGE_CURVE('',#810,#809,#267,.T.);
#1041=EDGE_CURVE('',#811,#810,#429,.T.);
#1042=EDGE_CURVE('',#812,#811,#430,.T.);
#1043=EDGE_CURVE('',#813,#812,#431,.T.);
#1044=EDGE_CURVE('',#814,#813,#268,.T.);
#1045=EDGE_CURVE('',#815,#814,#432,.T.);
#1046=EDGE_CURVE('',#816,#815,#269,.T.);
#1047=EDGE_CURVE('',#817,#816,#433,.T.);
#1048=EDGE_CURVE('',#818,#817,#270,.T.);
#1049=EDGE_CURVE('',#819,#818,#434,.T.);
#1050=EDGE_CURVE('',#820,#819,#271,.T.);
#1051=EDGE_CURVE('',#821,#820,#435,.T.);
#1052=EDGE_CURVE('',#822,#821,#272,.T.);
#1053=EDGE_CURVE('',#823,#822,#436,.T.);
#1054=EDGE_CURVE('',#824,#823,#273,.T.);
#1055=EDGE_CURVE('',#825,#824,#437,.T.);
#1056=EDGE_CURVE('',#826,#825,#274,.T.);
#1057=EDGE_CURVE('',#827,#826,#438,.T.);
#1058=EDGE_CURVE('',#828,#827,#439,.T.);
#1059=EDGE_CURVE('',#829,#828,#440,.T.);
#1060=EDGE_CURVE('',#830,#829,#275,.T.);
#1061=EDGE_CURVE('',#831,#830,#441,.T.);
#1062=EDGE_CURVE('',#832,#831,#276,.T.);
#1063=EDGE_CURVE('',#833,#832,#442,.T.);
#1064=EDGE_CURVE('',#834,#833,#277,.T.);
#1065=EDGE_CURVE('',#835,#834,#443,.T.);
#1066=EDGE_CURVE('',#836,#835,#278,.T.);
#1067=EDGE_CURVE('',#837,#836,#444,.T.);
#1068=EDGE_CURVE('',#838,#837,#279,.T.);
#1069=EDGE_CURVE('',#839,#838,#445,.T.);
#1070=EDGE_CURVE('',#840,#839,#280,.T.);
#1071=EDGE_CURVE('',#841,#840,#446,.T.);
#1072=EDGE_CURVE('',#842,#841,#281,.T.);
#1073=EDGE_CURVE('',#843,#842,#447,.T.);
#1074=EDGE_CURVE('',#844,#843,#448,.T.);
#1075=EDGE_CURVE('',#845,#844,#449,.T.);
#1076=EDGE_CURVE('',#846,#845,#282,.T.);
#1077=EDGE_CURVE('',#847,#846,#450,.T.);
#1078=EDGE_CURVE('',#848,#847,#283,.T.);
#1079=EDGE_CURVE('',#849,#848,#451,.T.);
#1080=EDGE_CURVE('',#850,#849,#284,.T.);
#1081=EDGE_CURVE('',#851,#850,#452,.T.);
#1082=EDGE_CURVE('',#852,#851,#285,.T.);
#1083=EDGE_CURVE('',#853,#852,#453,.T.);
#1084=EDGE_CURVE('',#854,#853,#286,.T.);
#1085=EDGE_CURVE('',#855,#854,#454,.T.);
#1086=EDGE_CURVE('',#856,#855,#287,.T.);
#1087=EDGE_CURVE('',#857,#856,#455,.T.);
#1088=EDGE_CURVE('',#858,#857,#288,.T.);
#1089=EDGE_CURVE('',#859,#858,#456,.T.);
#1090=EDGE_CURVE('',#860,#859,#457,.T.);
#1091=EDGE_CURVE('',#861,#860,#458,.T.);
#1092=EDGE_CURVE('',#799,#861,#289,.T.);
#1093=EDGE_CURVE('',#862,#831,#459,.T.);
#1094=EDGE_CURVE('',#862,#863,#290,.T.);
#1095=EDGE_CURVE('',#863,#832,#460,.T.);
#1096=EDGE_CURVE('',#864,#830,#461,.T.);
#1097=EDGE_CURVE('',#862,#864,#462,.T.);
#1098=EDGE_CURVE('',#865,#829,#463,.T.);
#1099=EDGE_CURVE('',#864,#865,#291,.T.);
#1100=EDGE_CURVE('',#866,#828,#464,.T.);
#1101=EDGE_CURVE('',#866,#865,#465,.T.);
#1102=EDGE_CURVE('',#867,#827,#466,.T.);
#1103=EDGE_CURVE('',#867,#866,#467,.T.);
#1104=EDGE_CURVE('',#868,#826,#468,.T.);
#1105=EDGE_CURVE('',#867,#868,#469,.T.);
#1106=EDGE_CURVE('',#869,#825,#470,.T.);
#1107=EDGE_CURVE('',#868,#869,#292,.T.);
#1108=EDGE_CURVE('',#870,#824,#471,.T.);
#1109=EDGE_CURVE('',#869,#870,#472,.T.);
#1110=EDGE_CURVE('',#871,#823,#473,.T.);
#1111=EDGE_CURVE('',#871,#870,#293,.T.);
#1112=EDGE_CURVE('',#872,#822,#474,.T.);
#1113=EDGE_CURVE('',#872,#871,#475,.T.);
#1114=EDGE_CURVE('',#873,#821,#476,.T.);
#1115=EDGE_CURVE('',#873,#872,#294,.T.);
#1116=EDGE_CURVE('',#874,#820,#477,.T.);
#1117=EDGE_CURVE('',#874,#873,#478,.T.);
#1118=EDGE_CURVE('',#875,#819,#479,.T.);
#1119=EDGE_CURVE('',#875,#874,#295,.T.);
#1120=EDGE_CURVE('',#876,#818,#480,.T.);
#1121=EDGE_CURVE('',#876,#875,#481,.T.);
#1122=EDGE_CURVE('',#877,#817,#482,.T.);
#1123=EDGE_CURVE('',#877,#876,#296,.T.);
#1124=EDGE_CURVE('',#878,#816,#483,.T.);
#1125=EDGE_CURVE('',#877,#878,#484,.T.);
#1126=EDGE_CURVE('',#879,#815,#485,.T.);
#1127=EDGE_CURVE('',#879,#878,#297,.T.);
#1128=EDGE_CURVE('',#880,#814,#486,.T.);
#1129=EDGE_CURVE('',#879,#880,#487,.T.);
#1130=EDGE_CURVE('',#881,#813,#488,.T.);
#1131=EDGE_CURVE('',#880,#881,#298,.T.);
#1132=EDGE_CURVE('',#882,#812,#489,.T.);
#1133=EDGE_CURVE('',#882,#881,#490,.T.);
#1134=EDGE_CURVE('',#883,#811,#491,.T.);
#1135=EDGE_CURVE('',#883,#882,#492,.T.);
#1136=EDGE_CURVE('',#884,#810,#493,.T.);
#1137=EDGE_CURVE('',#883,#884,#494,.T.);
#1138=EDGE_CURVE('',#885,#809,#495,.T.);
#1139=EDGE_CURVE('',#884,#885,#299,.T.);
#1140=EDGE_CURVE('',#886,#808,#496,.T.);
#1141=EDGE_CURVE('',#885,#886,#497,.T.);
#1142=EDGE_CURVE('',#887,#807,#498,.T.);
#1143=EDGE_CURVE('',#887,#886,#300,.T.);
#1144=EDGE_CURVE('',#888,#806,#499,.T.);
#1145=EDGE_CURVE('',#888,#887,#500,.T.);
#1146=EDGE_CURVE('',#889,#805,#501,.T.);
#1147=EDGE_CURVE('',#889,#888,#301,.T.);
#1148=EDGE_CURVE('',#890,#804,#502,.T.);
#1149=EDGE_CURVE('',#890,#889,#503,.T.);
#1150=EDGE_CURVE('',#891,#803,#504,.T.);
#1151=EDGE_CURVE('',#891,#890,#302,.T.);
#1152=EDGE_CURVE('',#892,#802,#505,.T.);
#1153=EDGE_CURVE('',#892,#891,#506,.T.);
#1154=EDGE_CURVE('',#893,#801,#507,.T.);
#1155=EDGE_CURVE('',#893,#892,#303,.T.);
#1156=EDGE_CURVE('',#894,#800,#508,.T.);
#1157=EDGE_CURVE('',#893,#894,#509,.T.);
#1158=EDGE_CURVE('',#895,#863,#510,.T.);
#1159=EDGE_CURVE('',#895,#833,#511,.T.);
#1160=EDGE_CURVE('',#795,#896,#390,.T.);
#1161=EDGE_CURVE('',#896,#792,#391,.T.);
#1162=EDGE_CURVE('',#791,#897,#392,.T.);
#1163=EDGE_CURVE('',#897,#794,#393,.T.);
#1164=EDGE_CURVE('',#753,#898,#394,.T.);
#1165=EDGE_CURVE('',#898,#749,#395,.T.);
#1166=EDGE_CURVE('',#899,#748,#396,.T.);
#1167=EDGE_CURVE('',#752,#899,#397,.T.);
#1168=EDGE_CURVE('',#761,#719,#398,.T.);
#1169=EDGE_CURVE('',#718,#764,#399,.T.);
#1170=EDGE_CURVE('',#796,#756,#400,.T.);
#1171=EDGE_CURVE('',#755,#797,#401,.T.);
#1172=EDGE_CURVE('',#900,#798,#512,.T.);
#1173=EDGE_CURVE('',#900,#894,#304,.T.);
#1174=EDGE_CURVE('',#901,#799,#513,.T.);
#1175=EDGE_CURVE('',#900,#901,#514,.T.);
#1176=EDGE_CURVE('',#902,#861,#515,.T.);
#1177=EDGE_CURVE('',#901,#902,#305,.T.);
#1178=EDGE_CURVE('',#903,#860,#516,.T.);
#1179=EDGE_CURVE('',#903,#902,#517,.T.);
#1180=EDGE_CURVE('',#904,#859,#518,.T.);
#1181=EDGE_CURVE('',#904,#903,#519,.T.);
#1182=EDGE_CURVE('',#905,#858,#520,.T.);
#1183=EDGE_CURVE('',#904,#905,#521,.T.);
#1184=EDGE_CURVE('',#906,#857,#522,.T.);
#1185=EDGE_CURVE('',#905,#906,#306,.T.);
#1186=EDGE_CURVE('',#907,#856,#523,.T.);
#1187=EDGE_CURVE('',#906,#907,#524,.T.);
#1188=EDGE_CURVE('',#908,#855,#525,.T.);
#1189=EDGE_CURVE('',#908,#907,#307,.T.);
#1190=EDGE_CURVE('',#909,#854,#526,.T.);
#1191=EDGE_CURVE('',#909,#908,#527,.T.);
#1192=EDGE_CURVE('',#910,#853,#528,.T.);
#1193=EDGE_CURVE('',#910,#909,#308,.T.);
#1194=EDGE_CURVE('',#911,#852,#529,.T.);
#1195=EDGE_CURVE('',#911,#910,#530,.T.);
#1196=EDGE_CURVE('',#912,#851,#531,.T.);
#1197=EDGE_CURVE('',#912,#911,#309,.T.);
#1198=EDGE_CURVE('',#913,#850,#532,.T.);
#1199=EDGE_CURVE('',#913,#912,#533,.T.);
#1200=EDGE_CURVE('',#914,#849,#534,.T.);
#1201=EDGE_CURVE('',#914,#913,#310,.T.);
#1202=EDGE_CURVE('',#915,#848,#535,.T.);
#1203=EDGE_CURVE('',#914,#915,#536,.T.);
#1204=EDGE_CURVE('',#916,#847,#537,.T.);
#1205=EDGE_CURVE('',#916,#915,#311,.T.);
#1206=EDGE_CURVE('',#917,#846,#538,.T.);
#1207=EDGE_CURVE('',#916,#917,#539,.T.);
#1208=EDGE_CURVE('',#918,#845,#540,.T.);
#1209=EDGE_CURVE('',#917,#918,#312,.T.);
#1210=EDGE_CURVE('',#919,#844,#541,.T.);
#1211=EDGE_CURVE('',#919,#918,#542,.T.);
#1212=EDGE_CURVE('',#920,#843,#543,.T.);
#1213=EDGE_CURVE('',#920,#919,#544,.T.);
#1214=EDGE_CURVE('',#921,#842,#545,.T.);
#1215=EDGE_CURVE('',#920,#921,#546,.T.);
#1216=EDGE_CURVE('',#922,#841,#547,.T.);
#1217=EDGE_CURVE('',#921,#922,#313,.T.);
#1218=EDGE_CURVE('',#923,#840,#548,.T.);
#1219=EDGE_CURVE('',#922,#923,#549,.T.);
#1220=EDGE_CURVE('',#924,#839,#550,.T.);
#1221=EDGE_CURVE('',#924,#923,#314,.T.);
#1222=EDGE_CURVE('',#925,#838,#551,.T.);
#1223=EDGE_CURVE('',#925,#924,#552,.T.);
#1224=EDGE_CURVE('',#926,#837,#553,.T.);
#1225=EDGE_CURVE('',#926,#925,#315,.T.);
#1226=EDGE_CURVE('',#927,#836,#554,.T.);
#1227=EDGE_CURVE('',#927,#926,#555,.T.);
#1228=EDGE_CURVE('',#928,#835,#556,.T.);
#1229=EDGE_CURVE('',#928,#927,#316,.T.);
#1230=EDGE_CURVE('',#929,#834,#557,.T.);
#1231=EDGE_CURVE('',#929,#928,#558,.T.);
#1232=EDGE_CURVE('',#895,#929,#317,.T.);
#1233=ORIENTED_EDGE('',*,*,#930,.T.);
#1234=ORIENTED_EDGE('',*,*,#931,.T.);
#1235=ORIENTED_EDGE('',*,*,#932,.F.);
#1236=ORIENTED_EDGE('',*,*,#933,.F.);
#1237=ORIENTED_EDGE('',*,*,#934,.T.);
#1238=ORIENTED_EDGE('',*,*,#935,.T.);
#1239=ORIENTED_EDGE('',*,*,#936,.T.);
#1240=ORIENTED_EDGE('',*,*,#930,.F.);
#1241=ORIENTED_EDGE('',*,*,#937,.F.);
#1242=ORIENTED_EDGE('',*,*,#938,.F.);
#1243=ORIENTED_EDGE('',*,*,#939,.T.);
#1244=ORIENTED_EDGE('',*,*,#940,.T.);
#1245=ORIENTED_EDGE('',*,*,#941,.T.);
#1246=ORIENTED_EDGE('',*,*,#934,.F.);
#1247=ORIENTED_EDGE('',*,*,#942,.F.);
#1248=ORIENTED_EDGE('',*,*,#943,.F.);
#1249=ORIENTED_EDGE('',*,*,#944,.T.);
#1250=ORIENTED_EDGE('',*,*,#945,.T.);
#1251=ORIENTED_EDGE('',*,*,#946,.T.);
#1252=ORIENTED_EDGE('',*,*,#939,.F.);
#1253=ORIENTED_EDGE('',*,*,#947,.F.);
#1254=ORIENTED_EDGE('',*,*,#948,.F.);
#1255=ORIENTED_EDGE('',*,*,#949,.T.);
#1256=ORIENTED_EDGE('',*,*,#950,.T.);
#1257=ORIENTED_EDGE('',*,*,#951,.T.);
#1258=ORIENTED_EDGE('',*,*,#944,.F.);
#1259=ORIENTED_EDGE('',*,*,#952,.F.);
#1260=ORIENTED_EDGE('',*,*,#953,.F.);
#1261=ORIENTED_EDGE('',*,*,#954,.T.);
#1262=ORIENTED_EDGE('',*,*,#955,.T.);
#1263=ORIENTED_EDGE('',*,*,#956,.T.);
#1264=ORIENTED_EDGE('',*,*,#949,.F.);
#1265=ORIENTED_EDGE('',*,*,#957,.F.);
#1266=ORIENTED_EDGE('',*,*,#958,.F.);
#1267=ORIENTED_EDGE('',*,*,#959,.T.);
#1268=ORIENTED_EDGE('',*,*,#960,.T.);
#1269=ORIENTED_EDGE('',*,*,#961,.T.);
#1270=ORIENTED_EDGE('',*,*,#954,.F.);
#1271=ORIENTED_EDGE('',*,*,#962,.F.);
#1272=ORIENTED_EDGE('',*,*,#963,.F.);
#1273=ORIENTED_EDGE('',*,*,#964,.T.);
#1274=ORIENTED_EDGE('',*,*,#965,.T.);
#1275=ORIENTED_EDGE('',*,*,#966,.T.);
#1276=ORIENTED_EDGE('',*,*,#959,.F.);
#1277=ORIENTED_EDGE('',*,*,#967,.F.);
#1278=ORIENTED_EDGE('',*,*,#968,.F.);
#1279=ORIENTED_EDGE('',*,*,#969,.T.);
#1280=ORIENTED_EDGE('',*,*,#970,.T.);
#1281=ORIENTED_EDGE('',*,*,#971,.T.);
#1282=ORIENTED_EDGE('',*,*,#964,.F.);
#1283=ORIENTED_EDGE('',*,*,#972,.F.);
#1284=ORIENTED_EDGE('',*,*,#973,.F.);
#1285=ORIENTED_EDGE('',*,*,#974,.F.);
#1286=ORIENTED_EDGE('',*,*,#975,.F.);
#1287=ORIENTED_EDGE('',*,*,#976,.F.);
#1288=ORIENTED_EDGE('',*,*,#977,.F.);
#1289=ORIENTED_EDGE('',*,*,#978,.T.);
#1290=ORIENTED_EDGE('',*,*,#979,.T.);
#1291=ORIENTED_EDGE('',*,*,#980,.T.);
#1292=ORIENTED_EDGE('',*,*,#981,.T.);
#1293=ORIENTED_EDGE('',*,*,#982,.T.);
#1294=ORIENTED_EDGE('',*,*,#983,.T.);
#1295=ORIENTED_EDGE('',*,*,#984,.T.);
#1296=ORIENTED_EDGE('',*,*,#985,.T.);
#1297=ORIENTED_EDGE('',*,*,#984,.F.);
#1298=ORIENTED_EDGE('',*,*,#986,.T.);
#1299=ORIENTED_EDGE('',*,*,#987,.T.);
#1300=ORIENTED_EDGE('',*,*,#988,.T.);
#1301=ORIENTED_EDGE('',*,*,#989,.T.);
#1302=ORIENTED_EDGE('',*,*,#990,.T.);
#1303=ORIENTED_EDGE('',*,*,#991,.T.);
#1304=ORIENTED_EDGE('',*,*,#980,.F.);
#1305=ORIENTED_EDGE('',*,*,#992,.T.);
#1306=ORIENTED_EDGE('',*,*,#993,.T.);
#1307=ORIENTED_EDGE('',*,*,#994,.T.);
#1308=ORIENTED_EDGE('',*,*,#995,.T.);
#1309=ORIENTED_EDGE('',*,*,#989,.F.);
#1310=ORIENTED_EDGE('',*,*,#996,.T.);
#1311=ORIENTED_EDGE('',*,*,#997,.T.);
#1312=ORIENTED_EDGE('',*,*,#998,.T.);
#1313=ORIENTED_EDGE('',*,*,#999,.T.);
#1314=ORIENTED_EDGE('',*,*,#1000,.T.);
#1315=ORIENTED_EDGE('',*,*,#993,.F.);
#1316=ORIENTED_EDGE('',*,*,#1001,.T.);
#1317=ORIENTED_EDGE('',*,*,#1002,.T.);
#1318=ORIENTED_EDGE('',*,*,#1003,.T.);
#1319=ORIENTED_EDGE('',*,*,#1004,.T.);
#1320=ORIENTED_EDGE('',*,*,#1005,.T.);
#1321=ORIENTED_EDGE('',*,*,#998,.F.);
#1322=ORIENTED_EDGE('',*,*,#1006,.T.);
#1323=ORIENTED_EDGE('',*,*,#1007,.T.);
#1324=ORIENTED_EDGE('',*,*,#1008,.T.);
#1325=ORIENTED_EDGE('',*,*,#1009,.T.);
#1326=ORIENTED_EDGE('',*,*,#1003,.F.);
#1327=ORIENTED_EDGE('',*,*,#1010,.T.);
#1328=ORIENTED_EDGE('',*,*,#1011,.T.);
#1329=ORIENTED_EDGE('',*,*,#1012,.T.);
#1330=ORIENTED_EDGE('',*,*,#1013,.T.);
#1331=ORIENTED_EDGE('',*,*,#1014,.T.);
#1332=ORIENTED_EDGE('',*,*,#1007,.F.);
#1333=ORIENTED_EDGE('',*,*,#1015,.T.);
#1334=ORIENTED_EDGE('',*,*,#1016,.T.);
#1335=ORIENTED_EDGE('',*,*,#1017,.T.);
#1336=ORIENTED_EDGE('',*,*,#1018,.T.);
#1337=ORIENTED_EDGE('',*,*,#1012,.F.);
#1338=ORIENTED_EDGE('',*,*,#1019,.T.);
#1339=ORIENTED_EDGE('',*,*,#1020,.T.);
#1340=ORIENTED_EDGE('',*,*,#1021,.T.);
#1341=ORIENTED_EDGE('',*,*,#1022,.T.);
#1342=ORIENTED_EDGE('',*,*,#1023,.T.);
#1343=ORIENTED_EDGE('',*,*,#1016,.F.);
#1344=ORIENTED_EDGE('',*,*,#1024,.T.);
#1345=ORIENTED_EDGE('',*,*,#1025,.F.);
#1346=ORIENTED_EDGE('',*,*,#1026,.T.);
#1347=ORIENTED_EDGE('',*,*,#1027,.T.);
#1348=ORIENTED_EDGE('',*,*,#1028,.T.);
#1349=ORIENTED_EDGE('',*,*,#1029,.F.);
#1350=ORIENTED_EDGE('',*,*,#1030,.F.);
#1351=ORIENTED_EDGE('',*,*,#1031,.F.);
#1352=ORIENTED_EDGE('',*,*,#1032,.F.);
#1353=ORIENTED_EDGE('',*,*,#1033,.F.);
#1354=ORIENTED_EDGE('',*,*,#1034,.F.);
#1355=ORIENTED_EDGE('',*,*,#1035,.F.);
#1356=ORIENTED_EDGE('',*,*,#1036,.F.);
#1357=ORIENTED_EDGE('',*,*,#1037,.F.);
#1358=ORIENTED_EDGE('',*,*,#1038,.F.);
#1359=ORIENTED_EDGE('',*,*,#1039,.F.);
#1360=ORIENTED_EDGE('',*,*,#1040,.F.);
#1361=ORIENTED_EDGE('',*,*,#1041,.F.);
#1362=ORIENTED_EDGE('',*,*,#1042,.F.);
#1363=ORIENTED_EDGE('',*,*,#1043,.F.);
#1364=ORIENTED_EDGE('',*,*,#1044,.F.);
#1365=ORIENTED_EDGE('',*,*,#1045,.F.);
#1366=ORIENTED_EDGE('',*,*,#1046,.F.);
#1367=ORIENTED_EDGE('',*,*,#1047,.F.);
#1368=ORIENTED_EDGE('',*,*,#1048,.F.);
#1369=ORIENTED_EDGE('',*,*,#1049,.F.);
#1370=ORIENTED_EDGE('',*,*,#1050,.F.);
#1371=ORIENTED_EDGE('',*,*,#1051,.F.);
#1372=ORIENTED_EDGE('',*,*,#1052,.F.);
#1373=ORIENTED_EDGE('',*,*,#1053,.F.);
#1374=ORIENTED_EDGE('',*,*,#1054,.F.);
#1375=ORIENTED_EDGE('',*,*,#1055,.F.);
#1376=ORIENTED_EDGE('',*,*,#1056,.F.);
#1377=ORIENTED_EDGE('',*,*,#1057,.F.);
#1378=ORIENTED_EDGE('',*,*,#1058,.F.);
#1379=ORIENTED_EDGE('',*,*,#1059,.F.);
#1380=ORIENTED_EDGE('',*,*,#1060,.F.);
#1381=ORIENTED_EDGE('',*,*,#1061,.F.);
#1382=ORIENTED_EDGE('',*,*,#1062,.F.);
#1383=ORIENTED_EDGE('',*,*,#1063,.F.);
#1384=ORIENTED_EDGE('',*,*,#1064,.F.);
#1385=ORIENTED_EDGE('',*,*,#1065,.F.);
#1386=ORIENTED_EDGE('',*,*,#1066,.F.);
#1387=ORIENTED_EDGE('',*,*,#1067,.F.);
#1388=ORIENTED_EDGE('',*,*,#1068,.F.);
#1389=ORIENTED_EDGE('',*,*,#1069,.F.);
#1390=ORIENTED_EDGE('',*,*,#1070,.F.);
#1391=ORIENTED_EDGE('',*,*,#1071,.F.);
#1392=ORIENTED_EDGE('',*,*,#1072,.F.);
#1393=ORIENTED_EDGE('',*,*,#1073,.F.);
#1394=ORIENTED_EDGE('',*,*,#1074,.F.);
#1395=ORIENTED_EDGE('',*,*,#1075,.F.);
#1396=ORIENTED_EDGE('',*,*,#1076,.F.);
#1397=ORIENTED_EDGE('',*,*,#1077,.F.);
#1398=ORIENTED_EDGE('',*,*,#1078,.F.);
#1399=ORIENTED_EDGE('',*,*,#1079,.F.);
#1400=ORIENTED_EDGE('',*,*,#1080,.F.);
#1401=ORIENTED_EDGE('',*,*,#1081,.F.);
#1402=ORIENTED_EDGE('',*,*,#1082,.F.);
#1403=ORIENTED_EDGE('',*,*,#1083,.F.);
#1404=ORIENTED_EDGE('',*,*,#1084,.F.);
#1405=ORIENTED_EDGE('',*,*,#1085,.F.);
#1406=ORIENTED_EDGE('',*,*,#1086,.F.);
#1407=ORIENTED_EDGE('',*,*,#1087,.F.);
#1408=ORIENTED_EDGE('',*,*,#1088,.F.);
#1409=ORIENTED_EDGE('',*,*,#1089,.F.);
#1410=ORIENTED_EDGE('',*,*,#1090,.F.);
#1411=ORIENTED_EDGE('',*,*,#1091,.F.);
#1412=ORIENTED_EDGE('',*,*,#1092,.F.);
#1413=ORIENTED_EDGE('',*,*,#985,.F.);
#1414=ORIENTED_EDGE('',*,*,#1062,.T.);
#1415=ORIENTED_EDGE('',*,*,#1093,.F.);
#1416=ORIENTED_EDGE('',*,*,#1094,.T.);
#1417=ORIENTED_EDGE('',*,*,#1095,.T.);
#1418=ORIENTED_EDGE('',*,*,#1061,.T.);
#1419=ORIENTED_EDGE('',*,*,#1096,.F.);
#1420=ORIENTED_EDGE('',*,*,#1097,.F.);
#1421=ORIENTED_EDGE('',*,*,#1093,.T.);
#1422=ORIENTED_EDGE('',*,*,#1060,.T.);
#1423=ORIENTED_EDGE('',*,*,#1098,.F.);
#1424=ORIENTED_EDGE('',*,*,#1099,.F.);
#1425=ORIENTED_EDGE('',*,*,#1096,.T.);
#1426=ORIENTED_EDGE('',*,*,#1059,.T.);
#1427=ORIENTED_EDGE('',*,*,#1100,.F.);
#1428=ORIENTED_EDGE('',*,*,#1101,.T.);
#1429=ORIENTED_EDGE('',*,*,#1098,.T.);
#1430=ORIENTED_EDGE('',*,*,#1058,.T.);
#1431=ORIENTED_EDGE('',*,*,#1102,.F.);
#1432=ORIENTED_EDGE('',*,*,#1103,.T.);
#1433=ORIENTED_EDGE('',*,*,#1100,.T.);
#1434=ORIENTED_EDGE('',*,*,#1057,.T.);
#1435=ORIENTED_EDGE('',*,*,#1104,.F.);
#1436=ORIENTED_EDGE('',*,*,#1105,.F.);
#1437=ORIENTED_EDGE('',*,*,#1102,.T.);
#1438=ORIENTED_EDGE('',*,*,#1056,.T.);
#1439=ORIENTED_EDGE('',*,*,#1106,.F.);
#1440=ORIENTED_EDGE('',*,*,#1107,.F.);
#1441=ORIENTED_EDGE('',*,*,#1104,.T.);
#1442=ORIENTED_EDGE('',*,*,#1055,.T.);
#1443=ORIENTED_EDGE('',*,*,#1108,.F.);
#1444=ORIENTED_EDGE('',*,*,#1109,.F.);
#1445=ORIENTED_EDGE('',*,*,#1106,.T.);
#1446=ORIENTED_EDGE('',*,*,#1054,.T.);
#1447=ORIENTED_EDGE('',*,*,#1110,.F.);
#1448=ORIENTED_EDGE('',*,*,#1111,.T.);
#1449=ORIENTED_EDGE('',*,*,#1108,.T.);
#1450=ORIENTED_EDGE('',*,*,#1053,.T.);
#1451=ORIENTED_EDGE('',*,*,#1112,.F.);
#1452=ORIENTED_EDGE('',*,*,#1113,.T.);
#1453=ORIENTED_EDGE('',*,*,#1110,.T.);
#1454=ORIENTED_EDGE('',*,*,#1052,.T.);
#1455=ORIENTED_EDGE('',*,*,#1114,.F.);
#1456=ORIENTED_EDGE('',*,*,#1115,.T.);
#1457=ORIENTED_EDGE('',*,*,#1112,.T.);
#1458=ORIENTED_EDGE('',*,*,#1051,.T.);
#1459=ORIENTED_EDGE('',*,*,#1116,.F.);
#1460=ORIENTED_EDGE('',*,*,#1117,.T.);
#1461=ORIENTED_EDGE('',*,*,#1114,.T.);
#1462=ORIENTED_EDGE('',*,*,#1050,.T.);
#1463=ORIENTED_EDGE('',*,*,#1118,.F.);
#1464=ORIENTED_EDGE('',*,*,#1119,.T.);
#1465=ORIENTED_EDGE('',*,*,#1116,.T.);
#1466=ORIENTED_EDGE('',*,*,#1049,.T.);
#1467=ORIENTED_EDGE('',*,*,#1120,.F.);
#1468=ORIENTED_EDGE('',*,*,#1121,.T.);
#1469=ORIENTED_EDGE('',*,*,#1118,.T.);
#1470=ORIENTED_EDGE('',*,*,#1048,.T.);
#1471=ORIENTED_EDGE('',*,*,#1122,.F.);
#1472=ORIENTED_EDGE('',*,*,#1123,.T.);
#1473=ORIENTED_EDGE('',*,*,#1120,.T.);
#1474=ORIENTED_EDGE('',*,*,#1047,.T.);
#1475=ORIENTED_EDGE('',*,*,#1124,.F.);
#1476=ORIENTED_EDGE('',*,*,#1125,.F.);
#1477=ORIENTED_EDGE('',*,*,#1122,.T.);
#1478=ORIENTED_EDGE('',*,*,#1046,.T.);
#1479=ORIENTED_EDGE('',*,*,#1126,.F.);
#1480=ORIENTED_EDGE('',*,*,#1127,.T.);
#1481=ORIENTED_EDGE('',*,*,#1124,.T.);
#1482=ORIENTED_EDGE('',*,*,#1045,.T.);
#1483=ORIENTED_EDGE('',*,*,#1128,.F.);
#1484=ORIENTED_EDGE('',*,*,#1129,.F.);
#1485=ORIENTED_EDGE('',*,*,#1126,.T.);
#1486=ORIENTED_EDGE('',*,*,#1044,.T.);
#1487=ORIENTED_EDGE('',*,*,#1130,.F.);
#1488=ORIENTED_EDGE('',*,*,#1131,.F.);
#1489=ORIENTED_EDGE('',*,*,#1128,.T.);
#1490=ORIENTED_EDGE('',*,*,#1043,.T.);
#1491=ORIENTED_EDGE('',*,*,#1132,.F.);
#1492=ORIENTED_EDGE('',*,*,#1133,.T.);
#1493=ORIENTED_EDGE('',*,*,#1130,.T.);
#1494=ORIENTED_EDGE('',*,*,#1042,.T.);
#1495=ORIENTED_EDGE('',*,*,#1134,.F.);
#1496=ORIENTED_EDGE('',*,*,#1135,.T.);
#1497=ORIENTED_EDGE('',*,*,#1132,.T.);
#1498=ORIENTED_EDGE('',*,*,#1041,.T.);
#1499=ORIENTED_EDGE('',*,*,#1136,.F.);
#1500=ORIENTED_EDGE('',*,*,#1137,.F.);
#1501=ORIENTED_EDGE('',*,*,#1134,.T.);
#1502=ORIENTED_EDGE('',*,*,#1040,.T.);
#1503=ORIENTED_EDGE('',*,*,#1138,.F.);
#1504=ORIENTED_EDGE('',*,*,#1139,.F.);
#1505=ORIENTED_EDGE('',*,*,#1136,.T.);
#1506=ORIENTED_EDGE('',*,*,#1039,.T.);
#1507=ORIENTED_EDGE('',*,*,#1140,.F.);
#1508=ORIENTED_EDGE('',*,*,#1141,.F.);
#1509=ORIENTED_EDGE('',*,*,#1138,.T.);
#1510=ORIENTED_EDGE('',*,*,#1038,.T.);
#1511=ORIENTED_EDGE('',*,*,#1142,.F.);
#1512=ORIENTED_EDGE('',*,*,#1143,.T.);
#1513=ORIENTED_EDGE('',*,*,#1140,.T.);
#1514=ORIENTED_EDGE('',*,*,#1037,.T.);
#1515=ORIENTED_EDGE('',*,*,#1144,.F.);
#1516=ORIENTED_EDGE('',*,*,#1145,.T.);
#1517=ORIENTED_EDGE('',*,*,#1142,.T.);
#1518=ORIENTED_EDGE('',*,*,#1036,.T.);
#1519=ORIENTED_EDGE('',*,*,#1146,.F.);
#1520=ORIENTED_EDGE('',*,*,#1147,.T.);
#1521=ORIENTED_EDGE('',*,*,#1144,.T.);
#1522=ORIENTED_EDGE('',*,*,#1035,.T.);
#1523=ORIENTED_EDGE('',*,*,#1148,.F.);
#1524=ORIENTED_EDGE('',*,*,#1149,.T.);
#1525=ORIENTED_EDGE('',*,*,#1146,.T.);
#1526=ORIENTED_EDGE('',*,*,#1034,.T.);
#1527=ORIENTED_EDGE('',*,*,#1150,.F.);
#1528=ORIENTED_EDGE('',*,*,#1151,.T.);
#1529=ORIENTED_EDGE('',*,*,#1148,.T.);
#1530=ORIENTED_EDGE('',*,*,#1033,.T.);
#1531=ORIENTED_EDGE('',*,*,#1152,.F.);
#1532=ORIENTED_EDGE('',*,*,#1153,.T.);
#1533=ORIENTED_EDGE('',*,*,#1150,.T.);
#1534=ORIENTED_EDGE('',*,*,#1032,.T.);
#1535=ORIENTED_EDGE('',*,*,#1154,.F.);
#1536=ORIENTED_EDGE('',*,*,#1155,.T.);
#1537=ORIENTED_EDGE('',*,*,#1152,.T.);
#1538=ORIENTED_EDGE('',*,*,#1031,.T.);
#1539=ORIENTED_EDGE('',*,*,#1156,.F.);
#1540=ORIENTED_EDGE('',*,*,#1157,.F.);
#1541=ORIENTED_EDGE('',*,*,#1154,.T.);
#1542=ORIENTED_EDGE('',*,*,#1063,.T.);
#1543=ORIENTED_EDGE('',*,*,#1095,.F.);
#1544=ORIENTED_EDGE('',*,*,#1158,.F.);
#1545=ORIENTED_EDGE('',*,*,#1159,.T.);
#1546=ORIENTED_EDGE('',*,*,#1025,.T.);
#1547=ORIENTED_EDGE('',*,*,#1160,.T.);
#1548=ORIENTED_EDGE('',*,*,#1161,.T.);
#1549=ORIENTED_EDGE('',*,*,#1021,.F.);
#1550=ORIENTED_EDGE('',*,*,#1162,.T.);
#1551=ORIENTED_EDGE('',*,*,#1163,.T.);
#1552=ORIENTED_EDGE('',*,*,#974,.T.);
#1553=ORIENTED_EDGE('',*,*,#1164,.T.);
#1554=ORIENTED_EDGE('',*,*,#1165,.T.);
#1555=ORIENTED_EDGE('',*,*,#969,.F.);
#1556=ORIENTED_EDGE('',*,*,#1166,.F.);
#1557=ORIENTED_EDGE('',*,*,#1167,.F.);
#1558=ORIENTED_EDGE('',*,*,#983,.F.);
#1559=ORIENTED_EDGE('',*,*,#1168,.T.);
#1560=ORIENTED_EDGE('',*,*,#932,.T.);
#1561=ORIENTED_EDGE('',*,*,#1169,.T.);
#1562=ORIENTED_EDGE('',*,*,#986,.F.);
#1563=ORIENTED_EDGE('',*,*,#1169,.F.);
#1564=ORIENTED_EDGE('',*,*,#931,.F.);
#1565=ORIENTED_EDGE('',*,*,#936,.F.);
#1566=ORIENTED_EDGE('',*,*,#935,.F.);
#1567=ORIENTED_EDGE('',*,*,#941,.F.);
#1568=ORIENTED_EDGE('',*,*,#940,.F.);
#1569=ORIENTED_EDGE('',*,*,#946,.F.);
#1570=ORIENTED_EDGE('',*,*,#945,.F.);
#1571=ORIENTED_EDGE('',*,*,#951,.F.);
#1572=ORIENTED_EDGE('',*,*,#950,.F.);
#1573=ORIENTED_EDGE('',*,*,#956,.F.);
#1574=ORIENTED_EDGE('',*,*,#955,.F.);
#1575=ORIENTED_EDGE('',*,*,#961,.F.);
#1576=ORIENTED_EDGE('',*,*,#960,.F.);
#1577=ORIENTED_EDGE('',*,*,#966,.F.);
#1578=ORIENTED_EDGE('',*,*,#965,.F.);
#1579=ORIENTED_EDGE('',*,*,#971,.F.);
#1580=ORIENTED_EDGE('',*,*,#970,.F.);
#1581=ORIENTED_EDGE('',*,*,#1165,.F.);
#1582=ORIENTED_EDGE('',*,*,#1164,.F.);
#1583=ORIENTED_EDGE('',*,*,#979,.F.);
#1584=ORIENTED_EDGE('',*,*,#978,.F.);
#1585=ORIENTED_EDGE('',*,*,#1170,.F.);
#1586=ORIENTED_EDGE('',*,*,#1026,.F.);
#1587=ORIENTED_EDGE('',*,*,#1163,.F.);
#1588=ORIENTED_EDGE('',*,*,#1162,.F.);
#1589=ORIENTED_EDGE('',*,*,#1024,.F.);
#1590=ORIENTED_EDGE('',*,*,#1020,.F.);
#1591=ORIENTED_EDGE('',*,*,#1019,.F.);
#1592=ORIENTED_EDGE('',*,*,#1015,.F.);
#1593=ORIENTED_EDGE('',*,*,#1011,.F.);
#1594=ORIENTED_EDGE('',*,*,#1010,.F.);
#1595=ORIENTED_EDGE('',*,*,#1006,.F.);
#1596=ORIENTED_EDGE('',*,*,#1002,.F.);
#1597=ORIENTED_EDGE('',*,*,#1001,.F.);
#1598=ORIENTED_EDGE('',*,*,#997,.F.);
#1599=ORIENTED_EDGE('',*,*,#996,.F.);
#1600=ORIENTED_EDGE('',*,*,#992,.F.);
#1601=ORIENTED_EDGE('',*,*,#988,.F.);
#1602=ORIENTED_EDGE('',*,*,#987,.F.);
#1603=ORIENTED_EDGE('',*,*,#1168,.F.);
#1604=ORIENTED_EDGE('',*,*,#982,.F.);
#1605=ORIENTED_EDGE('',*,*,#981,.F.);
#1606=ORIENTED_EDGE('',*,*,#991,.F.);
#1607=ORIENTED_EDGE('',*,*,#990,.F.);
#1608=ORIENTED_EDGE('',*,*,#995,.F.);
#1609=ORIENTED_EDGE('',*,*,#994,.F.);
#1610=ORIENTED_EDGE('',*,*,#1000,.F.);
#1611=ORIENTED_EDGE('',*,*,#999,.F.);
#1612=ORIENTED_EDGE('',*,*,#1005,.F.);
#1613=ORIENTED_EDGE('',*,*,#1004,.F.);
#1614=ORIENTED_EDGE('',*,*,#1009,.F.);
#1615=ORIENTED_EDGE('',*,*,#1008,.F.);
#1616=ORIENTED_EDGE('',*,*,#1014,.F.);
#1617=ORIENTED_EDGE('',*,*,#1013,.F.);
#1618=ORIENTED_EDGE('',*,*,#1018,.F.);
#1619=ORIENTED_EDGE('',*,*,#1017,.F.);
#1620=ORIENTED_EDGE('',*,*,#1023,.F.);
#1621=ORIENTED_EDGE('',*,*,#1022,.F.);
#1622=ORIENTED_EDGE('',*,*,#1161,.F.);
#1623=ORIENTED_EDGE('',*,*,#1160,.F.);
#1624=ORIENTED_EDGE('',*,*,#1028,.F.);
#1625=ORIENTED_EDGE('',*,*,#1171,.F.);
#1626=ORIENTED_EDGE('',*,*,#976,.T.);
#1627=ORIENTED_EDGE('',*,*,#975,.T.);
#1628=ORIENTED_EDGE('',*,*,#1167,.T.);
#1629=ORIENTED_EDGE('',*,*,#1166,.T.);
#1630=ORIENTED_EDGE('',*,*,#973,.T.);
#1631=ORIENTED_EDGE('',*,*,#972,.T.);
#1632=ORIENTED_EDGE('',*,*,#968,.T.);
#1633=ORIENTED_EDGE('',*,*,#967,.T.);
#1634=ORIENTED_EDGE('',*,*,#963,.T.);
#1635=ORIENTED_EDGE('',*,*,#962,.T.);
#1636=ORIENTED_EDGE('',*,*,#958,.T.);
#1637=ORIENTED_EDGE('',*,*,#957,.T.);
#1638=ORIENTED_EDGE('',*,*,#953,.T.);
#1639=ORIENTED_EDGE('',*,*,#952,.T.);
#1640=ORIENTED_EDGE('',*,*,#948,.T.);
#1641=ORIENTED_EDGE('',*,*,#947,.T.);
#1642=ORIENTED_EDGE('',*,*,#943,.T.);
#1643=ORIENTED_EDGE('',*,*,#942,.T.);
#1644=ORIENTED_EDGE('',*,*,#938,.T.);
#1645=ORIENTED_EDGE('',*,*,#937,.T.);
#1646=ORIENTED_EDGE('',*,*,#933,.T.);
#1647=ORIENTED_EDGE('',*,*,#1030,.T.);
#1648=ORIENTED_EDGE('',*,*,#1172,.F.);
#1649=ORIENTED_EDGE('',*,*,#1173,.T.);
#1650=ORIENTED_EDGE('',*,*,#1156,.T.);
#1651=ORIENTED_EDGE('',*,*,#1029,.T.);
#1652=ORIENTED_EDGE('',*,*,#1174,.F.);
#1653=ORIENTED_EDGE('',*,*,#1175,.F.);
#1654=ORIENTED_EDGE('',*,*,#1172,.T.);
#1655=ORIENTED_EDGE('',*,*,#1092,.T.);
#1656=ORIENTED_EDGE('',*,*,#1176,.F.);
#1657=ORIENTED_EDGE('',*,*,#1177,.F.);
#1658=ORIENTED_EDGE('',*,*,#1174,.T.);
#1659=ORIENTED_EDGE('',*,*,#1091,.T.);
#1660=ORIENTED_EDGE('',*,*,#1178,.F.);
#1661=ORIENTED_EDGE('',*,*,#1179,.T.);
#1662=ORIENTED_EDGE('',*,*,#1176,.T.);
#1663=ORIENTED_EDGE('',*,*,#1090,.T.);
#1664=ORIENTED_EDGE('',*,*,#1180,.F.);
#1665=ORIENTED_EDGE('',*,*,#1181,.T.);
#1666=ORIENTED_EDGE('',*,*,#1178,.T.);
#1667=ORIENTED_EDGE('',*,*,#1089,.T.);
#1668=ORIENTED_EDGE('',*,*,#1182,.F.);
#1669=ORIENTED_EDGE('',*,*,#1183,.F.);
#1670=ORIENTED_EDGE('',*,*,#1180,.T.);
#1671=ORIENTED_EDGE('',*,*,#1088,.T.);
#1672=ORIENTED_EDGE('',*,*,#1184,.F.);
#1673=ORIENTED_EDGE('',*,*,#1185,.F.);
#1674=ORIENTED_EDGE('',*,*,#1182,.T.);
#1675=ORIENTED_EDGE('',*,*,#1087,.T.);
#1676=ORIENTED_EDGE('',*,*,#1186,.F.);
#1677=ORIENTED_EDGE('',*,*,#1187,.F.);
#1678=ORIENTED_EDGE('',*,*,#1184,.T.);
#1679=ORIENTED_EDGE('',*,*,#1086,.T.);
#1680=ORIENTED_EDGE('',*,*,#1188,.F.);
#1681=ORIENTED_EDGE('',*,*,#1189,.T.);
#1682=ORIENTED_EDGE('',*,*,#1186,.T.);
#1683=ORIENTED_EDGE('',*,*,#1085,.T.);
#1684=ORIENTED_EDGE('',*,*,#1190,.F.);
#1685=ORIENTED_EDGE('',*,*,#1191,.T.);
#1686=ORIENTED_EDGE('',*,*,#1188,.T.);
#1687=ORIENTED_EDGE('',*,*,#1084,.T.);
#1688=ORIENTED_EDGE('',*,*,#1192,.F.);
#1689=ORIENTED_EDGE('',*,*,#1193,.T.);
#1690=ORIENTED_EDGE('',*,*,#1190,.T.);
#1691=ORIENTED_EDGE('',*,*,#1083,.T.);
#1692=ORIENTED_EDGE('',*,*,#1194,.F.);
#1693=ORIENTED_EDGE('',*,*,#1195,.T.);
#1694=ORIENTED_EDGE('',*,*,#1192,.T.);
#1695=ORIENTED_EDGE('',*,*,#1082,.T.);
#1696=ORIENTED_EDGE('',*,*,#1196,.F.);
#1697=ORIENTED_EDGE('',*,*,#1197,.T.);
#1698=ORIENTED_EDGE('',*,*,#1194,.T.);
#1699=ORIENTED_EDGE('',*,*,#1081,.T.);
#1700=ORIENTED_EDGE('',*,*,#1198,.F.);
#1701=ORIENTED_EDGE('',*,*,#1199,.T.);
#1702=ORIENTED_EDGE('',*,*,#1196,.T.);
#1703=ORIENTED_EDGE('',*,*,#1080,.T.);
#1704=ORIENTED_EDGE('',*,*,#1200,.F.);
#1705=ORIENTED_EDGE('',*,*,#1201,.T.);
#1706=ORIENTED_EDGE('',*,*,#1198,.T.);
#1707=ORIENTED_EDGE('',*,*,#1079,.T.);
#1708=ORIENTED_EDGE('',*,*,#1202,.F.);
#1709=ORIENTED_EDGE('',*,*,#1203,.F.);
#1710=ORIENTED_EDGE('',*,*,#1200,.T.);
#1711=ORIENTED_EDGE('',*,*,#1078,.T.);
#1712=ORIENTED_EDGE('',*,*,#1204,.F.);
#1713=ORIENTED_EDGE('',*,*,#1205,.T.);
#1714=ORIENTED_EDGE('',*,*,#1202,.T.);
#1715=ORIENTED_EDGE('',*,*,#1077,.T.);
#1716=ORIENTED_EDGE('',*,*,#1206,.F.);
#1717=ORIENTED_EDGE('',*,*,#1207,.F.);
#1718=ORIENTED_EDGE('',*,*,#1204,.T.);
#1719=ORIENTED_EDGE('',*,*,#1076,.T.);
#1720=ORIENTED_EDGE('',*,*,#1208,.F.);
#1721=ORIENTED_EDGE('',*,*,#1209,.F.);
#1722=ORIENTED_EDGE('',*,*,#1206,.T.);
#1723=ORIENTED_EDGE('',*,*,#1075,.T.);
#1724=ORIENTED_EDGE('',*,*,#1210,.F.);
#1725=ORIENTED_EDGE('',*,*,#1211,.T.);
#1726=ORIENTED_EDGE('',*,*,#1208,.T.);
#1727=ORIENTED_EDGE('',*,*,#1074,.T.);
#1728=ORIENTED_EDGE('',*,*,#1212,.F.);
#1729=ORIENTED_EDGE('',*,*,#1213,.T.);
#1730=ORIENTED_EDGE('',*,*,#1210,.T.);
#1731=ORIENTED_EDGE('',*,*,#1073,.T.);
#1732=ORIENTED_EDGE('',*,*,#1214,.F.);
#1733=ORIENTED_EDGE('',*,*,#1215,.F.);
#1734=ORIENTED_EDGE('',*,*,#1212,.T.);
#1735=ORIENTED_EDGE('',*,*,#1072,.T.);
#1736=ORIENTED_EDGE('',*,*,#1216,.F.);
#1737=ORIENTED_EDGE('',*,*,#1217,.F.);
#1738=ORIENTED_EDGE('',*,*,#1214,.T.);
#1739=ORIENTED_EDGE('',*,*,#1071,.T.);
#1740=ORIENTED_EDGE('',*,*,#1218,.F.);
#1741=ORIENTED_EDGE('',*,*,#1219,.F.);
#1742=ORIENTED_EDGE('',*,*,#1216,.T.);
#1743=ORIENTED_EDGE('',*,*,#1070,.T.);
#1744=ORIENTED_EDGE('',*,*,#1220,.F.);
#1745=ORIENTED_EDGE('',*,*,#1221,.T.);
#1746=ORIENTED_EDGE('',*,*,#1218,.T.);
#1747=ORIENTED_EDGE('',*,*,#1069,.T.);
#1748=ORIENTED_EDGE('',*,*,#1222,.F.);
#1749=ORIENTED_EDGE('',*,*,#1223,.T.);
#1750=ORIENTED_EDGE('',*,*,#1220,.T.);
#1751=ORIENTED_EDGE('',*,*,#1068,.T.);
#1752=ORIENTED_EDGE('',*,*,#1224,.F.);
#1753=ORIENTED_EDGE('',*,*,#1225,.T.);
#1754=ORIENTED_EDGE('',*,*,#1222,.T.);
#1755=ORIENTED_EDGE('',*,*,#1067,.T.);
#1756=ORIENTED_EDGE('',*,*,#1226,.F.);
#1757=ORIENTED_EDGE('',*,*,#1227,.T.);
#1758=ORIENTED_EDGE('',*,*,#1224,.T.);
#1759=ORIENTED_EDGE('',*,*,#1066,.T.);
#1760=ORIENTED_EDGE('',*,*,#1228,.F.);
#1761=ORIENTED_EDGE('',*,*,#1229,.T.);
#1762=ORIENTED_EDGE('',*,*,#1226,.T.);
#1763=ORIENTED_EDGE('',*,*,#1065,.T.);
#1764=ORIENTED_EDGE('',*,*,#1230,.F.);
#1765=ORIENTED_EDGE('',*,*,#1231,.T.);
#1766=ORIENTED_EDGE('',*,*,#1228,.T.);
#1767=ORIENTED_EDGE('',*,*,#1064,.T.);
#1768=ORIENTED_EDGE('',*,*,#1159,.F.);
#1769=ORIENTED_EDGE('',*,*,#1232,.T.);
#1770=ORIENTED_EDGE('',*,*,#1230,.T.);
#1771=ORIENTED_EDGE('',*,*,#1155,.F.);
#1772=ORIENTED_EDGE('',*,*,#1157,.T.);
#1773=ORIENTED_EDGE('',*,*,#1173,.F.);
#1774=ORIENTED_EDGE('',*,*,#1175,.T.);
#1775=ORIENTED_EDGE('',*,*,#1177,.T.);
#1776=ORIENTED_EDGE('',*,*,#1179,.F.);
#1777=ORIENTED_EDGE('',*,*,#1181,.F.);
#1778=ORIENTED_EDGE('',*,*,#1183,.T.);
#1779=ORIENTED_EDGE('',*,*,#1185,.T.);
#1780=ORIENTED_EDGE('',*,*,#1187,.T.);
#1781=ORIENTED_EDGE('',*,*,#1189,.F.);
#1782=ORIENTED_EDGE('',*,*,#1191,.F.);
#1783=ORIENTED_EDGE('',*,*,#1193,.F.);
#1784=ORIENTED_EDGE('',*,*,#1195,.F.);
#1785=ORIENTED_EDGE('',*,*,#1197,.F.);
#1786=ORIENTED_EDGE('',*,*,#1199,.F.);
#1787=ORIENTED_EDGE('',*,*,#1201,.F.);
#1788=ORIENTED_EDGE('',*,*,#1203,.T.);
#1789=ORIENTED_EDGE('',*,*,#1205,.F.);
#1790=ORIENTED_EDGE('',*,*,#1207,.T.);
#1791=ORIENTED_EDGE('',*,*,#1209,.T.);
#1792=ORIENTED_EDGE('',*,*,#1211,.F.);
#1793=ORIENTED_EDGE('',*,*,#1213,.F.);
#1794=ORIENTED_EDGE('',*,*,#1215,.T.);
#1795=ORIENTED_EDGE('',*,*,#1217,.T.);
#1796=ORIENTED_EDGE('',*,*,#1219,.T.);
#1797=ORIENTED_EDGE('',*,*,#1221,.F.);
#1798=ORIENTED_EDGE('',*,*,#1223,.F.);
#1799=ORIENTED_EDGE('',*,*,#1225,.F.);
#1800=ORIENTED_EDGE('',*,*,#1227,.F.);
#1801=ORIENTED_EDGE('',*,*,#1229,.F.);
#1802=ORIENTED_EDGE('',*,*,#1231,.F.);
#1803=ORIENTED_EDGE('',*,*,#1232,.F.);
#1804=ORIENTED_EDGE('',*,*,#1158,.T.);
#1805=ORIENTED_EDGE('',*,*,#1094,.F.);
#1806=ORIENTED_EDGE('',*,*,#1097,.T.);
#1807=ORIENTED_EDGE('',*,*,#1099,.T.);
#1808=ORIENTED_EDGE('',*,*,#1101,.F.);
#1809=ORIENTED_EDGE('',*,*,#1103,.F.);
#1810=ORIENTED_EDGE('',*,*,#1105,.T.);
#1811=ORIENTED_EDGE('',*,*,#1107,.T.);
#1812=ORIENTED_EDGE('',*,*,#1109,.T.);
#1813=ORIENTED_EDGE('',*,*,#1111,.F.);
#1814=ORIENTED_EDGE('',*,*,#1113,.F.);
#1815=ORIENTED_EDGE('',*,*,#1115,.F.);
#1816=ORIENTED_EDGE('',*,*,#1117,.F.);
#1817=ORIENTED_EDGE('',*,*,#1119,.F.);
#1818=ORIENTED_EDGE('',*,*,#1121,.F.);
#1819=ORIENTED_EDGE('',*,*,#1123,.F.);
#1820=ORIENTED_EDGE('',*,*,#1125,.T.);
#1821=ORIENTED_EDGE('',*,*,#1127,.F.);
#1822=ORIENTED_EDGE('',*,*,#1129,.T.);
#1823=ORIENTED_EDGE('',*,*,#1131,.T.);
#1824=ORIENTED_EDGE('',*,*,#1133,.F.);
#1825=ORIENTED_EDGE('',*,*,#1135,.F.);
#1826=ORIENTED_EDGE('',*,*,#1137,.T.);
#1827=ORIENTED_EDGE('',*,*,#1139,.T.);
#1828=ORIENTED_EDGE('',*,*,#1141,.T.);
#1829=ORIENTED_EDGE('',*,*,#1143,.F.);
#1830=ORIENTED_EDGE('',*,*,#1145,.F.);
#1831=ORIENTED_EDGE('',*,*,#1147,.F.);
#1832=ORIENTED_EDGE('',*,*,#1149,.F.);
#1833=ORIENTED_EDGE('',*,*,#1151,.F.);
#1834=ORIENTED_EDGE('',*,*,#1153,.F.);
#1835=ORIENTED_EDGE('',*,*,#1171,.T.);
#1836=ORIENTED_EDGE('',*,*,#1027,.F.);
#1837=ORIENTED_EDGE('',*,*,#1170,.T.);
#1838=ORIENTED_EDGE('',*,*,#977,.T.);
#1839=CYLINDRICAL_SURFACE('',#1994,1.543);
#1840=CYLINDRICAL_SURFACE('',#1996,1.543);
#1841=CYLINDRICAL_SURFACE('',#1997,1.543);
#1842=CYLINDRICAL_SURFACE('',#1998,1.543);
#1843=CYLINDRICAL_SURFACE('',#1999,1.543);
#1844=CYLINDRICAL_SURFACE('',#2000,1.543);
#1845=CYLINDRICAL_SURFACE('',#2001,1.543);
#1846=CYLINDRICAL_SURFACE('',#2002,1.543);
#1847=CYLINDRICAL_SURFACE('',#2003,1.543);
#1848=CYLINDRICAL_SURFACE('',#2004,1.543);
#1849=CYLINDRICAL_SURFACE('',#2006,1.2645);
#1850=CYLINDRICAL_SURFACE('',#2010,1.2645);
#1851=CYLINDRICAL_SURFACE('',#2011,1.2645);
#1852=CYLINDRICAL_SURFACE('',#2012,1.2645);
#1853=CYLINDRICAL_SURFACE('',#2013,1.2645);
#1854=CYLINDRICAL_SURFACE('',#2014,1.2645);
#1855=CYLINDRICAL_SURFACE('',#2015,1.2645);
#1856=CYLINDRICAL_SURFACE('',#2016,1.2645);
#1857=CYLINDRICAL_SURFACE('',#2017,1.2645);
#1858=CYLINDRICAL_SURFACE('',#2018,1.2645);
#1859=CYLINDRICAL_SURFACE('',#2049,0.150000000000001);
#1860=CYLINDRICAL_SURFACE('',#2052,0.15);
#1861=CYLINDRICAL_SURFACE('',#2057,0.15);
#1862=CYLINDRICAL_SURFACE('',#2060,0.150000000000001);
#1863=CYLINDRICAL_SURFACE('',#2063,0.150000000000001);
#1864=CYLINDRICAL_SURFACE('',#2066,0.0499999999999995);
#1865=CYLINDRICAL_SURFACE('',#2069,0.150000000000001);
#1866=CYLINDRICAL_SURFACE('',#2072,0.15);
#1867=CYLINDRICAL_SURFACE('',#2075,0.15);
#1868=CYLINDRICAL_SURFACE('',#2080,0.149999999999999);
#1869=CYLINDRICAL_SURFACE('',#2083,0.15);
#1870=CYLINDRICAL_SURFACE('',#2086,0.150000000000001);
#1871=CYLINDRICAL_SURFACE('',#2089,0.0499999999999995);
#1872=CYLINDRICAL_SURFACE('',#2092,0.150000000000001);
#1873=CYLINDRICAL_SURFACE('',#2096,1.2645);
#1874=CYLINDRICAL_SURFACE('',#2097,1.543);
#1875=CYLINDRICAL_SURFACE('',#2099,0.150000000000001);
#1876=CYLINDRICAL_SURFACE('',#2102,0.150000000000001);
#1877=CYLINDRICAL_SURFACE('',#2107,0.15);
#1878=CYLINDRICAL_SURFACE('',#2110,0.150000000000001);
#1879=CYLINDRICAL_SURFACE('',#2113,0.150000000000001);
#1880=CYLINDRICAL_SURFACE('',#2116,0.0499999999999995);
#1881=CYLINDRICAL_SURFACE('',#2119,0.150000000000001);
#1882=CYLINDRICAL_SURFACE('',#2122,0.150000000000001);
#1883=CYLINDRICAL_SURFACE('',#2125,0.15);
#1884=CYLINDRICAL_SURFACE('',#2130,0.15);
#1885=CYLINDRICAL_SURFACE('',#2133,0.15);
#1886=CYLINDRICAL_SURFACE('',#2136,0.150000000000001);
#1887=CYLINDRICAL_SURFACE('',#2139,0.0499999999999995);
#1888=CYLINDRICAL_SURFACE('',#2142,0.150000000000001);
#1889=ADVANCED_FACE('',(#72),#1839,.F.);
#1890=ADVANCED_FACE('',(#73),#1840,.F.);
#1891=ADVANCED_FACE('',(#74),#1841,.F.);
#1892=ADVANCED_FACE('',(#75),#1842,.F.);
#1893=ADVANCED_FACE('',(#76),#1843,.F.);
#1894=ADVANCED_FACE('',(#77),#1844,.F.);
#1895=ADVANCED_FACE('',(#78),#1845,.F.);
#1896=ADVANCED_FACE('',(#79),#1846,.F.);
#1897=ADVANCED_FACE('',(#80),#1847,.F.);
#1898=ADVANCED_FACE('',(#81),#1848,.F.);
#1899=ADVANCED_FACE('',(#82),#1849,.F.);
#1900=ADVANCED_FACE('',(#83),#1850,.F.);
#1901=ADVANCED_FACE('',(#84),#1851,.F.);
#1902=ADVANCED_FACE('',(#85),#1852,.F.);
#1903=ADVANCED_FACE('',(#86),#1853,.F.);
#1904=ADVANCED_FACE('',(#87),#1854,.F.);
#1905=ADVANCED_FACE('',(#88),#1855,.F.);
#1906=ADVANCED_FACE('',(#89),#1856,.F.);
#1907=ADVANCED_FACE('',(#90),#1857,.F.);
#1908=ADVANCED_FACE('',(#91),#1858,.F.);
#1909=ADVANCED_FACE('',(#92,#16),#18,.T.);
#1910=ADVANCED_FACE('',(#93),#1859,.T.);
#1911=ADVANCED_FACE('',(#94),#19,.T.);
#1912=ADVANCED_FACE('',(#95),#1860,.F.);
#1913=ADVANCED_FACE('',(#96),#20,.T.);
#1914=ADVANCED_FACE('',(#97),#21,.T.);
#1915=ADVANCED_FACE('',(#98),#22,.T.);
#1916=ADVANCED_FACE('',(#99),#1861,.F.);
#1917=ADVANCED_FACE('',(#100),#23,.T.);
#1918=ADVANCED_FACE('',(#101),#1862,.T.);
#1919=ADVANCED_FACE('',(#102),#24,.T.);
#1920=ADVANCED_FACE('',(#103),#1863,.T.);
#1921=ADVANCED_FACE('',(#104),#25,.T.);
#1922=ADVANCED_FACE('',(#105),#1864,.T.);
#1923=ADVANCED_FACE('',(#106),#26,.T.);
#1924=ADVANCED_FACE('',(#107),#1865,.T.);
#1925=ADVANCED_FACE('',(#108),#27,.T.);
#1926=ADVANCED_FACE('',(#109),#1866,.T.);
#1927=ADVANCED_FACE('',(#110),#28,.T.);
#1928=ADVANCED_FACE('',(#111),#1867,.F.);
#1929=ADVANCED_FACE('',(#112),#29,.T.);
#1930=ADVANCED_FACE('',(#113),#30,.T.);
#1931=ADVANCED_FACE('',(#114),#31,.T.);
#1932=ADVANCED_FACE('',(#115),#1868,.F.);
#1933=ADVANCED_FACE('',(#116),#32,.T.);
#1934=ADVANCED_FACE('',(#117),#1869,.T.);
#1935=ADVANCED_FACE('',(#118),#33,.T.);
#1936=ADVANCED_FACE('',(#119),#1870,.T.);
#1937=ADVANCED_FACE('',(#120),#34,.T.);
#1938=ADVANCED_FACE('',(#121),#1871,.T.);
#1939=ADVANCED_FACE('',(#122),#35,.T.);
#1940=ADVANCED_FACE('',(#123),#1872,.T.);
#1941=ADVANCED_FACE('',(#124),#36,.T.);
#1942=ADVANCED_FACE('',(#125),#37,.T.);
#1943=ADVANCED_FACE('',(#126),#1873,.F.);
#1944=ADVANCED_FACE('',(#127),#1874,.F.);
#1945=ADVANCED_FACE('',(#128),#38,.F.);
#1946=ADVANCED_FACE('',(#129),#14,.F.);
#1947=ADVANCED_FACE('',(#130),#15,.F.);
#1948=ADVANCED_FACE('',(#131),#1875,.T.);
#1949=ADVANCED_FACE('',(#132),#39,.T.);
#1950=ADVANCED_FACE('',(#133),#1876,.F.);
#1951=ADVANCED_FACE('',(#134),#40,.T.);
#1952=ADVANCED_FACE('',(#135),#41,.T.);
#1953=ADVANCED_FACE('',(#136),#42,.T.);
#1954=ADVANCED_FACE('',(#137),#1877,.F.);
#1955=ADVANCED_FACE('',(#138),#43,.T.);
#1956=ADVANCED_FACE('',(#139),#1878,.T.);
#1957=ADVANCED_FACE('',(#140),#44,.T.);
#1958=ADVANCED_FACE('',(#141),#1879,.T.);
#1959=ADVANCED_FACE('',(#142),#45,.T.);
#1960=ADVANCED_FACE('',(#143),#1880,.T.);
#1961=ADVANCED_FACE('',(#144),#46,.T.);
#1962=ADVANCED_FACE('',(#145),#1881,.T.);
#1963=ADVANCED_FACE('',(#146),#47,.T.);
#1964=ADVANCED_FACE('',(#147),#1882,.T.);
#1965=ADVANCED_FACE('',(#148),#48,.T.);
#1966=ADVANCED_FACE('',(#149),#1883,.F.);
#1967=ADVANCED_FACE('',(#150),#49,.T.);
#1968=ADVANCED_FACE('',(#151),#50,.T.);
#1969=ADVANCED_FACE('',(#152),#51,.T.);
#1970=ADVANCED_FACE('',(#153),#1884,.F.);
#1971=ADVANCED_FACE('',(#154),#52,.T.);
#1972=ADVANCED_FACE('',(#155),#1885,.T.);
#1973=ADVANCED_FACE('',(#156),#53,.T.);
#1974=ADVANCED_FACE('',(#157),#1886,.T.);
#1975=ADVANCED_FACE('',(#158),#54,.T.);
#1976=ADVANCED_FACE('',(#159),#1887,.T.);
#1977=ADVANCED_FACE('',(#160),#55,.T.);
#1978=ADVANCED_FACE('',(#161),#1888,.T.);
#1979=ADVANCED_FACE('',(#162,#17),#56,.F.);
#1980=CLOSED_SHELL('',(#1889,#1890,#1891,#1892,#1893,#1894,#1895,#1896,
#1897,#1898,#1899,#1900,#1901,#1902,#1903,#1904,#1905,#1906,#1907,#1908,
#1909,#1910,#1911,#1912,#1913,#1914,#1915,#1916,#1917,#1918,#1919,#1920,
#1921,#1922,#1923,#1924,#1925,#1926,#1927,#1928,#1929,#1930,#1931,#1932,
#1933,#1934,#1935,#1936,#1937,#1938,#1939,#1940,#1941,#1942,#1943,#1944,
#1945,#1946,#1947,#1948,#1949,#1950,#1951,#1952,#1953,#1954,#1955,#1956,
#1957,#1958,#1959,#1960,#1961,#1962,#1963,#1964,#1965,#1966,#1967,#1968,
#1969,#1970,#1971,#1972,#1973,#1974,#1975,#1976,#1977,#1978,#1979));
#1981=DERIVED_UNIT_ELEMENT(#1983,1.);
#1982=DERIVED_UNIT_ELEMENT(#8771,-3.);
#1983=(
MASS_UNIT()
NAMED_UNIT(*)
SI_UNIT(.KILO.,.GRAM.)
);
#1984=DERIVED_UNIT((#1981,#1982));
#1985=MEASURE_REPRESENTATION_ITEM('density measure',
POSITIVE_RATIO_MEASURE(7850.),#1984);
#1986=PROPERTY_DEFINITION_REPRESENTATION(#1991,#1988);
#1987=PROPERTY_DEFINITION_REPRESENTATION(#1992,#1989);
#1988=REPRESENTATION('material name',(#1990),#8768);
#1989=REPRESENTATION('density',(#1985),#8768);
#1990=DESCRIPTIVE_REPRESENTATION_ITEM('Stahl','Stahl');
#1991=PROPERTY_DEFINITION('material property','material name',#8778);
#1992=PROPERTY_DEFINITION('material property','density of part',#8778);
#1993=AXIS2_PLACEMENT_3D('',#2606,#2145,#2146);
#1994=AXIS2_PLACEMENT_3D('',#2607,#2147,#2148);
#1995=AXIS2_PLACEMENT_3D('',#2674,#2150,#2151);
#1996=AXIS2_PLACEMENT_3D('',#2751,#2152,#2153);
#1997=AXIS2_PLACEMENT_3D('',#3002,#2155,#2156);
#1998=AXIS2_PLACEMENT_3D('',#3094,#2158,#2159);
#1999=AXIS2_PLACEMENT_3D('',#3236,#2161,#2162);
#2000=AXIS2_PLACEMENT_3D('',#3429,#2164,#2165);
#2001=AXIS2_PLACEMENT_3D('',#3625,#2167,#2168);
#2002=AXIS2_PLACEMENT_3D('',#3824,#2170,#2171);
#2003=AXIS2_PLACEMENT_3D('',#4017,#2173,#2174);
#2004=AXIS2_PLACEMENT_3D('',#4109,#2176,#2177);
#2005=AXIS2_PLACEMENT_3D('',#4127,#2179,#2180);
#2006=AXIS2_PLACEMENT_3D('',#4188,#2181,#2182);
#2007=AXIS2_PLACEMENT_3D('',#4271,#2184,#2185);
#2008=AXIS2_PLACEMENT_3D('',#4274,#2187,#2188);
#2009=AXIS2_PLACEMENT_3D('',#4276,#2189,#2190);
#2010=AXIS2_PLACEMENT_3D('',#4407,#2191,#2192);
#2011=AXIS2_PLACEMENT_3D('',#4767,#2194,#2195);
#2012=AXIS2_PLACEMENT_3D('',#5079,#2197,#2198);
#2013=AXIS2_PLACEMENT_3D('',#5324,#2200,#2201);
#2014=AXIS2_PLACEMENT_3D('',#5685,#2203,#2204);
#2015=AXIS2_PLACEMENT_3D('',#6045,#2206,#2207);
#2016=AXIS2_PLACEMENT_3D('',#6406,#2209,#2210);
#2017=AXIS2_PLACEMENT_3D('',#6722,#2212,#2213);
#2018=AXIS2_PLACEMENT_3D('',#6973,#2215,#2216);
#2019=AXIS2_PLACEMENT_3D('',#7031,#2218,#2219);
#2020=AXIS2_PLACEMENT_3D('',#7132,#2220,#2221);
#2021=AXIS2_PLACEMENT_3D('',#7137,#2223,#2224);
#2022=AXIS2_PLACEMENT_3D('',#7141,#2226,#2227);
#2023=AXIS2_PLACEMENT_3D('',#7145,#2229,#2230);
#2024=AXIS2_PLACEMENT_3D('',#7149,#2232,#2233);
#2025=AXIS2_PLACEMENT_3D('',#7153,#2235,#2236);
#2026=AXIS2_PLACEMENT_3D('',#7157,#2238,#2239);
#2027=AXIS2_PLACEMENT_3D('',#7165,#2243,#2244);
#2028=AXIS2_PLACEMENT_3D('',#7169,#2246,#2247);
#2029=AXIS2_PLACEMENT_3D('',#7173,#2249,#2250);
#2030=AXIS2_PLACEMENT_3D('',#7177,#2252,#2253);
#2031=AXIS2_PLACEMENT_3D('',#7181,#2255,#2256);
#2032=AXIS2_PLACEMENT_3D('',#7185,#2258,#2259);
#2033=AXIS2_PLACEMENT_3D('',#7189,#2261,#2262);
#2034=AXIS2_PLACEMENT_3D('',#7197,#2266,#2267);
#2035=AXIS2_PLACEMENT_3D('',#7201,#2269,#2270);
#2036=AXIS2_PLACEMENT_3D('',#7205,#2272,#2273);
#2037=AXIS2_PLACEMENT_3D('',#7209,#2275,#2276);
#2038=AXIS2_PLACEMENT_3D('',#7213,#2278,#2279);
#2039=AXIS2_PLACEMENT_3D('',#7217,#2281,#2282);
#2040=AXIS2_PLACEMENT_3D('',#7221,#2284,#2285);
#2041=AXIS2_PLACEMENT_3D('',#7229,#2289,#2290);
#2042=AXIS2_PLACEMENT_3D('',#7233,#2292,#2293);
#2043=AXIS2_PLACEMENT_3D('',#7237,#2295,#2296);
#2044=AXIS2_PLACEMENT_3D('',#7241,#2298,#2299);
#2045=AXIS2_PLACEMENT_3D('',#7245,#2301,#2302);
#2046=AXIS2_PLACEMENT_3D('',#7249,#2304,#2305);
#2047=AXIS2_PLACEMENT_3D('',#7253,#2307,#2308);
#2048=AXIS2_PLACEMENT_3D('',#7260,#2312,#2313);
#2049=AXIS2_PLACEMENT_3D('',#7261,#2314,#2315);
#2050=AXIS2_PLACEMENT_3D('',#7265,#2317,#2318);
#2051=AXIS2_PLACEMENT_3D('',#7267,#2320,#2321);
#2052=AXIS2_PLACEMENT_3D('',#7271,#2324,#2325);
#2053=AXIS2_PLACEMENT_3D('',#7274,#2327,#2328);
#2054=AXIS2_PLACEMENT_3D('',#7275,#2329,#2330);
#2055=AXIS2_PLACEMENT_3D('',#7279,#2333,#2334);
#2056=AXIS2_PLACEMENT_3D('',#7283,#2337,#2338);
#2057=AXIS2_PLACEMENT_3D('',#7287,#2341,#2342);
#2058=AXIS2_PLACEMENT_3D('',#7290,#2344,#2345);
#2059=AXIS2_PLACEMENT_3D('',#7291,#2346,#2347);
#2060=AXIS2_PLACEMENT_3D('',#7295,#2350,#2351);
#2061=AXIS2_PLACEMENT_3D('',#7298,#2353,#2354);
#2062=AXIS2_PLACEMENT_3D('',#7299,#2355,#2356);
#2063=AXIS2_PLACEMENT_3D('',#7303,#2359,#2360);
#2064=AXIS2_PLACEMENT_3D('',#7306,#2362,#2363);
#2065=AXIS2_PLACEMENT_3D('',#7307,#2364,#2365);
#2066=AXIS2_PLACEMENT_3D('',#7311,#2368,#2369);
#2067=AXIS2_PLACEMENT_3D('',#7314,#2371,#2372);
#2068=AXIS2_PLACEMENT_3D('',#7315,#2373,#2374);
#2069=AXIS2_PLACEMENT_3D('',#7319,#2377,#2378);
#2070=AXIS2_PLACEMENT_3D('',#7322,#2380,#2381);
#2071=AXIS2_PLACEMENT_3D('',#7323,#2382,#2383);
#2072=AXIS2_PLACEMENT_3D('',#7327,#2386,#2387);
#2073=AXIS2_PLACEMENT_3D('',#7330,#2389,#2390);
#2074=AXIS2_PLACEMENT_3D('',#7331,#2391,#2392);
#2075=AXIS2_PLACEMENT_3D('',#7335,#2395,#2396);
#2076=AXIS2_PLACEMENT_3D('',#7338,#2398,#2399);
#2077=AXIS2_PLACEMENT_3D('',#7339,#2400,#2401);
#2078=AXIS2_PLACEMENT_3D('',#7343,#2404,#2405);
#2079=AXIS2_PLACEMENT_3D('',#7347,#2408,#2409);
#2080=AXIS2_PLACEMENT_3D('',#7351,#2412,#2413);
#2081=AXIS2_PLACEMENT_3D('',#7354,#2415,#2416);
#2082=AXIS2_PLACEMENT_3D('',#7355,#2417,#2418);
#2083=AXIS2_PLACEMENT_3D('',#7359,#2421,#2422);
#2084=AXIS2_PLACEMENT_3D('',#7362,#2424,#2425);
#2085=AXIS2_PLACEMENT_3D('',#7363,#2426,#2427);
#2086=AXIS2_PLACEMENT_3D('',#7367,#2430,#2431);
#2087=AXIS2_PLACEMENT_3D('',#7370,#2433,#2434);
#2088=AXIS2_PLACEMENT_3D('',#7371,#2435,#2436);
#2089=AXIS2_PLACEMENT_3D('',#7375,#2439,#2440);
#2090=AXIS2_PLACEMENT_3D('',#7378,#2442,#2443);
#2091=AXIS2_PLACEMENT_3D('',#7379,#2444,#2445);
#2092=AXIS2_PLACEMENT_3D('',#7383,#2448,#2449);
#2093=AXIS2_PLACEMENT_3D('',#7386,#2451,#2452);
#2094=AXIS2_PLACEMENT_3D('',#7387,#2453,#2454);
#2095=AXIS2_PLACEMENT_3D('',#7391,#2457,#2458);
#2096=AXIS2_PLACEMENT_3D('',#7395,#2461,#2462);
#2097=AXIS2_PLACEMENT_3D('',#7757,#2463,#2464);
#2098=AXIS2_PLACEMENT_3D('',#7788,#2465,#2466);
#2099=AXIS2_PLACEMENT_3D('',#8643,#2467,#2468);
#2100=AXIS2_PLACEMENT_3D('',#8646,#2470,#2471);
#2101=AXIS2_PLACEMENT_3D('',#8647,#2472,#2473);
#2102=AXIS2_PLACEMENT_3D('',#8651,#2476,#2477);
#2103=AXIS2_PLACEMENT_3D('',#8654,#2479,#2480);
#2104=AXIS2_PLACEMENT_3D('',#8655,#2481,#2482);
#2105=AXIS2_PLACEMENT_3D('',#8659,#2485,#2486);
#2106=AXIS2_PLACEMENT_3D('',#8663,#2489,#2490);
#2107=AXIS2_PLACEMENT_3D('',#8667,#2493,#2494);
#2108=AXIS2_PLACEMENT_3D('',#8670,#2496,#2497);
#2109=AXIS2_PLACEMENT_3D('',#8671,#2498,#2499);
#2110=AXIS2_PLACEMENT_3D('',#8675,#2502,#2503);
#2111=AXIS2_PLACEMENT_3D('',#8678,#2505,#2506);
#2112=AXIS2_PLACEMENT_3D('',#8679,#2507,#2508);
#2113=AXIS2_PLACEMENT_3D('',#8683,#2511,#2512);
#2114=AXIS2_PLACEMENT_3D('',#8686,#2514,#2515);
#2115=AXIS2_PLACEMENT_3D('',#8687,#2516,#2517);
#2116=AXIS2_PLACEMENT_3D('',#8691,#2520,#2521);
#2117=AXIS2_PLACEMENT_3D('',#8694,#2523,#2524);
#2118=AXIS2_PLACEMENT_3D('',#8695,#2525,#2526);
#2119=AXIS2_PLACEMENT_3D('',#8699,#2529,#2530);
#2120=AXIS2_PLACEMENT_3D('',#8702,#2532,#2533);
#2121=AXIS2_PLACEMENT_3D('',#8703,#2534,#2535);
#2122=AXIS2_PLACEMENT_3D('',#8707,#2538,#2539);
#2123=AXIS2_PLACEMENT_3D('',#8710,#2541,#2542);
#2124=AXIS2_PLACEMENT_3D('',#8711,#2543,#2544);
#2125=AXIS2_PLACEMENT_3D('',#8715,#2547,#2548);
#2126=AXIS2_PLACEMENT_3D('',#8718,#2550,#2551);
#2127=AXIS2_PLACEMENT_3D('',#8719,#2552,#2553);
#2128=AXIS2_PLACEMENT_3D('',#8723,#2556,#2557);
#2129=AXIS2_PLACEMENT_3D('',#8727,#2560,#2561);
#2130=AXIS2_PLACEMENT_3D('',#8731,#2564,#2565);
#2131=AXIS2_PLACEMENT_3D('',#8734,#2567,#2568);
#2132=AXIS2_PLACEMENT_3D('',#8735,#2569,#2570);
#2133=AXIS2_PLACEMENT_3D('',#8739,#2573,#2574);
#2134=AXIS2_PLACEMENT_3D('',#8742,#2576,#2577);
#2135=AXIS2_PLACEMENT_3D('',#8743,#2578,#2579);
#2136=AXIS2_PLACEMENT_3D('',#8747,#2582,#2583);
#2137=AXIS2_PLACEMENT_3D('',#8750,#2585,#2586);
#2138=AXIS2_PLACEMENT_3D('',#8751,#2587,#2588);
#2139=AXIS2_PLACEMENT_3D('',#8755,#2591,#2592);
#2140=AXIS2_PLACEMENT_3D('',#8758,#2594,#2595);
#2141=AXIS2_PLACEMENT_3D('',#8759,#2596,#2597);
#2142=AXIS2_PLACEMENT_3D('',#8763,#2600,#2601);
#2143=AXIS2_PLACEMENT_3D('',#8764,#2602,#2603);
#2144=AXIS2_PLACEMENT_3D('',#8765,#2604,#2605);
#2145=DIRECTION('axis',(0.,0.,1.));
#2146=DIRECTION('refdir',(1.,0.,0.));
#2147=DIRECTION('center_axis',(1.,0.,0.));
#2148=DIRECTION('ref_axis',(0.,0.792994346688654,0.609228993170742));
#2149=DIRECTION('',(1.,0.,0.));
#2150=DIRECTION('center_axis',(-1.,0.,0.));
#2151=DIRECTION('ref_axis',(0.,-1.74185891784363E-11,-1.));
#2152=DIRECTION('center_axis',(1.,0.,0.));
#2153=DIRECTION('ref_axis',(0.,0.792994346688654,0.609228993170742));
#2154=DIRECTION('',(1.,0.,0.));
#2155=DIRECTION('center_axis',(1.,0.,0.));
#2156=DIRECTION('ref_axis',(0.,0.792994346688654,0.609228993170742));
#2157=DIRECTION('',(1.,0.,0.));
#2158=DIRECTION('center_axis',(1.,0.,0.));
#2159=DIRECTION('ref_axis',(0.,0.792994346688654,0.609228993170742));
#2160=DIRECTION('',(1.,0.,0.));
#2161=DIRECTION('center_axis',(1.,0.,0.));
#2162=DIRECTION('ref_axis',(0.,0.792994346688654,0.609228993170742));
#2163=DIRECTION('',(1.,0.,0.));
#2164=DIRECTION('center_axis',(1.,0.,0.));
#2165=DIRECTION('ref_axis',(0.,0.792994346688654,0.609228993170742));
#2166=DIRECTION('',(1.,0.,0.));
#2167=DIRECTION('center_axis',(1.,0.,0.));
#2168=DIRECTION('ref_axis',(0.,0.792994346688654,0.609228993170742));
#2169=DIRECTION('',(1.,0.,0.));
#2170=DIRECTION('center_axis',(1.,0.,0.));
#2171=DIRECTION('ref_axis',(0.,0.792994346688654,0.609228993170742));
#2172=DIRECTION('',(1.,0.,0.));
#2173=DIRECTION('center_axis',(1.,0.,0.));
#2174=DIRECTION('ref_axis',(0.,0.792994346688654,0.609228993170742));
#2175=DIRECTION('',(1.,0.,0.));
#2176=DIRECTION('center_axis',(1.,0.,0.));
#2177=DIRECTION('ref_axis',(0.,0.792994346688654,0.609228993170742));
#2178=DIRECTION('',(1.,0.,0.));
#2179=DIRECTION('center_axis',(1.,0.,0.));
#2180=DIRECTION('ref_axis',(0.,-1.74185891784363E-11,-1.));
#2181=DIRECTION('center_axis',(1.,0.,0.));
#2182=DIRECTION('ref_axis',(0.,-0.937219881949379,0.348739003953948));
#2183=DIRECTION('',(1.,0.,0.));
#2184=DIRECTION('center_axis',(-1.,0.,0.));
#2185=DIRECTION('ref_axis',(0.,0.,-1.));
#2186=DIRECTION('',(1.,0.,0.));
#2187=DIRECTION('center_axis',(1.,0.,0.));
#2188=DIRECTION('ref_axis',(0.,-0.937219881949379,0.348739003953948));
#2189=DIRECTION('center_axis',(-1.,0.,0.));
#2190=DIRECTION('ref_axis',(0.,0.,-1.));
#2191=DIRECTION('center_axis',(1.,0.,0.));
#2192=DIRECTION('ref_axis',(0.,-0.937219881949379,0.348739003953948));
#2193=DIRECTION('',(1.,0.,0.));
#2194=DIRECTION('center_axis',(1.,0.,0.));
#2195=DIRECTION('ref_axis',(0.,-0.937219881949379,0.348739003953948));
#2196=DIRECTION('',(1.,0.,0.));
#2197=DIRECTION('center_axis',(1.,0.,0.));
#2198=DIRECTION('ref_axis',(0.,-0.937219881949379,0.348739003953948));
#2199=DIRECTION('',(1.,0.,0.));
#2200=DIRECTION('center_axis',(1.,0.,0.));
#2201=DIRECTION('ref_axis',(0.,-0.937219881949379,0.348739003953948));
#2202=DIRECTION('',(1.,0.,0.));
#2203=DIRECTION('center_axis',(1.,0.,0.));
#2204=DIRECTION('ref_axis',(0.,-0.937219881949379,0.348739003953948));
#2205=DIRECTION('',(1.,0.,0.));
#2206=DIRECTION('center_axis',(1.,0.,0.));
#2207=DIRECTION('ref_axis',(0.,-0.937219881949379,0.348739003953948));
#2208=DIRECTION('',(1.,0.,0.));
#2209=DIRECTION('center_axis',(1.,0.,0.));
#2210=DIRECTION('ref_axis',(0.,-0.937219881949379,0.348739003953948));
#2211=DIRECTION('',(1.,0.,0.));
#2212=DIRECTION('center_axis',(1.,0.,0.));
#2213=DIRECTION('ref_axis',(0.,-0.937219881949379,0.348739003953948));
#2214=DIRECTION('',(1.,0.,0.));
#2215=DIRECTION('center_axis',(1.,0.,0.));
#2216=DIRECTION('ref_axis',(0.,-0.937219881949379,0.348739003953948));
#2217=DIRECTION('',(1.,0.,0.));
#2218=DIRECTION('center_axis',(1.,0.,0.));
#2219=DIRECTION('ref_axis',(0.,0.,-1.));
#2220=DIRECTION('center_axis',(1.,0.,0.));
#2221=DIRECTION('ref_axis',(0.,1.,0.));
#2222=DIRECTION('',(0.,-1.,-3.90268707041445E-16));
#2223=DIRECTION('center_axis',(-1.,0.,0.));
#2224=DIRECTION('ref_axis',(0.,5.55111512312576E-15,-1.));
#2225=DIRECTION('',(0.,0.,-1.));
#2226=DIRECTION('center_axis',(-1.,0.,0.));
#2227=DIRECTION('ref_axis',(0.,1.,3.70074341541717E-15));
#2228=DIRECTION('',(0.,1.,0.));
#2229=DIRECTION('center_axis',(-1.,0.,0.));
#2230=DIRECTION('ref_axis',(0.,1.11022302462517E-14,1.));
#2231=DIRECTION('',(0.,3.36431219583381E-16,1.));
#2232=DIRECTION('center_axis',(-1.,0.,0.));
#2233=DIRECTION('ref_axis',(0.,-1.,-5.55111512312574E-15));
#2234=DIRECTION('',(0.,-1.,-3.96508223080413E-16));
#2235=DIRECTION('center_axis',(-1.,0.,0.));
#2236=DIRECTION('ref_axis',(0.,-3.7007434154172E-15,-1.));
#2237=DIRECTION('',(0.,-3.90268707041445E-16,-1.));
#2238=DIRECTION('center_axis',(1.,0.,0.));
#2239=DIRECTION('ref_axis',(0.,0.780868809443031,0.624695047554423));
#2240=DIRECTION('',(0.,-0.624695047554424,0.78086880944303));
#2241=DIRECTION('',(0.,1.2490009027033E-15,1.));
#2242=DIRECTION('',(0.,0.624695047554424,0.780868809443031));
#2243=DIRECTION('center_axis',(1.,0.,0.));
#2244=DIRECTION('ref_axis',(0.,-1.,0.));
#2245=DIRECTION('',(0.,7.80537414082892E-16,-1.));
#2246=DIRECTION('center_axis',(-1.,0.,0.));
#2247=DIRECTION('ref_axis',(0.,1.,1.85037170770859E-15));
#2248=DIRECTION('',(0.,1.,-3.96508223080414E-16));
#2249=DIRECTION('center_axis',(-1.,0.,0.));
#2250=DIRECTION('ref_axis',(0.,-3.70074341541717E-15,1.));
#2251=DIRECTION('',(0.,-3.36431219583381E-16,1.));
#2252=DIRECTION('center_axis',(-1.,0.,0.));
#2253=DIRECTION('ref_axis',(0.,-1.,1.11022302462517E-14));
#2254=DIRECTION('',(0.,-1.,0.));
#2255=DIRECTION('center_axis',(-1.,0.,0.));
#2256=DIRECTION('ref_axis',(0.,7.40148683083434E-15,-1.));
#2257=DIRECTION('',(0.,-3.96508223080413E-16,-1.));
#2258=DIRECTION('center_axis',(-1.,0.,0.));
#2259=DIRECTION('ref_axis',(0.,1.,7.40148683083432E-15));
#2260=DIRECTION('',(0.,1.,3.90268707041445E-16));
#2261=DIRECTION('center_axis',(1.,0.,0.));
#2262=DIRECTION('ref_axis',(0.,-0.624695047554421,0.780868809443033));
#2263=DIRECTION('',(0.,-0.780868809443031,-0.624695047554424));
#2264=DIRECTION('',(0.,-1.,0.));
#2265=DIRECTION('',(0.,-0.78086880944303,0.624695047554424));
#2266=DIRECTION('center_axis',(1.,0.,0.));
#2267=DIRECTION('ref_axis',(0.,3.70074341541719E-15,-1.));
#2268=DIRECTION('',(0.,1.,0.));
#2269=DIRECTION('center_axis',(-1.,0.,0.));
#2270=DIRECTION('ref_axis',(0.,-5.55111512312576E-15,1.));
#2271=DIRECTION('',(0.,0.,1.));
#2272=DIRECTION('center_axis',(-1.,0.,0.));
#2273=DIRECTION('ref_axis',(0.,-1.,-3.70074341541717E-15));
#2274=DIRECTION('',(0.,-1.,0.));
#2275=DIRECTION('center_axis',(-1.,0.,0.));
#2276=DIRECTION('ref_axis',(0.,-1.11022302462517E-14,-1.));
#2277=DIRECTION('',(0.,-3.36431219583381E-16,-1.));
#2278=DIRECTION('center_axis',(-1.,0.,0.));
#2279=DIRECTION('ref_axis',(0.,1.,7.40148683083434E-15));
#2280=DIRECTION('',(0.,1.,0.));
#2281=DIRECTION('center_axis',(-1.,0.,0.));
#2282=DIRECTION('ref_axis',(0.,0.,1.));
#2283=DIRECTION('',(0.,3.90268707041445E-16,1.));
#2284=DIRECTION('center_axis',(1.,0.,0.));
#2285=DIRECTION('ref_axis',(0.,-0.780868809443033,-0.624695047554421));
#2286=DIRECTION('',(0.,0.624695047554424,-0.780868809443031));
#2287=DIRECTION('',(0.,1.2490009027033E-15,-1.));
#2288=DIRECTION('',(0.,-0.624695047554424,-0.78086880944303));
#2289=DIRECTION('center_axis',(1.,0.,0.));
#2290=DIRECTION('ref_axis',(0.,1.,0.));
#2291=DIRECTION('',(0.,0.,1.));
#2292=DIRECTION('center_axis',(-1.,0.,0.));
#2293=DIRECTION('ref_axis',(0.,-1.,-1.85037170770859E-15));
#2294=DIRECTION('',(0.,-1.,-7.93016446160826E-16));
#2295=DIRECTION('center_axis',(-1.,0.,0.));
#2296=DIRECTION('ref_axis',(0.,3.70074341541717E-15,-1.));
#2297=DIRECTION('',(0.,-5.04646829375068E-15,-1.));
#2298=DIRECTION('center_axis',(-1.,0.,0.));
#2299=DIRECTION('ref_axis',(0.,1.,-1.11022302462517E-14));
#2300=DIRECTION('',(0.,1.,6.72862439166758E-15));
#2301=DIRECTION('center_axis',(-1.,0.,0.));
#2302=DIRECTION('ref_axis',(0.,-1.85037170770859E-15,1.));
#2303=DIRECTION('',(0.,0.,1.));
#2304=DIRECTION('center_axis',(-1.,0.,0.));
#2305=DIRECTION('ref_axis',(0.,-1.,-7.40148683083432E-15));
#2306=DIRECTION('',(0.,-1.,3.90268707041445E-16));
#2307=DIRECTION('center_axis',(1.,0.,0.));
#2308=DIRECTION('ref_axis',(0.,0.624695047554427,-0.780868809443028));
#2309=DIRECTION('',(0.,0.78086880944303,0.624695047554424));
#2310=DIRECTION('',(0.,1.,-9.71445146547011E-16));
#2311=DIRECTION('',(0.,0.780868809443031,-0.624695047554424));
#2312=DIRECTION('center_axis',(1.,0.,0.));
#2313=DIRECTION('ref_axis',(0.,-3.70074341541717E-15,1.));
#2314=DIRECTION('center_axis',(1.,0.,0.));
#2315=DIRECTION('ref_axis',(0.,-5.55111512312576E-15,1.));
#2316=DIRECTION('',(1.,0.,0.));
#2317=DIRECTION('center_axis',(1.,0.,0.));
#2318=DIRECTION('ref_axis',(0.,-5.55111512312576E-15,1.));
#2319=DIRECTION('',(1.,0.,0.));
#2320=DIRECTION('center_axis',(0.,0.,1.));
#2321=DIRECTION('ref_axis',(0.,-1.,0.));
#2322=DIRECTION('',(1.,0.,0.));
#2323=DIRECTION('',(0.,1.,0.));
#2324=DIRECTION('center_axis',(1.,0.,0.));
#2325=DIRECTION('ref_axis',(0.,3.70074341541719E-15,-1.));
#2326=DIRECTION('',(1.,0.,0.));
#2327=DIRECTION('center_axis',(1.,0.,0.));
#2328=DIRECTION('ref_axis',(0.,3.70074341541719E-15,-1.));
#2329=DIRECTION('center_axis',(0.,-0.624695047554424,-0.78086880944303));
#2330=DIRECTION('ref_axis',(0.,0.78086880944303,-0.624695047554424));
#2331=DIRECTION('',(1.,0.,0.));
#2332=DIRECTION('',(0.,0.78086880944303,-0.624695047554424));
#2333=DIRECTION('center_axis',(0.,0.,-1.));
#2334=DIRECTION('ref_axis',(0.,1.,0.));
#2335=DIRECTION('',(1.,0.,0.));
#2336=DIRECTION('',(0.,1.,0.));
#2337=DIRECTION('center_axis',(0.,0.624695047554424,-0.780868809443031));
#2338=DIRECTION('ref_axis',(0.,0.780868809443031,0.624695047554424));
#2339=DIRECTION('',(1.,0.,0.));
#2340=DIRECTION('',(0.,-0.78086880944303,-0.624695047554424));
#2341=DIRECTION('center_axis',(1.,0.,0.));
#2342=DIRECTION('ref_axis',(0.,-0.624695047554421,0.780868809443033));
#2343=DIRECTION('',(1.,0.,0.));
#2344=DIRECTION('center_axis',(1.,0.,0.));
#2345=DIRECTION('ref_axis',(0.,-0.624695047554421,0.780868809443033));
#2346=DIRECTION('center_axis',(0.,-3.90268707041445E-16,1.));
#2347=DIRECTION('ref_axis',(0.,-1.,-3.90268707041445E-16));
#2348=DIRECTION('',(1.,0.,0.));
#2349=DIRECTION('',(0.,1.,3.90268707041445E-16));
#2350=DIRECTION('center_axis',(1.,0.,0.));
#2351=DIRECTION('ref_axis',(0.,1.,7.40148683083432E-15));
#2352=DIRECTION('',(1.,0.,0.));
#2353=DIRECTION('center_axis',(1.,0.,0.));
#2354=DIRECTION('ref_axis',(0.,1.,7.40148683083432E-15));
#2355=DIRECTION('center_axis',(0.,1.,-3.96508223080413E-16));
#2356=DIRECTION('ref_axis',(0.,3.96508223080413E-16,1.));
#2357=DIRECTION('',(1.,0.,0.));
#2358=DIRECTION('',(0.,3.96508223080413E-16,1.));
#2359=DIRECTION('center_axis',(1.,0.,0.));
#2360=DIRECTION('ref_axis',(0.,7.40148683083434E-15,-1.));
#2361=DIRECTION('',(1.,0.,0.));
#2362=DIRECTION('center_axis',(1.,0.,0.));
#2363=DIRECTION('ref_axis',(0.,7.40148683083434E-15,-1.));
#2364=DIRECTION('center_axis',(0.,0.,-1.));
#2365=DIRECTION('ref_axis',(0.,1.,0.));
#2366=DIRECTION('',(1.,0.,0.));
#2367=DIRECTION('',(0.,1.,0.));
#2368=DIRECTION('center_axis',(1.,0.,0.));
#2369=DIRECTION('ref_axis',(0.,-1.,1.11022302462517E-14));
#2370=DIRECTION('',(1.,0.,0.));
#2371=DIRECTION('center_axis',(1.,0.,0.));
#2372=DIRECTION('ref_axis',(0.,-1.,1.11022302462517E-14));
#2373=DIRECTION('center_axis',(0.,-1.,-3.36431219583381E-16));
#2374=DIRECTION('ref_axis',(0.,3.36431219583381E-16,-1.));
#2375=DIRECTION('',(1.,0.,0.));
#2376=DIRECTION('',(0.,3.36431219583381E-16,-1.));
#2377=DIRECTION('center_axis',(1.,0.,0.));
#2378=DIRECTION('ref_axis',(0.,-3.70074341541717E-15,1.));
#2379=DIRECTION('',(1.,0.,0.));
#2380=DIRECTION('center_axis',(1.,0.,0.));
#2381=DIRECTION('ref_axis',(0.,-3.70074341541717E-15,1.));
#2382=DIRECTION('center_axis',(0.,3.96508223080414E-16,1.));
#2383=DIRECTION('ref_axis',(0.,-1.,3.96508223080414E-16));
#2384=DIRECTION('',(1.,0.,0.));
#2385=DIRECTION('',(0.,1.,-3.96508223080414E-16));
#2386=DIRECTION('center_axis',(1.,0.,0.));
#2387=DIRECTION('ref_axis',(0.,1.,1.85037170770859E-15));
#2388=DIRECTION('',(1.,0.,0.));
#2389=DIRECTION('center_axis',(1.,0.,0.));
#2390=DIRECTION('ref_axis',(0.,1.,1.85037170770859E-15));
#2391=DIRECTION('center_axis',(0.,1.,7.80537414082892E-16));
#2392=DIRECTION('ref_axis',(0.,-7.80537414082892E-16,1.));
#2393=DIRECTION('',(1.,0.,0.));
#2394=DIRECTION('',(0.,7.80537414082892E-16,-1.));
#2395=DIRECTION('center_axis',(1.,0.,0.));
#2396=DIRECTION('ref_axis',(0.,-1.,0.));
#2397=DIRECTION('',(1.,0.,0.));
#2398=DIRECTION('center_axis',(1.,0.,0.));
#2399=DIRECTION('ref_axis',(0.,-1.,0.));
#2400=DIRECTION('center_axis',(0.,-0.780868809443031,0.624695047554424));
#2401=DIRECTION('ref_axis',(0.,-0.624695047554424,-0.780868809443031));
#2402=DIRECTION('',(1.,0.,0.));
#2403=DIRECTION('',(0.,-0.624695047554424,-0.780868809443031));
#2404=DIRECTION('center_axis',(0.,-1.,1.2490009027033E-15));
#2405=DIRECTION('ref_axis',(0.,-1.2490009027033E-15,-1.));
#2406=DIRECTION('',(1.,0.,0.));
#2407=DIRECTION('',(0.,-1.2490009027033E-15,-1.));
#2408=DIRECTION('center_axis',(0.,-0.78086880944303,-0.624695047554424));
#2409=DIRECTION('ref_axis',(0.,0.624695047554424,-0.78086880944303));
#2410=DIRECTION('',(1.,0.,0.));
#2411=DIRECTION('',(0.,-0.624695047554424,0.78086880944303));
#2412=DIRECTION('center_axis',(1.,0.,0.));
#2413=DIRECTION('ref_axis',(0.,0.780868809443031,0.624695047554423));
#2414=DIRECTION('',(1.,0.,0.));
#2415=DIRECTION('center_axis',(1.,0.,0.));
#2416=DIRECTION('ref_axis',(0.,0.780868809443031,0.624695047554423));
#2417=DIRECTION('center_axis',(0.,1.,-3.90268707041445E-16));
#2418=DIRECTION('ref_axis',(0.,3.90268707041445E-16,1.));
#2419=DIRECTION('',(1.,0.,0.));
#2420=DIRECTION('',(0.,-3.90268707041445E-16,-1.));
#2421=DIRECTION('center_axis',(1.,0.,0.));
#2422=DIRECTION('ref_axis',(0.,-3.7007434154172E-15,-1.));
#2423=DIRECTION('',(1.,0.,0.));
#2424=DIRECTION('center_axis',(1.,0.,0.));
#2425=DIRECTION('ref_axis',(0.,-3.7007434154172E-15,-1.));
#2426=DIRECTION('center_axis',(0.,3.96508223080413E-16,-1.));
#2427=DIRECTION('ref_axis',(0.,1.,3.96508223080413E-16));
#2428=DIRECTION('',(1.,0.,0.));
#2429=DIRECTION('',(0.,1.,3.96508223080413E-16));
#2430=DIRECTION('center_axis',(1.,0.,0.));
#2431=DIRECTION('ref_axis',(0.,-1.,-5.55111512312574E-15));
#2432=DIRECTION('',(1.,0.,0.));
#2433=DIRECTION('center_axis',(1.,0.,0.));
#2434=DIRECTION('ref_axis',(0.,-1.,-5.55111512312574E-15));
#2435=DIRECTION('center_axis',(0.,-1.,3.36431219583381E-16));
#2436=DIRECTION('ref_axis',(0.,-3.36431219583381E-16,-1.));
#2437=DIRECTION('',(1.,0.,0.));
#2438=DIRECTION('',(0.,-3.36431219583381E-16,-1.));
#2439=DIRECTION('center_axis',(1.,0.,0.));
#2440=DIRECTION('ref_axis',(0.,1.11022302462517E-14,1.));
#2441=DIRECTION('',(1.,0.,0.));
#2442=DIRECTION('center_axis',(1.,0.,0.));
#2443=DIRECTION('ref_axis',(0.,1.11022302462517E-14,1.));
#2444=DIRECTION('center_axis',(0.,0.,1.));
#2445=DIRECTION('ref_axis',(0.,-1.,0.));
#2446=DIRECTION('',(1.,0.,0.));
#2447=DIRECTION('',(0.,-1.,0.));
#2448=DIRECTION('center_axis',(1.,0.,0.));
#2449=DIRECTION('ref_axis',(0.,1.,3.70074341541717E-15));
#2450=DIRECTION('',(1.,0.,0.));
#2451=DIRECTION('center_axis',(1.,0.,0.));
#2452=DIRECTION('ref_axis',(0.,1.,3.70074341541717E-15));
#2453=DIRECTION('center_axis',(0.,1.,0.));
#2454=DIRECTION('ref_axis',(0.,0.,1.));
#2455=DIRECTION('',(1.,0.,0.));
#2456=DIRECTION('',(0.,0.,-1.));
#2457=DIRECTION('center_axis',(0.,-1.,0.));
#2458=DIRECTION('ref_axis',(0.,0.,-1.));
#2459=DIRECTION('',(0.,0.,1.));
#2460=DIRECTION('',(1.,0.,0.));
#2461=DIRECTION('center_axis',(1.,0.,0.));
#2462=DIRECTION('ref_axis',(0.,-0.937219881949379,0.348739003953948));
#2463=DIRECTION('center_axis',(1.,0.,0.));
#2464=DIRECTION('ref_axis',(0.,0.792994346688654,0.609228993170742));
#2465=DIRECTION('center_axis',(1.,0.,0.));
#2466=DIRECTION('ref_axis',(0.,0.,-1.));
#2467=DIRECTION('center_axis',(1.,0.,0.));
#2468=DIRECTION('ref_axis',(0.,5.55111512312576E-15,-1.));
#2469=DIRECTION('',(1.,0.,0.));
#2470=DIRECTION('center_axis',(1.,0.,0.));
#2471=DIRECTION('ref_axis',(0.,5.55111512312576E-15,-1.));
#2472=DIRECTION('center_axis',(0.,3.90268707041445E-16,-1.));
#2473=DIRECTION('ref_axis',(0.,1.,3.90268707041445E-16));
#2474=DIRECTION('',(1.,0.,0.));
#2475=DIRECTION('',(0.,-1.,-3.90268707041445E-16));
#2476=DIRECTION('center_axis',(1.,0.,0.));
#2477=DIRECTION('ref_axis',(0.,-3.70074341541717E-15,1.));
#2478=DIRECTION('',(1.,0.,0.));
#2479=DIRECTION('center_axis',(1.,0.,0.));
#2480=DIRECTION('ref_axis',(0.,-3.70074341541717E-15,1.));
#2481=DIRECTION('center_axis',(0.,0.624695047554424,0.780868809443031));
#2482=DIRECTION('ref_axis',(0.,-0.780868809443031,0.624695047554424));
#2483=DIRECTION('',(1.,0.,0.));
#2484=DIRECTION('',(0.,-0.780868809443031,0.624695047554424));
#2485=DIRECTION('center_axis',(0.,9.71445146547011E-16,1.));
#2486=DIRECTION('ref_axis',(0.,-1.,9.71445146547011E-16));
#2487=DIRECTION('',(1.,0.,0.));
#2488=DIRECTION('',(0.,-1.,9.71445146547011E-16));
#2489=DIRECTION('center_axis',(0.,-0.624695047554424,0.78086880944303));
#2490=DIRECTION('ref_axis',(0.,-0.78086880944303,-0.624695047554424));
#2491=DIRECTION('',(1.,0.,0.));
#2492=DIRECTION('',(0.,0.78086880944303,0.624695047554424));
#2493=DIRECTION('center_axis',(1.,0.,0.));
#2494=DIRECTION('ref_axis',(0.,0.624695047554427,-0.780868809443028));
#2495=DIRECTION('',(1.,0.,0.));
#2496=DIRECTION('center_axis',(1.,0.,0.));
#2497=DIRECTION('ref_axis',(0.,0.624695047554427,-0.780868809443028));
#2498=DIRECTION('center_axis',(0.,-3.90268707041445E-16,-1.));
#2499=DIRECTION('ref_axis',(0.,1.,-3.90268707041445E-16));
#2500=DIRECTION('',(1.,0.,0.));
#2501=DIRECTION('',(0.,-1.,3.90268707041445E-16));
#2502=DIRECTION('center_axis',(1.,0.,0.));
#2503=DIRECTION('ref_axis',(0.,-1.,-7.40148683083432E-15));
#2504=DIRECTION('',(1.,0.,0.));
#2505=DIRECTION('center_axis',(1.,0.,0.));
#2506=DIRECTION('ref_axis',(0.,-1.,-7.40148683083432E-15));
#2507=DIRECTION('center_axis',(0.,-1.,0.));
#2508=DIRECTION('ref_axis',(0.,0.,-1.));
#2509=DIRECTION('',(1.,0.,0.));
#2510=DIRECTION('',(0.,0.,-1.));
#2511=DIRECTION('center_axis',(1.,0.,0.));
#2512=DIRECTION('ref_axis',(0.,-1.85037170770859E-15,1.));
#2513=DIRECTION('',(1.,0.,0.));
#2514=DIRECTION('center_axis',(1.,0.,0.));
#2515=DIRECTION('ref_axis',(0.,-1.85037170770859E-15,1.));
#2516=DIRECTION('center_axis',(0.,-6.72862439166758E-15,1.));
#2517=DIRECTION('ref_axis',(0.,-1.,-6.72862439166758E-15));
#2518=DIRECTION('',(1.,0.,0.));
#2519=DIRECTION('',(0.,-1.,-6.72862439166758E-15));
#2520=DIRECTION('center_axis',(1.,0.,0.));
#2521=DIRECTION('ref_axis',(0.,1.,-1.11022302462517E-14));
#2522=DIRECTION('',(1.,0.,0.));
#2523=DIRECTION('center_axis',(1.,0.,0.));
#2524=DIRECTION('ref_axis',(0.,1.,-1.11022302462517E-14));
#2525=DIRECTION('center_axis',(0.,1.,-5.04646829375068E-15));
#2526=DIRECTION('ref_axis',(0.,5.04646829375068E-15,1.));
#2527=DIRECTION('',(1.,0.,0.));
#2528=DIRECTION('',(0.,5.04646829375068E-15,1.));
#2529=DIRECTION('center_axis',(1.,0.,0.));
#2530=DIRECTION('ref_axis',(0.,3.70074341541717E-15,-1.));
#2531=DIRECTION('',(1.,0.,0.));
#2532=DIRECTION('center_axis',(1.,0.,0.));
#2533=DIRECTION('ref_axis',(0.,3.70074341541717E-15,-1.));
#2534=DIRECTION('center_axis',(0.,7.93016446160826E-16,-1.));
#2535=DIRECTION('ref_axis',(0.,1.,7.93016446160826E-16));
#2536=DIRECTION('',(1.,0.,0.));
#2537=DIRECTION('',(0.,-1.,-7.93016446160826E-16));
#2538=DIRECTION('center_axis',(1.,0.,0.));
#2539=DIRECTION('ref_axis',(0.,-1.,-1.85037170770859E-15));
#2540=DIRECTION('',(1.,0.,0.));
#2541=DIRECTION('center_axis',(1.,0.,0.));
#2542=DIRECTION('ref_axis',(0.,-1.,-1.85037170770859E-15));
#2543=DIRECTION('center_axis',(0.,-1.,0.));
#2544=DIRECTION('ref_axis',(0.,0.,-1.));
#2545=DIRECTION('',(1.,0.,0.));
#2546=DIRECTION('',(0.,0.,1.));
#2547=DIRECTION('center_axis',(1.,0.,0.));
#2548=DIRECTION('ref_axis',(0.,1.,0.));
#2549=DIRECTION('',(1.,0.,0.));
#2550=DIRECTION('center_axis',(1.,0.,0.));
#2551=DIRECTION('ref_axis',(0.,1.,0.));
#2552=DIRECTION('center_axis',(0.,0.78086880944303,-0.624695047554424));
#2553=DIRECTION('ref_axis',(0.,0.624695047554424,0.78086880944303));
#2554=DIRECTION('',(1.,0.,0.));
#2555=DIRECTION('',(0.,0.624695047554424,0.78086880944303));
#2556=DIRECTION('center_axis',(0.,1.,1.2490009027033E-15));
#2557=DIRECTION('ref_axis',(0.,-1.2490009027033E-15,1.));
#2558=DIRECTION('',(1.,0.,0.));
#2559=DIRECTION('',(0.,-1.2490009027033E-15,1.));
#2560=DIRECTION('center_axis',(0.,0.780868809443031,0.624695047554424));
#2561=DIRECTION('ref_axis',(0.,-0.624695047554424,0.780868809443031));
#2562=DIRECTION('',(1.,0.,0.));
#2563=DIRECTION('',(0.,0.624695047554424,-0.780868809443031));
#2564=DIRECTION('center_axis',(1.,0.,0.));
#2565=DIRECTION('ref_axis',(0.,-0.780868809443033,-0.624695047554421));
#2566=DIRECTION('',(1.,0.,0.));
#2567=DIRECTION('center_axis',(1.,0.,0.));
#2568=DIRECTION('ref_axis',(0.,-0.780868809443033,-0.624695047554421));
#2569=DIRECTION('center_axis',(0.,-1.,3.90268707041445E-16));
#2570=DIRECTION('ref_axis',(0.,-3.90268707041445E-16,-1.));
#2571=DIRECTION('',(1.,0.,0.));
#2572=DIRECTION('',(0.,3.90268707041445E-16,1.));
#2573=DIRECTION('center_axis',(1.,0.,0.));
#2574=DIRECTION('ref_axis',(0.,0.,1.));
#2575=DIRECTION('',(1.,0.,0.));
#2576=DIRECTION('center_axis',(1.,0.,0.));
#2577=DIRECTION('ref_axis',(0.,0.,1.));
#2578=DIRECTION('center_axis',(0.,0.,1.));
#2579=DIRECTION('ref_axis',(0.,-1.,0.));
#2580=DIRECTION('',(1.,0.,0.));
#2581=DIRECTION('',(0.,-1.,0.));
#2582=DIRECTION('center_axis',(1.,0.,0.));
#2583=DIRECTION('ref_axis',(0.,1.,7.40148683083434E-15));
#2584=DIRECTION('',(1.,0.,0.));
#2585=DIRECTION('center_axis',(1.,0.,0.));
#2586=DIRECTION('ref_axis',(0.,1.,7.40148683083434E-15));
#2587=DIRECTION('center_axis',(0.,1.,-3.36431219583381E-16));
#2588=DIRECTION('ref_axis',(0.,3.36431219583381E-16,1.));
#2589=DIRECTION('',(1.,0.,0.));
#2590=DIRECTION('',(0.,3.36431219583381E-16,1.));
#2591=DIRECTION('center_axis',(1.,0.,0.));
#2592=DIRECTION('ref_axis',(0.,-1.11022302462517E-14,-1.));
#2593=DIRECTION('',(1.,0.,0.));
#2594=DIRECTION('center_axis',(1.,0.,0.));
#2595=DIRECTION('ref_axis',(0.,-1.11022302462517E-14,-1.));
#2596=DIRECTION('center_axis',(0.,0.,-1.));
#2597=DIRECTION('ref_axis',(0.,1.,0.));
#2598=DIRECTION('',(1.,0.,0.));
#2599=DIRECTION('',(0.,1.,0.));
#2600=DIRECTION('center_axis',(1.,0.,0.));
#2601=DIRECTION('ref_axis',(0.,-1.,-3.70074341541717E-15));
#2602=DIRECTION('center_axis',(1.,0.,0.));
#2603=DIRECTION('ref_axis',(0.,-1.,-3.70074341541717E-15));
#2604=DIRECTION('center_axis',(1.,0.,0.));
#2605=DIRECTION('ref_axis',(0.,0.,-1.));
#2606=CARTESIAN_POINT('',(0.,0.,0.));
#2607=CARTESIAN_POINT('Origin',(-1.10421172359011,0.,0.));
#2608=CARTESIAN_POINT('',(4.78138907318141,-1.2235902769406,-0.940040336462448));
#2609=CARTESIAN_POINT('',(4.82287658327911,-1.22359027694059,-0.94004033646246));
#2610=CARTESIAN_POINT('',(-1.10421172359011,-1.22359027694059,-0.940040336462455));
#2611=CARTESIAN_POINT('',(5.,1.49064942821852,-0.398513841857233));
#2612=CARTESIAN_POINT('Ctrl Pts',(4.82287658327911,-1.22359027694059,-0.94004033646246));
#2613=CARTESIAN_POINT('Ctrl Pts',(4.82593155247634,-1.18749023849378,-0.98702944355431));
#2614=CARTESIAN_POINT('Ctrl Pts',(4.82898652167357,-1.14872113027089,-1.03188207686299));
#2615=CARTESIAN_POINT('Ctrl Pts',(4.8320414908708,-1.10757895030885,-1.07429878005737));
#2616=CARTESIAN_POINT('Ctrl Pts',(4.83509646006803,-1.0664367703468,-1.11671548325175));
#2617=CARTESIAN_POINT('Ctrl Pts',(4.83815142926526,-1.02292200381525,-1.15669590538164));
#2618=CARTESIAN_POINT('Ctrl Pts',(4.84120639846249,-0.977366814059007,-1.19398622721376));
#2619=CARTESIAN_POINT('Ctrl Pts',(4.84414249254576,-0.933584270121338,-1.22982550618067));
#2620=CARTESIAN_POINT('Ctrl Pts',(4.84707858662904,-0.887723799118715,-1.26333829814429));
#2621=CARTESIAN_POINT('Ctrl Pts',(4.85001468071232,-0.840065375310322,-1.29427167364689));
#2622=CARTESIAN_POINT('Ctrl Pts',(4.85295586898394,-0.792324263079764,-1.32525871924196));
#2623=CARTESIAN_POINT('Ctrl Pts',(4.85589705725556,-0.742779333762475,-1.35365700483141));
#2624=CARTESIAN_POINT('Ctrl Pts',(4.85883824552718,-0.691746679607905,-1.37925180125003));
#2625=CARTESIAN_POINT('Ctrl Pts',(4.86176618522858,-0.640943901829789,-1.40473130601559));
#2626=CARTESIAN_POINT('Ctrl Pts',(4.86469412492998,-0.588667236755001,-1.42743225297078));
#2627=CARTESIAN_POINT('Ctrl Pts',(4.86762206463137,-0.535256453594489,-1.44718676365058));
#2628=CARTESIAN_POINT('Ctrl Pts',(4.87054829236827,-0.481876899685278,-1.46692972388042));
#2629=CARTESIAN_POINT('Ctrl Pts',(4.87347452010517,-0.42736504098853,-1.48372947456052));
#2630=CARTESIAN_POINT('Ctrl Pts',(4.87640074784206,-0.372080899555412,-1.49746612789273));
#2631=CARTESIAN_POINT('Ctrl Pts',(4.87932645330546,-0.316806625242753,-1.51120032950533));
#2632=CARTESIAN_POINT('Ctrl Pts',(4.88225215876887,-0.260760860050083,-1.52187238975566));
#2633=CARTESIAN_POINT('Ctrl Pts',(4.88517786423227,-0.204316743603411,-1.52941285082979));
#2634=CARTESIAN_POINT('Ctrl Pts',(4.88812997548219,-0.147363194027774,-1.53702136790197));
#2635=CARTESIAN_POINT('Ctrl Pts',(4.8910820867321,-0.09000461020684,-1.54144137032378));
#2636=CARTESIAN_POINT('Ctrl Pts',(4.89403419798202,-0.0326299186303204,
-1.54265494794208));
#2637=CARTESIAN_POINT('Ctrl Pts',(4.89696449724875,0.0243208540278659,-1.54385955891503));
#2638=CARTESIAN_POINT('Ctrl Pts',(4.89989479651547,0.0812869592777767,-1.5419050560001));
#2639=CARTESIAN_POINT('Ctrl Pts',(4.9028250957822,0.137890651808032,-1.53682632985772));
#2640=CARTESIAN_POINT('Ctrl Pts',(4.90578811302371,0.195126347425981,-1.53169089768682));
#2641=CARTESIAN_POINT('Ctrl Pts',(4.90875113026522,0.251990932554116,-1.5233611207304));
#2642=CARTESIAN_POINT('Ctrl Pts',(4.91171414750672,0.308104865618197,-1.51192605367537));
#2643=CARTESIAN_POINT('Ctrl Pts',(4.91467716474823,0.364218798682278,-1.50049098662035));
#2644=CARTESIAN_POINT('Ctrl Pts',(4.91764018198974,0.419581565070705,-1.485950851759));
#2645=CARTESIAN_POINT('Ctrl Pts',(4.92060319923124,0.473832643980587,-1.46844530899124));
#2646=CARTESIAN_POINT('Ctrl Pts',(4.92365532390623,0.529715226864755,-1.4504133183966));
#2647=CARTESIAN_POINT('Ctrl Pts',(4.92670744858122,0.584662887442373,-1.42915635721801));
#2648=CARTESIAN_POINT('Ctrl Pts',(4.92975957325621,0.638289981304195,-1.40478998422066));
#2649=CARTESIAN_POINT('Ctrl Pts',(4.93280511507639,0.691801411682184,-1.38047616487458));
#2650=CARTESIAN_POINT('Ctrl Pts',(4.93585065689657,0.743997499459943,-1.35306646954811));
#2651=CARTESIAN_POINT('Ctrl Pts',(4.93889619871674,0.794510477417085,-1.32272525540056));
#2652=CARTESIAN_POINT('Ctrl Pts',(4.94193785340914,0.844958983956131,-1.29242276676835));
#2653=CARTESIAN_POINT('Ctrl Pts',(4.94497950810153,0.893728231119416,-1.259196436761));
#2654=CARTESIAN_POINT('Ctrl Pts',(4.94802116279392,0.940474043474749,-1.22325695319923));
#2655=CARTESIAN_POINT('Ctrl Pts',(4.95105986246137,0.987174441391091,-1.18735238552406));
#2656=CARTESIAN_POINT('Ctrl Pts',(4.95409856212883,1.03185492437901,-1.14874019470915));
#2657=CARTESIAN_POINT('Ctrl Pts',(4.95713726179628,1.07420087642043,-1.10767390377203));
#2658=CARTESIAN_POINT('Ctrl Pts',(4.96017393428755,1.11651857864626,-1.06663500896348));
#2659=CARTESIAN_POINT('Ctrl Pts',(4.96321060677882,1.15650449598634,-1.02314560515779));
#2660=CARTESIAN_POINT('Ctrl Pts',(4.96624727927009,1.19387901177793,-0.977497777611878));
#2661=CARTESIAN_POINT('Ctrl Pts',(4.96928376164323,1.23125118764869,-0.931852807957235));
#2662=CARTESIAN_POINT('Ctrl Pts',(4.97232024401636,1.26601196879387,-0.884050051276536));
#2663=CARTESIAN_POINT('Ctrl Pts',(4.9753567263895,1.29792133893858,-0.834415482794917));
#2664=CARTESIAN_POINT('Ctrl Pts',(4.97839289330229,1.3298273940168,-0.78478607085177));
#2665=CARTESIAN_POINT('Ctrl Pts',(4.98142906021508,1.35888236927767,-0.733325638347942));
#2666=CARTESIAN_POINT('Ctrl Pts',(4.98446522712787,1.38489023059747,-0.680388160681592));
#2667=CARTESIAN_POINT('Ctrl Pts',(4.98750362959999,1.41091724175938,-0.627411704633811));
#2668=CARTESIAN_POINT('Ctrl Pts',(4.99054203207211,1.43389244651628,-0.572956470366584));
#2669=CARTESIAN_POINT('Ctrl Pts',(4.99358043454423,1.45366685483371,-0.517398951639707));
#2670=CARTESIAN_POINT('Ctrl Pts',(4.99572028969615,1.46759337375363,-0.478271468112852));
#2671=CARTESIAN_POINT('Ctrl Pts',(4.99786014484808,1.47993330616733,-0.438597722341465));
#2672=CARTESIAN_POINT('Ctrl Pts',(5.,1.49064942821852,-0.398513841857232));
#2673=CARTESIAN_POINT('',(4.99999314983579,1.49064933641493,0.398514185250315));
#2674=CARTESIAN_POINT('Origin',(5.,0.,0.));
#2675=CARTESIAN_POINT('Ctrl Pts',(4.78138907318141,-1.2235902769406,-0.940040336462448));
#2676=CARTESIAN_POINT('Ctrl Pts',(4.78434527184543,-1.18865716439159,-0.98551053087888));
#2677=CARTESIAN_POINT('Ctrl Pts',(4.78730147050944,-1.15114490615575,-1.02908434896148));
#2678=CARTESIAN_POINT('Ctrl Pts',(4.79025766917346,-1.1112907500518,-1.07045871889079));
#2679=CARTESIAN_POINT('Ctrl Pts',(4.79321204278115,-1.0714611985458,-1.11180754569393));
#2680=CARTESIAN_POINT('Ctrl Pts',(4.79616641638884,-1.02929297716126,-1.15095923924567));
#2681=CARTESIAN_POINT('Ctrl Pts',(4.79912078999653,-0.985062391947261,-1.18764518437585));
#2682=CARTESIAN_POINT('Ctrl Pts',(4.80207448902999,-0.940841905934301,-1.22432275297803));
#2683=CARTESIAN_POINT('Ctrl Pts',(4.80502818806345,-0.894560393609549,-1.25853535658176));
#2684=CARTESIAN_POINT('Ctrl Pts',(4.80798188709691,-0.846527961306514,-1.29005403403355));
#2685=CARTESIAN_POINT('Ctrl Pts',(4.81093830739747,-0.798451276330354,-1.32160174990092));
#2686=CARTESIAN_POINT('Ctrl Pts',(4.81389472769803,-0.748620885876126,-1.35045029073485));
#2687=CARTESIAN_POINT('Ctrl Pts',(4.81685114799859,-0.697375519187951,-1.37641432179316));
#2688=CARTESIAN_POINT('Ctrl Pts',(4.81980880494191,-0.646108717045733,-1.40238921336103));
#2689=CARTESIAN_POINT('Ctrl Pts',(4.82276646188522,-0.593426239079465,-1.4254769784808));
#2690=CARTESIAN_POINT('Ctrl Pts',(4.82572411882854,-0.539688043797843,-1.44553997363672));
#2691=CARTESIAN_POINT('Ctrl Pts',(4.82868766552062,-0.485842836622962,-1.46564292136427));
#2692=CARTESIAN_POINT('Ctrl Pts',(4.8316512122127,-0.430938212539742,-1.482708905266));
#2693=CARTESIAN_POINT('Ctrl Pts',(4.83461475890478,-0.37534969668567,-1.49665012785152));
#2694=CARTESIAN_POINT('Ctrl Pts',(4.83747812156794,-0.321640375613609,-1.51012006113682));
#2695=CARTESIAN_POINT('Ctrl Pts',(4.84034148423109,-0.267293114326653,-1.52067316808379));
#2696=CARTESIAN_POINT('Ctrl Pts',(4.84320484689425,-0.212651679440779,-1.52827623917635));
#2697=CARTESIAN_POINT('Ctrl Pts',(4.84617932958092,-0.155889745602076,-1.53617436665468));
#2698=CARTESIAN_POINT('Ctrl Pts',(4.84915381226758,-0.0985696189063966,
-1.54092227733787));
#2699=CARTESIAN_POINT('Ctrl Pts',(4.85212829495424,-0.0410710054693122,
-1.54245329670293));
#2700=CARTESIAN_POINT('Ctrl Pts',(4.85509744113502,0.0163244499663732,-1.5439815692731));
#2701=CARTESIAN_POINT('Ctrl Pts',(4.8580665873158,0.0738972411304833,-1.54230439346733));
#2702=CARTESIAN_POINT('Ctrl Pts',(4.86103573349658,0.131261490838644,-1.53740671945416));
#2703=CARTESIAN_POINT('Ctrl Pts',(4.86400189439933,0.188568064627968,-1.53251396972486));
#2704=CARTESIAN_POINT('Ctrl Pts',(4.86696805530208,0.245665997176364,-1.52440718194551));
#2705=CARTESIAN_POINT('Ctrl Pts',(4.86993421620483,0.302170097666964,-1.51312333670324));
#2706=CARTESIAN_POINT('Ctrl Pts',(4.87289852840873,0.358638981232649,-1.50184652426615));
#2707=CARTESIAN_POINT('Ctrl Pts',(4.87586284061263,0.41451425786186,-1.48739668159278));
#2708=CARTESIAN_POINT('Ctrl Pts',(4.87882715281653,0.469418740691568,-1.46986225405224));
#2709=CARTESIAN_POINT('Ctrl Pts',(4.881790750268,0.524309984999118,-1.45233205439795));
#2710=CARTESIAN_POINT('Ctrl Pts',(4.88475434771946,0.578230405372903,-1.43171890452519));
#2711=CARTESIAN_POINT('Ctrl Pts',(4.88771794517093,0.630817979911142,-1.40816109739647));
#2712=CARTESIAN_POINT('Ctrl Pts',(4.89068410151501,0.68345096073624,-1.38458294948273));
#2713=CARTESIAN_POINT('Ctrl Pts',(4.89365025785909,0.734748319808864,-1.35805527484124));
#2714=CARTESIAN_POINT('Ctrl Pts',(4.89661641420316,0.784369324420706,-1.32876399819825));
#2715=CARTESIAN_POINT('Ctrl Pts',(4.89958374687363,0.834010007866131,-1.29946110514074));
#2716=CARTESIAN_POINT('Ctrl Pts',(4.9025510795441,0.8819725771482,-1.26739271259697));
#2717=CARTESIAN_POINT('Ctrl Pts',(4.90551841221456,0.927944917517375,-1.23278839630071));
#2718=CARTESIAN_POINT('Ctrl Pts',(4.90849134806562,0.974004066934879,-1.19811873706689));
#2719=CARTESIAN_POINT('Ctrl Pts',(4.91146428391667,1.01806507767877,-1.16090392000733));
#2720=CARTESIAN_POINT('Ctrl Pts',(4.91443721976773,1.05984934572206,-1.12141355635311));
#2721=CARTESIAN_POINT('Ctrl Pts',(4.91715869573283,1.09809937427854,-1.08526340682997));
#2722=CARTESIAN_POINT('Ctrl Pts',(4.91988017169794,1.13444174576545,-1.04720705716859));
#2723=CARTESIAN_POINT('Ctrl Pts',(4.92260164766305,1.16869239193537,-1.00747560418721));
#2724=CARTESIAN_POINT('Ctrl Pts',(4.92556146103206,1.20594259062566,-0.964264608678739));
#2725=CARTESIAN_POINT('Ctrl Pts',(4.92852127440107,1.2408725186322,-0.91889264458712));
#2726=CARTESIAN_POINT('Ctrl Pts',(4.93148108777009,1.27322157745951,-0.871639727577581));
#2727=CARTESIAN_POINT('Ctrl Pts',(4.93443574316358,1.30551426257922,-0.824469156769856));
#2728=CARTESIAN_POINT('Ctrl Pts',(4.93739039855708,1.33523470933422,-0.775424567686475));
#2729=CARTESIAN_POINT('Ctrl Pts',(4.94034505395057,1.3621622611144,-0.7248192701603));
#2730=CARTESIAN_POINT('Ctrl Pts',(4.9432968519216,1.38906377148494,-0.674262912593217));
#2731=CARTESIAN_POINT('Ctrl Pts',(4.94624864989263,1.41317749161059,-0.622149297926039));
#2732=CARTESIAN_POINT('Ctrl Pts',(4.94920044786366,1.43432683787801,-0.568819410835169));
#2733=CARTESIAN_POINT('Ctrl Pts',(4.95215054849573,1.45546402287638,-0.515520189425266));
#2734=CARTESIAN_POINT('Ctrl Pts',(4.9551006491278,1.47364001918601,-0.461006569194236));
#2735=CARTESIAN_POINT('Ctrl Pts',(4.95805074975988,1.48872584218743,-0.4056406868194));
#2736=CARTESIAN_POINT('Ctrl Pts',(4.96100031063085,1.50380890503206,-0.350284934386894));
#2737=CARTESIAN_POINT('Ctrl Pts',(4.96394987150183,1.51580277952993,-0.294077736176758));
#2738=CARTESIAN_POINT('Ctrl Pts',(4.96689943237281,1.52462861663362,-0.237395411374915));
#2739=CARTESIAN_POINT('Ctrl Pts',(4.96985171757207,1.53346260562116,-0.180660732589741));
#2740=CARTESIAN_POINT('Ctrl Pts',(4.97280400277133,1.53912263120461,-0.123450570833901));
#2741=CARTESIAN_POINT('Ctrl Pts',(4.9757562879706,1.54158143205294,-0.0661489860059694));
#2742=CARTESIAN_POINT('Ctrl Pts',(4.97870994830872,1.54404137818107,-0.00882071079048321));
#2743=CARTESIAN_POINT('Ctrl Pts',(4.98166360864684,1.54329713580408,0.0485985462326312));
#2744=CARTESIAN_POINT('Ctrl Pts',(4.98461726898497,1.5393736212894,0.105725371024895));
#2745=CARTESIAN_POINT('Ctrl Pts',(4.98757643759713,1.53544278982198,0.162958731494824));
#2746=CARTESIAN_POINT('Ctrl Pts',(4.99053560620929,1.52832091029946,0.219898048277482));
#2747=CARTESIAN_POINT('Ctrl Pts',(4.99349477482145,1.51808461143821,0.276166820082533));
#2748=CARTESIAN_POINT('Ctrl Pts',(4.99566089982623,1.51059159369374,0.317355819281321));
#2749=CARTESIAN_POINT('Ctrl Pts',(4.99782702483101,1.50143086673021,0.358185681009213));
#2750=CARTESIAN_POINT('Ctrl Pts',(4.99999314983579,1.49064933641493,0.398514185250315));
#2751=CARTESIAN_POINT('Origin',(-1.10421172359011,0.,0.));
#2752=CARTESIAN_POINT('',(4.28131242989864,-1.22359027694059,-0.940040336462459));
#2753=CARTESIAN_POINT('',(4.32293038600281,-1.22161245672561,-0.938515850724573));
#2754=CARTESIAN_POINT('',(-1.10421172359011,-1.22359027694059,-0.940040336462455));
#2755=CARTESIAN_POINT('',(4.64578829104509,-0.000392335805683207,1.542726928561));
#2756=CARTESIAN_POINT('Ctrl Pts',(4.32293038600281,-1.22161245672561,-0.938515850724573));
#2757=CARTESIAN_POINT('Ctrl Pts',(4.33689545528518,-1.05569749209418,-1.15381401717799));
#2758=CARTESIAN_POINT('Ctrl Pts',(4.37732612482381,-0.418768341181923,-1.65742536821642));
#2759=CARTESIAN_POINT('Ctrl Pts',(4.44422239461869,1.04283212387786,-1.49630174647908));
#2760=CARTESIAN_POINT('Ctrl Pts',(4.52361919538745,1.82260454512144,0.0648192660273931));
#2761=CARTESIAN_POINT('Ctrl Pts',(4.59080782265118,1.07058052748825,1.33582414097971));
#2762=CARTESIAN_POINT('Ctrl Pts',(4.63153084965866,0.277130751888469,1.53998821987094));
#2763=CARTESIAN_POINT('Ctrl Pts',(4.64578827640989,-0.000391481986340026,
1.54048994857282));
#2764=CARTESIAN_POINT('Ctrl Pts',(4.6457882928313,-0.000392440013618648,
1.54299995009424));
#2765=CARTESIAN_POINT('Ctrl Pts',(4.64893954131524,-0.0618317170303257,
1.54298432389107));
#2766=CARTESIAN_POINT('Ctrl Pts',(4.65209078979918,-0.123175407616524,1.53929484086805));
#2767=CARTESIAN_POINT('Ctrl Pts',(4.65524203828312,-0.183990232169314,1.5319910556091));
#2768=CARTESIAN_POINT('Ctrl Pts',(4.6584000007217,-0.244934626946524,1.52467170912635));
#2769=CARTESIAN_POINT('Ctrl Pts',(4.66155796316027,-0.305347502053897,1.51372277905232));
#2770=CARTESIAN_POINT('Ctrl Pts',(4.66471592559885,-0.364806948624407,1.49925477829332));
#2771=CARTESIAN_POINT('Ctrl Pts',(4.6678860304794,-0.424495018205306,1.48473114772142));
#2772=CARTESIAN_POINT('Ctrl Pts',(4.67105613535994,-0.483221928532701,1.46666150194076));
#2773=CARTESIAN_POINT('Ctrl Pts',(4.67422624024049,-0.540581028474731,1.44520626612716));
#2774=CARTESIAN_POINT('Ctrl Pts',(4.67695509246865,-0.589956211183203,1.4267374235299));
#2775=CARTESIAN_POINT('Ctrl Pts',(4.6796839446968,-0.638318059346947,1.40576076172843));
#2776=CARTESIAN_POINT('Ctrl Pts',(4.68241279692496,-0.685422227627272,1.38240564592108));
#2777=CARTESIAN_POINT('Ctrl Pts',(4.68538728141896,-0.736766384964462,1.35694826530234));
#2778=CARTESIAN_POINT('Ctrl Pts',(4.68836176591296,-0.786796708102145,1.32857381346958));
#2779=CARTESIAN_POINT('Ctrl Pts',(4.69133625040696,-0.835161934419565,1.29744115215164));
#2780=CARTESIAN_POINT('Ctrl Pts',(4.69430539836117,-0.883440388405469,1.26636434612095));
#2781=CARTESIAN_POINT('Ctrl Pts',(4.69727454631538,-0.930059242208296,1.2325394328084));
#2782=CARTESIAN_POINT('Ctrl Pts',(4.70024369426959,-0.974691222828272,1.19617140082077));
#2783=CARTESIAN_POINT('Ctrl Pts',(4.70320985692396,-1.01927832867389,1.15983993470378));
#2784=CARTESIAN_POINT('Ctrl Pts',(4.70617601957833,-1.06188211889537,1.12097074324108));
#2785=CARTESIAN_POINT('Ctrl Pts',(4.7091421822327,-1.10220520398751,1.07981141330459));
#2786=CARTESIAN_POINT('Ctrl Pts',(4.71210649616375,-1.14250315686787,1.03867773678709));
#2787=CARTESIAN_POINT('Ctrl Pts',(4.71507081009479,-1.18052285977636,0.995257122088071));
#2788=CARTESIAN_POINT('Ctrl Pts',(4.71803512402584,-1.216002533423,0.949835163967328));
#2789=CARTESIAN_POINT('Ctrl Pts',(4.72099872317729,-1.2514736519208,0.904424158360303));
#2790=CARTESIAN_POINT('Ctrl Pts',(4.72396232232873,-1.28440563734852,0.857013176814059));
#2791=CARTESIAN_POINT('Ctrl Pts',(4.72692592148018,-1.31457732550073,0.80792045108373));
#2792=CARTESIAN_POINT('Ctrl Pts',(4.72989207946889,-1.34477506455789,0.758785337604833));
#2793=CARTESIAN_POINT('Ctrl Pts',(4.73285823745759,-1.37220746941762,0.707966021168338));
#2794=CARTESIAN_POINT('Ctrl Pts',(4.7358243954463,-1.39669780199805,0.655808089225664));
#2795=CARTESIAN_POINT('Ctrl Pts',(4.73879172973363,-1.42119784678693,0.603629472847387));
#2796=CARTESIAN_POINT('Ctrl Pts',(4.74175906402096,-1.44275329643508,0.550111664878769));
#2797=CARTESIAN_POINT('Ctrl Pts',(4.7447263983083,-1.46123565069709,0.49562019039971));
#2798=CARTESIAN_POINT('Ctrl Pts',(4.74769933570927,-1.47975290454274,0.441025821573754));
#2799=CARTESIAN_POINT('Ctrl Pts',(4.75067227311024,-1.49518532555288,0.385454614278818));
#2800=CARTESIAN_POINT('Ctrl Pts',(4.7536452105112,-1.50745465633393,0.329286287441711));
#2801=CARTESIAN_POINT('Ctrl Pts',(4.75636667290538,-1.5186861482286,0.277869130396601));
#2802=CARTESIAN_POINT('Ctrl Pts',(4.75908813529955,-1.52726760788182,0.225952034792848));
#2803=CARTESIAN_POINT('Ctrl Pts',(4.76180959769373,-1.53317717820384,0.173829629910763));
#2804=CARTESIAN_POINT('Ctrl Pts',(4.76478182369939,-1.53963127385146,0.116904512150567));
#2805=CARTESIAN_POINT('Ctrl Pts',(4.76775404970506,-1.54292390977859,0.0595033005431209));
#2806=CARTESIAN_POINT('Ctrl Pts',(4.77072627571072,-1.542998694779,0.002006965449753));
#2807=CARTESIAN_POINT('Ctrl Pts',(4.77369426660366,-1.54307337321856,-0.0554074433500281));
#2808=CARTESIAN_POINT('Ctrl Pts',(4.7766622574966,-1.53993928649278,-0.112916191499384));
#2809=CARTESIAN_POINT('Ctrl Pts',(4.77963024838954,-1.53359176711595,-0.170133159125909));
#2810=CARTESIAN_POINT('Ctrl Pts',(4.78259514626462,-1.52725086264851,-0.22729049951328));
#2811=CARTESIAN_POINT('Ctrl Pts',(4.7855600441397,-1.51770322241878,-0.28415614785215));
#2812=CARTESIAN_POINT('Ctrl Pts',(4.78852494201478,-1.50499617419138,-0.340346170346157));
#2813=CARTESIAN_POINT('Ctrl Pts',(4.79148866313507,-1.49229416933493,-0.39651389127005));
#2814=CARTESIAN_POINT('Ctrl Pts',(4.79445238425537,-1.47643534516321,-0.45200600895894));
#2815=CARTESIAN_POINT('Ctrl Pts',(4.79741610537566,-1.45751831698217,-0.506447781771698));
#2816=CARTESIAN_POINT('Ctrl Pts',(4.80037897257819,-1.43860673924189,-0.560873868629179));
#2817=CARTESIAN_POINT('Ctrl Pts',(4.80334183978072,-1.41663888189017,-0.614249721617095));
#2818=CARTESIAN_POINT('Ctrl Pts',(4.80630470698325,-1.3917627709406,-0.666217223902038));
#2819=CARTESIAN_POINT('Ctrl Pts',(4.80926974030832,-1.36686847331544,-0.71822271910747));
#2820=CARTESIAN_POINT('Ctrl Pts',(4.81223477363339,-1.3390619008448,-0.768817337231413));
#2821=CARTESIAN_POINT('Ctrl Pts',(4.81519980695846,-1.30853802325217,-0.817665727362539));
#2822=CARTESIAN_POINT('Ctrl Pts',(4.81775873239868,-1.28219487012623,-0.8598235632166));
#2823=CARTESIAN_POINT('Ctrl Pts',(4.8203176578389,-1.25382865278349,-0.900680980021346));
#2824=CARTESIAN_POINT('Ctrl Pts',(4.82287658327911,-1.22359027694059,-0.94004033646246));
#2825=CARTESIAN_POINT('',(4.60421172356105,-0.000110053921266638,1.54299999607522));
#2826=CARTESIAN_POINT('Ctrl Pts',(4.60421172358734,-0.000110054427873895,
1.54299999607519));
#2827=CARTESIAN_POINT('Ctrl Pts',(4.60447929725422,-0.00526612170885798,
1.54299962831884));
#2828=CARTESIAN_POINT('Ctrl Pts',(4.60474687092111,-0.0104220906940915,
1.54297341649675));
#2829=CARTESIAN_POINT('Ctrl Pts',(4.605014444588,-0.0155777943806766,1.54292136297422));
#2830=CARTESIAN_POINT('Ctrl Pts',(4.60798384863576,-0.0727933177687856,
1.54234369798098));
#2831=CARTESIAN_POINT('Ctrl Pts',(4.61095325268351,-0.130096960459686,1.53857795601726));
#2832=CARTESIAN_POINT('Ctrl Pts',(4.61392265673125,-0.187104389081312,1.53161383761917));
#2833=CARTESIAN_POINT('Ctrl Pts',(4.61688676302012,-0.244010109883558,1.52466214401049));
#2834=CARTESIAN_POINT('Ctrl Pts',(4.61985086930899,-0.300620152011848,1.51452346264247));
#2835=CARTESIAN_POINT('Ctrl Pts',(4.62281497559784,-0.356551629163097,1.50123946648799));
#2836=CARTESIAN_POINT('Ctrl Pts',(4.62577612369346,-0.412427286413966,1.48796872782964));
#2837=CARTESIAN_POINT('Ctrl Pts',(4.62873727178907,-0.467625215430012,1.47155901354454));
#2838=CARTESIAN_POINT('Ctrl Pts',(4.63169841988468,-0.521770853374786,1.45210336290794));
#2839=CARTESIAN_POINT('Ctrl Pts',(4.63465775469872,-0.575883334826333,1.43265962608699));
#2840=CARTESIAN_POINT('Ctrl Pts',(4.63761708951276,-0.628944312589615,1.4101738262511));
#2841=CARTESIAN_POINT('Ctrl Pts',(4.6405764243268,-0.680594726954849,1.38478872671655));
#2842=CARTESIAN_POINT('Ctrl Pts',(4.64353508816899,-0.732233430588964,1.35940938276169));
#2843=CARTESIAN_POINT('Ctrl Pts',(4.64649375201117,-0.782461737796873,1.3311322741297));
#2844=CARTESIAN_POINT('Ctrl Pts',(4.64945241585335,-0.830942959595405,1.30014722162485));
#2845=CARTESIAN_POINT('Ctrl Pts',(4.6524137463691,-0.879467878008401,1.2691342419795));
#2846=CARTESIAN_POINT('Ctrl Pts',(4.65537507688486,-0.926242123014397,1.23540872170375));
#2847=CARTESIAN_POINT('Ctrl Pts',(4.65833640740061,-0.97095711055482,1.1992044402282));
#2848=CARTESIAN_POINT('Ctrl Pts',(4.66129896550544,-1.0156906342329,1.16298515064057));
#2849=CARTESIAN_POINT('Ctrl Pts',(4.66426152361027,-1.05836281051906,1.12428540161908));
#2850=CARTESIAN_POINT('Ctrl Pts',(4.66722408171509,-1.09869985754287,1.0833778763826));
#2851=CARTESIAN_POINT('Ctrl Pts',(4.67019239136641,-1.1391152154025,1.04239093277694));
#2852=CARTESIAN_POINT('Ctrl Pts',(4.67316070101774,-1.17718603770582,0.999188039770059));
#2853=CARTESIAN_POINT('Ctrl Pts',(4.67612901066906,-1.21267764046629,0.954076485567649));
#2854=CARTESIAN_POINT('Ctrl Pts',(4.67888975556493,-1.24568742471287,0.91211944346674));
#2855=CARTESIAN_POINT('Ctrl Pts',(4.6816505004608,-1.27646633654661,0.868511958413339));
#2856=CARTESIAN_POINT('Ctrl Pts',(4.68441124535667,-1.3048604148593,0.823521886614559));
#2857=CARTESIAN_POINT('Ctrl Pts',(4.68738082303997,-1.33540232455224,0.775128602112606));
#2858=CARTESIAN_POINT('Ctrl Pts',(4.69035040072326,-1.36331242855187,0.724932580625709));
#2859=CARTESIAN_POINT('Ctrl Pts',(4.69331997840656,-1.38837375390986,0.673251304829225));
#2860=CARTESIAN_POINT('Ctrl Pts',(4.69628428116565,-1.41339056230082,0.621661831585773));
#2861=CARTESIAN_POINT('Ctrl Pts',(4.69924858392474,-1.43556841025613,0.568592806025927));
#2862=CARTESIAN_POINT('Ctrl Pts',(4.70221288668384,-1.45473478924233,0.514388659447381));
#2863=CARTESIAN_POINT('Ctrl Pts',(4.70517424494006,-1.4738821298702,0.460238354962116));
#2864=CARTESIAN_POINT('Ctrl Pts',(4.70813560319628,-1.49002375519889,0.404955652676117));
#2865=CARTESIAN_POINT('Ctrl Pts',(4.7110969614525,-1.50303483878623,0.348905823102524));
#2866=CARTESIAN_POINT('Ctrl Pts',(4.71405651959818,-1.51603801337148,0.292890064343751));
#2867=CARTESIAN_POINT('Ctrl Pts',(4.71701607774387,-1.5259143006732,0.236108609678866));
#2868=CARTESIAN_POINT('Ctrl Pts',(4.71997563588956,-1.53258906599571,0.178940645998644));
#2869=CARTESIAN_POINT('Ctrl Pts',(4.72293453573185,-1.53926234663016,0.121785398359906));
#2870=CARTESIAN_POINT('Ctrl Pts',(4.72589343557415,-1.54273545863022,0.0642443301857298));
#2871=CARTESIAN_POINT('Ctrl Pts',(4.72885233541646,-1.54298543913305,0.00670332927555793));
#2872=CARTESIAN_POINT('Ctrl Pts',(4.73181391961821,-1.54323564642205,-0.0508898737157839));
#2873=CARTESIAN_POINT('Ctrl Pts',(4.73477550381997,-1.54025687556594,-0.108482486504482));
#2874=CARTESIAN_POINT('Ctrl Pts',(4.73773708802172,-1.53407833862563,-0.165688415284935));
#2875=CARTESIAN_POINT('Ctrl Pts',(4.7406999099,-1.52789721961112,-0.222918251011978));
#2876=CARTESIAN_POINT('Ctrl Pts',(4.74366273177829,-1.5185137526537,-0.279760564670344));
#2877=CARTESIAN_POINT('Ctrl Pts',(4.74662555365657,-1.50600870628513,-0.33583742583783));
#2878=CARTESIAN_POINT('Ctrl Pts',(4.74959414042577,-1.49347932830595,-0.392023398184145));
#2879=CARTESIAN_POINT('Ctrl Pts',(4.75256272719498,-1.47781637485312,-0.447440437796428));
#2880=CARTESIAN_POINT('Ctrl Pts',(4.75553131396418,-1.45915088687489,-0.501724714691446));
#2881=CARTESIAN_POINT('Ctrl Pts',(4.75829022468464,-1.44180377227477,-0.552174805971209));
#2882=CARTESIAN_POINT('Ctrl Pts',(4.7610491354051,-1.42186394676711,-0.601646375284081));
#2883=CARTESIAN_POINT('Ctrl Pts',(4.76380804612556,-1.39947272953448,-0.649865431677436));
#2884=CARTESIAN_POINT('Ctrl Pts',(4.76677138998222,-1.37542234053947,-0.701657482604566));
#2885=CARTESIAN_POINT('Ctrl Pts',(4.76973473383888,-1.34844142353685,-0.752223578171092));
#2886=CARTESIAN_POINT('Ctrl Pts',(4.77269807769555,-1.31867772180197,-0.801210375633737));
#2887=CARTESIAN_POINT('Ctrl Pts',(4.77559507619084,-1.28958039010138,-0.849100423297075));
#2888=CARTESIAN_POINT('Ctrl Pts',(4.77849207468612,-1.25782382684441,-0.895480717919809));
#2889=CARTESIAN_POINT('Ctrl Pts',(4.78138907318141,-1.2235902769406,-0.940040336462448));
#2890=CARTESIAN_POINT('Ctrl Pts',(4.28131242989864,-1.22359027694059,-0.940040336462459));
#2891=CARTESIAN_POINT('Ctrl Pts',(4.28335070043675,-1.19959793637103,-0.971269628976053));
#2892=CARTESIAN_POINT('Ctrl Pts',(4.28538897097486,-1.17443852058834,-1.00154173655354));
#2893=CARTESIAN_POINT('Ctrl Pts',(4.28742724151296,-1.14820028367652,-1.03076918297219));
#2894=CARTESIAN_POINT('Ctrl Pts',(4.29039585485571,-1.10998593541888,-1.07333712760497));
#2895=CARTESIAN_POINT('Ctrl Pts',(4.29336446819845,-1.06932064074785,-1.11386676275521));
#2896=CARTESIAN_POINT('Ctrl Pts',(4.2963330815412,-1.02645035425281,-1.15206278919783));
#2897=CARTESIAN_POINT('Ctrl Pts',(4.29929640455282,-0.983656466394047,-1.19019074694835));
#2898=CARTESIAN_POINT('Ctrl Pts',(4.30225972756444,-0.938665772391431,-1.2259930057523));
#2899=CARTESIAN_POINT('Ctrl Pts',(4.30522305057606,-0.891762302025697,-1.25920967145501));
#2900=CARTESIAN_POINT('Ctrl Pts',(4.30818342040967,-0.844905574555131,-1.2923932342101));
#2901=CARTESIAN_POINT('Ctrl Pts',(4.31114379024329,-0.796140271162682,-1.32299600878645));
#2902=CARTESIAN_POINT('Ctrl Pts',(4.31410416007691,-0.745783496951305,-1.35079827349426));
#2903=CARTESIAN_POINT('Ctrl Pts',(4.3170627228869,-0.695457460750984,-1.37858356756936));
#2904=CARTESIAN_POINT('Ctrl Pts',(4.3200212856969,-0.643542335343579,-1.40357148848069));
#2905=CARTESIAN_POINT('Ctrl Pts',(4.32297984850689,-0.590382323148158,-1.42558679585432));
#2906=CARTESIAN_POINT('Ctrl Pts',(4.32593774785101,-0.537234232232136,-1.44759716623453));
#2907=CARTESIAN_POINT('Ctrl Pts',(4.32889564719513,-0.482842290762199,-1.46663604686463));
#2908=CARTESIAN_POINT('Ctrl Pts',(4.33185354653925,-0.427571256838636,-1.48257607572948));
#2909=CARTESIAN_POINT('Ctrl Pts',(4.33481413031683,-0.372250061839309,-1.49853057092396));
#2910=CARTESIAN_POINT('Ctrl Pts',(4.33777471409442,-0.316048682503491,-1.51138044824367));
#2911=CARTESIAN_POINT('Ctrl Pts',(4.340735297872,-0.259346317905874,-1.5210484829185));
#2912=CARTESIAN_POINT('Ctrl Pts',(4.34369711771165,-0.202620279719963,-1.53072055405766));
#2913=CARTESIAN_POINT('Ctrl Pts',(4.34665893755129,-0.145393358927715,-1.53720807419572));
#2914=CARTESIAN_POINT('Ctrl Pts',(4.34962075739093,-0.0880509687355825,
-1.54048564644554));
#2915=CARTESIAN_POINT('Ctrl Pts',(4.3525883526561,-0.030596763267129,-1.54376960982495));
#2916=CARTESIAN_POINT('Ctrl Pts',(4.35555594792126,0.026972837706639,-1.54383111571592));
#2917=CARTESIAN_POINT('Ctrl Pts',(4.35852354318643,0.0842722706913401,-1.54069698006861));
#2918=CARTESIAN_POINT('Ctrl Pts',(4.36129037621819,0.137695311813109,-1.53777487335923));
#2919=CARTESIAN_POINT('Ctrl Pts',(4.36405720924996,0.190883195457469,-1.53207545909373));
#2920=CARTESIAN_POINT('Ctrl Pts',(4.36682404228173,0.243531052261681,-1.52366060085057));
#2921=CARTESIAN_POINT('Ctrl Pts',(4.36979282712703,0.300021688893316,-1.51463154006488));
#2922=CARTESIAN_POINT('Ctrl Pts',(4.37276161197233,0.356128470164294,-1.50243756987037));
#2923=CARTESIAN_POINT('Ctrl Pts',(4.37573039681764,0.411469881110238,-1.48712525933061));
#2924=CARTESIAN_POINT('Ctrl Pts',(4.37869389008338,0.46671265120003,-1.47184024154315));
#2925=CARTESIAN_POINT('Ctrl Pts',(4.38165738334913,0.521192259779569,-1.45344805320195));
#2926=CARTESIAN_POINT('Ctrl Pts',(4.38462087661487,0.574536298700956,-1.43204645227556));
#2927=CARTESIAN_POINT('Ctrl Pts',(4.38758141583509,0.627827163646387,-1.41066618472092));
#2928=CARTESIAN_POINT('Ctrl Pts',(4.3905419550553,0.679984219651368,-1.38628264121855));
#2929=CARTESIAN_POINT('Ctrl Pts',(4.39350249427551,0.730650880966477,-1.35904315242118));
#2930=CARTESIAN_POINT('Ctrl Pts',(4.39646122533231,0.781286597376978,-1.33182030027128));
#2931=CARTESIAN_POINT('Ctrl Pts',(4.3994199563891,0.830433264700265,-1.30174520699934));
#2932=CARTESIAN_POINT('Ctrl Pts',(4.40237868744589,0.877756980537476,-1.26901208942931));
#2933=CARTESIAN_POINT('Ctrl Pts',(4.40533675362386,0.925070061904742,-1.23628632756558));
#2934=CARTESIAN_POINT('Ctrl Pts',(4.40829481980183,0.970560576027061,-1.20090402395345));
#2935=CARTESIAN_POINT('Ctrl Pts',(4.4112528859798,1.01392370436789,-1.16310262733815));
#2936=CARTESIAN_POINT('Ctrl Pts',(4.41421363306481,1.05732613288285,-1.12526697116809));
#2937=CARTESIAN_POINT('Ctrl Pts',(4.41717438014981,1.09859692759291,-1.08500818368395));
#2938=CARTESIAN_POINT('Ctrl Pts',(4.42013512723482,1.13746556713061,-1.04260303260265));
#2939=CARTESIAN_POINT('Ctrl Pts',(4.42309710872552,1.17635041192612,-1.00018020180798));
#2940=CARTESIAN_POINT('Ctrl Pts',(4.42605909021621,1.21283077279889,-0.955609627447526));
#2941=CARTESIAN_POINT('Ctrl Pts',(4.42902107170691,1.24667630570799,-0.909201401663178));
#2942=CARTESIAN_POINT('Ctrl Pts',(4.43198882372567,1.28058777643552,-0.862702763440242));
#2943=CARTESIAN_POINT('Ctrl Pts',(4.43495657574444,1.31185387615354,-0.814359758820607));
#2944=CARTESIAN_POINT('Ctrl Pts',(4.43792432776321,1.34028804976427,-0.764510917946296));
#2945=CARTESIAN_POINT('Ctrl Pts',(4.44068983285897,1.36678448596138,-0.71805918525983));
#2946=CARTESIAN_POINT('Ctrl Pts',(4.44345533795472,1.39082214867933,-0.670300436113443));
#2947=CARTESIAN_POINT('Ctrl Pts',(4.44622084305048,1.41228785995066,-0.621523934081362));
#2948=CARTESIAN_POINT('Ctrl Pts',(4.44918972021767,1.43533213499784,-0.569160464058924));
#2949=CARTESIAN_POINT('Ctrl Pts',(4.45215859738487,1.45550872844197,-0.515403451396741));
#2950=CARTESIAN_POINT('Ctrl Pts',(4.45512747455206,1.47264992283115,-0.460598745965964));
#2951=CARTESIAN_POINT('Ctrl Pts',(4.45809106338273,1.48976058432885,-0.40589166186103));
#2952=CARTESIAN_POINT('Ctrl Pts',(4.4610546522134,1.50384642373164,-0.350141082986166));
#2953=CARTESIAN_POINT('Ctrl Pts',(4.46401824104407,1.51478767418298,-0.293712958759594));
#2954=CARTESIAN_POINT('Ctrl Pts',(4.46697887772921,1.52571802563129,-0.237341044771489));
#2955=CARTESIAN_POINT('Ctrl Pts',(4.46993951441435,1.53350989536983,-0.180293432344892));
#2956=CARTESIAN_POINT('Ctrl Pts',(4.47290015109949,1.53809374982163,-0.1229496513197));
#2957=CARTESIAN_POINT('Ctrl Pts',(4.47585898133541,1.54267480740872,-0.0656408589266637));
#2958=CARTESIAN_POINT('Ctrl Pts',(4.47881781157134,1.54405168819064,-0.00803677527984157));
#2959=CARTESIAN_POINT('Ctrl Pts',(4.48177664180727,1.54220655397482,0.0494767104515774));
#2960=CARTESIAN_POINT('Ctrl Pts',(4.48473480869521,1.54036183342453,0.106977302082282));
#2961=CARTESIAN_POINT('Ctrl Pts',(4.48769297558315,1.53529654866573,0.16438681478382));
#2962=CARTESIAN_POINT('Ctrl Pts',(4.49065114247109,1.52704495635932,0.221320358886333));
#2963=CARTESIAN_POINT('Ctrl Pts',(4.49361199182373,1.51878588151187,0.278305530306828));
#2964=CARTESIAN_POINT('Ctrl Pts',(4.49657284117638,1.50733479914734,0.334813352753236));
#2965=CARTESIAN_POINT('Ctrl Pts',(4.49953369052902,1.49277759938211,0.39046643746037));
#2966=CARTESIAN_POINT('Ctrl Pts',(4.50249577530854,1.47821432556392,0.446142743651623));
#2967=CARTESIAN_POINT('Ctrl Pts',(4.50545786008805,1.46054250997239,0.500963102998857));
#2968=CARTESIAN_POINT('Ctrl Pts',(4.50841994486756,1.43989782735706,0.554565818251017));
#2969=CARTESIAN_POINT('Ctrl Pts',(4.51138780051612,1.41921292382684,0.608272964764626));
#2970=CARTESIAN_POINT('Ctrl Pts',(4.51435565616467,1.39554379360018,0.660757248767639));
#2971=CARTESIAN_POINT('Ctrl Pts',(4.51732351181323,1.36907374846325,0.711678348180394));
#2972=CARTESIAN_POINT('Ctrl Pts',(4.5200882224819,1.34441553564692,0.759113979652369));
#2973=CARTESIAN_POINT('Ctrl Pts',(4.52285293315058,1.31732737947906,0.805193060032725));
#2974=CARTESIAN_POINT('Ctrl Pts',(4.52561764381925,1.28799079771538,0.849663877660157));
#2975=CARTESIAN_POINT('Ctrl Pts',(4.5285804519756,1.25655218653845,0.897321125371275));
#2976=CARTESIAN_POINT('Ctrl Pts',(4.53154326013196,1.22239735467983,0.943333504929553));
#2977=CARTESIAN_POINT('Ctrl Pts',(4.53450606828832,1.1857246360234,0.987373327332256));
#2978=CARTESIAN_POINT('Ctrl Pts',(4.53746359701595,1.14911726449519,1.0313346751624));
#2979=CARTESIAN_POINT('Ctrl Pts',(4.54042112574357,1.11000124270035,1.07333004180079));
#2980=CARTESIAN_POINT('Ctrl Pts',(4.5433786544712,1.06861785254942,1.11306104289597));
#2981=CARTESIAN_POINT('Ctrl Pts',(4.54633324419437,1.02727558658675,1.15275256184233));
#2982=CARTESIAN_POINT('Ctrl Pts',(4.54928783391754,0.983670791894006,1.19018381145592));
#2983=CARTESIAN_POINT('Ctrl Pts',(4.55224242364071,0.938083446028862,1.22509119998742));
#2984=CARTESIAN_POINT('Ctrl Pts',(4.55519523029161,0.892523611777722,1.25997752217735));
#2985=CARTESIAN_POINT('Ctrl Pts',(4.55814803694252,0.844984013115923,1.29234268400302));
#2986=CARTESIAN_POINT('Ctrl Pts',(4.56110084359342,0.795778030135423,1.32196305801402));
#2987=CARTESIAN_POINT('Ctrl Pts',(4.56405302051089,0.746582541120978,1.3515771150046));
#2988=CARTESIAN_POINT('Ctrl Pts',(4.56700519742836,0.695721822317094,1.37844727610132));
#2989=CARTESIAN_POINT('Ctrl Pts',(4.56995737434583,0.643536664529656,1.40239422467652));
#2990=CARTESIAN_POINT('Ctrl Pts',(4.57291224678721,0.591303858398359,1.42636303832769));
#2991=CARTESIAN_POINT('Ctrl Pts',(4.5758671192286,0.537744674371747,1.44740308668274));
#2992=CARTESIAN_POINT('Ctrl Pts',(4.57882199166998,0.483221558313094,1.46538251851913));
#2993=CARTESIAN_POINT('Ctrl Pts',(4.58177814896225,0.42867473426866,1.48336976825268));
#2994=CARTESIAN_POINT('Ctrl Pts',(4.58473430625452,0.373163649981553,1.49829361222519));
#2995=CARTESIAN_POINT('Ctrl Pts',(4.58769046354679,0.317064498930333,1.51007254909096));
#2996=CARTESIAN_POINT('Ctrl Pts',(4.59065230797735,0.260857422759298,1.52187414660575));
#2997=CARTESIAN_POINT('Ctrl Pts',(4.59361415240791,0.204060539318778,1.53051866975512));
#2998=CARTESIAN_POINT('Ctrl Pts',(4.59657599683846,0.147057757966983,1.53597624194573));
#2999=CARTESIAN_POINT('Ctrl Pts',(4.59912123907933,0.098072779064545,1.54066617202064));
#3000=CARTESIAN_POINT('Ctrl Pts',(4.60166648132019,0.0489360289506528,1.54300349426949));
#3001=CARTESIAN_POINT('Ctrl Pts',(4.60421172356105,-0.000110053921267477,
1.54299999607522));
#3002=CARTESIAN_POINT('Origin',(-1.10421172359011,0.,0.));
#3003=CARTESIAN_POINT('',(3.78129278869965,-1.22207772044324,-0.938894774197219));
#3004=CARTESIAN_POINT('',(3.82298556512573,-1.22428840048323,-0.940586287565951));
#3005=CARTESIAN_POINT('',(-1.10421172359011,-1.22359027694059,-0.940040336462455));
#3006=CARTESIAN_POINT('',(4.14578827640989,0.00141225414935449,1.54286903353633));
#3007=CARTESIAN_POINT('Ctrl Pts',(3.82298556512574,-1.22428840048319,-0.940586287565994));
#3008=CARTESIAN_POINT('Ctrl Pts',(3.84480530649628,-0.96370756757702,-1.27296558399673));
#3009=CARTESIAN_POINT('Ctrl Pts',(3.89309064812308,-0.0742755340998456,
-1.77569823057967));
#3010=CARTESIAN_POINT('Ctrl Pts',(3.96784159000614,1.43482208110075,-1.12591724521546));
#3011=CARTESIAN_POINT('Ctrl Pts',(4.04723839077489,1.72401810721409,0.595110701086932));
#3012=CARTESIAN_POINT('Ctrl Pts',(4.10655395290948,0.760833906448308,1.47379467992317));
#3013=CARTESIAN_POINT('Ctrl Pts',(4.13940391478781,0.125194355352126,1.54399931822309));
#3014=CARTESIAN_POINT('Ctrl Pts',(4.14578827640989,0.00141225414935449,
1.54286903353633));
#3015=CARTESIAN_POINT('Ctrl Pts',(4.14578827640989,0.00141225414935449,
1.54286903353633));
#3016=CARTESIAN_POINT('Ctrl Pts',(4.16586951504406,-0.387929399728342,1.53931385952475));
#3017=CARTESIAN_POINT('Ctrl Pts',(4.21241635393449,-1.29603854516374,1.19226153630636));
#3018=CARTESIAN_POINT('Ctrl Pts',(4.2714637237988,-1.69798741445428,-0.041789607141908));
#3019=CARTESIAN_POINT('Ctrl Pts',(4.31042985502893,-1.37012766366576,-0.745796334340403));
#3020=CARTESIAN_POINT('Ctrl Pts',(4.32293038600281,-1.22161245672561,-0.938515850724573));
#3021=CARTESIAN_POINT('',(4.10421175442453,-0.00129723026054132,1.54299945469649));
#3022=CARTESIAN_POINT('Ctrl Pts',(4.10421175442453,-0.00129723026054132,
1.54299945469649));
#3023=CARTESIAN_POINT('Ctrl Pts',(4.10774503297969,-0.0699600322892889,
1.54294172851629));
#3024=CARTESIAN_POINT('Ctrl Pts',(4.11127831153486,-0.138424568068343,1.53829692893427));
#3025=CARTESIAN_POINT('Ctrl Pts',(4.11481159009003,-0.2061478948527,1.52916710841157));
#3026=CARTESIAN_POINT('Ctrl Pts',(4.11839267507872,-0.274787540763626,1.51991375838191));
#3027=CARTESIAN_POINT('Ctrl Pts',(4.1219737600674,-0.34266574938291,1.50605328830064));
#3028=CARTESIAN_POINT('Ctrl Pts',(4.12555484505609,-0.409238825683406,1.4877407649027));
#3029=CARTESIAN_POINT('Ctrl Pts',(4.12658111002921,-0.42831729396207,1.48249277403064));
#3030=CARTESIAN_POINT('Ctrl Pts',(4.12760737500233,-0.447288710398819,1.47687944523729));
#3031=CARTESIAN_POINT('Ctrl Pts',(4.12863363997544,-0.466140604610204,1.47090514199034));
#3032=CARTESIAN_POINT('Ctrl Pts',(4.13160235375839,-0.520674160413063,1.45362305904168));
#3033=CARTESIAN_POINT('Ctrl Pts',(4.13457106754134,-0.574360175849607,1.43326773224104));
#3034=CARTESIAN_POINT('Ctrl Pts',(4.13753978132429,-0.626828227120171,1.40994162066569));
#3035=CARTESIAN_POINT('Ctrl Pts',(4.14050320451006,-0.679202774151355,1.3866570789651));
#3036=CARTESIAN_POINT('Ctrl Pts',(4.14346662769583,-0.730363192137688,1.36041247080434));
#3037=CARTESIAN_POINT('Ctrl Pts',(4.14643005088159,-0.779955631954494,1.33135953528056));
#3038=CARTESIAN_POINT('Ctrl Pts',(4.14939052066257,-0.829498646987821,1.30233555447352));
#3039=CARTESIAN_POINT('Ctrl Pts',(4.15235099044355,-0.877476331790284,1.27050905387723));
#3040=CARTESIAN_POINT('Ctrl Pts',(4.15531146022452,-0.923557815224888,1.23607846107641));
#3041=CARTESIAN_POINT('Ctrl Pts',(4.15827012259106,-0.969611165172361,1.20166888870652));
#3042=CARTESIAN_POINT('Ctrl Pts',(4.1612287849576,-1.01377019122776,1.16465868729289));
#3043=CARTESIAN_POINT('Ctrl Pts',(4.16418744732414,-1.05573338886432,1.12528930130747));
#3044=CARTESIAN_POINT('Ctrl Pts',(4.16714544566979,-1.09768716858287,1.08592875110366));
#3045=CARTESIAN_POINT('Ctrl Pts',(4.17010344401545,-1.13744571780078,1.04421042441188));
#3046=CARTESIAN_POINT('Ctrl Pts',(4.1730614423611,-1.17474268869748,1.00041422188602));
#3047=CARTESIAN_POINT('Ctrl Pts',(4.17602212348608,-1.2120734863685,0.956578298057786));
#3048=CARTESIAN_POINT('Ctrl Pts',(4.17898280461106,-1.24693790425401,0.910661130023595));
#3049=CARTESIAN_POINT('Ctrl Pts',(4.18194348573604,-1.27910932866607,0.862976433814643));
#3050=CARTESIAN_POINT('Ctrl Pts',(4.18490540218067,-1.3112941763382,0.815271841561589));
#3051=CARTESIAN_POINT('Ctrl Pts',(4.1878673186253,-1.3407835217291,0.765798699620241));
#3052=CARTESIAN_POINT('Ctrl Pts',(4.19082923506993,-1.36739541481317,0.714897740623032));
#3053=CARTESIAN_POINT('Ctrl Pts',(4.19379692442623,-1.3940591757034,0.663897573310709));
#3054=CARTESIAN_POINT('Ctrl Pts',(4.19676461378252,-1.4178340598758,0.611464504474796));
#3055=CARTESIAN_POINT('Ctrl Pts',(4.19973230313882,-1.4385856302078,0.557960916695443));
#3056=CARTESIAN_POINT('Ctrl Pts',(4.20249834900728,-1.45792720828071,0.508092699319172));
#3057=CARTESIAN_POINT('Ctrl Pts',(4.20526439487574,-1.47464276402704,0.457295015371127));
#3058=CARTESIAN_POINT('Ctrl Pts',(4.20803044074421,-1.48866310370205,0.405870870691885));
#3059=CARTESIAN_POINT('Ctrl Pts',(4.21108385695897,-1.5041400460725,0.349104163030057));
#3060=CARTESIAN_POINT('Ctrl Pts',(4.21413727317374,-1.51639885912187,0.291327945500657));
#3061=CARTESIAN_POINT('Ctrl Pts',(4.21719068938851,-1.5253154475462,0.232941592415205));
#3062=CARTESIAN_POINT('Ctrl Pts',(4.22015404541078,-1.53396904212578,0.176277338718903));
#3063=CARTESIAN_POINT('Ctrl Pts',(4.22311740143305,-1.53947474172059,0.119039000383696));
#3064=CARTESIAN_POINT('Ctrl Pts',(4.22608075745531,-1.54176964714608,0.0616064537127604));
#3065=CARTESIAN_POINT('Ctrl Pts',(4.2290411250435,-1.54406223824499,0.00423182562415136));
#3066=CARTESIAN_POINT('Ctrl Pts',(4.23200149263169,-1.54315043105679,-0.0533361037859252));
#3067=CARTESIAN_POINT('Ctrl Pts',(4.23496186021988,-1.53902304156515,-0.11071168651758));
#3068=CARTESIAN_POINT('Ctrl Pts',(4.23792038537109,-1.53489822082715,-0.168051560543426));
#3069=CARTESIAN_POINT('Ctrl Pts',(4.2408789105223,-1.52756182360905,-0.225198805813862));
#3070=CARTESIAN_POINT('Ctrl Pts',(4.24383743567351,-1.51705472095351,-0.281769362480495));
#3071=CARTESIAN_POINT('Ctrl Pts',(4.24679526171734,-1.50655010115436,-0.338326551373709));
#3072=CARTESIAN_POINT('Ctrl Pts',(4.24975308776116,-1.49287635999292,-0.394306809698696));
#3073=CARTESIAN_POINT('Ctrl Pts',(4.25271091380499,-1.47612569227005,-0.449334998214324));
#3074=CARTESIAN_POINT('Ctrl Pts',(4.2556707292657,-1.45936375814382,-0.504400198375001));
#3075=CARTESIAN_POINT('Ctrl Pts',(4.25863054472642,-1.43952091791871,-0.558511550416835));
#3076=CARTESIAN_POINT('Ctrl Pts',(4.26159036018713,-1.41673913846391,-0.611309425368638));
#3077=CARTESIAN_POINT('Ctrl Pts',(4.26455141273969,-1.39394783707984,-0.66412936785173));
#3078=CARTESIAN_POINT('Ctrl Pts',(4.26751246529225,-1.36821538067013,-0.715634271485696));
#3079=CARTESIAN_POINT('Ctrl Pts',(4.27047351784481,-1.33973049679752,-0.765487554406133));
#3080=CARTESIAN_POINT('Ctrl Pts',(4.27343864536091,-1.31120641238339,-0.815409444792026));
#3081=CARTESIAN_POINT('Ctrl Pts',(4.27640377287702,-1.27992262664025,-0.863674741911155));
#3082=CARTESIAN_POINT('Ctrl Pts',(4.27936890039312,-1.24611123349832,-0.909975710527099));
#3083=CARTESIAN_POINT('Ctrl Pts',(4.28001674356163,-1.23872386821783,-0.92009189138279));
#3084=CARTESIAN_POINT('Ctrl Pts',(4.28066458673014,-1.23121599376468,-0.930114429457476));
#3085=CARTESIAN_POINT('Ctrl Pts',(4.28131242989864,-1.22359027694059,-0.940040336462459));
#3086=CARTESIAN_POINT('Ctrl Pts',(3.78129278869965,-1.22207772044329,-0.938894774197157));
#3087=CARTESIAN_POINT('Ctrl Pts',(3.79121067143324,-1.10555854018599,-1.09256698540783));
#3088=CARTESIAN_POINT('Ctrl Pts',(3.82759415442308,-0.578126137982378,-1.57788269862525));
#3089=CARTESIAN_POINT('Ctrl Pts',(3.89044323766916,0.801999589623875,-1.63804757648929));
#3090=CARTESIAN_POINT('Ctrl Pts',(3.96984003843793,1.81120948065116,-0.214294279512536));
#3091=CARTESIAN_POINT('Ctrl Pts',(4.04109620041065,1.22867022234287,1.23956607466951));
#3092=CARTESIAN_POINT('Ctrl Pts',(4.08588676212712,0.354564109651871,1.53906523079274));
#3093=CARTESIAN_POINT('Ctrl Pts',(4.10421172358734,-0.00129570285037468,
1.54189495545031));
#3094=CARTESIAN_POINT('Origin',(-1.10421172359011,0.,0.));
#3095=CARTESIAN_POINT('',(3.28140379279942,-1.22249867596782,-0.939185924174728));
#3096=CARTESIAN_POINT('',(3.32287846400444,-1.22359027694059,-0.940040336462456));
#3097=CARTESIAN_POINT('',(-1.10421172359011,-1.22359027694059,-0.940040336462455));
#3098=CARTESIAN_POINT('',(3.64578827640988,-0.000521428734290909,1.54314391378055));
#3099=CARTESIAN_POINT('Ctrl Pts',(3.32287846400444,-1.22359027694059,-0.940040336462456));
#3100=CARTESIAN_POINT('Ctrl Pts',(3.32584719695818,-1.18859730352213,-0.985588447937334));
#3101=CARTESIAN_POINT('Ctrl Pts',(3.32881592991193,-1.15111323453637,-1.02910768990521));
#3102=CARTESIAN_POINT('Ctrl Pts',(3.33178466286568,-1.1114143272476,-1.07033041309157));
#3103=CARTESIAN_POINT('Ctrl Pts',(3.33207883652914,-1.10748053691532,-1.07441519932412));
#3104=CARTESIAN_POINT('Ctrl Pts',(3.33237301019261,-1.10352502627932,-1.07847746853317));
#3105=CARTESIAN_POINT('Ctrl Pts',(3.33266718385607,-1.09954808155576,-1.08251698201324));
#3106=CARTESIAN_POINT('Ctrl Pts',(3.33563588980696,-1.05941403512796,-1.123282452198));
#3107=CARTESIAN_POINT('Ctrl Pts',(3.33860459575785,-1.01692533058773,-1.16189881746741));
#3108=CARTESIAN_POINT('Ctrl Pts',(3.34157330170874,-0.972341274109012,-1.19808240395394));
#3109=CARTESIAN_POINT('Ctrl Pts',(3.34453671724193,-0.927836669177795,-1.23420150905033));
#3110=CARTESIAN_POINT('Ctrl Pts',(3.34750013277511,-0.881244525504789,-1.26789611396061));
#3111=CARTESIAN_POINT('Ctrl Pts',(3.3504635483083,-0.832860553444346,-1.29891966592102));
#3112=CARTESIAN_POINT('Ctrl Pts',(3.35342401055035,-0.784524800053791,-1.32991230032036));
#3113=CARTESIAN_POINT('Ctrl Pts',(3.35638447279241,-0.734401193284492,-1.35823887532071));
#3114=CARTESIAN_POINT('Ctrl Pts',(3.35934493503447,-0.682816633955995,-1.38369449098889));
#3115=CARTESIAN_POINT('Ctrl Pts',(3.36230358998697,-0.631263565735241,-1.40913456662831));
#3116=CARTESIAN_POINT('Ctrl Pts',(3.36526224493947,-0.578251779929746,-1.4317069265648));
#3117=CARTESIAN_POINT('Ctrl Pts',(3.36822089989197,-0.524133198172465,-1.4512523524782));
#3118=CARTESIAN_POINT('Ctrl Pts',(3.37117889095981,-0.47002675993874,-1.47079339264584));
#3119=CARTESIAN_POINT('Ctrl Pts',(3.37413688202766,-0.414814509450056,-1.48730866998405));
#3120=CARTESIAN_POINT('Ctrl Pts',(3.3770948730955,-0.358866698517625,-1.50068773990296));
#3121=CARTESIAN_POINT('Ctrl Pts',(3.38005554721187,-0.302868140071637,-1.51407894531959));
#3122=CARTESIAN_POINT('Ctrl Pts',(3.38301622132824,-0.246133196491515,-1.52432813585759));
#3123=CARTESIAN_POINT('Ctrl Pts',(3.38597689544461,-0.18904423774366,-1.53137561563972));
#3124=CARTESIAN_POINT('Ctrl Pts',(3.38893880501615,-0.131931456431661,-1.53842603625389));
#3125=CARTESIAN_POINT('Ctrl Pts',(3.39190071458769,-0.0744648872634773,
-1.5422720465822));
#3126=CARTESIAN_POINT('Ctrl Pts',(3.39486262415922,-0.0170307232589009,
-1.54290600960178));
#3127=CARTESIAN_POINT('Ctrl Pts',(3.39783030695928,0.040515388982336,-1.54354120831518));
#3128=CARTESIAN_POINT('Ctrl Pts',(3.40079798975934,0.098028446521152,-1.54095187118533));
#3129=CARTESIAN_POINT('Ctrl Pts',(3.4037656725594,0.155124508454671,-1.53518252558994));
#3130=CARTESIAN_POINT('Ctrl Pts',(3.40653177658121,0.208342341081775,-1.52980506070241));
#3131=CARTESIAN_POINT('Ctrl Pts',(3.40929788060302,0.261197622980673,-1.52166551214174));
#3132=CARTESIAN_POINT('Ctrl Pts',(3.41206398462483,0.313388900379753,-1.51083963315726));
#3133=CARTESIAN_POINT('Ctrl Pts',(3.41503269019442,0.369402895036931,-1.49922081948158));
#3134=CARTESIAN_POINT('Ctrl Pts',(3.41800139576402,0.424887843919228,-1.48445825449095));
#3135=CARTESIAN_POINT('Ctrl Pts',(3.42097010133361,0.47946479360924,-1.46661600689794));
#3136=CARTESIAN_POINT('Ctrl Pts',(3.42393351648618,0.533944483797764,-1.44880555529419));
#3137=CARTESIAN_POINT('Ctrl Pts',(3.42689693163875,0.587518894414176,-1.42792647481189));
#3138=CARTESIAN_POINT('Ctrl Pts',(3.42986034679132,0.639820523988352,-1.40409354997567));
#3139=CARTESIAN_POINT('Ctrl Pts',(3.43282080865343,0.692070030624693,-1.38028437663763));
#3140=CARTESIAN_POINT('Ctrl Pts',(3.43578127051554,0.743048796714423,-1.35352740647368));
#3141=CARTESIAN_POINT('Ctrl Pts',(3.43874173237765,0.792407407420581,-1.32398621619147));
#3142=CARTESIAN_POINT('Ctrl Pts',(3.44170038695149,0.841735885923643,-1.29446306007051));
#3143=CARTESIAN_POINT('Ctrl Pts',(3.44465904152533,0.889445722646601,-1.262159320481));
#3144=CARTESIAN_POINT('Ctrl Pts',(3.44761769609917,0.935212319795713,-1.2272843667636));
#3145=CARTESIAN_POINT('Ctrl Pts',(3.45057568679027,0.980968647529065,-1.19241723852201));
#3146=CARTESIAN_POINT('Ctrl Pts',(3.45353367748137,1.02478218640045,-1.15498035772724));
#3147=CARTESIAN_POINT('Ctrl Pts',(3.45649166817247,1.06635938152688,-1.11522494117985));
#3148=CARTESIAN_POINT('Ctrl Pts',(3.45945234191809,1.10797428937557,-1.07543346436005));
#3149=CARTESIAN_POINT('Ctrl Pts',(3.46241301566371,1.14734842095525,-1.03331960996852));
#3150=CARTESIAN_POINT('Ctrl Pts',(3.46537368940933,1.18422429198725,-0.989172293519833));
#3151=CARTESIAN_POINT('Ctrl Pts',(3.46833559861278,1.22111555093005,-0.945006554863126));
#3152=CARTESIAN_POINT('Ctrl Pts',(3.47129750781622,1.25550615781119,-0.898806081426745));
#3153=CARTESIAN_POINT('Ctrl Pts',(3.47425941701967,1.28718029749331,-0.850891227916368));
#3154=CARTESIAN_POINT('Ctrl Pts',(3.47722709946094,1.31891617517228,-0.802882980643621));
#3155=CARTESIAN_POINT('Ctrl Pts',(3.4801947819022,1.34792474005643,-0.753154127631109));
#3156=CARTESIAN_POINT('Ctrl Pts',(3.48316246434347,1.37403522886021,-0.702051415389979));
#3157=CARTESIAN_POINT('Ctrl Pts',(3.48592857136018,1.39837220147074,-0.65441977902029));
#3158=CARTESIAN_POINT('Ctrl Pts',(3.48869467837688,1.42019177048219,-0.605595137211172));
#3159=CARTESIAN_POINT('Ctrl Pts',(3.49146078539359,1.4393941350159,-0.555871859408107));
#3160=CARTESIAN_POINT('Ctrl Pts',(3.49442949121727,1.46000294410216,-0.502506684635618));
#3161=CARTESIAN_POINT('Ctrl Pts',(3.49739819704094,1.4776833858253,-0.447881458593713));
#3162=CARTESIAN_POINT('Ctrl Pts',(3.50036690286461,1.49228382055767,-0.392349332740344));
#3163=CARTESIAN_POINT('Ctrl Pts',(3.50333031826615,1.50685823638898,-0.336916168658655));
#3164=CARTESIAN_POINT('Ctrl Pts',(3.50629373366769,1.51836340765417,-0.28057981308378));
#3165=CARTESIAN_POINT('Ctrl Pts',(3.50925714906922,1.526696517664,-0.223711293752947));
#3166=CARTESIAN_POINT('Ctrl Pts',(3.51221761117704,1.53502132302594,-0.166899448704402));
#3167=CARTESIAN_POINT('Ctrl Pts',(3.51517807328486,1.54018025490756,-0.10955700442898));
#3168=CARTESIAN_POINT('Ctrl Pts',(3.51813853539267,1.5421213006452,-0.0520662471889942));
#3169=CARTESIAN_POINT('Ctrl Pts',(3.52109719020859,1.54406116142046,0.00538941330731361));
#3170=CARTESIAN_POINT('Ctrl Pts',(3.52405584502451,1.54278701241911,0.0629926867285409));
#3171=CARTESIAN_POINT('Ctrl Pts',(3.52701449984043,1.5382987739596,0.120357309850225));
#3172=CARTESIAN_POINT('Ctrl Pts',(3.52997249076961,1.53381154260711,0.177709061036773));
#3173=CARTESIAN_POINT('Ctrl Pts',(3.53293048169878,1.52611169426294,0.234821748149221));
#3174=CARTESIAN_POINT('Ctrl Pts',(3.53588847262795,1.51525114306345,0.291312501353634));
#3175=CARTESIAN_POINT('Ctrl Pts',(3.53884914660355,1.50438074079826,0.347854494509949));
#3176=CARTESIAN_POINT('Ctrl Pts',(3.54180982057914,1.49034400427149,0.403772912446142));
#3177=CARTESIAN_POINT('Ctrl Pts',(3.54477049455473,1.47324408155914,0.458694752696146));
#3178=CARTESIAN_POINT('Ctrl Pts',(3.54773240398409,1.45613702325392,0.513639511172046));
#3179=CARTESIAN_POINT('Ctrl Pts',(3.55069431341346,1.43596441267008,0.567586372598286));
#3180=CARTESIAN_POINT('Ctrl Pts',(3.55365622284283,1.41287840790013,0.620180299985091));
#3181=CARTESIAN_POINT('Ctrl Pts',(3.55662390550028,1.38974740487005,0.672876741221701));
#3182=CARTESIAN_POINT('Ctrl Pts',(3.55959158815772,1.36369189600015,0.724214511127626));
#3183=CARTESIAN_POINT('Ctrl Pts',(3.56255927081517,1.3349106425177,0.773862117236004));
#3184=CARTESIAN_POINT('Ctrl Pts',(3.56532537593089,1.3080843333451,0.820137448223744));
#3185=CARTESIAN_POINT('Ctrl Pts',(3.56809148104662,1.27889064913629,0.864944413760991));
#3186=CARTESIAN_POINT('Ctrl Pts',(3.57085758616235,1.24752281787875,0.908039546975718));
#3187=CARTESIAN_POINT('Ctrl Pts',(3.57380143400582,1.2141393712855,0.953903861479665));
#3188=CARTESIAN_POINT('Ctrl Pts',(3.5767452818493,1.17814704547203,0.998029268090611));
#3189=CARTESIAN_POINT('Ctrl Pts',(3.57968912969278,1.13975497577975,1.04009980058901));
#3190=CARTESIAN_POINT('Ctrl Pts',(3.58262773437789,1.10143128452012,1.08209540310588));
#3191=CARTESIAN_POINT('Ctrl Pts',(3.585566339063,1.06071668347905,1.12204300261059));
#3192=CARTESIAN_POINT('Ctrl Pts',(3.58850494374811,1.01786203949332,1.15965765144654));
#3193=CARTESIAN_POINT('Ctrl Pts',(3.59144065762334,0.975049553144136,1.19723529741542));
#3194=CARTESIAN_POINT('Ctrl Pts',(3.59437637149857,0.930101589945665,1.23248418814275));
#3195=CARTESIAN_POINT('Ctrl Pts',(3.5973120853738,0.883306200254144,1.2651557835273));
#3196=CARTESIAN_POINT('Ctrl Pts',(3.60024609251736,0.83653801592964,1.2978083846744));
#3197=CARTESIAN_POINT('Ctrl Pts',(3.60318009966093,0.787924968286905,1.32788635556513));
#3198=CARTESIAN_POINT('Ctrl Pts',(3.60611410680449,0.737786700514901,1.35518256502338));
#3199=CARTESIAN_POINT('Ctrl Pts',(3.60904758864255,0.687657409513075,1.38247388736027));
#3200=CARTESIAN_POINT('Ctrl Pts',(3.61198107048062,0.63600390762691,1.406984183628));
#3201=CARTESIAN_POINT('Ctrl Pts',(3.61491455231868,0.583171160888815,1.42855185313925));
#3202=CARTESIAN_POINT('Ctrl Pts',(3.61785063047519,0.530291653801569,1.45013861141305));
#3203=CARTESIAN_POINT('Ctrl Pts',(3.6207867086317,0.47623131135966,1.46877734219437));
#3204=CARTESIAN_POINT('Ctrl Pts',(3.62372278678821,0.421354339706665,1.48435491726553));
#3205=CARTESIAN_POINT('Ctrl Pts',(3.62666030220415,0.366450504856979,1.49994011782058));
#3206=CARTESIAN_POINT('Ctrl Pts',(3.62959781762009,0.310729764266177,1.51246106360721));
#3207=CARTESIAN_POINT('Ctrl Pts',(3.63253533303603,0.25456751232552,1.52185557188204));
#3208=CARTESIAN_POINT('Ctrl Pts',(3.6354779331277,0.198308046651856,1.53126634152793));
#3209=CARTESIAN_POINT('Ctrl Pts',(3.63842053321937,0.14160607303148,1.53753981667697));
#3210=CARTESIAN_POINT('Ctrl Pts',(3.64136313331104,0.084841678764362,1.54066572933406));
#3211=CARTESIAN_POINT('Ctrl Pts',(3.64283818101066,0.0563871873026581,1.54223266678066));
#3212=CARTESIAN_POINT('Ctrl Pts',(3.64431322871027,0.0279170037570573,1.54300952125015));
#3213=CARTESIAN_POINT('Ctrl Pts',(3.64578827640988,-0.000521380076021909,
1.54299991191277));
#3214=CARTESIAN_POINT('Ctrl Pts',(3.64578827640988,-0.000522162657423139,
1.54531592491089));
#3215=CARTESIAN_POINT('Ctrl Pts',(3.64727697991696,-0.0292669521147246,
1.54544227763668));
#3216=CARTESIAN_POINT('Ctrl Pts',(3.67523128368028,-0.568902247522952,1.53168643940951));
#3217=CARTESIAN_POINT('Ctrl Pts',(3.72965118769987,-1.5855280403773,0.901389874763689));
#3218=CARTESIAN_POINT('Ctrl Pts',(3.78722824709808,-1.608406608505,-0.363959181056223));
#3219=CARTESIAN_POINT('Ctrl Pts',(3.81833970624003,-1.27977126608835,-0.869816094577769));
#3220=CARTESIAN_POINT('Ctrl Pts',(3.82298556512574,-1.22428840048319,-0.940586287565994));
#3221=CARTESIAN_POINT('',(3.60421172358734,0.000833051838333276,1.54091859865221));
#3222=CARTESIAN_POINT('Ctrl Pts',(3.60421172358734,0.000833051838333276,
1.54091859865221));
#3223=CARTESIAN_POINT('Ctrl Pts',(3.62022542751252,-0.310639285765282,1.53939251095178));
#3224=CARTESIAN_POINT('Ctrl Pts',(3.66270473169396,-1.13906619764068,1.29645107304213));
#3225=CARTESIAN_POINT('Ctrl Pts',(3.72173175339806,-1.7246034571871,0.13866792308005));
#3226=CARTESIAN_POINT('Ctrl Pts',(3.76474507117698,-1.4164868027709,-0.682496870480766));
#3227=CARTESIAN_POINT('Ctrl Pts',(3.78129278869965,-1.22207772044329,-0.938894774197157));
#3228=CARTESIAN_POINT('Ctrl Pts',(3.28140379279943,-1.22249867596771,-0.939185924174866));
#3229=CARTESIAN_POINT('Ctrl Pts',(3.29915773929558,-1.01014051884501,-1.21100763214189));
#3230=CARTESIAN_POINT('Ctrl Pts',(3.34337728604797,-0.258110912925236,-1.7211268991888));
#3231=CARTESIAN_POINT('Ctrl Pts',(3.41406243305662,1.24600994410245,-1.33186416105603));
#3232=CARTESIAN_POINT('Ctrl Pts',(3.49345923382538,1.79468912356527,0.324798156763613));
#3233=CARTESIAN_POINT('Ctrl Pts',(3.55684233066895,0.92094318661004,1.40992577870889));
#3234=CARTESIAN_POINT('Ctrl Pts',(3.59375982725627,0.204126218605866,1.54191465243912));
#3235=CARTESIAN_POINT('Ctrl Pts',(3.60421172358734,0.000833051838333276,
1.54091859865221));
#3236=CARTESIAN_POINT('Origin',(-1.10421172359011,0.,0.));
#3237=CARTESIAN_POINT('',(2.78135585880498,-1.22359027694059,-0.940040336462455));
#3238=CARTESIAN_POINT('',(2.82288563599572,-1.22178139682178,-0.938663543411731));
#3239=CARTESIAN_POINT('',(-1.10421172359011,-1.22359027694059,-0.940040336462455));
#3240=CARTESIAN_POINT('',(3.14578829568508,-0.00109002351029596,1.54299961498658));
#3241=CARTESIAN_POINT('Ctrl Pts',(2.82288563599572,-1.22178139682179,-0.938663543411722));
#3242=CARTESIAN_POINT('Ctrl Pts',(2.83401921707832,-1.09053023513781,-1.11099424750062));
#3243=CARTESIAN_POINT('Ctrl Pts',(2.87161839841717,-0.531621832002683,-1.60288185229283));
#3244=CARTESIAN_POINT('Ctrl Pts',(2.93568318001228,0.876531435616802,-1.59940464711166));
#3245=CARTESIAN_POINT('Ctrl Pts',(3.01507998078103,1.81915247238995,-0.130716741365362));
#3246=CARTESIAN_POINT('Ctrl Pts',(3.08511501291357,1.18144315795722,1.27036599230235));
#3247=CARTESIAN_POINT('Ctrl Pts',(3.12868444478986,0.331368618364746,1.53915792724331));
#3248=CARTESIAN_POINT('Ctrl Pts',(3.14578827640989,-0.00108846398704378,
1.54132236534453));
#3249=CARTESIAN_POINT('Ctrl Pts',(3.14578829568508,-0.00109002351029596,
1.54299961498658));
#3250=CARTESIAN_POINT('Ctrl Pts',(3.14917321642524,-0.0669559493232595,
1.54295308522276));
#3251=CARTESIAN_POINT('Ctrl Pts',(3.1525581371654,-0.132653790555995,1.53868510165652));
#3252=CARTESIAN_POINT('Ctrl Pts',(3.15594305790556,-0.197686787375755,1.53028393904434));
#3253=CARTESIAN_POINT('Ctrl Pts',(3.15935919210234,-0.263319474640578,1.52180530657544));
#3254=CARTESIAN_POINT('Ctrl Pts',(3.16277532629912,-0.328274794425534,1.50911703710932));
#3255=CARTESIAN_POINT('Ctrl Pts',(3.1661914604959,-0.392061590932927,1.49235944360437));
#3256=CARTESIAN_POINT('Ctrl Pts',(3.16875216777012,-0.439875670944594,1.4797980835656));
#3257=CARTESIAN_POINT('Ctrl Pts',(3.17131287504433,-0.487033560081513,1.46495125187208));
#3258=CARTESIAN_POINT('Ctrl Pts',(3.17387358231855,-0.533336459311146,1.44789544552411));
#3259=CARTESIAN_POINT('Ctrl Pts',(3.17684228810068,-0.587016817881076,1.42812213077079));
#3260=CARTESIAN_POINT('Ctrl Pts',(3.17981099388282,-0.639709111570749,1.40531784384911));
#3261=CARTESIAN_POINT('Ctrl Pts',(3.18277969966495,-0.691048025427419,1.37960198120794));
#3262=CARTESIAN_POINT('Ctrl Pts',(3.18574311502913,-0.742295450153216,1.35393194583006));
#3263=CARTESIAN_POINT('Ctrl Pts',(3.1887065303933,-0.792193819174314,1.3253608648381));
#3264=CARTESIAN_POINT('Ctrl Pts',(3.19166994575748,-0.840396642435262,1.29405659976043));
#3265=CARTESIAN_POINT('Ctrl Pts',(3.19463040783049,-0.888551427552826,1.26278353200012));
#3266=CARTESIAN_POINT('Ctrl Pts',(3.1975908699035,-0.935013579164048,1.22878295950436));
#3267=CARTESIAN_POINT('Ctrl Pts',(3.2005513319765,-0.979461709442035,1.19226832539361));
#3268=CARTESIAN_POINT('Ctrl Pts',(3.2035099867602,-1.02388270522919,1.15577598256933));
#3269=CARTESIAN_POINT('Ctrl Pts',(3.20646864154389,-1.06629171436503,1.11677295100798));
#3270=CARTESIAN_POINT('Ctrl Pts',(3.20942729632758,-1.10639866416954,1.07551429368645));
#3271=CARTESIAN_POINT('Ctrl Pts',(3.21238528722714,-1.14649661448962,1.03426489427771));
#3272=CARTESIAN_POINT('Ctrl Pts',(3.2153432781267,-1.18429316734642,0.990761247978378));
#3273=CARTESIAN_POINT('Ctrl Pts',(3.21830126902626,-1.21953513930892,0.945295215258586));
#3274=CARTESIAN_POINT('Ctrl Pts',(3.22126194297651,-1.25480907756223,0.899787942496223));
#3275=CARTESIAN_POINT('Ctrl Pts',(3.22422261692676,-1.28752348307424,0.852315139118566));
#3276=CARTESIAN_POINT('Ctrl Pts',(3.22718329087701,-1.31746642066154,0.803200616551845));
#3277=CARTESIAN_POINT('Ctrl Pts',(3.23014520028334,-1.34742185310128,0.754065599045043));
#3278=CARTESIAN_POINT('Ctrl Pts',(3.23310710968967,-1.37460326420784,0.70328795722621));
#3279=CARTESIAN_POINT('Ctrl Pts',(3.23606901909599,-1.39884457851341,0.651216434961251));
#3280=CARTESIAN_POINT('Ctrl Pts',(3.23903670173453,-1.4231331429936,0.599043417022892));
#3281=CARTESIAN_POINT('Ctrl Pts',(3.24200438437307,-1.44446996377353,0.545571965033642));
#3282=CARTESIAN_POINT('Ctrl Pts',(3.24497206701161,-1.46273742432551,0.491170263226068));
#3283=CARTESIAN_POINT('Ctrl Pts',(3.24773817237018,-1.4797640833975,0.440463750025857));
#3284=CARTESIAN_POINT('Ctrl Pts',(3.25050427772874,-1.49412461509512,0.38894956790231));
#3285=CARTESIAN_POINT('Ctrl Pts',(3.25327038308731,-1.50576384095129,0.336933606640256));
#3286=CARTESIAN_POINT('Ctrl Pts',(3.25623804952785,-1.51825119609132,0.281127336596532));
#3287=CARTESIAN_POINT('Ctrl Pts',(3.25920571596838,-1.52765822161125,0.224508422947693));
#3288=CARTESIAN_POINT('Ctrl Pts',(3.26217338240892,-1.53388725544726,0.167448163849209));
#3289=CARTESIAN_POINT('Ctrl Pts',(3.26513683575201,-1.54010744613088,0.110468911304804));
#3290=CARTESIAN_POINT('Ctrl Pts',(3.2681002890951,-1.54315852683615,0.0530500685361241));
#3291=CARTESIAN_POINT('Ctrl Pts',(3.27106374243818,-1.54299365155746,-0.00442620078384616));
#3292=CARTESIAN_POINT('Ctrl Pts',(3.27402413310085,-1.54282894667467,-0.0618430693221483));
#3293=CARTESIAN_POINT('Ctrl Pts',(3.27698452376351,-1.5394548744342,-0.119316727513514));
#3294=CARTESIAN_POINT('Ctrl Pts',(3.27994491442617,-1.53287649997726,-0.176461428696073));
#3295=CARTESIAN_POINT('Ctrl Pts',(3.28290338865752,-1.52630238408083,-0.233569136823746));
#3296=CARTESIAN_POINT('Ctrl Pts',(3.28586186288888,-1.51652813955055,-0.290347792962984));
#3297=CARTESIAN_POINT('Ctrl Pts',(3.28882033712024,-1.50361076958565,-0.346415434970867));
#3298=CARTESIAN_POINT('Ctrl Pts',(3.29177945950232,-1.49069056964756,-0.402495360433011));
#3299=CARTESIAN_POINT('Ctrl Pts',(3.2947385818844,-1.4746259701581,-0.457863448078672));
#3300=CARTESIAN_POINT('Ctrl Pts',(3.29769770426649,-1.45552503787861,-0.512148283320814));
#3301=CARTESIAN_POINT('Ctrl Pts',(3.30065699333403,-1.43642302965593,-0.566436176392716));
#3302=CARTESIAN_POINT('Ctrl Pts',(3.30361628240156,-1.41428453292732,-0.619640206741484));
#3303=CARTESIAN_POINT('Ctrl Pts',(3.3065755714691,-1.38926648062863,-0.671407213099272));
#3304=CARTESIAN_POINT('Ctrl Pts',(3.30953864226205,-1.36421645733895,-0.723240373387615));
#3305=CARTESIAN_POINT('Ctrl Pts',(3.312501713055,-1.33627976860987,-0.773632376694058));
#3306=CARTESIAN_POINT('Ctrl Pts',(3.31546478384795,-1.30565962085885,-0.822254190903719));
#3307=CARTESIAN_POINT('Ctrl Pts',(3.31793601056678,-1.2801221522851,-0.862805205303591));
#3308=CARTESIAN_POINT('Ctrl Pts',(3.32040723728561,-1.25271905754503,-0.902125269050715));
#3309=CARTESIAN_POINT('Ctrl Pts',(3.32287846400444,-1.22359027694059,-0.940040336462456));
#3310=CARTESIAN_POINT('',(3.10421172358734,0.0008555868154071,1.54299976279039));
#3311=CARTESIAN_POINT('Ctrl Pts',(3.10421242380035,0.000843130338122171,
1.54493388661399));
#3312=CARTESIAN_POINT('Ctrl Pts',(3.12809895945035,-0.460674630236877,1.54185249244761));
#3313=CARTESIAN_POINT('Ctrl Pts',(3.17845109535659,-1.43891329589889,1.07713266384621));
#3314=CARTESIAN_POINT('Ctrl Pts',(3.23751488502296,-1.66037036326401,-0.202074219798476));
#3315=CARTESIAN_POINT('Ctrl Pts',(3.27269213903932,-1.32670033830741,-0.805806193375002));
#3316=CARTESIAN_POINT('Ctrl Pts',(3.28140379279943,-1.22249867596771,-0.939185924174866));
#3317=CARTESIAN_POINT('Ctrl Pts',(2.78135585880498,-1.22359027694059,-0.940040336462455));
#3318=CARTESIAN_POINT('Ctrl Pts',(2.7843231327571,-1.18871608995142,-0.985433831253049));
#3319=CARTESIAN_POINT('Ctrl Pts',(2.78729040670922,-1.1512436597354,-1.02897352734511));
#3320=CARTESIAN_POINT('Ctrl Pts',(2.79025768066135,-1.11139792230206,-1.07034744746865));
#3321=CARTESIAN_POINT('Ctrl Pts',(2.793220163091,-1.07161652734235,-1.11165455742539));
#3322=CARTESIAN_POINT('Ctrl Pts',(2.79618264552066,-1.02946979084083,-1.15080245924006));
#3323=CARTESIAN_POINT('Ctrl Pts',(2.79914512795032,-0.98522310066016,-1.18751187022513));
#3324=CARTESIAN_POINT('Ctrl Pts',(2.8021049748504,-0.941015773906498,-1.22418862321445));
#3325=CARTESIAN_POINT('Ctrl Pts',(2.80506482175047,-0.89471259523005,-1.25843085194604));
#3326=CARTESIAN_POINT('Ctrl Pts',(2.80802466865055,-0.84661469364521,-1.28999711647121));
#3327=CARTESIAN_POINT('Ctrl Pts',(2.81098302516797,-0.79854101097464,-1.32154748631845));
#3328=CARTESIAN_POINT('Ctrl Pts',(2.81394138168539,-0.748674832832849,-1.35042427750278));
#3329=CARTESIAN_POINT('Ctrl Pts',(2.81689973820281,-0.697347352841951,-1.37642859222131));
#3330=CARTESIAN_POINT('Ctrl Pts',(2.81985774726073,-0.646025901272732,-1.40242985272843));
#3331=CARTESIAN_POINT('Ctrl Pts',(2.82281575631865,-0.593243954698528,-1.42555907206139));
#3332=CARTESIAN_POINT('Ctrl Pts',(2.82577376537657,-0.539356472032697,-1.44566372164361));
#3333=CARTESIAN_POINT('Ctrl Pts',(2.82873467859767,-0.48541608282046,-1.46578810990211));
#3334=CARTESIAN_POINT('Ctrl Pts',(2.83169559181878,-0.43036848019093,-1.4828818159592));
#3335=CARTESIAN_POINT('Ctrl Pts',(2.83465650503989,-0.374586401975004,-1.4968413501288));
#3336=CARTESIAN_POINT('Ctrl Pts',(2.83761893775003,-0.31877569736923,-1.51080804808792));
#3337=CARTESIAN_POINT('Ctrl Pts',(2.84058137046018,-0.262230279745658,-1.52163727251589));
#3338=CARTESIAN_POINT('Ctrl Pts',(2.84354380317032,-0.205332596351806,-1.5292767979916));
#3339=CARTESIAN_POINT('Ctrl Pts',(2.84651173705237,-0.148329255220384,-1.53693050989687));
#3340=CARTESIAN_POINT('Ctrl Pts',(2.84947967093443,-0.0909728631894704,
-1.54138265473499));
#3341=CARTESIAN_POINT('Ctrl Pts',(2.85244760481649,-0.033649336864084,-1.54263304843654));
#3342=CARTESIAN_POINT('Ctrl Pts',(2.85439334576943,0.00393126202068697,
-1.54345279116972));
#3343=CARTESIAN_POINT('Ctrl Pts',(2.85633908672236,0.0414977254806451,-1.54289751449314));
#3344=CARTESIAN_POINT('Ctrl Pts',(2.8582848276753,0.0789426413372203,-1.5409792533901));
#3345=CARTESIAN_POINT('Ctrl Pts',(2.86125353348889,0.136074059178355,-1.53805247483821));
#3346=CARTESIAN_POINT('Ctrl Pts',(2.86422223930249,0.193162822422757,-1.53193802543183));
#3347=CARTESIAN_POINT('Ctrl Pts',(2.86719094511608,0.249824638220076,-1.52264133995443));
#3348=CARTESIAN_POINT('Ctrl Pts',(2.87015436051152,0.306385479142216,-1.51336122174798));
#3349=CARTESIAN_POINT('Ctrl Pts',(2.87311777590695,0.362520371956344,-1.50091020689462));
#3350=CARTESIAN_POINT('Ctrl Pts',(2.87608119130239,0.417848594942464,-1.48534560008929));
#3351=CARTESIAN_POINT('Ctrl Pts',(2.87904165340652,0.473121678726641,-1.46979650471649));
#3352=CARTESIAN_POINT('Ctrl Pts',(2.88200211551066,0.527589185523479,-1.45114010563038));
#3353=CARTESIAN_POINT('Ctrl Pts',(2.88496257761479,0.580880815396028,-1.4294846897763));
#3354=CARTESIAN_POINT('Ctrl Pts',(2.88792123242941,0.634139912035569,-1.40784249402248));
#3355=CARTESIAN_POINT('Ctrl Pts',(2.89087988724404,0.686224072125139,-1.383205106672));
#3356=CARTESIAN_POINT('Ctrl Pts',(2.89383854205866,0.736780527103305,-1.35572986058484));
#3357=CARTESIAN_POINT('Ctrl Pts',(2.89679653298891,0.787325637858332,-1.32826077959217));
#3358=CARTESIAN_POINT('Ctrl Pts',(2.89975452391917,0.836343265682912,-1.29795535313338));
#3359=CARTESIAN_POINT('Ctrl Pts',(2.90271251484942,0.883504928797984,-1.26501701205544));
#3360=CARTESIAN_POINT('Ctrl Pts',(2.90567318882975,0.93070936996976,-1.23204879420621));
#3361=CARTESIAN_POINT('Ctrl Pts',(2.90863386281007,0.976054052732158,-1.19644318797252));
#3362=CARTESIAN_POINT('Ctrl Pts',(2.9115945367904,1.01924038447568,-1.15844639006467));
#3363=CARTESIAN_POINT('Ctrl Pts',(2.91455644622651,1.06244473738728,-1.12043373652255));
#3364=CARTESIAN_POINT('Ctrl Pts',(2.91751835566263,1.10348857022919,-1.08002826823579));
#3365=CARTESIAN_POINT('Ctrl Pts',(2.92048026509874,1.14210966849723,-1.03751361683842));
#3366=CARTESIAN_POINT('Ctrl Pts',(2.92344794776619,1.1808060454123,-0.99491609764134));
#3367=CARTESIAN_POINT('Ctrl Pts',(2.92641563043365,1.2170699203509,-0.950201586147945));
#3368=CARTESIAN_POINT('Ctrl Pts',(2.9293833131011,1.2506795708813,-0.903686677438684));
#3369=CARTESIAN_POINT('Ctrl Pts',(2.93214941821542,1.28200631185746,-0.860331257978241));
#3370=CARTESIAN_POINT('Ctrl Pts',(2.93491552332975,1.31102741370075,-0.81541232013993));
#3371=CARTESIAN_POINT('Ctrl Pts',(2.93768162844407,1.33759928422822,-0.769205534842382));
#3372=CARTESIAN_POINT('Ctrl Pts',(2.94065033425745,1.36611738576338,-0.719614378157846));
#3373=CARTESIAN_POINT('Ctrl Pts',(2.94361904007082,1.39193394415068,-0.668330670290367));
#3374=CARTESIAN_POINT('Ctrl Pts',(2.9465877458842,1.41484515797229,-0.615680257083467));
#3375=CARTESIAN_POINT('Ctrl Pts',(2.9495511612794,1.43771554258766,-0.56312367018346));
#3376=CARTESIAN_POINT('Ctrl Pts',(2.95251457667461,1.45769065235223,-0.509205686621911));
#3377=CARTESIAN_POINT('Ctrl Pts',(2.95547799206982,1.47461220544042,-0.454277276083815));
#3378=CARTESIAN_POINT('Ctrl Pts',(2.95843845417371,1.49151689478557,-0.399403606301296));
#3379=CARTESIAN_POINT('Ctrl Pts',(2.9613989162776,1.50537390364802,-0.343522000845945));
#3380=CARTESIAN_POINT('Ctrl Pts',(2.96435937838149,1.51607343844599,-0.287002315737289));
#3381=CARTESIAN_POINT('Ctrl Pts',(2.96731803319586,1.52676644144034,-0.230517134510371));
#3382=CARTESIAN_POINT('Ctrl Pts',(2.97027668801024,1.53430569432197,-0.173395157539408));
#3383=CARTESIAN_POINT('Ctrl Pts',(2.97323534282461,1.53863211966382,-0.116018103496099));
#3384=CARTESIAN_POINT('Ctrl Pts',(2.9761933337546,1.54295757421103,-0.0586539241314703));
#3385=CARTESIAN_POINT('Ctrl Pts',(2.9791513246846,1.54407159320122,-0.0010353015212017));
#3386=CARTESIAN_POINT('Ctrl Pts',(2.98210931561459,1.54196700124749,0.0564514575881288));
#3387=CARTESIAN_POINT('Ctrl Pts',(2.98506998959465,1.53986050032051,0.113990360147634));
#3388=CARTESIAN_POINT('Ctrl Pts',(2.9880306635747,1.53452957241635,0.171396637306164));
#3389=CARTESIAN_POINT('Ctrl Pts',(2.99099133755476,1.52601918207564,0.228285908319333));
#3390=CARTESIAN_POINT('Ctrl Pts',(2.99395324699059,1.51750524044527,0.28519891858211));
#3391=CARTESIAN_POINT('Ctrl Pts',(2.99691515642643,1.50580929652215,0.34159398021892));
#3392=CARTESIAN_POINT('Ctrl Pts',(2.99987706586226,1.49102749386909,0.397096981260824));
#3393=CARTESIAN_POINT('Ctrl Pts',(3.00284474852943,1.47621687913785,0.452708166456106));
#3394=CARTESIAN_POINT('Ctrl Pts',(3.0058124311966,1.45830854807316,0.507423318302597));
#3395=CARTESIAN_POINT('Ctrl Pts',(3.00878011386377,1.43744829677615,0.5608844748211));
#3396=CARTESIAN_POINT('Ctrl Pts',(3.01154621898012,1.41800496192118,0.610714323614538));
#3397=CARTESIAN_POINT('Ctrl Pts',(3.01431232409647,1.39599774930717,0.659454634712969));
#3398=CARTESIAN_POINT('Ctrl Pts',(3.01707842921282,1.37158043193985,0.706835284008716));
#3399=CARTESIAN_POINT('Ctrl Pts',(3.02004713503006,1.34537469171649,0.757686283255699));
#3400=CARTESIAN_POINT('Ctrl Pts',(3.02301584084729,1.31628199127551,0.807185052625265));
#3401=CARTESIAN_POINT('Ctrl Pts',(3.02598454666453,1.28446561657735,0.854983672259638));
#3402=CARTESIAN_POINT('Ctrl Pts',(3.0289479620636,1.25270594063506,0.902697111784967));
#3403=CARTESIAN_POINT('Ctrl Pts',(3.03191137746268,1.21823251092423,0.948715984148266));
#3404=CARTESIAN_POINT('Ctrl Pts',(3.03487479286176,1.1812544047556,0.992716994538467));
#3405=CARTESIAN_POINT('Ctrl Pts',(3.03783525496953,1.14431315036267,1.03667415424151));
#3406=CARTESIAN_POINT('Ctrl Pts',(3.04079571707729,1.10487249894927,1.07861703858373));
#3407=CARTESIAN_POINT('Ctrl Pts',(3.04375617918506,1.06318368779697,1.11825285423398));
#3408=CARTESIAN_POINT('Ctrl Pts',(3.04671483400331,1.02152032664151,1.15786447319079));
#3409=CARTESIAN_POINT('Ctrl Pts',(3.04967348882157,0.977611903710763,1.19517145632657));
#3410=CARTESIAN_POINT('Ctrl Pts',(3.05263214363982,0.93174712266196,1.22991719209513));
#3411=CARTESIAN_POINT('Ctrl Pts',(3.05559013457368,0.885892633084784,1.26465513136394));
#3412=CARTESIAN_POINT('Ctrl Pts',(3.05854812550754,0.838083072706324,1.29683264920003));
#3413=CARTESIAN_POINT('Ctrl Pts',(3.06150611644141,0.78863914215374,1.32623425663154));
#3414=CARTESIAN_POINT('Ctrl Pts',(3.06446679042529,0.739150363411344,1.35566253283424));
#3415=CARTESIAN_POINT('Ctrl Pts',(3.06742746440917,0.688024701156034,1.38230959864541));
#3416=CARTESIAN_POINT('Ctrl Pts',(3.07038813839306,0.635609508568148,1.40600481955709));
#3417=CARTESIAN_POINT('Ctrl Pts',(3.0733500478327,0.583172443713323,1.42970992821641));
#3418=CARTESIAN_POINT('Ctrl Pts',(3.07631195727235,0.529445263298945,1.4504605468584));
#3419=CARTESIAN_POINT('Ctrl Pts',(3.079273866712,0.474794442095224,1.46813461159237));
#3420=CARTESIAN_POINT('Ctrl Pts',(3.0822415493829,0.420037097773371,1.48584312588161));
#3421=CARTESIAN_POINT('Ctrl Pts',(3.0852092320538,0.364353021409992,1.50046296893266));
#3422=CARTESIAN_POINT('Ctrl Pts',(3.0881769147247,0.308122040044243,1.51192255371728));
#3423=CARTESIAN_POINT('Ctrl Pts',(3.09094301981033,0.255710505262989,1.52260375493287));
#3424=CARTESIAN_POINT('Ctrl Pts',(3.09370912489595,0.2028242822996,1.53053991838251));
#3425=CARTESIAN_POINT('Ctrl Pts',(3.09647522998158,0.149773718269921,1.53571378626214));
#3426=CARTESIAN_POINT('Ctrl Pts',(3.0990540611835,0.100314841776036,1.54053736725764));
#3427=CARTESIAN_POINT('Ctrl Pts',(3.10163289238542,0.0506192470894412,1.54297216905211));
#3428=CARTESIAN_POINT('Ctrl Pts',(3.10421172358734,0.0008555868154071,1.54299976279039));
#3429=CARTESIAN_POINT('Origin',(-1.10421172359011,0.,0.));
#3430=CARTESIAN_POINT('',(2.28127040807142,-1.22316586779587,-0.939722501417525));
#3431=CARTESIAN_POINT('',(2.32296185632621,-1.22359027694059,-0.940040336462454));
#3432=CARTESIAN_POINT('',(-1.10421172359011,-1.22359027694059,-0.940040336462455));
#3433=CARTESIAN_POINT('',(2.64578825727922,0.00111654559278281,1.54299959602261));
#3434=CARTESIAN_POINT('Ctrl Pts',(2.32296185632621,-1.22359027694059,-0.940040336462454));
#3435=CARTESIAN_POINT('Ctrl Pts',(2.32592122828908,-1.18858454472364,-0.985605055247865));
#3436=CARTESIAN_POINT('Ctrl Pts',(2.32888060025195,-1.15099862431756,-1.02925291306716));
#3437=CARTESIAN_POINT('Ctrl Pts',(2.33183997221481,-1.11107455936405,-1.07068311069801));
#3438=CARTESIAN_POINT('Ctrl Pts',(2.33479813652666,-1.071166786495,-1.11209640162662));
#3439=CARTESIAN_POINT('Ctrl Pts',(2.3377563008385,-1.02892312310497,-1.15129345166389));
#3440=CARTESIAN_POINT('Ctrl Pts',(2.34071446515034,-0.984624092338156,-1.18800858447541));
#3441=CARTESIAN_POINT('Ctrl Pts',(2.34367256439013,-0.940326036036789,-1.22472290964785));
#3442=CARTESIAN_POINT('Ctrl Pts',(2.34663066362992,-0.893973105624297,-1.25895509513473));
#3443=CARTESIAN_POINT('Ctrl Pts',(2.3495887628697,-0.845878964897865,-1.29047966924834));
#3444=CARTESIAN_POINT('Ctrl Pts',(2.35254995603119,-0.79773452176653,-1.32203721540112));
#3445=CARTESIAN_POINT('Ctrl Pts',(2.35551114919268,-0.747845671770025,-1.35088121283204));
#3446=CARTESIAN_POINT('Ctrl Pts',(2.35847234235417,-0.696553906275903,-1.37683029297433));
#3447=CARTESIAN_POINT('Ctrl Pts',(2.36143530860877,-0.645231428473867,-1.40279491081807));
#3448=CARTESIAN_POINT('Ctrl Pts',(2.36439827486338,-0.592504841860141,-1.42586095277187));
#3449=CARTESIAN_POINT('Ctrl Pts',(2.36736124111798,-0.53873607764799,-1.445895030298));
#3450=CARTESIAN_POINT('Ctrl Pts',(2.37032948108761,-0.48487161165753,-1.46596476601479));
#3451=CARTESIAN_POINT('Ctrl Pts',(2.37329772105723,-0.429961765122864,-1.48299161536419));
#3452=CARTESIAN_POINT('Ctrl Pts',(2.37626596102686,-0.374382794324894,-1.49689228848087));
#3453=CARTESIAN_POINT('Ctrl Pts',(2.37747916556156,-0.351666080010658,-1.50257389099047));
#3454=CARTESIAN_POINT('Ctrl Pts',(2.37869237009626,-0.328837682475994,-1.50773383547621));
#3455=CARTESIAN_POINT('Ctrl Pts',(2.37990557463096,-0.305923581776243,-1.51236892394455));
#3456=CARTESIAN_POINT('Ctrl Pts',(2.38287428044516,-0.249852884685354,-1.52371096371749));
#3457=CARTESIAN_POINT('Ctrl Pts',(2.38584298625936,-0.193032481307438,-1.53195445457488));
#3458=CARTESIAN_POINT('Ctrl Pts',(2.38881169207356,-0.135835992896662,-1.53700929829126));
#3459=CARTESIAN_POINT('Ctrl Pts',(2.3917751074696,-0.0787414321808399,-1.54205513396216));
#3460=CARTESIAN_POINT('Ctrl Pts',(2.39473852286565,-0.0212726322513399,
-1.54392355521965));
#3461=CARTESIAN_POINT('Ctrl Pts',(2.3977019382617,0.0361873734480977,-1.54257559750014));
#3462=CARTESIAN_POINT('Ctrl Pts',(2.40066240036643,0.0935901154457812,-1.54122898313325));
#3463=CARTESIAN_POINT('Ctrl Pts',(2.40362286247117,0.150983561432642,-1.53667235252951));
#3464=CARTESIAN_POINT('Ctrl Pts',(2.40658332457591,0.207982122422181,-1.52891871489388));
#3465=CARTESIAN_POINT('Ctrl Pts',(2.40954197939113,0.264945887188081,-1.52116981066388));
#3466=CARTESIAN_POINT('Ctrl Pts',(2.41250063420636,0.32151472869345,-1.51022783828198));
#3467=CARTESIAN_POINT('Ctrl Pts',(2.41545928902158,0.377307870126886,-1.49615766921147));
#3468=CARTESIAN_POINT('Ctrl Pts',(2.41841727995242,0.433088492291388,-1.48209065730735));
#3469=CARTESIAN_POINT('Ctrl Pts',(2.42137527088326,0.488093254094328,-1.46489696978645));
#3470=CARTESIAN_POINT('Ctrl Pts',(2.42433326181411,0.541953466538672,-1.44469216101795));
#3471=CARTESIAN_POINT('Ctrl Pts',(2.42729393579502,0.595862532968747,-1.42446902544763));
#3472=CARTESIAN_POINT('Ctrl Pts',(2.43025460977593,0.648624485176558,-1.40122949338478));
#3473=CARTESIAN_POINT('Ctrl Pts',(2.43321528375684,0.699888976003201,-1.37513796444909));
#3474=CARTESIAN_POINT('Ctrl Pts',(2.43617719319353,0.751174858922261,-1.34903554781338));
#3475=CARTESIAN_POINT('Ctrl Pts',(2.43913910263021,0.800961582022896,-1.32007902374801));
#3476=CARTESIAN_POINT('Ctrl Pts',(2.4421010120669,0.848924748836464,-1.28847808317136));
#3477=CARTESIAN_POINT('Ctrl Pts',(2.44506869473492,0.896981403470328,-1.25681554734882));
#3478=CARTESIAN_POINT('Ctrl Pts',(2.44803637740293,0.943206977792469,-1.222498606292));
#3479=CARTESIAN_POINT('Ctrl Pts',(2.45100406007095,0.987308120917101,-1.18577893149235));
#3480=CARTESIAN_POINT('Ctrl Pts',(2.45377016518054,1.0284137278779,-1.15155341230848));
#3481=CARTESIAN_POINT('Ctrl Pts',(2.45653627029013,1.06767380362572,-1.1152411310352));
#3482=CARTESIAN_POINT('Ctrl Pts',(2.45930237539972,1.10488083910837,-1.07707350323513));
#3483=CARTESIAN_POINT('Ctrl Pts',(2.46227108121372,1.14481306806669,-1.03611032430034));
#3484=CARTESIAN_POINT('Ctrl Pts',(2.46523978702771,1.18254826496245,-0.992837142116167));
#3485=CARTESIAN_POINT('Ctrl Pts',(2.46820849284171,1.21780814377995,-0.94751903671812));
#3486=CARTESIAN_POINT('Ctrl Pts',(2.47117190823755,1.25300518730325,-0.902281690998799));
#3487=CARTESIAN_POINT('Ctrl Pts',(2.47413532363339,1.2857353501351,-0.855007063513243));
#3488=CARTESIAN_POINT('Ctrl Pts',(2.47709873902922,1.31575820752048,-0.805995868067879));
#3489=CARTESIAN_POINT('Ctrl Pts',(2.48005920113375,1.34575114461727,-0.757033516378229));
#3490=CARTESIAN_POINT('Ctrl Pts',(2.48301966323828,1.37304185043869,-0.706338468296148));
#3491=CARTESIAN_POINT('Ctrl Pts',(2.4859801253428,1.39743218513525,-0.654241765670859));
#3492=CARTESIAN_POINT('Ctrl Pts',(2.48893878015782,1.42180763013066,-0.602176866804843));
#3493=CARTESIAN_POINT('Ctrl Pts',(2.49189743497284,1.44328599286736,-0.548712481251474));
#3494=CARTESIAN_POINT('Ctrl Pts',(2.49485608978785,1.46171531956621,-0.49420372777374));
#3495=CARTESIAN_POINT('Ctrl Pts',(2.4978140807185,1.4801405109594,-0.43970720536447));
#3496=CARTESIAN_POINT('Ctrl Pts',(2.50077207164914,1.49551785747248,-0.384167274455361));
#3497=CARTESIAN_POINT('Ctrl Pts',(2.50373006257978,1.50774454538933,-0.327956377966216));
#3498=CARTESIAN_POINT('Ctrl Pts',(2.50669073656049,1.51998232354159,-0.271694495300059));
#3499=CARTESIAN_POINT('Ctrl Pts',(2.50965141054119,1.52906361991638,-0.214760941862611));
#3500=CARTESIAN_POINT('Ctrl Pts',(2.5126120845219,1.53493660778794,-0.157539233438654));
#3501=CARTESIAN_POINT('Ctrl Pts',(2.51557399395838,1.54081204639095,-0.100293647042671));
#3502=CARTESIAN_POINT('Ctrl Pts',(2.51853590339487,1.54347648219999,-0.0427601883908155));
#3503=CARTESIAN_POINT('Ctrl Pts',(2.52149781283135,1.54293021490572,0.0146748741383665));
#3504=CARTESIAN_POINT('Ctrl Pts',(2.52446549549917,1.54238288284984,0.0722218867151362));
#3505=CARTESIAN_POINT('Ctrl Pts',(2.52743317816698,1.53861237513309,0.1296695971659));
#3506=CARTESIAN_POINT('Ctrl Pts',(2.5304008608348,1.53167109856008,0.186635060574781));
#3507=CARTESIAN_POINT('Ctrl Pts',(2.53316696594603,1.5252013028453,0.239731188812395));
#3508=CARTESIAN_POINT('Ctrl Pts',(2.53593307105725,1.5159774537069,0.292408090101787));
#3509=CARTESIAN_POINT('Ctrl Pts',(2.53869917616848,1.50408148248287,0.344365930446283));
#3510=CARTESIAN_POINT('Ctrl Pts',(2.54166788198241,1.49131420231272,0.400129372726132));
#3511=CARTESIAN_POINT('Ctrl Pts',(2.54463658779635,1.4754147043389,0.45529928613109));
#3512=CARTESIAN_POINT('Ctrl Pts',(2.54760529361028,1.45645483013341,0.509498113618736));
#3513=CARTESIAN_POINT('Ctrl Pts',(2.55056870900605,1.43752874360143,0.563600355429301));
#3514=CARTESIAN_POINT('Ctrl Pts',(2.55353212440182,1.41555327635104,0.616734457490626));
#3515=CARTESIAN_POINT('Ctrl Pts',(2.55649553979759,1.39065073975565,0.66853535435088));
#3516=CARTESIAN_POINT('Ctrl Pts',(2.55945600190206,1.3657730206209,0.720284627284652));
#3517=CARTESIAN_POINT('Ctrl Pts',(2.56241646400652,1.33797423646841,0.770702859341832));
#3518=CARTESIAN_POINT('Ctrl Pts',(2.56537692611098,1.30742510892725,0.819444070420037));
#3519=CARTESIAN_POINT('Ctrl Pts',(2.56833558092594,1.27689463087925,0.868155526184245));
#3520=CARTESIAN_POINT('Ctrl Pts',(2.57129423574089,1.24361741422702,0.915191548977284));
#3521=CARTESIAN_POINT('Ctrl Pts',(2.57425289055584,1.20780945364921,0.960231911402444));
#3522=CARTESIAN_POINT('Ctrl Pts',(2.57721088148643,1.1720095279206,1.0052621673453));
#3523=CARTESIAN_POINT('Ctrl Pts',(2.58016887241701,1.13368031027459,1.04829724357031));
#3524=CARTESIAN_POINT('Ctrl Pts',(2.5831268633476,1.09307899617699,1.08904880887713));
#3525=CARTESIAN_POINT('Ctrl Pts',(2.58608753732823,1.05244085459734,1.12983733795158));
#3526=CARTESIAN_POINT('Ctrl Pts',(2.58904821130887,1.00952686663965,1.16833784558837));
#3527=CARTESIAN_POINT('Ctrl Pts',(2.59200888528951,0.964631177383122,1.20429883817118));
#3528=CARTESIAN_POINT('Ctrl Pts',(2.59497079472593,0.919716753663005,1.24027483686965));
#3529=CARTESIAN_POINT('Ctrl Pts',(2.59793270416235,0.872819405331169,1.27370890335779));
#3530=CARTESIAN_POINT('Ctrl Pts',(2.60089461359876,0.82426385384756,1.30439185034267));
#3531=CARTESIAN_POINT('Ctrl Pts',(2.60386229626651,0.775613659891976,1.33513460325831));
#3532=CARTESIAN_POINT('Ctrl Pts',(2.60682997893425,0.725299261284305,1.36311526545709));
#3533=CARTESIAN_POINT('Ctrl Pts',(2.609797661602,0.673670840040651,1.38817023425764));
#3534=CARTESIAN_POINT('Ctrl Pts',(2.61256376671374,0.625549239484871,1.41152336362931));
#3535=CARTESIAN_POINT('Ctrl Pts',(2.61532987182549,0.576286611999484,1.43233511167459));
#3536=CARTESIAN_POINT('Ctrl Pts',(2.61809597693724,0.526179314842813,1.45051174715393));
#3537=CARTESIAN_POINT('Ctrl Pts',(2.62153164002318,0.463943143684085,1.47308818334136));
#3538=CARTESIAN_POINT('Ctrl Pts',(2.62496730310913,0.400188256251694,1.49167840193524));
#3539=CARTESIAN_POINT('Ctrl Pts',(2.62840296619508,0.335396940021733,1.50610686626947));
#3540=CARTESIAN_POINT('Ctrl Pts',(2.63180719230672,0.271198476726464,1.52040330739564));
#3541=CARTESIAN_POINT('Ctrl Pts',(2.63521141841837,0.205982641879308,1.53061370658011));
#3542=CARTESIAN_POINT('Ctrl Pts',(2.63861564453002,0.140239454414693,1.5366137756201));
#3543=CARTESIAN_POINT('Ctrl Pts',(2.64100651544642,0.0940664125233161,1.54082777025314));
#3544=CARTESIAN_POINT('Ctrl Pts',(2.64339738636282,0.0476336868914549,1.54296593528204));
#3545=CARTESIAN_POINT('Ctrl Pts',(2.64578825727922,0.00111654559278281,
1.54299959602261));
#3546=CARTESIAN_POINT('Ctrl Pts',(2.64578827640988,0.00111500050632988,
1.54137820876727));
#3547=CARTESIAN_POINT('Ctrl Pts',(2.66302311017526,-0.333857936631723,1.53913881888145));
#3548=CARTESIAN_POINT('Ctrl Pts',(2.70672354419688,-1.18652274413833,1.26714238941731));
#3549=CARTESIAN_POINT('Ctrl Pts',(2.76575599739216,-1.7182082862909,0.0835310206464005));
#3550=CARTESIAN_POINT('Ctrl Pts',(2.80755361682206,-1.40252695501849,-0.701347477745376));
#3551=CARTESIAN_POINT('Ctrl Pts',(2.82288563599572,-1.22178139682179,-0.938663543411722));
#3552=CARTESIAN_POINT('',(2.60421172358734,-0.0013649667962446,1.54299939626224));
#3553=CARTESIAN_POINT('Ctrl Pts',(2.60421172358734,-0.0013649667962446,
1.54299939626224));
#3554=CARTESIAN_POINT('Ctrl Pts',(2.60846315527937,-0.0836771427787099,
1.54292658133606));
#3555=CARTESIAN_POINT('Ctrl Pts',(2.61271458697139,-0.165707624482488,1.5362638146872));
#3556=CARTESIAN_POINT('Ctrl Pts',(2.61696601866342,-0.246608551461244,1.52316552690316));
#3557=CARTESIAN_POINT('Ctrl Pts',(2.61800882089862,-0.266452141478611,1.51995274477047));
#3558=CARTESIAN_POINT('Ctrl Pts',(2.61905162313382,-0.286227912378261,1.5163529847331));
#3559=CARTESIAN_POINT('Ctrl Pts',(2.62009442536903,-0.305923581776042,1.51236892394459));
#3560=CARTESIAN_POINT('Ctrl Pts',(2.62306313118302,-0.361994278863097,1.50102688417243));
#3561=CARTESIAN_POINT('Ctrl Pts',(2.62603183699702,-0.417551462306872,1.48653851818797));
#3562=CARTESIAN_POINT('Ctrl Pts',(2.62900054281102,-0.472215866853043,1.46896602244308));
#3563=CARTESIAN_POINT('Ctrl Pts',(2.63196395820685,-0.526782856034901,1.45142484197709));
#3564=CARTESIAN_POINT('Ctrl Pts',(2.63492737360269,-0.580459731317107,1.43081059877394));
#3565=CARTESIAN_POINT('Ctrl Pts',(2.63789078899853,-0.63287842878995,1.40723626103521));
#3566=CARTESIAN_POINT('Ctrl Pts',(2.64085125110306,-0.685244886646341,1.38368541709585));
#3567=CARTESIAN_POINT('Ctrl Pts',(2.64381171320759,-0.736355177298677,1.35718053615445));
#3568=CARTESIAN_POINT('Ctrl Pts',(2.64677217531212,-0.785859082285347,1.32788346732295));
#3569=CARTESIAN_POINT('Ctrl Pts',(2.64973083012714,-0.835332766352097,1.29860428363348));
#3570=CARTESIAN_POINT('Ctrl Pts',(2.65268948494216,-0.883201560379725,1.26653655613689));
#3571=CARTESIAN_POINT('Ctrl Pts',(2.65564813975718,-0.929139836495136,1.23188804858144));
#3572=CARTESIAN_POINT('Ctrl Pts',(2.65860613068782,-0.975067804647703,1.19724731570886));
#3573=CARTESIAN_POINT('Ctrl Pts',(2.66156412161846,-1.01906569837854,1.16002726656307));
#3574=CARTESIAN_POINT('Ctrl Pts',(2.6645221125491,-1.06083872567733,1.12047766515147));
#3575=CARTESIAN_POINT('Ctrl Pts',(2.66748278652981,-1.10264964326256,1.0808921902152));
#3576=CARTESIAN_POINT('Ctrl Pts',(2.67044346051051,-1.14223128092552,1.03897329935698));
#3577=CARTESIAN_POINT('Ctrl Pts',(2.67340413449122,-1.17932473063984,0.995008632978266));
#3578=CARTESIAN_POINT('Ctrl Pts',(2.67636604392771,-1.21643365903137,0.951025620641295));
#3579=CARTESIAN_POINT('Ctrl Pts',(2.67932795336419,-1.25105201427823,0.904995548268645));
#3580=CARTESIAN_POINT('Ctrl Pts',(2.68228986280068,-1.28296240171874,0.857237700860196));
#3581=CARTESIAN_POINT('Ctrl Pts',(2.6852575454685,-1.31493498756619,0.809386765831513));
#3582=CARTESIAN_POINT('Ctrl Pts',(2.68822522813631,-1.34418879090108,0.759801776621863));
#3583=CARTESIAN_POINT('Ctrl Pts',(2.69119291080413,-1.37055133802323,0.708828632211442));
#3584=CARTESIAN_POINT('Ctrl Pts',(2.69395901591535,-1.39512322946236,0.66131779932564));
#3585=CARTESIAN_POINT('Ctrl Pts',(2.69672512102657,-1.41718364326613,0.612601544695685));
#3586=CARTESIAN_POINT('Ctrl Pts',(2.69949122613779,-1.43663132617129,0.562973740651668));
#3587=CARTESIAN_POINT('Ctrl Pts',(2.70245993195173,-1.45750343586586,0.509710995935012));
#3588=CARTESIAN_POINT('Ctrl Pts',(2.70542863776566,-1.4754534367947,0.455173753177444));
#3589=CARTESIAN_POINT('Ctrl Pts',(2.7083973435796,-1.49032794710479,0.399714410646436));
#3590=CARTESIAN_POINT('Ctrl Pts',(2.71136075897537,-1.50517595011357,0.344353900108684));
#3591=CARTESIAN_POINT('Ctrl Pts',(2.71432417437115,-1.51695920647496,0.28807505121976));
#3592=CARTESIAN_POINT('Ctrl Pts',(2.71728758976692,-1.52557306839534,0.231248379425328));
#3593=CARTESIAN_POINT('Ctrl Pts',(2.72024805187139,-1.53417834588182,0.174478340162475));
#3594=CARTESIAN_POINT('Ctrl Pts',(2.72320851397585,-1.5396204088952,0.117162073062372));
#3595=CARTESIAN_POINT('Ctrl Pts',(2.72616897608032,-1.54184535744679,0.0596816028586419));
#3596=CARTESIAN_POINT('Ctrl Pts',(2.72912763089527,-1.54406894772186,0.00223622307230179));
#3597=CARTESIAN_POINT('Ctrl Pts',(2.73208628571022,-1.54307929639289,-0.0553726406428767));
#3598=CARTESIAN_POINT('Ctrl Pts',(2.73504494052518,-1.5388744161795,-0.112758730163968));
#3599=CARTESIAN_POINT('Ctrl Pts',(2.73800293145575,-1.53467047948757,-0.170131942978992));
#3600=CARTESIAN_POINT('Ctrl Pts',(2.74096092238632,-1.52725278431118,-0.227281960558101));
#3601=CARTESIAN_POINT('Ctrl Pts',(2.7439189133169,-1.51667135331239,-0.283825661351386));
#3602=CARTESIAN_POINT('Ctrl Pts',(2.74687958729754,-1.50608032441092,-0.340420650192397));
#3603=CARTESIAN_POINT('Ctrl Pts',(2.74984026127817,-1.49231992023583,-0.396407708765451));
#3604=CARTESIAN_POINT('Ctrl Pts',(2.75280093525881,-1.4754914454951,-0.451413329744233));
#3605=CARTESIAN_POINT('Ctrl Pts',(2.75576284469523,-1.45865594842211,-0.506441903946787));
#3606=CARTESIAN_POINT('Ctrl Pts',(2.75872475413165,-1.43875000819932,-0.56048773289163));
#3607=CARTESIAN_POINT('Ctrl Pts',(2.76168666356806,-1.41592402767765,-0.613195032469358));
#3608=CARTESIAN_POINT('Ctrl Pts',(2.76465434623581,-1.39305355569915,-0.666005066934709));
#3609=CARTESIAN_POINT('Ctrl Pts',(2.76762202890356,-1.36725190356284,-0.717470889685086));
#3610=CARTESIAN_POINT('Ctrl Pts',(2.7705897115713,-1.33871619296303,-0.767260030692701));
#3611=CARTESIAN_POINT('Ctrl Pts',(2.77335581668305,-1.31211874849384,-0.813667282703727));
#3612=CARTESIAN_POINT('Ctrl Pts',(2.7761219217948,-1.2831467061702,-0.85861787877395));
#3613=CARTESIAN_POINT('Ctrl Pts',(2.77888802690655,-1.25199208923385,-0.901867400727986));
#3614=CARTESIAN_POINT('Ctrl Pts',(2.77971063753936,-1.24272703309261,-0.914729354697913));
#3615=CARTESIAN_POINT('Ctrl Pts',(2.78053324817217,-1.23325836876182,-0.927456000780066));
#3616=CARTESIAN_POINT('Ctrl Pts',(2.78135585880498,-1.22359027694059,-0.940040336462455));
#3617=CARTESIAN_POINT('Ctrl Pts',(2.28127040807141,-1.223165867796,-0.939722501417358));
#3618=CARTESIAN_POINT('Ctrl Pts',(2.2883493461456,-1.14055275095292,-1.04944282362272));
#3619=CARTESIAN_POINT('Ctrl Pts',(2.32189388447605,-0.682102047193653,-1.51626787608555));
#3620=CARTESIAN_POINT('Ctrl Pts',(2.38190402306275,0.62194971241263,-1.71452076993451));
#3621=CARTESIAN_POINT('Ctrl Pts',(2.46130082383151,1.7778407837668,-0.407044301004021));
#3622=CARTESIAN_POINT('Ctrl Pts',(2.53540330750018,1.33744566783865,1.16107687953734));
#3623=CARTESIAN_POINT('Ctrl Pts',(2.58304019091259,0.408677070783498,1.53973553490339));
#3624=CARTESIAN_POINT('Ctrl Pts',(2.60421147406875,-0.0013605862030475,
1.54351029631518));
#3625=CARTESIAN_POINT('Origin',(-1.10421172359011,0.,0.));
#3626=CARTESIAN_POINT('',(1.78136872018109,-1.2217202931818,-0.938592827678892));
#3627=CARTESIAN_POINT('',(1.82291132533449,-1.22359027694059,-0.940040336462453));
#3628=CARTESIAN_POINT('',(-1.10421172359011,-1.22359027694059,-0.940040336462455));
#3629=CARTESIAN_POINT('',(2.14578827643643,0.000477749164907411,1.5429999260388));
#3630=CARTESIAN_POINT('Ctrl Pts',(1.82291132533449,-1.22359027694059,-0.940040336462453));
#3631=CARTESIAN_POINT('Ctrl Pts',(1.82331687330621,-1.21882657266752,-0.946240945100894));
#3632=CARTESIAN_POINT('Ctrl Pts',(1.82372242127793,-1.21401705702805,-0.952403620699051));
#3633=CARTESIAN_POINT('Ctrl Pts',(1.82412796924966,-1.20916240696188,-0.958527659272356));
#3634=CARTESIAN_POINT('Ctrl Pts',(1.82709667506012,-1.17362523537147,-1.00335705101834));
#3635=CARTESIAN_POINT('Ctrl Pts',(1.83006538087058,-1.1355167780041,-1.04630188597453));
#3636=CARTESIAN_POINT('Ctrl Pts',(1.83303408668105,-1.09506446771424,-1.08705234995824));
#3637=CARTESIAN_POINT('Ctrl Pts',(1.83599750207323,-1.05468424595565,-1.12773019408226));
#3638=CARTESIAN_POINT('Ctrl Pts',(1.83896091746542,-1.0119688261785,-1.16622106141133));
#3639=CARTESIAN_POINT('Ctrl Pts',(1.84192433285761,-0.96718581173948,-1.2022481464198));
#3640=CARTESIAN_POINT('Ctrl Pts',(1.84488479495842,-0.922447427321201,-1.23823932742379));
#3641=CARTESIAN_POINT('Ctrl Pts',(1.84784525705923,-0.87564593520123,-1.27177126520802));
#3642=CARTESIAN_POINT('Ctrl Pts',(1.85080571916004,-0.827084410864707,-1.30260522696041));
#3643=CARTESIAN_POINT('Ctrl Pts',(1.85376437397128,-0.778552532148876,-1.33342036533469));
#3644=CARTESIAN_POINT('Ctrl Pts',(1.85672302878252,-0.728263190732034,-1.361540513281));
#3645=CARTESIAN_POINT('Ctrl Pts',(1.85968168359376,-0.676549231549738,-1.38676967708753));
#3646=CARTESIAN_POINT('Ctrl Pts',(1.86263967452056,-0.624846876320809,-1.41199317979124));
#3647=CARTESIAN_POINT('Ctrl Pts',(1.86559766544737,-0.571721006801143,-1.43432675745674));
#3648=CARTESIAN_POINT('Ctrl Pts',(1.86855565637417,-0.517527916393898,-1.45362094637942));
#3649=CARTESIAN_POINT('Ctrl Pts',(1.87151633035099,-0.463285670064531,-1.47293263612445));
#3650=CARTESIAN_POINT('Ctrl Pts',(1.8744770043278,-0.40797476091427,-1.48919925139352));
#3651=CARTESIAN_POINT('Ctrl Pts',(1.87743767830461,-0.351968966044063,-1.50232048742666));
#3652=CARTESIAN_POINT('Ctrl Pts',(1.88039958773717,-0.295939800589495,-1.51544719880309));
#3653=CARTESIAN_POINT('Ctrl Pts',(1.88336149716973,-0.239215686296144,-1.5254258225945));
#3654=CARTESIAN_POINT('Ctrl Pts',(1.88632340660229,-0.182179776889799,-1.53220740400651));
#3655=CARTESIAN_POINT('Ctrl Pts',(1.88929108926616,-0.125032695448728,-1.53900220379642));
#3656=CARTESIAN_POINT('Ctrl Pts',(1.89225877193003,-0.0675731271607057,
-1.54258747493297));
#3657=CARTESIAN_POINT('Ctrl Pts',(1.8952264545939,-0.0101875734537062,-1.54296636818407));
#3658=CARTESIAN_POINT('Ctrl Pts',(1.89799255973541,0.0433001114289517,-1.54331952540761));
#3659=CARTESIAN_POINT('Ctrl Pts',(1.90075866487691,0.096723153168813,-1.54088765424627));
#3660=CARTESIAN_POINT('Ctrl Pts',(1.90352477001841,0.149773718270139,-1.53571378626212));
#3661=CARTESIAN_POINT('Ctrl Pts',(1.9064934758355,0.206709920315677,-1.5301609633593));
#3662=CARTESIAN_POINT('Ctrl Pts',(1.90946218165258,0.263456818723515,-1.52142580969506));
#3663=CARTESIAN_POINT('Ctrl Pts',(1.91243088746966,0.319630777885109,-1.50953143916533));
#3664=CARTESIAN_POINT('Ctrl Pts',(1.91539430286865,0.37570463156359,-1.49765826514242));
#3665=CARTESIAN_POINT('Ctrl Pts',(1.91835771826764,0.431207066107956,-1.48263715567566));
#3666=CARTESIAN_POINT('Ctrl Pts',(1.92132113366662,0.485760400271229,-1.46454287527827));
#3667=CARTESIAN_POINT('Ctrl Pts',(1.92428159577434,0.540259367474768,-1.4464666273445));
#3668=CARTESIAN_POINT('Ctrl Pts',(1.92724205788205,0.593810615360101,-1.42532343976494));
#3669=CARTESIAN_POINT('Ctrl Pts',(1.93020251998977,0.646049219587096,-1.40123852568751));
#3670=CARTESIAN_POINT('Ctrl Pts',(1.933161174808,0.698255933427938,-1.37716831485917));
#3671=CARTESIAN_POINT('Ctrl Pts',(1.93611982962624,0.749151119019985,-1.35016015537636));
#3672=CARTESIAN_POINT('Ctrl Pts',(1.93907848444448,0.798389621881432,-1.32038744755925));
#3673=CARTESIAN_POINT('Ctrl Pts',(1.94203647537836,0.847617076251738,-1.2906214203575));
#3674=CARTESIAN_POINT('Ctrl Pts',(1.94499446631225,0.895188139476572,-1.25809234626416));
#3675=CARTESIAN_POINT('Ctrl Pts',(1.94795245724613,0.940784039520875,-1.22301855708848));
#3676=CARTESIAN_POINT('Ctrl Pts',(1.95091313123009,0.986421297394184,-1.18791295418012));
#3677=CARTESIAN_POINT('Ctrl Pts',(1.95387380521406,1.03007939652697,-1.15025834174702));
#3678=CARTESIAN_POINT('Ctrl Pts',(1.95683447919802,1.07147139044083,-1.11031439667636));
#3679=CARTESIAN_POINT('Ctrl Pts',(1.95979638863778,1.11288065676596,-1.07035378344885));
#3680=CARTESIAN_POINT('Ctrl Pts',(1.96275829807754,1.15202157642684,-1.02810231605092));
#3681=CARTESIAN_POINT('Ctrl Pts',(1.9657202075173,1.1886452652369,-0.983855392539933));
#3682=CARTESIAN_POINT('Ctrl Pts',(1.96868789018836,1.22534033942559,-0.939522224756702));
#3683=CARTESIAN_POINT('Ctrl Pts',(1.97165557285943,1.25950806633608,-0.893186249436734));
#3684=CARTESIAN_POINT('Ctrl Pts',(1.97462325553049,1.29094152790818,-0.84517392974588));
#3685=CARTESIAN_POINT('Ctrl Pts',(1.97738936061605,1.32023989553998,-0.800422810308027));
#3686=CARTESIAN_POINT('Ctrl Pts',(1.98015546570162,1.34716311484423,-0.754215932777233));
#3687=CARTESIAN_POINT('Ctrl Pts',(1.98292157078718,1.37158043193977,-0.706835284008885));
#3688=CARTESIAN_POINT('Ctrl Pts',(1.98589027660053,1.39778617212889,-0.65598428482836));
#3689=CARTESIAN_POINT('Ctrl Pts',(1.98885898241389,1.42121534137265,-0.603566850627729));
#3690=CARTESIAN_POINT('Ctrl Pts',(1.99182768822725,1.44167934935198,-0.549917860822908));
#3691=CARTESIAN_POINT('Ctrl Pts',(1.99479110362244,1.46210688919794,-0.496364476850404));
#3692=CARTESIAN_POINT('Ctrl Pts',(1.99775451901763,1.4795795711274,-0.441584376926576));
#3693=CARTESIAN_POINT('Ctrl Pts',(2.00071793441282,1.49395543236835,-0.385935442913852));
#3694=CARTESIAN_POINT('Ctrl Pts',(2.0036783965167,1.50831696686111,-0.330341967718555));
#3695=CARTESIAN_POINT('Ctrl Pts',(2.00663885862058,1.51958766528146,-0.273881876680635));
#3696=CARTESIAN_POINT('Ctrl Pts',(2.00959932072445,1.52767487086542,-0.216929686595275));
#3697=CARTESIAN_POINT('Ctrl Pts',(2.01255797553882,1.5357571394087,-0.160012264425251));
#3698=CARTESIAN_POINT('Ctrl Pts',(2.01551663035319,1.54065969420654,-0.102603854383337));
#3699=CARTESIAN_POINT('Ctrl Pts',(2.01847528516756,1.54234108682903,-0.0450884894295347));
#3700=CARTESIAN_POINT('Ctrl Pts',(2.02143327609755,1.54402210216848,0.0124139698104688));
#3701=CARTESIAN_POINT('Ctrl Pts',(2.02439126702753,1.5424833750088,0.0700228148651654));
#3702=CARTESIAN_POINT('Ctrl Pts',(2.02734925795752,1.53773551511255,0.127351818053561));
#3703=CARTESIAN_POINT('Ctrl Pts',(2.03030993193758,1.53298334866292,0.184732821599491));
#3704=CARTESIAN_POINT('Ctrl Pts',(2.03327060591764,1.52501627466731,0.241832954536775));
#3705=CARTESIAN_POINT('Ctrl Pts',(2.0362312798977,1.51389689894309,0.298270312586573));
#3706=CARTESIAN_POINT('Ctrl Pts',(2.03919318933354,1.50277288322909,0.354731221307877));
#3707=CARTESIAN_POINT('Ctrl Pts',(2.04215509876938,1.48849407199337,0.410528296777312));
#3708=CARTESIAN_POINT('Ctrl Pts',(2.04511700820522,1.4711737232927,0.465292247832581));
#3709=CARTESIAN_POINT('Ctrl Pts',(2.0480846908724,1.45381961448488,0.520162942515674));
#3710=CARTESIAN_POINT('Ctrl Pts',(2.05105237353958,1.43341230599424,0.57399599856159));
#3711=CARTESIAN_POINT('Ctrl Pts',(2.05402005620676,1.41011391260116,0.626440542660384));
#3712=CARTESIAN_POINT('Ctrl Pts',(2.05678616132315,1.38839804456683,0.675322831647279));
#3713=CARTESIAN_POINT('Ctrl Pts',(2.05955226643954,1.36417115477561,0.722998749510182));
#3714=CARTESIAN_POINT('Ctrl Pts',(2.06231837155593,1.33759928422828,0.769205534842276));
#3715=CARTESIAN_POINT('Ctrl Pts',(2.06528707736958,1.30908118269053,0.818796691531315));
#3716=CARTESIAN_POINT('Ctrl Pts',(2.06825578318322,1.27774140812962,0.866904195214877));
#3717=CARTESIAN_POINT('Ctrl Pts',(2.07122448899687,1.24375908452381,0.913188008935998));
#3718=CARTESIAN_POINT('Ctrl Pts',(2.07418790439234,1.20983731952964,0.959389342025929));
#3719=CARTESIAN_POINT('Ctrl Pts',(2.07715131978781,1.17328265856317,1.00377301834561));
#3720=CARTESIAN_POINT('Ctrl Pts',(2.08011473518328,1.13431883521331,1.04602570717947));
#3721=CARTESIAN_POINT('Ctrl Pts',(2.08307519728743,1.09539384257259,1.08823628767464));
#3722=CARTESIAN_POINT('Ctrl Pts',(2.08603565939159,1.05406479633932,1.1283197064522));
#3723=CARTESIAN_POINT('Ctrl Pts',(2.08899612149574,1.01059614175174,1.16599504213204));
#3724=CARTESIAN_POINT('Ctrl Pts',(2.09195477631037,0.967154023711861,1.2036473779433));
#3725=CARTESIAN_POINT('Ctrl Pts',(2.09491343112501,0.92157528004026,1.23889420351627));
#3726=CARTESIAN_POINT('Ctrl Pts',(2.09787208593964,0.874160117598561,1.27149246509764));
#3727=CARTESIAN_POINT('Ctrl Pts',(2.10083007686989,0.826755594514254,1.30408341204509));
#3728=CARTESIAN_POINT('Ctrl Pts',(2.10378806780014,0.777515900603887,1.33402667930177));
#3729=CARTESIAN_POINT('Ctrl Pts',(2.10674605873038,0.726771313369841,1.36112176459811));
#3730=CARTESIAN_POINT('Ctrl Pts',(2.10970673271069,0.675980698182766,1.38824142653172));
#3731=CARTESIAN_POINT('Ctrl Pts',(2.11266740669099,0.623682922897368,1.41250749647106));
#3732=CARTESIAN_POINT('Ctrl Pts',(2.11562808067129,0.570232825163387,1.43376550562014));
#3733=CARTESIAN_POINT('Ctrl Pts',(2.11858999010737,0.516760423307985,1.45503238549607));
#3734=CARTESIAN_POINT('Ctrl Pts',(2.12155189954345,0.462135236123374,1.47328853533452));
#3735=CARTESIAN_POINT('Ctrl Pts',(2.12451380897953,0.406728967407374,1.48842888546001));
#3736=CARTESIAN_POINT('Ctrl Pts',(2.12748149164693,0.351214703084854,1.50359874652952));
#3737=CARTESIAN_POINT('Ctrl Pts',(2.13044917431433,0.294916826884212,1.51564056113633));
#3738=CARTESIAN_POINT('Ctrl Pts',(2.13341685698173,0.238218057818747,1.52450029745129));
#3739=CARTESIAN_POINT('Ctrl Pts',(2.13618296209605,0.185370508850551,1.5327582430199));
#3740=CARTESIAN_POINT('Ctrl Pts',(2.13894906721037,0.132175099183108,1.53825221419214));
#3741=CARTESIAN_POINT('Ctrl Pts',(2.14171517232469,0.0789426413372973,1.54097925339009));
#3742=CARTESIAN_POINT('Ctrl Pts',(2.14307287368642,0.0528142848509793,1.54231777983053));
#3743=CARTESIAN_POINT('Ctrl Pts',(2.14443057504815,0.0266515973474609,1.54299182198947));
#3744=CARTESIAN_POINT('Ctrl Pts',(2.14578827640988,0.000477749676688624,
1.54299992603864));
#3745=CARTESIAN_POINT('Ctrl Pts',(2.14578827643643,0.000477749164900216,
1.5429999260388));
#3746=CARTESIAN_POINT('Ctrl Pts',(2.14873335995776,-0.0562977462707922,
1.54301750507109));
#3747=CARTESIAN_POINT('Ctrl Pts',(2.15167844347909,-0.11320006163425,1.53989718526362));
#3748=CARTESIAN_POINT('Ctrl Pts',(2.15462352700042,-0.169850140794132,1.53362313808582));
#3749=CARTESIAN_POINT('Ctrl Pts',(2.15756356449625,-0.226403157258994,1.52735984068874));
#3750=CARTESIAN_POINT('Ctrl Pts',(2.16050360199209,-0.282704271489921,1.5179535931829));
#3751=CARTESIAN_POINT('Ctrl Pts',(2.16344363948793,-0.338375092552566,1.50544056566177));
#3752=CARTESIAN_POINT('Ctrl Pts',(2.16638090563532,-0.393993436990821,1.49293933321449));
#3753=CARTESIAN_POINT('Ctrl Pts',(2.16931817178271,-0.448982149148385,1.47733723567255));
#3754=CARTESIAN_POINT('Ctrl Pts',(2.1722554379301,-0.502970554759593,1.45872191354104));
#3755=CARTESIAN_POINT('Ctrl Pts',(2.17519111409156,-0.556929735642503,1.44011666816074));
#3756=CARTESIAN_POINT('Ctrl Pts',(2.17812679025303,-0.609889181798336,1.4185016030268));
#3757=CARTESIAN_POINT('Ctrl Pts',(2.18106246641449,-0.661493255459166,1.39401422983484));
#3758=CARTESIAN_POINT('Ctrl Pts',(2.18399773147735,-0.713090102722536,1.36953028574217));
#3759=CARTESIAN_POINT('Ctrl Pts',(2.18693299654021,-0.763331475270217,1.34217506077596));
#3760=CARTESIAN_POINT('Ctrl Pts',(2.18986826160307,-0.811883777302746,1.31213327530119));
#3761=CARTESIAN_POINT('Ctrl Pts',(2.1928063254142,-0.860482373509186,1.28206284525997));
#3762=CARTESIAN_POINT('Ctrl Pts',(2.19574438922533,-0.907388231850634,1.24930102116819));
#3763=CARTESIAN_POINT('Ctrl Pts',(2.19868245303646,-0.952295711119854,1.21407655383947));
#3764=CARTESIAN_POINT('Ctrl Pts',(2.2016220465532,-0.997226571509386,1.1788337468595));
#3765=CARTESIAN_POINT('Ctrl Pts',(2.20456164006995,-1.0401565833469,1.14112609606579));
#3766=CARTESIAN_POINT('Ctrl Pts',(2.2075012335867,-1.08081481422317,1.10122129354446));
#3767=CARTESIAN_POINT('Ctrl Pts',(2.21044614313879,-1.12154657247351,1.06124432616797));
#3768=CARTESIAN_POINT('Ctrl Pts',(2.21339105269087,-1.15999799376076,1.01906267048955));
#3769=CARTESIAN_POINT('Ctrl Pts',(2.21633596224296,-1.19593740846651,0.974978315159067));
#3770=CARTESIAN_POINT('Ctrl Pts',(2.21792796585979,-1.21536607925802,0.951146529533595));
#3771=CARTESIAN_POINT('Ctrl Pts',(2.21951996947662,-1.23406136684985,0.926759222475725));
#3772=CARTESIAN_POINT('Ctrl Pts',(2.22111197309345,-1.25199208923379,0.90186740072807));
#3773=CARTESIAN_POINT('Ctrl Pts',(2.22408067890738,-1.28542859605233,0.855450109234187));
#3774=CARTESIAN_POINT('Ctrl Pts',(2.22704938472132,-1.31635066353958,0.80707305761612));
#3775=CARTESIAN_POINT('Ctrl Pts',(2.23001809053525,-1.34452225914193,0.757039559515805));
#3776=CARTESIAN_POINT('Ctrl Pts',(2.23298150593102,-1.37264365121103,0.707095224216943));
#3777=CARTESIAN_POINT('Ctrl Pts',(2.2359449213268,-1.39802404590302,0.655500752342343));
#3778=CARTESIAN_POINT('Ctrl Pts',(2.23890833672257,-1.42047012456421,0.602589101478383));
#3779=CARTESIAN_POINT('Ctrl Pts',(2.24186879882703,-1.44289383383057,0.549730181500208));
#3780=CARTESIAN_POINT('Ctrl Pts',(2.24482926093149,-1.46238881791232,0.495557161279999));
#3781=CARTESIAN_POINT('Ctrl Pts',(2.24778972303595,-1.47880806257436,0.440426740860579));
#3782=CARTESIAN_POINT('Ctrl Pts',(2.2507483778509,-1.4952172836902,0.385329976210789));
#3783=CARTESIAN_POINT('Ctrl Pts',(2.25370703266585,-1.50855433864082,0.32927746909875));
#3784=CARTESIAN_POINT('Ctrl Pts',(2.2566656874808,-1.5187214516045,0.272642902780033));
#3785=CARTESIAN_POINT('Ctrl Pts',(2.25962367841138,-1.52888628319781,0.216021044535076));
#3786=CARTESIAN_POINT('Ctrl Pts',(2.26258166934195,-1.53588249272931,0.158817899838145));
#3787=CARTESIAN_POINT('Ctrl Pts',(2.26553966027253,-1.53966346585386,0.101417019848221));
#3788=CARTESIAN_POINT('Ctrl Pts',(2.26850033425317,-1.54344786851569,0.0439640743049448));
#3789=CARTESIAN_POINT('Ctrl Pts',(2.27146100823381,-1.54401117132633,-0.0136864429578377));
#3790=CARTESIAN_POINT('Ctrl Pts',(2.27442168221444,-1.54135882373,-0.071147568543641));
#3791=CARTESIAN_POINT('Ctrl Pts',(2.27738359165086,-1.538705369339,-0.128632672007546));
#3792=CARTESIAN_POINT('Ctrl Pts',(2.28034550108728,-1.53283364166941,-0.185927705794624));
#3793=CARTESIAN_POINT('Ctrl Pts',(2.2833074105237,-1.52380105062427,-0.242650691563736));
#3794=CARTESIAN_POINT('Ctrl Pts',(2.28627509319145,-1.51475085362639,-0.299484239429828));
#3795=CARTESIAN_POINT('Ctrl Pts',(2.28924277585919,-1.50252759175068,-0.355742999045113));
#3796=CARTESIAN_POINT('Ctrl Pts',(2.29221045852693,-1.48723971786518,-0.411055983540333));
#3797=CARTESIAN_POINT('Ctrl Pts',(2.29497656363869,-1.47299026102054,-0.462611876231211));
#3798=CARTESIAN_POINT('Ctrl Pts',(2.29774266875045,-1.45607900908024,-0.513345936597954));
#3799=CARTESIAN_POINT('Ctrl Pts',(2.30050877386221,-1.4366313261713,-0.562973740651621));
#3800=CARTESIAN_POINT('Ctrl Pts',(2.3034772344608,-1.41576094051473,-0.616232085861126));
#3801=CARTESIAN_POINT('Ctrl Pts',(2.30644569505939,-1.39188102217863,-0.668440471114328));
#3802=CARTESIAN_POINT('Ctrl Pts',(2.30941415565798,-1.36511841502879,-0.719236201083677));
#3803=CARTESIAN_POINT('Ctrl Pts',(2.31237768553909,-1.33840026151085,-0.769947557558718));
#3804=CARTESIAN_POINT('Ctrl Pts',(2.3153412154202,-1.30880915900866,-0.819250455673014));
#3805=CARTESIAN_POINT('Ctrl Pts',(2.31830474530132,-1.27652007020441,-0.866801886456955));
#3806=CARTESIAN_POINT('Ctrl Pts',(2.31985711564295,-1.2596062458703,-0.89171050348207));
#3807=CARTESIAN_POINT('Ctrl Pts',(2.32140948598458,-1.24195290967571,-0.9161388739377));
#3808=CARTESIAN_POINT('Ctrl Pts',(2.32296185632621,-1.22359027694059,-0.940040336462454));
#3809=CARTESIAN_POINT('',(2.10421172358734,-2.09411909209839E-5,1.54046639244716));
#3810=CARTESIAN_POINT('Ctrl Pts',(2.10421172358734,-2.09411909209839E-5,
1.54046639244716));
#3811=CARTESIAN_POINT('Ctrl Pts',(2.11737902264372,-0.256317587126305,1.54049740756442));
#3812=CARTESIAN_POINT('Ctrl Pts',(2.15701192195635,-1.02771600628659,1.35850384445969));
#3813=CARTESIAN_POINT('Ctrl Pts',(2.21603148345105,-1.73379600221581,0.270229373336644));
#3814=CARTESIAN_POINT('Ctrl Pts',(2.26188374588935,-1.4494134449407,-0.639238050387011));
#3815=CARTESIAN_POINT('Ctrl Pts',(2.28127040807141,-1.223165867796,-0.939722501417358));
#3816=CARTESIAN_POINT('Ctrl Pts',(1.78136872018109,-1.2217202931818,-0.938592827678892));
#3817=CARTESIAN_POINT('Ctrl Pts',(1.79628795268121,-1.04406788137822,-1.16821197150565));
#3818=CARTESIAN_POINT('Ctrl Pts',(1.83767278543758,-0.379315586830531,-1.67452265221615));
#3819=CARTESIAN_POINT('Ctrl Pts',(1.9055232184502,1.09619891605223,-1.45765251301414));
#3820=CARTESIAN_POINT('Ctrl Pts',(1.98492001921896,1.8191525633238,0.130716747900417));
#3821=CARTESIAN_POINT('Ctrl Pts',(2.05114952093134,1.03285734632357,1.35583504094278));
#3822=CARTESIAN_POINT('Ctrl Pts',(2.09091342238747,0.258825613411676,1.54043506875887));
#3823=CARTESIAN_POINT('Ctrl Pts',(2.10421172358734,-2.09411909209839E-5,
1.54046639244716));
#3824=CARTESIAN_POINT('Origin',(-1.10421172359011,0.,0.));
#3825=CARTESIAN_POINT('',(1.28138446905757,-1.22359027694059,-0.940040336462455));
#3826=CARTESIAN_POINT('',(1.32285335518964,-1.22264405043227,-0.939327907394436));
#3827=CARTESIAN_POINT('',(-1.10421172359011,-1.22359027694059,-0.940040336462455));
#3828=CARTESIAN_POINT('',(1.64578828292424,-0.00141190504619648,1.54299935402583));
#3829=CARTESIAN_POINT('Ctrl Pts',(1.32285335518963,-1.22264405043239,-0.939327907394278));
#3830=CARTESIAN_POINT('Ctrl Pts',(1.33115129167212,-1.12556056599045,-1.06797299419345));
#3831=CARTESIAN_POINT('Ctrl Pts',(1.36591482841086,-0.638248602588732,-1.54324736061474));
#3832=CARTESIAN_POINT('Ctrl Pts',(1.42714396540586,0.700191729948741,-1.68408258056634));
#3833=CARTESIAN_POINT('Ctrl Pts',(1.50654076617462,1.79468903382789,-0.324798140532517));
#3834=CARTESIAN_POINT('Ctrl Pts',(1.57942220317596,1.29103492354798,1.19591709162539));
#3835=CARTESIAN_POINT('Ctrl Pts',(1.62583803992105,0.385437845277557,1.53927842512741));
#3836=CARTESIAN_POINT('Ctrl Pts',(1.64578827640988,-0.00141158959936749,
1.54279266380517));
#3837=CARTESIAN_POINT('Ctrl Pts',(1.64578828292424,-0.00141190504619648,
1.54299935402583));
#3838=CARTESIAN_POINT('Ctrl Pts',(1.6496567585672,-0.0764337930969803,1.54293070605003));
#3839=CARTESIAN_POINT('Ctrl Pts',(1.65352523421015,-0.151211735354314,1.53738685246806));
#3840=CARTESIAN_POINT('Ctrl Pts',(1.6573937098531,-0.225074549424411,1.52649613402766));
#3841=CARTESIAN_POINT('Ctrl Pts',(1.66004059580611,-0.275612917261409,1.5190444935577));
#3842=CARTESIAN_POINT('Ctrl Pts',(1.66268748175912,-0.325723489518569,1.50909069039102));
#3843=CARTESIAN_POINT('Ctrl Pts',(1.66533436771213,-0.375197558845748,1.49668827477073));
#3844=CARTESIAN_POINT('Ctrl Pts',(1.66830307354632,-0.430686900230195,1.4827779196351));
#3845=CARTESIAN_POINT('Ctrl Pts',(1.6712717793805,-0.485518480406621,1.46574820312396));
#3846=CARTESIAN_POINT('Ctrl Pts',(1.67424048521468,-0.539316298162636,1.44567870930444));
#3847=CARTESIAN_POINT('Ctrl Pts',(1.67720390063111,-0.593018244873838,1.42564498056651));
#3848=CARTESIAN_POINT('Ctrl Pts',(1.68016731604754,-0.645689600635097,1.40258240717654));
#3849=CARTESIAN_POINT('Ctrl Pts',(1.68313073146397,-0.69696789019004,1.37662077568372));
#3850=CARTESIAN_POINT('Ctrl Pts',(1.68609119358932,-0.748195076644795,1.35068501712595));
#3851=CARTESIAN_POINT('Ctrl Pts',(1.68905165571468,-0.79803148413141,1.32185615905424));
#3852=CARTESIAN_POINT('Ctrl Pts',(1.69201211784003,-0.846134713398834,1.29031199590699));
#3853=CARTESIAN_POINT('Ctrl Pts',(1.69497077267607,-0.894208576827909,1.25878708969549));
#3854=CARTESIAN_POINT('Ctrl Pts',(1.69792942751211,-0.940550923777582,1.22455044980276));
#3855=CARTESIAN_POINT('Ctrl Pts',(1.70088808234815,-0.984846032490571,1.18782460501859));
#3856=CARTESIAN_POINT('Ctrl Pts',(1.70384607329998,-1.02913120194902,1.15110700104318));
#3857=CARTESIAN_POINT('Ctrl Pts',(1.7068040642518,-1.07136964355353,1.1119016340018));
#3858=CARTESIAN_POINT('Ctrl Pts',(1.70976205520363,-1.11127837156149,1.07047156940278));
#3859=CARTESIAN_POINT('Ctrl Pts',(1.7127227292056,-1.15122329884131,1.02900392560125));
#3860=CARTESIAN_POINT('Ctrl Pts',(1.71568340320757,-1.18883392590748,0.985307927784666));
#3861=CARTESIAN_POINT('Ctrl Pts',(1.71864407720955,-1.22386485602767,0.939682826373008));
#3862=CARTESIAN_POINT('Ctrl Pts',(1.72160598666738,-1.25891040415982,0.894038686121224));
#3863=CARTESIAN_POINT('Ctrl Pts',(1.72456789612522,-1.29137381356438,0.846464268884892));
#3864=CARTESIAN_POINT('Ctrl Pts',(1.72752980558305,-1.32105261315337,0.797288525742497));
#3865=CARTESIAN_POINT('Ctrl Pts',(1.73049748827207,-1.35078926142875,0.748016931279221));
#3866=CARTESIAN_POINT('Ctrl Pts',(1.73346517096109,-1.37773020767859,0.697138236101981));
#3867=CARTESIAN_POINT('Ctrl Pts',(1.73643285365011,-1.40171907894055,0.645005909844289));
#3868=CARTESIAN_POINT('Ctrl Pts',(1.73919895859371,-1.42407852310704,0.596414634936055));
#3869=CARTESIAN_POINT('Ctrl Pts',(1.7419650635373,-1.44387367811838,0.546734791829723));
#3870=CARTESIAN_POINT('Ctrl Pts',(1.7447311684809,-1.4610169217841,0.496264601055237));
#3871=CARTESIAN_POINT('Ctrl Pts',(1.74769990470088,-1.47941599536811,0.44209721173463));
#3872=CARTESIAN_POINT('Ctrl Pts',(1.75066864092086,-1.49483734348243,0.386791124533201));
#3873=CARTESIAN_POINT('Ctrl Pts',(1.75363737714084,-1.50714395991337,0.330705434029494));
#3874=CARTESIAN_POINT('Ctrl Pts',(1.75660079183837,-1.51942851647417,0.274720278311807));
#3875=CARTESIAN_POINT('Ctrl Pts',(1.75956420653591,-1.52860931239046,0.217958798660064));
#3876=CARTESIAN_POINT('Ctrl Pts',(1.76252762123345,-1.53459886215099,0.160795933670254));
#3877=CARTESIAN_POINT('Ctrl Pts',(1.76548806911087,-1.54058241547884,0.103690297234433));
#3878=CARTESIAN_POINT('Ctrl Pts',(1.76844851698828,-1.54338099862529,0.0461845880940828));
#3879=CARTESIAN_POINT('Ctrl Pts',(1.7714089648657,-1.54295835011538,-0.0113370988009135));
#3880=CARTESIAN_POINT('Ctrl Pts',(1.77436759195157,-1.54253596155088,-0.0688234076025975));
#3881=CARTESIAN_POINT('Ctrl Pts',(1.77732621903744,-1.53889627256766,-0.126325153847859));
#3882=CARTESIAN_POINT('Ctrl Pts',(1.78028484612331,-1.53205507288522,-0.183456408028346));
#3883=CARTESIAN_POINT('Ctrl Pts',(1.78324279582774,-1.52521543950415,-0.240574581935488));
#3884=CARTESIAN_POINT('Ctrl Pts',(1.78620074553218,-1.51517581286787,-0.297321914262653));
#3885=CARTESIAN_POINT('Ctrl Pts',(1.78915869523661,-1.50200379021367,-0.35331800716035));
#3886=CARTESIAN_POINT('Ctrl Pts',(1.79211917623553,-1.48882049547187,-0.409362019263886));
#3887=CARTESIAN_POINT('Ctrl Pts',(1.79507965723444,-1.47249956765474,-0.464652998061389));
#3888=CARTESIAN_POINT('Ctrl Pts',(1.79804013823335,-1.45315936702398,-0.518822565074471));
#3889=CARTESIAN_POINT('Ctrl Pts',(1.80100184921426,-1.43381113117912,-0.573014637752188));
#3890=CARTESIAN_POINT('Ctrl Pts',(1.80396356019518,-1.41144132389008,-0.626083887579878));
#3891=CARTESIAN_POINT('Ctrl Pts',(1.80692527117609,-1.38621652269375,-0.677681896032974));
#3892=CARTESIAN_POINT('Ctrl Pts',(1.80989238545775,-1.36094570175142,-0.729374039112725));
#3893=CARTESIAN_POINT('Ctrl Pts',(1.81285949973941,-1.33280973622403,-0.779589121550728));
#3894=CARTESIAN_POINT('Ctrl Pts',(1.81582661402107,-1.30202070671522,-0.828004274919399));
#3895=CARTESIAN_POINT('Ctrl Pts',(1.81818818445888,-1.2775152596732,-0.866538616398656));
#3896=CARTESIAN_POINT('Ctrl Pts',(1.82054975489668,-1.25133008571835,-0.903933204685129));
#3897=CARTESIAN_POINT('Ctrl Pts',(1.82291132533449,-1.22359027694059,-0.940040336462453));
#3898=CARTESIAN_POINT('',(1.60421172358734,0.00137562658873593,1.54299938679556));
#3899=CARTESIAN_POINT('Ctrl Pts',(1.60421193610507,0.00137189706165735,
1.5434333968894));
#3900=CARTESIAN_POINT('Ctrl Pts',(1.62525222945136,-0.406181021663742,1.53967309998271));
#3901=CARTESIAN_POINT('Ctrl Pts',(1.67275812305389,-1.33248736644279,1.16489982068053));
#3902=CARTESIAN_POINT('Ctrl Pts',(1.73181038441257,-1.6896054197187,-0.0829873169198049));
#3903=CARTESIAN_POINT('Ctrl Pts',(1.76982235242496,-1.35920994484003,-0.760884820349908));
#3904=CARTESIAN_POINT('Ctrl Pts',(1.78136872018109,-1.2217202931818,-0.938592827678892));
#3905=CARTESIAN_POINT('Ctrl Pts',(1.28138446905757,-1.22359027694059,-0.940040336462455));
#3906=CARTESIAN_POINT('Ctrl Pts',(1.28434707110108,-1.18865449887829,-0.985514000406764));
#3907=CARTESIAN_POINT('Ctrl Pts',(1.28730967314458,-1.15112756435352,-1.02910613567779));
#3908=CARTESIAN_POINT('Ctrl Pts',(1.29027227518808,-1.11124184627466,-1.07050948575344));
#3909=CARTESIAN_POINT('Ctrl Pts',(1.29323219860717,-1.07139219070322,-1.11187540116095));
#3910=CARTESIAN_POINT('Ctrl Pts',(1.29619212202626,-1.02918833787724,-1.15105607823535));
#3911=CARTESIAN_POINT('Ctrl Pts',(1.29915204544535,-0.984902426987719,-1.18777784510139));
#3912=CARTESIAN_POINT('Ctrl Pts',(1.30211043549974,-0.940639458060758,-1.22448058854928));
#3913=CARTESIAN_POINT('Ctrl Pts',(1.30506882555413,-0.894296970626627,-1.25872661460066));
#3914=CARTESIAN_POINT('Ctrl Pts',(1.30802721560853,-0.84618175859113,-1.29028114433546));
#3915=CARTESIAN_POINT('Ctrl Pts',(1.31098521528375,-0.798072895676692,-1.32183151024097));
#3916=CARTESIAN_POINT('Ctrl Pts',(1.31394321495897,-0.748192209569559,-1.35069079986249));
#3917=CARTESIAN_POINT('Ctrl Pts',(1.31690121463419,-0.696875320270715,-1.37666763890112));
#3918=CARTESIAN_POINT('Ctrl Pts',(1.3198620890042,-0.645508559298337,-1.4026697232041));
#3919=CARTESIAN_POINT('Ctrl Pts',(1.32282296337421,-0.592703274398794,-1.42578352633716));
#3920=CARTESIAN_POINT('Ctrl Pts',(1.32578383774422,-0.538818268776703,-1.44586440347374));
#3921=CARTESIAN_POINT('Ctrl Pts',(1.32874619307404,-0.48490631114058,-1.46595532459336));
#3922=CARTESIAN_POINT('Ctrl Pts',(1.33170854840385,-0.429914056232589,-1.48301014312051));
#3923=CARTESIAN_POINT('Ctrl Pts',(1.33467090373367,-0.374215719276922,-1.49693406516321));
#3924=CARTESIAN_POINT('Ctrl Pts',(1.33763879606074,-0.318413275451988,-1.5108840126855));
#3925=CARTESIAN_POINT('Ctrl Pts',(1.34060668838782,-0.26190262747132,-1.52169127863223));
#3926=CARTESIAN_POINT('Ctrl Pts',(1.34357458071489,-0.205067318377283,-1.52931239285293));
#3927=CARTESIAN_POINT('Ctrl Pts',(1.34563159149956,-0.165675443311697,-1.53459449625005));
#3928=CARTESIAN_POINT('Ctrl Pts',(1.34768860228423,-0.126127764917542,-1.53834715559694));
#3929=CARTESIAN_POINT('Ctrl Pts',(1.34974561306889,-0.0865520078760989,
-1.54057059232371));
#3930=CARTESIAN_POINT('Ctrl Pts',(1.35271431971518,-0.02943572349064,-1.5437794872102));
#3931=CARTESIAN_POINT('Ctrl Pts',(1.35568302636147,0.0279795542523936,-1.54381447595688));
#3932=CARTESIAN_POINT('Ctrl Pts',(1.35865173300777,0.0853111606188349,-1.54063980406644));
#3933=CARTESIAN_POINT('Ctrl Pts',(1.36161514925043,0.142540598810959,-1.53747078962137));
#3934=CARTESIAN_POINT('Ctrl Pts',(1.3645785654931,0.199686144754439,-1.53110349574303));
#3935=CARTESIAN_POINT('Ctrl Pts',(1.36754198173576,0.256363129007179,-1.52155412197058));
#3936=CARTESIAN_POINT('Ctrl Pts',(1.37050244469538,0.312983630078595,-1.51201426491848));
#3937=CARTESIAN_POINT('Ctrl Pts',(1.37346290765499,0.369135982535943,-1.49929869707035));
#3938=CARTESIAN_POINT('Ctrl Pts',(1.37642337061461,0.424440418544506,-1.48347542315529));
#3939=CARTESIAN_POINT('Ctrl Pts',(1.37938202629149,0.479711092687458,-1.46766180892191));
#3940=CARTESIAN_POINT('Ctrl Pts',(1.38234068196836,0.534134375664413,-1.44874439249292));
#3941=CARTESIAN_POINT('Ctrl Pts',(1.38529933764524,0.587342677325778,-1.42684182003184));
#3942=CARTESIAN_POINT('Ctrl Pts',(1.38825732944303,0.640539039822086,-1.40494416218784));
#3943=CARTESIAN_POINT('Ctrl Pts',(1.39121532124083,0.69252047982926,-1.38006287666362));
#3944=CARTESIAN_POINT('Ctrl Pts',(1.39417331303862,0.742938617154653,-1.35236504359597));
#3945=CARTESIAN_POINT('Ctrl Pts',(1.39713398788782,0.793402486335805,-1.32464208716253));
#3946=CARTESIAN_POINT('Ctrl Pts',(1.40009466273702,0.842299760098803,-1.29409772884009));
#3947=CARTESIAN_POINT('Ctrl Pts',(1.40305533758622,0.889307195240882,-1.2609447698027));
#3948=CARTESIAN_POINT('Ctrl Pts',(1.40601724789338,0.936334246083004,-1.22777797639001));
#3949=CARTESIAN_POINT('Ctrl Pts',(1.40897915820053,0.981469475558937,-1.1920007362156));
#3950=CARTESIAN_POINT('Ctrl Pts',(1.41194106850769,1.02442180001229,-1.15386696618786));
#3951=CARTESIAN_POINT('Ctrl Pts',(1.41490875203844,1.06745784522256,-1.11565886751478));
#3952=CARTESIAN_POINT('Ctrl Pts',(1.41787643556919,1.10830211056908,-1.07508542863166));
#3953=CARTESIAN_POINT('Ctrl Pts',(1.42084411909993,1.14670024114434,-1.03243767703407));
#3954=CARTESIAN_POINT('Ctrl Pts',(1.42361021734584,1.18249010907661,-0.992686851292842));
#3955=CARTESIAN_POINT('Ctrl Pts',(1.42637631559174,1.21615506453157,-0.951134573152751));
#3956=CARTESIAN_POINT('Ctrl Pts',(1.42914241383765,1.24752281788427,-0.908039546968131));
#3957=CARTESIAN_POINT('Ctrl Pts',(1.43211111964043,1.28118815552594,-0.861787952508402));
#3958=CARTESIAN_POINT('Ctrl Pts',(1.43507982544321,1.31234876302363,-0.813564203932963));
#3959=CARTESIAN_POINT('Ctrl Pts',(1.43804853124599,1.34076711275631,-0.763670445513711));
#3960=CARTESIAN_POINT('Ctrl Pts',(1.44101194663441,1.36913481926073,-0.713865600807609));
#3961=CARTESIAN_POINT('Ctrl Pts',(1.44397536202283,1.39476971122315,-0.662397102874116));
#3962=CARTESIAN_POINT('Ctrl Pts',(1.44693877741125,1.41747682800199,-0.60959695051518));
#3963=CARTESIAN_POINT('Ctrl Pts',(1.44989923951068,1.44016131525737,-0.556849417883285));
#3964=CARTESIAN_POINT('Ctrl Pts',(1.4528597016101,1.45992360289785,-0.502773337144789));
#3965=CARTESIAN_POINT('Ctrl Pts',(1.45582016370953,1.47661491688152,-0.447724677947256));
#3966=CARTESIAN_POINT('Ctrl Pts',(1.45877881852177,1.49329604124045,-0.392709624562916));
#3967=CARTESIAN_POINT('Ctrl Pts',(1.46173747333401,1.50690975696176,-0.336723668081751));
#3968=CARTESIAN_POINT('Ctrl Pts',(1.46469612814625,1.5173564439434,-0.280140004325409));
#3969=CARTESIAN_POINT('Ctrl Pts',(1.46765411907645,1.52780078683007,-0.223569037176313));
#3970=CARTESIAN_POINT('Ctrl Pts',(1.47061211000665,1.53507941706479,-0.16640114201501));
#3971=CARTESIAN_POINT('Ctrl Pts',(1.47357010093685,1.53914382666471,-0.109019635111828));
#3972=CARTESIAN_POINT('Ctrl Pts',(1.47653077492083,1.54321192289849,-0.0515860801556215));
#3973=CARTESIAN_POINT('Ctrl Pts',(1.4794914489048,1.5440599343089,0.00606095192888013));
#3974=CARTESIAN_POINT('Ctrl Pts',(1.48245212288878,1.54169139921587,0.0635344755532102));
#3975=CARTESIAN_POINT('Ctrl Pts',(1.48541403233057,1.53932187575829,0.121031982268662));
#3976=CARTESIAN_POINT('Ctrl Pts',(1.48837594177236,1.53373317960491,0.178355315485519));
#3977=CARTESIAN_POINT('Ctrl Pts',(1.49133785121416,1.52498083352001,0.235122217998647));
#3978=CARTESIAN_POINT('Ctrl Pts',(1.49430553389069,1.51621142771419,0.291999768274714));
#3979=CARTESIAN_POINT('Ctrl Pts',(1.49727321656722,1.50426615708324,0.348318207905072));
#3980=CARTESIAN_POINT('Ctrl Pts',(1.50024089924376,1.48925164101642,0.403706018941881));
#3981=CARTESIAN_POINT('Ctrl Pts',(1.50300700436464,1.47525697436677,0.455331655656656));
#3982=CARTESIAN_POINT('Ctrl Pts',(1.50577310948553,1.45859648638436,0.506148615697078));
#3983=CARTESIAN_POINT('Ctrl Pts',(1.50853921460641,1.43939413501037,0.555871859422429));
#3984=CARTESIAN_POINT('Ctrl Pts',(1.51150792019668,1.41878532754321,0.609237030000778));
#3985=CARTESIAN_POINT('Ctrl Pts',(1.51447662578694,1.39516134038266,0.661566945597977));
#3986=CARTESIAN_POINT('Ctrl Pts',(1.51744533137721,1.36864725760707,0.712498199467656));
#3987=CARTESIAN_POINT('Ctrl Pts',(1.52040874654313,1.34218042463272,0.763338690566375));
#3988=CARTESIAN_POINT('Ctrl Pts',(1.52337216170904,1.31283395738191,0.812785007909696));
#3989=CARTESIAN_POINT('Ctrl Pts',(1.52633557687496,1.28078110527079,0.860493323844723));
#3990=CARTESIAN_POINT('Ctrl Pts',(1.52929603874597,1.24876019654925,0.908154094390747));
#3991=CARTESIAN_POINT('Ctrl Pts',(1.53225650061697,1.21403853617464,0.95407986408089));
#3992=CARTESIAN_POINT('Ctrl Pts',(1.53521696248797,1.17683455778204,0.997952615914178));
#3993=CARTESIAN_POINT('Ctrl Pts',(1.53817561706627,1.13965329154785,1.0417985844589));
#3994=CARTESIAN_POINT('Ctrl Pts',(1.54113427164456,1.0999930480087,1.08359362223273));
#3995=CARTESIAN_POINT('Ctrl Pts',(1.54409292622285,1.05811338678777,1.12305167321033));
#3996=CARTESIAN_POINT('Ctrl Pts',(1.54705091691397,1.01624312286867,1.16250087026686));
#3997=CARTESIAN_POINT('Ctrl Pts',(1.55000890760508,0.972154809642785,1.19961376384207));
#3998=CARTESIAN_POINT('Ctrl Pts',(1.5529668982962,0.926144223938901,1.23414175703791));
#3999=CARTESIAN_POINT('Ctrl Pts',(1.55592757203488,0.880091904300311,1.26870106887469));
#4000=CARTESIAN_POINT('Ctrl Pts',(1.55888824577357,0.83211424566995,1.30067048001602));
#4001=CARTESIAN_POINT('Ctrl Pts',(1.56184891951226,0.782538328094854,1.32984313550979));
#4002=CARTESIAN_POINT('Ctrl Pts',(1.56481082870497,0.732941723077656,1.35902796440652));
#4003=CARTESIAN_POINT('Ctrl Pts',(1.56777273789768,0.681745993961709,1.3854134704341));
#4004=CARTESIAN_POINT('Ctrl Pts',(1.57073464709038,0.629302434369717,1.40883904194069));
#4005=CARTESIAN_POINT('Ctrl Pts',(1.57370232951461,0.57675665394941,1.4323102736073));
#4006=CARTESIAN_POINT('Ctrl Pts',(1.57667001193883,0.522958671801255,1.45280985419696));
#4007=CARTESIAN_POINT('Ctrl Pts',(1.57963769436305,0.468278463147623,1.47022592854027));
#4008=CARTESIAN_POINT('Ctrl Pts',(1.58240380136709,0.417312326439564,1.48645904190531));
#4009=CARTESIAN_POINT('Ctrl Pts',(1.58516990837113,0.365580234058914,1.50001374249835));
#4010=CARTESIAN_POINT('Ctrl Pts',(1.58793601537517,0.313388900391659,1.51083963315479));
#4011=CARTESIAN_POINT('Ctrl Pts',(1.59213611119204,0.234140844588724,1.52727781793712));
#4012=CARTESIAN_POINT('Ctrl Pts',(1.59633620700891,0.153559055405118,1.53748515987001));
#4013=CARTESIAN_POINT('Ctrl Pts',(1.60053630282579,0.0724574889421707,1.54129780130129));
#4014=CARTESIAN_POINT('Ctrl Pts',(1.60176144307964,0.048800696798332,1.54240992366578));
#4015=CARTESIAN_POINT('Ctrl Pts',(1.60298658333349,0.0250998464547027,1.54297823599802));
#4016=CARTESIAN_POINT('Ctrl Pts',(1.60421172358734,0.00137562658873593,
1.54299938679556));
#4017=CARTESIAN_POINT('Origin',(-1.10421172359011,0.,0.));
#4018=CARTESIAN_POINT('',(0.781278131379756,-1.22448425190564,-0.940714952240341));
#4019=CARTESIAN_POINT('',(0.822962487132386,-1.22197812240567,-0.938786059109143));
#4020=CARTESIAN_POINT('',(-1.10421172359011,-1.22359027694059,-0.940040336462455));
#4021=CARTESIAN_POINT('',(1.14578827640988,0.00036544145129852,1.54054581008983));
#4022=CARTESIAN_POINT('Ctrl Pts',(0.822962487132389,-1.22197812240564,-0.938786059109183));
#4023=CARTESIAN_POINT('Ctrl Pts',(0.839097111429775,-1.02939596358012,-1.18655154213408));
#4024=CARTESIAN_POINT('Ctrl Pts',(0.881697335983416,-0.328078130287207,
-1.69530133461208));
#4025=CARTESIAN_POINT('Ctrl Pts',(0.950763160793311,1.16211814335522,-1.40566184296823));
#4026=CARTESIAN_POINT('Ctrl Pts',(1.03015996156207,1.81120938927832,0.21429426859366));
#4027=CARTESIAN_POINT('Ctrl Pts',(1.09516833343426,0.98489034501402,1.3800324127241));
#4028=CARTESIAN_POINT('Ctrl Pts',(1.1337111050502,0.235412893006087,1.541043629005));
#4029=CARTESIAN_POINT('Ctrl Pts',(1.14578827640988,0.00036544145129852,
1.54054581008983));
#4030=CARTESIAN_POINT('Ctrl Pts',(1.14578827640988,0.00036544145129852,
1.54054581008983));
#4031=CARTESIAN_POINT('Ctrl Pts',(1.16017670530645,-0.279663999490879,1.53995272153863));
#4032=CARTESIAN_POINT('Ctrl Pts',(1.20103073445927,-1.07558723859761,1.33293490517372));
#4033=CARTESIAN_POINT('Ctrl Pts',(1.26005242738586,-1.73086113969095,0.213279758831381));
#4034=CARTESIAN_POINT('Ctrl Pts',(1.30468569141587,-1.43520052239964,-0.657669848424365));
#4035=CARTESIAN_POINT('Ctrl Pts',(1.32285335518963,-1.22264405043239,-0.939327907394278));
#4036=CARTESIAN_POINT('',(1.10421172358734,-0.000818673516157664,1.54299978281712));
#4037=CARTESIAN_POINT('Ctrl Pts',(1.10421172358734,-0.000818673516157664,
1.54299978281712));
#4038=CARTESIAN_POINT('Ctrl Pts',(1.10665955264576,-0.0480484267736418,
1.54297472400078));
#4039=CARTESIAN_POINT('Ctrl Pts',(1.10910738170419,-0.0952192091864903,
1.54078137050215));
#4040=CARTESIAN_POINT('Ctrl Pts',(1.11155521076261,-0.142187668446587,1.53643472589685));
#4041=CARTESIAN_POINT('Ctrl Pts',(1.11452392171285,-0.199150706303079,1.53116314396503));
#4042=CARTESIAN_POINT('Ctrl Pts',(1.11749263266309,-0.255940154487612,1.52270832358452));
#4043=CARTESIAN_POINT('Ctrl Pts',(1.12046134361333,-0.31217226677773,1.5110914849389));
#4044=CARTESIAN_POINT('Ctrl Pts',(1.12342476422593,-0.368304171649597,1.4994953478704));
#4045=CARTESIAN_POINT('Ctrl Pts',(1.12638818483854,-0.423880204995224,1.48474848117647));
#4046=CARTESIAN_POINT('Ctrl Pts',(1.12935160545114,-0.478522319963102,1.46692378442001));
#4047=CARTESIAN_POINT('Ctrl Pts',(1.13231207281783,-0.533109980425779,1.4491168511605));
#4048=CARTESIAN_POINT('Ctrl Pts',(1.13527254018451,-0.586765072766883,1.42823832578289));
#4049=CARTESIAN_POINT('Ctrl Pts',(1.13823300755119,-0.639122057882548,1.40441161883829));
#4050=CARTESIAN_POINT('Ctrl Pts',(1.1411916676646,-0.69144708104049,1.38059945719645));
#4051=CARTESIAN_POINT('Ctrl Pts',(1.14415032777801,-0.74247509368883,1.35384289722577));
#4052=CARTESIAN_POINT('Ctrl Pts',(1.14710898789142,-0.79186008847316,1.32431363365454));
#4053=CARTESIAN_POINT('Ctrl Pts',(1.15006698414759,-0.841234002367828,1.29479099579042));
#4054=CARTESIAN_POINT('Ctrl Pts',(1.15302498040376,-0.888965182539688,1.26249715714028));
#4055=CARTESIAN_POINT('Ctrl Pts',(1.15598297665993,-0.934733781938038,1.22764887362137));
#4056=CARTESIAN_POINT('Ctrl Pts',(1.15894365596588,-0.980543895733191,1.19276898097548));
#4057=CARTESIAN_POINT('Ctrl Pts',(1.16190433527182,-1.0243874544447,1.15533032933513));
#4058=CARTESIAN_POINT('Ctrl Pts',(1.16486501457777,-1.06597623205643,1.11559117632346));
#4059=CARTESIAN_POINT('Ctrl Pts',(1.16782692934819,-1.10758236428574,1.07583544052569));
#4060=CARTESIAN_POINT('Ctrl Pts',(1.1707888441186,-1.14693148149536,1.03377767075699));
#4061=CARTESIAN_POINT('Ctrl Pts',(1.17375075888902,-1.18377324310568,0.989712033324367));
#4062=CARTESIAN_POINT('Ctrl Pts',(1.17671844683541,-1.22068681433561,0.945560505952623));
#4063=CARTESIAN_POINT('Ctrl Pts',(1.1796861347818,-1.255082950041,0.899393709692837));
#4064=CARTESIAN_POINT('Ctrl Pts',(1.18265382272819,-1.28675312185072,0.851537082814031));
#4065=CARTESIAN_POINT('Ctrl Pts',(1.18541988566258,-1.31627161906176,0.806931839888927));
#4066=CARTESIAN_POINT('Ctrl Pts',(1.18818594859698,-1.34342225771423,0.760859173873186));
#4067=CARTESIAN_POINT('Ctrl Pts',(1.19095201153137,-1.36807289886665,0.713600408762917));
#4068=CARTESIAN_POINT('Ctrl Pts',(1.19392071779063,-1.39452945984144,0.662879439965311));
#4069=CARTESIAN_POINT('Ctrl Pts',(1.19688942404989,-1.41821721828953,0.610578342788455));
#4070=CARTESIAN_POINT('Ctrl Pts',(1.19985813030915,-1.4389459324877,0.557031061411387));
#4071=CARTESIAN_POINT('Ctrl Pts',(1.20282154618779,-1.45963770709728,0.503579203924358));
#4072=CARTESIAN_POINT('Ctrl Pts',(1.20578496206642,-1.47738071670697,0.448886052682557));
#4073=CARTESIAN_POINT('Ctrl Pts',(1.20874837794506,-1.49203123298719,0.393308784278619));
#4074=CARTESIAN_POINT('Ctrl Pts',(1.2117088405549,-1.50666714891619,0.33778690284011));
#4075=CARTESIAN_POINT('Ctrl Pts',(1.21466930316474,-1.51821654505883,0.28138315200003));
#4076=CARTESIAN_POINT('Ctrl Pts',(1.21762976577457,-1.52658491635115,0.224471586551956));
#4077=CARTESIAN_POINT('Ctrl Pts',(1.22058842111654,-1.53494817902007,0.16759476379693));
#4078=CARTESIAN_POINT('Ctrl Pts',(1.22354707645851,-1.5401341903506,0.110211256251185));
#4079=CARTESIAN_POINT('Ctrl Pts',(1.22650573180047,-1.54209960599844,0.05270488762403));
#4080=CARTESIAN_POINT('Ctrl Pts',(1.22946372327885,-1.54406458064599,-0.00478857771445122));
#4081=CARTESIAN_POINT('Ctrl Pts',(1.23242171475724,-1.54281037641458,-0.0624043280350247));
#4082=CARTESIAN_POINT('Ctrl Pts',(1.23537970623562,-1.53834569568044,-0.119756087868116));
#4083=CARTESIAN_POINT('Ctrl Pts',(1.23834038079259,-1.53387696520871,-0.177159869243405));
#4084=CARTESIAN_POINT('Ctrl Pts',(1.24130105534955,-1.52619197835257,-0.234298659914903));
#4085=CARTESIAN_POINT('Ctrl Pts',(1.24426172990652,-1.51535145425901,-0.290790250997355));
#4086=CARTESIAN_POINT('Ctrl Pts',(1.24722363993581,-1.5045064064776,-0.347305415693234));
#4087=CARTESIAN_POINT('Ctrl Pts',(1.2501855499651,-1.49050332243412,-0.403172334756956));
#4088=CARTESIAN_POINT('Ctrl Pts',(1.25314745999439,-1.47345363518269,-0.458021162138739));
#4089=CARTESIAN_POINT('Ctrl Pts',(1.25611514327555,-1.45637071527471,-0.512976898944448));
#4090=CARTESIAN_POINT('Ctrl Pts',(1.25908282655671,-1.43622950774698,-0.566910087479104));
#4091=CARTESIAN_POINT('Ctrl Pts',(1.26205050983787,-1.41319039273258,-0.619469058055631));
#4092=CARTESIAN_POINT('Ctrl Pts',(1.26481661065862,-1.39171622958471,-0.668457914977389));
#4093=CARTESIAN_POINT('Ctrl Pts',(1.26758271147937,-1.36772512592001,-0.716252819885039));
#4094=CARTESIAN_POINT('Ctrl Pts',(1.27034881230013,-1.34138182225616,-0.762590195924875));
#4095=CARTESIAN_POINT('Ctrl Pts',(1.27331730548062,-1.31311100989418,-0.812318023538484));
#4096=CARTESIAN_POINT('Ctrl Pts',(1.27628579866112,-1.28201163711972,-0.860576363858682));
#4097=CARTESIAN_POINT('Ctrl Pts',(1.27925429184161,-1.24826110631048,-0.907024371487639));
#4098=CARTESIAN_POINT('Ctrl Pts',(1.2799643509136,-1.24018803046751,-0.918134664551255));
#4099=CARTESIAN_POINT('Ctrl Pts',(1.28067440998559,-1.23196347920867,-0.929141475546946));
#4100=CARTESIAN_POINT('Ctrl Pts',(1.28138446905757,-1.22359027694059,-0.940040336462455));
#4101=CARTESIAN_POINT('Ctrl Pts',(0.781278131379754,-1.22448425190566,-0.94071495224032));
#4102=CARTESIAN_POINT('Ctrl Pts',(0.78550809014903,-1.17524214051887,-1.00608752322485));
#4103=CARTESIAN_POINT('Ctrl Pts',(0.816203649174557,-0.780030686573924,
-1.45047898403504));
#4104=CARTESIAN_POINT('Ctrl Pts',(0.873364808456334,0.434748638401839,-1.77127256145257));
#4105=CARTESIAN_POINT('Ctrl Pts',(0.952761609225096,1.72401819798888,-0.595110732343511));
#4106=CARTESIAN_POINT('Ctrl Pts',(1.02971034950501,1.44373900093701,1.07285243464389));
#4107=CARTESIAN_POINT('Ctrl Pts',(1.08019348952867,0.463200097040489,1.54199762029268));
#4108=CARTESIAN_POINT('Ctrl Pts',(1.10421102929608,-0.000806315020694203,
1.5449878328665));
#4109=CARTESIAN_POINT('Origin',(-1.10421172359011,0.,0.));
#4110=CARTESIAN_POINT('',(0.281318383402352,-1.22160568556482,-0.938524153374145));
#4111=CARTESIAN_POINT('',(0.322960704768389,-1.22513578611429,-0.941244378967398));
#4112=CARTESIAN_POINT('',(-1.10421172359011,-1.22359027694059,-0.940040336462455));
#4113=CARTESIAN_POINT('',(0.104211723587337,0.00191988982376087,1.54146365344929));
#4114=CARTESIAN_POINT('Ctrl Pts',(0.104211723587337,0.00191988982376087,
1.54146365344929));
#4115=CARTESIAN_POINT('Ctrl Pts',(0.122405682904061,-0.351542868244223,
1.53877332035827));
#4116=CARTESIAN_POINT('Ctrl Pts',(0.167065242477037,-1.22456502433268,1.24349943545639));
#4117=CARTESIAN_POINT('Ctrl Pts',(0.226100795748708,-1.71187139711205,0.0406420697815001));
#4118=CARTESIAN_POINT('Ctrl Pts',(0.266942389703656,-1.39145459625453,-0.7162901203094));
#4119=CARTESIAN_POINT('Ctrl Pts',(0.281318383402352,-1.22160568556482,-0.938524153374145));
#4120=CARTESIAN_POINT('',(0.,1.49064942821851,0.398513841857239));
#4121=CARTESIAN_POINT('Ctrl Pts',(-1.02695629777827E-14,1.49064942821857,
0.398513841857046));
#4122=CARTESIAN_POINT('Ctrl Pts',(0.0264656002562426,1.35811307301303,0.894268873061647));
#4123=CARTESIAN_POINT('Ctrl Pts',(0.0612028414520263,0.835564621045707,
1.44574183643747));
#4124=CARTESIAN_POINT('Ctrl Pts',(0.0959400826478077,0.162617018433187,
1.54268677750653));
#4125=CARTESIAN_POINT('Ctrl Pts',(0.104211723587337,0.00191988982376087,
1.54146365344929));
#4126=CARTESIAN_POINT('',(3.78792150423912E-9,1.49061531928048,-0.398641405183088));
#4127=CARTESIAN_POINT('Origin',(0.,0.,0.));
#4128=CARTESIAN_POINT('',(0.145788276409883,-0.00107761899054898,1.54299962369967));
#4129=CARTESIAN_POINT('Ctrl Pts',(3.7879215319947E-9,1.49061531928048,-0.398641405183088));
#4130=CARTESIAN_POINT('Ctrl Pts',(0.0029600566761625,1.50535315149619,-0.343533134471388));
#4131=CARTESIAN_POINT('Ctrl Pts',(0.00592010956440346,1.51706254608689,
-0.287487666600717));
#4132=CARTESIAN_POINT('Ctrl Pts',(0.00888016245264445,1.52563032249036,
-0.230870351275272));
#4133=CARTESIAN_POINT('Ctrl Pts',(0.0118349711069298,1.53418291962993,-0.174353343092543));
#4134=CARTESIAN_POINT('Ctrl Pts',(0.0147897797612149,1.5396048659636,-0.117267013039251));
#4135=CARTESIAN_POINT('Ctrl Pts',(0.0177445884155003,1.5418334139439,-0.0599893627745075));
#4136=CARTESIAN_POINT('Ctrl Pts',(0.0206964867110078,1.54405976690079,-0.0027681285189654));
#4137=CARTESIAN_POINT('Ctrl Pts',(0.0236483850065157,1.54309893171819,0.0546435303667043));
#4138=CARTESIAN_POINT('Ctrl Pts',(0.0266002833020231,1.53893987440375,0.111861802998863));
#4139=CARTESIAN_POINT('Ctrl Pts',(0.0295504314544718,1.53478328294165,0.169046151642909));
#4140=CARTESIAN_POINT('Ctrl Pts',(0.0325005796069201,1.52743226557343,0.226036818361324));
#4141=CARTESIAN_POINT('Ctrl Pts',(0.0354507277593687,1.51692784916553,0.282451589526508));
#4142=CARTESIAN_POINT('Ctrl Pts',(0.0384002834129637,1.50642554243292,0.338855030519266));
#4143=CARTESIAN_POINT('Ctrl Pts',(0.0413498390665586,1.49277119048165,0.394682289436498));
#4144=CARTESIAN_POINT('Ctrl Pts',(0.0442993947201535,1.47605714313992,0.449560129666328));
#4145=CARTESIAN_POINT('Ctrl Pts',(0.0472515943719442,1.45932811323262,0.504487162699276));
#4146=CARTESIAN_POINT('Ctrl Pts',(0.0502037940237352,1.43953406212381,0.558462573228692));
#4147=CARTESIAN_POINT('Ctrl Pts',(0.0531559936755259,1.41681717266541,0.611128545594461));
#4148=CARTESIAN_POINT('Ctrl Pts',(0.0561095231377828,1.39409005044468,0.663818241207139));
#4149=CARTESIAN_POINT('Ctrl Pts',(0.0590630526000392,1.3684377014286,0.715196852571978));
#4150=CARTESIAN_POINT('Ctrl Pts',(0.062016582062296,1.34004903862542,0.764929783757371));
#4151=CARTESIAN_POINT('Ctrl Pts',(0.0649755498885398,1.31160810348725,0.814754288697278));
#4152=CARTESIAN_POINT('Ctrl Pts',(0.0679345177147841,1.28042107768295,0.862926619504094));
#4153=CARTESIAN_POINT('Ctrl Pts',(0.0708934855410279,1.24672046201313,0.909140852452339));
#4154=CARTESIAN_POINT('Ctrl Pts',(0.073061774473008,1.22202513707256,0.943005975591861));
#4155=CARTESIAN_POINT('Ctrl Pts',(0.075230063404988,1.19598099256471,0.975820267791281));
#4156=CARTESIAN_POINT('Ctrl Pts',(0.0773983523369681,1.16869237973661,1.00747561833802));
#4157=CARTESIAN_POINT('Ctrl Pts',(0.0803269986275146,1.1318344252664,1.05023160144863));
#4158=CARTESIAN_POINT('Ctrl Pts',(0.083255644918061,1.09254122376546,1.09106152364791));
#4159=CARTESIAN_POINT('Ctrl Pts',(0.0861842912086077,1.05104465273121,1.12966992434301));
#4160=CARTESIAN_POINT('Ctrl Pts',(0.0891089493135654,1.00960459109077,1.16822574871034));
#4161=CARTESIAN_POINT('Ctrl Pts',(0.0920336074185233,0.96596748684134,1.20456567592273));
#4162=CARTESIAN_POINT('Ctrl Pts',(0.0949582655234809,0.920404550598925,
1.23842822288447));
#4163=CARTESIAN_POINT('Ctrl Pts',(0.0978801413201601,0.874884959640008,
1.27225855546718));
#4164=CARTESIAN_POINT('Ctrl Pts',(0.10080201711684,0.827443592897268,1.30361585520534));
#4165=CARTESIAN_POINT('Ctrl Pts',(0.103723892913519,0.77838569038709,1.3322780179079));
#4166=CARTESIAN_POINT('Ctrl Pts',(0.106644187771067,0.729354331632762,1.36092467237612));
#4167=CARTESIAN_POINT('Ctrl Pts',(0.109564482628615,0.6787086332444,1.3868788092651));
#4168=CARTESIAN_POINT('Ctrl Pts',(0.112484777486163,0.626781810362088,1.40996225559382));
#4169=CARTESIAN_POINT('Ctrl Pts',(0.115406379199478,0.574831749803015,1.43305603195305));
#4170=CARTESIAN_POINT('Ctrl Pts',(0.118327980912794,0.521599905925684,1.45327632208108));
#4171=CARTESIAN_POINT('Ctrl Pts',(0.121249582626109,0.46744142259413,1.47049227010657));
#4172=CARTESIAN_POINT('Ctrl Pts',(0.124171730312053,0.413272818427351,1.48771143535239));
#4173=CARTESIAN_POINT('Ctrl Pts',(0.127093877997997,0.35817774816388,1.50192499651553));
#4174=CARTESIAN_POINT('Ctrl Pts',(0.130016025683941,0.302525462047322,1.51305232718933));
#4175=CARTESIAN_POINT('Ctrl Pts',(0.132942641782681,0.246788075034406,1.52419667326143));
#4176=CARTESIAN_POINT('Ctrl Pts',(0.135869257881421,0.190492302370245,1.53224528099317));
#4177=CARTESIAN_POINT('Ctrl Pts',(0.13879587398016,0.134015103062238,1.53716913583093));
#4178=CARTESIAN_POINT('Ctrl Pts',(0.141126674790068,0.0890358172771595,
1.54109056742857));
#4179=CARTESIAN_POINT('Ctrl Pts',(0.143457475599975,0.0439416733324423,
1.54303106482486));
#4180=CARTESIAN_POINT('Ctrl Pts',(0.145788276409883,-0.00107761899054892,
1.54299962369967));
#4181=CARTESIAN_POINT('Ctrl Pts',(0.145788276409883,-0.00107861278641774,
1.54442260034073));
#4182=CARTESIAN_POINT('Ctrl Pts',(0.149457235308496,-0.0720101515461348,
1.5450052073994));
#4183=CARTESIAN_POINT('Ctrl Pts',(0.179591794463363,-0.654018140733672,
1.50833265988519));
#4184=CARTESIAN_POINT('Ctrl Pts',(0.236191953874482,-1.65436538335728,0.768159986146631));
#4185=CARTESIAN_POINT('Ctrl Pts',(0.291580471095371,-1.57616544445947,-0.446775994201098));
#4186=CARTESIAN_POINT('Ctrl Pts',(0.320503388060006,-1.25432223012475,-0.903799617615416));
#4187=CARTESIAN_POINT('Ctrl Pts',(0.322960704768389,-1.22513578611429,-0.941244378967398));
#4188=CARTESIAN_POINT('Origin',(0.,0.,0.));
#4189=CARTESIAN_POINT('',(4.65220335820903,1.18511454508019,-0.440980458795372));
#4190=CARTESIAN_POINT('',(4.79010706434975,1.18511454072499,-0.440980470499765));
#4191=CARTESIAN_POINT('',(0.,1.18511454072499,-0.440980470499767));
#4192=CARTESIAN_POINT('',(4.9434188536839,0.00165356266265912,1.26449891883327));
#4193=CARTESIAN_POINT('Ctrl Pts',(4.79010706434975,1.18511454072499,-0.440980470499765));
#4194=CARTESIAN_POINT('Ctrl Pts',(4.79322125372765,1.20241161463014,-0.394495387444369));
#4195=CARTESIAN_POINT('Ctrl Pts',(4.79633544310554,1.21697991677573,-0.346963399431415));
#4196=CARTESIAN_POINT('Ctrl Pts',(4.79944963248344,1.22870567195998,-0.298735035932131));
#4197=CARTESIAN_POINT('Ctrl Pts',(4.80256339334259,1.24042981365665,-0.250513308753037));
#4198=CARTESIAN_POINT('Ctrl Pts',(4.80567715420174,1.24931205726417,-0.201595927544203));
#4199=CARTESIAN_POINT('Ctrl Pts',(4.80879091506089,1.25528919191398,-0.15234597029115));
#4200=CARTESIAN_POINT('Ctrl Pts',(4.8119077739712,1.26127227354231,-0.10304701155906));
#4201=CARTESIAN_POINT('Ctrl Pts',(4.81502463288152,1.26434441106395,-0.0534153599913657));
#4202=CARTESIAN_POINT('Ctrl Pts',(4.81814149179183,1.26449423051628,-0.00381981557675156));
#4203=CARTESIAN_POINT('Ctrl Pts',(4.82126008679498,1.26464413341816,0.0458033535946164));
#4204=CARTESIAN_POINT('Ctrl Pts',(4.82437868179813,1.26186850769164,0.0953898293122058));
#4205=CARTESIAN_POINT('Ctrl Pts',(4.82749727680128,1.25620805463421,0.144573764812766));
#4206=CARTESIAN_POINT('Ctrl Pts',(4.83062164470449,1.25053712338715,0.193848745782259));
#4207=CARTESIAN_POINT('Ctrl Pts',(4.83374601260771,1.24197080184237,0.242719160880221));
#4208=CARTESIAN_POINT('Ctrl Pts',(4.83687038051092,1.230601005468,0.290828842003592));
#4209=CARTESIAN_POINT('Ctrl Pts',(4.83831571982811,1.22534131319187,0.313084484046748));
#4210=CARTESIAN_POINT('Ctrl Pts',(4.8397610591453,1.21948237732165,0.335177542167917));
#4211=CARTESIAN_POINT('Ctrl Pts',(4.84120639846249,1.2130368306523,0.357074078422133));
#4212=CARTESIAN_POINT('Ctrl Pts',(4.84429231537575,1.1992750646465,0.403824962982623));
#4213=CARTESIAN_POINT('Ctrl Pts',(4.84737823228901,1.18277213870334,0.449895692550525));
#4214=CARTESIAN_POINT('Ctrl Pts',(4.85046414920227,1.16361377695572,0.494937600186981));
#4215=CARTESIAN_POINT('Ctrl Pts',(4.85354437468546,1.14449074943101,0.539896435960325));
#4216=CARTESIAN_POINT('Ctrl Pts',(4.85662460016865,1.12272220806397,0.583829697667796));
#4217=CARTESIAN_POINT('Ctrl Pts',(4.85970482565184,1.09844357648598,0.626403990469965));
#4218=CARTESIAN_POINT('Ctrl Pts',(4.86278193918122,1.07418947362524,0.668935270436456));
#4219=CARTESIAN_POINT('Ctrl Pts',(4.86585905271061,1.04743057221528,0.710109811291869));
#4220=CARTESIAN_POINT('Ctrl Pts',(4.86893616623999,1.01834932477112,0.749616503779236));
#4221=CARTESIAN_POINT('Ctrl Pts',(4.87201155188124,0.989284407287443,0.789101012117578));
#4222=CARTESIAN_POINT('Ctrl Pts',(4.87508693752249,0.957900056874485,0.826919074100717));
#4223=CARTESIAN_POINT('Ctrl Pts',(4.87816232316374,0.924421868506672,0.862788768486606));
#4224=CARTESIAN_POINT('Ctrl Pts',(4.8812373618895,0.890947456609042,0.898654416631108));
#4225=CARTESIAN_POINT('Ctrl Pts',(4.88431240061526,0.855380059532427,0.932571723902007));
#4226=CARTESIAN_POINT('Ctrl Pts',(4.88738743934102,0.817983497663942,0.964294170649944));
#4227=CARTESIAN_POINT('Ctrl Pts',(4.89046601944997,0.780543867864508,0.996053150706769));
#4228=CARTESIAN_POINT('Ctrl Pts',(4.89354459955891,0.741271298889209,1.02561186210344));
#4229=CARTESIAN_POINT('Ctrl Pts',(4.89662317966786,0.700462748135444,1.05276407066092));
#4230=CARTESIAN_POINT('Ctrl Pts',(4.89970366520919,0.65962893965534,1.07993308459473));
#4231=CARTESIAN_POINT('Ctrl Pts',(4.90278415075051,0.617257745317138,1.10469235240694));
#4232=CARTESIAN_POINT('Ctrl Pts',(4.90586463629184,0.573671851071092,1.12688103067212));
#4233=CARTESIAN_POINT('Ctrl Pts',(4.9089516774185,0.529993201626159,1.14911692869271));
#4234=CARTESIAN_POINT('Ctrl Pts',(4.91203871854515,0.485095209882191,1.16877109931387));
#4235=CARTESIAN_POINT('Ctrl Pts',(4.91512575967181,0.439320148389397,1.18573102228925));
#4236=CARTESIAN_POINT('Ctrl Pts',(4.91695157285829,0.412246744616603,1.19576187375497));
#4237=CARTESIAN_POINT('Ctrl Pts',(4.91877738604476,0.384866829785267,1.20485121348751));
#4238=CARTESIAN_POINT('Ctrl Pts',(4.92060319923124,0.357252915235052,1.21298417325044));
#4239=CARTESIAN_POINT('Ctrl Pts',(4.92473904628968,0.294701648703218,1.23140702064857));
#4240=CARTESIAN_POINT('Ctrl Pts',(4.92887489334812,0.23071603243413,1.24498987310621));
#4241=CARTESIAN_POINT('Ctrl Pts',(4.93301074040656,0.165940290441921,1.25356454560906));
#4242=CARTESIAN_POINT('Ctrl Pts',(4.93648011149901,0.111602912007959,1.26075744236956));
#4243=CARTESIAN_POINT('Ctrl Pts',(4.93994948259146,0.0567096000413689,1.26442692303604));
#4244=CARTESIAN_POINT('Ctrl Pts',(4.9434188536839,0.00165356266265912,1.26449891883327));
#4245=CARTESIAN_POINT('',(5.,-0.825211298936497,0.958116152722383));
#4246=CARTESIAN_POINT('Ctrl Pts',(4.94387334162542,0.0016835607524352,1.26449887924948));
#4247=CARTESIAN_POINT('Ctrl Pts',(4.94858743842044,-0.0666421963382185,
1.26458984853771));
#4248=CARTESIAN_POINT('Ctrl Pts',(4.95322528628998,-0.13487083984655,1.25914291598936));
#4249=CARTESIAN_POINT('Ctrl Pts',(4.95886042723742,-0.219661199455165,1.24539847107799));
#4250=CARTESIAN_POINT('Ctrl Pts',(4.96000178637401,-0.236929318171122,1.24222902061227));
#4251=CARTESIAN_POINT('Ctrl Pts',(4.96215798289726,-0.269716112487563,1.23550262361633));
#4252=CARTESIAN_POINT('Ctrl Pts',(4.96317448344092,-0.285244443375561,1.23201020972656));
#4253=CARTESIAN_POINT('Ctrl Pts',(4.96494614782285,-0.312415237553361,1.22535805451833));
#4254=CARTESIAN_POINT('Ctrl Pts',(4.96570485128246,-0.324085884931403,1.22232319636283));
#4255=CARTESIAN_POINT('Ctrl Pts',(4.96729129616781,-0.348548581218924,1.21558686210041));
#4256=CARTESIAN_POINT('Ctrl Pts',(4.96811789108893,-0.361329213217275,1.21184931044141));
#4257=CARTESIAN_POINT('Ctrl Pts',(4.97035221430769,-0.395939495642225,1.20113168374005));
#4258=CARTESIAN_POINT('Ctrl Pts',(4.97174872951277,-0.417642694648132,1.19375879850152));
#4259=CARTESIAN_POINT('Ctrl Pts',(4.97724915725416,-0.503113205863916,1.16210670821585));
#4260=CARTESIAN_POINT('Ctrl Pts',(4.9812321208966,-0.565071120753768,1.13327415464689));
#4261=CARTESIAN_POINT('Ctrl Pts',(4.98873100344121,-0.676453917026458,1.0700248924822));
#4262=CARTESIAN_POINT('Ctrl Pts',(4.9922371666327,-0.726336520152819,1.03681114910696));
#4263=CARTESIAN_POINT('Ctrl Pts',(4.99669400177956,-0.784205121237184,0.992048280731127));
#4264=CARTESIAN_POINT('Ctrl Pts',(4.99751166461053,-0.794605118625807,0.983737843304424));
#4265=CARTESIAN_POINT('Ctrl Pts',(4.99862955013064,-0.808499832324382,0.972270744728503));
#4266=CARTESIAN_POINT('Ctrl Pts',(4.99892248479559,-0.812111264985582,0.969256246799012));
#4267=CARTESIAN_POINT('Ctrl Pts',(4.99947680484522,-0.818887629882551,0.963535489651741));
#4268=CARTESIAN_POINT('Ctrl Pts',(4.99973794846302,-0.822056187250318,0.960833603842942));
#4269=CARTESIAN_POINT('Ctrl Pts',(5.,-0.825211298936497,0.958116152722382));
#4270=CARTESIAN_POINT('',(5.,1.18511454072499,-0.440980470499767));
#4271=CARTESIAN_POINT('Origin',(5.,0.,0.));
#4272=CARTESIAN_POINT('',(40.,1.18511454072499,-0.440980470499767));
#4273=CARTESIAN_POINT('',(0.,1.18511454072499,-0.440980470499767));
#4274=CARTESIAN_POINT('Origin',(40.,0.,0.));
#4275=CARTESIAN_POINT('',(4.99999943624897,-0.825136004859316,-0.958180997246766));
#4276=CARTESIAN_POINT('Origin',(5.,0.,0.));
#4277=CARTESIAN_POINT('',(4.80658032643478,-0.000321346026495734,1.26449995916834));
#4278=CARTESIAN_POINT('Ctrl Pts',(4.99999943624897,-0.825136004859316,-0.958180997246766));
#4279=CARTESIAN_POINT('Ctrl Pts',(4.99677452839122,-0.863729731267301,-0.924946072621437));
#4280=CARTESIAN_POINT('Ctrl Pts',(4.99354962053347,-0.900402930615994,-0.889297555831403));
#4281=CARTESIAN_POINT('Ctrl Pts',(4.99032471267572,-0.93483981508699,-0.851489735773792));
#4282=CARTESIAN_POINT('Ctrl Pts',(4.98721946809225,-0.967998886196046,-0.815084810850209));
#4283=CARTESIAN_POINT('Ctrl Pts',(4.98411422350878,-0.999084281640681,-0.776678470983214));
#4284=CARTESIAN_POINT('Ctrl Pts',(4.98100897892531,-1.0278481072666,-0.736538198865789));
#4285=CARTESIAN_POINT('Ctrl Pts',(4.97790680155942,-1.05658352131038,-0.696437575460378));
#4286=CARTESIAN_POINT('Ctrl Pts',(4.97480462419352,-1.083001584176,-0.654606856497721));
#4287=CARTESIAN_POINT('Ctrl Pts',(4.97170244682763,-1.10689453587947,-0.611346658157362));
#4288=CARTESIAN_POINT('Ctrl Pts',(4.9686019900789,-1.13077423539975,-0.568110454009113));
#4289=CARTESIAN_POINT('Ctrl Pts',(4.96550153333017,-1.15213133162231,-0.523446823592353));
#4290=CARTESIAN_POINT('Ctrl Pts',(4.96240107658143,-1.17080272981723,-0.477683177276029));
#4291=CARTESIAN_POINT('Ctrl Pts',(4.95930099674706,-1.1894718581795,-0.431925094325539));
#4292=CARTESIAN_POINT('Ctrl Pts',(4.95620091691268,-1.20545573005724,-0.385067772702099));
#4293=CARTESIAN_POINT('Ctrl Pts',(4.9531008370783,-1.21863942167079,-0.337458456628198));
#4294=CARTESIAN_POINT('Ctrl Pts',(4.94999771342054,-1.23183605773447,-0.289802395193776));
#4295=CARTESIAN_POINT('Ctrl Pts',(4.94689458976278,-1.24222688167168,-0.241393399484532));
#4296=CARTESIAN_POINT('Ctrl Pts',(4.94379146610501,-1.2497474247278,-0.192591859605329));
#4297=CARTESIAN_POINT('Ctrl Pts',(4.9406865073434,-1.25727241523076,-0.14376145980832));
#4298=CARTESIAN_POINT('Ctrl Pts',(4.93758154858179,-1.26192369617115,-0.094538603802737));
#4299=CARTESIAN_POINT('Ctrl Pts',(4.93447658982018,-1.26368873709953,-0.0452882515427136));
#4300=CARTESIAN_POINT('Ctrl Pts',(4.93136616449031,-1.26545688554639,0.00404881053639446));
#4301=CARTESIAN_POINT('Ctrl Pts',(4.92825573916044,-1.26432867446176,0.053412914280838));
#4302=CARTESIAN_POINT('Ctrl Pts',(4.92514531383057,-1.26034359677802,0.102441534841279));
#4303=CARTESIAN_POINT('Ctrl Pts',(4.92429742510805,-1.25925728154199,0.115806528385489));
#4304=CARTESIAN_POINT('Ctrl Pts',(4.92344953638554,-1.25795897178104,0.129146644102467));
#4305=CARTESIAN_POINT('Ctrl Pts',(4.92260164766303,-1.25645012432842,0.142454677266516));
#4306=CARTESIAN_POINT('Ctrl Pts',(4.91947600703023,-1.25088793818135,0.191513154040464));
#4307=CARTESIAN_POINT('Ctrl Pts',(4.91635036639743,-1.24243638477192,0.240349654353697));
#4308=CARTESIAN_POINT('Ctrl Pts',(4.91322472576463,-1.2311259707705,0.288598499813121));
#4309=CARTESIAN_POINT('Ctrl Pts',(4.91010465217518,-1.21983570162015,0.33676140979703));
#4310=CARTESIAN_POINT('Ctrl Pts',(4.90698457858572,-1.20569679545676,0.384338213142793));
#4311=CARTESIAN_POINT('Ctrl Pts',(4.90386450499627,-1.1887912415434,0.430970572115649));
#4312=CARTESIAN_POINT('Ctrl Pts',(4.90074748960726,-1.17190225793558,0.477557223480252));
#4313=CARTESIAN_POINT('Ctrl Pts',(4.89763047421826,-1.15225218120568,0.523200752024515));
#4314=CARTESIAN_POINT('Ctrl Pts',(4.89451345882926,-1.12997298972013,0.567557303276903));
#4315=CARTESIAN_POINT('Ctrl Pts',(4.89139818274851,-1.10770623012109,0.611889103379263));
#4316=CARTESIAN_POINT('Ctrl Pts',(4.88828290666776,-1.08281350738084,0.654934861721876));
#4317=CARTESIAN_POINT('Ctrl Pts',(4.88516763058701,-1.0554741394789,0.696372451272498));
#4318=CARTESIAN_POINT('Ctrl Pts',(4.88205277778075,-1.02813848619383,0.737804410672145));
#4319=CARTESIAN_POINT('Ctrl Pts',(4.87893792497449,-0.998357149635167,0.77762818006899));
#4320=CARTESIAN_POINT('Ctrl Pts',(4.87582307216823,-0.96635306859823,0.815550119128668));
#4321=CARTESIAN_POINT('Ctrl Pts',(4.87270509515892,-0.934316887409572,0.85351009396247));
#4322=CARTESIAN_POINT('Ctrl Pts',(4.86958711814961,-0.900053864827543,0.889564012653415));
#4323=CARTESIAN_POINT('Ctrl Pts',(4.86646914114029,-0.863826435872759,0.923452293671615));
#4324=CARTESIAN_POINT('Ctrl Pts',(4.86334942680057,-0.827578821068699,0.957359457170647));
#4325=CARTESIAN_POINT('Ctrl Pts',(4.86022971246085,-0.78936504101842,0.989098230773029));
#4326=CARTESIAN_POINT('Ctrl Pts',(4.85710999812113,-0.749480834078572,1.01844917857932));
#4327=CARTESIAN_POINT('Ctrl Pts',(4.8539844559163,-0.709522120388112,1.04785495620212));
#4328=CARTESIAN_POINT('Ctrl Pts',(4.85085891371146,-0.667887210386748,1.07486370788653));
#4329=CARTESIAN_POINT('Ctrl Pts',(4.84773337150662,-0.624899654895261,1.09930008246692));
#4330=CARTESIAN_POINT('Ctrl Pts',(4.84622386330251,-0.604138435421459,1.11110184532613));
#4331=CARTESIAN_POINT('Ctrl Pts',(4.84471435509839,-0.583062057001054,1.12230430382225));
#4332=CARTESIAN_POINT('Ctrl Pts',(4.84320484689428,-0.561708624001791,1.13289172992039));
#4333=CARTESIAN_POINT('Ctrl Pts',(4.83987325475538,-0.514580076223833,1.15625893353253));
#4334=CARTESIAN_POINT('Ctrl Pts',(4.83654166261648,-0.465914520969257,1.17671961851257));
#4335=CARTESIAN_POINT('Ctrl Pts',(4.83321007047758,-0.416078797139724,1.19408487326938));
#4336=CARTESIAN_POINT('Ctrl Pts',(4.82988702655505,-0.366370942068491,1.21140557216561));
#4337=CARTESIAN_POINT('Ctrl Pts',(4.82656398263252,-0.315499288606319,1.22564648085749));
#4338=CARTESIAN_POINT('Ctrl Pts',(4.82324093870998,-0.263852197226778,1.23666578670981));
#4339=CARTESIAN_POINT('Ctrl Pts',(4.8199299759376,-0.212392872328828,1.24764503113304));
#4340=CARTESIAN_POINT('Ctrl Pts',(4.81661901316521,-0.160164138930949,1.25542588824219));
#4341=CARTESIAN_POINT('Ctrl Pts',(4.81330805039282,-0.107568532303149,1.25991637058106));
#4342=CARTESIAN_POINT('Ctrl Pts',(4.81106547574014,-0.0719445816959806,
1.26295785505664));
#4343=CARTESIAN_POINT('Ctrl Pts',(4.80882290108746,-0.0361527038351099,
1.26449085338358));
#4344=CARTESIAN_POINT('Ctrl Pts',(4.80658032643478,-0.000321346026495734,
1.26449995916834));
#4345=CARTESIAN_POINT('Ctrl Pts',(4.80539562145287,-0.000396907989516149,
1.2644999377082));
#4346=CARTESIAN_POINT('Ctrl Pts',(4.80492648385256,0.00695850709580869,
1.26450224646515));
#4347=CARTESIAN_POINT('Ctrl Pts',(4.80445936494485,0.0143139513512782,1.26444037717037));
#4348=CARTESIAN_POINT('Ctrl Pts',(4.80346938050326,0.0299684665223437,1.26417208052221));
#4349=CARTESIAN_POINT('Ctrl Pts',(4.80294709319891,0.038266896612176,1.26394810343083));
#4350=CARTESIAN_POINT('Ctrl Pts',(4.80174654195004,0.0574299755573398,1.26324198246725));
#4351=CARTESIAN_POINT('Ctrl Pts',(4.8010701672489,0.0682919099092667,1.26270136424231));
#4352=CARTESIAN_POINT('Ctrl Pts',(4.79944611194989,0.0945208136535169,1.26105645655477));
#4353=CARTESIAN_POINT('Ctrl Pts',(4.79850293031023,0.109877412934765,1.25981131800032));
#4354=CARTESIAN_POINT('Ctrl Pts',(4.79504096446826,0.166640641870651,1.25416299230399));
#4355=CARTESIAN_POINT('Ctrl Pts',(4.79257700538525,0.207846811208833,1.24799603746055));
#4356=CARTESIAN_POINT('Ctrl Pts',(4.78787910351129,0.286971566682535,1.23212542302813));
#4357=CARTESIAN_POINT('Ctrl Pts',(4.78564278943252,0.324891003813488,1.22267401849644));
#4358=CARTESIAN_POINT('Ctrl Pts',(4.78028424007814,0.414834213995289,1.1957750652624));
#4359=CARTESIAN_POINT('Ctrl Pts',(4.77717540912878,0.466275815475604,1.17666976958376));
#4360=CARTESIAN_POINT('Ctrl Pts',(4.77263239519294,0.53726100134704,1.14491811618353));
#4361=CARTESIAN_POINT('Ctrl Pts',(4.7712758606361,0.557949151102636,1.13497995951144));
#4362=CARTESIAN_POINT('Ctrl Pts',(4.76891950613058,0.592743620095896,1.11708418475743));
#4363=CARTESIAN_POINT('Ctrl Pts',(4.76793264439365,0.606988803853776,1.10940822571888));
#4364=CARTESIAN_POINT('Ctrl Pts',(4.76645715862164,0.627727993458792,1.09771400140807));
#4365=CARTESIAN_POINT('Ctrl Pts',(4.76598085013827,0.634339723724705,1.09390656392092));
#4366=CARTESIAN_POINT('Ctrl Pts',(4.76511721247247,0.646169114946648,1.08695117397025));
#4367=CARTESIAN_POINT('Ctrl Pts',(4.76473124883577,0.651399086601566,1.08382498805261));
#4368=CARTESIAN_POINT('Ctrl Pts',(4.76384140404623,0.663328635883833,1.07657663180584));
#4369=CARTESIAN_POINT('Ctrl Pts',(4.76333598860512,0.670012542726959,1.07242962859491));
#4370=CARTESIAN_POINT('Ctrl Pts',(4.76170837677723,0.691260014996708,1.05897056181848));
#4371=CARTESIAN_POINT('Ctrl Pts',(4.76057265484023,0.705670892646288,1.04942249957293));
#4372=CARTESIAN_POINT('Ctrl Pts',(4.7522335838187,0.808833607988281,0.977985324278615));
#4373=CARTESIAN_POINT('Ctrl Pts',(4.74461620191931,0.889513049129246,0.905226782942013));
#4374=CARTESIAN_POINT('Ctrl Pts',(4.73410455428949,0.990827100248689,0.787065839612699));
#4375=CARTESIAN_POINT('Ctrl Pts',(4.730960491462,1.01965911048354,0.74933782909582));
#4376=CARTESIAN_POINT('Ctrl Pts',(4.72685748542186,1.05534799135498,0.69674972919657));
#4377=CARTESIAN_POINT('Ctrl Pts',(4.7258273156904,1.0641357218154,0.68325308096621));
#4378=CARTESIAN_POINT('Ctrl Pts',(4.72409637750006,1.07859841881188,0.660084323309168));
#4379=CARTESIAN_POINT('Ctrl Pts',(4.72339076578408,1.08440673609196,0.650498198906002));
#4380=CARTESIAN_POINT('Ctrl Pts',(4.72197363445637,1.09588986273234,0.630964949098467));
#4381=CARTESIAN_POINT('Ctrl Pts',(4.72126238381144,1.10155853709431,0.621015427522165));
#4382=CARTESIAN_POINT('Ctrl Pts',(4.71948351237538,1.11548883220326,0.595774245118785));
#4383=CARTESIAN_POINT('Ctrl Pts',(4.71842224901122,1.12357193964025,0.580386446361726));
#4384=CARTESIAN_POINT('Ctrl Pts',(4.71374012702847,1.15815189795206,0.511124722056629));
#4385=CARTESIAN_POINT('Ctrl Pts',(4.71024026423389,1.18111074243341,0.455568719446446));
#4386=CARTESIAN_POINT('Ctrl Pts',(4.70314862965934,1.21998983814537,0.338514149545589));
#4387=CARTESIAN_POINT('Ctrl Pts',(4.69957194474364,1.23540299949354,0.277030677982484));
#4388=CARTESIAN_POINT('Ctrl Pts',(4.69432108584825,1.25074354000579,0.187972971389749));
#4389=CARTESIAN_POINT('Ctrl Pts',(4.69273017803747,1.25448110460699,0.16115283125523));
#4390=CARTESIAN_POINT('Ctrl Pts',(4.69001318107899,1.25928895603149,0.116118568278237));
#4391=CARTESIAN_POINT('Ctrl Pts',(4.68890550198336,1.26083118715619,0.0979634537334179));
#4392=CARTESIAN_POINT('Ctrl Pts',(4.68728058813834,1.26248812171129,0.0717544342358041));
#4393=CARTESIAN_POINT('Ctrl Pts',(4.68677910010149,1.26291902025774,0.0637220259481915));
#4394=CARTESIAN_POINT('Ctrl Pts',(4.68592428774179,1.26351781477774,0.0501380554444242));
#4395=CARTESIAN_POINT('Ctrl Pts',(4.68557315258114,1.26372582045213,0.0445885864506954));
#4396=CARTESIAN_POINT('Ctrl Pts',(4.68475524566455,1.2641228222624,0.0317351390843942));
#4397=CARTESIAN_POINT('Ctrl Pts',(4.68428707318206,1.26428507547789,0.024430933802344));
#4398=CARTESIAN_POINT('Ctrl Pts',(4.68292442292226,1.26457113341343,0.00331168976443457));
#4399=CARTESIAN_POINT('Ctrl Pts',(4.68202189901362,1.26453182918469,-0.0105040610778614));
#4400=CARTESIAN_POINT('Ctrl Pts',(4.67739884080502,1.26318462683759,-0.0805502205682721));
#4401=CARTESIAN_POINT('Ctrl Pts',(4.67354488581188,1.25835238688524,-0.136645340550092));
#4402=CARTESIAN_POINT('Ctrl Pts',(4.66504397136045,1.23957152125245,-0.258752874169227));
#4403=CARTESIAN_POINT('Ctrl Pts',(4.66040677271719,1.22404328710959,-0.324360992221614));
#4404=CARTESIAN_POINT('Ctrl Pts',(4.65465628806775,1.19766689197035,-0.406076745224538));
#4405=CARTESIAN_POINT('Ctrl Pts',(4.65342411881335,1.19158199228492,-0.423599494176663));
#4406=CARTESIAN_POINT('Ctrl Pts',(4.65220335820903,1.18511454508019,-0.440980458795371));
#4407=CARTESIAN_POINT('Origin',(0.,0.,0.));
#4408=CARTESIAN_POINT('',(4.15275647629867,1.18511455026729,-0.44098044485527));
#4409=CARTESIAN_POINT('',(4.29009622895275,1.18511454072499,-0.44098047049977));
#4410=CARTESIAN_POINT('',(0.,1.18511454072499,-0.440980470499767));
#4411=CARTESIAN_POINT('',(4.44341967355788,-9.01894740901267E-5,1.26449999678365));
#4412=CARTESIAN_POINT('Ctrl Pts',(4.29009622895275,1.18511454072499,-0.44098047049977));
#4413=CARTESIAN_POINT('Ctrl Pts',(4.29321292832922,1.20231437099592,-0.394756725196541));
#4414=CARTESIAN_POINT('Ctrl Pts',(4.29632962770569,1.21683927047357,-0.347435276096922));
#4415=CARTESIAN_POINT('Ctrl Pts',(4.29944632708216,1.22855445221638,-0.29935632269805));
#4416=CARTESIAN_POINT('Ctrl Pts',(4.30255919333808,1.24025522586318,-0.251336499937701));
#4417=CARTESIAN_POINT('Ctrl Pts',(4.30567205959401,1.24915299197314,-0.202561545995493));
#4418=CARTESIAN_POINT('Ctrl Pts',(4.30878492584993,1.25516226195229,-0.153388220443475));
#4419=CARTESIAN_POINT('Ctrl Pts',(4.31189529103232,1.26116670370405,-0.104254403849796));
#4420=CARTESIAN_POINT('Ctrl Pts',(4.31500565621471,1.26428717863184,-0.0547233922336248));
#4421=CARTESIAN_POINT('Ctrl Pts',(4.31811602139709,1.26448946768155,-0.00516101951444608));
#4422=CARTESIAN_POINT('Ctrl Pts',(4.32122521367987,1.2646916804493,0.0443826635383391));
#4423=CARTESIAN_POINT('Ctrl Pts',(4.32433440596265,1.26197788671746,0.0939571362744459));
#4424=CARTESIAN_POINT('Ctrl Pts',(4.32744359824543,1.25636594469922,0.143195191958538));
#4425=CARTESIAN_POINT('Ctrl Pts',(4.3305587645458,1.25074321986752,0.192527853889008));
#4426=CARTESIAN_POINT('Ctrl Pts',(4.33367393084618,1.24221125224116,0.241522255219801));
#4427=CARTESIAN_POINT('Ctrl Pts',(4.33678909714655,1.23084004149274,0.28981553143017));
#4428=CARTESIAN_POINT('Ctrl Pts',(4.33990193532603,1.21947732902364,0.338072715639438));
#4429=CARTESIAN_POINT('Ctrl Pts',(4.34301477350551,1.20527978388134,0.385629297340175));
#4430=CARTESIAN_POINT('Ctrl Pts',(4.34612761168499,1.18836745977115,0.432137744888212));
#4431=CARTESIAN_POINT('Ctrl Pts',(4.34924678194522,1.17142073290826,0.478740799103464));
#4432=CARTESIAN_POINT('Ctrl Pts',(4.35236595220546,1.15174840505933,0.524290950645329));
#4433=CARTESIAN_POINT('Ctrl Pts',(4.35548512246569,1.12951870789997,0.568460850458493));
#4434=CARTESIAN_POINT('Ctrl Pts',(4.3585986129271,1.10732948952091,0.612550319861009));
#4435=CARTESIAN_POINT('Ctrl Pts',(4.36171210338852,1.08259254711337,0.655264130065091));
#4436=CARTESIAN_POINT('Ctrl Pts',(4.36482559384993,1.05551805814074,0.696305880298885));
#4437=CARTESIAN_POINT('Ctrl Pts',(4.3681003471711,1.02704124930486,0.73947338299409));
#4438=CARTESIAN_POINT('Ctrl Pts',(4.37137510049226,0.995844226983964,0.780993645449441));
#4439=CARTESIAN_POINT('Ctrl Pts',(4.37464985381343,0.962149122617745,0.82050552456757));
#4440=CARTESIAN_POINT('Ctrl Pts',(4.37775789830561,0.930169344824322,0.858005960852467));
#4441=CARTESIAN_POINT('Ctrl Pts',(4.3808659427978,0.895940052645278,0.893697036914331));
#4442=CARTESIAN_POINT('Ctrl Pts',(4.38397398728999,0.859695904567958,0.927298873971645));
#4443=CARTESIAN_POINT('Ctrl Pts',(4.38707895253345,0.823487664839793,0.96086742051004));
#4444=CARTESIAN_POINT('Ctrl Pts',(4.39018391777691,0.785268922638033,0.992350452175637));
#4445=CARTESIAN_POINT('Ctrl Pts',(4.39328888302037,0.745312244663981,1.02150374837978));
#4446=CARTESIAN_POINT('Ctrl Pts',(4.39639211058341,0.705377928272635,1.05064072906728));
#4447=CARTESIAN_POINT('Ctrl Pts',(4.39949533814645,0.663708047184584,1.07745023279771));
#4448=CARTESIAN_POINT('Ctrl Pts',(4.40259856570949,0.620607368400917,1.10172897950743));
#4449=CARTESIAN_POINT('Ctrl Pts',(4.40570139425957,0.577512231501883,1.12600460445627));
#4450=CARTESIAN_POINT('Ctrl Pts',(4.40880422280966,0.532987142846276,1.14774984953094));
#4451=CARTESIAN_POINT('Ctrl Pts',(4.41190705135974,0.487362619417033,1.16680672229593));
#4452=CARTESIAN_POINT('Ctrl Pts',(4.41501298858311,0.441692385522293,1.18588268783076));
#4453=CARTESIAN_POINT('Ctrl Pts',(4.41811892580649,0.394921028409557,1.20226469407278));
#4454=CARTESIAN_POINT('Ctrl Pts',(4.42122486302986,0.347398514658983,1.21584313215675));
#4455=CARTESIAN_POINT('Ctrl Pts',(4.42433260236345,0.29984842765076,1.22942944864912));
#4456=CARTESIAN_POINT('Ctrl Pts',(4.42744034169703,0.251546854838086,1.24020884007705));
#4457=CARTESIAN_POINT('Ctrl Pts',(4.43054808103062,0.202854876054469,1.24812264992705));
#4458=CARTESIAN_POINT('Ctrl Pts',(4.43366150775185,0.1540737874297,1.25605094262117));
#4459=CARTESIAN_POINT('Ctrl Pts',(4.43677493447307,0.104901415422121,1.26110313670865));
#4460=CARTESIAN_POINT('Ctrl Pts',(4.4398883611943,0.0557031204160295,1.26327250123476));
#4461=CARTESIAN_POINT('Ctrl Pts',(4.44106546531549,0.0371025490865405,1.26409268046256));
#4462=CARTESIAN_POINT('Ctrl Pts',(4.44224256943668,0.0184982526376783,1.26450132258976));
#4463=CARTESIAN_POINT('Ctrl Pts',(4.44341967355788,-9.01894740899718E-5,
1.26449999678365));
#4464=CARTESIAN_POINT('Ctrl Pts',(4.44341967361941,-9.01904457742084E-5,
1.26449999678358));
#4465=CARTESIAN_POINT('Ctrl Pts',(4.44368724728584,-0.00431562600348742,
1.26449969540445));
#4466=CARTESIAN_POINT('Ctrl Pts',(4.44395482095226,-0.00854098100710235,
1.26447821462088));
#4467=CARTESIAN_POINT('Ctrl Pts',(4.44422239461868,-0.0127661185964972,
1.26443555637129));
#4468=CARTESIAN_POINT('Ctrl Pts',(4.44734330335761,-0.0620470101072201,
1.26393800178862));
#4469=CARTESIAN_POINT('Ctrl Pts',(4.45046421209656,-0.111407701676401,1.26055397708533));
#4470=CARTESIAN_POINT('Ctrl Pts',(4.45358512083552,-0.160482429444007,1.25427494587102));
#4471=CARTESIAN_POINT('Ctrl Pts',(4.45670027346651,-0.209466645294903,1.24800749550853));
#4472=CARTESIAN_POINT('Ctrl Pts',(4.4598154260975,-0.258165403920169,1.23885569761103));
#4473=CARTESIAN_POINT('Ctrl Pts',(4.46293057872851,-0.306214753926993,1.22686298113417));
#4474=CARTESIAN_POINT('Ctrl Pts',(4.46604256051664,-0.354215195595379,1.21488247177013));
#4475=CARTESIAN_POINT('Ctrl Pts',(4.46915454230478,-0.401567007778432,1.20006690055021));
#4476=CARTESIAN_POINT('Ctrl Pts',(4.47226652409293,-0.447915316510543,1.18251093831527));
#4477=CARTESIAN_POINT('Ctrl Pts',(4.47537666401024,-0.494236193334623,1.16496536682714));
#4478=CARTESIAN_POINT('Ctrl Pts',(4.47848680392756,-0.539554231505804,1.14468281132496));
#4479=CARTESIAN_POINT('Ctrl Pts',(4.48159694384488,-0.583531145384095,1.12180731516902));
#4480=CARTESIAN_POINT('Ctrl Pts',(4.48470656785603,-0.627500764426057,1.09893561357222));
#4481=CARTESIAN_POINT('Ctrl Pts',(4.48781619186717,-0.670129215087991,1.0734720789856));
#4482=CARTESIAN_POINT('Ctrl Pts',(4.49092581587833,-0.711101939920655,1.04560713513302));
#4483=CARTESIAN_POINT('Ctrl Pts',(4.49403846585093,-0.75211453513176,1.01771507602605));
#4484=CARTESIAN_POINT('Ctrl Pts',(4.49715111582355,-0.791467733942848,0.987417251814362));
#4485=CARTESIAN_POINT('Ctrl Pts',(4.50026376579616,-0.828876710930079,0.954946934692046));
#4486=CARTESIAN_POINT('Ctrl Pts',(4.50337808952871,-0.866305803782537,0.922459157361626));
#4487=CARTESIAN_POINT('Ctrl Pts',(4.50649241326127,-0.901788200280854,0.887796944351161));
#4488=CARTESIAN_POINT('Ctrl Pts',(4.50960673699383,-0.935075522138002,0.851230884013464));
#4489=CARTESIAN_POINT('Ctrl Pts',(4.51272685347729,-0.968424759576236,0.814596809526609));
#4490=CARTESIAN_POINT('Ctrl Pts',(4.51584696996074,-0.999570428738103,0.776052246718388));
#4491=CARTESIAN_POINT('Ctrl Pts',(4.51896708644419,-1.02830510436515,0.735900035559571));
#4492=CARTESIAN_POINT('Ctrl Pts',(4.52051778942532,-1.04258628501754,0.71594432112609));
#4493=CARTESIAN_POINT('Ctrl Pts',(4.52206849240645,-1.05627261122065,0.695591934627249));
#4494=CARTESIAN_POINT('Ctrl Pts',(4.52361919538757,-1.06934283511968,0.674882323800386));
#4495=CARTESIAN_POINT('Ctrl Pts',(4.52674028662139,-1.09564920180092,0.633200205693914));
#4496=CARTESIAN_POINT('Ctrl Pts',(4.5298613778552,-1.11957275312681,0.58988588356636));
#4497=CARTESIAN_POINT('Ctrl Pts',(4.532982469089,-1.1409080631166,0.545242186111381));
#4498=CARTESIAN_POINT('Ctrl Pts',(4.53609782896414,-1.16220419440109,0.500680469291662));
#4499=CARTESIAN_POINT('Ctrl Pts',(4.53921318883928,-1.18092127643208,0.454794709473232));
#4500=CARTESIAN_POINT('Ctrl Pts',(4.54232854871441,-1.19689853970422,0.407914372943529));
#4501=CARTESIAN_POINT('Ctrl Pts',(4.54544075282549,-1.21285961849843,0.361081524757657));
#4502=CARTESIAN_POINT('Ctrl Pts',(4.54855295693657,-1.22608619681568,0.313256610772201));
#4503=CARTESIAN_POINT('Ctrl Pts',(4.55166516104764,-1.23646549112925,0.264789235518557));
#4504=CARTESIAN_POINT('Ctrl Pts',(4.55477553776531,-1.24683869103084,0.216350318861752));
#4505=CARTESIAN_POINT('Ctrl Pts',(4.55788591448297,-1.25436780437065,0.167270223338));
#4506=CARTESIAN_POINT('Ctrl Pts',(4.56099629120063,-1.25899053189806,0.117911367522605));
#4507=CARTESIAN_POINT('Ctrl Pts',(4.5641061659084,-1.26361251332453,0.0685604781486671));
#4508=CARTESIAN_POINT('Ctrl Pts',(4.56721604061616,-1.26532899014701,0.0189314634396266));
#4509=CARTESIAN_POINT('Ctrl Pts',(4.57032591532392,-1.26412950142764,-0.0306080646286753));
#4510=CARTESIAN_POINT('Ctrl Pts',(4.57343883466869,-1.26292883838194,-0.0801960930046249));
#4511=CARTESIAN_POINT('Ctrl Pts',(4.57655175401345,-1.25880652436733,-0.129693910736523));
#4512=CARTESIAN_POINT('Ctrl Pts',(4.57966467335821,-1.25180422218926,-0.17873566882172));
#4513=CARTESIAN_POINT('Ctrl Pts',(4.58277927748017,-1.24479813021848,-0.227803969334349));
#4514=CARTESIAN_POINT('Ctrl Pts',(4.58589388160213,-1.23490905562604,-0.276415180933109));
#4515=CARTESIAN_POINT('Ctrl Pts',(4.58900848572409,-1.22222977493032,-0.324213860397378));
#4516=CARTESIAN_POINT('Ctrl Pts',(4.59212889608535,-1.20952685754278,-0.372101646072248));
#4517=CARTESIAN_POINT('Ctrl Pts',(4.59524930644661,-1.19402352435269,-0.419173355536928));
#4518=CARTESIAN_POINT('Ctrl Pts',(4.59836971680786,-1.17586185201418,-0.46509048042052));
#4519=CARTESIAN_POINT('Ctrl Pts',(4.59991847659062,-1.16684763130308,-0.487880622782129));
#4520=CARTESIAN_POINT('Ctrl Pts',(4.60146723637339,-1.15717927615873,-0.510386679558053));
#4521=CARTESIAN_POINT('Ctrl Pts',(4.60301599615615,-1.14687833214284,-0.532569564715499));
#4522=CARTESIAN_POINT('Ctrl Pts',(4.60613164169304,-1.12615588660542,-0.57719495330408));
#4523=CARTESIAN_POINT('Ctrl Pts',(4.60924728722993,-1.10277825836539,-0.620709593759188));
#4524=CARTESIAN_POINT('Ctrl Pts',(4.61236293276682,-1.07688736469269,-0.662777378736815));
#4525=CARTESIAN_POINT('Ctrl Pts',(4.615472824945,-1.05104428120795,-0.704767481239185));
#4526=CARTESIAN_POINT('Ctrl Pts',(4.61858271712318,-1.02269742179599,-0.745315561767467));
#4527=CARTESIAN_POINT('Ctrl Pts',(4.62169260930136,-0.992035351786322,-0.784108481529303));
#4528=CARTESIAN_POINT('Ctrl Pts',(4.62479933649907,-0.961404486991299,-0.822861921197733));
#4529=CARTESIAN_POINT('Ctrl Pts',(4.62790606369677,-0.928463414984987,-0.859863306047983));
#4530=CARTESIAN_POINT('Ctrl Pts',(4.63101279089448,-0.893443693383306,-0.894828819804993));
#4531=CARTESIAN_POINT('Ctrl Pts',(4.63411769152487,-0.858444561255731,-0.929773775958826));
#4532=CARTESIAN_POINT('Ctrl Pts',(4.63722259215525,-0.821369588982807,-0.962684843789616));
#4533=CARTESIAN_POINT('Ctrl Pts',(4.64032749278564,-0.782488518860842,-0.993313630154628));
#4534=CARTESIAN_POINT('Ctrl Pts',(4.64343190225597,-0.743613599283084,-1.02393757139311));
#4535=CARTESIAN_POINT('Ctrl Pts',(4.6465363117263,-0.702933581753651,-1.05227960828456));
#4536=CARTESIAN_POINT('Ctrl Pts',(4.64964072119663,-0.660750708369465,-1.07813206583853));
#4537=CARTESIAN_POINT('Ctrl Pts',(4.65274823443866,-0.618525660777928,-1.10401037053893));
#4538=CARTESIAN_POINT('Ctrl Pts',(4.65585574768069,-0.57479522824222,-1.12739383928245));
#4539=CARTESIAN_POINT('Ctrl Pts',(4.65896326092273,-0.529888451689821,-1.14811954027695));
#4540=CARTESIAN_POINT('Ctrl Pts',(4.66207248448546,-0.484956959236516,-1.16885664833319));
#4541=CARTESIAN_POINT('Ctrl Pts',(4.66518170804819,-0.438848346770737,-1.18693287559082));
#4542=CARTESIAN_POINT('Ctrl Pts',(4.66829093161091,-0.391910605393826,-1.20223389046385));
#4543=CARTESIAN_POINT('Ctrl Pts',(4.67140606401544,-0.344883662426017,-1.21756398374647));
#4544=CARTESIAN_POINT('Ctrl Pts',(4.67452119641997,-0.297024978539709,-1.23010819967685));
#4545=CARTESIAN_POINT('Ctrl Pts',(4.6776363288245,-0.248695018035637,-1.2398028222279));
#4546=CARTESIAN_POINT('Ctrl Pts',(4.679228484858,-0.223993391195155,-1.24475778072812));
#4547=CARTESIAN_POINT('Ctrl Pts',(4.6808206408915,-0.199168771908748,-1.24896918320876));
#4548=CARTESIAN_POINT('Ctrl Pts',(4.68241279692499,-0.174269636197539,-1.25243376826864));
#4549=CARTESIAN_POINT('Ctrl Pts',(4.68553904342484,-0.12537943057161,-1.259236585762));
#4550=CARTESIAN_POINT('Ctrl Pts',(4.68866528992468,-0.0759838232062034,
-1.26318721529651));
#4551=CARTESIAN_POINT('Ctrl Pts',(4.69179153642452,-0.0264443593064202,
-1.26422345566789));
#4552=CARTESIAN_POINT('Ctrl Pts',(4.69491198484886,0.0230032265049812,-1.2652577741819));
#4553=CARTESIAN_POINT('Ctrl Pts',(4.69803243327319,0.0725935977846205,-1.26338841391928));
#4554=CARTESIAN_POINT('Ctrl Pts',(4.70115288169753,0.121959399002598,-1.25860484465734));
#4555=CARTESIAN_POINT('Ctrl Pts',(4.70427012865454,0.171274552692367,-1.25382618316461));
#4556=CARTESIAN_POINT('Ctrl Pts',(4.70738737561154,0.220365051336736,-1.24613928490634));
#4557=CARTESIAN_POINT('Ctrl Pts',(4.71050462256855,0.26886498714373,-1.23558563794186));
#4558=CARTESIAN_POINT('Ctrl Pts',(4.71361998735363,0.317335639028512,-1.22503836319565));
#4559=CARTESIAN_POINT('Ctrl Pts',(4.71673535213872,0.365215901757747,-1.21162788518203));
#4560=CARTESIAN_POINT('Ctrl Pts',(4.7198507169238,0.412148992721785,-1.19544696988132));
#4561=CARTESIAN_POINT('Ctrl Pts',(4.72296551578506,0.45907355802149,-1.17926899393638));
#4562=CARTESIAN_POINT('Ctrl Pts',(4.72608031464631,0.505050777243879,-1.16032175864122));
#4563=CARTESIAN_POINT('Ctrl Pts',(4.72919511350757,0.54974047043786,-1.13874741060639));
#4564=CARTESIAN_POINT('Ctrl Pts',(4.7323128225377,0.594471917388686,-1.11715290557299));
#4565=CARTESIAN_POINT('Ctrl Pts',(4.73543053156784,0.637912943827718,-1.09292662549602));
#4566=CARTESIAN_POINT('Ctrl Pts',(4.73854824059797,0.679746425034678,-1.06625749594203));
#4567=CARTESIAN_POINT('Ctrl Pts',(4.74166756446985,0.721601574220026,-1.03957455290406));
#4568=CARTESIAN_POINT('Ctrl Pts',(4.74478688834174,0.761847076321807,-1.010446560348));
#4569=CARTESIAN_POINT('Ctrl Pts',(4.74790621221362,0.800196281447356,-0.979104775372802));
#4570=CARTESIAN_POINT('Ctrl Pts',(4.75103118014135,0.838614875025159,-0.947706281061823));
#4571=CARTESIAN_POINT('Ctrl Pts',(4.75415614806908,0.875129920806762,-0.914086369299773));
#4572=CARTESIAN_POINT('Ctrl Pts',(4.75728111599682,0.909490454146953,-0.878514293461165));
#4573=CARTESIAN_POINT('Ctrl Pts',(4.75879060989578,0.926088069431854,-0.861331451046901));
#4574=CARTESIAN_POINT('Ctrl Pts',(4.76030010379474,0.942183562208687,-0.843693619485592));
#4575=CARTESIAN_POINT('Ctrl Pts',(4.76180959769371,0.957752125471313,-0.825633766360838));
#4576=CARTESIAN_POINT('Ctrl Pts',(4.76493360266209,0.989972374268909,-0.788257616030734));
#4577=CARTESIAN_POINT('Ctrl Pts',(4.76805760763048,1.02007058533195,-0.748912373621874));
#4578=CARTESIAN_POINT('Ctrl Pts',(4.77118161259887,1.04779905673825,-0.707868198677154));
#4579=CARTESIAN_POINT('Ctrl Pts',(4.77433585455735,1.07579590976483,-0.666426760500234));
#4580=CARTESIAN_POINT('Ctrl Pts',(4.77749009651583,1.10137647045346,-0.623253696018633));
#4581=CARTESIAN_POINT('Ctrl Pts',(4.78064433847431,1.12432632478104,-0.578662738911328));
#4582=CARTESIAN_POINT('Ctrl Pts',(4.78379858043279,1.14727617910862,-0.534071781804025));
#4583=CARTESIAN_POINT('Ctrl Pts',(4.78695282239127,1.16759500364807,-0.488063413000811));
#4584=CARTESIAN_POINT('Ctrl Pts',(4.79010706434975,1.18511454072499,-0.440980470499765));
#4585=CARTESIAN_POINT('Ctrl Pts',(4.65220335820903,1.18511454508019,-0.440980458795371));
#4586=CARTESIAN_POINT('Ctrl Pts',(4.65085632461973,1.17797811833855,-0.460159274914606));
#4587=CARTESIAN_POINT('Ctrl Pts',(4.64952319601987,1.1703759104751,-0.479165458657137));
#4588=CARTESIAN_POINT('Ctrl Pts',(4.64723033514251,1.15635391245107,-0.51189347474028));
#4589=CARTESIAN_POINT('Ctrl Pts',(4.64626412459627,1.15014424845716,-0.525697194785304));
#4590=CARTESIAN_POINT('Ctrl Pts',(4.64460889233379,1.13898651678181,-0.549355483490377));
#4591=CARTESIAN_POINT('Ctrl Pts',(4.64391597230405,1.13415474083521,-0.559262701221099));
#4592=CARTESIAN_POINT('Ctrl Pts',(4.64249736773936,1.12393262755492,-0.57954495700349));
#4593=CARTESIAN_POINT('Ctrl Pts',(4.64177231197149,1.1185266919201,-0.58991097839366));
#4594=CARTESIAN_POINT('Ctrl Pts',(4.63990242927997,1.10411843989263,-0.616628806176442));
#4595=CARTESIAN_POINT('Ctrl Pts',(4.63876547199119,1.09489628100364,-0.632859228239424));
#4596=CARTESIAN_POINT('Ctrl Pts',(4.63144978188714,1.03263512331011,-0.736997314752826));
#4597=CARTESIAN_POINT('Ctrl Pts',(4.62567542104197,0.969419200660654,-0.818369331040766));
#4598=CARTESIAN_POINT('Ctrl Pts',(4.61753914962033,0.869440058354246,-0.919004684095542));
#4599=CARTESIAN_POINT('Ctrl Pts',(4.61527453192565,0.840548129076692,-0.945502032416663));
#4600=CARTESIAN_POINT('Ctrl Pts',(4.61156501966674,0.792598839741484,-0.985540299938352));
#4601=CARTESIAN_POINT('Ctrl Pts',(4.61016080558653,0.774315156720034,-0.999969246177052));
#4602=CARTESIAN_POINT('Ctrl Pts',(4.608183566531,0.748599581081901,-1.0191349882118));
#4603=CARTESIAN_POINT('Ctrl Pts',(4.60763745818363,0.741500001971542,-1.02431205882221));
#4604=CARTESIAN_POINT('Ctrl Pts',(4.60669764578264,0.729301285377382,-1.03301418413677));
#4605=CARTESIAN_POINT('Ctrl Pts',(4.60630643659876,0.724229187937426,-1.03657645712399));
#4606=CARTESIAN_POINT('Ctrl Pts',(4.60546382591722,0.71332132140176,-1.04411820592998));
#4607=CARTESIAN_POINT('Ctrl Pts',(4.60501176191315,0.707478361427213,-1.04808611190204));
#4608=CARTESIAN_POINT('Ctrl Pts',(4.60373706942766,0.691019356679607,-1.05906294556248));
#4609=CARTESIAN_POINT('Ctrl Pts',(4.60290779973326,0.680330636497562,-1.06596072627085));
#4610=CARTESIAN_POINT('Ctrl Pts',(4.59678677234245,0.601438993685272,-1.1152022033805));
#4611=CARTESIAN_POINT('Ctrl Pts',(4.5912122709438,0.529449745647348,-1.15112384257348));
#4612=CARTESIAN_POINT('Ctrl Pts',(4.58105162379485,0.391494879518989,-1.20426641154878));
#4613=CARTESIAN_POINT('Ctrl Pts',(4.57646302441294,0.326589920060433,-1.22346516391754));
#4614=CARTESIAN_POINT('Ctrl Pts',(4.57047697541855,0.237267172257472,-1.2422664741211));
#4615=CARTESIAN_POINT('Ctrl Pts',(4.56894251516469,0.213946470949971,-1.24649457850122));
#4616=CARTESIAN_POINT('Ctrl Pts',(4.56661828828385,0.177980843865536,-1.2519760125442));
#4617=CARTESIAN_POINT('Ctrl Pts',(4.56581398648839,0.16541390622775,-1.25369827932644));
#4618=CARTESIAN_POINT('Ctrl Pts',(4.56433628928584,0.142108671813877,-1.25653566181962));
#4619=CARTESIAN_POINT('Ctrl Pts',(4.56366131298018,0.131378027176854,-1.25770289402949));
#4620=CARTESIAN_POINT('Ctrl Pts',(4.56216780511661,0.107452623847366,-1.25999583898667));
#4621=CARTESIAN_POINT('Ctrl Pts',(4.56135152603982,0.0942523714131784,-1.26105197823901));
#4622=CARTESIAN_POINT('Ctrl Pts',(4.55890851706222,0.0544007014473276,-1.26361119898075));
#4623=CARTESIAN_POINT('Ctrl Pts',(4.55730150662502,0.0277151040852042,-1.26447804307461));
#4624=CARTESIAN_POINT('Ctrl Pts',(4.54973568567941,-0.0996375697716987,
-1.26458082903146));
#4625=CARTESIAN_POINT('Ctrl Pts',(4.54411796626268,-0.199940775297582,-1.25264363116082));
#4626=CARTESIAN_POINT('Ctrl Pts',(4.53649177299898,-0.328298127004827,-1.22154302493901));
#4627=CARTESIAN_POINT('Ctrl Pts',(4.53465864309359,-0.358539689651935,-1.2130111625016));
#4628=CARTESIAN_POINT('Ctrl Pts',(4.53157846696272,-0.407615749049635,-1.19717003095619));
#4629=CARTESIAN_POINT('Ctrl Pts',(4.53035706298664,-0.426649168534139,-1.1905196631197));
#4630=CARTESIAN_POINT('Ctrl Pts',(4.52859727404656,-0.453310141347753,-1.18048276338773));
#4631=CARTESIAN_POINT('Ctrl Pts',(4.52807867701445,-0.461076566178122,-1.1774710315755));
#4632=CARTESIAN_POINT('Ctrl Pts',(4.52717333607846,-0.474465600620799,-1.17212614302687));
#4633=CARTESIAN_POINT('Ctrl Pts',(4.52678868028551,-0.480102044380808,-1.16982875937892));
#4634=CARTESIAN_POINT('Ctrl Pts',(4.52593692399875,-0.492465565208352,-1.16468505004073));
#4635=CARTESIAN_POINT('Ctrl Pts',(4.52546884830959,-0.499184608336458,-1.16182112189785));
#4636=CARTESIAN_POINT('Ctrl Pts',(4.52410510007195,-0.518555967927877,-1.15336521001046));
#4637=CARTESIAN_POINT('Ctrl Pts',(4.52320134299006,-0.531141413308168,-1.14762378940068));
#4638=CARTESIAN_POINT('Ctrl Pts',(4.51797561905927,-0.602632410399533,-1.11358210820832));
#4639=CARTESIAN_POINT('Ctrl Pts',(4.51347265439793,-0.659363893021434,-1.08095737553937));
#4640=CARTESIAN_POINT('Ctrl Pts',(4.50477355960873,-0.763687665052874,-1.00968464357011));
#4641=CARTESIAN_POINT('Ctrl Pts',(4.50058814145735,-0.811507585506225,-0.971667925643074));
#4642=CARTESIAN_POINT('Ctrl Pts',(4.49403902342214,-0.883620269752507,-0.905286886947768));
#4643=CARTESIAN_POINT('Ctrl Pts',(4.49160850887457,-0.909730603854441,-0.879044825042899));
#4644=CARTESIAN_POINT('Ctrl Pts',(4.48827046984724,-0.944670281239668,-0.84070174970499));
#4645=CARTESIAN_POINT('Ctrl Pts',(4.48732171924503,-0.95449163184254,-0.829534283704672));
#4646=CARTESIAN_POINT('Ctrl Pts',(4.48568660747789,-0.971219035862189,-0.809823688679137));
#4647=CARTESIAN_POINT('Ctrl Pts',(4.48499660407525,-0.978214828625568,-0.801359210193283));
#4648=CARTESIAN_POINT('Ctrl Pts',(4.48357523904814,-0.992488838167611,-0.783623030960406));
#4649=CARTESIAN_POINT('Ctrl Pts',(4.48284462321889,-0.999749482594206,-0.774338514748069));
#4650=CARTESIAN_POINT('Ctrl Pts',(4.480940787626,-1.01845623181088,-0.749715528767347));
#4651=CARTESIAN_POINT('Ctrl Pts',(4.47977600471363,-1.02968602487266,-0.734216057689539));
#4652=CARTESIAN_POINT('Ctrl Pts',(4.47265646206363,-1.09684368929041,-0.636951202580534));
#4653=CARTESIAN_POINT('Ctrl Pts',(4.46707132456125,-1.14335367534047,-0.54910559235222));
#4654=CARTESIAN_POINT('Ctrl Pts',(4.45905722738025,-1.19386128169656,-0.418709442445264));
#4655=CARTESIAN_POINT('Ctrl Pts',(4.45670487631759,-1.20673862753141,-0.380005049666145));
#4656=CARTESIAN_POINT('Ctrl Pts',(4.45287042470142,-1.22415567694713,-0.317762317157242));
#4657=CARTESIAN_POINT('Ctrl Pts',(4.45143235778744,-1.22993531732162,-0.29459967508182));
#4658=CARTESIAN_POINT('Ctrl Pts',(4.44941492481366,-1.23695838261681,-0.262626852432866));
#4659=CARTESIAN_POINT('Ctrl Pts',(4.44886388195408,-1.2387698515746,-0.253945167894617));
#4660=CARTESIAN_POINT('Ctrl Pts',(4.44791806082776,-1.24169527315936,-0.239147927958717));
#4661=CARTESIAN_POINT('Ctrl Pts',(4.44752585238205,-1.24285571291085,-0.233041967026707));
#4662=CARTESIAN_POINT('Ctrl Pts',(4.44668393991739,-1.24523407686562,-0.220004248866658));
#4663=CARTESIAN_POINT('Ctrl Pts',(4.44623361052191,-1.24643916616623,-0.213070821895467));
#4664=CARTESIAN_POINT('Ctrl Pts',(4.44496987392431,-1.24963717526753,-0.193714915372442));
#4665=CARTESIAN_POINT('Ctrl Pts',(4.4441500101532,-1.25150260454795,-0.181272559705051));
#4666=CARTESIAN_POINT('Ctrl Pts',(4.43795305213517,-1.26407684875924,-0.0879233383869016));
#4667=CARTESIAN_POINT('Ctrl Pts',(4.43228289175174,-1.26711517508167,-0.00618273917963354));
#4668=CARTESIAN_POINT('Ctrl Pts',(4.42313082894305,-1.2591851761733,0.126793629765519));
#4669=CARTESIAN_POINT('Ctrl Pts',(4.41961568080631,-1.25296135257786,0.178080387450826));
#4670=CARTESIAN_POINT('Ctrl Pts',(4.41395137562568,-1.23755417366429,0.261807344547808));
#4671=CARTESIAN_POINT('Ctrl Pts',(4.41175703626494,-1.23018057950593,0.294515698799706));
#4672=CARTESIAN_POINT('Ctrl Pts',(4.40867989980134,-1.21780029470385,0.340777367373932));
#4673=CARTESIAN_POINT('Ctrl Pts',(4.40776410876811,-1.21384867254702,0.354595826181985));
#4674=CARTESIAN_POINT('Ctrl Pts',(4.40616675402736,-1.20648521443637,0.378777806353096));
#4675=CARTESIAN_POINT('Ctrl Pts',(4.4054820221754,-1.20317329544169,0.389169927480276));
#4676=CARTESIAN_POINT('Ctrl Pts',(4.40405369030152,-1.195938772106,0.410894733692859));
#4677=CARTESIAN_POINT('Ctrl Pts',(4.40331107810062,-1.19198856526249,0.42221712976925));
#4678=CARTESIAN_POINT('Ctrl Pts',(4.40133356935817,-1.18096563222018,0.452423457141193));
#4679=CARTESIAN_POINT('Ctrl Pts',(4.40010840825159,-1.17360113852799,0.471197670973672));
#4680=CARTESIAN_POINT('Ctrl Pts',(4.39344186407691,-1.13063923530137,0.573455220514822));
#4681=CARTESIAN_POINT('Ctrl Pts',(4.38829819432812,-1.08658369595661,0.653095366096667));
#4682=CARTESIAN_POINT('Ctrl Pts',(4.37939208359867,-0.99700828763411,0.780484288608326));
#4683=CARTESIAN_POINT('Ctrl Pts',(4.37565769678174,-0.955601996136447,0.830664840667553));
#4684=CARTESIAN_POINT('Ctrl Pts',(4.37097106749998,-0.902244665071611,0.886034650713063));
#4685=CARTESIAN_POINT('Ctrl Pts',(4.37023584170767,-0.893837761316818,0.894514879954828));
#4686=CARTESIAN_POINT('Ctrl Pts',(4.3690662283283,-0.880435913459359,0.907656045078018));
#4687=CARTESIAN_POINT('Ctrl Pts',(4.36863778558421,-0.875520915603469,0.912397947770035));
#4688=CARTESIAN_POINT('Ctrl Pts',(4.36781317953566,-0.866056854171338,0.921381821787448));
#4689=CARTESIAN_POINT('Ctrl Pts',(4.36741752434883,-0.861514515988544,0.925630416705283));
#4690=CARTESIAN_POINT('Ctrl Pts',(4.36652107584535,-0.851216007570372,0.935121476285989));
#4691=CARTESIAN_POINT('Ctrl Pts',(4.36601892517643,-0.845442391836553,0.940344629283616));
#4692=CARTESIAN_POINT('Ctrl Pts',(4.36418834940884,-0.824363773488611,0.959062546626157));
#4693=CARTESIAN_POINT('Ctrl Pts',(4.36284023776849,-0.808781688837598,0.97223900044674));
#4694=CARTESIAN_POINT('Ctrl Pts',(4.35640760054377,-0.73385093982056,1.03255354149909));
#4695=CARTESIAN_POINT('Ctrl Pts',(4.35113746570635,-0.670662900059494,1.0746695375109));
#4696=CARTESIAN_POINT('Ctrl Pts',(4.34268273606983,-0.562330782560647,1.13357994745898));
#4697=CARTESIAN_POINT('Ctrl Pts',(4.33945704192635,-0.519324759193595,1.15391589890942));
#4698=CARTESIAN_POINT('Ctrl Pts',(4.33418839135127,-0.445782903688684,1.18374429102734));
#4699=CARTESIAN_POINT('Ctrl Pts',(4.33210828695501,-0.415850492279696,1.19458846545834));
#4700=CARTESIAN_POINT('Ctrl Pts',(4.32915888398121,-0.372099579087537,1.20859474921048));
#4701=CARTESIAN_POINT('Ctrl Pts',(4.32826026405391,-0.35858915363832,1.21267193003094));
#4702=CARTESIAN_POINT('Ctrl Pts',(4.32668227583596,-0.334552374075731,1.21948890178376));
#4703=CARTESIAN_POINT('Ctrl Pts',(4.3259999839504,-0.324053815858175,1.22232058354745));
#4704=CARTESIAN_POINT('Ctrl Pts',(4.32456643754589,-0.301779240174534,1.22802133890147));
#4705=CARTESIAN_POINT('Ctrl Pts',(4.32381631284052,-0.289995816748009,1.23085724636573));
#4706=CARTESIAN_POINT('Ctrl Pts',(4.32179284750448,-0.257879485598333,1.23809983281684));
#4707=CARTESIAN_POINT('Ctrl Pts',(4.32053008615836,-0.237475207419948,1.24217495776764));
#4708=CARTESIAN_POINT('Ctrl Pts',(4.31489248072439,-0.144951003362303,1.25829044401901));
#4709=CARTESIAN_POINT('Ctrl Pts',(4.31069644712934,-0.071968429412572,1.26456618188442));
#4710=CARTESIAN_POINT('Ctrl Pts',(4.30196846542599,0.0808018043409469,1.26442681196806));
#4711=CARTESIAN_POINT('Ctrl Pts',(4.29745740714488,0.160255250750968,1.25682902912806));
#4712=CARTESIAN_POINT('Ctrl Pts',(4.29184154257187,0.251013629328737,1.23940144389999));
#4713=CARTESIAN_POINT('Ctrl Pts',(4.29105614677311,0.263534274527094,1.2367996760306));
#4714=CARTESIAN_POINT('Ctrl Pts',(4.28982030582844,0.282922841483398,1.23246300309081));
#4715=CARTESIAN_POINT('Ctrl Pts',(4.28937681104326,0.289819634392348,1.23085944042934));
#4716=CARTESIAN_POINT('Ctrl Pts',(4.28853885808233,0.30272735452634,1.22774378999226));
#4717=CARTESIAN_POINT('Ctrl Pts',(4.28814514670468,0.308741173347218,1.22624530431098));
#4718=CARTESIAN_POINT('Ctrl Pts',(4.28718851532954,0.323235215428255,1.22252039488281));
#4719=CARTESIAN_POINT('Ctrl Pts',(4.28662319839645,0.331703643280095,1.22024989371074));
#4720=CARTESIAN_POINT('Ctrl Pts',(4.28455013561902,0.362434522371808,1.21166700231594));
#4721=CARTESIAN_POINT('Ctrl Pts',(4.2830171862352,0.384544999098176,1.20483222997216));
#4722=CARTESIAN_POINT('Ctrl Pts',(4.27886131073866,0.443190851449894,1.18492498919872));
#4723=CARTESIAN_POINT('Ctrl Pts',(4.27620540678933,0.47933256522695,1.1707712568452));
#4724=CARTESIAN_POINT('Ctrl Pts',(4.26643656109888,0.609082968972561,1.11294262204034));
#4725=CARTESIAN_POINT('Ctrl Pts',(4.25932836565282,0.697916347244027,1.05950161138011));
#4726=CARTESIAN_POINT('Ctrl Pts',(4.25141710882699,0.793869301068698,0.984416337595107));
#4727=CARTESIAN_POINT('Ctrl Pts',(4.25022559231057,0.808218036491312,0.972670374767499));
#4728=CARTESIAN_POINT('Ctrl Pts',(4.24830526000002,0.831162995010945,0.953029023330052));
#4729=CARTESIAN_POINT('Ctrl Pts',(4.24756889331148,0.839916976435631,0.94532308294172));
#4730=CARTESIAN_POINT('Ctrl Pts',(4.24614593732782,0.856739849793879,0.930096074385022));
#4731=CARTESIAN_POINT('Ctrl Pts',(4.24545887953619,0.864819377635925,0.922588388279655));
#4732=CARTESIAN_POINT('Ctrl Pts',(4.24383559603038,0.88379650381325,0.904486014759234));
#4733=CARTESIAN_POINT('Ctrl Pts',(4.24290348610535,0.894603490798985,0.893798543270376));
#4734=CARTESIAN_POINT('Ctrl Pts',(4.23957500737324,0.932823725151291,0.854613101501261));
#4735=CARTESIAN_POINT('Ctrl Pts',(4.23722719748173,0.959090666720158,0.825026774172709));
#4736=CARTESIAN_POINT('Ctrl Pts',(4.23115036567527,1.02442027478586,0.744095986130739));
#4737=CARTESIAN_POINT('Ctrl Pts',(4.22749597159235,1.06101605966365,0.690913174880759));
#4738=CARTESIAN_POINT('Ctrl Pts',(4.2201953224644,1.12508628344011,0.580621115230794));
#4739=CARTESIAN_POINT('Ctrl Pts',(4.21655896670808,1.15264446894104,0.523783210255336));
#4740=CARTESIAN_POINT('Ctrl Pts',(4.21201455437428,1.18001971626137,0.454579548356218));
#4741=CARTESIAN_POINT('Ctrl Pts',(4.21131459568876,1.18405261591648,0.443969006264945));
#4742=CARTESIAN_POINT('Ctrl Pts',(4.21018839858555,1.19023965798699,0.427006752905637));
#4743=CARTESIAN_POINT('Ctrl Pts',(4.20976738790129,1.1924871440403,0.420689454224966));
#4744=CARTESIAN_POINT('Ctrl Pts',(4.20894080599554,1.19677005141549,0.408340804102009));
#4745=CARTESIAN_POINT('Ctrl Pts',(4.20853551751319,1.19881035261646,0.402311446885819));
#4746=CARTESIAN_POINT('Ctrl Pts',(4.20750403124556,1.20385531615875,0.387023737425625));
#4747=CARTESIAN_POINT('Ctrl Pts',(4.20687447920362,1.20679871817902,0.377745728692086));
#4748=CARTESIAN_POINT('Ctrl Pts',(4.20418226406183,1.21882833754872,0.338250448671204));
#4749=CARTESIAN_POINT('Ctrl Pts',(4.20207201234828,1.22688828830438,0.30773475199939));
#4750=CARTESIAN_POINT('Ctrl Pts',(4.19536105823761,1.24857302431196,0.211131193203545));
#4751=CARTESIAN_POINT('Ctrl Pts',(4.19067596786569,1.25805700988707,0.144234178268379));
#4752=CARTESIAN_POINT('Ctrl Pts',(4.18154413367567,1.26617453592521,0.0110016778373737));
#4753=CARTESIAN_POINT('Ctrl Pts',(4.17710871326751,1.26502303701739,-0.055117802069771));
#4754=CARTESIAN_POINT('Ctrl Pts',(4.1716942430216,1.25703556691937,-0.138308835431325));
#4755=CARTESIAN_POINT('Ctrl Pts',(4.17056927546897,1.25499662812304,-0.155728174545927));
#4756=CARTESIAN_POINT('Ctrl Pts',(4.16872790503853,1.25102720914913,-0.184451872035694));
#4757=CARTESIAN_POINT('Ctrl Pts',(4.16800509807689,1.24930420746142,-0.19578197679665));
#4758=CARTESIAN_POINT('Ctrl Pts',(4.1665888710068,1.24560204709762,-0.218082590261515));
#4759=CARTESIAN_POINT('Ctrl Pts',(4.16589525216267,1.24363138223483,-0.229053429809946));
#4760=CARTESIAN_POINT('Ctrl Pts',(4.16422397534199,1.23850076460986,-0.255594350846481));
#4761=CARTESIAN_POINT('Ctrl Pts',(4.1632511257898,1.23519190396514,-0.271133936074259));
#4762=CARTESIAN_POINT('Ctrl Pts',(4.1595215519604,1.22126399118574,-0.33098403000526));
#4763=CARTESIAN_POINT('Ctrl Pts',(4.15683137816242,1.20854554880494,-0.374772512548814));
#4764=CARTESIAN_POINT('Ctrl Pts',(4.15370722723431,1.1907728639002,-0.425544196478107));
#4765=CARTESIAN_POINT('Ctrl Pts',(4.15323119526425,1.18798092178892,-0.433277203960174));
#4766=CARTESIAN_POINT('Ctrl Pts',(4.15275647629867,1.18511455026729,-0.440980444855271));
#4767=CARTESIAN_POINT('Origin',(0.,0.,0.));
#4768=CARTESIAN_POINT('',(3.65323907004371,1.1870508559069,-0.441698392555908));
#4769=CARTESIAN_POINT('',(3.79002549443104,1.18511454072499,-0.440980470499766));
#4770=CARTESIAN_POINT('',(0.,1.18511454072499,-0.440980470499767));
#4771=CARTESIAN_POINT('',(3.94341967366867,-0.00106259957175367,1.26449955353181));
#4772=CARTESIAN_POINT('Ctrl Pts',(3.79002549443104,1.18511454072499,-0.440980470499767));
#4773=CARTESIAN_POINT('Ctrl Pts',(3.79319591010397,1.20269360977014,-0.393737538598039));
#4774=CARTESIAN_POINT('Ctrl Pts',(3.7963663257769,1.21742282656309,-0.34549726893077));
#4775=CARTESIAN_POINT('Ctrl Pts',(3.79953674144982,1.2292140968824,-0.296636063258636));
#4776=CARTESIAN_POINT('Ctrl Pts',(3.80270715712275,1.24100536720172,-0.247774857586503));
#4777=CARTESIAN_POINT('Ctrl Pts',(3.80587757279568,1.24985865352377,-0.198293312307311));
#4778=CARTESIAN_POINT('Ctrl Pts',(3.80904798846861,1.25574125348294,-0.148573733550355));
#4779=CARTESIAN_POINT('Ctrl Pts',(3.81216816887927,1.26153064359764,-0.0996419619255309));
#4780=CARTESIAN_POINT('Ctrl Pts',(3.81528834928992,1.26446852253199,-0.0502629469173442));
#4781=CARTESIAN_POINT('Ctrl Pts',(3.81840852970058,1.26449974804843,-0.000798238973098336));
#4782=CARTESIAN_POINT('Ctrl Pts',(3.82152296199131,1.26453091603999,0.048575343127175));
#4783=CARTESIAN_POINT('Ctrl Pts',(3.82463739428204,1.26166605034474,0.0980337609275442));
#4784=CARTESIAN_POINT('Ctrl Pts',(3.82775182657277,1.25590178022625,0.147210626058474));
#4785=CARTESIAN_POINT('Ctrl Pts',(3.83086309354604,1.25014336855745,0.196337510847686));
#4786=CARTESIAN_POINT('Ctrl Pts',(3.83397436051931,1.24149144950461,0.245182867187063));
#4787=CARTESIAN_POINT('Ctrl Pts',(3.83708562749257,1.22999463386212,0.293382771597756));
#4788=CARTESIAN_POINT('Ctrl Pts',(3.84019505937592,1.21850459928042,0.341554246703195));
#4789=CARTESIAN_POINT('Ctrl Pts',(3.84330449125927,1.20417311924492,0.38908049141623));
#4790=CARTESIAN_POINT('Ctrl Pts',(3.84641392314262,1.18709988962731,0.43560773873616));
#4791=CARTESIAN_POINT('Ctrl Pts',(3.84952284716311,1.17002944857671,0.482127386770541));
#4792=CARTESIAN_POINT('Ctrl Pts',(3.85263177118361,1.15021833678899,0.52764784694112));
#4793=CARTESIAN_POINT('Ctrl Pts',(3.8557406952041,1.12781527671063,0.571832975280485));
#4794=CARTESIAN_POINT('Ctrl Pts',(3.85885266269604,1.10539028522662,0.616061358513137));
#4795=CARTESIAN_POINT('Ctrl Pts',(3.86196463018799,1.08036852890027,0.658951310195229));
#4796=CARTESIAN_POINT('Ctrl Pts',(3.86507659767993,1.05294501862911,0.70019071526559));
#4797=CARTESIAN_POINT('Ctrl Pts',(3.86819024790476,1.02550667965473,0.741452419702174));
#4798=CARTESIAN_POINT('Ctrl Pts',(3.87130389812958,0.995664331160727,0.78106136174529));
#4799=CARTESIAN_POINT('Ctrl Pts',(3.87441754835441,0.963654636905466,0.818736826318808));
#4800=CARTESIAN_POINT('Ctrl Pts',(3.87753701296983,0.931585168156641,0.856482645572902));
#4801=CARTESIAN_POINT('Ctrl Pts',(3.88065647758525,0.897340655424347,0.892287384733616));
#4802=CARTESIAN_POINT('Ctrl Pts',(3.88377594220067,0.861194965672918,0.925906842560104));
#4803=CARTESIAN_POINT('Ctrl Pts',(3.88533222454624,0.843162096009811,0.942679390139042));
#4804=CARTESIAN_POINT('Ctrl Pts',(3.88688850689181,0.824656553188536,0.9589086603625));
#4805=CARTESIAN_POINT('Ctrl Pts',(3.88844478923738,0.805715166350995,0.974568274012647));
#4806=CARTESIAN_POINT('Ctrl Pts',(3.89154941361862,0.767929033546912,1.0058076043806));
#4807=CARTESIAN_POINT('Ctrl Pts',(3.89465403799986,0.728233994167852,1.03491989864598));
#4808=CARTESIAN_POINT('Ctrl Pts',(3.8977586623811,0.68690003060617,1.06166312828187));
#4809=CARTESIAN_POINT('Ctrl Pts',(3.90085838916316,0.645631272093775,1.08836417000602));
#4810=CARTESIAN_POINT('Ctrl Pts',(3.90395811594523,0.602729167537317,1.11270324588017));
#4811=CARTESIAN_POINT('Ctrl Pts',(3.9070578427273,0.55849637508202,1.13447875653105));
#4812=CARTESIAN_POINT('Ctrl Pts',(3.91015431912138,0.514309965339538,1.15623143327973));
#4813=CARTESIAN_POINT('Ctrl Pts',(3.91325079551546,0.4687961237939,1.17542562078337));
#4814=CARTESIAN_POINT('Ctrl Pts',(3.91634727190954,0.422283878943918,1.19190460003478));
#4815=CARTESIAN_POINT('Ctrl Pts',(3.91944170104853,0.375802385960801,1.20837268410413));
#4816=CARTESIAN_POINT('Ctrl Pts',(3.92253613018753,0.328324319450411,1.22212893319833));
#4817=CARTESIAN_POINT('Ctrl Pts',(3.92563055932652,0.280198023732032,1.23306500943651));
#4818=CARTESIAN_POINT('Ctrl Pts',(3.9287259953752,0.232056067990085,1.24400464421185));
#4819=CARTESIAN_POINT('Ctrl Pts',(3.93182143142388,0.183265999792559,1.25212213706285));
#4820=CARTESIAN_POINT('Ctrl Pts',(3.93491686747256,0.13418861503968,1.25735979957756));
#4821=CARTESIAN_POINT('Ctrl Pts',(3.93775113618818,0.0892519747531636,1.26215555137956));
#4822=CARTESIAN_POINT('Ctrl Pts',(3.94058540490379,0.0440749096712097,1.26453748400197));
#4823=CARTESIAN_POINT('Ctrl Pts',(3.94341967361941,-0.00106259878731236,
1.26449955353247));
#4824=CARTESIAN_POINT('Ctrl Pts',(3.94341967366867,-0.00106259957175538,
1.26449955353181));
#4825=CARTESIAN_POINT('Ctrl Pts',(3.94713322675089,-0.0602032635221213,
1.26444985573317));
#4826=CARTESIAN_POINT('Ctrl Pts',(3.95084677983311,-0.119164282044705,1.26024725742274));
#4827=CARTESIAN_POINT('Ctrl Pts',(3.95456033291533,-0.177429571043271,1.2519900148641));
#4828=CARTESIAN_POINT('Ctrl Pts',(3.95832513763156,-0.236498993226774,1.24361881212656));
#4829=CARTESIAN_POINT('Ctrl Pts',(3.96208994234779,-0.294853314864408,1.23108036774935));
#4830=CARTESIAN_POINT('Ctrl Pts',(3.96585474706402,-0.351976382442481,1.21452578243638));
#4831=CARTESIAN_POINT('Ctrl Pts',(3.96651702804473,-0.362025116458671,1.21161360296824));
#4832=CARTESIAN_POINT('Ctrl Pts',(3.96717930902543,-0.372035802474947,1.20857725991236));
#4833=CARTESIAN_POINT('Ctrl Pts',(3.96784159000613,-0.382005699630285,1.20541772653714));
#4834=CARTESIAN_POINT('Ctrl Pts',(3.97096177326172,-0.428976558027952,1.1905323177453));
#4835=CARTESIAN_POINT('Ctrl Pts',(3.97408195651731,-0.475180073786392,1.17286440299105));
#4836=CARTESIAN_POINT('Ctrl Pts',(3.9772021397729,-0.52026409043758,1.15251270110188));
#4837=CARTESIAN_POINT('Ctrl Pts',(3.98031657467753,-0.565265048265369,1.13219849339666));
#4838=CARTESIAN_POINT('Ctrl Pts',(3.98343100958217,-0.609150101526676,1.1092105286073));
#4839=CARTESIAN_POINT('Ctrl Pts',(3.98654544448681,-0.651584016030816,1.08369669190837));
#4840=CARTESIAN_POINT('Ctrl Pts',(3.98965671392943,-0.693974801380272,1.05820878706661));
#4841=CARTESIAN_POINT('Ctrl Pts',(3.99276798337204,-0.734916899833529,1.03020037382041));
#4842=CARTESIAN_POINT('Ctrl Pts',(3.99587925281466,-0.774098740140359,0.999865686236461));
#4843=CARTESIAN_POINT('Ctrl Pts',(3.99898868702005,-0.813257468346671,0.969548892103737));
#4844=CARTESIAN_POINT('Ctrl Pts',(4.00209812122543,-0.850657562345443,0.936908877174531));
#4845=CARTESIAN_POINT('Ctrl Pts',(4.00520755543082,-0.886017752881066,0.902182238563576));
#4846=CARTESIAN_POINT('Ctrl Pts',(4.00831648162307,-0.921372166339509,0.867461273521356));
#4847=CARTESIAN_POINT('Ctrl Pts',(4.01142540781532,-0.954686947476905,0.830654746493362));
#4848=CARTESIAN_POINT('Ctrl Pts',(4.01453433400756,-0.985717084266584,0.792036665682205));
#4849=CARTESIAN_POINT('Ctrl Pts',(4.01764630343053,-1.01677759548774,0.753380782838224));
#4850=CARTESIAN_POINT('Ctrl Pts',(4.02075827285351,-1.04554865383366,0.712910234878197));
#4851=CARTESIAN_POINT('Ctrl Pts',(4.02387024227648,-1.07182621327736,0.670931306864948));
#4852=CARTESIAN_POINT('Ctrl Pts',(4.02698389429817,-1.09811798063312,0.628929681427363));
#4853=CARTESIAN_POINT('Ctrl Pts',(4.03009754631985,-1.12191330100049,0.585418533765172));
#4854=CARTESIAN_POINT('Ctrl Pts',(4.03321119834154,-1.14305390078166,0.540729165024254));
#4855=CARTESIAN_POINT('Ctrl Pts',(4.03633066452793,-1.16423397669183,0.49595634721835));
#4856=CARTESIAN_POINT('Ctrl Pts',(4.03945013071431,-1.1827492332802,0.45000142643084));
#4857=CARTESIAN_POINT('Ctrl Pts',(4.04256959690069,-1.19848999571536,0.403214558479974));
#4858=CARTESIAN_POINT('Ctrl Pts',(4.04412586152543,-1.2063428751122,0.379873145833194));
#4859=CARTESIAN_POINT('Ctrl Pts',(4.04568212615016,-1.21350600000435,0.356324885858248));
#4860=CARTESIAN_POINT('Ctrl Pts',(4.0472383907749,-1.21997050851021,0.332614203493093));
#4861=CARTESIAN_POINT('Ctrl Pts',(4.05035859811695,-1.23293141925905,0.285075858133923));
#4862=CARTESIAN_POINT('Ctrl Pts',(4.053478805459,-1.24313823688201,0.236673560720528));
#4863=CARTESIAN_POINT('Ctrl Pts',(4.05659901280106,-1.25048296917715,0.1877567410185));
#4864=CARTESIAN_POINT('Ctrl Pts',(4.05971347228085,-1.25781417143889,0.138930033001724));
#4865=CARTESIAN_POINT('Ctrl Pts',(4.06282793176064,-1.26229366426242,0.0895912206104782));
#4866=CARTESIAN_POINT('Ctrl Pts',(4.06594239124043,-1.26386394273783,0.0401021725994853));
#4867=CARTESIAN_POINT('Ctrl Pts',(4.06905368553902,-1.26543262536138,-0.00933658039056692));
#4868=CARTESIAN_POINT('Ctrl Pts',(4.0721649798376,-1.26409792924052,-0.0589247210681682));
#4869=CARTESIAN_POINT('Ctrl Pts',(4.07527627413619,-1.25985412415592,-0.108295133073099));
#4870=CARTESIAN_POINT('Ctrl Pts',(4.07838573342899,-1.255612822019,-0.157636426973939));
#4871=CARTESIAN_POINT('Ctrl Pts',(4.0814951927218,-1.24846585674853,-0.206759701036245));
#4872=CARTESIAN_POINT('Ctrl Pts',(4.08460465201461,-1.23845952340859,-0.255300330745134));
#4873=CARTESIAN_POINT('Ctrl Pts',(4.08771360347677,-1.2284548242829,-0.303833032895914));
#4874=CARTESIAN_POINT('Ctrl Pts',(4.09082255493894,-1.21559179585925,-0.351782742803107));
#4875=CARTESIAN_POINT('Ctrl Pts',(4.0939315064011,-1.19996782657471,-0.39879501650043));
#4876=CARTESIAN_POINT('Ctrl Pts',(4.09704350116545,-1.18432856323991,-0.445853309750338));
#4877=CARTESIAN_POINT('Ctrl Pts',(4.1001554959298,-1.16592313737788,-0.491971813393189));
#4878=CARTESIAN_POINT('Ctrl Pts',(4.10326749069415,-1.14489826993199,-0.536813004226547));
#4879=CARTESIAN_POINT('Ctrl Pts',(4.10638116813486,-1.12386203419975,-0.581678440991485));
#4880=CARTESIAN_POINT('Ctrl Pts',(4.10949484557558,-1.10020379854999,-0.625264707063107));
#4881=CARTESIAN_POINT('Ctrl Pts',(4.1126085230163,-1.07411612174567,-0.66725917528801));
#4882=CARTESIAN_POINT('Ctrl Pts',(4.11572801443997,-1.04797973298864,-0.709332057262273));
#4883=CARTESIAN_POINT('Ctrl Pts',(4.11884750586364,-1.01940516592823,-0.74980676093257));
#4884=CARTESIAN_POINT('Ctrl Pts',(4.12196699728731,-0.988627172561907,-0.788401270719581));
#4885=CARTESIAN_POINT('Ctrl Pts',(4.12352306203943,-0.97327449351471,-0.807652984588366));
#4886=CARTESIAN_POINT('Ctrl Pts',(4.12507912679154,-0.957374162788252,-0.826437410794169));
#4887=CARTESIAN_POINT('Ctrl Pts',(4.12663519154365,-0.940958690025235,-0.844723027782476));
#4888=CARTESIAN_POINT('Ctrl Pts',(4.12975526923439,-0.908043896292421,-0.881387662431521));
#4889=CARTESIAN_POINT('Ctrl Pts',(4.13287534692512,-0.872910015461606,-0.916206833977916));
#4890=CARTESIAN_POINT('Ctrl Pts',(4.13599542461585,-0.835792068870715,-0.948900346513168));
#4891=CARTESIAN_POINT('Ctrl Pts',(4.13910975424326,-0.798742504008907,-0.981533628375059));
#4892=CARTESIAN_POINT('Ctrl Pts',(4.14222408387067,-0.759716531098468,-1.01204865824867));
#4893=CARTESIAN_POINT('Ctrl Pts',(4.14533841349808,-0.718986999863914,-1.04020091522104));
#4894=CARTESIAN_POINT('Ctrl Pts',(4.14844957792789,-0.6782988634174,-1.06832456011085));
#4895=CARTESIAN_POINT('Ctrl Pts',(4.15156074235769,-0.635911045259429,-1.09408987540661));
#4896=CARTESIAN_POINT('Ctrl Pts',(4.15467190678749,-0.592128878765084,-1.11729299690475));
#4897=CARTESIAN_POINT('Ctrl Pts',(4.15778123643492,-0.548372532425678,-1.14048243456219));
#4898=CARTESIAN_POINT('Ctrl Pts',(4.16089056608234,-0.503223950603751,-1.1611124153458));
#4899=CARTESIAN_POINT('Ctrl Pts',(4.16399989572976,-0.457014582774372,-1.1790241393337));
#4900=CARTESIAN_POINT('Ctrl Pts',(4.16710871800962,-0.410812755198845,-1.19693294056043));
#4901=CARTESIAN_POINT('Ctrl Pts',(4.17021754028946,-0.363550996894591,-1.21212416831373));
#4902=CARTESIAN_POINT('Ctrl Pts',(4.17332636256932,-0.315579907223359,-1.22448747325438));
#4903=CARTESIAN_POINT('Ctrl Pts',(4.17643822986242,-0.267561831076042,-1.23686288774134));
#4904=CARTESIAN_POINT('Ctrl Pts',(4.17955009715552,-0.218833568966662,-1.24640471299681));
#4905=CARTESIAN_POINT('Ctrl Pts',(4.18266196444862,-0.169758251662192,-1.2530532255226));
#4906=CARTESIAN_POINT('Ctrl Pts',(4.18577551520549,-0.120656385501092,-1.25970533477309));
#4907=CARTESIAN_POINT('Ctrl Pts',(4.18888906596236,-0.0712076379029314,
-1.26346097297039));
#4908=CARTESIAN_POINT('Ctrl Pts',(4.19200261671923,-0.0217790739438487,
-1.26431243050844));
#4909=CARTESIAN_POINT('Ctrl Pts',(4.19512198415661,0.0277418315850722,-1.26516547872441));
#4910=CARTESIAN_POINT('Ctrl Pts',(4.19824135159399,0.0772419297938415,-1.26310354079918));
#4911=CARTESIAN_POINT('Ctrl Pts',(4.20136071903137,0.126356999993271,-1.25817095760183));
#4912=CARTESIAN_POINT('Ctrl Pts',(4.20291781012505,0.150873713688698,-1.2557087656608));
#4913=CARTESIAN_POINT('Ctrl Pts',(4.20447490121873,0.175294618372752,-1.25253210332177));
#4914=CARTESIAN_POINT('Ctrl Pts',(4.20603199231241,0.199575512368638,-1.24865121826025));
#4915=CARTESIAN_POINT('Ctrl Pts',(4.20915225025609,0.248232044204023,-1.24087430495642));
#4916=CARTESIAN_POINT('Ctrl Pts',(4.21227250819977,0.296541052246615,-1.23023189463095));
#4917=CARTESIAN_POINT('Ctrl Pts',(4.21539276614345,0.344139641761655,-1.2167695578737));
#4918=CARTESIAN_POINT('Ctrl Pts',(4.21850727467199,0.391650525690739,-1.20333202693834));
#4919=CARTESIAN_POINT('Ctrl Pts',(4.22162178320053,0.438453063709645,-1.18708502293983));
#4920=CARTESIAN_POINT('Ctrl Pts',(4.22473629172907,0.484193828461858,-1.16812524434645));
#4921=CARTESIAN_POINT('Ctrl Pts',(4.22784763407864,0.529888093599073,-1.14918474007893));
#4922=CARTESIAN_POINT('Ctrl Pts',(4.2309589764282,0.574522217918328,-1.12753712961371));
#4923=CARTESIAN_POINT('Ctrl Pts',(4.23407031877777,0.617759324062656,-1.10332844952609));
#4924=CARTESIAN_POINT('Ctrl Pts',(4.23717982504742,0.660970914923469,-1.07913405557811));
#4925=CARTESIAN_POINT('Ctrl Pts',(4.24028933131708,0.702786643025522,-1.05238185350983));
#4926=CARTESIAN_POINT('Ctrl Pts',(4.24339883758673,0.742893336094834,-1.02326425774865));
#4927=CARTESIAN_POINT('Ctrl Pts',(4.24650783487393,0.782993464262428,-0.994151428128468));
#4928=CARTESIAN_POINT('Ctrl Pts',(4.24961683216113,0.821384669672294,-0.962674296393086));
#4929=CARTESIAN_POINT('Ctrl Pts',(4.25272582944833,0.857784106816131,-0.929067638061757));
#4930=CARTESIAN_POINT('Ctrl Pts',(4.25583786796165,0.894219149947652,-0.895428105643449));
#4931=CARTESIAN_POINT('Ctrl Pts',(4.25894990647497,0.92865813167204,-0.85965526117075));
#4932=CARTESIAN_POINT('Ctrl Pts',(4.26206194498829,0.96085394938819,-0.822021859773277));
#4933=CARTESIAN_POINT('Ctrl Pts',(4.26517566506051,0.993067163792516,-0.784368123543656));
#4934=CARTESIAN_POINT('Ctrl Pts',(4.26828938513272,1.02303446883213,-0.744852266049406));
#4935=CARTESIAN_POINT('Ctrl Pts',(4.27140310520494,1.05055033159012,-0.703778552384114));
#4936=CARTESIAN_POINT('Ctrl Pts',(4.27452263705176,1.07811755284817,-0.662628174419978));
#4937=CARTESIAN_POINT('Ctrl Pts',(4.27764216889858,1.10322392161072,-0.619914610120509));
#4938=CARTESIAN_POINT('Ctrl Pts',(4.28076170074541,1.12570918110078,-0.575967958818382));
#4939=CARTESIAN_POINT('Ctrl Pts',(4.28231739819066,1.1369224856805,-0.554051948174713));
#4940=CARTESIAN_POINT('Ctrl Pts',(4.28387309563592,1.14748467357637,-0.531829601248093));
#4941=CARTESIAN_POINT('Ctrl Pts',(4.28542879308117,1.15738042703023,-0.509343496205965));
#4942=CARTESIAN_POINT('Ctrl Pts',(4.28698460503836,1.16727690889172,-0.486855736004334));
#4943=CARTESIAN_POINT('Ctrl Pts',(4.28854041699556,1.17652863032273,-0.464054706081107));
#4944=CARTESIAN_POINT('Ctrl Pts',(4.29009622895275,1.18511454072499,-0.44098047049977));
#4945=CARTESIAN_POINT('',(3.80661202260522,-0.000417606255994027,1.26634176202438));
#4946=CARTESIAN_POINT('Ctrl Pts',(4.15275647629867,1.18511455026729,-0.440980444855271));
#4947=CARTESIAN_POINT('Ctrl Pts',(4.1477218632136,1.15471536124065,-0.522676859406324));
#4948=CARTESIAN_POINT('Ctrl Pts',(4.14285216792816,1.11594450229554,-0.60102625573221));
#4949=CARTESIAN_POINT('Ctrl Pts',(4.1360708518185,1.05450065019025,-0.698404790049507));
#4950=CARTESIAN_POINT('Ctrl Pts',(4.13439860195196,1.03881328870337,-0.721531416316767));
#4951=CARTESIAN_POINT('Ctrl Pts',(4.13209103757436,1.0167106424635,-0.75189915987225));
#4952=CARTESIAN_POINT('Ctrl Pts',(4.13149459458477,1.01095859804809,-0.759615413876762));
#4953=CARTESIAN_POINT('Ctrl Pts',(4.13053450779579,1.00165063978153,-0.771808864875998));
#4954=CARTESIAN_POINT('Ctrl Pts',(4.1301746724666,0.998151335801041,-0.776329077239663));
#4955=CARTESIAN_POINT('Ctrl Pts',(4.12939829110748,0.990581996303744,-0.785970962904244));
#4956=CARTESIAN_POINT('Ctrl Pts',(4.12898107988506,0.986502652854113,-0.791085050575131));
#4957=CARTESIAN_POINT('Ctrl Pts',(4.12788159411234,0.975716697492137,-0.804393750368941));
#4958=CARTESIAN_POINT('Ctrl Pts',(4.12719508473801,0.968946654700637,-0.812535994431487));
#4959=CARTESIAN_POINT('Ctrl Pts',(4.12370537418496,0.93431554612933,-0.853138073566841));
#4960=CARTESIAN_POINT('Ctrl Pts',(4.12081479210878,0.904924534358492,-0.884251663156571));
#4961=CARTESIAN_POINT('Ctrl Pts',(4.11341435067753,0.826712961148673,-0.9590571445278));
#4962=CARTESIAN_POINT('Ctrl Pts',(4.10887400785871,0.775965019791637,-1.00056169793716));
#4963=CARTESIAN_POINT('Ctrl Pts',(4.10062335509023,0.676403735862027,-1.0698389253348));
#4964=CARTESIAN_POINT('Ctrl Pts',(4.09689687692962,0.628509391652662,-1.09866041400247));
#4965=CARTESIAN_POINT('Ctrl Pts',(4.09217072416604,0.563597168258755,-1.13208357631414));
#4966=CARTESIAN_POINT('Ctrl Pts',(4.0910700899566,0.548174587472421,-1.13963137061484));
#4967=CARTESIAN_POINT('Ctrl Pts',(4.08925753846615,0.522274763178769,-1.15165923164369));
#4968=CARTESIAN_POINT('Ctrl Pts',(4.08853962102686,0.511882510086123,-1.15631579759613));
#4969=CARTESIAN_POINT('Ctrl Pts',(4.08712508437056,0.491146541531407,-1.16527283020693));
#4970=CARTESIAN_POINT('Ctrl Pts',(4.08642837318208,0.480805786390383,-1.16957748896858));
#4971=CARTESIAN_POINT('Ctrl Pts',(4.084735891856,0.455383639880075,-1.17976608349343));
#4972=CARTESIAN_POINT('Ctrl Pts',(4.08374524033668,0.440243611630868,-1.18549899635143));
#4973=CARTESIAN_POINT('Ctrl Pts',(4.07981597044403,0.37922244635291,-1.2072749243545));
#4974=CARTESIAN_POINT('Ctrl Pts',(4.0769541102361,0.332541360282661,-1.22095838225697));
#4975=CARTESIAN_POINT('Ctrl Pts',(4.07100000469382,0.232400320232368,-1.24414058682254));
#4976=CARTESIAN_POINT('Ctrl Pts',(4.0679255206013,0.178884658625896,-1.25295495668282));
#4977=CARTESIAN_POINT('Ctrl Pts',(4.06126841269431,0.0631836680001299,-1.26444577835325));
#4978=CARTESIAN_POINT('Ctrl Pts',(4.05768583097989,0.00103754890930207,
-1.26602227208812));
#4979=CARTESIAN_POINT('Ctrl Pts',(4.05320484282643,-0.0722470617705847,
-1.26248493185072));
#4980=CARTESIAN_POINT('Ctrl Pts',(4.05250820399589,-0.0835212935614198,
-1.26178921144407));
#4981=CARTESIAN_POINT('Ctrl Pts',(4.05138613057829,-0.101458318801645,-1.26044089692854));
#4982=CARTESIAN_POINT('Ctrl Pts',(4.05096585944501,-0.108128135078274,-1.2598862435385));
#4983=CARTESIAN_POINT('Ctrl Pts',(4.05013953284197,-0.121139469444843,-1.25870015914889));
#4984=CARTESIAN_POINT('Ctrl Pts',(4.04973374417684,-0.127481158724036,-1.25807369001915));
#4985=CARTESIAN_POINT('Ctrl Pts',(4.04869925824206,-0.14353460713862,-1.25636521601878));
#4986=CARTESIAN_POINT('Ctrl Pts',(4.04806716809806,-0.153238940523182,-1.25521852782404));
#4987=CARTESIAN_POINT('Ctrl Pts',(4.04534589862496,-0.194617767046257,-1.24984212128545));
#4988=CARTESIAN_POINT('Ctrl Pts',(4.04320789888504,-0.226136869498057,-1.24452528137053));
#4989=CARTESIAN_POINT('Ctrl Pts',(4.0363432671424,-0.325251488894203,-1.22391668180718));
#4990=CARTESIAN_POINT('Ctrl Pts',(4.03152889264827,-0.391810363676728,-1.20426129490105));
#4991=CARTESIAN_POINT('Ctrl Pts',(4.02243213482841,-0.515945363633696,-1.15621542833449));
#4992=CARTESIAN_POINT('Ctrl Pts',(4.0181501239209,-0.573643653467976,-1.12870224372124));
#4993=CARTESIAN_POINT('Ctrl Pts',(4.01288199008693,-0.64419209052677,-1.08824744782735));
#4994=CARTESIAN_POINT('Ctrl Pts',(4.0117604128361,-0.65917831653604,-1.07923581957832));
#4995=CARTESIAN_POINT('Ctrl Pts',(4.0099230516708,-0.683661098749154,-1.06381334991906));
#4996=CARTESIAN_POINT('Ctrl Pts',(4.00920092062347,-0.693265655185132,-1.05757935248471));
#4997=CARTESIAN_POINT('Ctrl Pts',(4.00778493458564,-0.712056356328559,-1.04501693120742));
#4998=CARTESIAN_POINT('Ctrl Pts',(4.00709089552905,-0.721246043744109,-1.03869571972876));
#4999=CARTESIAN_POINT('Ctrl Pts',(4.00541674951774,-0.743352656849756,-1.02305461155263));
#5000=CARTESIAN_POINT('Ctrl Pts',(4.00444149241386,-0.756179643294435,-1.01361052321579));
#5001=CARTESIAN_POINT('Ctrl Pts',(4.00068599269832,-0.8053105281934,-0.975985186402789));
#5002=CARTESIAN_POINT('Ctrl Pts',(3.99797357472041,-0.840247694263075,-0.94607429505606));
#5003=CARTESIAN_POINT('Ctrl Pts',(3.98962372780246,-0.944240221493471,-0.846727172419527));
#5004=CARTESIAN_POINT('Ctrl Pts',(3.98419143886692,-1.00690624217266,-0.771150802551531));
#5005=CARTESIAN_POINT('Ctrl Pts',(3.97689296732562,-1.07420056497663,-0.667615713684706));
#5006=CARTESIAN_POINT('Ctrl Pts',(3.97535361643346,-1.08751484617924,-0.645700289928258));
#5007=CARTESIAN_POINT('Ctrl Pts',(3.97320223688627,-1.1047592428672,-0.615267882312254));
#5008=CARTESIAN_POINT('Ctrl Pts',(3.97262266057886,-1.1092751944276,-0.607088200032324));
#5009=CARTESIAN_POINT('Ctrl Pts',(3.97164738305142,-1.11665024204463,-0.593372812951321));
#5010=CARTESIAN_POINT('Ctrl Pts',(3.97125476815094,-1.11955992094337,-0.587864474308184));
#5011=CARTESIAN_POINT('Ctrl Pts',(3.97042732387319,-1.12556568600918,-0.576288586006099));
#5012=CARTESIAN_POINT('Ctrl Pts',(3.96999205347217,-1.12865361068955,-0.57021721284832));
#5013=CARTESIAN_POINT('Ctrl Pts',(3.96879154908694,-1.1369804972485,-0.55351252188298));
#5014=CARTESIAN_POINT('Ctrl Pts',(3.96802065876486,-1.14211908798823,-0.542830293834727));
#5015=CARTESIAN_POINT('Ctrl Pts',(3.9628437817985,-1.1753063607815,-0.471281862674083));
#5016=CARTESIAN_POINT('Ctrl Pts',(3.95823123143067,-1.19862584206312,-0.408345591327267));
#5017=CARTESIAN_POINT('Ctrl Pts',(3.94752911449062,-1.24089387201113,-0.258770167157446));
#5018=CARTESIAN_POINT('Ctrl Pts',(3.94148094996862,-1.25595191678343,-0.171374295878973));
#5019=CARTESIAN_POINT('Ctrl Pts',(3.93438818588645,-1.26310445787849,-0.0627872993720598));
#5020=CARTESIAN_POINT('Ctrl Pts',(3.93307534336882,-1.26395199784039,-0.0424327973079713));
#5021=CARTESIAN_POINT('Ctrl Pts',(3.93101123143157,-1.2645174221671,-0.0100354432911443));
#5022=CARTESIAN_POINT('Ctrl Pts',(3.9302501511169,-1.26455567190621,0.00199751892096473));
#5023=CARTESIAN_POINT('Ctrl Pts',(3.92881012658149,-1.26430128791498,0.0249240499328421));
#5024=CARTESIAN_POINT('Ctrl Pts',(3.92813028019308,-1.2640396052049,0.0358168015806811));
#5025=CARTESIAN_POINT('Ctrl Pts',(3.92656912102077,-1.26310955024913,0.0609800543526962));
#5026=CARTESIAN_POINT('Ctrl Pts',(3.9256910394975,-1.26234006779947,0.0752454774384594));
#5027=CARTESIAN_POINT('Ctrl Pts',(3.92281152185144,-1.25899745042102,0.122355682980247));
#5028=CARTESIAN_POINT('Ctrl Pts',(3.92084224846906,-1.25538255149931,0.155114178119856));
#5029=CARTESIAN_POINT('Ctrl Pts',(3.91594604346951,-1.24304041662446,0.237341398820622));
#5030=CARTESIAN_POINT('Ctrl Pts',(3.91306345521132,-1.23263868396891,0.286500847251338));
#5031=CARTESIAN_POINT('Ctrl Pts',(3.90536776726377,-1.19698217597566,0.416317787056106));
#5032=CARTESIAN_POINT('Ctrl Pts',(3.90060371765217,-1.16653028951489,0.495267832173021));
#5033=CARTESIAN_POINT('Ctrl Pts',(3.89471217143319,-1.12285075467745,0.581653049637378));
#5034=CARTESIAN_POINT('Ctrl Pts',(3.89394935473815,-1.11709174357365,0.592638251660177));
#5035=CARTESIAN_POINT('Ctrl Pts',(3.89274573501959,-1.10786613279819,0.609623543716653));
#5036=CARTESIAN_POINT('Ctrl Pts',(3.89231146175396,-1.10451005920963,0.615683162867997));
#5037=CARTESIAN_POINT('Ctrl Pts',(3.89147922524792,-1.09803129529282,0.627157550516852));
#5038=CARTESIAN_POINT('Ctrl Pts',(3.89108182756817,-1.09491798109015,0.632577209880002));
#5039=CARTESIAN_POINT('Ctrl Pts',(3.89009942687879,-1.08717108726464,0.645834479778053));
#5040=CARTESIAN_POINT('Ctrl Pts',(3.8895116953094,-1.0824928400695,0.653645460455266));
#5041=CARTESIAN_POINT('Ctrl Pts',(3.88724368438619,-1.06425850126777,0.683357527785008));
#5042=CARTESIAN_POINT('Ctrl Pts',(3.8855319364805,-1.05011955532301,0.704891757958458));
#5043=CARTESIAN_POINT('Ctrl Pts',(3.88068447900375,-1.00879213215418,0.763829792118129));
#5044=CARTESIAN_POINT('Ctrl Pts',(3.87750328252045,-0.980195444572281,0.800196240536392));
#5045=CARTESIAN_POINT('Ctrl Pts',(3.86819249660206,-0.890909330957194,0.901754842292986));
#5046=CARTESIAN_POINT('Ctrl Pts',(3.86210349501946,-0.825243227909131,0.962216036328983));
#5047=CARTESIAN_POINT('Ctrl Pts',(3.85497717821871,-0.73744663545424,1.02739750045036));
#5048=CARTESIAN_POINT('Ctrl Pts',(3.85366752441185,-0.720840872208279,1.03911581603783));
#5049=CARTESIAN_POINT('Ctrl Pts',(3.85160718621549,-0.693972004217138,1.05712234128885));
#5050=CARTESIAN_POINT('Ctrl Pts',(3.85084675308561,-0.683889731578435,1.06367271208607));
#5051=CARTESIAN_POINT('Ctrl Pts',(3.84940723750943,-0.664493196966152,1.07588465908554));
#5052=CARTESIAN_POINT('Ctrl Pts',(3.84872726354206,-0.655196218309332,1.08157151215427));
#5053=CARTESIAN_POINT('Ctrl Pts',(3.84716479246337,-0.6335286207647,1.09444339851989));
#5054=CARTESIAN_POINT('Ctrl Pts',(3.84628554542926,-0.62110714719016,1.10154019599371));
#5055=CARTESIAN_POINT('Ctrl Pts',(3.84339707639539,-0.579576635967514,1.12434202925586));
#5056=CARTESIAN_POINT('Ctrl Pts',(3.84142030784036,-0.549970910930306,1.1391164739385));
#5057=CARTESIAN_POINT('Ctrl Pts',(3.83649855468243,-0.473764800283256,1.17348172311154));
#5058=CARTESIAN_POINT('Ctrl Pts',(3.83359857486905,-0.426506531060404,1.19147180665788));
#5059=CARTESIAN_POINT('Ctrl Pts',(3.82799680911558,-0.332991783566263,1.22079115086185));
#5060=CARTESIAN_POINT('Ctrl Pts',(3.82529760224358,-0.286924107522477,1.23243208374982));
#5061=CARTESIAN_POINT('Ctrl Pts',(3.8202354531113,-0.201334170721869,1.24900002254238));
#5062=CARTESIAN_POINT('Ctrl Pts',(3.81789221841178,-0.162025489527067,1.25470460624242));
#5063=CARTESIAN_POINT('Ctrl Pts',(3.81481310148431,-0.11196343713057,1.25957805895217));
#5064=CARTESIAN_POINT('Ctrl Pts',(3.81415787013113,-0.101397081671285,1.2604726543943));
#5065=CARTESIAN_POINT('Ctrl Pts',(3.8130867971874,-0.0842928845338881,1.26170432299227));
#5066=CARTESIAN_POINT('Ctrl Pts',(3.81267533007966,-0.0777612572242236,
1.26212371475377));
#5067=CARTESIAN_POINT('Ctrl Pts',(3.81190098110064,-0.0655497691200487,
1.26281265812737));
#5068=CARTESIAN_POINT('Ctrl Pts',(3.8115388128057,-0.0598707477947302,1.2630946409187));
#5069=CARTESIAN_POINT('Ctrl Pts',(3.81063997699406,-0.0458508494680795,
1.26369601637182));
#5070=CARTESIAN_POINT('Ctrl Pts',(3.81010099275131,-0.0375084546327723,
1.26397113463831));
#5071=CARTESIAN_POINT('Ctrl Pts',(3.80893349762467,-0.019562333456555,1.26438515110527));
#5072=CARTESIAN_POINT('Ctrl Pts',(3.80830377485777,-0.00995857997958493,
1.26449725528181));
#5073=CARTESIAN_POINT('Ctrl Pts',(3.80766970647631,-0.000354834711102578,
1.26449995021444));
#5074=CARTESIAN_POINT('Ctrl Pts',(3.8065797956937,-0.000419518862471899,
1.26639788078337));
#5075=CARTESIAN_POINT('Ctrl Pts',(3.78160307583968,0.394800791067212,1.264657814681));
#5076=CARTESIAN_POINT('Ctrl Pts',(3.73048950062299,1.20669729636667,0.855626738910512));
#5077=CARTESIAN_POINT('Ctrl Pts',(3.67937592540628,1.33077253115631,-0.0540516359862886));
#5078=CARTESIAN_POINT('Ctrl Pts',(3.6532390700436,1.1870508559063,-0.441698392557535));
#5079=CARTESIAN_POINT('Origin',(0.,0.,0.));
#5080=CARTESIAN_POINT('',(3.15278272173908,1.18511455234041,-0.440980439283854));
#5081=CARTESIAN_POINT('',(3.29008106216035,1.18511454072499,-0.440980470499768));
#5082=CARTESIAN_POINT('',(0.,1.18511454072499,-0.440980470499767));
#5083=CARTESIAN_POINT('',(3.44341967356136,0.000683615143790758,1.26449981521167));
#5084=CARTESIAN_POINT('Ctrl Pts',(3.29008106216035,1.18511454072499,-0.440980470499768));
#5085=CARTESIAN_POINT('Ctrl Pts',(3.29318997368895,1.20239516550331,-0.394539593709038));
#5086=CARTESIAN_POINT('Ctrl Pts',(3.29629888521755,1.21694457594533,-0.347074297590202));
#5087=CARTESIAN_POINT('Ctrl Pts',(3.29940779674615,1.22865666825849,-0.298936517581822));
#5088=CARTESIAN_POINT('Ctrl Pts',(3.30251969613315,1.24038001662481,-0.250752474156416));
#5089=CARTESIAN_POINT('Ctrl Pts',(3.30563159552015,1.24926047232013,-0.20189519051983));
#5090=CARTESIAN_POINT('Ctrl Pts',(3.30874349490715,1.25524270169745,-0.152728549509523));
#5091=CARTESIAN_POINT('Ctrl Pts',(3.31185700617242,1.261228029705,-0.103536441531851));
#5092=CARTESIAN_POINT('Ctrl Pts',(3.31497051743769,1.26431210707308,-0.0540352052335924));
#5093=CARTESIAN_POINT('Ctrl Pts',(3.31808402870296,1.26449166191198,-0.00459205347058565));
#5094=CARTESIAN_POINT('Ctrl Pts',(3.3212034126678,1.26467155542691,0.0449443578797434));
#5095=CARTESIAN_POINT('Ctrl Pts',(3.32432279663263,1.26193602030908,0.0944219176695171));
#5096=CARTESIAN_POINT('Ctrl Pts',(3.32744218059746,1.25633381427798,0.143476817297192));
#5097=CARTESIAN_POINT('Ctrl Pts',(3.32918384835033,1.25320589488772,0.170865987006624));
#5098=CARTESIAN_POINT('Ctrl Pts',(3.3309255161032,1.2491852463611,0.198123542179308));
#5099=CARTESIAN_POINT('Ctrl Pts',(3.33266718385607,1.24428721770235,0.225187854607076));
#5100=CARTESIAN_POINT('Ctrl Pts',(3.33578735887943,1.23551246335577,0.27367321671054));
#5101=CARTESIAN_POINT('Ctrl Pts',(3.3389075339028,1.22388008492866,0.321752292538398));
#5102=CARTESIAN_POINT('Ctrl Pts',(3.34202770892617,1.20944309253236,0.369063213996965));
#5103=CARTESIAN_POINT('Ctrl Pts',(3.34514213579304,1.19503269675035,0.41628697669728));
#5104=CARTESIAN_POINT('Ctrl Pts',(3.34825656265991,1.17782809314811,0.462744871216907));
#5105=CARTESIAN_POINT('Ctrl Pts',(3.35137098952678,1.15793321459761,0.508085544501763));
#5106=CARTESIAN_POINT('Ctrl Pts',(3.35448225105813,1.13805855612876,0.553380135971456));
#5107=CARTESIAN_POINT('Ctrl Pts',(3.35759351258949,1.11549925484399,0.597559254069501));
#5108=CARTESIAN_POINT('Ctrl Pts',(3.36070477412085,1.09040823138654,0.640289105736204));
#5109=CARTESIAN_POINT('Ctrl Pts',(3.36381420055452,1.06533200722474,0.682993754297558));
#5110=CARTESIAN_POINT('Ctrl Pts',(3.36692362698819,1.03772729634289,0.724250357626882));
#5111=CARTESIAN_POINT('Ctrl Pts',(3.37003305342186,1.00779290035068,0.76374977577919));
#5112=CARTESIAN_POINT('Ctrl Pts',(3.37314197199513,0.977863393521921,0.803242742519833));
#5113=CARTESIAN_POINT('Ctrl Pts',(3.37625089056841,0.945605288958697,0.840978657463427));
#5114=CARTESIAN_POINT('Ctrl Pts',(3.37935980914169,0.911259117000038,0.876679571841566));
#5115=CARTESIAN_POINT('Ctrl Pts',(3.38247177123318,0.876879321388167,0.912415436116474));
#5116=CARTESIAN_POINT('Ctrl Pts',(3.38558373332467,0.840407758945417,0.946111926896229));
#5117=CARTESIAN_POINT('Ctrl Pts',(3.38869569541616,0.802122196815371,0.977527611567102));
#5118=CARTESIAN_POINT('Ctrl Pts',(3.39180934025926,0.763815932282993,1.00896028384655));
#5119=CARTESIAN_POINT('Ctrl Pts',(3.39492298510236,0.723694159141794,1.03810937141154));
#5120=CARTESIAN_POINT('Ctrl Pts',(3.39803662994546,0.682065292599262,1.06477565084457));
#5121=CARTESIAN_POINT('Ctrl Pts',(3.40115608927128,0.640358687477822,1.09149172742175));
#5122=CARTESIAN_POINT('Ctrl Pts',(3.40427554859711,0.597139850783437,1.11571547404813));
#5123=CARTESIAN_POINT('Ctrl Pts',(3.40739500792293,0.552742095043541,1.13729346536717));
#5124=CARTESIAN_POINT('Ctrl Pts',(3.40895133349023,0.53059166601997,1.1480589141431));
#5125=CARTESIAN_POINT('Ctrl Pts',(3.41050765905752,0.508148106465263,1.15816656181306));
#5126=CARTESIAN_POINT('Ctrl Pts',(3.41206398462482,0.485454353960639,1.16760195281639));
#5127=CARTESIAN_POINT('Ctrl Pts',(3.41554241588861,0.434733181049547,1.18869031616513));
#5128=CARTESIAN_POINT('Ctrl Pts',(3.4190208471524,0.382571209671452,1.20649671874284));
#5129=CARTESIAN_POINT('Ctrl Pts',(3.42249927841619,0.329383874457176,1.22084663789011));
#5130=CARTESIAN_POINT('Ctrl Pts',(3.42598601094038,0.276069607909094,1.23523080305421));
#5131=CARTESIAN_POINT('Ctrl Pts',(3.42947274346458,0.221725345118733,1.24614174155769));
#5132=CARTESIAN_POINT('Ctrl Pts',(3.43295947598877,0.166791877889794,1.25345152258474));
#5133=CARTESIAN_POINT('Ctrl Pts',(3.43644620851297,0.111858410660859,1.26076130361178));
#5134=CARTESIAN_POINT('Ctrl Pts',(3.43993294103716,0.0563360431267847,1.26446972834087));
#5135=CARTESIAN_POINT('Ctrl Pts',(3.44341967356136,0.000683615143788105,
1.26449981521167));
#5136=CARTESIAN_POINT('Ctrl Pts',(3.44341967361941,0.000683614217194285,
1.26449981521217));
#5137=CARTESIAN_POINT('Ctrl Pts',(3.44656650261337,-0.049543546240437,1.26452696903265));
#5138=CARTESIAN_POINT('Ctrl Pts',(3.44971333160733,-0.0997714890736606,
1.26155717600829));
#5139=CARTESIAN_POINT('Ctrl Pts',(3.45286016060129,-0.149624439374583,1.25561649285992));
#5140=CARTESIAN_POINT('Ctrl Pts',(3.45607687933398,-0.200584602580399,1.24954386965573));
#5141=CARTESIAN_POINT('Ctrl Pts',(3.45929359806667,-0.251152336700438,1.24036682019585));
#5142=CARTESIAN_POINT('Ctrl Pts',(3.46251031679936,-0.300934880343704,1.22816873750821));
#5143=CARTESIAN_POINT('Ctrl Pts',(3.46566314222658,-0.349728599183603,1.2162129439009));
#5144=CARTESIAN_POINT('Ctrl Pts',(3.46881596765379,-0.397767545342131,1.20135528755095));
#5145=CARTESIAN_POINT('Ctrl Pts',(3.47196879308101,-0.444697892513929,1.1837246446677));
#5146=CARTESIAN_POINT('Ctrl Pts',(3.47521745846644,-0.493054833899616,1.16555806342813));
#5147=CARTESIAN_POINT('Ctrl Pts',(3.47846612385187,-0.540234110221045,1.14444737444848));
#5148=CARTESIAN_POINT('Ctrl Pts',(3.4817147892373,-0.58587442208338,1.12058529864909));
#5149=CARTESIAN_POINT('Ctrl Pts',(3.48496345462272,-0.631514733945716,1.09672322284969));
#5150=CARTESIAN_POINT('Ctrl Pts',(3.48821212000815,-0.675615602138212,1.07011013926349));
#5151=CARTESIAN_POINT('Ctrl Pts',(3.49146078539358,-0.717849485459782,1.04098624689528));
#5152=CARTESIAN_POINT('Ctrl Pts',(3.49458096028398,-0.758412943566342,1.01301425627859));
#5153=CARTESIAN_POINT('Ctrl Pts',(3.49770113517438,-0.797428822776525,0.982605858115803));
#5154=CARTESIAN_POINT('Ctrl Pts',(3.50082131006479,-0.834589237862684,0.949958448588034));
#5155=CARTESIAN_POINT('Ctrl Pts',(3.50393573679391,-0.871681193946818,0.91737118395019));
#5156=CARTESIAN_POINT('Ctrl Pts',(3.50705016352303,-0.906924056511412,0.882553447863569));
#5157=CARTESIAN_POINT('Ctrl Pts',(3.51016459025215,-0.940040502266772,0.845744703854559));
#5158=CARTESIAN_POINT('Ctrl Pts',(3.51327585164292,-0.973123290220935,0.808973370303098));
#5159=CARTESIAN_POINT('Ctrl Pts',(3.5163871130337,-1.00408357449862,0.770215440562533));
#5160=CARTESIAN_POINT('Ctrl Pts',(3.51949837442447,-1.03268021571214,0.729747779768271));
#5161=CARTESIAN_POINT('Ctrl Pts',(3.52260780071501,-1.06125998990735,0.689303987818289));
#5162=CARTESIAN_POINT('Ctrl Pts',(3.52571722700556,-1.08747856682221,0.6471529097388));
#5163=CARTESIAN_POINT('Ctrl Pts',(3.5288266532961,-1.11113617401898,0.603603058960489));
#5164=CARTESIAN_POINT('Ctrl Pts',(3.53193557172399,-1.13478991721836,0.560060321180061));
#5165=CARTESIAN_POINT('Ctrl Pts',(3.53504449015189,-1.1558832602498,0.51511974654114));
#5166=CARTESIAN_POINT('Ctrl Pts',(3.53815340857978,-1.17426204418399,0.469115019572851));
#5167=CARTESIAN_POINT('Ctrl Pts',(3.5412653705237,-1.19265882026713,0.423065255680286));
#5168=CARTESIAN_POINT('Ctrl Pts',(3.54437733246762,-1.20833552852322,0.375949770323643));
#5169=CARTESIAN_POINT('Ctrl Pts',(3.54748929441154,-1.22118662479888,0.328121132224545));
#5170=CARTESIAN_POINT('Ctrl Pts',(3.5506029391056,-1.2340446701261,0.280266631454633));
#5171=CARTESIAN_POINT('Ctrl Pts',(3.55371658379965,-1.24407394997603,0.231698747870805));
#5172=CARTESIAN_POINT('Ctrl Pts',(3.55683022849371,-1.25122000769293,0.182780585262485));
#5173=CARTESIAN_POINT('Ctrl Pts',(3.55994968767002,-1.25837941010066,0.13377107190081));
#5174=CARTESIAN_POINT('Ctrl Pts',(3.56306914684634,-1.26264479731109,0.0844105208467954));
#5175=CARTESIAN_POINT('Ctrl Pts',(3.56618860602265,-1.26401370087481,0.035065852346352));
#5176=CARTESIAN_POINT('Ctrl Pts',(3.56774493273588,-1.26469665938256,0.0104473459315579));
#5177=CARTESIAN_POINT('Ctrl Pts',(3.56930125944911,-1.26465946936315,-0.0141672314463258));
#5178=CARTESIAN_POINT('Ctrl Pts',(3.57085758616234,-1.26390665011374,-0.0387328000313115));
#5179=CARTESIAN_POINT('Ctrl Pts',(3.57397776194699,-1.26239737293419,-0.0879826725569584));
#5180=CARTESIAN_POINT('Ctrl Pts',(3.57709793773163,-1.25800180689656,-0.137253251475364));
#5181=CARTESIAN_POINT('Ctrl Pts',(3.58021811351627,-1.25071887386757,-0.186178808008446));
#5182=CARTESIAN_POINT('Ctrl Pts',(3.58333254114836,-1.2434493578423,-0.235014231298263));
#5183=CARTESIAN_POINT('Ctrl Pts',(3.58644696878044,-1.23330310462413,-0.283505354613928));
#5184=CARTESIAN_POINT('Ctrl Pts',(3.58956139641252,-1.22033095386476,-0.331289319235513));
#5185=CARTESIAN_POINT('Ctrl Pts',(3.59267265871088,-1.20737198728917,-0.379024718851738));
#5186=CARTESIAN_POINT('Ctrl Pts',(3.59578392100925,-1.19159295183465,-0.426053855660511));
#5187=CARTESIAN_POINT('Ctrl Pts',(3.59889518330761,-1.17309573287995,-0.472023994621947));
#5188=CARTESIAN_POINT('Ctrl Pts',(3.60200461050863,-1.15460942402988,-0.517967019289751));
#5189=CARTESIAN_POINT('Ctrl Pts',(3.60511403770966,-1.13340831213532,-0.562851775494344));
#5190=CARTESIAN_POINT('Ctrl Pts',(3.60822346491068,-1.1096433044317,-0.606343126397838));
#5191=CARTESIAN_POINT('Ctrl Pts',(3.61133238425022,-1.08588217825712,-0.649827373876677));
#5192=CARTESIAN_POINT('Ctrl Pts',(3.61444130358977,-1.05955825142066,-0.69191818719075));
#5193=CARTESIAN_POINT('Ctrl Pts',(3.61755022292931,-1.0308683131334,-0.732305107846102));
#5194=CARTESIAN_POINT('Ctrl Pts',(3.62066218577941,-1.00215028851759,-0.772731565718692));
#5195=CARTESIAN_POINT('Ctrl Pts',(3.62377414862951,-0.971061947109482,-0.811450353073285));
#5196=CARTESIAN_POINT('Ctrl Pts',(3.62688611147961,-0.937842304894633,-0.848181620379694));
#5197=CARTESIAN_POINT('Ctrl Pts',(3.62999975707806,-0.904604699644659,-0.884932749581077));
#5198=CARTESIAN_POINT('Ctrl Pts',(3.6331134026765,-0.86923389041225,-0.919693833782423));
#5199=CARTESIAN_POINT('Ctrl Pts',(3.63622704827495,-0.832005445412886,-0.952222237087176));
#5200=CARTESIAN_POINT('Ctrl Pts',(3.63934650834224,-0.794707479452738,-0.984811384423825));
#5201=CARTESIAN_POINT('Ctrl Pts',(3.64246596840953,-0.75554538815369,-1.0151591934513));
#5202=CARTESIAN_POINT('Ctrl Pts',(3.64558542847682,-0.71482613507664,-1.04306464162649));
#5203=CARTESIAN_POINT('Ctrl Pts',(3.64714174796158,-0.694511027461287,-1.05698685630122));
#5204=CARTESIAN_POINT('Ctrl Pts',(3.64869806744634,-0.673808752137605,-1.07030184707605));
#5205=CARTESIAN_POINT('Ctrl Pts',(3.6502543869311,-0.652759636847937,-1.08298896878138));
#5206=CARTESIAN_POINT('Ctrl Pts',(3.65337455990927,-0.610559509313537,-1.10842462945601));
#5207=CARTESIAN_POINT('Ctrl Pts',(3.65649473288744,-0.56677700647946,-1.13144634075658));
#5208=CARTESIAN_POINT('Ctrl Pts',(3.65961490586562,-0.521718843849629,-1.15185489449505));
#5209=CARTESIAN_POINT('Ctrl Pts',(3.6627293306932,-0.47674368979204,-1.17222585049743));
#5210=CARTESIAN_POINT('Ctrl Pts',(3.66584375552078,-0.430498032535229,-1.18999297222807));
#5211=CARTESIAN_POINT('Ctrl Pts',(3.66895818034836,-0.383314326499982,-1.2050022311597));
#5212=CARTESIAN_POINT('Ctrl Pts',(3.67206943984576,-0.336178575389705,-1.21999623550567));
#5213=CARTESIAN_POINT('Ctrl Pts',(3.67518069934316,-0.288107183105715,-1.23223776028829));
#5214=CARTESIAN_POINT('Ctrl Pts',(3.67829195884056,-0.239451775335991,-1.24162115691077));
#5215=CARTESIAN_POINT('Ctrl Pts',(3.68140138324928,-0.190825065586364,-1.25099901900138));
#5216=CARTESIAN_POINT('Ctrl Pts',(3.68451080765801,-0.141615560411712,-1.2575219887945));
#5217=CARTESIAN_POINT('Ctrl Pts',(3.68762023206674,-0.0921866789810775,
-1.26113514986239));
#5218=CARTESIAN_POINT('Ctrl Pts',(3.69072914862778,-0.0427658705375419,
-1.26474772080966));
#5219=CARTESIAN_POINT('Ctrl Pts',(3.69383806518882,0.00687369610884993,
-1.26545138754368));
#5220=CARTESIAN_POINT('Ctrl Pts',(3.69694698174986,0.0563644598347738,-1.26324316648361));
#5221=CARTESIAN_POINT('Ctrl Pts',(3.70005894186395,0.105903673804473,-1.26103278362928));
#5222=CARTESIAN_POINT('Ctrl Pts',(3.70317090197805,0.155293244939152,-1.25590484697784));
#5223=CARTESIAN_POINT('Ctrl Pts',(3.70628286209215,0.204168435216242,-1.2479084501923));
#5224=CARTESIAN_POINT('Ctrl Pts',(3.70939650497478,0.253070054377249,-1.23990772941659));
#5225=CARTESIAN_POINT('Ctrl Pts',(3.71251014785742,0.301456203026922,-1.22903558028633));
#5226=CARTESIAN_POINT('Ctrl Pts',(3.71562379074006,0.348973592591478,-1.21539198683955));
#5227=CARTESIAN_POINT('Ctrl Pts',(3.71874324815441,0.396579717884267,-1.20172291484247));
#5228=CARTESIAN_POINT('Ctrl Pts',(3.72186270556876,0.44331332845835,-1.18527225146601));
#5229=CARTESIAN_POINT('Ctrl Pts',(3.72498216298312,0.488839078141409,-1.16618892366625));
#5230=CARTESIAN_POINT('Ctrl Pts',(3.72653850455537,0.511552520714321,-1.1566679806154));
#5231=CARTESIAN_POINT('Ctrl Pts',(3.72809484612761,0.533965666569836,-1.14649246062004));
#5232=CARTESIAN_POINT('Ctrl Pts',(3.72965118769986,0.556039300925794,-1.13568505573771));
#5233=CARTESIAN_POINT('Ctrl Pts',(3.73277050782774,0.600280702151362,-1.11402415803974));
#5234=CARTESIAN_POINT('Ctrl Pts',(3.73588982795561,0.643352423428731,-1.08972625640307));
#5235=CARTESIAN_POINT('Ctrl Pts',(3.73900914808349,0.68492104840382,-1.06294092378336));
#5236=CARTESIAN_POINT('Ctrl Pts',(3.7421237324287,0.726426563481472,-1.03619625692046));
#5237=CARTESIAN_POINT('Ctrl Pts',(3.74523831677392,0.766433043168704,-1.00697193024083));
#5238=CARTESIAN_POINT('Ctrl Pts',(3.74835290111913,0.804630752049134,-0.975463788593326));
#5239=CARTESIAN_POINT('Ctrl Pts',(3.75146408573086,0.842786766110709,-0.943990039748342));
#5240=CARTESIAN_POINT('Ctrl Pts',(3.75457527034259,0.879137499540294,-0.910237762006061));
#5241=CARTESIAN_POINT('Ctrl Pts',(3.75768645495431,0.913403539277239,-0.874445095152242));
#5242=CARTESIAN_POINT('Ctrl Pts',(3.76079632649185,0.947655117046132,-0.838667534578825));
#5243=CARTESIAN_POINT('Ctrl Pts',(3.76390619802938,0.979823357952178,-0.800851679324873));
#5244=CARTESIAN_POINT('Ctrl Pts',(3.76701606956692,1.00966495738794,-0.761273225473487));
#5245=CARTESIAN_POINT('Ctrl Pts',(3.77012515090996,1.03949897430237,-0.721704828203397));
#5246=CARTESIAN_POINT('Ctrl Pts',(3.77323423225301,1.06700719760932,-0.680375162811828));
#5247=CARTESIAN_POINT('Ctrl Pts',(3.77634331359606,1.09198778912232,-0.637591498067341));
#5248=CARTESIAN_POINT('Ctrl Pts',(3.77945442577112,1.11698469779758,-0.594779887307268));
#5249=CARTESIAN_POINT('Ctrl Pts',(3.78256553794617,1.13945040890893,-0.550512859486974));
#5250=CARTESIAN_POINT('Ctrl Pts',(3.78567665012123,1.15922852670615,-0.505123225431859));
#5251=CARTESIAN_POINT('Ctrl Pts',(3.78712626489117,1.16844409016616,-0.483974041401817));
#5252=CARTESIAN_POINT('Ctrl Pts',(3.7885758796611,1.17707683186959,-0.462581439875691));
#5253=CARTESIAN_POINT('Ctrl Pts',(3.79002549443104,1.18511454072499,-0.440980470499767));
#5254=CARTESIAN_POINT('',(3.3065809088101,-0.00090128203155067,1.26312522626536));
#5255=CARTESIAN_POINT('Ctrl Pts',(3.6532390700436,1.1870508559063,-0.441698392557535));
#5256=CARTESIAN_POINT('Ctrl Pts',(3.65291032515003,1.18524314927221,-0.446574147117976));
#5257=CARTESIAN_POINT('Ctrl Pts',(3.62611598000021,1.03523479649277,-0.842972903347854));
#5258=CARTESIAN_POINT('Ctrl Pts',(3.57285603459414,0.303569397370667,-1.46350009989647));
#5259=CARTESIAN_POINT('Ctrl Pts',(3.49345923382537,-1.06509564656758,-1.04859818829049));
#5260=CARTESIAN_POINT('Ctrl Pts',(3.41406243305662,-1.45858334666738,0.326376376041211));
#5261=CARTESIAN_POINT('Ctrl Pts',(3.35176965805152,-0.719546244949657,1.17069856544317));
#5262=CARTESIAN_POINT('Ctrl Pts',(3.31594248330268,-0.150024045996712,1.2640950270232));
#5263=CARTESIAN_POINT('Ctrl Pts',(3.3065809088101,-0.00090128203155067,
1.26312522626536));
#5264=CARTESIAN_POINT('Ctrl Pts',(3.30578942164636,-0.00094587214165401,
1.26449964623399));
#5265=CARTESIAN_POINT('Ctrl Pts',(3.30407682625548,0.0246604285963489,1.26451880028168));
#5266=CARTESIAN_POINT('Ctrl Pts',(3.30238357082937,0.0502629771852796,1.26376015857618));
#5267=CARTESIAN_POINT('Ctrl Pts',(3.29951513767105,0.094152135615969,1.26112357203091));
#5268=CARTESIAN_POINT('Ctrl Pts',(3.29832932102751,0.112452290968625,1.25962368516953));
#5269=CARTESIAN_POINT('Ctrl Pts',(3.29648270166842,0.141188720051875,1.25663713854879));
#5270=CARTESIAN_POINT('Ctrl Pts',(3.29581370664196,0.151649576671894,1.25541768727692));
#5271=CARTESIAN_POINT('Ctrl Pts',(3.29448208881927,0.172567569531491,1.2527139366501));
#5272=CARTESIAN_POINT('Ctrl Pts',(3.29381954225167,0.183023773116961,1.25122902881982));
#5273=CARTESIAN_POINT('Ctrl Pts',(3.29240509873091,0.205443112442529,1.24775815130521));
#5274=CARTESIAN_POINT('Ctrl Pts',(3.29165458288904,0.217398823780811,1.24573072696497));
#5275=CARTESIAN_POINT('Ctrl Pts',(3.28962910006214,0.249808617260496,1.23975392750624));
#5276=CARTESIAN_POINT('Ctrl Pts',(3.28836474591678,0.270197716663582,1.23547052369849));
#5277=CARTESIAN_POINT('Ctrl Pts',(3.28311362756382,0.355340642282206,1.21537465461852));
#5278=CARTESIAN_POINT('Ctrl Pts',(3.27927089435135,0.418899452026032,1.19495900318934));
#5279=CARTESIAN_POINT('Ctrl Pts',(3.27200164239115,0.536461496357869,1.14665692685624));
#5280=CARTESIAN_POINT('Ctrl Pts',(3.26857716475305,0.590643586998774,1.11971087970295));
#5281=CARTESIAN_POINT('Ctrl Pts',(3.26318235997554,0.669881531508459,1.07294735068426));
#5282=CARTESIAN_POINT('Ctrl Pts',(3.26129968214827,0.696461983010354,1.05588714236367));
#5283=CARTESIAN_POINT('Ctrl Pts',(3.2587630218494,0.730364571116909,1.03228999207425));
#5284=CARTESIAN_POINT('Ctrl Pts',(3.25815988666497,0.738290492022927,1.02663633789845));
#5285=CARTESIAN_POINT('Ctrl Pts',(3.25715246190926,0.751289202724106,1.01713583311388));
#5286=CARTESIAN_POINT('Ctrl Pts',(3.25675161247848,0.756399831806085,1.01334103906904));
#5287=CARTESIAN_POINT('Ctrl Pts',(3.25592294374335,0.766833463458392,1.00547084983031));
#5288=CARTESIAN_POINT('Ctrl Pts',(3.25549488116916,0.772153055061896,1.00139145451911));
#5289=CARTESIAN_POINT('Ctrl Pts',(3.25433489066821,0.786388179722029,0.990294207149431));
#5290=CARTESIAN_POINT('Ctrl Pts',(3.25359789531096,0.795241888954111,0.983198506287697));
#5291=CARTESIAN_POINT('Ctrl Pts',(3.24872238508724,0.852655979476073,0.935901827986702));
#5292=CARTESIAN_POINT('Ctrl Pts',(3.24439719640914,0.898243277773298,0.892239851918144));
#5293=CARTESIAN_POINT('Ctrl Pts',(3.23552835242653,0.984376546864893,0.796425692997589));
#5294=CARTESIAN_POINT('Ctrl Pts',(3.23099839693909,1.02448832081659,0.74412103718803));
#5295=CARTESIAN_POINT('Ctrl Pts',(3.22401119893659,1.08135795368003,0.656591424376523));
#5296=CARTESIAN_POINT('Ctrl Pts',(3.22147431912828,1.10087909052071,0.623308153503687));
#5297=CARTESIAN_POINT('Ctrl Pts',(3.21802055106945,1.12587294328046,0.575845074538244));
#5298=CARTESIAN_POINT('Ctrl Pts',(3.21705842232411,1.13265711238736,0.562383616590876));
#5299=CARTESIAN_POINT('Ctrl Pts',(3.21540817702348,1.14397673548934,0.538886492702637));
#5300=CARTESIAN_POINT('Ctrl Pts',(3.21471621654352,1.14862466324116,0.528907192987493));
#5301=CARTESIAN_POINT('Ctrl Pts',(3.21329783189909,1.15794396601884,0.508195811038164));
#5302=CARTESIAN_POINT('Ctrl Pts',(3.21257205938918,1.16259785330916,0.497456989921927));
#5303=CARTESIAN_POINT('Ctrl Pts',(3.21069649742275,1.17431729891987,0.469351258061133));
#5304=CARTESIAN_POINT('Ctrl Pts',(3.20955468161515,1.18114704356722,0.451888746438558));
#5305=CARTESIAN_POINT('Ctrl Pts',(3.20228356090389,1.22257185999138,0.338608073442293));
#5306=CARTESIAN_POINT('Ctrl Pts',(3.19655091436278,1.24586869291383,0.239061077152825));
#5307=CARTESIAN_POINT('Ctrl Pts',(3.18844533419044,1.26127018578181,0.0985647314157567));
#5308=CARTESIAN_POINT('Ctrl Pts',(3.18616529540634,1.26373144286466,0.0591603691245352));
#5309=CARTESIAN_POINT('Ctrl Pts',(3.18243396261288,1.26471093945064,-0.00367787422362831));
#5310=CARTESIAN_POINT('Ctrl Pts',(3.18102391845939,1.2644265365189,-0.027067894051934));
#5311=CARTESIAN_POINT('Ctrl Pts',(3.17903975536325,1.2631427604461,-0.0592290163428272));
#5312=CARTESIAN_POINT('Ctrl Pts',(3.17849279022644,1.26269993428825,-0.0680189335978468));
#5313=CARTESIAN_POINT('Ctrl Pts',(3.17755184727324,1.2617886606307,-0.0829945831924764));
#5314=CARTESIAN_POINT('Ctrl Pts',(3.17716037577017,1.26136638824883,-0.0891827234505937));
#5315=CARTESIAN_POINT('Ctrl Pts',(3.1763173916909,1.26036574421517,-0.102412672374173));
#5316=CARTESIAN_POINT('Ctrl Pts',(3.1758652192506,1.25977388649297,-0.109452792986002));
#5317=CARTESIAN_POINT('Ctrl Pts',(3.17459103900945,1.25795203141242,-0.12914539620612));
#5318=CARTESIAN_POINT('Ctrl Pts',(3.17376240990018,1.25659021980198,-0.141784474516716));
#5319=CARTESIAN_POINT('Ctrl Pts',(3.16763438764474,1.24522092196769,-0.234199472824629));
#5320=CARTESIAN_POINT('Ctrl Pts',(3.16205154461373,1.22781607046697,-0.312874655496744));
#5321=CARTESIAN_POINT('Ctrl Pts',(3.15527466166895,1.19745146401723,-0.40669684525868));
#5322=CARTESIAN_POINT('Ctrl Pts',(3.15402565906506,1.19146723243076,-0.423907905106014));
#5323=CARTESIAN_POINT('Ctrl Pts',(3.15278272173908,1.18511455234041,-0.440980439283854));
#5324=CARTESIAN_POINT('Origin',(0.,0.,0.));
#5325=CARTESIAN_POINT('',(2.65219917737546,1.18511454333724,-0.440980463479479));
#5326=CARTESIAN_POINT('',(2.79011770275539,1.18511454072499,-0.44098047049977));
#5327=CARTESIAN_POINT('',(0.,1.18511454072499,-0.440980470499767));
#5328=CARTESIAN_POINT('',(2.9434196736619,0.000701159078220695,1.26449980560534));
#5329=CARTESIAN_POINT('Ctrl Pts',(2.79011770275539,1.18511454072499,-0.44098047049977));
#5330=CARTESIAN_POINT('Ctrl Pts',(2.79323065808001,1.20234722115263,-0.394668441925543));
#5331=CARTESIAN_POINT('Ctrl Pts',(2.79634361340463,1.21688638114078,-0.347276987474531));
#5332=CARTESIAN_POINT('Ctrl Pts',(2.79945656872925,1.22860469453966,-0.299150053576995));
#5333=CARTESIAN_POINT('Ctrl Pts',(2.80256690963762,1.24031316631034,-0.251063539095913));
#5334=CARTESIAN_POINT('Ctrl Pts',(2.805677250546,1.24920535311871,-0.202243299467656));
#5335=CARTESIAN_POINT('Ctrl Pts',(2.80878759145438,1.2552037404205,-0.153048423821995));
#5336=CARTESIAN_POINT('Ctrl Pts',(2.81189664673337,1.2611996483468,-0.103873882403219));
#5337=CARTESIAN_POINT('Ctrl Pts',(2.81500570201236,1.26430406134424,-0.0543255558665789));
#5338=CARTESIAN_POINT('Ctrl Pts',(2.81811475729135,1.26449100269459,-0.00477012624801277));
#5339=CARTESIAN_POINT('Ctrl Pts',(2.82129572578737,1.26468226804459,0.0459315327054931));
#5340=CARTESIAN_POINT('Ctrl Pts',(2.82447669428338,1.26181932832101,0.0966400321965008));
#5341=CARTESIAN_POINT('Ctrl Pts',(2.82765766277939,1.25593079581801,0.146962873256918));
#5342=CARTESIAN_POINT('Ctrl Pts',(2.83077021283467,1.25016891788974,0.196203336317354));
#5343=CARTESIAN_POINT('Ctrl Pts',(2.83388276288995,1.24151049270196,0.24507402414953));
#5344=CARTESIAN_POINT('Ctrl Pts',(2.83699531294523,1.23003444707703,0.293215806197252));
#5345=CARTESIAN_POINT('Ctrl Pts',(2.84021049066161,1.21818001083981,0.342944929301385));
#5346=CARTESIAN_POINT('Ctrl Pts',(2.84342566837799,1.2033190031196,0.391895611555684));
#5347=CARTESIAN_POINT('Ctrl Pts',(2.84664084609437,1.18559371427892,0.439690566947166));
#5348=CARTESIAN_POINT('Ctrl Pts',(2.84985602381075,1.16786842543823,0.487485522338649));
#5349=CARTESIAN_POINT('Ctrl Pts',(2.85307120152713,1.14727917859782,0.53412419725577));
#5350=CARTESIAN_POINT('Ctrl Pts',(2.85628637924351,1.1240203863823,0.579256783298201));
#5351=CARTESIAN_POINT('Ctrl Pts',(2.85940655412696,1.10144885046985,0.623055780995039));
#5352=CARTESIAN_POINT('Ctrl Pts',(2.86252672901041,1.07626346623589,0.665630491394601));
#5353=CARTESIAN_POINT('Ctrl Pts',(2.86564690389386,1.04862076104413,0.706650372891169));
#5354=CARTESIAN_POINT('Ctrl Pts',(2.86876133062033,1.02102898075717,0.747594685316424));
#5355=CARTESIAN_POINT('Ctrl Pts',(2.87187575734679,0.990989162014576,0.786989398538253));
#5356=CARTESIAN_POINT('Ctrl Pts',(2.87499018407326,0.958703453025352,0.824528919539677));
#5357=CARTESIAN_POINT('Ctrl Pts',(2.87810144546403,0.926450557493046,0.862030287392427));
#5358=CARTESIAN_POINT('Ctrl Pts',(2.8812127068548,0.891956646386409,0.89767978168588));
#5359=CARTESIAN_POINT('Ctrl Pts',(2.88432396824556,0.855465577947761,0.931202928982992));
#5360=CARTESIAN_POINT('Ctrl Pts',(2.88743339453872,0.818996032828488,0.964706303512778));
#5361=CARTESIAN_POINT('Ctrl Pts',(2.89054282083188,0.780532067196969,0.996085445117478));
#5362=CARTESIAN_POINT('Ctrl Pts',(2.89365224712503,0.740354203851902,1.02510287427107));
#5363=CARTESIAN_POINT('Ctrl Pts',(2.89676116555813,0.700182902724458,1.05411556403165));
#5364=CARTESIAN_POINT('Ctrl Pts',(2.89987008399123,0.658298704704084,1.08076698691206));
#5365=CARTESIAN_POINT('Ctrl Pts',(2.90297900242432,0.615012914285226,1.10486169508332));
#5366=CARTESIAN_POINT('Ctrl Pts',(2.90609096437726,0.57168474862731,1.12897999111122));
#5367=CARTESIAN_POINT('Ctrl Pts',(2.90920292633019,0.526952731837431,1.15053630873431));
#5368=CARTESIAN_POINT('Ctrl Pts',(2.91231488828313,0.481153097199638,1.1693810102166));
#5369=CARTESIAN_POINT('Ctrl Pts',(2.91542853298838,0.435328697014378,1.18823590172229));
#5370=CARTESIAN_POINT('Ctrl Pts',(2.91854217769364,0.388436048692349,1.20437607866234));
#5371=CARTESIAN_POINT('Ctrl Pts',(2.92165582239889,0.34082834862055,1.21770123050631));
#5372=CARTESIAN_POINT('Ctrl Pts',(2.9247752815896,0.293131744930757,1.23105126601842));
#5373=CARTESIAN_POINT('Ctrl Pts',(2.92789474078031,0.244717960820072,1.24157566819708));
#5374=CARTESIAN_POINT('Ctrl Pts',(2.93101419997101,0.195950606854134,1.2492252037457));
#5375=CARTESIAN_POINT('Ctrl Pts',(2.93257052665143,0.171620128565831,1.25304162689451));
#5376=CARTESIAN_POINT('Ctrl Pts',(2.93412685333185,0.147201723064244,1.25614327868751));
#5377=CARTESIAN_POINT('Ctrl Pts',(2.93568318001228,0.122740678387759,1.25852889353757));
#5378=CARTESIAN_POINT('Ctrl Pts',(2.93826201121466,0.0822087604760861,1.26248185411431));
#5379=CARTESIAN_POINT('Ctrl Pts',(2.94084084241704,0.0414828502411519,1.2644771923315));
#5380=CARTESIAN_POINT('Ctrl Pts',(2.94341967361942,0.000701159750019545,
1.26449980560497));
#5381=CARTESIAN_POINT('Ctrl Pts',(2.9434196736619,0.000701159078217326,
1.26449980560534));
#5382=CARTESIAN_POINT('Ctrl Pts',(2.94649877572943,-0.0479918253231912,
1.26452680563168));
#5383=CARTESIAN_POINT('Ctrl Pts',(2.94957787779697,-0.096798010014014,1.26173697375869));
#5384=CARTESIAN_POINT('Ctrl Pts',(2.9526569798645,-0.145359474795827,1.25611738029815));
#5385=CARTESIAN_POINT('Ctrl Pts',(2.95573206660202,-0.193857612574314,1.25050511511766));
#5386=CARTESIAN_POINT('Ctrl Pts',(2.95880715333955,-0.242111106281439,1.24207044789248));
#5387=CARTESIAN_POINT('Ctrl Pts',(2.96188224007707,-0.289762880211488,1.23085243764293));
#5388=CARTESIAN_POINT('Ctrl Pts',(2.96495470621406,-0.337374045119773,1.2196439874241));
#5389=CARTESIAN_POINT('Ctrl Pts',(2.96802717235104,-0.384383958186591,1.20565701495011));
#5390=CARTESIAN_POINT('Ctrl Pts',(2.97109963848803,-0.430444303914874,1.18898189692999));
#5391=CARTESIAN_POINT('Ctrl Pts',(2.97417087411484,-0.476486202662268,1.17231345722673));
#5392=CARTESIAN_POINT('Ctrl Pts',(2.97724210974165,-0.521578758211027,1.15295919625954));
#5393=CARTESIAN_POINT('Ctrl Pts',(2.98031334536847,-0.565390132599845,1.13105890560958));
#5394=CARTESIAN_POINT('Ctrl Pts',(2.98338698908118,-0.609235858489476,1.10914144344052));
#5395=CARTESIAN_POINT('Ctrl Pts',(2.9864606327939,-0.651797889234353,1.08467421181317));
#5396=CARTESIAN_POINT('Ctrl Pts',(2.98953427650662,-0.692767521769739,1.0578437553727));
#5397=CARTESIAN_POINT('Ctrl Pts',(2.99260906911047,-0.733752468262175,1.03100327002954));
#5398=CARTESIAN_POINT('Ctrl Pts',(2.99568386171433,-0.77314337603835,1.00179813456662));
#5399=CARTESIAN_POINT('Ctrl Pts',(2.99875865431819,-0.810662292768889,0.970457055764287));
#5400=CARTESIAN_POINT('Ctrl Pts',(3.00183936179695,-0.848253383375166,0.939055687184852));
#5401=CARTESIAN_POINT('Ctrl Pts',(3.00492006927572,-0.883964880037826,0.905510556690168));
#5402=CARTESIAN_POINT('Ctrl Pts',(3.00800077675449,-0.9175547988979,0.870088180025124));
#5403=CARTESIAN_POINT('Ctrl Pts',(3.01036051143,-0.943283725395485,0.842955642748652));
#5404=CARTESIAN_POINT('Ctrl Pts',(3.01272024610552,-0.967768628722105,0.814722504830991));
#5405=CARTESIAN_POINT('Ctrl Pts',(3.01507998078103,-0.990917604408927,0.785520560693654));
#5406=CARTESIAN_POINT('Ctrl Pts',(3.01820015565782,-1.02152649154818,0.746908095743195));
#5407=CARTESIAN_POINT('Ctrl Pts',(3.02132033053461,-1.04994289422749,0.706418373684371));
#5408=CARTESIAN_POINT('Ctrl Pts',(3.02444050541139,-1.07593012173115,0.664330206412133));
#5409=CARTESIAN_POINT('Ctrl Pts',(3.02755493213111,-1.10186947414081,0.622319576267108));
#5410=CARTESIAN_POINT('Ctrl Pts',(3.03066935885082,-1.12538824107813,0.578716804209728));
#5411=CARTESIAN_POINT('Ctrl Pts',(3.03378378557054,-1.14629126083588,0.533831991670876));
#5412=CARTESIAN_POINT('Ctrl Pts',(3.0368950469545,-1.16717303588901,0.488992797640516));
#5413=CARTESIAN_POINT('Ctrl Pts',(3.04000630833847,-1.18544409608413,0.442874637487528));
#5414=CARTESIAN_POINT('Ctrl Pts',(3.04311756972243,-1.2009548202839,0.395812796201518));
#5415=CARTESIAN_POINT('Ctrl Pts',(3.04622699600875,-1.21645639588123,0.348778713134307));
#5416=CARTESIAN_POINT('Ctrl Pts',(3.04933642229506,-1.22920068938492,0.300802571636894));
#5417=CARTESIAN_POINT('Ctrl Pts',(3.05244584858138,-1.23908689398137,0.252237822626966));
#5418=CARTESIAN_POINT('Ctrl Pts',(3.05555476700761,-1.24897148387201,0.203681005658299));
#5419=CARTESIAN_POINT('Ctrl Pts',(3.05866368543385,-1.25599880320153,0.154536309521212));
#5420=CARTESIAN_POINT('Ctrl Pts',(3.06177260386008,-1.26011902597924,0.105167915093546));
#5421=CARTESIAN_POINT('Ctrl Pts',(3.06488456580617,-1.26424328230758,0.0557511907748046));
#5422=CARTESIAN_POINT('Ctrl Pts',(3.06799652775226,-1.2654547152931,0.00611087877253409));
#5423=CARTESIAN_POINT('Ctrl Pts',(3.07110848969835,-1.2637555110807,-0.0433849998634278));
#5424=CARTESIAN_POINT('Ctrl Pts',(3.07422213439676,-1.26205538804608,-0.0929076427420093));
#5425=CARTESIAN_POINT('Ctrl Pts',(3.07733577909517,-1.25744154491041,-0.142285149966025));
#5426=CARTESIAN_POINT('Ctrl Pts',(3.08044942379358,-1.24996810269691,-0.191154367567901));
#5427=CARTESIAN_POINT('Ctrl Pts',(3.08356888297753,-1.24248070442039,-0.240114844573565));
#5428=CARTESIAN_POINT('Ctrl Pts',(3.08668834216147,-1.23212316403532,-0.288564600815873));
#5429=CARTESIAN_POINT('Ctrl Pts',(3.08980780134541,-1.21900043378355,-0.336152037678668));
#5430=CARTESIAN_POINT('Ctrl Pts',(3.09136412808021,-1.21245338356746,-0.359893845428893));
#5431=CARTESIAN_POINT('Ctrl Pts',(3.092920454815,-1.20521882239402,-0.383421274910646));
#5432=CARTESIAN_POINT('Ctrl Pts',(3.0944767815498,-1.19731425638121,-0.406692539231175));
#5433=CARTESIAN_POINT('Ctrl Pts',(3.097596956452,-1.1814669230838,-0.453347533489206));
#5434=CARTESIAN_POINT('Ctrl Pts',(3.1007171313542,-1.16285344924091,-0.4991781800568));
#5435=CARTESIAN_POINT('Ctrl Pts',(3.1038373062564,-1.14157976796096,-0.543834426440807));
#5436=CARTESIAN_POINT('Ctrl Pts',(3.10695173300166,-1.12034527822074,-0.588408404644169));
#5437=CARTESIAN_POINT('Ctrl Pts',(3.11006615974693,-1.09646053477715,-0.631811782373028));
#5438=CARTESIAN_POINT('Ctrl Pts',(3.11318058649219,-1.07008027902513,-0.673712436015173));
#5439=CARTESIAN_POINT('Ctrl Pts',(3.11629184790177,-1.04372683474494,-0.715570504088575));
#5440=CARTESIAN_POINT('Ctrl Pts',(3.11940310931134,-1.014883189944,-0.75592840949152));
#5441=CARTESIAN_POINT('Ctrl Pts',(3.12251437072092,-0.983749938918665,-0.794478638905743));
#5442=CARTESIAN_POINT('Ctrl Pts',(3.12562379703286,-0.952635051041843,-0.833006130457239));
#5443=CARTESIAN_POINT('Ctrl Pts',(3.1287332233448,-0.919233576264096,-0.869727632188993));
#5444=CARTESIAN_POINT('Ctrl Pts',(3.13184264965675,-0.883787840340863,-0.904366796861558));
#5445=CARTESIAN_POINT('Ctrl Pts',(3.13495156810857,-0.848347893741386,-0.939000303947004));
#5446=CARTESIAN_POINT('Ctrl Pts',(3.13806048656039,-0.810864741698411,-0.971551766665742));
#5447=CARTESIAN_POINT('Ctrl Pts',(3.14116940501222,-0.771617368113476,-1.00178185610722));
#5448=CARTESIAN_POINT('Ctrl Pts',(3.14428136698364,-0.732331572758156,-1.03204153972149));
#5449=CARTESIAN_POINT('Ctrl Pts',(3.14739332895507,-0.691278543666662,-1.05997497819537));
#5450=CARTESIAN_POINT('Ctrl Pts',(3.1505052909265,-0.648768692985885,-1.08538446322093));
#5451=CARTESIAN_POINT('Ctrl Pts',(3.15361893565013,-0.606235855666533,-1.11080768808889));
#5452=CARTESIAN_POINT('Ctrl Pts',(3.15673258037377,-0.562245115265045,-1.13370398833493));
#5453=CARTESIAN_POINT('Ctrl Pts',(3.15984622509741,-0.517130954082186,-1.15392193251106));
#5454=CARTESIAN_POINT('Ctrl Pts',(3.16296568430612,-0.471932545774071,-1.17417763209769));
#5455=CARTESIAN_POINT('Ctrl Pts',(3.16608514351483,-0.425607042881075,-1.19174479872413));
#5456=CARTESIAN_POINT('Ctrl Pts',(3.16920460272355,-0.378506779675567,-1.20652097691654));
#5457=CARTESIAN_POINT('Ctrl Pts',(3.17076092925521,-0.355008030574932,-1.21389294642113));
#5458=CARTESIAN_POINT('Ctrl Pts',(3.17231725578688,-0.331316634922813,-1.22057100210253));
#5459=CARTESIAN_POINT('Ctrl Pts',(3.17387358231855,-0.307477195825102,-1.22654719601307));
#5460=CARTESIAN_POINT('Ctrl Pts',(3.17699375716523,-0.259683100744015,-1.23852846699906));
#5461=CARTESIAN_POINT('Ctrl Pts',(3.18011393201192,-0.211081824478472,-1.24773853957913));
#5462=CARTESIAN_POINT('Ctrl Pts',(3.1832341068586,-0.16202493400374,-1.25407662076967));
#5463=CARTESIAN_POINT('Ctrl Pts',(3.18634853354851,-0.113058418815959,-1.26040302560036));
#5464=CARTESIAN_POINT('Ctrl Pts',(3.18946296023843,-0.0636384937709233,
-1.26386786283287));
#5465=CARTESIAN_POINT('Ctrl Pts',(3.19257738692834,-0.0141281256515765,
-1.26442107150489));
#5466=CARTESIAN_POINT('Ctrl Pts',(3.19568864828271,0.0353319227963669,-1.26497371792542));
#5467=CARTESIAN_POINT('Ctrl Pts',(3.19879990963709,0.084881686416751,-1.2626205878019));
#5468=CARTESIAN_POINT('Ctrl Pts',(3.20191117099147,0.134154015067351,-1.25736349169256));
#5469=CARTESIAN_POINT('Ctrl Pts',(3.20502059724846,0.183397281703805,-1.25210949634598));
#5470=CARTESIAN_POINT('Ctrl Pts',(3.20813002350545,0.23236289304908,-1.24395498623585));
#5471=CARTESIAN_POINT('Ctrl Pts',(3.21123944976244,0.280687258741449,-1.23295373505262));
#5472=CARTESIAN_POINT('Ctrl Pts',(3.21434836815967,0.329003731659128,-1.22195428069374));
#5473=CARTESIAN_POINT('Ctrl Pts',(3.2174572865569,0.37667863244266,-1.20810913100759));
#5474=CARTESIAN_POINT('Ctrl Pts',(3.22056620495413,0.423359598626135,-1.19152293316206));
#5475=CARTESIAN_POINT('Ctrl Pts',(3.22367816687191,0.470086263815484,-1.17492049801866));
#5476=CARTESIAN_POINT('Ctrl Pts',(3.22679012878969,0.515816534105507,-1.15557184216222));
#5477=CARTESIAN_POINT('Ctrl Pts',(3.22990209070748,0.560215977662143,-1.13363058726026));
#5478=CARTESIAN_POINT('Ctrl Pts',(3.23301573537794,0.604639429636803,-1.11167746791187));
#5479=CARTESIAN_POINT('Ctrl Pts',(3.2361293800484,0.647730144770178,-1.08712922979726));
#5480=CARTESIAN_POINT('Ctrl Pts',(3.23924302471886,0.689179523884861,-1.0601848111805));
#5481=CARTESIAN_POINT('Ctrl Pts',(3.24236248387573,0.73070630645333,-1.03319007598227));
#5482=CARTESIAN_POINT('Ctrl Pts',(3.2454819430326,0.770585193927935,-1.00379055536991));
#5483=CARTESIAN_POINT('Ctrl Pts',(3.24860140218947,0.808539059266487,-0.972226742915697));
#5484=CARTESIAN_POINT('Ctrl Pts',(3.25015772915541,0.827474592997777,-0.956479265548543));
#5485=CARTESIAN_POINT('Ctrl Pts',(3.25171405612136,0.845931525987651,-0.940193670168461));
#5486=CARTESIAN_POINT('Ctrl Pts',(3.2532703830873,0.863878995699045,-0.923403124745639));
#5487=CARTESIAN_POINT('Ctrl Pts',(3.25638939049937,0.899847203076201,-0.88975348892203));
#5488=CARTESIAN_POINT('Ctrl Pts',(3.25950839791145,0.93392601231727,-0.853924684353377));
#5489=CARTESIAN_POINT('Ctrl Pts',(3.26262740532352,0.965840412131245,-0.816157183570754));
#5490=CARTESIAN_POINT('Ctrl Pts',(3.26574192660197,0.997708908796195,-0.778444004574751));
#5491=CARTESIAN_POINT('Ctrl Pts',(3.26885644788042,1.02741880511802,-0.738798062045908));
#5492=CARTESIAN_POINT('Ctrl Pts',(3.27197096915887,1.05473119763803,-0.697497204818085));
#5493=CARTESIAN_POINT('Ctrl Pts',(3.27508246947934,1.0820170982568,-0.656236407728916));
#5494=CARTESIAN_POINT('Ctrl Pts',(3.27819396979981,1.10690979499711,-0.613324327475417));
#5495=CARTESIAN_POINT('Ctrl Pts',(3.28130547012028,1.12921167745842,-0.569070503093902));
#5496=CARTESIAN_POINT('Ctrl Pts',(3.28423066746697,1.15017822114566,-0.527466403357821));
#5497=CARTESIAN_POINT('Ctrl Pts',(3.28715586481366,1.16885507586545,-0.484677027418971));
#5498=CARTESIAN_POINT('Ctrl Pts',(3.29008106216035,1.18511454072499,-0.440980470499768));
#5499=CARTESIAN_POINT('Ctrl Pts',(3.15278272173908,1.18511455234041,-0.440980439283854));
#5500=CARTESIAN_POINT('Ctrl Pts',(3.15046166867257,1.17325159891859,-0.472861578403706));
#5501=CARTESIAN_POINT('Ctrl Pts',(3.14816217946534,1.16010379498861,-0.504259682118436));
#5502=CARTESIAN_POINT('Ctrl Pts',(3.14364923495376,1.1314105236915,-0.565695082024158));
#5503=CARTESIAN_POINT('Ctrl Pts',(3.14143752024,1.11589891693116,-0.595710206637696));
#5504=CARTESIAN_POINT('Ctrl Pts',(3.13834107646502,1.09208020779295,-0.637596021966392));
#5505=CARTESIAN_POINT('Ctrl Pts',(3.13742277290742,1.08474375033719,-0.649999147463342));
#5506=CARTESIAN_POINT('Ctrl Pts',(3.13582259766235,1.07148201097485,-0.671569506784257));
#5507=CARTESIAN_POINT('Ctrl Pts',(3.1351375212778,1.06564717525189,-0.680790285080426));
#5508=CARTESIAN_POINT('Ctrl Pts',(3.13370995090265,1.05316125495168,-0.699967825913113));
#5509=CARTESIAN_POINT('Ctrl Pts',(3.13296842445635,1.04648660896964,-0.709908007426269));
#5510=CARTESIAN_POINT('Ctrl Pts',(3.13099740670308,1.02824584519519,-0.736256527116947));
#5511=CARTESIAN_POINT('Ctrl Pts',(3.12977753484702,1.01642825863282,-0.752487112516108));
#5512=CARTESIAN_POINT('Ctrl Pts',(3.12306492500819,0.948571776732138,-0.841165865205702));
#5513=CARTESIAN_POINT('Ctrl Pts',(3.11787665677905,0.885177629960681,-0.907640186070988));
#5514=CARTESIAN_POINT('Ctrl Pts',(3.11007762816732,0.780944017820993,-0.995534615171404));
#5515=CARTESIAN_POINT('Ctrl Pts',(3.10750648638541,0.745228979323814,-1.0225438922239));
#5516=CARTESIAN_POINT('Ctrl Pts',(3.10336325016444,0.687230511104301,-1.06174982605251));
#5517=CARTESIAN_POINT('Ctrl Pts',(3.10184432769542,0.665883049064496,-1.07526650145276));
#5518=CARTESIAN_POINT('Ctrl Pts',(3.09973188322955,0.636364205360911,-1.09274088480656));
#5519=CARTESIAN_POINT('Ctrl Pts',(3.09917031462992,0.628532713757833,-1.09726417049893));
#5520=CARTESIAN_POINT('Ctrl Pts',(3.09821241447785,0.615216790527418,-1.104765808392));
#5521=CARTESIAN_POINT('Ctrl Pts',(3.09781881732321,0.609757447876205,-1.10778835713715));
#5522=CARTESIAN_POINT('Ctrl Pts',(3.09698107109779,0.598168385443349,-1.11409298287962));
#5523=CARTESIAN_POINT('Ctrl Pts',(3.09653637612657,0.592033704953793,-1.11736506058513));
#5524=CARTESIAN_POINT('Ctrl Pts',(3.09528226189622,0.574771203597182,-1.12639035868435));
#5525=CARTESIAN_POINT('Ctrl Pts',(3.09446636685503,0.563584728894467,-1.13202888746387));
#5526=CARTESIAN_POINT('Ctrl Pts',(3.0881613094056,0.477330542042063,-1.17390988857027));
#5527=CARTESIAN_POINT('Ctrl Pts',(3.08236485482601,0.398933093375439,-1.20281317805225));
#5528=CARTESIAN_POINT('Ctrl Pts',(3.07315668810405,0.269170824761776,-1.23656011312156));
#5529=CARTESIAN_POINT('Ctrl Pts',(3.06970405118668,0.219345867223817,-1.24636352992018));
#5530=CARTESIAN_POINT('Ctrl Pts',(3.06412441445004,0.136201061205048,-1.25758064080971));
#5531=CARTESIAN_POINT('Ctrl Pts',(3.06195403032926,0.103175492926126,-1.26072000911276));
#5532=CARTESIAN_POINT('Ctrl Pts',(3.05890358775765,0.055766579220361,-1.26335083397135));
#5533=CARTESIAN_POINT('Ctrl Pts',(3.05799132096684,0.0414581661617185,-1.26390129721434));
#5534=CARTESIAN_POINT('Ctrl Pts',(3.05639795454651,0.0162461906617663,-1.26444260697401));
#5535=CARTESIAN_POINT('Ctrl Pts',(3.05571373712968,0.00534655338334291,
-1.26453567425519));
#5536=CARTESIAN_POINT('Ctrl Pts',(3.0542844151265,-0.0175690826009405,-1.26443503643142));
#5537=CARTESIAN_POINT('Ctrl Pts',(3.05354032659641,-0.0295839057390505,
-1.26421099592486));
#5538=CARTESIAN_POINT('Ctrl Pts',(3.05155380183635,-0.0618718737403894,
-1.26314835112351));
#5539=CARTESIAN_POINT('Ctrl Pts',(3.05032126376366,-0.0821314932086913,
-1.26199301628853));
#5540=CARTESIAN_POINT('Ctrl Pts',(3.04373173336927,-0.191433954256988,-1.25311635855035));
#5541=CARTESIAN_POINT('Ctrl Pts',(3.03866154088501,-0.279495267899437,-1.23645932856752));
#5542=CARTESIAN_POINT('Ctrl Pts',(3.02977667474065,-0.428271574606548,-1.19159611203448));
#5543=CARTESIAN_POINT('Ctrl Pts',(3.02598618098574,-0.489875982081031,-1.16762035095309));
#5544=CARTESIAN_POINT('Ctrl Pts',(3.02123435704164,-0.560107249980228,-1.13374757373646));
#5545=CARTESIAN_POINT('Ctrl Pts',(3.02049699682828,-0.570819935179953,-1.12839189554921));
#5546=CARTESIAN_POINT('Ctrl Pts',(3.0193247311561,-0.587526268885028,-1.11974099032605));
#5547=CARTESIAN_POINT('Ctrl Pts',(3.01889581417224,-0.593572291189517,-1.11654777418663));
#5548=CARTESIAN_POINT('Ctrl Pts',(3.01807089930479,-0.605065935961668,-1.11035765365386));
#5549=CARTESIAN_POINT('Ctrl Pts',(3.0176754182983,-0.610517828460943,-1.10736935140137));
#5550=CARTESIAN_POINT('Ctrl Pts',(3.01677998121675,-0.622735762612719,-1.10055478717448));
#5551=CARTESIAN_POINT('Ctrl Pts',(3.01627867829442,-0.629488998986102,-1.09670609671787));
#5552=CARTESIAN_POINT('Ctrl Pts',(3.01446027015189,-0.653690699314243,-1.08261629697277));
#5553=CARTESIAN_POINT('Ctrl Pts',(3.01312384643754,-0.670927395422057,-1.07201954467584));
#5554=CARTESIAN_POINT('Ctrl Pts',(3.00482827955394,-0.775038648904223,-1.00451974562379));
#5555=CARTESIAN_POINT('Ctrl Pts',(2.99753179818507,-0.854885359742787,-0.937506177026108));
#5556=CARTESIAN_POINT('Ctrl Pts',(2.98736011637383,-0.957548054227227,-0.827197221717446));
#5557=CARTESIAN_POINT('Ctrl Pts',(2.98425778509782,-0.987527689719774,-0.791165883853863));
#5558=CARTESIAN_POINT('Ctrl Pts',(2.98020044424142,-1.02498605331323,-0.740689097407076));
#5559=CARTESIAN_POINT('Ctrl Pts',(2.97917602242127,-1.03428530892365,-0.727647364320997));
#5560=CARTESIAN_POINT('Ctrl Pts',(2.9774532797006,-1.04964505118766,-0.705216465573144));
#5561=CARTESIAN_POINT('Ctrl Pts',(2.97675017385436,-1.05583323285864,-0.695917519687845));
#5562=CARTESIAN_POINT('Ctrl Pts',(2.97533702345168,-1.06810190418128,-0.676941030982673));
#5563=CARTESIAN_POINT('Ctrl Pts',(2.97462726074322,-1.07417602734749,-0.667260603522231));
#5564=CARTESIAN_POINT('Ctrl Pts',(2.97285035736714,-1.08915183130994,-0.642658830027273));
#5565=CARTESIAN_POINT('Ctrl Pts',(2.97178960732629,-1.09787892773442,-0.627633641844708));
#5566=CARTESIAN_POINT('Ctrl Pts',(2.96710557045413,-1.13539531523164,-0.559864324395496));
#5567=CARTESIAN_POINT('Ctrl Pts',(2.96360404360468,-1.16071451543623,-0.505285615109277));
#5568=CARTESIAN_POINT('Ctrl Pts',(2.95651308311201,-1.20454506242749,-0.389923008186364));
#5569=CARTESIAN_POINT('Ctrl Pts',(2.95293875885268,-1.22255410385754,-0.329134877974389));
#5570=CARTESIAN_POINT('Ctrl Pts',(2.94691271260503,-1.24449761552836,-0.227656284479027));
#5571=CARTESIAN_POINT('Ctrl Pts',(2.94452237458196,-1.25115162202649,-0.18767174687295));
#5572=CARTESIAN_POINT('Ctrl Pts',(2.94140132786517,-1.25709308693276,-0.13706348612816));
#5573=CARTESIAN_POINT('Ctrl Pts',(2.94075540515982,-1.25818270457498,-0.126671598397339));
#5574=CARTESIAN_POINT('Ctrl Pts',(2.93969578241902,-1.25974214073295,-0.109783399549218));
#5575=CARTESIAN_POINT('Ctrl Pts',(2.93928628612364,-1.26029078739451,-0.103294640431827));
#5576=CARTESIAN_POINT('Ctrl Pts',(2.93846090615714,-1.26128856351654,-0.0902992054595138));
#5577=CARTESIAN_POINT('Ctrl Pts',(2.93804502741941,-1.26173751757495,-0.0837927153602526));
#5578=CARTESIAN_POINT('Ctrl Pts',(2.93695298540714,-1.26277759352314,-0.0668069141917493));
#5579=CARTESIAN_POINT('Ctrl Pts',(2.93627268625077,-1.2632885928847,-0.0563234276863026));
#5580=CARTESIAN_POINT('Ctrl Pts',(2.93313298996468,-1.26502945857847,-0.00832805451380324));
#5581=CARTESIAN_POINT('Ctrl Pts',(2.93060705213995,-1.26471921709925,0.0292178702412517));
#5582=CARTESIAN_POINT('Ctrl Pts',(2.92217495009656,-1.25819464665548,0.152755832246281));
#5583=CARTESIAN_POINT('Ctrl Pts',(2.91617143686925,-1.24486125670888,0.238139707111744));
#5584=CARTESIAN_POINT('Ctrl Pts',(2.90741957983341,-1.21180218574874,0.363890888452054));
#5585=CARTESIAN_POINT('Ctrl Pts',(2.90452331045694,-1.19846176378415,0.405673811780453));
#5586=CARTESIAN_POINT('Ctrl Pts',(2.90068346416351,-1.1774305294103,0.461371983001063));
#5587=CARTESIAN_POINT('Ctrl Pts',(2.89967985658727,-1.17161103451133,0.475956277860605));
#5588=CARTESIAN_POINT('Ctrl Pts',(2.89798146402862,-1.16121114232481,0.500671977381611));
#5589=CARTESIAN_POINT('Ctrl Pts',(2.89728221332736,-1.15676612974504,0.510857984067927));
#5590=CARTESIAN_POINT('Ctrl Pts',(2.89586811485816,-1.14744573005282,0.531470592328909));
#5591=CARTESIAN_POINT('Ctrl Pts',(2.89515366445781,-1.14256111003671,0.541891887399596));
#5592=CARTESIAN_POINT('Ctrl Pts',(2.89334753047404,-1.12976910376183,0.568241321635363));
#5593=CARTESIAN_POINT('Ctrl Pts',(2.89226269487527,-1.121666626522,0.584072302300849));
#5594=CARTESIAN_POINT('Ctrl Pts',(2.8869827417387,-1.08021532639895,0.661015448225682));
#5595=CARTESIAN_POINT('Ctrl Pts',(2.88295660879312,-1.0421918885438,0.719474933621097));
#5596=CARTESIAN_POINT('Ctrl Pts',(2.87595248234103,-0.967238572459335,0.816205763751831));
#5597=CARTESIAN_POINT('Ctrl Pts',(2.87296135878832,-0.932355902844954,0.855835526138876));
#5598=CARTESIAN_POINT('Ctrl Pts',(2.86829937825047,-0.875611651469113,0.912702510474535));
#5599=CARTESIAN_POINT('Ctrl Pts',(2.86667989444709,-0.855488326917478,0.931590675477353));
#5600=CARTESIAN_POINT('Ctrl Pts',(2.86391977847242,-0.820903062972102,0.961986989458622));
#5601=CARTESIAN_POINT('Ctrl Pts',(2.86279847619096,-0.806777334878233,0.973863984128712));
#5602=CARTESIAN_POINT('Ctrl Pts',(2.86115835277584,-0.786114523773857,0.990479282564973));
#5603=CARTESIAN_POINT('Ctrl Pts',(2.86065582935944,-0.779783432625184,0.995471267201568));
#5604=CARTESIAN_POINT('Ctrl Pts',(2.85980088203844,-0.769022496167588,1.00379048570266));
#5605=CARTESIAN_POINT('Ctrl Pts',(2.85945068427946,-0.764617800144283,1.0071497192152));
#5606=CARTESIAN_POINT('Ctrl Pts',(2.85863741703048,-0.75439810872424,1.01483806294809));
#5607=CARTESIAN_POINT('Ctrl Pts',(2.85817298626514,-0.748567991530828,1.01914609179532));
#5608=CARTESIAN_POINT('Ctrl Pts',(2.85682988889494,-0.731715282504399,1.0313763878551));
#5609=CARTESIAN_POINT('Ctrl Pts',(2.85594348531368,-0.720602078398854,1.03917136119748));
#5610=CARTESIAN_POINT('Ctrl Pts',(2.84908866329212,-0.63456574416437,1.09747485797363));
#5611=CARTESIAN_POINT('Ctrl Pts',(2.84277820322249,-0.554551976255593,1.13999807829951));
#5612=CARTESIAN_POINT('Ctrl Pts',(2.83350518095004,-0.428824098736375,1.1904222836814));
#5613=CARTESIAN_POINT('Ctrl Pts',(2.83045062349795,-0.386082643421295,1.2049631256234));
#5614=CARTESIAN_POINT('Ctrl Pts',(2.82604393438028,-0.322096860159193,1.22297582327175));
#5615=CARTESIAN_POINT('Ctrl Pts',(2.82464291497216,-0.301397439055975,1.2282409867755));
#5616=CARTESIAN_POINT('Ctrl Pts',(2.82209250755241,-0.263050468353098,1.23696712188175));
#5617=CARTESIAN_POINT('Ctrl Pts',(2.82093870896573,-0.245443657821365,1.2405807811882));
#5618=CARTESIAN_POINT('Ctrl Pts',(2.81906315999249,-0.216407503615814,1.2458978132986));
#5619=CARTESIAN_POINT('Ctrl Pts',(2.81833451599204,-0.205021730697592,1.24782197174304));
#5620=CARTESIAN_POINT('Ctrl Pts',(2.8169235925635,-0.182776003813372,1.25126871424859));
#5621=CARTESIAN_POINT('Ctrl Pts',(2.8162408900521,-0.171919487042264,1.25280651534352));
#5622=CARTESIAN_POINT('Ctrl Pts',(2.81460520729383,-0.14569562026384,1.25617375189191));
#5623=CARTESIAN_POINT('Ctrl Pts',(2.81365670673742,-0.130311807843132,1.257862700664));
#5624=CARTESIAN_POINT('Ctrl Pts',(2.81036825306178,-0.0764139728389565,
1.26278053762051));
#5625=CARTESIAN_POINT('Ctrl Pts',(2.80807383205479,-0.0377846993340395,
1.26452619573411));
#5626=CARTESIAN_POINT('Ctrl Pts',(2.80207897696409,0.0648026933170038,1.2644558794902));
#5627=CARTESIAN_POINT('Ctrl Pts',(2.79845303117368,0.128645205844215,1.2595629563666));
#5628=CARTESIAN_POINT('Ctrl Pts',(2.79139863840485,0.250496542176328,1.24085974573451));
#5629=CARTESIAN_POINT('Ctrl Pts',(2.78798161434399,0.308436773122302,1.22774048715883));
#5630=CARTESIAN_POINT('Ctrl Pts',(2.7835514994316,0.378428653568089,1.20662418168526));
#5631=CARTESIAN_POINT('Ctrl Pts',(2.7827070158902,0.391555570590591,1.20242852654784));
#5632=CARTESIAN_POINT('Ctrl Pts',(2.78139801153921,0.411519830054066,1.19568593738261));
#5633=CARTESIAN_POINT('Ctrl Pts',(2.78094179970038,0.418408469289681,1.19329282998379));
#5634=CARTESIAN_POINT('Ctrl Pts',(2.78009794459476,0.431014083058612,1.18879108226911));
#5635=CARTESIAN_POINT('Ctrl Pts',(2.77971133175676,0.43673708412207,1.186700505922));
#5636=CARTESIAN_POINT('Ctrl Pts',(2.77878869838521,0.450273643585521,1.18164450629543));
#5637=CARTESIAN_POINT('Ctrl Pts',(2.77825063996975,0.458073169716731,1.17864288718552));
#5638=CARTESIAN_POINT('Ctrl Pts',(2.7763917972217,0.484716613679307,1.16808486114826));
#5639=CARTESIAN_POINT('Ctrl Pts',(2.77505187489203,0.503407078819513,1.1601524238428));
#5640=CARTESIAN_POINT('Ctrl Pts',(2.77157516770807,0.550804824557469,1.13867533541102));
#5641=CARTESIAN_POINT('Ctrl Pts',(2.76941608085238,0.57920746736973,1.12449364580164));
#5642=CARTESIAN_POINT('Ctrl Pts',(2.76017452256778,0.697514193421486,1.05975001266649));
#5643=CARTESIAN_POINT('Ctrl Pts',(2.75301879943438,0.78160416770852,0.999348503688756));
#5644=CARTESIAN_POINT('Ctrl Pts',(2.74477568414225,0.873829251128901,0.914265120212797));
#5645=CARTESIAN_POINT('Ctrl Pts',(2.74332665702177,0.889828915602497,0.898700658216216));
#5646=CARTESIAN_POINT('Ctrl Pts',(2.74101858047555,0.914959138088496,0.872924499361171));
#5647=CARTESIAN_POINT('Ctrl Pts',(2.7401483780017,0.924349893361425,0.86297433604327));
#5648=CARTESIAN_POINT('Ctrl Pts',(2.7386016267017,0.94088313102479,0.844876619748245));
#5649=CARTESIAN_POINT('Ctrl Pts',(2.73792256090827,0.948085753067658,0.836786104976573));
#5650=CARTESIAN_POINT('Ctrl Pts',(2.73647664319585,0.963295665298001,0.819252683207567));
#5651=CARTESIAN_POINT('Ctrl Pts',(2.73571119157532,0.971270070581983,0.809782665152911));
#5652=CARTESIAN_POINT('Ctrl Pts',(2.73359455863884,0.993088910684649,0.783085580985411));
#5653=CARTESIAN_POINT('Ctrl Pts',(2.73225574557272,1.00662308397459,0.7656099966866));
#5654=CARTESIAN_POINT('Ctrl Pts',(2.72924781970168,1.03632908767696,0.725102515264379));
#5655=CARTESIAN_POINT('Ctrl Pts',(2.72758922930569,1.05220428122123,0.70186745903298));
#5656=CARTESIAN_POINT('Ctrl Pts',(2.72152209814966,1.10800436922091,0.614043929116207));
#5657=CARTESIAN_POINT('Ctrl Pts',(2.7172497275146,1.14286290429202,0.54643206919312));
#5658=CARTESIAN_POINT('Ctrl Pts',(2.71001445792527,1.19015835111633,0.430061809235019));
#5659=CARTESIAN_POINT('Ctrl Pts',(2.70711209766582,1.20613764899586,0.382963417006018));
#5660=CARTESIAN_POINT('Ctrl Pts',(2.70339814276602,1.22223918975827,0.324367700044053));
#5661=CARTESIAN_POINT('Ctrl Pts',(2.7027143396005,1.22503464869761,0.313644913673151));
#5662=CARTESIAN_POINT('Ctrl Pts',(2.70160807991075,1.22928092699216,0.296433529791576));
#5663=CARTESIAN_POINT('Ctrl Pts',(2.70119053679771,1.23082217900835,0.289967573962159));
#5664=CARTESIAN_POINT('Ctrl Pts',(2.70036481618648,1.23374826509285,0.27724806808737));
#5665=CARTESIAN_POINT('Ctrl Pts',(2.69995684237861,1.23513669078744,0.270995612328349));
#5666=CARTESIAN_POINT('Ctrl Pts',(2.69890958111102,1.23855715968098,0.255019775430633));
#5667=CARTESIAN_POINT('Ctrl Pts',(2.69826673728529,1.24052220356296,0.245282635926641));
#5668=CARTESIAN_POINT('Ctrl Pts',(2.69541739703146,1.24865538898023,0.202380614575307));
#5669=CARTESIAN_POINT('Ctrl Pts',(2.69315645975353,1.25360922729686,0.169002086616476));
#5670=CARTESIAN_POINT('Ctrl Pts',(2.68555457350559,1.26559945378632,0.0577262498082555));
#5671=CARTESIAN_POINT('Ctrl Pts',(2.68010998178199,1.26674763639996,-0.0206259901224034));
#5672=CARTESIAN_POINT('Ctrl Pts',(2.67114279756547,1.25645519107227,-0.152240320066535));
#5673=CARTESIAN_POINT('Ctrl Pts',(2.66755584964544,1.24883768989993,-0.205578378354515));
#5674=CARTESIAN_POINT('Ctrl Pts',(2.662972195483,1.23436910650158,-0.274922484474208));
#5675=CARTESIAN_POINT('Ctrl Pts',(2.66188226494345,1.23055994632489,-0.291499104887226));
#5676=CARTESIAN_POINT('Ctrl Pts',(2.66008236218934,1.22365149751599,-0.319008171044151));
#5677=CARTESIAN_POINT('Ctrl Pts',(2.6593665652883,1.22073729775633,-0.329984339226275));
#5678=CARTESIAN_POINT('Ctrl Pts',(2.65795257656783,1.21464868983118,-0.35173122330232));
#5679=CARTESIAN_POINT('Ctrl Pts',(2.65725434153715,1.21147790198609,-0.362501860810664));
#5680=CARTESIAN_POINT('Ctrl Pts',(2.6555517067376,1.20334391268088,-0.388832049051467));
#5681=CARTESIAN_POINT('Ctrl Pts',(2.65455257481411,1.19822185341936,-0.404340651156079));
#5682=CARTESIAN_POINT('Ctrl Pts',(2.65310608419488,1.19030159404352,-0.426847797644661));
#5683=CARTESIAN_POINT('Ctrl Pts',(2.65265168267577,1.18773945209897,-0.433926142923151));
#5684=CARTESIAN_POINT('Ctrl Pts',(2.65219917737546,1.18511454333724,-0.440980463479479));
#5685=CARTESIAN_POINT('Origin',(0.,0.,0.));
#5686=CARTESIAN_POINT('',(2.15406913226019,1.18511454125787,-0.440980469067679));
#5687=CARTESIAN_POINT('',(2.29003069153173,1.18511454072499,-0.440980470499766));
#5688=CARTESIAN_POINT('',(0.,1.18511454072499,-0.440980470499767));
#5689=CARTESIAN_POINT('',(2.44341967355693,-0.00111859949319386,1.26449950523327));
#5690=CARTESIAN_POINT('Ctrl Pts',(2.29003069153173,1.18511454072499,-0.440980470499766));
#5691=CARTESIAN_POINT('Ctrl Pts',(2.29315075337009,1.20237094789013,-0.394604677420078));
#5692=CARTESIAN_POINT('Ctrl Pts',(2.29627081520844,1.21687302111863,-0.34729018484825));
#5693=CARTESIAN_POINT('Ctrl Pts',(2.29939087704679,1.22854499737245,-0.299395122590754));
#5694=CARTESIAN_POINT('Ctrl Pts',(2.29976350931859,1.22993899379087,-0.293674964856085));
#5695=CARTESIAN_POINT('Ctrl Pts',(2.3001361415904,1.23129268285854,-0.287946534279121));
#5696=CARTESIAN_POINT('Ctrl Pts',(2.3005087738622,1.23260598483447,-0.282210446564714));
#5697=CARTESIAN_POINT('Ctrl Pts',(2.30362894874226,1.24360270236336,-0.234180261982105));
#5698=CARTESIAN_POINT('Ctrl Pts',(2.30674912362231,1.25181222132646,-0.185400006367242));
#5699=CARTESIAN_POINT('Ctrl Pts',(2.30986929850236,1.25714099365884,-0.136223243473577));
#5700=CARTESIAN_POINT('Ctrl Pts',(2.31298372522543,1.26245994903509,-0.087137076704846));
#5701=CARTESIAN_POINT('Ctrl Pts',(2.31609815194849,1.26490862466464,-0.0376563923664979));
#5702=CARTESIAN_POINT('Ctrl Pts',(2.31921257867156,1.26444442802547,0.0118548907771666));
#5703=CARTESIAN_POINT('Ctrl Pts',(2.32232384005893,1.26398070317078,0.0613158533174036));
#5704=CARTESIAN_POINT('Ctrl Pts',(2.32543510144629,1.26060997178491,0.110806807156031));
#5705=CARTESIAN_POINT('Ctrl Pts',(2.32854636283366,1.25434158787108,0.159960716855875));
#5706=CARTESIAN_POINT('Ctrl Pts',(2.33165578912342,1.24807690120249,0.209085634384752));
#5707=CARTESIAN_POINT('Ctrl Pts',(2.33476521541318,1.23891801702697,0.257873358412222));
#5708=CARTESIAN_POINT('Ctrl Pts',(2.33787464170294,1.22692616836724,0.305961480215534));
#5709=CARTESIAN_POINT('Ctrl Pts',(2.34098356013265,1.21493627832633,0.354041747825301));
#5710=CARTESIAN_POINT('Ctrl Pts',(2.34409247856236,1.20011447603497,0.401422108285654));
#5711=CARTESIAN_POINT('Ctrl Pts',(2.34720139699207,1.182572626554,0.447752423695474));
#5712=CARTESIAN_POINT('Ctrl Pts',(2.35031335894166,1.16501360423016,0.494128094826071));
#5713=CARTESIAN_POINT('Ctrl Pts',(2.35342532089126,1.14472941380788,0.539451154846355));
#5714=CARTESIAN_POINT('Ctrl Pts',(2.35653728284085,1.12188051608828,0.583390398979535));
#5715=CARTESIAN_POINT('Ctrl Pts',(2.35965092754279,1.09901926312888,0.627353402678911));
#5716=CARTESIAN_POINT('Ctrl Pts',(2.36276457224473,1.07359082293087,0.66993062901418));
#5717=CARTESIAN_POINT('Ctrl Pts',(2.36587821694666,1.04580043254225,0.710817631530366));
#5718=CARTESIAN_POINT('Ctrl Pts',(2.36899767613412,1.01795814579487,0.751780987293914));
#5719=CARTESIAN_POINT('Ctrl Pts',(2.37211713532158,0.987745440531926,0.791047384743856));
#5720=CARTESIAN_POINT('Ctrl Pts',(2.37523659450903,0.95540845367983,0.828344696751972));
#5721=CARTESIAN_POINT('Ctrl Pts',(2.37679292121634,0.939275235308455,0.846952666691918));
#5722=CARTESIAN_POINT('Ctrl Pts',(2.37834924792365,0.922613846501553,0.865071080391215));
#5723=CARTESIAN_POINT('Ctrl Pts',(2.37990557463096,0.905458082341318,0.882669763344583));
#5724=CARTESIAN_POINT('Ctrl Pts',(2.38297966561565,0.871571636974302,0.917431071722384));
#5725=CARTESIAN_POINT('Ctrl Pts',(2.38605375660035,0.835594792036756,0.950325734958052));
#5726=CARTESIAN_POINT('Ctrl Pts',(2.38912784758504,0.797764407902808,0.981087253756506));
#5727=CARTESIAN_POINT('Ctrl Pts',(2.39219739450217,0.759989943981443,1.01180330141556));
#5728=CARTESIAN_POINT('Ctrl Pts',(2.3952669414193,0.720367792319917,1.04039208504834));
#5729=CARTESIAN_POINT('Ctrl Pts',(2.39833648833643,0.679171848464665,1.06662357476904));
#5730=CARTESIAN_POINT('Ctrl Pts',(2.40140289697993,0.638018022924476,1.09282824568078));
#5731=CARTESIAN_POINT('Ctrl Pts',(2.40446930562344,0.595294063524733,1.11668008830895));
#5732=CARTESIAN_POINT('Ctrl Pts',(2.40753571426694,0.551304928089385,1.13799082872594));
#5733=CARTESIAN_POINT('Ctrl Pts',(2.41060173579566,0.507321346005408,1.15929887879614));
#5734=CARTESIAN_POINT('Ctrl Pts',(2.41366775732438,0.46207340152075,1.17806619196024));
#5735=CARTESIAN_POINT('Ctrl Pts',(2.4167337788531,0.415890821718147,1.19415035670162));
#5736=CARTESIAN_POINT('Ctrl Pts',(2.41979932260666,0.369715438502131,1.21023201506322));
#5737=CARTESIAN_POINT('Ctrl Pts',(2.42286486636022,0.32260624669139,1.22363117625524));
#5738=CARTESIAN_POINT('Ctrl Pts',(2.42593041011378,0.274909959685921,1.23425474034556));
#5739=CARTESIAN_POINT('Ctrl Pts',(2.42899963692266,0.227156368633417,1.24489106797062));
#5740=CARTESIAN_POINT('Ctrl Pts',(2.43206886373154,0.178814829967087,1.25274502535088));
#5741=CARTESIAN_POINT('Ctrl Pts',(2.43513809054041,0.130242262584368,1.25777470281323));
#5742=CARTESIAN_POINT('Ctrl Pts',(2.43789861821258,0.086555065541595,1.26229850137277));
#5743=CARTESIAN_POINT('Ctrl Pts',(2.44065914588475,0.0426813782370003,1.26453825149824));
#5744=CARTESIAN_POINT('Ctrl Pts',(2.44341967355692,-0.00111859949319202,
1.26449950523327));
#5745=CARTESIAN_POINT('Ctrl Pts',(2.44341967361941,-0.00111860048461831,
1.26449950523239));
#5746=CARTESIAN_POINT('Ctrl Pts',(2.44788802151272,-0.072015748224044,1.26443678825742));
#5747=CARTESIAN_POINT('Ctrl Pts',(2.45235636940603,-0.142657663005554,1.25840806426821));
#5748=CARTESIAN_POINT('Ctrl Pts',(2.45682471729934,-0.212238334326882,1.24656132598527));
#5749=CARTESIAN_POINT('Ctrl Pts',(2.4576506033328,-0.225098949931399,1.24437168992211));
#5750=CARTESIAN_POINT('Ctrl Pts',(2.45847648936626,-0.23792338944076,1.24198341738924));
#5751=CARTESIAN_POINT('Ctrl Pts',(2.45930237539972,-0.250706655318153,1.23939760487875));
#5752=CARTESIAN_POINT('Ctrl Pts',(2.46242255027976,-0.299001484700848,1.22962847583087));
#5753=CARTESIAN_POINT('Ctrl Pts',(2.4655427251598,-0.346831398155232,1.21701067418366));
#5754=CARTESIAN_POINT('Ctrl Pts',(2.46866290003984,-0.393835693204502,1.2016046341281));
#5755=CARTESIAN_POINT('Ctrl Pts',(2.4717773267629,-0.440753394368107,1.18622697592297));
#5756=CARTESIAN_POINT('Ctrl Pts',(2.47489175348596,-0.486847976647295,1.16807143628782));
#5757=CARTESIAN_POINT('Ctrl Pts',(2.47800618020902,-0.531770296690725,1.14724914537229));
#5758=CARTESIAN_POINT('Ctrl Pts',(2.48111744159638,-0.576646960105862,1.12644801711256));
#5759=CARTESIAN_POINT('Ctrl Pts',(2.48422870298374,-0.620353224502527,1.10298573260264));
#5760=CARTESIAN_POINT('Ctrl Pts',(2.4873399643711,-0.662558509365002,1.07702203861761));
#5761=CARTESIAN_POINT('Ctrl Pts',(2.49044939066086,-0.704738900524404,1.05107365865049));
#5762=CARTESIAN_POINT('Ctrl Pts',(2.49355881695062,-0.745419599569618,1.02262707888571));
#5763=CARTESIAN_POINT('Ctrl Pts',(2.49666824324037,-0.784295616608801,0.991887410832611));
#5764=CARTESIAN_POINT('Ctrl Pts',(2.49977716167008,-0.823165284060003,0.961152763464287));
#5765=CARTESIAN_POINT('Ctrl Pts',(2.50288608009979,-0.860230425198785,0.928126112212936));
#5766=CARTESIAN_POINT('Ctrl Pts',(2.5059949985295,-0.895218092123604,0.893053647624024));
#5767=CARTESIAN_POINT('Ctrl Pts',(2.5091069604791,-0.93024001072226,0.857946848347396));
#5768=CARTESIAN_POINT('Ctrl Pts',(2.51221892242869,-0.963180007086168,0.820790626927158));
#5769=CARTESIAN_POINT('Ctrl Pts',(2.51533088437829,-0.993802406862948,0.781867652555988));
#5770=CARTESIAN_POINT('Ctrl Pts',(2.51844452908023,-1.02444136529815,0.742923631100262));
#5771=CARTESIAN_POINT('Ctrl Pts',(2.52155817378217,-1.05275991812249,0.702211405181827));
#5772=CARTESIAN_POINT('Ctrl Pts',(2.5246718184841,-1.07856522099444,0.660043418315203));
#5773=CARTESIAN_POINT('Ctrl Pts',(2.52779127767157,-1.10441871323105,0.617796686064103));
#5774=CARTESIAN_POINT('Ctrl Pts',(2.53091073685903,-1.12774933012867,0.574089251420033));
#5775=CARTESIAN_POINT('Ctrl Pts',(2.53403019604649,-1.14841052730336,0.529257508948922));
#5776=CARTESIAN_POINT('Ctrl Pts',(2.53558652275381,-1.1587185874625,0.506890542769572));
#5777=CARTESIAN_POINT('Ctrl Pts',(2.53714284946114,-1.16836296147129,0.484244023347378));
#5778=CARTESIAN_POINT('Ctrl Pts',(2.53869917616847,-1.17733007903019,0.461361176315007));
#5779=CARTESIAN_POINT('Ctrl Pts',(2.54181935104845,-1.1953076507196,0.415484893297622));
#5780=CARTESIAN_POINT('Ctrl Pts',(2.54493952592843,-1.21063956498183,0.368454669564336));
#5781=CARTESIAN_POINT('Ctrl Pts',(2.54805970080841,-1.22318102418701,0.320606350637051));
#5782=CARTESIAN_POINT('Ctrl Pts',(2.55117412753141,-1.23569937882943,0.272846180502488));
#5783=CARTESIAN_POINT('Ctrl Pts',(2.5542885542544,-1.24543733605285,0.224271430642721));
#5784=CARTESIAN_POINT('Ctrl Pts',(2.5574029809774,-1.25229896259677,0.17523572204053));
#5785=CARTESIAN_POINT('Ctrl Pts',(2.56051424236469,-1.25915361535277,0.12624985069339));
#5786=CARTESIAN_POINT('Ctrl Pts',(2.56362550375199,-1.26313764886694,0.0768044887391374));
#5787=CARTESIAN_POINT('Ctrl Pts',(2.56673676513929,-1.26420604459606,0.0272640203710013));
#5788=CARTESIAN_POINT('Ctrl Pts',(2.56984619142898,-1.26527381015941,-0.0222472278244747));
#5789=CARTESIAN_POINT('Ctrl Pts',(2.57295561771867,-1.26342933289768,-0.0718529238547575));
#5790=CARTESIAN_POINT('Ctrl Pts',(2.57606504400836,-1.25867958715568,-0.121185588572276));
#5791=CARTESIAN_POINT('Ctrl Pts',(2.579173962438,-1.25393061718576,-0.170510195826136));
#5792=CARTESIAN_POINT('Ctrl Pts',(2.58228288086765,-1.24627737431742,-0.219561314610689));
#5793=CARTESIAN_POINT('Ctrl Pts',(2.58539179929729,-1.23577872276354,-0.267976115288134));
#5794=CARTESIAN_POINT('Ctrl Pts',(2.58850376124682,-1.22526979340551,-0.3164383123228));
#5795=CARTESIAN_POINT('Ctrl Pts',(2.59161572319635,-1.21191001132364,-0.364262410571575));
#5796=CARTESIAN_POINT('Ctrl Pts',(2.59472768514587,-1.19580910176903,-0.411097120065736));
#5797=CARTESIAN_POINT('Ctrl Pts',(2.59784132984774,-1.17969948586013,-0.457957154810766));
#5798=CARTESIAN_POINT('Ctrl Pts',(2.60095497454961,-1.16084599977254,-0.503826227567284));
#5799=CARTESIAN_POINT('Ctrl Pts',(2.60406861925148,-1.13940660931563,-0.548372891970282));
#5800=CARTESIAN_POINT('Ctrl Pts',(2.60718807843887,-1.11792718249062,-0.593002743750154));
#5801=CARTESIAN_POINT('Ctrl Pts',(2.61030753762626,-1.09385248029217,-0.636304778828707));
#5802=CARTESIAN_POINT('Ctrl Pts',(2.61342699681365,-1.06738569757536,-0.677973467483469));
#5803=CARTESIAN_POINT('Ctrl Pts',(2.61498332352151,-1.05418117770865,-0.698762357204173));
#5804=CARTESIAN_POINT('Ctrl Pts',(2.61653965022937,-1.04038190725497,-0.719145166807472));
#5805=CARTESIAN_POINT('Ctrl Pts',(2.61809597693723,-1.02601684824124,-0.739087056526568));
#5806=CARTESIAN_POINT('Ctrl Pts',(2.62121615181786,-0.997217306302557,-0.779067211759688));
#5807=CARTESIAN_POINT('Ctrl Pts',(2.62433632669848,-0.966013669229907,-0.817450053939137));
#5808=CARTESIAN_POINT('Ctrl Pts',(2.62745650157911,-0.932609617658503,-0.853931818736637));
#5809=CARTESIAN_POINT('Ctrl Pts',(2.63057092830275,-0.899267104859678,-0.890346374829758));
#5810=CARTESIAN_POINT('Ctrl Pts',(2.63368535502638,-0.863732584772758,-0.924866398264989));
#5811=CARTESIAN_POINT('Ctrl Pts',(2.63679978175002,-0.826251168540544,-0.957219544558815));
#5812=CARTESIAN_POINT('Ctrl Pts',(2.63991104313796,-0.788807846402467,-0.989539808856057));
#5813=CARTESIAN_POINT('Ctrl Pts',(2.64302230452591,-0.749421958514662,-1.01969719896278));
#5814=CARTESIAN_POINT('Ctrl Pts',(2.64613356591385,-0.708375266261238,-1.04745631515081));
#5815=CARTESIAN_POINT('Ctrl Pts',(2.64924299220418,-0.667352784344829,-1.07519905833724));
#5816=CARTESIAN_POINT('Ctrl Pts',(2.65235241849451,-0.624671892214574,-1.10054602310432));
#5817=CARTESIAN_POINT('Ctrl Pts',(2.65546184478485,-0.5806451429005,-1.1233038182193));
#5818=CARTESIAN_POINT('Ctrl Pts',(2.65857076321513,-0.536625584439311,-1.14605789632226));
#5819=CARTESIAN_POINT('Ctrl Pts',(2.66167968164542,-0.491261092732287,-1.16622339342747));
#5820=CARTESIAN_POINT('Ctrl Pts',(2.66478860007571,-0.44488844937178,-1.18365303937242));
#5821=CARTESIAN_POINT('Ctrl Pts',(2.66790056202587,-0.398470408853084,-1.20109974831695));
#5822=CARTESIAN_POINT('Ctrl Pts',(2.67101252397603,-0.35104276106279,-1.21580506628663));
#5823=CARTESIAN_POINT('Ctrl Pts',(2.67412448592619,-0.302960168910211,-1.22767071564565));
#5824=CARTESIAN_POINT('Ctrl Pts',(2.67723813062869,-0.254851576730756,-1.2395427811979));
#5825=CARTESIAN_POINT('Ctrl Pts',(2.68035177533119,-0.206087874960075,-1.24857202057711));
#5826=CARTESIAN_POINT('Ctrl Pts',(2.68346542003369,-0.157033209654737,-1.25471144932432));
#5827=CARTESIAN_POINT('Ctrl Pts',(2.6865848792217,-0.107886938637146,-1.26086234296971));
#5828=CARTESIAN_POINT('Ctrl Pts',(2.68970433840971,-0.0584491673416098,
-1.26411261960304));
#5829=CARTESIAN_POINT('Ctrl Pts',(2.69282379759773,-0.00908678927253807,
-1.2644673504131));
#5830=CARTESIAN_POINT('Ctrl Pts',(2.69438012430048,0.0155405523499105,-1.2646443288567));
#5831=CARTESIAN_POINT('Ctrl Pts',(2.69593645100324,0.0401491688794327,-1.26410139155069));
#5832=CARTESIAN_POINT('Ctrl Pts',(2.69749277770599,0.0646940829364816,-1.26284398309253));
#5833=CARTESIAN_POINT('Ctrl Pts',(2.70061295258561,0.113902532632538,-1.26032308932542));
#5834=CARTESIAN_POINT('Ctrl Pts',(2.70373312746523,0.163072380319496,-1.25491609225463));
#5835=CARTESIAN_POINT('Ctrl Pts',(2.70685330234485,0.211837952456321,-1.24662942845864));
#5836=CARTESIAN_POINT('Ctrl Pts',(2.70996772906749,0.260513685986454,-1.23835803080835));
#5837=CARTESIAN_POINT('Ctrl Pts',(2.71308215579013,0.308786084634132,-1.2272175791492));
#5838=CARTESIAN_POINT('Ctrl Pts',(2.71619658251277,0.356293411043361,-1.21326635791449));
#5839=CARTESIAN_POINT('Ctrl Pts',(2.71930784389971,0.403752453563009,-1.19932931595015));
#5840=CARTESIAN_POINT('Ctrl Pts',(2.72241910528666,0.450447439302474,-1.1825873134365));
#5841=CARTESIAN_POINT('Ctrl Pts',(2.72553036667361,0.49602780126814,-1.16314946174991));
#5842=CARTESIAN_POINT('Ctrl Pts',(2.72863979296295,0.541581278828255,-1.14372307498077));
#5843=CARTESIAN_POINT('Ctrl Pts',(2.7317492192523,0.586020931301926,-1.12160420379397));
#5844=CARTESIAN_POINT('Ctrl Pts',(2.73485864554164,0.6290147934227,-1.09695060948768));
#5845=CARTESIAN_POINT('Ctrl Pts',(2.73796756397095,0.67200163339132,-1.07230104183269));
#5846=CARTESIAN_POINT('Ctrl Pts',(2.74107648240025,0.713542676649533,-1.04511784656489));
#5847=CARTESIAN_POINT('Ctrl Pts',(2.74418540082956,0.75333157379515,-1.01560415020978));
#5848=CARTESIAN_POINT('Ctrl Pts',(2.74729736277876,0.793159422847303,-0.986061561002026));
#5849=CARTESIAN_POINT('Ctrl Pts',(2.75040932472796,0.831231260253928,-0.95418424388483));
#5850=CARTESIAN_POINT('Ctrl Pts',(2.75352128667716,0.867272206744412,-0.920216914324377));
#5851=CARTESIAN_POINT('Ctrl Pts',(2.75663493137871,0.903332641900988,-0.886231217378816));
#5852=CARTESIAN_POINT('Ctrl Pts',(2.75974857608026,0.93735962261349,-0.850153657091456));
#5853=CARTESIAN_POINT('Ctrl Pts',(2.76286222078181,0.969116226429119,-0.812264728811848));
#5854=CARTESIAN_POINT('Ctrl Pts',(2.76598167996889,1.00093213319396,-0.774305045951482));
#5855=CARTESIAN_POINT('Ctrl Pts',(2.76910113915598,1.03046887411441,-0.734527684762406));
#5856=CARTESIAN_POINT('Ctrl Pts',(2.77222059834306,1.0575317763885,-0.693243674279532));
#5857=CARTESIAN_POINT('Ctrl Pts',(2.77377692505363,1.07103370577706,-0.672646703977862));
#5858=CARTESIAN_POINT('Ctrl Pts',(2.77533325176419,1.08392057865997,-0.651675120781464));
#5859=CARTESIAN_POINT('Ctrl Pts',(2.77688957847475,1.09617258257067,-0.630369668702704));
#5860=CARTESIAN_POINT('Ctrl Pts',(2.78000915491056,1.12073109103279,-0.587663991412715));
#5861=CARTESIAN_POINT('Ctrl Pts',(2.78312873134636,1.14284458301233,-0.543426459862149));
#5862=CARTESIAN_POINT('Ctrl Pts',(2.78624830778217,1.16232030126614,-0.497967636764272));
#5863=CARTESIAN_POINT('Ctrl Pts',(2.78753810610658,1.17037259595654,-0.479172548691387));
#5864=CARTESIAN_POINT('Ctrl Pts',(2.78882790443098,1.17797448247719,-0.460169045543694));
#5865=CARTESIAN_POINT('Ctrl Pts',(2.79011770275539,1.18511454072499,-0.44098047049977));
#5866=CARTESIAN_POINT('',(2.30768671064427,0.000458759030357153,1.26449991678139));
#5867=CARTESIAN_POINT('Ctrl Pts',(2.65219917737546,1.18511454333724,-0.440980463479479));
#5868=CARTESIAN_POINT('Ctrl Pts',(2.64963665582846,1.17024977765114,-0.480928831846841));
#5869=CARTESIAN_POINT('Ctrl Pts',(2.64713622762743,1.15337213615707,-0.520106831098528));
#5870=CARTESIAN_POINT('Ctrl Pts',(2.64167045685177,1.11165397033313,-0.604874204745729));
#5871=CARTESIAN_POINT('Ctrl Pts',(2.63872750372988,1.08592554984662,-0.649933202826631));
#5872=CARTESIAN_POINT('Ctrl Pts',(2.63218154237199,1.02323352839569,-0.745560546049336));
#5873=CARTESIAN_POINT('Ctrl Pts',(2.62857639741185,0.985137841199429,-0.795216293783739));
#5874=CARTESIAN_POINT('Ctrl Pts',(2.62406885318646,0.93599849588643,-0.850291220838588));
#5875=CARTESIAN_POINT('Ctrl Pts',(2.62337088172821,0.92835082647878,-0.858634419826955));
#5876=CARTESIAN_POINT('Ctrl Pts',(2.62224716131697,0.916000904425581,-0.871749650280253));
#5877=CARTESIAN_POINT('Ctrl Pts',(2.6218266018771,0.911370750263294,-0.876589105782434));
#5878=CARTESIAN_POINT('Ctrl Pts',(2.62100019409068,0.902262716579828,-0.885958696516644));
#5879=CARTESIAN_POINT('Ctrl Pts',(2.62059461901388,0.897788676878883,-0.890492171190853));
#5880=CARTESIAN_POINT('Ctrl Pts',(2.61956139045,0.886375657478602,-0.901883375052959));
#5881=CARTESIAN_POINT('Ctrl Pts',(2.61893036012507,0.879391291262239,-0.90869487249583));
#5882=CARTESIAN_POINT('Ctrl Pts',(2.61622122997807,0.849316718525189,-0.937353621169603));
#5883=CARTESIAN_POINT('Ctrl Pts',(2.6140948255638,0.825487499050714,-0.958405315748572));
#5884=CARTESIAN_POINT('Ctrl Pts',(2.60780580410513,0.753704244113798,-1.0171571048206));
#5885=CARTESIAN_POINT('Ctrl Pts',(2.60357868325826,0.703784771707255,-1.05231434232066));
#5886=CARTESIAN_POINT('Ctrl Pts',(2.59449829609891,0.590314240783734,-1.12053121150887));
#5887=CARTESIAN_POINT('Ctrl Pts',(2.58968160201473,0.526088712149696,-1.15208270708574));
#5888=CARTESIAN_POINT('Ctrl Pts',(2.58388684140693,0.442834155270359,-1.18455875986536));
#5889=CARTESIAN_POINT('Ctrl Pts',(2.58273611493136,0.425997717638386,-1.1907172389367));
#5890=CARTESIAN_POINT('Ctrl Pts',(2.58086420925327,0.398118488904852,-1.20024790068338));
#5891=CARTESIAN_POINT('Ctrl Pts',(2.58013618915733,0.387150834353427,-1.20383038678471));
#5892=CARTESIAN_POINT('Ctrl Pts',(2.57871771432528,0.36554261503267,-1.21056265645768));
#5893=CARTESIAN_POINT('Ctrl Pts',(2.57802695281355,0.354906612781555,-1.21372346823206));
#5894=CARTESIAN_POINT('Ctrl Pts',(2.57637588369352,0.329221499118855,-1.22099006640767));
#5895=CARTESIAN_POINT('Ctrl Pts',(2.57542009195653,0.314135130751418,-1.22495824026517));
#5896=CARTESIAN_POINT('Ctrl Pts',(2.5718665572981,0.257289969859616,-1.23879093509909));
#5897=CARTESIAN_POINT('Ctrl Pts',(2.56932706725396,0.215109540092547,-1.24680773366273));
#5898=CARTESIAN_POINT('Ctrl Pts',(2.56205687516526,0.0914115610298258,-1.26385158937582));
#5899=CARTESIAN_POINT('Ctrl Pts',(2.5574628118185,0.00933132535285468,-1.26711853526747));
#5900=CARTESIAN_POINT('Ctrl Pts',(2.55026288433224,-0.114770636291505,-1.25999277951858));
#5901=CARTESIAN_POINT('Ctrl Pts',(2.54777055059572,-0.156902227386335,-1.25544218972513));
#5902=CARTESIAN_POINT('Ctrl Pts',(2.54451982567337,-0.209378157848422,-1.24709160601751));
#5903=CARTESIAN_POINT('Ctrl Pts',(2.54385342270874,-0.220012107554581,-1.2452595477495));
#5904=CARTESIAN_POINT('Ctrl Pts',(2.54276859713769,-0.237095486155283,-1.24209071455368));
#5905=CARTESIAN_POINT('Ctrl Pts',(2.54235475690885,-0.243560426425559,-1.24083920262437));
#5906=CARTESIAN_POINT('Ctrl Pts',(2.54152949243581,-0.256341925479329,-1.23826116960389));
#5907=CARTESIAN_POINT('Ctrl Pts',(2.54111818295765,-0.262658655722546,-1.23693667259692));
#5908=CARTESIAN_POINT('Ctrl Pts',(2.54005179945899,-0.278906233842436,-1.2333998049928));
#5909=CARTESIAN_POINT('Ctrl Pts',(2.5393929231117,-0.288820852111826,-1.23111586212189));
#5910=CARTESIAN_POINT('Ctrl Pts',(2.53633458217215,-0.334326714198556,-1.22005314964135));
#5911=CARTESIAN_POINT('Ctrl Pts',(2.53387081756082,-0.369550525814887,-1.2098495633167));
#5912=CARTESIAN_POINT('Ctrl Pts',(2.52475628960871,-0.496382851518674,-1.16705333217707));
#5913=CARTESIAN_POINT('Ctrl Pts',(2.51797219341466,-0.584610347987807,-1.12545269524906));
#5914=CARTESIAN_POINT('Ctrl Pts',(2.50907839479912,-0.697738442397828,-1.05518420299976));
#5915=CARTESIAN_POINT('Ctrl Pts',(2.5067170706933,-0.727456003121856,-1.03492067826738));
#5916=CARTESIAN_POINT('Ctrl Pts',(2.50353053280676,-0.767124198820491,-1.00531789458349));
#5917=CARTESIAN_POINT('Ctrl Pts',(2.50266549988184,-0.777845902444074,-0.997045325429689));
#5918=CARTESIAN_POINT('Ctrl Pts',(2.50110512580595,-0.797093668934031,-0.981694783373373));
#5919=CARTESIAN_POINT('Ctrl Pts',(2.5004076143135,-0.805663405763674,-0.97467402452109));
#5920=CARTESIAN_POINT('Ctrl Pts',(2.49900289533495,-0.822845790311238,-0.96021586589087));
#5921=CARTESIAN_POINT('Ctrl Pts',(2.49829600192991,-0.831452526041212,-0.95277301290106));
#5922=CARTESIAN_POINT('Ctrl Pts',(2.49653720856513,-0.852755078775295,-0.933842663457868));
#5923=CARTESIAN_POINT('Ctrl Pts',(2.49549142046525,-0.865320464372942,-0.92221140822145));
#5924=CARTESIAN_POINT('Ctrl Pts',(2.49077739872664,-0.921408553795377,-0.868136948432522));
#5925=CARTESIAN_POINT('Ctrl Pts',(2.4872348522936,-0.962074045976437,-0.822842762008883));
#5926=CARTESIAN_POINT('Ctrl Pts',(2.47928829948239,-1.0468200835543,-0.713537626092952));
#5927=CARTESIAN_POINT('Ctrl Pts',(2.47493467760558,-1.08857710805043,-0.648048315814554));
#5928=CARTESIAN_POINT('Ctrl Pts',(2.46872783490148,-1.13684169754944,-0.554372034383713));
#5929=CARTESIAN_POINT('Ctrl Pts',(2.46705917155127,-1.14878585853103,-0.529176919324866));
#5930=CARTESIAN_POINT('Ctrl Pts',(2.46475579813192,-1.16371707540788,-0.494788146800975));
#5931=CARTESIAN_POINT('Ctrl Pts',(2.46415977729333,-1.16744642326854,-0.485923427595718));
#5932=CARTESIAN_POINT('Ctrl Pts',(2.46320018631471,-1.17323020444183,-0.471724286460304));
#5933=CARTESIAN_POINT('Ctrl Pts',(2.46284041708984,-1.17535028985651,-0.466416775496206));
#5934=CARTESIAN_POINT('Ctrl Pts',(2.46206395992375,-1.17982052979593,-0.455001749044595));
#5935=CARTESIAN_POINT('Ctrl Pts',(2.46164660451284,-1.18215937957655,-0.448890043149408));
#5936=CARTESIAN_POINT('Ctrl Pts',(2.4605463408855,-1.18816175554761,-0.432832793357965));
#5937=CARTESIAN_POINT('Ctrl Pts',(2.45985918768979,-1.19174777866146,-0.422859076842368));
#5938=CARTESIAN_POINT('Ctrl Pts',(2.45635810960757,-1.20922702097365,-0.372255371491946));
#5939=CARTESIAN_POINT('Ctrl Pts',(2.45345614775394,-1.22116846001854,-0.330984803914657));
#5940=CARTESIAN_POINT('Ctrl Pts',(2.4458222022074,-1.24669837014212,-0.222312848072269));
#5941=CARTESIAN_POINT('Ctrl Pts',(2.44105500435541,-1.25693433255689,-0.15426147026673));
#5942=CARTESIAN_POINT('Ctrl Pts',(2.43280218497925,-1.26517581808391,-0.0329600353234304));
#5943=CARTESIAN_POINT('Ctrl Pts',(2.42928032381218,-1.26544794781709,0.0199731616659706));
#5944=CARTESIAN_POINT('Ctrl Pts',(2.42476195066178,-1.26142866162337,0.0896954315014939));
#5945=CARTESIAN_POINT('Ctrl Pts',(2.42367577019183,-1.26011302099431,0.106596241757118));
#5946=CARTESIAN_POINT('Ctrl Pts',(2.4219521779718,-1.25746083315193,0.133629285031254));
#5947=CARTESIAN_POINT('Ctrl Pts',(2.42130808601514,-1.25634064133703,0.143780164231921));
#5948=CARTESIAN_POINT('Ctrl Pts',(2.41997452344018,-1.25375146350503,0.164893355752197));
#5949=CARTESIAN_POINT('Ctrl Pts',(2.41928577742572,-1.25226137586302,0.175852238940485));
#5950=CARTESIAN_POINT('Ctrl Pts',(2.41764945556994,-1.24835485858008,0.202007744492177));
#5951=CARTESIAN_POINT('Ctrl Pts',(2.41670618361291,-1.24580442190649,0.217182770700915));
#5952=CARTESIAN_POINT('Ctrl Pts',(2.41327403241784,-1.23542945383601,0.272694646421586));
#5953=CARTESIAN_POINT('Ctrl Pts',(2.41083805580095,-1.22591706219206,0.312691759500897));
#5954=CARTESIAN_POINT('Ctrl Pts',(2.40409192519927,-1.19370799194125,0.42376995604178));
#5955=CARTESIAN_POINT('Ctrl Pts',(2.39989198050567,-1.16665005451337,0.493403960234671));
#5956=CARTESIAN_POINT('Ctrl Pts',(2.39264368989177,-1.11083560301262,0.606339645841883));
#5957=CARTESIAN_POINT('Ctrl Pts',(2.38964630328791,-1.08526934673841,0.650993702846142));
#5958=CARTESIAN_POINT('Ctrl Pts',(2.38582514885613,-1.05095152134976,0.703267402826903));
#5959=CARTESIAN_POINT('Ctrl Pts',(2.38513838576555,-1.04472065997779,0.712490605587666));
#5960=CARTESIAN_POINT('Ctrl Pts',(2.38402847872518,-1.03456963985089,0.727097129651658));
#5961=CARTESIAN_POINT('Ctrl Pts',(2.38361030537899,-1.03072715149595,0.732534033362734));
#5962=CARTESIAN_POINT('Ctrl Pts',(2.38278446308482,-1.02310872217659,0.743135059529847));
#5963=CARTESIAN_POINT('Ctrl Pts',(2.38237701256264,-1.01933620845869,0.748301317715793));
#5964=CARTESIAN_POINT('Ctrl Pts',(2.38133278986025,-1.00962891720245,0.761385324416556));
#5965=CARTESIAN_POINT('Ctrl Pts',(2.38069250024669,-1.00364017862138,0.76926233500967));
#5966=CARTESIAN_POINT('Ctrl Pts',(2.37787437333815,-0.977096684757653,0.803337506107418));
#5967=CARTESIAN_POINT('Ctrl Pts',(2.3756434943107,-0.955605520324145,0.828786334687371));
#5968=CARTESIAN_POINT('Ctrl Pts',(2.36823133975309,-0.881931631751696,0.90934816304406));
#5969=CARTESIAN_POINT('Ctrl Pts',(2.36295046230174,-0.825790171930858,0.960618851894388));
#5970=CARTESIAN_POINT('Ctrl Pts',(2.35396025807266,-0.720615990550931,1.04059437853392));
#5971=CARTESIAN_POINT('Ctrl Pts',(2.35020488407529,-0.673616193254836,1.07161874796427));
#5972=CARTESIAN_POINT('Ctrl Pts',(2.34544983610239,-0.609752184737453,1.1079070920143));
#5973=CARTESIAN_POINT('Ctrl Pts',(2.3443475468709,-0.594631520924979,1.1160955394881));
#5974=CARTESIAN_POINT('Ctrl Pts',(2.34253302745429,-0.569221897400975,1.12919283583288));
#5975=CARTESIAN_POINT('Ctrl Pts',(2.34181477012507,-0.559025533573672,1.13427531738423));
#5976=CARTESIAN_POINT('Ctrl Pts',(2.34040010904681,-0.538674395268403,1.1440784533681));
#5977=CARTESIAN_POINT('Ctrl Pts',(2.33970360600198,-0.528522853286689,1.1488033852546));
#5978=CARTESIAN_POINT('Ctrl Pts',(2.33801258736606,-0.503563889186166,1.16001939882446));
#5979=CARTESIAN_POINT('Ctrl Pts',(2.33702316852603,-0.488691948695751,1.16636264171408));
#5980=CARTESIAN_POINT('Ctrl Pts',(2.33310843600961,-0.428845278672399,1.19054297141153));
#5981=CARTESIAN_POINT('Ctrl Pts',(2.33025910592976,-0.38298284467104,1.20607864306581));
#5982=CARTESIAN_POINT('Ctrl Pts',(2.32440763324415,-0.285622401262992,1.23294285607002));
#5983=CARTESIAN_POINT('Ctrl Pts',(2.32141984828793,-0.234081062718117,1.24375819486363));
#5984=CARTESIAN_POINT('Ctrl Pts',(2.31491439840526,-0.121580405738839,1.26012228609531));
#5985=CARTESIAN_POINT('Ctrl Pts',(2.31139727349276,-0.0605956673287709,
1.26452206725295));
#5986=CARTESIAN_POINT('Ctrl Pts',(2.30768671064427,0.000458759030357153,
1.26449991678139));
#5987=CARTESIAN_POINT('Ctrl Pts',(2.30768662948451,0.000460094450529661,
1.2644999162962));
#5988=CARTESIAN_POINT('Ctrl Pts',(2.30719135488432,0.00860944673875825,
1.2644969511147));
#5989=CARTESIAN_POINT('Ctrl Pts',(2.30669269171566,0.0167584004242522,1.26441520557294));
#5990=CARTESIAN_POINT('Ctrl Pts',(2.30571826449606,0.032557966925591,1.26410395418931));
#5991=CARTESIAN_POINT('Ctrl Pts',(2.30524297464013,0.0402083771709269,1.26388373986819));
#5992=CARTESIAN_POINT('Ctrl Pts',(2.30440838873835,0.0535334213714288,1.26337908050218));
#5993=CARTESIAN_POINT('Ctrl Pts',(2.30405076712259,0.0592091103681144,1.26312580795456));
#5994=CARTESIAN_POINT('Ctrl Pts',(2.30327709781895,0.0714089568576429,1.26249899577435));
#5995=CARTESIAN_POINT('Ctrl Pts',(2.302860362337,0.0779322652609459,1.26211311335292));
#5996=CARTESIAN_POINT('Ctrl Pts',(2.30176355013257,0.0949841539921007,1.26097172108707));
#5997=CARTESIAN_POINT('Ctrl Pts',(2.30107927434787,0.105506551162346,1.2601349218285));
#5998=CARTESIAN_POINT('Ctrl Pts',(2.29784378616153,0.154780707176049,1.25559491001078));
#5999=CARTESIAN_POINT('Ctrl Pts',(2.29522084857832,0.1933556221312,1.25023545624824));
#6000=CARTESIAN_POINT('Ctrl Pts',(2.28847133503543,0.290611110937865,1.23211461470805));
#6001=CARTESIAN_POINT('Ctrl Pts',(2.28431130721408,0.348746755935882,1.21693757734553));
#6002=CARTESIAN_POINT('Ctrl Pts',(2.27610786337055,0.462403676718732,1.1784488165524));
#6003=CARTESIAN_POINT('Ctrl Pts',(2.27207506652079,0.517786626487829,1.15518719250714));
#6004=CARTESIAN_POINT('Ctrl Pts',(2.26688125178861,0.588960453327571,1.11914121723029));
#6005=CARTESIAN_POINT('Ctrl Pts',(2.26560751851558,0.606394687926178,1.10979143728509));
#6006=CARTESIAN_POINT('Ctrl Pts',(2.26358971536767,0.63396648487206,1.09416116600016));
#6007=CARTESIAN_POINT('Ctrl Pts',(2.26283658671858,0.644246482916371,1.08813999385745));
#6008=CARTESIAN_POINT('Ctrl Pts',(2.26140261138962,0.663791407547991,1.07631810146507));
#6009=CARTESIAN_POINT('Ctrl Pts',(2.26072099562658,0.673069166937107,1.07054079642314));
#6010=CARTESIAN_POINT('Ctrl Pts',(2.25915826806152,0.694301654393337,1.05693407392669));
#6011=CARTESIAN_POINT('Ctrl Pts',(2.25828036258277,0.706201021388453,1.04902076574787));
#6012=CARTESIAN_POINT('Ctrl Pts',(2.25549365424759,0.743843853997832,1.0230566819006));
#6013=CARTESIAN_POINT('Ctrl Pts',(2.2536133825392,0.769050228131102,1.00424630051522));
#6014=CARTESIAN_POINT('Ctrl Pts',(2.24571663697829,0.873356136360802,0.920174470003624));
#6015=CARTESIAN_POINT('Ctrl Pts',(2.24002330129707,0.94505499481091,0.846369799453895));
#6016=CARTESIAN_POINT('Ctrl Pts',(2.23188140048503,1.02961059930144,0.735019193545637));
#6017=CARTESIAN_POINT('Ctrl Pts',(2.2296729283219,1.05083834677659,0.704336182478556));
#6018=CARTESIAN_POINT('Ctrl Pts',(2.22676049029467,1.07611632055702,0.664107237419456));
#6019=CARTESIAN_POINT('Ctrl Pts',(2.22612811601342,1.08144994245772,0.655385966113933));
#6020=CARTESIAN_POINT('Ctrl Pts',(2.22508511522585,1.08998254119023,0.641046095624528));
#6021=CARTESIAN_POINT('Ctrl Pts',(2.22467844614918,1.09324532468857,0.635465729457488));
#6022=CARTESIAN_POINT('Ctrl Pts',(2.22385252385711,1.09973934191138,0.624160907290705));
#6023=CARTESIAN_POINT('Ctrl Pts',(2.2234332023431,1.10296899234008,0.618435813658993));
#6024=CARTESIAN_POINT('Ctrl Pts',(2.22232199187639,1.11135554216678,0.603294592242592));
#6025=CARTESIAN_POINT('Ctrl Pts',(2.22162571116922,1.11643729804883,0.593837728239603));
#6026=CARTESIAN_POINT('Ctrl Pts',(2.21823458683275,1.1403894281652,0.547869812026579));
#6027=CARTESIAN_POINT('Ctrl Pts',(2.21545996372625,1.15759109752513,0.510520913084596));
#6028=CARTESIAN_POINT('Ctrl Pts',(2.20698068170711,1.20395293930809,0.395408255922597));
#6029=CARTESIAN_POINT('Ctrl Pts',(2.20120830620944,1.22730939558703,0.315537491617339));
#6030=CARTESIAN_POINT('Ctrl Pts',(2.19272219349113,1.25065124708751,0.1915542805013));
#6031=CARTESIAN_POINT('Ctrl Pts',(2.18987277037443,1.25645901088198,0.148771742352794));
#6032=CARTESIAN_POINT('Ctrl Pts',(2.18608275228695,1.26137543344785,0.0902019547465903));
#6033=CARTESIAN_POINT('Ctrl Pts',(2.18508416763578,1.26239373803606,0.0746087309159303));
#6034=CARTESIAN_POINT('Ctrl Pts',(2.18339163474805,1.26364070997266,0.0479125030589734));
#6035=CARTESIAN_POINT('Ctrl Pts',(2.18269329707849,1.26401260835779,0.0368183450388081));
#6036=CARTESIAN_POINT('Ctrl Pts',(2.1812788608263,1.26447290536313,0.0141933318970578));
#6037=CARTESIAN_POINT('Ctrl Pts',(2.18056318858231,1.26454976176834,0.00266327283354244));
#6038=CARTESIAN_POINT('Ctrl Pts',(2.17874949430832,1.2643434940148,-0.0267528581881947));
#6039=CARTESIAN_POINT('Ctrl Pts',(2.17765844010085,1.26383857324112,-0.0446351410555912));
#6040=CARTESIAN_POINT('Ctrl Pts',(2.17227243555293,1.25943084257239,-0.133701349124007));
#6041=CARTESIAN_POINT('Ctrl Pts',(2.16815550155932,1.2498927961782,-0.20447907976968));
#6042=CARTESIAN_POINT('Ctrl Pts',(2.16075366056367,1.22184836759607,-0.330788294613515));
#6043=CARTESIAN_POINT('Ctrl Pts',(2.15746209260289,1.20536709068829,-0.386552682553052));
#6044=CARTESIAN_POINT('Ctrl Pts',(2.15406913226019,1.18511454125787,-0.440980469067679));
#6045=CARTESIAN_POINT('Origin',(0.,0.,0.));
#6046=CARTESIAN_POINT('',(1.65356406572217,1.18511454383393,-0.44098046214464));
#6047=CARTESIAN_POINT('',(1.79005508969815,1.18511454072499,-0.440980470499768));
#6048=CARTESIAN_POINT('',(0.,1.18511454072499,-0.440980470499767));
#6049=CARTESIAN_POINT('',(1.94341967366891,-1.71905005114191E-5,1.26449999988315));
#6050=CARTESIAN_POINT('Ctrl Pts',(1.79005508969815,1.18511454072499,-0.440980470499768));
#6051=CARTESIAN_POINT('Ctrl Pts',(1.79316690505591,1.20240893632145,-0.394502585274635));
#6052=CARTESIAN_POINT('Ctrl Pts',(1.79627872041367,1.21695963282626,-0.347020514716831));
#6053=CARTESIAN_POINT('Ctrl Pts',(1.79939053577143,1.22866823239829,-0.298888983897476));
#6054=CARTESIAN_POINT('Ctrl Pts',(1.80250385916946,1.24038250616291,-0.250734127694607));
#6055=CARTESIAN_POINT('Ctrl Pts',(1.80561718256749,1.24925183994534,-0.201929724625257));
#6056=CARTESIAN_POINT('Ctrl Pts',(1.80873050596552,1.25522912907628,-0.15284005861818));
#6057=CARTESIAN_POINT('Ctrl Pts',(1.81184978912477,1.26121786039018,-0.103656421426581));
#6058=CARTESIAN_POINT('Ctrl Pts',(1.81496907228401,1.26430345786553,-0.0541869793768248));
#6059=CARTESIAN_POINT('Ctrl Pts',(1.81808835544326,1.26449089362176,-0.00479895276549386));
#6060=CARTESIAN_POINT('Ctrl Pts',(1.82010156004539,1.26461186581562,0.0270763844155713));
#6061=CARTESIAN_POINT('Ctrl Pts',(1.82211476464752,1.26352668044213,0.0589178141367808));
#6062=CARTESIAN_POINT('Ctrl Pts',(1.82412796924965,1.26124811448607,0.0906280514262883));
#6063=CARTESIAN_POINT('Ctrl Pts',(1.827248144126,1.25771666803365,0.139774315849224));
#6064=CARTESIAN_POINT('Ctrl Pts',(1.83036831900235,1.2513005207285,0.188822685717773));
#6065=CARTESIAN_POINT('Ctrl Pts',(1.8334884938787,1.24201362127508,0.2374076969417));
#6066=CARTESIAN_POINT('Ctrl Pts',(1.83660292059794,1.23274383065667,0.28590320219596));
#6067=CARTESIAN_POINT('Ctrl Pts',(1.83971734731718,1.22061387903821,0.333936507333952));
#6068=CARTESIAN_POINT('Ctrl Pts',(1.84283177403641,1.20568947115662,0.381147148936038));
#6069=CARTESIAN_POINT('Ctrl Pts',(1.84594303541988,1.19078023164032,0.428309808181771));
#6070=CARTESIAN_POINT('Ctrl Pts',(1.84905429680335,1.17308232279633,0.474650938493448));
#6071=CARTESIAN_POINT('Ctrl Pts',(1.85216555818681,1.15271203605731,0.519822288795509));
#6072=CARTESIAN_POINT('Ctrl Pts',(1.8552749844726,1.13235376420911,0.564966995935955));
#6073=CARTESIAN_POINT('Ctrl Pts',(1.8583844107584,1.10932646210033,0.608942790721124));
#6074=CARTESIAN_POINT('Ctrl Pts',(1.86149383704419,1.08379467860571,0.651421019484283));
#6075=CARTESIAN_POINT('Ctrl Pts',(1.86460275546987,1.05826706519685,0.69389231031235));
#6076=CARTESIAN_POINT('Ctrl Pts',(1.86771167389556,1.03023606580828,0.734866051271649));
#6077=CARTESIAN_POINT('Ctrl Pts',(1.87082059232125,0.999911058636398,0.774040131270102));
#6078=CARTESIAN_POINT('Ctrl Pts',(1.87393255426676,0.969556364368249,0.813252561290294));
#6079=CARTESIAN_POINT('Ctrl Pts',(1.87704451621228,0.936903515812105,0.850661378784433));
#6080=CARTESIAN_POINT('Ctrl Pts',(1.88015647815779,0.902202824709146,0.885996790675247));
#6081=CARTESIAN_POINT('Ctrl Pts',(1.88327012285561,0.867483369665968,0.92135130972316));
#6082=CARTESIAN_POINT('Ctrl Pts',(1.88638376755343,0.830714274240984,0.954629822150696));
#6083=CARTESIAN_POINT('Ctrl Pts',(1.88949741225125,0.792180842607388,0.985601218853674));
#6084=CARTESIAN_POINT('Ctrl Pts',(1.89261687143457,0.753575452834195,1.01663045219339));
#6085=CARTESIAN_POINT('Ctrl Pts',(1.8957363306179,0.713199598434445,1.0453436530582));
#6086=CARTESIAN_POINT('Ctrl Pts',(1.89885578980123,0.671368242718127,1.07155258045024));
#6087=CARTESIAN_POINT('Ctrl Pts',(1.90041211654029,0.650498196467675,1.08462845421719));
#6088=CARTESIAN_POINT('Ctrl Pts',(1.90196844327935,0.629266253945449,1.09708170413869));
#6089=CARTESIAN_POINT('Ctrl Pts',(1.90352477001841,0.60771355765092,1.10889335909602));
#6090=CARTESIAN_POINT('Ctrl Pts',(1.90684934531849,0.561673378585261,1.13412503785518));
#6091=CARTESIAN_POINT('Ctrl Pts',(1.91017392061858,0.51397851568578,1.15652983096234));
#6092=CARTESIAN_POINT('Ctrl Pts',(1.91349849591866,0.464991988025444,1.17590080409537));
#6093=CARTESIAN_POINT('Ctrl Pts',(1.91676500496153,0.416861047638118,1.19493344832717));
#6094=CARTESIAN_POINT('Ctrl Pts',(1.92003151400441,0.367483643754047,1.21103718601165));
#6095=CARTESIAN_POINT('Ctrl Pts',(1.92329802304728,0.317230042835235,1.22406100743499));
#6096=CARTESIAN_POINT('Ctrl Pts',(1.92665163147597,0.265636461614053,1.23743210077217));
#6097=CARTESIAN_POINT('Ctrl Pts',(1.93000523990466,0.213119709550404,1.24755638221265));
#6098=CARTESIAN_POINT('Ctrl Pts',(1.93335884833335,0.160101859483216,1.25432358049668));
#6099=CARTESIAN_POINT('Ctrl Pts',(1.93671245676204,0.107084009416028,1.26109077878072));
#6100=CARTESIAN_POINT('Ctrl Pts',(1.94006606519072,0.0535655827211117,1.26450072829147));
#6101=CARTESIAN_POINT('Ctrl Pts',(1.94341967361941,-1.71897096782672E-5,
1.26449999988316));
#6102=CARTESIAN_POINT('Ctrl Pts',(1.94341967370064,-1.71910075244396E-5,
1.26449999988314));
#6103=CARTESIAN_POINT('Ctrl Pts',(1.94671149845785,-0.05261280572963,1.26449928484035));
#6104=CARTESIAN_POINT('Ctrl Pts',(1.95000332321506,-0.105143602291555,1.26121261589233));
#6105=CARTESIAN_POINT('Ctrl Pts',(1.95329514797227,-0.157197956199638,1.25469081951159));
#6106=CARTESIAN_POINT('Ctrl Pts',(1.95656466819503,-0.208899603564826,1.24821321309925));
#6107=CARTESIAN_POINT('Ctrl Pts',(1.9598341884178,-0.260130802807833,1.23854437645743));
#6108=CARTESIAN_POINT('Ctrl Pts',(1.96310370864056,-0.310501036458363,1.22578519992627));
#6109=CARTESIAN_POINT('Ctrl Pts',(1.96640668566499,-0.361386705647634,1.21289545951735));
#6110=CARTESIAN_POINT('Ctrl Pts',(1.96970966268943,-0.411393229062169,1.19685193736537));
#6111=CARTESIAN_POINT('Ctrl Pts',(1.97301263971386,-0.460138002618913,1.17780867230033));
#6112=CARTESIAN_POINT('Ctrl Pts',(1.9763156167383,-0.508882776175657,1.1587654072353));
#6113=CARTESIAN_POINT('Ctrl Pts',(1.97961859376273,-0.556365396929712,1.13672267232439));
#6114=CARTESIAN_POINT('Ctrl Pts',(1.98292157078717,-0.602229716512323,1.11188111709368));
#6115=CARTESIAN_POINT('Ctrl Pts',(1.98604174566654,-0.645555690856878,1.08841440932609));
#6116=CARTESIAN_POINT('Ctrl Pts',(1.98916192054592,-0.687603929689057,1.06235956045888));
#6117=CARTESIAN_POINT('Ctrl Pts',(1.99228209542529,-0.728047177348858,1.03387985644095));
#6118=CARTESIAN_POINT('Ctrl Pts',(1.99539652214768,-0.768415918243578,1.00545261929301));
#6119=CARTESIAN_POINT('Ctrl Pts',(1.99851094887006,-0.807185087288788,0.974609700082358));
#6120=CARTESIAN_POINT('Ctrl Pts',(2.00162537559245,-0.844053309516671,0.941559483354055));
#6121=CARTESIAN_POINT('Ctrl Pts',(2.00473663697913,-0.880884060867758,0.908542857087246));
#6122=CARTESIAN_POINT('Ctrl Pts',(2.00784789836582,-0.915817283521793,0.873323738757532));
#6123=CARTESIAN_POINT('Ctrl Pts',(2.0109591597525,-0.948583572536231,0.836151574724583));
#6124=CARTESIAN_POINT('Ctrl Pts',(2.01406858604158,-0.981330535196795,0.79900133573771));
#6125=CARTESIAN_POINT('Ctrl Pts',(2.01717801233066,-1.01191273407607,0.759900743851811));
#6126=CARTESIAN_POINT('Ctrl Pts',(2.02028743861974,-1.04009850367848,0.719135142129618));
#6127=CARTESIAN_POINT('Ctrl Pts',(2.02339635704877,-1.06827966972225,0.678376198619731));
#6128=CARTESIAN_POINT('Ctrl Pts',(2.0265052754778,-1.09406487252982,0.635953236727738));
#6129=CARTESIAN_POINT('Ctrl Pts',(2.02961419390683,-1.11726510190008,0.592181511089458));
#6130=CARTESIAN_POINT('Ctrl Pts',(2.03272615585576,-1.14048804346469,0.548366934498127));
#6131=CARTESIAN_POINT('Ctrl Pts',(2.03583811780468,-1.16112070259731,0.503201444056864));
#6132=CARTESIAN_POINT('Ctrl Pts',(2.0389500797536,-1.17902038173001,0.457024276669427));
#6133=CARTESIAN_POINT('Ctrl Pts',(2.04206372445487,-1.19692973987792,0.4108221395883));
#6134=CARTESIAN_POINT('Ctrl Pts',(2.04517736915613,-1.21210300730461,0.363607759068456));
#6135=CARTESIAN_POINT('Ctrl Pts',(2.0482910138574,-1.22444715177469,0.315736318010524));
#6136=CARTESIAN_POINT('Ctrl Pts',(2.0514104730442,-1.23681434795952,0.267775480817741));
#6137=CARTESIAN_POINT('Ctrl Pts',(2.054529932231,-1.24634177145197,0.219155672832308));
#6138=CARTESIAN_POINT('Ctrl Pts',(2.0576493914178,-1.25298767044742,0.170241439452168));
#6139=CARTESIAN_POINT('Ctrl Pts',(2.05920571813051,-1.25630337022651,0.145837681145878));
#6140=CARTESIAN_POINT('Ctrl Pts',(2.06076204484322,-1.25890264287811,0.121360700575976));
#6141=CARTESIAN_POINT('Ctrl Pts',(2.06231837155592,-1.2607851536146,0.0968558022269023));
#6142=CARTESIAN_POINT('Ctrl Pts',(2.0654385464356,-1.26455927293207,0.0477275776493664));
#6143=CARTESIAN_POINT('Ctrl Pts',(2.06855872131528,-1.26546592434546,-0.00173035924664089));
#6144=CARTESIAN_POINT('Ctrl Pts',(2.07167889619496,-1.26346486584906,-0.0511544989713855));
#6145=CARTESIAN_POINT('Ctrl Pts',(2.07479332291763,-1.26146749381219,-0.100487586839817));
#6146=CARTESIAN_POINT('Ctrl Pts',(2.07790774964031,-1.256573057899,-0.149786457327769));
#6147=CARTESIAN_POINT('Ctrl Pts',(2.08102217636299,-1.24879324264968,-0.198684894021897));
#6148=CARTESIAN_POINT('Ctrl Pts',(2.08413343774996,-1.24102133438589,-0.247533632976611));
#6149=CARTESIAN_POINT('Ctrl Pts',(2.08724469913692,-1.23036993787517,-0.295982204613966));
#6150=CARTESIAN_POINT('Ctrl Pts',(2.09035596052389,-1.21690257403531,-0.343668990900031));
#6151=CARTESIAN_POINT('Ctrl Pts',(2.09346538681325,-1.20344315357409,-0.391327650360067));
#6152=CARTESIAN_POINT('Ctrl Pts',(2.0965748131026,-1.18717120491312,-0.438224887606129));
#6153=CARTESIAN_POINT('Ctrl Pts',(2.09968423939196,-1.16820087364948,-0.484011331277048));
#6154=CARTESIAN_POINT('Ctrl Pts',(2.10279315782126,-1.14923364079455,-0.529790296685541));
#6155=CARTESIAN_POINT('Ctrl Pts',(2.10590207625056,-1.12756911109108,-0.574458322528183));
#6156=CARTESIAN_POINT('Ctrl Pts',(2.10901099467986,-1.10336969128551,-0.617685659824241));
#6157=CARTESIAN_POINT('Ctrl Pts',(2.11212295662904,-1.07914658111404,-0.660955315136427));
#6158=CARTESIAN_POINT('Ctrl Pts',(2.11523491857821,-1.05238389563556,-0.702780986871701));
#6159=CARTESIAN_POINT('Ctrl Pts',(2.11834688052739,-1.02328930374451,-0.742858836416498));
#6160=CARTESIAN_POINT('Ctrl Pts',(2.1214605252289,-0.994178979337043,-0.782958357529273));
#6161=CARTESIAN_POINT('Ctrl Pts',(2.12457416993041,-0.962734585857664,-0.821307749851189));
#6162=CARTESIAN_POINT('Ctrl Pts',(2.12768781463192,-0.929204119807008,-0.857636259572602));
#6163=CARTESIAN_POINT('Ctrl Pts',(2.13080727381895,-0.89561103825972,-0.894032609916171));
#6164=CARTESIAN_POINT('Ctrl Pts',(2.13392673300598,-0.859924504657025,-0.92840016506435));
#6165=CARTESIAN_POINT('Ctrl Pts',(2.13704619219301,-0.8224281870967,-0.960506182733268));
#6166=CARTESIAN_POINT('Ctrl Pts',(2.13860251890357,-0.803720931425829,-0.976524168503196));
#6167=CARTESIAN_POINT('Ctrl Pts',(2.14015884561413,-0.784563696393299,-0.991979883964305));
#6168=CARTESIAN_POINT('Ctrl Pts',(2.14171517232468,-0.764994367209704,-1.00684848320759));
#6169=CARTESIAN_POINT('Ctrl Pts',(2.14483534720528,-0.725761133638255,-1.0366575390786));
#6170=CARTESIAN_POINT('Ctrl Pts',(2.14795552208587,-0.684696088193529,-1.06423600138157));
#6171=CARTESIAN_POINT('Ctrl Pts',(2.15107569696647,-0.642082847190016,-1.08935295811062));
#6172=CARTESIAN_POINT('Ctrl Pts',(2.15419012369009,-0.599548110631872,-1.114423643007));
#6173=CARTESIAN_POINT('Ctrl Pts',(2.15730455041371,-0.555471303992766,-1.13704153973304));
#6174=CARTESIAN_POINT('Ctrl Pts',(2.16041897713733,-0.51016647322186,-1.15701789942955));
#6175=CARTESIAN_POINT('Ctrl Pts',(2.16353023852526,-0.464907687842462,-1.17697395622927));
#6176=CARTESIAN_POINT('Ctrl Pts',(2.16664149991319,-0.418423848642031,-1.19429357042734));
#6177=CARTESIAN_POINT('Ctrl Pts',(2.16975276130112,-0.37105324409076,-1.20883404156639));
#6178=CARTESIAN_POINT('Ctrl Pts',(2.17286218759145,-0.323710579873623,-1.22336593638208));
#6179=CARTESIAN_POINT('Ctrl Pts',(2.17597161388177,-0.275482709917416,-1.2351217747373));
#6180=CARTESIAN_POINT('Ctrl Pts',(2.1790810401721,-0.226725081798505,-1.24400803344812));
#6181=CARTESIAN_POINT('Ctrl Pts',(2.18218995860239,-0.177975417222934,-1.25289284077361));
#6182=CARTESIAN_POINT('Ctrl Pts',(2.18529887703268,-0.128696705860436,-1.25890890159323));
#6183=CARTESIAN_POINT('Ctrl Pts',(2.18840779546297,-0.0792540754804307,
-1.26201388325158));
#6184=CARTESIAN_POINT('Ctrl Pts',(2.19151975741314,-0.0297630425346642,
-1.26512190457587));
#6185=CARTESIAN_POINT('Ctrl Pts',(2.19463171936331,0.0198916811766676,-1.26531312342944));
#6186=CARTESIAN_POINT('Ctrl Pts',(2.19774368131349,0.0693421972150519,-1.26259728721607));
#6187=CARTESIAN_POINT('Ctrl Pts',(2.200857326016,0.118819452967182,-1.25987998245013));
#6188=CARTESIAN_POINT('Ctrl Pts',(2.20397097071852,0.168091735562026,-1.25425255479479));
#6189=CARTESIAN_POINT('Ctrl Pts',(2.20708461542104,0.216797079720631,-1.24577657556426));
#6190=CARTESIAN_POINT('Ctrl Pts',(2.21020407460907,0.265593377261972,-1.23728476811207));
#6191=CARTESIAN_POINT('Ctrl Pts',(2.21332353379711,0.313820089111686,-1.22593391823233));
#6192=CARTESIAN_POINT('Ctrl Pts',(2.21644299298514,0.36112784733067,-1.21183618029927));
#6193=CARTESIAN_POINT('Ctrl Pts',(2.21799931968791,0.384730120329338,-1.20480268998211));
#6194=CARTESIAN_POINT('Ctrl Pts',(2.21955564639068,0.408103934054392,-1.19708623870271));
#6195=CARTESIAN_POINT('Ctrl Pts',(2.22111197309344,0.431207870135193,-1.18870518747647));
#6196=CARTESIAN_POINT('Ctrl Pts',(2.22423107017807,0.477511399814997,-1.1719083848518));
#6197=CARTESIAN_POINT('Ctrl Pts',(2.2273501672627,0.522934529377174,-1.1523648649966));
#6198=CARTESIAN_POINT('Ctrl Pts',(2.23046926434732,0.567129814728947,-1.13018760533175));
#6199=CARTESIAN_POINT('Ctrl Pts',(2.23358373124073,0.611259493715575,-1.10804326703812));
#6200=CARTESIAN_POINT('Ctrl Pts',(2.23669819813413,0.654164450423719,-1.08327317141324));
#6201=CARTESIAN_POINT('Ctrl Pts',(2.23981266502754,0.695515791010007,-1.05603884135752));
#6202=CARTESIAN_POINT('Ctrl Pts',(2.24292383727119,0.736823387935269,-1.02883332123359));
#6203=CARTESIAN_POINT('Ctrl Pts',(2.24603500951484,0.776580167655902,-0.999169029593871));
#6204=CARTESIAN_POINT('Ctrl Pts',(2.24914618175849,0.814482819650801,-0.967252803817947));
#6205=CARTESIAN_POINT('Ctrl Pts',(2.25225538988195,0.852361543248778,-0.935356727136571));
#6206=CARTESIAN_POINT('Ctrl Pts',(2.2553645980054,0.888388040799672,-0.901211887209049));
#6207=CARTESIAN_POINT('Ctrl Pts',(2.25847380612886,0.922291045755729,-0.865066169098529));
#6208=CARTESIAN_POINT('Ctrl Pts',(2.2615837721108,0.956202314449389,-0.828911640597002));
#6209=CARTESIAN_POINT('Ctrl Pts',(2.26469373809274,0.987988672839976,-0.790755652200334));
#6210=CARTESIAN_POINT('Ctrl Pts',(2.26780370407468,1.01741632806727,-0.750882324590291));
#6211=CARTESIAN_POINT('Ctrl Pts',(2.27091411069262,1.04684815275629,-0.711003347521867));
#6212=CARTESIAN_POINT('Ctrl Pts',(2.27402451731056,1.07392029681946,-0.669406998413256));
#6213=CARTESIAN_POINT('Ctrl Pts',(2.2771349239285,1.09844174270569,-0.626407206122102));
#6214=CARTESIAN_POINT('Ctrl Pts',(2.28024900329632,1.12299214337135,-0.583356639928483));
#6215=CARTESIAN_POINT('Ctrl Pts',(2.28336308266414,1.14498558297923,-0.538899810978562));
#6216=CARTESIAN_POINT('Ctrl Pts',(2.28647716203197,1.16427744855973,-0.493374373853399));
#6217=CARTESIAN_POINT('Ctrl Pts',(2.28766167186522,1.17161554171114,-0.476057754214472));
#6218=CARTESIAN_POINT('Ctrl Pts',(2.28884618169848,1.17856326545136,-0.45858671863649));
#6219=CARTESIAN_POINT('Ctrl Pts',(2.29003069153173,1.18511454072499,-0.440980470499766));
#6220=CARTESIAN_POINT('Ctrl Pts',(2.15406913226019,1.18511454125787,-0.440980469067679));
#6221=CARTESIAN_POINT('Ctrl Pts',(2.15388233827862,1.18399956968057,-0.443976903427102));
#6222=CARTESIAN_POINT('Ctrl Pts',(2.15369522817772,1.18287316797921,-0.446969286214453));
#6223=CARTESIAN_POINT('Ctrl Pts',(2.1516485862527,1.17045024228656,-0.479595942826949));
#6224=CARTESIAN_POINT('Ctrl Pts',(2.14975798795937,1.15805502400872,-0.508796878115812));
#6225=CARTESIAN_POINT('Ctrl Pts',(2.14721215250959,1.14043263464502,-0.546322887916778));
#6226=CARTESIAN_POINT('Ctrl Pts',(2.14660822364837,1.13618690426048,-0.555098727242731));
#6227=CARTESIAN_POINT('Ctrl Pts',(2.14559983970183,1.12900085146787,-0.569524257154892));
#6228=CARTESIAN_POINT('Ctrl Pts',(2.14519883855397,1.12611844692288,-0.575202610787432));
#6229=CARTESIAN_POINT('Ctrl Pts',(2.1443702775613,1.12011568659249,-0.586810008597186));
#6230=CARTESIAN_POINT('Ctrl Pts',(2.14394247954677,1.11699090360853,-0.592736411815006));
#6231=CARTESIAN_POINT('Ctrl Pts',(2.14278397003893,1.10845654660369,-0.608615354531723));
#6232=CARTESIAN_POINT('Ctrl Pts',(2.14204821216014,1.10296021689474,-0.618520253765091));
#6233=CARTESIAN_POINT('Ctrl Pts',(2.13719549147253,1.06616720095745,-0.682774530159004));
#6234=CARTESIAN_POINT('Ctrl Pts',(2.13289362872269,1.03099965585208,-0.734800495852849));
#6235=CARTESIAN_POINT('Ctrl Pts',(2.12487975826834,0.95881723441511,-0.826144889166134));
#6236=CARTESIAN_POINT('Ctrl Pts',(2.1211789858593,0.922858126105192,-0.866128933850995));
#6237=CARTESIAN_POINT('Ctrl Pts',(2.11427510262351,0.849864181220132,-0.937568609023496));
#6238=CARTESIAN_POINT('Ctrl Pts',(2.11106412559345,0.81334576880215,-0.969419229742432));
#6239=CARTESIAN_POINT('Ctrl Pts',(2.10689318382101,0.762310796164145,-1.00901137241967));
#6240=CARTESIAN_POINT('Ctrl Pts',(2.10585859456575,0.749345725579135,-1.01867694724325));
#6241=CARTESIAN_POINT('Ctrl Pts',(2.1041239218932,0.727094620915217,-1.03461057265164));
#6242=CARTESIAN_POINT('Ctrl Pts',(2.10341889571349,0.717904502632361,-1.0410085316784));
#6243=CARTESIAN_POINT('Ctrl Pts',(2.1020059667228,0.69919584989765,-1.05366748822518));
#6244=CARTESIAN_POINT('Ctrl Pts',(2.1012982917571,0.689675265616114,-1.05992360749758));
#6245=CARTESIAN_POINT('Ctrl Pts',(2.0995345462541,0.665579538220345,-1.07529512291217));
#6246=CARTESIAN_POINT('Ctrl Pts',(2.09848466346651,0.650900390248295,-1.08424372194336));
#6247=CARTESIAN_POINT('Ctrl Pts',(2.09404555598863,0.587480519625247,-1.1211529531602));
#6248=CARTESIAN_POINT('Ctrl Pts',(2.0907611325295,0.537085782520197,-1.14614884062962));
#6249=CARTESIAN_POINT('Ctrl Pts',(2.08315249042239,0.415064508637574,-1.1968493618243));
#6250=CARTESIAN_POINT('Ctrl Pts',(2.07888747327034,0.342460185002186,-1.21960932068434));
#6251=CARTESIAN_POINT('Ctrl Pts',(2.07249643035405,0.235704905208393,-1.24278437829693));
#6252=CARTESIAN_POINT('Ctrl Pts',(2.07051459738985,0.202889200453922,-1.2485613334635));
#6253=CARTESIAN_POINT('Ctrl Pts',(2.06786323076404,0.160080435679792,-1.25436535190861));
#6254=CARTESIAN_POINT('Ctrl Pts',(2.06725047016827,0.150259182529553,-1.2555796851729));
#6255=CARTESIAN_POINT('Ctrl Pts',(2.06623138591343,0.134067368270882,-1.2573890072588));
#6256=CARTESIAN_POINT('Ctrl Pts',(2.06582867061243,0.12770449681998,-1.2580511650118));
#6257=CARTESIAN_POINT('Ctrl Pts',(2.06505350171978,0.11553191070673,-1.25922461832643));
#6258=CARTESIAN_POINT('Ctrl Pts',(2.06468155367064,0.109723195323466,-1.25974405294963));
#6259=CARTESIAN_POINT('Ctrl Pts',(2.06364966302626,0.0936899562502294,-1.26106606763529));
#6260=CARTESIAN_POINT('Ctrl Pts',(2.06298534794508,0.0834591855755452,-1.26178444402508));
#6261=CARTESIAN_POINT('Ctrl Pts',(2.06006546984342,0.0388351563028941,-1.26437275321029));
#6262=CARTESIAN_POINT('Ctrl Pts',(2.05775392217445,0.00438480566597184,
-1.26496126107374));
#6263=CARTESIAN_POINT('Ctrl Pts',(2.04935867573469,-0.119054122986338,-1.26202763657013));
#6264=CARTESIAN_POINT('Ctrl Pts',(2.04314742179602,-0.207602175380734,-1.25051628371118));
#6265=CARTESIAN_POINT('Ctrl Pts',(2.03415999297083,-0.337389227355796,-1.21946722608811));
#6266=CARTESIAN_POINT('Ctrl Pts',(2.03122437616935,-0.380002410981856,-1.20686814765496));
#6267=CARTESIAN_POINT('Ctrl Pts',(2.0273427889593,-0.436728634380205,-1.18679266379372));
#6268=CARTESIAN_POINT('Ctrl Pts',(2.02633504736345,-0.45148953280839,-1.18125609647443));
#6269=CARTESIAN_POINT('Ctrl Pts',(2.02463182700354,-0.476484056940783,-1.17134407153113));
#6270=CARTESIAN_POINT('Ctrl Pts',(2.02393181951954,-0.486770197787952,-1.16710701215939));
#6271=CARTESIAN_POINT('Ctrl Pts',(2.02251796591511,-0.507566094611936,-1.15821801294751));
#6272=CARTESIAN_POINT('Ctrl Pts',(2.02180449365076,-0.518071030987043,-1.15355742231641));
#6273=CARTESIAN_POINT('Ctrl Pts',(2.02000442788981,-0.544588139618025,-1.14135760532715));
#6274=CARTESIAN_POINT('Ctrl Pts',(2.01892458665681,-0.560508544228533,-1.13362411944708));
#6275=CARTESIAN_POINT('Ctrl Pts',(2.0136813193651,-0.637748065638997,-1.09407913520758));
#6276=CARTESIAN_POINT('Ctrl Pts',(2.00968417012999,-0.696554390072222,-1.05761299772966));
#6277=CARTESIAN_POINT('Ctrl Pts',(2.00273723984215,-0.794104666418353,-0.985438571312335));
#6278=CARTESIAN_POINT('Ctrl Pts',(1.999773705725,-0.834147781578676,-0.951781792035569));
#6279=CARTESIAN_POINT('Ctrl Pts',(1.99432383316683,-0.902226900070231,-0.886955381837647));
#6280=CARTESIAN_POINT('Ctrl Pts',(1.99186405509392,-0.931014126247037,-0.856688532674681));
#6281=CARTESIAN_POINT('Ctrl Pts',(1.98866352018814,-0.965117816389125,-0.817079355486367));
#6282=CARTESIAN_POINT('Ctrl Pts',(1.98801289841814,-0.971886441979347,-0.809016563312146));
#6283=CARTESIAN_POINT('Ctrl Pts',(1.986947496341,-0.982688319730261,-0.795818157948487));
#6284=CARTESIAN_POINT('Ctrl Pts',(1.98653700575602,-0.986783984196484,-0.790733987031601));
#6285=CARTESIAN_POINT('Ctrl Pts',(1.98571172224302,-0.994881737442076,-0.780520915334271));
#6286=CARTESIAN_POINT('Ctrl Pts',(1.98529695970104,-0.998883978793401,-0.775392392886768));
#6287=CARTESIAN_POINT('Ctrl Pts',(1.98421114015747,-1.0091922143033,-0.761971036538046));
#6288=CARTESIAN_POINT('Ctrl Pts',(1.98353602874584,-1.01543547922425,-0.753630915467056));
#6289=CARTESIAN_POINT('Ctrl Pts',(1.98048032478109,-1.04298913922584,-0.715859097362466));
#6290=CARTESIAN_POINT('Ctrl Pts',(1.97803741352347,-1.0631264270817,-0.685596327800115));
#6291=CARTESIAN_POINT('Ctrl Pts',(1.96962113009703,-1.12709683569591,-0.579850956406734));
#6292=CARTESIAN_POINT('Ctrl Pts',(1.96353939439228,-1.16441757815084,-0.500707585156363));
#6293=CARTESIAN_POINT('Ctrl Pts',(1.954698476247,-1.20786359790434,-0.37678381802466));
#6294=CARTESIAN_POINT('Ctrl Pts',(1.95178708986969,-1.22025603489722,-0.334479388121342));
#6295=CARTESIAN_POINT('Ctrl Pts',(1.94793119508004,-1.23404243870566,-0.276309206345767));
#6296=CARTESIAN_POINT('Ctrl Pts',(1.9469259901458,-1.23738317087855,-0.260941455061358));
#6297=CARTESIAN_POINT('Ctrl Pts',(1.9452257326968,-1.24259500296991,-0.234609247022055));
#6298=CARTESIAN_POINT('Ctrl Pts',(1.94452619014308,-1.24460963943648,-0.223675431033089));
#6299=CARTESIAN_POINT('Ctrl Pts',(1.94311218979188,-1.24841473585309,-0.201378226520573));
#6300=CARTESIAN_POINT('Ctrl Pts',(1.94239812024222,-1.25019486106929,-0.19001412057064));
#6301=CARTESIAN_POINT('Ctrl Pts',(1.94059434722845,-1.25432693249733,-0.161056524735769));
#6302=CARTESIAN_POINT('Ctrl Pts',(1.93951145445785,-1.25646401632758,-0.143434588262752));
#6303=CARTESIAN_POINT('Ctrl Pts',(1.93424422697098,-1.265135430863,-0.0566858720539629));
#6304=CARTESIAN_POINT('Ctrl Pts',(1.93022796147998,-1.26634008415519,0.012855774187744));
#6305=CARTESIAN_POINT('Ctrl Pts',(1.923234804859,-1.25840292229065,0.134769028367794));
#6306=CARTESIAN_POINT('Ctrl Pts',(1.92024473956661,-1.25168952609172,0.187119251643794));
#6307=CARTESIAN_POINT('Ctrl Pts',(1.91557541024943,-1.23648478869891,0.266150172004769));
#6308=CARTESIAN_POINT('Ctrl Pts',(1.91394688592564,-1.23034572719214,0.29322306062915));
#6309=CARTESIAN_POINT('Ctrl Pts',(1.91117309585912,-1.21863137956666,0.33799574621986));
#6310=CARTESIAN_POINT('Ctrl Pts',(1.91004740832152,-1.21354823166591,0.355814801894615));
#6311=CARTESIAN_POINT('Ctrl Pts',(1.90840201246274,-1.20569057144961,0.381229194435037));
#6312=CARTESIAN_POINT('Ctrl Pts',(1.90789874659228,-1.20323162137673,0.388920441734786));
#6313=CARTESIAN_POINT('Ctrl Pts',(1.90704297295058,-1.19896138599045,0.401848913050545));
#6314=CARTESIAN_POINT('Ctrl Pts',(1.9066927030186,-1.19718905442201,0.407098661785635));
#6315=CARTESIAN_POINT('Ctrl Pts',(1.90587991821827,-1.19302111712164,0.419181693118331));
#6316=CARTESIAN_POINT('Ctrl Pts',(1.90541605093562,-1.19060133903966,0.426006013046212));
#6317=CARTESIAN_POINT('Ctrl Pts',(1.90407615810589,-1.18349078720289,0.445525504989916));
#6318=CARTESIAN_POINT('Ctrl Pts',(1.90319244916983,-1.1786547693236,0.458166257241943));
#6319=CARTESIAN_POINT('Ctrl Pts',(1.89779863138476,-1.14820842796641,0.534075212397189));
#6320=CARTESIAN_POINT('Ctrl Pts',(1.89308883513564,-1.11771443012419,0.595257873989933));
#6321=CARTESIAN_POINT('Ctrl Pts',(1.8843048364538,-1.05175517340564,0.704481226993194));
#6322=CARTESIAN_POINT('Ctrl Pts',(1.88023779760907,-1.01753297023122,0.753067411771916));
#6323=CARTESIAN_POINT('Ctrl Pts',(1.87384214776273,-0.957006303333902,0.827300225034389));
#6324=CARTESIAN_POINT('Ctrl Pts',(1.8714508290359,-0.93278054611705,0.854521858925118));
#6325=CARTESIAN_POINT('Ctrl Pts',(1.86815603252655,-0.897112435340123,0.891273356652702));
#6326=CARTESIAN_POINT('Ctrl Pts',(1.86721273790282,-0.886628037007437,0.901703760832138));
#6327=CARTESIAN_POINT('Ctrl Pts',(1.86558413358902,-0.868055457986565,0.919543465052604));
#6328=CARTESIAN_POINT('Ctrl Pts',(1.8648952566508,-0.860049559587334,0.927035721858005));
#6329=CARTESIAN_POINT('Ctrl Pts',(1.86347361538348,-0.84322029242488,0.942379567662518));
#6330=CARTESIAN_POINT('Ctrl Pts',(1.86274163140568,-0.834382312773877,0.950213598175799));
#6331=CARTESIAN_POINT('Ctrl Pts',(1.8608283657049,-0.810836592479293,0.970502785377704));
#6332=CARTESIAN_POINT('Ctrl Pts',(1.85965569362575,-0.795951322516005,0.982747774625203));
#6333=CARTESIAN_POINT('Ctrl Pts',(1.85258443687783,-0.703579010973793,1.05525933941659));
#6334=CARTESIAN_POINT('Ctrl Pts',(1.84704733122977,-0.619573024993861,1.10667368560627));
#6335=CARTESIAN_POINT('Ctrl Pts',(1.8390588188293,-0.492993077338899,1.16517021134229));
#6336=CARTESIAN_POINT('Ctrl Pts',(1.83667882082798,-0.45470330960567,1.18063892917546));
#6337=CARTESIAN_POINT('Ctrl Pts',(1.83280502998059,-0.393013853431252,1.2021143208671));
#6338=CARTESIAN_POINT('Ctrl Pts',(1.83135643441678,-0.370079850226319,1.20937151952181));
#6339=CARTESIAN_POINT('Ctrl Pts',(1.82932676906323,-0.338406539402025,1.21840891391092));
#6340=CARTESIAN_POINT('Ctrl Pts',(1.82877450793888,-0.329833326274561,1.22075764742011));
#6341=CARTESIAN_POINT('Ctrl Pts',(1.82782744703027,-0.315224355709953,1.22459482819872));
#6342=CARTESIAN_POINT('Ctrl Pts',(1.82743524108829,-0.309201147295682,1.22612949433467));
#6343=CARTESIAN_POINT('Ctrl Pts',(1.82659430701891,-0.296348923298489,1.22930341307047));
#6344=CARTESIAN_POINT('Ctrl Pts',(1.82614496706285,-0.289517509387114,1.23093020594456));
#6345=CARTESIAN_POINT('Ctrl Pts',(1.82488649051865,-0.270473673748918,1.23529789772396));
#6346=CARTESIAN_POINT('Ctrl Pts',(1.82407097615191,-0.258233913761103,1.23791442448065));
#6347=CARTESIAN_POINT('Ctrl Pts',(1.81784096697901,-0.165333087524774,1.25633641406591));
#6348=CARTESIAN_POINT('Ctrl Pts',(1.81212862039709,-0.0833473506413734,
1.26442387176501));
#6349=CARTESIAN_POINT('Ctrl Pts',(1.80160320283955,0.0698713242152663,1.26456480278104));
#6350=CARTESIAN_POINT('Ctrl Pts',(1.79679031897596,0.14079351922034,1.25864448408955));
#6351=CARTESIAN_POINT('Ctrl Pts',(1.79079867643705,0.231358567193195,1.24332860797981));
#6352=CARTESIAN_POINT('Ctrl Pts',(1.78945725598803,0.251777797527667,1.23935500901292));
#6353=CARTESIAN_POINT('Ctrl Pts',(1.78735935080593,0.283925861829063,1.23227157124152));
#6354=CARTESIAN_POINT('Ctrl Pts',(1.78659249103198,0.295723203395031,1.22949376736344));
#6355=CARTESIAN_POINT('Ctrl Pts',(1.7851478184661,0.318027677649836,1.22390232894973));
#6356=CARTESIAN_POINT('Ctrl Pts',(1.7844690095013,0.328541924323538,1.22112191462486));
#6357=CARTESIAN_POINT('Ctrl Pts',(1.78291903020394,0.352618552895052,1.21442153719213));
#6358=CARTESIAN_POINT('Ctrl Pts',(1.78205093042962,0.366153916136961,1.21040937222494));
#6359=CARTESIAN_POINT('Ctrl Pts',(1.77924689919228,0.409999939800897,1.1966096619503));
#6360=CARTESIAN_POINT('Ctrl Pts',(1.77734073570836,0.440009675694518,1.18590318386103));
#6361=CARTESIAN_POINT('Ctrl Pts',(1.7726558414306,0.513773324996013,1.15640052962957));
#6362=CARTESIAN_POINT('Ctrl Pts',(1.76991621316037,0.556930556498849,1.13624556586093));
#6363=CARTESIAN_POINT('Ctrl Pts',(1.76284685810482,0.665751202139095,1.07773157291478));
#6364=CARTESIAN_POINT('Ctrl Pts',(1.75856144317558,0.729268248219824,1.03580682653589));
#6365=CARTESIAN_POINT('Ctrl Pts',(1.75282513368816,0.804411338236939,0.975853496315883));
#6366=CARTESIAN_POINT('Ctrl Pts',(1.75160363179847,0.819884336118836,0.962890036847033));
#6367=CARTESIAN_POINT('Ctrl Pts',(1.74987920265763,0.840873384122873,0.944432398730271));
#6368=CARTESIAN_POINT('Ctrl Pts',(1.74939643650951,0.846659690902537,0.939248617058352));
#6369=CARTESIAN_POINT('Ctrl Pts',(1.74852045039263,0.856989220002605,0.929821685935728));
#6370=CARTESIAN_POINT('Ctrl Pts',(1.74812861218214,0.861549707292462,0.925597640075368));
#6371=CARTESIAN_POINT('Ctrl Pts',(1.74730010021088,0.87106241336234,0.916655498965503));
#6372=CARTESIAN_POINT('Ctrl Pts',(1.7468629519526,0.876007742011444,0.91193062373354));
#6373=CARTESIAN_POINT('Ctrl Pts',(1.7456518263469,0.88951400044641,0.898815210409785));
#6374=CARTESIAN_POINT('Ctrl Pts',(1.74487203395438,0.8979940998254,0.890342917882718));
#6375=CARTESIAN_POINT('Ctrl Pts',(1.73973046729039,0.952596341835409,0.834217304229597));
#6376=CARTESIAN_POINT('Ctrl Pts',(1.73516741417891,0.995025366386416,0.783122758103936));
#6377=CARTESIAN_POINT('Ctrl Pts',(1.72447599644443,1.08453809713975,0.65624187747202));
#6378=CARTESIAN_POINT('Ctrl Pts',(1.718388977092,1.12801955065273,0.578319141205246));
#6379=CARTESIAN_POINT('Ctrl Pts',(1.7112642826967,1.17094142620955,0.477775509969623));
#6380=CARTESIAN_POINT('Ctrl Pts',(1.70995446955984,1.17846909514837,0.458894248666433));
#6381=CARTESIAN_POINT('Ctrl Pts',(1.70789394161963,1.18972071419289,0.428566705921771));
#6382=CARTESIAN_POINT('Ctrl Pts',(1.70713347501363,1.19374183778292,0.4172352336977));
#6383=CARTESIAN_POINT('Ctrl Pts',(1.70569393115434,1.2010984768276,0.395526807364527));
#6384=CARTESIAN_POINT('Ctrl Pts',(1.70501396185685,1.20446261635415,0.385160776958381));
#6385=CARTESIAN_POINT('Ctrl Pts',(1.70345155139559,1.21193145050902,0.361091399088931));
#6386=CARTESIAN_POINT('Ctrl Pts',(1.70257235939434,1.21593851669581,0.347359163731755));
#6387=CARTESIAN_POINT('Ctrl Pts',(1.69968432190262,1.22843450565525,0.301665916152206));
#6388=CARTESIAN_POINT('Ctrl Pts',(1.69770791566808,1.23590317092069,0.269438824188792));
#6389=CARTESIAN_POINT('Ctrl Pts',(1.69278740148209,1.25156415431868,0.187344728356369));
#6390=CARTESIAN_POINT('Ctrl Pts',(1.68988826593768,1.25804787020728,0.137211086939758));
#6391=CARTESIAN_POINT('Ctrl Pts',(1.68221033718651,1.26727080337836,0.00320286384142717));
#6392=CARTESIAN_POINT('Ctrl Pts',(1.67747809467964,1.26469681510651,-0.0807706557169299));
#6393=CARTESIAN_POINT('Ctrl Pts',(1.67162011533565,1.2522218340414,-0.176228031146008));
#6394=CARTESIAN_POINT('Ctrl Pts',(1.67085309346648,1.25042259578708,-0.188571327611019));
#6395=CARTESIAN_POINT('Ctrl Pts',(1.66964429567465,1.2473383452451,-0.207738994359625));
#6396=CARTESIAN_POINT('Ctrl Pts',(1.66920914077024,1.24617916095069,-0.214583155810291));
#6397=CARTESIAN_POINT('Ctrl Pts',(1.66837640576574,1.24387024877894,-0.227565487004249));
#6398=CARTESIAN_POINT('Ctrl Pts',(1.6679794089221,1.24273131123895,-0.233705215841409));
#6399=CARTESIAN_POINT('Ctrl Pts',(1.6669996927074,1.23982669464284,-0.24874139521604));
#6400=CARTESIAN_POINT('Ctrl Pts',(1.66641427918971,1.23801069885577,-0.257627662732676));
#6401=CARTESIAN_POINT('Ctrl Pts',(1.66416732741141,1.2307309626975,-0.291393902060843));
#6402=CARTESIAN_POINT('Ctrl Pts',(1.66247503182327,1.2246117822443,-0.316124816732772));
#6403=CARTESIAN_POINT('Ctrl Pts',(1.65839177283265,1.20827082422655,-0.374539860231564));
#6404=CARTESIAN_POINT('Ctrl Pts',(1.65598285054489,1.19738223990297,-0.408011597809826));
#6405=CARTESIAN_POINT('Ctrl Pts',(1.65356406572217,1.18511454383393,-0.44098046214464));
#6406=CARTESIAN_POINT('Origin',(0.,0.,0.));
#6407=CARTESIAN_POINT('',(1.15203341776085,1.18511454077048,-0.440980470377519));
#6408=CARTESIAN_POINT('',(1.29014306722255,1.18462506266709,-0.440805437670791));
#6409=CARTESIAN_POINT('',(0.,1.18511454072499,-0.440980470499767));
#6410=CARTESIAN_POINT('',(1.44341968751235,0.00112711574808338,1.26449949767095));
#6411=CARTESIAN_POINT('Ctrl Pts',(1.29014306722256,1.18462506266715,-0.440805437670626));
#6412=CARTESIAN_POINT('Ctrl Pts',(1.3093444330274,1.2883673322146,-0.153615928935017));
#6413=CARTESIAN_POINT('Ctrl Pts',(1.35501139908849,1.29449993561088,0.623089597117068));
#6414=CARTESIAN_POINT('Ctrl Pts',(1.40610360122079,0.592614155490243,1.21836062671332));
#6415=CARTESIAN_POINT('Ctrl Pts',(1.43799443754823,0.0872475987840772,1.26564956007747));
#6416=CARTESIAN_POINT('Ctrl Pts',(1.44341967361941,0.00112765334142007,
1.2648552031019));
#6417=CARTESIAN_POINT('Ctrl Pts',(1.44341968751235,0.00112711574808338,
1.26449949767095));
#6418=CARTESIAN_POINT('Ctrl Pts',(1.44648921879775,-0.0475843395748133,
1.2645429167854));
#6419=CARTESIAN_POINT('Ctrl Pts',(1.44955875008315,-0.0963853311149685,
1.26176736560421));
#6420=CARTESIAN_POINT('Ctrl Pts',(1.45262828136855,-0.144917984521866,1.25616839148345));
#6421=CARTESIAN_POINT('Ctrl Pts',(1.45569500351649,-0.193406222387055,1.25057454136584));
#6422=CARTESIAN_POINT('Ctrl Pts',(1.45876172566442,-0.241626048177957,1.24216244287834));
#6423=CARTESIAN_POINT('Ctrl Pts',(1.46182844781236,-0.289222020329154,1.23097963953784));
#6424=CARTESIAN_POINT('Ctrl Pts',(1.46489375902357,-0.33679609453797,1.21980198117858));
#6425=CARTESIAN_POINT('Ctrl Pts',(1.46795907023479,-0.383746333457887,1.20585627130854));
#6426=CARTESIAN_POINT('Ctrl Pts',(1.471024381446,-0.429727651427437,1.1892411007019));
#6427=CARTESIAN_POINT('Ctrl Pts',(1.47409194253278,-0.475742718741414,1.17261373490077));
#6428=CARTESIAN_POINT('Ctrl Pts',(1.47715950361957,-0.520786908577109,1.15331317956188));
#6429=CARTESIAN_POINT('Ctrl Pts',(1.48022706470635,-0.564532450408758,1.13148723476471));
#6430=CARTESIAN_POINT('Ctrl Pts',(1.4832956267728,-0.608292266902486,1.10965416791638));
#6431=CARTESIAN_POINT('Ctrl Pts',(1.48636418883925,-0.65075209751674,1.0852943485679));
#6432=CARTESIAN_POINT('Ctrl Pts',(1.4894327509057,-0.691609630109816,1.05860113807768));
#6433=CARTESIAN_POINT('Ctrl Pts',(1.49250728210369,-0.732546640967078,1.03185600252247));
#6434=CARTESIAN_POINT('Ctrl Pts',(1.49558181330168,-0.771874671408621,1.00276874620435));
#6435=CARTESIAN_POINT('Ctrl Pts',(1.49865634449967,-0.809322551405689,0.971574628006611));
#6436=CARTESIAN_POINT('Ctrl Pts',(1.50128448505799,-0.841333380343594,0.944909578300867));
#6437=CARTESIAN_POINT('Ctrl Pts',(1.5039126256163,-0.871970805188383,0.916705872028937));
#6438=CARTESIAN_POINT('Ctrl Pts',(1.50654076617462,-0.901087847783086,0.887130734772302));
#6439=CARTESIAN_POINT('Ctrl Pts',(1.50966094104142,-0.935656114770213,0.852018609715541));
#6440=CARTESIAN_POINT('Ctrl Pts',(1.51278111590822,-0.968245564522022,0.814805207756915));
#6441=CARTESIAN_POINT('Ctrl Pts',(1.51590129077502,-0.998591006672041,0.775742387261209));
#6442=CARTESIAN_POINT('Ctrl Pts',(1.51901571748515,-1.02888054479011,0.736751530428261));
#6443=CARTESIAN_POINT('Ctrl Pts',(1.52213014419529,-1.05693394051166,0.695918442069877));
#6444=CARTESIAN_POINT('Ctrl Pts',(1.52524457090543,-1.08252394246512,0.653530537916766));
#6445=CARTESIAN_POINT('Ctrl Pts',(1.52835583228008,-1.10808793611952,0.611185714545341));
#6446=CARTESIAN_POINT('Ctrl Pts',(1.53146709365473,-1.13119321011445,0.567289671021732));
#6447=CARTESIAN_POINT('Ctrl Pts',(1.53457835502939,-1.1516550945177,0.522159739228747));
#6448=CARTESIAN_POINT('Ctrl Pts',(1.53768778130667,-1.17210491000556,0.477056426163421));
#6449=CARTESIAN_POINT('Ctrl Pts',(1.54079720758395,-1.18991419844406,0.430721165274037));
#6450=CARTESIAN_POINT('Ctrl Pts',(1.54390663386123,-1.20494487786015,0.383494577951992));
#6451=CARTESIAN_POINT('Ctrl Pts',(1.54701555227873,-1.21997310232898,0.336275704105722));
#6452=CARTESIAN_POINT('Ctrl Pts',(1.55012447069623,-1.23222345340747,0.288166315627158));
#6453=CARTESIAN_POINT('Ctrl Pts',(1.55323338911373,-1.24160738751995,0.239523162253456));
#6454=CARTESIAN_POINT('Ctrl Pts',(1.5563453510516,-1.25100050816962,0.190832388965485));
#6455=CARTESIAN_POINT('Ctrl Pts',(1.55945731298948,-1.25752150615491,0.141607347407339));
#6456=CARTESIAN_POINT('Ctrl Pts',(1.56256927492736,-1.2611331395822,0.0922141759576869));
#6457=CARTESIAN_POINT('Ctrl Pts',(1.56568291961784,-1.26474672595289,0.0427942957983479));
#6458=CARTESIAN_POINT('Ctrl Pts',(1.56879656430833,-1.2654478073785,-0.0067933461861071));
#6459=CARTESIAN_POINT('Ctrl Pts',(1.57191020899881,-1.26325129939115,-0.0561818884212897));
#6460=CARTESIAN_POINT('Ctrl Pts',(1.57502966817537,-1.26105068959823,-0.105662659866798));
#6461=CARTESIAN_POINT('Ctrl Pts',(1.57814912735192,-1.25594174762485,-0.154943043575721));
#6462=CARTESIAN_POINT('Ctrl Pts',(1.58126858652848,-1.24799116543837,-0.203662222780222));
#6463=CARTESIAN_POINT('Ctrl Pts',(1.58282491333344,-1.24402454703705,-0.227968668295393));
#6464=CARTESIAN_POINT('Ctrl Pts',(1.58438124013841,-1.23935141193536,-0.252135601796929));
#6465=CARTESIAN_POINT('Ctrl Pts',(1.58593756694337,-1.23398469013761,-0.276119601814101));
#6466=CARTESIAN_POINT('Ctrl Pts',(1.58905774179307,-1.22322531085734,-0.324203509005085));
#6467=CARTESIAN_POINT('Ctrl Pts',(1.59217791664276,-1.20962741303957,-0.371764066843628));
#6468=CARTESIAN_POINT('Ctrl Pts',(1.59529809149246,-1.19325882945344,-0.41844189074639));
#6469=CARTESIAN_POINT('Ctrl Pts',(1.59841251818424,-1.17692040097329,-0.465033722191735));
#6470=CARTESIAN_POINT('Ctrl Pts',(1.60152694487603,-1.15782159016061,-0.510745531499302));
#6471=CARTESIAN_POINT('Ctrl Pts',(1.60464137156781,-1.13608067753583,-0.555230532418491));
#6472=CARTESIAN_POINT('Ctrl Pts',(1.60775263292335,-1.11436186120856,-0.599670321168745));
#6473=CARTESIAN_POINT('Ctrl Pts',(1.61086389427889,-1.09000649863562,-0.64288527931586));
#6474=CARTESIAN_POINT('Ctrl Pts',(1.61397515563443,-1.06318109528963,-0.684548178449664));
#6475=CARTESIAN_POINT('Ctrl Pts',(1.61708458189187,-1.03637151422305,-0.726186503785905));
#6476=CARTESIAN_POINT('Ctrl Pts',(1.62019400814932,-1.00709507493144,-0.766274123206641));
#6477=CARTESIAN_POINT('Ctrl Pts',(1.62330343440676,-0.975563112235198,-0.804510325630426));
#6478=CARTESIAN_POINT('Ctrl Pts',(1.62641235280374,-0.94403629963296,-0.842740282961296));
#6479=CARTESIAN_POINT('Ctrl Pts',(1.62952127120071,-0.910255044604029,-0.879119001237688));
#6480=CARTESIAN_POINT('Ctrl Pts',(1.63263018959768,-0.874471093967123,-0.913378648653417));
#6481=CARTESIAN_POINT('Ctrl Pts',(1.63574215151415,-0.838652112127239,-0.947671835033995));
#6482=CARTESIAN_POINT('Ctrl Pts',(1.63885411343062,-0.800826918029075,-0.979841429322678));
#6483=CARTESIAN_POINT('Ctrl Pts',(1.64196607534709,-0.761282963579184,-1.00965761491909));
#6484=CARTESIAN_POINT('Ctrl Pts',(1.64507972001562,-0.721717626261205,-1.03948992322179));
#6485=CARTESIAN_POINT('Ctrl Pts',(1.64819336468416,-0.680432135103403,-1.06696598457775));
#6486=CARTESIAN_POINT('Ctrl Pts',(1.6513070093527,-0.637742830021619,-1.09189941512761));
#6487=CARTESIAN_POINT('Ctrl Pts',(1.65442646850673,-0.594973806034261,-1.11687940688974));
#6488=CARTESIAN_POINT('Ctrl Pts',(1.65754592766077,-0.550796225493937,-1.13930704295956));
#6489=CARTESIAN_POINT('Ctrl Pts',(1.6606653868148,-0.505549422987716,-1.15904272178241));
#6490=CARTESIAN_POINT('Ctrl Pts',(1.66222171378058,-0.482975375571662,-1.16888903411518));
#6491=CARTESIAN_POINT('Ctrl Pts',(1.66377804074636,-0.460135470580017,-1.17806605621299));
#6492=CARTESIAN_POINT('Ctrl Pts',(1.66533436771213,-0.437073203371034,-1.18656110879085));
#6493=CARTESIAN_POINT('Ctrl Pts',(1.6684545426133,-0.390837220257079,-1.20359226639488));
#6494=CARTESIAN_POINT('Ctrl Pts',(1.67157471751447,-0.343501900297682,-1.21795461506138));
#6495=CARTESIAN_POINT('Ctrl Pts',(1.67469489241564,-0.295405993273457,-1.22951028834171));
#6496=CARTESIAN_POINT('Ctrl Pts',(1.67780931916026,-0.247398691154857,-1.24104467312986));
#6497=CARTESIAN_POINT('Ctrl Pts',(1.68092374590488,-0.198634110043758,-1.24978251027817));
#6498=CARTESIAN_POINT('Ctrl Pts',(1.68403817264951,-0.149467767413324,-1.25563515262375));
#6499=CARTESIAN_POINT('Ctrl Pts',(1.68714943405869,-0.100351394802988,-1.26148184665917));
#6500=CARTESIAN_POINT('Ctrl Pts',(1.69026069546786,-0.0508346111458146,
-1.26444908628912));
#6501=CARTESIAN_POINT('Ctrl Pts',(1.69337195687704,-0.00128264870902531,
-1.26449934947088));
#6502=CARTESIAN_POINT('Ctrl Pts',(1.69648138318883,0.0482400867791902,-1.26454958300621));
#6503=CARTESIAN_POINT('Ctrl Pts',(1.69959080950061,0.0977974123631725,-1.26168624786806));
#6504=CARTESIAN_POINT('Ctrl Pts',(1.70270023581239,0.147022069771924,-1.25592386751745));
#6505=CARTESIAN_POINT('Ctrl Pts',(1.70580915426431,0.196238687360565,-1.25016242833136));
#6506=CARTESIAN_POINT('Ctrl Pts',(1.70891807271622,0.245122200170119,-1.24150294869735));
#6507=CARTESIAN_POINT('Ctrl Pts',(1.71202699116813,0.293311064638123,-1.23001173545656));
#6508=CARTESIAN_POINT('Ctrl Pts',(1.71513895314001,0.341547104280858,-1.21850927272901));
#6509=CARTESIAN_POINT('Ctrl Pts',(1.71825091511189,0.389086603420591,-1.20416967009306));
#6510=CARTESIAN_POINT('Ctrl Pts',(1.72136287708377,0.43558060076865,-1.18710984758531));
#6511=CARTESIAN_POINT('Ctrl Pts',(1.72447652180807,0.482099739132983,-1.17004080020339));
#6512=CARTESIAN_POINT('Ctrl Pts',(1.72759016653237,0.527571746449493,-1.1502488231478));
#6513=CARTESIAN_POINT('Ctrl Pts',(1.73070381125666,0.571668492041807,-1.12789865910313));
#6514=CARTESIAN_POINT('Ctrl Pts',(1.73382327046635,0.615847584820621,-1.10550675789392));
#6515=CARTESIAN_POINT('Ctrl Pts',(1.73694272967603,0.658645816123459,-1.08054741179524));
#6516=CARTESIAN_POINT('Ctrl Pts',(1.74006218888572,0.699761895765436,-1.05323005048031));
#6517=CARTESIAN_POINT('Ctrl Pts',(1.74161851541744,0.720275081329333,-1.03960117081453));
#6518=CARTESIAN_POINT('Ctrl Pts',(1.74317484194917,0.740370052270123,-1.02538600997421));
#6519=CARTESIAN_POINT('Ctrl Pts',(1.74473116848089,0.760012571270001,-1.01061423971343));
#6520=CARTESIAN_POINT('Ctrl Pts',(1.74785106618912,0.799389044498677,-0.981001937125499));
#6521=CARTESIAN_POINT('Ctrl Pts',(1.75097096389734,0.837119437903236,-0.949019288723018));
#6522=CARTESIAN_POINT('Ctrl Pts',(1.75409086160557,0.872904314872031,-0.91487611569971));
#6523=CARTESIAN_POINT('Ctrl Pts',(1.75720529396313,0.908626504881354,-0.880792753744231));
#6524=CARTESIAN_POINT('Ctrl Pts',(1.76031972632069,0.942409541326767,-0.844556745835266));
#6525=CARTESIAN_POINT('Ctrl Pts',(1.76343415867825,0.973986169072675,-0.806418745104015));
#6526=CARTESIAN_POINT('Ctrl Pts',(1.76654534441204,1.00552987992768,-0.768320501132715));
#6527=CARTESIAN_POINT('Ctrl Pts',(1.76965653014583,1.03487138837414,-0.728324610931921));
#6528=CARTESIAN_POINT('Ctrl Pts',(1.77276771587962,1.06178114650966,-0.686717588908736));
#6529=CARTESIAN_POINT('Ctrl Pts',(1.77587777779099,1.0886811843031,-0.645125596172889));
#6530=CARTESIAN_POINT('Ctrl Pts',(1.77898783970236,1.11315090266096,-0.601924076797223));
#6531=CARTESIAN_POINT('Ctrl Pts',(1.78209790161372,1.13500325816243,-0.557429685216587));
#6532=CARTESIAN_POINT('Ctrl Pts',(1.78475029764187,1.15363989710708,-0.51948293339415));
#6533=CARTESIAN_POINT('Ctrl Pts',(1.78740269367001,1.17037343917642,-0.480596496514965));
#6534=CARTESIAN_POINT('Ctrl Pts',(1.79005508969815,1.18511454072499,-0.440980470499768));
#6535=CARTESIAN_POINT('',(1.30542229623143,0.000228285960718768,1.26449963794485));
#6536=CARTESIAN_POINT('Ctrl Pts',(1.65356406572217,1.18511454383393,-0.44098046214464));
#6537=CARTESIAN_POINT('Ctrl Pts',(1.65286402717273,1.18156405844948,-0.450522226980028));
#6538=CARTESIAN_POINT('Ctrl Pts',(1.65216312413638,1.17789805610062,-0.460021867408341));
#6539=CARTESIAN_POINT('Ctrl Pts',(1.6452327897799,1.14052678941115,-0.553483792073643));
#6540=CARTESIAN_POINT('Ctrl Pts',(1.63903873729548,1.09801195313048,-0.63365645643916));
#6541=CARTESIAN_POINT('Ctrl Pts',(1.63182710208173,1.03598452610574,-0.725330091569717));
#6542=CARTESIAN_POINT('Ctrl Pts',(1.63052644427855,1.02427396235267,-0.741775307419897));
#6543=CARTESIAN_POINT('Ctrl Pts',(1.62847675224526,1.00498442171943,-0.767535302499629));
#6544=CARTESIAN_POINT('Ctrl Pts',(1.62771814392716,0.99765828120593,-0.777034168242533));
#6545=CARTESIAN_POINT('Ctrl Pts',(1.62628004407977,0.983415826491543,-0.794966967090669));
#6546=CARTESIAN_POINT('Ctrl Pts',(1.62559969127417,0.976523432084197,-0.803418424665231));
#6547=CARTESIAN_POINT('Ctrl Pts',(1.6240334295194,0.960302886764282,-0.82279089530847));
#6548=CARTESIAN_POINT('Ctrl Pts',(1.62315082485412,0.95089619246206,-0.83364437800144));
#6549=CARTESIAN_POINT('Ctrl Pts',(1.62023643368773,0.918971131761626,-0.869235985792573));
#6550=CARTESIAN_POINT('Ctrl Pts',(1.61823795039983,0.89565550759425,-0.89324164051317));
#6551=CARTESIAN_POINT('Ctrl Pts',(1.61324164480135,0.834131570646229,-0.951751995457925));
#6552=CARTESIAN_POINT('Ctrl Pts',(1.61029079231965,0.794718651863867,-0.984901039137449));
#6553=CARTESIAN_POINT('Ctrl Pts',(1.60266692349728,0.687572724398939,-1.06438753071909));
#6554=CARTESIAN_POINT('Ctrl Pts',(1.59803321280106,0.617168241813252,-1.10669645001553));
#6555=CARTESIAN_POINT('Ctrl Pts',(1.59228785316381,0.531850533125805,-1.14728051793506));
#6556=CARTESIAN_POINT('Ctrl Pts',(1.59151705046065,0.520444681082115,-1.15249940697691));
#6557=CARTESIAN_POINT('Ctrl Pts',(1.59029926904925,0.502529701484849,-1.16037646772565));
#6558=CARTESIAN_POINT('Ctrl Pts',(1.58985891953571,0.496072520098468,-1.16315162253045));
#6559=CARTESIAN_POINT('Ctrl Pts',(1.5890230266787,0.483863220860741,-1.16827875511525));
#6560=CARTESIAN_POINT('Ctrl Pts',(1.58862816905515,0.478116395734671,-1.17064237561545));
#6561=CARTESIAN_POINT('Ctrl Pts',(1.58766323894603,0.464118320124873,-1.17627940251825));
#6562=CARTESIAN_POINT('Ctrl Pts',(1.58709066244006,0.455849680038272,-1.17950841725646));
#6563=CARTESIAN_POINT('Ctrl Pts',(1.58495644958786,0.425141287737058,-1.19112933641721));
#6564=CARTESIAN_POINT('Ctrl Pts',(1.58336772058035,0.402499644829718,-1.19896959235181));
#6565=CARTESIAN_POINT('Ctrl Pts',(1.57900322661497,0.340530315317717,-1.21847502325229));
#6566=CARTESIAN_POINT('Ctrl Pts',(1.57619086820974,0.300835947239552,-1.22887740194611));
#6567=CARTESIAN_POINT('Ctrl Pts',(1.5665796892108,0.164160855405633,-1.2576751446232));
#6568=CARTESIAN_POINT('Ctrl Pts',(1.55980054615669,0.0655455667494946,-1.26665145445206));
#6569=CARTESIAN_POINT('Ctrl Pts',(1.55213423525342,-0.0523150708643543,
-1.26356322697921));
#6570=CARTESIAN_POINT('Ctrl Pts',(1.55089895868521,-0.0714954767180156,
-1.26262320510941));
#6571=CARTESIAN_POINT('Ctrl Pts',(1.54892674768977,-0.10241247499883,-1.26040114821338));
#6572=CARTESIAN_POINT('Ctrl Pts',(1.54818147174595,-0.11416492497088,-1.25939102535553));
#6573=CARTESIAN_POINT('Ctrl Pts',(1.54675301236647,-0.13681696137596,-1.25712437791198));
#6574=CARTESIAN_POINT('Ctrl Pts',(1.54606919643623,-0.147717657063358,-1.25589015777098));
#6575=CARTESIAN_POINT('Ctrl Pts',(1.54447160856938,-0.173308394376905,-1.2526548644246));
#6576=CARTESIAN_POINT('Ctrl Pts',(1.54356158755763,-0.18798221188718,-1.25053697486283));
#6577=CARTESIAN_POINT('Ctrl Pts',(1.54042575927604,-0.238832200336343,-1.2422824214367));
#6578=CARTESIAN_POINT('Ctrl Pts',(1.53824101599291,-0.274777491378846,-1.23482959079463));
#6579=CARTESIAN_POINT('Ctrl Pts',(1.53256606535876,-0.368636160968856,-1.21106673168198));
#6580=CARTESIAN_POINT('Ctrl Pts',(1.52914323644581,-0.425797417193718,-1.19217124391024));
#6581=CARTESIAN_POINT('Ctrl Pts',(1.52187165253674,-0.543478266412618,-1.14372146394023));
#6582=CARTESIAN_POINT('Ctrl Pts',(1.51803062757513,-0.60341743407231,-1.11326222973093));
#6583=CARTESIAN_POINT('Ctrl Pts',(1.51314026343321,-0.672181729682573,-1.07112787499549));
#6584=CARTESIAN_POINT('Ctrl Pts',(1.51231093125106,-0.683600207037665,-1.06387683764181));
#6585=CARTESIAN_POINT('Ctrl Pts',(1.51102065426266,-0.700947579558481,-1.05246621987473));
#6586=CARTESIAN_POINT('Ctrl Pts',(1.51056765940861,-0.706961066949026,-1.04843631045864));
#6587=CARTESIAN_POINT('Ctrl Pts',(1.50976176524017,-0.71751617129635,-1.04123076301243));
#6588=CARTESIAN_POINT('Ctrl Pts',(1.5094102793998,-0.722072034151253,-1.0380765536494));
#6589=CARTESIAN_POINT('Ctrl Pts',(1.50854150491252,-0.733217594882653,-1.03025115923591));
#6590=CARTESIAN_POINT('Ctrl Pts',(1.50802204066391,-0.739783380587875,-1.02554670012545));
#6591=CARTESIAN_POINT('Ctrl Pts',(1.50629760075886,-0.761272985847266,-1.00983541152645));
#6592=CARTESIAN_POINT('Ctrl Pts',(1.50507686315311,-0.775999106957167,-0.998563679128604));
#6593=CARTESIAN_POINT('Ctrl Pts',(1.501990868308,-0.812159149016379,-0.969602935744061));
#6594=CARTESIAN_POINT('Ctrl Pts',(1.50010861472762,-0.833267553629918,-0.951523698618239));
#6595=CARTESIAN_POINT('Ctrl Pts',(1.49461048828657,-0.892646277511853,-0.897174206893386));
#6596=CARTESIAN_POINT('Ctrl Pts',(1.49096174145937,-0.929266726905747,-0.859187001163708));
#6597=CARTESIAN_POINT('Ctrl Pts',(1.48259372033292,-1.00836454870723,-0.766145179033333));
#6598=CARTESIAN_POINT('Ctrl Pts',(1.47791992096969,-1.04889505442181,-0.709647276198004));
#6599=CARTESIAN_POINT('Ctrl Pts',(1.47227018470692,-1.09370770778988,-0.634884544517192));
#6600=CARTESIAN_POINT('Ctrl Pts',(1.47113173221734,-1.1025069672922,-0.619478308149601));
#6601=CARTESIAN_POINT('Ctrl Pts',(1.46927437951853,-1.11647163067286,-0.593787503272295));
#6602=CARTESIAN_POINT('Ctrl Pts',(1.46854884771288,-1.12182579793949,-0.583608939667956));
#6603=CARTESIAN_POINT('Ctrl Pts',(1.4671314992095,-1.13208184267279,-0.563448815550649));
#6604=CARTESIAN_POINT('Ctrl Pts',(1.46643942661768,-1.13699237944284,-0.553472861064886));
#6605=CARTESIAN_POINT('Ctrl Pts',(1.46477899699541,-1.1485316042579,-0.529228573353006));
#6606=CARTESIAN_POINT('Ctrl Pts',(1.46381529100679,-1.15502693024284,-0.514898585235737));
#6607=CARTESIAN_POINT('Ctrl Pts',(1.46018171980829,-1.17871100698289,-0.459941685164077));
#6608=CARTESIAN_POINT('Ctrl Pts',(1.45757379967739,-1.19403807617097,-0.418544659620267));
#6609=CARTESIAN_POINT('Ctrl Pts',(1.44991530733404,-1.23324033432095,-0.292826426364845));
#6610=CARTESIAN_POINT('Ctrl Pts',(1.44502367165156,-1.25055316321105,-0.206748056289897));
#6611=CARTESIAN_POINT('Ctrl Pts',(1.43782131392386,-1.26223836487476,-0.0837312437657179));
#6612=CARTESIAN_POINT('Ctrl Pts',(1.43568766253633,-1.26411034995686,-0.0477616076789789));
#6613=CARTESIAN_POINT('Ctrl Pts',(1.43284552843447,-1.26454198063988,-0.00137038187708825));
#6614=CARTESIAN_POINT('Ctrl Pts',(1.43220285532874,-1.26451051629954,0.0090242251544476));
#6615=CARTESIAN_POINT('Ctrl Pts',(1.43118734423689,-1.26426095675749,0.0252745728295597));
#6616=CARTESIAN_POINT('Ctrl Pts',(1.43081914558128,-1.26413029422413,0.0311314433631498));
#6617=CARTESIAN_POINT('Ctrl Pts',(1.43004562376578,-1.26377255029891,0.043356629762895));
#6618=CARTESIAN_POINT('Ctrl Pts',(1.42963986418753,-1.26353802076047,0.049724440365167));
#6619=CARTESIAN_POINT('Ctrl Pts',(1.42860554899183,-1.26282202480491,0.0658500634140516));
#6620=CARTESIAN_POINT('Ctrl Pts',(1.42797360267787,-1.2622755840329,0.0756044520123236));
#6621=CARTESIAN_POINT('Ctrl Pts',(1.42525397346553,-1.25946079784729,0.11721114635032));
#6622=CARTESIAN_POINT('Ctrl Pts',(1.42311753988512,-1.25609948501606,0.14897548397754));
#6623=CARTESIAN_POINT('Ctrl Pts',(1.41626168003861,-1.24166094856699,0.249046580136806));
#6624=CARTESIAN_POINT('Ctrl Pts',(1.41145470238665,-1.22617967537243,0.316590525477979));
#6625=CARTESIAN_POINT('Ctrl Pts',(1.40235598239726,-1.18590626303695,0.443481704507248));
#6626=CARTESIAN_POINT('Ctrl Pts',(1.39806526376392,-1.16196289012157,0.50288567420899));
#6627=CARTESIAN_POINT('Ctrl Pts',(1.39278881815622,-1.12587589424344,0.575907568779847));
#6628=CARTESIAN_POINT('Ctrl Pts',(1.39166705181424,-1.11780354213936,0.591423155003187));
#6629=CARTESIAN_POINT('Ctrl Pts',(1.38982947165521,-1.10391734848999,0.616812646010203));
#6630=CARTESIAN_POINT('Ctrl Pts',(1.38910730741856,-1.0982867624903,0.626783498481063));
#6631=CARTESIAN_POINT('Ctrl Pts',(1.38769132054131,-1.08690605810822,0.646312501692785));
#6632=CARTESIAN_POINT('Ctrl Pts',(1.38699731296613,-1.08116338054926,0.655873757864828));
#6633=CARTESIAN_POINT('Ctrl Pts',(1.38532335380526,-1.0669157964937,0.678899485829563));
#6634=CARTESIAN_POINT('Ctrl Pts',(1.3843482495547,-1.05828146264567,0.692281885877596));
#6635=CARTESIAN_POINT('Ctrl Pts',(1.38059436078519,-1.02377029392135,0.743615679972601));
#6636=CARTESIAN_POINT('Ctrl Pts',(1.37788332251142,-0.996084971134171,0.7803109971495));
#6637=CARTESIAN_POINT('Ctrl Pts',(1.3695437345945,-0.903457270460596,0.890096116060937));
#6638=CARTESIAN_POINT('Ctrl Pts',(1.3641195770008,-0.832016738907492,0.957210297701238));
#6639=CARTESIAN_POINT('Ctrl Pts',(1.35682336321862,-0.732863855904007,1.03079371222443));
#6640=CARTESIAN_POINT('Ctrl Pts',(1.3552755561463,-0.711694235787074,1.04552198944948));
#6641=CARTESIAN_POINT('Ctrl Pts',(1.35311421023568,-0.682245821231232,1.06470115028244));
#6642=CARTESIAN_POINT('Ctrl Pts',(1.35253351534334,-0.674344542137421,1.06972301382546));
#6643=CARTESIAN_POINT('Ctrl Pts',(1.35155691279046,-0.661091399008487,1.07794121399602));
#6644=CARTESIAN_POINT('Ctrl Pts',(1.35116411052439,-0.655770160369522,1.08118666008632));
#6645=CARTESIAN_POINT('Ctrl Pts',(1.35033692474753,-0.644589594756575,1.08789283004091));
#6646=CARTESIAN_POINT('Ctrl Pts',(1.34990210827737,-0.638726027090734,1.09134578045757));
#6647=CARTESIAN_POINT('Ctrl Pts',(1.34870416088763,-0.622600249396042,1.10066749458536));
#6648=CARTESIAN_POINT('Ctrl Pts',(1.34793541150892,-0.612283422086495,1.10643978211626));
#6649=CARTESIAN_POINT('Ctrl Pts',(1.34273931593863,-0.542656856871096,1.1441240169528));
#6650=CARTESIAN_POINT('Ctrl Pts',(1.3381031229295,-0.480964820355365,1.17139551523081));
#6651=CARTESIAN_POINT('Ctrl Pts',(1.3317950515793,-0.394484378107929,1.20163711000941));
#6652=CARTESIAN_POINT('Ctrl Pts',(1.33012389861647,-0.371340907246415,1.20898950738913));
#6653=CARTESIAN_POINT('Ctrl Pts',(1.32593232668615,-0.312521958760265,1.22582710892457));
#6654=CARTESIAN_POINT('Ctrl Pts',(1.32342454364044,-0.276614616143669,1.23442567068775));
#6655=CARTESIAN_POINT('Ctrl Pts',(1.31844336110897,-0.203522119134355,1.24857858220225));
#6656=CARTESIAN_POINT('Ctrl Pts',(1.31597379266484,-0.166361442250111,1.25407099648489));
#6657=CARTESIAN_POINT('Ctrl Pts',(1.31259103143358,-0.114123281401738,1.25942844835761));
#6658=CARTESIAN_POINT('Ctrl Pts',(1.31163534219692,-0.0992119887393473,
1.26069074425448));
#6659=CARTESIAN_POINT('Ctrl Pts',(1.31000077996838,-0.0734527274051465,
1.26241147303025));
#6660=CARTESIAN_POINT('Ctrl Pts',(1.30931805788779,-0.0626150657152931,
1.2629954061206));
#6661=CARTESIAN_POINT('Ctrl Pts',(1.3080733474348,-0.042718150191921,1.26381070591913));
#6662=CARTESIAN_POINT('Ctrl Pts',(1.30751008059096,-0.0336614459280413,
1.26408435422871));
#6663=CARTESIAN_POINT('Ctrl Pts',(1.30643793012007,-0.0163263611319968,
1.26442169332283));
#6664=CARTESIAN_POINT('Ctrl Pts',(1.30592858234478,-0.00804883322035406,
1.26450147840592));
#6665=CARTESIAN_POINT('Ctrl Pts',(1.30542165977452,0.000229004947077707,
1.26449997926324));
#6666=CARTESIAN_POINT('Ctrl Pts',(1.30542170601406,0.000228249874406317,
1.26449997939976));
#6667=CARTESIAN_POINT('Ctrl Pts',(1.30454709691939,0.0145102543642959,1.26449740141179));
#6668=CARTESIAN_POINT('Ctrl Pts',(1.30367980870399,0.0287917138747675,1.26425286003533));
#6669=CARTESIAN_POINT('Ctrl Pts',(1.30131573310716,0.0680051638258402,1.26291654736773));
#6670=CARTESIAN_POINT('Ctrl Pts',(1.29983335860711,0.0929141675823671,1.26132865461263));
#6671=CARTESIAN_POINT('Ctrl Pts',(1.29229353599038,0.220691098811118,1.24937703647274));
#6672=CARTESIAN_POINT('Ctrl Pts',(1.28656328382255,0.322043769987269,1.22716482761746));
#6673=CARTESIAN_POINT('Ctrl Pts',(1.27855762671819,0.451163072982808,1.18175063247487));
#6674=CARTESIAN_POINT('Ctrl Pts',(1.27656480717123,0.482310873400936,1.16938381603417));
#6675=CARTESIAN_POINT('Ctrl Pts',(1.27390075167497,0.521989063704438,1.15177512453821));
#6676=CARTESIAN_POINT('Ctrl Pts',(1.27328696637147,0.531002075605178,1.14764772537747));
#6677=CARTESIAN_POINT('Ctrl Pts',(1.27226663844697,0.545753056569445,1.14068173465883));
#6678=CARTESIAN_POINT('Ctrl Pts',(1.27186372223422,0.55151987730996,1.137904671275));
#6679=CARTESIAN_POINT('Ctrl Pts',(1.27108858066195,0.562497267334078,1.13251536223866));
#6680=CARTESIAN_POINT('Ctrl Pts',(1.27071686572311,0.567711303637192,1.12991065750158));
#6681=CARTESIAN_POINT('Ctrl Pts',(1.26968639975277,0.58203374691302,1.12263163131892));
#6682=CARTESIAN_POINT('Ctrl Pts',(1.26902329547635,0.591103463281472,1.11788270491867));
#6683=CARTESIAN_POINT('Ctrl Pts',(1.26611861179129,0.630245533865294,1.09677830518907));
#6684=CARTESIAN_POINT('Ctrl Pts',(1.26382173883659,0.659702282572701,1.07931671828395));
#6685=CARTESIAN_POINT('Ctrl Pts',(1.25542876743092,0.763264932462323,1.01210180976184));
#6686=CARTESIAN_POINT('Ctrl Pts',(1.24920286429595,0.832773035562228,0.95572721198696));
#6687=CARTESIAN_POINT('Ctrl Pts',(1.24019893156603,0.927133081117064,0.861022379889083));
#6688=CARTESIAN_POINT('Ctrl Pts',(1.23726062863055,0.95682171313723,0.827905943849129));
#6689=CARTESIAN_POINT('Ctrl Pts',(1.23337619596275,0.994599359823191,0.781012787047372));
#6690=CARTESIAN_POINT('Ctrl Pts',(1.23236817517799,1.00426093665131,0.768549847445996));
#6691=CARTESIAN_POINT('Ctrl Pts',(1.23066462927385,1.02033746359138,0.746990941813888));
#6692=CARTESIAN_POINT('Ctrl Pts',(1.22996457115669,1.02686986002181,0.737985304865758));
#6693=CARTESIAN_POINT('Ctrl Pts',(1.22863552896241,1.0391242981629,0.720613379033964));
#6694=CARTESIAN_POINT('Ctrl Pts',(1.22800581775469,1.04486623029321,0.712262254625829));
#6695=CARTESIAN_POINT('Ctrl Pts',(1.22636073868881,1.05969055125694,0.690136494469988));
#6696=CARTESIAN_POINT('Ctrl Pts',(1.225351683137,1.06860500048024,0.676251312099734));
#6697=CARTESIAN_POINT('Ctrl Pts',(1.22139992891611,1.10275545091806,0.620696058429477));
#6698=CARTESIAN_POINT('Ctrl Pts',(1.21853378199379,1.12584762801231,0.577755154262721));
#6699=CARTESIAN_POINT('Ctrl Pts',(1.21088716222507,1.18158174578793,0.458010544079146));
#6700=CARTESIAN_POINT('Ctrl Pts',(1.2062227369287,1.20919607313336,0.379147447663922));
#6701=CARTESIAN_POINT('Ctrl Pts',(1.19933112003074,1.23701547742221,0.264485521745516));
#6702=CARTESIAN_POINT('Ctrl Pts',(1.19727371521393,1.24379482925324,0.230507879115894));
#6703=CARTESIAN_POINT('Ctrl Pts',(1.19453513595423,1.250724732425,0.186408458860016));
#6704=CARTESIAN_POINT('Ctrl Pts',(1.19391547744584,1.25216125986398,0.176501089133694));
#6705=CARTESIAN_POINT('Ctrl Pts',(1.192888003344,1.25432575711222,0.160213507974354));
#6706=CARTESIAN_POINT('Ctrl Pts',(1.19248391785839,1.25512305821418,0.153842708598158));
#6707=CARTESIAN_POINT('Ctrl Pts',(1.19170885201303,1.25654931838991,0.14169619828932));
#6708=CARTESIAN_POINT('Ctrl Pts',(1.19133840944562,1.25718705297129,0.135921715606277));
#6709=CARTESIAN_POINT('Ctrl Pts',(1.19031580283126,1.25882829359288,0.120059741723841));
#6710=CARTESIAN_POINT('Ctrl Pts',(1.18965939172328,1.25975029626807,0.109964493807007));
#6711=CARTESIAN_POINT('Ctrl Pts',(1.18682350800541,1.26318005128821,0.0666699219089218));
#6712=CARTESIAN_POINT('Ctrl Pts',(1.18459170750378,1.26449725874661,0.0333920054250006));
#6713=CARTESIAN_POINT('Ctrl Pts',(1.17620701712859,1.26450740871024,-0.0900551748337389));
#6714=CARTESIAN_POINT('Ctrl Pts',(1.1699143488559,1.25487280007114,-0.179958856136456));
#6715=CARTESIAN_POINT('Ctrl Pts',(1.16180818666893,1.22936040791895,-0.29756241077521));
#6716=CARTESIAN_POINT('Ctrl Pts',(1.15980044454448,1.22191109419894,-0.326808663255283));
#6717=CARTESIAN_POINT('Ctrl Pts',(1.15629903251119,1.20687767416395,-0.378084151198127));
#6718=CARTESIAN_POINT('Ctrl Pts',(1.15479353068565,1.19971813281995,-0.400222268075709));
#6719=CARTESIAN_POINT('Ctrl Pts',(1.15288134588317,1.18972226109442,-0.428445771048633));
#6720=CARTESIAN_POINT('Ctrl Pts',(1.15245655483787,1.18744320677133,-0.434722288613043));
#6721=CARTESIAN_POINT('Ctrl Pts',(1.15203341776085,1.18511454077048,-0.440980470377519));
#6722=CARTESIAN_POINT('Origin',(0.,0.,0.));
#6723=CARTESIAN_POINT('',(0.653341857914717,1.18511454756232,-0.440980452124758));
#6724=CARTESIAN_POINT('',(0.79006117666609,1.18511454072499,-0.440980470499768));
#6725=CARTESIAN_POINT('',(0.,1.18511454072499,-0.440980470499767));
#6726=CARTESIAN_POINT('',(0.943419629271587,-0.000670207841055606,1.26449982238886));
#6727=CARTESIAN_POINT('Ctrl Pts',(0.790061176666089,1.18511454072499,-0.440980470499768));
#6728=CARTESIAN_POINT('Ctrl Pts',(0.790697304195987,1.18862089369496,-0.431557309685137));
#6729=CARTESIAN_POINT('Ctrl Pts',(0.791333431725885,1.19201335146203,-0.422096355445722));
#6730=CARTESIAN_POINT('Ctrl Pts',(0.791969559255783,1.19529117318385,-0.412600607499266));
#6731=CARTESIAN_POINT('Ctrl Pts',(0.795089741056076,1.2113687664342,-0.366024318107308));
#6732=CARTESIAN_POINT('Ctrl Pts',(0.79820992285637,1.22475550893308,-0.318403761385458));
#6733=CARTESIAN_POINT('Ctrl Pts',(0.801330104656664,1.23532052526974,-0.270080450694414));
#6734=CARTESIAN_POINT('Ctrl Pts',(0.804444538658714,1.24586607941277,-0.221846158098502));
#6735=CARTESIAN_POINT('Ctrl Pts',(0.807558972660764,1.25360010036593,-0.172912210631083));
#6736=CARTESIAN_POINT('Ctrl Pts',(0.810673406662814,1.25844126625747,-0.12363587416402));
#6737=CARTESIAN_POINT('Ctrl Pts',(0.813784675545302,1.26327751219602,-0.0744096159764764));
#6738=CARTESIAN_POINT('Ctrl Pts',(0.81689594442779,1.26522666962683,-0.0248422009665882));
#6739=CARTESIAN_POINT('Ctrl Pts',(0.820007213310277,1.26425873068458,0.0247004430693945));
#6740=CARTESIAN_POINT('Ctrl Pts',(0.823116647297024,1.26329136259206,0.0742138689342833));
#6741=CARTESIAN_POINT('Ctrl Pts',(0.826226081283771,1.25941031691116,0.12370200529312));
#6742=CARTESIAN_POINT('Ctrl Pts',(0.829335515270518,1.25263766193276,0.172797968470773));
#6743=CARTESIAN_POINT('Ctrl Pts',(0.83244444158511,1.24586611271457,0.22188591583155));
#6744=CARTESIAN_POINT('Ctrl Pts',(0.835553367899703,1.23620396737822,0.270581274102825));
#6745=CARTESIAN_POINT('Ctrl Pts',(0.838662294214295,1.2237249492083,0.3185239373817));
#6746=CARTESIAN_POINT('Ctrl Pts',(0.841774264272037,1.21123371366099,0.366513538136149));
#6747=CARTESIAN_POINT('Ctrl Pts',(0.844886234329779,1.19592023859019,0.413748440933214));
#6748=CARTESIAN_POINT('Ctrl Pts',(0.847998204387521,1.177908591205,0.459882159651191));
#6749=CARTESIAN_POINT('Ctrl Pts',(0.851111857336795,1.15988720347904,0.506040826566973));
#6750=CARTESIAN_POINT('Ctrl Pts',(0.854225510286069,1.1391649674437,0.55109662471019));
#6751=CARTESIAN_POINT('Ctrl Pts',(0.857339163235343,1.11591333476495,0.594724876975708));
#6752=CARTESIAN_POINT('Ctrl Pts',(0.860458630790339,1.0926182807163,0.63843460302441));
#6753=CARTESIAN_POINT('Ctrl Pts',(0.863578098345336,1.06678468893911,0.680710994268482));
#6754=CARTESIAN_POINT('Ctrl Pts',(0.866697565900333,1.0386281370665,0.721257126754232));
#6755=CARTESIAN_POINT('Ctrl Pts',(0.868253830608403,1.02458117321522,0.741485102818685));
#6756=CARTESIAN_POINT('Ctrl Pts',(0.869810095316473,1.00995669254836,0.761282939720012));
#6757=CARTESIAN_POINT('Ctrl Pts',(0.871366360024543,0.994785060302543,0.780617021207497));
#6758=CARTESIAN_POINT('Ctrl Pts',(0.874448116531795,0.964741793140649,0.818902880371956));
#6759=CARTESIAN_POINT('Ctrl Pts',(0.877529873039047,0.932410619597282,0.855546355044799));
#6760=CARTESIAN_POINT('Ctrl Pts',(0.880611629546299,0.897999932976157,0.890256350932032));
#6761=CARTESIAN_POINT('Ctrl Pts',(0.883688919744498,0.863639116862585,0.924916042530625));
#6762=CARTESIAN_POINT('Ctrl Pts',(0.886766209942696,0.82720513809013,0.957647399123551));
#6763=CARTESIAN_POINT('Ctrl Pts',(0.889843500140895,0.788947074338803,0.988191663541159));
#6764=CARTESIAN_POINT('Ctrl Pts',(0.892917719234487,0.75072719174956,1.01870544509068));
#6765=CARTESIAN_POINT('Ctrl Pts',(0.895991938328079,0.710687262878018,1.04703610234709));
#6766=CARTESIAN_POINT('Ctrl Pts',(0.899066157421671,0.669111705634108,1.07296308202259));
#6767=CARTESIAN_POINT('Ctrl Pts',(0.902138695229687,0.627558885996913,1.09887588227378));
#6768=CARTESIAN_POINT('Ctrl Pts',(0.905211233037703,0.584472577908454,1.12238731062847));
#6769=CARTESIAN_POINT('Ctrl Pts',(0.90828377084572,0.540166339536154,1.14331997954733));
#6770=CARTESIAN_POINT('Ctrl Pts',(0.911358058410566,0.495834869531879,1.16426456925698));
#6771=CARTESIAN_POINT('Ctrl Pts',(0.914432345975412,0.4502825866324,1.18262721503071));
#6772=CARTESIAN_POINT('Ctrl Pts',(0.917506633540258,0.403845965287231,1.19827738287978));
#6773=CARTESIAN_POINT('Ctrl Pts',(0.920581679072768,0.35739789496188,1.21393140928825));
#6774=CARTESIAN_POINT('Ctrl Pts',(0.923656724605278,0.310065593652126,1.22687146871593));
#6775=CARTESIAN_POINT('Ctrl Pts',(0.926731770137788,0.262200266207999,1.23701708573506));
#6776=CARTESIAN_POINT('Ctrl Pts',(0.929812215850449,0.214250881019536,1.24718051977805));
#6777=CARTESIAN_POINT('Ctrl Pts',(0.93289266156311,0.165767157656766,1.25453962089715));
#6778=CARTESIAN_POINT('Ctrl Pts',(0.935973107275771,0.11710837047658,1.25906547866436));
#6779=CARTESIAN_POINT('Ctrl Pts',(0.938455281274376,0.0778998962464072,
1.26271234263115));
#6780=CARTESIAN_POINT('Ctrl Pts',(0.940937455272982,0.0385779908929196,
1.26452062464606));
#6781=CARTESIAN_POINT('Ctrl Pts',(0.943419629271587,-0.000670207841055605,
1.26449982238886));
#6782=CARTESIAN_POINT('Ctrl Pts',(0.943419673619413,-0.000671773528168849,
1.26612911463762));
#6783=CARTESIAN_POINT('Ctrl Pts',(0.945867502677376,-0.0394269226470505,
1.26637851135692));
#6784=CARTESIAN_POINT('Ctrl Pts',(0.974780931991616,-0.49694715773367,1.2471827091253));
#6785=CARTESIAN_POINT('Ctrl Pts',(1.03015996156204,-1.32520656099444,0.691240892219593));
#6786=CARTESIAN_POINT('Ctrl Pts',(1.10955676233083,-1.29935211063669,-0.738695757506052));
#6787=CARTESIAN_POINT('Ctrl Pts',(1.18895356309957,-0.0838400150320155,
-1.49229959449855));
#6788=CARTESIAN_POINT('Ctrl Pts',(1.2491489980635,0.89590965744126,-1.02776630213569));
#6789=CARTESIAN_POINT('Ctrl Pts',(1.28287883277115,1.14537742913041,-0.549454579853663));
#6790=CARTESIAN_POINT('Ctrl Pts',(1.29014306722256,1.18462506266715,-0.440805437670626));
#6791=CARTESIAN_POINT('Ctrl Pts',(1.15203341776085,1.18511454077048,-0.440980470377519));
#6792=CARTESIAN_POINT('Ctrl Pts',(1.15165762465273,1.18304642459313,-0.446538436587866));
#6793=CARTESIAN_POINT('Ctrl Pts',(1.15128313595449,1.18093917755475,-0.452081940555432));
#6794=CARTESIAN_POINT('Ctrl Pts',(1.15022971641291,1.17488095521547,-0.467687763973107));
#6795=CARTESIAN_POINT('Ctrl Pts',(1.1495538635029,1.17083980841801,-0.477714620043359));
#6796=CARTESIAN_POINT('Ctrl Pts',(1.14805194536323,1.16151557343299,-0.500020468308355));
#6797=CARTESIAN_POINT('Ctrl Pts',(1.14722823994937,1.15616532682797,-0.512270099008221));
#6798=CARTESIAN_POINT('Ctrl Pts',(1.14473853895996,1.13928068965797,-0.549315500293658));
#6799=CARTESIAN_POINT('Ctrl Pts',(1.14309339997502,1.12713498791368,-0.573824788375256));
#6800=CARTESIAN_POINT('Ctrl Pts',(1.13554864389767,1.06702783210032,-0.685831969066224));
#6801=CARTESIAN_POINT('Ctrl Pts',(1.12997877805111,1.00961696930002,-0.767846003741467));
#6802=CARTESIAN_POINT('Ctrl Pts',(1.12240944370882,0.922327189164128,-0.865593057590939));
#6803=CARTESIAN_POINT('Ctrl Pts',(1.12058344726929,0.90063366577629,-0.888142756134171));
#6804=CARTESIAN_POINT('Ctrl Pts',(1.11751376220052,0.863660477378886,-0.923826333044272));
#6805=CARTESIAN_POINT('Ctrl Pts',(1.1162954448885,0.848863011914635,-0.937441198722494));
#6806=CARTESIAN_POINT('Ctrl Pts',(1.11453903837498,0.827487639001637,-0.956187114175099));
#6807=CARTESIAN_POINT('Ctrl Pts',(1.11402059314847,0.821173168586012,-0.961615416058254));
#6808=CARTESIAN_POINT('Ctrl Pts',(1.11311520860503,0.810148698726829,-0.970904950626656));
#6809=CARTESIAN_POINT('Ctrl Pts',(1.11273035041572,0.805463663878813,-0.97479516893351));
#6810=CARTESIAN_POINT('Ctrl Pts',(1.11187785470881,0.795091379058996,-0.983281961477376));
#6811=CARTESIAN_POINT('Ctrl Pts',(1.11140923715278,0.789392332341612,-0.987863075646108));
#6812=CARTESIAN_POINT('Ctrl Pts',(1.11004218931779,0.772764955303305,-1.00099304861518));
#6813=CARTESIAN_POINT('Ctrl Pts',(1.10913561595434,0.761735591148204,-1.00941151756017));
#6814=CARTESIAN_POINT('Ctrl Pts',(1.10444882538959,0.704589407194768,-1.05155998850454));
#6815=CARTESIAN_POINT('Ctrl Pts',(1.10053096027659,0.65636639442488,-1.08231543897123));
#6816=CARTESIAN_POINT('Ctrl Pts',(1.09286166982651,0.558580359488085,-1.13573626473215));
#6817=CARTESIAN_POINT('Ctrl Pts',(1.08911947609169,0.509296495809606,-1.15867448094855));
#6818=CARTESIAN_POINT('Ctrl Pts',(1.0821586094115,0.41335142344479,-1.19602163668482));
#6819=CARTESIAN_POINT('Ctrl Pts',(1.0789312294046,0.367029463919828,-1.21103984249772));
#6820=CARTESIAN_POINT('Ctrl Pts',(1.07474321209681,0.304287221396913,-1.2274492696558));
#6821=CARTESIAN_POINT('Ctrl Pts',(1.0737071457962,0.288544557836253,-1.23124510178077));
#6822=CARTESIAN_POINT('Ctrl Pts',(1.07197074831766,0.261795303275593,-1.23715356064232));
#6823=CARTESIAN_POINT('Ctrl Pts',(1.07126545112965,0.250826002836452,-1.23942407708721));
#6824=CARTESIAN_POINT('Ctrl Pts',(1.06985257025563,0.22864839710861,-1.24370808487494));
#6825=CARTESIAN_POINT('Ctrl Pts',(1.06914520657187,0.217440172663153,-1.24571653061787));
#6826=CARTESIAN_POINT('Ctrl Pts',(1.06738337946504,0.189273159777681,-1.25037213535806));
#6827=CARTESIAN_POINT('Ctrl Pts',(1.0663350747573,0.172284461515207,-1.25282597098076));
#6828=CARTESIAN_POINT('Ctrl Pts',(1.06192407837426,0.0999270082288569,-1.2617774629508));
#6829=CARTESIAN_POINT('Ctrl Pts',(1.0586643603754,0.0442083941324801,-1.26495627225049));
#6830=CARTESIAN_POINT('Ctrl Pts',(1.05105568009962,-0.0878869319173625,
-1.26375036439363));
#6831=CARTESIAN_POINT('Ctrl Pts',(1.04676868382192,-0.164006266134163,-1.25614090283587));
#6832=CARTESIAN_POINT('Ctrl Pts',(1.04034984546404,-0.271756676189873,-1.235404106564));
#6833=CARTESIAN_POINT('Ctrl Pts',(1.03836357787031,-0.304277352148075,-1.22779880518136));
#6834=CARTESIAN_POINT('Ctrl Pts',(1.03570709441039,-0.346001918244699,-1.21628162405401));
#6835=CARTESIAN_POINT('Ctrl Pts',(1.03509392626929,-0.355516156750051,-1.21353473971695));
#6836=CARTESIAN_POINT('Ctrl Pts',(1.03407435280936,-0.371122971008376,-1.20882957088951));
#6837=CARTESIAN_POINT('Ctrl Pts',(1.03367156318135,-0.377234926254551,-1.20693620334581));
#6838=CARTESIAN_POINT('Ctrl Pts',(1.03289642245978,-0.388888205566518,-1.20322907509923));
#6839=CARTESIAN_POINT('Ctrl Pts',(1.03252457891596,-0.394431824453989,-1.20142322942255));
#6840=CARTESIAN_POINT('Ctrl Pts',(1.03149330342377,-0.409684632915236,-1.19633765149448));
#6841=CARTESIAN_POINT('Ctrl Pts',(1.0308295070887,-0.41936651296653,-1.19297820041411));
#6842=CARTESIAN_POINT('Ctrl Pts',(1.02791610385243,-0.461322169406059,-1.17784645652233));
#6843=CARTESIAN_POINT('Ctrl Pts',(1.02561080540924,-0.493147171828408,-1.16488019932703));
#6844=CARTESIAN_POINT('Ctrl Pts',(1.01721622828779,-0.605501945532912,-1.11367454549581));
#6845=CARTESIAN_POINT('Ctrl Pts',(1.01099841539314,-0.682475594110566,-1.06823811185232));
#6846=CARTESIAN_POINT('Ctrl Pts',(1.00200355207238,-0.789689382380301,-0.988597036850912));
#6847=CARTESIAN_POINT('Ctrl Pts',(0.999066685449206,-0.823930627369974,
-0.960246060145875));
#6848=CARTESIAN_POINT('Ctrl Pts',(0.995183772787986,-0.868208500916603,
-0.91946875340208));
#6849=CARTESIAN_POINT('Ctrl Pts',(0.994175899210316,-0.879604781613232,
-0.908572646790189));
#6850=CARTESIAN_POINT('Ctrl Pts',(0.992472525710665,-0.898690037177306,
-0.889629256952079));
#6851=CARTESIAN_POINT('Ctrl Pts',(0.991772495017074,-0.906481762681634,
-0.881688621073207));
#6852=CARTESIAN_POINT('Ctrl Pts',(0.990358652105863,-0.922107041105988,
-0.865338602747426));
#6853=CARTESIAN_POINT('Ctrl Pts',(0.989645212979688,-0.929932778683274,
-0.856923178356215));
#6854=CARTESIAN_POINT('Ctrl Pts',(0.987845347290148,-0.949514493889393,
-0.835281720343026));
#6855=CARTESIAN_POINT('Ctrl Pts',(0.986765669843045,-0.961109786347758,
-0.82191322674901));
#6856=CARTESIAN_POINT('Ctrl Pts',(0.981523894666388,-1.01656215677902,-0.75520197232312));
#6857=CARTESIAN_POINT('Ctrl Pts',(0.977527957045751,-1.05628143555019,-0.698569744318144));
#6858=CARTESIAN_POINT('Ctrl Pts',(0.970587364101136,-1.11754358518974,-0.593951502686377));
#6859=CARTESIAN_POINT('Ctrl Pts',(0.967628849831812,-1.14109414333953,-0.547344419636996));
#6860=CARTESIAN_POINT('Ctrl Pts',(0.962178739960353,-1.17822730724275,-0.46096874905717));
#6861=CARTESIAN_POINT('Ctrl Pts',(0.959713213746673,-1.19283598255955,-0.421726696240236));
#6862=CARTESIAN_POINT('Ctrl Pts',(0.956506097561659,-1.20865199801725,-0.371795045367499));
#6863=CARTESIAN_POINT('Ctrl Pts',(0.955855090198421,-1.21170709106708,-0.361714136637607));
#6864=CARTESIAN_POINT('Ctrl Pts',(0.954789208042707,-1.21645150621962,-0.345323944215224));
#6865=CARTESIAN_POINT('Ctrl Pts',(0.95437862984896,-1.21821857285411,-0.339037457579265));
#6866=CARTESIAN_POINT('Ctrl Pts',(0.953553294000907,-1.22164851635411,-0.326462044764031));
#6867=CARTESIAN_POINT('Ctrl Pts',(0.95313856841207,-1.22331171171148,-0.320173414627856));
#6868=CARTESIAN_POINT('Ctrl Pts',(0.952053082311585,-1.22751110885933,-0.303784742976695));
#6869=CARTESIAN_POINT('Ctrl Pts',(0.951378272897734,-1.22997114084207,-0.293665912965862));
#6870=CARTESIAN_POINT('Ctrl Pts',(0.948327638219249,-1.24043679369717,-0.24817718405407));
#6871=CARTESIAN_POINT('Ctrl Pts',(0.945889753848255,-1.24704299462688,-0.212505667171794));
#6872=CARTESIAN_POINT('Ctrl Pts',(0.937475250771149,-1.26430125800978,-0.0901454519564475));
#6873=CARTESIAN_POINT('Ctrl Pts',(0.93138964502751,-1.267508909094,-0.00264807504330724));
#6874=CARTESIAN_POINT('Ctrl Pts',(0.922544395841322,-1.25873119471909,0.128441253285252));
#6875=CARTESIAN_POINT('Ctrl Pts',(0.91963235203047,-1.25349196398716,0.172220811183903));
#6876=CARTESIAN_POINT('Ctrl Pts',(0.915775717581608,-1.24329515780043,0.231137880322503));
#6877=CARTESIAN_POINT('Ctrl Pts',(0.914770407374029,-1.24032431319225,0.246583056488598));
#6878=CARTESIAN_POINT('Ctrl Pts',(0.913069988110014,-1.23476265774184,0.272846182305589));
#6879=CARTESIAN_POINT('Ctrl Pts',(0.912370388242806,-1.23231590692347,0.283692401255322));
#6880=CARTESIAN_POINT('Ctrl Pts',(0.910956282024584,-1.2270473680521,0.305691539136416));
#6881=CARTESIAN_POINT('Ctrl Pts',(0.910242163831462,-1.22421579815315,0.316841054703962));
#6882=CARTESIAN_POINT('Ctrl Pts',(0.908438282261404,-1.21662906305318,0.345092762465706));
#6883=CARTESIAN_POINT('Ctrl Pts',(0.907355329812395,-1.2116651370166,0.362136625051382));
#6884=CARTESIAN_POINT('Ctrl Pts',(0.902087882626177,-1.18552899998784,0.445311458775612));
#6885=CARTESIAN_POINT('Ctrl Pts',(0.898071462327361,-1.1592928803211,0.50972821778352));
#6886=CARTESIAN_POINT('Ctrl Pts',(0.891078070403301,-1.10405836870268,0.618704986941197));
#6887=CARTESIAN_POINT('Ctrl Pts',(0.888087924462505,-1.07730145693858,0.664200264553476));
#6888=CARTESIAN_POINT('Ctrl Pts',(0.883418557178954,-1.03224687598458,0.730887736882175));
#6889=CARTESIAN_POINT('Ctrl Pts',(0.881790080720736,-1.01595800466604,0.753365551801705));
#6890=CARTESIAN_POINT('Ctrl Pts',(0.879016357255889,-0.987583750056527,
0.789925243037039));
#6891=CARTESIAN_POINT('Ctrl Pts',(0.877890686166041,-0.975903938669845,
0.804310248322873));
#6892=CARTESIAN_POINT('Ctrl Pts',(0.876245301968657,-0.958686626923703,
0.824588021806688));
#6893=CARTESIAN_POINT('Ctrl Pts',(0.875742030019417,-0.953401550681411,
0.830693041631892));
#6894=CARTESIAN_POINT('Ctrl Pts',(0.874886262381408,-0.944391980875136,
0.840901146606739));
#6895=CARTESIAN_POINT('Ctrl Pts',(0.874536004797147,-0.940698382127986,
0.845031067013038));
#6896=CARTESIAN_POINT('Ctrl Pts',(0.873723298492457,-0.932116058079822,
0.854501209439796));
#6897=CARTESIAN_POINT('Ctrl Pts',(0.873259498056976,-0.927208643081456,
0.859823696342421));
#6898=CARTESIAN_POINT('Ctrl Pts',(0.871919806786242,-0.91299812513808,0.874973020262279));
#6899=CARTESIAN_POINT('Ctrl Pts',(0.871036233730396,-0.903582908601573,
0.884692746392184));
#6900=CARTESIAN_POINT('Ctrl Pts',(0.865639838385523,-0.845715073649468,
0.942544723867416));
#6901=CARTESIAN_POINT('Ctrl Pts',(0.86092704312309,-0.793587492978015,0.986834327096539));
#6902=CARTESIAN_POINT('Ctrl Pts',(0.852141474994975,-0.689971255900004,
1.06132939069202));
#6903=CARTESIAN_POINT('Ctrl Pts',(0.848075805328542,-0.6394165756305,1.09253282792476));
#6904=CARTESIAN_POINT('Ctrl Pts',(0.841681977974639,-0.55459932094435,1.13697220258097));
#6905=CARTESIAN_POINT('Ctrl Pts',(0.83929114818369,-0.521627591444543,1.15247181290103));
#6906=CARTESIAN_POINT('Ctrl Pts',(0.835996972680462,-0.474390228828313,
1.17223409094447));
#6907=CARTESIAN_POINT('Ctrl Pts',(0.835053820942485,-0.460651057887992,
1.177700932505));
#6908=CARTESIAN_POINT('Ctrl Pts',(0.833425460156861,-0.436563319361586,
1.18679943373615));
#6909=CARTESIAN_POINT('Ctrl Pts',(0.832736684451676,-0.426257773601991,
1.19053968873557));
#6910=CARTESIAN_POINT('Ctrl Pts',(0.831315254700681,-0.40475394931971,1.19802917766887));
#6911=CARTESIAN_POINT('Ctrl Pts',(0.830583380828615,-0.393549142989349,
1.20175652983736));
#6912=CARTESIAN_POINT('Ctrl Pts',(0.828670423130316,-0.363926925051067,
1.21115181017208));
#6913=CARTESIAN_POINT('Ctrl Pts',(0.827497947044397,-0.34542894922177,1.21655678671211));
#6914=CARTESIAN_POINT('Ctrl Pts',(0.819672144621028,-0.219880182590492,
1.25014649903221));
#6915=CARTESIAN_POINT('Ctrl Pts',(0.81349606598468,-0.109658356939024,1.26459057309725));
#6916=CARTESIAN_POINT('Ctrl Pts',(0.804324121991795,0.0494424723760669,
1.26445978254814));
#6917=CARTESIAN_POINT('Ctrl Pts',(0.801493635053656,0.0977983615552875,
1.26164083419782));
#6918=CARTESIAN_POINT('Ctrl Pts',(0.797861103943099,0.156827863340593,1.2547856420293));
#6919=CARTESIAN_POINT('Ctrl Pts',(0.797180160000619,0.167770058805407,1.25336952824338));
#6920=CARTESIAN_POINT('Ctrl Pts',(0.79607745962151,0.185261661796366,1.25087265863452));
#6921=CARTESIAN_POINT('Ctrl Pts',(0.795660562903271,0.191823776173361,1.24988316478081));
#6922=CARTESIAN_POINT('Ctrl Pts',(0.794835050757568,0.204709741339158,1.24783623897352));
#6923=CARTESIAN_POINT('Ctrl Pts',(0.794426625095698,0.211033883924184,1.24678227905624));
#6924=CARTESIAN_POINT('Ctrl Pts',(0.793376629829902,0.227169371922955,1.24396691747102));
#6925=CARTESIAN_POINT('Ctrl Pts',(0.792731467743936,0.236968264323067,1.24213752951213));
#6926=CARTESIAN_POINT('Ctrl Pts',(0.789853084243441,0.280226047559758,1.23353112065811));
#6927=CARTESIAN_POINT('Ctrl Pts',(0.787564092824455,0.313421685686883,1.22551707651435));
#6928=CARTESIAN_POINT('Ctrl Pts',(0.779779513508489,0.423609182175696,1.19414619659517));
#6929=CARTESIAN_POINT('Ctrl Pts',(0.77417640936348,0.498691976197331,1.16479059265274));
#6930=CARTESIAN_POINT('Ctrl Pts',(0.765247287225249,0.616210161117271,1.10538270406358));
#6931=CARTESIAN_POINT('Ctrl Pts',(0.761837409904491,0.660496877126193,1.07950492214969));
#6932=CARTESIAN_POINT('Ctrl Pts',(0.757424107118748,0.717192241915774,1.0415772577135));
#6933=CARTESIAN_POINT('Ctrl Pts',(0.756337225768487,0.731098266109319,1.03186397682393));
#6934=CARTESIAN_POINT('Ctrl Pts',(0.754612804619154,0.753059368207754,1.01585735329236));
#6935=CARTESIAN_POINT('Ctrl Pts',(0.753968573097538,0.761240487140813,1.00974130597884));
#6936=CARTESIAN_POINT('Ctrl Pts',(0.752634926381367,0.778122551783891,0.996798787296465));
#6937=CARTESIAN_POINT('Ctrl Pts',(0.751946233383277,0.786809884045467,0.989955931706897));
#6938=CARTESIAN_POINT('Ctrl Pts',(0.750310414513921,0.8073615528867,0.973326292602727));
#6939=CARTESIAN_POINT('Ctrl Pts',(0.749367584587597,0.819139455335343,0.963435173415124));
#6940=CARTESIAN_POINT('Ctrl Pts',(0.745939703964899,0.861661454457933,0.926381436895816));
#6941=CARTESIAN_POINT('Ctrl Pts',(0.743507366729437,0.891260572525864,0.897941029720252));
#6942=CARTESIAN_POINT('Ctrl Pts',(0.736778145556138,0.970454293703677,0.814065871284047));
#6943=CARTESIAN_POINT('Ctrl Pts',(0.732590665632996,1.01661659057819,0.755629254876059));
#6944=CARTESIAN_POINT('Ctrl Pts',(0.725340394389005,1.08573292562875,0.650243961988558));
#6945=CARTESIAN_POINT('Ctrl Pts',(0.722327024184688,1.11140544878409,0.605318066353674));
#6946=CARTESIAN_POINT('Ctrl Pts',(0.718487977813557,1.13917658834488,0.548963541714548));
#6947=CARTESIAN_POINT('Ctrl Pts',(0.717800864675961,1.14396689355497,0.538910007626125));
#6948=CARTESIAN_POINT('Ctrl Pts',(0.716690479122374,1.15140862165383,0.522745433873005));
#6949=CARTESIAN_POINT('Ctrl Pts',(0.716272182359264,1.15414573105567,0.516674200394687));
#6950=CARTESIAN_POINT('Ctrl Pts',(0.715445952525905,1.15941945309647,0.504725430135977));
#6951=CARTESIAN_POINT('Ctrl Pts',(0.715038236776081,1.16195961671445,0.498849748014354));
#6952=CARTESIAN_POINT('Ctrl Pts',(0.713993316887538,1.16831514809113,0.483836762163799));
#6953=CARTESIAN_POINT('Ctrl Pts',(0.713352593195177,1.17206794594126,0.474673586036168));
#6954=CARTESIAN_POINT('Ctrl Pts',(0.710531795671906,1.18798292009948,0.434474365816244));
#6955=CARTESIAN_POINT('Ctrl Pts',(0.708298623263553,1.19902188972812,0.403010569812268));
#6956=CARTESIAN_POINT('Ctrl Pts',(0.700871061410282,1.23113268799076,0.298428536331828));
#6957=CARTESIAN_POINT('Ctrl Pts',(0.695576895767317,1.24685343042433,0.223839966987074));
#6958=CARTESIAN_POINT('Ctrl Pts',(0.686596736207566,1.26233495678591,0.092735660006045));
#6959=CARTESIAN_POINT('Ctrl Pts',(0.682862877201722,1.26520212945972,0.0368027758860746));
#6960=CARTESIAN_POINT('Ctrl Pts',(0.678129113958756,1.2640950553912,-0.0363179898298104));
#6961=CARTESIAN_POINT('Ctrl Pts',(0.677027891165823,1.26348506866496,-0.0534867662891506));
#6962=CARTESIAN_POINT('Ctrl Pts',(0.675214402526614,1.26188900598375,-0.0820132737394846));
#6963=CARTESIAN_POINT('Ctrl Pts',(0.674496132969999,1.26109887644623,-0.0933792169093773));
#6964=CARTESIAN_POINT('Ctrl Pts',(0.673080902411534,1.25922711103177,-0.115900385555532));
#6965=CARTESIAN_POINT('Ctrl Pts',(0.672383849453586,1.25815057243167,-0.127054974261154));
#6966=CARTESIAN_POINT('Ctrl Pts',(0.67069050557846,1.25515590533758,-0.154292571995402));
#6967=CARTESIAN_POINT('Ctrl Pts',(0.669699337068458,1.25307676408649,-0.17035611091921));
#6968=CARTESIAN_POINT('Ctrl Pts',(0.665767163014914,1.2435202035931,-0.234486144735687));
#6969=CARTESIAN_POINT('Ctrl Pts',(0.662903026091837,1.23358050495414,-0.282145545155524));
#6970=CARTESIAN_POINT('Ctrl Pts',(0.657815594488363,1.21072086640056,-0.366947260605766));
#6971=CARTESIAN_POINT('Ctrl Pts',(0.655578807135514,1.19877266617174,-0.404274890736799));
#6972=CARTESIAN_POINT('Ctrl Pts',(0.653341857914717,1.18511454756232,-0.440980452124758));
#6973=CARTESIAN_POINT('Origin',(0.,0.,0.));
#6974=CARTESIAN_POINT('',(0.153200906851801,1.18511454072499,-0.440980470499768));
#6975=CARTESIAN_POINT('',(0.290033492080659,1.18511454072499,-0.440980470499768));
#6976=CARTESIAN_POINT('',(0.,1.18511454072499,-0.440980470499767));
#6977=CARTESIAN_POINT('',(0.,-0.825211298936487,-0.95811615272239));
#6978=CARTESIAN_POINT('Ctrl Pts',(0.153200906851801,1.18511454072499,-0.440980470499768));
#6979=CARTESIAN_POINT('Ctrl Pts',(0.150119082067385,1.16809431093617,-0.486721547845781));
#6980=CARTESIAN_POINT('Ctrl Pts',(0.147037257282968,1.1483857879281,-0.531572731448167));
#6981=CARTESIAN_POINT('Ctrl Pts',(0.143955432498551,1.12610492870821,-0.575193827799885));
#6982=CARTESIAN_POINT('Ctrl Pts',(0.140877269464767,1.10385054307331,-0.618763094606332));
#6983=CARTESIAN_POINT('Ctrl Pts',(0.137799106430983,1.07903011780179,-0.661104667313135));
#6984=CARTESIAN_POINT('Ctrl Pts',(0.1347209433972,1.05180787162445,-0.701897749810358));
#6985=CARTESIAN_POINT('Ctrl Pts',(0.131645056213465,1.02460575230512,-0.742660671806722));
#6986=CARTESIAN_POINT('Ctrl Pts',(0.128569169029731,0.99500563593289,-0.781876902737733));
#6987=CARTESIAN_POINT('Ctrl Pts',(0.125493281845997,0.963216553033769,-0.819252172387564));
#6988=CARTESIAN_POINT('Ctrl Pts',(0.122418288542015,0.931436708320524,-0.856616580456731));
#6989=CARTESIAN_POINT('Ctrl Pts',(0.119343295238032,0.89746952116111,-0.89214065986847));
#6990=CARTESIAN_POINT('Ctrl Pts',(0.11626830193405,0.861564311938797,-0.92556317255681));
#6991=CARTESIAN_POINT('Ctrl Pts',(0.113190151176133,0.825622234654367,-0.959020004033442));
#6992=CARTESIAN_POINT('Ctrl Pts',(0.110112000418215,0.787738569939469,-0.99037057186596));
#6993=CARTESIAN_POINT('Ctrl Pts',(0.107033849660298,0.748198200845991,-1.01939182959784));
#6994=CARTESIAN_POINT('Ctrl Pts',(0.103954284471712,0.708639662690919,-1.04842642278993));
#6995=CARTESIAN_POINT('Ctrl Pts',(0.100874719283125,0.66742337659219,-1.07512926840323));
#6996=CARTESIAN_POINT('Ctrl Pts',(0.0977951540945391,0.624862681923835,
-1.09932109901473));
#6997=CARTESIAN_POINT('Ctrl Pts',(0.0947085679158741,0.582204954656165,
-1.12356808371205));
#6998=CARTESIAN_POINT('Ctrl Pts',(0.0916219817372091,0.538197201108699,
-1.14529236738732));
#6999=CARTESIAN_POINT('Ctrl Pts',(0.0885353955585441,0.493175585382742,
-1.16436166717322));
#7000=CARTESIAN_POINT('Ctrl Pts',(0.0854891972952821,0.448743076554176,
-1.18318144557141));
#7001=CARTESIAN_POINT('Ctrl Pts',(0.08244299903202,0.403323619200902,-1.19941526817622));
#7002=CARTESIAN_POINT('Ctrl Pts',(0.079396800768758,0.357252392032476,-1.21298432734602));
#7003=CARTESIAN_POINT('Ctrl Pts',(0.0760886007367264,0.307218604989636,
-1.22772045352714));
#7004=CARTESIAN_POINT('Ctrl Pts',(0.0727804007046948,0.256178723354813,
-1.23938353643475));
#7005=CARTESIAN_POINT('Ctrl Pts',(0.0694722006726632,0.204533960630849,
-1.24784859215718));
#7006=CARTESIAN_POINT('Ctrl Pts',(0.0662716505807918,0.154569735831736,
-1.25603819212327));
#7007=CARTESIAN_POINT('Ctrl Pts',(0.0630711004889204,0.104039944469579,
-1.26123461335598));
#7008=CARTESIAN_POINT('Ctrl Pts',(0.059870550397049,0.0533228092293553,
-1.26337521268065));
#7009=CARTESIAN_POINT('Ctrl Pts',(0.0566741813061742,0.00267192772267689,
-1.26551301565856));
#7010=CARTESIAN_POINT('Ctrl Pts',(0.0534778122152994,-0.0481653041006098,
-1.26460289568653));
#7011=CARTESIAN_POINT('Ctrl Pts',(0.0502814431244247,-0.0988049857273798,
-1.26063389800347));
#7012=CARTESIAN_POINT('Ctrl Pts',(0.0470881734979258,-0.14939556292198,
-1.25666874898949));
#7013=CARTESIAN_POINT('Ctrl Pts',(0.043894903871427,-0.19978846207636,-1.24965064967991));
#7014=CARTESIAN_POINT('Ctrl Pts',(0.0407016342449282,-0.249601365571658,
-1.23962067113483));
#7015=CARTESIAN_POINT('Ctrl Pts',(0.0375103875240044,-0.299382713072012,
-1.22959704648463));
#7016=CARTESIAN_POINT('Ctrl Pts',(0.0343191408030806,-0.348584294333925,
-1.21656543313759));
#7017=CARTESIAN_POINT('Ctrl Pts',(0.0311278940821568,-0.396832610451651,
-1.20061822794847));
#7018=CARTESIAN_POINT('Ctrl Pts',(0.0279366708247013,-0.445080571826252,
-1.18467114001031));
#7019=CARTESIAN_POINT('Ctrl Pts',(0.0247454475672458,-0.492374793041842,
-1.16580865256836));
#7020=CARTESIAN_POINT('Ctrl Pts',(0.0215542243097903,-0.538357347126241,
-1.14417289637327));
#7021=CARTESIAN_POINT('Ctrl Pts',(0.0183630578893646,-0.584339082241991,
-1.1225375255201));
#7022=CARTESIAN_POINT('Ctrl Pts',(0.0151718914689389,-0.629008737607951,
-1.09812920953391));
#7023=CARTESIAN_POINT('Ctrl Pts',(0.0119807250485133,-0.672031093491788,
-1.07113699375021));
#7024=CARTESIAN_POINT('Ctrl Pts',(0.00878731864194691,-0.71508364820208,
-1.04412583123002));
#7025=CARTESIAN_POINT('Ctrl Pts',(0.00559391223538055,-0.756486168012252,
-1.01452742976822));
#7026=CARTESIAN_POINT('Ctrl Pts',(0.00240050582881419,-0.7959320764909,
-0.982574363401001));
#7027=CARTESIAN_POINT('Ctrl Pts',(0.0016003372192094,-0.80581599783491,
-0.974567915917495));
#7028=CARTESIAN_POINT('Ctrl Pts',(0.000800168609604606,-0.815577234736283,
-0.966413830003061));
#7029=CARTESIAN_POINT('Ctrl Pts',(-1.85775850224924E-16,-0.825211298936489,
-0.958116152722389));
#7030=CARTESIAN_POINT('',(5.63840789750472E-7,-0.825135849772663,0.958181130799363));
#7031=CARTESIAN_POINT('Origin',(0.,0.,0.));
#7032=CARTESIAN_POINT('Ctrl Pts',(5.63840789750472E-7,-0.825135849772663,
0.958181130799363));
#7033=CARTESIAN_POINT('Ctrl Pts',(0.00322547169479665,-0.86372957601124,
0.924946217198846));
#7034=CARTESIAN_POINT('Ctrl Pts',(0.00645037954880355,-0.900402780167269,
0.889297708274195));
#7035=CARTESIAN_POINT('Ctrl Pts',(0.00967528740281044,-0.93483967232741,
0.851489892507703));
#7036=CARTESIAN_POINT('Ctrl Pts',(0.0127805234833209,-0.967998660080643,
0.815085071359858));
#7037=CARTESIAN_POINT('Ctrl Pts',(0.0158857595638313,-0.999083986200366,
0.776678842935786));
#7038=CARTESIAN_POINT('Ctrl Pts',(0.0189909956443418,-1.02784775682579,
0.736538687910005));
#7039=CARTESIAN_POINT('Ctrl Pts',(0.0220931644552576,-1.05658311536376,
0.696438182261548));
#7040=CARTESIAN_POINT('Ctrl Pts',(0.0251953332661734,-1.08300113710619,
0.654607586761795));
#7041=CARTESIAN_POINT('Ctrl Pts',(0.0282975020770891,-1.10689406224713,
0.611347515707755));
#7042=CARTESIAN_POINT('Ctrl Pts',(0.0313979502334158,-1.13077373489481,
0.568111439363327));
#7043=CARTESIAN_POINT('Ctrl Pts',(0.0344983983897425,-1.15213081885479,
0.523447940610308));
#7044=CARTESIAN_POINT('Ctrl Pts',(0.0375988465460692,-1.17080221950561,
0.477684428049259));
#7045=CARTESIAN_POINT('Ctrl Pts',(0.0406989177651111,-1.18947135017908,
0.43192647919168));
#7046=CARTESIAN_POINT('Ctrl Pts',(0.043798988984153,-1.20545523912219,0.385069293771796));
#7047=CARTESIAN_POINT('Ctrl Pts',(0.046899060203195,-1.2186389626297,0.337460114325848));
#7048=CARTESIAN_POINT('Ctrl Pts',(0.0500021752697067,-1.23183563075706,
0.289804189153704));
#7049=CARTESIAN_POINT('Ctrl Pts',(0.0531052903362185,-1.24222650155546,
0.241395330119235));
#7050=CARTESIAN_POINT('Ctrl Pts',(0.0562084054027303,-1.24974710633223,
0.192593925693975));
#7051=CARTESIAN_POINT('Ctrl Pts',(0.0593133555766252,-1.25727215861322,
0.143763661295544));
#7052=CARTESIAN_POINT('Ctrl Pts',(0.0624183057505201,-1.26192351619256,
0.0945409394673779));
#7053=CARTESIAN_POINT('Ctrl Pts',(0.065523255924415,-1.26368864868492,0.0452907185291631));
#7054=CARTESIAN_POINT('Ctrl Pts',(0.0686336727527159,-1.26545688891452,
-0.00404621360317967));
#7055=CARTESIAN_POINT('Ctrl Pts',(0.0717440895810167,-1.26432878440237,
-0.0534101902650613));
#7056=CARTESIAN_POINT('Ctrl Pts',(0.0748545064093176,-1.26034382814631,
-0.102438688265208));
#7057=CARTESIAN_POINT('Ctrl Pts',(0.0757024550518635,-1.25925746627443,
-0.115804629430077));
#7058=CARTESIAN_POINT('Ctrl Pts',(0.0765504036944094,-1.25795907985496,
-0.129145689450962));
#7059=CARTESIAN_POINT('Ctrl Pts',(0.0773983523369552,-1.2564501260533,-0.142454662053021));
#7060=CARTESIAN_POINT('Ctrl Pts',(0.080523991363376,-1.25088794379972,-0.191513109793044));
#7061=CARTESIAN_POINT('Ctrl Pts',(0.0836496303897967,-1.24243639752981,
-0.240349582914093));
#7062=CARTESIAN_POINT('Ctrl Pts',(0.0867752694162175,-1.2311259933869,-0.288598403334328));
#7063=CARTESIAN_POINT('Ctrl Pts',(0.0898953413244925,-1.21983573435851,
-0.336761287124836));
#7064=CARTESIAN_POINT('Ctrl Pts',(0.0930154132327675,-1.20569684116718,
-0.38433806645096));
#7065=CARTESIAN_POINT('Ctrl Pts',(0.0961354851410425,-1.18879130255697,
-0.430970403815496));
#7066=CARTESIAN_POINT('Ctrl Pts',(0.0992524988039821,-1.17190233448941,
-0.477557032897526));
#7067=CARTESIAN_POINT('Ctrl Pts',(0.102369512466922,-1.15225227570786,-0.523200541593085));
#7068=CARTESIAN_POINT('Ctrl Pts',(0.105486526129861,-1.12997310407852,-0.567557075596063));
#7069=CARTESIAN_POINT('Ctrl Pts',(0.108601800442954,-1.10770636462881,-0.611888857852988));
#7070=CARTESIAN_POINT('Ctrl Pts',(0.111717074756046,-1.08281366401474,-0.654934600980729));
#7071=CARTESIAN_POINT('Ctrl Pts',(0.114832349069139,-1.055474319742,-0.696372178052198));
#7072=CARTESIAN_POINT('Ctrl Pts',(0.117947200069372,-1.02813869042173,-0.737804124460847));
#7073=CARTESIAN_POINT('Ctrl Pts',(0.121062051069605,-0.99835737939074,-0.777627883640539));
#7074=CARTESIAN_POINT('Ctrl Pts',(0.124176902069838,-0.966353325001365,
-0.815549815314065));
#7075=CARTESIAN_POINT('Ctrl Pts',(0.12729487722902,-0.934317170921531,-0.853509782239423));
#7076=CARTESIAN_POINT('Ctrl Pts',(0.130412852388202,-0.900054176630783,
-0.889563695909364));
#7077=CARTESIAN_POINT('Ctrl Pts',(0.133530827547385,-0.863826776736232,
-0.923451974817041));
#7078=CARTESIAN_POINT('Ctrl Pts',(0.136650540009209,-0.827579191319232,
-0.957359135913795));
#7079=CARTESIAN_POINT('Ctrl Pts',(0.139770252471034,-0.78936544145964,-0.989097910063898));
#7080=CARTESIAN_POINT('Ctrl Pts',(0.142889964932859,-0.749481265132687,
-1.01844886136473));
#7081=CARTESIAN_POINT('Ctrl Pts',(0.146015505238389,-0.709522582341181,
-1.04785464232017));
#7082=CARTESIAN_POINT('Ctrl Pts',(0.149141045543919,-0.667887703682062,
-1.07486340032173));
#7083=CARTESIAN_POINT('Ctrl Pts',(0.152266585849449,-0.624900179623874,
-1.09929978418357));
#7084=CARTESIAN_POINT('Ctrl Pts',(0.153776108268204,-0.604138767212141,
-1.11110166983115));
#7085=CARTESIAN_POINT('Ctrl Pts',(0.155285630686959,-0.583062189555473,
-1.12230423978693));
#7086=CARTESIAN_POINT('Ctrl Pts',(0.156795153105714,-0.561708552134995,
-1.13289176555327));
#7087=CARTESIAN_POINT('Ctrl Pts',(0.159911028846516,-0.517631511615625,
-1.1547459720762));
#7088=CARTESIAN_POINT('Ctrl Pts',(0.163026904587319,-0.472176936400131,
-1.17407366335454));
#7089=CARTESIAN_POINT('Ctrl Pts',(0.166142780328121,-0.425665589881728,
-1.19070107734504));
#7090=CARTESIAN_POINT('Ctrl Pts',(0.169252815350377,-0.379241429023752,
-1.20729732319747));
#7091=CARTESIAN_POINT('Ctrl Pts',(0.172362850372632,-0.331764939083522,
-1.22120314591861));
#7092=CARTESIAN_POINT('Ctrl Pts',(0.175472885394887,-0.283578957148273,
-1.23229185871801));
#7093=CARTESIAN_POINT('Ctrl Pts',(0.17857970134467,-0.23544285058963,-1.24336909403569));
#7094=CARTESIAN_POINT('Ctrl Pts',(0.181686517294453,-0.186599239237114,
-1.25163486813641));
#7095=CARTESIAN_POINT('Ctrl Pts',(0.184793333244236,-0.137406220908432,
-1.25701224355838));
#7096=CARTESIAN_POINT('Ctrl Pts',(0.187898268689125,-0.0882429783093687,
-1.26238636414293));
#7097=CARTESIAN_POINT('Ctrl Pts',(0.191003204134014,-0.0387312936586209,
-1.26487548926541));
#7098=CARTESIAN_POINT('Ctrl Pts',(0.194108139578904,0.010763038972526,-1.26445419331507));
#7099=CARTESIAN_POINT('Ctrl Pts',(0.197212530007484,0.0602486837520373,
-1.26403297131577));
#7100=CARTESIAN_POINT('Ctrl Pts',(0.200316920436065,0.109716432541982,-1.26070234788166));
#7101=CARTESIAN_POINT('Ctrl Pts',(0.203421310864645,0.158800541651173,-1.25448899475894));
#7102=CARTESIAN_POINT('Ctrl Pts',(0.206528724034204,0.20793244389444,-1.24826959170225));
#7103=CARTESIAN_POINT('Ctrl Pts',(0.209636137203762,0.25667941369029,-1.2391619248471));
#7104=CARTESIAN_POINT('Ctrl Pts',(0.212743550373321,0.304682733272718,-1.22724434488225));
#7105=CARTESIAN_POINT('Ctrl Pts',(0.215852627613432,0.352711759417542,-1.21532038285851));
#7106=CARTESIAN_POINT('Ctrl Pts',(0.218961704853543,0.399995816484656,-1.20058367559175));
#7107=CARTESIAN_POINT('Ctrl Pts',(0.222070782093653,0.446191738850889,-1.1831623650967));
#7108=CARTESIAN_POINT('Ctrl Pts',(0.225185698321604,0.492474419251136,-1.16570833659168));
#7109=CARTESIAN_POINT('Ctrl Pts',(0.228300614549555,0.53766438360358,-1.14555986686509));
#7110=CARTESIAN_POINT('Ctrl Pts',(0.231415530777506,0.581440343093082,-1.12289241578336));
#7111=CARTESIAN_POINT('Ctrl Pts',(0.233007671809828,0.603815744623021,-1.11130630035543));
#7112=CARTESIAN_POINT('Ctrl Pts',(0.234599812842151,0.625822154733283,-1.09906280565984));
#7113=CARTESIAN_POINT('Ctrl Pts',(0.236191953874473,0.647419671869635,-1.08618967886655));
#7114=CARTESIAN_POINT('Ctrl Pts',(0.239312443458312,0.689749356170571,-1.06095921419388));
#7115=CARTESIAN_POINT('Ctrl Pts',(0.242432933042151,0.730695278349082,-1.0331949888232));
#7116=CARTESIAN_POINT('Ctrl Pts',(0.24555342262599,0.769937260867847,-1.00307370832223));
#7117=CARTESIAN_POINT('Ctrl Pts',(0.248669100320843,0.809118731066856,-0.97299887574362));
#7118=CARTESIAN_POINT('Ctrl Pts',(0.251784778015696,0.846601033473072,-0.940574516329536));
#7119=CARTESIAN_POINT('Ctrl Pts',(0.254900455710548,0.882091440763743,-0.906021489883846));
#7120=CARTESIAN_POINT('Ctrl Pts',(0.258012854723079,0.917544500875923,-0.871504824194332));
#7121=CARTESIAN_POINT('Ctrl Pts',(0.261125253735609,0.951009425952659,-0.834864308412021));
#7122=CARTESIAN_POINT('Ctrl Pts',(0.264237652748139,0.98222717285053,-0.79636049055315));
#7123=CARTESIAN_POINT('Ctrl Pts',(0.26734804057723,1.01342474732985,-0.757881553257646));
#7124=CARTESIAN_POINT('Ctrl Pts',(0.27045842840632,1.04237767828304,-0.717542126443552));
#7125=CARTESIAN_POINT('Ctrl Pts',(0.273568816235411,1.06886615862752,-0.675637021588409));
#7126=CARTESIAN_POINT('Ctrl Pts',(0.276679904599678,1.09536060482361,-0.633722478681924));
#7127=CARTESIAN_POINT('Ctrl Pts',(0.279790992963945,1.11938918915409,-0.590242011158622));
#7128=CARTESIAN_POINT('Ctrl Pts',(0.282902081328212,1.14077576064402,-0.545518940025961));
#7129=CARTESIAN_POINT('Ctrl Pts',(0.285279218245694,1.15711692575235,-0.511346698352047));
#7130=CARTESIAN_POINT('Ctrl Pts',(0.287656355163176,1.1719164858108,-0.476449630325294));
#7131=CARTESIAN_POINT('Ctrl Pts',(0.290033492080659,1.18511454072499,-0.440980470499768));
#7132=CARTESIAN_POINT('Origin',(40.,0.,0.));
#7133=CARTESIAN_POINT('',(40.,-1.65,4.));
#7134=CARTESIAN_POINT('',(40.,-3.07238284109627,4.));
#7135=CARTESIAN_POINT('',(40.,-1.53619142054814,4.));
#7136=CARTESIAN_POINT('',(40.,-1.5,4.15));
#7137=CARTESIAN_POINT('Origin',(40.,-1.65,4.15));
#7138=CARTESIAN_POINT('',(40.,-1.5,4.85));
#7139=CARTESIAN_POINT('',(40.,-1.5,2.075));
#7140=CARTESIAN_POINT('',(40.,-1.65,5.));
#7141=CARTESIAN_POINT('Origin',(40.,-1.65,4.85));
#7142=CARTESIAN_POINT('',(40.,-4.95,5.));
#7143=CARTESIAN_POINT('',(40.,-0.825,5.));
#7144=CARTESIAN_POINT('',(40.,-5.,4.95));
#7145=CARTESIAN_POINT('Origin',(40.,-4.95,4.95));
#7146=CARTESIAN_POINT('',(40.,-5.,1.65));
#7147=CARTESIAN_POINT('',(40.,-5.,2.475));
#7148=CARTESIAN_POINT('',(40.,-4.85,1.5));
#7149=CARTESIAN_POINT('Origin',(40.,-4.85,1.65));
#7150=CARTESIAN_POINT('',(40.,-4.15,1.5));
#7151=CARTESIAN_POINT('',(40.,-2.425,1.5));
#7152=CARTESIAN_POINT('',(40.,-4.,1.65));
#7153=CARTESIAN_POINT('Origin',(40.,-4.15,1.65));
#7154=CARTESIAN_POINT('',(40.,-4.,3.07238284109627));
#7155=CARTESIAN_POINT('',(40.,-4.,0.825000000000001));
#7156=CARTESIAN_POINT('',(40.,-3.73286967858355,3.16608709822943));
#7157=CARTESIAN_POINT('Origin',(40.,-3.85,3.07238284109627));
#7158=CARTESIAN_POINT('',(40.,-2.,1.));
#7159=CARTESIAN_POINT('',(40.,-2.23228849782836,1.29036062228545));
#7160=CARTESIAN_POINT('',(40.,-2.,-1.));
#7161=CARTESIAN_POINT('',(40.,-2.,0.500000000000001));
#7162=CARTESIAN_POINT('',(40.,-3.73286967858355,-3.16608709822943));
#7163=CARTESIAN_POINT('',(40.,-1.36585365853659,-0.207317073170732));
#7164=CARTESIAN_POINT('',(40.,-4.,-3.07238284109627));
#7165=CARTESIAN_POINT('Origin',(40.,-3.85,-3.07238284109627));
#7166=CARTESIAN_POINT('',(40.,-4.,-1.65));
#7167=CARTESIAN_POINT('',(40.,-4.,-1.53619142054814));
#7168=CARTESIAN_POINT('',(40.,-4.15,-1.5));
#7169=CARTESIAN_POINT('Origin',(40.,-4.15,-1.65));
#7170=CARTESIAN_POINT('',(40.,-4.85,-1.5));
#7171=CARTESIAN_POINT('',(40.,-2.075,-1.5));
#7172=CARTESIAN_POINT('',(40.,-5.,-1.65));
#7173=CARTESIAN_POINT('Origin',(40.,-4.85,-1.65));
#7174=CARTESIAN_POINT('',(40.,-5.,-4.95));
#7175=CARTESIAN_POINT('',(40.,-5.,-0.825000000000001));
#7176=CARTESIAN_POINT('',(40.,-4.95,-5.));
#7177=CARTESIAN_POINT('Origin',(40.,-4.95,-4.95));
#7178=CARTESIAN_POINT('',(40.,-1.65,-5.));
#7179=CARTESIAN_POINT('',(40.,-2.475,-5.));
#7180=CARTESIAN_POINT('',(40.,-1.5,-4.85));
#7181=CARTESIAN_POINT('Origin',(40.,-1.65,-4.85));
#7182=CARTESIAN_POINT('',(40.,-1.5,-4.15));
#7183=CARTESIAN_POINT('',(40.,-1.5,-2.425));
#7184=CARTESIAN_POINT('',(40.,-1.65,-4.));
#7185=CARTESIAN_POINT('Origin',(40.,-1.65,-4.15));
#7186=CARTESIAN_POINT('',(40.,-3.07238284109627,-4.));
#7187=CARTESIAN_POINT('',(40.,-0.824999999999999,-4.));
#7188=CARTESIAN_POINT('',(40.,-3.16608709822943,-3.73286967858355));
#7189=CARTESIAN_POINT('Origin',(40.,-3.07238284109627,-3.85));
#7190=CARTESIAN_POINT('',(40.,-1.,-2.));
#7191=CARTESIAN_POINT('',(40.,-1.29036062228544,-2.23228849782836));
#7192=CARTESIAN_POINT('',(40.,1.,-2.));
#7193=CARTESIAN_POINT('',(40.,-0.5,-2.));
#7194=CARTESIAN_POINT('',(40.,3.16608709822943,-3.73286967858355));
#7195=CARTESIAN_POINT('',(40.,0.207317073170732,-1.36585365853659));
#7196=CARTESIAN_POINT('',(40.,3.07238284109627,-4.));
#7197=CARTESIAN_POINT('Origin',(40.,3.07238284109627,-3.85));
#7198=CARTESIAN_POINT('',(40.,1.65,-4.));
#7199=CARTESIAN_POINT('',(40.,1.53619142054814,-4.));
#7200=CARTESIAN_POINT('',(40.,1.5,-4.15));
#7201=CARTESIAN_POINT('Origin',(40.,1.65,-4.15));
#7202=CARTESIAN_POINT('',(40.,1.5,-4.85));
#7203=CARTESIAN_POINT('',(40.,1.5,-2.075));
#7204=CARTESIAN_POINT('',(40.,1.65,-5.));
#7205=CARTESIAN_POINT('Origin',(40.,1.65,-4.85));
#7206=CARTESIAN_POINT('',(40.,4.95,-5.));
#7207=CARTESIAN_POINT('',(40.,0.825,-5.));
#7208=CARTESIAN_POINT('',(40.,5.,-4.95));
#7209=CARTESIAN_POINT('Origin',(40.,4.95,-4.95));
#7210=CARTESIAN_POINT('',(40.,5.,-1.65));
#7211=CARTESIAN_POINT('',(40.,5.,-2.475));
#7212=CARTESIAN_POINT('',(40.,4.85,-1.5));
#7213=CARTESIAN_POINT('Origin',(40.,4.85,-1.65));
#7214=CARTESIAN_POINT('',(40.,4.15,-1.5));
#7215=CARTESIAN_POINT('',(40.,2.425,-1.5));
#7216=CARTESIAN_POINT('',(40.,4.,-1.65));
#7217=CARTESIAN_POINT('Origin',(40.,4.15,-1.65));
#7218=CARTESIAN_POINT('',(40.,4.,-3.07238284109627));
#7219=CARTESIAN_POINT('',(40.,4.,-0.825000000000001));
#7220=CARTESIAN_POINT('',(40.,3.73286967858355,-3.16608709822943));
#7221=CARTESIAN_POINT('Origin',(40.,3.85,-3.07238284109627));
#7222=CARTESIAN_POINT('',(40.,2.,-1.));
#7223=CARTESIAN_POINT('',(40.,2.23228849782836,-1.29036062228544));
#7224=CARTESIAN_POINT('',(40.,2.,1.));
#7225=CARTESIAN_POINT('',(40.,2.,-0.499999999999999));
#7226=CARTESIAN_POINT('',(40.,3.73286967858355,3.16608709822943));
#7227=CARTESIAN_POINT('',(40.,1.36585365853659,0.207317073170732));
#7228=CARTESIAN_POINT('',(40.,4.,3.07238284109627));
#7229=CARTESIAN_POINT('Origin',(40.,3.85,3.07238284109627));
#7230=CARTESIAN_POINT('',(40.,4.,1.65));
#7231=CARTESIAN_POINT('',(40.,4.,1.53619142054814));
#7232=CARTESIAN_POINT('',(40.,4.15,1.5));
#7233=CARTESIAN_POINT('Origin',(40.,4.15,1.65));
#7234=CARTESIAN_POINT('',(40.,4.85,1.5));
#7235=CARTESIAN_POINT('',(40.,2.075,1.5));
#7236=CARTESIAN_POINT('',(40.,5.,1.65));
#7237=CARTESIAN_POINT('Origin',(40.,4.85,1.65));
#7238=CARTESIAN_POINT('',(40.,5.00000000000002,4.95000000000002));
#7239=CARTESIAN_POINT('',(40.,5.,0.824999999999987));
#7240=CARTESIAN_POINT('',(40.,4.95000000000002,5.00000000000002));
#7241=CARTESIAN_POINT('Origin',(40.,4.95000000000002,4.95000000000002));
#7242=CARTESIAN_POINT('',(40.,1.65,5.));
#7243=CARTESIAN_POINT('',(40.,2.47499999999999,5.));
#7244=CARTESIAN_POINT('',(40.,1.5,4.85));
#7245=CARTESIAN_POINT('Origin',(40.,1.65,4.85));
#7246=CARTESIAN_POINT('',(40.,1.5,4.15));
#7247=CARTESIAN_POINT('',(40.,1.5,2.425));
#7248=CARTESIAN_POINT('',(40.,1.65,4.));
#7249=CARTESIAN_POINT('Origin',(40.,1.65,4.15));
#7250=CARTESIAN_POINT('',(40.,3.07238284109627,4.));
#7251=CARTESIAN_POINT('',(40.,0.825000000000001,4.));
#7252=CARTESIAN_POINT('',(40.,3.16608709822943,3.73286967858355));
#7253=CARTESIAN_POINT('Origin',(40.,3.07238284109627,3.85));
#7254=CARTESIAN_POINT('',(40.,1.,2.));
#7255=CARTESIAN_POINT('',(40.,1.29036062228545,2.23228849782836));
#7256=CARTESIAN_POINT('',(40.,-1.,2.));
#7257=CARTESIAN_POINT('',(40.,0.500000000000001,2.));
#7258=CARTESIAN_POINT('',(40.,-3.16608709822943,3.73286967858354));
#7259=CARTESIAN_POINT('',(40.,-0.207317073170732,1.36585365853659));
#7260=CARTESIAN_POINT('Origin',(40.,-3.07238284109627,3.85));
#7261=CARTESIAN_POINT('Origin',(0.,1.65,-4.15));
#7262=CARTESIAN_POINT('',(0.,1.65,-4.));
#7263=CARTESIAN_POINT('',(0.,1.65,-4.));
#7264=CARTESIAN_POINT('',(0.,1.5,-4.15));
#7265=CARTESIAN_POINT('Origin',(0.,1.65,-4.15));
#7266=CARTESIAN_POINT('',(0.,1.5,-4.15));
#7267=CARTESIAN_POINT('Origin',(0.,3.07238284109627,-4.));
#7268=CARTESIAN_POINT('',(0.,3.07238284109627,-4.));
#7269=CARTESIAN_POINT('',(0.,3.07238284109627,-4.));
#7270=CARTESIAN_POINT('',(0.,1.65,-4.));
#7271=CARTESIAN_POINT('Origin',(0.,3.07238284109627,-3.85));
#7272=CARTESIAN_POINT('',(0.,3.16608709822943,-3.73286967858355));
#7273=CARTESIAN_POINT('',(0.,3.16608709822943,-3.73286967858355));
#7274=CARTESIAN_POINT('Origin',(0.,3.07238284109627,-3.85));
#7275=CARTESIAN_POINT('Origin',(0.,1.,-2.));
#7276=CARTESIAN_POINT('',(0.,1.,-2.));
#7277=CARTESIAN_POINT('',(0.,1.,-2.));
#7278=CARTESIAN_POINT('',(0.,1.,-2.));
#7279=CARTESIAN_POINT('Origin',(0.,-1.,-2.));
#7280=CARTESIAN_POINT('',(0.,-1.,-2.));
#7281=CARTESIAN_POINT('',(0.,-1.,-2.));
#7282=CARTESIAN_POINT('',(0.,-1.,-2.));
#7283=CARTESIAN_POINT('Origin',(0.,-3.16608709822943,-3.73286967858355));
#7284=CARTESIAN_POINT('',(0.,-3.16608709822943,-3.73286967858355));
#7285=CARTESIAN_POINT('',(0.,-3.16608709822943,-3.73286967858355));
#7286=CARTESIAN_POINT('',(0.,-1.,-2.));
#7287=CARTESIAN_POINT('Origin',(0.,-3.07238284109627,-3.85));
#7288=CARTESIAN_POINT('',(0.,-3.07238284109627,-4.));
#7289=CARTESIAN_POINT('',(0.,-3.07238284109627,-4.));
#7290=CARTESIAN_POINT('Origin',(0.,-3.07238284109627,-3.85));
#7291=CARTESIAN_POINT('Origin',(0.,-1.65,-4.));
#7292=CARTESIAN_POINT('',(0.,-1.65,-4.));
#7293=CARTESIAN_POINT('',(0.,-1.65,-4.));
#7294=CARTESIAN_POINT('',(0.,-3.07238284109627,-4.));
#7295=CARTESIAN_POINT('Origin',(0.,-1.65,-4.15));
#7296=CARTESIAN_POINT('',(0.,-1.5,-4.15));
#7297=CARTESIAN_POINT('',(0.,-1.5,-4.15));
#7298=CARTESIAN_POINT('Origin',(0.,-1.65,-4.15));
#7299=CARTESIAN_POINT('Origin',(0.,-1.5,-4.85));
#7300=CARTESIAN_POINT('',(0.,-1.5,-4.85));
#7301=CARTESIAN_POINT('',(0.,-1.5,-4.85));
#7302=CARTESIAN_POINT('',(0.,-1.5,-4.85));
#7303=CARTESIAN_POINT('Origin',(0.,-1.65,-4.85));
#7304=CARTESIAN_POINT('',(0.,-1.65,-5.));
#7305=CARTESIAN_POINT('',(0.,-1.65,-5.));
#7306=CARTESIAN_POINT('Origin',(0.,-1.65,-4.85));
#7307=CARTESIAN_POINT('Origin',(0.,-4.95,-5.));
#7308=CARTESIAN_POINT('',(0.,-4.95,-5.));
#7309=CARTESIAN_POINT('',(0.,-4.95,-5.));
#7310=CARTESIAN_POINT('',(0.,-4.95,-5.));
#7311=CARTESIAN_POINT('Origin',(0.,-4.95,-4.95));
#7312=CARTESIAN_POINT('',(0.,-5.,-4.95));
#7313=CARTESIAN_POINT('',(0.,-5.,-4.95));
#7314=CARTESIAN_POINT('Origin',(0.,-4.95,-4.95));
#7315=CARTESIAN_POINT('Origin',(0.,-5.,-1.65));
#7316=CARTESIAN_POINT('',(0.,-5.,-1.65));
#7317=CARTESIAN_POINT('',(0.,-5.,-1.65));
#7318=CARTESIAN_POINT('',(0.,-5.,-1.65));
#7319=CARTESIAN_POINT('Origin',(0.,-4.85,-1.65));
#7320=CARTESIAN_POINT('',(0.,-4.85,-1.5));
#7321=CARTESIAN_POINT('',(0.,-4.85,-1.5));
#7322=CARTESIAN_POINT('Origin',(0.,-4.85,-1.65));
#7323=CARTESIAN_POINT('Origin',(0.,-4.15,-1.5));
#7324=CARTESIAN_POINT('',(0.,-4.15,-1.5));
#7325=CARTESIAN_POINT('',(0.,-4.15,-1.5));
#7326=CARTESIAN_POINT('',(0.,-4.85,-1.5));
#7327=CARTESIAN_POINT('Origin',(0.,-4.15,-1.65));
#7328=CARTESIAN_POINT('',(0.,-4.,-1.65));
#7329=CARTESIAN_POINT('',(0.,-4.,-1.65));
#7330=CARTESIAN_POINT('Origin',(0.,-4.15,-1.65));
#7331=CARTESIAN_POINT('Origin',(0.,-4.,-3.07238284109627));
#7332=CARTESIAN_POINT('',(0.,-4.,-3.07238284109627));
#7333=CARTESIAN_POINT('',(0.,-4.,-3.07238284109627));
#7334=CARTESIAN_POINT('',(0.,-4.,-1.65));
#7335=CARTESIAN_POINT('Origin',(0.,-3.85,-3.07238284109627));
#7336=CARTESIAN_POINT('',(0.,-3.73286967858355,-3.16608709822943));
#7337=CARTESIAN_POINT('',(0.,-3.73286967858355,-3.16608709822943));
#7338=CARTESIAN_POINT('Origin',(0.,-3.85,-3.07238284109627));
#7339=CARTESIAN_POINT('Origin',(0.,-2.,-1.));
#7340=CARTESIAN_POINT('',(0.,-2.,-1.));
#7341=CARTESIAN_POINT('',(0.,-2.,-1.));
#7342=CARTESIAN_POINT('',(0.,-2.,-1.));
#7343=CARTESIAN_POINT('Origin',(0.,-2.,1.));
#7344=CARTESIAN_POINT('',(0.,-2.,1.));
#7345=CARTESIAN_POINT('',(0.,-2.,1.));
#7346=CARTESIAN_POINT('',(0.,-2.,1.));
#7347=CARTESIAN_POINT('Origin',(0.,-3.73286967858355,3.16608709822943));
#7348=CARTESIAN_POINT('',(0.,-3.73286967858355,3.16608709822943));
#7349=CARTESIAN_POINT('',(0.,-3.73286967858355,3.16608709822943));
#7350=CARTESIAN_POINT('',(0.,-2.,1.));
#7351=CARTESIAN_POINT('Origin',(0.,-3.85,3.07238284109627));
#7352=CARTESIAN_POINT('',(0.,-4.,3.07238284109627));
#7353=CARTESIAN_POINT('',(0.,-4.,3.07238284109627));
#7354=CARTESIAN_POINT('Origin',(0.,-3.85,3.07238284109627));
#7355=CARTESIAN_POINT('Origin',(0.,-4.,1.65));
#7356=CARTESIAN_POINT('',(0.,-4.,1.65));
#7357=CARTESIAN_POINT('',(0.,-4.,1.65));
#7358=CARTESIAN_POINT('',(0.,-4.,3.07238284109627));
#7359=CARTESIAN_POINT('Origin',(0.,-4.15,1.65));
#7360=CARTESIAN_POINT('',(0.,-4.15,1.5));
#7361=CARTESIAN_POINT('',(0.,-4.15,1.5));
#7362=CARTESIAN_POINT('Origin',(0.,-4.15,1.65));
#7363=CARTESIAN_POINT('Origin',(0.,-4.85,1.5));
#7364=CARTESIAN_POINT('',(0.,-4.85,1.5));
#7365=CARTESIAN_POINT('',(0.,-4.85,1.5));
#7366=CARTESIAN_POINT('',(0.,-4.85,1.5));
#7367=CARTESIAN_POINT('Origin',(0.,-4.85,1.65));
#7368=CARTESIAN_POINT('',(0.,-5.,1.65));
#7369=CARTESIAN_POINT('',(0.,-5.,1.65));
#7370=CARTESIAN_POINT('Origin',(0.,-4.85,1.65));
#7371=CARTESIAN_POINT('Origin',(0.,-5.,4.95));
#7372=CARTESIAN_POINT('',(0.,-5.,4.95));
#7373=CARTESIAN_POINT('',(0.,-5.,4.95));
#7374=CARTESIAN_POINT('',(0.,-5.,4.95));
#7375=CARTESIAN_POINT('Origin',(0.,-4.95,4.95));
#7376=CARTESIAN_POINT('',(0.,-4.95,5.));
#7377=CARTESIAN_POINT('',(0.,-4.95,5.));
#7378=CARTESIAN_POINT('Origin',(0.,-4.95,4.95));
#7379=CARTESIAN_POINT('Origin',(0.,-1.65,5.));
#7380=CARTESIAN_POINT('',(0.,-1.65,5.));
#7381=CARTESIAN_POINT('',(0.,-1.65,5.));
#7382=CARTESIAN_POINT('',(0.,-1.65,5.));
#7383=CARTESIAN_POINT('Origin',(0.,-1.65,4.85));
#7384=CARTESIAN_POINT('',(0.,-1.5,4.85));
#7385=CARTESIAN_POINT('',(0.,-1.5,4.85));
#7386=CARTESIAN_POINT('Origin',(0.,-1.65,4.85));
#7387=CARTESIAN_POINT('Origin',(0.,-1.5,4.15));
#7388=CARTESIAN_POINT('',(0.,-1.5,4.15));
#7389=CARTESIAN_POINT('',(0.,-1.5,4.15));
#7390=CARTESIAN_POINT('',(0.,-1.5,4.85));
#7391=CARTESIAN_POINT('Origin',(0.,1.5,-4.15));
#7392=CARTESIAN_POINT('',(0.,1.5,-4.85));
#7393=CARTESIAN_POINT('',(0.,1.5,-4.85));
#7394=CARTESIAN_POINT('',(0.,1.5,-4.85));
#7395=CARTESIAN_POINT('Origin',(0.,0.,0.));
#7396=CARTESIAN_POINT('',(0.443419673677833,-0.00070710813744036,1.26449980229262));
#7397=CARTESIAN_POINT('Ctrl Pts',(0.290033492080659,1.18511454072499,-0.440980470499768));
#7398=CARTESIAN_POINT('Ctrl Pts',(0.293147572850164,1.20240416704011,-0.394515402496808));
#7399=CARTESIAN_POINT('Ctrl Pts',(0.296261653619668,1.21694355338188,-0.347068402566192));
#7400=CARTESIAN_POINT('Ctrl Pts',(0.299375734389173,1.22864225200702,-0.298995763486894));
#7401=CARTESIAN_POINT('Ctrl Pts',(0.302495847828676,1.24036361362437,-0.250829996968403));
#7402=CARTESIAN_POINT('Ctrl Pts',(0.305615961268179,1.24923319684928,-0.202036711071794));
#7403=CARTESIAN_POINT('Ctrl Pts',(0.308736074707682,1.25521190375315,-0.152981458603311));
#7404=CARTESIAN_POINT('Ctrl Pts',(0.311020301352865,1.25958889897411,-0.117068240399121));
#7405=CARTESIAN_POINT('Ctrl Pts',(0.313304527998048,1.26241757205031,-0.0810147998509114));
#7406=CARTESIAN_POINT('Ctrl Pts',(0.315588754643232,1.2637003004504,-0.0449644375208312));
#7407=CARTESIAN_POINT('Ctrl Pts',(0.318709581150572,1.2654528291678,0.00428939926291501));
#7408=CARTESIAN_POINT('Ctrl Pts',(0.321830407657912,1.26432533909412,0.0537543673324211));
#7409=CARTESIAN_POINT('Ctrl Pts',(0.324951234165252,1.26029272887889,0.103065452674524));
#7410=CARTESIAN_POINT('Ctrl Pts',(0.328066335799368,1.25626751612141,0.152286081302199));
#7411=CARTESIAN_POINT('Ctrl Pts',(0.331181437433484,1.24934779704615,0.201352844962648));
#7412=CARTESIAN_POINT('Ctrl Pts',(0.334296539067599,1.23956046531384,0.249900185736113));
#7413=CARTESIAN_POINT('Ctrl Pts',(0.337408489213895,1.22978303523494,0.298398412107838));
#7414=CARTESIAN_POINT('Ctrl Pts',(0.340520439360191,1.21714384354638,0.346377720921137));
#7415=CARTESIAN_POINT('Ctrl Pts',(0.343632389506487,1.20172138481667,0.393479304759862));
#7416=CARTESIAN_POINT('Ctrl Pts',(0.346742517082432,1.18630795853115,0.44055330269708));
#7417=CARTESIAN_POINT('Ctrl Pts',(0.349852644658376,1.16811466477563,0.486750073881227));
#7418=CARTESIAN_POINT('Ctrl Pts',(0.35296277223432,1.14727007097255,0.531725149161327));
#7419=CARTESIAN_POINT('Ctrl Pts',(0.356072403175789,1.12642880569657,0.57669304268686));
#7420=CARTESIAN_POINT('Ctrl Pts',(0.359182034117257,1.10293731228539,0.620439130814958));
#7421=CARTESIAN_POINT('Ctrl Pts',(0.362291665058726,1.07697156455065,0.662640550486714));
#7422=CARTESIAN_POINT('Ctrl Pts',(0.365404350918036,1.05098030792835,0.704883429055782));
#7423=CARTESIAN_POINT('Ctrl Pts',(0.368517036777346,1.02251023274107,0.745578142074154));
#7424=CARTESIAN_POINT('Ctrl Pts',(0.371629722636656,0.991781464232622,0.784429587155275));
#7425=CARTESIAN_POINT('Ctrl Pts',(0.374744098805137,0.961036008810831,0.823302130078222));
#7426=CARTESIAN_POINT('Ctrl Pts',(0.377858474973617,0.928029782935742,0.860329002181392));
#7427=CARTESIAN_POINT('Ctrl Pts',(0.380972851142098,0.893021837819284,0.895249823891559));
#7428=CARTESIAN_POINT('Ctrl Pts',(0.384093044976922,0.857948497730274,0.930235877827429));
#7429=CARTESIAN_POINT('Ctrl Pts',(0.387213238811746,0.820866386145939,0.963107665726445));
#7430=CARTESIAN_POINT('Ctrl Pts',(0.39033343264657,0.782068626476014,0.993644259019253));
#7431=CARTESIAN_POINT('Ctrl Pts',(0.391884140235043,0.762786497377352,1.00882066454149));
#7432=CARTESIAN_POINT('Ctrl Pts',(0.393434847823517,0.743081068135071,1.02342094363623));
#7433=CARTESIAN_POINT('Ctrl Pts',(0.39498555541199,0.722990778949145,1.03742208553438));
#7434=CARTESIAN_POINT('Ctrl Pts',(0.398142281803426,0.68209361267731,1.06592376726256));
#7435=CARTESIAN_POINT('Ctrl Pts',(0.401299008194863,0.639420977494164,1.09206460770059));
#7436=CARTESIAN_POINT('Ctrl Pts',(0.404455734586299,0.59527216763177,1.11562148439467));
#7437=CARTESIAN_POINT('Ctrl Pts',(0.407702729505725,0.549860895463615,1.13985198443127));
#7438=CARTESIAN_POINT('Ctrl Pts',(0.410949724425151,0.502888121288744,1.16134804082998));
#7439=CARTESIAN_POINT('Ctrl Pts',(0.414196719344577,0.454713375115467,1.17991355466877));
#7440=CARTESIAN_POINT('Ctrl Pts',(0.417342896586523,0.408034432336685,1.19790261796394));
#7441=CARTESIAN_POINT('Ctrl Pts',(0.420489073828469,0.360227613561966,1.21314027696063));
#7442=CARTESIAN_POINT('Ctrl Pts',(0.423635251070415,0.311643944669739,1.22549512514358));
#7443=CARTESIAN_POINT('Ctrl Pts',(0.426932654828582,0.260725016691083,1.23844383073045));
#7444=CARTESIAN_POINT('Ctrl Pts',(0.430230058586748,0.208953209722127,1.2482252739306));
#7445=CARTESIAN_POINT('Ctrl Pts',(0.433527462344914,0.156751677600025,1.25474665234444));
#7446=CARTESIAN_POINT('Ctrl Pts',(0.436824866103081,0.104550145477923,1.26126803075827));
#7447=CARTESIAN_POINT('Ctrl Pts',(0.440122269861247,0.0519195546430444,
1.26452923107732));
#7448=CARTESIAN_POINT('Ctrl Pts',(0.443419673619413,-0.000707107205062008,
1.26449980229314));
#7449=CARTESIAN_POINT('Ctrl Pts',(0.443419673677833,-0.000707108137439582,
1.26449980229262));
#7450=CARTESIAN_POINT('Ctrl Pts',(0.446880659287536,-0.0559445411897823,
1.2644689135267));
#7451=CARTESIAN_POINT('Ctrl Pts',(0.45034164489724,-0.111051616767657,1.26081446720673));
#7452=CARTESIAN_POINT('Ctrl Pts',(0.453802630506944,-0.16558103528884,1.25361204954032));
#7453=CARTESIAN_POINT('Ctrl Pts',(0.45728879146753,-0.220507103030649,1.24635724119322));
#7454=CARTESIAN_POINT('Ctrl Pts',(0.460774952428117,-0.274846772810408,
1.23550279247467));
#7455=CARTESIAN_POINT('Ctrl Pts',(0.464261113388703,-0.328160846165856,
1.2211759533514));
#7456=CARTESIAN_POINT('Ctrl Pts',(0.467634860986052,-0.379755775063682,
1.20731109179848));
#7457=CARTESIAN_POINT('Ctrl Pts',(0.471008608583402,-0.430390058139652,
1.19019458204468));
#7458=CARTESIAN_POINT('Ctrl Pts',(0.474382356180751,-0.479685314256301,
1.16998386710537));
#7459=CARTESIAN_POINT('Ctrl Pts',(0.477502712111403,-0.525278157330123,
1.15129111597213));
#7460=CARTESIAN_POINT('Ctrl Pts',(0.480623068042055,-0.569877579964767,
1.12988797175973));
#7461=CARTESIAN_POINT('Ctrl Pts',(0.483743423972708,-0.613140696447164,
1.10590177518633));
#7462=CARTESIAN_POINT('Ctrl Pts',(0.486858033641084,-0.656324142142088,
1.08195975016887));
#7463=CARTESIAN_POINT('Ctrl Pts',(0.48997264330946,-0.698175686497114,1.05544437079426));
#7464=CARTESIAN_POINT('Ctrl Pts',(0.493087252977836,-0.738373350094928,
1.0265305869138));
#7465=CARTESIAN_POINT('Ctrl Pts',(0.496198698325641,-0.778530174452072,
0.997646178297297));
#7466=CARTESIAN_POINT('Ctrl Pts',(0.499310143673445,-0.817036001207733,
0.966368507658458));
#7467=CARTESIAN_POINT('Ctrl Pts',(0.50242158902125,-0.853596242862178,0.93291677237124));
#7468=CARTESIAN_POINT('Ctrl Pts',(0.505531199932709,-0.890134929442176,
0.89948475945488));
#7469=CARTESIAN_POINT('Ctrl Pts',(0.508640810844167,-0.924729899354599,
0.863881590709739));
#7470=CARTESIAN_POINT('Ctrl Pts',(0.511750421755626,-0.957120245312339,
0.826366193653424));
#7471=CARTESIAN_POINT('Ctrl Pts',(0.514859525115934,-0.989505304513046,
0.788856919865737));
#7472=CARTESIAN_POINT('Ctrl Pts',(0.517968628476242,-1.01968609661864,0.749436453020345));
#7473=CARTESIAN_POINT('Ctrl Pts',(0.52107773183655,-1.04744092214756,0.708398026966954));
#7474=CARTESIAN_POINT('Ctrl Pts',(0.524189877708107,-1.07522290803723,0.667319441466149));
#7475=CARTESIAN_POINT('Ctrl Pts',(0.527302023579664,-1.10057388046309,0.624620191410755));
#7476=CARTESIAN_POINT('Ctrl Pts',(0.530414169451221,-1.12331561844772,0.58062231385938));
#7477=CARTESIAN_POINT('Ctrl Pts',(0.53352799776917,-1.1460696507645,0.536600650767922));
#7478=CARTESIAN_POINT('Ctrl Pts',(0.53664182608712,-1.16621141683903,0.491279463984762));
#7479=CARTESIAN_POINT('Ctrl Pts',(0.53975565440507,-1.18361036752887,0.445001963903716));
#7480=CARTESIAN_POINT('Ctrl Pts',(0.542875294569723,-1.20104179272402,0.398638088560824));
#7481=CARTESIAN_POINT('Ctrl Pts',(0.545994934734377,-1.21572002265816,0.351314861702969));
#7482=CARTESIAN_POINT('Ctrl Pts',(0.54911457489903,-1.22756449079692,0.303390294726935));
#7483=CARTESIAN_POINT('Ctrl Pts',(0.550669435582522,-1.23346789530956,0.279504198564716));
#7484=CARTESIAN_POINT('Ctrl Pts',(0.552224296266015,-1.23866815870228,0.255468871656111));
#7485=CARTESIAN_POINT('Ctrl Pts',(0.553779156949507,-1.24316010840928,0.231329191542779));
#7486=CARTESIAN_POINT('Ctrl Pts',(0.556899403798552,-1.25217441565116,0.182886420039034));
#7487=CARTESIAN_POINT('Ctrl Pts',(0.560019650647597,-1.25837289335904,0.133808757858498));
#7488=CARTESIAN_POINT('Ctrl Pts',(0.563139897496642,-1.26167661638218,0.0844533343002186));
#7489=CARTESIAN_POINT('Ctrl Pts',(0.566254399144243,-1.2649742563756,0.0351887871579493));
#7490=CARTESIAN_POINT('Ctrl Pts',(0.569368900791844,-1.26538767636176,-0.0143519641369093));
#7491=CARTESIAN_POINT('Ctrl Pts',(0.572483402439444,-1.2628892897601,-0.0638035407264731));
#7492=CARTESIAN_POINT('Ctrl Pts',(0.575594740518913,-1.26039344090512,-0.113204886669374));
#7493=CARTESIAN_POINT('Ctrl Pts',(0.578706078598381,-1.25499166808593,-0.162516691974954));
#7494=CARTESIAN_POINT('Ctrl Pts',(0.58181741667785,-1.24670841557829,-0.211372601172125));
#7495=CARTESIAN_POINT('Ctrl Pts',(0.584926921280872,-1.23843004429795,-0.260199720132919));
#7496=CARTESIAN_POINT('Ctrl Pts',(0.588036425883895,-1.22727364866348,-0.308570935345804));
#7497=CARTESIAN_POINT('Ctrl Pts',(0.591145930486917,-1.21331531776052,-0.35612664838185));
#7498=CARTESIAN_POINT('Ctrl Pts',(0.594254928707068,-1.19935925997196,-0.403674616969305));
#7499=CARTESIAN_POINT('Ctrl Pts',(0.597363926927219,-1.18260232816283,-0.450406821231581));
#7500=CARTESIAN_POINT('Ctrl Pts',(0.600472925147369,-1.16317069591503,-0.495978005726601));
#7501=CARTESIAN_POINT('Ctrl Pts',(0.603584968500238,-1.14372003120246,-0.541593825276087));
#7502=CARTESIAN_POINT('Ctrl Pts',(0.606697011853106,-1.12158965208472,-0.586045849452001));
#7503=CARTESIAN_POINT('Ctrl Pts',(0.609809055205974,-1.09695350822539,-0.629009738233056));
#7504=CARTESIAN_POINT('Ctrl Pts',(0.612922782350088,-1.07230403482059,-0.671996872904866));
#7505=CARTESIAN_POINT('Ctrl Pts',(0.616036509494202,-1.04514639773133,-0.713493809432452));
#7506=CARTESIAN_POINT('Ctrl Pts',(0.619150236638316,-1.01569818477872,-0.753204784528897));
#7507=CARTESIAN_POINT('Ctrl Pts',(0.622269778919215,-0.986194974911319,
-0.792989923076846));
#7508=CARTESIAN_POINT('Ctrl Pts',(0.625389321200114,-0.954393003718949,
-0.830982022464623));
#7509=CARTESIAN_POINT('Ctrl Pts',(0.628508863481013,-0.92054939562711,-0.866919292789451));
#7510=CARTESIAN_POINT('Ctrl Pts',(0.630064561560097,-0.903671779824255,
-0.88484100609791));
#7511=CARTESIAN_POINT('Ctrl Pts',(0.631620259639182,-0.886286977942713,
-0.902252284270758));
#7512=CARTESIAN_POINT('Ctrl Pts',(0.633175957718267,-0.868429952420554,
-0.91912440275451));
#7513=CARTESIAN_POINT('Ctrl Pts',(0.636296041470012,-0.832616181139841,
-0.952962859873157));
#7514=CARTESIAN_POINT('Ctrl Pts',(0.639416125221757,-0.794742318302927,
-0.984779923919423));
#7515=CARTESIAN_POINT('Ctrl Pts',(0.642536208973502,-0.755065588910833,
-1.01431563452544));
#7516=CARTESIAN_POINT('Ctrl Pts',(0.645650542360051,-0.715461984377546,
-1.04379691033551));
#7517=CARTESIAN_POINT('Ctrl Pts',(0.6487648757466,-0.674062539715058,-1.07100484667016));
#7518=CARTESIAN_POINT('Ctrl Pts',(0.651879209133149,-0.631159252592784,
-1.09571814252869));
#7519=CARTESIAN_POINT('Ctrl Pts',(0.654990375895866,-0.58829958911467,-1.12040631014887));
#7520=CARTESIAN_POINT('Ctrl Pts',(0.658101542658583,-0.543939583302285,
-1.1426045860895));
#7521=CARTESIAN_POINT('Ctrl Pts',(0.6612127094213,-0.498400270168686,-1.16213485478054));
#7522=CARTESIAN_POINT('Ctrl Pts',(0.664322039979442,-0.452887834249164,
-1.18165359674496));
#7523=CARTESIAN_POINT('Ctrl Pts',(0.667431370537584,-0.406197973119222,
-1.19850723500732));
#7524=CARTESIAN_POINT('Ctrl Pts',(0.670540701095726,-0.358674051352596,
-1.21256470956659));
#7525=CARTESIAN_POINT('Ctrl Pts',(0.673649522866223,-0.311157906045825,
-1.22661988386565));
#7526=CARTESIAN_POINT('Ctrl Pts',(0.67675834463672,-0.26280849715491,-1.23787964822265));
#7527=CARTESIAN_POINT('Ctrl Pts',(0.679867166407217,-0.213984298199375,
-1.24626280138826));
#7528=CARTESIAN_POINT('Ctrl Pts',(0.682979031056813,-0.16511231067777,-1.25465415988807));
#7529=CARTESIAN_POINT('Ctrl Pts',(0.68609089570641,-0.115765147192141,-1.26016319367606));
#7530=CARTESIAN_POINT('Ctrl Pts',(0.689202760356007,-0.066309615286081,
-1.26276018503935));
#7531=CARTESIAN_POINT('Ctrl Pts',(0.692316307249905,-0.0168273481919327,
-1.26535858031137));
#7532=CARTESIAN_POINT('Ctrl Pts',(0.695429854143803,0.0327628547959156,
-1.26504180201359));
#7533=CARTESIAN_POINT('Ctrl Pts',(0.698543401037701,0.0820945337943045,
-1.26183229373839));
#7534=CARTESIAN_POINT('Ctrl Pts',(0.701662762775257,0.131518344374619,-1.25861679140257));
#7535=CARTESIAN_POINT('Ctrl Pts',(0.704782124512812,0.180682122653269,-1.25249784463221));
#7536=CARTESIAN_POINT('Ctrl Pts',(0.707901486250367,0.229226515445336,-1.24354953846511));
#7537=CARTESIAN_POINT('Ctrl Pts',(0.70945857699592,0.25345840360854,-1.2390828154963));
#7538=CARTESIAN_POINT('Ctrl Pts',(0.711015667741474,0.277536153307696,-1.23391189380712));
#7539=CARTESIAN_POINT('Ctrl Pts',(0.712572758487027,0.301416552723171,-1.22805061448805));
#7540=CARTESIAN_POINT('Ctrl Pts',(0.715801442577821,0.35093342635096,-1.21589703940374));
#7541=CARTESIAN_POINT('Ctrl Pts',(0.719030126668615,0.399827508075068,-1.20071591605164));
#7542=CARTESIAN_POINT('Ctrl Pts',(0.72225881075941,0.447702399243738,-1.18259156588883));
#7543=CARTESIAN_POINT('Ctrl Pts',(0.72537313508118,0.493881565051205,-1.16510917896555));
#7544=CARTESIAN_POINT('Ctrl Pts',(0.728487459402951,0.539111967631444,-1.14488879248947));
#7545=CARTESIAN_POINT('Ctrl Pts',(0.731601783724722,0.583049914521722,-1.12205750618059));
#7546=CARTESIAN_POINT('Ctrl Pts',(0.734712965872282,0.6269435305494,-1.09924925532712));
#7547=CARTESIAN_POINT('Ctrl Pts',(0.737824148019842,0.669546788079448,-1.07383557171362));
#7548=CARTESIAN_POINT('Ctrl Pts',(0.740935330167402,0.710536795515797,-1.04599125819394));
#7549=CARTESIAN_POINT('Ctrl Pts',(0.744044700226775,0.751502928583905,-1.01816316241698));
#7550=CARTESIAN_POINT('Ctrl Pts',(0.747154070286148,0.79085722034,-0.987907549430392));
#7551=CARTESIAN_POINT('Ctrl Pts',(0.750263440345521,0.828304447678769,-0.955443348375805));
#7552=CARTESIAN_POINT('Ctrl Pts',(0.753372325421258,0.865745834190577,-0.922984210921228));
#7553=CARTESIAN_POINT('Ctrl Pts',(0.756481210496995,0.901280333643956,-0.888317529667387));
#7554=CARTESIAN_POINT('Ctrl Pts',(0.759590095572732,0.934646634659303,-0.851701777807255));
#7555=CARTESIAN_POINT('Ctrl Pts',(0.762701811088047,0.968043313542168,-0.815052689663951));
#7556=CARTESIAN_POINT('Ctrl Pts',(0.765813526603362,0.999267485476357,-0.776451396567959));
#7557=CARTESIAN_POINT('Ctrl Pts',(0.768925242118677,1.02809680922507,-0.736191008408306));
#7558=CARTESIAN_POINT('Ctrl Pts',(0.772038672262756,1.05694201861226,-0.695908435823622));
#7559=CARTESIAN_POINT('Ctrl Pts',(0.775152102406834,1.08338945995622,-0.653965412338473));
#7560=CARTESIAN_POINT('Ctrl Pts',(0.778265532550912,1.1072609344677,-0.610682792455883));
#7561=CARTESIAN_POINT('Ctrl Pts',(0.78138419361951,1.13117251583097,-0.567327452741111));
#7562=CARTESIAN_POINT('Ctrl Pts',(0.784502854688107,1.15249926275769,-0.522628522370134));
#7563=CARTESIAN_POINT('Ctrl Pts',(0.787621515756704,1.1711103837202,-0.4769284214038));
#7564=CARTESIAN_POINT('Ctrl Pts',(0.788434736059833,1.17596340913649,-0.465011688824214));
#7565=CARTESIAN_POINT('Ctrl Pts',(0.789247956362961,1.1806320473709,-0.453026963276669));
#7566=CARTESIAN_POINT('Ctrl Pts',(0.790061176666089,1.18511454072499,-0.440980470499768));
#7567=CARTESIAN_POINT('',(0.306580326342054,-0.000883116206399498,1.26449969161948));
#7568=CARTESIAN_POINT('Ctrl Pts',(0.653341857914717,1.18511454756232,-0.440980452124758));
#7569=CARTESIAN_POINT('Ctrl Pts',(0.652480880799946,1.17985768815568,-0.455108018386));
#7570=CARTESIAN_POINT('Ctrl Pts',(0.651619778018778,1.17434752468106,-0.46914342638676));
#7571=CARTESIAN_POINT('Ctrl Pts',(0.647480835774927,1.14673200094569,-0.535946312858404));
#7572=CARTESIAN_POINT('Ctrl Pts',(0.64418102761714,1.12131743904855,-0.587263643890095));
#7573=CARTESIAN_POINT('Ctrl Pts',(0.63987520234858,1.08553036053562,-0.648673113575186));
#7574=CARTESIAN_POINT('Ctrl Pts',(0.639024680673818,1.07834380028101,-0.660550970211424));
#7575=CARTESIAN_POINT('Ctrl Pts',(0.637708184347229,1.06707461506462,-0.678502406507435));
#7576=CARTESIAN_POINT('Ctrl Pts',(0.637250661866942,1.06313216572617,-0.684663232387036));
#7577=CARTESIAN_POINT('Ctrl Pts',(0.636406001507399,1.05581214389792,-0.6958864848676));
#7578=CARTESIAN_POINT('Ctrl Pts',(0.636019921248788,1.05245114843528,-0.7009592411011));
#7579=CARTESIAN_POINT('Ctrl Pts',(0.635100615937104,1.04441160393729,-0.712905167959356));
#7580=CARTESIAN_POINT('Ctrl Pts',(0.634565391795855,1.03970173893685,-0.719756668656069));
#7581=CARTESIAN_POINT('Ctrl Pts',(0.632725435001761,1.02339963941757,-0.742977633125021));
#7582=CARTESIAN_POINT('Ctrl Pts',(0.631402022707916,1.01148619131389,-0.759116702771408));
#7583=CARTESIAN_POINT('Ctrl Pts',(0.627980187552055,0.98008742327709,-0.799600469887591));
#7584=CARTESIAN_POINT('Ctrl Pts',(0.625860208505845,0.960076509214107,-0.82351997417897));
#7585=CARTESIAN_POINT('Ctrl Pts',(0.616948048265575,0.872967620397651,-0.920148608588077));
#7586=CARTESIAN_POINT('Ctrl Pts',(0.610078652315439,0.798326757240049,-0.985609208420327));
#7587=CARTESIAN_POINT('Ctrl Pts',(0.601691647453598,0.693701539114384,-1.05760362702762));
#7588=CARTESIAN_POINT('Ctrl Pts',(0.599865295636003,0.670066658905485,-1.07273395175229));
#7589=CARTESIAN_POINT('Ctrl Pts',(0.597203746012228,0.634356432736809,-1.093953345591));
#7590=CARTESIAN_POINT('Ctrl Pts',(0.596346658300434,0.622656731199398,-1.10065463440399));
#7591=CARTESIAN_POINT('Ctrl Pts',(0.59481472353599,0.601390086974679,-1.11238796572828));
#7592=CARTESIAN_POINT('Ctrl Pts',(0.594137535471681,0.591861704321036,-1.11748680426001));
#7593=CARTESIAN_POINT('Ctrl Pts',(0.592686632378796,0.571177799579311,-1.12821641772482));
#7594=CARTESIAN_POINT('Ctrl Pts',(0.591914445552532,0.560001751825932,-1.13380528286146));
#7595=CARTESIAN_POINT('Ctrl Pts',(0.589753617106382,0.528271898671083,-1.14908895086057));
#7596=CARTESIAN_POINT('Ctrl Pts',(0.588378269037098,0.507536456430413,-1.15839693418285));
#7597=CARTESIAN_POINT('Ctrl Pts',(0.581929970543477,0.408020387046173,-1.19988340352281));
#7598=CARTESIAN_POINT('Ctrl Pts',(0.577102926569187,0.326375503174219,-1.22461474446777));
#7599=CARTESIAN_POINT('Ctrl Pts',(0.568661081929998,0.181465631929467,-1.25297409893869));
#7600=CARTESIAN_POINT('Ctrl Pts',(0.565069284717082,0.119270727105837,-1.260415279452));
#7601=CARTESIAN_POINT('Ctrl Pts',(0.560442974724815,0.042994296195623,-1.26384429496715));
#7602=CARTESIAN_POINT('Ctrl Pts',(0.559596889677163,0.029191615381881,-1.26423839738854));
#7603=CARTESIAN_POINT('Ctrl Pts',(0.558286143414931,0.0080922663226345,
-1.26449514442689));
#7604=CARTESIAN_POINT('Ctrl Pts',(0.557829842642004,0.000798205422699995,
-1.26452078345665));
#7605=CARTESIAN_POINT('Ctrl Pts',(0.556986199671917,-0.0125838374211587,
-1.26445204194597));
#7606=CARTESIAN_POINT('Ctrl Pts',(0.556599894304023,-0.0186715189927929,
-1.26437679828579));
#7607=CARTESIAN_POINT('Ctrl Pts',(0.555678710931109,-0.0330962711365669,
-1.26409431392734));
#7608=CARTESIAN_POINT('Ctrl Pts',(0.555141808118255,-0.0414321107909066,
-1.26384855456332));
#7609=CARTESIAN_POINT('Ctrl Pts',(0.55329128536536,-0.0699418465195598,
-1.26272567863191));
#7610=CARTESIAN_POINT('Ctrl Pts',(0.551958733939704,-0.0900958839349959,
-1.26144783072003));
#7611=CARTESIAN_POINT('Ctrl Pts',(0.548507093022122,-0.141566864561662,
-1.25694466599786));
#7612=CARTESIAN_POINT('Ctrl Pts',(0.546366045431583,-0.172809332660203,
-1.25303143762153));
#7613=CARTESIAN_POINT('Ctrl Pts',(0.537284005102461,-0.303621542990194,
-1.23166142045398));
#7614=CARTESIAN_POINT('Ctrl Pts',(0.530267448225081,-0.401076465376097,
-1.20346139468015));
#7615=CARTESIAN_POINT('Ctrl Pts',(0.52186639180505,-0.51846709079429,-1.15362501936118));
#7616=CARTESIAN_POINT('Ctrl Pts',(0.520148934150125,-0.542467308515201,
-1.14253586279764));
#7617=CARTESIAN_POINT('Ctrl Pts',(0.517611531963712,-0.577912919015804,
-1.12478945551448));
#7618=CARTESIAN_POINT('Ctrl Pts',(0.516772631774319,-0.589629010016324,
-1.1186922335454));
#7619=CARTESIAN_POINT('Ctrl Pts',(0.51525894133966,-0.61075580746327,-1.1072734101664));
#7620=CARTESIAN_POINT('Ctrl Pts',(0.51458208535289,-0.620197761286466,-1.10201261780939));
#7621=CARTESIAN_POINT('Ctrl Pts',(0.513116047865951,-0.640629591214878,
-1.09028279126212));
#7622=CARTESIAN_POINT('Ctrl Pts',(0.512328631508471,-0.651591476453366,
-1.08376722797575));
#7623=CARTESIAN_POINT('Ctrl Pts',(0.510076618905021,-0.682884841562263,
-1.06452050434596));
#7624=CARTESIAN_POINT('Ctrl Pts',(0.508627200559485,-0.702955627168806,
-1.05137486582182));
#7625=CARTESIAN_POINT('Ctrl Pts',(0.504212140718628,-0.763660490359517,
-1.00909935316271));
#7626=CARTESIAN_POINT('Ctrl Pts',(0.501311459948303,-0.802952032650591,
-0.978124476602539));
#7627=CARTESIAN_POINT('Ctrl Pts',(0.493616396791771,-0.903102279440427,
-0.88906014690767));
#7628=CARTESIAN_POINT('Ctrl Pts',(0.488904604847924,-0.960166967462099,
-0.827102543226405));
#7629=CARTESIAN_POINT('Ctrl Pts',(0.482629261923822,-1.02349102751142,-0.742887699203748));
#7630=CARTESIAN_POINT('Ctrl Pts',(0.481339235565229,-1.03588638438656,-0.725503480040155));
#7631=CARTESIAN_POINT('Ctrl Pts',(0.47948444122851,-1.05272276952441,-0.700579237075917));
#7632=CARTESIAN_POINT('Ctrl Pts',(0.478941623988265,-1.05753531262393,-0.693293263650179));
#7633=CARTESIAN_POINT('Ctrl Pts',(0.478004617810167,-1.06563856907484,-0.680744597709701));
#7634=CARTESIAN_POINT('Ctrl Pts',(0.477612849656776,-1.06896664711511,-0.675506530668308));
#7635=CARTESIAN_POINT('Ctrl Pts',(0.476764373167519,-1.07604373839026,-0.664184601269151));
#7636=CARTESIAN_POINT('Ctrl Pts',(0.476306939616997,-1.07977977209349,-0.658093419996661));
#7637=CARTESIAN_POINT('Ctrl Pts',(0.474984714218175,-1.09035861277391,-0.640513205054864));
#7638=CARTESIAN_POINT('Ctrl Pts',(0.474112410972868,-1.09707084984499,-0.628947205611643));
#7639=CARTESIAN_POINT('Ctrl Pts',(0.469993954890186,-1.12758789569536,-0.574387378266054));
#7640=CARTESIAN_POINT('Ctrl Pts',(0.466645165752454,-1.1490550042826,-0.530138745960431));
#7641=CARTESIAN_POINT('Ctrl Pts',(0.456885357872926,-1.20355019632888,-0.398847469890004));
#7642=CARTESIAN_POINT('Ctrl Pts',(0.450462349712577,-1.22962628405698,-0.309251062422235));
#7643=CARTESIAN_POINT('Ctrl Pts',(0.442608810242822,-1.25015237100857,-0.191749321285234));
#7644=CARTESIAN_POINT('Ctrl Pts',(0.440904390546087,-1.25386229189461,-0.165765710273234));
#7645=CARTESIAN_POINT('Ctrl Pts',(0.43838094496883,-1.25821801562391,-0.126576462144243));
#7646=CARTESIAN_POINT('Ctrl Pts',(0.437543369549393,-1.25946974566013,-0.113446713784311));
#7647=CARTESIAN_POINT('Ctrl Pts',(0.436029600558895,-1.2613750185501,-0.0895021288427155));
#7648=CARTESIAN_POINT('Ctrl Pts',(0.435351383293361,-1.26209541190805,-0.0786940371524059));
#7649=CARTESIAN_POINT('Ctrl Pts',(0.433879489809271,-1.26336532711967,-0.0550707931073417));
#7650=CARTESIAN_POINT('Ctrl Pts',(0.43308762794761,-1.2638589244045,-0.0422537580883618));
#7651=CARTESIAN_POINT('Ctrl Pts',(0.430813406671781,-1.26472263097061,-0.00515481126691671));
#7652=CARTESIAN_POINT('Ctrl Pts',(0.429346659807119,-1.26458843907656,0.0191337452472353));
#7653=CARTESIAN_POINT('Ctrl Pts',(0.424588444348525,-1.26185047996304,0.0988512671490771));
#7654=CARTESIAN_POINT('Ctrl Pts',(0.421381430649099,-1.25629905981323,0.154115676287753));
#7655=CARTESIAN_POINT('Ctrl Pts',(0.414211660102766,-1.23562597515635,0.277569713980071));
#7656=CARTESIAN_POINT('Ctrl Pts',(0.410279328290265,-1.21845571475476,0.345225991225555));
#7657=CARTESIAN_POINT('Ctrl Pts',(0.404526033568546,-1.18669164603222,0.43761663193054));
#7658=CARTESIAN_POINT('Ctrl Pts',(0.40284912790132,-1.17670407529459,0.463802391381977));
#7659=CARTESIAN_POINT('Ctrl Pts',(0.400536007100683,-1.16212483917227,0.498516754957736));
#7660=CARTESIAN_POINT('Ctrl Pts',(0.399938878376578,-1.15829246226721,0.507357522328772));
#7661=CARTESIAN_POINT('Ctrl Pts',(0.398978121400602,-1.1520262716893,0.521371647303238));
#7662=CARTESIAN_POINT('Ctrl Pts',(0.398618314319274,-1.14965767453572,0.52657397731616));
#7663=CARTESIAN_POINT('Ctrl Pts',(0.397845908775244,-1.14452898957673,0.537638940136917));
#7664=CARTESIAN_POINT('Ctrl Pts',(0.397432677425691,-1.14175898263032,0.543496695227351));
#7665=CARTESIAN_POINT('Ctrl Pts',(0.396345563613889,-1.13440041450215,0.558753384380027));
#7666=CARTESIAN_POINT('Ctrl Pts',(0.395667520172033,-1.12974012109173,0.56811696570667));
#7667=CARTESIAN_POINT('Ctrl Pts',(0.392274107338353,-1.10604246636893,0.614286060046648));
#7668=CARTESIAN_POINT('Ctrl Pts',(0.389475767567228,-1.08532159979989,0.650195102339305));
#7669=CARTESIAN_POINT('Ctrl Pts',(0.383032231174789,-1.03426817664506,0.729409819546767));
#7670=CARTESIAN_POINT('Ctrl Pts',(0.37937302826446,-1.00290560999155,0.7719648366612));
#7671=CARTESIAN_POINT('Ctrl Pts',(0.370978391331916,-0.924258008423554,
0.865766258758526));
#7672=CARTESIAN_POINT('Ctrl Pts',(0.366289318087504,-0.875209741343025,
0.915322147052543));
#7673=CARTESIAN_POINT('Ctrl Pts',(0.360629576367302,-0.808882520437726,
0.972102061966092));
#7674=CARTESIAN_POINT('Ctrl Pts',(0.359493958278675,-0.795199952702412,
0.983326211504673));
#7675=CARTESIAN_POINT('Ctrl Pts',(0.357643719226039,-0.772295828399111,
1.00132418561098));
#7676=CARTESIAN_POINT('Ctrl Pts',(0.356922417491818,-0.763210313429097,
1.00826633526283));
#7677=CARTESIAN_POINT('Ctrl Pts',(0.355515350140074,-0.745183842080293,
1.02165687547969));
#7678=CARTESIAN_POINT('Ctrl Pts',(0.354829302298495,-0.736250275521132,
1.0281134537878));
#7679=CARTESIAN_POINT('Ctrl Pts',(0.353187151753429,-0.714526252155017,
1.04338571610756));
#7680=CARTESIAN_POINT('Ctrl Pts',(0.352235577200737,-0.701655378413206,
1.0520842553473));
#7681=CARTESIAN_POINT('Ctrl Pts',(0.348686050678589,-0.652629574306458,
1.08391744924243));
#7682=CARTESIAN_POINT('Ctrl Pts',(0.346146829207501,-0.615463313099959,
1.10544463504429));
#7683=CARTESIAN_POINT('Ctrl Pts',(0.341325424162547,-0.541746184165476,
1.1432697014081));
#7684=CARTESIAN_POINT('Ctrl Pts',(0.339040232905596,-0.505376842114889,
1.15980557252785));
#7685=CARTESIAN_POINT('Ctrl Pts',(0.332603973582648,-0.400672840173913,
1.20154881414967));
#7686=CARTESIAN_POINT('Ctrl Pts',(0.328481435249329,-0.33086604606134,1.22261352721089));
#7687=CARTESIAN_POINT('Ctrl Pts',(0.323145136920739,-0.24383423917276,1.24087309985907));
#7688=CARTESIAN_POINT('Ctrl Pts',(0.322163982500925,-0.227963608215212,
1.24388654078843));
#7689=CARTESIAN_POINT('Ctrl Pts',(0.320688330072325,-0.204380797087402,
1.2478978753895));
#7690=CARTESIAN_POINT('Ctrl Pts',(0.320205554659699,-0.196709532753944,
1.24913008539643));
#7691=CARTESIAN_POINT('Ctrl Pts',(0.319330707108318,-0.182899590314882,
1.25121796705061));
#7692=CARTESIAN_POINT('Ctrl Pts',(0.318940038751487,-0.176764941633042,
1.25209936320854));
#7693=CARTESIAN_POINT('Ctrl Pts',(0.318184574476932,-0.164969057959894,
1.25370571979517));
#7694=CARTESIAN_POINT('Ctrl Pts',(0.317820237710697,-0.159309052404711,
1.25443750131814));
#7695=CARTESIAN_POINT('Ctrl Pts',(0.317014203593745,-0.146845732301485,
1.25596317450194));
#7696=CARTESIAN_POINT('Ctrl Pts',(0.316571633602853,-0.140040568768633,
1.2567401477775));
#7697=CARTESIAN_POINT('Ctrl Pts',(0.315098185418865,-0.117498097234755,
1.25912855011165));
#7698=CARTESIAN_POINT('Ctrl Pts',(0.314056095459271,-0.101737472782338,
1.2604998787897));
#7699=CARTESIAN_POINT('Ctrl Pts',(0.311113266641335,-0.0576221309245626,
1.26350563150231));
#7700=CARTESIAN_POINT('Ctrl Pts',(0.309189775347006,-0.0292330752502554,
1.26448091856214));
#7701=CARTESIAN_POINT('Ctrl Pts',(0.307249852545956,-0.000837375879780612,
1.26449972273688));
#7702=CARTESIAN_POINT('Ctrl Pts',(0.306580326342054,-0.00088311620639947,
1.26449969161948));
#7703=CARTESIAN_POINT('Ctrl Pts',(0.303504429348779,0.0478044649266533,
1.26453369462655));
#7704=CARTESIAN_POINT('Ctrl Pts',(0.300428532355504,0.0965990157616921,
1.26175149499207));
#7705=CARTESIAN_POINT('Ctrl Pts',(0.297352635362229,0.145142743297062,1.25614244179082));
#7706=CARTESIAN_POINT('Ctrl Pts',(0.294280423185282,0.193628317155568,1.25054010803787));
#7707=CARTESIAN_POINT('Ctrl Pts',(0.291208211008334,0.241863105070737,1.24211768051262));
#7708=CARTESIAN_POINT('Ctrl Pts',(0.288135998831387,0.289490592364944,1.23091650688915));
#7709=CARTESIAN_POINT('Ctrl Pts',(0.28506607456895,0.337082610878672,1.21972367491861));
#7710=CARTESIAN_POINT('Ctrl Pts',(0.281996150306513,0.384067675781152,1.20575632004922));
#7711=CARTESIAN_POINT('Ctrl Pts',(0.278926226044076,0.430098474085944,1.18910704000479));
#7712=CARTESIAN_POINT('Ctrl Pts',(0.275857196960339,0.476115849978118,1.17246261482959));
#7713=CARTESIAN_POINT('Ctrl Pts',(0.272788167876601,0.521178980739268,1.15313800705832));
#7714=CARTESIAN_POINT('Ctrl Pts',(0.269719138792864,0.564957466291283,1.13127508205641));
#7715=CARTESIAN_POINT('Ctrl Pts',(0.266647551830641,0.608772438967806,1.10939393542675));
#7716=CARTESIAN_POINT('Ctrl Pts',(0.263575964868419,0.65130012301099,1.08497050049168));
#7717=CARTESIAN_POINT('Ctrl Pts',(0.260504377906196,0.692233727778975,1.05819313744005));
#7718=CARTESIAN_POINT('Ctrl Pts',(0.257431330188615,0.733186799351333,1.03140303987137));
#7719=CARTESIAN_POINT('Ctrl Pts',(0.254358282471034,0.772543829407882,1.00225712292974));
#7720=CARTESIAN_POINT('Ctrl Pts',(0.251285234753453,0.810029158771123,0.970985587915982));
#7721=CARTESIAN_POINT('Ctrl Pts',(0.248206773188792,0.847580526757777,0.939658961239454));
#7722=CARTESIAN_POINT('Ctrl Pts',(0.24512831162413,0.883253206956463,0.90619963443219));
#7723=CARTESIAN_POINT('Ctrl Pts',(0.242049850059468,0.916808029493159,0.870875012304791));
#7724=CARTESIAN_POINT('Ctrl Pts',(0.24076336747507,0.930830518944234,0.856112927343593));
#7725=CARTESIAN_POINT('Ctrl Pts',(0.239476884890673,0.944483636957213,0.841025485162562));
#7726=CARTESIAN_POINT('Ctrl Pts',(0.238190402306275,0.957752115474399,0.825633777957463));
#7727=CARTESIAN_POINT('Ctrl Pts',(0.235065674345993,0.989979824046508,0.788248975051035));
#7728=CARTESIAN_POINT('Ctrl Pts',(0.23194094638571,1.02008450774771,0.74889417042398));
#7729=CARTESIAN_POINT('Ctrl Pts',(0.228816218425428,1.04781829879211,0.707839715413318));
#7730=CARTESIAN_POINT('Ctrl Pts',(0.225697120776691,1.07550211752343,0.66685923464137));
#7731=CARTESIAN_POINT('Ctrl Pts',(0.222578023127954,1.10082321354474,0.624185627466357));
#7732=CARTESIAN_POINT('Ctrl Pts',(0.219458925479217,1.12357403358839,0.580122091499634));
#7733=CARTESIAN_POINT('Ctrl Pts',(0.216342924681856,1.14630226507719,0.536102304795459));
#7734=CARTESIAN_POINT('Ctrl Pts',(0.213226923884494,1.16646502360867,0.490695805105902));
#7735=CARTESIAN_POINT('Ctrl Pts',(0.210110923087133,1.18389930325204,0.444232697760236));
#7736=CARTESIAN_POINT('Ctrl Pts',(0.20699669888095,1.20132364272227,0.397796081404791));
#7737=CARTESIAN_POINT('Ctrl Pts',(0.203882474674767,1.21602239385263,0.350304561870916));
#7738=CARTESIAN_POINT('Ctrl Pts',(0.200768250468584,1.22788062607741,0.302108288704131));
#7739=CARTESIAN_POINT('Ctrl Pts',(0.197654485502424,1.23973710962436,0.253919122815472));
#7740=CARTESIAN_POINT('Ctrl Pts',(0.194540720536264,1.24875377658255,0.205025940436848));
#7741=CARTESIAN_POINT('Ctrl Pts',(0.191426955570104,1.25486621711488,0.155791614484863));
#7742=CARTESIAN_POINT('Ctrl Pts',(0.188310113994585,1.26098469714984,0.106508641705128));
#7743=CARTESIAN_POINT('Ctrl Pts',(0.185193272419067,1.26419315530094,0.0568843960080206));
#7744=CARTESIAN_POINT('Ctrl Pts',(0.182076430843549,1.26447899946327,0.00728765506607859));
#7745=CARTESIAN_POINT('Ctrl Pts',(0.178957880793752,1.26476500030902,-0.0423362719724776));
#7746=CARTESIAN_POINT('Ctrl Pts',(0.175839330743955,1.26212522598567,-0.0919321178470872));
#7747=CARTESIAN_POINT('Ctrl Pts',(0.172720780694158,1.25659917189602,-0.14113387683411));
#7748=CARTESIAN_POINT('Ctrl Pts',(0.169596435364619,1.25106284860152,-0.190427068683399));
#7749=CARTESIAN_POINT('Ctrl Pts',(0.166472090035079,1.24262963335742,-0.239324173066305));
#7750=CARTESIAN_POINT('Ctrl Pts',(0.163347744705539,1.23139027726921,-0.287468667939391));
#7751=CARTESIAN_POINT('Ctrl Pts',(0.161829696982865,1.22592933197847,-0.310860973556305));
#7752=CARTESIAN_POINT('Ctrl Pts',(0.160311649260191,1.21980667766958,-0.334075829392096));
#7753=CARTESIAN_POINT('Ctrl Pts',(0.158793601537517,1.21303688728355,-0.357073886036815));
#7754=CARTESIAN_POINT('Ctrl Pts',(0.156929369975612,1.20472327716668,-0.385316544300583));
#7755=CARTESIAN_POINT('Ctrl Pts',(0.155065138413707,1.19541027516247,-0.413311162207107));
#7756=CARTESIAN_POINT('Ctrl Pts',(0.153200906851801,1.18511454072499,-0.440980470499768));
#7757=CARTESIAN_POINT('Origin',(-1.10421172359011,0.,0.));
#7758=CARTESIAN_POINT('',(0.645788276409883,0.00122772315201473,1.5441334629565));
#7759=CARTESIAN_POINT('Ctrl Pts',(0.322960704768389,-1.22513578611429,-0.941244378967398));
#7760=CARTESIAN_POINT('Ctrl Pts',(0.34696898831626,-0.939980673154458,-1.30708425823638));
#7761=CARTESIAN_POINT('Ctrl Pts',(0.397442872120383,0.0292418027916686,
-1.79839215700029));
#7762=CARTESIAN_POINT('Ctrl Pts',(0.474382356180758,1.52244329599343,-1.00431427558661));
#7763=CARTESIAN_POINT('Ctrl Pts',(0.553779156949517,1.66932605810682,0.734645697291088));
#7764=CARTESIAN_POINT('Ctrl Pts',(0.610914463692558,0.675200410245452,1.50200134890828));
#7765=CARTESIAN_POINT('Ctrl Pts',(0.641584170179347,0.0825664037305698,
1.5448398036925));
#7766=CARTESIAN_POINT('Ctrl Pts',(0.645788276409883,0.00122772315201473,
1.5441334629565));
#7767=CARTESIAN_POINT('Ctrl Pts',(0.645788276409883,0.00122772315201473,
1.5441334629565));
#7768=CARTESIAN_POINT('Ctrl Pts',(0.6680497704356,-0.429475130788113,1.54039326249242));
#7769=CARTESIAN_POINT('Ctrl Pts',(0.71677686471757,-1.3784972366295,1.12846411439356));
#7770=CARTESIAN_POINT('Ctrl Pts',(0.775834934958406,-1.67783507917329,-0.134659121437656));
#7771=CARTESIAN_POINT('Ctrl Pts',(0.812631511173525,-1.3452881924923,-0.780142188549316));
#7772=CARTESIAN_POINT('Ctrl Pts',(0.822962487132389,-1.22197812240564,-0.938786059109183));
#7773=CARTESIAN_POINT('',(0.604211723587338,-0.000861702426838383,1.54095811028809));
#7774=CARTESIAN_POINT('Ctrl Pts',(0.604211723587338,-0.000861702426838383,
1.54095811028809));
#7775=CARTESIAN_POINT('Ctrl Pts',(0.614532617774912,-0.201597332891186,
1.54198566186058));
#7776=CARTESIAN_POINT('Ctrl Pts',(0.651319112218739,-0.915801827738295,
1.41223233578722));
#7777=CARTESIAN_POINT('Ctrl Pts',(0.710341248149541,-1.73438524421362,0.40578012227631));
#7778=CARTESIAN_POINT('Ctrl Pts',(0.759042489892776,-1.48333545934803,-0.597070692146769));
#7779=CARTESIAN_POINT('Ctrl Pts',(0.781278131379754,-1.22448425190566,-0.94071495224032));
#7780=CARTESIAN_POINT('Ctrl Pts',(0.281318383402352,-1.22160568556482,-0.938524153374145));
#7781=CARTESIAN_POINT('Ctrl Pts',(0.29340798995991,-1.07876988947967,-1.12541363592141));
#7782=CARTESIAN_POINT('Ctrl Pts',(0.331963196773721,-0.494548151521644,
-1.62173548676329));
#7783=CARTESIAN_POINT('Ctrl Pts',(0.396984003843784,0.93393759504402,-1.56676578294578));
#7784=CARTESIAN_POINT('Ctrl Pts',(0.476380804612543,1.82260476447711,-0.0648192887891185));
#7785=CARTESIAN_POINT('Ctrl Pts',(0.545456711193727,1.14419577129277,1.29336965507813));
#7786=CARTESIAN_POINT('Ctrl Pts',(0.588067017518659,0.313143818069587,1.53935073811599));
#7787=CARTESIAN_POINT('Ctrl Pts',(0.604211723587338,-0.000861702426838383,
1.54095811028809));
#7788=CARTESIAN_POINT('Origin',(5.,1.70916393953233E-16,0.));
#7789=CARTESIAN_POINT('Ctrl Pts',(5.,-0.825211298936471,0.958116152722407));
#7790=CARTESIAN_POINT('Ctrl Pts',(5.,-0.790117500994838,0.995695159348991));
#7791=CARTESIAN_POINT('Ctrl Pts',(5.,-0.752664813407192,1.03083928963779));
#7792=CARTESIAN_POINT('Ctrl Pts',(5.,-0.713175906486331,1.06353516365369));
#7793=CARTESIAN_POINT('Ctrl Pts',(5.,-0.685010694718984,1.08685528789571));
#7794=CARTESIAN_POINT('Ctrl Pts',(5.,-0.655808469931761,1.10892949072395));
#7795=CARTESIAN_POINT('Ctrl Pts',(5.,-0.62567278349465,1.12974420860633));
#7796=CARTESIAN_POINT('Ctrl Pts',(5.,-0.614629682310914,1.13737167832287));
#7797=CARTESIAN_POINT('Ctrl Pts',(5.,-0.603461137604762,1.14482994382774));
#7798=CARTESIAN_POINT('Ctrl Pts',(5.,-0.592171934128804,1.15211805823696));
#7799=CARTESIAN_POINT('Ctrl Pts',(5.,-0.581367155726386,1.15909343620147));
#7800=CARTESIAN_POINT('Ctrl Pts',(5.,-0.570458907542612,1.16590834133596));
#7801=CARTESIAN_POINT('Ctrl Pts',(5.,-0.559455800129791,1.17256009183666));
#7802=CARTESIAN_POINT('Ctrl Pts',(5.,-0.513445437263905,1.20037491202771));
#7803=CARTESIAN_POINT('Ctrl Pts',(5.,-0.465758375962672,1.22535338250309));
#7804=CARTESIAN_POINT('Ctrl Pts',(5.,-0.416719228345213,1.24745834396304));
#7805=CARTESIAN_POINT('Ctrl Pts',(5.,-0.397057853672713,1.25632093539255));
#7806=CARTESIAN_POINT('Ctrl Pts',(5.,-0.377178679537381,1.26472122424308));
#7807=CARTESIAN_POINT('Ctrl Pts',(5.,-0.357101006226701,1.27265512401639));
#7808=CARTESIAN_POINT('Ctrl Pts',(5.,-0.34087548252206,1.27906680712578));
#7809=CARTESIAN_POINT('Ctrl Pts',(5.,-0.32452030324602,1.2851738800301));
#7810=CARTESIAN_POINT('Ctrl Pts',(5.,-0.308045311117794,1.2909736755533));
#7811=CARTESIAN_POINT('Ctrl Pts',(5.,-0.297700544902967,1.29461540893407));
#7812=CARTESIAN_POINT('Ctrl Pts',(5.,-0.287317323689068,1.29813287557071));
#7813=CARTESIAN_POINT('Ctrl Pts',(5.,-0.276899882720496,1.30152545328553));
#7814=CARTESIAN_POINT('Ctrl Pts',(5.,-0.224283186814735,1.31866077764166));
#7815=CARTESIAN_POINT('Ctrl Pts',(5.,-0.170784200535041,1.33261747192913));
#7816=CARTESIAN_POINT('Ctrl Pts',(5.,-0.116736155479301,1.34335964041699));
#7817=CARTESIAN_POINT('Ctrl Pts',(5.,-0.0622142516038922,1.35419598939325));
#7818=CARTESIAN_POINT('Ctrl Pts',(5.,-0.00713259543001556,1.36176173861682));
#7819=CARTESIAN_POINT('Ctrl Pts',(5.,0.0481956956836387,1.36597644512555));
#7820=CARTESIAN_POINT('Ctrl Pts',(5.,0.0786529047195197,1.36829656372269));
#7821=CARTESIAN_POINT('Ctrl Pts',(5.00000000000001,0.109185271095541,1.36960040416918));
#7822=CARTESIAN_POINT('Ctrl Pts',(5.00000000000001,0.139742497987785,1.36986806416431));
#7823=CARTESIAN_POINT('Ctrl Pts',(5.00000000000001,0.162628059587673,1.37006852572217));
#7824=CARTESIAN_POINT('Ctrl Pts',(5.,0.185527595163663,1.36968768665874));
#7825=CARTESIAN_POINT('Ctrl Pts',(5.,0.208420115328489,1.36871532817237));
#7826=CARTESIAN_POINT('Ctrl Pts',(5.,0.21841224434582,1.36829091306311));
#7827=CARTESIAN_POINT('Ctrl Pts',(5.,0.228393780546484,1.36775415842339));
#7828=CARTESIAN_POINT('Ctrl Pts',(5.,0.238360689892732,1.36710494754971));
#7829=CARTESIAN_POINT('Ctrl Pts',(5.,0.291637851329099,1.3636346528654));
#7830=CARTESIAN_POINT('Ctrl Pts',(5.,0.344516405775102,1.35695321545925));
#7831=CARTESIAN_POINT('Ctrl Pts',(5.,0.396725930133441,1.34700727089501));
#7832=CARTESIAN_POINT('Ctrl Pts',(5.,0.451103757513161,1.33664826335205));
#7833=CARTESIAN_POINT('Ctrl Pts',(5.,0.504756867534108,1.32274921150714));
#7834=CARTESIAN_POINT('Ctrl Pts',(5.,0.557482086516351,1.30557181539265));
#7835=CARTESIAN_POINT('Ctrl Pts',(5.,0.608295121475863,1.28901739141627));
#7836=CARTESIAN_POINT('Ctrl Pts',(5.,0.658247029051996,1.26941738841334));
#7837=CARTESIAN_POINT('Ctrl Pts',(5.,0.707150949028874,1.24696054861682));
#7838=CARTESIAN_POINT('Ctrl Pts',(5.,0.716078254626268,1.24286110072573));
#7839=CARTESIAN_POINT('Ctrl Pts',(5.,0.724971152613327,1.23866607825007));
#7840=CARTESIAN_POINT('Ctrl Pts',(5.,0.733826799098457,1.23437729083945));
#7841=CARTESIAN_POINT('Ctrl Pts',(5.,0.785370108619851,1.2094148787391));
#7842=CARTESIAN_POINT('Ctrl Pts',(5.,0.83538508424843,1.18140990894315));
#7843=CARTESIAN_POINT('Ctrl Pts',(5.,0.883664346523783,1.15064948628724));
#7844=CARTESIAN_POINT('Ctrl Pts',(5.,0.93340794723713,1.11895608190915));
#7845=CARTESIAN_POINT('Ctrl Pts',(5.,0.981309892173983,1.08433721226048));
#7846=CARTESIAN_POINT('Ctrl Pts',(5.,1.02713499561863,1.04705144675573));
#7847=CARTESIAN_POINT('Ctrl Pts',(5.,1.07287928302511,1.00983143752041));
#7848=CARTESIAN_POINT('Ctrl Pts',(5.,1.11655500850243,0.969953286046521));
#7849=CARTESIAN_POINT('Ctrl Pts',(5.,1.15790565380011,0.927627570500328));
#7850=CARTESIAN_POINT('Ctrl Pts',(5.,1.16614521975131,0.919193711193807));
#7851=CARTESIAN_POINT('Ctrl Pts',(5.,1.17429237002707,0.910662541075585));
#7852=CARTESIAN_POINT('Ctrl Pts',(5.,1.18234491514727,0.902035539458227));
#7853=CARTESIAN_POINT('Ctrl Pts',(5.,1.18930417680293,0.894579814508817));
#7854=CARTESIAN_POINT('Ctrl Pts',(5.,1.19619102886554,0.887054279819925));
#7855=CARTESIAN_POINT('Ctrl Pts',(5.,1.20299695958836,0.879468271411787));
#7856=CARTESIAN_POINT('Ctrl Pts',(5.,1.24366738051459,0.834136314964622));
#7857=CARTESIAN_POINT('Ctrl Pts',(5.,1.28152522276516,0.786568587962928));
#7858=CARTESIAN_POINT('Ctrl Pts',(5.,1.3163306733937,0.737037494000089));
#7859=CARTESIAN_POINT('Ctrl Pts',(5.,1.35078235674438,0.688009840732996));
#7860=CARTESIAN_POINT('Ctrl Pts',(5.,1.38224429180949,0.637057784106639));
#7861=CARTESIAN_POINT('Ctrl Pts',(5.,1.41045621416445,0.584403944759351));
#7862=CARTESIAN_POINT('Ctrl Pts',(5.,1.43630446997992,0.536161577862442));
#7863=CARTESIAN_POINT('Ctrl Pts',(5.,1.45942474195746,0.486489790787688));
#7864=CARTESIAN_POINT('Ctrl Pts',(5.,1.47958620473418,0.435536553508772));
#7865=CARTESIAN_POINT('Ctrl Pts',(5.,1.4842983762044,0.42362767597939));
#7866=CARTESIAN_POINT('Ctrl Pts',(5.,1.48884876844654,0.411648719032951));
#7867=CARTESIAN_POINT('Ctrl Pts',(5.,1.49323804150013,0.399602558143639));
#7868=CARTESIAN_POINT('Ctrl Pts',(5.,1.49064942821852,-0.398513841857233));
#7869=CARTESIAN_POINT('Ctrl Pts',(5.,1.46975924574693,-0.455685209625446));
#7870=CARTESIAN_POINT('Ctrl Pts',(5.00000000000001,1.44526106817301,-0.511378180250187));
#7871=CARTESIAN_POINT('Ctrl Pts',(5.,1.41742937566643,-0.565381614946565));
#7872=CARTESIAN_POINT('Ctrl Pts',(5.,1.38995501966915,-0.618691689049096));
#7873=CARTESIAN_POINT('Ctrl Pts',(5.,1.35923121923702,-0.670355930042972));
#7874=CARTESIAN_POINT('Ctrl Pts',(5.,1.32548544270004,-0.720137419061978));
#7875=CARTESIAN_POINT('Ctrl Pts',(5.,1.31742559958894,-0.732027232618058));
#7876=CARTESIAN_POINT('Ctrl Pts',(5.,1.30919735126548,-0.743803287562318));
#7877=CARTESIAN_POINT('Ctrl Pts',(5.,1.30080837331133,-0.755456757302715));
#7878=CARTESIAN_POINT('Ctrl Pts',(5.,1.26566604344845,-0.804274393956713));
#7879=CARTESIAN_POINT('Ctrl Pts',(5.,1.22768338677315,-0.850977050897291));
#7880=CARTESIAN_POINT('Ctrl Pts',(5.,1.18710400344098,-0.895334283874737));
#7881=CARTESIAN_POINT('Ctrl Pts',(5.,1.1609455786644,-0.923927999374043));
#7882=CARTESIAN_POINT('Ctrl Pts',(5.,1.13370736893257,-0.951546337592807));
#7883=CARTESIAN_POINT('Ctrl Pts',(5.,1.10544889190274,-0.978117594887911));
#7884=CARTESIAN_POINT('Ctrl Pts',(5.,1.09371919385822,-0.989146951650697));
#7885=CARTESIAN_POINT('Ctrl Pts',(5.,1.08180933629144,-0.999999408534604));
#7886=CARTESIAN_POINT('Ctrl Pts',(5.,1.06974783011499,-1.01064847726515));
#7887=CARTESIAN_POINT('Ctrl Pts',(5.,1.02579963016706,-1.0494502152059));
#7888=CARTESIAN_POINT('Ctrl Pts',(5.,0.979792210860271,-1.08560347917023));
#7889=CARTESIAN_POINT('Ctrl Pts',(5.,0.931954801894503,-1.11889897766709));
#7890=CARTESIAN_POINT('Ctrl Pts',(5.,0.882944420892497,-1.15301088092988));
#7891=CARTESIAN_POINT('Ctrl Pts',(5.,0.83201231253413,-1.18412403060018));
#7892=CARTESIAN_POINT('Ctrl Pts',(5.,0.779383225385286,-1.21196016751037));
#7893=CARTESIAN_POINT('Ctrl Pts',(4.99999999999999,0.730331069666921,-1.23790442374372));
#7894=CARTESIAN_POINT('Ctrl Pts',(5.,0.679803923055273,-1.26100189879592));
#7895=CARTESIAN_POINT('Ctrl Pts',(5.,0.627977946462085,-1.28097741090743));
#7896=CARTESIAN_POINT('Ctrl Pts',(5.,0.624198745285773,-1.28243404489355));
#7897=CARTESIAN_POINT('Ctrl Pts',(5.,0.620412637983756,-1.28387405476683));
#7898=CARTESIAN_POINT('Ctrl Pts',(5.,0.616619693301372,-1.28529732270516));
#7899=CARTESIAN_POINT('Ctrl Pts',(5.,0.607492396379404,-1.28872225772543));
#7900=CARTESIAN_POINT('Ctrl Pts',(5.,0.598329503280233,-1.29204868687425));
#7901=CARTESIAN_POINT('Ctrl Pts',(5.,0.589139645253585,-1.29527271893577));
#7902=CARTESIAN_POINT('Ctrl Pts',(5.,0.537708692642601,-1.31331598355328));
#7903=CARTESIAN_POINT('Ctrl Pts',(5.,0.485362458783606,-1.32818296152397));
#7904=CARTESIAN_POINT('Ctrl Pts',(5.,0.432278546211163,-1.33966583228341));
#7905=CARTESIAN_POINT('Ctrl Pts',(5.,0.377054615430742,-1.35161162205757));
#7906=CARTESIAN_POINT('Ctrl Pts',(5.,0.321031232006983,-1.35989499886283));
#7907=CARTESIAN_POINT('Ctrl Pts',(5.,0.264545597813254,-1.36460842517259));
#7908=CARTESIAN_POINT('Ctrl Pts',(5.,0.216081585547397,-1.36865248971663));
#7909=CARTESIAN_POINT('Ctrl Pts',(4.99999999999999,0.167276831034915,-1.37006748874729));
#7910=CARTESIAN_POINT('Ctrl Pts',(5.,0.118353216328881,-1.36888258468739));
#7911=CARTESIAN_POINT('Ctrl Pts',(5.,0.108013761293115,-1.36863216855762));
#7912=CARTESIAN_POINT('Ctrl Pts',(5.,0.0976690452244458,-1.36826554102407));
#7913=CARTESIAN_POINT('Ctrl Pts',(5.,0.0873212480607193,-1.36778283720678));
#7914=CARTESIAN_POINT('Ctrl Pts',(4.99999999999999,0.0775148195825543,-1.36732538714418));
#7915=CARTESIAN_POINT('Ctrl Pts',(5.,0.067710405066409,-1.36676385551718));
#7916=CARTESIAN_POINT('Ctrl Pts',(5.,0.0579177876341522,-1.36609932661586));
#7917=CARTESIAN_POINT('Ctrl Pts',(5.,0.00252600773162496,-1.36234042978409));
#7918=CARTESIAN_POINT('Ctrl Pts',(5.,-0.0525674630732313,-1.35528674082138));
#7919=CARTESIAN_POINT('Ctrl Pts',(5.,-0.107046882927765,-1.34503804300441));
#7920=CARTESIAN_POINT('Ctrl Pts',(4.99999999999999,-0.16080814983664,-1.33492444450652));
#7921=CARTESIAN_POINT('Ctrl Pts',(5.,-0.21397248690319,-1.32169896484222));
#7922=CARTESIAN_POINT('Ctrl Pts',(5.,-0.266216477185818,-1.30541209375942));
#7923=CARTESIAN_POINT('Ctrl Pts',(5.,-0.311050886352639,-1.29143513223287));
#7924=CARTESIAN_POINT('Ctrl Pts',(5.,-0.355207540555107,-1.27520269422898));
#7925=CARTESIAN_POINT('Ctrl Pts',(5.,-0.398461504234708,-1.25672386131486));
#7926=CARTESIAN_POINT('Ctrl Pts',(5.,-0.407709626221348,-1.25277290546197));
#7927=CARTESIAN_POINT('Ctrl Pts',(5.,-0.416918664745737,-1.24871815235532));
#7928=CARTESIAN_POINT('Ctrl Pts',(5.,-0.426078870405836,-1.24456295428085));
#7929=CARTESIAN_POINT('Ctrl Pts',(5.,-0.474623172488157,-1.22254257635227));
#7930=CARTESIAN_POINT('Ctrl Pts',(5.,-0.521654251203171,-1.19777187611416));
#7931=CARTESIAN_POINT('Ctrl Pts',(5.,-0.566877693843702,-1.1703135567083));
#7932=CARTESIAN_POINT('Ctrl Pts',(5.,-0.610487462245993,-1.14383501195167));
#7933=CARTESIAN_POINT('Ctrl Pts',(5.,-0.652416949297177,-1.1148566213996));
#7934=CARTESIAN_POINT('Ctrl Pts',(5.,-0.692369238206403,-1.08340103556119));
#7935=CARTESIAN_POINT('Ctrl Pts',(5.,-0.731824139684725,-1.0523370571489));
#7936=CARTESIAN_POINT('Ctrl Pts',(5.,-0.769351431645733,-1.01885677577407));
#7937=CARTESIAN_POINT('Ctrl Pts',(5.,-0.804622665053084,-0.982955801607017));
#7938=CARTESIAN_POINT('Ctrl Pts',(5.,-0.812058903366268,-0.975386794974943));
#7939=CARTESIAN_POINT('Ctrl Pts',(5.,-0.819394687093819,-0.967710105950734));
#7940=CARTESIAN_POINT('Ctrl Pts',(5.,-0.826628819346169,-0.959928182352427));
#7941=CARTESIAN_POINT('Ctrl Pts',(0.00127914377347018,-0.823990659860266,
-0.956196098361957));
#7942=CARTESIAN_POINT('Ctrl Pts',(0.0277516398485711,-0.505903568583481,
-1.23031520097709));
#7943=CARTESIAN_POINT('Ctrl Pts',(0.080689736179925,0.419695098500859,-1.43135737458741));
#7944=CARTESIAN_POINT('Ctrl Pts',(0.160093432767531,1.43230255655825,-0.421332639731349));
#7945=CARTESIAN_POINT('Ctrl Pts',(0.23949023353629,1.12957387772458,0.974055105196545));
#7946=CARTESIAN_POINT('Ctrl Pts',(0.318887034305049,-0.205421680956112,
1.47776291882788));
#7947=CARTESIAN_POINT('Ctrl Pts',(0.398283835073807,-1.35335089597449,0.628392020264357));
#7948=CARTESIAN_POINT('Ctrl Pts',(0.477680635842566,-1.26165103893891,-0.796282439530984));
#7949=CARTESIAN_POINT('Ctrl Pts',(0.557077436611325,-0.0150917831847997,
-1.49191869746055));
#7950=CARTESIAN_POINT('Ctrl Pts',(0.636474237380083,1.24543224817833,-0.821577650486641));
#7951=CARTESIAN_POINT('Ctrl Pts',(0.715871038148841,1.36558945148366,0.600975711082069));
#7952=CARTESIAN_POINT('Ctrl Pts',(0.795267838917601,0.235484704842098,1.47329226998022));
#7953=CARTESIAN_POINT('Ctrl Pts',(0.874664639686359,-1.11024589875828,0.996694397541879));
#7954=CARTESIAN_POINT('Ctrl Pts',(0.954061440455118,-1.43944933219366,-0.392453404666987));
#7955=CARTESIAN_POINT('Ctrl Pts',(1.03345824122387,-0.450731608931596,-1.4222802133475));
#7956=CARTESIAN_POINT('Ctrl Pts',(1.11285504199263,0.95066884641066,-1.14989937153888));
#7957=CARTESIAN_POINT('Ctrl Pts',(1.19225184276139,1.48165687848406,0.17530307592322));
#7958=CARTESIAN_POINT('Ctrl Pts',(1.27164864353015,0.656074420126535,1.34000207386197));
#7959=CARTESIAN_POINT('Ctrl Pts',(1.35104544429891,-0.770195315851812,1.27782560478681));
#7960=CARTESIAN_POINT('Ctrl Pts',(1.43044224506766,-1.49129149170504,0.0457010795238195));
#7961=CARTESIAN_POINT('Ctrl Pts',(1.50983904583644,-0.846995206981862,-1.22826632410371));
#7962=CARTESIAN_POINT('Ctrl Pts',(1.58923584660518,0.572790699450588,-1.3776610005459));
#7963=CARTESIAN_POINT('Ctrl Pts',(1.66863264737394,1.46814242872853,-0.265700587622607));
#7964=CARTESIAN_POINT('Ctrl Pts',(1.7480294481427,1.01929634585683,1.08952924409277));
#7965=CARTESIAN_POINT('Ctrl Pts',(1.82742624891146,-0.362794307841607,1.44721086899762));
#7966=CARTESIAN_POINT('Ctrl Pts',(1.90682304968021,-1.41271873611837,0.479859124041802));
#7967=CARTESIAN_POINT('Ctrl Pts',(1.98621985044898,-1.16919000954528,-0.926840725779345));
#7968=CARTESIAN_POINT('Ctrl Pts',(2.06561665121773,0.144822510365808,-1.48494627812102));
#7969=CARTESIAN_POINT('Ctrl Pts',(2.14501345198649,1.32623883149771,-0.68346877759188));
#7970=CARTESIAN_POINT('Ctrl Pts',(2.22441025275525,1.29338103010823,0.743777197493243));
#7971=CARTESIAN_POINT('Ctrl Pts',(2.30380705352401,0.0763329615553136,1.4900376798478));
#7972=CARTESIAN_POINT('Ctrl Pts',(2.38320385429277,-1.21060383110716,0.872053537616044));
#7973=CARTESIAN_POINT('Ctrl Pts',(2.46260065506153,-1.38913927838679,-0.544362998070736));
#7974=CARTESIAN_POINT('Ctrl Pts',(2.54199745583029,-0.295810383554102,-1.46237314847172));
#7975=CARTESIAN_POINT('Ctrl Pts',(2.62139425659904,1.06835577337403,-1.04146769027554));
#7976=CARTESIAN_POINT('Ctrl Pts',(2.70079105736781,1.45435967262254,0.332981908029267));
#7977=CARTESIAN_POINT('Ctrl Pts',(2.78018785813656,0.508784919544705,1.40256084146246));
#7978=CARTESIAN_POINT('Ctrl Pts',(2.85958465890532,-0.902621738910343,1.18798695482421));
#7979=CARTESIAN_POINT('Ctrl Pts',(2.93898145967408,-1.48760845385358,-0.11428077956545));
#7980=CARTESIAN_POINT('Ctrl Pts',(3.01837826044284,-0.710574688118259,-1.31191563018396));
#7981=CARTESIAN_POINT('Ctrl Pts',(3.09777506121159,0.717045107251028,-1.30839035558257));
#7982=CARTESIAN_POINT('Ctrl Pts',(3.17717186198036,1.48815470463181,-0.10693261647356));
#7983=CARTESIAN_POINT('Ctrl Pts',(3.25656866274911,0.896743685503536,1.19243019452528));
#7984=CARTESIAN_POINT('Ctrl Pts',(3.33596546351787,-0.515705462857827,1.40003102991531));
#7985=CARTESIAN_POINT('Ctrl Pts',(3.41536226428663,-1.45598641805361,0.325795280588718));
#7986=CARTESIAN_POINT('Ctrl Pts',(3.49475906505539,-1.06319930148225,-1.04673121603571));
#7987=CARTESIAN_POINT('Ctrl Pts',(3.57415586582415,0.303028908507904,-1.46089441727003));
#7988=CARTESIAN_POINT('Ctrl Pts',(3.6535526665929,1.39181076916453,-0.537495885021582));
#7989=CARTESIAN_POINT('Ctrl Pts',(3.73294946736167,1.20628227426069,0.878021626559349));
#7990=CARTESIAN_POINT('Ctrl Pts',(3.81234626813042,-0.0836907380416778,
1.48964256154786));
#7991=CARTESIAN_POINT('Ctrl Pts',(3.89174306889918,-1.29703862014011,0.737380512736662));
#7992=CARTESIAN_POINT('Ctrl Pts',(3.97113986966795,-1.32284703573531,-0.690010140529524));
#7993=CARTESIAN_POINT('Ctrl Pts',(4.0505366704367,-0.137487527040222,-1.48564363159865));
#7994=CARTESIAN_POINT('Ctrl Pts',(4.12993347120546,1.17375385664868,-0.921054760897642));
#7995=CARTESIAN_POINT('Ctrl Pts',(4.20933027197422,1.41033019280152,0.486829335660775));
#7996=CARTESIAN_POINT('Ctrl Pts',(4.28872707274298,0.355645401449959,1.44898655143119));
#7997=CARTESIAN_POINT('Ctrl Pts',(4.36812387351174,-1.02466999306576,1.08447893677501));
#7998=CARTESIAN_POINT('Ctrl Pts',(4.44752067428049,-1.46680228698119,-0.272942129801888));
#7999=CARTESIAN_POINT('Ctrl Pts',(4.52691747504926,-0.565999014608411,-1.38048413103665));
#8000=CARTESIAN_POINT('Ctrl Pts',(4.60631427581801,0.853087113281485,-1.22404719635524));
#8001=CARTESIAN_POINT('Ctrl Pts',(4.68571107658677,1.4909786670836,0.0530252945552806));
#8002=CARTESIAN_POINT('Ctrl Pts',(4.76510787735553,0.764006260499088,1.28169013910738));
#8003=CARTESIAN_POINT('Ctrl Pts',(4.84450467812428,-0.662933569681586,1.33660031178313));
#8004=CARTESIAN_POINT('Ctrl Pts',(4.92390147889305,-1.48202864475546,0.168260480569555));
#8005=CARTESIAN_POINT('Ctrl Pts',(5.00329827966181,-0.945899531680139,-1.15511293075334));
#8006=CARTESIAN_POINT('Ctrl Pts',(5.08270121944545,0.459750776650138,-1.41899178147525));
#8007=CARTESIAN_POINT('Ctrl Pts',(5.13563855897284,1.11115326502407,-0.731395722859825));
#8008=CARTESIAN_POINT('Ctrl Pts',(5.16211029824398,1.21949874035117,-0.325721368805039));
#8009=CARTESIAN_POINT('Ctrl Pts',(-0.0531372089741763,-0.885517900643506,
-1.02759509648881));
#8010=CARTESIAN_POINT('Ctrl Pts',(-0.0266647128990754,-0.543679300996047,
-1.32218262532706));
#8011=CARTESIAN_POINT('Ctrl Pts',(0.0262733834322783,0.451033659286712,
-1.53823658344644));
#8012=CARTESIAN_POINT('Ctrl Pts',(0.105677080019885,1.53925234199241,-0.452793475439104));
#8013=CARTESIAN_POINT('Ctrl Pts',(0.185073880788643,1.21391896480239,1.04678763229065));
#8014=CARTESIAN_POINT('Ctrl Pts',(0.264470681557402,-0.220760482525086,
1.58810722169011));
#8015=CARTESIAN_POINT('Ctrl Pts',(0.34386748232616,-1.45440537449851,0.675313944286685));
#8016=CARTESIAN_POINT('Ctrl Pts',(0.42326428309492,-1.35585830491737,-0.855740712270139));
#8017=CARTESIAN_POINT('Ctrl Pts',(0.502661083863678,-0.016218684038283,
-1.60332000987741));
#8018=CARTESIAN_POINT('Ctrl Pts',(0.582057884632437,1.33842845984155,-0.882924712275171));
#8019=CARTESIAN_POINT('Ctrl Pts',(0.661454685401194,1.46755778084159,0.645850464015427));
#8020=CARTESIAN_POINT('Ctrl Pts',(0.740851486169957,0.253068307231531,1.58330275026228));
#8021=CARTESIAN_POINT('Ctrl Pts',(0.820248286938711,-1.19314776897255,1.07111739669974));
#8022=CARTESIAN_POINT('Ctrl Pts',(0.899645087707472,-1.54693276613474,-0.421757832861892));
#8023=CARTESIAN_POINT('Ctrl Pts',(0.97904188847623,-0.484387660610695,-1.52848163213871));
#8024=CARTESIAN_POINT('Ctrl Pts',(1.05843868924499,1.02165512558541,-1.23576215974228));
#8025=CARTESIAN_POINT('Ctrl Pts',(1.13783549001375,1.59229194264376,0.18839292643706));
#8026=CARTESIAN_POINT('Ctrl Pts',(1.21723229078251,0.705063384183111,1.44005979813585));
#8027=CARTESIAN_POINT('Ctrl Pts',(1.29662909155127,-0.827705667554797,1.37324062281388));
#8028=CARTESIAN_POINT('Ctrl Pts',(1.37602589232003,-1.60264597077606,0.0491135712678312));
#8029=CARTESIAN_POINT('Ctrl Pts',(1.45542269308878,-0.910240193340155,-1.31998075917011));
#8030=CARTESIAN_POINT('Ctrl Pts',(1.53481949385755,0.615560882415372,-1.48053071039508));
#8031=CARTESIAN_POINT('Ctrl Pts',(1.6142162946263,1.5777683712505,-0.285540404779853));
#8032=CARTESIAN_POINT('Ctrl Pts',(1.69361309539506,1.09540702860614,1.17088420526799));
#8033=CARTESIAN_POINT('Ctrl Pts',(1.77300989616382,-0.389884096380162,1.55527385555628));
#8034=CARTESIAN_POINT('Ctrl Pts',(1.85240669693258,-1.51820620105018,0.51569012226205));
#8035=CARTESIAN_POINT('Ctrl Pts',(1.93180349770134,-1.25649322636918,-0.996047763286795));
#8036=CARTESIAN_POINT('Ctrl Pts',(2.0112002984701,0.155636382294431,-1.59582696118558));
#8037=CARTESIAN_POINT('Ctrl Pts',(2.09059709923885,1.42526885683255,-0.734503273606498));
#8038=CARTESIAN_POINT('Ctrl Pts',(2.16999390000761,1.38995756906735,0.7993149128443));
#8039=CARTESIAN_POINT('Ctrl Pts',(2.24939070077637,0.082032730659623,1.6012985370032));
#8040=CARTESIAN_POINT('Ctrl Pts',(2.32878750154513,-1.30099941086079,0.937169625210869));
#8041=CARTESIAN_POINT('Ctrl Pts',(2.40818430231389,-1.49286606926723,-0.585010489465196));
#8042=CARTESIAN_POINT('Ctrl Pts',(2.48758110308264,-0.317898493992395,-1.57156829982965));
#8043=CARTESIAN_POINT('Ctrl Pts',(2.56697790385141,1.14812971513412,-1.11923390349745));
#8044=CARTESIAN_POINT('Ctrl Pts',(2.64637470462016,1.56295645911773,0.357845609803816));
#8045=CARTESIAN_POINT('Ctrl Pts',(2.72577150538892,0.546775801937739,1.50728981814824));
#8046=CARTESIAN_POINT('Ctrl Pts',(2.80516830615768,-0.970020348835778,1.27669373631759));
#8047=CARTESIAN_POINT('Ctrl Pts',(2.88456510692644,-1.598687921122,-0.12281410571069));
#8048=CARTESIAN_POINT('Ctrl Pts',(2.9639619076952,-0.763633177807622,-1.40987614454138));
#8049=CARTESIAN_POINT('Ctrl Pts',(3.04335870846396,0.770586742023635,-1.40608763829212));
#8050=CARTESIAN_POINT('Ctrl Pts',(3.12275550923271,1.59927496035185,-0.114917256545167));
#8051=CARTESIAN_POINT('Ctrl Pts',(3.20215231000147,0.963703382192551,1.28146875196257));
#8052=CARTESIAN_POINT('Ctrl Pts',(3.28154911077023,-0.554213101029193,1.50457110600818));
#8053=CARTESIAN_POINT('Ctrl Pts',(3.36094591153899,-1.56470467335022,0.350122358128922));
#8054=CARTESIAN_POINT('Ctrl Pts',(3.44034271230775,-1.14258821037347,-1.1248904558204));
#8055=CARTESIAN_POINT('Ctrl Pts',(3.51973951307651,0.325656024962366,-1.56997915202358));
#8056=CARTESIAN_POINT('Ctrl Pts',(3.59913631384527,1.49573703980164,-0.577630610266322));
#8057=CARTESIAN_POINT('Ctrl Pts',(3.67853311461403,1.29635516410822,0.943583350328608));
#8058=CARTESIAN_POINT('Ctrl Pts',(3.75792991538278,-0.0899399110501326,
1.60087391528779));
#8059=CARTESIAN_POINT('Ctrl Pts',(3.83732671615154,-1.39388827071753,0.792440588737657));
#8060=CARTESIAN_POINT('Ctrl Pts',(3.9167235169203,-1.42162379626423,-0.741533078989089));
#8061=CARTESIAN_POINT('Ctrl Pts',(3.99612031768906,-0.147753697026095,-1.59657638592739));
#8062=CARTESIAN_POINT('Ctrl Pts',(4.07551711845782,1.26139785515047,-0.989829761402997));
#8063=CARTESIAN_POINT('Ctrl Pts',(4.15491391922657,1.51563930561487,0.52318079838321));
#8064=CARTESIAN_POINT('Ctrl Pts',(4.23431071999534,0.3822013823784,1.55718212789161));
#8065=CARTESIAN_POINT('Ctrl Pts',(4.31370752076409,-1.10118192512747,1.16545679237185));
#8066=CARTESIAN_POINT('Ctrl Pts',(4.39310432153285,-1.57632816134947,-0.293322671667567));
#8067=CARTESIAN_POINT('Ctrl Pts',(4.47250112230162,-0.608262063634712,-1.48356464355379));
#8068=CARTESIAN_POINT('Ctrl Pts',(4.55189792307037,0.916786981234903,-1.31544658987868));
#8069=CARTESIAN_POINT('Ctrl Pts',(4.63129472383913,1.60230978759397,0.0569846841753754));
#8070=CARTESIAN_POINT('Ctrl Pts',(4.71069152460789,0.821054476503868,1.37739372124717));
#8071=CARTESIAN_POINT('Ctrl Pts',(4.79008832537665,-0.712434705255147,1.43640402706794));
#8072=CARTESIAN_POINT('Ctrl Pts',(4.86948512614541,-1.59269146863867,0.180824461700192));
#8073=CARTESIAN_POINT('Ctrl Pts',(4.94888192691416,-1.01652968694465,-1.24136501452616));
#8074=CARTESIAN_POINT('Ctrl Pts',(5.0282848666978,0.494080288030803,-1.52494765362442));
#8075=CARTESIAN_POINT('Ctrl Pts',(5.0812222062252,1.19412288812127,-0.786008915630553));
#8076=CARTESIAN_POINT('Ctrl Pts',(5.10769394549633,1.31055850144745,-0.350042927365074));
#8077=CARTESIAN_POINT('Ctrl Pts',(-0.107553561721823,-0.947045141426745,
-1.09899409461567));
#8078=CARTESIAN_POINT('Ctrl Pts',(-0.0810810656467219,-0.581455033408615,
-1.41405004967704));
#8079=CARTESIAN_POINT('Ctrl Pts',(-0.028142969315368,0.482372220072568,
-1.64511579230549));
#8080=CARTESIAN_POINT('Ctrl Pts',(0.0512607272722385,1.64620212742657,-0.484254311146858));
#8081=CARTESIAN_POINT('Ctrl Pts',(0.130657528040997,1.29826405188021,1.11952015938474));
#8082=CARTESIAN_POINT('Ctrl Pts',(0.210054328809756,-0.23609928409406,1.69845152455233));
#8083=CARTESIAN_POINT('Ctrl Pts',(0.289451129578514,-1.55545985302251,0.722235868309011));
#8084=CARTESIAN_POINT('Ctrl Pts',(0.368847930347273,-1.45006557089582,-0.915198985009294));
#8085=CARTESIAN_POINT('Ctrl Pts',(0.448244731116032,-0.0173455848917671,
-1.71472132229428));
#8086=CARTESIAN_POINT('Ctrl Pts',(0.52764153188479,1.43142467150477,-0.944271774063702));
#8087=CARTESIAN_POINT('Ctrl Pts',(0.607038332653549,1.56952611019952,0.690725216948787));
#8088=CARTESIAN_POINT('Ctrl Pts',(0.686435133422308,0.270651909620965,1.69331323054434));
#8089=CARTESIAN_POINT('Ctrl Pts',(0.765831934191066,-1.27604963918682,1.1455403958576));
#8090=CARTESIAN_POINT('Ctrl Pts',(0.845228734959825,-1.6544162000758,-0.451062261056797));
#8091=CARTESIAN_POINT('Ctrl Pts',(0.924625535728582,-0.518043712289793,
-1.63468305092993));
#8092=CARTESIAN_POINT('Ctrl Pts',(1.00402233649734,1.09264140476017,-1.32162494794568));
#8093=CARTESIAN_POINT('Ctrl Pts',(1.0834191372661,1.70292700680346,0.201482776950898));
#8094=CARTESIAN_POINT('Ctrl Pts',(1.16281593803486,0.754052348239688,1.54011752240972));
#8095=CARTESIAN_POINT('Ctrl Pts',(1.24221273880362,-0.885216019257781,1.46865564084095));
#8096=CARTESIAN_POINT('Ctrl Pts',(1.32160953957237,-1.71400044984709,0.052526063011843));
#8097=CARTESIAN_POINT('Ctrl Pts',(1.40100634034113,-0.973485179698448,-1.41169519423651));
#8098=CARTESIAN_POINT('Ctrl Pts',(1.48040314110989,0.658331065380157,-1.58340042024428));
#8099=CARTESIAN_POINT('Ctrl Pts',(1.55979994187865,1.68739431377245,-0.305380221937096));
#8100=CARTESIAN_POINT('Ctrl Pts',(1.63919674264741,1.17151771135543,1.25223916644322));
#8101=CARTESIAN_POINT('Ctrl Pts',(1.71859354341617,-0.416973884918717,1.66333684211493));
#8102=CARTESIAN_POINT('Ctrl Pts',(1.79799034418492,-1.62369366598198,0.551521120482297));
#8103=CARTESIAN_POINT('Ctrl Pts',(1.87738714495369,-1.34379644319308,-1.06525480079424));
#8104=CARTESIAN_POINT('Ctrl Pts',(1.95678394572244,0.166450254223053,-1.70670764425015));
#8105=CARTESIAN_POINT('Ctrl Pts',(2.0361807464912,1.5242988821674,-0.785537769621115));
#8106=CARTESIAN_POINT('Ctrl Pts',(2.11557754725996,1.48653410802646,0.854852628195356));
#8107=CARTESIAN_POINT('Ctrl Pts',(2.19497434802872,0.0877324997639345,1.7125593941586));
#8108=CARTESIAN_POINT('Ctrl Pts',(2.27437114879748,-1.39139499061442,1.00228571280569));
#8109=CARTESIAN_POINT('Ctrl Pts',(2.35376794956624,-1.59659286014767,-0.625657980859654));
#8110=CARTESIAN_POINT('Ctrl Pts',(2.433164750335,-0.339986604430688,-1.68076345118758));
#8111=CARTESIAN_POINT('Ctrl Pts',(2.51256155110376,1.2279036568942,-1.19700011671935));
#8112=CARTESIAN_POINT('Ctrl Pts',(2.59195835187251,1.67155324561293,0.382709311578363));
#8113=CARTESIAN_POINT('Ctrl Pts',(2.67135515264127,0.58476668433077,1.61201879483401));
#8114=CARTESIAN_POINT('Ctrl Pts',(2.75075195341003,-1.03741895876121,1.36540051781098));
#8115=CARTESIAN_POINT('Ctrl Pts',(2.83014875417879,-1.70976738839042,-0.131347431855931));
#8116=CARTESIAN_POINT('Ctrl Pts',(2.90954555494755,-0.816691667496984,-1.5078366588988));
#8117=CARTESIAN_POINT('Ctrl Pts',(2.9889423557163,0.82412837679624,-1.50378492100167));
#8118=CARTESIAN_POINT('Ctrl Pts',(3.06833915648507,1.71039521607188,-0.122901896616775));
#8119=CARTESIAN_POINT('Ctrl Pts',(3.14773595725382,1.03066307888156,1.37050730939986));
#8120=CARTESIAN_POINT('Ctrl Pts',(3.22713275802258,-0.592720739200561,1.60911118210105));
#8121=CARTESIAN_POINT('Ctrl Pts',(3.30652955879134,-1.67342292864683,0.374449435669128));
#8122=CARTESIAN_POINT('Ctrl Pts',(3.3859263595601,-1.2219771192647,-1.20304969560508));
#8123=CARTESIAN_POINT('Ctrl Pts',(3.46532316032886,0.348283141416829,-1.67906388677714));
#8124=CARTESIAN_POINT('Ctrl Pts',(3.54471996109761,1.59966331043876,-0.617765335511061));
#8125=CARTESIAN_POINT('Ctrl Pts',(3.62411676186638,1.38642805395576,1.00914507409787));
#8126=CARTESIAN_POINT('Ctrl Pts',(3.70351356263513,-0.0961890840585866,
1.71210526902772));
#8127=CARTESIAN_POINT('Ctrl Pts',(3.7829103634039,-1.49073792129495,0.847500664738653));
#8128=CARTESIAN_POINT('Ctrl Pts',(3.86230716417265,-1.52040055679314,-0.793056017448653));
#8129=CARTESIAN_POINT('Ctrl Pts',(3.94170396494141,-0.158019867011965,-1.70750914025614));
#8130=CARTESIAN_POINT('Ctrl Pts',(4.02110076571017,1.34904185365226,-1.05860476190835));
#8131=CARTESIAN_POINT('Ctrl Pts',(4.10049756647892,1.62094841842822,0.559532261105645));
#8132=CARTESIAN_POINT('Ctrl Pts',(4.17989436724769,0.408757363306842,1.66537770435204));
#8133=CARTESIAN_POINT('Ctrl Pts',(4.25929116801644,-1.17769385718919,1.24643464796869));
#8134=CARTESIAN_POINT('Ctrl Pts',(4.3386879687852,-1.68585403571777,-0.313703213533247));
#8135=CARTESIAN_POINT('Ctrl Pts',(4.41808476955396,-0.650525112661013,-1.58664515607092));
#8136=CARTESIAN_POINT('Ctrl Pts',(4.49748157032272,0.980486849188321,-1.4068459834021));
#8137=CARTESIAN_POINT('Ctrl Pts',(4.57687837109148,1.71364090810434,0.06094407379547));
#8138=CARTESIAN_POINT('Ctrl Pts',(4.65627517186023,0.878102692508649,1.47309730338697));
#8139=CARTESIAN_POINT('Ctrl Pts',(4.735671972629,-0.761935840828708,1.53620774235275));
#8140=CARTESIAN_POINT('Ctrl Pts',(4.81506877339775,-1.70335429252188,0.193388442830831));
#8141=CARTESIAN_POINT('Ctrl Pts',(4.89446557416651,-1.08715984220916,-1.32761709829899));
#8142=CARTESIAN_POINT('Ctrl Pts',(4.97386851395016,0.528409799411466,-1.6309035257736));
#8143=CARTESIAN_POINT('Ctrl Pts',(5.02680585347755,1.27709251121848,-0.84062210840128));
#8144=CARTESIAN_POINT('Ctrl Pts',(5.05327759274868,1.40161826254373,-0.374364485925109));
#8145=CARTESIAN_POINT('Ctrl Pts',(-0.161969914469469,-1.00857238220999,
-1.17039309274252));
#8146=CARTESIAN_POINT('Ctrl Pts',(-0.135497418394368,-0.619230765821181,
-1.50591747402701));
#8147=CARTESIAN_POINT('Ctrl Pts',(-0.0825593220630144,0.513710780858421,
-1.75199500116453));
#8148=CARTESIAN_POINT('Ctrl Pts',(-0.00315562547540803,1.75315191286073,
-0.515715146854614));
#8149=CARTESIAN_POINT('Ctrl Pts',(0.0762411752933507,1.38260913895802,1.19225268647884));
#8150=CARTESIAN_POINT('Ctrl Pts',(0.15563797606211,-0.251438085663033,1.80879582741456));
#8151=CARTESIAN_POINT('Ctrl Pts',(0.235034776830868,-1.65651433154653,0.769157792331339));
#8152=CARTESIAN_POINT('Ctrl Pts',(0.314431577599627,-1.54427283687428,-0.974657257748448));
#8153=CARTESIAN_POINT('Ctrl Pts',(0.393828378368385,-0.0184724857452525,
-1.82612263471114));
#8154=CARTESIAN_POINT('Ctrl Pts',(0.473225179137144,1.52442088316798,-1.00561883585224));
#8155=CARTESIAN_POINT('Ctrl Pts',(0.552621979905903,1.67149443955745,0.735599969882144));
#8156=CARTESIAN_POINT('Ctrl Pts',(0.63201878067466,0.288235512010397,1.80332371082639));
#8157=CARTESIAN_POINT('Ctrl Pts',(0.71141558144342,-1.35895150940109,1.21996339501545));
#8158=CARTESIAN_POINT('Ctrl Pts',(0.790812382212179,-1.76189963401688,-0.480366689251702));
#8159=CARTESIAN_POINT('Ctrl Pts',(0.870209182980937,-0.55169976396889,-1.74088446972114));
#8160=CARTESIAN_POINT('Ctrl Pts',(0.949605983749697,1.16362768393493,-1.4074877361491));
#8161=CARTESIAN_POINT('Ctrl Pts',(1.02900278451846,1.81356207096315,0.214572627464737));
#8162=CARTESIAN_POINT('Ctrl Pts',(1.10839958528722,0.803041312296266,1.64017524668359));
#8163=CARTESIAN_POINT('Ctrl Pts',(1.18779638605598,-0.942726370960765,1.56407065886802));
#8164=CARTESIAN_POINT('Ctrl Pts',(1.26719318682474,-1.82535492891812,0.0559385547558555));
#8165=CARTESIAN_POINT('Ctrl Pts',(1.34658998759349,-1.03673016605674,-1.50340962930291));
#8166=CARTESIAN_POINT('Ctrl Pts',(1.42598678836225,0.70110124834494,-1.68627013009346));
#8167=CARTESIAN_POINT('Ctrl Pts',(1.50538358913101,1.7970202562944,-0.32522003909434));
#8168=CARTESIAN_POINT('Ctrl Pts',(1.58478038989977,1.24762839410473,1.33359412761844));
#8169=CARTESIAN_POINT('Ctrl Pts',(1.66417719066853,-0.444063673457271,1.7713998286736));
#8170=CARTESIAN_POINT('Ctrl Pts',(1.74357399143729,-1.7291811309138,0.587352118702546));
#8171=CARTESIAN_POINT('Ctrl Pts',(1.82297079220605,-1.43109966001699,-1.13446183830169));
#8172=CARTESIAN_POINT('Ctrl Pts',(1.9023675929748,0.177264126151675,-1.81758832731471));
#8173=CARTESIAN_POINT('Ctrl Pts',(1.98176439374357,1.62332890750226,-0.836572265635736));
#8174=CARTESIAN_POINT('Ctrl Pts',(2.06116119451232,1.58311064698558,0.910390343546414));
#8175=CARTESIAN_POINT('Ctrl Pts',(2.14055799528108,0.0934322688682443,1.823820251314));
#8176=CARTESIAN_POINT('Ctrl Pts',(2.21995479604984,-1.48179057036805,1.06740180040052));
#8177=CARTESIAN_POINT('Ctrl Pts',(2.2993515968186,-1.7003196510281,-0.666305472254113));
#8178=CARTESIAN_POINT('Ctrl Pts',(2.37874839758735,-0.362074714868981,-1.78995860254551));
#8179=CARTESIAN_POINT('Ctrl Pts',(2.45814519835611,1.30767759865429,-1.27476632994125));
#8180=CARTESIAN_POINT('Ctrl Pts',(2.53754199912487,1.78015003210812,0.407573013352912));
#8181=CARTESIAN_POINT('Ctrl Pts',(2.61693879989363,0.622757566723802,1.71674777151979));
#8182=CARTESIAN_POINT('Ctrl Pts',(2.69633560066239,-1.10481756868665,1.45410729930436));
#8183=CARTESIAN_POINT('Ctrl Pts',(2.77573240143115,-1.82084685565884,-0.139880758001171));
#8184=CARTESIAN_POINT('Ctrl Pts',(2.85512920219991,-0.869750157186348,-1.60579717325622));
#8185=CARTESIAN_POINT('Ctrl Pts',(2.93452600296867,0.877670011568846,-1.60148220371122));
#8186=CARTESIAN_POINT('Ctrl Pts',(3.01392280373741,1.82151547179191,-0.130886536688383));
#8187=CARTESIAN_POINT('Ctrl Pts',(3.09331960450618,1.09762277557058,1.45954586683716));
#8188=CARTESIAN_POINT('Ctrl Pts',(3.17271640527494,-0.631228377371927,1.71365125819392));
#8189=CARTESIAN_POINT('Ctrl Pts',(3.25211320604369,-1.78214118394344,0.398776513209332));
#8190=CARTESIAN_POINT('Ctrl Pts',(3.33151000681246,-1.30136602815593,-1.28120893538977));
#8191=CARTESIAN_POINT('Ctrl Pts',(3.41090680758122,0.370910257871293,-1.7881486215307));
#8192=CARTESIAN_POINT('Ctrl Pts',(3.49030360834997,1.70358958107587,-0.657900060755799));
#8193=CARTESIAN_POINT('Ctrl Pts',(3.56970040911873,1.4765009438033,1.07470679786713));
#8194=CARTESIAN_POINT('Ctrl Pts',(3.64909720988748,-0.102438257067042,1.82333662276766));
#8195=CARTESIAN_POINT('Ctrl Pts',(3.72849401065625,-1.58758757187236,0.902560740739648));
#8196=CARTESIAN_POINT('Ctrl Pts',(3.807890811425,-1.61917731732207,-0.844578955908218));
#8197=CARTESIAN_POINT('Ctrl Pts',(3.88728761219376,-0.168286036997835,-1.81844189458488));
#8198=CARTESIAN_POINT('Ctrl Pts',(3.96668441296252,1.43668585215404,-1.12737976241371));
#8199=CARTESIAN_POINT('Ctrl Pts',(4.04608121373127,1.72625753124157,0.595883723828079));
#8200=CARTESIAN_POINT('Ctrl Pts',(4.12547801450005,0.435313344235283,1.77357328081245));
#8201=CARTESIAN_POINT('Ctrl Pts',(4.2048748152688,-1.25420578925091,1.32741250356553));
#8202=CARTESIAN_POINT('Ctrl Pts',(4.28427161603756,-1.79537991008605,-0.334083755398926));
#8203=CARTESIAN_POINT('Ctrl Pts',(4.36366841680632,-0.692788161687312,-1.68972566858806));
#8204=CARTESIAN_POINT('Ctrl Pts',(4.44306521757508,1.04418671714174,-1.49824537692554));
#8205=CARTESIAN_POINT('Ctrl Pts',(4.52246201834383,1.82497202861472,0.0649034634155632));
#8206=CARTESIAN_POINT('Ctrl Pts',(4.6018588191126,0.935150908513429,1.56880088552676));
#8207=CARTESIAN_POINT('Ctrl Pts',(4.68125561988136,-0.811436976402269,1.63601145763756));
#8208=CARTESIAN_POINT('Ctrl Pts',(4.76065242065011,-1.81401711640509,0.205952423961469));
#8209=CARTESIAN_POINT('Ctrl Pts',(4.84004922141887,-1.15778999747367,-1.41386918207182));
#8210=CARTESIAN_POINT('Ctrl Pts',(4.91945216120251,0.562739310792132,-1.73685939792277));
#8211=CARTESIAN_POINT('Ctrl Pts',(4.9723895007299,1.36006213431567,-0.895235301172008));
#8212=CARTESIAN_POINT('Ctrl Pts',(4.99886124000104,1.49267802364002,-0.398686044485145));
#8213=CARTESIAN_POINT('Ctrl Pts',(-1.39428399381636E-16,-0.825211298936489,
-0.958116152722389));
#8214=CARTESIAN_POINT('Ctrl Pts',(-2.09308560692581E-16,-0.790566213422041,
-0.995214670822122));
#8215=CARTESIAN_POINT('Ctrl Pts',(1.05647560164092E-15,-0.753656117230321,
-1.02990377574276));
#8216=CARTESIAN_POINT('Ctrl Pts',(5.03069808033274E-16,-0.714806511372567,
-1.0621827371456));
#8217=CARTESIAN_POINT('Ctrl Pts',(-7.14236301328939E-17,-0.674476533084618,
-1.09569169518499));
#8218=CARTESIAN_POINT('Ctrl Pts',(-9.89148503947066E-16,-0.632055904240471,
-1.12660392383919));
#8219=CARTESIAN_POINT('Ctrl Pts',(-1.05818132034585E-15,-0.587859062081618,
-1.15489045066227));
#8220=CARTESIAN_POINT('Ctrl Pts',(-1.11409631093368E-15,-0.552060638342854,
-1.17780188559399));
#8221=CARTESIAN_POINT('Ctrl Pts',(1.1360459078516E-15,-0.515095753841783,
-1.19899025975367));
#8222=CARTESIAN_POINT('Ctrl Pts',(1.46063716677247E-15,-0.477113028924789,
-1.21842336843855));
#8223=CARTESIAN_POINT('Ctrl Pts',(1.58000860089149E-15,-0.4589221142529,
-1.22773038952955));
#8224=CARTESIAN_POINT('Ctrl Pts',(-8.75070453480974E-16,-0.440497527632376,
-1.23663456627008));
#8225=CARTESIAN_POINT('Ctrl Pts',(8.32667268468867E-16,-0.421854601272958,
-1.24513095910052));
#8226=CARTESIAN_POINT('Ctrl Pts',(1.62318191129803E-15,-0.41279994665896,
-1.24925755924158));
#8227=CARTESIAN_POINT('Ctrl Pts',(-8.31103017158297E-16,-0.403702055346313,
-1.25328415529208));
#8228=CARTESIAN_POINT('Ctrl Pts',(-4.16333634234434E-16,-0.39456576598102,
-1.25720947664243));
#8229=CARTESIAN_POINT('Ctrl Pts',(2.18677519318797E-15,-0.344386853666987,
-1.27876837741366));
#8230=CARTESIAN_POINT('Ctrl Pts',(-1.06063707695514E-18,-0.293026689519509,
-1.29728714787769));
#8231=CARTESIAN_POINT('Ctrl Pts',(1.0547118733939E-15,-0.24081799730458,
-1.31273751499243));
#8232=CARTESIAN_POINT('Ctrl Pts',(2.12715963393383E-15,-0.187784702261079,
-1.3284319107523));
#8233=CARTESIAN_POINT('Ctrl Pts',(2.03238984806864E-15,-0.133874912838489,
-1.34096079244127));
#8234=CARTESIAN_POINT('Ctrl Pts',(2.05391259555654E-15,-0.0794035011136326,
-1.35025320027469));
#8235=CARTESIAN_POINT('Ctrl Pts',(2.06941698466346E-15,-0.0401638100351455,
-1.3569471926133));
#8236=CARTESIAN_POINT('Ctrl Pts',(1.99246553258946E-15,-0.000631908296521537,
-1.36196082176612));
#8237=CARTESIAN_POINT('Ctrl Pts',(4.16333634234434E-16,0.0390807432307198,
-1.36525199250768));
#8238=CARTESIAN_POINT('Ctrl Pts',(-2.55170711819496E-17,0.0505158425094377,
-1.36619967196814));
#8239=CARTESIAN_POINT('Ctrl Pts',(3.83684085889068E-16,0.0619659478656445,
-1.36700444847666));
#8240=CARTESIAN_POINT('Ctrl Pts',(1.04083408558608E-16,0.0734284340624771,
-1.36766509575342));
#8241=CARTESIAN_POINT('Ctrl Pts',(-1.40073813798892E-16,0.0832805727085565,
-1.36823292968185));
#8242=CARTESIAN_POINT('Ctrl Pts',(3.27626431094051E-15,0.0931413742711577,
-1.36869415831202));
#8243=CARTESIAN_POINT('Ctrl Pts',(3.20576898360514E-15,0.102995553398708,
-1.36904778116587));
#8244=CARTESIAN_POINT('Ctrl Pts',(3.07746155804368E-15,0.159805822596164,
-1.37108645016727));
#8245=CARTESIAN_POINT('Ctrl Pts',(1.540407692622E-15,0.216509561886072,
-1.36955981038825));
#8246=CARTESIAN_POINT('Ctrl Pts',(1.87350135405495E-15,0.272773619986042,
-1.36441112501192));
#8247=CARTESIAN_POINT('Ctrl Pts',(2.17823724112798E-15,0.314373484734379,
-1.36060434991392));
#8248=CARTESIAN_POINT('Ctrl Pts',(3.03582856202817E-16,0.355733736176995,
-1.35481667333804));
#8249=CARTESIAN_POINT('Ctrl Pts',(1.06858966120171E-15,0.396725434011581,
-1.34700773024313));
#8250=CARTESIAN_POINT('Ctrl Pts',(2.3443251436201E-15,0.450758526426335,
-1.33671439363601));
#8251=CARTESIAN_POINT('Ctrl Pts',(1.84265775056842E-15,0.504151924087053,
-1.32291117895219));
#8252=CARTESIAN_POINT('Ctrl Pts',(6.38378239159465E-16,0.556703600035443,
-1.30582545924888));
#8253=CARTESIAN_POINT('Ctrl Pts',(3.15635294558153E-16,0.571798768283189,
-1.3009176840181));
#8254=CARTESIAN_POINT('Ctrl Pts',(2.13898984453666E-15,0.586824448073521,
-1.29573874511114));
#8255=CARTESIAN_POINT('Ctrl Pts',(2.77555756156289E-16,0.601775714381779,
-1.29029326707576));
#8256=CARTESIAN_POINT('Ctrl Pts',(-9.16706435565474E-16,0.6114259658303,
-1.28677849908118));
#8257=CARTESIAN_POINT('Ctrl Pts',(2.11207312753284E-15,0.621045082842418,
-1.28315261641508));
#8258=CARTESIAN_POINT('Ctrl Pts',(1.81799020282369E-15,0.630618167114531,
-1.2794224289206));
#8259=CARTESIAN_POINT('Ctrl Pts',(-5.04045011050707E-16,0.683223089485172,
-1.25892472744872));
#8260=CARTESIAN_POINT('Ctrl Pts',(5.41361247606526E-16,0.734541827849463,
-1.23524485266129));
#8261=CARTESIAN_POINT('Ctrl Pts',(-2.91433543964104E-16,0.784370600708552,
-1.20866818078379));
#8262=CARTESIAN_POINT('Ctrl Pts',(-1.14299681180193E-15,0.835322351461229,
-1.18149255747139));
#8263=CARTESIAN_POINT('Ctrl Pts',(-1.00965301362413E-15,0.884717093973183,
-1.1512877420942));
#8264=CARTESIAN_POINT('Ctrl Pts',(-1.58206781009085E-15,0.932331471320335,
-1.11830430485242));
#8265=CARTESIAN_POINT('Ctrl Pts',(-2.16226188749969E-15,0.980592941685617,
-1.08487261325675));
#8266=CARTESIAN_POINT('Ctrl Pts',(3.81336689130273E-16,1.02702632326066,
-1.0485857615547));
#8267=CARTESIAN_POINT('Ctrl Pts',(-3.19189119579733E-16,1.07137920367178,
-1.00965591408594));
#8268=CARTESIAN_POINT('Ctrl Pts',(-4.04341800729848E-16,1.0767705349215,
-1.00492378166839));
#8269=CARTESIAN_POINT('Ctrl Pts',(-9.06567823858833E-16,1.08213109055534,
-1.0001525442584));
#8270=CARTESIAN_POINT('Ctrl Pts',(-1.22124532708767E-15,1.08746038620985,
-0.995342540406343));
#8271=CARTESIAN_POINT('Ctrl Pts',(-1.79464742428281E-15,1.09584846422526,
-0.987771804950665));
#8272=CARTESIAN_POINT('Ctrl Pts',(-9.90654380550724E-16,1.10415250903107,
-0.980110959764825));
#8273=CARTESIAN_POINT('Ctrl Pts',(-1.2490009027033E-15,1.1123690653171,
-0.972363599295222));
#8274=CARTESIAN_POINT('Ctrl Pts',(-2.4167141437695E-15,1.15634338036524,
-0.930900380615495));
#8275=CARTESIAN_POINT('Ctrl Pts',(-1.91897274232934E-15,1.19783123155707,
-0.886947003276757));
#8276=CARTESIAN_POINT('Ctrl Pts',(-2.27595720048157E-15,1.23658246262092,
-0.840762511745338));
#8277=CARTESIAN_POINT('Ctrl Pts',(-2.48865687746061E-15,1.25967135106296,
-0.813244713124579));
#8278=CARTESIAN_POINT('Ctrl Pts',(-3.07621803124433E-15,1.28178835868959,
-0.784933903651373));
#8279=CARTESIAN_POINT('Ctrl Pts',(-4.91273688396632E-15,1.30287573798744,
-0.755877535310759));
#8280=CARTESIAN_POINT('Ctrl Pts',(-5.60679251039763E-15,1.31118999242362,
-0.74442129715225));
#8281=CARTESIAN_POINT('Ctrl Pts',(-3.43620941795321E-15,1.31934506308026,
-0.732847749981973));
#8282=CARTESIAN_POINT('Ctrl Pts',(-3.85802501057242E-15,1.32733431330768,
-0.721163843420425));
#8283=CARTESIAN_POINT('Ctrl Pts',(-5.50687164511417E-15,1.36174153254747,
-0.670844886923055));
#8284=CARTESIAN_POINT('Ctrl Pts',(-3.52109291778634E-15,1.39298673769461,
-0.618613714213766));
#8285=CARTESIAN_POINT('Ctrl Pts',(-4.57966997657877E-15,1.42081101525996,
-0.564718042136202));
#8286=CARTESIAN_POINT('Ctrl Pts',(-5.41259648062071E-15,1.44253487877057,
-0.522638882263101));
#8287=CARTESIAN_POINT('Ctrl Pts',(-4.58543949666148E-15,1.46217310954571,
-0.479544073201882));
#8288=CARTESIAN_POINT('Ctrl Pts',(-4.46864767411626E-15,1.47958634188472,
-0.43553633888817));
#8289=CARTESIAN_POINT('Ctrl Pts',(-4.49820839737598E-15,1.48429038890538,
-0.423647997455975));
#8290=CARTESIAN_POINT('Ctrl Pts',(-4.11303450871844E-15,1.48883196702639,
-0.41169296988929));
#8291=CARTESIAN_POINT('Ctrl Pts',(1.11022302462516E-16,1.49321197575969,
-0.399674260752515));
#8292=CARTESIAN_POINT('Ctrl Pts',(0.00109688123829233,1.49248482441454,
0.399004521137863));
#8293=CARTESIAN_POINT('Ctrl Pts',(0.0275624814945453,1.35978528079088,0.895369962061331));
#8294=CARTESIAN_POINT('Ctrl Pts',(0.080493682007051,0.562566737940442,1.7367167704361));
#8295=CARTESIAN_POINT('Ctrl Pts',(0.159890482775811,-1.15771083369792,1.41377383665977));
#8296=CARTESIAN_POINT('Ctrl Pts',(0.239287283544569,-1.81389517502206,-0.205938550232474));
#8297=CARTESIAN_POINT('Ctrl Pts',(0.318684084313328,-0.811381808783444,
-1.63590096147182));
#8298=CARTESIAN_POINT('Ctrl Pts',(0.398080885082087,0.93508752706477,-1.56869489914411));
#8299=CARTESIAN_POINT('Ctrl Pts',(0.477477685850846,1.82484888827185,-0.0648990990206976));
#8300=CARTESIAN_POINT('Ctrl Pts',(0.556874486619604,1.0441161116585,1.49814419192062));
#8301=CARTESIAN_POINT('Ctrl Pts',(0.636271287388364,-0.692741323218678,
1.689611524955));
#8302=CARTESIAN_POINT('Ctrl Pts',(0.71566808815712,-1.79525866529858,0.334061196134091));
#8303=CARTESIAN_POINT('Ctrl Pts',(0.795064888925883,-1.25412105886591,-1.32732284688747));
#8304=CARTESIAN_POINT('Ctrl Pts',(0.874461689694637,0.435283932604502,-1.7734534812985));
#8305=CARTESIAN_POINT('Ctrl Pts',(0.953858490463399,1.7261409348192,-0.595843476041426));
#8306=CARTESIAN_POINT('Ctrl Pts',(1.03325529123215,1.43658880782661,1.12730361381247));
#8307=CARTESIAN_POINT('Ctrl Pts',(1.11265209200091,-0.16827466857756,1.81831906639952));
#8308=CARTESIAN_POINT('Ctrl Pts',(1.19204889276967,-1.61906794989838,0.844521908653855));
#8309=CARTESIAN_POINT('Ctrl Pts',(1.27144569353843,-1.58748033694104,-0.902499776945172));
#8310=CARTESIAN_POINT('Ctrl Pts',(1.35084249430719,-0.102431338066716,-1.82321346438643));
#8311=CARTESIAN_POINT('Ctrl Pts',(1.43023929507595,1.47640121286524,-1.07463420625566));
#8312=CARTESIAN_POINT('Ctrl Pts',(1.50963609584471,1.70347451109696,0.657855622562194));
#8313=CARTESIAN_POINT('Ctrl Pts',(1.58903289661347,0.370885204574002,1.78802784002269));
#8314=CARTESIAN_POINT('Ctrl Pts',(1.66842969738222,-1.30127812668847,1.28112239543137));
#8315=CARTESIAN_POINT('Ctrl Pts',(1.74782649815098,-1.78202080821609,-0.398749577633811));
#8316=CARTESIAN_POINT('Ctrl Pts',(1.82722329891974,-0.631185740708037,-1.71353550866606));
#8317=CARTESIAN_POINT('Ctrl Pts',(1.9066200996885,1.09754863603499,-1.45944728100371));
#8318=CARTESIAN_POINT('Ctrl Pts',(1.98601690045726,1.82139243651693,0.130877695885439));
#8319=CARTESIAN_POINT('Ctrl Pts',(2.06541370122602,0.877610728862301,1.60137403070685));
#8320=CARTESIAN_POINT('Ctrl Pts',(2.14481050199477,-0.869691409430021,1.60568870879576));
#8321=CARTESIAN_POINT('Ctrl Pts',(2.22420730276354,-1.8207238655476,0.139871309677755));
#8322=CARTESIAN_POINT('Ctrl Pts',(2.30360410353229,-1.1047429431714,-1.45400908082007));
#8323=CARTESIAN_POINT('Ctrl Pts',(2.38300090430105,0.622715502218496,-1.71663181283936));
#8324=CARTESIAN_POINT('Ctrl Pts',(2.46239770506981,1.78002979088665,-0.407545483607733));
#8325=CARTESIAN_POINT('Ctrl Pts',(2.54179450583857,1.30758927084564,1.27468022514227));
#8326=CARTESIAN_POINT('Ctrl Pts',(2.62119130660733,-0.362050258331459,1.78983769879884));
#8327=CARTESIAN_POINT('Ctrl Pts',(2.70058810737609,-1.70020480199399,0.666260466281472));
#8328=CARTESIAN_POINT('Ctrl Pts',(2.77998490814485,-1.48169048200218,-1.06732970215371));
#8329=CARTESIAN_POINT('Ctrl Pts',(2.8593817089136,0.093425957933911,-1.82369706036347));
#8330=CARTESIAN_POINT('Ctrl Pts',(2.93877850968237,1.58300371489836,-0.910328850725685));
#8331=CARTESIAN_POINT('Ctrl Pts',(3.01817531045112,1.62321925885143,0.836515758897799));
#8332=CARTESIAN_POINT('Ctrl Pts',(3.09757211121988,0.177252152746832,1.81746555730312));
#8333=CARTESIAN_POINT('Ctrl Pts',(3.17696891198864,-1.43100299559434,1.13438521044721));
#8334=CARTESIAN_POINT('Ctrl Pts',(3.2563657127574,-1.72906433241919,-0.587312445677057));
#8335=CARTESIAN_POINT('Ctrl Pts',(3.33576251352616,-0.444033678922834,-1.77128017849093));
#8336=CARTESIAN_POINT('Ctrl Pts',(3.41515931429492,1.2475441223393,-1.33350404926078));
#8337=CARTESIAN_POINT('Ctrl Pts',(3.49455611506368,1.79689887558878,0.325198071921462));
#8338=CARTESIAN_POINT('Ctrl Pts',(3.57395291583243,0.701053892028038,1.6861562300512));
#8339=CARTESIAN_POINT('Ctrl Pts',(3.6533497166012,-1.03666013946246,1.5033080806486));
#8340=CARTESIAN_POINT('Ctrl Pts',(3.73274651736995,-1.82523163445146,-0.0559347763233255));
#8341=CARTESIAN_POINT('Ctrl Pts',(3.81214331813872,-0.94266269372494,-1.56396501290706));
#8342=CARTESIAN_POINT('Ctrl Pts',(3.89154011890746,0.802987069958355,-1.64006446002596));
#8343=CARTESIAN_POINT('Ctrl Pts',(3.97093691967623,1.81343957374211,-0.214558134244568));
#8344=CARTESIAN_POINT('Ctrl Pts',(4.05033372044499,1.16354908457027,1.40739266699546));
#8345=CARTESIAN_POINT('Ctrl Pts',(4.12973052121374,-0.551662496465225,1.74076687999315));
#8346=CARTESIAN_POINT('Ctrl Pts',(4.20912732198251,-1.76178063017993,0.480334243961884));
#8347=CARTESIAN_POINT('Ctrl Pts',(4.28852412275126,-1.3588597101135,-1.21988099441857));
#8348=CARTESIAN_POINT('Ctrl Pts',(4.36792092352003,0.288216028789401,-1.80320189965219));
#8349=CARTESIAN_POINT('Ctrl Pts',(4.44731772428878,1.67138156203449,-0.735550292082957));
#8350=CARTESIAN_POINT('Ctrl Pts',(4.52671452505754,1.52431787347121,1.00555092699065));
#8351=CARTESIAN_POINT('Ctrl Pts',(4.60611132582629,-0.0184711674466958,
1.82599925804571));
#8352=CARTESIAN_POINT('Ctrl Pts',(4.68550812659506,-1.54416864520377,0.974591480185563));
#8353=CARTESIAN_POINT('Ctrl Pts',(4.76490492736381,-1.65640225103322,-0.769105943706667));
#8354=CARTESIAN_POINT('Ctrl Pts',(4.84430172813258,-0.251421403591676,-1.80867345675915));
#8355=CARTESIAN_POINT('Ctrl Pts',(4.92369852890134,1.38251621404919,-1.19217251701726));
#8356=CARTESIAN_POINT('Ctrl Pts',(5.00309532967009,1.75303278939319,0.515680981807072));
#8357=CARTESIAN_POINT('Ctrl Pts',(5.08249213043885,0.513784802168389,1.75176815030179));
#8358=CARTESIAN_POINT('Ctrl Pts',(5.13542333095136,-0.618893775421676,1.50587976729935));
#8359=CARTESIAN_POINT('Ctrl Pts',(5.16188893120761,-1.008199932997,1.17057612059234));
#8360=CARTESIAN_POINT('Ctrl Pts',(-0.0532137483588316,1.4016075995312,0.374709182918164));
#8361=CARTESIAN_POINT('Ctrl Pts',(-0.0267481481025787,1.2769881154636,0.840850990702301));
#8362=CARTESIAN_POINT('Ctrl Pts',(0.0261830524099273,0.528312115635815,
1.63096829117266));
#8363=CARTESIAN_POINT('Ctrl Pts',(0.105579853178686,-1.08721795761448,1.32768931453491));
#8364=CARTESIAN_POINT('Ctrl Pts',(0.184976653947445,-1.70344731180847,-0.193398976204331));
#8365=CARTESIAN_POINT('Ctrl Pts',(0.264373454716204,-0.761976866169038,
-1.5362911449225));
#8366=CARTESIAN_POINT('Ctrl Pts',(0.343770255484962,0.878150157858343,-1.47317725180133));
#8367=CARTESIAN_POINT('Ctrl Pts',(0.423167056253722,1.71373405475075,-0.06094740053777));
#8368=CARTESIAN_POINT('Ctrl Pts',(0.50256385702248,0.980540004798762,1.40692236881749));
#8369=CARTESIAN_POINT('Ctrl Pts',(0.58196065779124,-0.650560385773752,1.58673127853169));
#8370=CARTESIAN_POINT('Ctrl Pts',(0.661357458559996,-1.68594557696341,0.313720249312211));
#8371=CARTESIAN_POINT('Ctrl Pts',(0.740754259328759,-1.17775777554595,-1.24650231533084));
#8372=CARTESIAN_POINT('Ctrl Pts',(0.820151060097514,0.408779545300648,-1.66546810804464));
#8373=CARTESIAN_POINT('Ctrl Pts',(0.899547860866274,1.62103641693879,-0.55956263707964));
#8374=CARTESIAN_POINT('Ctrl Pts',(0.978944661635033,1.34911508479899,1.05866222976059));
#8375=CARTESIAN_POINT('Ctrl Pts',(1.05834146240379,-0.158028443860006,1.70760183296186));
#8376=CARTESIAN_POINT('Ctrl Pts',(1.13773826317255,-1.52048309343791,0.79309906926803));
#8377=CARTESIAN_POINT('Ctrl Pts',(1.21713506394131,-1.49081884650701,-0.847546671999003));
#8378=CARTESIAN_POINT('Ctrl Pts',(1.29653186471007,-0.0961943059761278,
-1.71219821163277));
#8379=CARTESIAN_POINT('Ctrl Pts',(1.37592866547883,1.38650331719167,-1.00919985621627));
#8380=CARTESIAN_POINT('Ctrl Pts',(1.45532546624759,1.59975014908293,0.617798871314614));
#8381=CARTESIAN_POINT('Ctrl Pts',(1.53472226701635,0.348302048222513,1.67915503578553));
#8382=CARTESIAN_POINT('Ctrl Pts',(1.6141190677851,-1.22204345507213,1.20311500391341));
#8383=CARTESIAN_POINT('Ctrl Pts',(1.69351586855386,-1.67351377143695,-0.374469762893998));
#8384=CARTESIAN_POINT('Ctrl Pts',(1.77291266932262,-0.592752915420193,-1.60919853369699));
#8385=CARTESIAN_POINT('Ctrl Pts',(1.85230947009138,1.03071902906964,-1.37058170824106));
#8386=CARTESIAN_POINT('Ctrl Pts',(1.93170627086014,1.71048806593539,0.122908568423215));
#8387=CARTESIAN_POINT('Ctrl Pts',(2.0111030716289,0.824173115117623,1.50386655489852));
#8388=CARTESIAN_POINT('Ctrl Pts',(2.09049987239766,-0.816736002111296,1.50791851274761));
#8389=CARTESIAN_POINT('Ctrl Pts',(2.16989667316642,-1.70986020417352,0.131354562132735));
#8390=CARTESIAN_POINT('Ctrl Pts',(2.24929347393517,-1.03747527569327,-1.36547463942504));
#8391=CARTESIAN_POINT('Ctrl Pts',(2.32869027470394,0.584798428753004,-1.61210630427447));
#8392=CARTESIAN_POINT('Ctrl Pts',(2.40808707547269,1.67164398691781,-0.382730087190861));
#8393=CARTESIAN_POINT('Ctrl Pts',(2.48748387624145,1.22797031440614,1.19706509661321));
#8394=CARTESIAN_POINT('Ctrl Pts',(2.56688067701021,-0.340005060814381,1.68085469247431));
#8395=CARTESIAN_POINT('Ctrl Pts',(2.64627747777897,-1.59667953218151,0.625691945091384));
#8396=CARTESIAN_POINT('Ctrl Pts',(2.72567427854773,-1.39147052335486,-1.00234012250734));
#8397=CARTESIAN_POINT('Ctrl Pts',(2.80507107931648,0.0877372623772021,-1.71265236150781));
#8398=CARTESIAN_POINT('Ctrl Pts',(2.88446788008524,1.48661480545238,-0.854899034400653));
#8399=CARTESIAN_POINT('Ctrl Pts',(2.963864680854,1.52438162967856,0.785580413026101));
#8400=CARTESIAN_POINT('Ctrl Pts',(3.04326148162276,0.166459290077325,1.70680029393365));
#8401=CARTESIAN_POINT('Ctrl Pts',(3.12265828239152,-1.34386939201456,1.06531262881169));
#8402=CARTESIAN_POINT('Ctrl Pts',(3.20205508316028,-1.6237818092038,-0.551551060147715));
#8403=CARTESIAN_POINT('Ctrl Pts',(3.28145188392904,-0.416996520597905,-1.66342713738863));
#8404=CARTESIAN_POINT('Ctrl Pts',(3.3608486846978,1.17158130790855,-1.25230714502086));
#8405=CARTESIAN_POINT('Ctrl Pts',(3.44024548546656,1.68748591504255,0.305396799687267));
#8406=CARTESIAN_POINT('Ctrl Pts',(3.51964228623531,0.658366803248982,1.58348637612693));
#8407=CARTESIAN_POINT('Ctrl Pts',(3.59903908700408,-0.973538025870126,1.41177182897003));
#8408=CARTESIAN_POINT('Ctrl Pts',(3.67843588777283,-1.71409349556063,-0.05252891439188));
#8409=CARTESIAN_POINT('Ctrl Pts',(3.75783268854159,-0.885264073514253,-1.46873536777925));
#8410=CARTESIAN_POINT('Ctrl Pts',(3.83722948931035,0.754093282000643,-1.54020112854087));
#8411=CARTESIAN_POINT('Ctrl Pts',(3.91662629007911,1.70301945203671,-0.20149371476282));
#8412=CARTESIAN_POINT('Ctrl Pts',(3.99602309084787,1.09270071808,1.32169669353865));
#8413=CARTESIAN_POINT('Ctrl Pts',(4.07541989161663,-0.518071832137603,1.63477179003659));
#8414=CARTESIAN_POINT('Ctrl Pts',(4.15481669238538,-1.65450601545359,0.451086748514271));
#8415=CARTESIAN_POINT('Ctrl Pts',(4.23421349315415,-1.27611890267558,-1.14560258458336));
#8416=CARTESIAN_POINT('Ctrl Pts',(4.3136102939229,0.270666588798578,-1.69340514871434));
#8417=CARTESIAN_POINT('Ctrl Pts',(4.39300709469166,1.56961133590273,-0.690762721574255));
#8418=CARTESIAN_POINT('Ctrl Pts',(4.47240389546042,1.4315023379863,0.944323049675629));
#8419=CARTESIAN_POINT('Ctrl Pts',(4.55180069622918,-0.0173464602399949,
1.71481437864479));
#8420=CARTESIAN_POINT('Ctrl Pts',(4.63119749699794,-1.45014439856995,0.915248719934076));
#8421=CARTESIAN_POINT('Ctrl Pts',(4.71059429776669,-1.55554411338114,-0.722275173529312));
#8422=CARTESIAN_POINT('Ctrl Pts',(4.78999109853546,-0.236112383988311,-1.69854354335456));
#8423=CARTESIAN_POINT('Ctrl Pts',(4.86938789930421,1.29833496487749,-1.11958127310212));
#8424=CARTESIAN_POINT('Ctrl Pts',(4.94878470007297,1.64629082966032,0.484281227662081));
#8425=CARTESIAN_POINT('Ctrl Pts',(5.02818150084173,0.482500506177898,1.64510319429401));
#8426=CARTESIAN_POINT('Ctrl Pts',(5.08111270135424,-0.581209406449976,1.41418692592401));
#8427=CARTESIAN_POINT('Ctrl Pts',(5.10757830161049,-0.946810758018763,1.09929987870768));
#8428=CARTESIAN_POINT('Ctrl Pts',(-0.107524377955956,1.31073037464785,0.350413844698467));
#8429=CARTESIAN_POINT('Ctrl Pts',(-0.0810587776997026,1.19419095013633,
0.786332019343274));
#8430=CARTESIAN_POINT('Ctrl Pts',(-0.0281275771871964,0.494057493331192,
1.52521981190922));
#8431=CARTESIAN_POINT('Ctrl Pts',(0.051269223581562,-1.01672508153105,1.24160479241005));
#8432=CARTESIAN_POINT('Ctrl Pts',(0.130666024350321,-1.59299944859488,-0.180859402176187));
#8433=CARTESIAN_POINT('Ctrl Pts',(0.210062825119079,-0.712571923554636,
-1.4366813283732));
#8434=CARTESIAN_POINT('Ctrl Pts',(0.289459625887838,0.82121278865192,-1.37765960445855));
#8435=CARTESIAN_POINT('Ctrl Pts',(0.368856426656597,1.60261922122963,-0.0569957020548437));
#8436=CARTESIAN_POINT('Ctrl Pts',(0.448253227425355,0.916963897939025,1.31570054571436));
#8437=CARTESIAN_POINT('Ctrl Pts',(0.527650028194115,-0.608379448328826,
1.48385103210837));
#8438=CARTESIAN_POINT('Ctrl Pts',(0.607046828962872,-1.57663248862825,0.293379302490333));
#8439=CARTESIAN_POINT('Ctrl Pts',(0.686443629731633,-1.101394492226,-1.16568178377421));
#8440=CARTESIAN_POINT('Ctrl Pts',(0.765840430500391,0.382275157996794,-1.55748273479078));
#8441=CARTESIAN_POINT('Ctrl Pts',(0.845237231269151,1.51593189905838,-0.523281798117856));
#8442=CARTESIAN_POINT('Ctrl Pts',(0.924634032037908,1.26164136177138,0.990020845708707));
#8443=CARTESIAN_POINT('Ctrl Pts',(1.00403083280667,-0.147782219142449,1.59688459952421));
#8444=CARTESIAN_POINT('Ctrl Pts',(1.08342763357543,-1.42189823697745,0.741676229882205));
#8445=CARTESIAN_POINT('Ctrl Pts',(1.16282443434419,-1.39415735607298,-0.792593567052833));
#8446=CARTESIAN_POINT('Ctrl Pts',(1.24222123511295,-0.0899572738855373,
-1.6011829588791));
#8447=CARTESIAN_POINT('Ctrl Pts',(1.32161803588171,1.2966054215181,-0.943765506176863));
#8448=CARTESIAN_POINT('Ctrl Pts',(1.40101483665047,1.49602578706891,0.577742120067036));
#8449=CARTESIAN_POINT('Ctrl Pts',(1.48041163741922,0.325718891871023,1.57028223154837));
#8450=CARTESIAN_POINT('Ctrl Pts',(1.55980843818799,-1.1428087834558,1.12510761239546));
#8451=CARTESIAN_POINT('Ctrl Pts',(1.63920523895674,-1.5650067346578,-0.350189948154184));
#8452=CARTESIAN_POINT('Ctrl Pts',(1.7186020397255,-0.554320090132344,-1.50486155872794));
#8453=CARTESIAN_POINT('Ctrl Pts',(1.79799884049426,0.963889422104301,-1.28171613547841));
#8454=CARTESIAN_POINT('Ctrl Pts',(1.87739564126302,1.59958369535387,0.114939440960989));
#8455=CARTESIAN_POINT('Ctrl Pts',(1.95679244203178,0.770735501372944,1.40635907909019));
#8456=CARTESIAN_POINT('Ctrl Pts',(2.03618924280054,-0.763780594792571,1.41014831669947));
#8457=CARTESIAN_POINT('Ctrl Pts',(2.11558604356929,-1.59899654279944,0.122837814587714));
#8458=CARTESIAN_POINT('Ctrl Pts',(2.19498284433805,-0.970207608215132,-1.27694019803));
#8459=CARTESIAN_POINT('Ctrl Pts',(2.27437964510681,0.546881355287513,-1.50758079570958));
#8460=CARTESIAN_POINT('Ctrl Pts',(2.35377644587557,1.56325818294896,-0.357914690773989));
#8461=CARTESIAN_POINT('Ctrl Pts',(2.43317324664433,1.14835135796663,1.11944996808415));
#8462=CARTESIAN_POINT('Ctrl Pts',(2.51257004741309,-0.317959863297301,1.57187168614977));
#8463=CARTESIAN_POINT('Ctrl Pts',(2.59196684818185,-1.49315426236902,0.585123423901297));
#8464=CARTESIAN_POINT('Ctrl Pts',(2.67136364895061,-1.30125056470755,-0.937350542860957));
#8465=CARTESIAN_POINT('Ctrl Pts',(2.75076044971937,0.0820485668204925,-1.60160766265216));
#8466=CARTESIAN_POINT('Ctrl Pts',(2.83015725048813,1.3902258960064,-0.79946921807562));
#8467=CARTESIAN_POINT('Ctrl Pts',(2.90955405125688,1.42554400050568,0.734645067154399));
#8468=CARTESIAN_POINT('Ctrl Pts',(2.98895085202565,0.155666427407816,1.59613503056418));
#8469=CARTESIAN_POINT('Ctrl Pts',(3.0683476527944,-1.25673578843479,0.996240047176163));
#8470=CARTESIAN_POINT('Ctrl Pts',(3.14774445356316,-1.51849928598842,-0.515789674618371));
#8471=CARTESIAN_POINT('Ctrl Pts',(3.22714125433192,-0.389959362272977,-1.55557409628633));
#8472=CARTESIAN_POINT('Ctrl Pts',(3.30653805510068,1.09561849347779,-1.17111024078094));
#8473=CARTESIAN_POINT('Ctrl Pts',(3.38593485586944,1.57807295449632,0.285595527453074));
#8474=CARTESIAN_POINT('Ctrl Pts',(3.46533165663819,0.615679714469925,1.48081652220267));
#8475=CARTESIAN_POINT('Ctrl Pts',(3.54472845740696,-0.910415912277791,1.32023557729146));
#8476=CARTESIAN_POINT('Ctrl Pts',(3.62412525817571,-1.60295535666979,-0.0491230524604346));
#8477=CARTESIAN_POINT('Ctrl Pts',(3.70352205894447,-0.827865453303568,-1.37350572265144));
#8478=CARTESIAN_POINT('Ctrl Pts',(3.78291885971323,0.705199494042933,-1.44033779705579));
#8479=CARTESIAN_POINT('Ctrl Pts',(3.86231566048199,1.59259933033131,-0.18842929528107));
#8480=CARTESIAN_POINT('Ctrl Pts',(3.94171246125075,1.02185235158972,1.23600072008184));
#8481=CARTESIAN_POINT('Ctrl Pts',(4.02110926201951,-0.48448116780998,1.52877670008003));
#8482=CARTESIAN_POINT('Ctrl Pts',(4.10050606278826,-1.54723140072725,0.421839253066657));
#8483=CARTESIAN_POINT('Ctrl Pts',(4.17990286355702,-1.19337809523766,-1.07132417474815));
#8484=CARTESIAN_POINT('Ctrl Pts',(4.25929966432578,0.253117148807753,-1.58360839777648));
#8485=CARTESIAN_POINT('Ctrl Pts',(4.33869646509453,1.46784110977097,-0.645975151065552));
#8486=CARTESIAN_POINT('Ctrl Pts',(4.4180932658633,1.33868680250137,0.883095172360604));
#8487=CARTESIAN_POINT('Ctrl Pts',(4.49749006663205,-0.0162217530332944,
1.60362949924386));
#8488=CARTESIAN_POINT('Ctrl Pts',(4.57688686740082,-1.35612015193611,0.855905959682584));
#8489=CARTESIAN_POINT('Ctrl Pts',(4.65628366816957,-1.45468597572907,-0.675444403351953));
#8490=CARTESIAN_POINT('Ctrl Pts',(4.73568046893834,-0.220803364384945,-1.58841362994997));
#8491=CARTESIAN_POINT('Ctrl Pts',(4.81507726970709,1.21415371570579,-1.04699002918697));
#8492=CARTESIAN_POINT('Ctrl Pts',(4.89447407047585,1.53954886992746,0.452881473517089));
#8493=CARTESIAN_POINT('Ctrl Pts',(4.97387087124461,0.451216210187404,1.53843823828622));
#8494=CARTESIAN_POINT('Ctrl Pts',(5.02680207175712,-0.543525037478276,1.32249408454867));
#8495=CARTESIAN_POINT('Ctrl Pts',(5.05326767201336,-0.885421583040529,1.02802363682303));
#8496=CARTESIAN_POINT('Ctrl Pts',(-0.161835007553079,1.2198531497645,0.326118506478768));
#8497=CARTESIAN_POINT('Ctrl Pts',(-0.135369407296826,1.11139378480905,0.731813047984245));
#8498=CARTESIAN_POINT('Ctrl Pts',(-0.0824382067843202,0.459802871026567,
1.41947133264578));
#8499=CARTESIAN_POINT('Ctrl Pts',(-0.00304140601556177,-0.946232205447626,
1.1555202702852));
#8500=CARTESIAN_POINT('Ctrl Pts',(0.076355394753197,-1.48255158538129,-0.168319828148045));
#8501=CARTESIAN_POINT('Ctrl Pts',(0.155752195521956,-0.66316698094023,-1.33707151182389));
#8502=CARTESIAN_POINT('Ctrl Pts',(0.235148996290715,0.764275419445492,-1.28214195711577));
#8503=CARTESIAN_POINT('Ctrl Pts',(0.314545797059474,1.49150438770852,-0.0530440035719159));
#8504=CARTESIAN_POINT('Ctrl Pts',(0.393942597828232,0.853387791079287,1.22447872261122));
#8505=CARTESIAN_POINT('Ctrl Pts',(0.473339398596992,-0.566198510883899,
1.38097078568505));
#8506=CARTESIAN_POINT('Ctrl Pts',(0.55273619936575,-1.46731940029309,0.273038355668453));
#8507=CARTESIAN_POINT('Ctrl Pts',(0.632133000134509,-1.02503120890605,-1.08486125221756));
#8508=CARTESIAN_POINT('Ctrl Pts',(0.711529800903268,0.35577077069294,-1.44949736153694));
#8509=CARTESIAN_POINT('Ctrl Pts',(0.790926601672026,1.41082738117798,-0.487000959156071));
#8510=CARTESIAN_POINT('Ctrl Pts',(0.870323402440785,1.17416763874376,0.921379461656824));
#8511=CARTESIAN_POINT('Ctrl Pts',(0.949720203209545,-0.137535994424893,
1.48616736608656));
#8512=CARTESIAN_POINT('Ctrl Pts',(1.0291170039783,-1.32331338051697,0.690253390496379));
#8513=CARTESIAN_POINT('Ctrl Pts',(1.10851380474706,-1.29749586563895,-0.737640462106665));
#8514=CARTESIAN_POINT('Ctrl Pts',(1.18791060551582,-0.0837202417949477,
-1.49016770612544));
#8515=CARTESIAN_POINT('Ctrl Pts',(1.26730740628458,1.20670752584454,-0.878331156137464));
#8516=CARTESIAN_POINT('Ctrl Pts',(1.34670420705333,1.39230142505489,0.537685368819458));
#8517=CARTESIAN_POINT('Ctrl Pts',(1.4261010078221,0.303135735519535,1.4614094273112));
#8518=CARTESIAN_POINT('Ctrl Pts',(1.50549780859085,-1.06357411183947,1.04710022087751));
#8519=CARTESIAN_POINT('Ctrl Pts',(1.58489460935961,-1.45649969787867,-0.325910133414371));
#8520=CARTESIAN_POINT('Ctrl Pts',(1.66429141012837,-0.515887264844497,-1.40052458375887));
#8521=CARTESIAN_POINT('Ctrl Pts',(1.74368821089713,0.897059815138956,-1.19285056271575));
#8522=CARTESIAN_POINT('Ctrl Pts',(1.82308501166589,1.48867932477235,0.106970313498766));
#8523=CARTESIAN_POINT('Ctrl Pts',(1.90248181243465,0.717297887628266,1.30885160328187));
#8524=CARTESIAN_POINT('Ctrl Pts',(1.98187861320341,-0.710825187473846,1.31237812065133));
#8525=CARTESIAN_POINT('Ctrl Pts',(2.06127541397217,-1.48813288142536,0.114321067042693));
#8526=CARTESIAN_POINT('Ctrl Pts',(2.14067221474092,-0.902939940736999,-1.18840575663496));
#8527=CARTESIAN_POINT('Ctrl Pts',(2.22006901550968,0.508964281822022,-1.4030552871447));
#8528=CARTESIAN_POINT('Ctrl Pts',(2.29946581627844,1.45487237898013,-0.333099294357116));
#8529=CARTESIAN_POINT('Ctrl Pts',(2.3788626170472,1.06873240152712,1.04183483955508));
#8530=CARTESIAN_POINT('Ctrl Pts',(2.45825941781596,-0.295914665780222,1.46288867982525));
#8531=CARTESIAN_POINT('Ctrl Pts',(2.53765621858472,-1.38962899255654,0.54455490271121));
#8532=CARTESIAN_POINT('Ctrl Pts',(2.61705301935348,-1.21103060606023,-0.872360963214579));
#8533=CARTESIAN_POINT('Ctrl Pts',(2.69644982012223,0.0763598712637841,-1.4905629637965));
#8534=CARTESIAN_POINT('Ctrl Pts',(2.77584662089099,1.29383698656042,-0.744039401750587));
#8535=CARTESIAN_POINT('Ctrl Pts',(2.85524342165975,1.32670637133282,0.6837097212827));
#8536=CARTESIAN_POINT('Ctrl Pts',(2.93464022242852,0.144873564738309,1.4854697671947));
#8537=CARTESIAN_POINT('Ctrl Pts',(3.01403702319727,-1.16960218485501,0.92716746554064));
#8538=CARTESIAN_POINT('Ctrl Pts',(3.09343382396603,-1.41321676277304,-0.480028289089029));
#8539=CARTESIAN_POINT('Ctrl Pts',(3.17283062473479,-0.362922203948046,-1.44772105518403));
#8540=CARTESIAN_POINT('Ctrl Pts',(3.25222742550355,1.01965567904703,-1.08991333654102));
#8541=CARTESIAN_POINT('Ctrl Pts',(3.33162422627231,1.46865999395009,0.265794255218877));
#8542=CARTESIAN_POINT('Ctrl Pts',(3.41102102704107,0.57299262569087,1.37814666827841));
#8543=CARTESIAN_POINT('Ctrl Pts',(3.49041782780982,-0.847293798685454,1.22869932561289));
#8544=CARTESIAN_POINT('Ctrl Pts',(3.56981462857858,-1.49181721777896,-0.0457171905289879));
#8545=CARTESIAN_POINT('Ctrl Pts',(3.64921142934734,-0.77046683309288,-1.27827607752363));
#8546=CARTESIAN_POINT('Ctrl Pts',(3.7286082301161,0.656305706085223,-1.3404744655707));
#8547=CARTESIAN_POINT('Ctrl Pts',(3.80800503088486,1.4821792086259,-0.175364875799322));
#8548=CARTESIAN_POINT('Ctrl Pts',(3.88740183165362,0.951003985099432,1.15030474662503));
#8549=CARTESIAN_POINT('Ctrl Pts',(3.96679863242237,-0.450890503482358,1.42278161012347));
#8550=CARTESIAN_POINT('Ctrl Pts',(4.04619543319114,-1.4399567860009,0.392591757619043));
#8551=CARTESIAN_POINT('Ctrl Pts',(4.12559223395989,-1.11063728779974,-0.997045764912939));
#8552=CARTESIAN_POINT('Ctrl Pts',(4.20498903472865,0.235567708816928,-1.47381164683863));
#8553=CARTESIAN_POINT('Ctrl Pts',(4.28438583549741,1.36607088363921,-0.601187580556849));
#8554=CARTESIAN_POINT('Ctrl Pts',(4.36378263626617,1.24587126701646,0.821867295045581));
#8555=CARTESIAN_POINT('Ctrl Pts',(4.44317943703493,-0.0150970458265933,
1.49244461984293));
#8556=CARTESIAN_POINT('Ctrl Pts',(4.52257623780369,-1.26209590530229,0.796563199431097));
#8557=CARTESIAN_POINT('Ctrl Pts',(4.60197303857245,-1.35382783807701,-0.628613633174599));
#8558=CARTESIAN_POINT('Ctrl Pts',(4.6813698393412,-0.205494344781579,-1.47828371654537));
#8559=CARTESIAN_POINT('Ctrl Pts',(4.76076664010997,1.12997246653409,-0.974398785271836));
#8560=CARTESIAN_POINT('Ctrl Pts',(4.84016344087872,1.4328069101946,0.4214817193721));
#8561=CARTESIAN_POINT('Ctrl Pts',(4.91956024164748,0.419931914196911,1.43177328227844));
#8562=CARTESIAN_POINT('Ctrl Pts',(4.97249144215999,-0.505840668506578,1.23080124317333));
#8563=CARTESIAN_POINT('Ctrl Pts',(4.99895704241624,-0.824032408062295,0.956747394938376));
#8564=CARTESIAN_POINT('Ctrl Pts',(-1.04562625918847E-14,1.4906494282185,
0.398513841857232));
#8565=CARTESIAN_POINT('Ctrl Pts',(-1.17358776027546E-14,1.47016437954658,
0.454576456578983));
#8566=CARTESIAN_POINT('Ctrl Pts',(-1.21721268439903E-14,1.44623585017414,
0.509147221570277));
#8567=CARTESIAN_POINT('Ctrl Pts',(-1.14266235362592E-14,1.41914423747058,
0.562043721152453));
#8568=CARTESIAN_POINT('Ctrl Pts',(-1.06689312156161E-14,1.39160967566991,
0.61580508090322));
#8569=CARTESIAN_POINT('Ctrl Pts',(-1.12614650364136E-14,1.36080692462226,
0.667837748105717));
#8570=CARTESIAN_POINT('Ctrl Pts',(-1.10432496480684E-14,1.32698624998473,
0.717919073553526));
#8571=CARTESIAN_POINT('Ctrl Pts',(-1.08257684506102E-14,1.29327936581496,
0.767831899185468));
#8572=CARTESIAN_POINT('Ctrl Pts',(-1.01111175653947E-14,1.25657389584695,
0.815807151558656));
#8573=CARTESIAN_POINT('Ctrl Pts',(-1.01862962509358E-14,1.21708760772153,
0.86158314049774));
#8574=CARTESIAN_POINT('Ctrl Pts',(-1.02031147409004E-14,1.20825399037643,
0.871823849084902));
#8575=CARTESIAN_POINT('Ctrl Pts',(-1.02343185196475E-14,1.19928111185265,
0.881954303005137));
#8576=CARTESIAN_POINT('Ctrl Pts',(-1.05124242644195E-14,1.19017127690544,
0.891971236383672));
#8577=CARTESIAN_POINT('Ctrl Pts',(-1.08606798138922E-14,1.18398109675801,
0.898777794625093));
#8578=CARTESIAN_POINT('Ctrl Pts',(-9.66568420294726E-15,1.17772846282606,
0.905530986575363));
#8579=CARTESIAN_POINT('Ctrl Pts',(-9.86710713135608E-15,1.17142097791958,
0.912222794246539));
#8580=CARTESIAN_POINT('Ctrl Pts',(-1.08947089319001E-14,1.13080634144442,
0.955312130163485));
#8581=CARTESIAN_POINT('Ctrl Pts',(-1.12352269029228E-14,1.08784536697837,
0.995942520077629));
#8582=CARTESIAN_POINT('Ctrl Pts',(-1.03528297046296E-14,1.04277914592468,
1.03390794580499));
#8583=CARTESIAN_POINT('Ctrl Pts',(-9.47847920977298E-15,0.998123890042386,
1.07152715950646));
#8584=CARTESIAN_POINT('Ctrl Pts',(-8.5977015262385E-15,0.951400674878126,
1.10653033839139));
#8585=CARTESIAN_POINT('Ctrl Pts',(-9.43689570931383E-15,0.902820045987428,
1.13867234252312));
#8586=CARTESIAN_POINT('Ctrl Pts',(-1.02517268878268E-14,0.855649782072058,
1.16988121841218));
#8587=CARTESIAN_POINT('Ctrl Pts',(-7.23863090350517E-15,0.806727563834316,
1.19839293635284));
#8588=CARTESIAN_POINT('Ctrl Pts',(-9.88098491916389E-15,0.756236258095512,
1.22393484252396));
#8589=CARTESIAN_POINT('Ctrl Pts',(-1.02468023815131E-14,0.749246051171454,
1.22747096041115));
#8590=CARTESIAN_POINT('Ctrl Pts',(-1.03318435906802E-14,0.742225765199183,
1.23095007510818));
#8591=CARTESIAN_POINT('Ctrl Pts',(-1.06720188242093E-14,0.73517588323118,
1.23437138253576));
#8592=CARTESIAN_POINT('Ctrl Pts',(-1.13420454819469E-14,0.725919392660806,
1.23886355702684));
#8593=CARTESIAN_POINT('Ctrl Pts',(-1.00356734162875E-14,0.716619516050413,
1.24325234067799));
#8594=CARTESIAN_POINT('Ctrl Pts',(-9.68669588985449E-15,0.707280772584181,
1.24753498903027));
#8595=CARTESIAN_POINT('Ctrl Pts',(-8.08802698395667E-15,0.656647307005807,
1.2707549574033));
#8596=CARTESIAN_POINT('Ctrl Pts',(-8.60924337429971E-15,0.604841328169642,
1.29087385896005));
#8597=CARTESIAN_POINT('Ctrl Pts',(-8.3544282603043E-15,0.552053230584201,
1.30767969974426));
#8598=CARTESIAN_POINT('Ctrl Pts',(-8.08702993200737E-15,0.512650246955412,
1.32022419934886));
#8599=CARTESIAN_POINT('Ctrl Pts',(-7.79011308311957E-15,0.472699621513641,
1.3309218812865));
#8600=CARTESIAN_POINT('Ctrl Pts',(-7.8687056870308E-15,0.432277875869711,
1.33966573208456));
#8601=CARTESIAN_POINT('Ctrl Pts',(-8.07230997285395E-15,0.376696846590683,
1.35168877115614));
#8602=CARTESIAN_POINT('Ctrl Pts',(-7.78969014153883E-15,0.320223872043986,
1.36001918217345));
#8603=CARTESIAN_POINT('Ctrl Pts',(-9.57567358739198E-15,0.263205455616189,
1.36471943549437));
#8604=CARTESIAN_POINT('Ctrl Pts',(-1.00253473767176E-14,0.24884939456984,
1.36590286232093));
#8605=CARTESIAN_POINT('Ctrl Pts',(-9.63652612389707E-15,0.234458838566002,
1.36685591856039));
#8606=CARTESIAN_POINT('Ctrl Pts',(-8.72912853111529E-15,0.220039521763981,
1.36757912114197));
#8607=CARTESIAN_POINT('Ctrl Pts',(-8.0403511290643E-15,0.209979595693594,
1.36808367795312));
#8608=CARTESIAN_POINT('Ctrl Pts',(-7.8865874569885E-15,0.199905797523646,
1.36847623890207));
#8609=CARTESIAN_POINT('Ctrl Pts',(-7.64666108210577E-15,0.189834411675257,
1.36875685483319));
#8610=CARTESIAN_POINT('Ctrl Pts',(-6.50297432100681E-15,0.134344042024442,
1.37030296596254));
#8611=CARTESIAN_POINT('Ctrl Pts',(-7.04210829172515E-15,0.0788163308559736,
1.36846137378282));
#8612=CARTESIAN_POINT('Ctrl Pts',(-8.07687250414801E-15,0.0235664640234478,
1.36334257413553));
#8613=CARTESIAN_POINT('Ctrl Pts',(-9.11233859785234E-15,-0.0317208788319896,
1.3582203024029));
#8614=CARTESIAN_POINT('Ctrl Pts',(-8.91768603895744E-15,-0.0867311382806464,
1.34981591973031));
#8615=CARTESIAN_POINT('Ctrl Pts',(-7.59114993087451E-15,-0.14113346804165,
1.33819110940938));
#8616=CARTESIAN_POINT('Ctrl Pts',(-6.7802634545905E-15,-0.174388585043549,
1.33108508235051));
#8617=CARTESIAN_POINT('Ctrl Pts',(-5.508346262832E-15,-0.207416173795509,
1.32277476905582));
#8618=CARTESIAN_POINT('Ctrl Pts',(-7.2997163869104E-15,-0.240135163082948,
1.31326633416471));
#8619=CARTESIAN_POINT('Ctrl Pts',(-8.34894010102344E-15,-0.258271826026197,
1.30799565550093));
#8620=CARTESIAN_POINT('Ctrl Pts',(-6.32127502854065E-15,-0.276313151210607,
1.30235687738807));
#8621=CARTESIAN_POINT('Ctrl Pts',(-5.98132654516803E-15,-0.294245928157842,
1.29634987823613));
#8622=CARTESIAN_POINT('Ctrl Pts',(-5.74976952148819E-15,-0.306460897952735,
1.29225819107497));
#8623=CARTESIAN_POINT('Ctrl Pts',(-5.03967694533953E-15,-0.318625649635022,
1.28799540242755));
#8624=CARTESIAN_POINT('Ctrl Pts',(-5.07927033766009E-15,-0.330717725732279,
1.28356847008582));
#8625=CARTESIAN_POINT('Ctrl Pts',(-5.6879453722872E-15,-0.381151059199196,
1.26510472959738));
#8626=CARTESIAN_POINT('Ctrl Pts',(-6.52856548969169E-15,-0.430392675923195,
1.2437663757875));
#8627=CARTESIAN_POINT('Ctrl Pts',(-7.52176099183544E-15,-0.478127540571104,
1.21960103261582));
#8628=CARTESIAN_POINT('Ctrl Pts',(-8.21625171700554E-15,-0.511506085574245,
1.20270344632282));
#8629=CARTESIAN_POINT('Ctrl Pts',(-8.39779734825597E-15,-0.544147400991903,
1.18442272892064));
#8630=CARTESIAN_POINT('Ctrl Pts',(-7.35522753814166E-15,-0.575932699353298,
1.16476468406638));
#8631=CARTESIAN_POINT('Ctrl Pts',(-6.83584985418979E-15,-0.588803737282493,
1.15680441771758));
#8632=CARTESIAN_POINT('Ctrl Pts',(-7.66599283794131E-15,-0.601536019963935,
1.14861682376192));
#8633=CARTESIAN_POINT('Ctrl Pts',(-7.35522753814166E-15,-0.614102362181557,
1.14021518078728));
#8634=CARTESIAN_POINT('Ctrl Pts',(-6.07047468247097E-15,-0.656675611850396,
1.11175142914073));
#8635=CARTESIAN_POINT('Ctrl Pts',(-5.69436099767967E-15,-0.697397069734216,
1.08080371130569));
#8636=CARTESIAN_POINT('Ctrl Pts',(-1.83186799063151E-15,-0.735965923494202,
1.04739846335727));
#8637=CARTESIAN_POINT('Ctrl Pts',(8.39805660261242E-16,-0.759692927127201,
1.02684803568924));
#8638=CARTESIAN_POINT('Ctrl Pts',(1.38531655072659E-15,-0.782604563013453,
1.00536691229106));
#8639=CARTESIAN_POINT('Ctrl Pts',(6.10622663543836E-16,-0.804622472137642,
0.982955883993205));
#8640=CARTESIAN_POINT('Ctrl Pts',(5.62544639577186E-16,-0.812060249571443,
0.975385308621952));
#8641=CARTESIAN_POINT('Ctrl Pts',(6.12372571161585E-16,-0.819395979883724,
0.967708585846557));
#8642=CARTESIAN_POINT('Ctrl Pts',(7.49400541621981E-16,-0.826628619298778,
0.959928266438416));
#8643=CARTESIAN_POINT('Origin',(0.,-1.65,4.15));
#8644=CARTESIAN_POINT('',(0.,-1.65,4.));
#8645=CARTESIAN_POINT('',(0.,-1.65,4.));
#8646=CARTESIAN_POINT('Origin',(0.,-1.65,4.15));
#8647=CARTESIAN_POINT('Origin',(0.,-3.07238284109627,4.));
#8648=CARTESIAN_POINT('',(0.,-3.07238284109627,4.));
#8649=CARTESIAN_POINT('',(0.,-3.07238284109627,4.));
#8650=CARTESIAN_POINT('',(0.,-1.65,4.));
#8651=CARTESIAN_POINT('Origin',(0.,-3.07238284109627,3.85));
#8652=CARTESIAN_POINT('',(0.,-3.16608709822943,3.73286967858354));
#8653=CARTESIAN_POINT('',(0.,-3.16608709822943,3.73286967858354));
#8654=CARTESIAN_POINT('Origin',(0.,-3.07238284109627,3.85));
#8655=CARTESIAN_POINT('Origin',(0.,-1.,2.));
#8656=CARTESIAN_POINT('',(0.,-1.,2.));
#8657=CARTESIAN_POINT('',(0.,-1.,2.));
#8658=CARTESIAN_POINT('',(0.,-1.,2.));
#8659=CARTESIAN_POINT('Origin',(0.,1.,2.));
#8660=CARTESIAN_POINT('',(0.,1.,2.));
#8661=CARTESIAN_POINT('',(0.,1.,2.));
#8662=CARTESIAN_POINT('',(0.,1.,2.));
#8663=CARTESIAN_POINT('Origin',(0.,3.16608709822943,3.73286967858355));
#8664=CARTESIAN_POINT('',(0.,3.16608709822943,3.73286967858355));
#8665=CARTESIAN_POINT('',(0.,3.16608709822943,3.73286967858355));
#8666=CARTESIAN_POINT('',(0.,1.,2.));
#8667=CARTESIAN_POINT('Origin',(0.,3.07238284109627,3.85));
#8668=CARTESIAN_POINT('',(0.,3.07238284109627,4.));
#8669=CARTESIAN_POINT('',(0.,3.07238284109627,4.));
#8670=CARTESIAN_POINT('Origin',(0.,3.07238284109627,3.85));
#8671=CARTESIAN_POINT('Origin',(0.,1.65,4.));
#8672=CARTESIAN_POINT('',(0.,1.65,4.));
#8673=CARTESIAN_POINT('',(0.,1.65,4.));
#8674=CARTESIAN_POINT('',(0.,3.07238284109627,4.));
#8675=CARTESIAN_POINT('Origin',(0.,1.65,4.15));
#8676=CARTESIAN_POINT('',(0.,1.5,4.15));
#8677=CARTESIAN_POINT('',(0.,1.5,4.15));
#8678=CARTESIAN_POINT('Origin',(0.,1.65,4.15));
#8679=CARTESIAN_POINT('Origin',(0.,1.5,4.85));
#8680=CARTESIAN_POINT('',(0.,1.5,4.85));
#8681=CARTESIAN_POINT('',(0.,1.5,4.85));
#8682=CARTESIAN_POINT('',(0.,1.5,4.85));
#8683=CARTESIAN_POINT('Origin',(0.,1.65,4.85));
#8684=CARTESIAN_POINT('',(0.,1.65,5.));
#8685=CARTESIAN_POINT('',(0.,1.65,5.));
#8686=CARTESIAN_POINT('Origin',(0.,1.65,4.85));
#8687=CARTESIAN_POINT('Origin',(0.,4.95000000000002,5.00000000000002));
#8688=CARTESIAN_POINT('',(0.,4.95000000000002,5.00000000000002));
#8689=CARTESIAN_POINT('',(0.,4.95000000000002,5.00000000000002));
#8690=CARTESIAN_POINT('',(0.,4.95000000000002,5.00000000000002));
#8691=CARTESIAN_POINT('Origin',(0.,4.95000000000002,4.95000000000002));
#8692=CARTESIAN_POINT('',(0.,5.00000000000002,4.95000000000002));
#8693=CARTESIAN_POINT('',(0.,5.00000000000002,4.95000000000002));
#8694=CARTESIAN_POINT('Origin',(0.,4.95000000000002,4.95000000000002));
#8695=CARTESIAN_POINT('Origin',(0.,5.,1.65));
#8696=CARTESIAN_POINT('',(0.,5.,1.65));
#8697=CARTESIAN_POINT('',(0.,5.,1.65));
#8698=CARTESIAN_POINT('',(0.,5.,1.65));
#8699=CARTESIAN_POINT('Origin',(0.,4.85,1.65));
#8700=CARTESIAN_POINT('',(0.,4.85,1.5));
#8701=CARTESIAN_POINT('',(0.,4.85,1.5));
#8702=CARTESIAN_POINT('Origin',(0.,4.85,1.65));
#8703=CARTESIAN_POINT('Origin',(0.,4.15,1.5));
#8704=CARTESIAN_POINT('',(0.,4.15,1.5));
#8705=CARTESIAN_POINT('',(0.,4.15,1.5));
#8706=CARTESIAN_POINT('',(0.,4.85,1.5));
#8707=CARTESIAN_POINT('Origin',(0.,4.15,1.65));
#8708=CARTESIAN_POINT('',(0.,4.,1.65));
#8709=CARTESIAN_POINT('',(0.,4.,1.65));
#8710=CARTESIAN_POINT('Origin',(0.,4.15,1.65));
#8711=CARTESIAN_POINT('Origin',(0.,4.,3.07238284109627));
#8712=CARTESIAN_POINT('',(0.,4.,3.07238284109627));
#8713=CARTESIAN_POINT('',(0.,4.,3.07238284109627));
#8714=CARTESIAN_POINT('',(0.,4.,1.65));
#8715=CARTESIAN_POINT('Origin',(0.,3.85,3.07238284109627));
#8716=CARTESIAN_POINT('',(0.,3.73286967858355,3.16608709822943));
#8717=CARTESIAN_POINT('',(0.,3.73286967858355,3.16608709822943));
#8718=CARTESIAN_POINT('Origin',(0.,3.85,3.07238284109627));
#8719=CARTESIAN_POINT('Origin',(0.,2.,1.));
#8720=CARTESIAN_POINT('',(0.,2.,1.));
#8721=CARTESIAN_POINT('',(0.,2.,1.));
#8722=CARTESIAN_POINT('',(0.,2.,1.));
#8723=CARTESIAN_POINT('Origin',(0.,2.,-1.));
#8724=CARTESIAN_POINT('',(0.,2.,-1.));
#8725=CARTESIAN_POINT('',(0.,2.,-1.));
#8726=CARTESIAN_POINT('',(0.,2.,-1.));
#8727=CARTESIAN_POINT('Origin',(0.,3.73286967858355,-3.16608709822943));
#8728=CARTESIAN_POINT('',(0.,3.73286967858355,-3.16608709822943));
#8729=CARTESIAN_POINT('',(0.,3.73286967858355,-3.16608709822943));
#8730=CARTESIAN_POINT('',(0.,2.,-1.));
#8731=CARTESIAN_POINT('Origin',(0.,3.85,-3.07238284109627));
#8732=CARTESIAN_POINT('',(0.,4.,-3.07238284109627));
#8733=CARTESIAN_POINT('',(0.,4.,-3.07238284109627));
#8734=CARTESIAN_POINT('Origin',(0.,3.85,-3.07238284109627));
#8735=CARTESIAN_POINT('Origin',(0.,4.,-1.65));
#8736=CARTESIAN_POINT('',(0.,4.,-1.65));
#8737=CARTESIAN_POINT('',(0.,4.,-1.65));
#8738=CARTESIAN_POINT('',(0.,4.,-3.07238284109627));
#8739=CARTESIAN_POINT('Origin',(0.,4.15,-1.65));
#8740=CARTESIAN_POINT('',(0.,4.15,-1.5));
#8741=CARTESIAN_POINT('',(0.,4.15,-1.5));
#8742=CARTESIAN_POINT('Origin',(0.,4.15,-1.65));
#8743=CARTESIAN_POINT('Origin',(0.,4.85,-1.5));
#8744=CARTESIAN_POINT('',(0.,4.85,-1.5));
#8745=CARTESIAN_POINT('',(0.,4.85,-1.5));
#8746=CARTESIAN_POINT('',(0.,4.85,-1.5));
#8747=CARTESIAN_POINT('Origin',(0.,4.85,-1.65));
#8748=CARTESIAN_POINT('',(0.,5.,-1.65));
#8749=CARTESIAN_POINT('',(0.,5.,-1.65));
#8750=CARTESIAN_POINT('Origin',(0.,4.85,-1.65));
#8751=CARTESIAN_POINT('Origin',(0.,5.,-4.95));
#8752=CARTESIAN_POINT('',(0.,5.,-4.95));
#8753=CARTESIAN_POINT('',(0.,5.,-4.95));
#8754=CARTESIAN_POINT('',(0.,5.,-4.95));
#8755=CARTESIAN_POINT('Origin',(0.,4.95,-4.95));
#8756=CARTESIAN_POINT('',(0.,4.95,-5.));
#8757=CARTESIAN_POINT('',(0.,4.95,-5.));
#8758=CARTESIAN_POINT('Origin',(0.,4.95,-4.95));
#8759=CARTESIAN_POINT('Origin',(0.,1.65,-5.));
#8760=CARTESIAN_POINT('',(0.,1.65,-5.));
#8761=CARTESIAN_POINT('',(0.,1.65,-5.));
#8762=CARTESIAN_POINT('',(0.,1.65,-5.));
#8763=CARTESIAN_POINT('Origin',(0.,1.65,-4.85));
#8764=CARTESIAN_POINT('Origin',(0.,1.65,-4.85));
#8765=CARTESIAN_POINT('Origin',(0.,7.7715611723761E-15,1.11022302462516E-14));
#8766=UNCERTAINTY_MEASURE_WITH_UNIT(LENGTH_MEASURE(0.01),#8770,
'DISTANCE_ACCURACY_VALUE',
'Maximum model space distance between geometric entities at asserted c
onnectivities');
#8767=UNCERTAINTY_MEASURE_WITH_UNIT(LENGTH_MEASURE(0.01),#8770,
'DISTANCE_ACCURACY_VALUE',
'Maximum model space distance between geometric entities at asserted c
onnectivities');
#8768=(
GEOMETRIC_REPRESENTATION_CONTEXT(3)
GLOBAL_UNCERTAINTY_ASSIGNED_CONTEXT((#8766))
GLOBAL_UNIT_ASSIGNED_CONTEXT((#8770,#8772,#8773))
REPRESENTATION_CONTEXT('','3D')
);
#8769=(
GEOMETRIC_REPRESENTATION_CONTEXT(3)
GLOBAL_UNCERTAINTY_ASSIGNED_CONTEXT((#8767))
GLOBAL_UNIT_ASSIGNED_CONTEXT((#8770,#8772,#8773))
REPRESENTATION_CONTEXT('','3D')
);
#8770=(
LENGTH_UNIT()
NAMED_UNIT(*)
SI_UNIT(.MILLI.,.METRE.)
);
#8771=(
LENGTH_UNIT()
NAMED_UNIT(*)
SI_UNIT($,.METRE.)
);
#8772=(
NAMED_UNIT(*)
PLANE_ANGLE_UNIT()
SI_UNIT($,.RADIAN.)
);
#8773=(
NAMED_UNIT(*)
SI_UNIT($,.STERADIAN.)
SOLID_ANGLE_UNIT()
);
#8774=SHAPE_DEFINITION_REPRESENTATION(#8775,#8776);
#8775=PRODUCT_DEFINITION_SHAPE('',$,#8778);
#8776=SHAPE_REPRESENTATION('',(#1993),#8768);
#8777=PRODUCT_DEFINITION_CONTEXT('part definition',#8782,'design');
#8778=PRODUCT_DEFINITION('MakerBeam Profile 10x10x350',
'MakerBeam_PROFILE_10x10x40mm v3',#8779,#8777);
#8779=PRODUCT_DEFINITION_FORMATION('',$,#8784);
#8780=PRODUCT_RELATED_PRODUCT_CATEGORY(
'MakerBeam_PROFILE_10x10x40mm v3','MakerBeam_PROFILE_10x10x40mm v3',(#8784));
#8781=APPLICATION_PROTOCOL_DEFINITION('international standard',
'automotive_design',2009,#8782);
#8782=APPLICATION_CONTEXT(
'Core Data for Automotive Mechanical Design Process');
#8783=PRODUCT_CONTEXT('part definition',#8782,'mechanical');
#8784=PRODUCT('MakerBeam Profile 10x10x350',
'MakerBeam_PROFILE_10x10x40mm v3',$,(#8783));
#8785=PRESENTATION_STYLE_ASSIGNMENT((#8788));
#8786=PRESENTATION_STYLE_ASSIGNMENT((#8789));
#8787=PRESENTATION_STYLE_ASSIGNMENT((#8790));
#8788=SURFACE_STYLE_USAGE(.BOTH.,#8791);
#8789=SURFACE_STYLE_USAGE(.BOTH.,#8792);
#8790=SURFACE_STYLE_USAGE(.BOTH.,#8793);
#8791=SURFACE_SIDE_STYLE('',(#8794));
#8792=SURFACE_SIDE_STYLE('',(#8795));
#8793=SURFACE_SIDE_STYLE('',(#8796));
#8794=SURFACE_STYLE_FILL_AREA(#8797);
#8795=SURFACE_STYLE_FILL_AREA(#8798);
#8796=SURFACE_STYLE_FILL_AREA(#8799);
#8797=FILL_AREA_STYLE('Acier - Satin\X\E9',(#8800));
#8798=FILL_AREA_STYLE('Opaque(20,20,20)',(#8801));
#8799=FILL_AREA_STYLE('Opaque(245,245,246)',(#8802));
#8800=FILL_AREA_STYLE_COLOUR('Acier - Satin\X\E9',#8803);
#8801=FILL_AREA_STYLE_COLOUR('Opaque(20,20,20)',#8804);
#8802=FILL_AREA_STYLE_COLOUR('Opaque(245,245,246)',#8805);
#8803=COLOUR_RGB('Acier - Satin\X\E9',0.627450980392157,0.627450980392157,
0.627450980392157);
#8804=COLOUR_RGB('Opaque(20,20,20)',0.0784313725490196,0.0784313725490196,
0.0784313725490196);
#8805=COLOUR_RGB('Opaque(245,245,246)',0.96078431372549,0.96078431372549,
0.964705882352941);
ENDSEC;
END-ISO-10303-21;
