ISO-10303-21;
HEADER;
/* Generated by software containing ST-Developer
 * from STEP Tools, Inc. (www.steptools.com) 
 */

FILE_DESCRIPTION(
/* description */ (''),
/* implementation_level */ '2;1');

FILE_NAME(
/* name */ 'MakerBeam_HINGE_LOCKNUT.step',
/* time_stamp */ '2026-08-10T14:32:37+02:00',
/* author */ (''),
/* organization */ (''),
/* preprocessor_version */ 'ST-DEVELOPER v20.1',
/* originating_system */ 'Autodesk Translation Framework v15.8.0.0',
/* authorisation */ '');

FILE_SCHEMA (('AUTOMOTIVE_DESIGN { 1 0 10303 214 3 1 1 }'));
ENDSEC;

DATA;
#10=MECHANICAL_DESIGN_GEOMETRIC_PRESENTATION_REPRESENTATION('',(#13,#14),
#5715);
#11=SHAPE_REPRESENTATION_RELATIONSHIP('SRR','None',#5722,#12);
#12=ADVANCED_BREP_SHAPE_REPRESENTATION('',(#15,#16),#5714);
#13=STYLED_ITEM('',(#5732),#15);
#14=STYLED_ITEM('',(#5733),#16);
#15=MANIFOLD_SOLID_BREP('Corps1',#1164);
#16=MANIFOLD_SOLID_BREP('Corps2',#1165);
#17=FACE_BOUND('',#194,.T.);
#18=FACE_BOUND('',#198,.T.);
#19=FACE_BOUND('',#201,.T.);
#20=FACE_BOUND('',#206,.T.);
#21=FACE_BOUND('',#209,.T.);
#22=PLANE('',#1245);
#23=PLANE('',#1248);
#24=PLANE('',#1251);
#25=PLANE('',#1279);
#26=PLANE('',#1281);
#27=PLANE('',#1283);
#28=PLANE('',#1291);
#29=PLANE('',#1293);
#30=PLANE('',#1294);
#31=PLANE('',#1305);
#32=PLANE('',#1310);
#33=B_SPLINE_SURFACE_WITH_KNOTS('',3,3,((#4520,#4521,#4522,#4523,#4524),
(#4525,#4526,#4527,#4528,#4529),(#4530,#4531,#4532,#4533,#4534),(#4535,
#4536,#4537,#4538,#4539),(#4540,#4541,#4542,#4543,#4544)),.UNSPECIFIED.,
 .F.,.F.,.F.,(4,1,4),(4,1,4),(0.,0.571428571428571,1.),(0.,0.0108058581976967,
0.0252136691279591),.UNSPECIFIED.);
#34=B_SPLINE_SURFACE_WITH_KNOTS('',3,3,((#4567,#4568,#4569,#4570,#4571),
(#4572,#4573,#4574,#4575,#4576),(#4577,#4578,#4579,#4580,#4581),(#4582,
#4583,#4584,#4585,#4586),(#4587,#4588,#4589,#4590,#4591)),.UNSPECIFIED.,
 .F.,.F.,.F.,(4,1,4),(4,1,4),(0.,0.571428571428571,1.),(0.,0.0108058581976968,
0.0252136691279591),.UNSPECIFIED.);
#35=B_SPLINE_SURFACE_WITH_KNOTS('',3,3,((#4611,#4612,#4613,#4614,#4615),
(#4616,#4617,#4618,#4619,#4620),(#4621,#4622,#4623,#4624,#4625),(#4626,
#4627,#4628,#4629,#4630),(#4631,#4632,#4633,#4634,#4635)),.UNSPECIFIED.,
 .F.,.F.,.F.,(4,1,4),(4,1,4),(0.,0.571428571428571,1.),(0.,0.0108058581996606,
0.0252136691325413),.UNSPECIFIED.);
#36=B_SPLINE_SURFACE_WITH_KNOTS('',3,3,((#4655,#4656,#4657,#4658,#4659),
(#4660,#4661,#4662,#4663,#4664),(#4665,#4666,#4667,#4668,#4669),(#4670,
#4671,#4672,#4673,#4674),(#4675,#4676,#4677,#4678,#4679)),.UNSPECIFIED.,
 .F.,.F.,.F.,(4,1,4),(4,1,4),(0.,0.571428571428571,1.),(0.,0.0144078109302622,
0.0252136691279588),.UNSPECIFIED.);
#37=B_SPLINE_SURFACE_WITH_KNOTS('',3,3,((#4699,#4700,#4701,#4702,#4703),
(#4704,#4705,#4706,#4707,#4708),(#4709,#4710,#4711,#4712,#4713),(#4714,
#4715,#4716,#4717,#4718),(#4719,#4720,#4721,#4722,#4723)),.UNSPECIFIED.,
 .F.,.F.,.F.,(4,1,4),(4,1,4),(0.,0.571428571428571,1.),(0.,0.0108058581976967,
0.025213669127959),.UNSPECIFIED.);
#38=B_SPLINE_SURFACE_WITH_KNOTS('',3,3,((#4743,#4744,#4745,#4746,#4747),
(#4748,#4749,#4750,#4751,#4752),(#4753,#4754,#4755,#4756,#4757),(#4758,
#4759,#4760,#4761,#4762),(#4763,#4764,#4765,#4766,#4767)),.UNSPECIFIED.,
 .F.,.F.,.F.,(4,1,4),(4,1,4),(0.,0.571428571428571,1.),(0.,0.0108058581996602,
0.0252136691325406),.UNSPECIFIED.);
#39=B_SPLINE_SURFACE_WITH_KNOTS('',3,3,((#4824,#4825,#4826,#4827,#4828),
(#4829,#4830,#4831,#4832,#4833),(#4834,#4835,#4836,#4837,#4838),(#4839,
#4840,#4841,#4842,#4843),(#4844,#4845,#4846,#4847,#4848)),.UNSPECIFIED.,
 .F.,.F.,.F.,(4,1,4),(4,1,4),(0.,0.571428571428571,1.),(0.,0.0108258798715437,
0.0252603863669353),.UNSPECIFIED.);
#40=B_SPLINE_SURFACE_WITH_KNOTS('',3,3,((#4861,#4862,#4863,#4864,#4865),
(#4866,#4867,#4868,#4869,#4870),(#4871,#4872,#4873,#4874,#4875),(#4876,
#4877,#4878,#4879,#4880),(#4881,#4882,#4883,#4884,#4885)),.UNSPECIFIED.,
 .F.,.F.,.F.,(4,1,4),(4,1,4),(0.,0.571428571428571,1.),(0.,0.0108258798715438,
0.0252603863669354),.UNSPECIFIED.);
#41=B_SPLINE_SURFACE_WITH_KNOTS('',3,3,((#4889,#4890,#4891,#4892,#4893),
(#4894,#4895,#4896,#4897,#4898),(#4899,#4900,#4901,#4902,#4903),(#4904,
#4905,#4906,#4907,#4908),(#4909,#4910,#4911,#4912,#4913)),.UNSPECIFIED.,
 .F.,.F.,.F.,(4,1,4),(4,1,4),(0.,0.571428571428571,1.),(0.,0.0108258798715438,
0.0252603863669355),.UNSPECIFIED.);
#42=B_SPLINE_SURFACE_WITH_KNOTS('',3,3,((#4917,#4918,#4919,#4920,#4921),
(#4922,#4923,#4924,#4925,#4926),(#4927,#4928,#4929,#4930,#4931),(#4932,
#4933,#4934,#4935,#4936),(#4937,#4938,#4939,#4940,#4941)),.UNSPECIFIED.,
 .F.,.F.,.F.,(4,1,4),(4,1,4),(0.,0.571428571428571,1.),(0.,0.0108258798715439,
0.0252603863669357),.UNSPECIFIED.);
#43=B_SPLINE_SURFACE_WITH_KNOTS('',3,3,((#4945,#4946,#4947,#4948,#4949),
(#4950,#4951,#4952,#4953,#4954),(#4955,#4956,#4957,#4958,#4959),(#4960,
#4961,#4962,#4963,#4964),(#4965,#4966,#4967,#4968,#4969)),.UNSPECIFIED.,
 .F.,.F.,.F.,(4,1,4),(4,1,4),(0.,0.571428571428571,1.),(5.96719534987065E-17,
0.0108258798715438,0.0252603863669356),.UNSPECIFIED.);
#44=B_SPLINE_SURFACE_WITH_KNOTS('',3,3,((#4981,#4982,#4983,#4984,#4985),
(#4986,#4987,#4988,#4989,#4990),(#4991,#4992,#4993,#4994,#4995),(#4996,
#4997,#4998,#4999,#5000),(#5001,#5002,#5003,#5004,#5005)),.UNSPECIFIED.,
 .F.,.F.,.F.,(4,1,4),(4,1,4),(0.,0.571428571428571,1.),(6.54207912339901E-17,
0.0144345064953918,0.0252603863669355),.UNSPECIFIED.);
#45=B_SPLINE_SURFACE_WITH_KNOTS('',3,3,((#5025,#5026,#5027,#5028,#5029,
#5030,#5031,#5032,#5033,#5034,#5035,#5036,#5037,#5038,#5039,#5040,#5041,
#5042,#5043,#5044,#5045,#5046,#5047,#5048,#5049,#5050,#5051,#5052,#5053,
#5054,#5055,#5056,#5057,#5058,#5059,#5060,#5061,#5062,#5063,#5064,#5065),
(#5066,#5067,#5068,#5069,#5070,#5071,#5072,#5073,#5074,#5075,#5076,#5077,
#5078,#5079,#5080,#5081,#5082,#5083,#5084,#5085,#5086,#5087,#5088,#5089,
#5090,#5091,#5092,#5093,#5094,#5095,#5096,#5097,#5098,#5099,#5100,#5101,
#5102,#5103,#5104,#5105,#5106),(#5107,#5108,#5109,#5110,#5111,#5112,#5113,
#5114,#5115,#5116,#5117,#5118,#5119,#5120,#5121,#5122,#5123,#5124,#5125,
#5126,#5127,#5128,#5129,#5130,#5131,#5132,#5133,#5134,#5135,#5136,#5137,
#5138,#5139,#5140,#5141,#5142,#5143,#5144,#5145,#5146,#5147),(#5148,#5149,
#5150,#5151,#5152,#5153,#5154,#5155,#5156,#5157,#5158,#5159,#5160,#5161,
#5162,#5163,#5164,#5165,#5166,#5167,#5168,#5169,#5170,#5171,#5172,#5173,
#5174,#5175,#5176,#5177,#5178,#5179,#5180,#5181,#5182,#5183,#5184,#5185,
#5186,#5187,#5188)),.UNSPECIFIED.,.F.,.F.,.F.,(4,4),(4,1,1,1,1,1,1,1,1,
1,1,1,1,1,1,1,1,1,1,1,1,1,1,1,1,1,1,1,1,1,1,1,1,1,1,1,1,1,4),(-0.000257825009863174,
0.0323755669214334),(11.8551034385695,12.8510120199657,13.846662776352,
14.8423135327383,15.8379642891247,16.833615045511,17.8292658018973,18.8249165582837,
19.82056731467,20.8162180710563,21.8118688274427,22.807519583829,23.8031703402153,
24.7988210966016,25.794471852988,26.7901226093743,27.7857733657606,28.781424122147,
29.7770748785333,30.7727256349196,31.768376391306,32.7640271476923,33.7596779040786,
34.755328660465,35.7509794168513,36.7466301732376,37.742280929624,38.7379316860103,
39.7335824423966,40.7292331987829,41.7248839551693,42.7205347115556,43.7161854679419,
44.7118362243283,45.7074869807146,46.7031377371009,47.6987884934873,48.6944392498736,
49.6900900062599),.UNSPECIFIED.);
#46=B_SPLINE_SURFACE_WITH_KNOTS('',3,3,((#5350,#5351,#5352,#5353,#5354,
#5355,#5356,#5357,#5358,#5359,#5360,#5361,#5362,#5363,#5364,#5365,#5366,
#5367,#5368,#5369,#5370,#5371,#5372,#5373,#5374,#5375,#5376,#5377,#5378,
#5379,#5380,#5381,#5382,#5383,#5384,#5385,#5386,#5387,#5388,#5389,#5390),
(#5391,#5392,#5393,#5394,#5395,#5396,#5397,#5398,#5399,#5400,#5401,#5402,
#5403,#5404,#5405,#5406,#5407,#5408,#5409,#5410,#5411,#5412,#5413,#5414,
#5415,#5416,#5417,#5418,#5419,#5420,#5421,#5422,#5423,#5424,#5425,#5426,
#5427,#5428,#5429,#5430,#5431),(#5432,#5433,#5434,#5435,#5436,#5437,#5438,
#5439,#5440,#5441,#5442,#5443,#5444,#5445,#5446,#5447,#5448,#5449,#5450,
#5451,#5452,#5453,#5454,#5455,#5456,#5457,#5458,#5459,#5460,#5461,#5462,
#5463,#5464,#5465,#5466,#5467,#5468,#5469,#5470,#5471,#5472),(#5473,#5474,
#5475,#5476,#5477,#5478,#5479,#5480,#5481,#5482,#5483,#5484,#5485,#5486,
#5487,#5488,#5489,#5490,#5491,#5492,#5493,#5494,#5495,#5496,#5497,#5498,
#5499,#5500,#5501,#5502,#5503,#5504,#5505,#5506,#5507,#5508,#5509,#5510,
#5511,#5512,#5513)),.UNSPECIFIED.,.F.,.F.,.F.,(4,4),(4,1,1,1,1,1,1,1,1,
1,1,1,1,1,1,1,1,1,1,1,1,1,1,1,1,1,1,1,1,1,1,1,1,1,1,1,1,1,4),(-0.000229290857515735,
0.0324162487722711),(14.3984001269719,15.3940508833582,16.3897016397445,
17.3853523961309,18.3810031525172,19.3766539089035,20.3723046652898,21.3679554216762,
22.3636061780625,23.3592569344488,24.3549076908352,25.3505584472215,26.3462092036078,
27.3418599599942,28.3375107163805,29.3331614727668,30.3288122291532,31.3244629855395,
32.3201137419258,33.3157644983121,34.3114152546985,35.3070660110848,36.3027167674711,
37.2983675238575,38.2940182802438,39.2896690366301,40.2853197930165,41.2809705494028,
42.2766213057891,43.2722720621755,44.2679228185618,45.2635735749481,46.2592243313344,
47.2548750877208,48.2505258441071,49.2461766004934,50.2418273568798,51.2374781132661,
52.2333867084308),.UNSPECIFIED.);
#47=ELLIPSE('',#1203,0.203262593937811,0.174983162105636);
#48=ELLIPSE('',#1210,0.201138868724164,0.171189334724687);
#49=ELLIPSE('',#1240,0.204163759338964,0.174331905370469);
#50=ELLIPSE('',#1241,0.205620134292627,0.17762946380393);
#51=SPHERICAL_SURFACE('',#1201,8.63325707894393);
#52=SPHERICAL_SURFACE('',#1254,10.5736461041322);
#53=TOROIDAL_SURFACE('',#1197,2.67,0.12);
#54=TOROIDAL_SURFACE('',#1215,10.1767948983427,0.06);
#55=TOROIDAL_SURFACE('',#1220,10.1767948983427,0.06);
#56=TOROIDAL_SURFACE('',#1225,10.1767948983427,0.06);
#57=TOROIDAL_SURFACE('',#1230,10.1767948983427,0.06);
#58=TOROIDAL_SURFACE('',#1235,10.1767948983427,0.06);
#59=TOROIDAL_SURFACE('',#1242,10.1767948983427,0.06);
#60=TOROIDAL_SURFACE('',#1259,8.15666212011152,0.06);
#61=TOROIDAL_SURFACE('',#1263,8.15666212011152,0.06);
#62=TOROIDAL_SURFACE('',#1266,8.15666212011152,0.06);
#63=TOROIDAL_SURFACE('',#1269,8.15666212011152,0.06);
#64=TOROIDAL_SURFACE('',#1272,8.15666212011152,0.06);
#65=TOROIDAL_SURFACE('',#1276,8.15666212011152,0.06);
#66=TOROIDAL_SURFACE('',#1285,1.77,0.12);
#67=TOROIDAL_SURFACE('',#1295,2.25,0.3);
#68=TOROIDAL_SURFACE('',#1297,1.38,0.03);
#69=TOROIDAL_SURFACE('',#1307,1.38,0.03);
#70=FACE_OUTER_BOUND('',#138,.T.);
#71=FACE_OUTER_BOUND('',#139,.T.);
#72=FACE_OUTER_BOUND('',#140,.T.);
#73=FACE_OUTER_BOUND('',#141,.T.);
#74=FACE_OUTER_BOUND('',#142,.T.);
#75=FACE_OUTER_BOUND('',#143,.T.);
#76=FACE_OUTER_BOUND('',#144,.T.);
#77=FACE_OUTER_BOUND('',#145,.T.);
#78=FACE_OUTER_BOUND('',#146,.T.);
#79=FACE_OUTER_BOUND('',#147,.T.);
#80=FACE_OUTER_BOUND('',#148,.T.);
#81=FACE_OUTER_BOUND('',#149,.T.);
#82=FACE_OUTER_BOUND('',#150,.T.);
#83=FACE_OUTER_BOUND('',#151,.T.);
#84=FACE_OUTER_BOUND('',#152,.T.);
#85=FACE_OUTER_BOUND('',#153,.T.);
#86=FACE_OUTER_BOUND('',#154,.T.);
#87=FACE_OUTER_BOUND('',#155,.T.);
#88=FACE_OUTER_BOUND('',#156,.T.);
#89=FACE_OUTER_BOUND('',#157,.T.);
#90=FACE_OUTER_BOUND('',#158,.T.);
#91=FACE_OUTER_BOUND('',#159,.T.);
#92=FACE_OUTER_BOUND('',#160,.T.);
#93=FACE_OUTER_BOUND('',#161,.T.);
#94=FACE_OUTER_BOUND('',#162,.T.);
#95=FACE_OUTER_BOUND('',#163,.T.);
#96=FACE_OUTER_BOUND('',#164,.T.);
#97=FACE_OUTER_BOUND('',#165,.T.);
#98=FACE_OUTER_BOUND('',#166,.T.);
#99=FACE_OUTER_BOUND('',#167,.T.);
#100=FACE_OUTER_BOUND('',#168,.T.);
#101=FACE_OUTER_BOUND('',#169,.T.);
#102=FACE_OUTER_BOUND('',#170,.T.);
#103=FACE_OUTER_BOUND('',#171,.T.);
#104=FACE_OUTER_BOUND('',#172,.T.);
#105=FACE_OUTER_BOUND('',#173,.T.);
#106=FACE_OUTER_BOUND('',#174,.T.);
#107=FACE_OUTER_BOUND('',#175,.T.);
#108=FACE_OUTER_BOUND('',#176,.T.);
#109=FACE_OUTER_BOUND('',#177,.T.);
#110=FACE_OUTER_BOUND('',#178,.T.);
#111=FACE_OUTER_BOUND('',#179,.T.);
#112=FACE_OUTER_BOUND('',#180,.T.);
#113=FACE_OUTER_BOUND('',#181,.T.);
#114=FACE_OUTER_BOUND('',#182,.T.);
#115=FACE_OUTER_BOUND('',#183,.T.);
#116=FACE_OUTER_BOUND('',#184,.T.);
#117=FACE_OUTER_BOUND('',#185,.T.);
#118=FACE_OUTER_BOUND('',#186,.T.);
#119=FACE_OUTER_BOUND('',#187,.T.);
#120=FACE_OUTER_BOUND('',#188,.T.);
#121=FACE_OUTER_BOUND('',#189,.T.);
#122=FACE_OUTER_BOUND('',#190,.T.);
#123=FACE_OUTER_BOUND('',#191,.T.);
#124=FACE_OUTER_BOUND('',#192,.T.);
#125=FACE_OUTER_BOUND('',#193,.T.);
#126=FACE_OUTER_BOUND('',#195,.T.);
#127=FACE_OUTER_BOUND('',#196,.T.);
#128=FACE_OUTER_BOUND('',#197,.T.);
#129=FACE_OUTER_BOUND('',#199,.T.);
#130=FACE_OUTER_BOUND('',#200,.T.);
#131=FACE_OUTER_BOUND('',#202,.T.);
#132=FACE_OUTER_BOUND('',#203,.T.);
#133=FACE_OUTER_BOUND('',#204,.T.);
#134=FACE_OUTER_BOUND('',#205,.T.);
#135=FACE_OUTER_BOUND('',#207,.T.);
#136=FACE_OUTER_BOUND('',#208,.T.);
#137=FACE_OUTER_BOUND('',#210,.T.);
#138=EDGE_LOOP('',(#712,#713,#714,#715));
#139=EDGE_LOOP('',(#716,#717,#718,#719,#720,#721));
#140=EDGE_LOOP('',(#722,#723,#724,#725,#726,#727));
#141=EDGE_LOOP('',(#728,#729,#730,#731,#732,#733));
#142=EDGE_LOOP('',(#734,#735,#736,#737,#738,#739));
#143=EDGE_LOOP('',(#740,#741,#742,#743,#744,#745));
#144=EDGE_LOOP('',(#746,#747,#748,#749));
#145=EDGE_LOOP('',(#750,#751,#752,#753,#754,#755));
#146=EDGE_LOOP('',(#756,#757,#758,#759));
#147=EDGE_LOOP('',(#760,#761,#762,#763,#764,#765));
#148=EDGE_LOOP('',(#766,#767,#768,#769));
#149=EDGE_LOOP('',(#770,#771,#772,#773));
#150=EDGE_LOOP('',(#774,#775,#776,#777,#778,#779));
#151=EDGE_LOOP('',(#780,#781,#782,#783,#784,#785));
#152=EDGE_LOOP('',(#786,#787,#788,#789));
#153=EDGE_LOOP('',(#790,#791,#792,#793,#794,#795,#796,#797,#798,#799,#800,
#801,#802,#803,#804,#805));
#154=EDGE_LOOP('',(#806,#807,#808,#809));
#155=EDGE_LOOP('',(#810,#811,#812,#813));
#156=EDGE_LOOP('',(#814,#815,#816,#817));
#157=EDGE_LOOP('',(#818,#819,#820,#821));
#158=EDGE_LOOP('',(#822,#823,#824,#825));
#159=EDGE_LOOP('',(#826,#827,#828,#829));
#160=EDGE_LOOP('',(#830,#831,#832,#833));
#161=EDGE_LOOP('',(#834,#835,#836,#837));
#162=EDGE_LOOP('',(#838,#839,#840,#841));
#163=EDGE_LOOP('',(#842,#843,#844,#845));
#164=EDGE_LOOP('',(#846,#847,#848,#849));
#165=EDGE_LOOP('',(#850,#851,#852,#853,#854));
#166=EDGE_LOOP('',(#855,#856,#857,#858));
#167=EDGE_LOOP('',(#859,#860,#861,#862));
#168=EDGE_LOOP('',(#863,#864,#865,#866));
#169=EDGE_LOOP('',(#867,#868,#869,#870));
#170=EDGE_LOOP('',(#871,#872,#873,#874));
#171=EDGE_LOOP('',(#875,#876,#877,#878));
#172=EDGE_LOOP('',(#879,#880,#881,#882));
#173=EDGE_LOOP('',(#883,#884,#885,#886,#887,#888,#889,#890,#891,#892,#893,
#894,#895,#896,#897,#898));
#174=EDGE_LOOP('',(#899,#900,#901,#902,#903));
#175=EDGE_LOOP('',(#904,#905,#906,#907));
#176=EDGE_LOOP('',(#908,#909,#910,#911));
#177=EDGE_LOOP('',(#912,#913,#914,#915));
#178=EDGE_LOOP('',(#916,#917,#918,#919));
#179=EDGE_LOOP('',(#920,#921,#922,#923));
#180=EDGE_LOOP('',(#924,#925,#926,#927));
#181=EDGE_LOOP('',(#928,#929,#930,#931));
#182=EDGE_LOOP('',(#932,#933,#934,#935));
#183=EDGE_LOOP('',(#936,#937,#938,#939));
#184=EDGE_LOOP('',(#940,#941,#942,#943));
#185=EDGE_LOOP('',(#944,#945,#946,#947));
#186=EDGE_LOOP('',(#948,#949,#950,#951));
#187=EDGE_LOOP('',(#952,#953,#954,#955));
#188=EDGE_LOOP('',(#956,#957,#958,#959));
#189=EDGE_LOOP('',(#960,#961,#962,#963));
#190=EDGE_LOOP('',(#964,#965,#966,#967));
#191=EDGE_LOOP('',(#968,#969,#970,#971,#972,#973,#974,#975,#976,#977,#978,
#979,#980,#981,#982,#983,#984,#985,#986,#987,#988,#989,#990,#991,#992));
#192=EDGE_LOOP('',(#993,#994,#995,#996,#997,#998,#999,#1000,#1001,#1002,
#1003,#1004,#1005,#1006,#1007,#1008,#1009,#1010,#1011,#1012,#1013,#1014,
#1015,#1016,#1017));
#193=EDGE_LOOP('',(#1018));
#194=EDGE_LOOP('',(#1019,#1020,#1021,#1022));
#195=EDGE_LOOP('',(#1023,#1024,#1025,#1026,#1027));
#196=EDGE_LOOP('',(#1028,#1029,#1030,#1031,#1032));
#197=EDGE_LOOP('',(#1033));
#198=EDGE_LOOP('',(#1034));
#199=EDGE_LOOP('',(#1035,#1036,#1037,#1038));
#200=EDGE_LOOP('',(#1039));
#201=EDGE_LOOP('',(#1040,#1041,#1042,#1043));
#202=EDGE_LOOP('',(#1044,#1045,#1046,#1047));
#203=EDGE_LOOP('',(#1048,#1049,#1050,#1051,#1052));
#204=EDGE_LOOP('',(#1053,#1054,#1055,#1056,#1057,#1058));
#205=EDGE_LOOP('',(#1059));
#206=EDGE_LOOP('',(#1060));
#207=EDGE_LOOP('',(#1061,#1062,#1063,#1064,#1065));
#208=EDGE_LOOP('',(#1066));
#209=EDGE_LOOP('',(#1067));
#210=EDGE_LOOP('',(#1068,#1069,#1070,#1071));
#211=CIRCLE('',#1180,1.543);
#212=CIRCLE('',#1186,1.543);
#213=CIRCLE('',#1188,1.2645);
#214=CIRCLE('',#1194,1.2645);
#215=CIRCLE('',#1198,2.55);
#216=CIRCLE('',#1199,0.12);
#217=CIRCLE('',#1200,2.63339648234818);
#218=CIRCLE('',#1202,8.63325707894393);
#219=CIRCLE('',#1204,8.21374657736041);
#220=CIRCLE('',#1205,8.21374657736041);
#221=CIRCLE('',#1206,8.21374657736041);
#222=CIRCLE('',#1207,8.21374657736041);
#223=CIRCLE('',#1208,8.21374657736041);
#224=CIRCLE('',#1209,8.21374657736041);
#225=CIRCLE('',#1212,2.55);
#226=CIRCLE('',#1213,0.0600000000000001);
#227=CIRCLE('',#1214,0.0600000000000018);
#228=CIRCLE('',#1216,0.0599999999999995);
#229=CIRCLE('',#1217,10.2348725326717);
#230=CIRCLE('',#1218,10.1767948983427);
#231=CIRCLE('',#1219,0.0600000000000002);
#232=CIRCLE('',#1221,0.0599999999999999);
#233=CIRCLE('',#1222,10.2348725326717);
#234=CIRCLE('',#1223,10.1767948983427);
#235=CIRCLE('',#1224,0.0599999999999997);
#236=CIRCLE('',#1226,0.0599999999999992);
#237=CIRCLE('',#1227,10.2348725326717);
#238=CIRCLE('',#1228,10.1767948983427);
#239=CIRCLE('',#1229,0.0600000000000001);
#240=CIRCLE('',#1231,0.0599999999999995);
#241=CIRCLE('',#1232,10.2348725326717);
#242=CIRCLE('',#1233,10.1767948983427);
#243=CIRCLE('',#1234,0.0600000000000002);
#244=CIRCLE('',#1236,0.0600000000000002);
#245=CIRCLE('',#1237,10.2348725326717);
#246=CIRCLE('',#1238,10.1767948983427);
#247=CIRCLE('',#1239,0.0599999999999999);
#248=CIRCLE('',#1243,10.2348725326717);
#249=CIRCLE('',#1244,10.1767948983427);
#250=CIRCLE('',#1246,8.15666212011152);
#251=CIRCLE('',#1249,8.15666212011152);
#252=CIRCLE('',#1252,8.15666212011152);
#253=CIRCLE('',#1255,10.5736461041322);
#254=CIRCLE('',#1256,2.39957754709641);
#255=CIRCLE('',#1257,0.0600000000000012);
#256=CIRCLE('',#1258,0.0600000000000001);
#257=CIRCLE('',#1260,0.0599999999999989);
#258=CIRCLE('',#1261,8.15666212011152);
#259=CIRCLE('',#1262,0.0600000000000005);
#260=CIRCLE('',#1264,0.059999999999999);
#261=CIRCLE('',#1265,0.0600000000000001);
#262=CIRCLE('',#1267,0.0599999999999988);
#263=CIRCLE('',#1268,0.0599999999999994);
#264=CIRCLE('',#1270,0.0599999999999989);
#265=CIRCLE('',#1271,0.0599999999999999);
#266=CIRCLE('',#1273,0.0599999999999989);
#267=CIRCLE('',#1274,8.15666212011152);
#268=CIRCLE('',#1275,0.0600000000000001);
#269=CIRCLE('',#1277,8.15666212011152);
#270=CIRCLE('',#1284,1.65);
#271=CIRCLE('',#1286,1.77);
#272=CIRCLE('',#1287,0.12);
#273=CIRCLE('',#1288,1.65);
#274=CIRCLE('',#1289,1.65);
#275=CIRCLE('',#1292,2.25);
#276=CIRCLE('',#1296,0.3);
#277=CIRCLE('',#1298,1.38);
#278=CIRCLE('',#1299,0.03);
#279=CIRCLE('',#1300,1.35);
#280=CIRCLE('',#1301,1.35);
#281=CIRCLE('',#1303,1.35);
#282=CIRCLE('',#1304,1.35);
#283=CIRCLE('',#1306,1.65);
#284=CIRCLE('',#1308,1.38);
#285=CIRCLE('',#1309,0.03);
#286=CIRCLE('',#1311,1.65);
#287=B_SPLINE_CURVE_WITH_KNOTS('',3,(#1617,#1618,#1619,#1620),
 .UNSPECIFIED.,.F.,.F.,(4,4),(49.3500770476147,49.6900900062599),
 .UNSPECIFIED.);
#288=B_SPLINE_CURVE_WITH_KNOTS('',3,(#1623,#1624,#1625,#1626,#1627,#1628,
#1629,#1630,#1631,#1632,#1633,#1634,#1635,#1636,#1637,#1638,#1639,#1640,
#1641,#1642,#1643,#1644,#1645,#1646,#1647),.UNSPECIFIED.,.F.,.F.,(4,3,3,
3,3,3,3,3,4),(49.3502288333083,49.4615831632473,49.572827528972,49.6840057384906,
49.795161502437,49.9064174947229,50.0177236153806,50.1292363432981,50.212556273426),
 .UNSPECIFIED.);
#289=B_SPLINE_CURVE_WITH_KNOTS('',3,(#1653,#1654,#1655,#1656,#1657,#1658,
#1659,#1660),.UNSPECIFIED.,.F.,.F.,(4,1,1,1,1,4),(43.0672704140067,43.7161854679419,
44.7118362243283,45.7074869807146,46.7031377371009,47.1238898038469),
 .UNSPECIFIED.);
#290=B_SPLINE_CURVE_WITH_KNOTS('',3,(#1661,#1662,#1663,#1664,#1665,#1666),
 .UNSPECIFIED.,.F.,.F.,(4,1,1,4),(47.1238898038469,47.6987884934873,48.6944392498736,
49.3500770476147),.UNSPECIFIED.);
#291=B_SPLINE_CURVE_WITH_KNOTS('',3,(#1668,#1669,#1670,#1671,#1672,#1673,
#1674,#1675,#1676,#1677,#1678,#1679,#1680,#1681,#1682,#1683,#1684,#1685,
#1686,#1687,#1688,#1689,#1690,#1691,#1692,#1693,#1694,#1695,#1696,#1697,
#1698,#1699,#1700,#1701,#1702,#1703,#1704,#1705,#1706,#1707,#1708,#1709,
#1710,#1711,#1712,#1713,#1714,#1715,#1716,#1717,#1718,#1719,#1720,#1721,
#1722,#1723,#1724,#1725,#1726,#1727,#1728),.UNSPECIFIED.,.F.,.F.,(4,3,3,
3,3,3,3,3,3,3,3,3,3,3,3,3,3,3,3,3,4),(47.1238898038469,47.2548750877208,
47.3666610361878,47.4782482660243,47.5897247115183,47.7011337857566,47.8125188043994,
47.9240068244709,48.0355426262325,48.1472978320189,48.2505258441071,48.3626878102288,
48.4746495107626,48.5864992307187,48.6982797635624,48.8100338041476,48.9218841153006,
49.0337791062069,49.1458836496724,49.2461766004934,49.3502288333083),
 .UNSPECIFIED.);
#292=B_SPLINE_CURVE_WITH_KNOTS('',3,(#1729,#1730,#1731,#1732,#1733,#1734,
#1735,#1736),.UNSPECIFIED.,.F.,.F.,(4,1,1,1,1,4),(43.065671763776,43.2722720621755,
44.2679228185618,45.2635735749481,46.2592243313344,47.123881397946),
 .UNSPECIFIED.);
#293=B_SPLINE_CURVE_WITH_KNOTS('',3,(#1742,#1743,#1744,#1745,#1746,#1747,
#1748,#1749,#1750,#1751,#1752,#1753,#1754,#1755,#1756,#1757,#1758,#1759,
#1760,#1761,#1762,#1763,#1764,#1765,#1766,#1767,#1768,#1769,#1770,#1771,
#1772,#1773,#1774,#1775,#1776,#1777,#1778,#1779,#1780,#1781,#1782,#1783,
#1784,#1785,#1786,#1787,#1788,#1789,#1790,#1791,#1792,#1793,#1794,#1795,
#1796,#1797,#1798,#1799,#1800,#1801,#1802,#1803,#1804,#1805,#1806,#1807,
#1808,#1809,#1810,#1811,#1812,#1813,#1814,#1815,#1816,#1817,#1818,#1819,
#1820,#1821,#1822,#1823,#1824,#1825,#1826,#1827,#1828,#1829,#1830,#1831,
#1832,#1833,#1834,#1835,#1836,#1837,#1838,#1839,#1840,#1841,#1842,#1843,
#1844,#1845,#1846,#1847,#1848,#1849,#1850,#1851,#1852,#1853),
 .UNSPECIFIED.,.F.,.F.,(4,3,3,3,3,3,3,3,3,3,3,3,3,3,3,3,3,3,3,3,3,3,3,3,
3,3,3,3,3,3,3,3,3,3,3,3,3,4),(36.7835737602564,36.8954575109859,37.0071650191497,
37.1187759893544,37.2303335306657,37.3418806716014,37.4535385755279,37.5652561115174,
37.6771774931259,37.742280929624,37.8542292159885,37.9659789682841,38.0776179443901,
38.1891892893864,38.3007360511422,38.4123837103525,38.5240782664545,38.6359886760393,
38.7379316860103,38.8498753695138,38.9616205126375,39.0732548788643,39.1848216210506,
39.2963637948372,39.4080069258298,39.5196969790502,39.6316029868016,39.7335824423966,
39.8455323860805,39.9572837423748,40.0689242890899,40.1804971690596,40.2920454278675,
40.4036945135631,40.5153904598265,40.6273021810146,40.7292331987829,40.8407044966673),
 .UNSPECIFIED.);
#294=B_SPLINE_CURVE_WITH_KNOTS('',3,(#1854,#1855,#1856,#1857,#1858,#1859),
 .UNSPECIFIED.,.F.,.F.,(4,1,1,4),(40.8407131249544,41.7248839551693,42.7205347115556,
43.0672704140067),.UNSPECIFIED.);
#295=B_SPLINE_CURVE_WITH_KNOTS('',3,(#1861,#1862,#1863,#1864,#1865,#1866),
 .UNSPECIFIED.,.F.,.F.,(4,1,1,4),(40.8407044966673,41.2809705494028,42.2766213057891,
43.065671763776),.UNSPECIFIED.);
#296=B_SPLINE_CURVE_WITH_KNOTS('',3,(#1867,#1868,#1869,#1870,#1871,#1872,
#1873,#1874),.UNSPECIFIED.,.F.,.F.,(4,1,1,1,1,4),(36.7834631306824,37.2983675238575,
38.2940182802438,39.2896690366301,40.2853197930165,40.8407044966673),
 .UNSPECIFIED.);
#297=B_SPLINE_CURVE_WITH_KNOTS('',3,(#1880,#1881,#1882,#1883,#1884,#1885,
#1886,#1887,#1888,#1889,#1890,#1891,#1892,#1893,#1894,#1895,#1896,#1897,
#1898,#1899,#1900,#1901,#1902,#1903,#1904,#1905,#1906,#1907,#1908,#1909,
#1910,#1911,#1912,#1913,#1914,#1915,#1916,#1917,#1918,#1919,#1920,#1921,
#1922,#1923,#1924,#1925,#1926,#1927,#1928,#1929,#1930,#1931,#1932,#1933,
#1934,#1935,#1936,#1937,#1938,#1939,#1940,#1941,#1942,#1943,#1944,#1945,
#1946,#1947,#1948,#1949,#1950,#1951,#1952,#1953,#1954,#1955,#1956,#1957,
#1958,#1959,#1960,#1961,#1962,#1963,#1964,#1965,#1966,#1967,#1968,#1969,
#1970,#1971,#1972,#1973,#1974,#1975,#1976,#1977,#1978,#1979,#1980,#1981,
#1982,#1983,#1984,#1985,#1986,#1987,#1988,#1989,#1990,#1991,#1992,#1993,
#1994),.UNSPECIFIED.,.F.,.F.,(4,3,3,3,3,3,3,3,3,3,3,3,3,3,3,3,3,3,3,3,3,
3,3,3,3,3,3,3,3,3,3,3,3,3,3,3,3,3,4),(30.4996369896856,30.6113657291119,
30.7232935102574,30.7727256349196,30.8846727363735,30.9964212934652,31.10805906894,
31.2196292099664,31.3311747664943,31.4428212282109,31.5545145891021,31.6664238229124,
31.768376391306,31.880323538471,31.9920721418832,32.1037099640168,32.2152801519591,
32.3268257555789,32.4384722642852,32.5501656721868,32.6620749524303,32.7640271476923,
32.8759741911242,32.9877226908048,33.099360409278,33.2109304938046,33.3224759944272,
33.4341224016085,33.5458157086261,33.6577248903706,33.7596779040786,33.869973202827,
33.980112906105,34.0901426300417,34.2001078064185,34.3100987762259,34.4201072486458,
34.5302347902097,34.55751918915),.UNSPECIFIED.);
#298=B_SPLINE_CURVE_WITH_KNOTS('',3,(#1995,#1996,#1997,#1998,#1999,#2000,
#2001,#2002,#2003,#2004,#2005,#2006,#2007,#2008,#2009,#2010,#2011,#2012,
#2013,#2014,#2015,#2016,#2017,#2018,#2019,#2020,#2021,#2022,#2023,#2024,
#2025,#2026,#2027,#2028,#2029,#2030,#2031,#2032,#2033,#2034,#2035,#2036,
#2037,#2038,#2039,#2040,#2041,#2042,#2043,#2044,#2045,#2046,#2047,#2048,
#2049,#2050,#2051,#2052,#2053,#2054,#2055,#2056,#2057,#2058),
 .UNSPECIFIED.,.F.,.F.,(4,3,3,3,3,3,3,3,3,3,3,3,3,3,3,3,3,3,3,3,3,4),(34.5575191894877,
34.7179974409479,34.755328660465,34.8672759705684,34.979024737924,35.0906627244988,
35.2022330770965,35.3137788453035,35.4254255171688,35.5371190877133,35.6490285276125,
35.7509794168513,35.8629260453861,35.974674131002,36.0863114361945,36.1978811089115,
36.3094261998835,36.4210722040363,36.5327651109947,36.6446739028512,36.7466301732376,
36.7835737602564),.UNSPECIFIED.);
#299=B_SPLINE_CURVE_WITH_KNOTS('',3,(#2060,#2061,#2062,#2063,#2064,#2065),
 .UNSPECIFIED.,.F.,.F.,(4,1,1,4),(34.5575191894877,35.3070660110848,36.3027167674711,
36.7834631306824),.UNSPECIFIED.);
#300=B_SPLINE_CURVE_WITH_KNOTS('',3,(#2066,#2067,#2068,#2069,#2070,#2071,
#2072,#2073),.UNSPECIFIED.,.F.,.F.,(4,1,1,1,1,4),(30.5010138170572,31.3244629855395,
32.3201137419258,33.3157644983121,34.3114152546985,34.5575191894877),
 .UNSPECIFIED.);
#301=B_SPLINE_CURVE_WITH_KNOTS('',3,(#2079,#2080,#2081,#2082,#2083,#2084,
#2085,#2086),.UNSPECIFIED.,.F.,.F.,(4,1,1,1,1,4),(24.2174315402357,24.7988210966016,
25.794471852988,26.7901226093743,27.7857733657606,28.2743331762163),
 .UNSPECIFIED.);
#302=B_SPLINE_CURVE_WITH_KNOTS('',3,(#2087,#2088,#2089,#2090,#2091,#2092,
#2093,#2094,#2095,#2096,#2097,#2098,#2099,#2100,#2101,#2102,#2103,#2104,
#2105,#2106,#2107,#2108,#2109,#2110,#2111,#2112,#2113,#2114,#2115,#2116,
#2117,#2118,#2119,#2120,#2121,#2122,#2123,#2124,#2125,#2126,#2127,#2128,
#2129,#2130,#2131,#2132,#2133,#2134,#2135,#2136,#2137,#2138,#2139,#2140,
#2141,#2142,#2143,#2144,#2145,#2146,#2147,#2148,#2149,#2150),
 .UNSPECIFIED.,.F.,.F.,(4,3,3,3,3,3,3,3,3,3,3,3,3,3,3,3,3,3,3,3,3,4),(28.2743338823081,
28.3907095537134,28.5073964909929,28.624254089416,28.7414192152432,28.781424122147,
28.8933712683955,29.0051198712292,29.1167576929901,29.2283278807648,29.3398734844219,
29.4515199934853,29.5632134019199,29.6751226829855,29.7770748785333,29.8889946269631,
30.0007511372536,30.1123877454216,30.2239674576678,30.3355132822199,30.4471129359828,
30.4996369896856),.UNSPECIFIED.);
#303=B_SPLINE_CURVE_WITH_KNOTS('',3,(#2152,#2153,#2154,#2155,#2156,#2157,
#2158),.UNSPECIFIED.,.F.,.F.,(4,1,1,1,4),(28.2743338823081,28.3375107163805,
29.3331614727668,30.3288122291532,30.5010138170572),.UNSPECIFIED.);
#304=B_SPLINE_CURVE_WITH_KNOTS('',3,(#2159,#2160,#2161,#2162,#2163,#2164,
#2165,#2166,#2167,#2168,#2169,#2170,#2171,#2172,#2173,#2174,#2175,#2176,
#2177,#2178,#2179,#2180,#2181,#2182,#2183,#2184,#2185,#2186,#2187,#2188,
#2189,#2190,#2191,#2192,#2193,#2194,#2195,#2196,#2197,#2198,#2199,#2200,
#2201,#2202,#2203,#2204,#2205,#2206,#2207,#2208,#2209,#2210,#2211,#2212,
#2213,#2214,#2215,#2216,#2217,#2218,#2219,#2220,#2221,#2222,#2223,#2224,
#2225,#2226,#2227,#2228,#2229,#2230,#2231,#2232,#2233,#2234,#2235,#2236,
#2237,#2238,#2239,#2240,#2241,#2242,#2243,#2244,#2245,#2246,#2247,#2248,
#2249,#2250,#2251,#2252,#2253,#2254,#2255,#2256,#2257,#2258,#2259,#2260,
#2261,#2262,#2263,#2264,#2265,#2266,#2267,#2268,#2269,#2270,#2271,#2272,
#2273),.UNSPECIFIED.,.F.,.F.,(4,3,3,3,3,3,3,3,3,3,3,3,3,3,3,3,3,3,3,3,3,
3,3,3,3,3,3,3,3,3,3,3,3,3,3,3,3,3,4),(24.2164733848294,24.3284153966846,
24.3549076908352,24.466851595413,24.5785968799494,24.6902313391038,24.8017981258584,
24.913340295921,25.0249833477315,25.1366732803102,25.2485790991866,25.3505584472215,
25.4625067146151,25.57425645404,25.6858954209893,25.797466760537,25.9090135205505,
26.0206611838259,26.1323557471805,26.2442661692897,26.3462092036078,26.4581565365145,
26.5699053372747,26.6815433636842,26.793113762472,26.9046595831579,27.0163063170056,
27.1279999548395,27.2399094701779,27.3418599599942,27.4584192002834,27.5691376361966,
27.6797500898754,27.7903012687103,27.9008357834339,28.0114685823963,28.1221586066039,
28.2330334017263,28.2743338823081),.UNSPECIFIED.);
#305=B_SPLINE_CURVE_WITH_KNOTS('',3,(#2279,#2280,#2281,#2282,#2283,#2284,
#2285,#2286,#2287,#2288,#2289,#2290,#2291,#2292,#2293,#2294,#2295,#2296,
#2297,#2298,#2299,#2300,#2301,#2302,#2303,#2304,#2305,#2306,#2307,#2308,
#2309,#2310,#2311,#2312,#2313,#2314,#2315,#2316,#2317,#2318,#2319,#2320,
#2321,#2322,#2323,#2324,#2325,#2326,#2327,#2328,#2329,#2330,#2331,#2332,
#2333,#2334,#2335,#2336,#2337,#2338,#2339,#2340,#2341,#2342),
 .UNSPECIFIED.,.F.,.F.,(4,3,3,3,3,3,3,3,3,3,3,3,3,3,3,3,3,3,3,3,3,4),(15.7079632679489,
15.8182009442416,15.9284005475398,16.043725820591,16.1540614468715,16.264477055862,
16.3750892180704,16.3897016397445,16.5018234500062,16.6137466427662,16.7255588741939,
16.8373029712562,16.9490216635333,17.0608385290701,17.1727010657679,17.2847751611145,
17.3853523961309,17.4974858708679,17.6094339166359,17.7212717647586,17.8330664347009,
17.933617946005),.UNSPECIFIED.);
#306=B_SPLINE_CURVE_WITH_KNOTS('',3,(#2344,#2345,#2346,#2347,#2348),
 .UNSPECIFIED.,.F.,.F.,(4,1,4),(14.3984001269719,15.3940508833582,15.7079548193782),
 .UNSPECIFIED.);
#307=B_SPLINE_CURVE_WITH_KNOTS('',3,(#2352,#2353,#2354,#2355,#2356,#2357,
#2358,#2359,#2360,#2361,#2362,#2363,#2364,#2365,#2366,#2367,#2368,#2369,
#2370,#2371,#2372,#2373,#2374,#2375,#2376,#2377,#2378,#2379,#2380,#2381,
#2382,#2383,#2384,#2385,#2386,#2387,#2388,#2389,#2390,#2391,#2392,#2393,
#2394,#2395,#2396,#2397,#2398,#2399,#2400,#2401,#2402,#2403),
 .UNSPECIFIED.,.F.,.F.,(4,3,3,3,3,3,3,3,3,3,3,3,3,3,3,3,3,4),(13.8759338594385,
13.9874801978482,14.0988304108391,14.210071984234,14.3212487218595,14.4324043317089,
14.5436597764061,14.6549665938491,14.7664754713521,14.8423135327383,14.9527879346767,
15.0631126503596,15.1733330575012,15.2834943670139,15.3937071535868,15.5039407438953,
15.6143477121057,15.7079632679489),.UNSPECIFIED.);
#308=B_SPLINE_CURVE_WITH_KNOTS('',3,(#2404,#2405,#2406,#2407,#2408,#2409,
#2410),.UNSPECIFIED.,.F.,.F.,(4,1,1,1,4),(15.7079632679489,15.8379642891247,
16.833615045511,17.8292658018973,17.9343996961994),.UNSPECIFIED.);
#309=B_SPLINE_CURVE_WITH_KNOTS('',3,(#2416,#2417,#2418,#2419,#2420,#2421,
#2422,#2423,#2424,#2425,#2426,#2427,#2428,#2429,#2430,#2431,#2432,#2433,
#2434,#2435,#2436,#2437,#2438,#2439,#2440,#2441,#2442,#2443,#2444,#2445,
#2446,#2447,#2448,#2449,#2450,#2451,#2452,#2453,#2454,#2455,#2456,#2457,
#2458,#2459,#2460,#2461),.UNSPECIFIED.,.F.,.F.,(4,3,3,3,3,3,3,3,3,3,3,3,
3,3,3,4),(36.1401635507963,36.2561660058898,36.3721326665381,36.4888689964771,
36.6050043248149,36.7220411555546,36.8390779862942,36.9635343308425,37.0842068627254,
37.2047224967018,37.3251219320422,37.4454456812298,37.5657688487066,37.6860902710125,
37.8064955935155,37.8347287426806),.UNSPECIFIED.);
#310=B_SPLINE_CURVE_WITH_KNOTS('',3,(#2464,#2465,#2466,#2467,#2468,#2469,
#2470,#2471,#2472,#2473,#2474,#2475,#2476,#2477,#2478,#2479,#2480,#2481,
#2482,#2483,#2484,#2485,#2486,#2487,#2488,#2489,#2490,#2491,#2492,#2493,
#2494,#2495,#2496,#2497,#2498,#2499,#2500,#2501,#2502,#2503,#2504,#2505,
#2506,#2507,#2508,#2509,#2510,#2511,#2512,#2513,#2514,#2515,#2516,#2517,
#2518,#2519,#2520,#2521,#2522,#2523,#2524,#2525,#2526,#2527,#2528,#2529,
#2530,#2531,#2532,#2533,#2534,#2535,#2536,#2537,#2538,#2539,#2540,#2541,
#2542,#2543,#2544,#2545,#2546,#2547),.UNSPECIFIED.,.F.,.F.,(4,2,2,2,2,2,
2,2,2,2,2,2,2,2,2,2,2,2,2,2,2,2,2,2,2,2,2,2,2,2,2,2,2,2,2,2,2,2,2,2,2,4),
(-0.863998701315984,-0.861189722642607,-0.846323247203956,-0.826229512869264,
-0.813518229762752,-0.807032786731059,-0.801287716776053,-0.793520438054276,
-0.773970880163296,-0.757779812154542,-0.748594622359215,-0.744595047615984,
-0.74126438427435,-0.736093546790618,-0.718024726006427,-0.700365799656217,
-0.688553016078921,-0.682249493820633,-0.676552781578635,-0.668700942615005,
-0.644583292241904,-0.630597393930918,-0.622097140724578,-0.618247264027132,
-0.614989661574913,-0.609937150671544,-0.589261955337311,-0.573011311638736,
-0.561740821971629,-0.5555672530839,-0.549927681145145,-0.542070316463705,
-0.520005500769086,-0.504767698186371,-0.495865258696454,-0.491978603385321,
-0.488733308245357,-0.483796623530667,-0.457256187902157,-0.442043518961432,
-0.433256876284469,-0.433218395190708),.UNSPECIFIED.);
#311=B_SPLINE_CURVE_WITH_KNOTS('',3,(#2553,#2554,#2555,#2556,#2557,#2558,
#2559,#2560,#2561,#2562,#2563,#2564,#2565,#2566,#2567,#2568,#2569,#2570,
#2571,#2572,#2573,#2574,#2575,#2576,#2577,#2578,#2579,#2580,#2581,#2582,
#2583,#2584,#2585,#2586,#2587,#2588,#2589,#2590,#2591,#2592,#2593,#2594,
#2595,#2596,#2597,#2598,#2599,#2600,#2601,#2602,#2603,#2604,#2605,#2606,
#2607,#2608,#2609,#2610,#2611,#2612,#2613,#2614,#2615,#2616,#2617,#2618,
#2619,#2620,#2621,#2622),.UNSPECIFIED.,.F.,.F.,(4,2,2,2,2,2,2,2,2,2,2,2,
2,2,2,2,2,2,2,2,2,2,2,2,2,2,2,2,2,2,2,2,2,2,4),(-0.364130943764885,-0.361786667188371,
-0.357986678912262,-0.349785973045897,-0.336607009701547,-0.311204096427035,
-0.303501022586034,-0.297848698387237,-0.291538431828021,-0.279534256602349,
-0.26134985999033,-0.243965345423224,-0.238805027712662,-0.23555566437417,
-0.23175474630833,-0.223559633739406,-0.210401342439909,-0.184929675258027,
-0.177224178750522,-0.171564941687283,-0.165240838527853,-0.153177494667369,
-0.134821677426461,-0.117737426916301,-0.112572657378101,-0.109314797860703,
-0.105485326259056,-0.0971605394935518,-0.0836390446365144,-0.0591081436410524,
-0.0513429037237839,-0.0456664277658097,-0.0393444531471969,-0.0273604897257118,
-0.000387163206076181),.UNSPECIFIED.);
#312=B_SPLINE_CURVE_WITH_KNOTS('',3,(#2623,#2624,#2625,#2626,#2627,#2628,
#2629,#2630,#2631,#2632,#2633,#2634,#2635,#2636,#2637,#2638,#2639,#2640,
#2641,#2642,#2643,#2644,#2645,#2646,#2647,#2648,#2649,#2650,#2651,#2652,
#2653,#2654,#2655,#2656,#2657,#2658,#2659,#2660,#2661,#2662,#2663,#2664,
#2665,#2666,#2667,#2668,#2669,#2670,#2671,#2672,#2673,#2674,#2675,#2676,
#2677,#2678,#2679,#2680,#2681,#2682,#2683,#2684,#2685,#2686,#2687,#2688,
#2689,#2690,#2691,#2692,#2693,#2694,#2695,#2696,#2697,#2698,#2699,#2700,
#2701,#2702,#2703,#2704,#2705,#2706,#2707,#2708,#2709,#2710,#2711,#2712,
#2713,#2714,#2715,#2716),.UNSPECIFIED.,.F.,.F.,(4,3,3,3,3,3,3,3,3,3,3,3,
3,3,3,3,3,3,3,3,3,3,3,3,3,3,3,3,3,3,3,4),(32.725489676875,32.8564749607489,
32.9739644427664,33.0912380111391,33.2083928768343,33.3254794322934,33.4425479574902,
33.559733236648,33.676983344187,33.7944544712606,33.8521257171352,33.9700104019495,
34.0876774987488,34.2052245189857,34.3227011356391,34.4401569075741,34.5577221864091,
34.6753486972505,34.7931863636876,34.8477764735216,34.9656071830957,35.0832265714234,
35.2007297926126,35.3181665509143,35.4355864416276,35.5531220112777,35.6707222959462,
35.7885393051475,35.8434272299079,35.959788468273,36.0759506006444,36.1401635507963),
 .UNSPECIFIED.);
#313=B_SPLINE_CURVE_WITH_KNOTS('',3,(#2718,#2719,#2720,#2721,#2722,#2723,
#2724,#2725,#2726,#2727,#2728,#2729,#2730,#2731,#2732,#2733,#2734,#2735,
#2736,#2737,#2738,#2739,#2740,#2741,#2742,#2743,#2744,#2745,#2746,#2747,
#2748,#2749,#2750,#2751,#2752,#2753,#2754,#2755,#2756,#2757,#2758,#2759,
#2760,#2761,#2762,#2763,#2764,#2765,#2766,#2767,#2768,#2769,#2770,#2771,
#2772,#2773,#2774,#2775,#2776,#2777,#2778,#2779,#2780,#2781,#2782,#2783,
#2784,#2785,#2786,#2787,#2788,#2789,#2790,#2791,#2792,#2793,#2794,#2795,
#2796,#2797),.UNSPECIFIED.,.F.,.F.,(4,2,2,2,2,2,2,2,2,2,2,2,2,2,2,2,2,2,
2,2,2,2,2,2,2,2,2,2,2,2,2,2,2,2,2,2,2,2,2,4),(-0.433218395190708,-0.42801818783207,
-0.422153279082884,-0.413067999800017,-0.401625774556026,-0.382928204081293,
-0.3708627676439,-0.366579243787521,-0.363358012447072,-0.358980821612545,
-0.345582644097369,-0.318953124939599,-0.308643513997653,-0.302590400004123,
-0.296831713462118,-0.288370720884105,-0.260590638272364,-0.245097616783371,
-0.240576621662112,-0.237363450045249,-0.233171899564267,-0.221856842572854,
-0.19649823274203,-0.183806653943798,-0.177400925584073,-0.171772729460781,
-0.164272037867881,-0.142785021595937,-0.11960443918355,-0.11474548961045,
-0.111504011901121,-0.107539548701567,-0.0981947721739268,-0.0815318104585764,
-0.0614914944427481,-0.05368315537378,-0.0480141169029644,-0.0417403507773991,
-0.0300067555980797,-0.000372895795181437),.UNSPECIFIED.);
#314=B_SPLINE_CURVE_WITH_KNOTS('',3,(#2798,#2799,#2800,#2801,#2802,#2803,
#2804,#2805,#2806,#2807,#2808,#2809,#2810,#2811,#2812,#2813,#2814,#2815,
#2816,#2817,#2818,#2819,#2820,#2821,#2822,#2823,#2824,#2825,#2826,#2827,
#2828,#2829,#2830,#2831,#2832,#2833,#2834,#2835,#2836,#2837,#2838,#2839,
#2840,#2841,#2842,#2843,#2844,#2845,#2846,#2847,#2848,#2849,#2850,#2851,
#2852,#2853,#2854,#2855,#2856,#2857,#2858,#2859,#2860,#2861,#2862,#2863,
#2864,#2865,#2866,#2867,#2868,#2869,#2870,#2871),.UNSPECIFIED.,.F.,.F.,
(4,2,2,2,2,2,2,2,2,2,2,2,2,2,2,2,2,2,2,2,2,2,2,2,2,2,2,2,2,2,2,2,2,2,2,
2,4),(-1.59355129930242,-1.5876245418788,-1.58324975304073,-1.58023872577178,
-1.5769873924505,-1.57182663105672,-1.55526334955454,-1.5362709711412,-1.52423890299315,
-1.51792157219161,-1.51226570467957,-1.50456106828315,-1.47919082037605,
-1.46601487892725,-1.45781476011151,-1.45401349645467,-1.45076279578552,
-1.44559939511147,-1.42826175465488,-1.41002747124373,-1.39800364822287,
-1.39168777908536,-1.38603220485659,-1.37832649566811,-1.35297671722961,
-1.33979234742613,-1.3315892152938,-1.32778744019702,-1.32453617619651,
-1.31937200274012,-1.30203927435217,-1.28379980451812,-1.27177330107342,
-1.26545586890829,-1.25979858522437,-1.25208970575486,-1.22992558158033),
 .UNSPECIFIED.);
#315=B_SPLINE_CURVE_WITH_KNOTS('',3,(#2876,#2877,#2878,#2879,#2880,#2881,
#2882,#2883,#2884,#2885,#2886,#2887,#2888,#2889,#2890,#2891,#2892,#2893,
#2894,#2895,#2896,#2897,#2898,#2899,#2900,#2901,#2902,#2903,#2904,#2905,
#2906,#2907,#2908,#2909,#2910,#2911,#2912,#2913,#2914,#2915,#2916,#2917,
#2918,#2919,#2920,#2921,#2922,#2923,#2924,#2925,#2926,#2927,#2928,#2929,
#2930,#2931,#2932,#2933,#2934,#2935,#2936,#2937,#2938,#2939,#2940,#2941,
#2942,#2943,#2944,#2945,#2946,#2947,#2948,#2949,#2950,#2951,#2952,#2953,
#2954,#2955,#2956,#2957,#2958,#2959,#2960,#2961,#2962,#2963,#2964,#2965,
#2966,#2967,#2968,#2969,#2970,#2971,#2972,#2973,#2974,#2975,#2976,#2977,
#2978,#2979,#2980,#2981,#2982,#2983,#2984,#2985,#2986,#2987,#2988,#2989,
#2990,#2991,#2992,#2993,#2994,#2995,#2996,#2997,#2998,#2999,#3000,#3001,
#3002,#3003,#3004,#3005,#3006,#3007,#3008,#3009,#3010,#3011,#3012,#3013,
#3014,#3015,#3016,#3017,#3018,#3019,#3020,#3021,#3022,#3023,#3024,#3025,
#3026,#3027,#3028,#3029,#3030,#3031),.UNSPECIFIED.,.F.,.F.,(4,2,2,2,2,2,
2,2,2,2,2,2,2,2,2,2,2,2,2,2,2,2,2,2,2,2,2,2,2,2,2,2,2,2,2,2,2,2,2,2,2,2,
2,2,2,2,2,2,2,2,2,2,2,2,2,2,2,2,2,2,2,2,2,2,2,2,2,2,2,2,2,2,2,2,2,2,2,4),
(-1.16075755858676,-1.14586585162398,-1.13265067797922,-1.12443541558771,
-1.120630518874,-1.11737800652161,-1.11221279497871,-1.09489221225704,-1.07664382340177,
-1.06461336060606,-1.05829395321029,-1.05263465056303,-1.04492230736873,
-1.01961281045052,-1.00640564190932,-0.998193098255669,-0.994388491850509,
-0.991135638784506,-0.985969097222151,-0.969012147479536,-0.950524840819344,
-0.938411163116284,-0.932079286465074,-0.926422393572062,-0.918734971730649,
-0.901002378271744,-0.882454963056117,-0.87258713067479,-0.868553811694978,
-0.865318292253556,-0.86133321512121,-0.849780212933384,-0.826407846816136,
-0.81688305853814,-0.8088533702651,-0.803153749585868,-0.796962232426796,
-0.785788130519968,-0.769825166196295,-0.748649462199575,-0.743600530041068,
-0.740331742652155,-0.736457353532227,-0.727773689066401,-0.713222197428971,
-0.690256792513913,-0.682393396885267,-0.676716510018871,-0.670463834926286,
-0.658880591682765,-0.641864455206461,-0.622634793317339,-0.617472265747494,
-0.614220387349068,-0.610415260492641,-0.602197748987135,-0.588977274932112,
-0.563658622754164,-0.555943394319376,-0.550283884510739,-0.543966160388016,
-0.531944466814602,-0.513717243051777,-0.496398741613008,-0.491235089443588,
-0.487982085645656,-0.484173100222278,-0.475938846873866,-0.462671316564892,
-0.437485459237747,-0.429761876220224,-0.424099775767754,-0.417781864112531,
-0.405768674738933,-0.387570160588117,-0.370201276239943,-0.365037938276367,
-0.364130943764885),.UNSPECIFIED.);
#316=B_SPLINE_CURVE_WITH_KNOTS('',3,(#3032,#3033,#3034,#3035,#3036,#3037,
#3038,#3039,#3040,#3041,#3042,#3043,#3044,#3045,#3046,#3047,#3048,#3049,
#3050,#3051,#3052,#3053,#3054,#3055,#3056,#3057,#3058,#3059,#3060,#3061,
#3062,#3063,#3064,#3065,#3066,#3067,#3068,#3069,#3070,#3071,#3072,#3073,
#3074,#3075,#3076,#3077,#3078,#3079,#3080,#3081,#3082,#3083,#3084,#3085,
#3086,#3087,#3088,#3089,#3090,#3091,#3092,#3093,#3094,#3095,#3096,#3097,
#3098,#3099,#3100,#3101,#3102,#3103,#3104,#3105,#3106,#3107,#3108,#3109,
#3110,#3111,#3112,#3113,#3114,#3115,#3116,#3117,#3118,#3119,#3120,#3121,
#3122,#3123,#3124,#3125,#3126,#3127,#3128,#3129,#3130,#3131,#3132,#3133,
#3134,#3135,#3136,#3137,#3138,#3139,#3140,#3141,#3142,#3143,#3144,#3145,
#3146,#3147,#3148,#3149,#3150,#3151,#3152,#3153,#3154,#3155,#3156,#3157,
#3158,#3159,#3160,#3161,#3162,#3163,#3164,#3165,#3166,#3167,#3168,#3169,
#3170,#3171,#3172,#3173,#3174,#3175,#3176,#3177,#3178,#3179,#3180,#3181,
#3182,#3183,#3184,#3185,#3186,#3187,#3188,#3189),.UNSPECIFIED.,.F.,.F.,
(4,2,2,2,2,2,2,2,2,2,2,2,2,2,2,2,2,2,2,2,2,2,2,2,2,2,2,2,2,2,2,2,2,2,2,
2,2,2,2,2,2,2,2,2,2,2,2,2,2,2,2,2,2,2,2,2,2,2,2,2,2,2,2,2,2,2,2,2,2,2,2,
2,2,2,2,2,2,2,4),(-1.22992558158033,-1.22676523302796,-1.21356904815105,
-1.20536120098758,-1.20155802255333,-1.19830635867119,-1.19314185675477,
-1.17581712417137,-1.15757122068023,-1.14554237654299,-1.13922459379862,
-1.13356745309669,-1.12585965507988,-1.10051166440915,-1.0873228233123,
-1.07911741692605,-1.07531467645999,-1.07206296366876,-1.06689817371457,
-1.0495655153664,-1.03132209327294,-1.01929365597247,-1.01297565385885,
-1.00731815276011,-0.999609607883055,-0.974264446642514,-0.961073043754159,
-0.952866498740278,-0.949063396236398,-0.945811386307398,-0.940646146630148,
-0.923317438481285,-0.905069411383651,-0.893038902590284,-0.886720152606875,
-0.88106209619844,-0.873352931253972,-0.848006238155628,-0.834814059161182,
-0.826606962892352,-0.822803526109945,-0.819551237555931,-0.814385444055954,
-0.797103484053699,-0.770469033975304,-0.7628881032474,-0.757243921228835,
-0.750862653720982,-0.738394133938576,-0.718833632799185,-0.70348708920563,
-0.69833573957681,-0.695085617370011,-0.691276416675146,-0.683030745263794,
-0.669732664055625,-0.644565199850597,-0.636837258225414,-0.631177331950247,
-0.624867867447775,-0.612897658174717,-0.59481903193994,-0.577256097434304,
-0.572093855243947,-0.568842399138361,-0.565038370968973,-0.556825224624346,
-0.543615545963633,-0.518280404278651,-0.510568413279991,-0.504910725130639,
-0.49859479862268,-0.48657761668702,-0.468363611002697,-0.451016075402326,
-0.445853096617066,-0.442601752891716,-0.438798565853963,-0.433207509169503),
 .UNSPECIFIED.);
#317=B_SPLINE_CURVE_WITH_KNOTS('',3,(#3195,#3196,#3197,#3198,#3199,#3200,
#3201,#3202,#3203,#3204,#3205,#3206,#3207,#3208,#3209,#3210,#3211,#3212,
#3213,#3214,#3215,#3216,#3217,#3218,#3219,#3220,#3221,#3222,#3223,#3224,
#3225,#3226,#3227,#3228,#3229,#3230,#3231,#3232,#3233,#3234,#3235,#3236,
#3237,#3238,#3239,#3240,#3241,#3242,#3243,#3244,#3245,#3246,#3247,#3248,
#3249,#3250,#3251,#3252,#3253,#3254,#3255,#3256,#3257,#3258,#3259,#3260,
#3261,#3262,#3263,#3264,#3265,#3266,#3267,#3268),.UNSPECIFIED.,.F.,.F.,
(4,2,2,2,2,2,2,2,2,2,2,2,2,2,2,2,2,2,2,2,2,2,2,2,2,2,2,2,2,2,2,2,2,2,2,
2,4),(-0.36392645148604,-0.358843504506016,-0.351128133538401,-0.345468810808574,
-0.339151531386188,-0.327131906801956,-0.308911364745585,-0.29157943258092,
-0.286416154484211,-0.283164121659636,-0.279359029303197,-0.271140907404675,
-0.257917209938852,-0.232620138396211,-0.224905307566131,-0.219246482740579,
-0.212929858399572,-0.200911885317637,-0.182694644426701,-0.165361530835345,
-0.160198725014873,-0.156946989825522,-0.153142246945098,-0.144924916539987,
-0.131702563695215,-0.10640733638088,-0.0986932182179943,-0.0930348986402589,
-0.0867188218895705,-0.0747018232833337,-0.0564859206530914,-0.0391548345317989,
-0.0339924850697728,-0.0307410332252544,-0.0269366073235812,-0.0226512674079446,
-0.000370564639239696),.UNSPECIFIED.);
#318=B_SPLINE_CURVE_WITH_KNOTS('',3,(#3269,#3270,#3271,#3272,#3273,#3274,
#3275,#3276,#3277,#3278,#3279,#3280,#3281,#3282,#3283,#3284,#3285,#3286,
#3287,#3288,#3289,#3290,#3291,#3292,#3293,#3294,#3295,#3296,#3297,#3298,
#3299,#3300,#3301,#3302,#3303,#3304,#3305,#3306,#3307,#3308,#3309,#3310,
#3311,#3312,#3313,#3314,#3315,#3316,#3317,#3318,#3319,#3320,#3321,#3322,
#3323,#3324,#3325,#3326,#3327,#3328,#3329,#3330,#3331,#3332,#3333,#3334,
#3335,#3336,#3337,#3338,#3339,#3340,#3341,#3342,#3343,#3344,#3345,#3346,
#3347,#3348,#3349,#3350,#3351,#3352,#3353,#3354),.UNSPECIFIED.,.F.,.F.,
(4,2,2,2,2,2,2,2,2,2,2,2,2,2,2,2,2,2,2,2,2,2,2,2,2,2,2,2,2,2,2,2,2,2,2,
2,2,2,2,2,2,2,4),(-1.59369548486319,-1.57821075142292,-1.56968860029239,
-1.56332061139951,-1.55767435349535,-1.55006861992235,-1.52453007249129,
-1.51131653164445,-1.50310260408105,-1.49929847102581,-1.49604664814199,
-1.49088262260527,-1.47354357053589,-1.45531348170761,-1.44329059512042,
-1.43697321194794,-1.43131484623505,-1.42360235251609,-1.39831772966702,
-1.38510356684278,-1.37688917438017,-1.373084796955,-1.3698327492277,-1.36466835860931,
-1.3473249745855,-1.32909540974868,-1.31707227744946,-1.31075452513372,
-1.30509572647818,-1.2973824779172,-1.27209842816415,-1.25888216851833,
-1.25066676246157,-1.24686203595844,-1.24360971129913,-1.2384449109455,
-1.22110832626634,-1.20287272103631,-1.19084710340795,-1.18452861605804,
-1.17886938436914,-1.17115588631729,-1.16075755858676),.UNSPECIFIED.);
#319=B_SPLINE_CURVE_WITH_KNOTS('',3,(#3356,#3357,#3358,#3359,#3360,#3361,
#3362,#3363,#3364,#3365,#3366,#3367,#3368,#3369,#3370,#3371,#3372,#3373,
#3374,#3375,#3376,#3377,#3378,#3379,#3380,#3381,#3382,#3383,#3384,#3385,
#3386,#3387,#3388,#3389,#3390,#3391,#3392,#3393,#3394,#3395,#3396,#3397,
#3398,#3399,#3400,#3401,#3402,#3403,#3404,#3405,#3406,#3407,#3408,#3409,
#3410,#3411,#3412,#3413,#3414,#3415,#3416,#3417,#3418,#3419,#3420,#3421,
#3422,#3423,#3424,#3425,#3426,#3427,#3428,#3429,#3430,#3431,#3432,#3433,
#3434,#3435,#3436,#3437,#3438,#3439),.UNSPECIFIED.,.F.,.F.,(4,2,2,2,2,2,
2,2,2,2,2,2,2,2,2,2,2,2,2,2,2,2,2,2,2,2,2,2,2,2,2,2,2,2,2,2,2,2,2,2,2,4),
(-0.433207509169503,-0.430589423038066,-0.417389862869426,-0.392039438799333,
-0.38432975462491,-0.37867276768082,-0.372356685862198,-0.360335579851641,
-0.342108892402992,-0.324785021799448,-0.319622404778138,-0.31637134353468,
-0.312568554523295,-0.304360516869572,-0.291163156066064,-0.265812909722194,
-0.258104094322957,-0.252447631638694,-0.246132027883979,-0.234111410743184,
-0.215884664651644,-0.198565003601055,-0.193402834832341,-0.190152056385391,
-0.186349589196267,-0.178142220842982,-0.164945870972792,-0.139598315735285,
-0.131890150205289,-0.126234174453943,-0.119919120729951,-0.107899563300402,
-0.0896744325893031,-0.0723563068160421,-0.0671945937788957,-0.0639441050354478,
-0.0601419930451495,-0.0519354072873567,-0.0387403637609427,-0.0126275473972806,
-0.00552305500934044,-0.000370462953287568),.UNSPECIFIED.);
#320=B_SPLINE_CURVE_WITH_KNOTS('',3,(#3440,#3441,#3442,#3443,#3444,#3445,
#3446,#3447,#3448,#3449,#3450,#3451,#3452,#3453,#3454,#3455,#3456,#3457,
#3458,#3459,#3460,#3461,#3462,#3463,#3464,#3465,#3466,#3467,#3468,#3469,
#3470,#3471,#3472,#3473,#3474,#3475,#3476,#3477,#3478,#3479,#3480,#3481,
#3482,#3483,#3484,#3485,#3486,#3487,#3488,#3489,#3490,#3491,#3492,#3493,
#3494,#3495,#3496,#3497,#3498,#3499,#3500,#3501,#3502,#3503,#3504,#3505,
#3506,#3507,#3508,#3509,#3510,#3511),.UNSPECIFIED.,.F.,.F.,(4,2,2,2,2,2,
2,2,2,2,2,2,2,2,2,2,2,2,2,2,2,2,2,2,2,2,2,2,2,2,2,2,2,2,2,4),(-1.59376308117489,
-1.59007080217261,-1.58505934548408,-1.57261209107308,-1.54724136110299,
-1.53707426028929,-1.53300536251961,-1.52977647366364,-1.52583517460454,
-1.51307230044097,-1.49345859127913,-1.4779638426449,-1.47121424007396,
-1.46561041908394,-1.45858520666437,-1.43976439234802,-1.42075104422006,
-1.41076364569639,-1.40671627337678,-1.40348426203154,-1.39951877743178,
-1.38643351897877,-1.36730032552394,-1.3517318552051,-1.34497449017195,
-1.33937064387429,-1.33235367594317,-1.31393122587658,-1.29459905943625,
-1.2845315065502,-1.28047430333287,-1.2772435936327,-1.27328889046827,-1.26035594247405,
-1.23133135377294,-1.22993844506891),.UNSPECIFIED.);
#321=B_SPLINE_CURVE_WITH_KNOTS('',3,(#3516,#3517,#3518,#3519,#3520,#3521,
#3522,#3523,#3524,#3525,#3526,#3527,#3528,#3529,#3530,#3531,#3532,#3533,
#3534,#3535,#3536,#3537,#3538,#3539,#3540,#3541,#3542,#3543,#3544,#3545,
#3546,#3547,#3548,#3549,#3550,#3551,#3552,#3553,#3554,#3555,#3556,#3557,
#3558,#3559,#3560,#3561,#3562,#3563,#3564,#3565,#3566,#3567,#3568,#3569,
#3570,#3571,#3572,#3573,#3574,#3575,#3576,#3577,#3578,#3579,#3580,#3581,
#3582,#3583,#3584,#3585,#3586,#3587,#3588,#3589,#3590,#3591,#3592,#3593,
#3594,#3595,#3596,#3597,#3598,#3599,#3600,#3601,#3602,#3603,#3604,#3605,
#3606,#3607,#3608,#3609,#3610,#3611,#3612,#3613,#3614,#3615,#3616,#3617,
#3618,#3619,#3620,#3621,#3622,#3623,#3624,#3625,#3626,#3627,#3628,#3629,
#3630,#3631,#3632,#3633,#3634,#3635,#3636,#3637,#3638,#3639,#3640,#3641,
#3642,#3643,#3644,#3645,#3646,#3647,#3648,#3649,#3650,#3651,#3652,#3653,
#3654,#3655,#3656,#3657,#3658,#3659,#3660,#3661,#3662,#3663,#3664,#3665,
#3666,#3667),.UNSPECIFIED.,.F.,.F.,(4,2,2,2,2,2,2,2,2,2,2,2,2,2,2,2,2,2,
2,2,2,2,2,2,2,2,2,2,2,2,2,2,2,2,2,2,2,2,2,2,2,2,2,2,2,2,2,2,2,2,2,2,2,2,
2,2,2,2,2,2,2,2,2,2,2,2,2,2,2,2,2,2,2,2,2,4),(-1.16069553012992,-1.15995020540663,
-1.14259021035635,-1.12436457351383,-1.11234134474905,-1.10602227008583,
-1.10036164894516,-1.09264475469547,-1.06737827732351,-1.05414915306486,
-1.04592828359778,-1.04212195743362,-1.03886891013138,-1.03370356814807,
-1.01624372301287,-0.998080917736252,-0.986079575454572,-0.979763681524315,
-0.974102323115464,-0.96637881845654,-0.941174022048901,-0.92790863249303,
-0.919674294647589,-0.915865982224255,-0.912613696223342,-0.907453743558683,
-0.891684068442693,-0.872397970934988,-0.860016202093512,-0.853645369539233,
-0.847996299796917,-0.84038635497774,-0.81403220847833,-0.796820862034585,
-0.791523803385386,-0.788251188631406,-0.784498148609365,-0.776619981383334,
-0.764303092406397,-0.737088583528833,-0.730313749122468,-0.724609735485869,
-0.718429982955091,-0.707332219383184,-0.691558139687921,-0.670014831859892,
-0.664991193375736,-0.661725497659608,-0.657837852113921,-0.649065048851864,
-0.634246809557712,-0.61169372677497,-0.603820286532494,-0.598141204182355,
-0.591890579963011,-0.580326562340371,-0.56336293659323,-0.544051157631366,
-0.538885757964582,-0.535632989868325,-0.531827774486652,-0.523611769959847,
-0.510395505126735,-0.485074735159555,-0.477360283665343,-0.471700662852084,
-0.46538213229621,-0.453356579494271,-0.43512046504457,-0.417808617760052,
-0.412644792286348,-0.409392464316547,-0.405587079622668,-0.397368545001013,
-0.384144547027562,-0.36392645148604),.UNSPECIFIED.);
#322=B_SPLINE_CURVE_WITH_KNOTS('',3,(#3668,#3669,#3670,#3671,#3672,#3673,
#3674,#3675,#3676,#3677,#3678,#3679,#3680,#3681,#3682,#3683,#3684,#3685,
#3686,#3687,#3688,#3689,#3690,#3691,#3692,#3693,#3694,#3695,#3696,#3697,
#3698,#3699,#3700,#3701,#3702,#3703,#3704,#3705,#3706,#3707,#3708,#3709,
#3710,#3711,#3712,#3713,#3714,#3715,#3716,#3717,#3718,#3719,#3720,#3721,
#3722,#3723,#3724,#3725,#3726,#3727,#3728,#3729,#3730,#3731,#3732,#3733,
#3734,#3735,#3736,#3737,#3738,#3739,#3740,#3741,#3742,#3743,#3744,#3745,
#3746,#3747,#3748,#3749,#3750,#3751,#3752,#3753,#3754,#3755,#3756,#3757,
#3758,#3759,#3760,#3761,#3762,#3763,#3764,#3765,#3766,#3767,#3768,#3769,
#3770,#3771,#3772,#3773,#3774,#3775,#3776,#3777,#3778,#3779,#3780,#3781,
#3782,#3783,#3784,#3785,#3786,#3787,#3788,#3789,#3790,#3791,#3792,#3793,
#3794,#3795,#3796,#3797,#3798,#3799,#3800,#3801,#3802,#3803,#3804,#3805,
#3806,#3807,#3808,#3809,#3810,#3811,#3812,#3813,#3814,#3815,#3816,#3817,
#3818,#3819),.UNSPECIFIED.,.F.,.F.,(4,2,2,2,2,2,2,2,2,2,2,2,2,2,2,2,2,2,
2,2,2,2,2,2,2,2,2,2,2,2,2,2,2,2,2,2,2,2,2,2,2,2,2,2,2,2,2,2,2,2,2,2,2,2,
2,2,2,2,2,2,2,2,2,2,2,2,2,2,2,2,2,2,2,2,2,4),(-1.22993844506891,-1.22204648574546,
-1.21615855604631,-1.21027587887652,-1.20102321774099,-1.17080122987227,
-1.15875746283188,-1.15449231869842,-1.15127843380648,-1.14683044248083,
-1.1325441216541,-1.1111985076196,-1.09818878564444,-1.09173282803456,-1.08610183079177,
-1.07878778610162,-1.0506047359387,-1.0387214251856,-1.03101371315952,-1.02728860374965,
-1.02400553390248,-1.01863759083178,-0.99184059547672,-0.973556359021225,
-0.966567631737015,-0.960963811500684,-0.954179868416598,-0.938938369770559,
-0.916617298645037,-0.90912748219611,-0.903443744787701,-0.90007551884941,
-0.896437873874198,-0.88925234988728,-0.860868088647842,-0.84626977010589,
-0.83961775336907,-0.834009718173836,-0.826865865890671,-0.796769518528296,
-0.781806148980388,-0.776662994093487,-0.773414292483603,-0.769602345537646,
-0.761337966339305,-0.747989088752371,-0.722909023163967,-0.715172006612598,
-0.709510811846814,-0.70320504555891,-0.69126117932938,-0.673256449216574,
-0.655580674898302,-0.650418915957839,-0.647166607065744,-0.643358316052426,
-0.635126592455359,-0.621866399636899,-0.596655836365524,-0.588933862255297,
-0.583272773112574,-0.576956160177788,-0.564947796520783,-0.546764039289487,
-0.529362730309789,-0.524199318721887,-0.52094846205386,-0.517150013684119,
-0.508957326915288,-0.495800611582801,-0.470343209815623,-0.462644600899204,
-0.45699362268929,-0.45068335474758,-0.438675034606228,-0.433103296724959),
 .UNSPECIFIED.);
#323=B_SPLINE_CURVE_WITH_KNOTS('',3,(#3825,#3826,#3827,#3828,#3829,#3830,
#3831,#3832,#3833,#3834,#3835,#3836,#3837,#3838,#3839,#3840,#3841,#3842,
#3843,#3844,#3845,#3846,#3847,#3848,#3849,#3850,#3851,#3852),
 .UNSPECIFIED.,.F.,.F.,(4,3,3,3,3,3,3,3,3,4),(-0.983888228855517,-0.860902200248577,
-0.740244248234586,-0.619739716604943,-0.499347925794174,-0.374510944345631,
-0.254189599551757,-0.133865490314912,-0.013458561870673,0.),
 .UNSPECIFIED.);
#324=B_SPLINE_CURVE_WITH_KNOTS('',3,(#3855,#3856,#3857,#3858,#3859,#3860,
#3861,#3862,#3863,#3864,#3865,#3866,#3867,#3868,#3869,#3870,#3871,#3872,
#3873,#3874,#3875,#3876,#3877,#3878,#3879,#3880,#3881,#3882,#3883,#3884,
#3885,#3886,#3887,#3888,#3889,#3890,#3891,#3892,#3893,#3894,#3895,#3896,
#3897,#3898,#3899,#3900,#3901,#3902,#3903,#3904,#3905,#3906,#3907,#3908,
#3909,#3910,#3911,#3912,#3913,#3914,#3915,#3916,#3917,#3918,#3919,#3920,
#3921,#3922,#3923,#3924,#3925,#3926,#3927,#3928,#3929,#3930),
 .UNSPECIFIED.,.F.,.F.,(4,3,3,3,3,3,3,3,3,3,3,3,3,3,3,3,3,3,3,3,3,3,3,3,
3,4),(2.02058097762825,2.1413773890696,2.25839740533621,2.37530267095076,
2.49214402814413,2.60897221088708,2.72591514757646,2.84292837377138,2.96014514894371,
2.98695226915899,3.1048142947596,3.22246735950999,3.34000570245027,3.45747898168051,
3.57493674823553,3.69251200736887,3.8101530772327,3.92801214391289,3.98260302554532,
4.10007003722804,4.2173561913911,4.33451211354105,4.45161270640776,4.56868245313552,
4.6858177035679,4.72327187852929),.UNSPECIFIED.);
#325=B_SPLINE_CURVE_WITH_KNOTS('',3,(#3933,#3934,#3935,#3936,#3937,#3938,
#3939,#3940,#3941,#3942,#3943,#3944,#3945,#3946,#3947,#3948,#3949,#3950,
#3951,#3952,#3953,#3954,#3955,#3956,#3957,#3958,#3959,#3960,#3961,#3962,
#3963,#3964,#3965,#3966,#3967,#3968,#3969,#3970,#3971,#3972,#3973,#3974,
#3975,#3976,#3977,#3978,#3979,#3980,#3981,#3982,#3983,#3984,#3985,#3986,
#3987,#3988,#3989,#3990,#3991,#3992,#3993,#3994,#3995,#3996,#3997,#3998,
#3999,#4000,#4001,#4002,#4003,#4004,#4005,#4006,#4007,#4008,#4009,#4010,
#4011,#4012,#4013,#4014),.UNSPECIFIED.,.F.,.F.,(4,3,3,3,3,3,3,3,3,3,3,3,
3,3,3,3,3,3,3,3,3,3,3,3,3,3,3,4),(4.72327187852929,4.84054608104459,4.95802763074688,
4.97825378193166,5.09594869517673,5.21342809024509,5.33078885778108,5.44808101054076,
5.56535444910502,5.68274201074466,5.80019319731767,5.91786121394267,5.97390453831798,
6.09158726537764,6.20905513093089,6.32640478713811,6.44368626888994,6.56094949945363,
6.67832763905201,6.79576983943456,6.91342965168417,6.96955529470432,7.08812083119524,
7.20648346511401,7.32467713066445,7.44277368404433,7.56083326853033,7.59274844815668),
 .UNSPECIFIED.);
#326=B_SPLINE_CURVE_WITH_KNOTS('',3,(#4015,#4016,#4017,#4018,#4019,#4020,
#4021,#4022,#4023,#4024,#4025,#4026,#4027,#4028,#4029,#4030,#4031,#4032,
#4033,#4034,#4035,#4036,#4037,#4038,#4039,#4040,#4041,#4042,#4043,#4044,
#4045,#4046,#4047,#4048,#4049,#4050,#4051,#4052,#4053,#4054,#4055,#4056,
#4057,#4058,#4059,#4060,#4061,#4062,#4063,#4064,#4065,#4066,#4067,#4068,
#4069,#4070,#4071,#4072,#4073,#4074,#4075,#4076,#4077,#4078,#4079,#4080,
#4081,#4082,#4083,#4084,#4085,#4086,#4087,#4088,#4089,#4090,#4091,#4092,
#4093,#4094,#4095,#4096,#4097,#4098,#4099,#4100),.UNSPECIFIED.,.F.,.F.,
(4,2,2,2,2,2,2,2,2,2,2,2,2,2,2,2,2,2,2,2,2,2,2,2,2,2,2,2,2,2,2,2,2,2,2,
2,2,2,2,2,2,2,4),(-1.59347924064017,-1.57221920134808,-1.55904845473312,
-1.55085075597135,-1.54705118564082,-1.54379965194829,-1.53863481020578,
-1.5212596223991,-1.503046885024,-1.49102798794644,-1.48470894874517,-1.4790469985991,
-1.47132536585914,-1.44615015200482,-1.43289171607151,-1.42466084330064,
-1.42085237530193,-1.41759915305751,-1.41243400632477,-1.39512727761176,
-1.37687468527354,-1.36484349723212,-1.35852417204284,-1.35286505101779,
-1.34515315730932,-1.31983203709519,-1.30662777273264,-1.29841630276346,
-1.29461214299823,-1.29135997157142,-1.2861951304765,-1.26884034790793,
-1.25061337444794,-1.23859054794471,-1.23227270268572,-1.22661387090979,
-1.21890086449173,-1.19360085838783,-1.18038779853909,-1.17217318712649,
-1.16836849773684,-1.16511577113624,-1.16069553012992),.UNSPECIFIED.);
#327=B_SPLINE_CURVE_WITH_KNOTS('',3,(#4102,#4103,#4104,#4105,#4106,#4107,
#4108,#4109,#4110,#4111,#4112,#4113,#4114,#4115,#4116,#4117,#4118,#4119,
#4120,#4121,#4122,#4123,#4124,#4125,#4126,#4127,#4128,#4129,#4130,#4131,
#4132,#4133,#4134,#4135,#4136,#4137,#4138,#4139,#4140,#4141,#4142,#4143,
#4144,#4145,#4146,#4147,#4148,#4149,#4150,#4151,#4152,#4153,#4154,#4155,
#4156,#4157,#4158,#4159,#4160,#4161,#4162,#4163,#4164,#4165,#4166,#4167,
#4168,#4169,#4170,#4171,#4172,#4173,#4174,#4175,#4176,#4177,#4178,#4179,
#4180,#4181,#4182,#4183,#4184,#4185,#4186,#4187,#4188,#4189),
 .UNSPECIFIED.,.F.,.F.,(4,2,2,2,2,2,2,2,2,2,2,2,2,2,2,2,2,2,2,2,2,2,2,2,
2,2,2,2,2,2,2,2,2,2,2,2,2,2,2,2,2,2,2,4),(-0.433103296724959,-0.420479722700257,
-0.403102751880956,-0.397942167957695,-0.394693196477348,-0.390893906163405,
-0.38270737035925,-0.369572806136283,-0.344043436433333,-0.336342748193772,
-0.330684892019112,-0.324360614602814,-0.312291929635903,-0.29392162507425,
-0.276850352856585,-0.271685342074284,-0.268427877007638,-0.264600011310437,
-0.256283872417833,-0.24278696460492,-0.218200319033897,-0.210438874666929,
-0.20476365762581,-0.198441987861126,-0.186456055691889,-0.168358453926372,
-0.150795408947483,-0.145631764346277,-0.142386203684209,-0.138622472961079,
-0.130554265705941,-0.117718662632816,-0.0914471762672486,-0.0838354593406597,
-0.0782254996789695,-0.0719462964630978,-0.0599705888036795,-0.0411238319522269,
-0.0243834836468453,-0.0192333940755585,-0.0159944231350078,-0.0129874206533836,
-0.00794370706236214,-0.000386441687614054),.UNSPECIFIED.);
#328=B_SPLINE_CURVE_WITH_KNOTS('',3,(#4190,#4191,#4192,#4193,#4194,#4195,
#4196,#4197,#4198,#4199,#4200,#4201,#4202,#4203,#4204,#4205,#4206,#4207,
#4208,#4209,#4210,#4211,#4212,#4213,#4214,#4215,#4216,#4217,#4218,#4219,
#4220,#4221,#4222,#4223,#4224,#4225,#4226,#4227,#4228,#4229,#4230,#4231,
#4232,#4233,#4234,#4235,#4236,#4237,#4238,#4239,#4240,#4241,#4242,#4243,
#4244,#4245,#4246,#4247,#4248,#4249,#4250,#4251,#4252,#4253,#4254,#4255,
#4256,#4257,#4258,#4259,#4260,#4261,#4262,#4263,#4264,#4265,#4266,#4267,
#4268,#4269,#4270,#4271),.UNSPECIFIED.,.F.,.F.,(4,3,3,3,3,3,3,3,3,3,3,3,
3,3,3,3,3,3,3,3,3,3,3,3,3,3,3,4),(-3.85260200387251,-3.73656299472265,-3.62066546496499,
-3.50485683388869,-3.38908468051397,-3.27321851396102,-3.15729986213288,
-3.04117615913359,-2.98695226915899,-2.86912129086292,-2.75150163170275,
-2.63399813863127,-2.51656110793806,-2.39914094486309,-2.28160510508161,
-2.16400455119251,-2.04618727730216,-1.99130151277266,-1.87492714047223,
-1.75876636936316,-1.64272229471617,-1.52674279226842,-1.41077585308206,
-1.29467568369077,-1.1785032796155,-1.06208562683215,-0.995650756386331,
-0.983888228855517),.UNSPECIFIED.);
#329=B_SPLINE_CURVE_WITH_KNOTS('',3,(#4274,#4275,#4276,#4277,#4278,#4279,
#4280,#4281),.UNSPECIFIED.,.F.,.F.,(4,1,1,1,1,4),(17.9343996961994,18.8249165582837,
19.82056731467,20.8162180710563,21.8118688274427,21.9911485751285),
 .UNSPECIFIED.);
#330=B_SPLINE_CURVE_WITH_KNOTS('',3,(#4282,#4283,#4284,#4285,#4286,#4287),
 .UNSPECIFIED.,.F.,.F.,(4,1,1,4),(21.9911485751285,22.807519583829,23.8031703402153,
24.2174315402357),.UNSPECIFIED.);
#331=B_SPLINE_CURVE_WITH_KNOTS('',3,(#4289,#4290,#4291,#4292,#4293,#4294,
#4295,#4296,#4297,#4298,#4299,#4300,#4301,#4302,#4303,#4304,#4305,#4306,
#4307,#4308,#4309,#4310,#4311,#4312,#4313,#4314,#4315,#4316,#4317,#4318,
#4319,#4320,#4321,#4322,#4323,#4324,#4325,#4326,#4327,#4328,#4329,#4330,
#4331,#4332,#4333,#4334,#4335,#4336,#4337,#4338,#4339,#4340,#4341,#4342,
#4343,#4344,#4345,#4346,#4347,#4348,#4349),.UNSPECIFIED.,.F.,.F.,(4,3,3,
3,3,3,3,3,3,3,3,3,3,3,3,3,3,3,3,3,4),(21.9911485755849,22.1166859852357,
22.2432112458029,22.3636061780625,22.4755598405678,22.5873150287384,22.6989594732071,
22.8105363094075,22.9220885756056,23.0337417153893,23.1454417479199,23.2573575552737,
23.3592569344488,23.4711685376115,23.582921478129,23.6945590660754,23.8061244545438,
23.9177096624834,24.0293013657356,24.1410227310928,24.2164733848294),
 .UNSPECIFIED.);
#332=B_SPLINE_CURVE_WITH_KNOTS('',3,(#4350,#4351,#4352,#4353,#4354,#4355,
#4356,#4357,#4358,#4359,#4360,#4361,#4362,#4363,#4364,#4365,#4366,#4367,
#4368,#4369,#4370,#4371,#4372,#4373,#4374,#4375,#4376,#4377,#4378,#4379,
#4380,#4381,#4382,#4383,#4384,#4385,#4386,#4387,#4388,#4389,#4390,#4391,
#4392,#4393,#4394,#4395,#4396,#4397,#4398,#4399,#4400,#4401,#4402,#4403,
#4404,#4405,#4406,#4407,#4408,#4409,#4410,#4411,#4412,#4413,#4414,#4415,
#4416,#4417,#4418,#4419,#4420,#4421,#4422,#4423,#4424,#4425,#4426,#4427,
#4428,#4429,#4430,#4431,#4432,#4433,#4434,#4435,#4436,#4437,#4438,#4439,
#4440,#4441,#4442,#4443,#4444,#4445,#4446,#4447,#4448,#4449,#4450,#4451,
#4452,#4453,#4454,#4455,#4456,#4457,#4458,#4459,#4460,#4461),
 .UNSPECIFIED.,.F.,.F.,(4,3,3,3,3,3,3,3,3,3,3,3,3,3,3,3,3,3,3,3,3,3,3,3,
3,3,3,3,3,3,3,3,3,3,3,3,3,4),(17.933617946005,18.0454739205645,18.1573748816226,
18.2694960458793,18.3810031525172,18.4927973432806,18.6043897777227,18.7158695803168,
18.8272801693156,18.9386648632834,19.0501496827336,19.1616807051648,19.2734285292477,
19.3766539089035,19.4886353159275,19.6004183678627,19.7120907285682,19.8236954840527,
19.9352756232397,20.0469563357435,20.1586838211746,20.2706265185876,20.3723046652898,
20.4842744777075,20.5960465409944,20.7077082901676,20.8193028302666,20.9308731696933,
21.0425448200015,21.1542636327225,21.2661984346553,21.3679554216762,21.4807651874913,
21.5933902209513,21.7058573253862,21.8182318020345,21.9305709253626,21.9911485751285),
 .UNSPECIFIED.);
#333=B_SPLINE_CURVE_WITH_KNOTS('',3,(#4476,#4477,#4478,#4479,#4480),
 .UNSPECIFIED.,.F.,.F.,(4,1,4),(6.54207912339901E-17,0.0144345064953918,
0.0252603863669355),.UNSPECIFIED.);
#334=B_SPLINE_CURVE_WITH_KNOTS('',3,(#4484,#4485,#4486,#4487,#4488),
 .UNSPECIFIED.,.F.,.F.,(4,1,4),(5.96719534987065E-17,0.0108258798715438,
0.0252603863669356),.UNSPECIFIED.);
#335=B_SPLINE_CURVE_WITH_KNOTS('',3,(#4492,#4493,#4494,#4495,#4496),
 .UNSPECIFIED.,.F.,.F.,(4,1,4),(-0.0252603863669357,-0.0108258798715439,
0.),.UNSPECIFIED.);
#336=B_SPLINE_CURVE_WITH_KNOTS('',3,(#4500,#4501,#4502,#4503,#4504),
 .UNSPECIFIED.,.F.,.F.,(4,1,4),(-0.0252603863669355,-0.0108258798715438,
0.),.UNSPECIFIED.);
#337=B_SPLINE_CURVE_WITH_KNOTS('',3,(#4508,#4509,#4510,#4511,#4512),
 .UNSPECIFIED.,.F.,.F.,(4,1,4),(-0.0252603863669354,-0.0108258798715438,
0.),.UNSPECIFIED.);
#338=B_SPLINE_CURVE_WITH_KNOTS('',3,(#4549,#4550,#4551,#4552,#4553),
 .UNSPECIFIED.,.F.,.F.,(4,1,4),(-0.0252136691279591,-0.0108058581976967,
0.),.UNSPECIFIED.);
#339=B_SPLINE_CURVE_WITH_KNOTS('',3,(#4556,#4557,#4558,#4559,#4560),
 .UNSPECIFIED.,.F.,.F.,(4,1,4),(0.,0.0108058581976967,0.0252136691279591),
 .UNSPECIFIED.);
#340=B_SPLINE_CURVE_WITH_KNOTS('',3,(#4595,#4596,#4597,#4598,#4599),
 .UNSPECIFIED.,.F.,.F.,(4,1,4),(-0.0252136691279591,-0.0108058581976968,
0.),.UNSPECIFIED.);
#341=B_SPLINE_CURVE_WITH_KNOTS('',3,(#4600,#4601,#4602,#4603,#4604),
 .UNSPECIFIED.,.F.,.F.,(4,1,4),(0.,0.0108058581976968,0.0252136691279591),
 .UNSPECIFIED.);
#342=B_SPLINE_CURVE_WITH_KNOTS('',3,(#4637,#4638,#4639,#4640,#4641),
 .UNSPECIFIED.,.F.,.F.,(4,1,4),(-0.0252136691325413,-0.0108058581996606,
0.),.UNSPECIFIED.);
#343=B_SPLINE_CURVE_WITH_KNOTS('',3,(#4644,#4645,#4646,#4647,#4648),
 .UNSPECIFIED.,.F.,.F.,(4,1,4),(0.,0.0108058581996606,0.0252136691325413),
 .UNSPECIFIED.);
#344=B_SPLINE_CURVE_WITH_KNOTS('',3,(#4681,#4682,#4683,#4684,#4685),
 .UNSPECIFIED.,.F.,.F.,(4,1,4),(-0.0252136691279588,-0.0144078109302622,
0.),.UNSPECIFIED.);
#345=B_SPLINE_CURVE_WITH_KNOTS('',3,(#4688,#4689,#4690,#4691,#4692),
 .UNSPECIFIED.,.F.,.F.,(4,1,4),(0.,0.0144078109302622,0.0252136691279588),
 .UNSPECIFIED.);
#346=B_SPLINE_CURVE_WITH_KNOTS('',3,(#4725,#4726,#4727,#4728,#4729),
 .UNSPECIFIED.,.F.,.F.,(4,1,4),(-0.025213669127959,-0.0108058581976967,
0.),.UNSPECIFIED.);
#347=B_SPLINE_CURVE_WITH_KNOTS('',3,(#4732,#4733,#4734,#4735,#4736),
 .UNSPECIFIED.,.F.,.F.,(4,1,4),(0.,0.0108058581976967,0.025213669127959),
 .UNSPECIFIED.);
#348=B_SPLINE_CURVE_WITH_KNOTS('',3,(#4774,#4775,#4776,#4777,#4778),
 .UNSPECIFIED.,.F.,.F.,(4,1,4),(0.,0.0108058581996602,0.0252136691325406),
 .UNSPECIFIED.);
#349=B_SPLINE_CURVE_WITH_KNOTS('',3,(#4791,#4792,#4793,#4794,#4795),
 .UNSPECIFIED.,.F.,.F.,(4,1,4),(0.,0.0108258798715439,0.0252603863669357),
 .UNSPECIFIED.);
#350=B_SPLINE_CURVE_WITH_KNOTS('',3,(#4803,#4804,#4805,#4806,#4807),
 .UNSPECIFIED.,.F.,.F.,(4,1,4),(0.,0.0108258798715438,0.0252603863669355),
 .UNSPECIFIED.);
#351=B_SPLINE_CURVE_WITH_KNOTS('',3,(#4815,#4816,#4817,#4818,#4819),
 .UNSPECIFIED.,.F.,.F.,(4,1,4),(0.,0.0108258798715438,0.0252603863669354),
 .UNSPECIFIED.);
#352=B_SPLINE_CURVE_WITH_KNOTS('',3,(#4852,#4853,#4854,#4855,#4856),
 .UNSPECIFIED.,.F.,.F.,(4,1,4),(-0.0252603863669353,-0.0108258798715437,
0.),.UNSPECIFIED.);
#353=B_SPLINE_CURVE_WITH_KNOTS('',3,(#4972,#4973,#4974,#4975,#4976),
 .UNSPECIFIED.,.F.,.F.,(4,1,4),(-0.0252603863669356,-0.0108258798715438,
-5.96719534987065E-17),.UNSPECIFIED.);
#354=B_SPLINE_CURVE_WITH_KNOTS('',3,(#5008,#5009,#5010,#5011,#5012),
 .UNSPECIFIED.,.F.,.F.,(4,1,4),(-0.0252603863669355,-0.0144345064953918,
-6.54207912339901E-17),.UNSPECIFIED.);
#355=B_SPLINE_CURVE_WITH_KNOTS('',3,(#5189,#5190,#5191,#5192,#5193,#5194,
#5195,#5196,#5197,#5198,#5199,#5200,#5201,#5202,#5203,#5204,#5205,#5206,
#5207,#5208,#5209,#5210,#5211,#5212,#5213,#5214,#5215,#5216,#5217,#5218,
#5219,#5220,#5221,#5222,#5223,#5224,#5225,#5226,#5227,#5228,#5229,#5230,
#5231,#5232,#5233,#5234,#5235,#5236,#5237,#5238,#5239,#5240,#5241,#5242,
#5243,#5244,#5245,#5246,#5247,#5248,#5249,#5250,#5251,#5252,#5253,#5254,
#5255,#5256,#5257,#5258,#5259,#5260,#5261,#5262,#5263,#5264,#5265,#5266,
#5267),.UNSPECIFIED.,.F.,.F.,(4,3,3,3,3,3,3,3,3,3,3,3,3,3,3,3,3,3,3,3,3,
3,3,3,3,3,4),(0.,0.0179061847493411,0.03610476161602,0.054242493979974,
0.0581469943233232,0.0612189704892033,0.0789746931600238,0.0964210591849442,
0.109287434345802,0.115868960819761,0.118957427699685,0.135794285936111,
0.148061760206217,0.164879453538841,0.169609141482883,0.17313630400168,
0.189863161799938,0.206592610829781,0.216787942094494,0.2221000168225,0.226216521067997,
0.242325034526378,0.253346539728554,0.25810132541037,0.273559442019304,
0.282603306867208,0.286347380332254),.UNSPECIFIED.);
#356=B_SPLINE_CURVE_WITH_KNOTS('',3,(#5268,#5269,#5270,#5271,#5272,#5273,
#5274,#5275,#5276,#5277,#5278,#5279,#5280,#5281,#5282,#5283,#5284,#5285,
#5286,#5287,#5288,#5289,#5290,#5291,#5292,#5293,#5294,#5295,#5296,#5297,
#5298,#5299,#5300,#5301,#5302,#5303,#5304,#5305,#5306,#5307,#5308,#5309,
#5310,#5311,#5312,#5313,#5314,#5315,#5316,#5317,#5318,#5319,#5320,#5321,
#5322,#5323,#5324,#5325,#5326,#5327,#5328,#5329,#5330,#5331,#5332,#5333,
#5334,#5335,#5336,#5337,#5338,#5339,#5340,#5341,#5342,#5343,#5344,#5345,
#5346,#5347,#5348,#5349),.UNSPECIFIED.,.F.,.F.,(4,3,3,3,3,3,3,3,3,3,3,3,
3,3,3,3,3,3,3,3,3,3,3,3,3,3,3,4),(0.,0.0152801462916369,0.0309311492017058,
0.0469557518708561,0.0497663802030209,0.0529192397147811,0.0692769083886169,
0.0858926822790408,0.0978176517700838,0.10177384782919,0.104614692366729,
0.12169260141291,0.133718853357275,0.15039913982451,0.154998952292297,0.158629502834105,
0.175596536229508,0.192943367808539,0.210518575173624,0.212666769721849,
0.215921125366737,0.232098103499999,0.244230837099946,0.249230187528734,
0.255969883487637,0.27411215754078,0.280629037899786,0.285110576114268),
 .UNSPECIFIED.);
#357=B_SPLINE_CURVE_WITH_KNOTS('',3,(#5514,#5515,#5516,#5517,#5518,#5519,
#5520,#5521,#5522,#5523,#5524,#5525,#5526,#5527,#5528,#5529,#5530,#5531,
#5532,#5533,#5534,#5535,#5536,#5537,#5538,#5539,#5540,#5541,#5542,#5543,
#5544,#5545,#5546,#5547,#5548,#5549,#5550,#5551,#5552,#5553,#5554,#5555,
#5556,#5557,#5558,#5559,#5560,#5561,#5562,#5563,#5564,#5565,#5566,#5567,
#5568,#5569,#5570,#5571,#5572,#5573,#5574,#5575,#5576,#5577,#5578,#5579,
#5580,#5581,#5582,#5583,#5584,#5585,#5586,#5587,#5588,#5589),
 .UNSPECIFIED.,.F.,.F.,(4,3,3,3,3,3,3,3,3,3,3,3,3,3,3,3,3,3,3,3,3,3,3,3,
3,4),(0.,0.0152289853633676,0.0310376196633229,0.0438044046051271,0.0497663180330379,
0.0529192328687933,0.0692768947395268,0.0858926690827458,0.0978176399255452,
0.101773839180891,0.104614675056662,0.121692585706425,0.133718853357275,
0.150360190798436,0.15499896081216,0.159293779084681,0.176277665622449,
0.194472216904617,0.212666768186786,0.215921126086338,0.233920229785009,
0.24679678278505,0.251168235478974,0.26935771079027,0.280629037899784,0.285110576974536),
 .UNSPECIFIED.);
#358=B_SPLINE_CURVE_WITH_KNOTS('',3,(#5590,#5591,#5592,#5593,#5594,#5595,
#5596,#5597,#5598,#5599,#5600,#5601,#5602,#5603,#5604,#5605,#5606,#5607,
#5608,#5609,#5610,#5611,#5612,#5613,#5614,#5615,#5616,#5617,#5618,#5619,
#5620,#5621,#5622,#5623,#5624,#5625,#5626,#5627,#5628,#5629,#5630,#5631,
#5632,#5633,#5634,#5635,#5636,#5637,#5638,#5639,#5640,#5641,#5642,#5643,
#5644,#5645,#5646,#5647,#5648,#5649,#5650,#5651,#5652,#5653,#5654,#5655,
#5656,#5657,#5658,#5659,#5660,#5661,#5662,#5663,#5664,#5665),
 .UNSPECIFIED.,.F.,.F.,(4,3,3,3,3,3,3,3,3,3,3,3,3,3,3,3,3,3,3,3,3,3,3,3,
3,4),(0.,0.0179061775553516,0.0361047518740407,0.0542424868170224,0.0581469931241772,
0.0612189691295805,0.0789746923672521,0.0964210615119232,0.109287435869907,
0.115868961315301,0.118957427362108,0.135794288500691,0.148061760206214,
0.164879453538837,0.169609142564257,0.173136304786332,0.189885872913177,
0.206563279588226,0.222100017175161,0.226216522008643,0.242325038783811,
0.253346547704697,0.258101327632831,0.273559450186941,0.282603306867202,
0.286347380332249),.UNSPECIFIED.);
#359=LINE('',#1615,#387);
#360=LINE('',#1651,#388);
#361=LINE('',#1740,#389);
#362=LINE('',#1878,#390);
#363=LINE('',#2077,#391);
#364=LINE('',#2277,#392);
#365=LINE('',#2414,#393);
#366=LINE('',#2551,#394);
#367=LINE('',#2875,#395);
#368=LINE('',#3193,#396);
#369=LINE('',#3515,#397);
#370=LINE('',#3823,#398);
#371=LINE('',#4519,#399);
#372=LINE('',#4784,#400);
#373=LINE('',#4787,#401);
#374=LINE('',#4790,#402);
#375=LINE('',#4798,#403);
#376=LINE('',#4802,#404);
#377=LINE('',#4810,#405);
#378=LINE('',#4814,#406);
#379=LINE('',#5016,#407);
#380=LINE('',#5018,#408);
#381=LINE('',#5020,#409);
#382=LINE('',#5022,#410);
#383=LINE('',#5024,#411);
#384=LINE('',#5678,#412);
#385=LINE('',#5699,#413);
#386=LINE('',#5711,#414);
#387=VECTOR('',#1317,1.543);
#388=VECTOR('',#1322,1.543);
#389=VECTOR('',#1325,1.543);
#390=VECTOR('',#1328,1.543);
#391=VECTOR('',#1331,1.543);
#392=VECTOR('',#1334,1.543);
#393=VECTOR('',#1339,1.2645);
#394=VECTOR('',#1344,1.2645);
#395=VECTOR('',#1347,1.2645);
#396=VECTOR('',#1350,1.2645);
#397=VECTOR('',#1353,1.2645);
#398=VECTOR('',#1356,1.2645);
#399=VECTOR('',#1395,2.55);
#400=VECTOR('',#1462,10.);
#401=VECTOR('',#1465,10.);
#402=VECTOR('',#1468,10.);
#403=VECTOR('',#1471,10.);
#404=VECTOR('',#1476,10.);
#405=VECTOR('',#1479,10.);
#406=VECTOR('',#1484,10.);
#407=VECTOR('',#1535,10.);
#408=VECTOR('',#1538,10.);
#409=VECTOR('',#1541,10.);
#410=VECTOR('',#1544,10.);
#411=VECTOR('',#1547,10.);
#412=VECTOR('',#1564,1.65);
#413=VECTOR('',#1593,1.35);
#414=VECTOR('',#1610,1.65);
#415=VERTEX_POINT('',#1613);
#416=VERTEX_POINT('',#1614);
#417=VERTEX_POINT('',#1616);
#418=VERTEX_POINT('',#1621);
#419=VERTEX_POINT('',#1649);
#420=VERTEX_POINT('',#1650);
#421=VERTEX_POINT('',#1652);
#422=VERTEX_POINT('',#1667);
#423=VERTEX_POINT('',#1738);
#424=VERTEX_POINT('',#1739);
#425=VERTEX_POINT('',#1741);
#426=VERTEX_POINT('',#1860);
#427=VERTEX_POINT('',#1876);
#428=VERTEX_POINT('',#1877);
#429=VERTEX_POINT('',#1879);
#430=VERTEX_POINT('',#2059);
#431=VERTEX_POINT('',#2075);
#432=VERTEX_POINT('',#2076);
#433=VERTEX_POINT('',#2078);
#434=VERTEX_POINT('',#2151);
#435=VERTEX_POINT('',#2275);
#436=VERTEX_POINT('',#2276);
#437=VERTEX_POINT('',#2278);
#438=VERTEX_POINT('',#2343);
#439=VERTEX_POINT('',#2349);
#440=VERTEX_POINT('',#2351);
#441=VERTEX_POINT('',#2412);
#442=VERTEX_POINT('',#2413);
#443=VERTEX_POINT('',#2415);
#444=VERTEX_POINT('',#2462);
#445=VERTEX_POINT('',#2549);
#446=VERTEX_POINT('',#2550);
#447=VERTEX_POINT('',#2552);
#448=VERTEX_POINT('',#2717);
#449=VERTEX_POINT('',#2873);
#450=VERTEX_POINT('',#2874);
#451=VERTEX_POINT('',#3191);
#452=VERTEX_POINT('',#3192);
#453=VERTEX_POINT('',#3194);
#454=VERTEX_POINT('',#3355);
#455=VERTEX_POINT('',#3513);
#456=VERTEX_POINT('',#3514);
#457=VERTEX_POINT('',#3821);
#458=VERTEX_POINT('',#3822);
#459=VERTEX_POINT('',#3824);
#460=VERTEX_POINT('',#3853);
#461=VERTEX_POINT('',#3932);
#462=VERTEX_POINT('',#4101);
#463=VERTEX_POINT('',#4273);
#464=VERTEX_POINT('',#4288);
#465=VERTEX_POINT('',#4463);
#466=VERTEX_POINT('',#4465);
#467=VERTEX_POINT('',#4469);
#468=VERTEX_POINT('',#4471);
#469=VERTEX_POINT('',#4473);
#470=VERTEX_POINT('',#4475);
#471=VERTEX_POINT('',#4481);
#472=VERTEX_POINT('',#4483);
#473=VERTEX_POINT('',#4489);
#474=VERTEX_POINT('',#4491);
#475=VERTEX_POINT('',#4497);
#476=VERTEX_POINT('',#4499);
#477=VERTEX_POINT('',#4505);
#478=VERTEX_POINT('',#4507);
#479=VERTEX_POINT('',#4513);
#480=VERTEX_POINT('',#4517);
#481=VERTEX_POINT('',#4545);
#482=VERTEX_POINT('',#4546);
#483=VERTEX_POINT('',#4548);
#484=VERTEX_POINT('',#4554);
#485=VERTEX_POINT('',#4562);
#486=VERTEX_POINT('',#4563);
#487=VERTEX_POINT('',#4592);
#488=VERTEX_POINT('',#4593);
#489=VERTEX_POINT('',#4606);
#490=VERTEX_POINT('',#4607);
#491=VERTEX_POINT('',#4636);
#492=VERTEX_POINT('',#4642);
#493=VERTEX_POINT('',#4650);
#494=VERTEX_POINT('',#4651);
#495=VERTEX_POINT('',#4680);
#496=VERTEX_POINT('',#4686);
#497=VERTEX_POINT('',#4694);
#498=VERTEX_POINT('',#4695);
#499=VERTEX_POINT('',#4724);
#500=VERTEX_POINT('',#4730);
#501=VERTEX_POINT('',#4738);
#502=VERTEX_POINT('',#4739);
#503=VERTEX_POINT('',#4768);
#504=VERTEX_POINT('',#4769);
#505=VERTEX_POINT('',#4771);
#506=VERTEX_POINT('',#4783);
#507=VERTEX_POINT('',#4785);
#508=VERTEX_POINT('',#4789);
#509=VERTEX_POINT('',#4797);
#510=VERTEX_POINT('',#4801);
#511=VERTEX_POINT('',#4809);
#512=VERTEX_POINT('',#4813);
#513=VERTEX_POINT('',#4821);
#514=VERTEX_POINT('',#4849);
#515=VERTEX_POINT('',#4851);
#516=VERTEX_POINT('',#4970);
#517=VERTEX_POINT('',#4978);
#518=VERTEX_POINT('',#5006);
#519=VERTEX_POINT('',#5667);
#520=VERTEX_POINT('',#5670);
#521=VERTEX_POINT('',#5672);
#522=VERTEX_POINT('',#5674);
#523=VERTEX_POINT('',#5680);
#524=VERTEX_POINT('',#5687);
#525=VERTEX_POINT('',#5689);
#526=VERTEX_POINT('',#5691);
#527=VERTEX_POINT('',#5695);
#528=VERTEX_POINT('',#5696);
#529=VERTEX_POINT('',#5701);
#530=VERTEX_POINT('',#5704);
#531=VERTEX_POINT('',#5708);
#532=EDGE_CURVE('',#415,#416,#359,.T.);
#533=EDGE_CURVE('',#416,#417,#287,.T.);
#534=EDGE_CURVE('',#418,#417,#211,.T.);
#535=EDGE_CURVE('',#415,#418,#288,.T.);
#536=EDGE_CURVE('',#419,#420,#360,.T.);
#537=EDGE_CURVE('',#420,#421,#289,.T.);
#538=EDGE_CURVE('',#421,#416,#290,.T.);
#539=EDGE_CURVE('',#422,#415,#291,.T.);
#540=EDGE_CURVE('',#419,#422,#292,.T.);
#541=EDGE_CURVE('',#423,#424,#361,.T.);
#542=EDGE_CURVE('',#424,#425,#293,.T.);
#543=EDGE_CURVE('',#425,#420,#294,.T.);
#544=EDGE_CURVE('',#426,#419,#295,.T.);
#545=EDGE_CURVE('',#423,#426,#296,.T.);
#546=EDGE_CURVE('',#427,#428,#362,.T.);
#547=EDGE_CURVE('',#428,#429,#297,.T.);
#548=EDGE_CURVE('',#429,#424,#298,.T.);
#549=EDGE_CURVE('',#430,#423,#299,.T.);
#550=EDGE_CURVE('',#427,#430,#300,.T.);
#551=EDGE_CURVE('',#431,#432,#363,.T.);
#552=EDGE_CURVE('',#432,#433,#301,.T.);
#553=EDGE_CURVE('',#433,#428,#302,.T.);
#554=EDGE_CURVE('',#434,#427,#303,.T.);
#555=EDGE_CURVE('',#431,#434,#304,.T.);
#556=EDGE_CURVE('',#435,#436,#364,.T.);
#557=EDGE_CURVE('',#437,#435,#305,.T.);
#558=EDGE_CURVE('',#438,#437,#306,.T.);
#559=EDGE_CURVE('',#439,#438,#212,.T.);
#560=EDGE_CURVE('',#439,#440,#307,.T.);
#561=EDGE_CURVE('',#440,#436,#308,.T.);
#562=EDGE_CURVE('',#441,#442,#365,.T.);
#563=EDGE_CURVE('',#442,#443,#309,.T.);
#564=EDGE_CURVE('',#444,#443,#213,.F.);
#565=EDGE_CURVE('',#444,#441,#310,.T.);
#566=EDGE_CURVE('',#445,#446,#366,.T.);
#567=EDGE_CURVE('',#446,#447,#311,.T.);
#568=EDGE_CURVE('',#447,#442,#312,.T.);
#569=EDGE_CURVE('',#441,#448,#313,.T.);
#570=EDGE_CURVE('',#448,#445,#314,.T.);
#571=EDGE_CURVE('',#449,#450,#367,.T.);
#572=EDGE_CURVE('',#450,#446,#315,.T.);
#573=EDGE_CURVE('',#445,#449,#316,.T.);
#574=EDGE_CURVE('',#451,#452,#368,.T.);
#575=EDGE_CURVE('',#452,#453,#317,.T.);
#576=EDGE_CURVE('',#453,#450,#318,.T.);
#577=EDGE_CURVE('',#449,#454,#319,.T.);
#578=EDGE_CURVE('',#454,#451,#320,.T.);
#579=EDGE_CURVE('',#455,#456,#369,.T.);
#580=EDGE_CURVE('',#456,#452,#321,.T.);
#581=EDGE_CURVE('',#451,#455,#322,.T.);
#582=EDGE_CURVE('',#457,#458,#370,.T.);
#583=EDGE_CURVE('',#457,#459,#323,.T.);
#584=EDGE_CURVE('',#459,#460,#214,.F.);
#585=EDGE_CURVE('',#460,#458,#324,.T.);
#586=EDGE_CURVE('',#458,#461,#325,.T.);
#587=EDGE_CURVE('',#461,#456,#326,.T.);
#588=EDGE_CURVE('',#455,#462,#327,.T.);
#589=EDGE_CURVE('',#462,#457,#328,.T.);
#590=EDGE_CURVE('',#436,#463,#329,.T.);
#591=EDGE_CURVE('',#463,#432,#330,.T.);
#592=EDGE_CURVE('',#464,#431,#331,.T.);
#593=EDGE_CURVE('',#435,#464,#332,.T.);
#594=EDGE_CURVE('',#465,#465,#215,.T.);
#595=EDGE_CURVE('',#465,#466,#216,.T.);
#596=EDGE_CURVE('',#466,#466,#217,.T.);
#597=EDGE_CURVE('',#466,#467,#218,.T.);
#598=EDGE_CURVE('',#468,#467,#47,.T.);
#599=EDGE_CURVE('',#469,#468,#219,.T.);
#600=EDGE_CURVE('',#470,#469,#333,.T.);
#601=EDGE_CURVE('',#471,#470,#220,.T.);
#602=EDGE_CURVE('',#472,#471,#334,.T.);
#603=EDGE_CURVE('',#473,#472,#221,.T.);
#604=EDGE_CURVE('',#474,#473,#335,.T.);
#605=EDGE_CURVE('',#475,#474,#222,.T.);
#606=EDGE_CURVE('',#476,#475,#336,.T.);
#607=EDGE_CURVE('',#477,#476,#223,.T.);
#608=EDGE_CURVE('',#478,#477,#337,.T.);
#609=EDGE_CURVE('',#479,#478,#224,.T.);
#610=EDGE_CURVE('',#467,#479,#48,.T.);
#611=EDGE_CURVE('',#480,#480,#225,.T.);
#612=EDGE_CURVE('',#480,#465,#371,.T.);
#613=EDGE_CURVE('',#481,#482,#226,.T.);
#614=EDGE_CURVE('',#482,#483,#338,.T.);
#615=EDGE_CURVE('',#483,#484,#227,.T.);
#616=EDGE_CURVE('',#484,#481,#339,.T.);
#617=EDGE_CURVE('',#485,#486,#228,.T.);
#618=EDGE_CURVE('',#486,#482,#229,.T.);
#619=EDGE_CURVE('',#481,#485,#230,.T.);
#620=EDGE_CURVE('',#487,#488,#231,.T.);
#621=EDGE_CURVE('',#488,#486,#340,.T.);
#622=EDGE_CURVE('',#485,#487,#341,.T.);
#623=EDGE_CURVE('',#489,#490,#232,.T.);
#624=EDGE_CURVE('',#490,#488,#233,.T.);
#625=EDGE_CURVE('',#487,#489,#234,.T.);
#626=EDGE_CURVE('',#489,#491,#342,.T.);
#627=EDGE_CURVE('',#491,#492,#235,.T.);
#628=EDGE_CURVE('',#492,#490,#343,.T.);
#629=EDGE_CURVE('',#493,#494,#236,.T.);
#630=EDGE_CURVE('',#494,#492,#237,.T.);
#631=EDGE_CURVE('',#491,#493,#238,.T.);
#632=EDGE_CURVE('',#493,#495,#344,.T.);
#633=EDGE_CURVE('',#495,#496,#239,.T.);
#634=EDGE_CURVE('',#496,#494,#345,.T.);
#635=EDGE_CURVE('',#497,#498,#240,.T.);
#636=EDGE_CURVE('',#498,#496,#241,.T.);
#637=EDGE_CURVE('',#495,#497,#242,.T.);
#638=EDGE_CURVE('',#497,#499,#346,.T.);
#639=EDGE_CURVE('',#499,#500,#243,.T.);
#640=EDGE_CURVE('',#500,#498,#347,.T.);
#641=EDGE_CURVE('',#501,#502,#244,.T.);
#642=EDGE_CURVE('',#502,#500,#245,.T.);
#643=EDGE_CURVE('',#499,#501,#246,.T.);
#644=EDGE_CURVE('',#503,#504,#247,.T.);
#645=EDGE_CURVE('',#504,#505,#49,.T.);
#646=EDGE_CURVE('',#505,#502,#50,.T.);
#647=EDGE_CURVE('',#501,#503,#348,.T.);
#648=EDGE_CURVE('',#483,#504,#248,.T.);
#649=EDGE_CURVE('',#503,#484,#249,.T.);
#650=EDGE_CURVE('',#491,#506,#372,.T.);
#651=EDGE_CURVE('',#507,#506,#250,.T.);
#652=EDGE_CURVE('',#493,#507,#373,.T.);
#653=EDGE_CURVE('',#489,#508,#374,.T.);
#654=EDGE_CURVE('',#506,#508,#349,.T.);
#655=EDGE_CURVE('',#487,#509,#375,.T.);
#656=EDGE_CURVE('',#508,#509,#251,.T.);
#657=EDGE_CURVE('',#485,#510,#376,.T.);
#658=EDGE_CURVE('',#509,#510,#350,.T.);
#659=EDGE_CURVE('',#481,#511,#377,.T.);
#660=EDGE_CURVE('',#510,#511,#252,.T.);
#661=EDGE_CURVE('',#484,#512,#378,.T.);
#662=EDGE_CURVE('',#511,#512,#351,.T.);
#663=EDGE_CURVE('',#505,#513,#253,.T.);
#664=EDGE_CURVE('',#513,#513,#254,.T.);
#665=EDGE_CURVE('',#479,#514,#255,.T.);
#666=EDGE_CURVE('',#514,#515,#352,.T.);
#667=EDGE_CURVE('',#515,#468,#256,.T.);
#668=EDGE_CURVE('',#478,#512,#257,.T.);
#669=EDGE_CURVE('',#512,#514,#258,.T.);
#670=EDGE_CURVE('',#477,#511,#259,.T.);
#671=EDGE_CURVE('',#476,#510,#260,.T.);
#672=EDGE_CURVE('',#475,#509,#261,.T.);
#673=EDGE_CURVE('',#474,#508,#262,.T.);
#674=EDGE_CURVE('',#473,#506,#263,.T.);
#675=EDGE_CURVE('',#472,#507,#264,.T.);
#676=EDGE_CURVE('',#471,#516,#265,.T.);
#677=EDGE_CURVE('',#516,#507,#353,.T.);
#678=EDGE_CURVE('',#470,#517,#266,.T.);
#679=EDGE_CURVE('',#517,#516,#267,.T.);
#680=EDGE_CURVE('',#469,#518,#268,.T.);
#681=EDGE_CURVE('',#518,#517,#354,.T.);
#682=EDGE_CURVE('',#515,#518,#269,.T.);
#683=EDGE_CURVE('',#495,#516,#379,.T.);
#684=EDGE_CURVE('',#497,#517,#380,.T.);
#685=EDGE_CURVE('',#499,#518,#381,.T.);
#686=EDGE_CURVE('',#501,#515,#382,.T.);
#687=EDGE_CURVE('',#503,#514,#383,.T.);
#688=EDGE_CURVE('',#417,#444,#355,.T.);
#689=EDGE_CURVE('',#459,#439,#356,.T.);
#690=EDGE_CURVE('',#443,#418,#357,.T.);
#691=EDGE_CURVE('',#438,#460,#358,.T.);
#692=EDGE_CURVE('',#519,#519,#270,.T.);
#693=EDGE_CURVE('',#520,#520,#271,.T.);
#694=EDGE_CURVE('',#520,#521,#272,.T.);
#695=EDGE_CURVE('',#521,#522,#273,.T.);
#696=EDGE_CURVE('',#522,#521,#274,.T.);
#697=EDGE_CURVE('',#522,#519,#384,.T.);
#698=EDGE_CURVE('',#523,#523,#275,.T.);
#699=EDGE_CURVE('',#523,#480,#276,.T.);
#700=EDGE_CURVE('',#524,#524,#277,.T.);
#701=EDGE_CURVE('',#524,#525,#278,.T.);
#702=EDGE_CURVE('',#525,#526,#279,.T.);
#703=EDGE_CURVE('',#526,#525,#280,.T.);
#704=EDGE_CURVE('',#527,#528,#281,.T.);
#705=EDGE_CURVE('',#528,#527,#282,.T.);
#706=EDGE_CURVE('',#528,#526,#385,.T.);
#707=EDGE_CURVE('',#529,#529,#283,.T.);
#708=EDGE_CURVE('',#530,#530,#284,.T.);
#709=EDGE_CURVE('',#530,#527,#285,.T.);
#710=EDGE_CURVE('',#531,#531,#286,.T.);
#711=EDGE_CURVE('',#531,#529,#386,.T.);
#712=ORIENTED_EDGE('',*,*,#532,.T.);
#713=ORIENTED_EDGE('',*,*,#533,.T.);
#714=ORIENTED_EDGE('',*,*,#534,.F.);
#715=ORIENTED_EDGE('',*,*,#535,.F.);
#716=ORIENTED_EDGE('',*,*,#536,.T.);
#717=ORIENTED_EDGE('',*,*,#537,.T.);
#718=ORIENTED_EDGE('',*,*,#538,.T.);
#719=ORIENTED_EDGE('',*,*,#532,.F.);
#720=ORIENTED_EDGE('',*,*,#539,.F.);
#721=ORIENTED_EDGE('',*,*,#540,.F.);
#722=ORIENTED_EDGE('',*,*,#541,.T.);
#723=ORIENTED_EDGE('',*,*,#542,.T.);
#724=ORIENTED_EDGE('',*,*,#543,.T.);
#725=ORIENTED_EDGE('',*,*,#536,.F.);
#726=ORIENTED_EDGE('',*,*,#544,.F.);
#727=ORIENTED_EDGE('',*,*,#545,.F.);
#728=ORIENTED_EDGE('',*,*,#546,.T.);
#729=ORIENTED_EDGE('',*,*,#547,.T.);
#730=ORIENTED_EDGE('',*,*,#548,.T.);
#731=ORIENTED_EDGE('',*,*,#541,.F.);
#732=ORIENTED_EDGE('',*,*,#549,.F.);
#733=ORIENTED_EDGE('',*,*,#550,.F.);
#734=ORIENTED_EDGE('',*,*,#551,.T.);
#735=ORIENTED_EDGE('',*,*,#552,.T.);
#736=ORIENTED_EDGE('',*,*,#553,.T.);
#737=ORIENTED_EDGE('',*,*,#546,.F.);
#738=ORIENTED_EDGE('',*,*,#554,.F.);
#739=ORIENTED_EDGE('',*,*,#555,.F.);
#740=ORIENTED_EDGE('',*,*,#556,.F.);
#741=ORIENTED_EDGE('',*,*,#557,.F.);
#742=ORIENTED_EDGE('',*,*,#558,.F.);
#743=ORIENTED_EDGE('',*,*,#559,.F.);
#744=ORIENTED_EDGE('',*,*,#560,.T.);
#745=ORIENTED_EDGE('',*,*,#561,.T.);
#746=ORIENTED_EDGE('',*,*,#562,.T.);
#747=ORIENTED_EDGE('',*,*,#563,.T.);
#748=ORIENTED_EDGE('',*,*,#564,.F.);
#749=ORIENTED_EDGE('',*,*,#565,.T.);
#750=ORIENTED_EDGE('',*,*,#566,.T.);
#751=ORIENTED_EDGE('',*,*,#567,.T.);
#752=ORIENTED_EDGE('',*,*,#568,.T.);
#753=ORIENTED_EDGE('',*,*,#562,.F.);
#754=ORIENTED_EDGE('',*,*,#569,.T.);
#755=ORIENTED_EDGE('',*,*,#570,.T.);
#756=ORIENTED_EDGE('',*,*,#571,.T.);
#757=ORIENTED_EDGE('',*,*,#572,.T.);
#758=ORIENTED_EDGE('',*,*,#566,.F.);
#759=ORIENTED_EDGE('',*,*,#573,.T.);
#760=ORIENTED_EDGE('',*,*,#574,.T.);
#761=ORIENTED_EDGE('',*,*,#575,.T.);
#762=ORIENTED_EDGE('',*,*,#576,.T.);
#763=ORIENTED_EDGE('',*,*,#571,.F.);
#764=ORIENTED_EDGE('',*,*,#577,.T.);
#765=ORIENTED_EDGE('',*,*,#578,.T.);
#766=ORIENTED_EDGE('',*,*,#579,.T.);
#767=ORIENTED_EDGE('',*,*,#580,.T.);
#768=ORIENTED_EDGE('',*,*,#574,.F.);
#769=ORIENTED_EDGE('',*,*,#581,.T.);
#770=ORIENTED_EDGE('',*,*,#582,.F.);
#771=ORIENTED_EDGE('',*,*,#583,.T.);
#772=ORIENTED_EDGE('',*,*,#584,.T.);
#773=ORIENTED_EDGE('',*,*,#585,.T.);
#774=ORIENTED_EDGE('',*,*,#582,.T.);
#775=ORIENTED_EDGE('',*,*,#586,.T.);
#776=ORIENTED_EDGE('',*,*,#587,.T.);
#777=ORIENTED_EDGE('',*,*,#579,.F.);
#778=ORIENTED_EDGE('',*,*,#588,.T.);
#779=ORIENTED_EDGE('',*,*,#589,.T.);
#780=ORIENTED_EDGE('',*,*,#556,.T.);
#781=ORIENTED_EDGE('',*,*,#590,.T.);
#782=ORIENTED_EDGE('',*,*,#591,.T.);
#783=ORIENTED_EDGE('',*,*,#551,.F.);
#784=ORIENTED_EDGE('',*,*,#592,.F.);
#785=ORIENTED_EDGE('',*,*,#593,.F.);
#786=ORIENTED_EDGE('',*,*,#594,.T.);
#787=ORIENTED_EDGE('',*,*,#595,.T.);
#788=ORIENTED_EDGE('',*,*,#596,.T.);
#789=ORIENTED_EDGE('',*,*,#595,.F.);
#790=ORIENTED_EDGE('',*,*,#596,.F.);
#791=ORIENTED_EDGE('',*,*,#597,.T.);
#792=ORIENTED_EDGE('',*,*,#598,.F.);
#793=ORIENTED_EDGE('',*,*,#599,.F.);
#794=ORIENTED_EDGE('',*,*,#600,.F.);
#795=ORIENTED_EDGE('',*,*,#601,.F.);
#796=ORIENTED_EDGE('',*,*,#602,.F.);
#797=ORIENTED_EDGE('',*,*,#603,.F.);
#798=ORIENTED_EDGE('',*,*,#604,.F.);
#799=ORIENTED_EDGE('',*,*,#605,.F.);
#800=ORIENTED_EDGE('',*,*,#606,.F.);
#801=ORIENTED_EDGE('',*,*,#607,.F.);
#802=ORIENTED_EDGE('',*,*,#608,.F.);
#803=ORIENTED_EDGE('',*,*,#609,.F.);
#804=ORIENTED_EDGE('',*,*,#610,.F.);
#805=ORIENTED_EDGE('',*,*,#597,.F.);
#806=ORIENTED_EDGE('',*,*,#611,.F.);
#807=ORIENTED_EDGE('',*,*,#612,.T.);
#808=ORIENTED_EDGE('',*,*,#594,.F.);
#809=ORIENTED_EDGE('',*,*,#612,.F.);
#810=ORIENTED_EDGE('',*,*,#613,.T.);
#811=ORIENTED_EDGE('',*,*,#614,.T.);
#812=ORIENTED_EDGE('',*,*,#615,.T.);
#813=ORIENTED_EDGE('',*,*,#616,.T.);
#814=ORIENTED_EDGE('',*,*,#617,.T.);
#815=ORIENTED_EDGE('',*,*,#618,.T.);
#816=ORIENTED_EDGE('',*,*,#613,.F.);
#817=ORIENTED_EDGE('',*,*,#619,.T.);
#818=ORIENTED_EDGE('',*,*,#620,.T.);
#819=ORIENTED_EDGE('',*,*,#621,.T.);
#820=ORIENTED_EDGE('',*,*,#617,.F.);
#821=ORIENTED_EDGE('',*,*,#622,.T.);
#822=ORIENTED_EDGE('',*,*,#623,.T.);
#823=ORIENTED_EDGE('',*,*,#624,.T.);
#824=ORIENTED_EDGE('',*,*,#620,.F.);
#825=ORIENTED_EDGE('',*,*,#625,.T.);
#826=ORIENTED_EDGE('',*,*,#623,.F.);
#827=ORIENTED_EDGE('',*,*,#626,.T.);
#828=ORIENTED_EDGE('',*,*,#627,.T.);
#829=ORIENTED_EDGE('',*,*,#628,.T.);
#830=ORIENTED_EDGE('',*,*,#629,.T.);
#831=ORIENTED_EDGE('',*,*,#630,.T.);
#832=ORIENTED_EDGE('',*,*,#627,.F.);
#833=ORIENTED_EDGE('',*,*,#631,.T.);
#834=ORIENTED_EDGE('',*,*,#629,.F.);
#835=ORIENTED_EDGE('',*,*,#632,.T.);
#836=ORIENTED_EDGE('',*,*,#633,.T.);
#837=ORIENTED_EDGE('',*,*,#634,.T.);
#838=ORIENTED_EDGE('',*,*,#635,.T.);
#839=ORIENTED_EDGE('',*,*,#636,.T.);
#840=ORIENTED_EDGE('',*,*,#633,.F.);
#841=ORIENTED_EDGE('',*,*,#637,.T.);
#842=ORIENTED_EDGE('',*,*,#635,.F.);
#843=ORIENTED_EDGE('',*,*,#638,.T.);
#844=ORIENTED_EDGE('',*,*,#639,.T.);
#845=ORIENTED_EDGE('',*,*,#640,.T.);
#846=ORIENTED_EDGE('',*,*,#641,.T.);
#847=ORIENTED_EDGE('',*,*,#642,.T.);
#848=ORIENTED_EDGE('',*,*,#639,.F.);
#849=ORIENTED_EDGE('',*,*,#643,.T.);
#850=ORIENTED_EDGE('',*,*,#644,.T.);
#851=ORIENTED_EDGE('',*,*,#645,.T.);
#852=ORIENTED_EDGE('',*,*,#646,.T.);
#853=ORIENTED_EDGE('',*,*,#641,.F.);
#854=ORIENTED_EDGE('',*,*,#647,.T.);
#855=ORIENTED_EDGE('',*,*,#615,.F.);
#856=ORIENTED_EDGE('',*,*,#648,.T.);
#857=ORIENTED_EDGE('',*,*,#644,.F.);
#858=ORIENTED_EDGE('',*,*,#649,.T.);
#859=ORIENTED_EDGE('',*,*,#631,.F.);
#860=ORIENTED_EDGE('',*,*,#650,.T.);
#861=ORIENTED_EDGE('',*,*,#651,.F.);
#862=ORIENTED_EDGE('',*,*,#652,.F.);
#863=ORIENTED_EDGE('',*,*,#626,.F.);
#864=ORIENTED_EDGE('',*,*,#653,.T.);
#865=ORIENTED_EDGE('',*,*,#654,.F.);
#866=ORIENTED_EDGE('',*,*,#650,.F.);
#867=ORIENTED_EDGE('',*,*,#625,.F.);
#868=ORIENTED_EDGE('',*,*,#655,.T.);
#869=ORIENTED_EDGE('',*,*,#656,.F.);
#870=ORIENTED_EDGE('',*,*,#653,.F.);
#871=ORIENTED_EDGE('',*,*,#622,.F.);
#872=ORIENTED_EDGE('',*,*,#657,.T.);
#873=ORIENTED_EDGE('',*,*,#658,.F.);
#874=ORIENTED_EDGE('',*,*,#655,.F.);
#875=ORIENTED_EDGE('',*,*,#619,.F.);
#876=ORIENTED_EDGE('',*,*,#659,.T.);
#877=ORIENTED_EDGE('',*,*,#660,.F.);
#878=ORIENTED_EDGE('',*,*,#657,.F.);
#879=ORIENTED_EDGE('',*,*,#616,.F.);
#880=ORIENTED_EDGE('',*,*,#661,.T.);
#881=ORIENTED_EDGE('',*,*,#662,.F.);
#882=ORIENTED_EDGE('',*,*,#659,.F.);
#883=ORIENTED_EDGE('',*,*,#645,.F.);
#884=ORIENTED_EDGE('',*,*,#648,.F.);
#885=ORIENTED_EDGE('',*,*,#614,.F.);
#886=ORIENTED_EDGE('',*,*,#618,.F.);
#887=ORIENTED_EDGE('',*,*,#621,.F.);
#888=ORIENTED_EDGE('',*,*,#624,.F.);
#889=ORIENTED_EDGE('',*,*,#628,.F.);
#890=ORIENTED_EDGE('',*,*,#630,.F.);
#891=ORIENTED_EDGE('',*,*,#634,.F.);
#892=ORIENTED_EDGE('',*,*,#636,.F.);
#893=ORIENTED_EDGE('',*,*,#640,.F.);
#894=ORIENTED_EDGE('',*,*,#642,.F.);
#895=ORIENTED_EDGE('',*,*,#646,.F.);
#896=ORIENTED_EDGE('',*,*,#663,.T.);
#897=ORIENTED_EDGE('',*,*,#664,.F.);
#898=ORIENTED_EDGE('',*,*,#663,.F.);
#899=ORIENTED_EDGE('',*,*,#665,.T.);
#900=ORIENTED_EDGE('',*,*,#666,.T.);
#901=ORIENTED_EDGE('',*,*,#667,.T.);
#902=ORIENTED_EDGE('',*,*,#598,.T.);
#903=ORIENTED_EDGE('',*,*,#610,.T.);
#904=ORIENTED_EDGE('',*,*,#668,.T.);
#905=ORIENTED_EDGE('',*,*,#669,.T.);
#906=ORIENTED_EDGE('',*,*,#665,.F.);
#907=ORIENTED_EDGE('',*,*,#609,.T.);
#908=ORIENTED_EDGE('',*,*,#668,.F.);
#909=ORIENTED_EDGE('',*,*,#608,.T.);
#910=ORIENTED_EDGE('',*,*,#670,.T.);
#911=ORIENTED_EDGE('',*,*,#662,.T.);
#912=ORIENTED_EDGE('',*,*,#671,.T.);
#913=ORIENTED_EDGE('',*,*,#660,.T.);
#914=ORIENTED_EDGE('',*,*,#670,.F.);
#915=ORIENTED_EDGE('',*,*,#607,.T.);
#916=ORIENTED_EDGE('',*,*,#671,.F.);
#917=ORIENTED_EDGE('',*,*,#606,.T.);
#918=ORIENTED_EDGE('',*,*,#672,.T.);
#919=ORIENTED_EDGE('',*,*,#658,.T.);
#920=ORIENTED_EDGE('',*,*,#673,.T.);
#921=ORIENTED_EDGE('',*,*,#656,.T.);
#922=ORIENTED_EDGE('',*,*,#672,.F.);
#923=ORIENTED_EDGE('',*,*,#605,.T.);
#924=ORIENTED_EDGE('',*,*,#673,.F.);
#925=ORIENTED_EDGE('',*,*,#604,.T.);
#926=ORIENTED_EDGE('',*,*,#674,.T.);
#927=ORIENTED_EDGE('',*,*,#654,.T.);
#928=ORIENTED_EDGE('',*,*,#675,.T.);
#929=ORIENTED_EDGE('',*,*,#651,.T.);
#930=ORIENTED_EDGE('',*,*,#674,.F.);
#931=ORIENTED_EDGE('',*,*,#603,.T.);
#932=ORIENTED_EDGE('',*,*,#676,.T.);
#933=ORIENTED_EDGE('',*,*,#677,.T.);
#934=ORIENTED_EDGE('',*,*,#675,.F.);
#935=ORIENTED_EDGE('',*,*,#602,.T.);
#936=ORIENTED_EDGE('',*,*,#678,.T.);
#937=ORIENTED_EDGE('',*,*,#679,.T.);
#938=ORIENTED_EDGE('',*,*,#676,.F.);
#939=ORIENTED_EDGE('',*,*,#601,.T.);
#940=ORIENTED_EDGE('',*,*,#680,.T.);
#941=ORIENTED_EDGE('',*,*,#681,.T.);
#942=ORIENTED_EDGE('',*,*,#678,.F.);
#943=ORIENTED_EDGE('',*,*,#600,.T.);
#944=ORIENTED_EDGE('',*,*,#667,.F.);
#945=ORIENTED_EDGE('',*,*,#682,.T.);
#946=ORIENTED_EDGE('',*,*,#680,.F.);
#947=ORIENTED_EDGE('',*,*,#599,.T.);
#948=ORIENTED_EDGE('',*,*,#632,.F.);
#949=ORIENTED_EDGE('',*,*,#652,.T.);
#950=ORIENTED_EDGE('',*,*,#677,.F.);
#951=ORIENTED_EDGE('',*,*,#683,.F.);
#952=ORIENTED_EDGE('',*,*,#637,.F.);
#953=ORIENTED_EDGE('',*,*,#683,.T.);
#954=ORIENTED_EDGE('',*,*,#679,.F.);
#955=ORIENTED_EDGE('',*,*,#684,.F.);
#956=ORIENTED_EDGE('',*,*,#638,.F.);
#957=ORIENTED_EDGE('',*,*,#684,.T.);
#958=ORIENTED_EDGE('',*,*,#681,.F.);
#959=ORIENTED_EDGE('',*,*,#685,.F.);
#960=ORIENTED_EDGE('',*,*,#643,.F.);
#961=ORIENTED_EDGE('',*,*,#685,.T.);
#962=ORIENTED_EDGE('',*,*,#682,.F.);
#963=ORIENTED_EDGE('',*,*,#686,.F.);
#964=ORIENTED_EDGE('',*,*,#647,.F.);
#965=ORIENTED_EDGE('',*,*,#686,.T.);
#966=ORIENTED_EDGE('',*,*,#666,.F.);
#967=ORIENTED_EDGE('',*,*,#687,.F.);
#968=ORIENTED_EDGE('',*,*,#688,.F.);
#969=ORIENTED_EDGE('',*,*,#533,.F.);
#970=ORIENTED_EDGE('',*,*,#538,.F.);
#971=ORIENTED_EDGE('',*,*,#537,.F.);
#972=ORIENTED_EDGE('',*,*,#543,.F.);
#973=ORIENTED_EDGE('',*,*,#542,.F.);
#974=ORIENTED_EDGE('',*,*,#548,.F.);
#975=ORIENTED_EDGE('',*,*,#547,.F.);
#976=ORIENTED_EDGE('',*,*,#553,.F.);
#977=ORIENTED_EDGE('',*,*,#552,.F.);
#978=ORIENTED_EDGE('',*,*,#591,.F.);
#979=ORIENTED_EDGE('',*,*,#590,.F.);
#980=ORIENTED_EDGE('',*,*,#561,.F.);
#981=ORIENTED_EDGE('',*,*,#560,.F.);
#982=ORIENTED_EDGE('',*,*,#689,.F.);
#983=ORIENTED_EDGE('',*,*,#583,.F.);
#984=ORIENTED_EDGE('',*,*,#589,.F.);
#985=ORIENTED_EDGE('',*,*,#588,.F.);
#986=ORIENTED_EDGE('',*,*,#581,.F.);
#987=ORIENTED_EDGE('',*,*,#578,.F.);
#988=ORIENTED_EDGE('',*,*,#577,.F.);
#989=ORIENTED_EDGE('',*,*,#573,.F.);
#990=ORIENTED_EDGE('',*,*,#570,.F.);
#991=ORIENTED_EDGE('',*,*,#569,.F.);
#992=ORIENTED_EDGE('',*,*,#565,.F.);
#993=ORIENTED_EDGE('',*,*,#690,.F.);
#994=ORIENTED_EDGE('',*,*,#563,.F.);
#995=ORIENTED_EDGE('',*,*,#568,.F.);
#996=ORIENTED_EDGE('',*,*,#567,.F.);
#997=ORIENTED_EDGE('',*,*,#572,.F.);
#998=ORIENTED_EDGE('',*,*,#576,.F.);
#999=ORIENTED_EDGE('',*,*,#575,.F.);
#1000=ORIENTED_EDGE('',*,*,#580,.F.);
#1001=ORIENTED_EDGE('',*,*,#587,.F.);
#1002=ORIENTED_EDGE('',*,*,#586,.F.);
#1003=ORIENTED_EDGE('',*,*,#585,.F.);
#1004=ORIENTED_EDGE('',*,*,#691,.F.);
#1005=ORIENTED_EDGE('',*,*,#558,.T.);
#1006=ORIENTED_EDGE('',*,*,#557,.T.);
#1007=ORIENTED_EDGE('',*,*,#593,.T.);
#1008=ORIENTED_EDGE('',*,*,#592,.T.);
#1009=ORIENTED_EDGE('',*,*,#555,.T.);
#1010=ORIENTED_EDGE('',*,*,#554,.T.);
#1011=ORIENTED_EDGE('',*,*,#550,.T.);
#1012=ORIENTED_EDGE('',*,*,#549,.T.);
#1013=ORIENTED_EDGE('',*,*,#545,.T.);
#1014=ORIENTED_EDGE('',*,*,#544,.T.);
#1015=ORIENTED_EDGE('',*,*,#540,.T.);
#1016=ORIENTED_EDGE('',*,*,#539,.T.);
#1017=ORIENTED_EDGE('',*,*,#535,.T.);
#1018=ORIENTED_EDGE('',*,*,#692,.F.);
#1019=ORIENTED_EDGE('',*,*,#690,.T.);
#1020=ORIENTED_EDGE('',*,*,#534,.T.);
#1021=ORIENTED_EDGE('',*,*,#688,.T.);
#1022=ORIENTED_EDGE('',*,*,#564,.T.);
#1023=ORIENTED_EDGE('',*,*,#693,.T.);
#1024=ORIENTED_EDGE('',*,*,#694,.T.);
#1025=ORIENTED_EDGE('',*,*,#695,.T.);
#1026=ORIENTED_EDGE('',*,*,#696,.T.);
#1027=ORIENTED_EDGE('',*,*,#694,.F.);
#1028=ORIENTED_EDGE('',*,*,#696,.F.);
#1029=ORIENTED_EDGE('',*,*,#697,.T.);
#1030=ORIENTED_EDGE('',*,*,#692,.T.);
#1031=ORIENTED_EDGE('',*,*,#697,.F.);
#1032=ORIENTED_EDGE('',*,*,#695,.F.);
#1033=ORIENTED_EDGE('',*,*,#698,.F.);
#1034=ORIENTED_EDGE('',*,*,#693,.F.);
#1035=ORIENTED_EDGE('',*,*,#649,.F.);
#1036=ORIENTED_EDGE('',*,*,#687,.T.);
#1037=ORIENTED_EDGE('',*,*,#669,.F.);
#1038=ORIENTED_EDGE('',*,*,#661,.F.);
#1039=ORIENTED_EDGE('',*,*,#664,.T.);
#1040=ORIENTED_EDGE('',*,*,#691,.T.);
#1041=ORIENTED_EDGE('',*,*,#584,.F.);
#1042=ORIENTED_EDGE('',*,*,#689,.T.);
#1043=ORIENTED_EDGE('',*,*,#559,.T.);
#1044=ORIENTED_EDGE('',*,*,#698,.T.);
#1045=ORIENTED_EDGE('',*,*,#699,.T.);
#1046=ORIENTED_EDGE('',*,*,#611,.T.);
#1047=ORIENTED_EDGE('',*,*,#699,.F.);
#1048=ORIENTED_EDGE('',*,*,#700,.T.);
#1049=ORIENTED_EDGE('',*,*,#701,.T.);
#1050=ORIENTED_EDGE('',*,*,#702,.T.);
#1051=ORIENTED_EDGE('',*,*,#703,.T.);
#1052=ORIENTED_EDGE('',*,*,#701,.F.);
#1053=ORIENTED_EDGE('',*,*,#704,.F.);
#1054=ORIENTED_EDGE('',*,*,#705,.F.);
#1055=ORIENTED_EDGE('',*,*,#706,.T.);
#1056=ORIENTED_EDGE('',*,*,#702,.F.);
#1057=ORIENTED_EDGE('',*,*,#703,.F.);
#1058=ORIENTED_EDGE('',*,*,#706,.F.);
#1059=ORIENTED_EDGE('',*,*,#707,.T.);
#1060=ORIENTED_EDGE('',*,*,#700,.F.);
#1061=ORIENTED_EDGE('',*,*,#708,.T.);
#1062=ORIENTED_EDGE('',*,*,#709,.T.);
#1063=ORIENTED_EDGE('',*,*,#704,.T.);
#1064=ORIENTED_EDGE('',*,*,#705,.T.);
#1065=ORIENTED_EDGE('',*,*,#709,.F.);
#1066=ORIENTED_EDGE('',*,*,#710,.T.);
#1067=ORIENTED_EDGE('',*,*,#708,.F.);
#1068=ORIENTED_EDGE('',*,*,#710,.F.);
#1069=ORIENTED_EDGE('',*,*,#711,.T.);
#1070=ORIENTED_EDGE('',*,*,#707,.F.);
#1071=ORIENTED_EDGE('',*,*,#711,.F.);
#1072=CYLINDRICAL_SURFACE('',#1179,1.543);
#1073=CYLINDRICAL_SURFACE('',#1181,1.543);
#1074=CYLINDRICAL_SURFACE('',#1182,1.543);
#1075=CYLINDRICAL_SURFACE('',#1183,1.543);
#1076=CYLINDRICAL_SURFACE('',#1184,1.543);
#1077=CYLINDRICAL_SURFACE('',#1185,1.543);
#1078=CYLINDRICAL_SURFACE('',#1187,1.2645);
#1079=CYLINDRICAL_SURFACE('',#1189,1.2645);
#1080=CYLINDRICAL_SURFACE('',#1190,1.2645);
#1081=CYLINDRICAL_SURFACE('',#1191,1.2645);
#1082=CYLINDRICAL_SURFACE('',#1192,1.2645);
#1083=CYLINDRICAL_SURFACE('',#1193,1.2645);
#1084=CYLINDRICAL_SURFACE('',#1195,1.2645);
#1085=CYLINDRICAL_SURFACE('',#1196,1.543);
#1086=CYLINDRICAL_SURFACE('',#1211,2.55);
#1087=CYLINDRICAL_SURFACE('',#1247,0.300000000000001);
#1088=CYLINDRICAL_SURFACE('',#1250,0.300000000000001);
#1089=CYLINDRICAL_SURFACE('',#1253,0.300000000000001);
#1090=CYLINDRICAL_SURFACE('',#1278,0.300000000000001);
#1091=CYLINDRICAL_SURFACE('',#1280,0.300000000000001);
#1092=CYLINDRICAL_SURFACE('',#1282,0.299999999999999);
#1093=CYLINDRICAL_SURFACE('',#1290,1.65);
#1094=CYLINDRICAL_SURFACE('',#1302,1.35);
#1095=CYLINDRICAL_SURFACE('',#1312,1.65);
#1096=ADVANCED_FACE('',(#70),#1072,.F.);
#1097=ADVANCED_FACE('',(#71),#1073,.F.);
#1098=ADVANCED_FACE('',(#72),#1074,.F.);
#1099=ADVANCED_FACE('',(#73),#1075,.F.);
#1100=ADVANCED_FACE('',(#74),#1076,.F.);
#1101=ADVANCED_FACE('',(#75),#1077,.F.);
#1102=ADVANCED_FACE('',(#76),#1078,.F.);
#1103=ADVANCED_FACE('',(#77),#1079,.F.);
#1104=ADVANCED_FACE('',(#78),#1080,.F.);
#1105=ADVANCED_FACE('',(#79),#1081,.F.);
#1106=ADVANCED_FACE('',(#80),#1082,.F.);
#1107=ADVANCED_FACE('',(#81),#1083,.F.);
#1108=ADVANCED_FACE('',(#82),#1084,.F.);
#1109=ADVANCED_FACE('',(#83),#1085,.F.);
#1110=ADVANCED_FACE('',(#84),#53,.F.);
#1111=ADVANCED_FACE('',(#85),#51,.T.);
#1112=ADVANCED_FACE('',(#86),#1086,.T.);
#1113=ADVANCED_FACE('',(#87),#33,.F.);
#1114=ADVANCED_FACE('',(#88),#54,.T.);
#1115=ADVANCED_FACE('',(#89),#34,.F.);
#1116=ADVANCED_FACE('',(#90),#55,.T.);
#1117=ADVANCED_FACE('',(#91),#35,.F.);
#1118=ADVANCED_FACE('',(#92),#56,.T.);
#1119=ADVANCED_FACE('',(#93),#36,.F.);
#1120=ADVANCED_FACE('',(#94),#57,.T.);
#1121=ADVANCED_FACE('',(#95),#37,.F.);
#1122=ADVANCED_FACE('',(#96),#58,.T.);
#1123=ADVANCED_FACE('',(#97),#38,.F.);
#1124=ADVANCED_FACE('',(#98),#59,.T.);
#1125=ADVANCED_FACE('',(#99),#22,.T.);
#1126=ADVANCED_FACE('',(#100),#1087,.T.);
#1127=ADVANCED_FACE('',(#101),#23,.F.);
#1128=ADVANCED_FACE('',(#102),#1088,.T.);
#1129=ADVANCED_FACE('',(#103),#24,.F.);
#1130=ADVANCED_FACE('',(#104),#1089,.T.);
#1131=ADVANCED_FACE('',(#105),#52,.T.);
#1132=ADVANCED_FACE('',(#106),#39,.F.);
#1133=ADVANCED_FACE('',(#107),#60,.T.);
#1134=ADVANCED_FACE('',(#108),#40,.F.);
#1135=ADVANCED_FACE('',(#109),#61,.T.);
#1136=ADVANCED_FACE('',(#110),#41,.F.);
#1137=ADVANCED_FACE('',(#111),#62,.T.);
#1138=ADVANCED_FACE('',(#112),#42,.F.);
#1139=ADVANCED_FACE('',(#113),#63,.T.);
#1140=ADVANCED_FACE('',(#114),#43,.F.);
#1141=ADVANCED_FACE('',(#115),#64,.T.);
#1142=ADVANCED_FACE('',(#116),#44,.F.);
#1143=ADVANCED_FACE('',(#117),#65,.T.);
#1144=ADVANCED_FACE('',(#118),#1090,.T.);
#1145=ADVANCED_FACE('',(#119),#25,.T.);
#1146=ADVANCED_FACE('',(#120),#1091,.T.);
#1147=ADVANCED_FACE('',(#121),#26,.T.);
#1148=ADVANCED_FACE('',(#122),#1092,.T.);
#1149=ADVANCED_FACE('',(#123),#45,.F.);
#1150=ADVANCED_FACE('',(#124),#46,.F.);
#1151=ADVANCED_FACE('',(#125,#17),#27,.T.);
#1152=ADVANCED_FACE('',(#126),#66,.T.);
#1153=ADVANCED_FACE('',(#127),#1093,.F.);
#1154=ADVANCED_FACE('',(#128,#18),#28,.T.);
#1155=ADVANCED_FACE('',(#129),#29,.F.);
#1156=ADVANCED_FACE('',(#130,#19),#30,.F.);
#1157=ADVANCED_FACE('',(#131),#67,.T.);
#1158=ADVANCED_FACE('',(#132),#68,.T.);
#1159=ADVANCED_FACE('',(#133),#1094,.F.);
#1160=ADVANCED_FACE('',(#134,#20),#31,.T.);
#1161=ADVANCED_FACE('',(#135),#69,.T.);
#1162=ADVANCED_FACE('',(#136,#21),#32,.T.);
#1163=ADVANCED_FACE('',(#137),#1095,.T.);
#1164=CLOSED_SHELL('',(#1096,#1097,#1098,#1099,#1100,#1101,#1102,#1103,
#1104,#1105,#1106,#1107,#1108,#1109,#1110,#1111,#1112,#1113,#1114,#1115,
#1116,#1117,#1118,#1119,#1120,#1121,#1122,#1123,#1124,#1125,#1126,#1127,
#1128,#1129,#1130,#1131,#1132,#1133,#1134,#1135,#1136,#1137,#1138,#1139,
#1140,#1141,#1142,#1143,#1144,#1145,#1146,#1147,#1148,#1149,#1150,#1151,
#1152,#1153,#1154,#1155,#1156,#1157));
#1165=CLOSED_SHELL('',(#1158,#1159,#1160,#1161,#1162,#1163));
#1166=DERIVED_UNIT_ELEMENT(#1168,1.);
#1167=DERIVED_UNIT_ELEMENT(#5717,-3.);
#1168=(
MASS_UNIT()
NAMED_UNIT(*)
SI_UNIT(.KILO.,.GRAM.)
);
#1169=DERIVED_UNIT((#1166,#1167));
#1170=MEASURE_REPRESENTATION_ITEM('density measure',
POSITIVE_RATIO_MEASURE(7850.),#1169);
#1171=PROPERTY_DEFINITION_REPRESENTATION(#1176,#1173);
#1172=PROPERTY_DEFINITION_REPRESENTATION(#1177,#1174);
#1173=REPRESENTATION('material name',(#1175),#5714);
#1174=REPRESENTATION('density',(#1170),#5714);
#1175=DESCRIPTIVE_REPRESENTATION_ITEM('Acier','Acier');
#1176=PROPERTY_DEFINITION('material property','material name',#5724);
#1177=PROPERTY_DEFINITION('material property','density of part',#5724);
#1178=AXIS2_PLACEMENT_3D('',#1611,#1313,#1314);
#1179=AXIS2_PLACEMENT_3D('',#1612,#1315,#1316);
#1180=AXIS2_PLACEMENT_3D('',#1622,#1318,#1319);
#1181=AXIS2_PLACEMENT_3D('',#1648,#1320,#1321);
#1182=AXIS2_PLACEMENT_3D('',#1737,#1323,#1324);
#1183=AXIS2_PLACEMENT_3D('',#1875,#1326,#1327);
#1184=AXIS2_PLACEMENT_3D('',#2074,#1329,#1330);
#1185=AXIS2_PLACEMENT_3D('',#2274,#1332,#1333);
#1186=AXIS2_PLACEMENT_3D('',#2350,#1335,#1336);
#1187=AXIS2_PLACEMENT_3D('',#2411,#1337,#1338);
#1188=AXIS2_PLACEMENT_3D('',#2463,#1340,#1341);
#1189=AXIS2_PLACEMENT_3D('',#2548,#1342,#1343);
#1190=AXIS2_PLACEMENT_3D('',#2872,#1345,#1346);
#1191=AXIS2_PLACEMENT_3D('',#3190,#1348,#1349);
#1192=AXIS2_PLACEMENT_3D('',#3512,#1351,#1352);
#1193=AXIS2_PLACEMENT_3D('',#3820,#1354,#1355);
#1194=AXIS2_PLACEMENT_3D('',#3854,#1357,#1358);
#1195=AXIS2_PLACEMENT_3D('',#3931,#1359,#1360);
#1196=AXIS2_PLACEMENT_3D('',#4272,#1361,#1362);
#1197=AXIS2_PLACEMENT_3D('',#4462,#1363,#1364);
#1198=AXIS2_PLACEMENT_3D('',#4464,#1365,#1366);
#1199=AXIS2_PLACEMENT_3D('',#4466,#1367,#1368);
#1200=AXIS2_PLACEMENT_3D('',#4467,#1369,#1370);
#1201=AXIS2_PLACEMENT_3D('',#4468,#1371,#1372);
#1202=AXIS2_PLACEMENT_3D('',#4470,#1373,#1374);
#1203=AXIS2_PLACEMENT_3D('',#4472,#1375,#1376);
#1204=AXIS2_PLACEMENT_3D('',#4474,#1377,#1378);
#1205=AXIS2_PLACEMENT_3D('',#4482,#1379,#1380);
#1206=AXIS2_PLACEMENT_3D('',#4490,#1381,#1382);
#1207=AXIS2_PLACEMENT_3D('',#4498,#1383,#1384);
#1208=AXIS2_PLACEMENT_3D('',#4506,#1385,#1386);
#1209=AXIS2_PLACEMENT_3D('',#4514,#1387,#1388);
#1210=AXIS2_PLACEMENT_3D('',#4515,#1389,#1390);
#1211=AXIS2_PLACEMENT_3D('',#4516,#1391,#1392);
#1212=AXIS2_PLACEMENT_3D('',#4518,#1393,#1394);
#1213=AXIS2_PLACEMENT_3D('',#4547,#1396,#1397);
#1214=AXIS2_PLACEMENT_3D('',#4555,#1398,#1399);
#1215=AXIS2_PLACEMENT_3D('',#4561,#1400,#1401);
#1216=AXIS2_PLACEMENT_3D('',#4564,#1402,#1403);
#1217=AXIS2_PLACEMENT_3D('',#4565,#1404,#1405);
#1218=AXIS2_PLACEMENT_3D('',#4566,#1406,#1407);
#1219=AXIS2_PLACEMENT_3D('',#4594,#1408,#1409);
#1220=AXIS2_PLACEMENT_3D('',#4605,#1410,#1411);
#1221=AXIS2_PLACEMENT_3D('',#4608,#1412,#1413);
#1222=AXIS2_PLACEMENT_3D('',#4609,#1414,#1415);
#1223=AXIS2_PLACEMENT_3D('',#4610,#1416,#1417);
#1224=AXIS2_PLACEMENT_3D('',#4643,#1418,#1419);
#1225=AXIS2_PLACEMENT_3D('',#4649,#1420,#1421);
#1226=AXIS2_PLACEMENT_3D('',#4652,#1422,#1423);
#1227=AXIS2_PLACEMENT_3D('',#4653,#1424,#1425);
#1228=AXIS2_PLACEMENT_3D('',#4654,#1426,#1427);
#1229=AXIS2_PLACEMENT_3D('',#4687,#1428,#1429);
#1230=AXIS2_PLACEMENT_3D('',#4693,#1430,#1431);
#1231=AXIS2_PLACEMENT_3D('',#4696,#1432,#1433);
#1232=AXIS2_PLACEMENT_3D('',#4697,#1434,#1435);
#1233=AXIS2_PLACEMENT_3D('',#4698,#1436,#1437);
#1234=AXIS2_PLACEMENT_3D('',#4731,#1438,#1439);
#1235=AXIS2_PLACEMENT_3D('',#4737,#1440,#1441);
#1236=AXIS2_PLACEMENT_3D('',#4740,#1442,#1443);
#1237=AXIS2_PLACEMENT_3D('',#4741,#1444,#1445);
#1238=AXIS2_PLACEMENT_3D('',#4742,#1446,#1447);
#1239=AXIS2_PLACEMENT_3D('',#4770,#1448,#1449);
#1240=AXIS2_PLACEMENT_3D('',#4772,#1450,#1451);
#1241=AXIS2_PLACEMENT_3D('',#4773,#1452,#1453);
#1242=AXIS2_PLACEMENT_3D('',#4779,#1454,#1455);
#1243=AXIS2_PLACEMENT_3D('',#4780,#1456,#1457);
#1244=AXIS2_PLACEMENT_3D('',#4781,#1458,#1459);
#1245=AXIS2_PLACEMENT_3D('',#4782,#1460,#1461);
#1246=AXIS2_PLACEMENT_3D('',#4786,#1463,#1464);
#1247=AXIS2_PLACEMENT_3D('',#4788,#1466,#1467);
#1248=AXIS2_PLACEMENT_3D('',#4796,#1469,#1470);
#1249=AXIS2_PLACEMENT_3D('',#4799,#1472,#1473);
#1250=AXIS2_PLACEMENT_3D('',#4800,#1474,#1475);
#1251=AXIS2_PLACEMENT_3D('',#4808,#1477,#1478);
#1252=AXIS2_PLACEMENT_3D('',#4811,#1480,#1481);
#1253=AXIS2_PLACEMENT_3D('',#4812,#1482,#1483);
#1254=AXIS2_PLACEMENT_3D('',#4820,#1485,#1486);
#1255=AXIS2_PLACEMENT_3D('',#4822,#1487,#1488);
#1256=AXIS2_PLACEMENT_3D('',#4823,#1489,#1490);
#1257=AXIS2_PLACEMENT_3D('',#4850,#1491,#1492);
#1258=AXIS2_PLACEMENT_3D('',#4857,#1493,#1494);
#1259=AXIS2_PLACEMENT_3D('',#4858,#1495,#1496);
#1260=AXIS2_PLACEMENT_3D('',#4859,#1497,#1498);
#1261=AXIS2_PLACEMENT_3D('',#4860,#1499,#1500);
#1262=AXIS2_PLACEMENT_3D('',#4886,#1501,#1502);
#1263=AXIS2_PLACEMENT_3D('',#4887,#1503,#1504);
#1264=AXIS2_PLACEMENT_3D('',#4888,#1505,#1506);
#1265=AXIS2_PLACEMENT_3D('',#4914,#1507,#1508);
#1266=AXIS2_PLACEMENT_3D('',#4915,#1509,#1510);
#1267=AXIS2_PLACEMENT_3D('',#4916,#1511,#1512);
#1268=AXIS2_PLACEMENT_3D('',#4942,#1513,#1514);
#1269=AXIS2_PLACEMENT_3D('',#4943,#1515,#1516);
#1270=AXIS2_PLACEMENT_3D('',#4944,#1517,#1518);
#1271=AXIS2_PLACEMENT_3D('',#4971,#1519,#1520);
#1272=AXIS2_PLACEMENT_3D('',#4977,#1521,#1522);
#1273=AXIS2_PLACEMENT_3D('',#4979,#1523,#1524);
#1274=AXIS2_PLACEMENT_3D('',#4980,#1525,#1526);
#1275=AXIS2_PLACEMENT_3D('',#5007,#1527,#1528);
#1276=AXIS2_PLACEMENT_3D('',#5013,#1529,#1530);
#1277=AXIS2_PLACEMENT_3D('',#5014,#1531,#1532);
#1278=AXIS2_PLACEMENT_3D('',#5015,#1533,#1534);
#1279=AXIS2_PLACEMENT_3D('',#5017,#1536,#1537);
#1280=AXIS2_PLACEMENT_3D('',#5019,#1539,#1540);
#1281=AXIS2_PLACEMENT_3D('',#5021,#1542,#1543);
#1282=AXIS2_PLACEMENT_3D('',#5023,#1545,#1546);
#1283=AXIS2_PLACEMENT_3D('',#5666,#1548,#1549);
#1284=AXIS2_PLACEMENT_3D('',#5668,#1550,#1551);
#1285=AXIS2_PLACEMENT_3D('',#5669,#1552,#1553);
#1286=AXIS2_PLACEMENT_3D('',#5671,#1554,#1555);
#1287=AXIS2_PLACEMENT_3D('',#5673,#1556,#1557);
#1288=AXIS2_PLACEMENT_3D('',#5675,#1558,#1559);
#1289=AXIS2_PLACEMENT_3D('',#5676,#1560,#1561);
#1290=AXIS2_PLACEMENT_3D('',#5677,#1562,#1563);
#1291=AXIS2_PLACEMENT_3D('',#5679,#1565,#1566);
#1292=AXIS2_PLACEMENT_3D('',#5681,#1567,#1568);
#1293=AXIS2_PLACEMENT_3D('',#5682,#1569,#1570);
#1294=AXIS2_PLACEMENT_3D('',#5683,#1571,#1572);
#1295=AXIS2_PLACEMENT_3D('',#5684,#1573,#1574);
#1296=AXIS2_PLACEMENT_3D('',#5685,#1575,#1576);
#1297=AXIS2_PLACEMENT_3D('',#5686,#1577,#1578);
#1298=AXIS2_PLACEMENT_3D('',#5688,#1579,#1580);
#1299=AXIS2_PLACEMENT_3D('',#5690,#1581,#1582);
#1300=AXIS2_PLACEMENT_3D('',#5692,#1583,#1584);
#1301=AXIS2_PLACEMENT_3D('',#5693,#1585,#1586);
#1302=AXIS2_PLACEMENT_3D('',#5694,#1587,#1588);
#1303=AXIS2_PLACEMENT_3D('',#5697,#1589,#1590);
#1304=AXIS2_PLACEMENT_3D('',#5698,#1591,#1592);
#1305=AXIS2_PLACEMENT_3D('',#5700,#1594,#1595);
#1306=AXIS2_PLACEMENT_3D('',#5702,#1596,#1597);
#1307=AXIS2_PLACEMENT_3D('',#5703,#1598,#1599);
#1308=AXIS2_PLACEMENT_3D('',#5705,#1600,#1601);
#1309=AXIS2_PLACEMENT_3D('',#5706,#1602,#1603);
#1310=AXIS2_PLACEMENT_3D('',#5707,#1604,#1605);
#1311=AXIS2_PLACEMENT_3D('',#5709,#1606,#1607);
#1312=AXIS2_PLACEMENT_3D('',#5710,#1608,#1609);
#1313=DIRECTION('axis',(0.,0.,1.));
#1314=DIRECTION('refdir',(1.,0.,0.));
#1315=DIRECTION('center_axis',(0.,0.,1.));
#1316=DIRECTION('ref_axis',(-0.609203783736933,0.793013713551414,0.));
#1317=DIRECTION('',(0.,0.,1.));
#1318=DIRECTION('center_axis',(0.,0.,-1.));
#1319=DIRECTION('ref_axis',(1.,3.92010771854471E-15,0.));
#1320=DIRECTION('center_axis',(0.,0.,1.));
#1321=DIRECTION('ref_axis',(-0.609203783736933,0.793013713551414,0.));
#1322=DIRECTION('',(0.,0.,1.));
#1323=DIRECTION('center_axis',(0.,0.,1.));
#1324=DIRECTION('ref_axis',(-0.609203783736933,0.793013713551414,0.));
#1325=DIRECTION('',(0.,0.,1.));
#1326=DIRECTION('center_axis',(0.,0.,1.));
#1327=DIRECTION('ref_axis',(-0.609203783736933,0.793013713551414,0.));
#1328=DIRECTION('',(0.,0.,1.));
#1329=DIRECTION('center_axis',(0.,0.,1.));
#1330=DIRECTION('ref_axis',(-0.609203783736933,0.793013713551414,0.));
#1331=DIRECTION('',(0.,0.,1.));
#1332=DIRECTION('center_axis',(0.,0.,1.));
#1333=DIRECTION('ref_axis',(-0.609203783736933,0.793013713551414,0.));
#1334=DIRECTION('',(0.,0.,1.));
#1335=DIRECTION('center_axis',(0.,0.,1.));
#1336=DIRECTION('ref_axis',(1.,3.92010771854471E-15,0.));
#1337=DIRECTION('center_axis',(0.,0.,1.));
#1338=DIRECTION('ref_axis',(-0.963053107644387,-0.269311551658092,0.));
#1339=DIRECTION('',(0.,0.,1.));
#1340=DIRECTION('center_axis',(0.,0.,1.));
#1341=DIRECTION('ref_axis',(1.,0.,0.));
#1342=DIRECTION('center_axis',(0.,0.,1.));
#1343=DIRECTION('ref_axis',(-0.963053107644387,-0.269311551658092,0.));
#1344=DIRECTION('',(0.,0.,1.));
#1345=DIRECTION('center_axis',(0.,0.,1.));
#1346=DIRECTION('ref_axis',(-0.963053107644387,-0.269311551658092,0.));
#1347=DIRECTION('',(0.,0.,1.));
#1348=DIRECTION('center_axis',(0.,0.,1.));
#1349=DIRECTION('ref_axis',(-0.963053107644387,-0.269311551658092,0.));
#1350=DIRECTION('',(0.,0.,1.));
#1351=DIRECTION('center_axis',(0.,0.,1.));
#1352=DIRECTION('ref_axis',(-0.963053107644387,-0.269311551658092,0.));
#1353=DIRECTION('',(0.,0.,1.));
#1354=DIRECTION('center_axis',(0.,0.,1.));
#1355=DIRECTION('ref_axis',(-0.963053107644387,-0.269311551658092,0.));
#1356=DIRECTION('',(0.,0.,1.));
#1357=DIRECTION('center_axis',(0.,0.,1.));
#1358=DIRECTION('ref_axis',(1.,0.,0.));
#1359=DIRECTION('center_axis',(0.,0.,1.));
#1360=DIRECTION('ref_axis',(-0.963053107644387,-0.269311551658092,0.));
#1361=DIRECTION('center_axis',(0.,0.,1.));
#1362=DIRECTION('ref_axis',(-0.609203783736933,0.793013713551414,0.));
#1363=DIRECTION('center_axis',(0.,0.,1.));
#1364=DIRECTION('ref_axis',(1.,0.,0.));
#1365=DIRECTION('center_axis',(0.,0.,-1.));
#1366=DIRECTION('ref_axis',(1.,0.,0.));
#1367=DIRECTION('center_axis',(-1.22464679914735E-16,1.,0.));
#1368=DIRECTION('ref_axis',(-1.,-1.22464679914735E-16,0.));
#1369=DIRECTION('center_axis',(0.,0.,1.));
#1370=DIRECTION('ref_axis',(1.,0.,0.));
#1371=DIRECTION('center_axis',(1.22464679914735E-16,0.,1.));
#1372=DIRECTION('ref_axis',(1.,0.,-1.02878717913584E-16));
#1373=DIRECTION('center_axis',(1.22464679914735E-16,-1.,-7.49879891330929E-33));
#1374=DIRECTION('ref_axis',(-1.,-1.22464679914735E-16,0.));
#1375=DIRECTION('center_axis',(0.326004421001954,-3.89423108616073E-5,-0.945368243580604));
#1376=DIRECTION('ref_axis',(-0.39679038599798,0.907647789452675,-0.136868111264995));
#1377=DIRECTION('center_axis',(-0.866025403784439,-0.5,0.));
#1378=DIRECTION('ref_axis',(5.59230767410889E-17,-9.68616102311394E-17,
1.));
#1379=DIRECTION('center_axis',(-6.00925839494864E-16,-1.,0.));
#1380=DIRECTION('ref_axis',(9.71445146547012E-17,-5.83766490211974E-32,
1.));
#1381=DIRECTION('center_axis',(0.866025403784438,-0.5,0.));
#1382=DIRECTION('ref_axis',(-2.37508611551457E-17,-4.11376982442264E-17,
1.));
#1383=DIRECTION('center_axis',(0.866025403784438,0.5,0.));
#1384=DIRECTION('ref_axis',(-9.05650331446312E-18,1.5686323879566E-17,1.));
#1385=DIRECTION('center_axis',(-6.00925839494864E-16,1.,0.));
#1386=DIRECTION('ref_axis',(9.71445146547012E-17,5.83766490211974E-32,1.));
#1387=DIRECTION('center_axis',(-0.866025403784439,0.5,0.));
#1388=DIRECTION('ref_axis',(4.12287189004064E-17,7.14102358664792E-17,1.));
#1389=DIRECTION('center_axis',(0.325923438425372,6.31884266471467E-5,-0.94539616473318));
#1390=DIRECTION('ref_axis',(0.268995118398988,0.958660450674743,0.0927996044690599));
#1391=DIRECTION('center_axis',(0.,0.,1.));
#1392=DIRECTION('ref_axis',(1.,0.,0.));
#1393=DIRECTION('center_axis',(0.,0.,1.));
#1394=DIRECTION('ref_axis',(-1.,1.22464679914735E-16,0.));
#1395=DIRECTION('',(0.,0.,-1.));
#1396=DIRECTION('center_axis',(-0.990687288660597,4.58284932531026E-15,
0.136156880422236));
#1397=DIRECTION('ref_axis',(4.62592926927148E-15,1.,-9.86076131526265E-32));
#1398=DIRECTION('center_axis',(0.495343644330302,0.857960359186404,0.136156880422223));
#1399=DIRECTION('ref_axis',(-0.151563665657055,0.23968849389077,-0.958946234754051));
#1400=DIRECTION('center_axis',(6.00925839494864E-16,-1.,0.));
#1401=DIRECTION('ref_axis',(0.,0.,-1.));
#1402=DIRECTION('center_axis',(-0.9906872886606,-4.18919176383667E-15,-0.136156880422216));
#1403=DIRECTION('ref_axis',(-4.62592926927152E-15,1.,2.8912057932947E-15));
#1404=DIRECTION('center_axis',(-6.00925839494864E-16,1.,0.));
#1405=DIRECTION('ref_axis',(-1.22464679914735E-16,-7.35921905862319E-32,
-1.));
#1406=DIRECTION('center_axis',(6.00925839494864E-16,-1.,0.));
#1407=DIRECTION('ref_axis',(-1.22464679914735E-16,-7.35921905862319E-32,
-1.));
#1408=DIRECTION('center_axis',(-0.495343644330299,0.857960359186408,0.136156880422209));
#1409=DIRECTION('ref_axis',(0.866025403784439,0.499999999999999,-6.24500451351651E-17));
#1410=DIRECTION('center_axis',(-0.866025403784438,-0.5,0.));
#1411=DIRECTION('ref_axis',(4.33816652829451E-17,-1.08454163207363E-16,
-1.));
#1412=DIRECTION('center_axis',(-0.495343644330306,0.857960359186402,-0.136156880422222));
#1413=DIRECTION('ref_axis',(0.866025403784435,0.500000000000007,2.3037127760972E-15));
#1414=DIRECTION('center_axis',(0.866025403784438,0.5,0.));
#1415=DIRECTION('ref_axis',(-4.7570937165921E-17,8.23952801350417E-17,-1.));
#1416=DIRECTION('center_axis',(-0.866025403784438,-0.5,0.));
#1417=DIRECTION('ref_axis',(-4.7570937165921E-17,8.23952801350417E-17,-1.));
#1418=DIRECTION('center_axis',(0.495343644330301,0.857960359186404,0.136156880422224));
#1419=DIRECTION('ref_axis',(0.866025403784437,-0.500000000000002,3.46944695195362E-17));
#1420=DIRECTION('center_axis',(0.866025403784438,-0.5,0.));
#1421=DIRECTION('ref_axis',(0.,0.,-1.));
#1422=DIRECTION('center_axis',(0.495343644330297,0.857960359186408,-0.136156880422219));
#1423=DIRECTION('ref_axis',(0.86602540378444,-0.499999999999998,-2.94209101525666E-15));
#1424=DIRECTION('center_axis',(0.866025403784438,-0.5,0.));
#1425=DIRECTION('ref_axis',(-6.10392533587554E-17,-1.05723088073433E-16,
-1.));
#1426=DIRECTION('center_axis',(-0.866025403784438,0.5,0.));
#1427=DIRECTION('ref_axis',(-6.10392533587552E-17,-1.05723088073433E-16,
-1.));
#1428=DIRECTION('center_axis',(0.990687288660601,-4.58284932531028E-15,
0.136156880422206));
#1429=DIRECTION('ref_axis',(-4.62592926927148E-15,-1.,-3.94430452610506E-31));
#1430=DIRECTION('center_axis',(-6.00925839494864E-16,-1.,0.));
#1431=DIRECTION('ref_axis',(0.,0.,-1.));
#1432=DIRECTION('center_axis',(0.9906872886606,-4.18919176383668E-15,-0.136156880422214));
#1433=DIRECTION('ref_axis',(-4.62592926927153E-15,-1.,-2.8912057932947E-15));
#1434=DIRECTION('center_axis',(-6.00925839494864E-16,-1.,0.));
#1435=DIRECTION('ref_axis',(-1.22464679914735E-16,7.35921905862319E-32,
-1.));
#1436=DIRECTION('center_axis',(6.00925839494864E-16,1.,0.));
#1437=DIRECTION('ref_axis',(-1.22464679914735E-16,7.35921905862319E-32,
-1.));
#1438=DIRECTION('center_axis',(0.495343644330298,-0.857960359186407,0.136156880422219));
#1439=DIRECTION('ref_axis',(-0.86602540378444,-0.499999999999998,-1.04083408558608E-16));
#1440=DIRECTION('center_axis',(-0.866025403784439,-0.5,0.));
#1441=DIRECTION('ref_axis',(-4.33816652829451E-17,1.08454163207363E-16,
-1.));
#1442=DIRECTION('center_axis',(0.495343644330298,-0.857960359186408,-0.136156880422216));
#1443=DIRECTION('ref_axis',(-0.86602540378444,-0.499999999999998,-2.08166817117217E-17));
#1444=DIRECTION('center_axis',(-0.866025403784439,-0.5,0.));
#1445=DIRECTION('ref_axis',(-3.99959610996234E-18,6.92750367220961E-18,
-1.));
#1446=DIRECTION('center_axis',(0.866025403784439,0.5,0.));
#1447=DIRECTION('ref_axis',(-3.99959610996234E-18,6.92750367220962E-18,
-1.));
#1448=DIRECTION('center_axis',(-0.495343644330306,-0.857960359186403,0.136156880422218));
#1449=DIRECTION('ref_axis',(-0.866025403784435,0.500000000000007,2.77555756156289E-17));
#1450=DIRECTION('center_axis',(0.26503386998402,3.26898220946413E-5,0.964239102449527));
#1451=DIRECTION('ref_axis',(-0.249511841509096,-0.965937838690981,0.0686143770046492));
#1452=DIRECTION('center_axis',(0.265077351110942,-2.01742382709384E-5,0.96422715037537));
#1453=DIRECTION('ref_axis',(0.369427368581284,-0.923691007283927,-0.101579242003041));
#1454=DIRECTION('center_axis',(0.866025403784439,-0.5,0.));
#1455=DIRECTION('ref_axis',(0.,0.,-1.));
#1456=DIRECTION('center_axis',(-0.866025403784439,0.5,0.));
#1457=DIRECTION('ref_axis',(-1.57862763630358E-17,-2.73426327231017E-17,
-1.));
#1458=DIRECTION('center_axis',(0.866025403784439,-0.5,0.));
#1459=DIRECTION('ref_axis',(-1.57862763630358E-17,-2.73426327231016E-17,
-1.));
#1460=DIRECTION('center_axis',(0.866025403784438,-0.5,0.));
#1461=DIRECTION('ref_axis',(0.5,0.866025403784438,0.));
#1462=DIRECTION('',(0.,0.,1.));
#1463=DIRECTION('center_axis',(-0.866025403784438,0.5,0.));
#1464=DIRECTION('ref_axis',(-2.37508611551457E-17,-4.11376982442263E-17,
1.));
#1465=DIRECTION('',(0.,0.,1.));
#1466=DIRECTION('center_axis',(0.,0.,1.));
#1467=DIRECTION('ref_axis',(0.866025403784439,-0.5,0.));
#1468=DIRECTION('',(0.,0.,1.));
#1469=DIRECTION('center_axis',(-0.866025403784438,-0.5,0.));
#1470=DIRECTION('ref_axis',(0.5,-0.866025403784438,0.));
#1471=DIRECTION('',(0.,0.,1.));
#1472=DIRECTION('center_axis',(-0.866025403784438,-0.5,0.));
#1473=DIRECTION('ref_axis',(-9.05650331446315E-18,1.56863238795661E-17,
1.));
#1474=DIRECTION('center_axis',(0.,0.,-1.));
#1475=DIRECTION('ref_axis',(2.77555756156289E-15,1.,0.));
#1476=DIRECTION('',(0.,0.,1.));
#1477=DIRECTION('center_axis',(6.00925839494864E-16,-1.,0.));
#1478=DIRECTION('ref_axis',(1.,6.00925839494864E-16,0.));
#1479=DIRECTION('',(0.,0.,1.));
#1480=DIRECTION('center_axis',(6.00925839494864E-16,-1.,0.));
#1481=DIRECTION('ref_axis',(9.71445146547012E-17,5.83766490211974E-32,1.));
#1482=DIRECTION('center_axis',(0.,0.,-1.));
#1483=DIRECTION('ref_axis',(-0.866025403784436,0.500000000000004,0.));
#1484=DIRECTION('',(0.,0.,1.));
#1485=DIRECTION('center_axis',(1.22464679914735E-16,0.,1.));
#1486=DIRECTION('ref_axis',(1.,0.,0.));
#1487=DIRECTION('center_axis',(1.22464679914735E-16,-1.,-7.49879891330929E-33));
#1488=DIRECTION('ref_axis',(-1.,-1.22464679914735E-16,0.));
#1489=DIRECTION('center_axis',(0.,0.,-1.));
#1490=DIRECTION('ref_axis',(0.,-1.,0.));
#1491=DIRECTION('center_axis',(-0.492732516658302,-0.853437753393463,-0.169878392122996));
#1492=DIRECTION('ref_axis',(-0.3474907332868,0.0139970140747006,0.937578942743914));
#1493=DIRECTION('center_axis',(-0.492732516658301,0.853437753393465,-0.169878392122989));
#1494=DIRECTION('ref_axis',(-0.866025403784441,-0.499999999999996,-2.77555756156289E-17));
#1495=DIRECTION('center_axis',(0.866025403784439,-0.5,0.));
#1496=DIRECTION('ref_axis',(5.40473982449744E-17,1.08094796489949E-16,1.));
#1497=DIRECTION('center_axis',(-0.4927325166583,-0.853437753393465,0.169878392122995));
#1498=DIRECTION('ref_axis',(-0.185867136409222,0.293937295568699,0.937578942743914));
#1499=DIRECTION('center_axis',(0.866025403784439,-0.5,0.));
#1500=DIRECTION('ref_axis',(4.12287189004064E-17,7.14102358664791E-17,1.));
#1501=DIRECTION('center_axis',(-0.985465033316609,-9.11738308292579E-15,
-0.169878392122997));
#1502=DIRECTION('ref_axis',(-0.161623596877583,0.30793430964342,0.937578942743907));
#1503=DIRECTION('center_axis',(6.00925839494864E-16,-1.,0.));
#1504=DIRECTION('ref_axis',(1.22464679914735E-16,0.,1.));
#1505=DIRECTION('center_axis',(-0.985465033316609,0.,0.169878392122999));
#1506=DIRECTION('ref_axis',(0.161623596877582,0.307934309643409,0.937578942743911));
#1507=DIRECTION('center_axis',(-0.492732516658305,0.853437753393462,-0.169878392122995));
#1508=DIRECTION('ref_axis',(0.185867136409223,0.293937295568701,0.937578942743913));
#1509=DIRECTION('center_axis',(-0.866025403784438,-0.5,0.));
#1510=DIRECTION('ref_axis',(0.,0.,1.));
#1511=DIRECTION('center_axis',(-0.492732516658309,0.853437753393459,0.169878392122999));
#1512=DIRECTION('ref_axis',(0.347490733286796,0.0139970140746976,0.937578942743915));
#1513=DIRECTION('center_axis',(0.492732516658303,0.853437753393466,-0.169878392122981));
#1514=DIRECTION('ref_axis',(0.347490733286774,-0.0139970140747004,0.937578942743923));
#1515=DIRECTION('center_axis',(0.866025403784438,-0.5,0.));
#1516=DIRECTION('ref_axis',(-5.40473982449744E-17,-1.08094796489949E-16,
1.));
#1517=DIRECTION('center_axis',(0.492732516658298,0.853437753393466,0.169878392122995));
#1518=DIRECTION('ref_axis',(0.185867136409222,-0.293937295568698,0.937578942743914));
#1519=DIRECTION('center_axis',(0.98546503331661,4.5586915414629E-15,-0.169878392122994));
#1520=DIRECTION('ref_axis',(0.16162359687758,-0.307934309643395,0.937578942743916));
#1521=DIRECTION('center_axis',(-6.00925839494864E-16,-1.,0.));
#1522=DIRECTION('ref_axis',(-1.22464679914735E-16,0.,1.));
#1523=DIRECTION('center_axis',(0.985465033316609,4.55869154146289E-15,0.169878392123));
#1524=DIRECTION('ref_axis',(-0.161623596877582,-0.307934309643401,0.937578942743914));
#1525=DIRECTION('center_axis',(6.00925839494864E-16,1.,0.));
#1526=DIRECTION('ref_axis',(9.71445146547012E-17,-5.83766490211974E-32,
1.));
#1527=DIRECTION('center_axis',(0.492732516658313,-0.853437753393455,-0.169878392123007));
#1528=DIRECTION('ref_axis',(-0.185867136409209,-0.293937295568711,0.937578942743913));
#1529=DIRECTION('center_axis',(-0.866025403784439,-0.5,0.));
#1530=DIRECTION('ref_axis',(0.,0.,1.));
#1531=DIRECTION('center_axis',(0.866025403784439,0.5,0.));
#1532=DIRECTION('ref_axis',(5.59230767410889E-17,-9.68616102311394E-17,
1.));
#1533=DIRECTION('center_axis',(0.,0.,1.));
#1534=DIRECTION('ref_axis',(2.77555756156289E-15,-1.,0.));
#1535=DIRECTION('',(0.,0.,1.));
#1536=DIRECTION('center_axis',(-6.00925839494864E-16,-1.,0.));
#1537=DIRECTION('ref_axis',(1.,-6.00925839494864E-16,0.));
#1538=DIRECTION('',(0.,0.,1.));
#1539=DIRECTION('center_axis',(0.,0.,1.));
#1540=DIRECTION('ref_axis',(-0.866025403784436,-0.500000000000004,0.));
#1541=DIRECTION('',(0.,0.,1.));
#1542=DIRECTION('center_axis',(-0.866025403784439,-0.5,0.));
#1543=DIRECTION('ref_axis',(0.5,-0.866025403784439,0.));
#1544=DIRECTION('',(0.,0.,1.));
#1545=DIRECTION('center_axis',(0.,0.,1.));
#1546=DIRECTION('ref_axis',(-0.866025403784438,0.500000000000001,0.));
#1547=DIRECTION('',(0.,0.,1.));
#1548=DIRECTION('center_axis',(0.,0.,1.));
#1549=DIRECTION('ref_axis',(1.,0.,0.));
#1550=DIRECTION('center_axis',(0.,0.,-1.));
#1551=DIRECTION('ref_axis',(0.,1.,0.));
#1552=DIRECTION('center_axis',(0.,0.,-1.));
#1553=DIRECTION('ref_axis',(-1.,0.,0.));
#1554=DIRECTION('center_axis',(0.,0.,1.));
#1555=DIRECTION('ref_axis',(1.22464679914735E-16,-1.,0.));
#1556=DIRECTION('center_axis',(-1.22464679914735E-16,-1.,0.));
#1557=DIRECTION('ref_axis',(1.,-1.22464679914735E-16,0.));
#1558=DIRECTION('center_axis',(0.,0.,-1.));
#1559=DIRECTION('ref_axis',(1.22464679914735E-16,-1.,0.));
#1560=DIRECTION('center_axis',(0.,0.,-1.));
#1561=DIRECTION('ref_axis',(1.22464679914735E-16,-1.,0.));
#1562=DIRECTION('center_axis',(0.,0.,-1.));
#1563=DIRECTION('ref_axis',(0.,1.,0.));
#1564=DIRECTION('',(0.,0.,-1.));
#1565=DIRECTION('center_axis',(0.,0.,1.));
#1566=DIRECTION('ref_axis',(1.,0.,0.));
#1567=DIRECTION('center_axis',(0.,0.,-1.));
#1568=DIRECTION('ref_axis',(-1.,1.22464679914735E-16,0.));
#1569=DIRECTION('center_axis',(0.866025403784439,-0.5,0.));
#1570=DIRECTION('ref_axis',(0.5,0.866025403784439,0.));
#1571=DIRECTION('center_axis',(0.,0.,1.));
#1572=DIRECTION('ref_axis',(1.,0.,0.));
#1573=DIRECTION('center_axis',(0.,0.,1.));
#1574=DIRECTION('ref_axis',(1.,0.,0.));
#1575=DIRECTION('center_axis',(1.22464679914735E-16,-1.,0.));
#1576=DIRECTION('ref_axis',(-1.,-1.22464679914735E-16,0.));
#1577=DIRECTION('center_axis',(0.,0.,1.));
#1578=DIRECTION('ref_axis',(1.,0.,0.));
#1579=DIRECTION('center_axis',(0.,0.,-1.));
#1580=DIRECTION('ref_axis',(0.,1.,0.));
#1581=DIRECTION('center_axis',(1.22464679914735E-16,-1.,0.));
#1582=DIRECTION('ref_axis',(-1.,-1.22464679914735E-16,0.));
#1583=DIRECTION('center_axis',(0.,0.,1.));
#1584=DIRECTION('ref_axis',(0.,1.,0.));
#1585=DIRECTION('center_axis',(0.,0.,1.));
#1586=DIRECTION('ref_axis',(0.,1.,0.));
#1587=DIRECTION('center_axis',(0.,0.,-1.));
#1588=DIRECTION('ref_axis',(0.,1.,0.));
#1589=DIRECTION('center_axis',(0.,0.,-1.));
#1590=DIRECTION('ref_axis',(1.22464679914735E-16,-1.,0.));
#1591=DIRECTION('center_axis',(0.,0.,-1.));
#1592=DIRECTION('ref_axis',(1.22464679914735E-16,-1.,0.));
#1593=DIRECTION('',(0.,0.,-1.));
#1594=DIRECTION('center_axis',(0.,0.,-1.));
#1595=DIRECTION('ref_axis',(-1.,0.,0.));
#1596=DIRECTION('center_axis',(0.,0.,-1.));
#1597=DIRECTION('ref_axis',(1.,0.,0.));
#1598=DIRECTION('center_axis',(0.,0.,-1.));
#1599=DIRECTION('ref_axis',(-1.,0.,0.));
#1600=DIRECTION('center_axis',(0.,0.,1.));
#1601=DIRECTION('ref_axis',(1.22464679914735E-16,-1.,0.));
#1602=DIRECTION('center_axis',(-1.22464679914735E-16,-1.,0.));
#1603=DIRECTION('ref_axis',(1.,-1.22464679914735E-16,0.));
#1604=DIRECTION('center_axis',(0.,0.,1.));
#1605=DIRECTION('ref_axis',(1.,0.,0.));
#1606=DIRECTION('center_axis',(0.,0.,1.));
#1607=DIRECTION('ref_axis',(1.,0.,0.));
#1608=DIRECTION('center_axis',(0.,0.,1.));
#1609=DIRECTION('ref_axis',(1.,0.,0.));
#1610=DIRECTION('',(0.,0.,-1.));
#1611=CARTESIAN_POINT('',(0.,0.,0.));
#1612=CARTESIAN_POINT('Origin',(0.,0.,-1.10421172358873));
#1613=CARTESIAN_POINT('',(0.940001438306089,-1.22362016000983,2.78137815435732));
#1614=CARTESIAN_POINT('',(0.938216706733132,-1.22127344317513,2.82294262845816));
#1615=CARTESIAN_POINT('',(0.940001438306088,-1.22362016000983,-1.10421172358873));
#1616=CARTESIAN_POINT('',(1.29454430259133,-0.839645192106952,2.85));
#1617=CARTESIAN_POINT('Ctrl Pts',(0.938216706733098,-1.22127344317516,2.82294262845816));
#1618=CARTESIAN_POINT('Ctrl Pts',(1.07760261954309,-1.11521326347089,2.83196175230544));
#1619=CARTESIAN_POINT('Ctrl Pts',(1.1993808872645,-0.986365804914064,2.84098087615272));
#1620=CARTESIAN_POINT('Ctrl Pts',(1.29454430259133,-0.839645192106952,2.85));
#1621=CARTESIAN_POINT('',(1.54084838469003,-0.0814570770291857,2.84999999168658));
#1622=CARTESIAN_POINT('Origin',(0.,0.,2.85));
#1623=CARTESIAN_POINT('Ctrl Pts',(0.940001438306089,-1.22362016000983,2.78137815435732));
#1624=CARTESIAN_POINT('Ctrl Pts',(0.985312889614404,-1.18881129464984,2.78433191969807));
#1625=CARTESIAN_POINT('Ctrl Pts',(1.02876357987487,-1.15142423106877,2.78728568503882));
#1626=CARTESIAN_POINT('Ctrl Pts',(1.07004643603742,-1.11168773705732,2.79023945037956));
#1627=CARTESIAN_POINT('Ctrl Pts',(1.11128852470716,-1.07199048348086,2.79319029882893));
#1628=CARTESIAN_POINT('Ctrl Pts',(1.15036664280782,-1.02994875788231,2.7961411472783));
#1629=CARTESIAN_POINT('Ctrl Pts',(1.18700695666678,-0.985831367336555,2.79909199572767));
#1630=CARTESIAN_POINT('Ctrl Pts',(1.22362548080059,-0.941740213078464,2.80204108932917));
#1631=CARTESIAN_POINT('Ctrl Pts',(1.25780873869606,-0.89557624397704,2.80499018293067));
#1632=CARTESIAN_POINT('Ctrl Pts',(1.28932152554471,-0.847643205462694,2.80793927653217));
#1633=CARTESIAN_POINT('Ctrl Pts',(1.32082795033251,-0.799719844064784,2.81088777474637));
#1634=CARTESIAN_POINT('Ctrl Pts',(1.34966468597947,-0.750028561613009,2.81383627296057));
#1635=CARTESIAN_POINT('Ctrl Pts',(1.37563974409448,-0.698902206655319,2.81678477117478));
#1636=CARTESIAN_POINT('Ctrl Pts',(1.40163822372945,-0.647729751437231,2.81973592802826));
#1637=CARTESIAN_POINT('Ctrl Pts',(1.42476963223733,-0.595120108403279,2.82268708488174));
#1638=CARTESIAN_POINT('Ctrl Pts',(1.44488859101563,-0.541429551791236,2.82563824173522));
#1639=CARTESIAN_POINT('Ctrl Pts',(1.46501661474968,-0.487714803941219,2.82859072828507));
#1640=CARTESIAN_POINT('Ctrl Pts',(1.48212932722319,-0.432918674766807,2.83154321483491));
#1641=CARTESIAN_POINT('Ctrl Pts',(1.49613113289042,-0.377413080319203,2.83449570138475));
#1642=CARTESIAN_POINT('Ctrl Pts',(1.51015892881482,-0.321804455968979,2.83745366836238));
#1643=CARTESIAN_POINT('Ctrl Pts',(1.52106418448952,-0.265484253360671,2.84041163534));
#1644=CARTESIAN_POINT('Ctrl Pts',(1.5288025998632,-0.208833930795553,2.84336960231762));
#1645=CARTESIAN_POINT('Ctrl Pts',(1.5345845786586,-0.166506018941931,2.84557973210727));
#1646=CARTESIAN_POINT('Ctrl Pts',(1.5385996662977,-0.123994008488097,2.84778986189693));
#1647=CARTESIAN_POINT('Ctrl Pts',(1.54084838469003,-0.081457077029186,2.84999999168658));
#1648=CARTESIAN_POINT('Origin',(0.,0.,-1.10421172358873));
#1649=CARTESIAN_POINT('',(0.940235584978619,-1.22392934496306,2.28126899297773));
#1650=CARTESIAN_POINT('',(0.939014433308488,-1.22235675040783,2.32297276234352));
#1651=CARTESIAN_POINT('',(0.940001438306088,-1.22362016000983,-1.10421172358873));
#1652=CARTESIAN_POINT('',(-1.54091273293749,0.000588088369918062,2.64578827641127));
#1653=CARTESIAN_POINT('Ctrl Pts',(0.939014433308584,-1.22235675040776,2.32297276234352));
#1654=CARTESIAN_POINT('Ctrl Pts',(1.20278912002973,-1.01660342716239,2.34018576875694));
#1655=CARTESIAN_POINT('Ctrl Pts',(1.71194819136306,-0.282659589278067,2.38380923174905));
#1656=CARTESIAN_POINT('Ctrl Pts',(1.35886641314196,1.21482574669375,2.45384315131983));
#1657=CARTESIAN_POINT('Ctrl Pts',(-0.2806146271122,1.80081055807411,2.53307452105587));
#1658=CARTESIAN_POINT('Ctrl Pts',(-1.39689681769907,0.947858632302967,2.59705622941968));
#1659=CARTESIAN_POINT('Ctrl Pts',(-1.54158033226993,0.217763258787924,2.63462748120481));
#1660=CARTESIAN_POINT('Ctrl Pts',(-1.54091273293749,0.000588088369918062,
2.64578827641127));
#1661=CARTESIAN_POINT('Ctrl Pts',(-1.54091273293749,0.000588088369918062,
2.64578827641127));
#1662=CARTESIAN_POINT('Ctrl Pts',(-1.54000055207907,-0.296151323658014,
2.66103793778349));
#1663=CARTESIAN_POINT('Ctrl Pts',(-1.31489944047646,-1.10831186271226,2.70269805573439));
#1664=CARTESIAN_POINT('Ctrl Pts',(-0.172382599071537,-1.72747547158496,
2.76174950641669));
#1665=CARTESIAN_POINT('Ctrl Pts',(0.669442618607085,-1.42578642093465,2.80555129572676));
#1666=CARTESIAN_POINT('Ctrl Pts',(0.938216706733098,-1.22127344317516,2.82294262845816));
#1667=CARTESIAN_POINT('',(-1.54299964332614,-0.00104914031866275,2.60421172358873));
#1668=CARTESIAN_POINT('Ctrl Pts',(-1.54299964332614,-0.00104914031866275,
2.60421172358873));
#1669=CARTESIAN_POINT('Ctrl Pts',(-1.54295401052797,-0.0681625569436892,
2.60768621615553));
#1670=CARTESIAN_POINT('Ctrl Pts',(-1.53852958748004,-0.135125831204893,
2.61116070872233));
#1671=CARTESIAN_POINT('Ctrl Pts',(-1.52978522708326,-0.201509699513032,
2.61463520128914));
#1672=CARTESIAN_POINT('Ctrl Pts',(-1.52232258248852,-0.258163267473235,
2.61760041566693));
#1673=CARTESIAN_POINT('Ctrl Pts',(-1.51169264137637,-0.314522323552369,
2.62056563004472));
#1674=CARTESIAN_POINT('Ctrl Pts',(-1.49793101212687,-0.370204920157182,
2.62353084442251));
#1675=CARTESIAN_POINT('Ctrl Pts',(-1.48419384652558,-0.425788531428893,
2.62649078762491));
#1676=CARTESIAN_POINT('Ctrl Pts',(-1.46733616590396,-0.480697566061775,
2.62945073082731));
#1677=CARTESIAN_POINT('Ctrl Pts',(-1.44744500749478,-0.534557714637476,
2.63241067402971));
#1678=CARTESIAN_POINT('Ctrl Pts',(-1.42757359712403,-0.588364390596734,
2.63536767858616));
#1679=CARTESIAN_POINT('Ctrl Pts',(-1.40467485549883,-0.641123755068595,
2.63832468314261));
#1680=CARTESIAN_POINT('Ctrl Pts',(-1.37888581955719,-0.692475917721407,
2.64128168769906));
#1681=CARTESIAN_POINT('Ctrl Pts',(-1.35311236932721,-0.743797045480075,
2.64423690517744));
#1682=CARTESIAN_POINT('Ctrl Pts',(-1.32445232129546,-0.793712190394526,
2.64719212265583));
#1683=CARTESIAN_POINT('Ctrl Pts',(-1.29309021244076,-0.841882831806138,
2.65014734013421));
#1684=CARTESIAN_POINT('Ctrl Pts',(-1.26173487533431,-0.890043072148778,
2.65310191951811));
#1685=CARTESIAN_POINT('Ctrl Pts',(-1.22767892102311,-0.936459118483353,
2.65605649890201));
#1686=CARTESIAN_POINT('Ctrl Pts',(-1.19115090172062,-0.980820334888182,
2.6590110782859));
#1687=CARTESIAN_POINT('Ctrl Pts',(-1.15458910374461,-1.02522257358424,2.66196838986755));
#1688=CARTESIAN_POINT('Ctrl Pts',(-1.11555100550172,-1.06756577984014,2.66492570144921));
#1689=CARTESIAN_POINT('Ctrl Pts',(-1.07430539880884,-1.10757253039707,2.66788301303086));
#1690=CARTESIAN_POINT('Ctrl Pts',(-1.03304211501674,-1.14759642710255,2.67084159206121));
#1691=CARTESIAN_POINT('Ctrl Pts',(-0.989569832675313,-1.18528152810434,
2.67380017109155));
#1692=CARTESIAN_POINT('Ctrl Pts',(-0.94419173066632,-1.22038968192186,2.67675875012189));
#1693=CARTESIAN_POINT('Ctrl Pts',(-0.898724364599838,-1.2555668976023,2.67972314902475));
#1694=CARTESIAN_POINT('Ctrl Pts',(-0.851344119866059,-1.28815673874963,
2.68268754792762));
#1695=CARTESIAN_POINT('Ctrl Pts',(-0.802383760644466,-1.31796407411357,
2.68565194683047));
#1696=CARTESIAN_POINT('Ctrl Pts',(-0.757159195775154,-1.34549703737568,
2.68839015489537));
#1697=CARTESIAN_POINT('Ctrl Pts',(-0.710587040021129,-1.3706562747472,2.69112836296027));
#1698=CARTESIAN_POINT('Ctrl Pts',(-0.662945373413187,-1.39332423788221,
2.69386657102517));
#1699=CARTESIAN_POINT('Ctrl Pts',(-0.611180519203897,-1.41795401871171,
2.69684175958103));
#1700=CARTESIAN_POINT('Ctrl Pts',(-0.557934687713803,-1.43974584643506,
2.6998169481369));
#1701=CARTESIAN_POINT('Ctrl Pts',(-0.503550162417685,-1.45852193467535,
2.70279213669276));
#1702=CARTESIAN_POINT('Ctrl Pts',(-0.449262740884174,-1.47726449814356,
2.70576201303891));
#1703=CARTESIAN_POINT('Ctrl Pts',(-0.393841148614613,-1.49300184301925,
2.70873188938507));
#1704=CARTESIAN_POINT('Ctrl Pts',(-0.337649066472075,-1.50560356930719,
2.71170176573122));
#1705=CARTESIAN_POINT('Ctrl Pts',(-0.281513185885869,-1.51819269174414,
2.7146686717003));
#1706=CARTESIAN_POINT('Ctrl Pts',(-0.224608846805569,-1.52765229702239,
2.71763557766938));
#1707=CARTESIAN_POINT('Ctrl Pts',(-0.167314709705861,-1.53390181821264,
2.72060248363845));
#1708=CARTESIAN_POINT('Ctrl Pts',(-0.110056013158947,-1.54014747362365,
2.72356755436237));
#1709=CARTESIAN_POINT('Ctrl Pts',(-0.0524085119541474,-1.54318692547478,
2.72653262508629));
#1710=CARTESIAN_POINT('Ctrl Pts',(0.0052412992614486,-1.54299109808905,
2.72949769581021));
#1711=CARTESIAN_POINT('Ctrl Pts',(0.0628774473314234,-1.54279531711489,
2.73246206380515));
#1712=CARTESIAN_POINT('Ctrl Pts',(0.120515385151787,-1.53936578107548,2.73542643180009));
#1713=CARTESIAN_POINT('Ctrl Pts',(0.177768095742753,-1.53272551493606,2.73839079979503));
#1714=CARTESIAN_POINT('Ctrl Pts',(0.23507012670658,-1.52607952853642,2.74135772144609));
#1715=CARTESIAN_POINT('Ctrl Pts',(0.29198574993784,-1.51621734337448,2.74432464309715));
#1716=CARTESIAN_POINT('Ctrl Pts',(0.34813393492589,-1.50321381158936,2.74729156474821));
#1717=CARTESIAN_POINT('Ctrl Pts',(0.404304548882033,-1.49020508541016,2.75025967156653));
#1718=CARTESIAN_POINT('Ctrl Pts',(0.459706613062431,-1.47405265439747,2.75322777838486));
#1719=CARTESIAN_POINT('Ctrl Pts',(0.513973259754244,-1.45488160626822,2.75619588520319));
#1720=CARTESIAN_POINT('Ctrl Pts',(0.56834153489785,-1.43567465535044,2.75916955057579));
#1721=CARTESIAN_POINT('Ctrl Pts',(0.621569661823666,-1.413437989986,2.76214321594839));
#1722=CARTESIAN_POINT('Ctrl Pts',(0.673310702874091,-1.3883449489933,2.76511688132098));
#1723=CARTESIAN_POINT('Ctrl Pts',(0.719600188786831,-1.36589576853696,2.76777723446772));
#1724=CARTESIAN_POINT('Ctrl Pts',(0.764699537176623,-1.34116119992232,2.77043758761446));
#1725=CARTESIAN_POINT('Ctrl Pts',(0.80837966052278,-1.31429499141292,2.7730979407612));
#1726=CARTESIAN_POINT('Ctrl Pts',(0.853697046506432,-1.28642175645684,2.77585801195991));
#1727=CARTESIAN_POINT('Ctrl Pts',(0.897661300448028,-1.25614642247705,2.77861808315862));
#1728=CARTESIAN_POINT('Ctrl Pts',(0.940001438306089,-1.22362016000983,2.78137815435732));
#1729=CARTESIAN_POINT('Ctrl Pts',(0.94023558497854,-1.22392934496312,2.28126899297773));
#1730=CARTESIAN_POINT('Ctrl Pts',(1.02507192602327,-1.16010268012799,2.28674923610015));
#1731=CARTESIAN_POINT('Ctrl Pts',(1.47897125544564,-0.738547194115101,2.31863993580125));
#1732=CARTESIAN_POINT('Ctrl Pts',(1.74874872225702,0.513511938995003,2.37694109208103));
#1733=CARTESIAN_POINT('Ctrl Pts',(0.520281183578223,1.74672993868365,2.45617246181707));
#1734=CARTESIAN_POINT('Ctrl Pts',(-1.10788482723778,1.40250251998325,2.53192911601285));
#1735=CARTESIAN_POINT('Ctrl Pts',(-1.54104395709344,0.442439520413065,2.58127531362996));
#1736=CARTESIAN_POINT('Ctrl Pts',(-1.54455493739963,-0.00103726389896579,
2.60421105466839));
#1737=CARTESIAN_POINT('Origin',(0.,0.,-1.10421172358873));
#1738=CARTESIAN_POINT('',(0.93847791887078,-1.22164100944804,1.78134671423202));
#1739=CARTESIAN_POINT('',(0.940001438306087,-1.22362016000983,1.82293207067634));
#1740=CARTESIAN_POINT('',(0.940001438306088,-1.22362016000983,-1.10421172358873));
#1741=CARTESIAN_POINT('',(-1.54299970852352,0.000948417801028683,2.14578827641127));
#1742=CARTESIAN_POINT('Ctrl Pts',(0.940001438306087,-1.22362016000983,1.82293207067634));
#1743=CARTESIAN_POINT('Ctrl Pts',(0.985415670449034,-1.18873233703248,1.82589987933972));
#1744=CARTESIAN_POINT('Ctrl Pts',(1.02897279102807,-1.15124534393173,1.8288676880031));
#1745=CARTESIAN_POINT('Ctrl Pts',(1.07036103379075,-1.11138483764283,1.83183549666648));
#1746=CARTESIAN_POINT('Ctrl Pts',(1.11168408057952,-1.07158712079255,1.8347986303506));
#1747=CARTESIAN_POINT('Ctrl Pts',(1.15084465725165,-1.02942367070642,1.83776176403473));
#1748=CARTESIAN_POINT('Ctrl Pts',(1.18756377594867,-0.985160534153965,1.84072489771885));
#1749=CARTESIAN_POINT('Ctrl Pts',(1.22425116187466,-0.94093564993511,1.84368547065408));
#1750=CARTESIAN_POINT('Ctrl Pts',(1.2585009389886,-0.894615074777794,1.8466460435893));
#1751=CARTESIAN_POINT('Ctrl Pts',(1.29007204345758,-0.846500515468935,1.84960661652453));
#1752=CARTESIAN_POINT('Ctrl Pts',(1.32162803463465,-0.79840898891083,1.85256577221434));
#1753=CARTESIAN_POINT('Ctrl Pts',(1.35050760997931,-0.748525616544719,1.85552492790415));
#1754=CARTESIAN_POINT('Ctrl Pts',(1.3765123125044,-0.697182080610062,1.85848408359397));
#1755=CARTESIAN_POINT('Ctrl Pts',(1.4025145906423,-0.645843331371615,1.86144296340525));
#1756=CARTESIAN_POINT('Ctrl Pts',(1.42564229409304,-0.593045154828002,1.86440184321653));
#1757=CARTESIAN_POINT('Ctrl Pts',(1.44574338272699,-0.539142904340873,1.86736072302781));
#1758=CARTESIAN_POINT('Ctrl Pts',(1.46586443114366,-0.485187130523379,1.87032254091867));
#1759=CARTESIAN_POINT('Ctrl Pts',(1.48295268220778,-0.430125583785214,1.87328435880954));
#1760=CARTESIAN_POINT('Ctrl Pts',(1.49690516992593,-0.374331286762169,1.8762461767004));
#1761=CARTESIAN_POINT('Ctrl Pts',(1.51086510911502,-0.318507192215456,1.87920957638086));
#1762=CARTESIAN_POINT('Ctrl Pts',(1.52168585218386,-0.261950080965617,1.88217297606133));
#1763=CARTESIAN_POINT('Ctrl Pts',(1.52931570899171,-0.205042586384384,1.88513637574179));
#1764=CARTESIAN_POINT('Ctrl Pts',(1.53695948763259,-0.148031255432682,1.88810518259523));
#1765=CARTESIAN_POINT('Ctrl Pts',(1.54140071603357,-0.0906687852544411,
1.89107398944867));
#1766=CARTESIAN_POINT('Ctrl Pts',(1.54263974067108,-0.0333411232904147,
1.89404279630212));
#1767=CARTESIAN_POINT('Ctrl Pts',(1.54336046767291,5.74704504855555E-6,
1.89576971859061));
#1768=CARTESIAN_POINT('Ctrl Pts',(1.54299867043163,0.0333408581121168,1.8974966408791));
#1769=CARTESIAN_POINT('Ctrl Pts',(1.54156248289084,0.0665891233118675,1.89922356316759));
#1770=CARTESIAN_POINT('Ctrl Pts',(1.5390928938378,0.123761010295276,1.90219308369185));
#1771=CARTESIAN_POINT('Ctrl Pts',(1.53343333047295,0.180914938245437,1.90516260421612));
#1772=CARTESIAN_POINT('Ctrl Pts',(1.52458640082332,0.237666376302128,1.90813212474038));
#1773=CARTESIAN_POINT('Ctrl Pts',(1.51575516071211,0.294317168835116,1.9110963789849));
#1774=CARTESIAN_POINT('Ctrl Pts',(1.50374785348657,0.350566377090495,1.91406063322943));
#1775=CARTESIAN_POINT('Ctrl Pts',(1.48861898297018,0.406032663145253,1.91702488747395));
#1776=CARTESIAN_POINT('Ctrl Pts',(1.47350510952176,0.461443966135622,1.91998620328878));
#1777=CARTESIAN_POINT('Ctrl Pts',(1.45527594015053,0.516073383911377,1.92294751910361));
#1778=CARTESIAN_POINT('Ctrl Pts',(1.43403703672913,0.569549626713199,1.92590883491844));
#1779=CARTESIAN_POINT('Ctrl Pts',(1.41281099987687,0.622993473502754,1.92886835676237));
#1780=CARTESIAN_POINT('Ctrl Pts',(1.38857903541978,0.675285046359173,1.9318278786063));
#1781=CARTESIAN_POINT('Ctrl Pts',(1.36149588012829,0.72607022277028,1.93478740045023));
#1782=CARTESIAN_POINT('Ctrl Pts',(1.33441869224467,0.776844209352953,1.93774627020345));
#1783=CARTESIAN_POINT('Ctrl Pts',(1.3044918061195,0.826111998468711,1.94070513995667));
#1784=CARTESIAN_POINT('Ctrl Pts',(1.27191623743373,0.873543407594847,1.94366400970989));
#1785=CARTESIAN_POINT('Ctrl Pts',(1.23931120315066,0.921017719879917,1.94662555585122));
#1786=CARTESIAN_POINT('Ctrl Pts',(1.20405299394364,0.966651901351724,1.94958710199255));
#1787=CARTESIAN_POINT('Ctrl Pts',(1.16638561252677,1.01014533750869,1.95254864813387));
#1788=CARTESIAN_POINT('Ctrl Pts',(1.12870240916507,1.05365704280786,1.95551143825389));
#1789=CARTESIAN_POINT('Ctrl Pts',(1.08860837918815,1.09502583408985,1.9584742283739));
#1790=CARTESIAN_POINT('Ctrl Pts',(1.04638523725376,1.13398718478535,1.96143701849392));
#1791=CARTESIAN_POINT('Ctrl Pts',(1.00408049767881,1.17302382960023,1.96440553430539));
#1792=CARTESIAN_POINT('Ctrl Pts',(0.959638827483871,1.20964340345876,1.96737405011687));
#1793=CARTESIAN_POINT('Ctrl Pts',(0.91337519973764,1.24362162433122,1.97034256592835));
#1794=CARTESIAN_POINT('Ctrl Pts',(0.87123208291654,1.27457354490814,1.97304668825344));
#1795=CARTESIAN_POINT('Ctrl Pts',(0.827577739056423,1.30333403925153,1.97575081057853));
#1796=CARTESIAN_POINT('Ctrl Pts',(0.782668369043758,1.32976660512226,1.97845493290362));
#1797=CARTESIAN_POINT('Ctrl Pts',(0.733353361526637,1.35879222236526,1.9814243313332));
#1798=CARTESIAN_POINT('Ctrl Pts',(0.682318298382398,1.38513157365608,1.98439372976279));
#1799=CARTESIAN_POINT('Ctrl Pts',(0.62988723108252,1.40857767841152,1.98736312819237));
#1800=CARTESIAN_POINT('Ctrl Pts',(0.577549154147872,1.43198219977078,1.99032726017481));
#1801=CARTESIAN_POINT('Ctrl Pts',(0.523820459608425,1.45250344829978,1.99329139215725));
#1802=CARTESIAN_POINT('Ctrl Pts',(0.469050751115967,1.46997972532874,1.99625552413969));
#1803=CARTESIAN_POINT('Ctrl Pts',(0.414335337764934,1.48743867750863,1.99921671767368));
#1804=CARTESIAN_POINT('Ctrl Pts',(0.358581449580637,1.50185848105089,2.00217791120767));
#1805=CARTESIAN_POINT('Ctrl Pts',(0.302158033931991,1.51312574577606,2.00513910474166));
#1806=CARTESIAN_POINT('Ctrl Pts',(0.245768797537223,1.52438618520188,2.00809850449226));
#1807=CARTESIAN_POINT('Ctrl Pts',(0.188711348143933,1.53249776941237,2.01105790424286));
#1808=CARTESIAN_POINT('Ctrl Pts',(0.131366978239086,1.53739770945202,2.01401730399346));
#1809=CARTESIAN_POINT('Ctrl Pts',(0.0740352362856535,1.54229657046327,2.01697605204702));
#1810=CARTESIAN_POINT('Ctrl Pts',(0.0164172187516664,1.54398514708098,2.01993480010058));
#1811=CARTESIAN_POINT('Ctrl Pts',(-0.0411006957540327,1.54245250585181,
2.02289354815414));
#1812=CARTESIAN_POINT('Ctrl Pts',(-0.0986706699224078,1.54091847742378,
2.02585497418076));
#1813=CARTESIAN_POINT('Ctrl Pts',(-0.156139837291494,1.53615741799994,2.02881640020738));
#1814=CARTESIAN_POINT('Ctrl Pts',(-0.213123246605975,1.52821054889571,2.031777826234));
#1815=CARTESIAN_POINT('Ctrl Pts',(-0.270130605342963,1.52026033982063,2.03474049691137));
#1816=CARTESIAN_POINT('Ctrl Pts',(-0.326651285951666,1.50912175181111,2.03770316758875));
#1817=CARTESIAN_POINT('Ctrl Pts',(-0.382310105953054,1.49488728099685,2.04066583826612));
#1818=CARTESIAN_POINT('Ctrl Pts',(-0.438076543186423,1.48062528760221,2.04363423731534));
#1819=CARTESIAN_POINT('Ctrl Pts',(-0.492977290541738,1.46325560696575,2.04660263636455));
#1820=CARTESIAN_POINT('Ctrl Pts',(-0.546652844692162,1.44292053398306,2.04957103541377));
#1821=CARTESIAN_POINT('Ctrl Pts',(-0.595567142512369,1.42438927088174,2.05227612448907));
#1822=CARTESIAN_POINT('Ctrl Pts',(-0.643463931265403,1.40339610223481,2.05498121356436));
#1823=CARTESIAN_POINT('Ctrl Pts',(-0.6900890308616,1.38008192854066,2.05768630263966));
#1824=CARTESIAN_POINT('Ctrl Pts',(-0.741272646655545,1.35448833798,2.06065586712568));
#1825=CARTESIAN_POINT('Ctrl Pts',(-0.791137619350581,1.32598994468555,2.06362543161171));
#1826=CARTESIAN_POINT('Ctrl Pts',(-0.839333974933644,1.29474610581461,2.06659499609773));
#1827=CARTESIAN_POINT('Ctrl Pts',(-0.887444835266499,1.26355769021768,2.06955929288964));
#1828=CARTESIAN_POINT('Ctrl Pts',(-0.933892519423016,1.22963377683449,2.07252358968155));
#1829=CARTESIAN_POINT('Ctrl Pts',(-0.978351153142841,1.19317979414004,2.07548788647346));
#1830=CARTESIAN_POINT('Ctrl Pts',(-1.02276570290114,1.15676195821476,2.07844924394999));
#1831=CARTESIAN_POINT('Ctrl Pts',(-1.06519470857077,1.11781935255914,2.08141060142653));
#1832=CARTESIAN_POINT('Ctrl Pts',(-1.10534231132325,1.07659991398782,2.08437195890306));
#1833=CARTESIAN_POINT('Ctrl Pts',(-1.14546558010663,1.03540545903882,2.08733152146342));
#1834=CARTESIAN_POINT('Ctrl Pts',(-1.1833098238719,0.991937279643123,2.09029108402378));
#1835=CARTESIAN_POINT('Ctrl Pts',(-1.21861492926778,0.946481195885942,2.09325064658415));
#1836=CARTESIAN_POINT('Ctrl Pts',(-1.25391224376755,0.901035143075338,2.09620955604791));
#1837=CARTESIAN_POINT('Ctrl Pts',(-1.28667121258413,0.853602468576461,2.09916846551167));
#1838=CARTESIAN_POINT('Ctrl Pts',(-1.31667246830898,0.804501467492224,2.10212737497543));
#1839=CARTESIAN_POINT('Ctrl Pts',(-1.34670084174304,0.755356084710052,2.10508895895545));
#1840=CARTESIAN_POINT('Ctrl Pts',(-1.37396624758215,0.704539807569112,2.10805054293548));
#1841=CARTESIAN_POINT('Ctrl Pts',(-1.39829385840726,0.65239810356908,2.1110121269155));
#1842=CARTESIAN_POINT('Ctrl Pts',(-1.42263167984582,0.600234515020348,2.11397495391069));
#1843=CARTESIAN_POINT('Ctrl Pts',(-1.4440290530082,0.54674487547291,2.11693778090589));
#1844=CARTESIAN_POINT('Ctrl Pts',(-1.46235948885092,0.492294348299537,2.11990060790108));
#1845=CARTESIAN_POINT('Ctrl Pts',(-1.48072533554378,0.437738633258625,2.12286915850391));
#1846=CARTESIAN_POINT('Ctrl Pts',(-1.49601226592943,0.382218825669834,2.12583770910674));
#1847=CARTESIAN_POINT('Ctrl Pts',(-1.50814410600462,0.326114022273688,2.12880625970958));
#1848=CARTESIAN_POINT('Ctrl Pts',(-1.51919398347178,0.275012853860327,2.13151006393161));
#1849=CARTESIAN_POINT('Ctrl Pts',(-1.52762703979402,0.2234268091445,2.13421386815365));
#1850=CARTESIAN_POINT('Ctrl Pts',(-1.5334232492126,0.171645386696718,2.13691767237569));
#1851=CARTESIAN_POINT('Ctrl Pts',(-1.53976195749635,0.115017458388637,2.13987454038755));
#1852=CARTESIAN_POINT('Ctrl Pts',(-1.54296462158667,0.0580320504376492,
2.14283140839941));
#1853=CARTESIAN_POINT('Ctrl Pts',(-1.54299970852352,0.000948417801028683,
2.14578827641127));
#1854=CARTESIAN_POINT('Ctrl Pts',(-1.54474696434052,0.000936221302528979,
2.14578896302854));
#1855=CARTESIAN_POINT('Ctrl Pts',(-1.54146653228247,-0.452356144134441,
2.16924232272294));
#1856=CARTESIAN_POINT('Ctrl Pts',(-1.09158170232332,-1.42175917930597,2.21910613899601));
#1857=CARTESIAN_POINT('Ctrl Pts',(0.182916990297331,-1.66525077941553,2.27816740543434));
#1858=CARTESIAN_POINT('Ctrl Pts',(0.798071330302386,-1.33229721585772,2.31377531217827));
#1859=CARTESIAN_POINT('Ctrl Pts',(0.939014433308584,-1.22235675040776,2.32297276234352));
#1860=CARTESIAN_POINT('',(-1.54062903015854,-0.000474172856022685,2.10421172358873));
#1861=CARTESIAN_POINT('Ctrl Pts',(-1.54062903015854,-0.000474172856022685,
2.10421172358873));
#1862=CARTESIAN_POINT('Ctrl Pts',(-1.54125834971791,-0.227731944521404,
2.11589014335013));
#1863=CARTESIAN_POINT('Ctrl Pts',(-1.3877673483084,-0.968119477383991,2.15397901969021));
#1864=CARTESIAN_POINT('Ctrl Pts',(-0.342165015405497,-1.73482132846019,
2.21299810948654));
#1865=CARTESIAN_POINT('Ctrl Pts',(0.616227564303616,-1.467696946027,2.26033877952147));
#1866=CARTESIAN_POINT('Ctrl Pts',(0.94023558497854,-1.22392934496312,2.28126899297773));
#1867=CARTESIAN_POINT('Ctrl Pts',(0.93847791887078,-1.22164100944804,1.78134671423202));
#1868=CARTESIAN_POINT('Ctrl Pts',(1.14914242765936,-1.05949612497819,1.79500497746428));
#1869=CARTESIAN_POINT('Ctrl Pts',(1.65100968013939,-0.432159718026939,1.83507369727521));
#1870=CARTESIAN_POINT('Ctrl Pts',(1.50945006974386,1.02142187646186,1.90155287366483));
#1871=CARTESIAN_POINT('Ctrl Pts',(-0.0360140888864794,1.82220896918149,
1.98078424340086));
#1872=CARTESIAN_POINT('Ctrl Pts',(-1.32567315344725,1.08792478096584,2.04833719337549));
#1873=CARTESIAN_POINT('Ctrl Pts',(-1.53983515914619,0.286205868415648,2.08947968677145));
#1874=CARTESIAN_POINT('Ctrl Pts',(-1.54062903015854,-0.000474172856022685,
2.10421172358873));
#1875=CARTESIAN_POINT('Origin',(0.,0.,-1.10421172358873));
#1876=CARTESIAN_POINT('',(0.940566335497577,-1.22434262162629,1.28140528273815));
#1877=CARTESIAN_POINT('',(0.940001438306087,-1.22362016000983,1.32287227111971));
#1878=CARTESIAN_POINT('',(0.940001438306088,-1.22362016000983,-1.10421172358873));
#1879=CARTESIAN_POINT('',(-1.54299941211549,-0.00134692659495219,1.6457882763844));
#1880=CARTESIAN_POINT('Ctrl Pts',(0.940001438306087,-1.22362016000983,1.32287227111971));
#1881=CARTESIAN_POINT('Ctrl Pts',(0.985626990651423,-1.1885699980153,1.32583596798056));
#1882=CARTESIAN_POINT('Ctrl Pts',(1.02924652691713,-1.15099756729759,1.32879966484142));
#1883=CARTESIAN_POINT('Ctrl Pts',(1.07058272009014,-1.11117129167577,1.33176336170227));
#1884=CARTESIAN_POINT('Ctrl Pts',(1.11199255257023,-1.07127406662404,1.33473233830871));
#1885=CARTESIAN_POINT('Ctrl Pts',(1.15111057009187,-1.02911536652913,1.33770131491514));
#1886=CARTESIAN_POINT('Ctrl Pts',(1.18769835021513,-0.984998288778335,1.34067029152158));
#1887=CARTESIAN_POINT('Ctrl Pts',(1.20385708837342,-0.96551428878484,1.34198151935283));
#1888=CARTESIAN_POINT('Ctrl Pts',(1.21952286482571,-0.945648707333135,1.34329274718409));
#1889=CARTESIAN_POINT('Ctrl Pts',(1.23467787676593,-0.925429381760047,1.34460397501534));
#1890=CARTESIAN_POINT('Ctrl Pts',(1.26899887087248,-0.879639424182323,1.34757346410887));
#1891=CARTESIAN_POINT('Ctrl Pts',(1.30084094110417,-0.831841794132298,1.3505429532024));
#1892=CARTESIAN_POINT('Ctrl Pts',(1.32996241493246,-0.782335589671737,1.35351244229594));
#1893=CARTESIAN_POINT('Ctrl Pts',(1.35903224021986,-0.732917187196753,1.35647666483669));
#1894=CARTESIAN_POINT('Ctrl Pts',(1.38539078386232,-0.681796670744928,1.35944088737745));
#1895=CARTESIAN_POINT('Ctrl Pts',(1.40883854036976,-0.629303557251039,1.3624051099182));
#1896=CARTESIAN_POINT('Ctrl Pts',(1.4322630520099,-0.57686248265719,1.3653663938853));
#1897=CARTESIAN_POINT('Ctrl Pts',(1.45278228201838,-0.523051980846503,1.3683276778524));
#1898=CARTESIAN_POINT('Ctrl Pts',(1.47024258845687,-0.468226153784302,1.3712889618195));
#1899=CARTESIAN_POINT('Ctrl Pts',(1.48769231677171,-0.413433542311983,1.37424845172714));
#1900=CARTESIAN_POINT('Ctrl Pts',(1.5020866371502,-0.357627320937518,1.37720794163477));
#1901=CARTESIAN_POINT('Ctrl Pts',(1.51332082624537,-0.301179476146755,1.38016743154241));
#1902=CARTESIAN_POINT('Ctrl Pts',(1.52455253988515,-0.244744069647721,1.38312626932597));
#1903=CARTESIAN_POINT('Ctrl Pts',(1.53262540298935,-0.187667831749036,1.38608510710953));
#1904=CARTESIAN_POINT('Ctrl Pts',(1.53748566283011,-0.130333558962636,1.38904394489309));
#1905=CARTESIAN_POINT('Ctrl Pts',(1.54235031930889,-0.072947421038833,1.3920054592699));
#1906=CARTESIAN_POINT('Ctrl Pts',(1.54399652003233,-0.0153033026741426,
1.39496697364672));
#1907=CARTESIAN_POINT('Ctrl Pts',(1.54242250318787,0.0422116294362175,1.39792848802354));
#1908=CARTESIAN_POINT('Ctrl Pts',(1.54084782514833,0.0997507217644927,1.40089124643961));
#1909=CARTESIAN_POINT('Ctrl Pts',(1.53605027528775,0.157159998683016,1.40385400485567));
#1910=CARTESIAN_POINT('Ctrl Pts',(1.52808013406698,0.214056310044436,1.40681676327173));
#1911=CARTESIAN_POINT('Ctrl Pts',(1.52009458872875,0.271062586516802,1.40978524789483));
#1912=CARTESIAN_POINT('Ctrl Pts',(1.50892429981118,0.327553402674309,1.41275373251792));
#1913=CARTESIAN_POINT('Ctrl Pts',(1.49467077919536,0.383155662648411,1.41572221714101));
#1914=CARTESIAN_POINT('Ctrl Pts',(1.48168540715808,0.433810939427923,1.41842659301113));
#1915=CARTESIAN_POINT('Ctrl Pts',(1.4661417589225,0.483728621875668,1.42113096888126));
#1916=CARTESIAN_POINT('Ctrl Pts',(1.44815154880831,0.532640677834603,1.42383534475138));
#1917=CARTESIAN_POINT('Ctrl Pts',(1.42839772866512,0.586347663473657,1.42680483505744));
#1918=CARTESIAN_POINT('Ctrl Pts',(1.4056108139839,0.639066637252498,1.4297743253635));
#1919=CARTESIAN_POINT('Ctrl Pts',(1.37991032274848,0.690432111921352,1.43274381566956));
#1920=CARTESIAN_POINT('Ctrl Pts',(1.35425541259404,0.741706487403091,1.435708039439));
#1921=CARTESIAN_POINT('Ctrl Pts',(1.32569741371925,0.791631665703714,1.43867226320844));
#1922=CARTESIAN_POINT('Ctrl Pts',(1.2944043060246,0.839860995965989,1.44163648697789));
#1923=CARTESIAN_POINT('Ctrl Pts',(1.26314222055639,0.88804251438359,1.44459777218265));
#1924=CARTESIAN_POINT('Ctrl Pts',(1.22915068085183,0.934531080247508,1.44755905738742));
#1925=CARTESIAN_POINT('Ctrl Pts',(1.19264324421599,0.979005154238705,1.45052034259218));
#1926=CARTESIAN_POINT('Ctrl Pts',(1.15615792509292,1.02345228424287,1.4534798337443));
#1927=CARTESIAN_POINT('Ctrl Pts',(1.11716006075295,1.06588693930536,1.45643932489642));
#1928=CARTESIAN_POINT('Ctrl Pts',(1.07590482522975,1.10601889995033,1.45939881604854));
#1929=CARTESIAN_POINT('Ctrl Pts',(1.03465868023543,1.14614201757834,1.46235765508124));
#1930=CARTESIAN_POINT('Ctrl Pts',(0.991156525313876,1.18396308465193,1.46531649411395));
#1931=CARTESIAN_POINT('Ctrl Pts',(0.945690331142842,1.21922877163514,1.46827533314666));
#1932=CARTESIAN_POINT('Ctrl Pts',(0.900183007872041,1.25452636025395,1.47123684876992));
#1933=CARTESIAN_POINT('Ctrl Pts',(0.852708507538308,1.28726362826559,1.47419836439319));
#1934=CARTESIAN_POINT('Ctrl Pts',(0.803590748706149,1.31722849521026,1.47715988001645));
#1935=CARTESIAN_POINT('Ctrl Pts',(0.754452357044669,1.34720594945533,1.4801226396795));
#1936=CARTESIAN_POINT('Ctrl Pts',(0.703669791016906,1.37440843317945,1.48308539934255));
#1937=CARTESIAN_POINT('Ctrl Pts',(0.651591907600714,1.39866972010881,1.4860481590056));
#1938=CARTESIAN_POINT('Ctrl Pts',(0.599413372097053,1.42297789736884,1.48901664486037));
#1939=CARTESIAN_POINT('Ctrl Pts',(0.545935002318381,1.44433332373221,1.49198513071514));
#1940=CARTESIAN_POINT('Ctrl Pts',(0.491525086248632,1.46261823097768,1.49495361656991));
#1941=CARTESIAN_POINT('Ctrl Pts',(0.441956271443851,1.47927624566404,1.49765798254241));
#1942=CARTESIAN_POINT('Ctrl Pts',(0.391614795791867,1.49338637626493,1.50036234851492));
#1943=CARTESIAN_POINT('Ctrl Pts',(0.340786333069766,1.50489656627719,1.50306671448742));
#1944=CARTESIAN_POINT('Ctrl Pts',(0.2849749195999,1.51753515378283,1.50603620204187));
#1945=CARTESIAN_POINT('Ctrl Pts',(0.228342687091878,1.52709120184413,1.50900568959632));
#1946=CARTESIAN_POINT('Ctrl Pts',(0.171261332659445,1.53346619002041,1.51197517715077));
#1947=CARTESIAN_POINT('Ctrl Pts',(0.114281214900052,1.53982987183229,1.51493939816865));
#1948=CARTESIAN_POINT('Ctrl Pts',(0.0568540703457438,1.54302363429164,1.51790361918653));
#1949=CARTESIAN_POINT('Ctrl Pts',(-0.000637848500651562,1.54299986816243,
1.52086784020441));
#1950=CARTESIAN_POINT('Ctrl Pts',(-0.0580727730767874,1.54297612559364,
1.52382912265949));
#1951=CARTESIAN_POINT('Ctrl Pts',(-0.115571825730801,1.53974117428104,1.52679040511458));
#1952=CARTESIAN_POINT('Ctrl Pts',(-0.172749033192589,1.53329930917973,1.52975168756966));
#1953=CARTESIAN_POINT('Ctrl Pts',(-0.229891600747334,1.52686134678052,1.53271117597859));
#1954=CARTESIAN_POINT('Ctrl Pts',(-0.286712192350583,1.51722038016684,1.53567066438753));
#1955=CARTESIAN_POINT('Ctrl Pts',(-0.342828477886648,1.50443266208559,1.53863015279646));
#1956=CARTESIAN_POINT('Ctrl Pts',(-0.39893239848289,1.49164776171336,1.54158898909708));
#1957=CARTESIAN_POINT('Ctrl Pts',(-0.454331812814205,1.47571760233079,1.5445478253977));
#1958=CARTESIAN_POINT('Ctrl Pts',(-0.508655329793686,1.45674937977419,1.54750666169833));
#1959=CARTESIAN_POINT('Ctrl Pts',(-0.563027989043631,1.43776399813851,1.55046817462855));
#1960=CARTESIAN_POINT('Ctrl Pts',(-0.616322312098577,1.41573523284348,1.55342968755878));
#1961=CARTESIAN_POINT('Ctrl Pts',(-0.66818414223031,1.39081952534178,1.55639120048901));
#1962=CARTESIAN_POINT('Ctrl Pts',(-0.720067758207204,1.36589335138057,1.55935395747603));
#1963=CARTESIAN_POINT('Ctrl Pts',(-0.770517223375456,1.3380780689927,1.56231671446305));
#1964=CARTESIAN_POINT('Ctrl Pts',(-0.81920329244768,1.30757598847749,1.56527947145007));
#1965=CARTESIAN_POINT('Ctrl Pts',(-0.867983459296623,1.27701495520604,1.56824795469207));
#1966=CARTESIAN_POINT('Ctrl Pts',(-0.914992991775413,1.24375704858698,1.57121643793407));
#1967=CARTESIAN_POINT('Ctrl Pts',(-0.95993273676731,1.20804724281893,1.57418492117607));
#1968=CARTESIAN_POINT('Ctrl Pts',(-1.00087435000915,1.17551441342793,1.57688930885853));
#1969=CARTESIAN_POINT('Ctrl Pts',(-1.04009826745954,1.14094726178825,1.57959369654099));
#1970=CARTESIAN_POINT('Ctrl Pts',(-1.07740540883649,1.10455718956053,1.58229808422345));
#1971=CARTESIAN_POINT('Ctrl Pts',(-1.11776519962605,1.06518950692069,1.58522375788938));
#1972=CARTESIAN_POINT('Ctrl Pts',(-1.15606059431418,1.023512721674,1.58814943155531));
#1973=CARTESIAN_POINT('Ctrl Pts',(-1.19201075843796,0.979775153679739,1.59107510522125));
#1974=CARTESIAN_POINT('Ctrl Pts',(-1.22791020704838,0.93609928702309,1.59399665158914));
#1975=CARTESIAN_POINT('Ctrl Pts',(-1.26147063419662,0.890368802336823,1.59691819795704));
#1976=CARTESIAN_POINT('Ctrl Pts',(-1.29244742808265,0.842869293332324,1.59983974432493));
#1977=CARTESIAN_POINT('Ctrl Pts',(-1.32339329027661,0.79541721467817,1.6027583734002));
#1978=CARTESIAN_POINT('Ctrl Pts',(-1.3517603351383,0.746200057842888,1.60567700247546));
#1979=CARTESIAN_POINT('Ctrl Pts',(-1.37734526273526,0.695535065414205,1.60859563155072));
#1980=CARTESIAN_POINT('Ctrl Pts',(-1.40291518125477,0.644899794968997,1.61151254844877));
#1981=CARTESIAN_POINT('Ctrl Pts',(-1.42570597548926,0.592818851827713,1.61442946534683));
#1982=CARTESIAN_POINT('Ctrl Pts',(-1.44555985059143,0.539634800914543,1.61734638224488));
#1983=CARTESIAN_POINT('Ctrl Pts',(-1.46541838261835,0.486438275150928,1.62026398333494));
#1984=CARTESIAN_POINT('Ctrl Pts',(-1.48233842189205,0.432138625675946,1.62318158442499));
#1985=CARTESIAN_POINT('Ctrl Pts',(-1.49621075519766,0.377097303133869,1.62609918551504));
#1986=CARTESIAN_POINT('Ctrl Pts',(-1.51008529597607,0.322047221991505,1.62901725087631));
#1987=CARTESIAN_POINT('Ctrl Pts',(-1.52091105235153,0.26625575921686,1.63193531623758));
#1988=CARTESIAN_POINT('Ctrl Pts',(-1.52862974639399,0.210095450782383,1.63485338159885));
#1989=CARTESIAN_POINT('Ctrl Pts',(-1.53635679486835,0.153874356485678,1.63777460536726));
#1990=CARTESIAN_POINT('Ctrl Pts',(-1.540970024763,0.0972841559419145,1.64069582913567));
#1991=CARTESIAN_POINT('Ctrl Pts',(-1.54246309079681,0.0407015175336461,
1.64361705290407));
#1992=CARTESIAN_POINT('Ctrl Pts',(-1.54283300198099,0.0266830144643194,
1.64434079406418));
#1993=CARTESIAN_POINT('Ctrl Pts',(-1.54301164348301,0.0126649675697888,
1.64506453522429));
#1994=CARTESIAN_POINT('Ctrl Pts',(-1.54299941211549,-0.00134692659494839,
1.6457882763844));
#1995=CARTESIAN_POINT('Ctrl Pts',(-1.54299941211504,-0.00134692711518489,
1.64578827641127));
#1996=CARTESIAN_POINT('Ctrl Pts',(-1.54292747103122,-0.0837604807394126,
1.65004509424104));
#1997=CARTESIAN_POINT('Ctrl Pts',(-1.53624933354357,-0.165894199218461,
1.65430191207082));
#1998=CARTESIAN_POINT('Ctrl Pts',(-1.52311876298093,-0.246897213138275,
1.65855872990059));
#1999=CARTESIAN_POINT('Ctrl Pts',(-1.52006426676354,-0.265740522226415,
1.65954897125355));
#2000=CARTESIAN_POINT('Ctrl Pts',(-1.51666078844627,-0.284522768226928,
1.66053921260652));
#2001=CARTESIAN_POINT('Ctrl Pts',(-1.51291060068668,-0.303233432078131,
1.66152945395949));
#2002=CARTESIAN_POINT('Ctrl Pts',(-1.50166469344067,-0.35934219347104,1.66449894858762));
#2003=CARTESIAN_POINT('Ctrl Pts',(-1.48726969838898,-0.414941900620515,
1.66746844321576));
#2004=CARTESIAN_POINT('Ctrl Pts',(-1.46978741409081,-0.46965301806785,1.67043793784389));
#2005=CARTESIAN_POINT('Ctrl Pts',(-1.45233613527871,-0.52426710329899,1.67340216596207));
#2006=CARTESIAN_POINT('Ctrl Pts',(-1.43180859246433,-0.577995234034316,
1.67636639408025));
#2007=CARTESIAN_POINT('Ctrl Pts',(-1.40831736907631,-0.6304690222033,1.67933062219843));
#2008=CARTESIAN_POINT('Ctrl Pts',(-1.38484943342676,-0.682890791120872,
1.68229191176513));
#2009=CARTESIAN_POINT('Ctrl Pts',(-1.35842385026695,-0.734060207457205,
1.68525320133183));
#2010=CARTESIAN_POINT('Ctrl Pts',(-1.32920210432421,-0.78362667505649,1.68821449089853));
#2011=CARTESIAN_POINT('Ctrl Pts',(-1.29999806187969,-0.83316311365365,1.69117398641827));
#2012=CARTESIAN_POINT('Ctrl Pts',(-1.2680014790198,-0.881098080130122,1.69413348193801));
#2013=CARTESIAN_POINT('Ctrl Pts',(-1.23341978458916,-0.927105514482596,
1.69709297745774));
#2014=CARTESIAN_POINT('Ctrl Pts',(-1.19884571019259,-0.973102811153177,
1.70005182085626));
#2015=CARTESIAN_POINT('Ctrl Pts',(-1.1616879684115,-1.01717300221825,1.70301066425478));
#2016=CARTESIAN_POINT('Ctrl Pts',(-1.12219602758011,-1.05902080984437,1.7059695076533));
#2017=CARTESIAN_POINT('Ctrl Pts',(-1.08266836256687,-1.10090647275583,1.70893102760449));
#2018=CARTESIAN_POINT('Ctrl Pts',(-1.04080263722764,-1.14056535401865,1.71189254755567));
#2019=CARTESIAN_POINT('Ctrl Pts',(-0.996886239908256,-1.17773801190315,
1.71485406750686));
#2020=CARTESIAN_POINT('Ctrl Pts',(-0.952951394918225,-1.21492628466025,
1.71781683148415));
#2021=CARTESIAN_POINT('Ctrl Pts',(-0.906964577266239,-1.24962593633302,
1.72077959546144));
#2022=CARTESIAN_POINT('Ctrl Pts',(-0.859244878806011,-1.28161899106,1.72374235943873));
#2023=CARTESIAN_POINT('Ctrl Pts',(-0.811432952830246,-1.31367387853209,
1.7267108495285));
#2024=CARTESIAN_POINT('Ctrl Pts',(-0.76188190353001,-1.34301144867238,1.72967933961827));
#2025=CARTESIAN_POINT('Ctrl Pts',(-0.710937485641596,-1.36945861255812,
1.73264782970804));
#2026=CARTESIAN_POINT('Ctrl Pts',(-0.664526488408899,-1.39355230723144,
1.7353521610372));
#2027=CARTESIAN_POINT('Ctrl Pts',(-0.616959644140104,-1.41524759166314,
1.73805649236636));
#2028=CARTESIAN_POINT('Ctrl Pts',(-0.5685111885107,-1.43444903309185,1.74076082369552));
#2029=CARTESIAN_POINT('Ctrl Pts',(-0.515312620985416,-1.45553307313312,
1.74373030024449));
#2030=CARTESIAN_POINT('Ctrl Pts',(-0.460828245936101,-1.47369780707367,
1.74669977679345));
#2031=CARTESIAN_POINT('Ctrl Pts',(-0.405410147694864,-1.48878863917818,
1.74966925334242));
#2032=CARTESIAN_POINT('Ctrl Pts',(-0.350090336209881,-1.50385270694066,
1.75263346337688));
#2033=CARTESIAN_POINT('Ctrl Pts',(-0.293840587575695,-1.51585355766893,
1.75559767341135));
#2034=CARTESIAN_POINT('Ctrl Pts',(-0.237031257347707,-1.52468527343848,
1.75856188344582));
#2035=CARTESIAN_POINT('Ctrl Pts',(-0.180278244519834,-1.5335082339689,1.7615231549383));
#2036=CARTESIAN_POINT('Ctrl Pts',(-0.122967262015958,-1.53916820437041,
1.76448442643077));
#2037=CARTESIAN_POINT('Ctrl Pts',(-0.0654803364409356,-1.54160997841204,
1.76744569792324));
#2038=CARTESIAN_POINT('Ctrl Pts',(-0.00802823778220868,-1.54405027317018,
1.77040517540859));
#2039=CARTESIAN_POINT('Ctrl Pts',(0.0495990725729298,-1.54327621425207,
1.77336465289393));
#2040=CARTESIAN_POINT('Ctrl Pts',(0.107015164815346,-1.5392844943348,1.77632413037928));
#2041=CARTESIAN_POINT('Ctrl Pts',(0.164418606776453,-1.53529365389884,1.77928295581358));
#2042=CARTESIAN_POINT('Ctrl Pts',(0.22161040292606,-1.52808659614775,1.78224178124788));
#2043=CARTESIAN_POINT('Ctrl Pts',(0.278207085409553,-1.51771203382853,1.78520060668219));
#2044=CARTESIAN_POINT('Ctrl Pts',(0.334854970067982,-1.50732808579743,1.78816210892175));
#2045=CARTESIAN_POINT('Ctrl Pts',(0.390906150742045,-1.4937710002003,1.79112361116132));
#2046=CARTESIAN_POINT('Ctrl Pts',(0.445986603213266,-1.47714080227793,1.79408511340088));
#2047=CARTESIAN_POINT('Ctrl Pts',(0.501090195140026,-1.46050361796188,1.797047859776));
#2048=CARTESIAN_POINT('Ctrl Pts',(0.555221754363976,-1.44079092544092,1.80001060615112));
#2049=CARTESIAN_POINT('Ctrl Pts',(0.608024805976829,-1.41815190840644,1.80297335252625));
#2050=CARTESIAN_POINT('Ctrl Pts',(0.660929917619528,-1.39546913369729,1.80594182542615));
#2051=CARTESIAN_POINT('Ctrl Pts',(0.712500921368885,-1.36984896410983,1.80891029832605));
#2052=CARTESIAN_POINT('Ctrl Pts',(0.762404504168341,-1.34148737303928,1.81187877122595));
#2053=CARTESIAN_POINT('Ctrl Pts',(0.807869950597907,-1.31564809803858,1.81458324529448));
#2054=CARTESIAN_POINT('Ctrl Pts',(0.851951448407494,-1.28753406202164,1.81728771936302));
#2055=CARTESIAN_POINT('Ctrl Pts',(0.894419709829909,-1.25732349960851,1.81999219343155));
#2056=CARTESIAN_POINT('Ctrl Pts',(0.909807972910251,-1.24637678159728,1.82097215251315));
#2057=CARTESIAN_POINT('Ctrl Pts',(0.925005832365772,-1.23513998586172,1.82195211159474));
#2058=CARTESIAN_POINT('Ctrl Pts',(0.940001438306087,-1.22362016000983,1.82293207067634));
#2059=CARTESIAN_POINT('',(-1.54277983301991,0.00139590325092425,1.60421172358873));
#2060=CARTESIAN_POINT('Ctrl Pts',(-1.54277983301991,0.00139590325092425,
1.60421172358873));
#2061=CARTESIAN_POINT('Ctrl Pts',(-1.53930534137981,-0.384146825824089,
1.62409407054473));
#2062=CARTESIAN_POINT('Ctrl Pts',(-1.19813477676948,-1.28730512738809,1.6703868740794));
#2063=CARTESIAN_POINT('Ctrl Pts',(0.0317519260096279,-1.69955566352488,
1.7294318709605));
#2064=CARTESIAN_POINT('Ctrl Pts',(0.741788595959225,-1.37302943136753,1.7685945208856));
#2065=CARTESIAN_POINT('Ctrl Pts',(0.93847791887078,-1.22164100944804,1.78134671423202));
#2066=CARTESIAN_POINT('Ctrl Pts',(0.940566335497612,-1.22434262162626,1.28140528273815));
#2067=CARTESIAN_POINT('Ctrl Pts',(1.27331617137967,-0.963549229665988,1.30324795032963));
#2068=CARTESIAN_POINT('Ctrl Pts',(1.77528170516641,-0.07428946353381,1.35150107449979));
#2069=CARTESIAN_POINT('Ctrl Pts',(1.12693635896461,1.43239496492661,1.42616465524862));
#2070=CARTESIAN_POINT('Ctrl Pts',(-0.588936595698282,1.72478834223439,1.50539602498465));
#2071=CARTESIAN_POINT('Ctrl Pts',(-1.47186223032938,0.765421042899711,1.56474504776469));
#2072=CARTESIAN_POINT('Ctrl Pts',(-1.54392063708896,0.127983836013505,1.59768361396605));
#2073=CARTESIAN_POINT('Ctrl Pts',(-1.54277983301991,0.00139590325092425,
1.60421172358873));
#2074=CARTESIAN_POINT('Origin',(0.,0.,-1.10421172358873));
#2075=CARTESIAN_POINT('',(0.94000143830609,-1.22362016000983,0.78129744531319));
#2076=CARTESIAN_POINT('',(0.938639713160672,-1.22186477605344,0.822950245720313));
#2077=CARTESIAN_POINT('',(0.940001438306088,-1.22362016000983,-1.10421172358873));
#2078=CARTESIAN_POINT('',(-1.54275163330749,7.80919889206699E-5,1.14578827084311));
#2079=CARTESIAN_POINT('Ctrl Pts',(0.938639713160685,-1.22186477605343,0.822950245720314));
#2080=CARTESIAN_POINT('Ctrl Pts',(1.17576577943055,-1.03804241867261,0.838372082679921));
#2081=CARTESIAN_POINT('Ctrl Pts',(1.6825039994431,-0.359174862459763,0.880204376218208));
#2082=CARTESIAN_POINT('Ctrl Pts',(1.43787559807329,1.11993556347378,0.948447126335173));
#2083=CARTESIAN_POINT('Ctrl Pts',(-0.157609704851565,1.81573645863685,1.02767849607121));
#2084=CARTESIAN_POINT('Ctrl Pts',(-1.36288287671707,1.01846027614833,1.09345886070024));
#2085=CARTESIAN_POINT('Ctrl Pts',(-1.54060748674155,0.252320256293031,1.1328287687506));
#2086=CARTESIAN_POINT('Ctrl Pts',(-1.54049371877134,7.89631332126399E-5,
1.14578822022227));
#2087=CARTESIAN_POINT('Ctrl Pts',(-1.54299999802871,7.79961653163E-5,1.14578827641127));
#2088=CARTESIAN_POINT('Ctrl Pts',(-1.54300304013199,-0.0601040054932347,
1.14887523697124));
#2089=CARTESIAN_POINT('Ctrl Pts',(-1.53948083797111,-0.120224317014107,
1.1519621975312));
#2090=CARTESIAN_POINT('Ctrl Pts',(-1.53248073614102,-0.179866042811533,
1.15504915809117));
#2091=CARTESIAN_POINT('Ctrl Pts',(-1.52546191138723,-0.239667290214284,
1.15814437523488));
#2092=CARTESIAN_POINT('Ctrl Pts',(-1.5149466629801,-0.29898694489913,1.1612395923786));
#2093=CARTESIAN_POINT('Ctrl Pts',(-1.50103378452717,-0.357416532505189,
1.16433480952231));
#2094=CARTESIAN_POINT('Ctrl Pts',(-1.48710055771476,-0.415931576636808,
1.16743455359346));
#2095=CARTESIAN_POINT('Ctrl Pts',(-1.46975993025404,-0.473553527090503,
1.17053429766461));
#2096=CARTESIAN_POINT('Ctrl Pts',(-1.44916015317413,-0.529890413625625,
1.17363404173576));
#2097=CARTESIAN_POINT('Ctrl Pts',(-1.4285061648486,-0.586375558696814,1.17674194322465));
#2098=CARTESIAN_POINT('Ctrl Pts',(-1.40457607320677,-0.641568468841228,
1.17984984471355));
#2099=CARTESIAN_POINT('Ctrl Pts',(-1.37756556778329,-0.695098630740923,
1.18295774620245));
#2100=CARTESIAN_POINT('Ctrl Pts',(-1.36834309012825,-0.713375990392292,
1.18401890931606));
#2101=CARTESIAN_POINT('Ctrl Pts',(-1.35876187358852,-0.731459741470247,
1.18508007242967));
#2102=CARTESIAN_POINT('Ctrl Pts',(-1.34883086052566,-0.749335912454227,
1.18614123554328));
#2103=CARTESIAN_POINT('Ctrl Pts',(-1.32104055534091,-0.799359434126691,
1.18911072582503));
#2104=CARTESIAN_POINT('Ctrl Pts',(-1.29040552791331,-0.847939562001567,
1.19208021610677));
#2105=CARTESIAN_POINT('Ctrl Pts',(-1.25710016415296,-0.894733578942134,
1.19504970638852));
#2106=CARTESIAN_POINT('Ctrl Pts',(-1.22385386898767,-0.941444604540586,
1.19801393014262));
#2107=CARTESIAN_POINT('Ctrl Pts',(-1.1879469375522,-0.986375385174825,1.20097815389672));
#2108=CARTESIAN_POINT('Ctrl Pts',(-1.14959873810246,-1.02920927966727,1.20394237765081));
#2109=CARTESIAN_POINT('Ctrl Pts',(-1.11128855482981,-1.07200071112517,1.20690366284569));
#2110=CARTESIAN_POINT('Ctrl Pts',(-1.07054224466476,-1.11269898831273,1.20986494804057));
#2111=CARTESIAN_POINT('Ctrl Pts',(-1.02762034158845,-1.15101930199004,1.21282623323545));
#2112=CARTESIAN_POINT('Ctrl Pts',(-0.984724442059653,-1.18931639991908,
1.21578572438312));
#2113=CARTESIAN_POINT('Ctrl Pts',(-0.939655950672524,-1.22523804343943,
1.21874521553079));
#2114=CARTESIAN_POINT('Ctrl Pts',(-0.892711697486603,-1.25853677942704,
1.22170470667846));
#2115=CARTESIAN_POINT('Ctrl Pts',(-0.845777788309793,-1.2918281781496,1.22466354571216));
#2116=CARTESIAN_POINT('Ctrl Pts',(-0.796969363168531,-1.32249751517695,
1.22762238474586));
#2117=CARTESIAN_POINT('Ctrl Pts',(-0.746613927700665,-1.35033945471625,
1.23058122377956));
#2118=CARTESIAN_POINT('Ctrl Pts',(-0.696212940140137,-1.37820658038686,
1.2335427394123));
#2119=CARTESIAN_POINT('Ctrl Pts',(-0.644262602836593,-1.4032409436906,1.23650425504503));
#2120=CARTESIAN_POINT('Ctrl Pts',(-0.591115634694656,-1.42528288645431,
1.23946577067776));
#2121=CARTESIAN_POINT('Ctrl Pts',(-0.537946341095316,-1.44733408838127,
1.24242853035495));
#2122=CARTESIAN_POINT('Ctrl Pts',(-0.483579907474776,-1.46639018989985,
1.24539129003214));
#2123=CARTESIAN_POINT('Ctrl Pts',(-0.428386630872302,-1.48234068098055,
1.24835404970933));
#2124=CARTESIAN_POINT('Ctrl Pts',(-0.373086680850097,-1.49832199997245,
1.25132253558591));
#2125=CARTESIAN_POINT('Ctrl Pts',(-0.316957204473883,-1.51118559657138,
1.25429102146248));
#2126=CARTESIAN_POINT('Ctrl Pts',(-0.260380234171074,-1.52087183340774,
1.25725950733906));
#2127=CARTESIAN_POINT('Ctrl Pts',(-0.208837178180646,-1.52969624102308,
1.25996387331914));
#2128=CARTESIAN_POINT('Ctrl Pts',(-0.156923118952384,-1.53588415961328,
1.26266823929923));
#2129=CARTESIAN_POINT('Ctrl Pts',(-0.104928339298315,-1.53942815474192,
1.26537260527931));
#2130=CARTESIAN_POINT('Ctrl Pts',(-0.0478501898059898,-1.54331863538436,
1.26834136881134));
#2131=CARTESIAN_POINT('Ctrl Pts',(0.00956403137829389,-1.54403848296268,
1.27131013234338));
#2132=CARTESIAN_POINT('Ctrl Pts',(0.0669321688762223,-1.54154762650056,
1.27427889587541));
#2133=CARTESIAN_POINT('Ctrl Pts',(0.124216633312394,-1.53906040302351,1.27724332938132));
#2134=CARTESIAN_POINT('Ctrl Pts',(0.181454630759904,-1.53337177788612,1.28020776288723));
#2135=CARTESIAN_POINT('Ctrl Pts',(0.238261054789409,-1.52449357813362,1.28317219639313));
#2136=CARTESIAN_POINT('Ctrl Pts',(0.295006531937176,-1.51562490368744,1.28613344939645));
#2137=CARTESIAN_POINT('Ctrl Pts',(0.351320840886068,-1.50357351983834,1.28909470239978));
#2138=CARTESIAN_POINT('Ctrl Pts',(0.406823286100809,-1.48840310866584,1.2920559554031));
#2139=CARTESIAN_POINT('Ctrl Pts',(0.462297444333079,-1.47324042913747,1.29501569919523));
#2140=CARTESIAN_POINT('Ctrl Pts',(0.516960055293329,-1.45496200484192,1.29797544298735));
#2141=CARTESIAN_POINT('Ctrl Pts',(0.570441918208808,-1.43368232811535,1.30093518677948));
#2142=CARTESIAN_POINT('Ctrl Pts',(0.62390753823411,-1.41240911420502,1.3038940316726));
#2143=CARTESIAN_POINT('Ctrl Pts',(0.676192639352316,-1.38813665453154,1.30685287656572));
#2144=CARTESIAN_POINT('Ctrl Pts',(0.72694676817162,-1.36102806592841,1.30981172145884));
#2145=CARTESIAN_POINT('Ctrl Pts',(0.777725389657607,-1.3339063954019,1.31277199421613));
#2146=CARTESIAN_POINT('Ctrl Pts',(0.826971105296161,-1.30394611296275,1.31573226697341));
#2147=CARTESIAN_POINT('Ctrl Pts',(0.874358480800025,-1.27135606619588,1.3186925397307));
#2148=CARTESIAN_POINT('Ctrl Pts',(0.896661211784184,-1.25601765510909,1.32008578352703));
#2149=CARTESIAN_POINT('Ctrl Pts',(0.918552713708364,-1.24009735827006,1.32147902732337));
#2150=CARTESIAN_POINT('Ctrl Pts',(0.940001438306087,-1.22362016000983,1.32287227111971));
#2151=CARTESIAN_POINT('',(-1.54311494812368,-0.000577556451338044,1.10421172358873));
#2152=CARTESIAN_POINT('Ctrl Pts',(-1.54524054174316,-0.000578352017675879,
1.10421172358873));
#2153=CARTESIAN_POINT('Ctrl Pts',(-1.54539641202766,-0.0329402933306066,
1.10588754116065));
#2154=CARTESIAN_POINT('Ctrl Pts',(-1.52982763785515,-0.575165396022899,
1.13397381531124));
#2155=CARTESIAN_POINT('Ctrl Pts',(-0.892864141428576,-1.58887809356624,
1.18847054604052));
#2156=CARTESIAN_POINT('Ctrl Pts',(0.367762705250658,-1.60670906103502,1.24585924818507));
#2157=CARTESIAN_POINT('Ctrl Pts',(0.870980922934397,-1.27888033679962,1.27683749375095));
#2158=CARTESIAN_POINT('Ctrl Pts',(0.940566335497612,-1.22434262162626,1.28140528273815));
#2159=CARTESIAN_POINT('Ctrl Pts',(0.94000143830609,-1.22362016000983,0.78129744531319));
#2160=CARTESIAN_POINT('Ctrl Pts',(0.985580424974202,-1.18860577039384,0.784266799400924));
#2161=CARTESIAN_POINT('Ctrl Pts',(1.02913152029813,-1.15109423329008,0.787236153488657));
#2162=CARTESIAN_POINT('Ctrl Pts',(1.07038563261194,-1.11136114629671,0.790205507576391));
#2163=CARTESIAN_POINT('Ctrl Pts',(1.08014886680996,-1.10195787927751,0.790908237504376));
#2164=CARTESIAN_POINT('Ctrl Pts',(1.0897836255949,-1.09243033612613,0.791610967432361));
#2165=CARTESIAN_POINT('Ctrl Pts',(1.09928667501175,-1.08278243712281,0.792313697360347));
#2166=CARTESIAN_POINT('Ctrl Pts',(1.13944206703143,-1.04201497926266,0.795283101654108));
#2167=CARTESIAN_POINT('Ctrl Pts',(1.17741064408938,-0.998925374052661,0.798252505947869));
#2168=CARTESIAN_POINT('Ctrl Pts',(1.21291277355912,-0.953777544156459,0.801221910241629));
#2169=CARTESIAN_POINT('Ctrl Pts',(1.24835191224386,-0.908709819236727,0.804186045975159));
#2170=CARTESIAN_POINT('Ctrl Pts',(1.2813329694863,-0.861591524641269,0.807150181708689));
#2171=CARTESIAN_POINT('Ctrl Pts',(1.3116140128661,-0.812722388797846,0.81011431744222));
#2172=CARTESIAN_POINT('Ctrl Pts',(1.34186502448023,-0.763901719792825,0.813075513441189));
#2173=CARTESIAN_POINT('Ctrl Pts',(1.36942105427519,-0.713334091062526,0.816036709440158));
#2174=CARTESIAN_POINT('Ctrl Pts',(1.39408231660995,-0.661349752034007,0.818997905439127));
#2175=CARTESIAN_POINT('Ctrl Pts',(1.41872862937789,-0.609396925721224,0.821957306371938));
#2176=CARTESIAN_POINT('Ctrl Pts',(1.44048343005536,-0.556029561837889,0.824916707304749));
#2177=CARTESIAN_POINT('Ctrl Pts',(1.45919300715313,-0.501602200827921,0.82787610823756));
#2178=CARTESIAN_POINT('Ctrl Pts',(1.47789845606983,-0.447186848961709,0.830834856192336));
#2179=CARTESIAN_POINT('Ctrl Pts',(1.4935598459339,-0.391712457380906,0.833793604147112));
#2180=CARTESIAN_POINT('Ctrl Pts',(1.50607252294804,-0.335551122216761,0.836752352101888));
#2181=CARTESIAN_POINT('Ctrl Pts',(1.51859651676486,-0.279338993225879,0.839713776028141));
#2182=CARTESIAN_POINT('Ctrl Pts',(1.52796599234952,-0.222439189278228,0.842675199954394));
#2183=CARTESIAN_POINT('Ctrl Pts',(1.53412722941764,-0.165235117209856,0.845636623880646));
#2184=CARTESIAN_POINT('Ctrl Pts',(1.54029105369134,-0.108007024203378,0.848599291357896));
#2185=CARTESIAN_POINT('Ctrl Pts',(1.54324392587528,-0.0504749303546576,
0.851561958835145));
#2186=CARTESIAN_POINT('Ctrl Pts',(1.54298423609777,0.00697475116302485,
0.854524626312394));
#2187=CARTESIAN_POINT('Ctrl Pts',(1.54272404436396,0.0645354775955369,0.857493020351549));
#2188=CARTESIAN_POINT('Ctrl Pts',(1.53923891306618,0.122012950852123,0.860461414390704));
#2189=CARTESIAN_POINT('Ctrl Pts',(1.53257934979859,0.179023843582124,0.863429808429859));
#2190=CARTESIAN_POINT('Ctrl Pts',(1.52651051506736,0.230977653758093,0.866134894652032));
#2191=CARTESIAN_POINT('Ctrl Pts',(1.51780614176562,0.282543774194923,0.868839980874206));
#2192=CARTESIAN_POINT('Ctrl Pts',(1.50654102228946,0.33344137139688,0.87154506709638));
#2193=CARTESIAN_POINT('Ctrl Pts',(1.4941746889912,0.389314427373954,0.874514587117425));
#2194=CARTESIAN_POINT('Ctrl Pts',(1.47867002845579,0.444615498379765,0.87748410713847));
#2195=CARTESIAN_POINT('Ctrl Pts',(1.46009642666605,0.498966356417985,0.880453627159515));
#2196=CARTESIAN_POINT('Ctrl Pts',(1.44155576312111,0.553220829173077,0.883417881062632));
#2197=CARTESIAN_POINT('Ctrl Pts',(1.41995712791252,0.606527944073548,0.886382134965748));
#2198=CARTESIAN_POINT('Ctrl Pts',(1.39542045853352,0.658521635108591,0.889346388868864));
#2199=CARTESIAN_POINT('Ctrl Pts',(1.370908111248,0.71046378714321,0.892307704440808));
#2200=CARTESIAN_POINT('Ctrl Pts',(1.34346372143598,0.761094625472742,0.895269020012751));
#2201=CARTESIAN_POINT('Ctrl Pts',(1.31325576189772,0.810066851465014,0.898230335584694));
#2202=CARTESIAN_POINT('Ctrl Pts',(1.28306610139847,0.859009411611338,0.901189857284094));
#2203=CARTESIAN_POINT('Ctrl Pts',(1.25011646296376,0.906294908063668,0.904149378983495));
#2204=CARTESIAN_POINT('Ctrl Pts',(1.21462076315201,0.951601493126211,0.907108900682895));
#2205=CARTESIAN_POINT('Ctrl Pts',(1.17913288316004,0.996898096998576,0.9100677703899));
#2206=CARTESIAN_POINT('Ctrl Pts',(1.14110037693493,1.04021624465919,0.913026640096905));
#2207=CARTESIAN_POINT('Ctrl Pts',(1.10077857599832,1.08126570583882,0.91598550980391));
#2208=CARTESIAN_POINT('Ctrl Pts',(1.06042030066084,1.12235229964813,0.918947056053066));
#2209=CARTESIAN_POINT('Ctrl Pts',(1.017768958105,1.1611657323711,0.921908602302222));
#2210=CARTESIAN_POINT('Ctrl Pts',(0.973117075079802,1.1974523615527,0.924870148551378));
#2211=CARTESIAN_POINT('Ctrl Pts',(0.928446435040003,1.23375423373833,0.927832938863773));
#2212=CARTESIAN_POINT('Ctrl Pts',(0.88177400201992,1.26752687905463,0.930795729176168));
#2213=CARTESIAN_POINT('Ctrl Pts',(0.833423170205832,1.29855874698223,0.933758519488563));
#2214=CARTESIAN_POINT('Ctrl Pts',(0.784978896508527,1.32965058649812,0.936727035632262));
#2215=CARTESIAN_POINT('Ctrl Pts',(0.73485019754022,1.35799080590922,0.939695551775961));
#2216=CARTESIAN_POINT('Ctrl Pts',(0.683386226887992,1.38341326612831,0.94266406791966));
#2217=CARTESIAN_POINT('Ctrl Pts',(0.6365059343517,1.40657145538107,0.945368190890577));
#2218=CARTESIAN_POINT('Ctrl Pts',(0.5885181927651,1.42730896036217,0.948072313861494));
#2219=CARTESIAN_POINT('Ctrl Pts',(0.539699024719056,1.44553587389497,0.950776436832411));
#2220=CARTESIAN_POINT('Ctrl Pts',(0.486088930669602,1.46555150684888,0.95374593206542));
#2221=CARTESIAN_POINT('Ctrl Pts',(0.431251688178038,1.48262264968622,0.956715427298429));
#2222=CARTESIAN_POINT('Ctrl Pts',(0.375542409472496,1.49660178360431,0.959684922531437));
#2223=CARTESIAN_POINT('Ctrl Pts',(0.319931927963742,1.51055612633362,0.9626491515357));
#2224=CARTESIAN_POINT('Ctrl Pts',(0.263452981562175,1.52142921804685,0.965613380539964));
#2225=CARTESIAN_POINT('Ctrl Pts',(0.206477975650936,1.5291225737563,0.968577609544227));
#2226=CARTESIAN_POINT('Ctrl Pts',(0.149559447923313,1.53680830319613,0.971538900167576));
#2227=CARTESIAN_POINT('Ctrl Pts',(0.0921463492654694,1.54132047218248,0.974500190790925));
#2228=CARTESIAN_POINT('Ctrl Pts',(0.0346217387129377,1.54261153088148,0.977461481414273));
#2229=CARTESIAN_POINT('Ctrl Pts',(-0.0228680248190913,1.54390180748828,
0.980420978159244));
#2230=CARTESIAN_POINT('Ctrl Pts',(-0.0804686459270104,1.54197483010097,
0.983380474904215));
#2231=CARTESIAN_POINT('Ctrl Pts',(-0.137793701977547,1.53683502552985,0.986339971649186));
#2232=CARTESIAN_POINT('Ctrl Pts',(-0.195106129758492,1.5316963532182,0.989298816439752));
#2233=CARTESIAN_POINT('Ctrl Pts',(-0.252142593747415,1.52334630547463,0.992257661230319));
#2234=CARTESIAN_POINT('Ctrl Pts',(-0.308520673722509,1.51184125948653,0.995216506020886));
#2235=CARTESIAN_POINT('Ctrl Pts',(-0.364949757762762,1.5003258051249,0.998178027616206));
#2236=CARTESIAN_POINT('Ctrl Pts',(-0.420718755074546,1.48564975244333,1.00113954921153));
#2237=CARTESIAN_POINT('Ctrl Pts',(-0.475455713993584,1.46792059186826,1.00410107080685));
#2238=CARTESIAN_POINT('Ctrl Pts',(-0.530215668494118,1.45018398308333,1.00706383656904));
#2239=CARTESIAN_POINT('Ctrl Pts',(-0.583942232402426,1.42939189702742,1.01002660233124));
#2240=CARTESIAN_POINT('Ctrl Pts',(-0.636281983443492,1.40570062159238,1.01298936809344));
#2241=CARTESIAN_POINT('Ctrl Pts',(-0.688722894900316,1.38196355649987,1.01595786018429));
#2242=CARTESIAN_POINT('Ctrl Pts',(-0.739771172976087,1.35531634626249,1.01892635227515));
#2243=CARTESIAN_POINT('Ctrl Pts',(-0.789097488778516,1.32596159567441,1.021894844366));
#2244=CARTESIAN_POINT('Ctrl Pts',(-0.834034168574547,1.29921917621312,1.02459916510015));
#2245=CARTESIAN_POINT('Ctrl Pts',(-0.877541823624844,1.27023040079756,1.0273034858343));
#2246=CARTESIAN_POINT('Ctrl Pts',(-0.919394817341749,1.23917802185365,1.03000780656845));
#2247=CARTESIAN_POINT('Ctrl Pts',(-0.967245035229501,1.20367606688122,1.0330996364443));
#2248=CARTESIAN_POINT('Ctrl Pts',(-1.01315060323728,1.16531313601551,1.03619146632014));
#2249=CARTESIAN_POINT('Ctrl Pts',(-1.05674821753759,1.12433633968272,1.03928329619599));
#2250=CARTESIAN_POINT('Ctrl Pts',(-1.0981611475884,1.08541289794236,1.04222019392382));
#2251=CARTESIAN_POINT('Ctrl Pts',(-1.13749142082217,1.04413168261656,1.04515709165165));
#2252=CARTESIAN_POINT('Ctrl Pts',(-1.17445838632422,1.00074796966705,1.04809398937948));
#2253=CARTESIAN_POINT('Ctrl Pts',(-1.21138996619634,0.957405784605759,1.05102807584123));
#2254=CARTESIAN_POINT('Ctrl Pts',(-1.24596237428338,0.911965490175766,1.05396216230298));
#2255=CARTESIAN_POINT('Ctrl Pts',(-1.27793198843017,0.864718932918039,1.05689624876474));
#2256=CARTESIAN_POINT('Ctrl Pts',(-1.30988389269841,0.817498548350015,1.05982870986077));
#2257=CARTESIAN_POINT('Ctrl Pts',(-1.33923556234858,0.768474323693171,1.0627611709568));
#2258=CARTESIAN_POINT('Ctrl Pts',(-1.36578531389676,0.717968993998988,1.06569363205283));
#2259=CARTESIAN_POINT('Ctrl Pts',(-1.39233106342511,0.667471277307544,1.06862565111959));
#2260=CARTESIAN_POINT('Ctrl Pts',(-1.41607548705473,0.615493370382365,1.07155767018635));
#2261=CARTESIAN_POINT('Ctrl Pts',(-1.43686285638372,0.562382549466831,1.0744896892531));
#2262=CARTESIAN_POINT('Ctrl Pts',(-1.45766870926759,0.509224503875712,1.07742431539026));
#2263=CARTESIAN_POINT('Ctrl Pts',(-1.47551206646961,0.45493203048332,1.08035894152742));
#2264=CARTESIAN_POINT('Ctrl Pts',(-1.49028599976577,0.399870777754694,1.08329356766458));
#2265=CARTESIAN_POINT('Ctrl Pts',(-1.50506757493635,0.344781044379096,1.08622971174851));
#2266=CARTESIAN_POINT('Ctrl Pts',(-1.51677645835223,0.288922261588156,1.08916585583245));
#2267=CARTESIAN_POINT('Ctrl Pts',(-1.52535684253691,0.232670373975345,1.09210199991638));
#2268=CARTESIAN_POINT('Ctrl Pts',(-1.53395154965129,0.17632458709013,1.09504304520105));
#2269=CARTESIAN_POINT('Ctrl Pts',(-1.53940729078603,0.119584915746469,1.09798409048572));
#2270=CARTESIAN_POINT('Ctrl Pts',(-1.54172023014869,0.0628309792240903,
1.1009251357704));
#2271=CARTESIAN_POINT('Ctrl Pts',(-1.54258179212163,0.0416903326894556,
1.10202066504318));
#2272=CARTESIAN_POINT('Ctrl Pts',(-1.54300779865468,0.0205476837499066,
1.10311619431595));
#2273=CARTESIAN_POINT('Ctrl Pts',(-1.54299989192426,-0.000577513388149305,
1.10421172358873));
#2274=CARTESIAN_POINT('Origin',(0.,0.,-1.10421172358873));
#2275=CARTESIAN_POINT('',(0.940001438306088,-1.22362016000983,0.281323695402832));
#2276=CARTESIAN_POINT('',(0.941108273281659,-1.22503950570883,0.322962457929234));
#2277=CARTESIAN_POINT('',(0.940001438306088,-1.22362016000983,-1.10421172358873));
#2278=CARTESIAN_POINT('',(-1.54282107872185,0.00188796103453137,0.104211646764501));
#2279=CARTESIAN_POINT('Ctrl Pts',(-1.54299884653766,0.00188668583825347,
0.104211723588726));
#2280=CARTESIAN_POINT('Ctrl Pts',(-1.54306838163075,-0.0549815888121043,
0.107135868771551));
#2281=CARTESIAN_POINT('Ctrl Pts',(-1.53998975886726,-0.111906895505962,
0.110060013954375));
#2282=CARTESIAN_POINT('Ctrl Pts',(-1.53377094241696,-0.168510225794754,
0.1129841591372));
#2283=CARTESIAN_POINT('Ctrl Pts',(-1.52755427377104,-0.225094006884424,
0.115907294402478));
#2284=CARTESIAN_POINT('Ctrl Pts',(-1.5181996195027,-0.281355500999243,0.118830429667756));
#2285=CARTESIAN_POINT('Ctrl Pts',(-1.50576685452358,-0.336920138635508,
0.121753564933034));
#2286=CARTESIAN_POINT('Ctrl Pts',(-1.49275580935567,-0.395069231877287,
0.124812662811287));
#2287=CARTESIAN_POINT('Ctrl Pts',(-1.47637335980014,-0.452454421638525,
0.12787176068954));
#2288=CARTESIAN_POINT('Ctrl Pts',(-1.45674755649742,-0.508660551486742,
0.130930858567793));
#2289=CARTESIAN_POINT('Ctrl Pts',(-1.43797088039362,-0.562434874959259,
0.133857601954742));
#2290=CARTESIAN_POINT('Ctrl Pts',(-1.4162260319711,-0.6151295837514,0.136784345341691));
#2291=CARTESIAN_POINT('Ctrl Pts',(-1.39167457004232,-0.666401448901136,
0.139711088728639));
#2292=CARTESIAN_POINT('Ctrl Pts',(-1.36710531066657,-0.717710481218496,
0.142639953722862));
#2293=CARTESIAN_POINT('Ctrl Pts',(-1.33972565416212,-0.767594153802032,
0.145568818717085));
#2294=CARTESIAN_POINT('Ctrl Pts',(-1.30974211245574,-0.815735618236686,
0.148497683711308));
#2295=CARTESIAN_POINT('Ctrl Pts',(-1.27970519639712,-0.863962780335235,
0.151431762441565));
#2296=CARTESIAN_POINT('Ctrl Pts',(-1.24705546788585,-0.91044112132353,0.154365841171823));
#2297=CARTESIAN_POINT('Ctrl Pts',(-1.21204049478975,-0.954885772744474,
0.15729991990208));
#2298=CARTESIAN_POINT('Ctrl Pts',(-1.20741484114035,-0.960757134218251,
0.15768752642541));
#2299=CARTESIAN_POINT('Ctrl Pts',(-1.20274796221972,-0.966593057281645,
0.158075132948739));
#2300=CARTESIAN_POINT('Ctrl Pts',(-1.19804047542305,-0.972392934593892,
0.158462739472069));
#2301=CARTESIAN_POINT('Ctrl Pts',(-1.16191970412323,-1.01689567055706,0.161436862860663));
#2302=CARTESIAN_POINT('Ctrl Pts',(-1.1232417467737,-1.05947444149331,0.164410986249257));
#2303=CARTESIAN_POINT('Ctrl Pts',(-1.08223907264309,-1.09982161719282,0.167385109637851));
#2304=CARTESIAN_POINT('Ctrl Pts',(-1.04130903245124,-1.14009732013229,0.170353964533581));
#2305=CARTESIAN_POINT('Ctrl Pts',(-0.998062817644645,-1.17814891348468,
0.173322819429311));
#2306=CARTESIAN_POINT('Ctrl Pts',(-0.952772598064215,-1.21370234257744,
0.176291674325041));
#2307=CARTESIAN_POINT('Ctrl Pts',(-0.907527279482251,-1.2492205237849,0.179257585880015));
#2308=CARTESIAN_POINT('Ctrl Pts',(-0.860242378386236,-1.28224512910574,
0.182223497434989));
#2309=CARTESIAN_POINT('Ctrl Pts',(-0.811225016536152,-1.3125406555783,0.185189408989964));
#2310=CARTESIAN_POINT('Ctrl Pts',(-0.762237524109086,-1.34281772104314,
0.188153513224766));
#2311=CARTESIAN_POINT('Ctrl Pts',(-0.711520105089892,-1.3703687319664,0.191117617459568));
#2312=CARTESIAN_POINT('Ctrl Pts',(-0.659409091922621,-1.39500130806024,
0.19408172169437));
#2313=CARTESIAN_POINT('Ctrl Pts',(-0.607309926084505,-1.41962828398975,
0.197045152046313));
#2314=CARTESIAN_POINT('Ctrl Pts',(-0.553818264796253,-1.44133792052882,
0.200008582398256));
#2315=CARTESIAN_POINT('Ctrl Pts',(-0.499293308333539,-1.45998465480064,
0.2029720127502));
#2316=CARTESIAN_POINT('Ctrl Pts',(-0.444720437841376,-1.4786477749668,0.205938047228737));
#2317=CARTESIAN_POINT('Ctrl Pts',(-0.38911295015758,-1.49424244459971,0.208904081707275));
#2318=CARTESIAN_POINT('Ctrl Pts',(-0.332846923596071,-1.50667246787503,
0.211870116185812));
#2319=CARTESIAN_POINT('Ctrl Pts',(-0.276557915396292,-1.51910756814469,
0.21483736212952));
#2320=CARTESIAN_POINT('Ctrl Pts',(-0.219610345787782,-1.52837535961057,
0.217804608073229));
#2321=CARTESIAN_POINT('Ctrl Pts',(-0.162389091693228,-1.5344310942167,0.220771854016937));
#2322=CARTESIAN_POINT('Ctrl Pts',(-0.105059618604557,-1.54049828165653,
0.223744711728098));
#2323=CARTESIAN_POINT('Ctrl Pts',(-0.0474559474883228,-1.54334124593142,
0.226717569439259));
#2324=CARTESIAN_POINT('Ctrl Pts',(0.0100343000661368,-1.54296737257214,
0.229690427150419));
#2325=CARTESIAN_POINT('Ctrl Pts',(0.0616270443265553,-1.54263185214161,
0.232358321169648));
#2326=CARTESIAN_POINT('Ctrl Pts',(0.113128180470549,-1.53970636501907,0.235026215188877));
#2327=CARTESIAN_POINT('Ctrl Pts',(0.164262353316923,-1.53423169022243,0.237694109208106));
#2328=CARTESIAN_POINT('Ctrl Pts',(0.221271799620864,-1.52812797989572,0.240668542006517));
#2329=CARTESIAN_POINT('Ctrl Pts',(0.278055123177242,-1.51883015430885,0.243642974804927));
#2330=CARTESIAN_POINT('Ctrl Pts',(0.334227656035195,-1.50636677935396,0.246617407603337));
#2331=CARTESIAN_POINT('Ctrl Pts',(0.390307299460446,-1.49392401439777,0.249586921745579));
#2332=CARTESIAN_POINT('Ctrl Pts',(0.44577765344234,-1.47832619992494,0.252556435887821));
#2333=CARTESIAN_POINT('Ctrl Pts',(0.500260669009688,-1.45965347361693,0.255525950030063));
#2334=CARTESIAN_POINT('Ctrl Pts',(0.554690053448585,-1.44099912807167,0.258492541088978));
#2335=CARTESIAN_POINT('Ctrl Pts',(0.6081335368083,-1.41927603788803,0.261459132147892));
#2336=CARTESIAN_POINT('Ctrl Pts',(0.660226566687118,-1.39461459932145,0.264425723206807));
#2337=CARTESIAN_POINT('Ctrl Pts',(0.712299484570972,-1.36996268200425,0.267391168928916));
#2338=CARTESIAN_POINT('Ctrl Pts',(0.763022508942311,-1.34237487675259,0.270356614651026));
#2339=CARTESIAN_POINT('Ctrl Pts',(0.812051307814554,-1.31202960083859,0.273322060373135));
#2340=CARTESIAN_POINT('Ctrl Pts',(0.856149294118964,-1.28473614082245,0.275989272049701));
#2341=CARTESIAN_POINT('Ctrl Pts',(0.898876725937459,-1.25521271629472,0.278656483726266));
#2342=CARTESIAN_POINT('Ctrl Pts',(0.940001438306088,-1.22362016000983,0.281323695402832));
#2343=CARTESIAN_POINT('',(-0.398513841857237,1.49064942821851,0.));
#2344=CARTESIAN_POINT('Ctrl Pts',(-0.398513841857237,1.49064942821851,0.));
#2345=CARTESIAN_POINT('Ctrl Pts',(-0.893235918761442,1.35838922552665,0.0264104565786782));
#2346=CARTESIAN_POINT('Ctrl Pts',(-1.4449772239309,0.836662830818169,0.061147473669622));
#2347=CARTESIAN_POINT('Ctrl Pts',(-1.54265138842458,0.163669786947284,0.0958844907605661));
#2348=CARTESIAN_POINT('Ctrl Pts',(-1.54144313767165,0.00189784553072331,
0.104211051272832));
#2349=CARTESIAN_POINT('',(0.398677862587457,1.49060556884868,8.28419347009834E-9));
#2350=CARTESIAN_POINT('Origin',(0.,0.,0.));
#2351=CARTESIAN_POINT('',(-1.54301436497081,-0.00101735081007671,0.145788276411272));
#2352=CARTESIAN_POINT('Ctrl Pts',(0.398677862587457,1.49060556884868,8.28419333132047E-9));
#2353=CARTESIAN_POINT('Ctrl Pts',(0.343587521958034,1.50534004972702,0.00295886680781052));
#2354=CARTESIAN_POINT('Ctrl Pts',(0.287560686124325,1.51704799568569,0.00591772533142816));
#2355=CARTESIAN_POINT('Ctrl Pts',(0.230962520536647,1.52561637186658,0.00887658385504531));
#2356=CARTESIAN_POINT('Ctrl Pts',(0.174463868201383,1.53416968277155,0.0118302399903507));
#2357=CARTESIAN_POINT('Ctrl Pts',(0.117396395079934,1.5395943000806,0.0147838961256556));
#2358=CARTESIAN_POINT('Ctrl Pts',(0.0601379051601967,1.54182762731861,0.0177375522609611));
#2359=CARTESIAN_POINT('Ctrl Pts',(0.00293527987727701,1.54405877559565,
0.020688326641482));
#2360=CARTESIAN_POINT('Ctrl Pts',(-0.0544574702574673,1.54310478097146,
0.0236391010220031));
#2361=CARTESIAN_POINT('Ctrl Pts',(-0.11165675775779,1.53895476491254,0.026589875402524));
#2362=CARTESIAN_POINT('Ctrl Pts',(-0.168822707363788,1.53480716763894,0.0295389299608448));
#2363=CARTESIAN_POINT('Ctrl Pts',(-0.225794894428894,1.52746727889882,0.0324879845191655));
#2364=CARTESIAN_POINT('Ctrl Pts',(-0.28219136073308,1.51697628060811,0.0354370390774863));
#2365=CARTESIAN_POINT('Ctrl Pts',(-0.338577109580195,1.50648727600301,0.03838553320414));
#2366=CARTESIAN_POINT('Ctrl Pts',(-0.394386838310687,1.49284844738544,0.0413340273307939));
#2367=CARTESIAN_POINT('Ctrl Pts',(-0.449247603081304,1.47615229266011,0.0442825214574476));
#2368=CARTESIAN_POINT('Ctrl Pts',(-0.504157641263414,1.45944114221779,0.0472336637856894));
#2369=CARTESIAN_POINT('Ctrl Pts',(-0.558116509009261,1.43966733427629,0.0501848061139311));
#2370=CARTESIAN_POINT('Ctrl Pts',(-0.610766735936914,1.41697318050589,0.053135948442173));
#2371=CARTESIAN_POINT('Ctrl Pts',(-0.663441274364369,1.39426854759898,0.0560884534748192));
#2372=CARTESIAN_POINT('Ctrl Pts',(-0.714805497002378,1.36864111745526,0.0590409585074652));
#2373=CARTESIAN_POINT('Ctrl Pts',(-0.764525196860549,1.34027990485769,0.0619934635401114));
#2374=CARTESIAN_POINT('Ctrl Pts',(-0.814335155031456,1.31186720692929,0.064951328382317));
#2375=CARTESIAN_POINT('Ctrl Pts',(-0.862494186729083,1.28071110237443,0.0679091932245227));
#2376=CARTESIAN_POINT('Ctrl Pts',(-0.908696836043437,1.24704412919698,0.0708670580667283));
#2377=CARTESIAN_POINT('Ctrl Pts',(-0.94011961989142,1.2241469569207,0.0728787251240826));
#2378=CARTESIAN_POINT('Ctrl Pts',(-0.97063812992946,1.20008927727327,0.074890392181437));
#2379=CARTESIAN_POINT('Ctrl Pts',(-1.00016577347732,1.17495422275275,0.0769020592387912));
#2380=CARTESIAN_POINT('Ctrl Pts',(-1.04317911930887,1.13833962494938,0.0798324837643936));
#2381=CARTESIAN_POINT('Ctrl Pts',(-1.08427818693307,1.09927539115871,0.0827629082899961));
#2382=CARTESIAN_POINT('Ctrl Pts',(-1.12316596607262,1.05799206644292,0.0856933328155984));
#2383=CARTESIAN_POINT('Ctrl Pts',(-1.16200105458031,1.01676467818102,0.088619786789956));
#2384=CARTESIAN_POINT('Ctrl Pts',(-1.19863041969329,0.97332453578928,0.0915462407643132));
#2385=CARTESIAN_POINT('Ctrl Pts',(-1.23279082016551,0.927941697368778,0.0944726947386707));
#2386=CARTESIAN_POINT('Ctrl Pts',(-1.26691892305579,0.882601766991574,0.0973963818430348));
#2387=CARTESIAN_POINT('Ctrl Pts',(-1.29858236214592,0.83532320368197,0.100320068947399));
#2388=CARTESIAN_POINT('Ctrl Pts',(-1.32755708858387,0.786410310557238,0.103243756051763));
#2389=CARTESIAN_POINT('Ctrl Pts',(-1.35651627944474,0.737523643392648,0.106165875542834));
#2390=CARTESIAN_POINT('Ctrl Pts',(-1.38278934174597,0.687004843606565,0.109087995033905));
#2391=CARTESIAN_POINT('Ctrl Pts',(-1.40619599948538,0.635186438009599,0.112010114524976));
#2392=CARTESIAN_POINT('Ctrl Pts',(-1.42961359487553,0.583343818292473,0.114933599487479));
#2393=CARTESIAN_POINT('Ctrl Pts',(-1.45016187775225,0.530200864019162,0.117857084449982));
#2394=CARTESIAN_POINT('Ctrl Pts',(-1.46770775505194,0.476112324730622,0.120780569412485));
#2395=CARTESIAN_POINT('Ctrl Pts',(-1.48525694430664,0.422013575704173,0.123704606211211));
#2396=CARTESIAN_POINT('Ctrl Pts',(-1.4998024524819,0.366969402944089,0.126628643009937));
#2397=CARTESIAN_POINT('Ctrl Pts',(-1.51126133489705,0.311348964419627,0.129552679808663));
#2398=CARTESIAN_POINT('Ctrl Pts',(-1.52273824010351,0.255641044802405,0.132481315599077));
#2399=CARTESIAN_POINT('Ctrl Pts',(-1.53111873689021,0.199355579946978,0.13540995138949));
#2400=CARTESIAN_POINT('Ctrl Pts',(-1.53637144558203,0.14286980506806,0.138338587179904));
#2401=CARTESIAN_POINT('Ctrl Pts',(-1.54082528805083,0.0949747555233326,
0.140821816923693));
#2402=CARTESIAN_POINT('Ctrl Pts',(-1.54303128152769,0.0469359729722291,
0.143305046667483));
#2403=CARTESIAN_POINT('Ctrl Pts',(-1.54299966461988,-0.00101734111774054,
0.145788276411272));
#2404=CARTESIAN_POINT('Ctrl Pts',(-1.54451767831536,-0.00101834198493777,
0.145788276411272));
#2405=CARTESIAN_POINT('Ctrl Pts',(-1.54504533191992,-0.0676755129823876,
0.149236660599124));
#2406=CARTESIAN_POINT('Ctrl Pts',(-1.51089333655758,-0.644326400556178,
0.179095501365654));
#2407=CARTESIAN_POINT('Ctrl Pts',(-0.784762498223893,-1.64513444586658,
0.235364798710862));
#2408=CARTESIAN_POINT('Ctrl Pts',(0.435199547714584,-1.58061091683232,0.290974475028996));
#2409=CARTESIAN_POINT('Ctrl Pts',(0.898619316198497,-1.25819498501521,0.320173694768454));
#2410=CARTESIAN_POINT('Ctrl Pts',(0.941108273281659,-1.22503950570883,0.322962457929234));
#2411=CARTESIAN_POINT('Origin',(0.,0.,0.));
#2412=CARTESIAN_POINT('',(1.21778065461622,0.340544457072054,2.5771244990666));
#2413=CARTESIAN_POINT('',(1.21778065461633,0.340544457071655,2.71515078666008));
#2414=CARTESIAN_POINT('',(1.21778065461633,0.340544457071657,0.));
#2415=CARTESIAN_POINT('',(-0.488748409397581,1.16622692573587,2.85));
#2416=CARTESIAN_POINT('Ctrl Pts',(1.21778065461633,0.340544457071655,2.71515078666008));
#2417=CARTESIAN_POINT('Ctrl Pts',(1.20457920395688,0.387752599480402,2.7182278473499));
#2418=CARTESIAN_POINT('Ctrl Pts',(1.18861621949601,0.434235778109358,2.72130490803972));
#2419=CARTESIAN_POINT('Ctrl Pts',(1.16999872592871,0.479649071014638,2.72438196872954));
#2420=CARTESIAN_POINT('Ctrl Pts',(1.15138697709201,0.525048350909364,2.72745807994221));
#2421=CARTESIAN_POINT('Ctrl Pts',(1.13012255472158,0.569377880318078,2.73053419115489));
#2422=CARTESIAN_POINT('Ctrl Pts',(1.10636106387766,0.612311559857796,2.73361030236756));
#2423=CARTESIAN_POINT('Ctrl Pts',(1.08244186831324,0.655530189696991,2.73670682969226));
#2424=CARTESIAN_POINT('Ctrl Pts',(1.05599258815951,0.697333855466907,2.73980335701696));
#2425=CARTESIAN_POINT('Ctrl Pts',(1.02721806708485,0.73741663437603,2.74289988434166));
#2426=CARTESIAN_POINT('Ctrl Pts',(0.998591687837573,0.777293052383476,2.74598046960376));
#2427=CARTESIAN_POINT('Ctrl Pts',(0.967664352112068,0.815465854130139,2.74906105486585));
#2428=CARTESIAN_POINT('Ctrl Pts',(0.934678279215036,0.851667050180773,2.75214164012795));
#2429=CARTESIAN_POINT('Ctrl Pts',(0.901436151383058,0.888149258612865,2.75524613848395));
#2430=CARTESIAN_POINT('Ctrl Pts',(0.866103600154398,0.922628715764831,2.75835063683995));
#2431=CARTESIAN_POINT('Ctrl Pts',(0.828963861107904,0.954871282936645,2.76145513519595));
#2432=CARTESIAN_POINT('Ctrl Pts',(0.791824122061408,0.987113850108462,2.76455963355196));
#2433=CARTESIAN_POINT('Ctrl Pts',(0.752877699755857,1.01711924367272,2.76766413190796));
#2434=CARTESIAN_POINT('Ctrl Pts',(0.712436136335036,1.04469852189232,2.77076863026397));
#2435=CARTESIAN_POINT('Ctrl Pts',(0.669430792467082,1.07402617995347,2.7740699373363));
#2436=CARTESIAN_POINT('Ctrl Pts',(0.62453254312528,1.10074838587807,2.77737124440864));
#2437=CARTESIAN_POINT('Ctrl Pts',(0.578082770654125,1.12462463083148,2.78067255148097));
#2438=CARTESIAN_POINT('Ctrl Pts',(0.533045198083418,1.14777497275131,2.78387348980507));
#2439=CARTESIAN_POINT('Ctrl Pts',(0.486549589164108,1.16824967700631,2.78707442812916));
#2440=CARTESIAN_POINT('Ctrl Pts',(0.438936782649609,1.18587299102274,2.79027536645326));
#2441=CARTESIAN_POINT('Ctrl Pts',(0.391385882101172,1.20347339128214,2.79347214293113));
#2442=CARTESIAN_POINT('Ctrl Pts',(0.34272114271279,1.21822958078208,2.79666891940899));
#2443=CARTESIAN_POINT('Ctrl Pts',(0.293304667356802,1.23001326094751,2.79986569588686));
#2444=CARTESIAN_POINT('Ctrl Pts',(0.24393583832556,1.2417855795367,2.80305939010018));
#2445=CARTESIAN_POINT('Ctrl Pts',(0.1938172076006,1.25059095960997,2.80625308431349));
#2446=CARTESIAN_POINT('Ctrl Pts',(0.143325337445823,1.25635110444734,2.80944677852681));
#2447=CARTESIAN_POINT('Ctrl Pts',(0.0928652077671642,1.26210762831089,2.81263846510257));
#2448=CARTESIAN_POINT('Ctrl Pts',(0.0420328116317299,1.26482266152735,2.81583015167832));
#2449=CARTESIAN_POINT('Ctrl Pts',(-0.00878792840067346,1.26446946278446,
2.81902183825408));
#2450=CARTESIAN_POINT('Ctrl Pts',(-0.0596084227378501,1.26411626574913,
2.82221350939948));
#2451=CARTESIAN_POINT('Ctrl Pts',(-0.110416749995057,1.26069485864918,2.82540518054488));
#2452=CARTESIAN_POINT('Ctrl Pts',(-0.160828542550125,1.25423061272686,2.82859685169029));
#2453=CARTESIAN_POINT('Ctrl Pts',(-0.211239603930985,1.24776646056217,2.83178847654359));
#2454=CARTESIAN_POINT('Ctrl Pts',(-0.261253636152944,1.23825963083276,2.83498010139689));
#2455=CARTESIAN_POINT('Ctrl Pts',(-0.310493478619023,1.22578711436165,2.8381717262502));
#2456=CARTESIAN_POINT('Ctrl Pts',(-0.359767656055657,1.21330590079761,2.84136557662535));
#2457=CARTESIAN_POINT('Ctrl Pts',(-0.408266073382835,1.19785500915585,2.84455942700051));
#2458=CARTESIAN_POINT('Ctrl Pts',(-0.455625471098038,1.17956164742954,2.84775327737566));
#2459=CARTESIAN_POINT('Ctrl Pts',(-0.466730502937719,1.17527214261685,2.84850218491711));
#2460=CARTESIAN_POINT('Ctrl Pts',(-0.477772989812685,1.17082656131812,2.84925109245855));
#2461=CARTESIAN_POINT('Ctrl Pts',(-0.488748409397574,1.16622692573587,2.85));
#2462=CARTESIAN_POINT('',(-1.0847834999918,-0.651946544195579,2.85027754934932));
#2463=CARTESIAN_POINT('Origin',(0.,0.,2.85));
#2464=CARTESIAN_POINT('Ctrl Pts',(-1.09113021085307,-0.639057988733208,
2.85));
#2465=CARTESIAN_POINT('Ctrl Pts',(-1.0958522990582,-0.630995476113425,2.84939017839922));
#2466=CARTESIAN_POINT('Ctrl Pts',(-1.10048478026858,-0.622881042510266,
2.84877574723605));
#2467=CARTESIAN_POINT('Ctrl Pts',(-1.12906542048058,-0.571503880514866,
2.84488456706217));
#2468=CARTESIAN_POINT('Ctrl Pts',(-1.15054678065278,-0.52692195761425,2.84150592995636));
#2469=CARTESIAN_POINT('Ctrl Pts',(-1.19479127935084,-0.419403879696357,
2.83351448211528));
#2470=CARTESIAN_POINT('Ctrl Pts',(-1.21528442989868,-0.355683496066942,
2.82890171579309));
#2471=CARTESIAN_POINT('Ctrl Pts',(-1.24036344129945,-0.249492072177808,
2.82156292837902));
#2472=CARTESIAN_POINT('Ctrl Pts',(-1.24801208840156,-0.207880319870214,
2.81876896826465));
#2473=CARTESIAN_POINT('Ctrl Pts',(-1.25639361750391,-0.14457112999035,2.81464440545856));
#2474=CARTESIAN_POINT('Ctrl Pts',(-1.25867751232718,-0.123112737325996,
2.81326773006331));
#2475=CARTESIAN_POINT('Ctrl Pts',(-1.26194713681276,-0.0825531219897174,
2.81070317764602));
#2476=CARTESIAN_POINT('Ctrl Pts',(-1.26305086675181,-0.0634678218034902,
2.80951201109252));
#2477=CARTESIAN_POINT('Ctrl Pts',(-1.26462824302953,-0.0185357804917899,
2.80674032566826));
#2478=CARTESIAN_POINT('Ctrl Pts',(-1.26474297444971,0.00731534370068462,
2.80517109985163));
#2479=CARTESIAN_POINT('Ctrl Pts',(-1.26235969550349,0.0981849243282179,
2.79972290137126));
#2480=CARTESIAN_POINT('Ctrl Pts',(-1.25563826027676,0.162990341675757,2.7959652577248));
#2481=CARTESIAN_POINT('Ctrl Pts',(-1.23428572282523,0.280004566185548,2.78912746425279));
#2482=CARTESIAN_POINT('Ctrl Pts',(-1.22123467846605,0.332338878723827,2.78604693406035));
#2483=CARTESIAN_POINT('Ctrl Pts',(-1.19561193148575,0.412803386118337,2.78107799993517));
#2484=CARTESIAN_POINT('Ctrl Pts',(-1.18528523548444,0.441580286526654,2.77925168884534));
#2485=CARTESIAN_POINT('Ctrl Pts',(-1.16898138327736,0.482306816416207,2.77655827125197));
#2486=CARTESIAN_POINT('Ctrl Pts',(-1.16384115937846,0.494581703433792,2.77573189639735));
#2487=CARTESIAN_POINT('Ctrl Pts',(-1.15406758500551,0.516924601612971,2.77419680152058));
#2488=CARTESIAN_POINT('Ctrl Pts',(-1.14949397425981,0.527016701438145,2.77349130575455));
#2489=CARTESIAN_POINT('Ctrl Pts',(-1.1374832289874,0.55261922861616,2.77167149737623));
#2490=CARTESIAN_POINT('Ctrl Pts',(-1.12986141693385,0.568039803175773,2.77054725557086));
#2491=CARTESIAN_POINT('Ctrl Pts',(-1.09420540618644,0.636621200497692,2.76543480699788));
#2492=CARTESIAN_POINT('Ctrl Pts',(-1.06271882208175,0.687895093325995,2.76130736482171));
#2493=CARTESIAN_POINT('Ctrl Pts',(-0.993493907383281,0.784460865441087,
2.75314041635659));
#2494=CARTESIAN_POINT('Ctrl Pts',(-0.955992752234719,0.829751649933744,
2.74911117170208));
#2495=CARTESIAN_POINT('Ctrl Pts',(-0.888374268996663,0.900719204217243,
2.74254332121984));
#2496=CARTESIAN_POINT('Ctrl Pts',(-0.859958564831644,0.927887769785122,
2.73995515435663));
#2497=CARTESIAN_POINT('Ctrl Pts',(-0.814506077309909,0.967460494451687,
2.73606975522182));
#2498=CARTESIAN_POINT('Ctrl Pts',(-0.798350234347174,0.980834821544327,
2.73473380691206));
#2499=CARTESIAN_POINT('Ctrl Pts',(-0.766973194844406,1.00552054383996,2.73222103976745));
#2500=CARTESIAN_POINT('Ctrl Pts',(-0.751815816880614,1.0169033802436,2.73104159571005));
#2501=CARTESIAN_POINT('Ctrl Pts',(-0.715170287897029,1.04315588708385,2.72826678178983));
#2502=CARTESIAN_POINT('Ctrl Pts',(-0.693465580735845,1.05770902357002,2.72668364564784));
#2503=CARTESIAN_POINT('Ctrl Pts',(-0.603315515560723,1.11418630906147,2.72032351955388));
#2504=CARTESIAN_POINT('Ctrl Pts',(-0.531404047158962,1.15022252766589,2.71575301165484));
#2505=CARTESIAN_POINT('Ctrl Pts',(-0.413152800218327,1.19600641119814,2.70850393917829));
#2506=CARTESIAN_POINT('Ctrl Pts',(-0.368856234501428,1.21040125047329,2.70583916558344));
#2507=CARTESIAN_POINT('Ctrl Pts',(-0.29652826390543,1.22956548478379,2.70143317385338));
#2508=CARTESIAN_POINT('Ctrl Pts',(-0.268953386673334,1.23589001292142,2.69974066210712));
#2509=CARTESIAN_POINT('Ctrl Pts',(-0.228618363150389,1.24372744478906,2.697216632421));
#2510=CARTESIAN_POINT('Ctrl Pts',(-0.216009026775069,1.245979286277,2.6964207951602));
#2511=CARTESIAN_POINT('Ctrl Pts',(-0.192672203719679,1.24978202724104,2.69493179894347));
#2512=CARTESIAN_POINT('Ctrl Pts',(-0.18195528312181,1.25138720397339,2.69424148320169));
#2513=CARTESIAN_POINT('Ctrl Pts',(-0.154568443094518,1.25512998648638,2.69246209813321));
#2514=CARTESIAN_POINT('Ctrl Pts',(-0.137874599361588,1.25707327395076,2.6913633456262));
#2515=CARTESIAN_POINT('Ctrl Pts',(-0.0527016601168097,1.2652711514082,2.68570225240268));
#2516=CARTESIAN_POINT('Ctrl Pts',(0.0161631149133345,1.2662645875016,2.68095066203178));
#2517=CARTESIAN_POINT('Ctrl Pts',(0.13867994156035,1.25803355485271,2.67250065585988));
#2518=CARTESIAN_POINT('Ctrl Pts',(0.19231435700341,1.25095826732729,2.66880156945846));
#2519=CARTESIAN_POINT('Ctrl Pts',(0.282106993949699,1.23319948277471,2.66267831308632));
#2520=CARTESIAN_POINT('Ctrl Pts',(0.318540121814396,1.22429488873743,2.66021294490955));
#2521=CARTESIAN_POINT('Ctrl Pts',(0.374239182474187,1.20802607931402,2.65647552853163));
#2522=CARTESIAN_POINT('Ctrl Pts',(0.39380915038127,1.20178883692453,2.65516840704784));
#2523=CARTESIAN_POINT('Ctrl Pts',(0.430950901647779,1.18894640823187,2.65269704583));
#2524=CARTESIAN_POINT('Ctrl Pts',(0.448544369736351,1.18242135046627,2.65153053035506));
#2525=CARTESIAN_POINT('Ctrl Pts',(0.490288807185051,1.16587328834391,2.64876894051771));
#2526=CARTESIAN_POINT('Ctrl Pts',(0.514287294265018,1.15548793332889,2.64718651814449));
#2527=CARTESIAN_POINT('Ctrl Pts',(0.604390998050518,1.1131316208925,2.64124129504912));
#2528=CARTESIAN_POINT('Ctrl Pts',(0.667989599011615,1.07616989882559,2.63704616037469));
#2529=CARTESIAN_POINT('Ctrl Pts',(0.769486229991511,1.00470020405826,2.62996018879379));
#2530=CARTESIAN_POINT('Ctrl Pts',(0.809150949948066,0.973039446358582,2.62707080025721));
#2531=CARTESIAN_POINT('Ctrl Pts',(0.868804636728036,0.919247645244232,2.62235562215654));
#2532=CARTESIAN_POINT('Ctrl Pts',(0.890098169040764,0.898644925583643,2.62058818432356));
#2533=CARTESIAN_POINT('Ctrl Pts',(0.919618260650234,0.868003285596094,2.61797849454979));
#2534=CARTESIAN_POINT('Ctrl Pts',(0.928445733250637,0.858554562703443,2.61717617966459));
#2535=CARTESIAN_POINT('Ctrl Pts',(0.944374496498038,0.840971823981677,2.61568383046611));
#2536=CARTESIAN_POINT('Ctrl Pts',(0.951519170108609,0.832879362665922,2.61499692562475));
#2537=CARTESIAN_POINT('Ctrl Pts',(0.969267947549192,0.812249658833278,2.61324708587048));
#2538=CARTESIAN_POINT('Ctrl Pts',(0.979732806274502,0.799595791324481,2.61217514717702));
#2539=CARTESIAN_POINT('Ctrl Pts',(1.04486474652618,0.717641130702201,2.60526033436501));
#2540=CARTESIAN_POINT('Ctrl Pts',(1.09239290442209,0.642983448905616,2.59910441039463));
#2541=CARTESIAN_POINT('Ctrl Pts',(1.15432184436764,0.518710519915437,2.58960218629693));
#2542=CARTESIAN_POINT('Ctrl Pts',(1.17414983388031,0.472115017906183,2.58618205938752));
#2543=CARTESIAN_POINT('Ctrl Pts',(1.20094388079493,0.396923338387797,2.58091668946188));
#2544=CARTESIAN_POINT('Ctrl Pts',(1.20979700192778,0.369060672779469,2.5790174083341));
#2545=CARTESIAN_POINT('Ctrl Pts',(1.21771168820322,0.340791006801511,2.577140862355));
#2546=CARTESIAN_POINT('Ctrl Pts',(1.21774618086877,0.340667734552745,2.57713268035369));
#2547=CARTESIAN_POINT('Ctrl Pts',(1.21778065461622,0.340544457072054,2.5771244990666));
#2548=CARTESIAN_POINT('Origin',(0.,0.,0.));
#2549=CARTESIAN_POINT('',(1.21778064473349,0.340544492412507,2.07836171499103));
#2550=CARTESIAN_POINT('',(1.21778065461648,0.340544457071126,2.213930848915));
#2551=CARTESIAN_POINT('',(1.21778065461633,0.340544457071657,0.));
#2552=CARTESIAN_POINT('',(-1.26449970770311,-0.000859778310401026,2.44341967361942));
#2553=CARTESIAN_POINT('Ctrl Pts',(1.21778065461648,0.340544457071126,2.213930848915));
#2554=CARTESIAN_POINT('Ctrl Pts',(1.21568079336224,0.348053521922071,2.21441906809667));
#2555=CARTESIAN_POINT('Ctrl Pts',(1.2135115426083,0.35554293984683,2.21491116491839));
#2556=CARTESIAN_POINT('Ctrl Pts',(1.20764474568149,0.375118863208077,2.21621168003187));
#2557=CARTESIAN_POINT('Ctrl Pts',(1.20383521951847,0.387170152086407,2.21702633801413));
#2558=CARTESIAN_POINT('Ctrl Pts',(1.19123658413752,0.425040569447353,2.21962645149233));
#2559=CARTESIAN_POINT('Ctrl Pts',(1.18179290077615,0.450632221404539,2.22144285446582));
#2560=CARTESIAN_POINT('Ctrl Pts',(1.15503723059679,0.51649753536886,2.22623996719717));
#2561=CARTESIAN_POINT('Ctrl Pts',(1.13644554531891,0.556212120086791,2.22925425529168));
#2562=CARTESIAN_POINT('Ctrl Pts',(1.07609516674058,0.669412840182862,2.23808248652446));
#2563=CARTESIAN_POINT('Ctrl Pts',(1.02898596810385,0.739787949377294,2.24386245113752));
#2564=CARTESIAN_POINT('Ctrl Pts',(0.958895065658997,0.824704106853156,2.25106862579409));
#2565=CARTESIAN_POINT('Ctrl Pts',(0.94198879242486,0.843963198894957,2.25272248647083));
#2566=CARTESIAN_POINT('Ctrl Pts',(0.911680973287197,0.876442547057257,2.25554832672755));
#2567=CARTESIAN_POINT('Ctrl Pts',(0.898548480188606,0.889901357326242,2.25673106478519));
#2568=CARTESIAN_POINT('Ctrl Pts',(0.870128685085225,0.917756485133316,2.25920698925237));
#2569=CARTESIAN_POINT('Ctrl Pts',(0.854773053037506,0.932075105967693,2.26049659430639));
#2570=CARTESIAN_POINT('Ctrl Pts',(0.809189853011557,0.972505499133323,2.26419604112808));
#2571=CARTESIAN_POINT('Ctrl Pts',(0.778072108783079,0.997576758952718,2.26656380519732));
#2572=CARTESIAN_POINT('Ctrl Pts',(0.696956946671185,1.05682172900922,2.27242591395613));
#2573=CARTESIAN_POINT('Ctrl Pts',(0.6455966351515,1.08895658988379,2.27586245330717));
#2574=CARTESIAN_POINT('Ctrl Pts',(0.541020634573852,1.14437892884418,2.28263725209464));
#2575=CARTESIAN_POINT('Ctrl Pts',(0.488114751549052,1.16792514484435,2.28596657113569));
#2576=CARTESIAN_POINT('Ctrl Pts',(0.417663579359435,1.19365493579651,2.29049447639631));
#2577=CARTESIAN_POINT('Ctrl Pts',(0.401420564222282,1.19921492427425,2.29154484249564));
#2578=CARTESIAN_POINT('Ctrl Pts',(0.374774910483924,1.20773376491038,2.29328597099769));
#2579=CARTESIAN_POINT('Ctrl Pts',(0.364438054504995,1.2108930499771,2.29396586931483));
#2580=CARTESIAN_POINT('Ctrl Pts',(0.341924433591651,1.21745956062146,2.29545829088729));
#2581=CARTESIAN_POINT('Ctrl Pts',(0.329735151220571,1.22081726690763,2.29627322108582));
#2582=CARTESIAN_POINT('Ctrl Pts',(0.291114196743984,1.23083537806146,2.29887255608758));
#2583=CARTESIAN_POINT('Ctrl Pts',(0.264517747257913,1.23682389184091,2.30068784502124));
#2584=CARTESIAN_POINT('Ctrl Pts',(0.194772972007808,1.25017539559532,2.30547939903673));
#2585=CARTESIAN_POINT('Ctrl Pts',(0.151398807702281,1.25616604121579,2.3084891339255));
#2586=CARTESIAN_POINT('Ctrl Pts',(0.0234119938410347,1.26711727355419,2.3173293826156));
#2587=CARTESIAN_POINT('Ctrl Pts',(-0.0615036860711807,1.26584185648685,
2.32312607188377));
#2588=CARTESIAN_POINT('Ctrl Pts',(-0.171122380851723,1.25312979060988,2.33034838938503));
#2589=CARTESIAN_POINT('Ctrl Pts',(-0.196487380152443,1.24940386030709,2.33200292791724));
#2590=CARTESIAN_POINT('Ctrl Pts',(-0.240257392184473,1.24160825118618,2.33483104701889));
#2591=CARTESIAN_POINT('Ctrl Pts',(-0.258716332549646,1.23789360811796,2.33601535687326));
#2592=CARTESIAN_POINT('Ctrl Pts',(-0.297614391439793,1.22915767187985,2.33849584511514));
#2593=CARTESIAN_POINT('Ctrl Pts',(-0.318025107513646,1.22403554706562,2.33978840484385));
#2594=CARTESIAN_POINT('Ctrl Pts',(-0.376973218397769,1.20766816900082,2.34350296126327));
#2595=CARTESIAN_POINT('Ctrl Pts',(-0.415115946491778,1.19509430664278,2.34588244649566));
#2596=CARTESIAN_POINT('Ctrl Pts',(-0.509633336172745,1.15886368044711,2.35178966661988));
#2597=CARTESIAN_POINT('Ctrl Pts',(-0.565010398838896,1.13289660698443,2.35525840543729));
#2598=CARTESIAN_POINT('Ctrl Pts',(-0.667886495088956,1.07523023589887,2.36201287584264));
#2599=CARTESIAN_POINT('Ctrl Pts',(-0.715543172021761,1.04412123497958,2.3652884316042));
#2600=CARTESIAN_POINT('Ctrl Pts',(-0.774664656373374,0.999575011181221,
2.36975767988656));
#2601=CARTESIAN_POINT('Ctrl Pts',(-0.788175816204781,0.988956191275463,
2.37080910015108));
#2602=CARTESIAN_POINT('Ctrl Pts',(-0.809848647007612,0.971196623852533,
2.37255310435602));
#2603=CARTESIAN_POINT('Ctrl Pts',(-0.818142189552666,0.964220443854223,
2.37323482276938));
#2604=CARTESIAN_POINT('Ctrl Pts',(-0.835988356541466,0.948812946438051,
2.37473523153403));
#2605=CARTESIAN_POINT('Ctrl Pts',(-0.845504293464315,0.940343021429975,
2.37555637681874));
#2606=CARTESIAN_POINT('Ctrl Pts',(-0.875293900142915,0.913010200513474,
2.37819026421889));
#2607=CARTESIAN_POINT('Ctrl Pts',(-0.895075679391097,0.893625387601813,
2.38003472971292));
#2608=CARTESIAN_POINT('Ctrl Pts',(-0.94527226313834,0.841096250943112,2.38493754018449));
#2609=CARTESIAN_POINT('Ctrl Pts',(-0.974583167518276,0.806950989466167,
2.38803069796766));
#2610=CARTESIAN_POINT('Ctrl Pts',(-1.05177348741988,0.706673859809437,2.39673227198122));
#2611=CARTESIAN_POINT('Ctrl Pts',(-1.09516930591613,0.637356393786155,2.40230489896372));
#2612=CARTESIAN_POINT('Ctrl Pts',(-1.14311494632215,0.541216867320783,2.40933743163283));
#2613=CARTESIAN_POINT('Ctrl Pts',(-1.15393255482758,0.517752156172007,2.4110052507098));
#2614=CARTESIAN_POINT('Ctrl Pts',(-1.17140167976453,0.476586813303648,2.41385024627946));
#2615=CARTESIAN_POINT('Ctrl Pts',(-1.17838887769872,0.459038779588269,2.41503840938386));
#2616=CARTESIAN_POINT('Ctrl Pts',(-1.19232209229582,0.421628643008344,2.41752250177482));
#2617=CARTESIAN_POINT('Ctrl Pts',(-1.19917083283641,0.401736330320488,2.41881490657058));
#2618=CARTESIAN_POINT('Ctrl Pts',(-1.21755676584306,0.343665345739248,2.42251381389573));
#2619=CARTESIAN_POINT('Ctrl Pts',(-1.22778880625998,0.305099042091612,2.42487856245928));
#2620=CARTESIAN_POINT('Ctrl Pts',(-1.25507246109592,0.178356488783801,2.43244655085053));
#2621=CARTESIAN_POINT('Ctrl Pts',(-1.26456373088226,0.0888489987472276,
2.43746164683943));
#2622=CARTESIAN_POINT('Ctrl Pts',(-1.26449967797951,-0.000902435438891135,
2.44268697333002));
#2623=CARTESIAN_POINT('Ctrl Pts',(-1.26449970770311,-0.000859778310401026,
2.44341967361942));
#2624=CARTESIAN_POINT('Ctrl Pts',(-1.26446231128491,-0.0558597234318177,
2.44689416618622));
#2625=CARTESIAN_POINT('Ctrl Pts',(-1.26083646362184,-0.110736625767062,
2.45036865875302));
#2626=CARTESIAN_POINT('Ctrl Pts',(-1.25367039510485,-0.165138700605452,
2.45384315131982));
#2627=CARTESIAN_POINT('Ctrl Pts',(-1.24724266785745,-0.213935568500873,
2.45695965662388));
#2628=CARTESIAN_POINT('Ctrl Pts',(-1.23794728185939,-0.262465804011216,
2.46007616192794));
#2629=CARTESIAN_POINT('Ctrl Pts',(-1.22581938143872,-0.310366064654602,
2.46319266723201));
#2630=CARTESIAN_POINT('Ctrl Pts',(-1.21371376879342,-0.35817829767472,2.46630344524876));
#2631=CARTESIAN_POINT('Ctrl Pts',(-1.1987860985197,-0.405362322941985,2.46941422326552));
#2632=CARTESIAN_POINT('Ctrl Pts',(-1.18112289289788,-0.451562799478146,
2.47252500128228));
#2633=CARTESIAN_POINT('Ctrl Pts',(-1.16347756572752,-0.497716512533494,
2.47563263061272));
#2634=CARTESIAN_POINT('Ctrl Pts',(-1.14310237942496,-0.542888136182344,
2.47874025994316));
#2635=CARTESIAN_POINT('Ctrl Pts',(-1.12013364138303,-0.586737484265317,
2.48184788927361));
#2636=CARTESIAN_POINT('Ctrl Pts',(-1.09717829586997,-0.630561264828694,
2.48495370661876));
#2637=CARTESIAN_POINT('Ctrl Pts',(-1.07163264885023,-0.673063810726948,
2.48805952396392));
#2638=CARTESIAN_POINT('Ctrl Pts',(-1.04368002674426,-0.713927343484683,
2.49116534130907));
#2639=CARTESIAN_POINT('Ctrl Pts',(-1.01573170908731,-0.754784583630841,
2.49427068038666));
#2640=CARTESIAN_POINT('Ctrl Pts',(-0.985377463445096,-0.794002858609238,
2.49737601946425));
#2641=CARTESIAN_POINT('Ctrl Pts',(-0.952843792850351,-0.831293544078478,
2.50048135854184));
#2642=CARTESIAN_POINT('Ctrl Pts',(-0.920277676003269,-0.86862142003279,
2.50358979461444));
#2643=CARTESIAN_POINT('Ctrl Pts',(-0.88552815799169,-0.904017454067264,
2.50669823068704));
#2644=CARTESIAN_POINT('Ctrl Pts',(-0.848860678039368,-0.937227720075833,
2.50980666675963));
#2645=CARTESIAN_POINT('Ctrl Pts',(-0.81217291317254,-0.97045635842435,2.51291682245845));
#2646=CARTESIAN_POINT('Ctrl Pts',(-0.773565503168922,-1.00149647668064,
2.51602697815727));
#2647=CARTESIAN_POINT('Ctrl Pts',(-0.733336492924793,-1.03013486405653,
2.51913713385608));
#2648=CARTESIAN_POINT('Ctrl Pts',(-0.693031649938968,-1.05882723554536,
2.52225315228014));
#2649=CARTESIAN_POINT('Ctrl Pts',(-0.651099572829371,-1.08510854932452,
2.5253691707042));
#2650=CARTESIAN_POINT('Ctrl Pts',(-0.607865320807384,-1.10881017390703,
2.52848518912825));
#2651=CARTESIAN_POINT('Ctrl Pts',(-0.586639907885234,-1.12044624357776,
2.53001496643746));
#2652=CARTESIAN_POINT('Ctrl Pts',(-0.565100982520487,-1.13146127460109,
2.53154474374666));
#2653=CARTESIAN_POINT('Ctrl Pts',(-0.543288674453014,-1.14183959740897,
2.53307452105586));
#2654=CARTESIAN_POINT('Ctrl Pts',(-0.498702554930044,-1.16305372751061,
2.5362015094397));
#2655=CARTESIAN_POINT('Ctrl Pts',(-0.452775551150227,-1.18169839662492,
2.53932849782354));
#2656=CARTESIAN_POINT('Ctrl Pts',(-0.405833961116414,-1.19760554691625,
2.54245548620738));
#2657=CARTESIAN_POINT('Ctrl Pts',(-0.358979014461354,-1.21348333626674,
2.54557670288986));
#2658=CARTESIAN_POINT('Ctrl Pts',(-0.311113709344691,-1.2266334560003,2.54869791957234));
#2659=CARTESIAN_POINT('Ctrl Pts',(-0.262585411036895,-1.23693538712036,
2.55181913625482));
#2660=CARTESIAN_POINT('Ctrl Pts',(-0.214106634739889,-1.24722680535696,
2.55493716780756));
#2661=CARTESIAN_POINT('Ctrl Pts',(-0.164966736430808,-1.25467567706475,
2.55805519936029));
#2662=CARTESIAN_POINT('Ctrl Pts',(-0.115527331554964,-1.25921153332702,
2.56117323091303));
#2663=CARTESIAN_POINT('Ctrl Pts',(-0.0661175379041924,-1.26374467288466,
2.56428939495272));
#2664=CARTESIAN_POINT('Ctrl Pts',(-0.0164091358100922,-1.26536820417894,
2.5674055589924));
#2665=CARTESIAN_POINT('Ctrl Pts',(0.0332295500248823,-1.26406330814764,
2.57052172303208));
#2666=CARTESIAN_POINT('Ctrl Pts',(0.0828594281119351,-1.26275864365339,
2.57363733414843));
#2667=CARTESIAN_POINT('Ctrl Pts',(0.132419069029809,-1.25852659875623,2.57675294526479));
#2668=CARTESIAN_POINT('Ctrl Pts',(0.181541136442779,-1.25140044181671,2.57986855638114));
#2669=CARTESIAN_POINT('Ctrl Pts',(0.23070900156529,-1.24426764098611,2.58298707225824));
#2670=CARTESIAN_POINT('Ctrl Pts',(0.279437937433932,-1.23423542006772,2.58610558813533));
#2671=CARTESIAN_POINT('Ctrl Pts',(0.327368533527131,-1.22138859224094,2.58922410401243));
#2672=CARTESIAN_POINT('Ctrl Pts',(0.375324093509231,-1.20853507334814,2.59234424411894));
#2673=CARTESIAN_POINT('Ctrl Pts',(0.422479966677198,-1.19286419951526,2.59546438422544));
#2674=CARTESIAN_POINT('Ctrl Pts',(0.468493071713008,-1.1745103199874,2.59858452433195));
#2675=CARTESIAN_POINT('Ctrl Pts',(0.514588776534694,-1.15612349274784,2.6017102655146));
#2676=CARTESIAN_POINT('Ctrl Pts',(0.559537124112968,-1.13504427858767,2.60483600669724));
#2677=CARTESIAN_POINT('Ctrl Pts',(0.603017646413219,-1.11145398830283,2.60796174787989));
#2678=CARTESIAN_POINT('Ctrl Pts',(0.623160666550825,-1.10052542380725,2.60940979551722));
#2679=CARTESIAN_POINT('Ctrl Pts',(0.642989057892287,-1.08905856981348,2.61085784315456));
#2680=CARTESIAN_POINT('Ctrl Pts',(0.662473156663076,-1.07707454092131,2.6123058907919));
#2681=CARTESIAN_POINT('Ctrl Pts',(0.70452885485738,-1.05120746294302,2.61543144743802));
#2682=CARTESIAN_POINT('Ctrl Pts',(0.74515693299666,-1.02281838652636,2.61855700408414));
#2683=CARTESIAN_POINT('Ctrl Pts',(0.78403919078206,-0.992090115522684,2.62168256073026));
#2684=CARTESIAN_POINT('Ctrl Pts',(0.822851715921291,-0.961416953552576,
2.62480251190623));
#2685=CARTESIAN_POINT('Ctrl Pts',(0.859924205932575,-0.928413254473228,
2.6279224630822));
#2686=CARTESIAN_POINT('Ctrl Pts',(0.894966954220781,-0.89330532342127,2.63104241425816));
#2687=CARTESIAN_POINT('Ctrl Pts',(0.929975092434496,-0.858232066821752,
2.63415928400508));
#2688=CARTESIAN_POINT('Ctrl Pts',(0.962957074007824,-0.82105907805197,2.63727615375199));
#2689=CARTESIAN_POINT('Ctrl Pts',(0.993657514801956,-0.782051784268536,
2.64039302349891));
#2690=CARTESIAN_POINT('Ctrl Pts',(1.0243405906258,-0.743066554028162,2.64350813026297));
#2691=CARTESIAN_POINT('Ctrl Pts',(1.05274434542093,-0.702249503061638,2.64662323702704));
#2692=CARTESIAN_POINT('Ctrl Pts',(1.07865315285376,-0.659899708924497,2.64973834379111));
#2693=CARTESIAN_POINT('Ctrl Pts',(1.10455823897222,-0.617555997541204,2.6528530031285));
#2694=CARTESIAN_POINT('Ctrl Pts',(1.12796880542056,-0.573680446507243,2.65596766246589));
#2695=CARTESIAN_POINT('Ctrl Pts',(1.14871352652079,-0.528599549742676,2.65908232180328));
#2696=CARTESIAN_POINT('Ctrl Pts',(1.16947868476559,-0.483474240483994,2.66220004961977));
#2697=CARTESIAN_POINT('Ctrl Pts',(1.1875725266934,-0.437141712446424,2.66531777743626));
#2698=CARTESIAN_POINT('Ctrl Pts',(1.20287132668715,-0.389949767834121,2.66843550525275));
#2699=CARTESIAN_POINT('Ctrl Pts',(1.21817855019156,-0.342731839363725,2.67155494968841));
#2700=CARTESIAN_POINT('Ctrl Pts',(1.23068752941536,-0.294654081154826,2.67467439412408));
#2701=CARTESIAN_POINT('Ctrl Pts',(1.24032501802825,-0.246077426134993,2.67779383855975));
#2702=CARTESIAN_POINT('Ctrl Pts',(1.24998026748434,-0.197411249623836,2.6809190317922));
#2703=CARTESIAN_POINT('Ctrl Pts',(1.25675339040266,-0.148244882697768,2.68404422502464));
#2704=CARTESIAN_POINT('Ctrl Pts',(1.26062285918326,-0.0989457270659725,
2.68716941825709));
#2705=CARTESIAN_POINT('Ctrl Pts',(1.26242554550787,-0.0759785140683362,
2.68862536568071));
#2706=CARTESIAN_POINT('Ctrl Pts',(1.26359876727748,-0.0529824929411983,
2.69008131310432));
#2707=CARTESIAN_POINT('Ctrl Pts',(1.26414420538643,-0.029994632651579,2.69153726052793));
#2708=CARTESIAN_POINT('Ctrl Pts',(1.26530052262901,0.0187391444467643,2.69462383823962));
#2709=CARTESIAN_POINT('Ctrl Pts',(1.2636373101645,0.0676606144651669,2.6977104159513));
#2710=CARTESIAN_POINT('Ctrl Pts',(1.25913010474331,0.11641146562557,2.70079699366298));
#2711=CARTESIAN_POINT('Ctrl Pts',(1.25463061161212,0.165078899087742,2.70387828992415));
#2712=CARTESIAN_POINT('Ctrl Pts',(1.24729681317107,0.213575738378321,2.70695958618532));
#2713=CARTESIAN_POINT('Ctrl Pts',(1.2371562263254,0.261542963324001,2.71004088244648));
#2714=CARTESIAN_POINT('Ctrl Pts',(1.23155063882163,0.288058635527005,2.71174418385101));
#2715=CARTESIAN_POINT('Ctrl Pts',(1.22508829385934,0.314412474840665,2.71344748525555));
#2716=CARTESIAN_POINT('Ctrl Pts',(1.21778065461633,0.340544457071655,2.71515078666008));
#2717=CARTESIAN_POINT('',(-1.26449973052487,0.000825531672067857,2.30740330409681));
#2718=CARTESIAN_POINT('Ctrl Pts',(1.21778065461622,0.340544457072054,2.5771244990666));
#2719=CARTESIAN_POINT('Ctrl Pts',(1.22243932248721,0.323885147276338,2.57601890706862));
#2720=CARTESIAN_POINT('Ctrl Pts',(1.22675583056927,0.307131351718773,2.57492439144815));
#2721=CARTESIAN_POINT('Ctrl Pts',(1.23520660219632,0.271303492940416,2.57261869962853));
#2722=CARTESIAN_POINT('Ctrl Pts',(1.23924587404612,0.252211548801952,2.57141082689059));
#2723=CARTESIAN_POINT('Ctrl Pts',(1.24841239899491,0.203323426468554,2.56836567808373));
#2724=CARTESIAN_POINT('Ctrl Pts',(1.25291614580409,0.173422251417926,2.56654819571199));
#2725=CARTESIAN_POINT('Ctrl Pts',(1.26066140056392,0.105558795707354,2.56250027522423));
#2726=CARTESIAN_POINT('Ctrl Pts',(1.26326821533077,0.0675537650405669,2.56028744263911));
#2727=CARTESIAN_POINT('Ctrl Pts',(1.26560708817974,-0.0327165754880519,
2.55451120516144));
#2728=CARTESIAN_POINT('Ctrl Pts',(1.26246487682488,-0.094940817418683,2.55099187969377));
#2729=CARTESIAN_POINT('Ctrl Pts',(1.24978099516032,-0.196518823260815,2.5450551808928));
#2730=CARTESIAN_POINT('Ctrl Pts',(1.24291214153118,-0.236095345247766,2.54269189801578));
#2731=CARTESIAN_POINT('Ctrl Pts',(1.23107111479185,-0.289183780726419,2.53937451628612));
#2732=CARTESIAN_POINT('Ctrl Pts',(1.22773392800871,-0.303039122379879,2.53849484793436));
#2733=CARTESIAN_POINT('Ctrl Pts',(1.22147847833247,-0.327208509095717,2.53693121735367));
#2734=CARTESIAN_POINT('Ctrl Pts',(1.21866204267278,-0.337546866740005,2.5362526888423));
#2735=CARTESIAN_POINT('Ctrl Pts',(1.21170915078253,-0.361846904470654,2.53463451390114));
#2736=CARTESIAN_POINT('Ctrl Pts',(1.20746255459951,-0.375774377751115,2.53368922519513));
#2737=CARTESIAN_POINT('Ctrl Pts',(1.1892457887189,-0.432019133509305,2.52980755342917));
#2738=CARTESIAN_POINT('Ctrl Pts',(1.17328460844335,-0.473654511118994,2.52678613608024));
#2739=CARTESIAN_POINT('Ctrl Pts',(1.11914020467867,-0.595254027713851,2.51767029711559));
#2740=CARTESIAN_POINT('Ctrl Pts',(1.07471576097807,-0.672154284542569,2.51153096012731));
#2741=CARTESIAN_POINT('Ctrl Pts',(1.00244700619463,-0.771515464347005,2.50335351830035));
#2742=CARTESIAN_POINT('Ctrl Pts',(0.981155946089337,-0.798416857952604,
2.50110791837356));
#2743=CARTESIAN_POINT('Ctrl Pts',(0.94566741236956,-0.839689744986013,2.49761091996969));
#2744=CARTESIAN_POINT('Ctrl Pts',(0.932175626329097,-0.854642849681289,
2.49633220014542));
#2745=CARTESIAN_POINT('Ctrl Pts',(0.905161326062419,-0.883181906406098,
2.49386593672637));
#2746=CARTESIAN_POINT('Ctrl Pts',(0.891675820024715,-0.896795183620744,
2.49267730471628));
#2747=CARTESIAN_POINT('Ctrl Pts',(0.857624101501663,-0.929641682285668,
2.48977422676903));
#2748=CARTESIAN_POINT('Ctrl Pts',(0.836714632003766,-0.948504906778022,
2.48807575873417));
#2749=CARTESIAN_POINT('Ctrl Pts',(0.744524892850291,-1.02624956747139,2.48090154389247));
#2750=CARTESIAN_POINT('Ctrl Pts',(0.667538144576874,-1.07791422949687,2.47570230735447));
#2751=CARTESIAN_POINT('Ctrl Pts',(0.539909840126776,-1.14460285600195,2.46742570587473));
#2752=CARTESIAN_POINT('Ctrl Pts',(0.492802183399448,-1.16566001032675,2.46442875571594));
#2753=CARTESIAN_POINT('Ctrl Pts',(0.430465059049175,-1.18906952380862,2.46037920699808));
#2754=CARTESIAN_POINT('Ctrl Pts',(0.416291140798006,-1.19410558074228,2.45945296135334));
#2755=CARTESIAN_POINT('Ctrl Pts',(0.391896909815158,-1.2022858738807,2.45784410061491));
#2756=CARTESIAN_POINT('Ctrl Pts',(0.381720777134347,-1.20555536727025,2.45716842519365));
#2757=CARTESIAN_POINT('Ctrl Pts',(0.358176138427291,-1.21279203260842,2.45559388573115));
#2758=CARTESIAN_POINT('Ctrl Pts',(0.34478218273928,-1.21666752527474,2.45469039870721));
#2759=CARTESIAN_POINT('Ctrl Pts',(0.295007045360173,-1.23018190592325,2.4513111264631));
#2760=CARTESIAN_POINT('Ctrl Pts',(0.258267329210431,-1.23841599475823,2.44877475452787));
#2761=CARTESIAN_POINT('Ctrl Pts',(0.138187489662071,-1.25975247929136,2.44045683469901));
#2762=CARTESIAN_POINT('Ctrl Pts',(0.0538802531868796,-1.2661638433853,2.4345904523782));
#2763=CARTESIAN_POINT('Ctrl Pts',(-0.0726381182179921,-1.26311750287429,
2.42607595691253));
#2764=CARTESIAN_POINT('Ctrl Pts',(-0.114764122471706,-1.25998887305891,
2.42328547968874));
#2765=CARTESIAN_POINT('Ctrl Pts',(-0.177803830609859,-1.25211825896312,
2.41918203853234));
#2766=CARTESIAN_POINT('Ctrl Pts',(-0.198879831744924,-1.24894404980823,
2.41782219558668));
#2767=CARTESIAN_POINT('Ctrl Pts',(-0.238306043453886,-1.24198272592185,
2.41529888828088));
#2768=CARTESIAN_POINT('Ctrl Pts',(-0.256671593772133,-1.23831765501503,
2.4141319257098));
#2769=CARTESIAN_POINT('Ctrl Pts',(-0.299309116468087,-1.22881940344507,
2.41143900478303));
#2770=CARTESIAN_POINT('Ctrl Pts',(-0.323503595054291,-1.22267273866104,
2.4099234607914));
#2771=CARTESIAN_POINT('Ctrl Pts',(-0.416248060958443,-1.19616468676104,
2.40414233263729));
#2772=CARTESIAN_POINT('Ctrl Pts',(-0.483206555028184,-1.17071993296934,
2.40003799453753));
#2773=CARTESIAN_POINT('Ctrl Pts',(-0.61719443439269,-1.10633747275605,2.39154044025654));
#2774=CARTESIAN_POINT('Ctrl Pts',(-0.68351702036597,-1.06663644546878,2.38716590430728));
#2775=CARTESIAN_POINT('Ctrl Pts',(-0.758856442790317,-1.01161184016248,
2.38151560185717));
#2776=CARTESIAN_POINT('Ctrl Pts',(-0.771727177928775,-1.00182769039056,
2.38052367346421));
#2777=CARTESIAN_POINT('Ctrl Pts',(-0.792864380143931,-0.985110459788954,
2.37884304652377));
#2778=CARTESIAN_POINT('Ctrl Pts',(-0.801235842222323,-0.978313681492615,
2.37816330005769));
#2779=CARTESIAN_POINT('Ctrl Pts',(-0.81965169936451,-0.962966917082446,
2.37663472188217));
#2780=CARTESIAN_POINT('Ctrl Pts',(-0.829650268040804,-0.954366067046149,
2.37578265754175));
#2781=CARTESIAN_POINT('Ctrl Pts',(-0.86275737551778,-0.924973623683422,
2.37289130372073));
#2782=CARTESIAN_POINT('Ctrl Pts',(-0.885232102320736,-0.903487856891465,
2.37081122899828));
#2783=CARTESIAN_POINT('Ctrl Pts',(-0.945510496690936,-0.841451952130149,
2.36494788487043));
#2784=CARTESIAN_POINT('Ctrl Pts',(-0.981474852543854,-0.799211093729832,
2.36111489868626));
#2785=CARTESIAN_POINT('Ctrl Pts',(-1.05433273193948,-0.701273708372546,
2.35273490509021));
#2786=CARTESIAN_POINT('Ctrl Pts',(-1.08982813465204,-0.644731757825223,
2.34821657653678));
#2787=CARTESIAN_POINT('Ctrl Pts',(-1.13273355370265,-0.562627430249222,
2.34214871163255));
#2788=CARTESIAN_POINT('Ctrl Pts',(-1.14405206634892,-0.539240169022352,
2.34047075698749));
#2789=CARTESIAN_POINT('Ctrl Pts',(-1.16233194974499,-0.49829750542428,2.33761703570874));
#2790=CARTESIAN_POINT('Ctrl Pts',(-1.16963513158999,-0.480905070122524,
2.33642994850261));
#2791=CARTESIAN_POINT('Ctrl Pts',(-1.18419579505519,-0.443932762760004,
2.33395639273703));
#2792=CARTESIAN_POINT('Ctrl Pts',(-1.19136299225251,-0.424323318975192,
2.33267323665157));
#2793=CARTESIAN_POINT('Ctrl Pts',(-1.2105327648535,-0.367552829860506,2.32903273064792));
#2794=CARTESIAN_POINT('Ctrl Pts',(-1.22130453466957,-0.330000453766894,
2.32671506758137));
#2795=CARTESIAN_POINT('Ctrl Pts',(-1.25309602240465,-0.196052416742678,
2.31867035591161));
#2796=CARTESIAN_POINT('Ctrl Pts',(-1.26456410240429,-0.0977754389995107,
2.31318975594632));
#2797=CARTESIAN_POINT('Ctrl Pts',(-1.26449973052487,0.000825531672067857,
2.30740330409681));
#2798=CARTESIAN_POINT('Ctrl Pts',(-1.26449972936063,0.00082731305399094,
2.3074031995554));
#2799=CARTESIAN_POINT('Ctrl Pts',(-1.26448682799722,0.0205462942291408,
2.30624597961211));
#2800=CARTESIAN_POINT('Ctrl Pts',(-1.2640126728391,0.0402615997983182,2.30507643475741));
#2801=CARTESIAN_POINT('Ctrl Pts',(-1.26238764664244,0.0744950315984775,
2.30301177432537));
#2802=CARTESIAN_POINT('Ctrl Pts',(-1.26144662617083,0.0890193812277827,
2.30212515551314));
#2803=CARTESIAN_POINT('Ctrl Pts',(-1.25943514744306,0.113506332274548,2.30060758175325));
#2804=CARTESIAN_POINT('Ctrl Pts',(-1.25849656058093,0.123478620396265,2.29998314323907));
#2805=CARTESIAN_POINT('Ctrl Pts',(-1.25629838159831,0.144192890459116,2.29867077847847));
#2806=CARTESIAN_POINT('Ctrl Pts',(-1.25501930543921,0.154931343939686,2.29798157521975));
#2807=CARTESIAN_POINT('Ctrl Pts',(-1.25135426203366,0.182667334931177,2.296180112947));
#2808=CARTESIAN_POINT('Ctrl Pts',(-1.2487596961056,0.199634658783636,2.29505747600436));
#2809=CARTESIAN_POINT('Ctrl Pts',(-1.23638844841907,0.270809275707921,2.29027565240025));
#2810=CARTESIAN_POINT('Ctrl Pts',(-1.22342122840011,0.324397323732718,2.28649970654775));
#2811=CARTESIAN_POINT('Ctrl Pts',(-1.18817832944066,0.437241569212329,2.27836773436109));
#2812=CARTESIAN_POINT('Ctrl Pts',(-1.16486276626861,0.496028014597228,2.27402111417234));
#2813=CARTESIAN_POINT('Ctrl Pts',(-1.11975841751481,0.588814264682254,2.26709885816841));
#2814=CARTESIAN_POINT('Ctrl Pts',(-1.10056640268848,0.623951358216402,2.26446025377014));
#2815=CARTESIAN_POINT('Ctrl Pts',(-1.06880303141583,0.676063458574487,2.26052333280663));
#2816=CARTESIAN_POINT('Ctrl Pts',(-1.05742157257703,0.693730080389624,2.25918405979998));
#2817=CARTESIAN_POINT('Ctrl Pts',(-1.03502481729765,0.726662100119234,2.25667642879059));
#2818=CARTESIAN_POINT('Ctrl Pts',(-1.02409882863841,0.741981017229021,2.25550516478052));
#2819=CARTESIAN_POINT('Ctrl Pts',(-0.997489989567881,0.777580136336988,
2.25276814851592));
#2820=CARTESIAN_POINT('Ctrl Pts',(-0.981524078078196,0.797638871668054,
2.25121392537837));
#2821=CARTESIAN_POINT('Ctrl Pts',(-0.910410934328979,0.881610086668713,
2.24462967746065));
#2822=CARTESIAN_POINT('Ctrl Pts',(-0.849551073507074,0.940398216092193,
2.23983536440499));
#2823=CARTESIAN_POINT('Ctrl Pts',(-0.748867071081733,1.01984325997554,2.23249794559959));
#2824=CARTESIAN_POINT('Ctrl Pts',(-0.713063906190989,1.04518975001787,2.22998164326653));
#2825=CARTESIAN_POINT('Ctrl Pts',(-0.652964213661114,1.08320922831942,2.22578735412518));
#2826=CARTESIAN_POINT('Ctrl Pts',(-0.629444973626894,1.09704297954076,2.22415255586845));
#2827=CARTESIAN_POINT('Ctrl Pts',(-0.594398082453583,1.1161590624364,2.22169865530993));
#2828=CARTESIAN_POINT('Ctrl Pts',(-0.583207822320977,1.12204667400709,2.22091255823263));
#2829=CARTESIAN_POINT('Ctrl Pts',(-0.562288774263541,1.13265550157084,2.2194347772723));
#2830=CARTESIAN_POINT('Ctrl Pts',(-0.5525844478902,1.13742144517346,2.21874573061219));
#2831=CARTESIAN_POINT('Ctrl Pts',(-0.527312092175388,1.14943336502828,2.21694390702303));
#2832=CARTESIAN_POINT('Ctrl Pts',(-0.511655794571068,1.15648751926937,2.21582072947555));
#2833=CARTESIAN_POINT('Ctrl Pts',(-0.442828273309571,1.1858275595239,2.21086800403612));
#2834=CARTESIAN_POINT('Ctrl Pts',(-0.388314834930162,1.20477983921286,2.20690979337689));
#2835=CARTESIAN_POINT('Ctrl Pts',(-0.274216410484292,1.23589675459049,2.19877260403371));
#2836=CARTESIAN_POINT('Ctrl Pts',(-0.2146535976584,1.24762185025469,2.19460422164399));
#2837=CARTESIAN_POINT('Ctrl Pts',(-0.114794559529319,1.25991306728895,2.18785359519208));
#2838=CARTESIAN_POINT('Ctrl Pts',(-0.0749007052478369,1.26291296755959,
2.18521705410471));
#2839=CARTESIAN_POINT('Ctrl Pts',(-0.0139313037114309,1.26459771105913,
2.1812825564909));
#2840=CARTESIAN_POINT('Ctrl Pts',(0.00707764076532916,1.26465467444054,
2.17994370893543));
#2841=CARTESIAN_POINT('Ctrl Pts',(0.0468853912239037,1.26377049042909,2.17743665836954));
#2842=CARTESIAN_POINT('Ctrl Pts',(0.0656805376613209,1.26293318109944,2.17626555528338));
#2843=CARTESIAN_POINT('Ctrl Pts',(0.110025351717921,1.25996494308464,2.17352861325407));
#2844=CARTESIAN_POINT('Ctrl Pts',(0.13554310370802,1.25747582108755,2.17197431096181));
#2845=CARTESIAN_POINT('Ctrl Pts',(0.244613478400662,1.24347743954955,2.16539451033298));
#2846=CARTESIAN_POINT('Ctrl Pts',(0.326975221088991,1.2244021059357,2.16060422408896));
#2847=CARTESIAN_POINT('Ctrl Pts',(0.448362251015052,1.18315495144862,2.15326967105142));
#2848=CARTESIAN_POINT('Ctrl Pts',(0.489129893680916,1.1668915445757,2.15075200836338));
#2849=CARTESIAN_POINT('Ctrl Pts',(0.553754199396524,1.13712849891808,2.14655585531939));
#2850=CARTESIAN_POINT('Ctrl Pts',(0.578162871212442,1.12491440017808,2.14492060446796));
#2851=CARTESIAN_POINT('Ctrl Pts',(0.613274906290257,1.10589965293952,2.14246618688113));
#2852=CARTESIAN_POINT('Ctrl Pts',(0.62430288354567,1.09971179507687,2.14168004871715));
#2853=CARTESIAN_POINT('Ctrl Pts',(0.644585372348565,1.0879277881911,2.14020216209624));
#2854=CARTESIAN_POINT('Ctrl Pts',(0.653864108661978,1.08237649043508,2.13951305092214));
#2855=CARTESIAN_POINT('Ctrl Pts',(0.677692310022617,1.06770233767218,2.13771108643135));
#2856=CARTESIAN_POINT('Ctrl Pts',(0.692128812123368,1.05840105229858,2.13658783220975));
#2857=CARTESIAN_POINT('Ctrl Pts',(0.754170765975619,1.01661594243402,2.13163642432116));
#2858=CARTESIAN_POINT('Ctrl Pts',(0.799710639277533,0.981194885945069,2.1276797262225));
#2859=CARTESIAN_POINT('Ctrl Pts',(0.887882186182117,0.90238695250467,2.11954318763308));
#2860=CARTESIAN_POINT('Ctrl Pts',(0.930129895309911,0.85877609825087,2.1153739384239));
#2861=CARTESIAN_POINT('Ctrl Pts',(0.994774360660755,0.781654131588022,2.10862206075071));
#2862=CARTESIAN_POINT('Ctrl Pts',(1.01899541231147,0.749805382161615,2.105985123284));
#2863=CARTESIAN_POINT('Ctrl Pts',(1.05357834950975,0.699552905921839,2.10204999537734));
#2864=CARTESIAN_POINT('Ctrl Pts',(1.06505569898564,0.681951648849633,2.10071091128727));
#2865=CARTESIAN_POINT('Ctrl Pts',(1.08597071569316,0.648060074289258,2.09820335145167));
#2866=CARTESIAN_POINT('Ctrl Pts',(1.09549351592375,0.631829306369559,2.0970319768457));
#2867=CARTESIAN_POINT('Ctrl Pts',(1.11712933517294,0.59299218387107,2.09429422712499));
#2868=CARTESIAN_POINT('Ctrl Pts',(1.12892412542291,0.570217623833788,2.09273939672773));
#2869=CARTESIAN_POINT('Ctrl Pts',(1.17191788911057,0.480629245317751,2.08679350136136));
#2870=CARTESIAN_POINT('Ctrl Pts',(1.19793418442458,0.411515057989556,2.08257405234693));
#2871=CARTESIAN_POINT('Ctrl Pts',(1.21778064473349,0.340544492412507,2.07836171499103));
#2872=CARTESIAN_POINT('Origin',(0.,0.,0.));
#2873=CARTESIAN_POINT('',(1.21778065427591,0.340544458288992,1.57922992797676));
#2874=CARTESIAN_POINT('',(1.21778070487782,0.340544277337427,1.71567781934478));
#2875=CARTESIAN_POINT('',(1.21778065461633,0.340544457071657,0.));
#2876=CARTESIAN_POINT('Ctrl Pts',(1.21778070487782,0.340544277337427,1.71567781934478));
#2877=CARTESIAN_POINT('Ctrl Pts',(1.20445566081944,0.388194414561357,1.7185482634602));
#2878=CARTESIAN_POINT('Ctrl Pts',(1.18833696089614,0.435051604482587,1.72136663710839));
#2879=CARTESIAN_POINT('Ctrl Pts',(1.15277799601598,0.521532352577515,1.7267160812291));
#2880=CARTESIAN_POINT('Ctrl Pts',(1.13395071868074,0.56129177027609,1.72923926347671));
#2881=CARTESIAN_POINT('Ctrl Pts',(1.10012602104982,0.624043094191534,1.73344335625278));
#2882=CARTESIAN_POINT('Ctrl Pts',(1.08638402361175,0.647670112816026,1.73508083986682));
#2883=CARTESIAN_POINT('Ctrl Pts',(1.0651750695957,0.681558850358987,1.73753816603803));
#2884=CARTESIAN_POINT('Ctrl Pts',(1.05830118756821,0.692184196077946,1.73832488620474));
#2885=CARTESIAN_POINT('Ctrl Pts',(1.04525835415212,0.711696720911694,1.73980358012348));
#2886=CARTESIAN_POINT('Ctrl Pts',(1.03913280993464,0.720611003142071,1.74049290688516));
#2887=CARTESIAN_POINT('Ctrl Pts',(1.02298637614429,0.743474346684342,1.74229524237524));
#2888=CARTESIAN_POINT('Ctrl Pts',(1.01279450643312,0.757299444609083,1.74341865209726));
#2889=CARTESIAN_POINT('Ctrl Pts',(0.967216896412983,0.816558582480895,1.74836731519615));
#2890=CARTESIAN_POINT('Ctrl Pts',(0.929034350491317,0.859750319755793,1.75232090481161));
#2891=CARTESIAN_POINT('Ctrl Pts',(0.844860639322405,0.942788744363232,1.76045618950673));
#2892=CARTESIAN_POINT('Ctrl Pts',(0.798663166141878,0.982231278560289,1.76462730399476));
#2893=CARTESIAN_POINT('Ctrl Pts',(0.717602837402865,1.04192429036554,1.77138172343167));
#2894=CARTESIAN_POINT('Ctrl Pts',(0.684286142924154,1.06410200898658,1.77401939263929));
#2895=CARTESIAN_POINT('Ctrl Pts',(0.63194582170986,1.09546625002782,1.77795556201376));
#2896=CARTESIAN_POINT('Ctrl Pts',(0.613653371866957,1.1058170971575,1.77929498091158));
#2897=CARTESIAN_POINT('Ctrl Pts',(0.578504539566174,1.12456523179151,1.78180320966279));
#2898=CARTESIAN_POINT('Ctrl Pts',(0.56170224802437,1.13305123805731,1.78297491885533));
#2899=CARTESIAN_POINT('Ctrl Pts',(0.521567665967748,1.15220890408459,1.78571358494995));
#2900=CARTESIAN_POINT('Ctrl Pts',(0.498087366959203,1.16255206409478,1.78726898464318));
#2901=CARTESIAN_POINT('Ctrl Pts',(0.396268884246093,1.20375178518826,1.79384103853688));
#2902=CARTESIAN_POINT('Ctrl Pts',(0.31527136187328,1.22745784908073,1.7986235543611));
#2903=CARTESIAN_POINT('Ctrl Pts',(0.189328081586811,1.25101773036567,1.80595375841123));
#2904=CARTESIAN_POINT('Ctrl Pts',(0.145753355239047,1.25683969740193,1.80847529798415));
#2905=CARTESIAN_POINT('Ctrl Pts',(0.0747391547898635,1.26258484971009,1.81267705760305));
#2906=CARTESIAN_POINT('Ctrl Pts',(0.0474493274986799,1.26390457777261,1.81431390879937));
#2907=CARTESIAN_POINT('Ctrl Pts',(0.0074889580222369,1.26454112761267,1.81677046395823));
#2908=CARTESIAN_POINT('Ctrl Pts',(-0.00516412898459446,1.26455274671181,
1.81755707367676));
#2909=CARTESIAN_POINT('Ctrl Pts',(-0.0286305609164189,1.26422211186985,
1.81903568160597));
#2910=CARTESIAN_POINT('Ctrl Pts',(-0.0394430370285105,1.26393095896673,
1.81972503612768));
#2911=CARTESIAN_POINT('Ctrl Pts',(-0.0674144606936611,1.26281852611865,
1.82152761229865));
#2912=CARTESIAN_POINT('Ctrl Pts',(-0.0845623872394469,1.26178622324089,
1.82265124084425));
#2913=CARTESIAN_POINT('Ctrl Pts',(-0.157873721555201,1.25587184595283,1.8275198679249));
#2914=CARTESIAN_POINT('Ctrl Pts',(-0.21369428779504,1.247586464138,1.83138750736066));
#2915=CARTESIAN_POINT('Ctrl Pts',(-0.328818549441846,1.22254444289988,1.83949297753155));
#2916=CARTESIAN_POINT('Ctrl Pts',(-0.387838349353604,1.20512198948431,1.84372068535983));
#2917=CARTESIAN_POINT('Ctrl Pts',(-0.483051191587211,1.16929191143894,1.85054880373426));
#2918=CARTESIAN_POINT('Ctrl Pts',(-0.520045871533609,1.15331473665003,1.85320532988324));
#2919=CARTESIAN_POINT('Ctrl Pts',(-0.575125657607077,1.12633653237161,1.85716239618125));
#2920=CARTESIAN_POINT('Ctrl Pts',(-0.593799731626028,1.11660443848682,1.8585045626527));
#2921=CARTESIAN_POINT('Ctrl Pts',(-0.628682386820674,1.09730240420593,1.86101503985583));
#2922=CARTESIAN_POINT('Ctrl Pts',(-0.64493711760707,1.08782824227046,1.86218632482823));
#2923=CARTESIAN_POINT('Ctrl Pts',(-0.682769944772097,1.06463094592317,1.86491957642696));
#2924=CARTESIAN_POINT('Ctrl Pts',(-0.704155503533917,1.05060887686731,1.86647013157678));
#2925=CARTESIAN_POINT('Ctrl Pts',(-0.773420670186266,1.00212731778396,1.87152998390438));
#2926=CARTESIAN_POINT('Ctrl Pts',(-0.819315818134539,0.964966941102846,
1.87494099800573));
#2927=CARTESIAN_POINT('Ctrl Pts',(-0.907571630894923,0.8826553376307,1.88185651501364));
#2928=CARTESIAN_POINT('Ctrl Pts',(-0.949548267098946,0.837331551577793,
1.88534922677067));
#2929=CARTESIAN_POINT('Ctrl Pts',(-1.0085301829914,0.76348174975127,1.89087609647604));
#2930=CARTESIAN_POINT('Ctrl Pts',(-1.02800505351666,0.737050043093196,1.8928266357341));
#2931=CARTESIAN_POINT('Ctrl Pts',(-1.05395832422568,0.698793254481934,1.89565744996612));
#2932=CARTESIAN_POINT('Ctrl Pts',(-1.06131102004836,0.687574755966697,1.89648846613129));
#2933=CARTESIAN_POINT('Ctrl Pts',(-1.07423727565892,0.667150867358367,1.89800704565459));
#2934=CARTESIAN_POINT('Ctrl Pts',(-1.07987414323364,0.657987696188024,1.89869066174467));
#2935=CARTESIAN_POINT('Ctrl Pts',(-1.09219103492017,0.637381005224562,1.90023243589733));
#2936=CARTESIAN_POINT('Ctrl Pts',(-1.09880929135816,0.625902476869314,1.90109398122073));
#2937=CARTESIAN_POINT('Ctrl Pts',(-1.12390507496748,0.580751925928637,1.90448721098039));
#2938=CARTESIAN_POINT('Ctrl Pts',(-1.14102380319992,0.54635117250221,1.90708134505853));
#2939=CARTESIAN_POINT('Ctrl Pts',(-1.18795805123682,0.440172004004626,1.91500966861552));
#2940=CARTESIAN_POINT('Ctrl Pts',(-1.2127540781214,0.366366741325658,1.92040496830436));
#2941=CARTESIAN_POINT('Ctrl Pts',(-1.23789969398495,0.259936839352604,1.92778501784944));
#2942=CARTESIAN_POINT('Ctrl Pts',(-1.2440206049224,0.228857597418094,1.92989601682852));
#2943=CARTESIAN_POINT('Ctrl Pts',(-1.25313999176014,0.17121072565655,1.93372538079835));
#2944=CARTESIAN_POINT('Ctrl Pts',(-1.25647548209189,0.144715200596016,1.93545248843488));
#2945=CARTESIAN_POINT('Ctrl Pts',(-1.26074036050029,0.0992631382086097,
1.93836112705755));
#2946=CARTESIAN_POINT('Ctrl Pts',(-1.26208653673809,0.0803558598104741,
1.93955522354171));
#2947=CARTESIAN_POINT('Ctrl Pts',(-1.26400738710579,0.0408595007645613,
1.94201917712415));
#2948=CARTESIAN_POINT('Ctrl Pts',(-1.26450515623739,0.0202721748553703,
1.94328628909802));
#2949=CARTESIAN_POINT('Ctrl Pts',(-1.26449058159008,-0.037481082255831,
1.94679956854603));
#2950=CARTESIAN_POINT('Ctrl Pts',(-1.26284301819749,-0.0746266457243734,
1.94901071093814));
#2951=CARTESIAN_POINT('Ctrl Pts',(-1.25487336405907,-0.164536345479188,
1.95429811076217));
#2952=CARTESIAN_POINT('Ctrl Pts',(-1.24685873475349,-0.217078435332156,
1.95733224005632));
#2953=CARTESIAN_POINT('Ctrl Pts',(-1.22058198727913,-0.337789066337316,
1.9643934978236));
#2954=CARTESIAN_POINT('Ctrl Pts',(-1.19987635004696,-0.4052362811435,1.96840762284463));
#2955=CARTESIAN_POINT('Ctrl Pts',(-1.16741831172295,-0.486185844622351,
1.97367932784219));
#2956=CARTESIAN_POINT('Ctrl Pts',(-1.16085983032828,-0.501643878593901,
1.97470777975454));
#2957=CARTESIAN_POINT('Ctrl Pts',(-1.14955205214281,-0.526885641576061,
1.97643057028468));
#2958=CARTESIAN_POINT('Ctrl Pts',(-1.1449809463772,-0.536746704887493,1.97711485151382));
#2959=CARTESIAN_POINT('Ctrl Pts',(-1.1347145502857,-0.558165847627628,1.97862775149618));
#2960=CARTESIAN_POINT('Ctrl Pts',(-1.1289692059735,-0.569697045463914,1.97945900186667));
#2961=CARTESIAN_POINT('Ctrl Pts',(-1.10977999394716,-0.606780198938013,
1.98218215872329));
#2962=CARTESIAN_POINT('Ctrl Pts',(-1.09563765695341,-0.631958629780772,
1.98410897732183));
#2963=CARTESIAN_POINT('Ctrl Pts',(-1.0555275707766,-0.697969817502068,1.98933148197259));
#2964=CARTESIAN_POINT('Ctrl Pts',(-1.02805708586313,-0.73783374910786,1.9926670109536));
#2965=CARTESIAN_POINT('Ctrl Pts',(-0.951521749721714,-0.836298042372631,
2.00124559450301));
#2966=CARTESIAN_POINT('Ctrl Pts',(-0.899303940164091,-0.892212677595299,
2.00645024499944));
#2967=CARTESIAN_POINT('Ctrl Pts',(-0.822854218092383,-0.960497153310703,
2.01316721193333));
#2968=CARTESIAN_POINT('Ctrl Pts',(-0.802817885387367,-0.977306222885144,
2.01485683067447));
#2969=CARTESIAN_POINT('Ctrl Pts',(-0.767441686298836,-1.00516161915058,
2.01772331115366));
#2970=CARTESIAN_POINT('Ctrl Pts',(-0.752349621695365,-1.01650712326839,
2.01891179701263));
#2971=CARTESIAN_POINT('Ctrl Pts',(-0.720111331062095,-1.0396308607659,2.02138205605395));
#2972=CARTESIAN_POINT('Ctrl Pts',(-0.702917085854027,-1.05133263284878,
2.0226606631138));
#2973=CARTESIAN_POINT('Ctrl Pts',(-0.653066745749009,-1.08348894714539,
2.02626592226839));
#2974=CARTESIAN_POINT('Ctrl Pts',(-0.619753004877759,-1.10288307693096,
2.02855417050297));
#2975=CARTESIAN_POINT('Ctrl Pts',(-0.535436054559191,-1.14694043558089,
2.03411659065916));
#2976=CARTESIAN_POINT('Ctrl Pts',(-0.483563839685829,-1.16975660331055,
2.03734152562741));
#2977=CARTESIAN_POINT('Ctrl Pts',(-0.370185414977176,-1.21079111347126,
2.04423598018385));
#2978=CARTESIAN_POINT('Ctrl Pts',(-0.308474850201748,-1.22796333870675,
2.04789913245351));
#2979=CARTESIAN_POINT('Ctrl Pts',(-0.228894720269071,-1.24372918019014,
2.05279692051835));
#2980=CARTESIAN_POINT('Ctrl Pts',(-0.211986580944926,-1.24672237842041,
2.05384748112343));
#2981=CARTESIAN_POINT('Ctrl Pts',(-0.184338828516674,-1.25103812705639,
2.05558914368508));
#2982=CARTESIAN_POINT('Ctrl Pts',(-0.173633347232647,-1.25256882182133,
2.05626939161387));
#2983=CARTESIAN_POINT('Ctrl Pts',(-0.150361106706374,-1.25559225329105,
2.05776284689323));
#2984=CARTESIAN_POINT('Ctrl Pts',(-0.13778958254066,-1.25703395694653,2.05857846969256));
#2985=CARTESIAN_POINT('Ctrl Pts',(-0.0980090337896176,-1.26099211012079,
2.06118289795578));
#2986=CARTESIAN_POINT('Ctrl Pts',(-0.0707403377272293,-1.26281528756537,
2.06300273708452));
#2987=CARTESIAN_POINT('Ctrl Pts',(0.000491130695690466,-1.26526356935897,
2.06781211914653));
#2988=CARTESIAN_POINT('Ctrl Pts',(0.0444655779931986,-1.2644819672622,2.0708353723832));
#2989=CARTESIAN_POINT('Ctrl Pts',(0.172271182202159,-1.25553464631312,2.0796515442133));
#2990=CARTESIAN_POINT('Ctrl Pts',(0.255449722878555,-1.24128722554804,2.08541023112203));
#2991=CARTESIAN_POINT('Ctrl Pts',(0.361333703042529,-1.21204637073287,2.09259972980193));
#2992=CARTESIAN_POINT('Ctrl Pts',(0.385851205701071,-1.20446562949787,2.09425597200306));
#2993=CARTESIAN_POINT('Ctrl Pts',(0.427926898838396,-1.19003910775824,2.09708550062462));
#2994=CARTESIAN_POINT('Ctrl Pts',(0.445593401546683,-1.18353753259452,2.09826957215302));
#2995=CARTESIAN_POINT('Ctrl Pts',(0.482661646359268,-1.16894803774619,2.10074816920587));
#2996=CARTESIAN_POINT('Ctrl Pts',(0.502020285792787,-1.16076590809029,2.10203911118768));
#2997=CARTESIAN_POINT('Ctrl Pts',(0.557600192507235,-1.13562374030425,2.10574307141435));
#2998=CARTESIAN_POINT('Ctrl Pts',(0.593233221732303,-1.11742294243176,2.10811393472946));
#2999=CARTESIAN_POINT('Ctrl Pts',(0.680578270502197,-1.06745038638221,2.11398696880508));
#3000=CARTESIAN_POINT('Ctrl Pts',(0.730977471453702,-1.03359051893815,2.11743109942454));
#3001=CARTESIAN_POINT('Ctrl Pts',(0.824146447313338,-0.96076144023443,2.12420149668976));
#3002=CARTESIAN_POINT('Ctrl Pts',(0.867057487444815,-0.922220111868288,
2.12751855999019));
#3003=CARTESIAN_POINT('Ctrl Pts',(0.919152260876846,-0.868570301593796,
2.13203323246466));
#3004=CARTESIAN_POINT('Ctrl Pts',(0.93086430125466,-0.856006327567547,2.13308411388951));
#3005=CARTESIAN_POINT('Ctrl Pts',(0.949530605174745,-0.835146053479073,
2.1348263922697));
#3006=CARTESIAN_POINT('Ctrl Pts',(0.956641031056937,-0.826991675956868,
2.1355069356432));
#3007=CARTESIAN_POINT('Ctrl Pts',(0.97184821119106,-0.809093181732257,2.13700157230392));
#3008=CARTESIAN_POINT('Ctrl Pts',(0.979904500942157,-0.799317121251599,
2.13781809282311));
#3009=CARTESIAN_POINT('Ctrl Pts',(1.00490694983001,-0.768031296969387,2.14042720349823));
#3010=CARTESIAN_POINT('Ctrl Pts',(1.02130114595242,-0.746092348630887,2.14225093326491));
#3011=CARTESIAN_POINT('Ctrl Pts',(1.0622141453714,-0.687464452241511,2.1470750293751));
#3012=CARTESIAN_POINT('Ctrl Pts',(1.08554788273198,-0.64999365418822,2.15010927581973));
#3013=CARTESIAN_POINT('Ctrl Pts',(1.14736047596856,-0.538085199661371,2.15890549598919));
#3014=CARTESIAN_POINT('Ctrl Pts',(1.18047107907554,-0.460937785056699,2.16463294214745));
#3015=CARTESIAN_POINT('Ctrl Pts',(1.213453248462,-0.356582677372181,2.17179618070299));
#3016=CARTESIAN_POINT('Ctrl Pts',(1.220446298695,-0.331859880459744,2.17345440485085));
#3017=CARTESIAN_POINT('Ctrl Pts',(1.23125303167375,-0.288670863646739,2.17628654652029));
#3018=CARTESIAN_POINT('Ctrl Pts',(1.23541574875748,-0.270301470843606,2.17747128462362));
#3019=CARTESIAN_POINT('Ctrl Pts',(1.24335225774561,-0.231251047310273,2.17995071215271));
#3020=CARTESIAN_POINT('Ctrl Pts',(1.24702388353642,-0.210554977476346,2.1812418292347));
#3021=CARTESIAN_POINT('Ctrl Pts',(1.2561757227643,-0.150265855091393,2.18494450312032));
#3022=CARTESIAN_POINT('Ctrl Pts',(1.26029733059963,-0.110491379366835,2.18731398622287));
#3023=CARTESIAN_POINT('Ctrl Pts',(1.26590817331878,-0.0101329811432467,
2.1931805114552));
#3024=CARTESIAN_POINT('Ctrl Pts',(1.26494176533251,0.0504859179289179,2.19661972628122));
#3025=CARTESIAN_POINT('Ctrl Pts',(1.254572260359,0.168369499426605,2.20339444930353));
#3026=CARTESIAN_POINT('Ctrl Pts',(1.24556853907153,0.225516205933265,2.20672094734446));
#3027=CARTESIAN_POINT('Ctrl Pts',(1.22886227397877,0.298584619692,2.2112460477833));
#3028=CARTESIAN_POINT('Ctrl Pts',(1.2246934350502,0.31524781737885,2.21229695319761));
#3029=CARTESIAN_POINT('Ctrl Pts',(1.2193951291907,0.334731041205356,2.21355364057721));
#3030=CARTESIAN_POINT('Ctrl Pts',(1.21859308547533,0.337639219406594,2.21374195818316));
#3031=CARTESIAN_POINT('Ctrl Pts',(1.21778065461648,0.340544457071126,2.213930848915));
#3032=CARTESIAN_POINT('Ctrl Pts',(1.21778064473349,0.340544492412507,2.07836171499103));
#3033=CARTESIAN_POINT('Ctrl Pts',(1.22061052114155,0.330424908060066,2.07776108425282));
#3034=CARTESIAN_POINT('Ctrl Pts',(1.22331494685533,0.320267590978833,2.07716038479443));
#3035=CARTESIAN_POINT('Ctrl Pts',(1.23665820222712,0.267514505134436,2.07404724167785));
#3036=CARTESIAN_POINT('Ctrl Pts',(1.24519904765572,0.224424671782206,2.07152751310063));
#3037=CARTESIAN_POINT('Ctrl Pts',(1.25538929447409,0.153959100753135,2.06732842082224));
#3038=CARTESIAN_POINT('Ctrl Pts',(1.25842049456738,0.126820033841376,2.06569235467796));
#3039=CARTESIAN_POINT('Ctrl Pts',(1.26156721888436,0.0869965535298151,2.06323686226641));
#3040=CARTESIAN_POINT('Ctrl Pts',(1.26237428985384,0.0743731804155745,2.06245049067515));
#3041=CARTESIAN_POINT('Ctrl Pts',(1.26351982266414,0.0509396135108315,2.06097233218364));
#3042=CARTESIAN_POINT('Ctrl Pts',(1.26390919527718,0.0401334980394538,2.060283186821));
#3043=CARTESIAN_POINT('Ctrl Pts',(1.26455816983452,0.0121564430188717,2.0584811955457));
#3044=CARTESIAN_POINT('Ctrl Pts',(1.26460662151237,-0.00501676929714369,
2.05735795043514));
#3045=CARTESIAN_POINT('Ctrl Pts',(1.26329484075889,-0.0797754526666681,
2.05240858534105));
#3046=CARTESIAN_POINT('Ctrl Pts',(1.25835054125654,-0.137225674996633,2.04845406548547));
#3047=CARTESIAN_POINT('Ctrl Pts',(1.24019697113365,-0.254067955366467,2.04031849021358));
#3048=CARTESIAN_POINT('Ctrl Pts',(1.22658430194962,-0.313258717781031,2.03614801842212));
#3049=CARTESIAN_POINT('Ctrl Pts',(1.19703326213705,-0.409476460253883,2.02939461740072));
#3050=CARTESIAN_POINT('Ctrl Pts',(1.18348409562243,-0.447130349176831,2.02675733806537));
#3051=CARTESIAN_POINT('Ctrl Pts',(1.16012911956798,-0.503489839132184,2.02282190271301));
#3052=CARTESIAN_POINT('Ctrl Pts',(1.15160391013619,-0.522695047719517,2.02148283653252));
#3053=CARTESIAN_POINT('Ctrl Pts',(1.13454456919558,-0.558679520733729,2.01897540772209));
#3054=CARTESIAN_POINT('Ctrl Pts',(1.12610677494378,-0.575497852628538,2.01780414390303));
#3055=CARTESIAN_POINT('Ctrl Pts',(1.10529244677809,-0.614773136752541,2.01506683524856));
#3056=CARTESIAN_POINT('Ctrl Pts',(1.09260187584822,-0.63705469252091,2.01351232844413));
#3057=CARTESIAN_POINT('Ctrl Pts',(1.03530638916947,-0.73089638411426,2.00693338215075));
#3058=CARTESIAN_POINT('Ctrl Pts',(0.984283840716494,-0.798282894801549,
2.00214399538205));
#3059=CARTESIAN_POINT('Ctrl Pts',(0.897088275163893,-0.892254293462745,
1.99480989507712));
#3060=CARTESIAN_POINT('Ctrl Pts',(0.865594485690453,-0.922838483333793,
1.99229172642081));
#3061=CARTESIAN_POINT('Ctrl Pts',(0.81203542987051,-0.969692526163963,1.98809483358109));
#3062=CARTESIAN_POINT('Ctrl Pts',(0.790918844803048,-0.986991536196314,
1.98645935957594));
#3063=CARTESIAN_POINT('Ctrl Pts',(0.759223610914419,-1.01128615970177,1.98400462567303));
#3064=CARTESIAN_POINT('Ctrl Pts',(0.749071984522425,-1.01882840544879,1.98321839902945));
#3065=CARTESIAN_POINT('Ctrl Pts',(0.73003396804207,-1.03253454114108,1.98174042527066));
#3066=CARTESIAN_POINT('Ctrl Pts',(0.721178659802051,-1.0387388886883,1.98105131723918));
#3067=CARTESIAN_POINT('Ctrl Pts',(0.698056356617864,-1.0545010466315,1.9792493798256));
#3068=CARTESIAN_POINT('Ctrl Pts',(0.683672596297244,-1.063882910183,1.97812615033929));
#3069=CARTESIAN_POINT('Ctrl Pts',(0.620209118585328,-1.10345873693095,1.97317532142913));
#3070=CARTESIAN_POINT('Ctrl Pts',(0.56929179437768,-1.13056905144477,1.96921921173692));
#3071=CARTESIAN_POINT('Ctrl Pts',(0.461361452898079,-1.17889063616934,1.96108293175106));
#3072=CARTESIAN_POINT('Ctrl Pts',(0.40429994887237,-1.19965832397271,1.95691335066503));
#3073=CARTESIAN_POINT('Ctrl Pts',(0.307503238027679,-1.22719233295178,1.95016110389693));
#3074=CARTESIAN_POINT('Ctrl Pts',(0.268541094639101,-1.23630315674668,1.9475241134542));
#3075=CARTESIAN_POINT('Ctrl Pts',(0.208549708864338,-1.24736064477397,1.94358901018515));
#3076=CARTESIAN_POINT('Ctrl Pts',(0.187797728320995,-1.25065329288355,1.94224999676044));
#3077=CARTESIAN_POINT('Ctrl Pts',(0.148323970574737,-1.2559116928337,1.93974263182126));
#3078=CARTESIAN_POINT('Ctrl Pts',(0.129621807984327,-1.25797950218322,1.93857138004898));
#3079=CARTESIAN_POINT('Ctrl Pts',(0.0853427530077046,-1.26187719279094,
1.93583404707083));
#3080=CARTESIAN_POINT('Ctrl Pts',(0.0597422186056427,-1.26334810733,1.9342795053637));
#3081=CARTESIAN_POINT('Ctrl Pts',(-0.0501530684827885,-1.26631390343209,
1.92770146362859));
#3082=CARTESIAN_POINT('Ctrl Pts',(-0.13443646992299,-1.26015653116706,1.92291290803101));
#3083=CARTESIAN_POINT('Ctrl Pts',(-0.260710116888697,-1.23810977012893,
1.91557938377521));
#3084=CARTESIAN_POINT('Ctrl Pts',(-0.303510308945011,-1.22831862420487,
1.91306091765226));
#3085=CARTESIAN_POINT('Ctrl Pts',(-0.371966945666002,-1.2088613755758,1.90886361282108));
#3086=CARTESIAN_POINT('Ctrl Pts',(-0.397971031382009,-1.2005515686954,1.907228034477));
#3087=CARTESIAN_POINT('Ctrl Pts',(-0.43559979084799,-1.18717017221097,1.90477317461677));
#3088=CARTESIAN_POINT('Ctrl Pts',(-0.447450904957645,-1.18275435014907,
1.90398693097108));
#3089=CARTESIAN_POINT('Ctrl Pts',(-0.469308218773337,-1.17423463304889,
1.9025089275283));
#3090=CARTESIAN_POINT('Ctrl Pts',(-0.479331461128113,-1.17017882954421,
1.90181980699391));
#3091=CARTESIAN_POINT('Ctrl Pts',(-0.505135640414234,-1.15935030426222,
1.90001784176669));
#3092=CARTESIAN_POINT('Ctrl Pts',(-0.520832450999775,-1.15238389104477,
1.89889459691628));
#3093=CARTESIAN_POINT('Ctrl Pts',(-0.588546944395642,-1.12066544408439,
1.8939449021102));
#3094=CARTESIAN_POINT('Ctrl Pts',(-0.638977730140038,-1.09269620506684,
1.88999002727289));
#3095=CARTESIAN_POINT('Ctrl Pts',(-0.738231601338199,-1.02842255487218,
1.88185421144469));
#3096=CARTESIAN_POINT('Ctrl Pts',(-0.786706732797013,-0.991832841793571,
1.87768385562219));
#3097=CARTESIAN_POINT('Ctrl Pts',(-0.862476192632056,-0.925577873957246,
1.87093058281779));
#3098=CARTESIAN_POINT('Ctrl Pts',(-0.891318036220197,-0.897837565209197,
1.86829331941525));
#3099=CARTESIAN_POINT('Ctrl Pts',(-0.933232799198651,-0.853509310167291,
1.86435788712577));
#3100=CARTESIAN_POINT('Ctrl Pts',(-0.947284565545086,-0.837886411452343,
1.86301880916954));
#3101=CARTESIAN_POINT('Ctrl Pts',(-0.973169952101432,-0.807622710935216,
1.86051134774935));
#3102=CARTESIAN_POINT('Ctrl Pts',(-0.985078560306752,-0.793053900749031,
1.8593400633298));
#3103=CARTESIAN_POINT('Ctrl Pts',(-1.0124354776245,-0.75801837035448,1.85660268182032));
#3104=CARTESIAN_POINT('Ctrl Pts',(-1.02759543994044,-0.737336555286647,
1.85504812364897));
#3105=CARTESIAN_POINT('Ctrl Pts',(-1.08986185277224,-0.646735810483887,
1.8484701106791));
#3106=CARTESIAN_POINT('Ctrl Pts',(-1.13054119447196,-0.572664028383053,
1.84368158638619));
#3107=CARTESIAN_POINT('Ctrl Pts',(-1.18072843301444,-0.454715168367313,
1.83634811577063));
#3108=CARTESIAN_POINT('Ctrl Pts',(-1.19579389669144,-0.41347558066341,1.83382967112615));
#3109=CARTESIAN_POINT('Ctrl Pts',(-1.21670449718857,-0.345449552350718,
1.82963239452478));
#3110=CARTESIAN_POINT('Ctrl Pts',(-1.2238767710226,-0.319109155225567,1.82799681990581));
#3111=CARTESIAN_POINT('Ctrl Pts',(-1.23311682136431,-0.28025542902806,1.82554195194341));
#3112=CARTESIAN_POINT('Ctrl Pts',(-1.23585802005027,-0.267908798806408,
1.82475569473094));
#3113=CARTESIAN_POINT('Ctrl Pts',(-1.24059857874934,-0.24493335265589,1.82327766756196));
#3114=CARTESIAN_POINT('Ctrl Pts',(-1.24264756557768,-0.234316396529284,
1.82258853686653));
#3115=CARTESIAN_POINT('Ctrl Pts',(-1.24759776234417,-0.206772791551395,
1.82078652095856));
#3116=CARTESIAN_POINT('Ctrl Pts',(-1.25029066165422,-0.189811370708522,
1.81966323469355));
#3117=CARTESIAN_POINT('Ctrl Pts',(-1.26048739864533,-0.115895236497948,
1.81472405147072));
#3118=CARTESIAN_POINT('Ctrl Pts',(-1.26445010510033,-0.0585245015370047,
1.81078048624575));
#3119=CARTESIAN_POINT('Ctrl Pts',(-1.26457570677768,0.0874310401603202,
1.80073834978289));
#3120=CARTESIAN_POINT('Ctrl Pts',(-1.25535667332438,0.175727301160871,1.7946717723842));
#3121=CARTESIAN_POINT('Ctrl Pts',(-1.23175751132052,0.286999732701273,1.78723548575366));
#3122=CARTESIAN_POINT('Ctrl Pts',(-1.2257925969335,0.311493291278047,1.7856100729621));
#3123=CARTESIAN_POINT('Ctrl Pts',(-1.21411579762811,0.353885917709779,1.78281497746539));
#3124=CARTESIAN_POINT('Ctrl Pts',(-1.20873006811417,0.371865696797471,1.78163526416024));
#3125=CARTESIAN_POINT('Ctrl Pts',(-1.19640630419893,0.409905393425199,1.77914902907514));
#3126=CARTESIAN_POINT('Ctrl Pts',(-1.18935942035214,0.429924096274893,1.77784649142829));
#3127=CARTESIAN_POINT('Ctrl Pts',(-1.16706408460552,0.488508827135641,1.77404380364067));
#3128=CARTESIAN_POINT('Ctrl Pts',(-1.1504185463958,0.526514096114709,1.77158977674124));
#3129=CARTESIAN_POINT('Ctrl Pts',(-1.10293626521071,0.621871487125203,1.76538376684344));
#3130=CARTESIAN_POINT('Ctrl Pts',(-1.0694875236737,0.677782558088996,1.76170040179002));
#3131=CARTESIAN_POINT('Ctrl Pts',(-1.00238253867102,0.772524953955672,1.75503876524154));
#3132=CARTESIAN_POINT('Ctrl Pts',(-0.970388136911443,0.812349349736188,
1.75208374523185));
#3133=CARTESIAN_POINT('Ctrl Pts',(-0.924561935233196,0.862808738252826,
1.74796809408962));
#3134=CARTESIAN_POINT('Ctrl Pts',(-0.912789454697463,0.875253697756535,
1.74691987567216));
#3135=CARTESIAN_POINT('Ctrl Pts',(-0.893184191114282,0.895153078293709,
1.74518106593995));
#3136=CARTESIAN_POINT('Ctrl Pts',(-0.885501768903122,0.902753368156667,
1.74450125637503));
#3137=CARTESIAN_POINT('Ctrl Pts',(-0.868605729958541,0.919045560886293,
1.74300748539403));
#3138=CARTESIAN_POINT('Ctrl Pts',(-0.859357520394814,0.927698915713677,
1.74219108155175));
#3139=CARTESIAN_POINT('Ctrl Pts',(-0.829685052316368,0.954638389757777,
1.73957996419986));
#3140=CARTESIAN_POINT('Ctrl Pts',(-0.808796368550188,0.972399067807142,
1.73775400181663));
#3141=CARTESIAN_POINT('Ctrl Pts',(-0.752759593161625,1.01698928933203,1.73292121344909));
#3142=CARTESIAN_POINT('Ctrl Pts',(-0.716752288591353,1.04267927382989,1.72988033778197));
#3143=CARTESIAN_POINT('Ctrl Pts',(-0.608926875920019,1.11138019044128,1.72108272750546));
#3144=CARTESIAN_POINT('Ctrl Pts',(-0.534081831446582,1.14922509725024,1.71536072493098));
#3145=CARTESIAN_POINT('Ctrl Pts',(-0.432073955004444,1.1886683687992,1.70820190559464));
#3146=CARTESIAN_POINT('Ctrl Pts',(-0.407831645516102,1.19720253047346,1.70654307842476));
#3147=CARTESIAN_POINT('Ctrl Pts',(-0.365410362634952,1.21069802428167,1.70371107275472));
#3148=CARTESIAN_POINT('Ctrl Pts',(-0.347350249406414,1.21600259258125,1.70252703650334));
#3149=CARTESIAN_POINT('Ctrl Pts',(-0.308919501619674,1.2263642265914,1.70005031786564));
#3150=CARTESIAN_POINT('Ctrl Pts',(-0.288527716835574,1.231321368268,1.69876117279006));
#3151=CARTESIAN_POINT('Ctrl Pts',(-0.229116100191312,1.24420691817062,1.69506954837152));
#3152=CARTESIAN_POINT('Ctrl Pts',(-0.189832225783053,1.25080342075728,1.69270876749229));
#3153=CARTESIAN_POINT('Ctrl Pts',(-0.0905935090094118,1.26268324344919,
1.68687439622797));
#3154=CARTESIAN_POINT('Ctrl Pts',(-0.030451892683938,1.26556278518457,1.68345771778863));
#3155=CARTESIAN_POINT('Ctrl Pts',(0.088070337269832,1.26278134828897,1.67667174280722));
#3156=CARTESIAN_POINT('Ctrl Pts',(0.146303328705339,1.25736514906845,1.67331073770044));
#3157=CARTESIAN_POINT('Ctrl Pts',(0.220890032139285,1.24517572210912,1.66874801926484));
#3158=CARTESIAN_POINT('Ctrl Pts',(0.237774012776755,1.24206217108785,1.66769760008183));
#3159=CARTESIAN_POINT('Ctrl Pts',(0.265178988200237,1.23642923515453,1.66595623143502));
#3160=CARTESIAN_POINT('Ctrl Pts',(0.275740854023206,1.23411673855417,1.66527613236695));
#3161=CARTESIAN_POINT('Ctrl Pts',(0.298592542995433,1.2288054131045,1.66378313764871));
#3162=CARTESIAN_POINT('Ctrl Pts',(0.310868989307282,1.22575719070731,1.66296783079462));
#3163=CARTESIAN_POINT('Ctrl Pts',(0.349498193290295,1.21554801182324,1.6603648541684));
#3164=CARTESIAN_POINT('Ctrl Pts',(0.375664472573349,1.20771765492119,1.65854619423456));
#3165=CARTESIAN_POINT('Ctrl Pts',(0.443195381890735,1.18510190375195,1.65374079278239));
#3166=CARTESIAN_POINT('Ctrl Pts',(0.484079728644699,1.16899750958364,1.65072039985358));
#3167=CARTESIAN_POINT('Ctrl Pts',(0.600685702963821,1.11589845085241,1.64190389993639));
#3168=CARTESIAN_POINT('Ctrl Pts',(0.673662322490105,1.07342241289366,1.63614193666111));
#3169=CARTESIAN_POINT('Ctrl Pts',(0.762645663583465,1.00895459795044,1.62895035923198));
#3170=CARTESIAN_POINT('Ctrl Pts',(0.782949812976135,0.993281196263765,1.62729498656647));
#3171=CARTESIAN_POINT('Ctrl Pts',(0.817301050235213,0.965056068583787,1.62446680620588));
#3172=CARTESIAN_POINT('Ctrl Pts',(0.831569779550292,0.952788531473772,1.62328322677816));
#3173=CARTESIAN_POINT('Ctrl Pts',(0.861178060298418,0.926160787392883,1.62080560115167));
#3174=CARTESIAN_POINT('Ctrl Pts',(0.876444302961042,0.911727437495686,1.61951513676458));
#3175=CARTESIAN_POINT('Ctrl Pts',(0.919695098853001,0.868745483552742,1.6158127565853));
#3176=CARTESIAN_POINT('Ctrl Pts',(0.946695433081394,0.839241312138802,1.61344295760339));
#3177=CARTESIAN_POINT('Ctrl Pts',(1.01099401434334,0.761920123453551,1.60757381357807));
#3178=CARTESIAN_POINT('Ctrl Pts',(1.04633608920956,0.712609483534375,1.60413241043482));
#3179=CARTESIAN_POINT('Ctrl Pts',(1.10817108567477,0.611757588544031,1.59735987034068));
#3180=CARTESIAN_POINT('Ctrl Pts',(1.13492920745766,0.560557669189595,1.59403783274591));
#3181=CARTESIAN_POINT('Ctrl Pts',(1.16499020482602,0.491988764549961,1.58951786656323));
#3182=CARTESIAN_POINT('Ctrl Pts',(1.17156349106494,0.47612397641618,1.58846721519785));
#3183=CARTESIAN_POINT('Ctrl Pts',(1.18174585754307,0.450059874032685,1.58672557530376));
#3184=CARTESIAN_POINT('Ctrl Pts',(1.18555090849301,0.439938858293607,1.58604544435388));
#3185=CARTESIAN_POINT('Ctrl Pts',(1.19352425247254,0.417875659092563,1.58455252845255));
#3186=CARTESIAN_POINT('Ctrl Pts',(1.19764388411646,0.405917853299708,1.5837373355659));
#3187=CARTESIAN_POINT('Ctrl Pts',(1.20737455644587,0.376234716905301,1.58170233356914));
#3188=CARTESIAN_POINT('Ctrl Pts',(1.21277491634545,0.35844488410334,1.58047277259575));
#3189=CARTESIAN_POINT('Ctrl Pts',(1.21778065427591,0.340544458288992,1.57922992797676));
#3190=CARTESIAN_POINT('Origin',(0.,0.,0.));
#3191=CARTESIAN_POINT('',(1.21778065427098,0.340544458306618,1.07727338615714));
#3192=CARTESIAN_POINT('',(1.21778068402872,0.340544351893452,1.21602129578489));
#3193=CARTESIAN_POINT('',(1.21778065461633,0.340544457071657,0.));
#3194=CARTESIAN_POINT('',(-1.26449944607157,0.00115092761050755,1.44352304015683));
#3195=CARTESIAN_POINT('Ctrl Pts',(1.21778068402872,0.340544351893456,1.21602129578489));
#3196=CARTESIAN_POINT('Ctrl Pts',(1.21323247086072,0.356808683138562,1.21714502378488));
#3197=CARTESIAN_POINT('Ctrl Pts',(1.20835694344915,0.372987195104242,1.21826047794752));
#3198=CARTESIAN_POINT('Ctrl Pts',(1.19526206130377,0.413481690927718,1.22104595498418));
#3199=CARTESIAN_POINT('Ctrl Pts',(1.18662635013445,0.437648905999359,1.22270225841731));
#3200=CARTESIAN_POINT('Ctrl Pts',(1.17039091590999,0.479061170768419,1.22553182881202));
#3201=CARTESIAN_POINT('Ctrl Pts',(1.16313045292549,0.496429363229791,1.22671588294514));
#3202=CARTESIAN_POINT('Ctrl Pts',(1.14694986896484,0.532829931362883,1.22919439402416));
#3203=CARTESIAN_POINT('Ctrl Pts',(1.13793753047638,0.551815182209117,1.2304852686442));
#3204=CARTESIAN_POINT('Ctrl Pts',(1.11041530628769,0.606247988790078,1.23418878632261));
#3205=CARTESIAN_POINT('Ctrl Pts',(1.09069175386758,0.641054371877879,1.23655928673444));
#3206=CARTESIAN_POINT('Ctrl Pts',(1.03699927607327,0.726131587593275,1.24243071340479));
#3207=CARTESIAN_POINT('Ctrl Pts',(1.001003037138,0.775001816911311,1.24587363994903));
#3208=CARTESIAN_POINT('Ctrl Pts',(0.924197144467576,0.864953670540439,1.25264524551779));
#3209=CARTESIAN_POINT('Ctrl Pts',(0.883801861078007,0.906188827508124,1.25596476990213));
#3210=CARTESIAN_POINT('Ctrl Pts',(0.827910540475391,0.955938991296618,1.26048213344424));
#3211=CARTESIAN_POINT('Ctrl Pts',(0.814851337874851,0.967094849522029,1.26153295723221));
#3212=CARTESIAN_POINT('Ctrl Pts',(0.793204520126331,0.984836953758227,1.2632749921166));
#3213=CARTESIAN_POINT('Ctrl Pts',(0.784751947013585,0.99158540303734,1.26395534422742));
#3214=CARTESIAN_POINT('Ctrl Pts',(0.766223547887123,1.00599298029399,1.26544898316939));
#3215=CARTESIAN_POINT('Ctrl Pts',(0.756117742712104,1.01361054154334,1.26626468482938));
#3216=CARTESIAN_POINT('Ctrl Pts',(0.723831468030921,1.03719581364075,1.2688695112813));
#3217=CARTESIAN_POINT('Ctrl Pts',(0.701247889601755,1.05259599116605,1.27068967676605));
#3218=CARTESIAN_POINT('Ctrl Pts',(0.641074813057579,1.09083298379088,1.27550040789497));
#3219=CARTESIAN_POINT('Ctrl Pts',(0.602761358427333,1.11246211234789,1.27852469681375));
#3220=CARTESIAN_POINT('Ctrl Pts',(0.488104441698221,1.16952476223032,1.28733741275484));
#3221=CARTESIAN_POINT('Ctrl Pts',(0.409246070695939,1.19939805278115,1.2930915806811));
#3222=CARTESIAN_POINT('Ctrl Pts',(0.303217194098068,1.22787534455142,1.30027706974078));
#3223=CARTESIAN_POINT('Ctrl Pts',(0.278240262230307,1.23377511762397,1.30193340599662));
#3224=CARTESIAN_POINT('Ctrl Pts',(0.234658848318283,1.24267844867883,1.30476301014606));
#3225=CARTESIAN_POINT('Ctrl Pts',(0.216135585433848,1.24603369634659,1.3059470661081));
#3226=CARTESIAN_POINT('Ctrl Pts',(0.176790162402164,1.2522567480052,1.30842556035811));
#3227=CARTESIAN_POINT('Ctrl Pts',(0.15595738513534,1.25502155335035,1.30971641682507));
#3228=CARTESIAN_POINT('Ctrl Pts',(0.0953134670375731,1.26153635052463,1.31341980090696));
#3229=CARTESIAN_POINT('Ctrl Pts',(0.0553801704774554,1.26391933708998,1.31579019081355));
#3230=CARTESIAN_POINT('Ctrl Pts',(-0.0452080729388792,1.26514431259801,
1.32166118864585));
#3231=CARTESIAN_POINT('Ctrl Pts',(-0.105790563738116,1.26152390931965,1.32510380935752));
#3232=CARTESIAN_POINT('Ctrl Pts',(-0.223053185504686,1.2460070361007,1.33187559255915));
#3233=CARTESIAN_POINT('Ctrl Pts',(-0.279636458761665,1.23453975825828,1.33519561139236));
#3234=CARTESIAN_POINT('Ctrl Pts',(-0.351793616183343,1.21470015563632,1.33971351766597));
#3235=CARTESIAN_POINT('Ctrl Pts',(-0.368258240663374,1.20981032288993,1.34076433848449));
#3236=CARTESIAN_POINT('Ctrl Pts',(-0.394920734465204,1.20129715269383,1.34250636844268));
#3237=CARTESIAN_POINT('Ctrl Pts',(-0.405181253326078,1.19787536127749,1.3431867186173));
#3238=CARTESIAN_POINT('Ctrl Pts',(-0.427349424879211,1.19016505989386,1.34468035304091));
#3239=CARTESIAN_POINT('Ctrl Pts',(-0.43923850588696,1.18582878389651,1.34549605210063));
#3240=CARTESIAN_POINT('Ctrl Pts',(-0.476591329278127,1.17156640591257,1.3481008622891));
#3241=CARTESIAN_POINT('Ctrl Pts',(-0.501798125417475,1.16099334764736,1.34992101365735));
#3242=CARTESIAN_POINT('Ctrl Pts',(-0.566614157283227,1.1313009595622,1.35473169166085));
#3243=CARTESIAN_POINT('Ctrl Pts',(-0.605603829453777,1.11091725985828,1.35775594086144));
#3244=CARTESIAN_POINT('Ctrl Pts',(-0.715855045911528,1.04574657183067,1.36656871091482));
#3245=CARTESIAN_POINT('Ctrl Pts',(-0.783818766471925,0.995824482870894,
1.37232297377254));
#3246=CARTESIAN_POINT('Ctrl Pts',(-0.865390399663323,0.922343742817304,
1.37950854249464));
#3247=CARTESIAN_POINT('Ctrl Pts',(-0.883927262481399,0.904594535813868,
1.38116487242881));
#3248=CARTESIAN_POINT('Ctrl Pts',(-0.915104468267758,0.872867867241534,
1.3839944696076));
#3249=CARTESIAN_POINT('Ctrl Pts',(-0.927995735556394,0.859149857773687,
1.38517852476489));
#3250=CARTESIAN_POINT('Ctrl Pts',(-0.95461978476868,0.829519615662815,1.38765702074439));
#3251=CARTESIAN_POINT('Ctrl Pts',(-0.968271912417463,0.813542445586264,
1.38894787966458));
#3252=CARTESIAN_POINT('Ctrl Pts',(-1.00672640707794,0.766198790395643,1.39265128436478));
#3253=CARTESIAN_POINT('Ctrl Pts',(-1.03044812730492,0.733986195586497,1.39502169165795));
#3254=CARTESIAN_POINT('Ctrl Pts',(-1.08619221424692,0.650246482043701,1.4008927596973));
#3255=CARTESIAN_POINT('Ctrl Pts',(-1.11610885093518,0.59744067667751,1.40433543118581));
#3256=CARTESIAN_POINT('Ctrl Pts',(-1.16687351373249,0.49060398752895,1.41110717824741));
#3257=CARTESIAN_POINT('Ctrl Pts',(-1.18802931803634,0.436887989559933,1.41442710826623));
#3258=CARTESIAN_POINT('Ctrl Pts',(-1.21063152505249,0.365549623489216,1.41894491679417));
#3259=CARTESIAN_POINT('Ctrl Pts',(-1.21548444622883,0.349074075744857,1.41999573799968));
#3260=CARTESIAN_POINT('Ctrl Pts',(-1.22284418063229,0.322070405106694,1.42173776941861));
#3261=CARTESIAN_POINT('Ctrl Pts',(-1.22555419223945,0.311599344443735,1.42241812069678));
#3262=CARTESIAN_POINT('Ctrl Pts',(-1.2311429212214,0.28880358376622,1.42391176059753));
#3263=CARTESIAN_POINT('Ctrl Pts',(-1.23397145371476,0.276468484498814,1.42472746409783));
#3264=CARTESIAN_POINT('Ctrl Pts',(-1.23959112271206,0.250154472770895,1.42648042086946));
#3265=CARTESIAN_POINT('Ctrl Pts',(-1.2423319667552,0.236166593225372,1.42741988692203));
#3266=CARTESIAN_POINT('Ctrl Pts',(-1.25785311488765,0.149187100171478,1.43329695199944));
#3267=CARTESIAN_POINT('Ctrl Pts',(-1.26443202352451,0.0752412904714121,
1.43843710684281));
#3268=CARTESIAN_POINT('Ctrl Pts',(-1.26449947596081,0.00115121450807272,
1.44352307275161));
#3269=CARTESIAN_POINT('Ctrl Pts',(-1.26449947621869,0.00115093121027494,
1.44352309219879));
#3270=CARTESIAN_POINT('Ctrl Pts',(-1.26454634049812,-0.0503376862331316,
1.44705756483348));
#3271=CARTESIAN_POINT('Ctrl Pts',(-1.26144837148543,-0.101786144856083,
1.4505604936401));
#3272=CARTESIAN_POINT('Ctrl Pts',(-1.2517936033612,-0.181042396992239,1.45586659517051));
#3273=CARTESIAN_POINT('Ctrl Pts',(-1.2474211164948,-0.209055815695995,1.45772495930287));
#3274=CARTESIAN_POINT('Ctrl Pts',(-1.2381422156009,-0.257706717531458,1.46092211141311));
#3275=CARTESIAN_POINT('Ctrl Pts',(-1.23365162287827,-0.278410955967122,
1.46227305427692));
#3276=CARTESIAN_POINT('Ctrl Pts',(-1.22420158878358,-0.317243603412761,
1.46479078408895));
#3277=CARTESIAN_POINT('Ctrl Pts',(-1.21935417435958,-0.33539304064996,1.46596078361776));
#3278=CARTESIAN_POINT('Ctrl Pts',(-1.20703178978548,-0.377723112823911,
1.46867727816853));
#3279=CARTESIAN_POINT('Ctrl Pts',(-1.19923164284354,-0.401801059493547,
1.47021281027352));
#3280=CARTESIAN_POINT('Ctrl Pts',(-1.16211249548669,-0.505643071176943,
1.47681695857846));
#3281=CARTESIAN_POINT('Ctrl Pts',(-1.12551921011944,-0.582570461030489,
1.48164426537095));
#3282=CARTESIAN_POINT('Ctrl Pts',(-1.05869960088343,-0.6928554054458,1.48902133627953));
#3283=CARTESIAN_POINT('Ctrl Pts',(-1.03397106502383,-0.729244043708458,
1.49154473922477));
#3284=CARTESIAN_POINT('Ctrl Pts',(-0.990881598180723,-0.78604120944632,
1.49574914346287));
#3285=CARTESIAN_POINT('Ctrl Pts',(-0.973663554872392,-0.807270823601275,
1.49738670946667));
#3286=CARTESIAN_POINT('Ctrl Pts',(-0.94748690299254,-0.837489682762892,
1.49984413275436));
#3287=CARTESIAN_POINT('Ctrl Pts',(-0.93905835130439,-0.846929620711428,
1.50063086356582));
#3288=CARTESIAN_POINT('Ctrl Pts',(-0.923165581321201,-0.864200532127263,
1.50210957011634));
#3289=CARTESIAN_POINT('Ctrl Pts',(-0.91574008101993,-0.872064974258999,
1.50279889859658));
#3290=CARTESIAN_POINT('Ctrl Pts',(-0.896264928135609,-0.89216836982682,
1.50460121895287));
#3291=CARTESIAN_POINT('Ctrl Pts',(-0.88406543703061,-0.904258511537732,
1.505724611219));
#3292=CARTESIAN_POINT('Ctrl Pts',(-0.82985100725889,-0.955841125291039,
1.5106781376012));
#3293=CARTESIAN_POINT('Ctrl Pts',(-0.78541123612299,-0.992679773382217,
1.51463695695287));
#3294=CARTESIAN_POINT('Ctrl Pts',(-0.689418754848133,-1.06176085000905,
1.52277406125769));
#3295=CARTESIAN_POINT('Ctrl Pts',(-0.637734493339519,-1.09358587136692,
1.52694174911539));
#3296=CARTESIAN_POINT('Ctrl Pts',(-0.548501451857157,-1.14004600380451,
1.53369170533017));
#3297=CARTESIAN_POINT('Ctrl Pts',(-0.512180770923275,-1.15681897570685,
1.53632823167028));
#3298=CARTESIAN_POINT('Ctrl Pts',(-0.455651044151822,-1.17973889475889,
1.54026314886448));
#3299=CARTESIAN_POINT('Ctrl Pts',(-0.435984507126341,-1.18714756033273,
1.54160241480922));
#3300=CARTESIAN_POINT('Ctrl Pts',(-0.398368396575196,-1.20025710527651,
1.54411054398522));
#3301=CARTESIAN_POINT('Ctrl Pts',(-0.380458551029592,-1.20605383368981,
1.54528230177295));
#3302=CARTESIAN_POINT('Ctrl Pts',(-0.337845216136945,-1.21880232522218,
1.548021373272));
#3303=CARTESIAN_POINT('Ctrl Pts',(-0.313045999325955,-1.22540639725971,
1.54957711991852));
#3304=CARTESIAN_POINT('Ctrl Pts',(-0.206152937635375,-1.25041492303444,
1.5561455792048));
#3305=CARTESIAN_POINT('Ctrl Pts',(-0.122535642769239,-1.26135757931892,
1.56092461687763));
#3306=CARTESIAN_POINT('Ctrl Pts',(0.00550123889371001,-1.26525218774287,
1.56825294022826));
#3307=CARTESIAN_POINT('Ctrl Pts',(0.0494855905516911,-1.2642958986664,1.57077628236599));
#3308=CARTESIAN_POINT('Ctrl Pts',(0.120582146914536,-1.25903417257859,1.57498059976086));
#3309=CARTESIAN_POINT('Ctrl Pts',(0.147761652940909,-1.25613429694699,1.57661814163308));
#3310=CARTESIAN_POINT('Ctrl Pts',(0.187357157078648,-1.25060692999455,1.57907553414125));
#3311=CARTESIAN_POINT('Ctrl Pts',(0.199863006825065,-1.24866935001967,1.57986225920476));
#3312=CARTESIAN_POINT('Ctrl Pts',(0.223000114146472,-1.24472816258709,1.58134095825975));
#3313=CARTESIAN_POINT('Ctrl Pts',(0.233638394492142,-1.24277524730602,1.58203028508678));
#3314=CARTESIAN_POINT('Ctrl Pts',(0.261101014254853,-1.23736877334019,1.5838326028249));
#3315=CARTESIAN_POINT('Ctrl Pts',(0.27788198947683,-1.23370853604966,1.5849559941727));
#3316=CARTESIAN_POINT('Ctrl Pts',(0.350665913997453,-1.21627281140188,1.58991020043929));
#3317=CARTESIAN_POINT('Ctrl Pts',(0.405760645216783,-1.19901769158941,1.59386974993549));
#3318=CARTESIAN_POINT('Ctrl Pts',(0.515946090726503,-1.15604204726452,1.60200715246228));
#3319=CARTESIAN_POINT('Ctrl Pts',(0.57075892006761,-1.12998622048994,1.6061744060674));
#3320=CARTESIAN_POINT('Ctrl Pts',(0.658275570190022,-1.0803850438946,1.61292380062905));
#3321=CARTESIAN_POINT('Ctrl Pts',(0.692104974425939,-1.05903249471237,1.6155601862476));
#3322=CARTESIAN_POINT('Ctrl Pts',(0.74208502044971,-1.02406618169192,1.61949494887174));
#3323=CARTESIAN_POINT('Ctrl Pts',(0.758999190911744,-1.01159381021604,1.62083419569607));
#3324=CARTESIAN_POINT('Ctrl Pts',(0.790460862911846,-0.987160638252542,
1.62334231088659));
#3325=CARTESIAN_POINT('Ctrl Pts',(0.805067171812547,-0.975285297250856,
1.62451407324872));
#3326=CARTESIAN_POINT('Ctrl Pts',(0.838944856532372,-0.946461864039427,
1.62725318915217));
#3327=CARTESIAN_POINT('Ctrl Pts',(0.857976526345222,-0.929244290129544,
1.62880897451567));
#3328=CARTESIAN_POINT('Ctrl Pts',(0.937101000413706,-0.853157014862139,
1.63537698962495));
#3329=CARTESIAN_POINT('Ctrl Pts',(0.991762339720588,-0.788951235256925,
1.64015560142876));
#3330=CARTESIAN_POINT('Ctrl Pts',(1.06467586552775,-0.683636599078943,1.64748368566245));
#3331=CARTESIAN_POINT('Ctrl Pts',(1.08780133080131,-0.646205496514493,1.65000723912749));
#3332=CARTESIAN_POINT('Ctrl Pts',(1.12206233508755,-0.583680816174537,1.65421185641127));
#3333=CARTESIAN_POINT('Ctrl Pts',(1.13441417074564,-0.559295489295986,1.65584947951795));
#3334=CARTESIAN_POINT('Ctrl Pts',(1.15131503659193,-0.523062224385525,1.65830697174979));
#3335=CARTESIAN_POINT('Ctrl Pts',(1.15649193143746,-0.511514209086288,1.65909371178466));
#3336=CARTESIAN_POINT('Ctrl Pts',(1.16577056345091,-0.489955351201722,1.66057243468998));
#3337=CARTESIAN_POINT('Ctrl Pts',(1.16991866074695,-0.479966191586111,1.66126177020537));
#3338=CARTESIAN_POINT('Ctrl Pts',(1.18032057735649,-0.453980792565411,1.66306410406969));
#3339=CARTESIAN_POINT('Ctrl Pts',(1.18637738014533,-0.437908515953027,1.66418750273409));
#3340=CARTESIAN_POINT('Ctrl Pts',(1.21132918967365,-0.367375346264446,1.66913994087495));
#3341=CARTESIAN_POINT('Ctrl Pts',(1.22681384421909,-0.311784916572618,1.67309758461235));
#3342=CARTESIAN_POINT('Ctrl Pts',(1.25069352551604,-0.19596223078254,1.68123419288726));
#3343=CARTESIAN_POINT('Ctrl Pts',(1.25865024380686,-0.135779507056386,1.68540256416815));
#3344=CARTESIAN_POINT('Ctrl Pts',(1.26463828566564,-0.0353412939086285,
1.69215341186537));
#3345=CARTESIAN_POINT('Ctrl Pts',(1.26512362380183,0.00466566418062453,
1.6947901662419));
#3346=CARTESIAN_POINT('Ctrl Pts',(1.26297043525372,0.0656310983617088,1.69872534751281));
#3347=CARTESIAN_POINT('Ctrl Pts',(1.26170545804481,0.0866093826236301,1.70006465720549));
#3348=CARTESIAN_POINT('Ctrl Pts',(1.25831736027164,0.126300933110823,1.70257284204743));
#3349=CARTESIAN_POINT('Ctrl Pts',(1.25629798117145,0.145017061148382,1.70374461246569));
#3350=CARTESIAN_POINT('Ctrl Pts',(1.2505404051385,0.189122118155047,1.70648367746887));
#3351=CARTESIAN_POINT('Ctrl Pts',(1.24644575724804,0.214456505607061,1.7080394059829));
#3352=CARTESIAN_POINT('Ctrl Pts',(1.23502738188127,0.273612979681714,1.71164426455111));
#3353=CARTESIAN_POINT('Ctrl Pts',(1.22708508989488,0.30727195036393,1.71367349447329));
#3354=CARTESIAN_POINT('Ctrl Pts',(1.21778070487782,0.340544277337427,1.71567781934478));
#3355=CARTESIAN_POINT('',(-1.26449965133469,-9.92144156880896E-6,1.30539777401942));
#3356=CARTESIAN_POINT('Ctrl Pts',(1.21778065427591,0.340544458288992,1.57922992797676));
#3357=CARTESIAN_POINT('Ctrl Pts',(1.2201246571707,0.332162347497377,1.57864794957015));
#3358=CARTESIAN_POINT('Ctrl Pts',(1.22238213115308,0.323755987246098,1.57806305394303));
#3359=CARTESIAN_POINT('Ctrl Pts',(1.23549600084295,0.272829049280015,1.57451469880081));
#3360=CARTESIAN_POINT('Ctrl Pts',(1.24421915088362,0.229792199991086,1.5714964058031));
#3361=CARTESIAN_POINT('Ctrl Pts',(1.26310961733386,0.103036800139779,1.56267794331661));
#3362=CARTESIAN_POINT('Ctrl Pts',(1.26716970989526,0.0186375083644039,1.55691185447421));
#3363=CARTESIAN_POINT('Ctrl Pts',(1.26147104283444,-0.0911499902783544,
1.549716908057));
#3364=CARTESIAN_POINT('Ctrl Pts',(1.2593637204653,-0.11670770197899,1.54806190202638));
#3365=CARTESIAN_POINT('Ctrl Pts',(1.25436517950175,-0.160879439193571,1.54523413056913));
#3366=CARTESIAN_POINT('Ctrl Pts',(1.25183269328234,-0.179524837466895,1.54405060243806));
#3367=CARTESIAN_POINT('Ctrl Pts',(1.24559376549368,-0.218855494028558,1.54157288911926));
#3368=CARTESIAN_POINT('Ctrl Pts',(1.24178592591264,-0.239518999173377,1.5402822903936));
#3369=CARTESIAN_POINT('Ctrl Pts',(1.22924062354521,-0.299209972448443,1.53657879542357));
#3370=CARTESIAN_POINT('Ctrl Pts',(1.21916454572375,-0.337931001907385,1.53420805979039));
#3371=CARTESIAN_POINT('Ctrl Pts',(1.18923410226139,-0.434003675085585,1.52833529145955));
#3372=CARTESIAN_POINT('Ctrl Pts',(1.16705743066859,-0.490524422116618,1.52489130898799));
#3373=CARTESIAN_POINT('Ctrl Pts',(1.11605961599904,-0.597237763611991,1.51812013381232));
#3374=CARTESIAN_POINT('Ctrl Pts',(1.08768436335499,-0.64747466877816,1.5148021316319));
#3375=CARTESIAN_POINT('Ctrl Pts',(1.04653957009392,-0.709936659968328,1.51028659382605));
#3376=CARTESIAN_POINT('Ctrl Pts',(1.03680263315853,-0.724082430074102,1.50923592373791));
#3377=CARTESIAN_POINT('Ctrl Pts',(1.02047048349728,-0.74680462962965,1.50749426355189));
#3378=CARTESIAN_POINT('Ctrl Pts',(1.01404758207016,-0.755502916906348,1.50681413169016));
#3379=CARTESIAN_POINT('Ctrl Pts',(0.999871334928858,-0.774194753453474,
1.50532122797554));
#3380=CARTESIAN_POINT('Ctrl Pts',(0.99207841574809,-0.784155972228809,1.504506048513));
#3381=CARTESIAN_POINT('Ctrl Pts',(0.966998554862716,-0.815241736371788,
1.50190400714615));
#3382=CARTESIAN_POINT('Ctrl Pts',(0.949177208583221,-0.835923258790042,
1.50008618458717));
#3383=CARTESIAN_POINT('Ctrl Pts',(0.900996941532556,-0.88830753150582,1.49528391524347));
#3384=CARTESIAN_POINT('Ctrl Pts',(0.869631860853186,-0.919035297554115,
1.49226586238014));
#3385=CARTESIAN_POINT('Ctrl Pts',(0.773543742264688,-1.00383949454128,1.48344715753507));
#3386=CARTESIAN_POINT('Ctrl Pts',(0.704926244212444,-1.05316028503424,1.47768057901933));
#3387=CARTESIAN_POINT('Ctrl Pts',(0.60969658850079,-1.10810087603277,1.47048523048235));
#3388=CARTESIAN_POINT('Ctrl Pts',(0.58710497703986,-1.12023452138665,1.46883026574249));
#3389=CARTESIAN_POINT('Ctrl Pts',(0.547321451189667,-1.14006728922611,1.46600254000335));
#3390=CARTESIAN_POINT('Ctrl Pts',(0.530298330005029,-1.14808446458665,1.4648190173241));
#3391=CARTESIAN_POINT('Ctrl Pts',(0.493901516629722,-1.16424347089299,1.46234129310296));
#3392=CARTESIAN_POINT('Ctrl Pts',(0.474490915056542,-1.17228836897509,1.46105067855586));
#3393=CARTESIAN_POINT('Ctrl Pts',(0.417577194631233,-1.19423136755964,1.45734705350856));
#3394=CARTESIAN_POINT('Ctrl Pts',(0.379603009957991,-1.20683936836459,1.45497620867269));
#3395=CARTESIAN_POINT('Ctrl Pts',(0.282698835655857,-1.23398500252924,1.44910301456994));
#3396=CARTESIAN_POINT('Ctrl Pts',(0.223202703858517,-1.24612137700871,1.44565872818032));
#3397=CARTESIAN_POINT('Ctrl Pts',(0.105920459155218,-1.26137300028836,1.43888772422458));
#3398=CARTESIAN_POINT('Ctrl Pts',(0.0483399501136007,-1.2648885118819,1.4355702081296));
#3399=CARTESIAN_POINT('Ctrl Pts',(-0.0264448851692628,-1.26434006590933,
1.43105520405939));
#3400=CARTESIAN_POINT('Ctrl Pts',(-0.0436112981127355,-1.2638643604513,
1.4300045317468));
#3401=CARTESIAN_POINT('Ctrl Pts',(-0.0715618387719936,-1.26251972904411,
1.42826286796219));
#3402=CARTESIAN_POINT('Ctrl Pts',(-0.0823544891198025,-1.26186167813539,
1.42758273475386));
#3403=CARTESIAN_POINT('Ctrl Pts',(-0.105750398828971,-1.26013374577075,
1.42608982620104));
#3404=CARTESIAN_POINT('Ctrl Pts',(-0.118348055385656,-1.25901307020893,
1.42527464320585));
#3405=CARTESIAN_POINT('Ctrl Pts',(-0.158075148169984,-1.25487750496152,
1.42267258509577));
#3406=CARTESIAN_POINT('Ctrl Pts',(-0.185123529469939,-1.25117319257238,
1.42085474898093));
#3407=CARTESIAN_POINT('Ctrl Pts',(-0.255288577313245,-1.23923910089501,
1.41605242948944));
#3408=CARTESIAN_POINT('Ctrl Pts',(-0.298134419756549,-1.2296346477844,1.41303433948612));
#3409=CARTESIAN_POINT('Ctrl Pts',(-0.421561590090672,-1.19513565501073,
1.40421570089425));
#3410=CARTESIAN_POINT('Ctrl Pts',(-0.500270905642965,-1.16438669376818,
1.39844922680105));
#3411=CARTESIAN_POINT('Ctrl Pts',(-0.598171990714004,-1.11436428387541,
1.39125396441955));
#3412=CARTESIAN_POINT('Ctrl Pts',(-0.62064247502366,-1.10200751418823,1.38959899175934));
#3413=CARTESIAN_POINT('Ctrl Pts',(-0.658925108791349,-1.07941275606443,
1.38677125468818));
#3414=CARTESIAN_POINT('Ctrl Pts',(-0.674912326425529,-1.06948941571441,
1.38558772848273));
#3415=CARTESIAN_POINT('Ctrl Pts',(-0.708269957880055,-1.04773815244271,
1.3831099982085));
#3416=CARTESIAN_POINT('Ctrl Pts',(-0.725579111461776,-1.03582653141803,
1.38181938111562));
#3417=CARTESIAN_POINT('Ctrl Pts',(-0.774950469459337,-1.00000552262205,
1.37811575134803));
#3418=CARTESIAN_POINT('Ctrl Pts',(-0.806186373900037,-0.974999097123945,
1.37574490430149));
#3419=CARTESIAN_POINT('Ctrl Pts',(-0.881676417135888,-0.90845160369646,
1.36987170631285));
#3420=CARTESIAN_POINT('Ctrl Pts',(-0.924223586160214,-0.865129295930598,
1.3664274181862));
#3421=CARTESIAN_POINT('Ctrl Pts',(-1.00081799876412,-0.77501246773891,1.35965641100348));
#3422=CARTESIAN_POINT('Ctrl Pts',(-1.03508926844709,-0.728608198479313,
1.35633889342139));
#3423=CARTESIAN_POINT('Ctrl Pts',(-1.07530884470871,-0.665556927032919,
1.35182388723091));
#3424=CARTESIAN_POINT('Ctrl Pts',(-1.084247478199,-0.650893596047913,1.35077321414645));
#3425=CARTESIAN_POINT('Ctrl Pts',(-1.09832308983284,-0.626708507444531,
1.34903154966766));
#3426=CARTESIAN_POINT('Ctrl Pts',(-1.10364165235214,-0.617294305649813,
1.34835141655863));
#3427=CARTESIAN_POINT('Ctrl Pts',(-1.11491807309641,-0.596722626477219,
1.34685851164429));
#3428=CARTESIAN_POINT('Ctrl Pts',(-1.12083026311295,-0.585542221402601,
1.34604333225277));
#3429=CARTESIAN_POINT('Ctrl Pts',(-1.13896980431321,-0.549957344076916,
1.34344128907713));
#3430=CARTESIAN_POINT('Ctrl Pts',(-1.15057457027588,-0.525245873592802,
1.34162346455365));
#3431=CARTESIAN_POINT('Ctrl Pts',(-1.17872711206392,-0.459878422676186,
1.33682118620402));
#3432=CARTESIAN_POINT('Ctrl Pts',(-1.19397409701064,-0.418701942204909,
1.33380312615254));
#3433=CARTESIAN_POINT('Ctrl Pts',(-1.23292528973932,-0.2939308647642,1.32480889508979));
#3434=CARTESIAN_POINT('Ctrl Pts',(-1.25019855212685,-0.208586003207794,
1.31887068408349));
#3435=CARTESIAN_POINT('Ctrl Pts',(-1.2608703720128,-0.0986133647121352,
1.31165877894758));
#3436=CARTESIAN_POINT('Ctrl Pts',(-1.26249317539494,-0.075031959444167,
1.3101359326389));
#3437=CARTESIAN_POINT('Ctrl Pts',(-1.26415116910675,-0.0342910408777397,
1.30754382128922));
#3438=CARTESIAN_POINT('Ctrl Pts',(-1.26449986718223,-0.0171516024270113,
1.30646513550942));
#3439=CARTESIAN_POINT('Ctrl Pts',(-1.26449999996206,-9.79477230718428E-6,
1.30539716121224));
#3440=CARTESIAN_POINT('Ctrl Pts',(-1.26449999996078,-9.958987076777E-6,
1.3053971714432));
#3441=CARTESIAN_POINT('Ctrl Pts',(-1.26450009666079,0.0122681124170985,
1.30463221912363));
#3442=CARTESIAN_POINT('Ctrl Pts',(-1.26432136680623,0.0245459452243677,
1.30387284323323));
#3443=CARTESIAN_POINT('Ctrl Pts',(-1.26347855134008,0.0534785363190948,
1.30209535257022));
#3444=CARTESIAN_POINT('Ctrl Pts',(-1.26266396321376,0.0701267292031933,
1.30108193431286));
#3445=CARTESIAN_POINT('Ctrl Pts',(-1.25868030904139,0.128054077441745,1.29758301029447));
#3446=CARTESIAN_POINT('Ctrl Pts',(-1.2538136569107,0.169191366074302,1.2951475574302));
#3447=CARTESIAN_POINT('Ctrl Pts',(-1.23292123024889,0.29323530794093,1.28785100315532));
#3448=CARTESIAN_POINT('Ctrl Pts',(-1.21061110808532,0.374835087257116,1.28312727497696));
#3449=CARTESIAN_POINT('Ctrl Pts',(-1.16821129699047,0.48516605210095,1.27622451680803));
#3450=CARTESIAN_POINT('Ctrl Pts',(-1.15482073472056,0.516229037663825,1.27421766788201));
#3451=CARTESIAN_POINT('Ctrl Pts',(-1.13435274860129,0.55891606939771,1.27132044326915));
#3452=CARTESIAN_POINT('Ctrl Pts',(-1.12830747485745,0.57102148547382,1.2704825635337));
#3453=CARTESIAN_POINT('Ctrl Pts',(-1.11711920947302,0.592553955430455,1.26895863879189));
#3454=CARTESIAN_POINT('Ctrl Pts',(-1.11204841755892,0.602016449813258,1.26827677160693));
#3455=CARTESIAN_POINT('Ctrl Pts',(-1.10052204164608,0.622882963577644,1.26674647824329));
#3456=CARTESIAN_POINT('Ctrl Pts',(-1.09400862864886,0.63425313448225,1.26589487288743));
#3457=CARTESIAN_POINT('Ctrl Pts',(-1.06566072192557,0.682002655885039,1.26224917858524));
#3458=CARTESIAN_POINT('Ctrl Pts',(-1.04218075392335,0.717369527175012,1.25937656643232));
#3459=CARTESIAN_POINT('Ctrl Pts',(-0.978227575669471,0.803916007192138,
1.25201330266232));
#3460=CARTESIAN_POINT('Ctrl Pts',(-0.935486256211472,0.853273806017423,
1.24749669297753));
#3461=CARTESIAN_POINT('Ctrl Pts',(-0.852507381534587,0.935331014699745,
1.23957391552546));
#3462=CARTESIAN_POINT('Ctrl Pts',(-0.813703787647849,0.969278183103431,
1.23613945568574));
#3463=CARTESIAN_POINT('Ctrl Pts',(-0.755173117852109,1.01448379834682,1.23134324720695));
#3464=CARTESIAN_POINT('Ctrl Pts',(-0.737050320267287,1.02772600711981,1.22990606826943));
#3465=CARTESIAN_POINT('Ctrl Pts',(-0.703251850752764,1.05106815545916,1.2273094632672));
#3466=CARTESIAN_POINT('Ctrl Pts',(-0.687687246147515,1.06131698557695,1.22614460328535));
#3467=CARTESIAN_POINT('Ctrl Pts',(-0.652110889667258,1.08363156758269,1.22354756867273));
#3468=CARTESIAN_POINT('Ctrl Pts',(-0.631979589790244,1.09549435976058,1.2221230952669));
#3469=CARTESIAN_POINT('Ctrl Pts',(-0.556745215444689,1.13706317926246,1.21694756919766));
#3470=CARTESIAN_POINT('Ctrl Pts',(-0.499785830126058,1.16322534096047,1.21331854943276));
#3471=CARTESIAN_POINT('Ctrl Pts',(-0.381849908208319,1.20712480933272,1.206102564896));
#3472=CARTESIAN_POINT('Ctrl Pts',(-0.321013179978161,1.2247079278989,1.20252572841299));
#3473=CARTESIAN_POINT('Ctrl Pts',(-0.226608018035558,1.24447273743182,1.1968884690302));
#3474=CARTESIAN_POINT('Ctrl Pts',(-0.19384341866101,1.24999518002411,1.19491554661661));
#3475=CARTESIAN_POINT('Ctrl Pts',(-0.147553087762281,1.25593370552107,1.19205842075225));
#3476=CARTESIAN_POINT('Ctrl Pts',(-0.134177964329865,1.25743295032284,1.19122475357343));
#3477=CARTESIAN_POINT('Ctrl Pts',(-0.110084945727803,1.25974483055346,1.18970436098553));
#3478=CARTESIAN_POINT('Ctrl Pts',(-0.0993763044789775,1.26063478191056,
1.18902167737532));
#3479=CARTESIAN_POINT('Ctrl Pts',(-0.0755069017602395,1.26231246490841,
1.18748524252858));
#3480=CARTESIAN_POINT('Ctrl Pts',(-0.0623429329633222,1.26303102779152,
1.18662819495644));
#3481=CARTESIAN_POINT('Ctrl Pts',(-0.00570545349057091,1.26523507425663,
1.18290583726464));
#3482=CARTESIAN_POINT('Ctrl Pts',(0.0378145376967986,1.26468246473007,1.17995806080363));
#3483=CARTESIAN_POINT('Ctrl Pts',(0.144675581326693,1.25780488112974,1.17262672520203));
#3484=CARTESIAN_POINT('Ctrl Pts',(0.207740457498686,1.24893898941267,1.16822297211735));
#3485=CARTESIAN_POINT('Ctrl Pts',(0.320426287598957,1.22432227443739,1.16039075958284));
#3486=CARTESIAN_POINT('Ctrl Pts',(0.370260468955001,1.21018442582109,1.15693938546954));
#3487=CARTESIAN_POINT('Ctrl Pts',(0.440288738180747,1.18558456577785,1.1521253949434));
#3488=CARTESIAN_POINT('Ctrl Pts',(0.461283046770936,1.17757504727609,1.15068651325468));
#3489=CARTESIAN_POINT('Ctrl Pts',(0.499279137168315,1.16190694679244,1.14808821518031));
#3490=CARTESIAN_POINT('Ctrl Pts',(0.516345919889958,1.15442382174398,1.14692332315324));
#3491=CARTESIAN_POINT('Ctrl Pts',(0.554398421595238,1.13672646462663,1.14432791963787));
#3492=CARTESIAN_POINT('Ctrl Pts',(0.575279552864116,1.1263028937419,1.14290506150201));
#3493=CARTESIAN_POINT('Ctrl Pts',(0.649897124316095,1.08643787800616,1.13781070481594));
#3494=CARTESIAN_POINT('Ctrl Pts',(0.701766188652427,1.05367872906693,1.13425512828205));
#3495=CARTESIAN_POINT('Ctrl Pts',(0.802788344952574,0.979094207193293,1.12705096345188));
#3496=CARTESIAN_POINT('Ctrl Pts',(0.851525782578204,0.937015334787084,1.12341650948703));
#3497=CARTESIAN_POINT('Ctrl Pts',(0.92045295013585,0.867667939888007,1.11770391512034));
#3498=CARTESIAN_POINT('Ctrl Pts',(0.943101760486262,0.842994651389902,1.115715955332));
#3499=CARTESIAN_POINT('Ctrl Pts',(0.973464368845315,0.807161307597415,1.11284104620236));
#3500=CARTESIAN_POINT('Ctrl Pts',(0.982020034947353,0.796730110471751,1.11200549670291));
#3501=CARTESIAN_POINT('Ctrl Pts',(0.997085013437905,0.777751314865417,1.11048354209211));
#3502=CARTESIAN_POINT('Ctrl Pts',(1.00365505887217,0.769254265368452,1.10980123981959));
#3503=CARTESIAN_POINT('Ctrl Pts',(1.01802471826683,0.75017249220828,1.10826760526217));
#3504=CARTESIAN_POINT('Ctrl Pts',(1.02576884740652,0.739548060758286,1.1074130296742));
#3505=CARTESIAN_POINT('Ctrl Pts',(1.05812341670657,0.693673739600345,1.10372692586706));
#3506=CARTESIAN_POINT('Ctrl Pts',(1.08109146886255,0.657304347441714,1.10081481816072));
#3507=CARTESIAN_POINT('Ctrl Pts',(1.1494460374606,0.535760454118446,1.09127027313986));
#3508=CARTESIAN_POINT('Ctrl Pts',(1.18696193967214,0.446532627292291,1.08457566085389));
#3509=CARTESIAN_POINT('Ctrl Pts',(1.21526221119385,0.349455933451409,1.07788414084796));
#3510=CARTESIAN_POINT('Ctrl Pts',(1.21653369444455,0.345003563472576,1.07757840832135));
#3511=CARTESIAN_POINT('Ctrl Pts',(1.21778065427098,0.340544458306618,1.07727338615714));
#3512=CARTESIAN_POINT('Origin',(0.,0.,0.));
#3513=CARTESIAN_POINT('',(1.21778064487165,0.34054449191845,0.577880475366185));
#3514=CARTESIAN_POINT('',(1.21778065463038,0.340544457021404,0.714057453367069));
#3515=CARTESIAN_POINT('',(1.21778065461633,0.340544457071657,0.));
#3516=CARTESIAN_POINT('Ctrl Pts',(1.21778065463038,0.340544457021404,0.714057453367069));
#3517=CARTESIAN_POINT('Ctrl Pts',(1.21711335485972,0.34293070860999,0.714220902345324));
#3518=CARTESIAN_POINT('Ctrl Pts',(1.2164390398823,0.345315003785364,0.714384641676197));
#3519=CARTESIAN_POINT('Ctrl Pts',(1.19988847522519,0.403185674803602,0.718368932288962));
#3520=CARTESIAN_POINT('Ctrl Pts',(1.1802402135248,0.457518381562752,0.722331484818567));
#3521=CARTESIAN_POINT('Ctrl Pts',(1.13250352781108,0.565743885013265,0.730469995643287));
#3522=CARTESIAN_POINT('Ctrl Pts',(1.10410102877764,0.619348303634007,0.734635345454333));
#3523=CARTESIAN_POINT('Ctrl Pts',(1.05076197368033,0.704597165732389,0.741382308883734));
#3524=CARTESIAN_POINT('Ctrl Pts',(1.02796463408764,0.73745993321777,0.744018104501757));
#3525=CARTESIAN_POINT('Ctrl Pts',(0.990865628828991,0.785867048552291,0.747952281247418));
#3526=CARTESIAN_POINT('Ctrl Pts',(0.977670473209758,0.802223313554961,0.749291506180755));
#3527=CARTESIAN_POINT('Ctrl Pts',(0.951892679695882,0.832595279811119,0.751799716519273));
#3528=CARTESIAN_POINT('Ctrl Pts',(0.939392792543474,0.846673381892763,0.752971592585146));
#3529=CARTESIAN_POINT('Ctrl Pts',(0.909119171085624,0.87927310740325,0.755711212319501));
#3530=CARTESIAN_POINT('Ctrl Pts',(0.891086399856812,0.897543330889326,0.757267379192895));
#3531=CARTESIAN_POINT('Ctrl Pts',(0.811683545978191,0.973237923755663,0.763831126661204));
#3532=CARTESIAN_POINT('Ctrl Pts',(0.745228902333015,1.02501586823276,0.768605654615488));
#3533=CARTESIAN_POINT('Ctrl Pts',(0.636894720036626,1.09328026003211,0.775931280826266));
#3534=CARTESIAN_POINT('Ctrl Pts',(0.598468137187744,1.11477893794139,0.778456688363001));
#3535=CARTESIAN_POINT('Ctrl Pts',(0.534476317785294,1.14631710680421,0.782663927970001));
#3536=CARTESIAN_POINT('Ctrl Pts',(0.509567184638405,1.15760481334473,0.784302259198945));
#3537=CARTESIAN_POINT('Ctrl Pts',(0.472621271464918,1.17292352776037,0.786760641148989));
#3538=CARTESIAN_POINT('Ctrl Pts',(0.460857174818005,1.17759547474313,0.787547534737147));
#3539=CARTESIAN_POINT('Ctrl Pts',(0.438913649075194,1.18593088412303,0.789026412688595));
#3540=CARTESIAN_POINT('Ctrl Pts',(0.42875389902357,1.18964167394509,0.789715746121091));
#3541=CARTESIAN_POINT('Ctrl Pts',(0.402343499193095,1.19890569522138,0.791517946510707));
#3542=CARTESIAN_POINT('Ctrl Pts',(0.386025459123388,1.20425887309242,0.79264120960683));
#3543=CARTESIAN_POINT('Ctrl Pts',(0.314098375706996,1.22624271463861,0.797619770704589));
#3544=CARTESIAN_POINT('Ctrl Pts',(0.257494228179697,1.23936463060896,0.801605568548735));
#3545=CARTESIAN_POINT('Ctrl Pts',(0.140586994587403,1.25810965336603,0.809752113170038));
#3546=CARTESIAN_POINT('Ctrl Pts',(0.0803676651908405,1.2633869774539,0.813902198183636));
#3547=CARTESIAN_POINT('Ctrl Pts',(-0.019891573713815,1.26497279778388,0.820629158064079));
#3548=CARTESIAN_POINT('Ctrl Pts',(-0.0597920446733534,1.26371567731667,
0.823259751244692));
#3549=CARTESIAN_POINT('Ctrl Pts',(-0.120503655866138,1.25892020164551,0.827188091177843));
#3550=CARTESIAN_POINT('Ctrl Pts',(-0.141393899663825,1.25674542242477,0.828526491118414));
#3551=CARTESIAN_POINT('Ctrl Pts',(-0.180890400072517,1.25163624049038,0.831033921244303));
#3552=CARTESIAN_POINT('Ctrl Pts',(-0.199503931108825,1.24880457137869,0.832205822171436));
#3553=CARTESIAN_POINT('Ctrl Pts',(-0.243347033769352,1.24112937298664,0.834946644610856));
#3554=CARTESIAN_POINT('Ctrl Pts',(-0.268506330251169,1.23593057590178,0.836503952104408));
#3555=CARTESIAN_POINT('Ctrl Pts',(-0.375026613054809,1.21051304620939,0.843055878853356));
#3556=CARTESIAN_POINT('Ctrl Pts',(-0.454426394897469,1.18299824903986,0.847818921060884));
#3557=CARTESIAN_POINT('Ctrl Pts',(-0.570574679624393,1.12931461566374,0.855138784070405));
#3558=CARTESIAN_POINT('Ctrl Pts',(-0.609626821833788,1.10872074147711,0.857670599902027));
#3559=CARTESIAN_POINT('Ctrl Pts',(-0.671042608629409,1.07210634096276,0.861886930329456));
#3560=CARTESIAN_POINT('Ctrl Pts',(-0.694101208967837,1.05732373264852,0.863527700252583));
#3561=CARTESIAN_POINT('Ctrl Pts',(-0.727093235434524,1.03462845489586,0.865988967263719));
#3562=CARTESIAN_POINT('Ctrl Pts',(-0.737417585362934,1.02729542340866,0.866776187070637));
#3563=CARTESIAN_POINT('Ctrl Pts',(-0.756350576980851,1.01341550540165,0.868255171817474));
#3564=CARTESIAN_POINT('Ctrl Pts',(-0.76498837623999,1.00691108405412,0.868944272056113));
#3565=CARTESIAN_POINT('Ctrl Pts',(-0.787110898693214,0.989803482354254,
0.870744970413397));
#3566=CARTESIAN_POINT('Ctrl Pts',(-0.800464846723391,0.979035474850837,
0.871866932647285));
#3567=CARTESIAN_POINT('Ctrl Pts',(-0.853722273795323,0.934273104180447,
0.876471846270193));
#3568=CARTESIAN_POINT('Ctrl Pts',(-0.891710707982533,0.898086362396227,
0.880059783465293));
#3569=CARTESIAN_POINT('Ctrl Pts',(-0.970916577758629,0.812643650157973,
0.888071249137205));
#3570=CARTESIAN_POINT('Ctrl Pts',(-1.01085803907183,0.762388243586163,0.892488645298173));
#3571=CARTESIAN_POINT('Ctrl Pts',(-1.06990455682349,0.675246864039954,0.89956137777191));
#3572=CARTESIAN_POINT('Ctrl Pts',(-1.09131571942667,0.640066157638937,0.902278898230296));
#3573=CARTESIAN_POINT('Ctrl Pts',(-1.1210897640288,0.585291878940993,0.906303319664247));
#3574=CARTESIAN_POINT('Ctrl Pts',(-1.13073625573467,0.566431329673582,0.907654173705939));
#3575=CARTESIAN_POINT('Ctrl Pts',(-1.14803478538199,0.530404711401878,0.910171799983928));
#3576=CARTESIAN_POINT('Ctrl Pts',(-1.15578675744863,0.513293344967265,0.911341783119233));
#3577=CARTESIAN_POINT('Ctrl Pts',(-1.17308082021456,0.472738763287388,0.914058326202346));
#3578=CARTESIAN_POINT('Ctrl Pts',(-1.18230622074128,0.449168879795055,0.915593920672196));
#3579=CARTESIAN_POINT('Ctrl Pts',(-1.2202979544706,0.342803121881034,0.922357945635668));
#3580=CARTESIAN_POINT('Ctrl Pts',(-1.24111774250855,0.257428189025918,0.927326707010704));
#3581=CARTESIAN_POINT('Ctrl Pts',(-1.26066337942708,0.11386254645385,0.935620711669866));
#3582=CARTESIAN_POINT('Ctrl Pts',(-1.2645243253835,0.0566905991715591,0.938914646383306));
#3583=CARTESIAN_POINT('Ctrl Pts',(-1.26449236274382,-0.0181536104437315,
0.943427012760859));
#3584=CARTESIAN_POINT('Ctrl Pts',(-1.2641168238224,-0.0357641337519785,
0.944503423404789));
#3585=CARTESIAN_POINT('Ctrl Pts',(-1.2629144907088,-0.0642310639213589,
0.946275359438817));
#3586=CARTESIAN_POINT('Ctrl Pts',(-1.26231506158656,-0.0750954005698032,
0.946959220702412));
#3587=CARTESIAN_POINT('Ctrl Pts',(-1.26072736072059,-0.0983995172157978,
0.948444613130004));
#3588=CARTESIAN_POINT('Ctrl Pts',(-1.25969504975153,-0.110834538110172,
0.949248211499108));
#3589=CARTESIAN_POINT('Ctrl Pts',(-1.25592620329749,-0.149316899080822,
0.951765019688775));
#3590=CARTESIAN_POINT('Ctrl Pts',(-1.25256446112141,-0.175294698811803,
0.953506539134284));
#3591=CARTESIAN_POINT('Ctrl Pts',(-1.24188656215159,-0.241565909067122,
0.958028815059394));
#3592=CARTESIAN_POINT('Ctrl Pts',(-1.2334153654071,-0.281642616675754,0.960839184039129));
#3593=CARTESIAN_POINT('Ctrl Pts',(-1.20003781189731,-0.408718321316631,
0.969877915755298));
#3594=CARTESIAN_POINT('Ctrl Pts',(-1.16773590089089,-0.493496852115416,
0.976081277132532));
#3595=CARTESIAN_POINT('Ctrl Pts',(-1.1164313751883,-0.594178878767374,0.983464478877628));
#3596=CARTESIAN_POINT('Ctrl Pts',(-1.10567039124966,-0.613971210139752,
0.984918390216012));
#3597=CARTESIAN_POINT('Ctrl Pts',(-1.08488488471058,-0.649880545156825,
0.987562363421764));
#3598=CARTESIAN_POINT('Ctrl Pts',(-1.07501548410305,-0.666079355898577,
0.988757488281984));
#3599=CARTESIAN_POINT('Ctrl Pts',(-1.05370116540125,-0.699354248725257,
0.991220115628702));
#3600=CARTESIAN_POINT('Ctrl Pts',(-1.04219676879685,-0.716385707926977,
0.992484952724457));
#3601=CARTESIAN_POINT('Ctrl Pts',(-1.008884657261,-0.763199864726347,0.995980828401958));
#3602=CARTESIAN_POINT('Ctrl Pts',(-0.986180154737516,-0.792320227422927,
0.998177456630593));
#3603=CARTESIAN_POINT('Ctrl Pts',(-0.928194088730516,-0.86033041845846,
1.00341470493718));
#3604=CARTESIAN_POINT('Ctrl Pts',(-0.891702805680634,-0.89809753633992,
1.00641441754249));
#3605=CARTESIAN_POINT('Ctrl Pts',(-0.800070762530071,-0.981825714787347,
1.0135092369477));
#3606=CARTESIAN_POINT('Ctrl Pts',(-0.743164334743028,-1.0255727617116,1.01758910000742));
#3607=CARTESIAN_POINT('Ctrl Pts',(-0.668807351564265,-1.07328284371528,
1.02293074310342));
#3608=CARTESIAN_POINT('Ctrl Pts',(-0.654570304341605,-1.0820244868631,1.02395422348583));
#3609=CARTESIAN_POINT('Ctrl Pts',(-0.630800755093846,-1.09597836141049,
1.02567131694865));
#3610=CARTESIAN_POINT('Ctrl Pts',(-0.621366969414119,-1.10135427693748,
1.02635502726989));
#3611=CARTESIAN_POINT('Ctrl Pts',(-0.600552150269766,-1.11286317883434,
1.02787021383666));
#3612=CARTESIAN_POINT('Ctrl Pts',(-0.589145165734763,-1.11894382386597,
1.02870440349039));
#3613=CARTESIAN_POINT('Ctrl Pts',(-0.551702200292179,-1.13817205085494,
1.03145011034245));
#3614=CARTESIAN_POINT('Ctrl Pts',(-0.525305579302356,-1.15059320234466,
1.03339729347369));
#3615=CARTESIAN_POINT('Ctrl Pts',(-0.453236986779126,-1.18150870115071,
1.03870130590537));
#3616=CARTESIAN_POINT('Ctrl Pts',(-0.406874033377658,-1.19826532813976,
1.04209920732773));
#3617=CARTESIAN_POINT('Ctrl Pts',(-0.287785019506604,-1.23359626455103,
1.05064251078066));
#3618=CARTESIAN_POINT('Ctrl Pts',(-0.214153859691336,-1.24848745450983,
1.05574973749377));
#3619=CARTESIAN_POINT('Ctrl Pts',(-0.113611492841191,-1.25965786270039,
1.06237907457759));
#3620=CARTESIAN_POINT('Ctrl Pts',(-0.0875093342071229,-1.26173998271833,
1.06407084058336));
#3621=CARTESIAN_POINT('Ctrl Pts',(-0.0424980600158029,-1.26392672486981,
1.06693985187676));
#3622=CARTESIAN_POINT('Ctrl Pts',(-0.0236174960661859,-1.26442047093438,
1.06812877092804));
#3623=CARTESIAN_POINT('Ctrl Pts',(0.0160539334690576,-1.26456893294652,
1.0705989995756));
#3624=CARTESIAN_POINT('Ctrl Pts',(0.0368395885803215,-1.26413418523296,
1.07187716441991));
#3625=CARTESIAN_POINT('Ctrl Pts',(0.0960252623267232,-1.26143509668357,
1.07547807395062));
#3626=CARTESIAN_POINT('Ctrl Pts',(0.134346661693757,-1.2579311278278,1.0777625889979));
#3627=CARTESIAN_POINT('Ctrl Pts',(0.228348751155713,-1.24499028634802,1.08331124466888));
#3628=CARTESIAN_POINT('Ctrl Pts',(0.283670045688205,-1.23356217458316,1.08652652909236));
#3629=CARTESIAN_POINT('Ctrl Pts',(0.399944510352064,-1.20130397135092,1.09342602243924));
#3630=CARTESIAN_POINT('Ctrl Pts',(0.460440293959692,-1.17944050084608,1.09710375152941));
#3631=CARTESIAN_POINT('Ctrl Pts',(0.534671533340418,-1.14602866770782,1.10201818653304));
#3632=CARTESIAN_POINT('Ctrl Pts',(0.550190297432456,-1.1386597055479,1.10306924358712));
#3633=CARTESIAN_POINT('Ctrl Pts',(0.575227627529677,-1.12613961129144,1.10481154677363));
#3634=CARTESIAN_POINT('Ctrl Pts',(0.584839203991778,-1.12117810658723,1.10549192649144));
#3635=CARTESIAN_POINT('Ctrl Pts',(0.605554257050249,-1.11014611516056,1.10698547141142));
#3636=CARTESIAN_POINT('Ctrl Pts',(0.616632059656957,-1.10403135249274,1.1078010480028));
#3637=CARTESIAN_POINT('Ctrl Pts',(0.651330932372319,-1.08419302555629,1.11040495749504));
#3638=CARTESIAN_POINT('Ctrl Pts',(0.67459884080656,-1.06987040229231,1.11222430215729));
#3639=CARTESIAN_POINT('Ctrl Pts',(0.734033242489328,-1.03057549717369,1.1170319614142));
#3640=CARTESIAN_POINT('Ctrl Pts',(0.769394347312078,-1.00445143587083,1.12005395481034));
#3641=CARTESIAN_POINT('Ctrl Pts',(0.868325058861831,-0.923069039051135,
1.12886882681361));
#3642=CARTESIAN_POINT('Ctrl Pts',(0.927835452908733,-0.863232390267924,
1.13462751404766));
#3643=CARTESIAN_POINT('Ctrl Pts',(0.997148948733941,-0.778018125996003,
1.14181670067918));
#3644=CARTESIAN_POINT('Ctrl Pts',(1.01272679947552,-0.757629735227864,1.14347264137065));
#3645=CARTESIAN_POINT('Ctrl Pts',(1.03864086934243,-0.721484317495104,1.14630180544874));
#3646=CARTESIAN_POINT('Ctrl Pts',(1.04926472924228,-0.705944803534661,1.14748580712912));
#3647=CARTESIAN_POINT('Ctrl Pts',(1.07100774293616,-0.672565423429478,1.14996439937733));
#3648=CARTESIAN_POINT('Ctrl Pts',(1.08203706883978,-0.65467373310004,1.15125540307373));
#3649=CARTESIAN_POINT('Ctrl Pts',(1.1127496294095,-0.601953762348518,1.15496000415069));
#3650=CARTESIAN_POINT('Ctrl Pts',(1.13123341053545,-0.566455183033314,1.15733141614454));
#3651=CARTESIAN_POINT('Ctrl Pts',(1.17343723560269,-0.47506343349836,1.16320637645246));
#3652=CARTESIAN_POINT('Ctrl Pts',(1.19487442811425,-0.418229156630597,1.16665181924605));
#3653=CARTESIAN_POINT('Ctrl Pts',(1.228548627302,-0.3048691412335,1.17342208619132));
#3654=CARTESIAN_POINT('Ctrl Pts',(1.2411557652288,-0.248612147879449,1.17673766587678));
#3655=CARTESIAN_POINT('Ctrl Pts',(1.25248852234038,-0.17472186386042,1.18125069982865));
#3656=CARTESIAN_POINT('Ctrl Pts',(1.25474595491001,-0.157695116081562,1.18230154062452));
#3657=CARTESIAN_POINT('Ctrl Pts',(1.25785869330115,-0.129879730507235,1.18404359398353));
#3658=CARTESIAN_POINT('Ctrl Pts',(1.25892357451105,-0.119116178044684,1.18472394695902));
#3659=CARTESIAN_POINT('Ctrl Pts',(1.26093450417523,-0.0957317821035213,
1.18621757667281));
#3660=CARTESIAN_POINT('Ctrl Pts',(1.26182937114026,-0.0831083936040381,
1.187033267976));
#3661=CARTESIAN_POINT('Ctrl Pts',(1.2640576947634,-0.0431883865420994,1.18963801385855));
#3662=CARTESIAN_POINT('Ctrl Pts',(1.26469571654676,-0.0158622298858653,
1.19145810651325));
#3663=CARTESIAN_POINT('Ctrl Pts',(1.26404957022362,0.0554251143485551,1.19626856358209));
#3664=CARTESIAN_POINT('Ctrl Pts',(1.26135844958025,0.0993368668874637,1.19929264724039));
#3665=CARTESIAN_POINT('Ctrl Pts',(1.24878418070976,0.209800010010449,1.20694279276204));
#3666=CARTESIAN_POINT('Ctrl Pts',(1.23587180493464,0.275850817940641,1.21155151867416));
#3667=CARTESIAN_POINT('Ctrl Pts',(1.21778068402872,0.340544351893456,1.21602129578489));
#3668=CARTESIAN_POINT('Ctrl Pts',(1.21778065427098,0.340544458306618,1.07727338615714));
#3669=CARTESIAN_POINT('Ctrl Pts',(1.22484569464271,0.315280005233096,1.07554518781527));
#3670=CARTESIAN_POINT('Ctrl Pts',(1.23112350645969,0.289799331565757,1.07383999506034));
#3671=CARTESIAN_POINT('Ctrl Pts',(1.24069376663617,0.244994800502402,1.07090595164394));
#3672=CARTESIAN_POINT('Ctrl Pts',(1.24433804420399,0.225757339971439,1.06966648760041));
#3673=CARTESIAN_POINT('Ctrl Pts',(1.25072776875096,0.187144088130327,1.06721669464849));
#3674=CARTESIAN_POINT('Ctrl Pts',(1.25347312753294,0.167773796204921,1.06600667986256));
#3675=CARTESIAN_POINT('Ctrl Pts',(1.2593777625779,0.117790538944556,1.06292785092987));
#3676=CARTESIAN_POINT('Ctrl Pts',(1.26187115794619,0.0871112143479365,1.06108001650584));
#3677=CARTESIAN_POINT('Ctrl Pts',(1.26772359579963,-0.0440421012021931,
1.05331054469824));
#3678=CARTESIAN_POINT('Ctrl Pts',(1.26021671009949,-0.144624278773323,1.04770764356788));
#3679=CARTESIAN_POINT('Ctrl Pts',(1.2331761249842,-0.282561869972626,1.03955674644149));
#3680=CARTESIAN_POINT('Ctrl Pts',(1.22360828480915,-0.321475886645813,1.03719843038928));
#3681=CARTESIAN_POINT('Ctrl Pts',(1.20817526565086,-0.373462054544227,1.03388914502279));
#3682=CARTESIAN_POINT('Ctrl Pts',(1.20391095563174,-0.386988047286774,1.03301317598218));
#3683=CARTESIAN_POINT('Ctrl Pts',(1.19603647927811,-0.410574192242382,1.03145469320897));
#3684=CARTESIAN_POINT('Ctrl Pts',(1.19252473311532,-0.420665145931652,1.03077756019979));
#3685=CARTESIAN_POINT('Ctrl Pts',(1.18384877946993,-0.44461328364888,1.02914570719133));
#3686=CARTESIAN_POINT('Ctrl Pts',(1.17856886346484,-0.458425885170876,1.02818487928951));
#3687=CARTESIAN_POINT('Ctrl Pts',(1.15531684047244,-0.516196104049637,1.024092440183));
#3688=CARTESIAN_POINT('Ctrl Pts',(1.13511931119654,-0.55921262509743,1.02086431682865));
#3689=CARTESIAN_POINT('Ctrl Pts',(1.0788363147912,-0.663404207725334,1.01274209021984));
#3690=CARTESIAN_POINT('Ctrl Pts',(1.03992401852412,-0.722877732396091,1.00783291868143));
#3691=CARTESIAN_POINT('Ctrl Pts',(0.969595331583238,-0.812843819837137,
1.00014154836077));
#3692=CARTESIAN_POINT('Ctrl Pts',(0.941230995183953,-0.845526511461953,
0.997280010030264));
#3693=CARTESIAN_POINT('Ctrl Pts',(0.896364355622611,-0.892161331398369,
0.993097843951649));
#3694=CARTESIAN_POINT('Ctrl Pts',(0.881091895198489,-0.907247520670436,
0.991727549018556));
#3695=CARTESIAN_POINT('Ctrl Pts',(0.851791870329061,-0.93475203914604,0.98919368916368));
#3696=CARTESIAN_POINT('Ctrl Pts',(0.837858318575135,-0.947261454374224,
0.988026386062523));
#3697=CARTESIAN_POINT('Ctrl Pts',(0.805198373904455,-0.975298563919968,
0.985371699785857));
#3698=CARTESIAN_POINT('Ctrl Pts',(0.786291257980224,-0.990604808676277,
0.983893560920218));
#3699=CARTESIAN_POINT('Ctrl Pts',(0.692439334195702,-1.06220131954116,0.976810851389598));
#3700=CARTESIAN_POINT('Ctrl Pts',(0.611837444000206,-1.11058555723337,0.971515763488178));
#3701=CARTESIAN_POINT('Ctrl Pts',(0.490693790863894,-1.16607963884524,0.963878324881566));
#3702=CARTESIAN_POINT('Ctrl Pts',(0.454013765393148,-1.18084430591604,0.961599570024347));
#3703=CARTESIAN_POINT('Ctrl Pts',(0.392505862945095,-1.20231291103743,0.957745752522717));
#3704=CARTESIAN_POINT('Ctrl Pts',(0.368057260194549,-1.21002101295157,0.956205559507345));
#3705=CARTESIAN_POINT('Ctrl Pts',(0.331473169475293,-1.22034388113698,0.953865638616525));
#3706=CARTESIAN_POINT('Ctrl Pts',(0.319504911333499,-1.22353186844187,0.953094640906777));
#3707=CARTESIAN_POINT('Ctrl Pts',(0.296905218809615,-1.22919757263673,0.951625108124364));
#3708=CARTESIAN_POINT('Ctrl Pts',(0.286285110995757,-1.23171432621925,0.950928675294132));
#3709=CARTESIAN_POINT('Ctrl Pts',(0.258220121397043,-1.23798263498179,0.949074830652325));
#3710=CARTESIAN_POINT('Ctrl Pts',(0.240726468123234,-1.24150285020026,0.947905843131378));
#3711=CARTESIAN_POINT('Ctrl Pts',(0.135499130002435,-1.26037004942535,0.940816960995895));
#3712=CARTESIAN_POINT('Ctrl Pts',(0.0464214122632143,-1.26678213589602,
0.934599413114716));
#3713=CARTESIAN_POINT('Ctrl Pts',(-0.103321314604246,-1.26173597750831,
0.924362961245499));
#3714=CARTESIAN_POINT('Ctrl Pts',(-0.163834454200605,-1.25531389491902,
0.920281202307956));
#3715=CARTESIAN_POINT('Ctrl Pts',(-0.246524362648349,-1.24045384383066,
0.914818844277316));
#3716=CARTESIAN_POINT('Ctrl Pts',(-0.269274129566422,-1.23571499942154,
0.913327615299542));
#3717=CARTESIAN_POINT('Ctrl Pts',(-0.310009268114798,-1.22605122525559,
0.910676282704503));
#3718=CARTESIAN_POINT('Ctrl Pts',(-0.32804031420579,-1.22135046775242,0.909509422755948));
#3719=CARTESIAN_POINT('Ctrl Pts',(-0.36765719797198,-1.21008149057014,0.906957672114997));
#3720=CARTESIAN_POINT('Ctrl Pts',(-0.389184640243696,-1.2033305625154,0.905579121975194));
#3721=CARTESIAN_POINT('Ctrl Pts',(-0.458457589532106,-1.17955310655181,
0.901157789387001));
#3722=CARTESIAN_POINT('Ctrl Pts',(-0.505364234701477,-1.16023128367372,
0.898189114974762));
#3723=CARTESIAN_POINT('Ctrl Pts',(-0.617804329238351,-1.10579778349843,
0.89097808858356));
#3724=CARTESIAN_POINT('Ctrl Pts',(-0.68163917207849,-1.06763205856949,0.886803190938736));
#3725=CARTESIAN_POINT('Ctrl Pts',(-0.761927368957343,-1.00947873405952,
0.881027438549867));
#3726=CARTESIAN_POINT('Ctrl Pts',(-0.781662178173531,-0.994275986037937,
0.879559875341574));
#3727=CARTESIAN_POINT('Ctrl Pts',(-0.815558826811391,-0.966530513101605,
0.876928707803676));
#3728=CARTESIAN_POINT('Ctrl Pts',(-0.829912468223339,-0.954234060113989,
0.875777470522903));
#3729=CARTESIAN_POINT('Ctrl Pts',(-0.852323351800281,-0.934146969394849,
0.873909905088706));
#3730=CARTESIAN_POINT('Ctrl Pts',(-0.86056254294702,-0.926562332598623,
0.873207515598473));
#3731=CARTESIAN_POINT('Ctrl Pts',(-0.87748792917798,-0.910561059732777,
0.871728815380462));
#3732=CARTESIAN_POINT('Ctrl Pts',(-0.886156013156159,-0.90212748664998,
0.87095142328992));
#3733=CARTESIAN_POINT('Ctrl Pts',(-0.911581276015953,-0.87667006868938,
0.868614225625436));
#3734=CARTESIAN_POINT('Ctrl Pts',(-0.927977709830031,-0.859295083554933,
0.867031299023169));
#3735=CARTESIAN_POINT('Ctrl Pts',(-1.00665310287738,-0.771045181128113,
0.859094423556607));
#3736=CARTESIAN_POINT('Ctrl Pts',(-1.06135691672339,-0.693818241120384,
0.852492616801782));
#3737=CARTESIAN_POINT('Ctrl Pts',(-1.13041893198777,-0.568742475449127,
0.842817704515495));
#3738=CARTESIAN_POINT('Ctrl Pts',(-1.15141209694825,-0.524943891920908,
0.839590297147884));
#3739=CARTESIAN_POINT('Ctrl Pts',(-1.17823337890229,-0.459581844831765,
0.835013418050102));
#3740=CARTESIAN_POINT('Ctrl Pts',(-1.18609145755424,-0.438903773552599,
0.833598387354165));
#3741=CARTESIAN_POINT('Ctrl Pts',(-1.19956798262131,-0.400430537284056,
0.831023460353215));
#3742=CARTESIAN_POINT('Ctrl Pts',(-1.20534267709546,-0.382697073830993,
0.829858677343479));
#3743=CARTESIAN_POINT('Ctrl Pts',(-1.21757742461336,-0.342096181675106,
0.827238521929414));
#3744=CARTESIAN_POINT('Ctrl Pts',(-1.22378955418175,-0.319161122256969,
0.825791516449767));
#3745=CARTESIAN_POINT('Ctrl Pts',(-1.25278676764134,-0.19875522082933,0.818343223768417));
#3746=CARTESIAN_POINT('Ctrl Pts',(-1.26458554291196,-0.0990108007303544,
0.812708959837265));
#3747=CARTESIAN_POINT('Ctrl Pts',(-1.26445677068692,0.0508531514973674,
0.804105269529534));
#3748=CARTESIAN_POINT('Ctrl Pts',(-1.26147605635395,0.100569524980672,0.801220888840506));
#3749=CARTESIAN_POINT('Ctrl Pts',(-1.25354611702198,0.166957713812274,0.797183582436777));
#3750=CARTESIAN_POINT('Ctrl Pts',(-1.2511734777756,0.183895643343016,0.796136979765068));
#3751=CARTESIAN_POINT('Ctrl Pts',(-1.24674312021827,0.211443888691432,0.794400109731758));
#3752=CARTESIAN_POINT('Ctrl Pts',(-1.24489150315809,0.222085715080803,0.793720576838991));
#3753=CARTESIAN_POINT('Ctrl Pts',(-1.24057138316673,0.245160202694901,0.79222648887743));
#3754=CARTESIAN_POINT('Ctrl Pts',(-1.23805195923536,0.257581437345237,0.791409471243093));
#3755=CARTESIAN_POINT('Ctrl Pts',(-1.22948068168821,0.296803599349188,0.7887936163518));
#3756=CARTESIAN_POINT('Ctrl Pts',(-1.22274213498703,0.323444840499408,0.786963373775514));
#3757=CARTESIAN_POINT('Ctrl Pts',(-1.20286582934852,0.392482978778995,0.782114616680082));
#3758=CARTESIAN_POINT('Ctrl Pts',(-1.1883543715674,0.434445244660789,0.779061813094343));
#3759=CARTESIAN_POINT('Ctrl Pts',(-1.14031823993645,0.552795959952242,0.770272525242092));
#3760=CARTESIAN_POINT('Ctrl Pts',(-1.10140275990702,0.626757403425227,0.764571098392815));
#3761=CARTESIAN_POINT('Ctrl Pts',(-1.04131872064266,0.717828139792877,0.757428903930265));
#3762=CARTESIAN_POINT('Ctrl Pts',(-1.02650057631353,0.738863072618887,0.755768050187099));
#3763=CARTESIAN_POINT('Ctrl Pts',(-0.999744974433465,0.774483420569378,
0.752933766149765));
#3764=CARTESIAN_POINT('Ctrl Pts',(-0.988104708731129,0.789280513551661,
0.75174942835723));
#3765=CARTESIAN_POINT('Ctrl Pts',(-0.962808503353276,0.819999832798001,
0.749273141599912));
#3766=CARTESIAN_POINT('Ctrl Pts',(-0.949078009538286,0.835853427453552,
0.747984704654899));
#3767=CARTESIAN_POINT('Ctrl Pts',(-0.908215680596932,0.880728269346744,
0.744298989634021));
#3768=CARTESIAN_POINT('Ctrl Pts',(-0.880101981157672,0.908822829825013,
0.741943175471491));
#3769=CARTESIAN_POINT('Ctrl Pts',(-0.806403574644465,0.975837986946849,
0.736127666384682));
#3770=CARTESIAN_POINT('Ctrl Pts',(-0.759289632957905,1.01292945604373,0.73272432157661));
#3771=CARTESIAN_POINT('Ctrl Pts',(-0.66106447219335,1.07954190892712,0.725931519615249));
#3772=CARTESIAN_POINT('Ctrl Pts',(-0.610167034328168,1.10910405417161,0.722549973637209));
#3773=CARTESIAN_POINT('Ctrl Pts',(-0.541995875878733,1.14258277074256,0.71796471846926));
#3774=CARTESIAN_POINT('Ctrl Pts',(-0.526436157262689,1.14983469359602,0.716914406299255));
#3775=CARTESIAN_POINT('Ctrl Pts',(-0.500841341414078,1.16113528772467,0.715172984051414));
#3776=CARTESIAN_POINT('Ctrl Pts',(-0.490892846726061,1.16537608191819,0.714492713746858));
#3777=CARTESIAN_POINT('Ctrl Pts',(-0.469179548063754,1.17430454040523,0.712998658843298));
#3778=CARTESIAN_POINT('Ctrl Pts',(-0.45739687784313,1.17894387783421,0.712182448271524));
#3779=CARTESIAN_POINT('Ctrl Pts',(-0.419933521826227,1.19304867400612,0.709574559036457));
#3780=CARTESIAN_POINT('Ctrl Pts',(-0.394015467286329,1.2018572650686,0.707751771399424));
#3781=CARTESIAN_POINT('Ctrl Pts',(-0.325659683273237,1.22264023041438,0.702930900960347));
#3782=CARTESIAN_POINT('Ctrl Pts',(-0.282845186234385,1.23324841597023,0.69989897938312));
#3783=CARTESIAN_POINT('Ctrl Pts',(-0.157283244107845,1.25747555733235,0.691100485575783));
#3784=CARTESIAN_POINT('Ctrl Pts',(-0.0736140819984143,1.26513542290161,
0.685368375695165));
#3785=CARTESIAN_POINT('Ctrl Pts',(0.0358812463289695,1.2642515569208,0.678201601719165));
#3786=CARTESIAN_POINT('Ctrl Pts',(0.0615446722431115,1.26326239253787,0.676544060684005));
#3787=CARTESIAN_POINT('Ctrl Pts',(0.105942046255535,1.26019479249126,0.673713034081143));
#3788=CARTESIAN_POINT('Ctrl Pts',(0.12469175647807,1.25847791394138,0.672528737244574));
#3789=CARTESIAN_POINT('Ctrl Pts',(0.164268194183216,1.25396072201386,0.670050258469446));
#3790=CARTESIAN_POINT('Ctrl Pts',(0.185077672652241,1.25105869881976,0.66875964518163));
#3791=CARTESIAN_POINT('Ctrl Pts',(0.245212667226655,1.24113904271801,0.665058876693579));
#3792=CARTESIAN_POINT('Ctrl Pts',(0.284291270905221,1.23277503257285,0.66269073940253));
#3793=CARTESIAN_POINT('Ctrl Pts',(0.381392014975491,1.20712839290428,0.656828985391192));
#3794=CARTESIAN_POINT('Ctrl Pts',(0.438690702348938,1.18750562602262,0.653393064250406));
#3795=CARTESIAN_POINT('Ctrl Pts',(0.54764388151624,1.14122618838417,0.646616447863004));
#3796=CARTESIAN_POINT('Ctrl Pts',(0.599300771884035,1.11496561080916,0.643284648405309));
#3797=CARTESIAN_POINT('Ctrl Pts',(0.663710693389294,1.07644938277542,0.638753885769452));
#3798=CARTESIAN_POINT('Ctrl Pts',(0.67826750085546,1.06733700779499,0.637703168040187));
#3799=CARTESIAN_POINT('Ctrl Pts',(0.70167808442802,1.05200997508744,0.635961578169987));
#3800=CARTESIAN_POINT('Ctrl Pts',(0.710646153533448,1.04597282946529,0.635281568966974));
#3801=CARTESIAN_POINT('Ctrl Pts',(0.729922804224473,1.03263376964559,0.633789793742492));
#3802=CARTESIAN_POINT('Ctrl Pts',(0.740201061248041,1.02529125639079,0.632975636900173));
#3803=CARTESIAN_POINT('Ctrl Pts',(0.772293724220828,1.00163104409232,0.630378150446479));
#3804=CARTESIAN_POINT('Ctrl Pts',(0.793690643369575,0.984762551319239,0.628563948338889));
#3805=CARTESIAN_POINT('Ctrl Pts',(0.847981743125107,0.939042307696171,0.623774749515613));
#3806=CARTESIAN_POINT('Ctrl Pts',(0.879953199513025,0.90915100566767,0.620766283743017));
#3807=CARTESIAN_POINT('Ctrl Pts',(0.969049261663797,0.816740938991528,0.611932391106484));
#3808=CARTESIAN_POINT('Ctrl Pts',(1.02153227867443,0.750065352724649,0.606140761268592));
#3809=CARTESIAN_POINT('Ctrl Pts',(1.08070273180549,0.657036683456639,0.598925367338013));
#3810=CARTESIAN_POINT('Ctrl Pts',(1.09378334479599,0.635022635480777,0.597272834756277));
#3811=CARTESIAN_POINT('Ctrl Pts',(1.11529228227452,0.596185001606616,0.594448825500355));
#3812=CARTESIAN_POINT('Ctrl Pts',(1.12402990811,0.579543146201876,0.593266615623625));
#3813=CARTESIAN_POINT('Ctrl Pts',(1.14173330688039,0.543917071941866,0.590791473964017));
#3814=CARTESIAN_POINT('Ctrl Pts',(1.15060392879474,0.524891803073946,0.589502128149029));
#3815=CARTESIAN_POINT('Ctrl Pts',(1.17496963423008,0.469043718527186,0.585802579329133));
#3816=CARTESIAN_POINT('Ctrl Pts',(1.18919932815297,0.431695542868647,0.583434476649389));
#3817=CARTESIAN_POINT('Ctrl Pts',(1.2074095609214,0.376119613560005,0.580021416603003));
#3818=CARTESIAN_POINT('Ctrl Pts',(1.21279149933593,0.358385581737937,0.578948174854822));
#3819=CARTESIAN_POINT('Ctrl Pts',(1.21778064487165,0.34054449191845,0.577880475366185));
#3820=CARTESIAN_POINT('Origin',(0.,0.,0.));
#3821=CARTESIAN_POINT('',(1.21778065461633,0.340544457071657,0.078295337536143));
#3822=CARTESIAN_POINT('',(1.21778065461633,0.340544457071658,0.215073983548129));
#3823=CARTESIAN_POINT('',(1.21778065461633,0.340544457071657,0.));
#3824=CARTESIAN_POINT('',(0.958116152722388,-0.825211298936491,0.));
#3825=CARTESIAN_POINT('Ctrl Pts',(1.21778065461633,0.340544457071657,0.078295337536143));
#3826=CARTESIAN_POINT('Ctrl Pts',(1.23163841934965,0.290989347722414,0.0750330318054704));
#3827=CARTESIAN_POINT('Ctrl Pts',(1.24249169598884,0.24049849292535,0.0717707260747977));
#3828=CARTESIAN_POINT('Ctrl Pts',(1.25022624873099,0.189458641882691,0.0685084203441251));
#3829=CARTESIAN_POINT('Ctrl Pts',(1.25781438946684,0.139384954914649,0.0653078687630632));
#3830=CARTESIAN_POINT('Ctrl Pts',(1.26240075724179,0.0887834020996245,0.0621073171820013));
#3831=CARTESIAN_POINT('Ctrl Pts',(1.26392789553226,0.0380332077977151,0.0589067656009394));
#3832=CARTESIAN_POINT('Ctrl Pts',(1.26545309201832,-0.0126524560345027,
0.0557102836219675));
#3833=CARTESIAN_POINT('Ctrl Pts',(1.26392676206411,-0.0634858781969083,
0.0525138016429955));
#3834=CARTESIAN_POINT('Ctrl Pts',(1.25934321927298,-0.114082891229041,0.0493173196640236));
#3835=CARTESIAN_POINT('Ctrl Pts',(1.25476396472197,-0.164632567048168,0.0461238282281537));
#3836=CARTESIAN_POINT('Ctrl Pts',(1.24713322105723,-0.214945765342806,0.0429303367922838));
#3837=CARTESIAN_POINT('Ctrl Pts',(1.23649730396212,-0.264640638025265,0.039736845356414));
#3838=CARTESIAN_POINT('Ctrl Pts',(1.22546868003229,-0.316170379857071,0.0364254415767128));
#3839=CARTESIAN_POINT('Ctrl Pts',(1.21120861162745,-0.367034658023855,0.0331140377970116));
#3840=CARTESIAN_POINT('Ctrl Pts',(1.19382706972567,-0.416817918988884,0.0298026340173104));
#3841=CARTESIAN_POINT('Ctrl Pts',(1.17707425760264,-0.464800406534096,0.0266110112200756));
#3842=CARTESIAN_POINT('Ctrl Pts',(1.15742219242677,-0.511778259563401,0.0234193884228407));
#3843=CARTESIAN_POINT('Ctrl Pts',(1.13501970100812,-0.55739620408058,0.0202277656256058));
#3844=CARTESIAN_POINT('Ctrl Pts',(1.11261669488104,-0.60301519669281,0.0170360694992436));
#3845=CARTESIAN_POINT('Ctrl Pts',(1.0874633704562,-0.647273764018154,0.0138443733728814));
#3846=CARTESIAN_POINT('Ctrl Pts',(1.05975501639341,-0.689840238916957,0.0106526772465192));
#3847=CARTESIAN_POINT('Ctrl Pts',(1.0320275906422,-0.732436012363947,0.00745878427245042));
#3848=CARTESIAN_POINT('Ctrl Pts',(1.0017419153094,-0.77333694796014,0.00426489129838161));
#3849=CARTESIAN_POINT('Ctrl Pts',(0.969136200037374,-0.81224089762651,0.00107099832431282));
#3850=CARTESIAN_POINT('Ctrl Pts',(0.965491675241367,-0.816589411622869,
0.000713998882875198));
#3851=CARTESIAN_POINT('Ctrl Pts',(0.961818205163426,-0.820913010429589,
0.00035699944143758));
#3852=CARTESIAN_POINT('Ctrl Pts',(0.958116152722388,-0.82521129893649,-3.76056033032776E-17));
#3853=CARTESIAN_POINT('',(-0.958200180072038,-0.825113728470151,6.75284184627682E-7));
#3854=CARTESIAN_POINT('Origin',(0.,0.,0.));
#3855=CARTESIAN_POINT('Ctrl Pts',(-0.958200180072038,-0.825113728470151,
6.75284184627682E-7));
#3856=CARTESIAN_POINT('Ctrl Pts',(-0.925176509861091,-0.863463940872311,
0.00320489961562664));
#3857=CARTESIAN_POINT('Ctrl Pts',(-0.889769820043591,-0.899917817269316,
0.00640912394706865));
#3858=CARTESIAN_POINT('Ctrl Pts',(-0.852229623528875,-0.93416535944116,
0.00961334827851066));
#3859=CARTESIAN_POINT('Ctrl Pts',(-0.815863026587895,-0.967342238573756,
0.012717400616765));
#3860=CARTESIAN_POINT('Ctrl Pts',(-0.77749480481551,-0.998448303011275,
0.0158214529550194));
#3861=CARTESIAN_POINT('Ctrl Pts',(-0.737392138398572,-1.02723565175084,
0.0189255052932738));
#3862=CARTESIAN_POINT('Ctrl Pts',(-0.697328796938747,-1.0559947714135,0.0220265137759448));
#3863=CARTESIAN_POINT('Ctrl Pts',(-0.655534824083654,-1.08243935491755,
0.0251275222586158));
#3864=CARTESIAN_POINT('Ctrl Pts',(-0.612310550965216,-1.10636162224504,
0.0282285307412868));
#3865=CARTESIAN_POINT('Ctrl Pts',(-0.569109907193472,-1.13027081202356,
0.0313278440004352));
#3866=CARTESIAN_POINT('Ctrl Pts',(-0.524480994769053,-1.15166014992572,
0.0344271572595836));
#3867=CARTESIAN_POINT('Ctrl Pts',(-0.478750952464147,-1.17036651332592,
0.037526470518732));
#3868=CARTESIAN_POINT('Ctrl Pts',(-0.433026066451406,-1.18907076748961,
0.0406254343147295));
#3869=CARTESIAN_POINT('Ctrl Pts',(-0.386200809115206,-1.20509244066305,
0.043724398110727));
#3870=CARTESIAN_POINT('Ctrl Pts',(-0.338622161360804,-1.21831657701738,
0.0468233619067245));
#3871=CARTESIAN_POINT('Ctrl Pts',(-0.290996779697966,-1.23155370271896,
0.0499253696456906));
#3872=CARTESIAN_POINT('Ctrl Pts',(-0.24261706494599,-1.24198766288536,0.0530273773846568));
#3873=CARTESIAN_POINT('Ctrl Pts',(-0.193843135718431,-1.24955395591181,
0.0561293851236229));
#3874=CARTESIAN_POINT('Ctrl Pts',(-0.145039890523051,-1.25712479672036,
0.0592332573496315));
#3875=CARTESIAN_POINT('Ctrl Pts',(-0.0958425096347205,-1.26182448945195,
0.0623371295756401));
#3876=CARTESIAN_POINT('Ctrl Pts',(-0.0466156769011578,-1.26364046653589,
0.0654410018016487));
#3877=CARTESIAN_POINT('Ctrl Pts',(0.00269678778863734,-1.26545960258135,
0.0685502733319767));
#3878=CARTESIAN_POINT('Ctrl Pts',(0.0520382550916463,-1.26438503464436,
0.0716595448623047));
#3879=CARTESIAN_POINT('Ctrl Pts',(0.101046521143706,-1.26045620731732,0.0747688163926327));
#3880=CARTESIAN_POINT('Ctrl Pts',(0.112254562634938,-1.25955769644883,0.0754798973413527));
#3881=CARTESIAN_POINT('Ctrl Pts',(0.123445214523575,-1.25851011347361,0.0761909782900728));
#3882=CARTESIAN_POINT('Ctrl Pts',(0.134614222792725,-1.25731430478696,0.0769020592387928));
#3883=CARTESIAN_POINT('Ctrl Pts',(0.183720651531822,-1.25205673019827,0.0800284465683195));
#3884=CARTESIAN_POINT('Ctrl Pts',(0.232622339878199,-1.24390686045438,0.0831548338978463));
#3885=CARTESIAN_POINT('Ctrl Pts',(0.280953267924185,-1.23289314672551,0.086281221227373));
#3886=CARTESIAN_POINT('Ctrl Pts',(0.329198508728967,-1.2218989595148,0.0894020656981956));
#3887=CARTESIAN_POINT('Ctrl Pts',(0.376874468079877,-1.20805112002041,0.0925229101690182));
#3888=CARTESIAN_POINT('Ctrl Pts',(0.423622178776609,-1.19142960331215,0.0956437546398409));
#3889=CARTESIAN_POINT('Ctrl Pts',(0.470324306453458,-1.17482429400561,0.0987615560201369));
#3890=CARTESIAN_POINT('Ctrl Pts',(0.516099465454892,-1.15545084475185,0.101879357400433));
#3891=CARTESIAN_POINT('Ctrl Pts',(0.56060289035254,-1.1334393011222,0.104997158780729));
#3892=CARTESIAN_POINT('Ctrl Pts',(0.605081680242914,-1.11143994205,0.108113234292513));
#3893=CARTESIAN_POINT('Ctrl Pts',(0.648289642332237,-1.08680562385465,0.111229309804298));
#3894=CARTESIAN_POINT('Ctrl Pts',(0.689903467833367,-1.05971385527957,0.114345385316082));
#3895=CARTESIAN_POINT('Ctrl Pts',(0.731511798112401,-1.03262566424834,0.117461049341376));
#3896=CARTESIAN_POINT('Ctrl Pts',(0.771525953212647,-1.00308096613097,0.12057671336667));
#3897=CARTESIAN_POINT('Ctrl Pts',(0.809650857502527,-0.971301054743288,
0.123692377391965));
#3898=CARTESIAN_POINT('Ctrl Pts',(0.847813897996039,-0.939489354025386,
0.126811158004695));
#3899=CARTESIAN_POINT('Ctrl Pts',(0.884083495553932,-0.905438327657849,
0.129929938617425));
#3900=CARTESIAN_POINT('Ctrl Pts',(0.918198404268916,-0.869408960385166,
0.133048719230156));
#3901=CARTESIAN_POINT('Ctrl Pts',(0.952332408217706,-0.833359426293406,
0.13616924552673));
#3902=CARTESIAN_POINT('Ctrl Pts',(0.984308970076217,-0.795329764599016,
0.139289771823305));
#3903=CARTESIAN_POINT('Ctrl Pts',(1.01390678860458,-0.755614500933875,0.142410298119879));
#3904=CARTESIAN_POINT('Ctrl Pts',(1.04355945388177,-0.715825642213452,0.145536606961604));
#3905=CARTESIAN_POINT('Ctrl Pts',(1.07082427866775,-0.674345404170017,0.148662915803329));
#3906=CARTESIAN_POINT('Ctrl Pts',(1.09552388382772,-0.631496373673693,0.151789224645054));
#3907=CARTESIAN_POINT('Ctrl Pts',(1.10696443956634,-0.611649225568944,0.153237292754978));
#3908=CARTESIAN_POINT('Ctrl Pts',(1.11785530444024,-0.591508739089413,0.154685360864903));
#3909=CARTESIAN_POINT('Ctrl Pts',(1.12818234478867,-0.571108437082791,0.156133428974827));
#3910=CARTESIAN_POINT('Ctrl Pts',(1.15040375856661,-0.527211682854165,0.15924933823475));
#3911=CARTESIAN_POINT('Ctrl Pts',(1.17010951458977,-0.481916941653202,0.162365247494673));
#3912=CARTESIAN_POINT('Ctrl Pts',(1.18712344044536,-0.435543553671942,0.165481156754596));
#3913=CARTESIAN_POINT('Ctrl Pts',(1.20411117089182,-0.389241564254483,0.168592268619811));
#3914=CARTESIAN_POINT('Ctrl Pts',(1.21841508815094,-0.341864727413682,0.171703380485026));
#3915=CARTESIAN_POINT('Ctrl Pts',(1.22990575807678,-0.293755129741743,0.174814492350241));
#3916=CARTESIAN_POINT('Ctrl Pts',(1.24138366901084,-0.245698951928265,0.177922149704016));
#3917=CARTESIAN_POINT('Ctrl Pts',(1.25005439355241,-0.196912157435955,0.181029807057792));
#3918=CARTESIAN_POINT('Ctrl Pts',(1.25583815875425,-0.147752390900226,0.184137464411568));
#3919=CARTESIAN_POINT('Ctrl Pts',(1.26161919245454,-0.0986158410708883,
0.187243654110522));
#3920=CARTESIAN_POINT('Ctrl Pts',(1.26451589552502,-0.0491072124092153,
0.190349843809477));
#3921=CARTESIAN_POINT('Ctrl Pts',(1.26449993430224,0.000407614575032744,
0.193456033508432));
#3922=CARTESIAN_POINT('Ctrl Pts',(1.26448397728389,0.0499093985746452,0.196561404988139));
#3923=CARTESIAN_POINT('Ctrl Pts',(1.26155688481429,0.0994168278346033,0.199666776467845));
#3924=CARTESIAN_POINT('Ctrl Pts',(1.25574243288346,0.148563764949388,0.202772147947552));
#3925=CARTESIAN_POINT('Ctrl Pts',(1.24992472760877,0.197738201111037,0.205879256966988));
#3926=CARTESIAN_POINT('Ctrl Pts',(1.24121651246489,0.246551197319383,0.208986365986425));
#3927=CARTESIAN_POINT('Ctrl Pts',(1.22969319428219,0.294643679613293,0.212093475005862));
#3928=CARTESIAN_POINT('Ctrl Pts',(1.22600859571978,0.310021324169605,0.213086977853284));
#3929=CARTESIAN_POINT('Ctrl Pts',(1.22203656658004,0.325325394921225,0.214080480700706));
#3930=CARTESIAN_POINT('Ctrl Pts',(1.21778065461633,0.340544457071658,0.215073983548128));
#3931=CARTESIAN_POINT('Origin',(0.,0.,0.));
#3932=CARTESIAN_POINT('',(-1.2644997574244,-0.000783245575134567,0.443419673619416));
#3933=CARTESIAN_POINT('Ctrl Pts',(1.21778065461633,0.340544457071658,0.215073983548128));
#3934=CARTESIAN_POINT('Ctrl Pts',(1.20445480557455,0.38819744578554,0.21818477838604));
#3935=CARTESIAN_POINT('Ctrl Pts',(1.18834221088298,0.435015381686161,0.221295573223952));
#3936=CARTESIAN_POINT('Ctrl Pts',(1.16958365312507,0.480660304521419,0.224406368061864));
#3937=CARTESIAN_POINT('Ctrl Pts',(1.15079192921382,0.526385930070036,0.227522662954733));
#3938=CARTESIAN_POINT('Ctrl Pts',(1.12934515558047,0.570933914530837,0.230638957847602));
#3939=CARTESIAN_POINT('Ctrl Pts',(1.10543034134993,0.613990236423176,0.233755252740472));
#3940=CARTESIAN_POINT('Ctrl Pts',(1.10131305953496,0.621403006158184,0.234291768063935));
#3941=CARTESIAN_POINT('Ctrl Pts',(1.09712272610117,0.628771633486447,0.234828283387399));
#3942=CARTESIAN_POINT('Ctrl Pts',(1.09286042083075,0.636094608200407,0.235364798710862));
#3943=CARTESIAN_POINT('Ctrl Pts',(1.06805828994372,0.678706614102151,0.238486753247483));
#3944=CARTESIAN_POINT('Ctrl Pts',(1.0407058566368,0.719959191176135,0.241608707784104));
#3945=CARTESIAN_POINT('Ctrl Pts',(1.01097689940511,0.759530090825389,0.244730662320725));
#3946=CARTESIAN_POINT('Ctrl Pts',(0.981302380640488,0.799028529839699,0.247846900060154));
#3947=CARTESIAN_POINT('Ctrl Pts',(0.949260295715612,0.836850964608122,0.250963137799583));
#3948=CARTESIAN_POINT('Ctrl Pts',(0.915068675698936,0.872702451442985,0.254079375539012));
#3949=CARTESIAN_POINT('Ctrl Pts',(0.880911581460231,0.908517736411023,0.257192466585414));
#3950=CARTESIAN_POINT('Ctrl Pts',(0.844609625569909,0.942365618951926,0.260305557631816));
#3951=CARTESIAN_POINT('Ctrl Pts',(0.806420866856161,0.973984412349067,0.263418648678218));
#3952=CARTESIAN_POINT('Ctrl Pts',(0.76825443513628,1.00558471987157,0.26652991966115));
#3953=CARTESIAN_POINT('Ctrl Pts',(0.728203807248579,1.03495817139371,0.269641190644082));
#3954=CARTESIAN_POINT('Ctrl Pts',(0.68656173120923,1.06188193281503,0.272752461627014));
#3955=CARTESIAN_POINT('Ctrl Pts',(0.644926299245633,1.08880139849686,0.275863236200495));
#3956=CARTESIAN_POINT('Ctrl Pts',(0.60170038366792,1.11327165366937,0.278974010773976));
#3957=CARTESIAN_POINT('Ctrl Pts',(0.557205292612798,1.13511343569015,0.282084785347458));
#3958=CARTESIAN_POINT('Ctrl Pts',(0.512666901756017,1.15697647274843,0.285198587129533));
#3959=CARTESIAN_POINT('Ctrl Pts',(0.466857362792144,1.17620568898684,0.288312388911608));
#3960=CARTESIAN_POINT('Ctrl Pts',(0.420120504056224,1.1926688610304,0.291426190693684));
#3961=CARTESIAN_POINT('Ctrl Pts',(0.373358313594505,1.20914095623592,0.294541680179534));
#3962=CARTESIAN_POINT('Ctrl Pts',(0.325668329555787,1.22284387037055,0.297657169665385));
#3963=CARTESIAN_POINT('Ctrl Pts',(0.277408780911785,1.23369551278792,0.300772659151235));
#3964=CARTESIAN_POINT('Ctrl Pts',(0.229060138911245,1.24456718873801,0.30389390023285));
#3965=CARTESIAN_POINT('Ctrl Pts',(0.180140374663226,1.25257699918801,0.307015141314464));
#3966=CARTESIAN_POINT('Ctrl Pts',(0.131015475451539,1.25769439658138,0.310136382396079));
#3967=CARTESIAN_POINT('Ctrl Pts',(0.107618100868441,1.26013172806958,0.311622977746351));
#3968=CARTESIAN_POINT('Ctrl Pts',(0.084174225089187,1.26191369237964,0.313109573096623));
#3969=CARTESIAN_POINT('Ctrl Pts',(0.0607232968001988,1.26304114391643,0.314596168446896));
#3970=CARTESIAN_POINT('Ctrl Pts',(0.0114798012743633,1.26540862609125,0.317717799734909));
#3971=CARTESIAN_POINT('Ctrl Pts',(-0.0380101553279639,1.26489711953388,
0.320839431022922));
#3972=CARTESIAN_POINT('Ctrl Pts',(-0.0873816953462837,1.26147718541336,
0.323961062310935));
#3973=CARTESIAN_POINT('Ctrl Pts',(-0.136663094324139,1.25806349530345,0.327076994220478));
#3974=CARTESIAN_POINT('Ctrl Pts',(-0.185825963206292,1.2517519471216,0.33019292613002));
#3975=CARTESIAN_POINT('Ctrl Pts',(-0.234504267890094,1.24256508817097,0.333308858039562));
#3976=CARTESIAN_POINT('Ctrl Pts',(-0.283133587002092,1.23338747406857,0.336421654348815));
#3977=CARTESIAN_POINT('Ctrl Pts',(-0.331278771321561,1.2213403786008,0.339534450658067));
#3978=CARTESIAN_POINT('Ctrl Pts',(-0.378579926961836,1.20649802689502,0.342647246967319));
#3979=CARTESIAN_POINT('Ctrl Pts',(-0.42585360292616,1.19166429787529,0.345758234892976));
#3980=CARTESIAN_POINT('Ctrl Pts',(-0.472283699737452,1.17403869356547,0.348869222818634));
#3981=CARTESIAN_POINT('Ctrl Pts',(-0.517524064477887,1.15374567937925,0.351980210744291));
#3982=CARTESIAN_POINT('Ctrl Pts',(-0.562757388972962,1.1334558231649,0.355090714542147));
#3983=CARTESIAN_POINT('Ctrl Pts',(-0.606800849711244,1.11049960638162,0.358201218340004));
#3984=CARTESIAN_POINT('Ctrl Pts',(-0.649329329393539,1.08504915648524,0.36131172213786));
#3985=CARTESIAN_POINT('Ctrl Pts',(-0.691899483746771,1.05957376708638,0.364425273992529));
#3986=CARTESIAN_POINT('Ctrl Pts',(-0.732951222617761,1.03159954777245,0.367538825847197));
#3987=CARTESIAN_POINT('Ctrl Pts',(-0.77218665816681,1.00134310550838,0.370652377701866));
#3988=CARTESIAN_POINT('Ctrl Pts',(-0.811443507011188,0.971070150361896,
0.373767628821611));
#3989=CARTESIAN_POINT('Ctrl Pts',(-0.848881664798342,0.93851285202452,0.376882879941356));
#3990=CARTESIAN_POINT('Ctrl Pts',(-0.884237488583619,0.903927161768765,
0.379998131061102));
#3991=CARTESIAN_POINT('Ctrl Pts',(-0.919658824142349,0.869277386741049,
0.3831191545149));
#3992=CARTESIAN_POINT('Ctrl Pts',(-0.952989756768398,0.832592124687309,
0.386240177968698));
#3993=CARTESIAN_POINT('Ctrl Pts',(-0.984005682749239,0.794161864053673,
0.389361201422496));
#3994=CARTESIAN_POINT('Ctrl Pts',(-0.998800783610416,0.775830005042041,
0.390849980342641));
#3995=CARTESIAN_POINT('Ctrl Pts',(-1.01306974284918,0.757101525562454,0.392338759262786));
#3996=CARTESIAN_POINT('Ctrl Pts',(-1.02679173789332,0.738010146945165,0.39382753818293));
#3997=CARTESIAN_POINT('Ctrl Pts',(-1.05577948068941,0.697679570290614,0.396972586718409));
#3998=CARTESIAN_POINT('Ctrl Pts',(-1.08245069987831,0.655550739628192,0.400117635253888));
#3999=CARTESIAN_POINT('Ctrl Pts',(-1.10657907476356,0.611917479155009,0.403262683789367));
#4000=CARTESIAN_POINT('Ctrl Pts',(-1.13066615848216,0.568358888784482,0.406402350166958));
#4001=CARTESIAN_POINT('Ctrl Pts',(-1.15221876318935,0.523301436098456,0.40954201654455));
#4002=CARTESIAN_POINT('Ctrl Pts',(-1.17105331283777,0.477068536472165,0.412681682922141));
#4003=CARTESIAN_POINT('Ctrl Pts',(-1.1898609752582,0.430901636539819,0.415816867274558));
#4004=CARTESIAN_POINT('Ctrl Pts',(-1.2059580800332,0.38356311395957,0.418952051626975));
#4005=CARTESIAN_POINT('Ctrl Pts',(-1.21920774894641,0.335399336476728,0.422087235979393));
#4006=CARTESIAN_POINT('Ctrl Pts',(-1.23244653145465,0.287275132087346,0.42521984435148));
#4007=CARTESIAN_POINT('Ctrl Pts',(-1.24284237505493,0.238327533642269,0.428352452723568));
#4008=CARTESIAN_POINT('Ctrl Pts',(-1.25030789942565,0.188919047832156,0.431485061095655));
#4009=CARTESIAN_POINT('Ctrl Pts',(-1.25777108679187,0.13952602883303,0.434616688837376));
#4010=CARTESIAN_POINT('Ctrl Pts',(-1.26230569137801,0.0896729387176981,
0.437748316579096));
#4011=CARTESIAN_POINT('Ctrl Pts',(-1.26387565987369,0.0397311764089696,
0.440879944320816));
#4012=CARTESIAN_POINT('Ctrl Pts',(-1.2643000712145,0.026230363900785,0.441726520753683));
#4013=CARTESIAN_POINT('Ctrl Pts',(-1.26450812340788,0.0127230983009179,
0.442573097186549));
#4014=CARTESIAN_POINT('Ctrl Pts',(-1.2644997574244,-0.00078324557513465,
0.443419673619416));
#4015=CARTESIAN_POINT('Ctrl Pts',(-1.26449978870896,-0.000730995894465191,
0.444305032692893));
#4016=CARTESIAN_POINT('Ctrl Pts',(-1.26445890147821,-0.0714590191740362,
0.448479142379645));
#4017=CARTESIAN_POINT('Ctrl Pts',(-1.25848418391874,-0.142062055781716,
0.452498129490526));
#4018=CARTESIAN_POINT('Ctrl Pts',(-1.23929565945594,-0.255003783726087,
0.45905129842919));
#4019=CARTESIAN_POINT('Ctrl Pts',(-1.22971496752215,-0.297794127584514,
0.461566336637837));
#4020=CARTESIAN_POINT('Ctrl Pts',(-1.21060014575882,-0.366266772556532,
0.465758800037842));
#4021=CARTESIAN_POINT('Ctrl Pts',(-1.20241962696874,-0.392289280193938,
0.467393018061023));
#4022=CARTESIAN_POINT('Ctrl Pts',(-1.1892267293447,-0.429953227385243,0.469845983115674));
#4023=CARTESIAN_POINT('Ctrl Pts',(-1.18487009539402,-0.441817629979757,
0.470631705992168));
#4024=CARTESIAN_POINT('Ctrl Pts',(-1.17645695784211,-0.463709216839852,
0.472109272759548));
#4025=CARTESIAN_POINT('Ctrl Pts',(-1.17244836016694,-0.473753120535627,
0.472798488156868));
#4026=CARTESIAN_POINT('Ctrl Pts',(-1.16174081597336,-0.499613396305644,
0.474600771645863));
#4027=CARTESIAN_POINT('Ctrl Pts',(-1.15484767596508,-0.515346529716111,
0.475724247787799));
#4028=CARTESIAN_POINT('Ctrl Pts',(-1.12337793391498,-0.583369802063663,
0.480685494059278));
#4029=CARTESIAN_POINT('Ctrl Pts',(-1.09555573589812,-0.634078012391172,
0.484652481962074));
#4030=CARTESIAN_POINT('Ctrl Pts',(-1.03167545074428,-0.73367058751609,0.492793269356595));
#4031=CARTESIAN_POINT('Ctrl Pts',(-0.995362464469656,-0.782228450783059,
0.496956445324786));
#4032=CARTESIAN_POINT('Ctrl Pts',(-0.929538368692319,-0.858205015183595,
0.503700897306427));
#4033=CARTESIAN_POINT('Ctrl Pts',(-0.901950096090103,-0.88715500422572,
0.506336269021525));
#4034=CARTESIAN_POINT('Ctrl Pts',(-0.857831490991944,-0.929261551082992,
0.510270329899902));
#4035=CARTESIAN_POINT('Ctrl Pts',(-0.842268698594819,-0.943390387513657,
0.511609827673257));
#4036=CARTESIAN_POINT('Ctrl Pts',(-0.812105872894064,-0.969432279039963,
0.514118839478548));
#4037=CARTESIAN_POINT('Ctrl Pts',(-0.797577877668857,-0.981419625953283,
0.515291237600324));
#4038=CARTESIAN_POINT('Ctrl Pts',(-0.762615285073126,-1.00897863417059,
0.518032680101293));
#4039=CARTESIAN_POINT('Ctrl Pts',(-0.741962968851484,-1.02426122084519,
0.519590124209903));
#4040=CARTESIAN_POINT('Ctrl Pts',(-0.652049799742497,-1.0866486939302,0.526138019340296));
#4041=CARTESIAN_POINT('Ctrl Pts',(-0.578667757704208,-1.12743929254227,
0.53089753647609));
#4042=CARTESIAN_POINT('Ctrl Pts',(-0.461297055607945,-1.17818125330429,
0.538213436188255));
#4043=CARTESIAN_POINT('Ctrl Pts',(-0.419921658778496,-1.19355411217525,
0.540744925915748));
#4044=CARTESIAN_POINT('Ctrl Pts',(-0.351699821200094,-1.21491449199789,
0.544960737148242));
#4045=CARTESIAN_POINT('Ctrl Pts',(-0.325312440452975,-1.22224448390103,
0.546601379654715));
#4046=CARTESIAN_POINT('Ctrl Pts',(-0.286400992817835,-1.23170418080575,
0.54906275867016));
#4047=CARTESIAN_POINT('Ctrl Pts',(-0.274048242664436,-1.23451133969968,
0.54985025897979));
#4048=CARTESIAN_POINT('Ctrl Pts',(-0.251070458332908,-1.23937118783136,
0.551329933319639));
#4049=CARTESIAN_POINT('Ctrl Pts',(-0.240457631697394,-1.24147388562143,
0.5520194468951));
#4050=CARTESIAN_POINT('Ctrl Pts',(-0.212929844931355,-1.2465617286493,0.553822022819415));
#4051=CARTESIAN_POINT('Ctrl Pts',(-0.195979099113362,-1.24933877952251,
0.554945480614255));
#4052=CARTESIAN_POINT('Ctrl Pts',(-0.12201320859715,-1.25991442664884,0.559891348074475));
#4053=CARTESIAN_POINT('Ctrl Pts',(-0.0645630323049486,-1.26416066826946,
0.563841870638828));
#4054=CARTESIAN_POINT('Ctrl Pts',(0.053650564797936,-1.26481774322876,0.571975306642836));
#4055=CARTESIAN_POINT('Ctrl Pts',(0.114279550155332,-1.26078686235507,0.576147652286897));
#4056=CARTESIAN_POINT('Ctrl Pts',(0.214008490678231,-1.24690049029783,0.58290361279562));
#4057=CARTESIAN_POINT('Ctrl Pts',(0.253347884948652,-1.23950630007044,0.585541621622257));
#4058=CARTESIAN_POINT('Ctrl Pts',(0.312719868204103,-1.2254012234114,0.589478196969338));
#4059=CARTESIAN_POINT('Ctrl Pts',(0.33304232947688,-1.22003474038043,0.590817690494358));
#4060=CARTESIAN_POINT('Ctrl Pts',(0.371294612401907,-1.20890644735635,0.593326036179428));
#4061=CARTESIAN_POINT('Ctrl Pts',(0.38924768362115,-1.20324593874458,0.594497788343308));
#4062=CARTESIAN_POINT('Ctrl Pts',(0.43135357821826,-1.1889290521333,0.597236512260127));
#4063=CARTESIAN_POINT('Ctrl Pts',(0.455382929799207,-1.17993420398248,0.598791927172879));
#4064=CARTESIAN_POINT('Ctrl Pts',(0.557072357916405,-1.13829927534153,0.605366642746687));
#4065=CARTESIAN_POINT('Ctrl Pts',(0.631638520402574,-1.09867604273204,0.6101514922259));
#4066=CARTESIAN_POINT('Ctrl Pts',(0.738258648514517,-1.02755246201054,0.617483724762435));
#4067=CARTESIAN_POINT('Ctrl Pts',(0.773504832471615,-1.00128904408038,0.620004862407149));
#4068=CARTESIAN_POINT('Ctrl Pts',(0.828334347231243,-0.955807803974893,
0.624206105581485));
#4069=CARTESIAN_POINT('Ctrl Pts',(0.848785600950311,-0.937693515490242,
0.625842850227553));
#4070=CARTESIAN_POINT('Ctrl Pts',(0.87782740957338,-0.91024138051229,0.628299257505496));
#4071=CARTESIAN_POINT('Ctrl Pts',(0.886890672947545,-0.90141291069343,0.629085827404783));
#4072=CARTESIAN_POINT('Ctrl Pts',(0.903452760853329,-0.884788298248717,
0.630564297674549));
#4073=CARTESIAN_POINT('Ctrl Pts',(0.910986668222015,-0.877029349104773,
0.631253553132215));
#4074=CARTESIAN_POINT('Ctrl Pts',(0.930224337619812,-0.856701737163744,
0.633055738421441));
#4075=CARTESIAN_POINT('Ctrl Pts',(0.941772934451932,-0.843989843429978,
0.634179069277226));
#4076=CARTESIAN_POINT('Ctrl Pts',(0.990979543501809,-0.787558927198463,
0.639135187191782));
#4077=CARTESIAN_POINT('Ctrl Pts',(1.02587679139833,-0.741529040802206,0.643096864684467));
#4078=CARTESIAN_POINT('Ctrl Pts',(1.09072645446603,-0.642609718802095,0.651235183069054));
#4079=CARTESIAN_POINT('Ctrl Pts',(1.12026349171046,-0.589611887471517,0.655401217704751));
#4080=CARTESIAN_POINT('Ctrl Pts',(1.16279016293056,-0.498474724322383,0.662148954683432));
#4081=CARTESIAN_POINT('Ctrl Pts',(1.17796671112013,-0.461468300325768,0.664784874626845));
#4082=CARTESIAN_POINT('Ctrl Pts',(1.1984068375418,-0.404008237259164,0.668718998258269));
#4083=CARTESIAN_POINT('Ctrl Pts',(1.20495384295875,-0.384041569322797,0.670058062583272));
#4084=CARTESIAN_POINT('Ctrl Pts',(1.21641664003643,-0.345897323458048,0.67256582509636));
#4085=CARTESIAN_POINT('Ctrl Pts',(1.22142987895732,-0.327755262291071,0.673737417245062));
#4086=CARTESIAN_POINT('Ctrl Pts',(1.23231535534753,-0.284635136088873,0.676476075986393));
#4087=CARTESIAN_POINT('Ctrl Pts',(1.23783619608078,-0.259576550286061,0.678031577965777));
#4088=CARTESIAN_POINT('Ctrl Pts',(1.25818836755191,-0.15167082508544,0.684601727201227));
#4089=CARTESIAN_POINT('Ctrl Pts',(1.26549214050615,-0.067624429913205,0.689382436071135));
#4090=CARTESIAN_POINT('Ctrl Pts',(1.26381737418062,0.0604800230915362,0.696711751145366));
#4091=CARTESIAN_POINT('Ctrl Pts',(1.26095166610348,0.104367931867289,0.699234316254768));
#4092=CARTESIAN_POINT('Ctrl Pts',(1.2526089473243,0.175150329306177,0.703437517569937));
#4093=CARTESIAN_POINT('Ctrl Pts',(1.24853220243605,0.202173016262786,0.705074739407694));
#4094=CARTESIAN_POINT('Ctrl Pts',(1.24129195530627,0.241484233601044,0.707531693189831));
#4095=CARTESIAN_POINT('Ctrl Pts',(1.23881352571718,0.25389244063353,0.708318307871039));
#4096=CARTESIAN_POINT('Ctrl Pts',(1.2338718552437,0.276834773448213,0.709796885873565));
#4097=CARTESIAN_POINT('Ctrl Pts',(1.23145890530439,0.287378107285425,0.710486204090981));
#4098=CARTESIAN_POINT('Ctrl Pts',(1.22544892178496,0.312171722028779,0.712128947927674));
#4099=CARTESIAN_POINT('Ctrl Pts',(1.22173815894716,0.326392495072748,0.713088098864855));
#4100=CARTESIAN_POINT('Ctrl Pts',(1.21778065463038,0.340544457021404,0.714057453367069));
#4101=CARTESIAN_POINT('',(-1.2644997251539,-0.000833718002245382,0.306580326341026));
#4102=CARTESIAN_POINT('Ctrl Pts',(1.21778064487165,0.34054449191845,0.577880475366185));
#4103=CARTESIAN_POINT('Ctrl Pts',(1.22908427209394,0.300122935338268,0.575461448517083));
#4104=CARTESIAN_POINT('Ctrl Pts',(1.23837163457837,0.259151784604479,0.573071695826558));
#4105=CARTESIAN_POINT('Ctrl Pts',(1.25556118049798,0.160836534375365,0.567358549756368));
#4106=CARTESIAN_POINT('Ctrl Pts',(1.26159987898286,0.103279770280265,0.5640312153541));
#4107=CARTESIAN_POINT('Ctrl Pts',(1.26429836228131,0.0283644025531959,0.559505643333443));
#4108=CARTESIAN_POINT('Ctrl Pts',(1.26456686893104,0.0112006668955275,0.558455427247813));
#4109=CARTESIAN_POINT('Ctrl Pts',(1.26443499538968,-0.0167675198924242,
0.556714668173695));
#4110=CARTESIAN_POINT('Ctrl Pts',(1.26424555439198,-0.0275713460047648,
0.55603498858908));
#4111=CARTESIAN_POINT('Ctrl Pts',(1.26353424871903,-0.0510010194768246,
0.554543299407956));
#4112=CARTESIAN_POINT('Ctrl Pts',(1.26296156865443,-0.0636234777722028,
0.5537288900877));
#4113=CARTESIAN_POINT('Ctrl Pts',(1.26055862486441,-0.103408496274568,0.551132324793572));
#4114=CARTESIAN_POINT('Ctrl Pts',(1.2580403756823,-0.130520313687668,0.549319364061129));
#4115=CARTESIAN_POINT('Ctrl Pts',(1.24920909380539,-0.200858251562536,0.544536190515213));
#4116=CARTESIAN_POINT('Ctrl Pts',(1.24152786764516,-0.243876286414001,0.541532623785369));
#4117=CARTESIAN_POINT('Ctrl Pts',(1.21241299283493,-0.369078319566172,0.532686318281011));
#4118=CARTESIAN_POINT('Ctrl Pts',(1.18491142431294,-0.449614295372748,0.526877206949627));
#4119=CARTESIAN_POINT('Ctrl Pts',(1.13887340283744,-0.550075851228011,0.519645066289537));
#4120=CARTESIAN_POINT('Ctrl Pts',(1.12749927267029,-0.573028459082858,0.517991933289821));
#4121=CARTESIAN_POINT('Ctrl Pts',(1.10657142856247,-0.612220571638911,0.515165730124527));
#4122=CARTESIAN_POINT('Ctrl Pts',(1.09733789417971,-0.628620682604467,0.513981957868938));
#4123=CARTESIAN_POINT('Ctrl Pts',(1.07701439260106,-0.662904790078924,0.511502228320617));
#4124=CARTESIAN_POINT('Ctrl Pts',(1.06583713785175,-0.680730518831155,0.510209895342616));
#4125=CARTESIAN_POINT('Ctrl Pts',(1.03205027372801,-0.731740564237138,0.506494970525349));
#4126=CARTESIAN_POINT('Ctrl Pts',(1.00829812116018,-0.764138310104367,0.504114923188075));
#4127=CARTESIAN_POINT('Ctrl Pts',(0.944600660083697,-0.842867258480517,
0.49820507071592));
#4128=CARTESIAN_POINT('Ctrl Pts',(0.902763201016392,-0.887532833421689,
0.494734351210823));
#4129=CARTESIAN_POINT('Ctrl Pts',(0.816131417711825,-0.967530769179338,
0.487980789339359));
#4130=CARTESIAN_POINT('Ctrl Pts',(0.771858236586035,-1.00320481442038,0.484708202111787));
#4131=CARTESIAN_POINT('Ctrl Pts',(0.711269048108485,-1.04563463411566,0.480242369640709));
#4132=CARTESIAN_POINT('Ctrl Pts',(0.696996871416611,-1.05520175361187,0.4791911040695));
#4133=CARTESIAN_POINT('Ctrl Pts',(0.673414287767401,-1.07032277219773,0.477447474759903));
#4134=CARTESIAN_POINT('Ctrl Pts',(0.664219634345917,-1.07605293106141,0.476765975690693));
#4135=CARTESIAN_POINT('Ctrl Pts',(0.644061193778295,-1.08825893971021,0.475266296255922));
#4136=CARTESIAN_POINT('Ctrl Pts',(0.633072098945607,-1.09468809594237,0.474445668142897));
#4137=CARTESIAN_POINT('Ctrl Pts',(0.597908631459618,-1.11455391075866,0.4718145675371));
#4138=CARTESIAN_POINT('Ctrl Pts',(0.573390825994506,-1.12736324238426,0.469972452713389));
#4139=CARTESIAN_POINT('Ctrl Pts',(0.508036745569193,-1.15882401518007,0.465078255600911));
#4140=CARTESIAN_POINT('Ctrl Pts',(0.466592508509374,-1.17612310541855,0.46199148037534));
#4141=CARTESIAN_POINT('Ctrl Pts',(0.347309381973368,-1.21861368600226,0.453284432281792));
#4142=CARTESIAN_POINT('Ctrl Pts',(0.267811229339911,-1.2385167974544,0.447699818194861));
#4143=CARTESIAN_POINT('Ctrl Pts',(0.16140941057496,-1.25442160866885,0.440657559149661));
#4144=CARTESIAN_POINT('Ctrl Pts',(0.135767626863864,-1.25745531913911,0.438990918927012));
#4145=CARTESIAN_POINT('Ctrl Pts',(0.0912439728707782,-1.26134496803445,
0.43614758666957));
#4146=CARTESIAN_POINT('Ctrl Pts',(0.0724034082771786,-1.26256659216159,
0.434959929786708));
#4147=CARTESIAN_POINT('Ctrl Pts',(0.032531483389106,-1.2642563721268,0.432476657344691));
#4148=CARTESIAN_POINT('Ctrl Pts',(0.0115014435194496,-1.26462257992457,
0.431184568921216));
#4149=CARTESIAN_POINT('Ctrl Pts',(-0.049402750037463,-1.26416360806763,
0.42748604198114));
#4150=CARTESIAN_POINT('Ctrl Pts',(-0.0892422492373936,-1.26197722282742,
0.425121360995504));
#4151=CARTESIAN_POINT('Ctrl Pts',(-0.188816470230791,-1.25177253909162,
0.419278345253207));
#4152=CARTESIAN_POINT('Ctrl Pts',(-0.248204852961325,-1.24136248719512,
0.415857033745231));
#4153=CARTESIAN_POINT('Ctrl Pts',(-0.363321033110421,-1.21258947940896,
0.409065260099697));
#4154=CARTESIAN_POINT('Ctrl Pts',(-0.418960417135424,-1.19450669779141,
0.405703145315544));
#4155=CARTESIAN_POINT('Ctrl Pts',(-0.489074450956093,-1.16621675597764,
0.401138701879595));
#4156=CARTESIAN_POINT('Ctrl Pts',(-0.504871259265518,-1.15946551684785,
0.400087670123379));
#4157=CARTESIAN_POINT('Ctrl Pts',(-0.530363571170738,-1.14795090715337,
0.398346687831352));
#4158=CARTESIAN_POINT('Ctrl Pts',(-0.54014480445309,-1.14338112047431,0.397667641607714));
#4159=CARTESIAN_POINT('Ctrl Pts',(-0.561139968405863,-1.1332426560434,0.396183963788667));
#4160=CARTESIAN_POINT('Ctrl Pts',(-0.572331590565479,-1.12763181126206,
0.395377057962856));
#4161=CARTESIAN_POINT('Ctrl Pts',(-0.607244976398237,-1.10947459793115,
0.392813418636143));
#4162=CARTESIAN_POINT('Ctrl Pts',(-0.630650539233427,-1.0963393742495,0.391026508842378));
#4163=CARTESIAN_POINT('Ctrl Pts',(-0.690158439855124,-1.06040724586418,
0.386336036993349));
#4164=CARTESIAN_POINT('Ctrl Pts',(-0.725556059735373,-1.03650870452501,
0.383400087108331));
#4165=CARTESIAN_POINT('Ctrl Pts',(-0.82951117807902,-0.958385501954375,
0.374444296466793));
#4166=CARTESIAN_POINT('Ctrl Pts',(-0.893730657930041,-0.898800035758812,
0.368455614515408));
#4167=CARTESIAN_POINT('Ctrl Pts',(-0.967978425854342,-0.814014128389481,
0.361082418750816));
#4168=CARTESIAN_POINT('Ctrl Pts',(-0.984082979894683,-0.794469680903854,
0.35944860854037));
#4169=CARTESIAN_POINT('Ctrl Pts',(-1.01102035660555,-0.759701486586878,
0.356651608833843));
#4170=CARTESIAN_POINT('Ctrl Pts',(-1.02212238179568,-0.744697527512698,
0.355477953921598));
#4171=CARTESIAN_POINT('Ctrl Pts',(-1.0449394340541,-0.712389088500196,0.353017644009529));
#4172=CARTESIAN_POINT('Ctrl Pts',(-1.05656596820443,-0.6950288260782,0.351734617675317));
#4173=CARTESIAN_POINT('Ctrl Pts',(-1.08910225143749,-0.643742292479955,
0.348047890618027));
#4174=CARTESIAN_POINT('Ctrl Pts',(-1.10884595755521,-0.609105021515864,
0.345686354702817));
#4175=CARTESIAN_POINT('Ctrl Pts',(-1.15537020428169,-0.517699723850891,
0.339703085428486));
#4176=CARTESIAN_POINT('Ctrl Pts',(-1.17962138536192,-0.459768428705168,
0.336147232778167));
#4177=CARTESIAN_POINT('Ctrl Pts',(-1.21710834852061,-0.347434591685317,
0.32936795466654));
#4178=CARTESIAN_POINT('Ctrl Pts',(-1.23122955430754,-0.293489549069846,
0.326157472605497));
#4179=CARTESIAN_POINT('Ctrl Pts',(-1.24498338257586,-0.221968974218735,
0.321761430597344));
#4180=CARTESIAN_POINT('Ctrl Pts',(-1.24787666964365,-0.205079493052589,
0.320713188661063));
#4181=CARTESIAN_POINT('Ctrl Pts',(-1.25202890537339,-0.177482314149685,
0.318976287034744));
#4182=CARTESIAN_POINT('Ctrl Pts',(-1.2534956608153,-0.166808193732311,0.318298560159292));
#4183=CARTESIAN_POINT('Ctrl Pts',(-1.25606090326305,-0.146189325680529,
0.316976327081803));
#4184=CARTESIAN_POINT('Ctrl Pts',(-1.25717800926258,-0.136248849827359,
0.316333277294057));
#4185=CARTESIAN_POINT('Ctrl Pts',(-1.25985269893272,-0.109603365408561,
0.314596479751246));
#4186=CARTESIAN_POINT('Ctrl Pts',(-1.26119589505426,-0.092879352848685,
0.313492642299673));
#4187=CARTESIAN_POINT('Ctrl Pts',(-1.26371929606986,-0.0510448198747111,
0.310704994128207));
#4188=CARTESIAN_POINT('Ctrl Pts',(-1.26448415326389,-0.0259171347983782,
0.309006951200941));
#4189=CARTESIAN_POINT('Ctrl Pts',(-1.26449975630298,-0.000785053941482955,
0.307294542130309));
#4190=CARTESIAN_POINT('Ctrl Pts',(-1.2644997251539,-0.000833718002245465,
0.306580326341026));
#4191=CARTESIAN_POINT('Ctrl Pts',(-1.26453184163582,0.0478773359081667,
0.303502296024745));
#4192=CARTESIAN_POINT('Ctrl Pts',(-1.26174504096782,0.0966961191527459,
0.300424265708464));
#4193=CARTESIAN_POINT('Ctrl Pts',(-1.25612836347362,0.145264532756882,0.297346235392183));
#4194=CARTESIAN_POINT('Ctrl Pts',(-1.25051853405684,0.193773729812315,0.294271957933338));
#4195=CARTESIAN_POINT('Ctrl Pts',(-1.24208571398727,0.242032604881661,0.291197680474492));
#4196=CARTESIAN_POINT('Ctrl Pts',(-1.23087094019667,0.289684273959368,0.288123403015647));
#4197=CARTESIAN_POINT('Ctrl Pts',(-1.2196647686481,0.337299392037631,0.285051483667564));
#4198=CARTESIAN_POINT('Ctrl Pts',(-1.20568099416617,0.384307678617719,0.281979564319481));
#4199=CARTESIAN_POINT('Ctrl Pts',(-1.18901191473101,0.430361379107962,0.278907644971398));
#4200=CARTESIAN_POINT('Ctrl Pts',(-1.17234808576552,0.476400573484735,0.275836693224401));
#4201=CARTESIAN_POINT('Ctrl Pts',(-1.15300082042396,0.521485248304437,0.272765741477404));
#4202=CARTESIAN_POINT('Ctrl Pts',(-1.1311117110638,0.565284483330574,0.269694789730408));
#4203=CARTESIAN_POINT('Ctrl Pts',(-1.10920482657656,0.609119285677254,0.266621344206406));
#4204=CARTESIAN_POINT('Ctrl Pts',(-1.08475222828802,0.651666058443441,0.263547898682404));
#4205=CARTESIAN_POINT('Ctrl Pts',(-1.0579420493864,0.692617405311254,0.260474453158402));
#4206=CARTESIAN_POINT('Ctrl Pts',(-1.03111972595927,0.733587302397592,0.257399615419236));
#4207=CARTESIAN_POINT('Ctrl Pts',(-1.00193803203126,0.772959881700651,0.25432477768007));
#4208=CARTESIAN_POINT('Ctrl Pts',(-0.97062700873182,0.810458795942348,0.251249939940904));
#4209=CARTESIAN_POINT('Ctrl Pts',(-0.939260598642619,0.848024042876509,
0.248169663050492));
#4210=CARTESIAN_POINT('Ctrl Pts',(-0.905757731476073,0.883708602600581,
0.245089386160079));
#4211=CARTESIAN_POINT('Ctrl Pts',(-0.870385764331578,0.917272517439029,
0.242009109269667));
#4212=CARTESIAN_POINT('Ctrl Pts',(-0.853868846552615,0.932945166332492,
0.240570775915813));
#4213=CARTESIAN_POINT('Ctrl Pts',(-0.836944860889268,0.948155999848898,
0.239132442561958));
#4214=CARTESIAN_POINT('Ctrl Pts',(-0.819643305613805,0.962883742495674,
0.237694109208103));
#4215=CARTESIAN_POINT('Ctrl Pts',(-0.782046239355621,0.994887796888956,
0.234568545433908));
#4216=CARTESIAN_POINT('Ctrl Pts',(-0.742491762594532,1.0247547511384,0.231442981659712));
#4217=CARTESIAN_POINT('Ctrl Pts',(-0.701252063246584,1.05223846812042,0.228317417885516));
#4218=CARTESIAN_POINT('Ctrl Pts',(-0.660086323546238,1.0796728955573,0.225197459525496));
#4219=CARTESIAN_POINT('Ctrl Pts',(-0.617241807217892,1.10473226305506,0.222077501165475));
#4220=CARTESIAN_POINT('Ctrl Pts',(-0.573023269187716,1.12721097535884,0.218957542805454));
#4221=CARTESIAN_POINT('Ctrl Pts',(-0.528848403232829,1.14966748674735,0.215840665846639));
#4222=CARTESIAN_POINT('Ctrl Pts',(-0.48330268726436,1.16954814304365,0.212723788887824));
#4223=CARTESIAN_POINT('Ctrl Pts',(-0.436717477120605,1.1866920810292,0.209606911929009));
#4224=CARTESIAN_POINT('Ctrl Pts',(-0.390158616524234,1.20382632205289,0.206491797939533));
#4225=CARTESIAN_POINT('Ctrl Pts',(-0.342561938497364,1.21822672354665,0.203376683950056));
#4226=CARTESIAN_POINT('Ctrl Pts',(-0.294278516380048,1.22978063279479,0.20026156996058));
#4227=CARTESIAN_POINT('Ctrl Pts',(-0.246002029267188,1.24133288254142,0.197146903398573));
#4228=CARTESIAN_POINT('Ctrl Pts',(-0.197039525195496,1.25003932600936,0.194032236836567));
#4229=CARTESIAN_POINT('Ctrl Pts',(-0.147754462302362,1.25583791504706,0.19091757027456));
#4230=CARTESIAN_POINT('Ctrl Pts',(-0.0984208461317876,1.26164221657624,
0.187799835292614));
#4231=CARTESIAN_POINT('Ctrl Pts',(-0.0487645804013367,1.26453288177053,
0.184682100310667));
#4232=CARTESIAN_POINT('Ctrl Pts',(0.000845320633979185,1.26449971745075,
0.181564365328721));
#4233=CARTESIAN_POINT('Ctrl Pts',(0.0504825364056444,1.26446653487101,0.178444913751755));
#4234=CARTESIAN_POINT('Ctrl Pts',(0.100072790845191,1.26150634952859,0.175325462174789));
#4235=CARTESIAN_POINT('Ctrl Pts',(0.149250180577418,1.25566103451433,0.172206010597823));
#4236=CARTESIAN_POINT('Ctrl Pts',(0.198518196787253,1.24980494747023,0.16908081034428));
#4237=CARTESIAN_POINT('Ctrl Pts',(0.247371291920052,1.2410532158419,0.165955610090737));
#4238=CARTESIAN_POINT('Ctrl Pts',(0.295453392361529,1.22949889912194,0.162830409837193));
#4239=CARTESIAN_POINT('Ctrl Pts',(0.317852678610259,1.22411626306314,0.161374519715485));
#4240=CARTESIAN_POINT('Ctrl Pts',(0.340084860429791,1.21812611641348,0.159918629593777));
#4241=CARTESIAN_POINT('Ctrl Pts',(0.362115301818167,1.21154148017686,0.158462739472069));
#4242=CARTESIAN_POINT('Ctrl Pts',(0.408826481120324,1.19758006567472,0.155375813371931));
#4243=CARTESIAN_POINT('Ctrl Pts',(0.45484473451901,1.18087849628538,0.152288887271793));
#4244=CARTESIAN_POINT('Ctrl Pts',(0.499821607612571,1.16152426171974,0.149201961171654));
#4245=CARTESIAN_POINT('Ctrl Pts',(0.544715927189527,1.14220555119155,0.146120701019092));
#4246=CARTESIAN_POINT('Ctrl Pts',(0.588572143266806,1.12024404306542,0.143039440866529));
#4247=CARTESIAN_POINT('Ctrl Pts',(0.631057321425447,1.09577685094883,0.139958180713967));
#4248=CARTESIAN_POINT('Ctrl Pts',(0.67349981847983,1.0713342388581,0.136880016031201));
#4249=CARTESIAN_POINT('Ctrl Pts',(0.714573517692316,1.04439119954109,0.133801851348436));
#4250=CARTESIAN_POINT('Ctrl Pts',(0.753968002081912,1.01513176575093,0.13072368666567));
#4251=CARTESIAN_POINT('Ctrl Pts',(0.793340565589268,0.985888613240063,0.127647234813687));
#4252=CARTESIAN_POINT('Ctrl Pts',(0.831035313843825,0.954331951282235,0.124570782961704));
#4253=CARTESIAN_POINT('Ctrl Pts',(0.866771225803673,0.920688813942473,0.121494331109721));
#4254=CARTESIAN_POINT('Ctrl Pts',(0.902503266738096,0.887049320932263,0.118418212508597));
#4255=CARTESIAN_POINT('Ctrl Pts',(0.936276485061529,0.851324186707713,0.115342093907473));
#4256=CARTESIAN_POINT('Ctrl Pts',(0.967845441174605,0.813778503032327,0.112265975306348));
#4257=CARTESIAN_POINT('Ctrl Pts',(0.999450665714888,0.77618968448449,0.109186322664276));
#4258=CARTESIAN_POINT('Ctrl Pts',(1.02884621296241,0.736776573508578,0.106106670022204));
#4259=CARTESIAN_POINT('Ctrl Pts',(1.05582708438611,0.695837206447553,0.103027017380133));
#4260=CARTESIAN_POINT('Ctrl Pts',(1.08282474264767,0.654872367914286,0.099945448653558));
#4261=CARTESIAN_POINT('Ctrl Pts',(1.10740445852354,0.612379872208837,0.0968638799269832));
#4262=CARTESIAN_POINT('Ctrl Pts',(1.12940673780239,0.568683277938215,0.0937823112004084));
#4263=CARTESIAN_POINT('Ctrl Pts',(1.15145546555248,0.524894436860983,0.0906942370498043));
#4264=CARTESIAN_POINT('Ctrl Pts',(1.17091568035625,0.479896941548469,0.0876061628992001));
#4265=CARTESIAN_POINT('Ctrl Pts',(1.18767630036788,0.434033703235665,0.084518088748596));
#4266=CARTESIAN_POINT('Ctrl Pts',(1.19724091185456,0.407861398411692,0.0827558490777422));
#4267=CARTESIAN_POINT('Ctrl Pts',(1.20592731597266,0.381407435547741,0.0809936094068885));
#4268=CARTESIAN_POINT('Ctrl Pts',(1.21372233082765,0.354737020411324,0.0792313697360348));
#4269=CARTESIAN_POINT('Ctrl Pts',(1.21510246563064,0.350014929584697,0.0789193590027375));
#4270=CARTESIAN_POINT('Ctrl Pts',(1.21645528179929,0.345283965653367,0.0786073482694403));
#4271=CARTESIAN_POINT('Ctrl Pts',(1.21778065461633,0.340544457071657,0.078295337536143));
#4272=CARTESIAN_POINT('Origin',(0.,0.,-1.10421172358873));
#4273=CARTESIAN_POINT('',(-1.54381027705838,0.00129701368515374,0.645788276411271));
#4274=CARTESIAN_POINT('Ctrl Pts',(0.941108273281659,-1.22503950570883,0.322962457929234));
#4275=CARTESIAN_POINT('Ctrl Pts',(1.30100298645769,-0.944202259178469,0.346584151347133));
#4276=CARTESIAN_POINT('Ctrl Pts',(1.7940942398886,0.00958382530680956,0.396616301343711));
#4277=CARTESIAN_POINT('Ctrl Pts',(1.02877189666247,1.50447492464595,0.473058907918965));
#4278=CARTESIAN_POINT('Ctrl Pts',(-0.702792974495181,1.68159890019051,0.552290277655));
#4279=CARTESIAN_POINT('Ctrl Pts',(-1.49528979968728,0.69578152387872,0.609866733819102));
#4280=CARTESIAN_POINT('Ctrl Pts',(-1.5446358166703,0.0933547553117701,0.641032733404526));
#4281=CARTESIAN_POINT('Ctrl Pts',(-1.54381027705838,0.00129701368515374,
0.645788276411271));
#4282=CARTESIAN_POINT('Ctrl Pts',(-1.54381027705838,0.00129701368515374,
0.645788276411271));
#4283=CARTESIAN_POINT('Ctrl Pts',(-1.54005108722014,-0.417898530488015,
0.667443189983204));
#4284=CARTESIAN_POINT('Ctrl Pts',(-1.14716713839037,-1.3545572945616,0.715508560133815));
#4285=CARTESIAN_POINT('Ctrl Pts',(0.107692965438989,-1.68380841677196,0.774562549903496));
#4286=CARTESIAN_POINT('Ctrl Pts',(0.769678768311456,-1.35284489003268,0.811961626101243));
#4287=CARTESIAN_POINT('Ctrl Pts',(0.938639713160685,-1.22186477605343,0.822950245720314));
#4288=CARTESIAN_POINT('',(-1.54299970399786,-0.000955752326184836,0.604211723625044));
#4289=CARTESIAN_POINT('Ctrl Pts',(-1.54299970399786,-0.000955752326186928,
0.604211723625045));
#4290=CARTESIAN_POINT('Ctrl Pts',(-1.54295954893721,-0.065783474947714,
0.607541706839858));
#4291=CARTESIAN_POINT('Ctrl Pts',(-1.53882978397772,-0.130457773934026,
0.610871690054671));
#4292=CARTESIAN_POINT('Ctrl Pts',(-1.53069252986994,-0.19449776091351,0.614201673269484));
#4293=CARTESIAN_POINT('Ctrl Pts',(-1.52249124390146,-0.259041677040435,
0.617557860043693));
#4294=CARTESIAN_POINT('Ctrl Pts',(-1.51021927541622,-0.322940999786897,
0.620914046817901));
#4295=CARTESIAN_POINT('Ctrl Pts',(-1.49401060794668,-0.385721795265448,
0.62427023359211));
#4296=CARTESIAN_POINT('Ctrl Pts',(-1.47858727340251,-0.445460772169875,
0.627463808357499));
#4297=CARTESIAN_POINT('Ctrl Pts',(-1.45959996845126,-0.504186957579687,
0.630657383122888));
#4298=CARTESIAN_POINT('Ctrl Pts',(-1.43720392049199,-0.561510365819246,
0.633850957888277));
#4299=CARTESIAN_POINT('Ctrl Pts',(-1.41637813033931,-0.614814648476785,
0.636820621019103));
#4300=CARTESIAN_POINT('Ctrl Pts',(-1.39253929136689,-0.667070188379786,
0.639790284149929));
#4301=CARTESIAN_POINT('Ctrl Pts',(-1.3658142554448,-0.717913936084093,0.642759947280755));
#4302=CARTESIAN_POINT('Ctrl Pts',(-1.33913659835432,-0.768667546683713,
0.645724345716341));
#4303=CARTESIAN_POINT('Ctrl Pts',(-1.30958314084789,-0.818013874992246,
0.648688744151927));
#4304=CARTESIAN_POINT('Ctrl Pts',(-1.27732880832625,-0.865609678446259,
0.651653142587513));
#4305=CARTESIAN_POINT('Ctrl Pts',(-1.24510643820603,-0.913158316882216,
0.654614603455171));
#4306=CARTESIAN_POINT('Ctrl Pts',(-1.21018878695367,-0.958959437788143,
0.65757606432283));
#4307=CARTESIAN_POINT('Ctrl Pts',(-1.17279584375997,-1.00269582070504,0.660537525190488));
#4308=CARTESIAN_POINT('Ctrl Pts',(-1.13542554452449,-1.04640571828156,0.663497192693129));
#4309=CARTESIAN_POINT('Ctrl Pts',(-1.09558326294521,-1.08805296080604,0.66645686019577));
#4310=CARTESIAN_POINT('Ctrl Pts',(-1.05352996796164,-1.12735247664905,0.669416527698412));
#4311=CARTESIAN_POINT('Ctrl Pts',(-1.01148593340871,-1.16664333846291,0.672375543461501));
#4312=CARTESIAN_POINT('Ctrl Pts',(-0.967232232968001,-1.20358714411318,
0.67533455922459));
#4313=CARTESIAN_POINT('Ctrl Pts',(-0.921065885087685,-1.2379364423619,0.67829357498768));
#4314=CARTESIAN_POINT('Ctrl Pts',(-0.874857790273829,-1.27231680171762,
0.681255266505731));
#4315=CARTESIAN_POINT('Ctrl Pts',(-0.826734010690936,-1.30409765254551,
0.684216958023781));
#4316=CARTESIAN_POINT('Ctrl Pts',(-0.777022679580729,-1.33307342461591,
0.687178649541832));
#4317=CARTESIAN_POINT('Ctrl Pts',(-0.7272904704113,-1.36206136610265,0.690141584928626));
#4318=CARTESIAN_POINT('Ctrl Pts',(-0.675969845562335,-1.38824164176826,
0.693104520315419));
#4319=CARTESIAN_POINT('Ctrl Pts',(-0.623412953858891,-1.4114550254829,0.696067455702212));
#4320=CARTESIAN_POINT('Ctrl Pts',(-0.570754536186638,-1.4347132512952,0.699036114693958));
#4321=CARTESIAN_POINT('Ctrl Pts',(-0.516855569011561,-1.45499294746494,
0.702004773685705));
#4322=CARTESIAN_POINT('Ctrl Pts',(-0.462086658487761,-1.47218372496357,
0.704973432677451));
#4323=CARTESIAN_POINT('Ctrl Pts',(-0.412219547554714,-1.48783593349485,
0.707676397659737));
#4324=CARTESIAN_POINT('Ctrl Pts',(-0.361631724901161,-1.50092795368933,
0.710379362642023));
#4325=CARTESIAN_POINT('Ctrl Pts',(-0.310609380491918,-1.51141351481004,
0.713082327624309));
#4326=CARTESIAN_POINT('Ctrl Pts',(-0.254573785317731,-1.52292934507885,
0.716050875096423));
#4327=CARTESIAN_POINT('Ctrl Pts',(-0.197779754165166,-1.53134875445184,
0.719019422568537));
#4328=CARTESIAN_POINT('Ctrl Pts',(-0.140600519941565,-1.53658078010632,
0.721987970040651));
#4329=CARTESIAN_POINT('Ctrl Pts',(-0.0835023515619062,-1.54180538805784,
0.724952308855385));
#4330=CARTESIAN_POINT('Ctrl Pts',(-0.026020576669851,-1.54385151789135,
0.72791664767012));
#4331=CARTESIAN_POINT('Ctrl Pts',(0.0314616415821247,-1.54267921652849,
0.730880986484854));
#4332=CARTESIAN_POINT('Ctrl Pts',(0.088884526078492,-1.54150812522754,0.733842265477609));
#4333=CARTESIAN_POINT('Ctrl Pts',(0.146307334178647,-1.53712519789774,0.736803544470364));
#4334=CARTESIAN_POINT('Ctrl Pts',(0.203344269487721,-1.52954245056046,0.73976482346312));
#4335=CARTESIAN_POINT('Ctrl Pts',(0.260344317248107,-1.52196460722022,0.742724187305238));
#4336=CARTESIAN_POINT('Ctrl Pts',(0.316958471358094,-1.51119111717766,0.745683551147356));
#4337=CARTESIAN_POINT('Ctrl Pts',(0.372805664079171,-1.49728585675231,0.748642914989474));
#4338=CARTESIAN_POINT('Ctrl Pts',(0.428662777993983,-1.48337812607239,0.751602804559396));
#4339=CARTESIAN_POINT('Ctrl Pts',(0.483752148385886,-1.46633762501884,0.754562694129318));
#4340=CARTESIAN_POINT('Ctrl Pts',(0.537704222267812,-1.44627907727221,0.757522583699241));
#4341=CARTESIAN_POINT('Ctrl Pts',(0.591659436669787,-1.42621936192874,0.76048264556268));
#4342=CARTESIAN_POINT('Ctrl Pts',(0.644476737793123,-1.40314144350208,0.763442707426118));
#4343=CARTESIAN_POINT('Ctrl Pts',(0.695805695436871,-1.37720856597598,0.766402769289557));
#4344=CARTESIAN_POINT('Ctrl Pts',(0.747194293900669,-1.35124555617848,0.769366270547152));
#4345=CARTESIAN_POINT('Ctrl Pts',(0.797090636095488,-1.32242121207826,0.772329771804746));
#4346=CARTESIAN_POINT('Ctrl Pts',(0.845169348714225,-1.29094452707852,0.775293273062341));
#4347=CARTESIAN_POINT('Ctrl Pts',(0.877639147899922,-1.26968685220943,0.777294663812624));
#4348=CARTESIAN_POINT('Ctrl Pts',(0.90928049374051,-1.24722040216139,0.779296054562907));
#4349=CARTESIAN_POINT('Ctrl Pts',(0.94000143830609,-1.22362016000983,0.78129744531319));
#4350=CARTESIAN_POINT('Ctrl Pts',(0.940001438306088,-1.22362016000983,0.281323695402832));
#4351=CARTESIAN_POINT('Ctrl Pts',(0.985749579938344,-1.18847582327889,0.284290767280417));
#4352=CARTESIAN_POINT('Ctrl Pts',(1.02951350457824,-1.15077059155286,0.287257839158003));
#4353=CARTESIAN_POINT('Ctrl Pts',(1.07100475950087,-1.11076451380411,0.290224911035588));
#4354=CARTESIAN_POINT('Ctrl Pts',(1.11251270147389,-1.07074234631702,0.293193176217111));
#4355=CARTESIAN_POINT('Ctrl Pts',(1.15174579587549,-1.02841786826609,0.296161441398634));
#4356=CARTESIAN_POINT('Ctrl Pts',(1.18845356166398,-0.98408695335737,0.299129706580157));
#4357=CARTESIAN_POINT('Ctrl Pts',(1.22523356246602,-0.939668802296572,0.302103812832936));
#4358=CARTESIAN_POINT('Ctrl Pts',(1.25947799136851,-0.89323674166436,0.305077919085714));
#4359=CARTESIAN_POINT('Ctrl Pts',(1.29097821237683,-0.845117894242178,0.308052025338492));
#4360=CARTESIAN_POINT('Ctrl Pts',(1.32230591510251,-0.797262580873217,0.311009843207041));
#4361=CARTESIAN_POINT('Ctrl Pts',(1.35091922747968,-0.747739396922933,0.313967661075589));
#4362=CARTESIAN_POINT('Ctrl Pts',(1.37665904152544,-0.696892304008487,0.316925478944138));
#4363=CARTESIAN_POINT('Ctrl Pts',(1.40246512481833,-0.645914301113098,0.31989091195563));
#4364=CARTESIAN_POINT('Ctrl Pts',(1.42549120631826,-0.593391434130593,0.322856344967122));
#4365=CARTESIAN_POINT('Ctrl Pts',(1.4455508500852,-0.539658910625921,0.325821777978614));
#4366=CARTESIAN_POINT('Ctrl Pts',(1.46557429197166,-0.48602335885299,0.328781859237467));
#4367=CARTESIAN_POINT('Ctrl Pts',(1.48264173967912,-0.431182969254581,0.33174194049632));
#4368=CARTESIAN_POINT('Ctrl Pts',(1.49661350166751,-0.375495707866975,0.334702021755173));
#4369=CARTESIAN_POINT('Ctrl Pts',(1.51057116175571,-0.319864652432676,0.337659115361467));
#4370=CARTESIAN_POINT('Ctrl Pts',(1.52143919921481,-0.263388923379344,0.340616208967759));
#4371=CARTESIAN_POINT('Ctrl Pts',(1.52912731573174,-0.206442854763825,0.343573302574053));
#4372=CARTESIAN_POINT('Ctrl Pts',(1.53681065898775,-0.149532141809645,0.346528560232709));
#4373=CARTESIAN_POINT('Ctrl Pts',(1.54131792455752,-0.0921521855248605,
0.349483817891366));
#4374=CARTESIAN_POINT('Ctrl Pts',(1.54261007510533,-0.0346865418212841,
0.352439075550023));
#4375=CARTESIAN_POINT('Ctrl Pts',(1.54390192532013,0.0227657452109131,0.355393646321648));
#4376=CARTESIAN_POINT('Ctrl Pts',(1.54198013214976,0.0803031572786301,0.358348217093274));
#4377=CARTESIAN_POINT('Ctrl Pts',(1.53685772819962,0.137540260553407,0.361302787864899));
#4378=CARTESIAN_POINT('Ctrl Pts',(1.53173071963867,0.194828815175498,0.364260014547433));
#4379=CARTESIAN_POINT('Ctrl Pts',(1.52339739648971,0.251815999024412,0.367217241229967));
#4380=CARTESIAN_POINT('Ctrl Pts',(1.51192275749032,0.308121040149598,0.370174467912501));
#4381=CARTESIAN_POINT('Ctrl Pts',(1.5004433630226,0.364449415938287,0.373132920167171));
#4382=CARTESIAN_POINT('Ctrl Pts',(1.48582018971974,0.420094578031191,0.376091372421841));
#4383=CARTESIAN_POINT('Ctrl Pts',(1.46816880137954,0.474688709214545,0.379049824676511));
#4384=CARTESIAN_POINT('Ctrl Pts',(1.45048310105991,0.529388964214903,0.382014027773605));
#4385=CARTESIAN_POINT('Ctrl Pts',(1.42975761153113,0.583033615647789,0.384978230870699));
#4386=CARTESIAN_POINT('Ctrl Pts',(1.40615661692277,0.635273617179486,0.387942433967793));
#4387=CARTESIAN_POINT('Ctrl Pts',(1.38435555145509,0.683529536572844,0.390680572205252));
#4388=CARTESIAN_POINT('Ctrl Pts',(1.36010154411483,0.730586846885668,0.393418710442712));
#4389=CARTESIAN_POINT('Ctrl Pts',(1.33355763490855,0.776191364533974,0.396156848680172));
#4390=CARTESIAN_POINT('Ctrl Pts',(1.30476215543685,0.825664256471377,0.399127247757215));
#4391=CARTESIAN_POINT('Ctrl Pts',(1.27314990171816,0.87363565669486,0.402097646834258));
#4392=CARTESIAN_POINT('Ctrl Pts',(1.23890231976663,0.919766297532618,0.405068045911301));
#4393=CARTESIAN_POINT('Ctrl Pts',(1.20471540129791,0.965815226168278,0.408033183456198));
#4394=CARTESIAN_POINT('Ctrl Pts',(1.16790272818136,1.01002945215026,0.410998321001095));
#4395=CARTESIAN_POINT('Ctrl Pts',(1.12869018609876,1.05209669888482,0.413963458545992));
#4396=CARTESIAN_POINT('Ctrl Pts',(1.0895164735563,1.09412228925745,0.416925659914829));
#4397=CARTESIAN_POINT('Ctrl Pts',(1.04794795416757,1.13400473333051,0.419887861283666));
#4398=CARTESIAN_POINT('Ctrl Pts',(1.00425102243433,1.17146441855465,0.422850062652503));
#4399=CARTESIAN_POINT('Ctrl Pts',(0.960580544343785,1.20890142609667,0.425810470737156));
#4400=CARTESIAN_POINT('Ctrl Pts',(0.914784603112661,1.24391824374878,0.428770878821809));
#4401=CARTESIAN_POINT('Ctrl Pts',(0.867165124414598,1.27627334337085,0.431731286906462));
#4402=CARTESIAN_POINT('Ctrl Pts',(0.819556148989889,1.30862130653396,0.434691042023543));
#4403=CARTESIAN_POINT('Ctrl Pts',(0.770124865588287,1.33830842451147,0.437650797140625));
#4404=CARTESIAN_POINT('Ctrl Pts',(0.719203019214739,1.365135896954,0.440610552257706));
#4405=CARTESIAN_POINT('Ctrl Pts',(0.66823527418013,1.39198755047307,0.443572975164874));
#4406=CARTESIAN_POINT('Ctrl Pts',(0.615774743184222,1.41597416332439,0.446535398072042));
#4407=CARTESIAN_POINT('Ctrl Pts',(0.562177459790764,1.43694311080961,0.44949782097921));
#4408=CARTESIAN_POINT('Ctrl Pts',(0.50855772935357,1.45792084028622,0.452461484576807));
#4409=CARTESIAN_POINT('Ctrl Pts',(0.453800793359768,1.47587822097065,0.455425148174405));
#4410=CARTESIAN_POINT('Ctrl Pts',(0.398279277657212,1.49071211740861,0.458388811772003));
#4411=CARTESIAN_POINT('Ctrl Pts',(0.342650815169031,1.50557458722973,0.461358184044723));
#4412=CARTESIAN_POINT('Ctrl Pts',(0.286255341897136,1.51730144273397,0.464327556317442));
#4413=CARTESIAN_POINT('Ctrl Pts',(0.229476200352979,1.52584064484846,0.467296928590162));
#4414=CARTESIAN_POINT('Ctrl Pts',(0.177903404476399,1.53359684748947,0.469994025198843));
#4415=CARTESIAN_POINT('Ctrl Pts',(0.126014461190176,1.53872381421062,0.472691121807524));
#4416=CARTESIAN_POINT('Ctrl Pts',(0.0740973087882648,1.54121983793044,0.475388218416204));
#4417=CARTESIAN_POINT('Ctrl Pts',(0.0169252024483865,1.54396850435251,0.478358309936762));
#4418=CARTESIAN_POINT('Ctrl Pts',(-0.0405190991378318,1.54353735557956,
0.48132840145732));
#4419=CARTESIAN_POINT('Ctrl Pts',(-0.097852269084776,1.53989413059306,0.484298492977878));
#4420=CARTESIAN_POINT('Ctrl Pts',(-0.155084183306831,1.53625733988165,0.487263339039826));
#4421=CARTESIAN_POINT('Ctrl Pts',(-0.212204839379719,1.52941976546841,0.490228185101775));
#4422=CARTESIAN_POINT('Ctrl Pts',(-0.268829388653532,1.51940111879522,0.493193031163723));
#4423=CARTESIAN_POINT('Ctrl Pts',(-0.325398051986085,1.50939236008594,0.496154951052925));
#4424=CARTESIAN_POINT('Ctrl Pts',(-0.381471067809697,1.49620883998728,0.499116870942127));
#4425=CARTESIAN_POINT('Ctrl Pts',(-0.436668968329289,1.47992202906039,0.502078790831329));
#4426=CARTESIAN_POINT('Ctrl Pts',(-0.49183364529809,1.46364502114567,0.505038927944466));
#4427=CARTESIAN_POINT('Ctrl Pts',(-0.546123752073133,1.44426857236563,0.507999065057603));
#4428=CARTESIAN_POINT('Ctrl Pts',(-0.599172459030425,1.42191468251067,0.510959202170741));
#4429=CARTESIAN_POINT('Ctrl Pts',(-0.652209661711852,1.39956564037643,0.513918697341107));
#4430=CARTESIAN_POINT('Ctrl Pts',(-0.704005518887694,1.37424064153715,0.516878192511473));
#4431=CARTESIAN_POINT('Ctrl Pts',(-0.754212843501642,1.34610994599147,0.519837687681839));
#4432=CARTESIAN_POINT('Ctrl Pts',(-0.804465758622364,1.31795370651021,0.522799870206802));
#4433=CARTESIAN_POINT('Ctrl Pts',(-0.853126802383447,1.28698693394222,0.525762052731765));
#4434=CARTESIAN_POINT('Ctrl Pts',(-0.899874330201803,1.25342538263905,0.528724235256728));
#4435=CARTESIAN_POINT('Ctrl Pts',(-0.946641600955775,1.21984965724845,0.531687668803544));
#4436=CARTESIAN_POINT('Ctrl Pts',(-0.991493337377739,1.18367729564005,0.534651102350361));
#4437=CARTESIAN_POINT('Ctrl Pts',(-1.03414040776221,1.14516488639558,0.537614535897177));
#4438=CARTESIAN_POINT('Ctrl Pts',(-1.07686992896132,1.10657801999645,0.540583698735779));
#4439=CARTESIAN_POINT('Ctrl Pts',(-1.11738589820464,1.06564243686054,0.543552861574382));
#4440=CARTESIAN_POINT('Ctrl Pts',(-1.15543623876083,1.02265150376765,0.546522024412984));
#4441=CARTESIAN_POINT('Ctrl Pts',(-1.19002680347585,0.983569576206117,0.549221212326071));
#4442=CARTESIAN_POINT('Ctrl Pts',(-1.22258005675516,0.94278974576532,0.551920400239158));
#4443=CARTESIAN_POINT('Ctrl Pts',(-1.25293764457843,0.900553307027545,0.554619588152245));
#4444=CARTESIAN_POINT('Ctrl Pts',(-1.28659265415877,0.853729173350185,0.557611960128665));
#4445=CARTESIAN_POINT('Ctrl Pts',(-1.31768906855764,0.80491889870259,0.560604332105084));
#4446=CARTESIAN_POINT('Ctrl Pts',(-1.345988008066,0.754430435588683,0.563596704081504));
#4447=CARTESIAN_POINT('Ctrl Pts',(-1.37424060646455,0.704024650181195,0.566584175880012));
#4448=CARTESIAN_POINT('Ctrl Pts',(-1.39970456689895,0.651946567814003,0.56957164767852));
#4449=CARTESIAN_POINT('Ctrl Pts',(-1.42218353288267,0.598534041469135,0.572559119477028));
#4450=CARTESIAN_POINT('Ctrl Pts',(-1.44463097762218,0.545196413110578,0.575542402078035));
#4451=CARTESIAN_POINT('Ctrl Pts',(-1.46410154170076,0.490528524571158,0.578525684679042));
#4452=CARTESIAN_POINT('Ctrl Pts',(-1.48044523509138,0.43489183240804,0.58150896728005));
#4453=CARTESIAN_POINT('Ctrl Pts',(-1.49677546783366,0.379300962564898,0.584489792852707));
#4454=CARTESIAN_POINT('Ctrl Pts',(-1.50998379550357,0.322743360824594,0.587470618425364));
#4455=CARTESIAN_POINT('Ctrl Pts',(-1.5199693644074,0.265597686855451,0.590451443998022));
#4456=CARTESIAN_POINT('Ctrl Pts',(-1.52995179182371,0.208469991072931,0.593431331794735));
#4457=CARTESIAN_POINT('Ctrl Pts',(-1.53671337863832,0.150755092003724,0.596411219591447));
#4458=CARTESIAN_POINT('Ctrl Pts',(-1.54020432142119,0.0928420609179472,
0.59939110738816));
#4459=CARTESIAN_POINT('Ctrl Pts',(-1.54208677432796,0.0616130891219855,
0.600997979455015));
#4460=CARTESIAN_POINT('Ctrl Pts',(-1.54301908067182,0.0303266452940733,
0.602604851521871));
#4461=CARTESIAN_POINT('Ctrl Pts',(-1.5429997039983,-0.000955751619147167,
0.604211723588726));
#4462=CARTESIAN_POINT('Origin',(0.,0.,2.93762342622414));
#4463=CARTESIAN_POINT('',(-2.55,3.12284933782575E-16,2.93762342622414));
#4464=CARTESIAN_POINT('Origin',(0.,0.,2.93762342622414));
#4465=CARTESIAN_POINT('',(-2.63339648234818,-3.2249805729936E-16,2.82334227075433));
#4466=CARTESIAN_POINT('Origin',(-2.67,-3.26980695372343E-16,2.93762342622414));
#4467=CARTESIAN_POINT('Origin',(-3.80506255424332E-18,0.,2.82334227075433));
#4468=CARTESIAN_POINT('Origin',(-2.77555756156289E-16,0.,-5.39847934965873));
#4469=CARTESIAN_POINT('',(-3.03231647228155,-3.6373431661291E-6,2.68472359180265));
#4470=CARTESIAN_POINT('Origin',(-2.77555756156289E-16,0.,-5.39847934965873));
#4471=CARTESIAN_POINT('',(-2.99997683301568,-0.120839820844482,2.69588069485393));
#4472=CARTESIAN_POINT('Origin',(-2.86188054475577,-0.0235258026042021,2.74349834138439));
#4473=CARTESIAN_POINT('',(-1.60463877114792,-2.53763623773412,2.69588069485393));
#4474=CARTESIAN_POINT('Origin',(-2.3023078020818,-1.3292380292893,-5.39847934965873));
#4475=CARTESIAN_POINT('',(-1.39533806186776,-2.6584760585786,2.69588069485393));
#4476=CARTESIAN_POINT('Ctrl Pts',(-1.39533806186776,-2.6584760585786,2.69588069485393));
#4477=CARTESIAN_POINT('Ctrl Pts',(-1.44308557219247,-2.6584760585786,2.68764978862427));
#4478=CARTESIAN_POINT('Ctrl Pts',(-1.52791172612132,-2.6325355534795,2.68075727974552));
#4479=CARTESIAN_POINT('Ctrl Pts',(-1.58673345477616,-2.56864915541561,2.68970751518169));
#4480=CARTESIAN_POINT('Ctrl Pts',(-1.60463877114792,-2.53763623773412,2.69588069485393));
#4481=CARTESIAN_POINT('',(1.39533806186775,-2.6584760585786,2.69588069485393));
#4482=CARTESIAN_POINT('Origin',(-1.87510271343463E-15,-2.6584760585786,
-5.39847934965873));
#4483=CARTESIAN_POINT('',(1.60463877114792,-2.53763623773412,2.69588069485393));
#4484=CARTESIAN_POINT('Ctrl Pts',(1.60463877114792,-2.53763623773412,2.69588069485393));
#4485=CARTESIAN_POINT('Ctrl Pts',(1.58673345477615,-2.56864915541562,2.68970751518169));
#4486=CARTESIAN_POINT('Ctrl Pts',(1.52790785732124,-2.63253773207161,2.68075729618666));
#4487=CARTESIAN_POINT('Ctrl Pts',(1.44308557219246,-2.6584760585786,2.68764978862427));
#4488=CARTESIAN_POINT('Ctrl Pts',(1.39533806186775,-2.6584760585786,2.69588069485393));
#4489=CARTESIAN_POINT('',(2.99997683301567,-0.120839820844484,2.69588069485393));
#4490=CARTESIAN_POINT('Origin',(2.3023078020818,-1.3292380292893,-5.39847934965873));
#4491=CARTESIAN_POINT('',(2.99997683301568,0.120839820844484,2.69588069485393));
#4492=CARTESIAN_POINT('Ctrl Pts',(2.99997683301567,0.120839820844482,2.69588069485393));
#4493=CARTESIAN_POINT('Ctrl Pts',(3.02385058817803,0.0794892639358241,2.68764978862427));
#4494=CARTESIAN_POINT('Ctrl Pts',(3.04379855848412,-0.00694259578725985,
2.68075726928722));
#4495=CARTESIAN_POINT('Ctrl Pts',(3.01788214938744,-0.0898269031629897,
2.68970751518169));
#4496=CARTESIAN_POINT('Ctrl Pts',(2.99997683301567,-0.120839820844484,2.69588069485393));
#4497=CARTESIAN_POINT('',(1.60463877114792,2.53763623773412,2.69588069485393));
#4498=CARTESIAN_POINT('Origin',(2.3023078020818,1.3292380292893,-5.39847934965873));
#4499=CARTESIAN_POINT('',(1.39533806186776,2.6584760585786,2.69588069485393));
#4500=CARTESIAN_POINT('Ctrl Pts',(1.39533806186776,2.6584760585786,2.69588069485393));
#4501=CARTESIAN_POINT('Ctrl Pts',(1.44308557219246,2.6584760585786,2.68764978862427));
#4502=CARTESIAN_POINT('Ctrl Pts',(1.52791172612131,2.6325355534795,2.68075727974552));
#4503=CARTESIAN_POINT('Ctrl Pts',(1.58673345477615,2.56864915541561,2.68970751518169));
#4504=CARTESIAN_POINT('Ctrl Pts',(1.60463877114792,2.53763623773412,2.69588069485393));
#4505=CARTESIAN_POINT('',(-1.39533806186776,2.6584760585786,2.69588069485393));
#4506=CARTESIAN_POINT('Origin',(-1.87510271343463E-15,2.6584760585786,-5.39847934965873));
#4507=CARTESIAN_POINT('',(-1.60463877114792,2.53763623773412,2.69588069485393));
#4508=CARTESIAN_POINT('Ctrl Pts',(-1.60463877114792,2.53763623773412,2.69588069485393));
#4509=CARTESIAN_POINT('Ctrl Pts',(-1.58076501598557,2.57898679464278,2.68764978862427));
#4510=CARTESIAN_POINT('Ctrl Pts',(-1.51588680261959,2.63947814630374,2.68075727974444));
#4511=CARTESIAN_POINT('Ctrl Pts',(-1.43114869461129,2.6584760585786,2.68970751518168));
#4512=CARTESIAN_POINT('Ctrl Pts',(-1.39533806186776,2.6584760585786,2.69588069485393));
#4513=CARTESIAN_POINT('',(-2.99997683301568,0.120839820844482,2.69588069485393));
#4514=CARTESIAN_POINT('Origin',(-2.3023078020818,1.3292380292893,-5.39847934965873));
#4515=CARTESIAN_POINT('Origin',(-2.86800166838393,0.0168713494271996,2.74137192006061));
#4516=CARTESIAN_POINT('Origin',(0.,0.,3.375));
#4517=CARTESIAN_POINT('',(-2.55,-3.12284933782575E-16,3.6));
#4518=CARTESIAN_POINT('Origin',(0.,0.,3.6));
#4519=CARTESIAN_POINT('',(-2.55,-3.12284933782575E-16,3.375));
#4520=CARTESIAN_POINT('Ctrl Pts',(-1.64544826719043,2.55,0.215746351397197));
#4521=CARTESIAN_POINT('Ctrl Pts',(-1.62314571227475,2.58862915825255,0.220650657872141));
#4522=CARTESIAN_POINT('Ctrl Pts',(-1.5501160532736,2.66775283439387,0.227696833151154));
#4523=CARTESIAN_POINT('Ctrl Pts',(-1.44511412583025,2.7,0.22228542669712));
#4524=CARTESIAN_POINT('Ctrl Pts',(-1.3856406460551,2.7,0.215746351397195));
#4525=CARTESIAN_POINT('Ctrl Pts',(-1.64442360689751,2.55177476368784,0.200835346911085));
#4526=CARTESIAN_POINT('Ctrl Pts',(-1.62211936064442,2.5897845343999,0.205900110417738));
#4527=CARTESIAN_POINT('Ctrl Pts',(-1.54978207693545,2.66749218755715,0.213164133167109));
#4528=CARTESIAN_POINT('Ctrl Pts',(-1.4464493668479,2.69958512198478,0.207588364919954));
#4529=CARTESIAN_POINT('Ctrl Pts',(-1.38768996664095,2.7,0.200835346911083));
#4530=CARTESIAN_POINT('Ctrl Pts',(-1.63364808441877,2.5496749988084,0.174864778746998));
#4531=CARTESIAN_POINT('Ctrl Pts',(-1.61243919683124,2.58541162689273,0.18019311063431));
#4532=CARTESIAN_POINT('Ctrl Pts',(-1.54401297616055,2.65845797429859,0.187816712423331));
#4533=CARTESIAN_POINT('Ctrl Pts',(-1.44666364023327,2.68895274616178,0.181969221263412));
#4534=CARTESIAN_POINT('Ctrl Pts',(-1.39125927815276,2.68961824135464,0.174864778746996));
#4535=CARTESIAN_POINT('Ctrl Pts',(-1.61223633837967,2.53951042708151,0.161017717189412));
#4536=CARTESIAN_POINT('Ctrl Pts',(-1.59329955163458,2.57197491281649,0.166140806453458));
#4537=CARTESIAN_POINT('Ctrl Pts',(-1.53161773971458,2.63843640773869,0.17348864003134));
#4538=CARTESIAN_POINT('Ctrl Pts',(-1.44327365749134,2.66576951212222,0.167848502874804));
#4539=CARTESIAN_POINT('Ctrl Pts',(-1.39316237383822,2.66599283948195,0.16101771718941));
#4540=CARTESIAN_POINT('Ctrl Pts',(-1.60258056290279,2.53438130963344,0.158209577311954));
#4541=CARTESIAN_POINT('Ctrl Pts',(-1.58463669676458,2.56546099746905,0.163141872021006));
#4542=CARTESIAN_POINT('Ctrl Pts',(-1.52587955301174,2.62912117713953,0.170228258898598));
#4543=CARTESIAN_POINT('Ctrl Pts',(-1.44139862526955,2.6550661339017,0.164785970257355));
#4544=CARTESIAN_POINT('Ctrl Pts',(-1.39354831556765,2.6550661339017,0.158209577311952));
#4545=CARTESIAN_POINT('',(-1.3856406460551,2.7,0.215746351397195));
#4546=CARTESIAN_POINT('',(-1.39354831556765,2.6550661339017,0.158209577311952));
#4547=CARTESIAN_POINT('Origin',(-1.3856406460551,2.64,0.215746351397195));
#4548=CARTESIAN_POINT('',(-1.60258056290279,2.53438130963345,0.158209577311952));
#4549=CARTESIAN_POINT('Ctrl Pts',(-1.39354831556765,2.6550661339017,0.158209577311952));
#4550=CARTESIAN_POINT('Ctrl Pts',(-1.44139862526955,2.6550661339017,0.164785970257355));
#4551=CARTESIAN_POINT('Ctrl Pts',(-1.52587955301174,2.62912117713953,0.170228258898598));
#4552=CARTESIAN_POINT('Ctrl Pts',(-1.58463669676458,2.56546099746905,0.163141872021006));
#4553=CARTESIAN_POINT('Ctrl Pts',(-1.60258056290279,2.53438130963344,0.158209577311954));
#4554=CARTESIAN_POINT('',(-1.64544826719043,2.55,0.215746351397197));
#4555=CARTESIAN_POINT('Origin',(-1.59348674296337,2.52,0.215746351397197));
#4556=CARTESIAN_POINT('Ctrl Pts',(-1.64544826719043,2.55,0.215746351397197));
#4557=CARTESIAN_POINT('Ctrl Pts',(-1.62314571227475,2.58862915825255,0.220650657872141));
#4558=CARTESIAN_POINT('Ctrl Pts',(-1.5501160532736,2.66775283439387,0.227696833151154));
#4559=CARTESIAN_POINT('Ctrl Pts',(-1.44511412583025,2.7,0.22228542669712));
#4560=CARTESIAN_POINT('Ctrl Pts',(-1.3856406460551,2.7,0.215746351397195));
#4561=CARTESIAN_POINT('Origin',(-1.58644421626644E-15,2.64,10.2977676964913));
#4562=CARTESIAN_POINT('',(1.3856406460551,2.7,0.215746351397197));
#4563=CARTESIAN_POINT('',(1.39354831556764,2.65506613390171,0.158209577311952));
#4564=CARTESIAN_POINT('Origin',(1.3856406460551,2.64,0.215746351397197));
#4565=CARTESIAN_POINT('Origin',(-1.59549784542926E-15,2.65506613390171,
10.2977676964913));
#4566=CARTESIAN_POINT('Origin',(-1.62249976663613E-15,2.7,10.2977676964913));
#4567=CARTESIAN_POINT('Ctrl Pts',(1.3856406460551,2.7,0.215746351397195));
#4568=CARTESIAN_POINT('Ctrl Pts',(1.43024575588646,2.7,0.220650657872139));
#4569=CARTESIAN_POINT('Ctrl Pts',(1.53528369896311,2.67631629813933,0.227696833149528));
#4570=CARTESIAN_POINT('Ctrl Pts',(1.61571152730286,2.60150554433674,0.22228542669712));
#4571=CARTESIAN_POINT('Ctrl Pts',(1.64544826719043,2.55,0.215746351397195));
#4572=CARTESIAN_POINT('Ctrl Pts',(1.38768996664095,2.7,0.200835346911083));
#4573=CARTESIAN_POINT('Ctrl Pts',(1.43175951679616,2.69968884148858,0.205900110417736));
#4574=CARTESIAN_POINT('Ctrl Pts',(1.53522496035105,2.67589674272808,0.21316413316606));
#4575=CARTESIAN_POINT('Ctrl Pts',(1.61468461189338,2.60245445797059,0.207588364919954));
#4576=CARTESIAN_POINT('Ctrl Pts',(1.64442360689751,2.55177476368784,0.200835346911083));
#4577=CARTESIAN_POINT('Ctrl Pts',(1.39125927815275,2.68961824135463,0.174864778747006));
#4578=CARTESIAN_POINT('Ctrl Pts',(1.43281254971314,2.68911911995999,0.180193110634317));
#4579=CARTESIAN_POINT('Ctrl Pts',(1.53028565255271,2.66638344827171,0.18781671242118));
#4580=CARTESIAN_POINT('Ctrl Pts',(1.60536956763539,2.59732383625416,0.181969221263421));
#4581=CARTESIAN_POINT('Ctrl Pts',(1.63364808441875,2.5496749988084,0.174864778747005));
#4582=CARTESIAN_POINT('Ctrl Pts',(1.39316237383822,2.66599283948195,0.16101771718941));
#4583=CARTESIAN_POINT('Ctrl Pts',(1.43074583657806,2.66582534396215,0.166140806453456));
#4584=CARTESIAN_POINT('Ctrl Pts',(1.51914408551146,2.64563807534359,0.173488640030053));
#4585=CARTESIAN_POINT('Ctrl Pts',(1.58698728938622,2.58279640806149,0.167848502874804));
#4586=CARTESIAN_POINT('Ctrl Pts',(1.61223633837967,2.53951042708151,0.16101771718941));
#4587=CARTESIAN_POINT('Ctrl Pts',(1.39354831556764,2.65506613390171,0.158209577311952));
#4588=CARTESIAN_POINT('Ctrl Pts',(1.42943604784407,2.65506613390171,0.163141872021004));
#4589=CARTESIAN_POINT('Ctrl Pts',(1.5139459525221,2.63601104458786,0.170228258896963));
#4590=CARTESIAN_POINT('Ctrl Pts',(1.57865540805183,2.57582089341425,0.164785970257355));
#4591=CARTESIAN_POINT('Ctrl Pts',(1.60258056290279,2.53438130963345,0.158209577311951));
#4592=CARTESIAN_POINT('',(1.64544826719043,2.55,0.215746351397195));
#4593=CARTESIAN_POINT('',(1.60258056290279,2.53438130963344,0.158209577311952));
#4594=CARTESIAN_POINT('Origin',(1.59348674296337,2.52,0.215746351397195));
#4595=CARTESIAN_POINT('Ctrl Pts',(1.60258056290279,2.53438130963345,0.158209577311951));
#4596=CARTESIAN_POINT('Ctrl Pts',(1.57865540805183,2.57582089341425,0.164785970257355));
#4597=CARTESIAN_POINT('Ctrl Pts',(1.5139459525221,2.63601104458786,0.170228258896963));
#4598=CARTESIAN_POINT('Ctrl Pts',(1.42943604784407,2.65506613390171,0.163141872021004));
#4599=CARTESIAN_POINT('Ctrl Pts',(1.39354831556764,2.65506613390171,0.158209577311952));
#4600=CARTESIAN_POINT('Ctrl Pts',(1.3856406460551,2.7,0.215746351397195));
#4601=CARTESIAN_POINT('Ctrl Pts',(1.43024575588646,2.7,0.220650657872139));
#4602=CARTESIAN_POINT('Ctrl Pts',(1.53528369896311,2.67631629813933,0.227696833149528));
#4603=CARTESIAN_POINT('Ctrl Pts',(1.61571152730286,2.60150554433674,0.22228542669712));
#4604=CARTESIAN_POINT('Ctrl Pts',(1.64544826719043,2.55,0.215746351397195));
#4605=CARTESIAN_POINT('Origin',(2.28630706599092,1.32,10.2977676964913));
#4606=CARTESIAN_POINT('',(3.03108891324553,0.150000000000002,0.215746351397197));
#4607=CARTESIAN_POINT('',(2.99612887847044,0.120684824268261,0.158209577311952));
#4608=CARTESIAN_POINT('Origin',(2.97912738901847,0.120000000000001,0.215746351397197));
#4609=CARTESIAN_POINT('Origin',(2.29935472068661,1.32753306695085,10.2977676964913));
#4610=CARTESIAN_POINT('Origin',(2.33826859021798,1.35,10.2977676964913));
#4611=CARTESIAN_POINT('Ctrl Pts',(2.99612887847043,-0.120684824268261,0.158209577311952));
#4612=CARTESIAN_POINT('Ctrl Pts',(3.01407274461191,-0.0896051364270103,
0.163141872021901));
#4613=CARTESIAN_POINT('Ctrl Pts',(3.03982562379512,-0.00689465391110105,
0.170228291685085));
#4614=CARTESIAN_POINT('Ctrl Pts',(3.02005403332573,0.0792452404799251,0.164785970258551));
#4615=CARTESIAN_POINT('Ctrl Pts',(2.99612887847043,0.120684824268259,0.158209577311952));
#4616=CARTESIAN_POINT('Ctrl Pts',(3.00848865680037,-0.12841494177784,0.16195376381523));
#4617=CARTESIAN_POINT('Ctrl Pts',(3.02736934112466,-0.095257024051497,0.167144196804387));
#4618=CARTESIAN_POINT('Ctrl Pts',(3.05440581092118,-0.00730377415271517,
0.174583925723093));
#4619=CARTESIAN_POINT('Ctrl Pts',(3.03366290256609,0.0842043848093812,0.168874341134106));
#4620=CARTESIAN_POINT('Ctrl Pts',(3.00848865680037,0.128414941777838,0.16195376381523));
#4621=CARTESIAN_POINT('Ctrl Pts',(3.0270757406647,-0.141760842845992,0.178429319132833));
#4622=CARTESIAN_POINT('Ctrl Pts',(3.04767446768943,-0.105042377621383,0.183728906777587));
#4623=CARTESIAN_POINT('Ctrl Pts',(3.07707435009389,-0.0080293218721599,
0.191312511342039));
#4624=CARTESIAN_POINT('Ctrl Pts',(3.054540710031,0.0928028892131795,0.185495435992505));
#4625=CARTESIAN_POINT('Ctrl Pts',(3.0270757406647,0.14176084284599,0.178429319132832));
#4626=CARTESIAN_POINT('Ctrl Pts',(3.03185740846523,-0.148668927234119,0.204563098032611));
#4627=CARTESIAN_POINT('Ctrl Pts',(3.05375706315999,-0.110278012647913,0.209585208401269));
#4628=CARTESIAN_POINT('Ctrl Pts',(3.08510625867818,-0.00845593146508952,
0.216791604323669));
#4629=CARTESIAN_POINT('Ctrl Pts',(3.06105694805824,0.0974810411191768,0.211259245190822));
#4630=CARTESIAN_POINT('Ctrl Pts',(3.03185740846523,0.148668927234118,0.204563098032611));
#4631=CARTESIAN_POINT('Ctrl Pts',(3.03108891324553,-0.150000000000002,0.215746351397195));
#4632=CARTESIAN_POINT('Ctrl Pts',(3.05339146816527,-0.111370841740426,0.22065065787303));
#4633=CARTESIAN_POINT('Ctrl Pts',(3.08539989922446,-0.00856941287304084,
0.227696865751594));
#4634=CARTESIAN_POINT('Ctrl Pts',(3.06082565313851,0.0984944556539001,0.222285426698309));
#4635=CARTESIAN_POINT('Ctrl Pts',(3.03108891324553,0.15,0.215746351397195));
#4636=CARTESIAN_POINT('',(3.03108891324553,-0.150000000000002,0.215746351397195));
#4637=CARTESIAN_POINT('Ctrl Pts',(3.03108891324553,0.15,0.215746351397195));
#4638=CARTESIAN_POINT('Ctrl Pts',(3.06082565313851,0.0984944556539001,0.222285426698309));
#4639=CARTESIAN_POINT('Ctrl Pts',(3.08539989922446,-0.00856941287304084,
0.227696865751594));
#4640=CARTESIAN_POINT('Ctrl Pts',(3.05339146816527,-0.111370841740426,0.22065065787303));
#4641=CARTESIAN_POINT('Ctrl Pts',(3.03108891324553,-0.150000000000002,0.215746351397195));
#4642=CARTESIAN_POINT('',(2.99612887847043,-0.120684824268261,0.158209577311952));
#4643=CARTESIAN_POINT('Origin',(2.97912738901847,-0.120000000000002,0.215746351397195));
#4644=CARTESIAN_POINT('Ctrl Pts',(2.99612887847043,-0.120684824268261,0.158209577311952));
#4645=CARTESIAN_POINT('Ctrl Pts',(3.01407274461191,-0.0896051364270103,
0.163141872021901));
#4646=CARTESIAN_POINT('Ctrl Pts',(3.03982562379512,-0.00689465391110105,
0.170228291685085));
#4647=CARTESIAN_POINT('Ctrl Pts',(3.02005403332573,0.0792452404799251,0.164785970258551));
#4648=CARTESIAN_POINT('Ctrl Pts',(2.99612887847043,0.120684824268259,0.158209577311952));
#4649=CARTESIAN_POINT('Origin',(2.28630706599092,-1.32,10.2977676964913));
#4650=CARTESIAN_POINT('',(1.64544826719043,-2.55,0.215746351397197));
#4651=CARTESIAN_POINT('',(1.60258056290279,-2.53438130963345,0.158209577311952));
#4652=CARTESIAN_POINT('Origin',(1.59348674296337,-2.52,0.215746351397197));
#4653=CARTESIAN_POINT('Origin',(2.29935472068661,-1.32753306695085,10.2977676964913));
#4654=CARTESIAN_POINT('Origin',(2.33826859021798,-1.35,10.2977676964913));
#4655=CARTESIAN_POINT('Ctrl Pts',(1.39354831556764,-2.65506613390171,0.158209577311952));
#4656=CARTESIAN_POINT('Ctrl Pts',(1.44139862526955,-2.6550661339017,0.164785970257355));
#4657=CARTESIAN_POINT('Ctrl Pts',(1.52587955301174,-2.62912117713954,0.170228258898597));
#4658=CARTESIAN_POINT('Ctrl Pts',(1.58463669676457,-2.56546099746905,0.163141872021004));
#4659=CARTESIAN_POINT('Ctrl Pts',(1.60258056290279,-2.53438130963345,0.158209577311952));
#4660=CARTESIAN_POINT('Ctrl Pts',(1.39303372659508,-2.66963507467537,0.16195376381523));
#4661=CARTESIAN_POINT('Ctrl Pts',(1.44390831491883,-2.66933133254541,0.168874341132848));
#4662=CARTESIAN_POINT('Ctrl Pts',(1.53352368745602,-2.64154357478443,0.174583910402101));
#4663=CARTESIAN_POINT('Ctrl Pts',(1.59617967328333,-2.57415024402038,0.167144196803444));
#4664=CARTESIAN_POINT('Ctrl Pts',(1.61545493020529,-2.54122013289753,0.16195376381523));
#4665=CARTESIAN_POINT('Ctrl Pts',(1.39076920590341,-2.69240298606302,0.178430579802717));
#4666=CARTESIAN_POINT('Ctrl Pts',(1.44690052213967,-2.69170937043212,0.185496696661105));
#4667=CARTESIAN_POINT('Ctrl Pts',(1.54548476823987,-2.66081118783233,0.191313728778099));
#4668=CARTESIAN_POINT('Ctrl Pts',(1.61480502004773,-2.58684120963973,0.183730167446508));
#4669=CARTESIAN_POINT('Ctrl Pts',(1.63630478020395,-2.55064295614497,0.178430579802717));
#4670=CARTESIAN_POINT('Ctrl Pts',(1.38717763649449,-2.7,0.204563098032613));
#4671=CARTESIAN_POINT('Ctrl Pts',(1.44610741602185,-2.69969360000895,0.211259245189607));
#4672=CARTESIAN_POINT('Ctrl Pts',(1.5498710091973,-2.66755525266698,0.216791568641227));
#4673=CARTESIAN_POINT('Ctrl Pts',(1.622382092016,-2.58949218735182,0.209585208400358));
#4674=CARTESIAN_POINT('Ctrl Pts',(1.64467977197074,-2.55133107276589,0.204563098032613));
#4675=CARTESIAN_POINT('Ctrl Pts',(1.3856406460551,-2.7,0.215746351397197));
#4676=CARTESIAN_POINT('Ctrl Pts',(1.44511412583025,-2.7,0.222285426697122));
#4677=CARTESIAN_POINT('Ctrl Pts',(1.5501160532736,-2.66775283439387,0.227696833151155));
#4678=CARTESIAN_POINT('Ctrl Pts',(1.62314571227475,-2.58862915825256,0.220650657872141));
#4679=CARTESIAN_POINT('Ctrl Pts',(1.64544826719043,-2.55,0.215746351397197));
#4680=CARTESIAN_POINT('',(1.3856406460551,-2.7,0.215746351397197));
#4681=CARTESIAN_POINT('Ctrl Pts',(1.64544826719043,-2.55,0.215746351397197));
#4682=CARTESIAN_POINT('Ctrl Pts',(1.62314571227475,-2.58862915825256,0.220650657872141));
#4683=CARTESIAN_POINT('Ctrl Pts',(1.5501160532736,-2.66775283439387,0.227696833151155));
#4684=CARTESIAN_POINT('Ctrl Pts',(1.44511412583025,-2.7,0.222285426697122));
#4685=CARTESIAN_POINT('Ctrl Pts',(1.3856406460551,-2.7,0.215746351397197));
#4686=CARTESIAN_POINT('',(1.39354831556764,-2.65506613390171,0.158209577311952));
#4687=CARTESIAN_POINT('Origin',(1.3856406460551,-2.64,0.215746351397197));
#4688=CARTESIAN_POINT('Ctrl Pts',(1.39354831556764,-2.65506613390171,0.158209577311952));
#4689=CARTESIAN_POINT('Ctrl Pts',(1.44139862526955,-2.6550661339017,0.164785970257355));
#4690=CARTESIAN_POINT('Ctrl Pts',(1.52587955301174,-2.62912117713954,0.170228258898597));
#4691=CARTESIAN_POINT('Ctrl Pts',(1.58463669676457,-2.56546099746905,0.163141872021004));
#4692=CARTESIAN_POINT('Ctrl Pts',(1.60258056290279,-2.53438130963345,0.158209577311952));
#4693=CARTESIAN_POINT('Origin',(-1.58644421626644E-15,-2.64,10.2977676964913));
#4694=CARTESIAN_POINT('',(-1.3856406460551,-2.7,0.215746351397197));
#4695=CARTESIAN_POINT('',(-1.39354831556765,-2.6550661339017,0.158209577311952));
#4696=CARTESIAN_POINT('Origin',(-1.3856406460551,-2.64,0.215746351397197));
#4697=CARTESIAN_POINT('Origin',(-1.59549784542926E-15,-2.65506613390171,
10.2977676964913));
#4698=CARTESIAN_POINT('Origin',(-1.62249976663613E-15,-2.7,10.2977676964913));
#4699=CARTESIAN_POINT('Ctrl Pts',(-1.60258056290279,-2.53438130963345,0.158209577311952));
#4700=CARTESIAN_POINT('Ctrl Pts',(-1.58463669676458,-2.56546099746905,0.163141872021004));
#4701=CARTESIAN_POINT('Ctrl Pts',(-1.52588371492079,-2.62911882518771,0.17022827101971));
#4702=CARTESIAN_POINT('Ctrl Pts',(-1.44139862526955,-2.6550661339017,0.164785970257355));
#4703=CARTESIAN_POINT('Ctrl Pts',(-1.39354831556765,-2.6550661339017,0.158209577311952));
#4704=CARTESIAN_POINT('Ctrl Pts',(-1.61545493020529,-2.54122013289753,0.16195376381523));
#4705=CARTESIAN_POINT('Ctrl Pts',(-1.59617967328333,-2.57415024402038,0.167144196803444));
#4706=CARTESIAN_POINT('Ctrl Pts',(-1.53352811109967,-2.64154107439353,0.174583923162981));
#4707=CARTESIAN_POINT('Ctrl Pts',(-1.44390831491883,-2.66933133254541,0.168874341132849));
#4708=CARTESIAN_POINT('Ctrl Pts',(-1.39303372659508,-2.66963507467536,0.16195376381523));
#4709=CARTESIAN_POINT('Ctrl Pts',(-1.63630478020394,-2.55064295614496,0.178430579802725));
#4710=CARTESIAN_POINT('Ctrl Pts',(-1.61480502004772,-2.58684120963972,0.183730167446516));
#4711=CARTESIAN_POINT('Ctrl Pts',(-1.54548964237263,-2.66080843225381,0.191313741807606));
#4712=CARTESIAN_POINT('Ctrl Pts',(-1.44690052213967,-2.6917093704321,0.185496696661113));
#4713=CARTESIAN_POINT('Ctrl Pts',(-1.39076920590341,-2.692402986063,0.178430579802725));
#4714=CARTESIAN_POINT('Ctrl Pts',(-1.64467977197074,-2.55133107276588,0.204563098032613));
#4715=CARTESIAN_POINT('Ctrl Pts',(-1.622382092016,-2.58949218735182,0.209585208400358));
#4716=CARTESIAN_POINT('Ctrl Pts',(-1.54987612993299,-2.66755235838482,0.216791580984745));
#4717=CARTESIAN_POINT('Ctrl Pts',(-1.44610741602185,-2.69969360000894,0.211259245189607));
#4718=CARTESIAN_POINT('Ctrl Pts',(-1.38717763649449,-2.7,0.204563098032613));
#4719=CARTESIAN_POINT('Ctrl Pts',(-1.64544826719044,-2.55,0.215746351397197));
#4720=CARTESIAN_POINT('Ctrl Pts',(-1.62314571227475,-2.58862915825256,0.220650657872141));
#4721=CARTESIAN_POINT('Ctrl Pts',(-1.55012122613905,-2.66774991113674,0.227696845203486));
#4722=CARTESIAN_POINT('Ctrl Pts',(-1.44511412583025,-2.7,0.222285426697122));
#4723=CARTESIAN_POINT('Ctrl Pts',(-1.3856406460551,-2.7,0.215746351397197));
#4724=CARTESIAN_POINT('',(-1.64544826719043,-2.55,0.215746351397197));
#4725=CARTESIAN_POINT('Ctrl Pts',(-1.3856406460551,-2.7,0.215746351397197));
#4726=CARTESIAN_POINT('Ctrl Pts',(-1.44511412583025,-2.7,0.222285426697122));
#4727=CARTESIAN_POINT('Ctrl Pts',(-1.55012122613905,-2.66774991113674,0.227696845203486));
#4728=CARTESIAN_POINT('Ctrl Pts',(-1.62314571227475,-2.58862915825256,0.220650657872141));
#4729=CARTESIAN_POINT('Ctrl Pts',(-1.64544826719044,-2.55,0.215746351397197));
#4730=CARTESIAN_POINT('',(-1.60258056290279,-2.53438130963345,0.158209577311952));
#4731=CARTESIAN_POINT('Origin',(-1.59348674296337,-2.52,0.215746351397197));
#4732=CARTESIAN_POINT('Ctrl Pts',(-1.60258056290279,-2.53438130963345,0.158209577311952));
#4733=CARTESIAN_POINT('Ctrl Pts',(-1.58463669676458,-2.56546099746905,0.163141872021004));
#4734=CARTESIAN_POINT('Ctrl Pts',(-1.52588371492079,-2.62911882518771,0.17022827101971));
#4735=CARTESIAN_POINT('Ctrl Pts',(-1.44139862526955,-2.6550661339017,0.164785970257355));
#4736=CARTESIAN_POINT('Ctrl Pts',(-1.39354831556765,-2.6550661339017,0.158209577311952));
#4737=CARTESIAN_POINT('Origin',(-2.28630706599092,-1.32,10.2977676964913));
#4738=CARTESIAN_POINT('',(-3.03108891324554,-0.149999999999999,0.215746351397197));
#4739=CARTESIAN_POINT('',(-2.99612887847044,-0.120684824268259,0.158209577311952));
#4740=CARTESIAN_POINT('Origin',(-2.97912738901847,-0.119999999999999,0.215746351397197));
#4741=CARTESIAN_POINT('Origin',(-2.29935472068661,-1.32753306695085,10.2977676964913));
#4742=CARTESIAN_POINT('Origin',(-2.33826859021798,-1.35,10.2977676964913));
#4743=CARTESIAN_POINT('Ctrl Pts',(-3.03108891324554,-0.149999999999997,
0.215746351397197));
#4744=CARTESIAN_POINT('Ctrl Pts',(-3.05339146816527,-0.111370841740423,
0.220650657873032));
#4745=CARTESIAN_POINT('Ctrl Pts',(-3.08539984462155,-0.00856347143597127,
0.227696853746522));
#4746=CARTESIAN_POINT('Ctrl Pts',(-3.06082565313852,0.0984944556538982,
0.222285426698311));
#4747=CARTESIAN_POINT('Ctrl Pts',(-3.03108891324554,0.149999999999998,0.215746351397197));
#4748=CARTESIAN_POINT('Ctrl Pts',(-3.03211357353846,-0.148225236312154,
0.200835346911086));
#4749=CARTESIAN_POINT('Ctrl Pts',(-3.05387887744453,-0.109904307081719,
0.205900110418659));
#4750=CARTESIAN_POINT('Ctrl Pts',(-3.08500712176942,-0.00840457100268679,
0.213164146453273));
#4751=CARTESIAN_POINT('Ctrl Pts',(-3.06113397874655,0.0971306640049069,
0.207588364921184));
#4752=CARTESIAN_POINT('Ctrl Pts',(-3.03211357353846,0.148225236312154,0.200835346911086));
#4753=CARTESIAN_POINT('Ctrl Pts',(-3.02490895327986,-0.139943918081218,
0.174863248416527));
#4754=CARTESIAN_POINT('Ctrl Pts',(-3.04525333725641,-0.103708168595667,
0.180191580304807));
#4755=CARTESIAN_POINT('Ctrl Pts',(-3.07430029719981,-0.00792567845103535,
0.187815210947154));
#4756=CARTESIAN_POINT('Ctrl Pts',(-3.05203479858193,0.0916295854338169,
0.181967690934233));
#4757=CARTESIAN_POINT('Ctrl Pts',(-3.02490895327986,0.139943918081218,0.174863248416526));
#4758=CARTESIAN_POINT('Ctrl Pts',(-3.00539871221789,-0.126482412400442,
0.161017717189413));
#4759=CARTESIAN_POINT('Ctrl Pts',(-3.02404538821603,-0.0938504311397257,
0.16614080645439));
#4760=CARTESIAN_POINT('Ctrl Pts',(-3.05076190253095,-0.00720167254082751,
0.173488656328558));
#4761=CARTESIAN_POINT('Ctrl Pts',(-3.03026094688208,0.0829731040528202,
0.167848502876048));
#4762=CARTESIAN_POINT('Ctrl Pts',(-3.00539871221789,0.126482412400442,0.161017717189413));
#4763=CARTESIAN_POINT('Ctrl Pts',(-2.99612887847044,-0.120684824268258,
0.158209577311955));
#4764=CARTESIAN_POINT('Ctrl Pts',(-3.01407274461191,-0.0896051364270076,
0.163141872021903));
#4765=CARTESIAN_POINT('Ctrl Pts',(-3.0398255798635,-0.00688987363584308,
0.170228279611502));
#4766=CARTESIAN_POINT('Ctrl Pts',(-3.02005403332574,0.079245240479924,0.164785970258553));
#4767=CARTESIAN_POINT('Ctrl Pts',(-2.99612887847044,0.120684824268258,0.158209577311954));
#4768=CARTESIAN_POINT('',(-3.03108891324554,0.149999999999998,0.215746351397197));
#4769=CARTESIAN_POINT('',(-2.99612887847044,0.120684824268258,0.158209577311954));
#4770=CARTESIAN_POINT('Origin',(-2.97912738901847,0.119999999999998,0.215746351397197));
#4771=CARTESIAN_POINT('',(-3.0284301999445,-2.73193808073176E-6,0.167092114337665));
#4772=CARTESIAN_POINT('Origin',(-2.85825517306253,0.0154251815907152,0.120316734446026));
#4773=CARTESIAN_POINT('Origin',(-2.85293462123965,-0.0216851029085043,0.118845868104749));
#4774=CARTESIAN_POINT('Ctrl Pts',(-3.03108891324554,-0.149999999999997,
0.215746351397197));
#4775=CARTESIAN_POINT('Ctrl Pts',(-3.05339146816527,-0.111370841740423,
0.220650657873032));
#4776=CARTESIAN_POINT('Ctrl Pts',(-3.08539984462155,-0.00856347143597127,
0.227696853746522));
#4777=CARTESIAN_POINT('Ctrl Pts',(-3.06082565313852,0.0984944556538982,
0.222285426698311));
#4778=CARTESIAN_POINT('Ctrl Pts',(-3.03108891324554,0.149999999999998,0.215746351397197));
#4779=CARTESIAN_POINT('Origin',(-2.28630706599092,1.32,10.2977676964913));
#4780=CARTESIAN_POINT('Origin',(-2.29935472068661,1.32753306695085,10.2977676964913));
#4781=CARTESIAN_POINT('Origin',(-2.33826859021798,1.35,10.2977676964913));
#4782=CARTESIAN_POINT('Origin',(1.64544826719043,-2.55,0.));
#4783=CARTESIAN_POINT('',(3.03108891324553,-0.150000000000002,2.6396259582893));
#4784=CARTESIAN_POINT('',(3.03108891324553,-0.150000000000002,0.));
#4785=CARTESIAN_POINT('',(1.64544826719043,-2.55,2.6396259582893));
#4786=CARTESIAN_POINT('Origin',(2.33826859021798,-1.35,-5.39847934965873));
#4787=CARTESIAN_POINT('',(1.64544826719043,-2.55,0.));
#4788=CARTESIAN_POINT('Origin',(2.7712812921102,-1.65666091955785E-15,0.));
#4789=CARTESIAN_POINT('',(3.03108891324553,0.150000000000002,2.6396259582893));
#4790=CARTESIAN_POINT('',(3.03108891324553,0.150000000000002,0.));
#4791=CARTESIAN_POINT('Ctrl Pts',(3.03108891324553,-0.150000000000002,2.6396259582893));
#4792=CARTESIAN_POINT('Ctrl Pts',(3.05331500922114,-0.111503272516344,2.63349568140298));
#4793=CARTESIAN_POINT('Ctrl Pts',(3.08548537605332,-0.00861793207579498,
2.62460763853905));
#4794=CARTESIAN_POINT('Ctrl Pts',(3.06072370787968,0.0986710300217908,2.63145225577421));
#4795=CARTESIAN_POINT('Ctrl Pts',(3.03108891324553,0.150000000000001,2.6396259582893));
#4796=CARTESIAN_POINT('Origin',(1.64544826719043,2.55,0.));
#4797=CARTESIAN_POINT('',(1.64544826719043,2.55,2.6396259582893));
#4798=CARTESIAN_POINT('',(1.64544826719043,2.55,0.));
#4799=CARTESIAN_POINT('Origin',(2.33826859021798,1.35,-5.39847934965873));
#4800=CARTESIAN_POINT('Origin',(1.3856406460551,2.4,0.));
#4801=CARTESIAN_POINT('',(1.3856406460551,2.7,2.6396259582893));
#4802=CARTESIAN_POINT('',(1.3856406460551,2.7,0.));
#4803=CARTESIAN_POINT('Ctrl Pts',(1.64544826719043,2.55,2.6396259582893));
#4804=CARTESIAN_POINT('Ctrl Pts',(1.62322217121482,2.58849672748366,2.63349568140298));
#4805=CARTESIAN_POINT('Ctrl Pts',(1.550206014483,2.66779972249484,2.62460764892466));
#4806=CARTESIAN_POINT('Ctrl Pts',(1.44491023532339,2.7,2.63145225577421));
#4807=CARTESIAN_POINT('Ctrl Pts',(1.3856406460551,2.7,2.6396259582893));
#4808=CARTESIAN_POINT('Origin',(-1.3856406460551,2.7,0.));
#4809=CARTESIAN_POINT('',(-1.3856406460551,2.7,2.6396259582893));
#4810=CARTESIAN_POINT('',(-1.3856406460551,2.7,0.));
#4811=CARTESIAN_POINT('Origin',(-1.90005552279242E-15,2.7,-5.39847934965873));
#4812=CARTESIAN_POINT('Origin',(-1.3856406460551,2.4,0.));
#4813=CARTESIAN_POINT('',(-1.64544826719043,2.55,2.6396259582893));
#4814=CARTESIAN_POINT('',(-1.64544826719043,2.55,0.));
#4815=CARTESIAN_POINT('Ctrl Pts',(-1.3856406460551,2.7,2.6396259582893));
#4816=CARTESIAN_POINT('Ctrl Pts',(-1.43009283800632,2.7,2.63349568140298));
#4817=CARTESIAN_POINT('Ctrl Pts',(-1.53527932464968,2.67641765089261,2.62460764892359));
#4818=CARTESIAN_POINT('Ctrl Pts',(-1.61581347255629,2.60132896997821,2.63145225577421));
#4819=CARTESIAN_POINT('Ctrl Pts',(-1.64544826719044,2.55,2.6396259582893));
#4820=CARTESIAN_POINT('Origin',(0.,0.,10.2977676964913));
#4821=CARTESIAN_POINT('',(-2.39957754709641,-2.93863496235748E-16,0.));
#4822=CARTESIAN_POINT('Origin',(0.,0.,10.2977676964913));
#4823=CARTESIAN_POINT('Origin',(0.,0.,0.));
#4824=CARTESIAN_POINT('Ctrl Pts',(-2.99997683301568,-0.120839820844482,
2.69588069485393));
#4825=CARTESIAN_POINT('Ctrl Pts',(-3.01788214938744,-0.0898269031629882,
2.68970751518169));
#4826=CARTESIAN_POINT('Ctrl Pts',(-3.04379851086471,-0.00693815611377801,
2.68075728570612));
#4827=CARTESIAN_POINT('Ctrl Pts',(-3.02385058817803,0.0794892639358242,
2.68764978862427));
#4828=CARTESIAN_POINT('Ctrl Pts',(-2.99997683301568,0.120839820844482,2.69588069485393));
#4829=CARTESIAN_POINT('Ctrl Pts',(-3.01144468838788,-0.128329071800844,
2.69151860816757));
#4830=CARTESIAN_POINT('Ctrl Pts',(-3.03019575144306,-0.0952951120290161,
2.68505539384578));
#4831=CARTESIAN_POINT('Ctrl Pts',(-3.05727079629346,-0.00733223758057523,
2.67570833509709));
#4832=CARTESIAN_POINT('Ctrl Pts',(-3.03644610579479,0.084283792105074,2.68290098907185));
#4833=CARTESIAN_POINT('Ctrl Pts',(-3.01144468838788,0.128329071800844,2.69151860816757));
#4834=CARTESIAN_POINT('Ctrl Pts',(-3.02815493748597,-0.141250848808295,
2.67507008159466));
#4835=CARTESIAN_POINT('Ctrl Pts',(-3.04851038537529,-0.104755622863052,
2.66849262342357));
#4836=CARTESIAN_POINT('Ctrl Pts',(-3.07779524672036,-0.00802882313653885,
2.65899697329435));
#4837=CARTESIAN_POINT('Ctrl Pts',(-3.05529553467174,0.0925905475479716,
2.66630013736654));
#4838=CARTESIAN_POINT('Ctrl Pts',(-3.02815493748598,0.141250848808296,2.67507008159466));
#4839=CARTESIAN_POINT('Ctrl Pts',(-3.03200463683561,-0.148413920216294,
2.65025018856283));
#4840=CARTESIAN_POINT('Ctrl Pts',(-3.0537501980996,-0.110204108694703,2.64398659771256));
#4841=CARTESIAN_POINT('Ctrl Pts',(-3.08513430224735,-0.0084788783610233,
2.63491737455025));
#4842=CARTESIAN_POINT('Ctrl Pts',(-3.06099871852093,0.0974675048541734,
2.64189873409581));
#4843=CARTESIAN_POINT('Ctrl Pts',(-3.03200463683562,0.148413920216294,2.65025018856283));
#4844=CARTESIAN_POINT('Ctrl Pts',(-3.03108891324553,-0.15,2.6396259582893));
#4845=CARTESIAN_POINT('Ctrl Pts',(-3.05331500922114,-0.111503272516342,
2.63349568140298));
#4846=CARTESIAN_POINT('Ctrl Pts',(-3.08548531694275,-0.00861242105287524,
2.62460765484383));
#4847=CARTESIAN_POINT('Ctrl Pts',(-3.06072370787968,0.0986710300217904,
2.63145225577421));
#4848=CARTESIAN_POINT('Ctrl Pts',(-3.03108891324554,0.15,2.63962595828929));
#4849=CARTESIAN_POINT('',(-3.03108891324554,0.149999999999999,2.63962595828929));
#4850=CARTESIAN_POINT('Origin',(-2.97912738901847,0.12,2.63962595828929));
#4851=CARTESIAN_POINT('',(-3.03108891324554,-0.149999999999999,2.6396259582893));
#4852=CARTESIAN_POINT('Ctrl Pts',(-3.03108891324554,0.15,2.63962595828929));
#4853=CARTESIAN_POINT('Ctrl Pts',(-3.06072370787968,0.0986710300217904,
2.63145225577421));
#4854=CARTESIAN_POINT('Ctrl Pts',(-3.08548531694275,-0.00861242105287524,
2.62460765484383));
#4855=CARTESIAN_POINT('Ctrl Pts',(-3.05331500922114,-0.111503272516342,
2.63349568140298));
#4856=CARTESIAN_POINT('Ctrl Pts',(-3.03108891324553,-0.15,2.6396259582893));
#4857=CARTESIAN_POINT('Origin',(-2.97912738901847,-0.12,2.6396259582893));
#4858=CARTESIAN_POINT('Origin',(-2.28630706599092,1.32,-5.39847934965873));
#4859=CARTESIAN_POINT('Origin',(-1.59348674296337,2.52,2.6396259582893));
#4860=CARTESIAN_POINT('Origin',(-2.33826859021798,1.35,-5.39847934965873));
#4861=CARTESIAN_POINT('Ctrl Pts',(-1.3856406460551,2.7,2.6396259582893));
#4862=CARTESIAN_POINT('Ctrl Pts',(-1.43009283800632,2.7,2.63349568140298));
#4863=CARTESIAN_POINT('Ctrl Pts',(-1.53527932464968,2.67641765089261,2.62460764892359));
#4864=CARTESIAN_POINT('Ctrl Pts',(-1.61581347255629,2.60132896997821,2.63145225577421));
#4865=CARTESIAN_POINT('Ctrl Pts',(-1.64544826719044,2.55,2.6396259582893));
#4866=CARTESIAN_POINT('Ctrl Pts',(-1.38808257562865,2.7,2.653791598654));
#4867=CARTESIAN_POINT('Ctrl Pts',(-1.43188954051436,2.69963119587445,2.6474800944606));
#4868=CARTESIAN_POINT('Ctrl Pts',(-1.53520314491575,2.6759165261537,2.63834617372608));
#4869=CARTESIAN_POINT('Ctrl Pts',(-1.61459680082419,2.60245282956621,2.64537625972947));
#4870=CARTESIAN_POINT('Ctrl Pts',(-1.64422730240366,2.55211477304494,2.653791598654));
#4871=CARTESIAN_POINT('Ctrl Pts',(-1.39233872517922,2.69056464996099,2.67848153423817));
#4872=CARTESIAN_POINT('Ctrl Pts',(-1.43359163361366,2.68996830291881,2.67187040253492));
#4873=CARTESIAN_POINT('Ctrl Pts',(-1.53078521425034,2.66727502023645,2.66232768724818));
#4874=CARTESIAN_POINT('Ctrl Pts',(-1.60573743359403,2.59832022254272,2.66966669196717));
#4875=CARTESIAN_POINT('Ctrl Pts',(-1.633927974801,2.55108303165854,2.67848153423817));
#4876=CARTESIAN_POINT('Ctrl Pts',(-1.39477409644469,2.66873311824668,2.69260912983916));
#4877=CARTESIAN_POINT('Ctrl Pts',(-1.43221034159721,2.66852825379311,2.68622131518555));
#4878=CARTESIAN_POINT('Ctrl Pts',(-1.52068060238682,2.64838148269144,2.67697703220767));
#4879=CARTESIAN_POINT('Ctrl Pts',(-1.58860957423696,2.58536743531506,2.68409204363435));
#4880=CARTESIAN_POINT('Ctrl Pts',(-1.61380362810014,2.54227635918492,2.69260912983916));
#4881=CARTESIAN_POINT('Ctrl Pts',(-1.39533806186776,2.6584760585786,2.69588069485393));
#4882=CARTESIAN_POINT('Ctrl Pts',(-1.43114869461129,2.6584760585786,2.68970751518168));
#4883=CARTESIAN_POINT('Ctrl Pts',(-1.51588680261959,2.63947814630374,2.68075727974444));
#4884=CARTESIAN_POINT('Ctrl Pts',(-1.58076501598557,2.57898679464278,2.68764978862427));
#4885=CARTESIAN_POINT('Ctrl Pts',(-1.60463877114792,2.53763623773412,2.69588069485393));
#4886=CARTESIAN_POINT('Origin',(-1.3856406460551,2.64,2.6396259582893));
#4887=CARTESIAN_POINT('Origin',(-1.86399997242273E-15,2.64,-5.39847934965873));
#4888=CARTESIAN_POINT('Origin',(1.3856406460551,2.64,2.6396259582893));
#4889=CARTESIAN_POINT('Ctrl Pts',(1.64544826719043,2.55,2.6396259582893));
#4890=CARTESIAN_POINT('Ctrl Pts',(1.62322217121482,2.58849672748366,2.63349568140298));
#4891=CARTESIAN_POINT('Ctrl Pts',(1.550206014483,2.66779972249484,2.62460764892466));
#4892=CARTESIAN_POINT('Ctrl Pts',(1.44491023532339,2.7,2.63145225577421));
#4893=CARTESIAN_POINT('Ctrl Pts',(1.3856406460551,2.7,2.6396259582893));
#4894=CARTESIAN_POINT('Ctrl Pts',(1.64422730240366,2.55211477304494,2.653791598654));
#4895=CARTESIAN_POINT('Ctrl Pts',(1.62200442621906,2.58986831543589,2.6474800944606));
#4896=CARTESIAN_POINT('Ctrl Pts',(1.54981011759546,2.66748318654078,2.63834617372687));
#4897=CARTESIAN_POINT('Ctrl Pts',(1.44649186214293,2.69950826116594,2.64537625972947));
#4898=CARTESIAN_POINT('Ctrl Pts',(1.38808257562865,2.7,2.653791598654));
#4899=CARTESIAN_POINT('Ctrl Pts',(1.63392797480099,2.55108303165854,2.67848153423817));
#4900=CARTESIAN_POINT('Ctrl Pts',(1.61278506889577,2.58651092482167,2.67187040253492));
#4901=CARTESIAN_POINT('Ctrl Pts',(1.54453531927754,2.65933639339404,2.66232768724949));
#4902=CARTESIAN_POINT('Ctrl Pts',(1.44734260309181,2.68976952057141,2.66966669196717));
#4903=CARTESIAN_POINT('Ctrl Pts',(1.39233872517922,2.69056464996099,2.67848153423817));
#4904=CARTESIAN_POINT('Ctrl Pts',(1.61380362810014,2.54227635918492,2.69260912983916));
#4905=CARTESIAN_POINT('Ctrl Pts',(1.59490808770276,2.57459466628253,2.68622131518556));
#4906=CARTESIAN_POINT('Ctrl Pts',(1.53322534172787,2.64113877405232,2.67697703220857));
#4907=CARTESIAN_POINT('Ctrl Pts',(1.44468908998138,2.66845996564192,2.68409204363435));
#4908=CARTESIAN_POINT('Ctrl Pts',(1.39477409644469,2.66873311824668,2.69260912983916));
#4909=CARTESIAN_POINT('Ctrl Pts',(1.60463877114792,2.53763623773412,2.69588069485393));
#4910=CARTESIAN_POINT('Ctrl Pts',(1.58673345477615,2.56864915541561,2.68970751518169));
#4911=CARTESIAN_POINT('Ctrl Pts',(1.52791172612131,2.6325355534795,2.68075727974552));
#4912=CARTESIAN_POINT('Ctrl Pts',(1.44308557219246,2.6584760585786,2.68764978862427));
#4913=CARTESIAN_POINT('Ctrl Pts',(1.39533806186776,2.6584760585786,2.69588069485393));
#4914=CARTESIAN_POINT('Origin',(1.59348674296337,2.52,2.6396259582893));
#4915=CARTESIAN_POINT('Origin',(2.28630706599092,1.32,-5.39847934965873));
#4916=CARTESIAN_POINT('Origin',(2.97912738901847,0.120000000000002,2.6396259582893));
#4917=CARTESIAN_POINT('Ctrl Pts',(3.03108891324553,-0.150000000000002,2.6396259582893));
#4918=CARTESIAN_POINT('Ctrl Pts',(3.05331500922114,-0.111503272516344,2.63349568140298));
#4919=CARTESIAN_POINT('Ctrl Pts',(3.08548537605332,-0.00861793207579498,
2.62460763853905));
#4920=CARTESIAN_POINT('Ctrl Pts',(3.06072370787968,0.0986710300217908,2.63145225577421));
#4921=CARTESIAN_POINT('Ctrl Pts',(3.03108891324553,0.150000000000001,2.6396259582893));
#4922=CARTESIAN_POINT('Ctrl Pts',(3.03230987803231,-0.147885226955061,2.653791598654));
#4923=CARTESIAN_POINT('Ctrl Pts',(3.05389396673342,-0.109762880438564,2.6474800944606));
#4924=CARTESIAN_POINT('Ctrl Pts',(3.08501329817327,-0.00843334573015256,
2.63834616610296));
#4925=CARTESIAN_POINT('Ctrl Pts',(3.06108866296712,0.0970554315997308,2.64537625972947));
#4926=CARTESIAN_POINT('Ctrl Pts',(3.03230987803231,0.147885226955059,2.653791598654));
#4927=CARTESIAN_POINT('Ctrl Pts',(3.02626771337299,-0.139482024839136,2.67848243121994));
#4928=CARTESIAN_POINT('Ctrl Pts',(3.04637771590221,-0.103457784633824,2.67187129951668));
#4929=CARTESIAN_POINT('Ctrl Pts',(3.07532157663066,-0.00793875049751021,
2.66232857084039));
#4930=CARTESIAN_POINT('Ctrl Pts',(3.05308105007862,0.0914497045653859,2.66966758894893));
#4931=CARTESIAN_POINT('Ctrl Pts',(3.02626771337299,0.139482024839134,2.67848243121994));
#4932=CARTESIAN_POINT('Ctrl Pts',(3.00857772454482,-0.126456759061755,2.69260912983916));
#4933=CARTESIAN_POINT('Ctrl Pts',(3.02711842929996,-0.0939335875105859,
2.68622131518556));
#4934=CARTESIAN_POINT('Ctrl Pts',(3.05390597477388,-0.00724271122072014,
2.67697702348906));
#4935=CARTESIAN_POINT('Ctrl Pts',(3.03329866421834,0.0830925303268618,2.68409204363435));
#4936=CARTESIAN_POINT('Ctrl Pts',(3.00857772454482,0.126456759061754,2.69260912983916));
#4937=CARTESIAN_POINT('Ctrl Pts',(2.99997683301567,-0.120839820844484,2.69588069485393));
#4938=CARTESIAN_POINT('Ctrl Pts',(3.01788214938744,-0.0898269031629897,
2.68970751518169));
#4939=CARTESIAN_POINT('Ctrl Pts',(3.04379855848412,-0.00694259578725985,
2.68075726928722));
#4940=CARTESIAN_POINT('Ctrl Pts',(3.02385058817803,0.0794892639358241,2.68764978862427));
#4941=CARTESIAN_POINT('Ctrl Pts',(2.99997683301567,0.120839820844482,2.69588069485393));
#4942=CARTESIAN_POINT('Origin',(2.97912738901847,-0.120000000000002,2.6396259582893));
#4943=CARTESIAN_POINT('Origin',(2.28630706599092,-1.32,-5.39847934965873));
#4944=CARTESIAN_POINT('Origin',(1.59348674296337,-2.52,2.6396259582893));
#4945=CARTESIAN_POINT('Ctrl Pts',(1.60463877114792,-2.53763623773412,2.69588069485393));
#4946=CARTESIAN_POINT('Ctrl Pts',(1.58673345477615,-2.56864915541562,2.68970751518169));
#4947=CARTESIAN_POINT('Ctrl Pts',(1.52790785732124,-2.63253773207161,2.68075729618666));
#4948=CARTESIAN_POINT('Ctrl Pts',(1.44308557219246,-2.6584760585786,2.68764978862427));
#4949=CARTESIAN_POINT('Ctrl Pts',(1.39533806186775,-2.6584760585786,2.69588069485393));
#4950=CARTESIAN_POINT('Ctrl Pts',(1.61685858041754,-2.54382306633519,2.69151860816757));
#4951=CARTESIAN_POINT('Ctrl Pts',(1.59762586359514,-2.57657894317486,2.68505539384578));
#4952=CARTESIAN_POINT('Ctrl Pts',(1.53498528196748,-2.64400803047331,2.67570833859052));
#4953=CARTESIAN_POINT('Ctrl Pts',(1.44523114780711,-2.67178136089316,2.68290098907185));
#4954=CARTESIAN_POINT('Ctrl Pts',(1.39458610797033,-2.67215213813604,2.69151860816757));
#4955=CARTESIAN_POINT('Ctrl Pts',(1.63640331744484,-2.5518329685836,2.67506934438432));
#4956=CARTESIAN_POINT('Ctrl Pts',(1.61497524860407,-2.58770891653378,2.66849188621323));
#4957=CARTESIAN_POINT('Ctrl Pts',(1.54585009344674,-2.66143355420969,2.65899625006908));
#4958=CARTESIAN_POINT('Ctrl Pts',(1.44746187392575,-2.69225762404275,2.6662994001562));
#4959=CARTESIAN_POINT('Ctrl Pts',(1.39175051828563,-2.69308332803617,2.67506934438432));
#4960=CARTESIAN_POINT('Ctrl Pts',(1.64453254360035,-2.55158607978371,2.65025018856283));
#4961=CARTESIAN_POINT('Ctrl Pts',(1.62231465678083,-2.58952319401866,2.64398659771257));
#4962=CARTESIAN_POINT('Ctrl Pts',(1.54991005417592,-2.66756521282295,2.6349173860428));
#4963=CARTESIAN_POINT('Ctrl Pts',(1.44609002401327,-2.69963640361782,2.64189873409581));
#4964=CARTESIAN_POINT('Ctrl Pts',(1.38747209323526,-2.7,2.65025018856283));
#4965=CARTESIAN_POINT('Ctrl Pts',(1.64544826719043,-2.55,2.6396259582893));
#4966=CARTESIAN_POINT('Ctrl Pts',(1.62322217121482,-2.58849672748366,2.63349568140298));
#4967=CARTESIAN_POINT('Ctrl Pts',(1.55020121209247,-2.66780242680883,2.62460766525154));
#4968=CARTESIAN_POINT('Ctrl Pts',(1.44491023532339,-2.7,2.63145225577421));
#4969=CARTESIAN_POINT('Ctrl Pts',(1.3856406460551,-2.7,2.6396259582893));
#4970=CARTESIAN_POINT('',(1.3856406460551,-2.7,2.6396259582893));
#4971=CARTESIAN_POINT('Origin',(1.3856406460551,-2.64,2.6396259582893));
#4972=CARTESIAN_POINT('Ctrl Pts',(1.3856406460551,-2.7,2.6396259582893));
#4973=CARTESIAN_POINT('Ctrl Pts',(1.44491023532339,-2.7,2.63145225577421));
#4974=CARTESIAN_POINT('Ctrl Pts',(1.55020121209247,-2.66780242680883,2.62460766525154));
#4975=CARTESIAN_POINT('Ctrl Pts',(1.62322217121482,-2.58849672748366,2.63349568140298));
#4976=CARTESIAN_POINT('Ctrl Pts',(1.64544826719043,-2.55,2.6396259582893));
#4977=CARTESIAN_POINT('Origin',(-1.86399997242273E-15,-2.64,-5.39847934965873));
#4978=CARTESIAN_POINT('',(-1.3856406460551,-2.7,2.6396259582893));
#4979=CARTESIAN_POINT('Origin',(-1.3856406460551,-2.64,2.6396259582893));
#4980=CARTESIAN_POINT('Origin',(-1.90005552279242E-15,-2.7,-5.39847934965873));
#4981=CARTESIAN_POINT('Ctrl Pts',(-1.39533806186776,-2.6584760585786,2.69588069485393));
#4982=CARTESIAN_POINT('Ctrl Pts',(-1.44308557219247,-2.6584760585786,2.68764978862427));
#4983=CARTESIAN_POINT('Ctrl Pts',(-1.52791172612132,-2.6325355534795,2.68075727974552));
#4984=CARTESIAN_POINT('Ctrl Pts',(-1.58673345477616,-2.56864915541561,2.68970751518169));
#4985=CARTESIAN_POINT('Ctrl Pts',(-1.60463877114792,-2.53763623773412,2.69588069485393));
#4986=CARTESIAN_POINT('Ctrl Pts',(-1.39458610797033,-2.67215213813603,2.69151860816757));
#4987=CARTESIAN_POINT('Ctrl Pts',(-1.44523114780712,-2.67178136089316,2.68290098907185));
#4988=CARTESIAN_POINT('Ctrl Pts',(-1.53498938555657,-2.64400571891557,2.67570832137931));
#4989=CARTESIAN_POINT('Ctrl Pts',(-1.59762586359515,-2.57657894317486,2.68505539384578));
#4990=CARTESIAN_POINT('Ctrl Pts',(-1.61685858041755,-2.54382306633519,2.69151860816757));
#4991=CARTESIAN_POINT('Ctrl Pts',(-1.39175051828563,-2.69308332803616,2.67506934438432));
#4992=CARTESIAN_POINT('Ctrl Pts',(-1.44746187392576,-2.69225762404275,2.6662994001562));
#4993=CARTESIAN_POINT('Ctrl Pts',(-1.54585460137073,-2.66143101412589,2.6589962325573));
#4994=CARTESIAN_POINT('Ctrl Pts',(-1.61497524860407,-2.58770891653378,2.66849188621323));
#4995=CARTESIAN_POINT('Ctrl Pts',(-1.63640331744484,-2.5518329685836,2.67506934438432));
#4996=CARTESIAN_POINT('Ctrl Pts',(-1.38747209323526,-2.7,2.65025018856283));
#4997=CARTESIAN_POINT('Ctrl Pts',(-1.44609002401327,-2.69963640361782,2.64189873409581));
#4998=CARTESIAN_POINT('Ctrl Pts',(-1.54991479943968,-2.66756254000027,2.6349173693627));
#4999=CARTESIAN_POINT('Ctrl Pts',(-1.62231465678084,-2.58952319401866,2.64398659771256));
#5000=CARTESIAN_POINT('Ctrl Pts',(-1.64453254360036,-2.5515860797837,2.65025018856283));
#5001=CARTESIAN_POINT('Ctrl Pts',(-1.3856406460551,-2.7,2.6396259582893));
#5002=CARTESIAN_POINT('Ctrl Pts',(-1.44491023532339,-2.7,2.63145225577421));
#5003=CARTESIAN_POINT('Ctrl Pts',(-1.550206014483,-2.66779972249484,2.62460764892466));
#5004=CARTESIAN_POINT('Ctrl Pts',(-1.62322217121483,-2.58849672748366,2.63349568140298));
#5005=CARTESIAN_POINT('Ctrl Pts',(-1.64544826719043,-2.55,2.6396259582893));
#5006=CARTESIAN_POINT('',(-1.64544826719043,-2.55,2.6396259582893));
#5007=CARTESIAN_POINT('Origin',(-1.59348674296337,-2.52,2.6396259582893));
#5008=CARTESIAN_POINT('Ctrl Pts',(-1.64544826719043,-2.55,2.6396259582893));
#5009=CARTESIAN_POINT('Ctrl Pts',(-1.62322217121483,-2.58849672748366,2.63349568140298));
#5010=CARTESIAN_POINT('Ctrl Pts',(-1.550206014483,-2.66779972249484,2.62460764892466));
#5011=CARTESIAN_POINT('Ctrl Pts',(-1.44491023532339,-2.7,2.63145225577421));
#5012=CARTESIAN_POINT('Ctrl Pts',(-1.3856406460551,-2.7,2.6396259582893));
#5013=CARTESIAN_POINT('Origin',(-2.28630706599092,-1.32,-5.39847934965873));
#5014=CARTESIAN_POINT('Origin',(-2.33826859021798,-1.35,-5.39847934965873));
#5015=CARTESIAN_POINT('Origin',(1.3856406460551,-2.4,0.));
#5016=CARTESIAN_POINT('',(1.3856406460551,-2.7,0.));
#5017=CARTESIAN_POINT('Origin',(-1.3856406460551,-2.7,0.));
#5018=CARTESIAN_POINT('',(-1.3856406460551,-2.7,0.));
#5019=CARTESIAN_POINT('Origin',(-1.3856406460551,-2.4,0.));
#5020=CARTESIAN_POINT('',(-1.64544826719043,-2.55,0.));
#5021=CARTESIAN_POINT('Origin',(-3.03108891324554,-0.149999999999999,0.));
#5022=CARTESIAN_POINT('',(-3.03108891324554,-0.149999999999999,0.));
#5023=CARTESIAN_POINT('Origin',(-2.7712812921102,7.54604712049911E-16,0.));
#5024=CARTESIAN_POINT('',(-3.03108891324554,0.149999999999999,0.));
#5025=CARTESIAN_POINT('Ctrl Pts',(0.956211910249387,-0.824000717635247,
0.0012686079869297));
#5026=CARTESIAN_POINT('Ctrl Pts',(1.22976266070315,-0.506571605960671,0.0276859035864033));
#5027=CARTESIAN_POINT('Ctrl Pts',(1.43124098679502,0.416460138476145,0.080513655764555));
#5028=CARTESIAN_POINT('Ctrl Pts',(0.426990125957536,1.42954228938405,0.159751864521385));
#5029=CARTESIAN_POINT('Ctrl Pts',(-0.966326404102067,1.13485534115927,0.238983234257419));
#5030=CARTESIAN_POINT('Ctrl Pts',(-1.47840600842703,-0.192998468649414,
0.318214603993454));
#5031=CARTESIAN_POINT('Ctrl Pts',(-0.641983109326174,-1.34581931375076,
0.397445973729489));
#5032=CARTESIAN_POINT('Ctrl Pts',(0.779947742227272,-1.27061369822333,0.476677343465523));
#5033=CARTESIAN_POINT('Ctrl Pts',(1.49051793515406,-0.0367738418681806,
0.555908713201559));
#5034=CARTESIAN_POINT('Ctrl Pts',(0.841597531102118,1.23075133204429,0.635140082937591));
#5035=CARTESIAN_POINT('Ctrl Pts',(-0.574927089406205,1.37564943919603,0.714371452673628));
#5036=CARTESIAN_POINT('Ctrl Pts',(-1.46707143109282,0.265876672598854,0.79360282240966));
#5037=CARTESIAN_POINT('Ctrl Pts',(-1.02111886684223,-1.08641946139675,0.872834192145697));
#5038=CARTESIAN_POINT('Ctrl Pts',(0.356181274879046,-1.44779649131297,0.952065561881728));
#5039=CARTESIAN_POINT('Ctrl Pts',(1.40861382119771,-0.488664239082099,1.03129693161777));
#5040=CARTESIAN_POINT('Ctrl Pts',(1.17626906148612,0.916174915227319,1.1105283013538));
#5041=CARTESIAN_POINT('Ctrl Pts',(-0.12893425540796,1.4853820615419,1.18975967108984));
#5042=CARTESIAN_POINT('Ctrl Pts',(-1.3165384914884,0.699793703855401,1.26899104082587));
#5043=CARTESIAN_POINT('Ctrl Pts',(-1.30334622082717,-0.724067207754434,
1.3482224105619));
#5044=CARTESIAN_POINT('Ctrl Pts',(-0.101390002664953,-1.48751625077337,
1.42745378029794));
#5045=CARTESIAN_POINT('Ctrl Pts',(1.19304266955876,-0.894222501981667,1.50668515003397));
#5046=CARTESIAN_POINT('Ctrl Pts',(1.39931763079434,0.514679217671909,1.58591651977001));
#5047=CARTESIAN_POINT('Ctrl Pts',(0.329294543132765,1.45414916585361,1.66514788950604));
#5048=CARTESIAN_POINT('Ctrl Pts',(-1.04107375043652,1.0673098302172,1.74437925924208));
#5049=CARTESIAN_POINT('Ctrl Pts',(-1.46189270759471,-0.293007888032868,
1.82361062897811));
#5050=CARTESIAN_POINT('Ctrl Pts',(-0.549340457960502,-1.38607735770733,
1.90284199871415));
#5051=CARTESIAN_POINT('Ctrl Pts',(0.864259154903105,-1.21492458572253,1.98207336845018));
#5052=CARTESIAN_POINT('Ctrl Pts',(1.489577024359,0.0643433705553632,2.06130473818622));
#5053=CARTESIAN_POINT('Ctrl Pts',(0.75627804701194,1.28492587409958,2.14053610792225));
#5054=CARTESIAN_POINT('Ctrl Pts',(-0.666822406592796,1.33354297532055,2.21976747765829));
#5055=CARTESIAN_POINT('Ctrl Pts',(-1.48170289780102,0.165858555225605,2.29899884739432));
#5056=CARTESIAN_POINT('Ctrl Pts',(-0.945181794168693,-1.15311171256649,
2.37823021713035));
#5057=CARTESIAN_POINT('Ctrl Pts',(0.453500779165197,-1.42032850909858,2.45746158686639));
#5058=CARTESIAN_POINT('Ctrl Pts',(1.43841020900534,-0.392114423794135,2.53669295660242));
#5059=CARTESIAN_POINT('Ctrl Pts',(1.11163477745453,0.993800814790514,2.61592432633846));
#5060=CARTESIAN_POINT('Ctrl Pts',(-0.229559709139539,1.4731717736211,2.69515569607449));
#5061=CARTESIAN_POINT('Ctrl Pts',(-1.36039847730429,0.609097157743115,2.77438706581054));
#5062=CARTESIAN_POINT('Ctrl Pts',(-1.25231669059942,-0.810934418586808,
2.85361843554655));
#5063=CARTESIAN_POINT('Ctrl Pts',(0.00173247692374774,-1.49054068794618,
2.9328498052826));
#5064=CARTESIAN_POINT('Ctrl Pts',(0.831051054978313,-1.03835029723675,2.98567071843995));
#5065=CARTESIAN_POINT('Ctrl Pts',(1.05901540710596,-0.68688046686681,3.01208117501863));
#5066=CARTESIAN_POINT('Ctrl Pts',(1.02757513322495,-0.885496863326733,-0.0531203785652314));
#5067=CARTESIAN_POINT('Ctrl Pts',(1.32154129891304,-0.544377642553369,-0.0267030829657579));
#5068=CARTESIAN_POINT('Ctrl Pts',(1.53805619018,0.447541049939332,0.0261246692123939));
#5069=CARTESIAN_POINT('Ctrl Pts',(0.458856902809463,1.53623071697716,0.105362877969224));
#5070=CARTESIAN_POINT('Ctrl Pts',(-1.03844448368667,1.21955093414246,0.184594247705258));
#5071=CARTESIAN_POINT('Ctrl Pts',(-1.58874119302045,-0.207402172059233,
0.263825617441293));
#5072=CARTESIAN_POINT('Ctrl Pts',(-0.689895066169966,-1.44625939689821,
0.343056987177327));
#5073=CARTESIAN_POINT('Ctrl Pts',(0.838156162391517,-1.36544109755834,0.422288356913362));
#5074=CARTESIAN_POINT('Ctrl Pts',(1.60175704712845,-0.0395183170716142,
0.501519726649397));
#5075=CARTESIAN_POINT('Ctrl Pts',(0.904406947742892,1.3226037559628,0.58075109638543));
#5076=CARTESIAN_POINT('Ctrl Pts',(-0.617834576372444,1.47831577979825,0.659982466121466));
#5077=CARTESIAN_POINT('Ctrl Pts',(-1.57656070280756,0.28571936234921,0.739213835857499));
#5078=CARTESIAN_POINT('Ctrl Pts',(-1.09732617256383,-1.16750022752989,0.818445205593535));
#5079=CARTESIAN_POINT('Ctrl Pts',(0.382763503636566,-1.55584725153188,0.897676575329569));
#5080=CARTESIAN_POINT('Ctrl Pts',(1.51374033251921,-0.525133827758008,0.976907945065602));
#5081=CARTESIAN_POINT('Ctrl Pts',(1.26405540927612,0.984550130029795,1.05613931480163));
#5082=CARTESIAN_POINT('Ctrl Pts',(-0.138556771002297,1.59623787720945,1.13537068453768));
#5083=CARTESIAN_POINT('Ctrl Pts',(-1.41479331232566,0.75202013357233,1.2146020542737));
#5084=CARTESIAN_POINT('Ctrl Pts',(-1.40061648694109,-0.778105197704589,
1.29383342400974));
#5085=CARTESIAN_POINT('Ctrl Pts',(-0.108956858181096,-1.59853134350113,
1.37306479374578));
#5086=CARTESIAN_POINT('Ctrl Pts',(1.28208085150828,-0.960959382284739,1.45229616348182));
#5087=CARTESIAN_POINT('Ctrl Pts',(1.50375035645865,0.553090334891762,1.53152753321784));
#5088=CARTESIAN_POINT('Ctrl Pts',(0.353870183379802,1.56267403366819,1.61075890295388));
#5089=CARTESIAN_POINT('Ctrl Pts',(-1.11877031266302,1.14696442203037,1.68999027268992));
#5090=CARTESIAN_POINT('Ctrl Pts',(-1.57099548506506,-0.314875412399758,
1.76922164242595));
#5091=CARTESIAN_POINT('Ctrl Pts',(-0.590338384435514,-1.48952194617064,
1.84845301216199));
#5092=CARTESIAN_POINT('Ctrl Pts',(0.928759835263738,-1.30559584089107,1.92768438189802));
#5093=CARTESIAN_POINT('Ctrl Pts',(1.60074591505069,0.0691453922105244,2.00691575163406));
#5094=CARTESIAN_POINT('Ctrl Pts',(0.812719969897383,1.38082140800537,2.08614712137009));
#5095=CARTESIAN_POINT('Ctrl Pts',(-0.716588149496349,1.43306686084764,2.16537849110613));
#5096=CARTESIAN_POINT('Ctrl Pts',(-1.592284133138,0.178236774877653,2.24460986084216));
#5097=CARTESIAN_POINT('Ctrl Pts',(-1.01572182656812,-1.2391698000862,2.3238412305782));
#5098=CARTESIAN_POINT('Ctrl Pts',(0.487346077342585,-1.52632930139882,2.40307260031422));
#5099=CARTESIAN_POINT('Ctrl Pts',(1.54576045990192,-0.421378385848172,2.48230397005026));
#5100=CARTESIAN_POINT('Ctrl Pts',(1.19459739237343,1.06796934205838,2.56153533978629));
#5101=CARTESIAN_POINT('Ctrl Pts',(-0.246692021061127,1.58311632109575,2.64076670952233));
#5102=CARTESIAN_POINT('Ctrl Pts',(-1.46192662062784,0.654554797222284,2.71999807925836));
#5103=CARTESIAN_POINT('Ctrl Pts',(-1.34577856266914,-0.871455410965032,
2.79922944899439));
#5104=CARTESIAN_POINT('Ctrl Pts',(0.0018617737204982,-1.60178149798829,
2.87846081873044));
#5105=CARTESIAN_POINT('Ctrl Pts',(0.893073375663514,-1.1158436049379,2.93128173188778));
#5106=CARTESIAN_POINT('Ctrl Pts',(1.13805097633679,-0.738143166472583,2.95769218846646));
#5107=CARTESIAN_POINT('Ctrl Pts',(1.09893835620052,-0.946993009018218,-0.107509365117393));
#5108=CARTESIAN_POINT('Ctrl Pts',(1.41331993712295,-0.582183679146066,-0.0810920695179191));
#5109=CARTESIAN_POINT('Ctrl Pts',(1.64487139356497,0.47862196140252,-0.0282643173397673));
#5110=CARTESIAN_POINT('Ctrl Pts',(0.490723679661392,1.64291914457028,0.0509738914170627));
#5111=CARTESIAN_POINT('Ctrl Pts',(-1.11056256327128,1.30424652712565,0.130205261153097));
#5112=CARTESIAN_POINT('Ctrl Pts',(-1.69907637761388,-0.221805875469057,
0.209436630889132));
#5113=CARTESIAN_POINT('Ctrl Pts',(-0.73780702301376,-1.54669948004564,0.288668000625166));
#5114=CARTESIAN_POINT('Ctrl Pts',(0.896364582555764,-1.46026849689337,0.367899370361201));
#5115=CARTESIAN_POINT('Ctrl Pts',(1.71299615910284,-0.0422627922750478,
0.447130740097235));
#5116=CARTESIAN_POINT('Ctrl Pts',(0.967216364383669,1.41445617988131,0.526362109833269));
#5117=CARTESIAN_POINT('Ctrl Pts',(-0.660742063338685,1.58098212040047,0.605593479569303));
#5118=CARTESIAN_POINT('Ctrl Pts',(-1.68604997452229,0.305562052099566,0.68482484930534));
#5119=CARTESIAN_POINT('Ctrl Pts',(-1.17353347828544,-1.24858099366303,0.764056219041372));
#5120=CARTESIAN_POINT('Ctrl Pts',(0.409345732394086,-1.66389801175077,0.843287588777409));
#5121=CARTESIAN_POINT('Ctrl Pts',(1.61886684384072,-0.561603416433918,0.922518958513441));
#5122=CARTESIAN_POINT('Ctrl Pts',(1.35184175706612,1.05292534483227,1.00175032824947));
#5123=CARTESIAN_POINT('Ctrl Pts',(-0.148179286596635,1.707093692877,1.08098169798551));
#5124=CARTESIAN_POINT('Ctrl Pts',(-1.51304813316291,0.804246563289258,1.16021306772154));
#5125=CARTESIAN_POINT('Ctrl Pts',(-1.497886753055,-0.832143187654744,1.23944443745758));
#5126=CARTESIAN_POINT('Ctrl Pts',(-0.11652371369724,-1.70954643622888,1.31867580719361));
#5127=CARTESIAN_POINT('Ctrl Pts',(1.37111903345781,-1.02769626258781,1.39790717692964));
#5128=CARTESIAN_POINT('Ctrl Pts',(1.60818308212295,0.591501452111617,1.47713854666568));
#5129=CARTESIAN_POINT('Ctrl Pts',(0.378445823626839,1.67119890148278,1.55636991640171));
#5130=CARTESIAN_POINT('Ctrl Pts',(-1.1964668748895,1.22661901384354,1.63560128613775));
#5131=CARTESIAN_POINT('Ctrl Pts',(-1.68009826253541,-0.336742936766648,
1.71483265587378));
#5132=CARTESIAN_POINT('Ctrl Pts',(-0.631336310910525,-1.59296653463393,
1.79406402560982));
#5133=CARTESIAN_POINT('Ctrl Pts',(0.993260515624368,-1.39626709605959,1.87329539534585));
#5134=CARTESIAN_POINT('Ctrl Pts',(1.71191480574238,0.0739474138656865,1.95252676508189));
#5135=CARTESIAN_POINT('Ctrl Pts',(0.869161892782826,1.47671694191116,2.03175813481792));
#5136=CARTESIAN_POINT('Ctrl Pts',(-0.7663538923999,1.53259074637472,2.11098950455396));
#5137=CARTESIAN_POINT('Ctrl Pts',(-1.70286536847499,0.190614994529699,2.19022087428999));
#5138=CARTESIAN_POINT('Ctrl Pts',(-1.08626185896754,-1.3252278876059,2.26945224402602));
#5139=CARTESIAN_POINT('Ctrl Pts',(0.521191375519969,-1.63233009369905,2.34868361376206));
#5140=CARTESIAN_POINT('Ctrl Pts',(1.65311071079851,-0.450642347902208,2.42791498349809));
#5141=CARTESIAN_POINT('Ctrl Pts',(1.27756000729232,1.14213786932625,2.50714635323413));
#5142=CARTESIAN_POINT('Ctrl Pts',(-0.263824332982716,1.69306086857039,2.58637772297016));
#5143=CARTESIAN_POINT('Ctrl Pts',(-1.56345476395138,0.700012436701455,2.6656090927062));
#5144=CARTESIAN_POINT('Ctrl Pts',(-1.43924043473887,-0.931976403343258,
2.74484046244223));
#5145=CARTESIAN_POINT('Ctrl Pts',(0.00199107051724811,-1.7130223080304,
2.82407183217827));
#5146=CARTESIAN_POINT('Ctrl Pts',(0.955095696348716,-1.19333691263904,2.87689274533562));
#5147=CARTESIAN_POINT('Ctrl Pts',(1.21708654556762,-0.789405866078357,2.9033032019143));
#5148=CARTESIAN_POINT('Ctrl Pts',(1.17030157917608,-1.00848915470971,-0.161898351669554));
#5149=CARTESIAN_POINT('Ctrl Pts',(1.50509857533286,-0.619989715738764,-0.13548105607008));
#5150=CARTESIAN_POINT('Ctrl Pts',(1.75168659694995,0.509702872865709,-0.0826533038919284));
#5151=CARTESIAN_POINT('Ctrl Pts',(0.522590456513318,1.74960757216339,-0.00341509513509842));
#5152=CARTESIAN_POINT('Ctrl Pts',(-1.18268064285588,1.38894212010884,0.0758162746009362));
#5153=CARTESIAN_POINT('Ctrl Pts',(-1.8094115622073,-0.236209578878876,0.15504764433697));
#5154=CARTESIAN_POINT('Ctrl Pts',(-0.785718979857555,-1.64713956319308,
0.234279014073005));
#5155=CARTESIAN_POINT('Ctrl Pts',(0.954573002720012,-1.55509589622839,0.313510383809039));
#5156=CARTESIAN_POINT('Ctrl Pts',(1.82423527107723,-0.0450072674784815,
0.392741753545074));
#5157=CARTESIAN_POINT('Ctrl Pts',(1.03002578102444,1.50630860379982,0.471973123281108));
#5158=CARTESIAN_POINT('Ctrl Pts',(-0.703649550304923,1.68364846100268,0.551204493017143));
#5159=CARTESIAN_POINT('Ctrl Pts',(-1.79553924623702,0.325404741849921,0.630435862753177));
#5160=CARTESIAN_POINT('Ctrl Pts',(-1.24974078400705,-1.32966175979616,0.709667232489212));
#5161=CARTESIAN_POINT('Ctrl Pts',(0.435927961151608,-1.77194877196967,0.788898602225246));
#5162=CARTESIAN_POINT('Ctrl Pts',(1.72399335516224,-0.598073005109826,0.868129971961281));
#5163=CARTESIAN_POINT('Ctrl Pts',(1.43962810485612,1.12130055963475,0.947361341697316));
#5164=CARTESIAN_POINT('Ctrl Pts',(-0.157801802190975,1.81794950854455,1.02659271143335));
#5165=CARTESIAN_POINT('Ctrl Pts',(-1.61130295400016,0.856472993006187,1.10582408116938));
#5166=CARTESIAN_POINT('Ctrl Pts',(-1.59515701916891,-0.8861811776049,1.18505545090541));
#5167=CARTESIAN_POINT('Ctrl Pts',(-0.124090569213381,-1.82056152895663,
1.26428682064145));
#5168=CARTESIAN_POINT('Ctrl Pts',(1.46015721540733,-1.09443314289089,1.34351819037748));
#5169=CARTESIAN_POINT('Ctrl Pts',(1.71261580778726,0.629912569331472,1.42274956011352));
#5170=CARTESIAN_POINT('Ctrl Pts',(0.403021463873876,1.77972376929736,1.50198092984956));
#5171=CARTESIAN_POINT('Ctrl Pts',(-1.274163437116,1.30627360565671,1.58121229958559));
#5172=CARTESIAN_POINT('Ctrl Pts',(-1.78920104000575,-0.358610461133539,
1.66044366932162));
#5173=CARTESIAN_POINT('Ctrl Pts',(-0.672334237385539,-1.69641112309723,
1.73967503905766));
#5174=CARTESIAN_POINT('Ctrl Pts',(1.057761195985,-1.48693835122813,1.81890640879369));
#5175=CARTESIAN_POINT('Ctrl Pts',(1.82308369643408,0.0787494355208484,1.89813777852973));
#5176=CARTESIAN_POINT('Ctrl Pts',(0.92560381566827,1.57261247581696,1.97736914826576));
#5177=CARTESIAN_POINT('Ctrl Pts',(-0.816119635303453,1.63211463190181,2.0566005180018));
#5178=CARTESIAN_POINT('Ctrl Pts',(-1.81344660381197,0.202993214181746,2.13583188773783));
#5179=CARTESIAN_POINT('Ctrl Pts',(-1.15680189136696,-1.41128597512559,2.21506325747387));
#5180=CARTESIAN_POINT('Ctrl Pts',(0.555036673697358,-1.73833088599929,2.2942946272099));
#5181=CARTESIAN_POINT('Ctrl Pts',(1.7604609616951,-0.479906309956246,2.37352599694593));
#5182=CARTESIAN_POINT('Ctrl Pts',(1.36052262221122,1.21630639659412,2.45275736668197));
#5183=CARTESIAN_POINT('Ctrl Pts',(-0.280956644904306,1.80300541604503,2.53198873641801));
#5184=CARTESIAN_POINT('Ctrl Pts',(-1.66498290727493,0.745470076180625,2.61122010615404));
#5185=CARTESIAN_POINT('Ctrl Pts',(-1.53270230680858,-0.992497395721482,
2.69045147589007));
#5186=CARTESIAN_POINT('Ctrl Pts',(0.00212036731399821,-1.82426311807251,
2.76968284562611));
#5187=CARTESIAN_POINT('Ctrl Pts',(1.01711801703391,-1.27083022034018,2.82250375878346));
#5188=CARTESIAN_POINT('Ctrl Pts',(1.29612211479845,-0.840668565684131,2.84891421536214));
#5189=CARTESIAN_POINT('Ctrl Pts',(1.29454430259133,-0.839645192106952,2.85));
#5190=CARTESIAN_POINT('Ctrl Pts',(1.25773798798359,-0.886633136273179,2.85));
#5191=CARTESIAN_POINT('Ctrl Pts',(1.21811850072642,-0.931139140254748,2.85));
#5192=CARTESIAN_POINT('Ctrl Pts',(1.17600864772364,-0.973075995064103,2.85));
#5193=CARTESIAN_POINT('Ctrl Pts',(1.13321117816531,-1.01569764152192,2.85));
#5194=CARTESIAN_POINT('Ctrl Pts',(1.08784032410919,-1.05566602646401,2.85));
#5195=CARTESIAN_POINT('Ctrl Pts',(1.04020264491576,-1.09284636393829,2.85));
#5196=CARTESIAN_POINT('Ctrl Pts',(0.992724235918156,-1.12990239393724,2.85));
#5197=CARTESIAN_POINT('Ctrl Pts',(0.942993040908913,-1.16418932776381,2.85));
#5198=CARTESIAN_POINT('Ctrl Pts',(0.891296795183838,-1.19552519649347,2.85));
#5199=CARTESIAN_POINT('Ctrl Pts',(0.880168170881025,-1.20227085288309,2.85));
#5200=CARTESIAN_POINT('Ctrl Pts',(0.868948460572793,-1.20887956401767,2.85));
#5201=CARTESIAN_POINT('Ctrl Pts',(0.857640513881096,-1.2153491954392,2.85));
#5202=CARTESIAN_POINT('Ctrl Pts',(0.84874366673877,-1.22043936108941,2.85));
#5203=CARTESIAN_POINT('Ctrl Pts',(0.839793004090516,-1.22544287350851,2.85));
#5204=CARTESIAN_POINT('Ctrl Pts',(0.830801277091133,-1.2303527940585,2.85));
#5205=CARTESIAN_POINT('Ctrl Pts',(0.778829971875297,-1.25873165603974,2.85));
#5206=CARTESIAN_POINT('Ctrl Pts',(0.725389412382589,-1.28404508315457,2.85));
#5207=CARTESIAN_POINT('Ctrl Pts',(0.670772252531035,-1.30617079075151,2.85));
#5208=CARTESIAN_POINT('Ctrl Pts',(0.617106683425378,-1.32791100377765,2.85));
#5209=CARTESIAN_POINT('Ctrl Pts',(0.562304118275077,-1.34657376498277,2.85));
#5210=CARTESIAN_POINT('Ctrl Pts',(0.506633512661908,-1.3619945197056,2.85));
#5211=CARTESIAN_POINT('Ctrl Pts',(0.465577461434503,-1.37336704365952,2.85));
#5212=CARTESIAN_POINT('Ctrl Pts',(0.424049060580726,-1.38297533336919,2.85));
#5213=CARTESIAN_POINT('Ctrl Pts',(0.382157902853736,-1.39073519910252,2.85));
#5214=CARTESIAN_POINT('Ctrl Pts',(0.360729352841952,-1.39470459694144,2.85));
#5215=CARTESIAN_POINT('Ctrl Pts',(0.339205931414301,-1.39819007608476,2.85));
#5216=CARTESIAN_POINT('Ctrl Pts',(0.31760275801446,-1.40117871262573,2.85));
#5217=CARTESIAN_POINT('Ctrl Pts',(0.307465187982548,-1.40258116918493,2.85));
#5218=CARTESIAN_POINT('Ctrl Pts',(0.297318604391592,-1.40387299516149,2.85));
#5219=CARTESIAN_POINT('Ctrl Pts',(0.287167775804088,-1.40505303589499,2.85));
#5220=CARTESIAN_POINT('Ctrl Pts',(0.231830267404311,-1.41148605891765,2.85));
#5221=CARTESIAN_POINT('Ctrl Pts',(0.176335154859219,-1.41460528803515,2.85));
#5222=CARTESIAN_POINT('Ctrl Pts',(0.120928904616134,-1.41426754735633,2.85));
#5223=CARTESIAN_POINT('Ctrl Pts',(0.0805594520902106,-1.41402146670226,
2.85));
#5224=CARTESIAN_POINT('Ctrl Pts',(0.0402370574283313,-1.41193919003679,
2.85));
#5225=CARTESIAN_POINT('Ctrl Pts',(6.00574911902717E-5,-1.40794806862586,
2.85));
#5226=CARTESIAN_POINT('Ctrl Pts',(-0.0550192888428974,-1.40247657103275,
2.85));
#5227=CARTESIAN_POINT('Ctrl Pts',(-0.109826783705262,-1.39341850693798,
2.85));
#5228=CARTESIAN_POINT('Ctrl Pts',(-0.164076722467695,-1.38092743760744,
2.85));
#5229=CARTESIAN_POINT('Ctrl Pts',(-0.179333587737796,-1.37741453849265,
2.85));
#5230=CARTESIAN_POINT('Ctrl Pts',(-0.194546189007931,-1.37362988567618,
2.85));
#5231=CARTESIAN_POINT('Ctrl Pts',(-0.209707738867063,-1.36957638644466,
2.85));
#5232=CARTESIAN_POINT('Ctrl Pts',(-0.221014457412296,-1.36655349133433,
2.85));
#5233=CARTESIAN_POINT('Ctrl Pts',(-0.232294164601865,-1.36338051947342,
2.85));
#5234=CARTESIAN_POINT('Ctrl Pts',(-0.243524101728292,-1.36006491068722,
2.85000000000001));
#5235=CARTESIAN_POINT('Ctrl Pts',(-0.296779816597152,-1.34434130385426,
2.85000000000001));
#5236=CARTESIAN_POINT('Ctrl Pts',(-0.349022053300695,-1.325387270868,2.85));
#5237=CARTESIAN_POINT('Ctrl Pts',(-0.399984342381131,-1.30340390189588,
2.85));
#5238=CARTESIAN_POINT('Ctrl Pts',(-0.450954526255357,-1.28141712738276,
2.85000000000001));
#5239=CARTESIAN_POINT('Ctrl Pts',(-0.500645305193795,-1.25639929325364,
2.85));
#5240=CARTESIAN_POINT('Ctrl Pts',(-0.548760565171594,-1.22850971895139,
2.85));
#5241=CARTESIAN_POINT('Ctrl Pts',(-0.578083169489668,-1.21151313715505,
2.85));
#5242=CARTESIAN_POINT('Ctrl Pts',(-0.606819993598389,-1.19344923467279,
2.85));
#5243=CARTESIAN_POINT('Ctrl Pts',(-0.634896400672503,-1.1743483087118,2.85));
#5244=CARTESIAN_POINT('Ctrl Pts',(-0.649525054572922,-1.16439615086185,
2.85));
#5245=CARTESIAN_POINT('Ctrl Pts',(-0.663974317660586,-1.15416240675186,
2.85));
#5246=CARTESIAN_POINT('Ctrl Pts',(-0.67823288268785,-1.14365099954728,2.85));
#5247=CARTESIAN_POINT('Ctrl Pts',(-0.689282321273488,-1.13550535879496,
2.85));
#5248=CARTESIAN_POINT('Ctrl Pts',(-0.700219286108139,-1.12719116481288,
2.85));
#5249=CARTESIAN_POINT('Ctrl Pts',(-0.711019912593943,-1.11872514144286,
2.85));
#5250=CARTESIAN_POINT('Ctrl Pts',(-0.75328442314215,-1.0855962915105,2.85));
#5251=CARTESIAN_POINT('Ctrl Pts',(-0.793526259293811,-1.05010083246906,
2.85));
#5252=CARTESIAN_POINT('Ctrl Pts',(-0.83146011049425,-1.01238031150056,2.85));
#5253=CARTESIAN_POINT('Ctrl Pts',(-0.85741459347149,-0.986571789866504,
2.85));
#5254=CARTESIAN_POINT('Ctrl Pts',(-0.882287865578448,-0.959720974659742,
2.85));
#5255=CARTESIAN_POINT('Ctrl Pts',(-0.905975762376778,-0.931867096364446,
2.85));
#5256=CARTESIAN_POINT('Ctrl Pts',(-0.916194953899434,-0.919850659473835,
2.85));
#5257=CARTESIAN_POINT('Ctrl Pts',(-0.926195315921148,-0.907644729733609,
2.85));
#5258=CARTESIAN_POINT('Ctrl Pts',(-0.935952445457703,-0.895272645119016,
2.85));
#5259=CARTESIAN_POINT('Ctrl Pts',(-0.967673506350391,-0.855050195682567,
2.85));
#5260=CARTESIAN_POINT('Ctrl Pts',(-0.996863095744799,-0.813032930851069,
2.85));
#5261=CARTESIAN_POINT('Ctrl Pts',(-1.02324276614302,-0.769338091883943,
2.85));
#5262=CARTESIAN_POINT('Ctrl Pts',(-1.03867635225507,-0.743774161415103,
2.84999999999999));
#5263=CARTESIAN_POINT('Ctrl Pts',(-1.05314728512387,-0.717635652608631,
2.84999999999999));
#5264=CARTESIAN_POINT('Ctrl Pts',(-1.06659172409607,-0.690943874107476,
2.84999999999999));
#5265=CARTESIAN_POINT('Ctrl Pts',(-1.07215759311941,-0.679893733343359,
2.84999999999999));
#5266=CARTESIAN_POINT('Ctrl Pts',(-1.07754745323877,-0.668748752369838,
2.85));
#5267=CARTESIAN_POINT('Ctrl Pts',(-1.08276096322525,-0.657513283096032,
2.84999999999999));
#5268=CARTESIAN_POINT('Ctrl Pts',(0.958116152722388,-0.825211298936491,
-2.16840434497101E-19));
#5269=CARTESIAN_POINT('Ctrl Pts',(0.995341678086342,-0.790447605516518,
2.02790123349142E-16));
#5270=CARTESIAN_POINT('Ctrl Pts',(1.03014223418881,-0.753403751001057,-6.85846904538156E-16));
#5271=CARTESIAN_POINT('Ctrl Pts',(1.06251666946505,-0.714408409555018,5.67254576644416E-16));
#5272=CARTESIAN_POINT('Ctrl Pts',(1.09567684810795,-0.674466632113716,1.85076944320915E-15));
#5273=CARTESIAN_POINT('Ctrl Pts',(1.12629222585282,-0.632476887586338,2.13302460712138E-16));
#5274=CARTESIAN_POINT('Ctrl Pts',(1.15433436175757,-0.588744288886441,9.5062846483529E-16));
#5275=CARTESIAN_POINT('Ctrl Pts',(1.18304588193618,-0.543967764220127,1.70555492683886E-15));
#5276=CARTESIAN_POINT('Ctrl Pts',(1.20906046037915,-0.497363420215849,3.06077324485233E-16));
#5277=CARTESIAN_POINT('Ctrl Pts',(1.23231069108367,-0.449219474526058,2.28983498828939E-16));
#5278=CARTESIAN_POINT('Ctrl Pts',(1.23638865535503,-0.440775287760764,2.15461660247461E-16));
#5279=CARTESIAN_POINT('Ctrl Pts',(1.24038147591042,-0.432283659765909,2.19446367361339E-17));
#5280=CARTESIAN_POINT('Ctrl Pts',(1.24428865305395,-0.423746053860797,4.85722573273506E-17));
#5281=CARTESIAN_POINT('Ctrl Pts',(1.24867158070046,-0.414168881497752,1.45882744136887E-16));
#5282=CARTESIAN_POINT('Ctrl Pts',(1.25294359709521,-0.404540583994127,-1.04657801970274E-15));
#5283=CARTESIAN_POINT('Ctrl Pts',(1.25710161342967,-0.394870322295681,-1.10328413072125E-15));
#5284=CARTESIAN_POINT('Ctrl Pts',(1.27867423767311,-0.344699061488656,-2.0203974804608E-15));
#5285=CARTESIAN_POINT('Ctrl Pts',(1.29720661016736,-0.293345965776329,9.87183725854495E-16));
#5286=CARTESIAN_POINT('Ctrl Pts',(1.31267012444438,-0.241143700767716,4.16333634234434E-16));
#5287=CARTESIAN_POINT('Ctrl Pts',(1.32837763520899,-0.188117743998063,-1.63523815920322E-16));
#5288=CARTESIAN_POINT('Ctrl Pts',(1.34091926009087,-0.134214658481077,5.64562339338425E-16));
#5289=CARTESIAN_POINT('Ctrl Pts',(1.35022371582541,-0.0797492170162223,
8.81239525796218E-16));
#5290=CARTESIAN_POINT('Ctrl Pts',(1.35690142770912,-0.0406599316138193,
1.10851547525981E-15));
#5291=CARTESIAN_POINT('Ctrl Pts',(1.36191090155435,-0.00128022764843629,
-7.02535586551303E-18));
#5292=CARTESIAN_POINT('Ctrl Pts',(1.36521042051793,0.0382797155372304,-1.25593979660721E-15));
#5293=CARTESIAN_POINT('Ctrl Pts',(1.36630506012523,0.051404016731224,-1.50834833534023E-15));
#5294=CARTESIAN_POINT('Ctrl Pts',(1.36721138450817,0.0645481810771222,-4.60722457557905E-16));
#5295=CARTESIAN_POINT('Ctrl Pts',(1.36792752527611,0.0777082407277037,-6.66133814775094E-16));
#5296=CARTESIAN_POINT('Ctrl Pts',(1.36844176788651,0.0871581474091504,-5.41548806264253E-16));
#5297=CARTESIAN_POINT('Ctrl Pts',(1.36885767307716,0.0966123800234497,8.54740020101462E-16));
#5298=CARTESIAN_POINT('Ctrl Pts',(1.36917462843972,0.10606109476983,6.10622663543836E-16));
#5299=CARTESIAN_POINT('Ctrl Pts',(1.3710800248041,0.162862615905429,-1.18997267123649E-15));
#5300=CARTESIAN_POINT('Ctrl Pts',(1.36941828028295,0.219551701352944,1.50568466358479E-15));
#5301=CARTESIAN_POINT('Ctrl Pts',(1.3641313988795,0.27579580425368,-1.2490009027033E-16));
#5302=CARTESIAN_POINT('Ctrl Pts',(1.3604083805881,0.315402863293512,-1.40614901789447E-15));
#5303=CARTESIAN_POINT('Ctrl Pts',(1.35488678040455,0.354789942149271,-1.86452005153746E-15));
#5304=CARTESIAN_POINT('Ctrl Pts',(1.34753157222709,0.39384571141247,-1.09634523681734E-15));
#5305=CARTESIAN_POINT('Ctrl Pts',(1.33732997492199,0.448015657503917,1.39611737332851E-17));
#5306=CARTESIAN_POINT('Ctrl Pts',(1.32360333702013,0.501548878997146,1.19815857404329E-16));
#5307=CARTESIAN_POINT('Ctrl Pts',(1.30658042440721,0.554241382217015,-1.20736753927986E-15));
#5308=CARTESIAN_POINT('Ctrl Pts',(1.30188612818941,0.568772045928681,-1.57335614187966E-15));
#5309=CARTESIAN_POINT('Ctrl Pts',(1.29694085942838,0.58323874173284,-1.55772040523605E-15));
#5310=CARTESIAN_POINT('Ctrl Pts',(1.29174873837475,0.597637074195435,-7.35522753814166E-16));
#5311=CARTESIAN_POINT('Ctrl Pts',(1.28765068915287,0.609001423087764,2.23871146191072E-17));
#5312=CARTESIAN_POINT('Ctrl Pts',(1.28339804240653,0.620324865705575,-6.29957693535797E-16));
#5313=CARTESIAN_POINT('Ctrl Pts',(1.27900114619117,0.631584767186137,-3.19189119579733E-16));
#5314=CARTESIAN_POINT('Ctrl Pts',(1.25845266902137,0.684206848121137,1.1381815679105E-15));
#5315=CARTESIAN_POINT('Ctrl Pts',(1.23472343840653,0.735541102821656,-8.68064703071605E-16));
#5316=CARTESIAN_POINT('Ctrl Pts',(1.20809795252255,0.785382621321092,2.08166817117217E-16));
#5317=CARTESIAN_POINT('Ctrl Pts',(1.1808764690389,0.836339816188589,1.30848921795707E-15));
#5318=CARTESIAN_POINT('Ctrl Pts',(1.15062726142317,0.885737574623588,-6.59465911510692E-16));
#5319=CARTESIAN_POINT('Ctrl Pts',(1.11759985374092,0.933351367718462,-2.08166817117217E-16));
#5320=CARTESIAN_POINT('Ctrl Pts',(1.08413763119601,0.981592009432666,2.49073753387226E-16));
#5321=CARTESIAN_POINT('Ctrl Pts',(1.04782307366782,1.02800240212968,6.72418840175868E-16));
#5322=CARTESIAN_POINT('Ctrl Pts',(1.00886701517553,1.07232910822509,6.52256026967279E-16));
#5323=CARTESIAN_POINT('Ctrl Pts',(1.00410546723273,1.07774710338138,6.49791552750172E-16));
#5324=CARTESIAN_POINT('Ctrl Pts',(0.999304402315557,1.08313393331066,3.40190776010562E-16));
#5325=CARTESIAN_POINT('Ctrl Pts',(0.994464162248521,1.08848910353465,-6.93889390390723E-17));
#5326=CARTESIAN_POINT('Ctrl Pts',(0.987131557016009,1.09660178981913,-8.43583735548382E-16));
#5327=CARTESIAN_POINT('Ctrl Pts',(0.979715613410659,1.10463455080435,1.40185245700399E-15));
#5328=CARTESIAN_POINT('Ctrl Pts',(0.972218157113461,1.11258582921286,1.13797860024079E-15));
#5329=CARTESIAN_POINT('Ctrl Pts',(0.934949278167984,1.15211059877758,-2.29380146594348E-16));
#5330=CARTESIAN_POINT('Ctrl Pts',(0.895667755309477,1.18962422496529,7.30007165751526E-16));
#5331=CARTESIAN_POINT('Ctrl Pts',(0.854562631549189,1.22494523011459,1.33226762955019E-15));
#5332=CARTESIAN_POINT('Ctrl Pts',(0.823733788728973,1.25143598397657,1.78396297739918E-15));
#5333=CARTESIAN_POINT('Ctrl Pts',(0.791878431506221,1.27669323600456,2.19194975968037E-15));
#5334=CARTESIAN_POINT('Ctrl Pts',(0.759065717444515,1.30063368475906,1.08246744900953E-15));
#5335=CARTESIAN_POINT('Ctrl Pts',(0.74554508297556,1.31049846022456,6.25300000314417E-16));
#5336=CARTESIAN_POINT('Ctrl Pts',(0.731859415817157,1.32014117263713,-8.12098358237087E-16));
#5337=CARTESIAN_POINT('Ctrl Pts',(0.718021863629909,1.3295497761271,-5.82867087928207E-16));
#5338=CARTESIAN_POINT('Ctrl Pts',(0.699367261219869,1.34223364932694,-2.73837127303994E-16));
#5339=CARTESIAN_POINT('Ctrl Pts',(0.680450121208722,1.35448313016035,7.71153548166741E-16));
#5340=CARTESIAN_POINT('Ctrl Pts',(0.661284779872346,1.36628471743978,1.16573417585641E-15));
#5341=CARTESIAN_POINT('Ctrl Pts',(0.609694489009562,1.3980528612835,2.22788741351851E-15));
#5342=CARTESIAN_POINT('Ctrl Pts',(0.556303696251445,1.42658118788723,1.0436750265603E-15));
#5343=CARTESIAN_POINT('Ctrl Pts',(0.501341637096135,1.45159937077159,6.10622663543836E-16));
#5344=CARTESIAN_POINT('Ctrl Pts',(0.481598733711998,1.46058614410438,4.55066065142981E-16));
#5345=CARTESIAN_POINT('Ctrl Pts',(0.46165275406237,1.46911964977492,9.71994742089213E-17));
#5346=CARTESIAN_POINT('Ctrl Pts',(0.441513296599235,1.4771860514975,-6.38378239159465E-16));
#5347=CARTESIAN_POINT('Ctrl Pts',(0.427663763806254,1.48273316692416,-1.18607428702221E-15));
#5348=CARTESIAN_POINT('Ctrl Pts',(0.413722723625101,1.48805937082761,4.29233827540705E-16));
#5349=CARTESIAN_POINT('Ctrl Pts',(0.399694963767909,1.49316607333515,1.97064586870965E-15));
#5350=CARTESIAN_POINT('Ctrl Pts',(-0.399026697165246,1.49256777431178,0.00114645428757868));
#5351=CARTESIAN_POINT('Ctrl Pts',(-0.894385441649043,1.36013736336148,0.0275569108662569));
#5352=CARTESIAN_POINT('Ctrl Pts',(-1.73443986563254,0.565782179369567,0.0803778240236131));
#5353=CARTESIAN_POINT('Ctrl Pts',(-1.41764877529408,-1.15106553817091,0.159609193759648));
#5354=CARTESIAN_POINT('Ctrl Pts',(0.194489425000351,-1.81397967496809,0.238840563495682));
#5355=CARTESIAN_POINT('Ctrl Pts',(1.62805047614988,-0.824420788763461,0.318071933231717));
#5356=CARTESIAN_POINT('Ctrl Pts',(1.57730806308382,0.91813687404133,0.397303302967751));
#5357=CARTESIAN_POINT('Ctrl Pts',(0.0876003087342849,1.82272121985113,0.476534672703786));
#5358=CARTESIAN_POINT('Ctrl Pts',(-1.4818360098245,1.06511745902922,0.555766042439821));
#5359=CARTESIAN_POINT('Ctrl Pts',(-1.69979983847996,-0.664117789264719,
0.634997412175854));
#5360=CARTESIAN_POINT('Ctrl Pts',(-0.367352805189682,-1.78754023291812,
0.714228781911891));
#5361=CARTESIAN_POINT('Ctrl Pts',(1.3001269025904,-1.2806141963405,0.793460151647923));
#5362=CARTESIAN_POINT('Ctrl Pts',(1.78179190969833,0.394364391978502,0.872691521383959));
#5363=CARTESIAN_POINT('Ctrl Pts',(0.638302449005943,1.70963706824434,0.951922891119993));
#5364=CARTESIAN_POINT('Ctrl Pts',(-1.0873702243676,1.46557963625376,1.03115426085603));
#5365=CARTESIAN_POINT('Ctrl Pts',(-1.8212695042613,-0.115215831008384,1.11038563059206));
#5366=CARTESIAN_POINT('Ctrl Pts',(-0.894013185868609,-1.59092285206262,
1.1896170003281));
#5367=CARTESIAN_POINT('Ctrl Pts',(0.848659624685955,-1.61557213053513,1.26884837006413));
#5368=CARTESIAN_POINT('Ctrl Pts',(1.81728204447558,-0.16668004418938,1.34807973980017));
#5369=CARTESIAN_POINT('Ctrl Pts',(1.12838663554921,1.43423834220431,1.4273111095362));
#5370=CARTESIAN_POINT('Ctrl Pts',(-0.589694509796765,1.72700800630524,1.50654247927223));
#5371=CARTESIAN_POINT('Ctrl Pts',(-1.76992345235886,0.444597564461503,1.58577384900827));
#5372=CARTESIAN_POINT('Ctrl Pts',(-1.33582992091679,-1.2433240481418,1.66500521874431));
#5373=CARTESIAN_POINT('Ctrl Pts',(0.31665577485027,-1.79722719426006,1.74423658848034));
#5374=CARTESIAN_POINT('Ctrl Pts',(1.68032364273779,-0.711904174294837,1.82346795821637));
#5375=CARTESIAN_POINT('Ctrl Pts',(1.51139261075281,1.02273636438182,1.90269932795241));
#5376=CARTESIAN_POINT('Ctrl Pts',(-0.0360604361264208,1.82455400577492,
1.98193069768844));
#5377=CARTESIAN_POINT('Ctrl Pts',(-1.55061980830678,0.96221989774101,2.06116206742448));
#5378=CARTESIAN_POINT('Ctrl Pts',(-1.65088696763781,-0.777738968556055,
2.14039343716051));
#5379=CARTESIAN_POINT('Ctrl Pts',(-0.245390550364991,-1.80833795527819,
2.21962480689654));
#5380=CARTESIAN_POINT('Ctrl Pts',(1.38389936807942,-1.18956744525525,2.29885617663258));
#5381=CARTESIAN_POINT('Ctrl Pts',(1.75099922141259,0.514172787618007,2.37808754636861));
#5382=CARTESIAN_POINT('Ctrl Pts',(0.520950743675337,1.7489778398269,2.45731891610465));
#5383=CARTESIAN_POINT('Ctrl Pts',(-1.18408546141518,1.38849849818109,2.53655028584068));
#5384=CARTESIAN_POINT('Ctrl Pts',(-1.80944635838102,-0.238285378244832,
2.61578165557672));
#5385=CARTESIAN_POINT('Ctrl Pts',(-0.783841102841201,-1.64797181873171,
2.69501302531275));
#5386=CARTESIAN_POINT('Ctrl Pts',(0.955559324702494,-1.55410899701675,2.77424439504879));
#5387=CARTESIAN_POINT('Ctrl Pts',(1.82558889134004,-0.0436477155564877,
2.85347576478482));
#5388=CARTESIAN_POINT('Ctrl Pts',(1.02612752936625,1.50854764497621,2.93271397390688));
#5389=CARTESIAN_POINT('Ctrl Pts',(-0.124552708769918,1.62313156614077,2.98554172645024));
#5390=CARTESIAN_POINT('Ctrl Pts',(-0.597527766432308,1.4247601278439,3.01195902241494));
#5391=CARTESIAN_POINT('Ctrl Pts',(-0.374687249787753,1.40152555819371,-0.0532627784287328));
#5392=CARTESIAN_POINT('Ctrl Pts',(-0.839830577157863,1.27717301030721,-0.0268523218500546));
#5393=CARTESIAN_POINT('Ctrl Pts',(-1.6286441679038,0.531271141186612,0.0259685913073019));
#5394=CARTESIAN_POINT('Ctrl Pts',(-1.3311763963501,-1.08085394758464,0.105199961043336));
#5395=CARTESIAN_POINT('Ctrl Pts',(0.182626145778925,-1.70333228431382,0.184431330779371));
#5396=CARTESIAN_POINT('Ctrl Pts',(1.52874421625885,-0.774133560997573,0.263662700515404));
#5397=CARTESIAN_POINT('Ctrl Pts',(1.4810969401884,0.862133242480284,0.34289407025144));
#5398=CARTESIAN_POINT('Ctrl Pts',(0.0822569492051172,1.71154062083464,0.422125439987473));
#5399=CARTESIAN_POINT('Ctrl Pts',(-1.39144839957329,1.0001484468577,0.501356809723509));
#5400=CARTESIAN_POINT('Ctrl Pts',(-1.59611707987041,-0.623608569959098,
0.580588179459542));
#5401=CARTESIAN_POINT('Ctrl Pts',(-0.344945371465553,-1.67850556996612,
0.659819549195578));
#5402=CARTESIAN_POINT('Ctrl Pts',(1.22082301000761,-1.20250052107985,0.739050918931612));
#5403=CARTESIAN_POINT('Ctrl Pts',(1.67310787744727,0.37030933141662,0.818282288667646));
#5404=CARTESIAN_POINT('Ctrl Pts',(0.599367889040721,1.60535426773811,0.897513658403681));
#5405=CARTESIAN_POINT('Ctrl Pts',(-1.02104385938033,1.37618361667026,0.976745028139715));
#5406=CARTESIAN_POINT('Ctrl Pts',(-1.71017745559859,-0.108188006364559,
1.05597639787575));
#5407=CARTESIAN_POINT('Ctrl Pts',(-0.839481027878131,-1.4938812673403,1.13520776761179));
#5408=CARTESIAN_POINT('Ctrl Pts',(0.796893899677605,-1.51702701278975,1.21443913734782));
#5409=CARTESIAN_POINT('Ctrl Pts',(1.7064332190566,-0.156513054879524,1.29367050708386));
#5410=CARTESIAN_POINT('Ctrl Pts',(1.05955839089157,1.3467540487852,1.37290187681989));
#5411=CARTESIAN_POINT('Ctrl Pts',(-0.553724890240081,1.6216656299966,1.45213324655593));
#5412=CARTESIAN_POINT('Ctrl Pts',(-1.66196336087396,0.417478429072196,1.53136461629196));
#5413=CARTESIAN_POINT('Ctrl Pts',(-1.25434824989975,-1.16748496153958,1.610595986028));
#5414=CARTESIAN_POINT('Ctrl Pts',(0.297340709909751,-1.68760165534036,1.68982735576403));
#5415=CARTESIAN_POINT('Ctrl Pts',(1.57782887441748,-0.668480126953735,1.76905872550006));
#5416=CARTESIAN_POINT('Ctrl Pts',(1.41920213533479,0.960352473532506,1.8482900952361));
#5417=CARTESIAN_POINT('Ctrl Pts',(-0.0338608562643618,1.71326161224227,
1.92752146497213));
#5418=CARTESIAN_POINT('Ctrl Pts',(-1.45603658995347,0.903527332223407,2.00675283470817));
#5419=CARTESIAN_POINT('Ctrl Pts',(-1.55018774936378,-0.730299193641053,
2.0859842044442));
#5420=CARTESIAN_POINT('Ctrl Pts',(-0.230422453167552,-1.69803469282508,
2.16521557418023));
#5421=CARTESIAN_POINT('Ctrl Pts',(1.2994856030747,-1.11700735230543,2.24444694391627));
#5422=CARTESIAN_POINT('Ctrl Pts',(1.64419345199824,0.482809769564145,2.3236783136523));
#5423=CARTESIAN_POINT('Ctrl Pts',(0.489174290365244,1.64229536870583,2.40290968338834));
#5424=CARTESIAN_POINT('Ctrl Pts',(-1.11185975325252,1.30380419985395,2.48214105312438));
#5425=CARTESIAN_POINT('Ctrl Pts',(-1.69907548661959,-0.223750675514868,
2.5613724228604));
#5426=CARTESIAN_POINT('Ctrl Pts',(-0.73602911579759,-1.54745041591189,2.64060379259645));
#5427=CARTESIAN_POINT('Ctrl Pts',(0.897273034424435,-1.4593129484804,2.71983516233247));
#5428=CARTESIAN_POINT('Ctrl Pts',(1.71423337285124,-0.0409853341081233,
2.79906653206851));
#5429=CARTESIAN_POINT('Ctrl Pts',(0.963536787490994,1.41653070404924,2.87830474119056));
#5430=CARTESIAN_POINT('Ctrl Pts',(-0.11695536222051,1.52412534519994,2.93113249373393));
#5431=CARTESIAN_POINT('Ctrl Pts',(-0.561080341407894,1.33785397744453,2.95754978969863));
#5432=CARTESIAN_POINT('Ctrl Pts',(-0.350347802410261,1.31048334207562,-0.107672011145044));
#5433=CARTESIAN_POINT('Ctrl Pts',(-0.785275712666687,1.19420865725294,-0.081261554566366));
#5434=CARTESIAN_POINT('Ctrl Pts',(-1.52284847017508,0.496760103003656,-0.0284406414090097));
#5435=CARTESIAN_POINT('Ctrl Pts',(-1.24470401740612,-1.01064235699837,0.0507907283270248));
#5436=CARTESIAN_POINT('Ctrl Pts',(0.1707628665575,-1.59268489365955,0.130022098063059));
#5437=CARTESIAN_POINT('Ctrl Pts',(1.42943795636782,-0.723846333231683,0.209253467799093));
#5438=CARTESIAN_POINT('Ctrl Pts',(1.38488581729296,0.806129610919234,0.288484837535128));
#5439=CARTESIAN_POINT('Ctrl Pts',(0.076913589675948,1.60036002181815,0.367716207271162));
#5440=CARTESIAN_POINT('Ctrl Pts',(-1.3010607893221,0.935179434686176,0.446947577007197));
#5441=CARTESIAN_POINT('Ctrl Pts',(-1.49243432126085,-0.583099350653474,
0.526178946743231));
#5442=CARTESIAN_POINT('Ctrl Pts',(-0.322537937741422,-1.56947090701413,
0.605410316479266));
#5443=CARTESIAN_POINT('Ctrl Pts',(1.1415191174248,-1.12438684581918,0.6846416862153));
#5444=CARTESIAN_POINT('Ctrl Pts',(1.5644238451962,0.346254270854739,0.763873055951335));
#5445=CARTESIAN_POINT('Ctrl Pts',(0.560433329075498,1.50107146723188,0.84310442568737));
#5446=CARTESIAN_POINT('Ctrl Pts',(-0.954717494393064,1.28678759708676,0.922335795423404));
#5447=CARTESIAN_POINT('Ctrl Pts',(-1.59908540693589,-0.101160181720732,
1.00156716515944));
#5448=CARTESIAN_POINT('Ctrl Pts',(-0.784948869887656,-1.39683968261798,
1.08079853489548));
#5449=CARTESIAN_POINT('Ctrl Pts',(0.745128174669256,-1.41848189504436,1.16002990463151));
#5450=CARTESIAN_POINT('Ctrl Pts',(1.59558439363764,-0.14634606556967,1.23926127436755));
#5451=CARTESIAN_POINT('Ctrl Pts',(0.990730146233943,1.25926975536608,1.31849264410358));
#5452=CARTESIAN_POINT('Ctrl Pts',(-0.517755270683396,1.51632325368797,1.39772401383962));
#5453=CARTESIAN_POINT('Ctrl Pts',(-1.55400326938906,0.390359293682888,1.47695538357565));
#5454=CARTESIAN_POINT('Ctrl Pts',(-1.17286657888272,-1.09164587493734,1.55618675331169));
#5455=CARTESIAN_POINT('Ctrl Pts',(0.278025644969234,-1.57797611642065,1.63541812304772));
#5456=CARTESIAN_POINT('Ctrl Pts',(1.47533410609716,-0.625056079612637,1.71464949278376));
#5457=CARTESIAN_POINT('Ctrl Pts',(1.32701165991676,0.897968582683191,1.79388086251979));
#5458=CARTESIAN_POINT('Ctrl Pts',(-0.0316612764023027,1.6019692187096,1.87311223225582));
#5459=CARTESIAN_POINT('Ctrl Pts',(-1.36145337160016,0.844834766705806,1.95234360199186));
#5460=CARTESIAN_POINT('Ctrl Pts',(-1.44948853108975,-0.682859418726054,
2.03157497172789));
#5461=CARTESIAN_POINT('Ctrl Pts',(-0.215454355970112,-1.58773143037197,
2.11080634146392));
#5462=CARTESIAN_POINT('Ctrl Pts',(1.21507183806999,-1.04444725935562,2.19003771119996));
#5463=CARTESIAN_POINT('Ctrl Pts',(1.53738768258389,0.451446751510283,2.26926908093599));
#5464=CARTESIAN_POINT('Ctrl Pts',(0.457397837055152,1.53561289758476,2.34850045067203));
#5465=CARTESIAN_POINT('Ctrl Pts',(-1.03963404508985,1.21910990152682,2.42773182040806));
#5466=CARTESIAN_POINT('Ctrl Pts',(-1.58870461485817,-0.209215972784906,
2.5069631901441));
#5467=CARTESIAN_POINT('Ctrl Pts',(-0.688217128753981,-1.44692901309207,
2.58619455988013));
#5468=CARTESIAN_POINT('Ctrl Pts',(0.838986744146377,-1.36451689994405,2.66542592961617));
#5469=CARTESIAN_POINT('Ctrl Pts',(1.60287785436246,-0.0383229526597574,
2.7446572993522));
#5470=CARTESIAN_POINT('Ctrl Pts',(0.900946045615738,1.32451376312227,2.82389550847425));
#5471=CARTESIAN_POINT('Ctrl Pts',(-0.109358015671104,1.42511912425911,2.87672326101762));
#5472=CARTESIAN_POINT('Ctrl Pts',(-0.52463291638348,1.25094782704516,2.90314055698232));
#5473=CARTESIAN_POINT('Ctrl Pts',(-0.326008355032768,1.21944112595754,-0.162081243861356));
#5474=CARTESIAN_POINT('Ctrl Pts',(-0.730720848175509,1.11124430419866,-0.135670787282677));
#5475=CARTESIAN_POINT('Ctrl Pts',(-1.41705277244634,0.4622490648207,-0.0828498741253211));
#5476=CARTESIAN_POINT('Ctrl Pts',(-1.15823163846215,-0.940430766412108,
-0.00361850438928669));
#5477=CARTESIAN_POINT('Ctrl Pts',(0.158899587336073,-1.48203750300527,0.0756128653467477));
#5478=CARTESIAN_POINT('Ctrl Pts',(1.33013169647679,-0.673559105465796,0.154844235082782));
#5479=CARTESIAN_POINT('Ctrl Pts',(1.28867469439753,0.750125979358188,0.234075604818817));
#5480=CARTESIAN_POINT('Ctrl Pts',(0.0715702301467812,1.48917942280165,0.313306974554851));
#5481=CARTESIAN_POINT('Ctrl Pts',(-1.21067317907089,0.870210422514658,0.392538344290885));
#5482=CARTESIAN_POINT('Ctrl Pts',(-1.38875156265129,-0.542590131347852,
0.47176971402692));
#5483=CARTESIAN_POINT('Ctrl Pts',(-0.300130504017293,-1.46043624406213,
0.551001083762955));
#5484=CARTESIAN_POINT('Ctrl Pts',(1.062215224842,-1.04627317055853,0.630232453498989));
#5485=CARTESIAN_POINT('Ctrl Pts',(1.45573981294513,0.322199210292856,0.709463823235024));
#5486=CARTESIAN_POINT('Ctrl Pts',(0.521498769110276,1.39678866672565,0.788695192971058));
#5487=CARTESIAN_POINT('Ctrl Pts',(-0.888391129405791,1.19739157750326,0.867926562707094));
#5488=CARTESIAN_POINT('Ctrl Pts',(-1.48799335827318,-0.0941323570769046,
0.947157932443127));
#5489=CARTESIAN_POINT('Ctrl Pts',(-0.730416711897176,-1.29979809789567,
1.02638930217916));
#5490=CARTESIAN_POINT('Ctrl Pts',(0.693362449660904,-1.31993677729896,1.10562067191519));
#5491=CARTESIAN_POINT('Ctrl Pts',(1.48473556821869,-0.136179076259816,1.18485204165123));
#5492=CARTESIAN_POINT('Ctrl Pts',(0.921901901576311,1.17178546194697,1.26408341138726));
#5493=CARTESIAN_POINT('Ctrl Pts',(-0.481785651126709,1.41098087737932,1.3433147811233));
#5494=CARTESIAN_POINT('Ctrl Pts',(-1.44604317790415,0.363240158293583,1.42254615085933));
#5495=CARTESIAN_POINT('Ctrl Pts',(-1.09138490786567,-1.01580678833511,1.50177752059537));
#5496=CARTESIAN_POINT('Ctrl Pts',(0.258710580028715,-1.46835057750094,1.5810088903314));
#5497=CARTESIAN_POINT('Ctrl Pts',(1.37283933777684,-0.581632032271537,1.66024026006743));
#5498=CARTESIAN_POINT('Ctrl Pts',(1.23482118449873,0.835584691833878,1.73947162980347));
#5499=CARTESIAN_POINT('Ctrl Pts',(-0.0294616965402452,1.49067682517695,
1.8187029995395));
#5500=CARTESIAN_POINT('Ctrl Pts',(-1.26687015324685,0.786142201188205,1.89793436927554));
#5501=CARTESIAN_POINT('Ctrl Pts',(-1.34878931281572,-0.635419643811052,
1.97716573901157));
#5502=CARTESIAN_POINT('Ctrl Pts',(-0.200486258772673,-1.47742816791886,
2.05639710874761));
#5503=CARTESIAN_POINT('Ctrl Pts',(1.13065807306527,-0.9718871664058,2.13562847848364));
#5504=CARTESIAN_POINT('Ctrl Pts',(1.43058191316954,0.420083733456417,2.21485984821967));
#5505=CARTESIAN_POINT('Ctrl Pts',(0.425621383745061,1.42893042646369,2.29409121795571));
#5506=CARTESIAN_POINT('Ctrl Pts',(-0.967408336927187,1.13441560319967,2.37332258769174));
#5507=CARTESIAN_POINT('Ctrl Pts',(-1.47833374309675,-0.194681270054942,
2.45255395742778));
#5508=CARTESIAN_POINT('Ctrl Pts',(-0.640405141710373,-1.34640761027225,
2.53178532716381));
#5509=CARTESIAN_POINT('Ctrl Pts',(0.780700453868319,-1.2697208514077,2.61101669689985));
#5510=CARTESIAN_POINT('Ctrl Pts',(1.49152233587367,-0.0356605712113944,
2.69024806663589));
#5511=CARTESIAN_POINT('Ctrl Pts',(0.838355303740481,1.23249682219529,2.76948627575794));
#5512=CARTESIAN_POINT('Ctrl Pts',(-0.101760669121697,1.32611290331829,2.82231402830131));
#5513=CARTESIAN_POINT('Ctrl Pts',(-0.488185491359066,1.1640416766458,2.84873132426601));
#5514=CARTESIAN_POINT('Ctrl Pts',(-0.488748409397581,1.16622692573587,2.85));
#5515=CARTESIAN_POINT('Ctrl Pts',(-0.444332066508548,1.19080536226294,2.85));
#5516=CARTESIAN_POINT('Ctrl Pts',(-0.398505980790685,1.21239300920698,2.85));
#5517=CARTESIAN_POINT('Ctrl Pts',(-0.351580028827043,1.23108939376273,2.85));
#5518=CARTESIAN_POINT('Ctrl Pts',(-0.302867971124569,1.2504974041535,2.85));
#5519=CARTESIAN_POINT('Ctrl Pts',(-0.252970055046889,1.26679027232377,2.85));
#5520=CARTESIAN_POINT('Ctrl Pts',(-0.202194325216464,1.28003720988164,2.85));
#5521=CARTESIAN_POINT('Ctrl Pts',(-0.161188706975929,1.29073521198162,2.85));
#5522=CARTESIAN_POINT('Ctrl Pts',(-0.11960962655621,1.29944591195996,2.85));
#5523=CARTESIAN_POINT('Ctrl Pts',(-0.0776070788669957,1.30618429400785,
2.85));
#5524=CARTESIAN_POINT('Ctrl Pts',(-0.0579924653040416,1.30933102598437,
2.85));
#5525=CARTESIAN_POINT('Ctrl Pts',(-0.0382853846383528,1.31204736384461,
2.85));
#5526=CARTESIAN_POINT('Ctrl Pts',(-0.0185006444475024,1.31433334312357,
2.85));
#5527=CARTESIAN_POINT('Ctrl Pts',(-0.00803762756146783,1.31554226674683,
2.85));
#5528=CARTESIAN_POINT('Ctrl Pts',(0.00243974008223117,1.31662990471983,
2.85));
#5529=CARTESIAN_POINT('Ctrl Pts',(0.0129217899928555,1.3175961501994,2.85));
#5530=CARTESIAN_POINT('Ctrl Pts',(0.0673037942911072,1.32260913585306,2.85));
#5531=CARTESIAN_POINT('Ctrl Pts',(0.121870301650126,1.32436546459777,2.85));
#5532=CARTESIAN_POINT('Ctrl Pts',(0.176296087885402,1.32294073102345,2.85));
#5533=CARTESIAN_POINT('Ctrl Pts',(0.23158067499107,1.32149351614903,2.85));
#5534=CARTESIAN_POINT('Ctrl Pts',(0.286721148672416,1.31676431740291,2.85));
#5535=CARTESIAN_POINT('Ctrl Pts',(0.341396113525675,1.30878261228203,2.85));
#5536=CARTESIAN_POINT('Ctrl Pts',(0.380635775080918,1.30305422437327,2.85));
#5537=CARTESIAN_POINT('Ctrl Pts',(0.419636126727432,1.29564950426672,2.85));
#5538=CARTESIAN_POINT('Ctrl Pts',(0.458279490094922,1.28656282482855,2.85));
#5539=CARTESIAN_POINT('Ctrl Pts',(0.471099718118442,1.28354825021024,2.85));
#5540=CARTESIAN_POINT('Ctrl Pts',(0.48388064436966,1.28034843901419,2.85));
#5541=CARTESIAN_POINT('Ctrl Pts',(0.496617917814286,1.27696284045036,2.85));
#5542=CARTESIAN_POINT('Ctrl Pts',(0.505764197115601,1.27453173694916,2.85));
#5543=CARTESIAN_POINT('Ctrl Pts',(0.514884202896448,1.27200577288236,2.85));
#5544=CARTESIAN_POINT('Ctrl Pts',(0.523968383826706,1.26938740774582,2.85));
#5545=CARTESIAN_POINT('Ctrl Pts',(0.57857865947701,1.25364689762637,2.85));
#5546=CARTESIAN_POINT('Ctrl Pts',(0.631979693118549,1.23454858322402,2.85));
#5547=CARTESIAN_POINT('Ctrl Pts',(0.683837291117331,1.21214007152259,2.85));
#5548=CARTESIAN_POINT('Ctrl Pts',(0.720355420650471,1.19635999368372,2.85));
#5549=CARTESIAN_POINT('Ctrl Pts',(0.756108540791515,1.1789373392209,2.85));
#5550=CARTESIAN_POINT('Ctrl Pts',(0.790979946537257,1.15987319964547,2.85));
#5551=CARTESIAN_POINT('Ctrl Pts',(0.839233224022019,1.13349321302696,2.85));
#5552=CARTESIAN_POINT('Ctrl Pts',(0.885799536571878,1.10397218143844,2.85));
#5553=CARTESIAN_POINT('Ctrl Pts',(0.930556455595005,1.07158880404996,2.85));
#5554=CARTESIAN_POINT('Ctrl Pts',(0.943032439247477,1.06256194304772,2.85));
#5555=CARTESIAN_POINT('Ctrl Pts',(0.955367701263808,1.05331239046829,2.85));
#5556=CARTESIAN_POINT('Ctrl Pts',(0.967559260772055,1.04384555940219,2.85));
#5557=CARTESIAN_POINT('Ctrl Pts',(0.978846850454589,1.03508066721626,2.85));
#5558=CARTESIAN_POINT('Ctrl Pts',(0.990011276229475,1.02612912929286,2.85));
#5559=CARTESIAN_POINT('Ctrl Pts',(1.00102828896235,1.01701417862502,2.85));
#5560=CARTESIAN_POINT('Ctrl Pts',(1.04459513681654,0.980969047465341,2.85));
#5561=CARTESIAN_POINT('Ctrl Pts',(1.08594599692644,0.942305672290615,2.85));
#5562=CARTESIAN_POINT('Ctrl Pts',(1.12497294249346,0.901356885474384,2.85));
#5563=CARTESIAN_POINT('Ctrl Pts',(1.1667818512451,0.857489140596691,2.85));
#5564=CARTESIAN_POINT('Ctrl Pts',(1.20592478507866,0.810998258778052,2.85));
#5565=CARTESIAN_POINT('Ctrl Pts',(1.24224225735765,0.762234914869668,2.85));
#5566=CARTESIAN_POINT('Ctrl Pts',(1.27855972963665,0.713471570961284,2.85));
#5567=CARTESIAN_POINT('Ctrl Pts',(1.31205261799572,0.662434704182108,2.85));
#5568=CARTESIAN_POINT('Ctrl Pts',(1.34252108166714,0.60942986625226,2.85));
#5569=CARTESIAN_POINT('Ctrl Pts',(1.3479708058125,0.59994918655006,2.85));
#5570=CARTESIAN_POINT('Ctrl Pts',(1.35331876337503,0.590413945529525,2.85));
#5571=CARTESIAN_POINT('Ctrl Pts',(1.35856403745197,0.580826360759876,2.85));
#5572=CARTESIAN_POINT('Ctrl Pts',(1.38757443979639,0.527799638495404,2.85));
#5573=CARTESIAN_POINT('Ctrl Pts',(1.41344763908036,0.473173244136068,2.85));
#5574=CARTESIAN_POINT('Ctrl Pts',(1.43602447993187,0.417270194098964,2.85));
#5575=CARTESIAN_POINT('Ctrl Pts',(1.45217594461949,0.377277170073005,2.85));
#5576=CARTESIAN_POINT('Ctrl Pts',(1.46663972873371,0.33662978221185,2.85));
#5577=CARTESIAN_POINT('Ctrl Pts',(1.4793446384593,0.295436254438577,2.85));
#5578=CARTESIAN_POINT('Ctrl Pts',(1.48365782008841,0.281451490196453,2.85));
#5579=CARTESIAN_POINT('Ctrl Pts',(1.48776843673631,0.267402289313322,2.85));
#5580=CARTESIAN_POINT('Ctrl Pts',(1.49166882066696,0.253310721558514,2.85));
#5581=CARTESIAN_POINT('Ctrl Pts',(1.50789819387048,0.194676157325485,2.85));
#5582=CARTESIAN_POINT('Ctrl Pts',(1.52051305897137,0.135242280063208,2.85));
#5583=CARTESIAN_POINT('Ctrl Pts',(1.52933757537316,0.0753195090324979,2.85));
#5584=CARTESIAN_POINT('Ctrl Pts',(1.53480579307849,0.0381876433773768,2.85));
#5585=CARTESIAN_POINT('Ctrl Pts',(1.53881779244423,0.00086743783905481,
2.85000000000001));
#5586=CARTESIAN_POINT('Ctrl Pts',(1.54132248275341,-0.0365713037094944,
2.85000000000001));
#5587=CARTESIAN_POINT('Ctrl Pts',(1.54231836082364,-0.0514571447048959,
2.85000000000001));
#5588=CARTESIAN_POINT('Ctrl Pts',(1.54307586232433,-0.0663617493888351,
2.85));
#5589=CARTESIAN_POINT('Ctrl Pts',(1.54359780784209,-0.0812810001092884,
2.85));
#5590=CARTESIAN_POINT('Ctrl Pts',(-0.398513841857237,1.49064942821851,0.));
#5591=CARTESIAN_POINT('Ctrl Pts',(-0.454575786534487,1.4701646243781,5.6657574224186E-16));
#5592=CARTESIAN_POINT('Ctrl Pts',(-0.509146583838673,1.44623736737567,-1.47233660498622E-16));
#5593=CARTESIAN_POINT('Ctrl Pts',(-0.562043540846357,1.41914771741957,5.27355936696949E-16));
#5594=CARTESIAN_POINT('Ctrl Pts',(-0.615804272323587,1.39161571029692,1.21296116323002E-15));
#5595=CARTESIAN_POINT('Ctrl Pts',(-0.667836821225848,1.36081636071998,6.09032285377938E-16));
#5596=CARTESIAN_POINT('Ctrl Pts',(-0.717918266904422,1.32699957473478,6.93889390390723E-18));
#5597=CARTESIAN_POINT('Ctrl Pts',(-0.767832286067255,1.29329584113005,-5.93141648353837E-16));
#5598=CARTESIAN_POINT('Ctrl Pts',(-0.815808886338364,1.25659387771922,2.2302801188985E-15));
#5599=CARTESIAN_POINT('Ctrl Pts',(-0.861586090148094,1.21711110763038,2.81025203108243E-16));
#5600=CARTESIAN_POINT('Ctrl Pts',(-0.87144053898423,1.20861166018997,-1.38590484125107E-16));
#5601=CARTESIAN_POINT('Ctrl Pts',(-0.881192891945151,1.19998326589759,-1.20278240355543E-16));
#5602=CARTESIAN_POINT('Ctrl Pts',(-0.890840238449369,1.19122797535056,1.94289029309402E-16));
#5603=CARTESIAN_POINT('Ctrl Pts',(-0.898430549399168,1.18433951356692,2.43434026156699E-16));
#5604=CARTESIAN_POINT('Ctrl Pts',(-0.90595507814219,1.17737309282443,1.45936447039346E-15));
#5605=CARTESIAN_POINT('Ctrl Pts',(-0.913403285313911,1.17033869605776,1.32532873564628E-15));
#5606=CARTESIAN_POINT('Ctrl Pts',(-0.956453200067575,1.12968056529328,5.90697913556267E-16));
#5607=CARTESIAN_POINT('Ctrl Pts',(-0.997041737265167,1.086677817822,1.10596761456417E-15));
#5608=CARTESIAN_POINT('Ctrl Pts',(-1.03496216257924,1.04157099798558,1.38777878078145E-17));
#5609=CARTESIAN_POINT('Ctrl Pts',(-1.07222190859446,0.997250064432251,-1.0591847961092E-15));
#5610=CARTESIAN_POINT('Ctrl Pts',(-1.10690617437442,0.950896798425662,-5.02624148571909E-16));
#5611=CARTESIAN_POINT('Ctrl Pts',(-1.13877534748741,0.902716143714821,-4.16333634234434E-17));
#5612=CARTESIAN_POINT('Ctrl Pts',(-1.16227827284402,0.867183802562233,2.98338808901749E-16));
#5613=CARTESIAN_POINT('Ctrl Pts',(-1.18424927623728,0.830657053387069,-1.53881169031888E-15));
#5614=CARTESIAN_POINT('Ctrl Pts',(-1.20457442260701,0.793214109800677,-2.63677968348475E-16));
#5615=CARTESIAN_POINT('Ctrl Pts',(-1.2149713273054,0.774060952966612,2.23939901499485E-16));
#5616=CARTESIAN_POINT('Ctrl Pts',(-1.22493731509421,0.754668029600446,-1.19625713883164E-15));
#5617=CARTESIAN_POINT('Ctrl Pts',(-1.2344554224696,0.735045725544875,-3.46944695195361E-16));
#5618=CARTESIAN_POINT('Ctrl Pts',(-1.23892191761616,0.725837705255568,2.10500177638834E-16));
#5619=CARTESIAN_POINT('Ctrl Pts',(-1.2432859822502,0.716586926013156,8.23530830789912E-16));
#5620=CARTESIAN_POINT('Ctrl Pts',(-1.24754504466497,0.707297566181777,7.35522753814166E-16));
#5621=CARTESIAN_POINT('Ctrl Pts',(-1.27076344544103,0.656656354921268,3.76000383533567E-16));
#5622=CARTESIAN_POINT('Ctrl Pts',(-1.29087894312972,0.604841239032788,-1.00480852343218E-15));
#5623=CARTESIAN_POINT('Ctrl Pts',(-1.30767920723686,0.552042380085407,-9.99200722162641E-16));
#5624=CARTESIAN_POINT('Ctrl Pts',(-1.31992001405253,0.513572709112314,-8.63146769992778E-16));
#5625=CARTESIAN_POINT('Ctrl Pts',(-1.33039995436513,0.474580380791177,-7.80014403042707E-16));
#5626=CARTESIAN_POINT('Ctrl Pts',(-1.33901954754665,0.435136470003949,-2.15105711021124E-15));
#5627=CARTESIAN_POINT('Ctrl Pts',(-1.35083629987006,0.381062117000935,-4.12070335820393E-15));
#5628=CARTESIAN_POINT('Ctrl Pts',(-1.35915801946696,0.326138008028299,-2.01629060064133E-15));
#5629=CARTESIAN_POINT('Ctrl Pts',(-1.3640424638815,0.270683315679838,-1.70696790036118E-15));
#5630=CARTESIAN_POINT('Ctrl Pts',(-1.36541613045311,0.255087630551024,-1.62312677953095E-15));
#5631=CARTESIAN_POINT('Ctrl Pts',(-1.36651766553247,0.239450066948739,-2.87875515065305E-15));
#5632=CARTESIAN_POINT('Ctrl Pts',(-1.3673477366816,0.223777978452964,-3.09474668114262E-15));
#5633=CARTESIAN_POINT('Ctrl Pts',(-1.36796676164986,0.212090529619391,-3.26156558501144E-15));
#5634=CARTESIAN_POINT('Ctrl Pts',(-1.36843470824972,0.20038239411004,-5.1436868015343E-16));
#5635=CARTESIAN_POINT('Ctrl Pts',(-1.36875161934368,0.188677515739528,-3.7470027081099E-16));
#5636=CARTESIAN_POINT('Ctrl Pts',(-1.3702565469949,0.133094118850012,1.13748258366256E-16));
#5637=CARTESIAN_POINT('Ctrl Pts',(-1.36836678815716,0.0774762502838241,
3.00258054894956E-16));
#5638=CARTESIAN_POINT('Ctrl Pts',(-1.36319165598752,0.0221407687890105,
-4.85722573273506E-16));
#5639=CARTESIAN_POINT('Ctrl Pts',(-1.35803881961964,-0.0329563132049756,
-1.26831699453903E-15));
#5640=CARTESIAN_POINT('Ctrl Pts',(-1.34962836894073,-0.0877745507441048,
-1.76826625804645E-15));
#5641=CARTESIAN_POINT('Ctrl Pts',(-1.33801977068368,-0.141986177288742,
-1.40165656858926E-15));
#5642=CARTESIAN_POINT('Ctrl Pts',(-1.3272051549352,-0.192489941584728,-1.06012154141708E-15));
#5643=CARTESIAN_POINT('Ctrl Pts',(-1.31361417547466,-0.242467789583119,
-2.23785321229781E-15));
#5644=CARTESIAN_POINT('Ctrl Pts',(-1.2972622204108,-0.291630379214269,-1.02695629777827E-15));
#5645=CARTESIAN_POINT('Ctrl Pts',(-1.29292972128217,-0.304656153557867,
-7.83667271110316E-16));
#5646=CARTESIAN_POINT('Ctrl Pts',(-1.28840216214872,-0.317627044804204,
4.71697473616625E-16));
#5647=CARTESIAN_POINT('Ctrl Pts',(-1.28368807375658,-0.330515188458058,
3.33066907387547E-16));
#5648=CARTESIAN_POINT('Ctrl Pts',(-1.26524112057273,-0.380948477533849,
-2.24319199688773E-16));
#5649=CARTESIAN_POINT('Ctrl Pts',(-1.24391834628112,-0.430189411543942,
2.26094388390284E-15));
#5650=CARTESIAN_POINT('Ctrl Pts',(-1.21976620415474,-0.477922905016923,
1.72084568816899E-15));
#5651=CARTESIAN_POINT('Ctrl Pts',(-1.20324121593764,-0.510582344211751,
1.35130843247261E-15));
#5652=CARTESIAN_POINT('Ctrl Pts',(-1.18539083398663,-0.542535577772841,
1.85209301772725E-15));
#5653=CARTESIAN_POINT('Ctrl Pts',(-1.16622018002552,-0.573671416986607,
1.02695629777827E-15));
#5654=CARTESIAN_POINT('Ctrl Pts',(-1.15794978426413,-0.587103703291676,
5.85467125162305E-16));
#5655=CARTESIAN_POINT('Ctrl Pts',(-1.14943154861291,-0.6003864275173,1.36560048598893E-15));
#5656=CARTESIAN_POINT('Ctrl Pts',(-1.14068012781703,-0.613489169369625,
9.71445146547012E-16));
#5657=CARTESIAN_POINT('Ctrl Pts',(-1.11222864589147,-0.65608710080062,-1.99572834860412E-16));
#5658=CARTESIAN_POINT('Ctrl Pts',(-1.08128792273323,-0.696832090596888,
1.31562052567189E-15));
#5659=CARTESIAN_POINT('Ctrl Pts',(-1.04788341612782,-0.735423091110403,
4.16333634234434E-16));
#5660=CARTESIAN_POINT('Ctrl Pts',(-1.02833993216613,-0.75800096087243,1.51765817897328E-16));
#5661=CARTESIAN_POINT('Ctrl Pts',(-1.00795251669556,-0.779840850587822,
2.79735673510039E-15));
#5662=CARTESIAN_POINT('Ctrl Pts',(-0.986721707528932,-0.800875459965373,
2.33146835171283E-15));
#5663=CARTESIAN_POINT('Ctrl Pts',(-0.977932347850583,-0.809583594736018,
2.03989729265869E-15));
#5664=CARTESIAN_POINT('Ctrl Pts',(-0.968998399959954,-0.818153642701866,
1.72261004721853E-15));
#5665=CARTESIAN_POINT('Ctrl Pts',(-0.959923897325609,-0.826583934503733,
1.60982338570648E-15));
#5666=CARTESIAN_POINT('Origin',(-5.55111512312578E-16,-5.55111512312578E-16,
2.85));
#5667=CARTESIAN_POINT('',(-2.02066721859313E-16,-1.65,2.85));
#5668=CARTESIAN_POINT('Origin',(0.,0.,2.85));
#5669=CARTESIAN_POINT('Origin',(0.,0.,3.78));
#5670=CARTESIAN_POINT('',(1.77,-2.16762483449082E-16,3.9));
#5671=CARTESIAN_POINT('Origin',(0.,0.,3.9));
#5672=CARTESIAN_POINT('',(1.65,-2.02066721859313E-16,3.78));
#5673=CARTESIAN_POINT('Origin',(1.77,-2.16762483449082E-16,3.78));
#5674=CARTESIAN_POINT('',(-2.02066721859313E-16,-1.65,3.78));
#5675=CARTESIAN_POINT('Origin',(0.,0.,3.78));
#5676=CARTESIAN_POINT('Origin',(0.,0.,3.78));
#5677=CARTESIAN_POINT('Origin',(0.,0.,3.375));
#5678=CARTESIAN_POINT('',(-2.02066721859313E-16,-1.65,3.375));
#5679=CARTESIAN_POINT('Origin',(0.,0.,3.9));
#5680=CARTESIAN_POINT('',(-2.25,-2.75545529808154E-16,3.9));
#5681=CARTESIAN_POINT('Origin',(0.,0.,3.9));
#5682=CARTESIAN_POINT('Origin',(-3.03108891324554,0.149999999999999,0.));
#5683=CARTESIAN_POINT('Origin',(-5.55111512312578E-16,-5.55111512312578E-16,
0.));
#5684=CARTESIAN_POINT('Origin',(0.,0.,3.6));
#5685=CARTESIAN_POINT('Origin',(-2.25,-2.75545529808154E-16,3.6));
#5686=CARTESIAN_POINT('Origin',(0.,0.,2.88));
#5687=CARTESIAN_POINT('',(-1.38,-1.69001258282335E-16,2.85));
#5688=CARTESIAN_POINT('Origin',(0.,0.,2.85));
#5689=CARTESIAN_POINT('',(-1.35,-1.65327317884893E-16,2.88));
#5690=CARTESIAN_POINT('Origin',(-1.38,-1.69001258282335E-16,2.88));
#5691=CARTESIAN_POINT('',(1.65327317884893E-16,-1.35,2.88));
#5692=CARTESIAN_POINT('Origin',(0.,0.,2.88));
#5693=CARTESIAN_POINT('Origin',(0.,0.,2.88));
#5694=CARTESIAN_POINT('Origin',(0.,0.,2.5));
#5695=CARTESIAN_POINT('',(1.35,-1.65327317884893E-16,3.72));
#5696=CARTESIAN_POINT('',(-1.65327317884893E-16,-1.35,3.72));
#5697=CARTESIAN_POINT('Origin',(0.,0.,3.72));
#5698=CARTESIAN_POINT('Origin',(0.,0.,3.72));
#5699=CARTESIAN_POINT('',(-1.65327317884893E-16,-1.35,2.5));
#5700=CARTESIAN_POINT('Origin',(0.,0.,2.85));
#5701=CARTESIAN_POINT('',(-1.65,-2.02066721859313E-16,2.85));
#5702=CARTESIAN_POINT('Origin',(0.,0.,2.85));
#5703=CARTESIAN_POINT('Origin',(0.,0.,3.72));
#5704=CARTESIAN_POINT('',(1.38,-1.69001258282335E-16,3.75));
#5705=CARTESIAN_POINT('Origin',(0.,0.,3.75));
#5706=CARTESIAN_POINT('Origin',(1.38,-1.69001258282335E-16,3.72));
#5707=CARTESIAN_POINT('Origin',(0.,0.,3.75));
#5708=CARTESIAN_POINT('',(-1.65,-2.02066721859313E-16,3.75));
#5709=CARTESIAN_POINT('Origin',(0.,0.,3.75));
#5710=CARTESIAN_POINT('Origin',(0.,0.,3.3));
#5711=CARTESIAN_POINT('',(-1.65,-2.02066721859313E-16,3.3));
#5712=UNCERTAINTY_MEASURE_WITH_UNIT(LENGTH_MEASURE(0.01),#5716,
'DISTANCE_ACCURACY_VALUE',
'Maximum model space distance between geometric entities at asserted c
onnectivities');
#5713=UNCERTAINTY_MEASURE_WITH_UNIT(LENGTH_MEASURE(0.01),#5716,
'DISTANCE_ACCURACY_VALUE',
'Maximum model space distance between geometric entities at asserted c
onnectivities');
#5714=(
GEOMETRIC_REPRESENTATION_CONTEXT(3)
GLOBAL_UNCERTAINTY_ASSIGNED_CONTEXT((#5712))
GLOBAL_UNIT_ASSIGNED_CONTEXT((#5716,#5718,#5719))
REPRESENTATION_CONTEXT('','3D')
);
#5715=(
GEOMETRIC_REPRESENTATION_CONTEXT(3)
GLOBAL_UNCERTAINTY_ASSIGNED_CONTEXT((#5713))
GLOBAL_UNIT_ASSIGNED_CONTEXT((#5716,#5718,#5719))
REPRESENTATION_CONTEXT('','3D')
);
#5716=(
LENGTH_UNIT()
NAMED_UNIT(*)
SI_UNIT(.MILLI.,.METRE.)
);
#5717=(
LENGTH_UNIT()
NAMED_UNIT(*)
SI_UNIT($,.METRE.)
);
#5718=(
NAMED_UNIT(*)
PLANE_ANGLE_UNIT()
SI_UNIT($,.RADIAN.)
);
#5719=(
NAMED_UNIT(*)
SI_UNIT($,.STERADIAN.)
SOLID_ANGLE_UNIT()
);
#5720=SHAPE_DEFINITION_REPRESENTATION(#5721,#5722);
#5721=PRODUCT_DEFINITION_SHAPE('',$,#5724);
#5722=SHAPE_REPRESENTATION('',(#1178),#5714);
#5723=PRODUCT_DEFINITION_CONTEXT('part definition',#5728,'design');
#5724=PRODUCT_DEFINITION('M3 Nyloc Nut','MakerBeam_HINGE_LOCKNUT v1',#5725,
#5723);
#5725=PRODUCT_DEFINITION_FORMATION('',$,#5730);
#5726=PRODUCT_RELATED_PRODUCT_CATEGORY('MakerBeam_HINGE_LOCKNUT v1',
'MakerBeam_HINGE_LOCKNUT v1',(#5730));
#5727=APPLICATION_PROTOCOL_DEFINITION('international standard',
'automotive_design',2009,#5728);
#5728=APPLICATION_CONTEXT(
'Core Data for Automotive Mechanical Design Process');
#5729=PRODUCT_CONTEXT('part definition',#5728,'mechanical');
#5730=PRODUCT('M3 Nyloc Nut','MakerBeam_HINGE_LOCKNUT v1',$,(#5729));
#5731=PRESENTATION_STYLE_ASSIGNMENT((#5734));
#5732=PRESENTATION_STYLE_ASSIGNMENT((#5735));
#5733=PRESENTATION_STYLE_ASSIGNMENT((#5736));
#5734=SURFACE_STYLE_USAGE(.BOTH.,#5737);
#5735=SURFACE_STYLE_USAGE(.BOTH.,#5738);
#5736=SURFACE_STYLE_USAGE(.BOTH.,#5739);
#5737=SURFACE_SIDE_STYLE('',(#5740));
#5738=SURFACE_SIDE_STYLE('',(#5741));
#5739=SURFACE_SIDE_STYLE('',(#5742));
#5740=SURFACE_STYLE_FILL_AREA(#5743);
#5741=SURFACE_STYLE_FILL_AREA(#5744);
#5742=SURFACE_STYLE_FILL_AREA(#5745);
#5743=FILL_AREA_STYLE('Plaque',(#5746));
#5744=FILL_AREA_STYLE('Opaque(203,203,203)',(#5747));
#5745=FILL_AREA_STYLE('Opaque(248,247,237)',(#5748));
#5746=FILL_AREA_STYLE_COLOUR('Plaque',#5749);
#5747=FILL_AREA_STYLE_COLOUR('Opaque(203,203,203)',#5750);
#5748=FILL_AREA_STYLE_COLOUR('Opaque(248,247,237)',#5751);
#5749=COLOUR_RGB('Plaque',0.6,0.6,0.6);
#5750=COLOUR_RGB('Opaque(203,203,203)',0.796078431372549,0.796078431372549,
0.796078431372549);
#5751=COLOUR_RGB('Opaque(248,247,237)',0.972549019607843,0.968627450980392,
0.929411764705882);
ENDSEC;
END-ISO-10303-21;
