ISO-10303-21;
HEADER;
/* Generated by software containing ST-Developer
 * from STEP Tools, Inc. (www.steptools.com) 
 */

FILE_DESCRIPTION(
/* description */ ('STEP AP214'),
/* implementation_level */ '2;1');

FILE_NAME(
/* name */ 'LCD_SCREEN.step',
/* time_stamp */ '2026-08-10T14:30:42+02:00',
/* author */ (''),
/* organization */ (''),
/* preprocessor_version */ 'ST-DEVELOPER v20.1',
/* originating_system */ 'Autodesk Translation Framework v15.8.0.0',
/* authorisation */ '');

FILE_SCHEMA (('AUTOMOTIVE_DESIGN { 1 0 10303 214 3 1 1 }'));
ENDSEC;

DATA;
#10=MECHANICAL_DESIGN_GEOMETRIC_PRESENTATION_REPRESENTATION('',(#11583,
#11584,#11585,#11586,#11587,#11588,#11589,#11590,#11591,#11592,#11593,#11594,
#11595,#11596,#11597,#11598,#11599,#11600,#11601,#11602,#11603,#11604,#11605,
#11606,#11607,#11608,#11609,#11610,#11611,#11612,#11613,#11614,#11615,#11616,
#11617,#11618,#11619,#11620,#11621,#11622,#11623,#11624,#11625,#11626,#11627,
#11628,#11629,#11630,#11631,#11632,#11633,#11634,#11635,#11636,#11637,#11638,
#11639,#11640,#11641,#11642,#11643,#11644,#11645,#11646,#11647,#11648,#11649,
#11650,#11651,#11652,#11653,#11654,#11655,#11656,#11657,#11658,#11659,#11660,
#11661,#11662,#11663,#11664,#11665,#11666,#11667,#11668,#11669,#11670,#11671,
#11672,#11673,#11674,#11675,#11676,#11677,#11678,#11679,#11680,#11681,#11682,
#11683,#11684,#11685,#11686,#11687,#11688,#11689,#11690,#11691,#11692,#11693,
#11694,#11695,#11696,#11697,#11698,#11699,#11700,#11701,#11702,#11703,#11704,
#11705,#11706,#11707,#11708,#11709,#11710,#11711,#11712,#11713,#11714,#11715,
#11716,#11717,#11718,#11719,#11720,#11721,#11722,#11723,#11724,#11725,#11726,
#11727,#11728,#11729,#11730,#11731,#11732,#11733,#11734,#11735,#11736,#11737,
#11738,#11739,#11740,#11741,#11742,#11743,#11744,#11745,#11746,#11747,#11748,
#11749,#11750,#11751,#11752,#11753,#11754,#11755,#11756,#11757,#11758,#11759,
#11760,#11761,#11762,#11763,#11764,#11765,#11766,#11767,#11768,#11769,#11770,
#11771,#11772,#11773,#11774,#11775,#11776,#11777,#11778,#11779,#11780,#11781,
#11782,#11783,#11784,#11785,#11786,#11787,#11788,#11789,#11790,#11791,#11792,
#11793,#11794,#11795,#11796,#11797,#11798,#11799,#11800,#11801,#11802,#11803,
#11804,#11805,#11806,#11807,#11808,#11809,#11810,#11811,#11812,#11813,#11814,
#11815,#11816,#11817,#11818,#11819,#11820,#11821,#11822,#11823,#11824,#11825,
#11826,#11827,#11828,#11829,#11830,#11831,#11832,#11833,#11834,#11835,#11836,
#11837,#11838,#11839,#11840,#11841,#11842,#11843,#11844,#11845,#11846,#11847,
#11848,#11849,#11850,#11851,#11852,#11853,#11854,#11855,#11856,#11857,#11858),
#20048);
#11=SHAPE_REPRESENTATION_RELATIONSHIP('SRR','None',#20055,#12);
#12=ADVANCED_BREP_SHAPE_REPRESENTATION('',(#13),#20047);
#13=MANIFOLD_SOLID_BREP('Corps1',#12542);
#14=ELLIPSE('',#12997,0.353553390593298,0.250000000000035);
#15=ELLIPSE('',#12998,0.353553390593599,0.250000000000237);
#16=ELLIPSE('',#13000,0.353553390593439,0.250000000000112);
#17=ELLIPSE('',#13002,0.353553390593298,0.250000000000035);
#18=ELLIPSE('',#13005,0.353553390593298,0.250000000000035);
#19=ELLIPSE('',#13006,0.353553390593385,0.250000000000089);
#20=ELLIPSE('',#13008,0.353553390593194,0.249999999999942);
#21=ELLIPSE('',#13010,0.353553390593298,0.250000000000035);
#22=FACE_BOUND('',#4557,.T.);
#23=FACE_BOUND('',#4558,.T.);
#24=FACE_BOUND('',#4559,.T.);
#25=FACE_BOUND('',#4560,.T.);
#26=FACE_BOUND('',#4561,.T.);
#27=FACE_BOUND('',#4562,.T.);
#28=FACE_BOUND('',#4563,.T.);
#29=FACE_BOUND('',#4564,.T.);
#30=FACE_BOUND('',#4565,.T.);
#31=FACE_BOUND('',#4566,.T.);
#32=FACE_BOUND('',#4567,.T.);
#33=FACE_BOUND('',#4568,.T.);
#34=FACE_BOUND('',#4569,.T.);
#35=FACE_BOUND('',#4570,.T.);
#36=FACE_BOUND('',#4571,.T.);
#37=FACE_BOUND('',#4572,.T.);
#38=FACE_BOUND('',#4573,.T.);
#39=FACE_BOUND('',#4574,.T.);
#40=FACE_BOUND('',#4575,.T.);
#41=FACE_BOUND('',#4576,.T.);
#42=FACE_BOUND('',#4577,.T.);
#43=FACE_BOUND('',#4578,.T.);
#44=FACE_BOUND('',#4579,.T.);
#45=FACE_BOUND('',#4580,.T.);
#46=FACE_BOUND('',#4581,.T.);
#47=FACE_BOUND('',#4582,.T.);
#48=FACE_BOUND('',#4583,.T.);
#49=FACE_BOUND('',#4584,.T.);
#50=FACE_BOUND('',#4585,.T.);
#51=FACE_BOUND('',#4586,.T.);
#52=FACE_BOUND('',#4587,.T.);
#53=FACE_BOUND('',#4588,.T.);
#54=FACE_BOUND('',#4589,.T.);
#55=FACE_BOUND('',#4590,.T.);
#56=FACE_BOUND('',#4591,.T.);
#57=FACE_BOUND('',#4592,.T.);
#58=FACE_BOUND('',#4593,.T.);
#59=FACE_BOUND('',#4594,.T.);
#60=FACE_BOUND('',#4595,.T.);
#61=FACE_BOUND('',#4596,.T.);
#62=FACE_BOUND('',#4597,.T.);
#63=FACE_BOUND('',#4598,.T.);
#64=FACE_BOUND('',#4599,.T.);
#65=FACE_BOUND('',#4600,.T.);
#66=FACE_BOUND('',#4601,.T.);
#67=FACE_BOUND('',#4602,.T.);
#68=FACE_BOUND('',#4603,.T.);
#69=FACE_BOUND('',#4604,.T.);
#70=FACE_BOUND('',#4605,.T.);
#71=FACE_BOUND('',#4606,.T.);
#72=FACE_BOUND('',#4607,.T.);
#73=FACE_BOUND('',#4608,.T.);
#74=FACE_BOUND('',#4609,.T.);
#75=FACE_BOUND('',#4610,.T.);
#76=FACE_BOUND('',#4611,.T.);
#77=FACE_BOUND('',#4612,.T.);
#78=FACE_BOUND('',#4613,.T.);
#79=FACE_BOUND('',#4614,.T.);
#80=FACE_BOUND('',#4615,.T.);
#81=FACE_BOUND('',#4616,.T.);
#82=FACE_BOUND('',#4617,.T.);
#83=FACE_BOUND('',#4618,.T.);
#84=FACE_BOUND('',#4619,.T.);
#85=FACE_BOUND('',#4620,.T.);
#86=FACE_BOUND('',#4621,.T.);
#87=FACE_BOUND('',#4622,.T.);
#88=FACE_BOUND('',#4623,.T.);
#89=FACE_BOUND('',#4624,.T.);
#90=FACE_BOUND('',#4625,.T.);
#91=FACE_BOUND('',#4626,.T.);
#92=FACE_BOUND('',#4627,.T.);
#93=FACE_BOUND('',#4628,.T.);
#94=FACE_BOUND('',#4629,.T.);
#95=FACE_BOUND('',#4630,.T.);
#96=FACE_BOUND('',#4631,.T.);
#97=FACE_BOUND('',#4632,.T.);
#98=FACE_BOUND('',#4633,.T.);
#99=FACE_BOUND('',#4634,.T.);
#100=FACE_BOUND('',#4635,.T.);
#101=FACE_BOUND('',#4636,.T.);
#102=FACE_BOUND('',#4654,.T.);
#103=FACE_BOUND('',#4655,.T.);
#104=FACE_BOUND('',#4656,.T.);
#105=FACE_BOUND('',#4657,.T.);
#106=FACE_BOUND('',#4658,.T.);
#107=FACE_BOUND('',#4659,.T.);
#108=FACE_BOUND('',#4660,.T.);
#109=FACE_BOUND('',#4661,.T.);
#110=FACE_BOUND('',#4662,.T.);
#111=FACE_BOUND('',#4663,.T.);
#112=FACE_BOUND('',#4664,.T.);
#113=FACE_BOUND('',#4665,.T.);
#114=FACE_BOUND('',#4666,.T.);
#115=FACE_BOUND('',#4667,.T.);
#116=FACE_BOUND('',#4670,.T.);
#117=FACE_BOUND('',#4671,.T.);
#118=FACE_BOUND('',#4672,.T.);
#119=FACE_BOUND('',#4673,.T.);
#120=FACE_BOUND('',#4674,.T.);
#121=FACE_BOUND('',#4675,.T.);
#122=FACE_BOUND('',#4676,.T.);
#123=FACE_BOUND('',#4677,.T.);
#124=FACE_BOUND('',#4678,.T.);
#125=FACE_BOUND('',#4679,.T.);
#126=FACE_BOUND('',#4680,.T.);
#127=FACE_BOUND('',#4681,.T.);
#128=FACE_BOUND('',#4682,.T.);
#129=FACE_BOUND('',#4683,.T.);
#130=FACE_BOUND('',#4684,.T.);
#131=FACE_BOUND('',#4685,.T.);
#132=FACE_BOUND('',#4686,.T.);
#133=FACE_BOUND('',#4687,.T.);
#134=FACE_BOUND('',#4688,.T.);
#135=FACE_BOUND('',#4689,.T.);
#136=FACE_BOUND('',#4690,.T.);
#137=FACE_BOUND('',#4691,.T.);
#138=FACE_BOUND('',#4692,.T.);
#139=FACE_BOUND('',#4693,.T.);
#140=FACE_BOUND('',#4694,.T.);
#141=FACE_BOUND('',#4695,.T.);
#142=FACE_BOUND('',#4696,.T.);
#143=FACE_BOUND('',#4697,.T.);
#144=FACE_BOUND('',#4698,.T.);
#145=FACE_BOUND('',#4699,.T.);
#146=FACE_BOUND('',#4700,.T.);
#147=FACE_BOUND('',#4762,.T.);
#148=FACE_BOUND('',#4764,.T.);
#149=FACE_BOUND('',#4770,.T.);
#150=FACE_BOUND('',#4776,.T.);
#151=FACE_BOUND('',#4778,.T.);
#152=FACE_BOUND('',#4780,.T.);
#153=FACE_BOUND('',#4782,.T.);
#154=FACE_BOUND('',#4784,.T.);
#155=FACE_BOUND('',#4790,.T.);
#156=FACE_BOUND('',#4796,.T.);
#157=FACE_BOUND('',#4798,.T.);
#158=FACE_BOUND('',#4800,.T.);
#159=FACE_BOUND('',#4802,.T.);
#160=FACE_BOUND('',#4804,.T.);
#161=FACE_BOUND('',#4806,.T.);
#162=FACE_BOUND('',#4808,.T.);
#163=FACE_BOUND('',#4810,.T.);
#164=FACE_BOUND('',#4812,.T.);
#165=FACE_BOUND('',#4814,.T.);
#166=FACE_BOUND('',#4816,.T.);
#167=FACE_BOUND('',#4818,.T.);
#168=FACE_BOUND('',#4820,.T.);
#169=FACE_BOUND('',#4822,.T.);
#170=FACE_BOUND('',#4824,.T.);
#171=FACE_BOUND('',#4826,.T.);
#172=FACE_BOUND('',#4828,.T.);
#173=FACE_BOUND('',#4843,.T.);
#174=FACE_BOUND('',#4844,.T.);
#175=FACE_BOUND('',#4845,.T.);
#176=PLANE('',#12694);
#177=PLANE('',#12699);
#178=PLANE('',#12700);
#179=PLANE('',#12703);
#180=PLANE('',#12704);
#181=PLANE('',#12707);
#182=PLANE('',#12708);
#183=PLANE('',#12711);
#184=PLANE('',#12712);
#185=PLANE('',#12715);
#186=PLANE('',#12716);
#187=PLANE('',#12719);
#188=PLANE('',#12720);
#189=PLANE('',#12723);
#190=PLANE('',#12724);
#191=PLANE('',#12727);
#192=PLANE('',#12728);
#193=PLANE('',#12731);
#194=PLANE('',#12748);
#195=PLANE('',#12749);
#196=PLANE('',#12782);
#197=PLANE('',#12783);
#198=PLANE('',#12784);
#199=PLANE('',#12785);
#200=PLANE('',#12787);
#201=PLANE('',#12790);
#202=PLANE('',#12792);
#203=PLANE('',#12794);
#204=PLANE('',#12797);
#205=PLANE('',#12799);
#206=PLANE('',#12801);
#207=PLANE('',#12803);
#208=PLANE('',#12805);
#209=PLANE('',#12808);
#210=PLANE('',#12811);
#211=PLANE('',#12813);
#212=PLANE('',#12815);
#213=PLANE('',#12817);
#214=PLANE('',#12819);
#215=PLANE('',#12822);
#216=PLANE('',#12824);
#217=PLANE('',#12826);
#218=PLANE('',#12829);
#219=PLANE('',#12831);
#220=PLANE('',#12833);
#221=PLANE('',#12836);
#222=PLANE('',#12838);
#223=PLANE('',#12840);
#224=PLANE('',#12842);
#225=PLANE('',#12843);
#226=PLANE('',#12844);
#227=PLANE('',#12845);
#228=PLANE('',#12846);
#229=PLANE('',#12847);
#230=PLANE('',#12848);
#231=PLANE('',#12849);
#232=PLANE('',#12850);
#233=PLANE('',#12851);
#234=PLANE('',#12852);
#235=PLANE('',#12853);
#236=PLANE('',#12854);
#237=PLANE('',#12855);
#238=PLANE('',#12856);
#239=PLANE('',#12857);
#240=PLANE('',#12858);
#241=PLANE('',#12859);
#242=PLANE('',#12860);
#243=PLANE('',#12861);
#244=PLANE('',#12862);
#245=PLANE('',#12863);
#246=PLANE('',#12864);
#247=PLANE('',#12865);
#248=PLANE('',#12866);
#249=PLANE('',#12867);
#250=PLANE('',#12868);
#251=PLANE('',#12869);
#252=PLANE('',#12870);
#253=PLANE('',#12871);
#254=PLANE('',#12872);
#255=PLANE('',#12873);
#256=PLANE('',#12874);
#257=PLANE('',#12875);
#258=PLANE('',#12876);
#259=PLANE('',#12877);
#260=PLANE('',#12878);
#261=PLANE('',#12879);
#262=PLANE('',#12880);
#263=PLANE('',#12881);
#264=PLANE('',#12882);
#265=PLANE('',#12883);
#266=PLANE('',#12884);
#267=PLANE('',#12885);
#268=PLANE('',#12886);
#269=PLANE('',#12887);
#270=PLANE('',#12888);
#271=PLANE('',#12889);
#272=PLANE('',#12890);
#273=PLANE('',#12891);
#274=PLANE('',#12892);
#275=PLANE('',#12893);
#276=PLANE('',#12894);
#277=PLANE('',#12895);
#278=PLANE('',#12896);
#279=PLANE('',#12897);
#280=PLANE('',#12902);
#281=PLANE('',#12903);
#282=PLANE('',#12904);
#283=PLANE('',#12905);
#284=PLANE('',#12906);
#285=PLANE('',#12907);
#286=PLANE('',#12908);
#287=PLANE('',#12909);
#288=PLANE('',#12910);
#289=PLANE('',#12911);
#290=PLANE('',#12912);
#291=PLANE('',#12913);
#292=PLANE('',#12914);
#293=PLANE('',#12915);
#294=PLANE('',#12916);
#295=PLANE('',#12917);
#296=PLANE('',#12918);
#297=PLANE('',#12919);
#298=PLANE('',#12920);
#299=PLANE('',#12921);
#300=PLANE('',#12922);
#301=PLANE('',#12923);
#302=PLANE('',#12924);
#303=PLANE('',#12925);
#304=PLANE('',#12926);
#305=PLANE('',#12927);
#306=PLANE('',#12928);
#307=PLANE('',#12929);
#308=PLANE('',#12930);
#309=PLANE('',#12931);
#310=PLANE('',#12932);
#311=PLANE('',#12933);
#312=PLANE('',#12934);
#313=PLANE('',#12935);
#314=PLANE('',#12936);
#315=PLANE('',#12937);
#316=PLANE('',#12938);
#317=PLANE('',#12939);
#318=PLANE('',#12940);
#319=PLANE('',#12941);
#320=PLANE('',#12942);
#321=PLANE('',#12943);
#322=PLANE('',#12944);
#323=PLANE('',#12945);
#324=PLANE('',#12946);
#325=PLANE('',#12947);
#326=PLANE('',#12948);
#327=PLANE('',#12949);
#328=PLANE('',#12950);
#329=PLANE('',#12951);
#330=PLANE('',#12952);
#331=PLANE('',#12953);
#332=PLANE('',#12954);
#333=PLANE('',#12955);
#334=PLANE('',#12956);
#335=PLANE('',#12957);
#336=PLANE('',#12958);
#337=PLANE('',#12959);
#338=PLANE('',#12960);
#339=PLANE('',#12961);
#340=PLANE('',#12962);
#341=PLANE('',#12963);
#342=PLANE('',#12964);
#343=PLANE('',#12965);
#344=PLANE('',#12966);
#345=PLANE('',#12967);
#346=PLANE('',#12968);
#347=PLANE('',#12969);
#348=PLANE('',#12970);
#349=PLANE('',#12971);
#350=PLANE('',#12972);
#351=PLANE('',#12973);
#352=PLANE('',#12974);
#353=PLANE('',#12975);
#354=PLANE('',#12976);
#355=PLANE('',#12977);
#356=PLANE('',#12979);
#357=PLANE('',#12981);
#358=PLANE('',#12983);
#359=PLANE('',#12985);
#360=PLANE('',#12986);
#361=PLANE('',#12987);
#362=PLANE('',#12988);
#363=PLANE('',#12989);
#364=PLANE('',#12990);
#365=PLANE('',#12991);
#366=PLANE('',#12992);
#367=PLANE('',#12993);
#368=PLANE('',#12994);
#369=PLANE('',#12995);
#370=PLANE('',#13012);
#371=PLANE('',#13013);
#372=PLANE('',#13014);
#373=PLANE('',#13015);
#374=PLANE('',#13016);
#375=PLANE('',#13017);
#376=PLANE('',#13018);
#377=PLANE('',#13019);
#378=PLANE('',#13020);
#379=PLANE('',#13021);
#380=PLANE('',#13022);
#381=PLANE('',#13023);
#382=PLANE('',#13024);
#383=PLANE('',#13025);
#384=PLANE('',#13026);
#385=PLANE('',#13027);
#386=PLANE('',#13028);
#387=PLANE('',#13029);
#388=PLANE('',#13030);
#389=PLANE('',#13031);
#390=PLANE('',#13032);
#391=PLANE('',#13033);
#392=PLANE('',#13034);
#393=PLANE('',#13035);
#394=PLANE('',#13036);
#395=PLANE('',#13037);
#396=PLANE('',#13038);
#397=PLANE('',#13039);
#398=PLANE('',#13040);
#399=PLANE('',#13041);
#400=PLANE('',#13042);
#401=PLANE('',#13043);
#402=PLANE('',#13044);
#403=PLANE('',#13045);
#404=PLANE('',#13046);
#405=PLANE('',#13047);
#406=PLANE('',#13048);
#407=PLANE('',#13049);
#408=PLANE('',#13050);
#409=PLANE('',#13051);
#410=PLANE('',#13052);
#411=PLANE('',#13053);
#412=PLANE('',#13054);
#413=PLANE('',#13055);
#414=PLANE('',#13056);
#415=PLANE('',#13057);
#416=PLANE('',#13058);
#417=PLANE('',#13059);
#418=PLANE('',#13060);
#419=PLANE('',#13061);
#420=PLANE('',#13062);
#421=PLANE('',#13063);
#422=PLANE('',#13064);
#423=PLANE('',#13065);
#424=PLANE('',#13066);
#425=PLANE('',#13067);
#426=PLANE('',#13068);
#427=PLANE('',#13069);
#428=PLANE('',#13070);
#429=PLANE('',#13071);
#430=PLANE('',#13072);
#431=PLANE('',#13073);
#432=PLANE('',#13074);
#433=PLANE('',#13075);
#434=PLANE('',#13076);
#435=PLANE('',#13077);
#436=PLANE('',#13078);
#437=PLANE('',#13079);
#438=PLANE('',#13080);
#439=PLANE('',#13081);
#440=PLANE('',#13082);
#441=PLANE('',#13083);
#442=PLANE('',#13084);
#443=PLANE('',#13085);
#444=PLANE('',#13086);
#445=PLANE('',#13087);
#446=PLANE('',#13088);
#447=PLANE('',#13089);
#448=PLANE('',#13090);
#449=PLANE('',#13091);
#450=PLANE('',#13092);
#451=PLANE('',#13093);
#452=PLANE('',#13094);
#453=PLANE('',#13095);
#454=PLANE('',#13096);
#455=PLANE('',#13097);
#456=PLANE('',#13098);
#457=PLANE('',#13099);
#458=PLANE('',#13100);
#459=PLANE('',#13101);
#460=PLANE('',#13102);
#461=PLANE('',#13103);
#462=PLANE('',#13104);
#463=PLANE('',#13105);
#464=PLANE('',#13106);
#465=PLANE('',#13107);
#466=PLANE('',#13108);
#467=PLANE('',#13109);
#468=PLANE('',#13110);
#469=PLANE('',#13111);
#470=PLANE('',#13112);
#471=PLANE('',#13113);
#472=PLANE('',#13114);
#473=PLANE('',#13115);
#474=PLANE('',#13116);
#475=PLANE('',#13117);
#476=PLANE('',#13118);
#477=PLANE('',#13119);
#478=PLANE('',#13120);
#479=PLANE('',#13121);
#480=PLANE('',#13122);
#481=PLANE('',#13123);
#482=PLANE('',#13124);
#483=PLANE('',#13125);
#484=PLANE('',#13126);
#485=PLANE('',#13127);
#486=PLANE('',#13128);
#487=PLANE('',#13129);
#488=PLANE('',#13130);
#489=PLANE('',#13131);
#490=PLANE('',#13132);
#491=PLANE('',#13133);
#492=PLANE('',#13134);
#493=PLANE('',#13135);
#494=PLANE('',#13136);
#495=PLANE('',#13137);
#496=PLANE('',#13138);
#497=PLANE('',#13139);
#498=PLANE('',#13140);
#499=PLANE('',#13141);
#500=PLANE('',#13142);
#501=PLANE('',#13143);
#502=PLANE('',#13144);
#503=PLANE('',#13145);
#504=PLANE('',#13146);
#505=PLANE('',#13147);
#506=PLANE('',#13148);
#507=PLANE('',#13149);
#508=PLANE('',#13150);
#509=PLANE('',#13151);
#510=PLANE('',#13152);
#511=PLANE('',#13153);
#512=PLANE('',#13154);
#513=PLANE('',#13155);
#514=PLANE('',#13156);
#515=PLANE('',#13157);
#516=PLANE('',#13158);
#517=PLANE('',#13159);
#518=PLANE('',#13160);
#519=PLANE('',#13161);
#520=PLANE('',#13162);
#521=PLANE('',#13163);
#522=PLANE('',#13164);
#523=PLANE('',#13165);
#524=PLANE('',#13166);
#525=PLANE('',#13167);
#526=PLANE('',#13168);
#527=PLANE('',#13169);
#528=PLANE('',#13170);
#529=PLANE('',#13171);
#530=PLANE('',#13172);
#531=PLANE('',#13173);
#532=PLANE('',#13174);
#533=PLANE('',#13175);
#534=PLANE('',#13176);
#535=PLANE('',#13177);
#536=PLANE('',#13178);
#537=PLANE('',#13179);
#538=PLANE('',#13180);
#539=PLANE('',#13181);
#540=PLANE('',#13182);
#541=PLANE('',#13183);
#542=PLANE('',#13184);
#543=PLANE('',#13185);
#544=PLANE('',#13186);
#545=PLANE('',#13187);
#546=PLANE('',#13188);
#547=PLANE('',#13189);
#548=PLANE('',#13190);
#549=PLANE('',#13191);
#550=PLANE('',#13192);
#551=PLANE('',#13193);
#552=PLANE('',#13194);
#553=PLANE('',#13195);
#554=PLANE('',#13196);
#555=PLANE('',#13197);
#556=PLANE('',#13198);
#557=PLANE('',#13199);
#558=PLANE('',#13200);
#559=PLANE('',#13201);
#560=PLANE('',#13202);
#561=PLANE('',#13203);
#562=PLANE('',#13204);
#563=PLANE('',#13205);
#564=PLANE('',#13206);
#565=PLANE('',#13207);
#566=PLANE('',#13208);
#567=PLANE('',#13209);
#568=PLANE('',#13210);
#569=PLANE('',#13211);
#570=PLANE('',#13212);
#571=PLANE('',#13213);
#572=PLANE('',#13214);
#573=PLANE('',#13215);
#574=PLANE('',#13216);
#575=PLANE('',#13217);
#576=PLANE('',#13218);
#577=PLANE('',#13219);
#578=PLANE('',#13220);
#579=PLANE('',#13221);
#580=PLANE('',#13222);
#581=PLANE('',#13223);
#582=PLANE('',#13224);
#583=PLANE('',#13225);
#584=PLANE('',#13226);
#585=PLANE('',#13227);
#586=PLANE('',#13228);
#587=PLANE('',#13229);
#588=PLANE('',#13230);
#589=PLANE('',#13231);
#590=PLANE('',#13232);
#591=PLANE('',#13233);
#592=PLANE('',#13234);
#593=PLANE('',#13235);
#594=PLANE('',#13236);
#595=PLANE('',#13237);
#596=PLANE('',#13238);
#597=PLANE('',#13239);
#598=PLANE('',#13240);
#599=PLANE('',#13241);
#600=PLANE('',#13242);
#601=PLANE('',#13243);
#602=PLANE('',#13244);
#603=PLANE('',#13245);
#604=PLANE('',#13246);
#605=PLANE('',#13247);
#606=PLANE('',#13248);
#607=PLANE('',#13249);
#608=PLANE('',#13250);
#609=PLANE('',#13251);
#610=PLANE('',#13252);
#611=PLANE('',#13253);
#612=PLANE('',#13254);
#613=PLANE('',#13255);
#614=PLANE('',#13256);
#615=PLANE('',#13257);
#616=PLANE('',#13258);
#617=PLANE('',#13259);
#618=PLANE('',#13260);
#619=PLANE('',#13261);
#620=PLANE('',#13262);
#621=PLANE('',#13263);
#622=PLANE('',#13264);
#623=PLANE('',#13265);
#624=PLANE('',#13266);
#625=PLANE('',#13267);
#626=PLANE('',#13268);
#627=PLANE('',#13269);
#628=PLANE('',#13270);
#629=PLANE('',#13271);
#630=PLANE('',#13272);
#631=PLANE('',#13273);
#632=PLANE('',#13274);
#633=PLANE('',#13275);
#634=PLANE('',#13276);
#635=PLANE('',#13277);
#636=PLANE('',#13278);
#637=PLANE('',#13279);
#638=PLANE('',#13280);
#639=PLANE('',#13281);
#640=PLANE('',#13282);
#641=PLANE('',#13283);
#642=PLANE('',#13284);
#643=PLANE('',#13285);
#644=PLANE('',#13286);
#645=PLANE('',#13287);
#646=PLANE('',#13288);
#647=PLANE('',#13289);
#648=PLANE('',#13290);
#649=PLANE('',#13291);
#650=PLANE('',#13292);
#651=PLANE('',#13293);
#652=PLANE('',#13294);
#653=PLANE('',#13295);
#654=PLANE('',#13296);
#655=PLANE('',#13297);
#656=PLANE('',#13298);
#657=PLANE('',#13299);
#658=PLANE('',#13300);
#659=PLANE('',#13301);
#660=PLANE('',#13302);
#661=PLANE('',#13303);
#662=PLANE('',#13304);
#663=PLANE('',#13305);
#664=PLANE('',#13306);
#665=PLANE('',#13307);
#666=PLANE('',#13308);
#667=PLANE('',#13309);
#668=PLANE('',#13310);
#669=PLANE('',#13311);
#670=PLANE('',#13312);
#671=PLANE('',#13313);
#672=PLANE('',#13314);
#673=PLANE('',#13315);
#674=PLANE('',#13316);
#675=PLANE('',#13317);
#676=PLANE('',#13318);
#677=PLANE('',#13319);
#678=PLANE('',#13320);
#679=PLANE('',#13321);
#680=PLANE('',#13322);
#681=PLANE('',#13323);
#682=PLANE('',#13324);
#683=PLANE('',#13325);
#684=PLANE('',#13326);
#685=PLANE('',#13327);
#686=PLANE('',#13328);
#687=PLANE('',#13329);
#688=PLANE('',#13330);
#689=PLANE('',#13331);
#690=PLANE('',#13332);
#691=PLANE('',#13333);
#692=PLANE('',#13334);
#693=PLANE('',#13335);
#694=PLANE('',#13336);
#695=PLANE('',#13337);
#696=PLANE('',#13338);
#697=PLANE('',#13339);
#698=PLANE('',#13340);
#699=PLANE('',#13341);
#700=PLANE('',#13342);
#701=PLANE('',#13343);
#702=PLANE('',#13344);
#703=PLANE('',#13345);
#704=PLANE('',#13346);
#705=PLANE('',#13347);
#706=PLANE('',#13348);
#707=PLANE('',#13349);
#708=PLANE('',#13350);
#709=PLANE('',#13351);
#710=PLANE('',#13352);
#711=PLANE('',#13353);
#712=PLANE('',#13354);
#713=PLANE('',#13355);
#714=PLANE('',#13356);
#715=PLANE('',#13357);
#716=PLANE('',#13358);
#717=PLANE('',#13359);
#718=PLANE('',#13360);
#719=PLANE('',#13361);
#720=PLANE('',#13362);
#721=PLANE('',#13363);
#722=PLANE('',#13364);
#723=PLANE('',#13365);
#724=PLANE('',#13366);
#725=PLANE('',#13367);
#726=PLANE('',#13368);
#727=PLANE('',#13369);
#728=PLANE('',#13370);
#729=PLANE('',#13371);
#730=PLANE('',#13372);
#731=PLANE('',#13373);
#732=PLANE('',#13374);
#733=PLANE('',#13375);
#734=PLANE('',#13376);
#735=PLANE('',#13377);
#736=PLANE('',#13378);
#737=PLANE('',#13379);
#738=PLANE('',#13380);
#739=PLANE('',#13381);
#740=PLANE('',#13382);
#741=PLANE('',#13383);
#742=PLANE('',#13384);
#743=PLANE('',#13385);
#744=PLANE('',#13386);
#745=PLANE('',#13387);
#746=PLANE('',#13388);
#747=PLANE('',#13389);
#748=PLANE('',#13390);
#749=PLANE('',#13391);
#750=PLANE('',#13392);
#751=PLANE('',#13393);
#752=PLANE('',#13394);
#753=PLANE('',#13395);
#754=PLANE('',#13396);
#755=PLANE('',#13397);
#756=PLANE('',#13398);
#757=PLANE('',#13399);
#758=PLANE('',#13400);
#759=PLANE('',#13401);
#760=PLANE('',#13402);
#761=PLANE('',#13403);
#762=PLANE('',#13404);
#763=PLANE('',#13405);
#764=PLANE('',#13406);
#765=PLANE('',#13407);
#766=PLANE('',#13408);
#767=PLANE('',#13409);
#768=PLANE('',#13410);
#769=PLANE('',#13411);
#770=LINE('',#16635,#2256);
#771=LINE('',#16641,#2257);
#772=LINE('',#16647,#2258);
#773=LINE('',#16653,#2259);
#774=LINE('',#16659,#2260);
#775=LINE('',#16665,#2261);
#776=LINE('',#16671,#2262);
#777=LINE('',#16677,#2263);
#778=LINE('',#16683,#2264);
#779=LINE('',#16689,#2265);
#780=LINE('',#16695,#2266);
#781=LINE('',#16701,#2267);
#782=LINE('',#16707,#2268);
#783=LINE('',#16713,#2269);
#784=LINE('',#16719,#2270);
#785=LINE('',#16725,#2271);
#786=LINE('',#16731,#2272);
#787=LINE('',#16737,#2273);
#788=LINE('',#16743,#2274);
#789=LINE('',#16749,#2275);
#790=LINE('',#16755,#2276);
#791=LINE('',#16761,#2277);
#792=LINE('',#16767,#2278);
#793=LINE('',#16773,#2279);
#794=LINE('',#16779,#2280);
#795=LINE('',#16785,#2281);
#796=LINE('',#16791,#2282);
#797=LINE('',#16797,#2283);
#798=LINE('',#16803,#2284);
#799=LINE('',#16809,#2285);
#800=LINE('',#16815,#2286);
#801=LINE('',#16821,#2287);
#802=LINE('',#16827,#2288);
#803=LINE('',#16833,#2289);
#804=LINE('',#16839,#2290);
#805=LINE('',#16845,#2291);
#806=LINE('',#16851,#2292);
#807=LINE('',#16857,#2293);
#808=LINE('',#16863,#2294);
#809=LINE('',#16869,#2295);
#810=LINE('',#16875,#2296);
#811=LINE('',#16881,#2297);
#812=LINE('',#16888,#2298);
#813=LINE('',#16892,#2299);
#814=LINE('',#16896,#2300);
#815=LINE('',#16899,#2301);
#816=LINE('',#16902,#2302);
#817=LINE('',#16904,#2303);
#818=LINE('',#16906,#2304);
#819=LINE('',#16907,#2305);
#820=LINE('',#16910,#2306);
#821=LINE('',#16912,#2307);
#822=LINE('',#16914,#2308);
#823=LINE('',#16915,#2309);
#824=LINE('',#16918,#2310);
#825=LINE('',#16920,#2311);
#826=LINE('',#16922,#2312);
#827=LINE('',#16923,#2313);
#828=LINE('',#16926,#2314);
#829=LINE('',#16928,#2315);
#830=LINE('',#16930,#2316);
#831=LINE('',#16931,#2317);
#832=LINE('',#16934,#2318);
#833=LINE('',#16936,#2319);
#834=LINE('',#16938,#2320);
#835=LINE('',#16939,#2321);
#836=LINE('',#16942,#2322);
#837=LINE('',#16944,#2323);
#838=LINE('',#16946,#2324);
#839=LINE('',#16947,#2325);
#840=LINE('',#16950,#2326);
#841=LINE('',#16952,#2327);
#842=LINE('',#16954,#2328);
#843=LINE('',#16955,#2329);
#844=LINE('',#16958,#2330);
#845=LINE('',#16960,#2331);
#846=LINE('',#16962,#2332);
#847=LINE('',#16963,#2333);
#848=LINE('',#16966,#2334);
#849=LINE('',#16968,#2335);
#850=LINE('',#16970,#2336);
#851=LINE('',#16971,#2337);
#852=LINE('',#16974,#2338);
#853=LINE('',#16976,#2339);
#854=LINE('',#16978,#2340);
#855=LINE('',#16979,#2341);
#856=LINE('',#16982,#2342);
#857=LINE('',#16984,#2343);
#858=LINE('',#16986,#2344);
#859=LINE('',#16987,#2345);
#860=LINE('',#16990,#2346);
#861=LINE('',#16992,#2347);
#862=LINE('',#16994,#2348);
#863=LINE('',#16995,#2349);
#864=LINE('',#16998,#2350);
#865=LINE('',#17000,#2351);
#866=LINE('',#17002,#2352);
#867=LINE('',#17003,#2353);
#868=LINE('',#17006,#2354);
#869=LINE('',#17008,#2355);
#870=LINE('',#17010,#2356);
#871=LINE('',#17011,#2357);
#872=LINE('',#17014,#2358);
#873=LINE('',#17016,#2359);
#874=LINE('',#17018,#2360);
#875=LINE('',#17019,#2361);
#876=LINE('',#17022,#2362);
#877=LINE('',#17024,#2363);
#878=LINE('',#17026,#2364);
#879=LINE('',#17027,#2365);
#880=LINE('',#17030,#2366);
#881=LINE('',#17032,#2367);
#882=LINE('',#17034,#2368);
#883=LINE('',#17035,#2369);
#884=LINE('',#17038,#2370);
#885=LINE('',#17040,#2371);
#886=LINE('',#17042,#2372);
#887=LINE('',#17043,#2373);
#888=LINE('',#17046,#2374);
#889=LINE('',#17048,#2375);
#890=LINE('',#17050,#2376);
#891=LINE('',#17051,#2377);
#892=LINE('',#17054,#2378);
#893=LINE('',#17056,#2379);
#894=LINE('',#17058,#2380);
#895=LINE('',#17059,#2381);
#896=LINE('',#17062,#2382);
#897=LINE('',#17064,#2383);
#898=LINE('',#17066,#2384);
#899=LINE('',#17067,#2385);
#900=LINE('',#17070,#2386);
#901=LINE('',#17072,#2387);
#902=LINE('',#17074,#2388);
#903=LINE('',#17075,#2389);
#904=LINE('',#17078,#2390);
#905=LINE('',#17080,#2391);
#906=LINE('',#17082,#2392);
#907=LINE('',#17083,#2393);
#908=LINE('',#17086,#2394);
#909=LINE('',#17088,#2395);
#910=LINE('',#17090,#2396);
#911=LINE('',#17091,#2397);
#912=LINE('',#17094,#2398);
#913=LINE('',#17096,#2399);
#914=LINE('',#17098,#2400);
#915=LINE('',#17099,#2401);
#916=LINE('',#17102,#2402);
#917=LINE('',#17104,#2403);
#918=LINE('',#17106,#2404);
#919=LINE('',#17107,#2405);
#920=LINE('',#17110,#2406);
#921=LINE('',#17112,#2407);
#922=LINE('',#17114,#2408);
#923=LINE('',#17115,#2409);
#924=LINE('',#17118,#2410);
#925=LINE('',#17120,#2411);
#926=LINE('',#17122,#2412);
#927=LINE('',#17123,#2413);
#928=LINE('',#17126,#2414);
#929=LINE('',#17128,#2415);
#930=LINE('',#17130,#2416);
#931=LINE('',#17131,#2417);
#932=LINE('',#17134,#2418);
#933=LINE('',#17136,#2419);
#934=LINE('',#17138,#2420);
#935=LINE('',#17139,#2421);
#936=LINE('',#17142,#2422);
#937=LINE('',#17144,#2423);
#938=LINE('',#17146,#2424);
#939=LINE('',#17147,#2425);
#940=LINE('',#17150,#2426);
#941=LINE('',#17152,#2427);
#942=LINE('',#17154,#2428);
#943=LINE('',#17155,#2429);
#944=LINE('',#17158,#2430);
#945=LINE('',#17160,#2431);
#946=LINE('',#17162,#2432);
#947=LINE('',#17163,#2433);
#948=LINE('',#17166,#2434);
#949=LINE('',#17168,#2435);
#950=LINE('',#17170,#2436);
#951=LINE('',#17171,#2437);
#952=LINE('',#17174,#2438);
#953=LINE('',#17176,#2439);
#954=LINE('',#17178,#2440);
#955=LINE('',#17179,#2441);
#956=LINE('',#17182,#2442);
#957=LINE('',#17184,#2443);
#958=LINE('',#17186,#2444);
#959=LINE('',#17187,#2445);
#960=LINE('',#17190,#2446);
#961=LINE('',#17192,#2447);
#962=LINE('',#17194,#2448);
#963=LINE('',#17195,#2449);
#964=LINE('',#17198,#2450);
#965=LINE('',#17200,#2451);
#966=LINE('',#17202,#2452);
#967=LINE('',#17203,#2453);
#968=LINE('',#17206,#2454);
#969=LINE('',#17208,#2455);
#970=LINE('',#17210,#2456);
#971=LINE('',#17211,#2457);
#972=LINE('',#17214,#2458);
#973=LINE('',#17216,#2459);
#974=LINE('',#17218,#2460);
#975=LINE('',#17219,#2461);
#976=LINE('',#17222,#2462);
#977=LINE('',#17224,#2463);
#978=LINE('',#17226,#2464);
#979=LINE('',#17227,#2465);
#980=LINE('',#17230,#2466);
#981=LINE('',#17232,#2467);
#982=LINE('',#17234,#2468);
#983=LINE('',#17235,#2469);
#984=LINE('',#17238,#2470);
#985=LINE('',#17240,#2471);
#986=LINE('',#17242,#2472);
#987=LINE('',#17243,#2473);
#988=LINE('',#17246,#2474);
#989=LINE('',#17248,#2475);
#990=LINE('',#17250,#2476);
#991=LINE('',#17251,#2477);
#992=LINE('',#17254,#2478);
#993=LINE('',#17256,#2479);
#994=LINE('',#17258,#2480);
#995=LINE('',#17259,#2481);
#996=LINE('',#17262,#2482);
#997=LINE('',#17264,#2483);
#998=LINE('',#17266,#2484);
#999=LINE('',#17267,#2485);
#1000=LINE('',#17270,#2486);
#1001=LINE('',#17272,#2487);
#1002=LINE('',#17274,#2488);
#1003=LINE('',#17275,#2489);
#1004=LINE('',#17278,#2490);
#1005=LINE('',#17280,#2491);
#1006=LINE('',#17282,#2492);
#1007=LINE('',#17283,#2493);
#1008=LINE('',#17286,#2494);
#1009=LINE('',#17288,#2495);
#1010=LINE('',#17290,#2496);
#1011=LINE('',#17291,#2497);
#1012=LINE('',#17294,#2498);
#1013=LINE('',#17296,#2499);
#1014=LINE('',#17298,#2500);
#1015=LINE('',#17299,#2501);
#1016=LINE('',#17302,#2502);
#1017=LINE('',#17304,#2503);
#1018=LINE('',#17306,#2504);
#1019=LINE('',#17307,#2505);
#1020=LINE('',#17310,#2506);
#1021=LINE('',#17312,#2507);
#1022=LINE('',#17314,#2508);
#1023=LINE('',#17315,#2509);
#1024=LINE('',#17318,#2510);
#1025=LINE('',#17320,#2511);
#1026=LINE('',#17322,#2512);
#1027=LINE('',#17323,#2513);
#1028=LINE('',#17326,#2514);
#1029=LINE('',#17328,#2515);
#1030=LINE('',#17330,#2516);
#1031=LINE('',#17331,#2517);
#1032=LINE('',#17334,#2518);
#1033=LINE('',#17336,#2519);
#1034=LINE('',#17338,#2520);
#1035=LINE('',#17339,#2521);
#1036=LINE('',#17342,#2522);
#1037=LINE('',#17344,#2523);
#1038=LINE('',#17346,#2524);
#1039=LINE('',#17347,#2525);
#1040=LINE('',#17350,#2526);
#1041=LINE('',#17352,#2527);
#1042=LINE('',#17354,#2528);
#1043=LINE('',#17355,#2529);
#1044=LINE('',#17358,#2530);
#1045=LINE('',#17360,#2531);
#1046=LINE('',#17362,#2532);
#1047=LINE('',#17363,#2533);
#1048=LINE('',#17366,#2534);
#1049=LINE('',#17368,#2535);
#1050=LINE('',#17370,#2536);
#1051=LINE('',#17371,#2537);
#1052=LINE('',#17374,#2538);
#1053=LINE('',#17376,#2539);
#1054=LINE('',#17378,#2540);
#1055=LINE('',#17379,#2541);
#1056=LINE('',#17382,#2542);
#1057=LINE('',#17384,#2543);
#1058=LINE('',#17386,#2544);
#1059=LINE('',#17387,#2545);
#1060=LINE('',#17390,#2546);
#1061=LINE('',#17392,#2547);
#1062=LINE('',#17394,#2548);
#1063=LINE('',#17395,#2549);
#1064=LINE('',#17398,#2550);
#1065=LINE('',#17400,#2551);
#1066=LINE('',#17402,#2552);
#1067=LINE('',#17403,#2553);
#1068=LINE('',#17406,#2554);
#1069=LINE('',#17408,#2555);
#1070=LINE('',#17410,#2556);
#1071=LINE('',#17411,#2557);
#1072=LINE('',#17414,#2558);
#1073=LINE('',#17416,#2559);
#1074=LINE('',#17418,#2560);
#1075=LINE('',#17419,#2561);
#1076=LINE('',#17422,#2562);
#1077=LINE('',#17424,#2563);
#1078=LINE('',#17426,#2564);
#1079=LINE('',#17427,#2565);
#1080=LINE('',#17430,#2566);
#1081=LINE('',#17432,#2567);
#1082=LINE('',#17434,#2568);
#1083=LINE('',#17435,#2569);
#1084=LINE('',#17438,#2570);
#1085=LINE('',#17440,#2571);
#1086=LINE('',#17442,#2572);
#1087=LINE('',#17443,#2573);
#1088=LINE('',#17446,#2574);
#1089=LINE('',#17448,#2575);
#1090=LINE('',#17450,#2576);
#1091=LINE('',#17451,#2577);
#1092=LINE('',#17454,#2578);
#1093=LINE('',#17456,#2579);
#1094=LINE('',#17458,#2580);
#1095=LINE('',#17459,#2581);
#1096=LINE('',#17462,#2582);
#1097=LINE('',#17464,#2583);
#1098=LINE('',#17466,#2584);
#1099=LINE('',#17467,#2585);
#1100=LINE('',#17470,#2586);
#1101=LINE('',#17472,#2587);
#1102=LINE('',#17474,#2588);
#1103=LINE('',#17475,#2589);
#1104=LINE('',#17478,#2590);
#1105=LINE('',#17480,#2591);
#1106=LINE('',#17482,#2592);
#1107=LINE('',#17483,#2593);
#1108=LINE('',#17486,#2594);
#1109=LINE('',#17488,#2595);
#1110=LINE('',#17490,#2596);
#1111=LINE('',#17491,#2597);
#1112=LINE('',#17494,#2598);
#1113=LINE('',#17496,#2599);
#1114=LINE('',#17498,#2600);
#1115=LINE('',#17499,#2601);
#1116=LINE('',#17502,#2602);
#1117=LINE('',#17504,#2603);
#1118=LINE('',#17506,#2604);
#1119=LINE('',#17507,#2605);
#1120=LINE('',#17510,#2606);
#1121=LINE('',#17512,#2607);
#1122=LINE('',#17514,#2608);
#1123=LINE('',#17515,#2609);
#1124=LINE('',#17518,#2610);
#1125=LINE('',#17520,#2611);
#1126=LINE('',#17522,#2612);
#1127=LINE('',#17523,#2613);
#1128=LINE('',#17526,#2614);
#1129=LINE('',#17528,#2615);
#1130=LINE('',#17530,#2616);
#1131=LINE('',#17531,#2617);
#1132=LINE('',#17534,#2618);
#1133=LINE('',#17536,#2619);
#1134=LINE('',#17538,#2620);
#1135=LINE('',#17539,#2621);
#1136=LINE('',#17543,#2622);
#1137=LINE('',#17545,#2623);
#1138=LINE('',#17547,#2624);
#1139=LINE('',#17548,#2625);
#1140=LINE('',#17551,#2626);
#1141=LINE('',#17553,#2627);
#1142=LINE('',#17555,#2628);
#1143=LINE('',#17559,#2629);
#1144=LINE('',#17561,#2630);
#1145=LINE('',#17563,#2631);
#1146=LINE('',#17568,#2632);
#1147=LINE('',#17570,#2633);
#1148=LINE('',#17572,#2634);
#1149=LINE('',#17573,#2635);
#1150=LINE('',#17576,#2636);
#1151=LINE('',#17578,#2637);
#1152=LINE('',#17580,#2638);
#1153=LINE('',#17584,#2639);
#1154=LINE('',#17586,#2640);
#1155=LINE('',#17588,#2641);
#1156=LINE('',#17593,#2642);
#1157=LINE('',#17595,#2643);
#1158=LINE('',#17597,#2644);
#1159=LINE('',#17598,#2645);
#1160=LINE('',#17601,#2646);
#1161=LINE('',#17605,#2647);
#1162=LINE('',#17607,#2648);
#1163=LINE('',#17609,#2649);
#1164=LINE('',#17613,#2650);
#1165=LINE('',#17614,#2651);
#1166=LINE('',#17618,#2652);
#1167=LINE('',#17620,#2653);
#1168=LINE('',#17622,#2654);
#1169=LINE('',#17623,#2655);
#1170=LINE('',#17626,#2656);
#1171=LINE('',#17630,#2657);
#1172=LINE('',#17632,#2658);
#1173=LINE('',#17634,#2659);
#1174=LINE('',#17638,#2660);
#1175=LINE('',#17639,#2661);
#1176=LINE('',#17643,#2662);
#1177=LINE('',#17645,#2663);
#1178=LINE('',#17647,#2664);
#1179=LINE('',#17648,#2665);
#1180=LINE('',#17652,#2666);
#1181=LINE('',#17656,#2667);
#1182=LINE('',#17658,#2668);
#1183=LINE('',#17660,#2669);
#1184=LINE('',#17663,#2670);
#1185=LINE('',#17664,#2671);
#1186=LINE('',#17668,#2672);
#1187=LINE('',#17670,#2673);
#1188=LINE('',#17672,#2674);
#1189=LINE('',#17673,#2675);
#1190=LINE('',#17677,#2676);
#1191=LINE('',#17681,#2677);
#1192=LINE('',#17683,#2678);
#1193=LINE('',#17685,#2679);
#1194=LINE('',#17688,#2680);
#1195=LINE('',#17689,#2681);
#1196=LINE('',#17693,#2682);
#1197=LINE('',#17695,#2683);
#1198=LINE('',#17697,#2684);
#1199=LINE('',#17698,#2685);
#1200=LINE('',#17701,#2686);
#1201=LINE('',#17705,#2687);
#1202=LINE('',#17707,#2688);
#1203=LINE('',#17709,#2689);
#1204=LINE('',#17713,#2690);
#1205=LINE('',#17714,#2691);
#1206=LINE('',#17718,#2692);
#1207=LINE('',#17720,#2693);
#1208=LINE('',#17722,#2694);
#1209=LINE('',#17723,#2695);
#1210=LINE('',#17726,#2696);
#1211=LINE('',#17730,#2697);
#1212=LINE('',#17732,#2698);
#1213=LINE('',#17734,#2699);
#1214=LINE('',#17738,#2700);
#1215=LINE('',#17739,#2701);
#1216=LINE('',#17743,#2702);
#1217=LINE('',#17745,#2703);
#1218=LINE('',#17747,#2704);
#1219=LINE('',#17748,#2705);
#1220=LINE('',#17751,#2706);
#1221=LINE('',#17753,#2707);
#1222=LINE('',#17755,#2708);
#1223=LINE('',#17756,#2709);
#1224=LINE('',#17759,#2710);
#1225=LINE('',#17761,#2711);
#1226=LINE('',#17763,#2712);
#1227=LINE('',#17764,#2713);
#1228=LINE('',#17767,#2714);
#1229=LINE('',#17769,#2715);
#1230=LINE('',#17771,#2716);
#1231=LINE('',#17772,#2717);
#1232=LINE('',#17774,#2718);
#1233=LINE('',#17778,#2719);
#1234=LINE('',#17781,#2720);
#1235=LINE('',#17782,#2721);
#1236=LINE('',#17784,#2722);
#1237=LINE('',#17788,#2723);
#1238=LINE('',#17791,#2724);
#1239=LINE('',#17792,#2725);
#1240=LINE('',#17794,#2726);
#1241=LINE('',#17798,#2727);
#1242=LINE('',#17801,#2728);
#1243=LINE('',#17802,#2729);
#1244=LINE('',#17804,#2730);
#1245=LINE('',#17808,#2731);
#1246=LINE('',#17811,#2732);
#1247=LINE('',#17813,#2733);
#1248=LINE('',#17815,#2734);
#1249=LINE('',#17816,#2735);
#1250=LINE('',#17818,#2736);
#1251=LINE('',#17822,#2737);
#1252=LINE('',#17825,#2738);
#1253=LINE('',#17826,#2739);
#1254=LINE('',#17828,#2740);
#1255=LINE('',#17832,#2741);
#1256=LINE('',#17835,#2742);
#1257=LINE('',#17836,#2743);
#1258=LINE('',#17838,#2744);
#1259=LINE('',#17842,#2745);
#1260=LINE('',#17845,#2746);
#1261=LINE('',#17846,#2747);
#1262=LINE('',#17848,#2748);
#1263=LINE('',#17852,#2749);
#1264=LINE('',#17855,#2750);
#1265=LINE('',#17857,#2751);
#1266=LINE('',#17859,#2752);
#1267=LINE('',#17860,#2753);
#1268=LINE('',#17863,#2754);
#1269=LINE('',#17865,#2755);
#1270=LINE('',#17866,#2756);
#1271=LINE('',#17868,#2757);
#1272=LINE('',#17870,#2758);
#1273=LINE('',#17871,#2759);
#1274=LINE('',#17875,#2760);
#1275=LINE('',#17877,#2761);
#1276=LINE('',#17879,#2762);
#1277=LINE('',#17880,#2763);
#1278=LINE('',#17885,#2764);
#1279=LINE('',#17888,#2765);
#1280=LINE('',#17892,#2766);
#1281=LINE('',#17895,#2767);
#1282=LINE('',#17900,#2768);
#1283=LINE('',#17903,#2769);
#1284=LINE('',#17907,#2770);
#1285=LINE('',#17910,#2771);
#1286=LINE('',#17915,#2772);
#1287=LINE('',#17919,#2773);
#1288=LINE('',#17923,#2774);
#1289=LINE('',#17925,#2775);
#1290=LINE('',#17929,#2776);
#1291=LINE('',#17933,#2777);
#1292=LINE('',#17937,#2778);
#1293=LINE('',#17940,#2779);
#1294=LINE('',#17943,#2780);
#1295=LINE('',#17945,#2781);
#1296=LINE('',#17947,#2782);
#1297=LINE('',#17948,#2783);
#1298=LINE('',#17951,#2784);
#1299=LINE('',#17953,#2785);
#1300=LINE('',#17955,#2786);
#1301=LINE('',#17956,#2787);
#1302=LINE('',#17960,#2788);
#1303=LINE('',#17964,#2789);
#1304=LINE('',#17968,#2790);
#1305=LINE('',#17971,#2791);
#1306=LINE('',#17976,#2792);
#1307=LINE('',#17980,#2793);
#1308=LINE('',#17984,#2794);
#1309=LINE('',#17986,#2795);
#1310=LINE('',#17990,#2796);
#1311=LINE('',#17994,#2797);
#1312=LINE('',#17998,#2798);
#1313=LINE('',#18001,#2799);
#1314=LINE('',#18006,#2800);
#1315=LINE('',#18009,#2801);
#1316=LINE('',#18013,#2802);
#1317=LINE('',#18016,#2803);
#1318=LINE('',#18018,#2804);
#1319=LINE('',#18019,#2805);
#1320=LINE('',#18021,#2806);
#1321=LINE('',#18023,#2807);
#1322=LINE('',#18026,#2808);
#1323=LINE('',#18027,#2809);
#1324=LINE('',#18029,#2810);
#1325=LINE('',#18032,#2811);
#1326=LINE('',#18033,#2812);
#1327=LINE('',#18035,#2813);
#1328=LINE('',#18037,#2814);
#1329=LINE('',#18040,#2815);
#1330=LINE('',#18041,#2816);
#1331=LINE('',#18043,#2817);
#1332=LINE('',#18046,#2818);
#1333=LINE('',#18047,#2819);
#1334=LINE('',#18049,#2820);
#1335=LINE('',#18051,#2821);
#1336=LINE('',#18054,#2822);
#1337=LINE('',#18056,#2823);
#1338=LINE('',#18058,#2824);
#1339=LINE('',#18060,#2825);
#1340=LINE('',#18062,#2826);
#1341=LINE('',#18064,#2827);
#1342=LINE('',#18066,#2828);
#1343=LINE('',#18068,#2829);
#1344=LINE('',#18069,#2830);
#1345=LINE('',#18071,#2831);
#1346=LINE('',#18073,#2832);
#1347=LINE('',#18075,#2833);
#1348=LINE('',#18077,#2834);
#1349=LINE('',#18079,#2835);
#1350=LINE('',#18082,#2836);
#1351=LINE('',#18083,#2837);
#1352=LINE('',#18085,#2838);
#1353=LINE('',#18087,#2839);
#1354=LINE('',#18089,#2840);
#1355=LINE('',#18091,#2841);
#1356=LINE('',#18093,#2842);
#1357=LINE('',#18096,#2843);
#1358=LINE('',#18097,#2844);
#1359=LINE('',#18099,#2845);
#1360=LINE('',#18101,#2846);
#1361=LINE('',#18103,#2847);
#1362=LINE('',#18105,#2848);
#1363=LINE('',#18107,#2849);
#1364=LINE('',#18110,#2850);
#1365=LINE('',#18112,#2851);
#1366=LINE('',#18114,#2852);
#1367=LINE('',#18116,#2853);
#1368=LINE('',#18118,#2854);
#1369=LINE('',#18120,#2855);
#1370=LINE('',#18122,#2856);
#1371=LINE('',#18124,#2857);
#1372=LINE('',#18126,#2858);
#1373=LINE('',#18128,#2859);
#1374=LINE('',#18130,#2860);
#1375=LINE('',#18132,#2861);
#1376=LINE('',#18134,#2862);
#1377=LINE('',#18136,#2863);
#1378=LINE('',#18141,#2864);
#1379=LINE('',#18143,#2865);
#1380=LINE('',#18144,#2866);
#1381=LINE('',#18147,#2867);
#1382=LINE('',#18148,#2868);
#1383=LINE('',#18151,#2869);
#1384=LINE('',#18152,#2870);
#1385=LINE('',#18154,#2871);
#1386=LINE('',#18158,#2872);
#1387=LINE('',#18160,#2873);
#1388=LINE('',#18161,#2874);
#1389=LINE('',#18164,#2875);
#1390=LINE('',#18165,#2876);
#1391=LINE('',#18168,#2877);
#1392=LINE('',#18169,#2878);
#1393=LINE('',#18171,#2879);
#1394=LINE('',#18179,#2880);
#1395=LINE('',#18181,#2881);
#1396=LINE('',#18182,#2882);
#1397=LINE('',#18185,#2883);
#1398=LINE('',#18186,#2884);
#1399=LINE('',#18189,#2885);
#1400=LINE('',#18190,#2886);
#1401=LINE('',#18192,#2887);
#1402=LINE('',#18196,#2888);
#1403=LINE('',#18198,#2889);
#1404=LINE('',#18199,#2890);
#1405=LINE('',#18202,#2891);
#1406=LINE('',#18203,#2892);
#1407=LINE('',#18206,#2893);
#1408=LINE('',#18207,#2894);
#1409=LINE('',#18209,#2895);
#1410=LINE('',#18239,#2896);
#1411=LINE('',#18240,#2897);
#1412=LINE('',#18243,#2898);
#1413=LINE('',#18244,#2899);
#1414=LINE('',#18246,#2900);
#1415=LINE('',#18250,#2901);
#1416=LINE('',#18252,#2902);
#1417=LINE('',#18254,#2903);
#1418=LINE('',#18255,#2904);
#1419=LINE('',#18258,#2905);
#1420=LINE('',#18260,#2906);
#1421=LINE('',#18262,#2907);
#1422=LINE('',#18263,#2908);
#1423=LINE('',#18268,#2909);
#1424=LINE('',#18272,#2910);
#1425=LINE('',#18276,#2911);
#1426=LINE('',#18279,#2912);
#1427=LINE('',#18282,#2913);
#1428=LINE('',#18283,#2914);
#1429=LINE('',#18286,#2915);
#1430=LINE('',#18287,#2916);
#1431=LINE('',#18289,#2917);
#1432=LINE('',#18293,#2918);
#1433=LINE('',#18295,#2919);
#1434=LINE('',#18297,#2920);
#1435=LINE('',#18299,#2921);
#1436=LINE('',#18300,#2922);
#1437=LINE('',#18303,#2923);
#1438=LINE('',#18304,#2924);
#1439=LINE('',#18307,#2925);
#1440=LINE('',#18309,#2926);
#1441=LINE('',#18310,#2927);
#1442=LINE('',#18312,#2928);
#1443=LINE('',#18315,#2929);
#1444=LINE('',#18317,#2930);
#1445=LINE('',#18319,#2931);
#1446=LINE('',#18321,#2932);
#1447=LINE('',#18322,#2933);
#1448=LINE('',#18325,#2934);
#1449=LINE('',#18326,#2935);
#1450=LINE('',#18329,#2936);
#1451=LINE('',#18331,#2937);
#1452=LINE('',#18332,#2938);
#1453=LINE('',#18334,#2939);
#1454=LINE('',#18337,#2940);
#1455=LINE('',#18339,#2941);
#1456=LINE('',#18341,#2942);
#1457=LINE('',#18343,#2943);
#1458=LINE('',#18344,#2944);
#1459=LINE('',#18347,#2945);
#1460=LINE('',#18348,#2946);
#1461=LINE('',#18351,#2947);
#1462=LINE('',#18353,#2948);
#1463=LINE('',#18354,#2949);
#1464=LINE('',#18356,#2950);
#1465=LINE('',#18359,#2951);
#1466=LINE('',#18361,#2952);
#1467=LINE('',#18363,#2953);
#1468=LINE('',#18365,#2954);
#1469=LINE('',#18366,#2955);
#1470=LINE('',#18369,#2956);
#1471=LINE('',#18370,#2957);
#1472=LINE('',#18373,#2958);
#1473=LINE('',#18375,#2959);
#1474=LINE('',#18376,#2960);
#1475=LINE('',#18378,#2961);
#1476=LINE('',#18381,#2962);
#1477=LINE('',#18383,#2963);
#1478=LINE('',#18385,#2964);
#1479=LINE('',#18387,#2965);
#1480=LINE('',#18388,#2966);
#1481=LINE('',#18391,#2967);
#1482=LINE('',#18392,#2968);
#1483=LINE('',#18395,#2969);
#1484=LINE('',#18397,#2970);
#1485=LINE('',#18398,#2971);
#1486=LINE('',#18400,#2972);
#1487=LINE('',#18403,#2973);
#1488=LINE('',#18405,#2974);
#1489=LINE('',#18407,#2975);
#1490=LINE('',#18409,#2976);
#1491=LINE('',#18410,#2977);
#1492=LINE('',#18413,#2978);
#1493=LINE('',#18414,#2979);
#1494=LINE('',#18417,#2980);
#1495=LINE('',#18419,#2981);
#1496=LINE('',#18420,#2982);
#1497=LINE('',#18422,#2983);
#1498=LINE('',#18425,#2984);
#1499=LINE('',#18427,#2985);
#1500=LINE('',#18429,#2986);
#1501=LINE('',#18431,#2987);
#1502=LINE('',#18432,#2988);
#1503=LINE('',#18435,#2989);
#1504=LINE('',#18436,#2990);
#1505=LINE('',#18439,#2991);
#1506=LINE('',#18440,#2992);
#1507=LINE('',#18443,#2993);
#1508=LINE('',#18444,#2994);
#1509=LINE('',#18447,#2995);
#1510=LINE('',#18449,#2996);
#1511=LINE('',#18451,#2997);
#1512=LINE('',#18453,#2998);
#1513=LINE('',#18454,#2999);
#1514=LINE('',#18457,#3000);
#1515=LINE('',#18458,#3001);
#1516=LINE('',#18461,#3002);
#1517=LINE('',#18462,#3003);
#1518=LINE('',#18465,#3004);
#1519=LINE('',#18466,#3005);
#1520=LINE('',#18469,#3006);
#1521=LINE('',#18471,#3007);
#1522=LINE('',#18472,#3008);
#1523=LINE('',#18475,#3009);
#1524=LINE('',#18476,#3010);
#1525=LINE('',#18479,#3011);
#1526=LINE('',#18480,#3012);
#1527=LINE('',#18482,#3013);
#1528=LINE('',#18486,#3014);
#1529=LINE('',#18488,#3015);
#1530=LINE('',#18489,#3016);
#1531=LINE('',#18492,#3017);
#1532=LINE('',#18494,#3018);
#1533=LINE('',#18495,#3019);
#1534=LINE('',#18497,#3020);
#1535=LINE('',#18498,#3021);
#1536=LINE('',#18503,#3022);
#1537=LINE('',#18505,#3023);
#1538=LINE('',#18506,#3024);
#1539=LINE('',#18509,#3025);
#1540=LINE('',#18511,#3026);
#1541=LINE('',#18512,#3027);
#1542=LINE('',#18514,#3028);
#1543=LINE('',#18515,#3029);
#1544=LINE('',#18520,#3030);
#1545=LINE('',#18522,#3031);
#1546=LINE('',#18523,#3032);
#1547=LINE('',#18526,#3033);
#1548=LINE('',#18528,#3034);
#1549=LINE('',#18529,#3035);
#1550=LINE('',#18531,#3036);
#1551=LINE('',#18533,#3037);
#1552=LINE('',#18537,#3038);
#1553=LINE('',#18539,#3039);
#1554=LINE('',#18540,#3040);
#1555=LINE('',#18543,#3041);
#1556=LINE('',#18544,#3042);
#1557=LINE('',#18547,#3043);
#1558=LINE('',#18548,#3044);
#1559=LINE('',#18550,#3045);
#1560=LINE('',#18554,#3046);
#1561=LINE('',#18556,#3047);
#1562=LINE('',#18557,#3048);
#1563=LINE('',#18560,#3049);
#1564=LINE('',#18562,#3050);
#1565=LINE('',#18563,#3051);
#1566=LINE('',#18565,#3052);
#1567=LINE('',#18566,#3053);
#1568=LINE('',#18571,#3054);
#1569=LINE('',#18573,#3055);
#1570=LINE('',#18574,#3056);
#1571=LINE('',#18577,#3057);
#1572=LINE('',#18579,#3058);
#1573=LINE('',#18580,#3059);
#1574=LINE('',#18582,#3060);
#1575=LINE('',#18583,#3061);
#1576=LINE('',#18588,#3062);
#1577=LINE('',#18590,#3063);
#1578=LINE('',#18591,#3064);
#1579=LINE('',#18594,#3065);
#1580=LINE('',#18596,#3066);
#1581=LINE('',#18597,#3067);
#1582=LINE('',#18599,#3068);
#1583=LINE('',#18601,#3069);
#1584=LINE('',#18604,#3070);
#1585=LINE('',#18605,#3071);
#1586=LINE('',#18607,#3072);
#1587=LINE('',#18609,#3073);
#1588=LINE('',#18611,#3074);
#1589=LINE('',#18613,#3075);
#1590=LINE('',#18615,#3076);
#1591=LINE('',#18617,#3077);
#1592=LINE('',#18621,#3078);
#1593=LINE('',#18623,#3079);
#1594=LINE('',#18624,#3080);
#1595=LINE('',#18627,#3081);
#1596=LINE('',#18628,#3082);
#1597=LINE('',#18631,#3083);
#1598=LINE('',#18632,#3084);
#1599=LINE('',#18634,#3085);
#1600=LINE('',#18638,#3086);
#1601=LINE('',#18640,#3087);
#1602=LINE('',#18642,#3088);
#1603=LINE('',#18643,#3089);
#1604=LINE('',#18646,#3090);
#1605=LINE('',#18648,#3091);
#1606=LINE('',#18649,#3092);
#1607=LINE('',#18652,#3093);
#1608=LINE('',#18653,#3094);
#1609=LINE('',#18656,#3095);
#1610=LINE('',#18657,#3096);
#1611=LINE('',#18659,#3097);
#1612=LINE('',#18663,#3098);
#1613=LINE('',#18665,#3099);
#1614=LINE('',#18667,#3100);
#1615=LINE('',#18668,#3101);
#1616=LINE('',#18687,#3102);
#1617=LINE('',#18689,#3103);
#1618=LINE('',#18690,#3104);
#1619=LINE('',#18693,#3105);
#1620=LINE('',#18694,#3106);
#1621=LINE('',#18697,#3107);
#1622=LINE('',#18698,#3108);
#1623=LINE('',#18700,#3109);
#1624=LINE('',#18704,#3110);
#1625=LINE('',#18706,#3111);
#1626=LINE('',#18707,#3112);
#1627=LINE('',#18710,#3113);
#1628=LINE('',#18711,#3114);
#1629=LINE('',#18714,#3115);
#1630=LINE('',#18715,#3116);
#1631=LINE('',#18717,#3117);
#1632=LINE('',#18721,#3118);
#1633=LINE('',#18723,#3119);
#1634=LINE('',#18724,#3120);
#1635=LINE('',#18727,#3121);
#1636=LINE('',#18728,#3122);
#1637=LINE('',#18731,#3123);
#1638=LINE('',#18732,#3124);
#1639=LINE('',#18734,#3125);
#1640=LINE('',#18738,#3126);
#1641=LINE('',#18740,#3127);
#1642=LINE('',#18741,#3128);
#1643=LINE('',#18744,#3129);
#1644=LINE('',#18745,#3130);
#1645=LINE('',#18748,#3131);
#1646=LINE('',#18749,#3132);
#1647=LINE('',#18751,#3133);
#1648=LINE('',#18755,#3134);
#1649=LINE('',#18757,#3135);
#1650=LINE('',#18758,#3136);
#1651=LINE('',#18761,#3137);
#1652=LINE('',#18762,#3138);
#1653=LINE('',#18765,#3139);
#1654=LINE('',#18766,#3140);
#1655=LINE('',#18768,#3141);
#1656=LINE('',#18772,#3142);
#1657=LINE('',#18774,#3143);
#1658=LINE('',#18775,#3144);
#1659=LINE('',#18778,#3145);
#1660=LINE('',#18779,#3146);
#1661=LINE('',#18782,#3147);
#1662=LINE('',#18783,#3148);
#1663=LINE('',#18785,#3149);
#1664=LINE('',#18789,#3150);
#1665=LINE('',#18791,#3151);
#1666=LINE('',#18792,#3152);
#1667=LINE('',#18795,#3153);
#1668=LINE('',#18796,#3154);
#1669=LINE('',#18799,#3155);
#1670=LINE('',#18800,#3156);
#1671=LINE('',#18802,#3157);
#1672=LINE('',#18806,#3158);
#1673=LINE('',#18808,#3159);
#1674=LINE('',#18809,#3160);
#1675=LINE('',#18812,#3161);
#1676=LINE('',#18813,#3162);
#1677=LINE('',#18816,#3163);
#1678=LINE('',#18817,#3164);
#1679=LINE('',#18819,#3165);
#1680=LINE('',#18823,#3166);
#1681=LINE('',#18825,#3167);
#1682=LINE('',#18826,#3168);
#1683=LINE('',#18829,#3169);
#1684=LINE('',#18830,#3170);
#1685=LINE('',#18833,#3171);
#1686=LINE('',#18834,#3172);
#1687=LINE('',#18836,#3173);
#1688=LINE('',#18840,#3174);
#1689=LINE('',#18842,#3175);
#1690=LINE('',#18843,#3176);
#1691=LINE('',#18846,#3177);
#1692=LINE('',#18847,#3178);
#1693=LINE('',#18850,#3179);
#1694=LINE('',#18851,#3180);
#1695=LINE('',#18853,#3181);
#1696=LINE('',#18857,#3182);
#1697=LINE('',#18859,#3183);
#1698=LINE('',#18860,#3184);
#1699=LINE('',#18863,#3185);
#1700=LINE('',#18864,#3186);
#1701=LINE('',#18867,#3187);
#1702=LINE('',#18868,#3188);
#1703=LINE('',#18870,#3189);
#1704=LINE('',#18874,#3190);
#1705=LINE('',#18876,#3191);
#1706=LINE('',#18877,#3192);
#1707=LINE('',#18880,#3193);
#1708=LINE('',#18881,#3194);
#1709=LINE('',#18884,#3195);
#1710=LINE('',#18885,#3196);
#1711=LINE('',#18887,#3197);
#1712=LINE('',#18891,#3198);
#1713=LINE('',#18893,#3199);
#1714=LINE('',#18894,#3200);
#1715=LINE('',#18897,#3201);
#1716=LINE('',#18898,#3202);
#1717=LINE('',#18901,#3203);
#1718=LINE('',#18902,#3204);
#1719=LINE('',#18904,#3205);
#1720=LINE('',#18908,#3206);
#1721=LINE('',#18910,#3207);
#1722=LINE('',#18911,#3208);
#1723=LINE('',#18914,#3209);
#1724=LINE('',#18915,#3210);
#1725=LINE('',#18918,#3211);
#1726=LINE('',#18919,#3212);
#1727=LINE('',#18921,#3213);
#1728=LINE('',#18925,#3214);
#1729=LINE('',#18927,#3215);
#1730=LINE('',#18928,#3216);
#1731=LINE('',#18931,#3217);
#1732=LINE('',#18932,#3218);
#1733=LINE('',#18935,#3219);
#1734=LINE('',#18936,#3220);
#1735=LINE('',#18938,#3221);
#1736=LINE('',#18942,#3222);
#1737=LINE('',#18944,#3223);
#1738=LINE('',#18945,#3224);
#1739=LINE('',#18948,#3225);
#1740=LINE('',#18949,#3226);
#1741=LINE('',#18952,#3227);
#1742=LINE('',#18953,#3228);
#1743=LINE('',#18955,#3229);
#1744=LINE('',#18959,#3230);
#1745=LINE('',#18961,#3231);
#1746=LINE('',#18962,#3232);
#1747=LINE('',#18965,#3233);
#1748=LINE('',#18966,#3234);
#1749=LINE('',#18969,#3235);
#1750=LINE('',#18970,#3236);
#1751=LINE('',#18972,#3237);
#1752=LINE('',#18976,#3238);
#1753=LINE('',#18978,#3239);
#1754=LINE('',#18979,#3240);
#1755=LINE('',#18982,#3241);
#1756=LINE('',#18983,#3242);
#1757=LINE('',#18986,#3243);
#1758=LINE('',#18987,#3244);
#1759=LINE('',#18989,#3245);
#1760=LINE('',#18993,#3246);
#1761=LINE('',#18995,#3247);
#1762=LINE('',#18996,#3248);
#1763=LINE('',#18999,#3249);
#1764=LINE('',#19000,#3250);
#1765=LINE('',#19003,#3251);
#1766=LINE('',#19004,#3252);
#1767=LINE('',#19006,#3253);
#1768=LINE('',#19010,#3254);
#1769=LINE('',#19012,#3255);
#1770=LINE('',#19013,#3256);
#1771=LINE('',#19016,#3257);
#1772=LINE('',#19017,#3258);
#1773=LINE('',#19020,#3259);
#1774=LINE('',#19021,#3260);
#1775=LINE('',#19023,#3261);
#1776=LINE('',#19027,#3262);
#1777=LINE('',#19029,#3263);
#1778=LINE('',#19030,#3264);
#1779=LINE('',#19033,#3265);
#1780=LINE('',#19034,#3266);
#1781=LINE('',#19037,#3267);
#1782=LINE('',#19038,#3268);
#1783=LINE('',#19040,#3269);
#1784=LINE('',#19044,#3270);
#1785=LINE('',#19046,#3271);
#1786=LINE('',#19047,#3272);
#1787=LINE('',#19050,#3273);
#1788=LINE('',#19051,#3274);
#1789=LINE('',#19054,#3275);
#1790=LINE('',#19055,#3276);
#1791=LINE('',#19057,#3277);
#1792=LINE('',#19061,#3278);
#1793=LINE('',#19063,#3279);
#1794=LINE('',#19064,#3280);
#1795=LINE('',#19067,#3281);
#1796=LINE('',#19068,#3282);
#1797=LINE('',#19071,#3283);
#1798=LINE('',#19072,#3284);
#1799=LINE('',#19074,#3285);
#1800=LINE('',#19078,#3286);
#1801=LINE('',#19080,#3287);
#1802=LINE('',#19081,#3288);
#1803=LINE('',#19084,#3289);
#1804=LINE('',#19085,#3290);
#1805=LINE('',#19088,#3291);
#1806=LINE('',#19089,#3292);
#1807=LINE('',#19091,#3293);
#1808=LINE('',#19095,#3294);
#1809=LINE('',#19097,#3295);
#1810=LINE('',#19098,#3296);
#1811=LINE('',#19101,#3297);
#1812=LINE('',#19102,#3298);
#1813=LINE('',#19105,#3299);
#1814=LINE('',#19106,#3300);
#1815=LINE('',#19108,#3301);
#1816=LINE('',#19112,#3302);
#1817=LINE('',#19114,#3303);
#1818=LINE('',#19115,#3304);
#1819=LINE('',#19118,#3305);
#1820=LINE('',#19119,#3306);
#1821=LINE('',#19122,#3307);
#1822=LINE('',#19123,#3308);
#1823=LINE('',#19125,#3309);
#1824=LINE('',#19129,#3310);
#1825=LINE('',#19131,#3311);
#1826=LINE('',#19132,#3312);
#1827=LINE('',#19135,#3313);
#1828=LINE('',#19136,#3314);
#1829=LINE('',#19139,#3315);
#1830=LINE('',#19140,#3316);
#1831=LINE('',#19142,#3317);
#1832=LINE('',#19146,#3318);
#1833=LINE('',#19148,#3319);
#1834=LINE('',#19149,#3320);
#1835=LINE('',#19152,#3321);
#1836=LINE('',#19153,#3322);
#1837=LINE('',#19156,#3323);
#1838=LINE('',#19157,#3324);
#1839=LINE('',#19159,#3325);
#1840=LINE('',#19163,#3326);
#1841=LINE('',#19165,#3327);
#1842=LINE('',#19166,#3328);
#1843=LINE('',#19169,#3329);
#1844=LINE('',#19170,#3330);
#1845=LINE('',#19173,#3331);
#1846=LINE('',#19174,#3332);
#1847=LINE('',#19176,#3333);
#1848=LINE('',#19180,#3334);
#1849=LINE('',#19182,#3335);
#1850=LINE('',#19183,#3336);
#1851=LINE('',#19186,#3337);
#1852=LINE('',#19187,#3338);
#1853=LINE('',#19190,#3339);
#1854=LINE('',#19191,#3340);
#1855=LINE('',#19193,#3341);
#1856=LINE('',#19197,#3342);
#1857=LINE('',#19199,#3343);
#1858=LINE('',#19200,#3344);
#1859=LINE('',#19203,#3345);
#1860=LINE('',#19204,#3346);
#1861=LINE('',#19207,#3347);
#1862=LINE('',#19208,#3348);
#1863=LINE('',#19210,#3349);
#1864=LINE('',#19214,#3350);
#1865=LINE('',#19216,#3351);
#1866=LINE('',#19217,#3352);
#1867=LINE('',#19220,#3353);
#1868=LINE('',#19221,#3354);
#1869=LINE('',#19224,#3355);
#1870=LINE('',#19225,#3356);
#1871=LINE('',#19227,#3357);
#1872=LINE('',#19231,#3358);
#1873=LINE('',#19233,#3359);
#1874=LINE('',#19234,#3360);
#1875=LINE('',#19237,#3361);
#1876=LINE('',#19238,#3362);
#1877=LINE('',#19241,#3363);
#1878=LINE('',#19242,#3364);
#1879=LINE('',#19244,#3365);
#1880=LINE('',#19248,#3366);
#1881=LINE('',#19250,#3367);
#1882=LINE('',#19251,#3368);
#1883=LINE('',#19254,#3369);
#1884=LINE('',#19255,#3370);
#1885=LINE('',#19258,#3371);
#1886=LINE('',#19259,#3372);
#1887=LINE('',#19261,#3373);
#1888=LINE('',#19265,#3374);
#1889=LINE('',#19267,#3375);
#1890=LINE('',#19268,#3376);
#1891=LINE('',#19271,#3377);
#1892=LINE('',#19272,#3378);
#1893=LINE('',#19275,#3379);
#1894=LINE('',#19276,#3380);
#1895=LINE('',#19278,#3381);
#1896=LINE('',#19282,#3382);
#1897=LINE('',#19284,#3383);
#1898=LINE('',#19285,#3384);
#1899=LINE('',#19288,#3385);
#1900=LINE('',#19289,#3386);
#1901=LINE('',#19292,#3387);
#1902=LINE('',#19293,#3388);
#1903=LINE('',#19295,#3389);
#1904=LINE('',#19299,#3390);
#1905=LINE('',#19301,#3391);
#1906=LINE('',#19302,#3392);
#1907=LINE('',#19305,#3393);
#1908=LINE('',#19306,#3394);
#1909=LINE('',#19309,#3395);
#1910=LINE('',#19310,#3396);
#1911=LINE('',#19312,#3397);
#1912=LINE('',#19316,#3398);
#1913=LINE('',#19318,#3399);
#1914=LINE('',#19319,#3400);
#1915=LINE('',#19322,#3401);
#1916=LINE('',#19323,#3402);
#1917=LINE('',#19326,#3403);
#1918=LINE('',#19327,#3404);
#1919=LINE('',#19329,#3405);
#1920=LINE('',#19333,#3406);
#1921=LINE('',#19335,#3407);
#1922=LINE('',#19336,#3408);
#1923=LINE('',#19339,#3409);
#1924=LINE('',#19340,#3410);
#1925=LINE('',#19343,#3411);
#1926=LINE('',#19344,#3412);
#1927=LINE('',#19346,#3413);
#1928=LINE('',#19350,#3414);
#1929=LINE('',#19352,#3415);
#1930=LINE('',#19353,#3416);
#1931=LINE('',#19356,#3417);
#1932=LINE('',#19357,#3418);
#1933=LINE('',#19360,#3419);
#1934=LINE('',#19361,#3420);
#1935=LINE('',#19363,#3421);
#1936=LINE('',#19367,#3422);
#1937=LINE('',#19369,#3423);
#1938=LINE('',#19370,#3424);
#1939=LINE('',#19373,#3425);
#1940=LINE('',#19374,#3426);
#1941=LINE('',#19377,#3427);
#1942=LINE('',#19378,#3428);
#1943=LINE('',#19380,#3429);
#1944=LINE('',#19384,#3430);
#1945=LINE('',#19386,#3431);
#1946=LINE('',#19387,#3432);
#1947=LINE('',#19390,#3433);
#1948=LINE('',#19391,#3434);
#1949=LINE('',#19394,#3435);
#1950=LINE('',#19395,#3436);
#1951=LINE('',#19397,#3437);
#1952=LINE('',#19401,#3438);
#1953=LINE('',#19403,#3439);
#1954=LINE('',#19404,#3440);
#1955=LINE('',#19407,#3441);
#1956=LINE('',#19408,#3442);
#1957=LINE('',#19411,#3443);
#1958=LINE('',#19412,#3444);
#1959=LINE('',#19414,#3445);
#1960=LINE('',#19418,#3446);
#1961=LINE('',#19420,#3447);
#1962=LINE('',#19421,#3448);
#1963=LINE('',#19424,#3449);
#1964=LINE('',#19425,#3450);
#1965=LINE('',#19428,#3451);
#1966=LINE('',#19429,#3452);
#1967=LINE('',#19431,#3453);
#1968=LINE('',#19435,#3454);
#1969=LINE('',#19437,#3455);
#1970=LINE('',#19438,#3456);
#1971=LINE('',#19441,#3457);
#1972=LINE('',#19442,#3458);
#1973=LINE('',#19445,#3459);
#1974=LINE('',#19446,#3460);
#1975=LINE('',#19448,#3461);
#1976=LINE('',#19452,#3462);
#1977=LINE('',#19454,#3463);
#1978=LINE('',#19455,#3464);
#1979=LINE('',#19458,#3465);
#1980=LINE('',#19459,#3466);
#1981=LINE('',#19462,#3467);
#1982=LINE('',#19463,#3468);
#1983=LINE('',#19465,#3469);
#1984=LINE('',#19469,#3470);
#1985=LINE('',#19471,#3471);
#1986=LINE('',#19472,#3472);
#1987=LINE('',#19475,#3473);
#1988=LINE('',#19476,#3474);
#1989=LINE('',#19479,#3475);
#1990=LINE('',#19480,#3476);
#1991=LINE('',#19482,#3477);
#1992=LINE('',#19486,#3478);
#1993=LINE('',#19488,#3479);
#1994=LINE('',#19489,#3480);
#1995=LINE('',#19492,#3481);
#1996=LINE('',#19493,#3482);
#1997=LINE('',#19496,#3483);
#1998=LINE('',#19497,#3484);
#1999=LINE('',#19499,#3485);
#2000=LINE('',#19503,#3486);
#2001=LINE('',#19505,#3487);
#2002=LINE('',#19506,#3488);
#2003=LINE('',#19509,#3489);
#2004=LINE('',#19510,#3490);
#2005=LINE('',#19513,#3491);
#2006=LINE('',#19514,#3492);
#2007=LINE('',#19516,#3493);
#2008=LINE('',#19520,#3494);
#2009=LINE('',#19522,#3495);
#2010=LINE('',#19523,#3496);
#2011=LINE('',#19526,#3497);
#2012=LINE('',#19527,#3498);
#2013=LINE('',#19530,#3499);
#2014=LINE('',#19531,#3500);
#2015=LINE('',#19533,#3501);
#2016=LINE('',#19537,#3502);
#2017=LINE('',#19539,#3503);
#2018=LINE('',#19540,#3504);
#2019=LINE('',#19543,#3505);
#2020=LINE('',#19544,#3506);
#2021=LINE('',#19547,#3507);
#2022=LINE('',#19548,#3508);
#2023=LINE('',#19550,#3509);
#2024=LINE('',#19554,#3510);
#2025=LINE('',#19556,#3511);
#2026=LINE('',#19557,#3512);
#2027=LINE('',#19560,#3513);
#2028=LINE('',#19561,#3514);
#2029=LINE('',#19564,#3515);
#2030=LINE('',#19565,#3516);
#2031=LINE('',#19567,#3517);
#2032=LINE('',#19571,#3518);
#2033=LINE('',#19573,#3519);
#2034=LINE('',#19574,#3520);
#2035=LINE('',#19577,#3521);
#2036=LINE('',#19578,#3522);
#2037=LINE('',#19581,#3523);
#2038=LINE('',#19582,#3524);
#2039=LINE('',#19584,#3525);
#2040=LINE('',#19588,#3526);
#2041=LINE('',#19590,#3527);
#2042=LINE('',#19591,#3528);
#2043=LINE('',#19594,#3529);
#2044=LINE('',#19595,#3530);
#2045=LINE('',#19598,#3531);
#2046=LINE('',#19599,#3532);
#2047=LINE('',#19601,#3533);
#2048=LINE('',#19605,#3534);
#2049=LINE('',#19607,#3535);
#2050=LINE('',#19608,#3536);
#2051=LINE('',#19611,#3537);
#2052=LINE('',#19612,#3538);
#2053=LINE('',#19615,#3539);
#2054=LINE('',#19616,#3540);
#2055=LINE('',#19618,#3541);
#2056=LINE('',#19622,#3542);
#2057=LINE('',#19624,#3543);
#2058=LINE('',#19625,#3544);
#2059=LINE('',#19628,#3545);
#2060=LINE('',#19629,#3546);
#2061=LINE('',#19632,#3547);
#2062=LINE('',#19633,#3548);
#2063=LINE('',#19635,#3549);
#2064=LINE('',#19639,#3550);
#2065=LINE('',#19641,#3551);
#2066=LINE('',#19642,#3552);
#2067=LINE('',#19645,#3553);
#2068=LINE('',#19646,#3554);
#2069=LINE('',#19649,#3555);
#2070=LINE('',#19650,#3556);
#2071=LINE('',#19652,#3557);
#2072=LINE('',#19656,#3558);
#2073=LINE('',#19658,#3559);
#2074=LINE('',#19659,#3560);
#2075=LINE('',#19662,#3561);
#2076=LINE('',#19663,#3562);
#2077=LINE('',#19666,#3563);
#2078=LINE('',#19667,#3564);
#2079=LINE('',#19669,#3565);
#2080=LINE('',#19673,#3566);
#2081=LINE('',#19675,#3567);
#2082=LINE('',#19676,#3568);
#2083=LINE('',#19679,#3569);
#2084=LINE('',#19680,#3570);
#2085=LINE('',#19683,#3571);
#2086=LINE('',#19684,#3572);
#2087=LINE('',#19686,#3573);
#2088=LINE('',#19690,#3574);
#2089=LINE('',#19692,#3575);
#2090=LINE('',#19693,#3576);
#2091=LINE('',#19696,#3577);
#2092=LINE('',#19697,#3578);
#2093=LINE('',#19700,#3579);
#2094=LINE('',#19701,#3580);
#2095=LINE('',#19703,#3581);
#2096=LINE('',#19707,#3582);
#2097=LINE('',#19709,#3583);
#2098=LINE('',#19710,#3584);
#2099=LINE('',#19713,#3585);
#2100=LINE('',#19714,#3586);
#2101=LINE('',#19717,#3587);
#2102=LINE('',#19718,#3588);
#2103=LINE('',#19720,#3589);
#2104=LINE('',#19724,#3590);
#2105=LINE('',#19726,#3591);
#2106=LINE('',#19727,#3592);
#2107=LINE('',#19730,#3593);
#2108=LINE('',#19731,#3594);
#2109=LINE('',#19734,#3595);
#2110=LINE('',#19735,#3596);
#2111=LINE('',#19737,#3597);
#2112=LINE('',#19741,#3598);
#2113=LINE('',#19743,#3599);
#2114=LINE('',#19744,#3600);
#2115=LINE('',#19747,#3601);
#2116=LINE('',#19748,#3602);
#2117=LINE('',#19751,#3603);
#2118=LINE('',#19752,#3604);
#2119=LINE('',#19754,#3605);
#2120=LINE('',#19758,#3606);
#2121=LINE('',#19760,#3607);
#2122=LINE('',#19761,#3608);
#2123=LINE('',#19764,#3609);
#2124=LINE('',#19765,#3610);
#2125=LINE('',#19768,#3611);
#2126=LINE('',#19769,#3612);
#2127=LINE('',#19771,#3613);
#2128=LINE('',#19775,#3614);
#2129=LINE('',#19777,#3615);
#2130=LINE('',#19778,#3616);
#2131=LINE('',#19781,#3617);
#2132=LINE('',#19782,#3618);
#2133=LINE('',#19785,#3619);
#2134=LINE('',#19786,#3620);
#2135=LINE('',#19788,#3621);
#2136=LINE('',#19792,#3622);
#2137=LINE('',#19794,#3623);
#2138=LINE('',#19795,#3624);
#2139=LINE('',#19798,#3625);
#2140=LINE('',#19799,#3626);
#2141=LINE('',#19802,#3627);
#2142=LINE('',#19803,#3628);
#2143=LINE('',#19805,#3629);
#2144=LINE('',#19809,#3630);
#2145=LINE('',#19811,#3631);
#2146=LINE('',#19812,#3632);
#2147=LINE('',#19815,#3633);
#2148=LINE('',#19816,#3634);
#2149=LINE('',#19819,#3635);
#2150=LINE('',#19820,#3636);
#2151=LINE('',#19822,#3637);
#2152=LINE('',#19826,#3638);
#2153=LINE('',#19828,#3639);
#2154=LINE('',#19829,#3640);
#2155=LINE('',#19832,#3641);
#2156=LINE('',#19833,#3642);
#2157=LINE('',#19836,#3643);
#2158=LINE('',#19837,#3644);
#2159=LINE('',#19839,#3645);
#2160=LINE('',#19843,#3646);
#2161=LINE('',#19845,#3647);
#2162=LINE('',#19846,#3648);
#2163=LINE('',#19849,#3649);
#2164=LINE('',#19850,#3650);
#2165=LINE('',#19853,#3651);
#2166=LINE('',#19854,#3652);
#2167=LINE('',#19856,#3653);
#2168=LINE('',#19860,#3654);
#2169=LINE('',#19862,#3655);
#2170=LINE('',#19863,#3656);
#2171=LINE('',#19866,#3657);
#2172=LINE('',#19867,#3658);
#2173=LINE('',#19870,#3659);
#2174=LINE('',#19871,#3660);
#2175=LINE('',#19873,#3661);
#2176=LINE('',#19877,#3662);
#2177=LINE('',#19879,#3663);
#2178=LINE('',#19880,#3664);
#2179=LINE('',#19883,#3665);
#2180=LINE('',#19884,#3666);
#2181=LINE('',#19887,#3667);
#2182=LINE('',#19888,#3668);
#2183=LINE('',#19890,#3669);
#2184=LINE('',#19894,#3670);
#2185=LINE('',#19896,#3671);
#2186=LINE('',#19897,#3672);
#2187=LINE('',#19900,#3673);
#2188=LINE('',#19901,#3674);
#2189=LINE('',#19904,#3675);
#2190=LINE('',#19905,#3676);
#2191=LINE('',#19907,#3677);
#2192=LINE('',#19911,#3678);
#2193=LINE('',#19913,#3679);
#2194=LINE('',#19914,#3680);
#2195=LINE('',#19917,#3681);
#2196=LINE('',#19918,#3682);
#2197=LINE('',#19921,#3683);
#2198=LINE('',#19922,#3684);
#2199=LINE('',#19924,#3685);
#2200=LINE('',#19928,#3686);
#2201=LINE('',#19930,#3687);
#2202=LINE('',#19931,#3688);
#2203=LINE('',#19934,#3689);
#2204=LINE('',#19935,#3690);
#2205=LINE('',#19938,#3691);
#2206=LINE('',#19939,#3692);
#2207=LINE('',#19941,#3693);
#2208=LINE('',#19945,#3694);
#2209=LINE('',#19947,#3695);
#2210=LINE('',#19948,#3696);
#2211=LINE('',#19951,#3697);
#2212=LINE('',#19952,#3698);
#2213=LINE('',#19955,#3699);
#2214=LINE('',#19956,#3700);
#2215=LINE('',#19958,#3701);
#2216=LINE('',#19962,#3702);
#2217=LINE('',#19964,#3703);
#2218=LINE('',#19965,#3704);
#2219=LINE('',#19968,#3705);
#2220=LINE('',#19969,#3706);
#2221=LINE('',#19972,#3707);
#2222=LINE('',#19973,#3708);
#2223=LINE('',#19975,#3709);
#2224=LINE('',#19979,#3710);
#2225=LINE('',#19981,#3711);
#2226=LINE('',#19982,#3712);
#2227=LINE('',#19985,#3713);
#2228=LINE('',#19986,#3714);
#2229=LINE('',#19989,#3715);
#2230=LINE('',#19990,#3716);
#2231=LINE('',#19992,#3717);
#2232=LINE('',#19996,#3718);
#2233=LINE('',#19998,#3719);
#2234=LINE('',#19999,#3720);
#2235=LINE('',#20002,#3721);
#2236=LINE('',#20003,#3722);
#2237=LINE('',#20006,#3723);
#2238=LINE('',#20007,#3724);
#2239=LINE('',#20009,#3725);
#2240=LINE('',#20013,#3726);
#2241=LINE('',#20015,#3727);
#2242=LINE('',#20016,#3728);
#2243=LINE('',#20019,#3729);
#2244=LINE('',#20020,#3730);
#2245=LINE('',#20023,#3731);
#2246=LINE('',#20024,#3732);
#2247=LINE('',#20026,#3733);
#2248=LINE('',#20030,#3734);
#2249=LINE('',#20032,#3735);
#2250=LINE('',#20033,#3736);
#2251=LINE('',#20036,#3737);
#2252=LINE('',#20037,#3738);
#2253=LINE('',#20040,#3739);
#2254=LINE('',#20041,#3740);
#2255=LINE('',#20043,#3741);
#2256=VECTOR('',#13442,1.6);
#2257=VECTOR('',#13449,1.25000000000001);
#2258=VECTOR('',#13456,1.6);
#2259=VECTOR('',#13463,1.6);
#2260=VECTOR('',#13470,1.25000000000001);
#2261=VECTOR('',#13477,1.6);
#2262=VECTOR('',#13484,1.6);
#2263=VECTOR('',#13491,1.25000000000001);
#2264=VECTOR('',#13498,1.6);
#2265=VECTOR('',#13505,0.65);
#2266=VECTOR('',#13512,0.5);
#2267=VECTOR('',#13519,0.65);
#2268=VECTOR('',#13526,0.650000000000001);
#2269=VECTOR('',#13533,0.5);
#2270=VECTOR('',#13540,0.650000000000001);
#2271=VECTOR('',#13547,0.650000000000001);
#2272=VECTOR('',#13554,0.5);
#2273=VECTOR('',#13561,0.650000000000001);
#2274=VECTOR('',#13568,0.650000000000001);
#2275=VECTOR('',#13575,0.5);
#2276=VECTOR('',#13582,0.650000000000001);
#2277=VECTOR('',#13589,0.650000000000001);
#2278=VECTOR('',#13596,0.5);
#2279=VECTOR('',#13603,0.650000000000001);
#2280=VECTOR('',#13610,0.5);
#2281=VECTOR('',#13617,0.649999999999998);
#2282=VECTOR('',#13624,0.5);
#2283=VECTOR('',#13631,0.649999999999998);
#2284=VECTOR('',#13638,0.649999999999998);
#2285=VECTOR('',#13645,0.5);
#2286=VECTOR('',#13652,0.649999999999998);
#2287=VECTOR('',#13659,0.5);
#2288=VECTOR('',#13666,1.6);
#2289=VECTOR('',#13673,1.25000000000001);
#2290=VECTOR('',#13680,1.6);
#2291=VECTOR('',#13687,0.25);
#2292=VECTOR('',#13694,0.25);
#2293=VECTOR('',#13701,0.25);
#2294=VECTOR('',#13708,0.25);
#2295=VECTOR('',#13715,0.25);
#2296=VECTOR('',#13722,0.25);
#2297=VECTOR('',#13729,0.25);
#2298=VECTOR('',#13736,1000.);
#2299=VECTOR('',#13739,1000.);
#2300=VECTOR('',#13742,1000.);
#2301=VECTOR('',#13745,1000.);
#2302=VECTOR('',#13746,1000.);
#2303=VECTOR('',#13747,1000.);
#2304=VECTOR('',#13748,1000.);
#2305=VECTOR('',#13749,1000.);
#2306=VECTOR('',#13750,1000.);
#2307=VECTOR('',#13751,1000.);
#2308=VECTOR('',#13752,1000.);
#2309=VECTOR('',#13753,1000.);
#2310=VECTOR('',#13754,1000.);
#2311=VECTOR('',#13755,1000.);
#2312=VECTOR('',#13756,1000.);
#2313=VECTOR('',#13757,1000.);
#2314=VECTOR('',#13758,1000.);
#2315=VECTOR('',#13759,1000.);
#2316=VECTOR('',#13760,1000.);
#2317=VECTOR('',#13761,1000.);
#2318=VECTOR('',#13762,1000.);
#2319=VECTOR('',#13763,1000.);
#2320=VECTOR('',#13764,1000.);
#2321=VECTOR('',#13765,1000.);
#2322=VECTOR('',#13766,1000.);
#2323=VECTOR('',#13767,1000.);
#2324=VECTOR('',#13768,1000.);
#2325=VECTOR('',#13769,1000.);
#2326=VECTOR('',#13770,1000.);
#2327=VECTOR('',#13771,1000.);
#2328=VECTOR('',#13772,1000.);
#2329=VECTOR('',#13773,1000.);
#2330=VECTOR('',#13774,1000.);
#2331=VECTOR('',#13775,1000.);
#2332=VECTOR('',#13776,1000.);
#2333=VECTOR('',#13777,1000.);
#2334=VECTOR('',#13778,1000.);
#2335=VECTOR('',#13779,1000.);
#2336=VECTOR('',#13780,1000.);
#2337=VECTOR('',#13781,1000.);
#2338=VECTOR('',#13782,1000.);
#2339=VECTOR('',#13783,1000.);
#2340=VECTOR('',#13784,1000.);
#2341=VECTOR('',#13785,1000.);
#2342=VECTOR('',#13786,1000.);
#2343=VECTOR('',#13787,1000.);
#2344=VECTOR('',#13788,1000.);
#2345=VECTOR('',#13789,1000.);
#2346=VECTOR('',#13790,1000.);
#2347=VECTOR('',#13791,1000.);
#2348=VECTOR('',#13792,1000.);
#2349=VECTOR('',#13793,1000.);
#2350=VECTOR('',#13794,1000.);
#2351=VECTOR('',#13795,1000.);
#2352=VECTOR('',#13796,1000.);
#2353=VECTOR('',#13797,1000.);
#2354=VECTOR('',#13798,1000.);
#2355=VECTOR('',#13799,1000.);
#2356=VECTOR('',#13800,1000.);
#2357=VECTOR('',#13801,1000.);
#2358=VECTOR('',#13802,1000.);
#2359=VECTOR('',#13803,1000.);
#2360=VECTOR('',#13804,1000.);
#2361=VECTOR('',#13805,1000.);
#2362=VECTOR('',#13806,1000.);
#2363=VECTOR('',#13807,1000.);
#2364=VECTOR('',#13808,1000.);
#2365=VECTOR('',#13809,1000.);
#2366=VECTOR('',#13810,1000.);
#2367=VECTOR('',#13811,1000.);
#2368=VECTOR('',#13812,1000.);
#2369=VECTOR('',#13813,1000.);
#2370=VECTOR('',#13814,1000.);
#2371=VECTOR('',#13815,1000.);
#2372=VECTOR('',#13816,1000.);
#2373=VECTOR('',#13817,1000.);
#2374=VECTOR('',#13818,1000.);
#2375=VECTOR('',#13819,1000.);
#2376=VECTOR('',#13820,1000.);
#2377=VECTOR('',#13821,1000.);
#2378=VECTOR('',#13822,1000.);
#2379=VECTOR('',#13823,1000.);
#2380=VECTOR('',#13824,1000.);
#2381=VECTOR('',#13825,1000.);
#2382=VECTOR('',#13826,1000.);
#2383=VECTOR('',#13827,1000.);
#2384=VECTOR('',#13828,1000.);
#2385=VECTOR('',#13829,1000.);
#2386=VECTOR('',#13830,1000.);
#2387=VECTOR('',#13831,1000.);
#2388=VECTOR('',#13832,1000.);
#2389=VECTOR('',#13833,1000.);
#2390=VECTOR('',#13834,1000.);
#2391=VECTOR('',#13835,1000.);
#2392=VECTOR('',#13836,1000.);
#2393=VECTOR('',#13837,1000.);
#2394=VECTOR('',#13838,1000.);
#2395=VECTOR('',#13839,1000.);
#2396=VECTOR('',#13840,1000.);
#2397=VECTOR('',#13841,1000.);
#2398=VECTOR('',#13842,1000.);
#2399=VECTOR('',#13843,1000.);
#2400=VECTOR('',#13844,1000.);
#2401=VECTOR('',#13845,1000.);
#2402=VECTOR('',#13846,1000.);
#2403=VECTOR('',#13847,1000.);
#2404=VECTOR('',#13848,1000.);
#2405=VECTOR('',#13849,1000.);
#2406=VECTOR('',#13850,1000.);
#2407=VECTOR('',#13851,1000.);
#2408=VECTOR('',#13852,1000.);
#2409=VECTOR('',#13853,1000.);
#2410=VECTOR('',#13854,1000.);
#2411=VECTOR('',#13855,1000.);
#2412=VECTOR('',#13856,1000.);
#2413=VECTOR('',#13857,1000.);
#2414=VECTOR('',#13858,1000.);
#2415=VECTOR('',#13859,1000.);
#2416=VECTOR('',#13860,1000.);
#2417=VECTOR('',#13861,1000.);
#2418=VECTOR('',#13862,1000.);
#2419=VECTOR('',#13863,1000.);
#2420=VECTOR('',#13864,1000.);
#2421=VECTOR('',#13865,1000.);
#2422=VECTOR('',#13866,1000.);
#2423=VECTOR('',#13867,1000.);
#2424=VECTOR('',#13868,1000.);
#2425=VECTOR('',#13869,1000.);
#2426=VECTOR('',#13870,1000.);
#2427=VECTOR('',#13871,1000.);
#2428=VECTOR('',#13872,1000.);
#2429=VECTOR('',#13873,1000.);
#2430=VECTOR('',#13874,1000.);
#2431=VECTOR('',#13875,1000.);
#2432=VECTOR('',#13876,1000.);
#2433=VECTOR('',#13877,1000.);
#2434=VECTOR('',#13878,1000.);
#2435=VECTOR('',#13879,1000.);
#2436=VECTOR('',#13880,1000.);
#2437=VECTOR('',#13881,1000.);
#2438=VECTOR('',#13882,1000.);
#2439=VECTOR('',#13883,1000.);
#2440=VECTOR('',#13884,1000.);
#2441=VECTOR('',#13885,1000.);
#2442=VECTOR('',#13886,1000.);
#2443=VECTOR('',#13887,1000.);
#2444=VECTOR('',#13888,1000.);
#2445=VECTOR('',#13889,1000.);
#2446=VECTOR('',#13890,1000.);
#2447=VECTOR('',#13891,1000.);
#2448=VECTOR('',#13892,1000.);
#2449=VECTOR('',#13893,1000.);
#2450=VECTOR('',#13894,1000.);
#2451=VECTOR('',#13895,1000.);
#2452=VECTOR('',#13896,1000.);
#2453=VECTOR('',#13897,1000.);
#2454=VECTOR('',#13898,1000.);
#2455=VECTOR('',#13899,1000.);
#2456=VECTOR('',#13900,1000.);
#2457=VECTOR('',#13901,1000.);
#2458=VECTOR('',#13902,1000.);
#2459=VECTOR('',#13903,1000.);
#2460=VECTOR('',#13904,1000.);
#2461=VECTOR('',#13905,1000.);
#2462=VECTOR('',#13906,1000.);
#2463=VECTOR('',#13907,1000.);
#2464=VECTOR('',#13908,1000.);
#2465=VECTOR('',#13909,1000.);
#2466=VECTOR('',#13910,1000.);
#2467=VECTOR('',#13911,1000.);
#2468=VECTOR('',#13912,1000.);
#2469=VECTOR('',#13913,1000.);
#2470=VECTOR('',#13914,1000.);
#2471=VECTOR('',#13915,1000.);
#2472=VECTOR('',#13916,1000.);
#2473=VECTOR('',#13917,1000.);
#2474=VECTOR('',#13918,1000.);
#2475=VECTOR('',#13919,1000.);
#2476=VECTOR('',#13920,1000.);
#2477=VECTOR('',#13921,1000.);
#2478=VECTOR('',#13922,1000.);
#2479=VECTOR('',#13923,1000.);
#2480=VECTOR('',#13924,1000.);
#2481=VECTOR('',#13925,1000.);
#2482=VECTOR('',#13926,1000.);
#2483=VECTOR('',#13927,1000.);
#2484=VECTOR('',#13928,1000.);
#2485=VECTOR('',#13929,1000.);
#2486=VECTOR('',#13930,1000.);
#2487=VECTOR('',#13931,1000.);
#2488=VECTOR('',#13932,1000.);
#2489=VECTOR('',#13933,1000.);
#2490=VECTOR('',#13934,1000.);
#2491=VECTOR('',#13935,1000.);
#2492=VECTOR('',#13936,1000.);
#2493=VECTOR('',#13937,1000.);
#2494=VECTOR('',#13938,1000.);
#2495=VECTOR('',#13939,1000.);
#2496=VECTOR('',#13940,1000.);
#2497=VECTOR('',#13941,1000.);
#2498=VECTOR('',#13942,1000.);
#2499=VECTOR('',#13943,1000.);
#2500=VECTOR('',#13944,1000.);
#2501=VECTOR('',#13945,1000.);
#2502=VECTOR('',#13946,1000.);
#2503=VECTOR('',#13947,1000.);
#2504=VECTOR('',#13948,1000.);
#2505=VECTOR('',#13949,1000.);
#2506=VECTOR('',#13950,1000.);
#2507=VECTOR('',#13951,1000.);
#2508=VECTOR('',#13952,1000.);
#2509=VECTOR('',#13953,1000.);
#2510=VECTOR('',#13954,1000.);
#2511=VECTOR('',#13955,1000.);
#2512=VECTOR('',#13956,1000.);
#2513=VECTOR('',#13957,1000.);
#2514=VECTOR('',#13958,1000.);
#2515=VECTOR('',#13959,1000.);
#2516=VECTOR('',#13960,1000.);
#2517=VECTOR('',#13961,1000.);
#2518=VECTOR('',#13962,1000.);
#2519=VECTOR('',#13963,1000.);
#2520=VECTOR('',#13964,1000.);
#2521=VECTOR('',#13965,1000.);
#2522=VECTOR('',#13966,1000.);
#2523=VECTOR('',#13967,1000.);
#2524=VECTOR('',#13968,1000.);
#2525=VECTOR('',#13969,1000.);
#2526=VECTOR('',#13970,1000.);
#2527=VECTOR('',#13971,1000.);
#2528=VECTOR('',#13972,1000.);
#2529=VECTOR('',#13973,1000.);
#2530=VECTOR('',#13974,1000.);
#2531=VECTOR('',#13975,1000.);
#2532=VECTOR('',#13976,1000.);
#2533=VECTOR('',#13977,1000.);
#2534=VECTOR('',#13978,1000.);
#2535=VECTOR('',#13979,1000.);
#2536=VECTOR('',#13980,1000.);
#2537=VECTOR('',#13981,1000.);
#2538=VECTOR('',#13982,1000.);
#2539=VECTOR('',#13983,1000.);
#2540=VECTOR('',#13984,1000.);
#2541=VECTOR('',#13985,1000.);
#2542=VECTOR('',#13986,1000.);
#2543=VECTOR('',#13987,1000.);
#2544=VECTOR('',#13988,1000.);
#2545=VECTOR('',#13989,1000.);
#2546=VECTOR('',#13990,1000.);
#2547=VECTOR('',#13991,1000.);
#2548=VECTOR('',#13992,1000.);
#2549=VECTOR('',#13993,1000.);
#2550=VECTOR('',#13994,1000.);
#2551=VECTOR('',#13995,1000.);
#2552=VECTOR('',#13996,1000.);
#2553=VECTOR('',#13997,1000.);
#2554=VECTOR('',#13998,1000.);
#2555=VECTOR('',#13999,1000.);
#2556=VECTOR('',#14000,1000.);
#2557=VECTOR('',#14001,1000.);
#2558=VECTOR('',#14002,1000.);
#2559=VECTOR('',#14003,1000.);
#2560=VECTOR('',#14004,1000.);
#2561=VECTOR('',#14005,1000.);
#2562=VECTOR('',#14006,1000.);
#2563=VECTOR('',#14007,1000.);
#2564=VECTOR('',#14008,1000.);
#2565=VECTOR('',#14009,1000.);
#2566=VECTOR('',#14010,1000.);
#2567=VECTOR('',#14011,1000.);
#2568=VECTOR('',#14012,1000.);
#2569=VECTOR('',#14013,1000.);
#2570=VECTOR('',#14014,1000.);
#2571=VECTOR('',#14015,1000.);
#2572=VECTOR('',#14016,1000.);
#2573=VECTOR('',#14017,1000.);
#2574=VECTOR('',#14018,1000.);
#2575=VECTOR('',#14019,1000.);
#2576=VECTOR('',#14020,1000.);
#2577=VECTOR('',#14021,1000.);
#2578=VECTOR('',#14022,1000.);
#2579=VECTOR('',#14023,1000.);
#2580=VECTOR('',#14024,1000.);
#2581=VECTOR('',#14025,1000.);
#2582=VECTOR('',#14026,1000.);
#2583=VECTOR('',#14027,1000.);
#2584=VECTOR('',#14028,1000.);
#2585=VECTOR('',#14029,1000.);
#2586=VECTOR('',#14030,1000.);
#2587=VECTOR('',#14031,1000.);
#2588=VECTOR('',#14032,1000.);
#2589=VECTOR('',#14033,1000.);
#2590=VECTOR('',#14034,1000.);
#2591=VECTOR('',#14035,1000.);
#2592=VECTOR('',#14036,1000.);
#2593=VECTOR('',#14037,1000.);
#2594=VECTOR('',#14038,1000.);
#2595=VECTOR('',#14039,1000.);
#2596=VECTOR('',#14040,1000.);
#2597=VECTOR('',#14041,1000.);
#2598=VECTOR('',#14042,1000.);
#2599=VECTOR('',#14043,1000.);
#2600=VECTOR('',#14044,1000.);
#2601=VECTOR('',#14045,1000.);
#2602=VECTOR('',#14046,1000.);
#2603=VECTOR('',#14047,1000.);
#2604=VECTOR('',#14048,1000.);
#2605=VECTOR('',#14049,1000.);
#2606=VECTOR('',#14050,1000.);
#2607=VECTOR('',#14051,1000.);
#2608=VECTOR('',#14052,1000.);
#2609=VECTOR('',#14053,1000.);
#2610=VECTOR('',#14054,1000.);
#2611=VECTOR('',#14055,1000.);
#2612=VECTOR('',#14056,1000.);
#2613=VECTOR('',#14057,1000.);
#2614=VECTOR('',#14058,1000.);
#2615=VECTOR('',#14059,1000.);
#2616=VECTOR('',#14060,1000.);
#2617=VECTOR('',#14061,1000.);
#2618=VECTOR('',#14062,1000.);
#2619=VECTOR('',#14063,1000.);
#2620=VECTOR('',#14064,1000.);
#2621=VECTOR('',#14065,1000.);
#2622=VECTOR('',#14068,1000.);
#2623=VECTOR('',#14069,1000.);
#2624=VECTOR('',#14070,1000.);
#2625=VECTOR('',#14071,1000.);
#2626=VECTOR('',#14074,1000.);
#2627=VECTOR('',#14075,1000.);
#2628=VECTOR('',#14076,1000.);
#2629=VECTOR('',#14079,1000.);
#2630=VECTOR('',#14080,1000.);
#2631=VECTOR('',#14081,1000.);
#2632=VECTOR('',#14086,1000.);
#2633=VECTOR('',#14087,1000.);
#2634=VECTOR('',#14088,1000.);
#2635=VECTOR('',#14089,1000.);
#2636=VECTOR('',#14092,1000.);
#2637=VECTOR('',#14093,1000.);
#2638=VECTOR('',#14094,1000.);
#2639=VECTOR('',#14097,1000.);
#2640=VECTOR('',#14098,1000.);
#2641=VECTOR('',#14099,1000.);
#2642=VECTOR('',#14104,1000.);
#2643=VECTOR('',#14105,1000.);
#2644=VECTOR('',#14106,1000.);
#2645=VECTOR('',#14107,1000.);
#2646=VECTOR('',#14110,1000.);
#2647=VECTOR('',#14113,1000.);
#2648=VECTOR('',#14114,1000.);
#2649=VECTOR('',#14115,1000.);
#2650=VECTOR('',#14118,1000.);
#2651=VECTOR('',#14119,1000.);
#2652=VECTOR('',#14122,1000.);
#2653=VECTOR('',#14123,1000.);
#2654=VECTOR('',#14124,1000.);
#2655=VECTOR('',#14125,1000.);
#2656=VECTOR('',#14128,1000.);
#2657=VECTOR('',#14131,1000.);
#2658=VECTOR('',#14132,1000.);
#2659=VECTOR('',#14133,1000.);
#2660=VECTOR('',#14136,1000.);
#2661=VECTOR('',#14137,1000.);
#2662=VECTOR('',#14140,1000.);
#2663=VECTOR('',#14141,1000.);
#2664=VECTOR('',#14142,1000.);
#2665=VECTOR('',#14143,1000.);
#2666=VECTOR('',#14146,1000.);
#2667=VECTOR('',#14149,1000.);
#2668=VECTOR('',#14150,1000.);
#2669=VECTOR('',#14151,1000.);
#2670=VECTOR('',#14154,1000.);
#2671=VECTOR('',#14155,1000.);
#2672=VECTOR('',#14158,1000.);
#2673=VECTOR('',#14159,1000.);
#2674=VECTOR('',#14160,1000.);
#2675=VECTOR('',#14161,1000.);
#2676=VECTOR('',#14164,1000.);
#2677=VECTOR('',#14167,1000.);
#2678=VECTOR('',#14168,1000.);
#2679=VECTOR('',#14169,1000.);
#2680=VECTOR('',#14172,1000.);
#2681=VECTOR('',#14173,1000.);
#2682=VECTOR('',#14176,1000.);
#2683=VECTOR('',#14177,1000.);
#2684=VECTOR('',#14178,1000.);
#2685=VECTOR('',#14179,1000.);
#2686=VECTOR('',#14182,1000.);
#2687=VECTOR('',#14185,1000.);
#2688=VECTOR('',#14186,1000.);
#2689=VECTOR('',#14187,1000.);
#2690=VECTOR('',#14190,1000.);
#2691=VECTOR('',#14191,1000.);
#2692=VECTOR('',#14194,1000.);
#2693=VECTOR('',#14195,1000.);
#2694=VECTOR('',#14196,1000.);
#2695=VECTOR('',#14197,1000.);
#2696=VECTOR('',#14200,1000.);
#2697=VECTOR('',#14203,1000.);
#2698=VECTOR('',#14204,1000.);
#2699=VECTOR('',#14205,1000.);
#2700=VECTOR('',#14208,1000.);
#2701=VECTOR('',#14209,1000.);
#2702=VECTOR('',#14212,1000.);
#2703=VECTOR('',#14213,1000.);
#2704=VECTOR('',#14214,1000.);
#2705=VECTOR('',#14215,1000.);
#2706=VECTOR('',#14216,1000.);
#2707=VECTOR('',#14217,1000.);
#2708=VECTOR('',#14218,1000.);
#2709=VECTOR('',#14219,1000.);
#2710=VECTOR('',#14220,1000.);
#2711=VECTOR('',#14221,1000.);
#2712=VECTOR('',#14222,1000.);
#2713=VECTOR('',#14223,1000.);
#2714=VECTOR('',#14224,1000.);
#2715=VECTOR('',#14225,1000.);
#2716=VECTOR('',#14226,1000.);
#2717=VECTOR('',#14227,1000.);
#2718=VECTOR('',#14228,1000.);
#2719=VECTOR('',#14231,1000.);
#2720=VECTOR('',#14234,1000.);
#2721=VECTOR('',#14235,1000.);
#2722=VECTOR('',#14236,1000.);
#2723=VECTOR('',#14239,1000.);
#2724=VECTOR('',#14242,1000.);
#2725=VECTOR('',#14243,1000.);
#2726=VECTOR('',#14244,1000.);
#2727=VECTOR('',#14247,1000.);
#2728=VECTOR('',#14250,1000.);
#2729=VECTOR('',#14251,1000.);
#2730=VECTOR('',#14252,1000.);
#2731=VECTOR('',#14255,1000.);
#2732=VECTOR('',#14258,1000.);
#2733=VECTOR('',#14259,1000.);
#2734=VECTOR('',#14260,1000.);
#2735=VECTOR('',#14261,1000.);
#2736=VECTOR('',#14262,1000.);
#2737=VECTOR('',#14265,1000.);
#2738=VECTOR('',#14268,1000.);
#2739=VECTOR('',#14269,1000.);
#2740=VECTOR('',#14270,1000.);
#2741=VECTOR('',#14273,1000.);
#2742=VECTOR('',#14276,1000.);
#2743=VECTOR('',#14277,1000.);
#2744=VECTOR('',#14278,1000.);
#2745=VECTOR('',#14281,1000.);
#2746=VECTOR('',#14284,1000.);
#2747=VECTOR('',#14285,1000.);
#2748=VECTOR('',#14286,1000.);
#2749=VECTOR('',#14289,1000.);
#2750=VECTOR('',#14292,1000.);
#2751=VECTOR('',#14293,1000.);
#2752=VECTOR('',#14294,1000.);
#2753=VECTOR('',#14295,1000.);
#2754=VECTOR('',#14298,1000.);
#2755=VECTOR('',#14299,1000.);
#2756=VECTOR('',#14300,1000.);
#2757=VECTOR('',#14301,1000.);
#2758=VECTOR('',#14302,1000.);
#2759=VECTOR('',#14303,1000.);
#2760=VECTOR('',#14306,1000.);
#2761=VECTOR('',#14307,1000.);
#2762=VECTOR('',#14308,1000.);
#2763=VECTOR('',#14309,1000.);
#2764=VECTOR('',#14312,1000.);
#2765=VECTOR('',#14315,1000.);
#2766=VECTOR('',#14318,1000.);
#2767=VECTOR('',#14321,1000.);
#2768=VECTOR('',#14324,1000.);
#2769=VECTOR('',#14327,1000.);
#2770=VECTOR('',#14330,1000.);
#2771=VECTOR('',#14333,1000.);
#2772=VECTOR('',#14336,1000.);
#2773=VECTOR('',#14339,1000.);
#2774=VECTOR('',#14342,1000.);
#2775=VECTOR('',#14345,1000.);
#2776=VECTOR('',#14348,1000.);
#2777=VECTOR('',#14351,1000.);
#2778=VECTOR('',#14354,1000.);
#2779=VECTOR('',#14357,1000.);
#2780=VECTOR('',#14358,1000.);
#2781=VECTOR('',#14359,1000.);
#2782=VECTOR('',#14360,1000.);
#2783=VECTOR('',#14361,1000.);
#2784=VECTOR('',#14362,1000.);
#2785=VECTOR('',#14363,1000.);
#2786=VECTOR('',#14364,1000.);
#2787=VECTOR('',#14365,1000.);
#2788=VECTOR('',#14368,1000.);
#2789=VECTOR('',#14371,1000.);
#2790=VECTOR('',#14374,1000.);
#2791=VECTOR('',#14377,1000.);
#2792=VECTOR('',#14380,1000.);
#2793=VECTOR('',#14383,1000.);
#2794=VECTOR('',#14386,1000.);
#2795=VECTOR('',#14389,1000.);
#2796=VECTOR('',#14392,1000.);
#2797=VECTOR('',#14395,1000.);
#2798=VECTOR('',#14398,1000.);
#2799=VECTOR('',#14401,1000.);
#2800=VECTOR('',#14404,1000.);
#2801=VECTOR('',#14407,1000.);
#2802=VECTOR('',#14410,1000.);
#2803=VECTOR('',#14413,1000.);
#2804=VECTOR('',#14416,1000.);
#2805=VECTOR('',#14417,1000.);
#2806=VECTOR('',#14420,1000.);
#2807=VECTOR('',#14423,1000.);
#2808=VECTOR('',#14428,1000.);
#2809=VECTOR('',#14429,1000.);
#2810=VECTOR('',#14432,1000.);
#2811=VECTOR('',#14437,1000.);
#2812=VECTOR('',#14438,1000.);
#2813=VECTOR('',#14441,1000.);
#2814=VECTOR('',#14444,1000.);
#2815=VECTOR('',#14449,1000.);
#2816=VECTOR('',#14450,1000.);
#2817=VECTOR('',#14453,1000.);
#2818=VECTOR('',#14458,1000.);
#2819=VECTOR('',#14459,1000.);
#2820=VECTOR('',#14462,1000.);
#2821=VECTOR('',#14465,1000.);
#2822=VECTOR('',#14470,1000.);
#2823=VECTOR('',#14473,1000.);
#2824=VECTOR('',#14476,1000.);
#2825=VECTOR('',#14479,1000.);
#2826=VECTOR('',#14482,1000.);
#2827=VECTOR('',#14485,1000.);
#2828=VECTOR('',#14488,1000.);
#2829=VECTOR('',#14491,1000.);
#2830=VECTOR('',#14492,1000.);
#2831=VECTOR('',#14495,1000.);
#2832=VECTOR('',#14498,1000.);
#2833=VECTOR('',#14501,1000.);
#2834=VECTOR('',#14504,1000.);
#2835=VECTOR('',#14507,1000.);
#2836=VECTOR('',#14512,1000.);
#2837=VECTOR('',#14513,1000.);
#2838=VECTOR('',#14516,1000.);
#2839=VECTOR('',#14519,1000.);
#2840=VECTOR('',#14522,1000.);
#2841=VECTOR('',#14525,1000.);
#2842=VECTOR('',#14528,1000.);
#2843=VECTOR('',#14533,1000.);
#2844=VECTOR('',#14534,1000.);
#2845=VECTOR('',#14537,1000.);
#2846=VECTOR('',#14540,1000.);
#2847=VECTOR('',#14543,1000.);
#2848=VECTOR('',#14546,1000.);
#2849=VECTOR('',#14549,1000.);
#2850=VECTOR('',#14554,1000.);
#2851=VECTOR('',#14557,1000.);
#2852=VECTOR('',#14560,1000.);
#2853=VECTOR('',#14563,1000.);
#2854=VECTOR('',#14566,1000.);
#2855=VECTOR('',#14569,1000.);
#2856=VECTOR('',#14572,1000.);
#2857=VECTOR('',#14575,1000.);
#2858=VECTOR('',#14578,1000.);
#2859=VECTOR('',#14581,1000.);
#2860=VECTOR('',#14584,1000.);
#2861=VECTOR('',#14587,1000.);
#2862=VECTOR('',#14590,1000.);
#2863=VECTOR('',#14593,1000.);
#2864=VECTOR('',#14600,1000.);
#2865=VECTOR('',#14601,1000.);
#2866=VECTOR('',#14602,1000.);
#2867=VECTOR('',#14605,1000.);
#2868=VECTOR('',#14606,1000.);
#2869=VECTOR('',#14609,1000.);
#2870=VECTOR('',#14610,1000.);
#2871=VECTOR('',#14613,1000.);
#2872=VECTOR('',#14618,1000.);
#2873=VECTOR('',#14619,1000.);
#2874=VECTOR('',#14620,1000.);
#2875=VECTOR('',#14623,1000.);
#2876=VECTOR('',#14624,1000.);
#2877=VECTOR('',#14627,1000.);
#2878=VECTOR('',#14628,1000.);
#2879=VECTOR('',#14631,1000.);
#2880=VECTOR('',#14644,1000.);
#2881=VECTOR('',#14645,1000.);
#2882=VECTOR('',#14646,1000.);
#2883=VECTOR('',#14649,1000.);
#2884=VECTOR('',#14650,1000.);
#2885=VECTOR('',#14653,1000.);
#2886=VECTOR('',#14654,1000.);
#2887=VECTOR('',#14657,1000.);
#2888=VECTOR('',#14662,1000.);
#2889=VECTOR('',#14663,1000.);
#2890=VECTOR('',#14664,1000.);
#2891=VECTOR('',#14667,1000.);
#2892=VECTOR('',#14668,1000.);
#2893=VECTOR('',#14671,1000.);
#2894=VECTOR('',#14672,1000.);
#2895=VECTOR('',#14675,1000.);
#2896=VECTOR('',#14732,1000.);
#2897=VECTOR('',#14733,1000.);
#2898=VECTOR('',#14736,1000.);
#2899=VECTOR('',#14737,1000.);
#2900=VECTOR('',#14740,1000.);
#2901=VECTOR('',#14743,1000.);
#2902=VECTOR('',#14744,1000.);
#2903=VECTOR('',#14745,1000.);
#2904=VECTOR('',#14746,1000.);
#2905=VECTOR('',#14747,1000.);
#2906=VECTOR('',#14748,1000.);
#2907=VECTOR('',#14749,1000.);
#2908=VECTOR('',#14750,1000.);
#2909=VECTOR('',#14753,1000.);
#2910=VECTOR('',#14756,1000.);
#2911=VECTOR('',#14759,1000.);
#2912=VECTOR('',#14762,1000.);
#2913=VECTOR('',#14765,1000.);
#2914=VECTOR('',#14766,1000.);
#2915=VECTOR('',#14769,1000.);
#2916=VECTOR('',#14770,1000.);
#2917=VECTOR('',#14773,1000.);
#2918=VECTOR('',#14778,1000.);
#2919=VECTOR('',#14779,1000.);
#2920=VECTOR('',#14780,1000.);
#2921=VECTOR('',#14781,1000.);
#2922=VECTOR('',#14782,1000.);
#2923=VECTOR('',#14785,1000.);
#2924=VECTOR('',#14786,1000.);
#2925=VECTOR('',#14789,1000.);
#2926=VECTOR('',#14790,1000.);
#2927=VECTOR('',#14791,1000.);
#2928=VECTOR('',#14794,1000.);
#2929=VECTOR('',#14797,1000.);
#2930=VECTOR('',#14798,1000.);
#2931=VECTOR('',#14799,1000.);
#2932=VECTOR('',#14800,1000.);
#2933=VECTOR('',#14801,1000.);
#2934=VECTOR('',#14804,1000.);
#2935=VECTOR('',#14805,1000.);
#2936=VECTOR('',#14808,1000.);
#2937=VECTOR('',#14809,1000.);
#2938=VECTOR('',#14810,1000.);
#2939=VECTOR('',#14813,1000.);
#2940=VECTOR('',#14816,1000.);
#2941=VECTOR('',#14817,1000.);
#2942=VECTOR('',#14818,1000.);
#2943=VECTOR('',#14819,1000.);
#2944=VECTOR('',#14820,1000.);
#2945=VECTOR('',#14823,1000.);
#2946=VECTOR('',#14824,1000.);
#2947=VECTOR('',#14827,1000.);
#2948=VECTOR('',#14828,1000.);
#2949=VECTOR('',#14829,1000.);
#2950=VECTOR('',#14832,1000.);
#2951=VECTOR('',#14835,1000.);
#2952=VECTOR('',#14836,1000.);
#2953=VECTOR('',#14837,1000.);
#2954=VECTOR('',#14838,1000.);
#2955=VECTOR('',#14839,1000.);
#2956=VECTOR('',#14842,1000.);
#2957=VECTOR('',#14843,1000.);
#2958=VECTOR('',#14846,1000.);
#2959=VECTOR('',#14847,1000.);
#2960=VECTOR('',#14848,1000.);
#2961=VECTOR('',#14851,1000.);
#2962=VECTOR('',#14854,1000.);
#2963=VECTOR('',#14855,1000.);
#2964=VECTOR('',#14856,1000.);
#2965=VECTOR('',#14857,1000.);
#2966=VECTOR('',#14858,1000.);
#2967=VECTOR('',#14861,1000.);
#2968=VECTOR('',#14862,1000.);
#2969=VECTOR('',#14865,1000.);
#2970=VECTOR('',#14866,1000.);
#2971=VECTOR('',#14867,1000.);
#2972=VECTOR('',#14870,1000.);
#2973=VECTOR('',#14873,1000.);
#2974=VECTOR('',#14874,1000.);
#2975=VECTOR('',#14875,1000.);
#2976=VECTOR('',#14876,1000.);
#2977=VECTOR('',#14877,1000.);
#2978=VECTOR('',#14880,1000.);
#2979=VECTOR('',#14881,1000.);
#2980=VECTOR('',#14884,1000.);
#2981=VECTOR('',#14885,1000.);
#2982=VECTOR('',#14886,1000.);
#2983=VECTOR('',#14889,1000.);
#2984=VECTOR('',#14892,1000.);
#2985=VECTOR('',#14893,1000.);
#2986=VECTOR('',#14894,1000.);
#2987=VECTOR('',#14895,1000.);
#2988=VECTOR('',#14896,1000.);
#2989=VECTOR('',#14899,1000.);
#2990=VECTOR('',#14900,1000.);
#2991=VECTOR('',#14903,1000.);
#2992=VECTOR('',#14904,1000.);
#2993=VECTOR('',#14907,1000.);
#2994=VECTOR('',#14908,1000.);
#2995=VECTOR('',#14911,1000.);
#2996=VECTOR('',#14912,1000.);
#2997=VECTOR('',#14913,1000.);
#2998=VECTOR('',#14914,1000.);
#2999=VECTOR('',#14915,1000.);
#3000=VECTOR('',#14918,1000.);
#3001=VECTOR('',#14919,1000.);
#3002=VECTOR('',#14922,1000.);
#3003=VECTOR('',#14923,1000.);
#3004=VECTOR('',#14926,1000.);
#3005=VECTOR('',#14927,1000.);
#3006=VECTOR('',#14930,1000.);
#3007=VECTOR('',#14931,1000.);
#3008=VECTOR('',#14932,1000.);
#3009=VECTOR('',#14935,1000.);
#3010=VECTOR('',#14936,1000.);
#3011=VECTOR('',#14939,1000.);
#3012=VECTOR('',#14940,1000.);
#3013=VECTOR('',#14943,1000.);
#3014=VECTOR('',#14948,1000.);
#3015=VECTOR('',#14949,1000.);
#3016=VECTOR('',#14950,1000.);
#3017=VECTOR('',#14953,1000.);
#3018=VECTOR('',#14954,1000.);
#3019=VECTOR('',#14955,1000.);
#3020=VECTOR('',#14958,1000.);
#3021=VECTOR('',#14959,1000.);
#3022=VECTOR('',#14966,1000.);
#3023=VECTOR('',#14967,1000.);
#3024=VECTOR('',#14968,1000.);
#3025=VECTOR('',#14971,1000.);
#3026=VECTOR('',#14972,1000.);
#3027=VECTOR('',#14973,1000.);
#3028=VECTOR('',#14976,1000.);
#3029=VECTOR('',#14977,1000.);
#3030=VECTOR('',#14984,1000.);
#3031=VECTOR('',#14985,1000.);
#3032=VECTOR('',#14986,1000.);
#3033=VECTOR('',#14989,1000.);
#3034=VECTOR('',#14990,1000.);
#3035=VECTOR('',#14991,1000.);
#3036=VECTOR('',#14994,1000.);
#3037=VECTOR('',#14997,1000.);
#3038=VECTOR('',#15002,1000.);
#3039=VECTOR('',#15003,1000.);
#3040=VECTOR('',#15004,1000.);
#3041=VECTOR('',#15007,1000.);
#3042=VECTOR('',#15008,1000.);
#3043=VECTOR('',#15011,1000.);
#3044=VECTOR('',#15012,1000.);
#3045=VECTOR('',#15015,1000.);
#3046=VECTOR('',#15020,1000.);
#3047=VECTOR('',#15021,1000.);
#3048=VECTOR('',#15022,1000.);
#3049=VECTOR('',#15025,1000.);
#3050=VECTOR('',#15026,1000.);
#3051=VECTOR('',#15027,1000.);
#3052=VECTOR('',#15030,1000.);
#3053=VECTOR('',#15031,1000.);
#3054=VECTOR('',#15038,1000.);
#3055=VECTOR('',#15039,1000.);
#3056=VECTOR('',#15040,1000.);
#3057=VECTOR('',#15043,1000.);
#3058=VECTOR('',#15044,1000.);
#3059=VECTOR('',#15045,1000.);
#3060=VECTOR('',#15048,1000.);
#3061=VECTOR('',#15049,1000.);
#3062=VECTOR('',#15056,1000.);
#3063=VECTOR('',#15057,1000.);
#3064=VECTOR('',#15058,1000.);
#3065=VECTOR('',#15061,1000.);
#3066=VECTOR('',#15062,1000.);
#3067=VECTOR('',#15063,1000.);
#3068=VECTOR('',#15066,1000.);
#3069=VECTOR('',#15069,1000.);
#3070=VECTOR('',#15074,1000.);
#3071=VECTOR('',#15075,1000.);
#3072=VECTOR('',#15078,1000.);
#3073=VECTOR('',#15081,1000.);
#3074=VECTOR('',#15084,1000.);
#3075=VECTOR('',#15087,1000.);
#3076=VECTOR('',#15090,1000.);
#3077=VECTOR('',#15093,1000.);
#3078=VECTOR('',#15098,1000.);
#3079=VECTOR('',#15099,1000.);
#3080=VECTOR('',#15100,1000.);
#3081=VECTOR('',#15103,1000.);
#3082=VECTOR('',#15104,1000.);
#3083=VECTOR('',#15107,1000.);
#3084=VECTOR('',#15108,1000.);
#3085=VECTOR('',#15111,1000.);
#3086=VECTOR('',#15114,1000.);
#3087=VECTOR('',#15115,1000.);
#3088=VECTOR('',#15116,1000.);
#3089=VECTOR('',#15117,1000.);
#3090=VECTOR('',#15120,1000.);
#3091=VECTOR('',#15121,1000.);
#3092=VECTOR('',#15122,1000.);
#3093=VECTOR('',#15125,1000.);
#3094=VECTOR('',#15126,1000.);
#3095=VECTOR('',#15129,1000.);
#3096=VECTOR('',#15130,1000.);
#3097=VECTOR('',#15133,1000.);
#3098=VECTOR('',#15136,1000.);
#3099=VECTOR('',#15137,1000.);
#3100=VECTOR('',#15138,1000.);
#3101=VECTOR('',#15139,1000.);
#3102=VECTOR('',#15174,1000.);
#3103=VECTOR('',#15175,1000.);
#3104=VECTOR('',#15176,1000.);
#3105=VECTOR('',#15179,1000.);
#3106=VECTOR('',#15180,1000.);
#3107=VECTOR('',#15183,1000.);
#3108=VECTOR('',#15184,1000.);
#3109=VECTOR('',#15187,1000.);
#3110=VECTOR('',#15192,1000.);
#3111=VECTOR('',#15193,1000.);
#3112=VECTOR('',#15194,1000.);
#3113=VECTOR('',#15197,1000.);
#3114=VECTOR('',#15198,1000.);
#3115=VECTOR('',#15201,1000.);
#3116=VECTOR('',#15202,1000.);
#3117=VECTOR('',#15205,1000.);
#3118=VECTOR('',#15210,1000.);
#3119=VECTOR('',#15211,1000.);
#3120=VECTOR('',#15212,1000.);
#3121=VECTOR('',#15215,1000.);
#3122=VECTOR('',#15216,1000.);
#3123=VECTOR('',#15219,1000.);
#3124=VECTOR('',#15220,1000.);
#3125=VECTOR('',#15223,1000.);
#3126=VECTOR('',#15228,1000.);
#3127=VECTOR('',#15229,1000.);
#3128=VECTOR('',#15230,1000.);
#3129=VECTOR('',#15233,1000.);
#3130=VECTOR('',#15234,1000.);
#3131=VECTOR('',#15237,1000.);
#3132=VECTOR('',#15238,1000.);
#3133=VECTOR('',#15241,1000.);
#3134=VECTOR('',#15246,1000.);
#3135=VECTOR('',#15247,1000.);
#3136=VECTOR('',#15248,1000.);
#3137=VECTOR('',#15251,1000.);
#3138=VECTOR('',#15252,1000.);
#3139=VECTOR('',#15255,1000.);
#3140=VECTOR('',#15256,1000.);
#3141=VECTOR('',#15259,1000.);
#3142=VECTOR('',#15264,1000.);
#3143=VECTOR('',#15265,1000.);
#3144=VECTOR('',#15266,1000.);
#3145=VECTOR('',#15269,1000.);
#3146=VECTOR('',#15270,1000.);
#3147=VECTOR('',#15273,1000.);
#3148=VECTOR('',#15274,1000.);
#3149=VECTOR('',#15277,1000.);
#3150=VECTOR('',#15282,1000.);
#3151=VECTOR('',#15283,1000.);
#3152=VECTOR('',#15284,1000.);
#3153=VECTOR('',#15287,1000.);
#3154=VECTOR('',#15288,1000.);
#3155=VECTOR('',#15291,1000.);
#3156=VECTOR('',#15292,1000.);
#3157=VECTOR('',#15295,1000.);
#3158=VECTOR('',#15300,1000.);
#3159=VECTOR('',#15301,1000.);
#3160=VECTOR('',#15302,1000.);
#3161=VECTOR('',#15305,1000.);
#3162=VECTOR('',#15306,1000.);
#3163=VECTOR('',#15309,1000.);
#3164=VECTOR('',#15310,1000.);
#3165=VECTOR('',#15313,1000.);
#3166=VECTOR('',#15318,1000.);
#3167=VECTOR('',#15319,1000.);
#3168=VECTOR('',#15320,1000.);
#3169=VECTOR('',#15323,1000.);
#3170=VECTOR('',#15324,1000.);
#3171=VECTOR('',#15327,1000.);
#3172=VECTOR('',#15328,1000.);
#3173=VECTOR('',#15331,1000.);
#3174=VECTOR('',#15336,1000.);
#3175=VECTOR('',#15337,1000.);
#3176=VECTOR('',#15338,1000.);
#3177=VECTOR('',#15341,1000.);
#3178=VECTOR('',#15342,1000.);
#3179=VECTOR('',#15345,1000.);
#3180=VECTOR('',#15346,1000.);
#3181=VECTOR('',#15349,1000.);
#3182=VECTOR('',#15354,1000.);
#3183=VECTOR('',#15355,1000.);
#3184=VECTOR('',#15356,1000.);
#3185=VECTOR('',#15359,1000.);
#3186=VECTOR('',#15360,1000.);
#3187=VECTOR('',#15363,1000.);
#3188=VECTOR('',#15364,1000.);
#3189=VECTOR('',#15367,1000.);
#3190=VECTOR('',#15372,1000.);
#3191=VECTOR('',#15373,1000.);
#3192=VECTOR('',#15374,1000.);
#3193=VECTOR('',#15377,1000.);
#3194=VECTOR('',#15378,1000.);
#3195=VECTOR('',#15381,1000.);
#3196=VECTOR('',#15382,1000.);
#3197=VECTOR('',#15385,1000.);
#3198=VECTOR('',#15390,1000.);
#3199=VECTOR('',#15391,1000.);
#3200=VECTOR('',#15392,1000.);
#3201=VECTOR('',#15395,1000.);
#3202=VECTOR('',#15396,1000.);
#3203=VECTOR('',#15399,1000.);
#3204=VECTOR('',#15400,1000.);
#3205=VECTOR('',#15403,1000.);
#3206=VECTOR('',#15408,1000.);
#3207=VECTOR('',#15409,1000.);
#3208=VECTOR('',#15410,1000.);
#3209=VECTOR('',#15413,1000.);
#3210=VECTOR('',#15414,1000.);
#3211=VECTOR('',#15417,1000.);
#3212=VECTOR('',#15418,1000.);
#3213=VECTOR('',#15421,1000.);
#3214=VECTOR('',#15426,1000.);
#3215=VECTOR('',#15427,1000.);
#3216=VECTOR('',#15428,1000.);
#3217=VECTOR('',#15431,1000.);
#3218=VECTOR('',#15432,1000.);
#3219=VECTOR('',#15435,1000.);
#3220=VECTOR('',#15436,1000.);
#3221=VECTOR('',#15439,1000.);
#3222=VECTOR('',#15444,1000.);
#3223=VECTOR('',#15445,1000.);
#3224=VECTOR('',#15446,1000.);
#3225=VECTOR('',#15449,1000.);
#3226=VECTOR('',#15450,1000.);
#3227=VECTOR('',#15453,1000.);
#3228=VECTOR('',#15454,1000.);
#3229=VECTOR('',#15457,1000.);
#3230=VECTOR('',#15462,1000.);
#3231=VECTOR('',#15463,1000.);
#3232=VECTOR('',#15464,1000.);
#3233=VECTOR('',#15467,1000.);
#3234=VECTOR('',#15468,1000.);
#3235=VECTOR('',#15471,1000.);
#3236=VECTOR('',#15472,1000.);
#3237=VECTOR('',#15475,1000.);
#3238=VECTOR('',#15480,1000.);
#3239=VECTOR('',#15481,1000.);
#3240=VECTOR('',#15482,1000.);
#3241=VECTOR('',#15485,1000.);
#3242=VECTOR('',#15486,1000.);
#3243=VECTOR('',#15489,1000.);
#3244=VECTOR('',#15490,1000.);
#3245=VECTOR('',#15493,1000.);
#3246=VECTOR('',#15498,1000.);
#3247=VECTOR('',#15499,1000.);
#3248=VECTOR('',#15500,1000.);
#3249=VECTOR('',#15503,1000.);
#3250=VECTOR('',#15504,1000.);
#3251=VECTOR('',#15507,1000.);
#3252=VECTOR('',#15508,1000.);
#3253=VECTOR('',#15511,1000.);
#3254=VECTOR('',#15516,1000.);
#3255=VECTOR('',#15517,1000.);
#3256=VECTOR('',#15518,1000.);
#3257=VECTOR('',#15521,1000.);
#3258=VECTOR('',#15522,1000.);
#3259=VECTOR('',#15525,1000.);
#3260=VECTOR('',#15526,1000.);
#3261=VECTOR('',#15529,1000.);
#3262=VECTOR('',#15534,1000.);
#3263=VECTOR('',#15535,1000.);
#3264=VECTOR('',#15536,1000.);
#3265=VECTOR('',#15539,1000.);
#3266=VECTOR('',#15540,1000.);
#3267=VECTOR('',#15543,1000.);
#3268=VECTOR('',#15544,1000.);
#3269=VECTOR('',#15547,1000.);
#3270=VECTOR('',#15552,1000.);
#3271=VECTOR('',#15553,1000.);
#3272=VECTOR('',#15554,1000.);
#3273=VECTOR('',#15557,1000.);
#3274=VECTOR('',#15558,1000.);
#3275=VECTOR('',#15561,1000.);
#3276=VECTOR('',#15562,1000.);
#3277=VECTOR('',#15565,1000.);
#3278=VECTOR('',#15570,1000.);
#3279=VECTOR('',#15571,1000.);
#3280=VECTOR('',#15572,1000.);
#3281=VECTOR('',#15575,1000.);
#3282=VECTOR('',#15576,1000.);
#3283=VECTOR('',#15579,1000.);
#3284=VECTOR('',#15580,1000.);
#3285=VECTOR('',#15583,1000.);
#3286=VECTOR('',#15588,1000.);
#3287=VECTOR('',#15589,1000.);
#3288=VECTOR('',#15590,1000.);
#3289=VECTOR('',#15593,1000.);
#3290=VECTOR('',#15594,1000.);
#3291=VECTOR('',#15597,1000.);
#3292=VECTOR('',#15598,1000.);
#3293=VECTOR('',#15601,1000.);
#3294=VECTOR('',#15606,1000.);
#3295=VECTOR('',#15607,1000.);
#3296=VECTOR('',#15608,1000.);
#3297=VECTOR('',#15611,1000.);
#3298=VECTOR('',#15612,1000.);
#3299=VECTOR('',#15615,1000.);
#3300=VECTOR('',#15616,1000.);
#3301=VECTOR('',#15619,1000.);
#3302=VECTOR('',#15624,1000.);
#3303=VECTOR('',#15625,1000.);
#3304=VECTOR('',#15626,1000.);
#3305=VECTOR('',#15629,1000.);
#3306=VECTOR('',#15630,1000.);
#3307=VECTOR('',#15633,1000.);
#3308=VECTOR('',#15634,1000.);
#3309=VECTOR('',#15637,1000.);
#3310=VECTOR('',#15642,1000.);
#3311=VECTOR('',#15643,1000.);
#3312=VECTOR('',#15644,1000.);
#3313=VECTOR('',#15647,1000.);
#3314=VECTOR('',#15648,1000.);
#3315=VECTOR('',#15651,1000.);
#3316=VECTOR('',#15652,1000.);
#3317=VECTOR('',#15655,1000.);
#3318=VECTOR('',#15660,1000.);
#3319=VECTOR('',#15661,1000.);
#3320=VECTOR('',#15662,1000.);
#3321=VECTOR('',#15665,1000.);
#3322=VECTOR('',#15666,1000.);
#3323=VECTOR('',#15669,1000.);
#3324=VECTOR('',#15670,1000.);
#3325=VECTOR('',#15673,1000.);
#3326=VECTOR('',#15678,1000.);
#3327=VECTOR('',#15679,1000.);
#3328=VECTOR('',#15680,1000.);
#3329=VECTOR('',#15683,1000.);
#3330=VECTOR('',#15684,1000.);
#3331=VECTOR('',#15687,1000.);
#3332=VECTOR('',#15688,1000.);
#3333=VECTOR('',#15691,1000.);
#3334=VECTOR('',#15696,1000.);
#3335=VECTOR('',#15697,1000.);
#3336=VECTOR('',#15698,1000.);
#3337=VECTOR('',#15701,1000.);
#3338=VECTOR('',#15702,1000.);
#3339=VECTOR('',#15705,1000.);
#3340=VECTOR('',#15706,1000.);
#3341=VECTOR('',#15709,1000.);
#3342=VECTOR('',#15714,1000.);
#3343=VECTOR('',#15715,1000.);
#3344=VECTOR('',#15716,1000.);
#3345=VECTOR('',#15719,1000.);
#3346=VECTOR('',#15720,1000.);
#3347=VECTOR('',#15723,1000.);
#3348=VECTOR('',#15724,1000.);
#3349=VECTOR('',#15727,1000.);
#3350=VECTOR('',#15732,1000.);
#3351=VECTOR('',#15733,1000.);
#3352=VECTOR('',#15734,1000.);
#3353=VECTOR('',#15737,1000.);
#3354=VECTOR('',#15738,1000.);
#3355=VECTOR('',#15741,1000.);
#3356=VECTOR('',#15742,1000.);
#3357=VECTOR('',#15745,1000.);
#3358=VECTOR('',#15750,1000.);
#3359=VECTOR('',#15751,1000.);
#3360=VECTOR('',#15752,1000.);
#3361=VECTOR('',#15755,1000.);
#3362=VECTOR('',#15756,1000.);
#3363=VECTOR('',#15759,1000.);
#3364=VECTOR('',#15760,1000.);
#3365=VECTOR('',#15763,1000.);
#3366=VECTOR('',#15768,1000.);
#3367=VECTOR('',#15769,1000.);
#3368=VECTOR('',#15770,1000.);
#3369=VECTOR('',#15773,1000.);
#3370=VECTOR('',#15774,1000.);
#3371=VECTOR('',#15777,1000.);
#3372=VECTOR('',#15778,1000.);
#3373=VECTOR('',#15781,1000.);
#3374=VECTOR('',#15786,1000.);
#3375=VECTOR('',#15787,1000.);
#3376=VECTOR('',#15788,1000.);
#3377=VECTOR('',#15791,1000.);
#3378=VECTOR('',#15792,1000.);
#3379=VECTOR('',#15795,1000.);
#3380=VECTOR('',#15796,1000.);
#3381=VECTOR('',#15799,1000.);
#3382=VECTOR('',#15804,1000.);
#3383=VECTOR('',#15805,1000.);
#3384=VECTOR('',#15806,1000.);
#3385=VECTOR('',#15809,1000.);
#3386=VECTOR('',#15810,1000.);
#3387=VECTOR('',#15813,1000.);
#3388=VECTOR('',#15814,1000.);
#3389=VECTOR('',#15817,1000.);
#3390=VECTOR('',#15822,1000.);
#3391=VECTOR('',#15823,1000.);
#3392=VECTOR('',#15824,1000.);
#3393=VECTOR('',#15827,1000.);
#3394=VECTOR('',#15828,1000.);
#3395=VECTOR('',#15831,1000.);
#3396=VECTOR('',#15832,1000.);
#3397=VECTOR('',#15835,1000.);
#3398=VECTOR('',#15840,1000.);
#3399=VECTOR('',#15841,1000.);
#3400=VECTOR('',#15842,1000.);
#3401=VECTOR('',#15845,1000.);
#3402=VECTOR('',#15846,1000.);
#3403=VECTOR('',#15849,1000.);
#3404=VECTOR('',#15850,1000.);
#3405=VECTOR('',#15853,1000.);
#3406=VECTOR('',#15858,1000.);
#3407=VECTOR('',#15859,1000.);
#3408=VECTOR('',#15860,1000.);
#3409=VECTOR('',#15863,1000.);
#3410=VECTOR('',#15864,1000.);
#3411=VECTOR('',#15867,1000.);
#3412=VECTOR('',#15868,1000.);
#3413=VECTOR('',#15871,1000.);
#3414=VECTOR('',#15876,1000.);
#3415=VECTOR('',#15877,1000.);
#3416=VECTOR('',#15878,1000.);
#3417=VECTOR('',#15881,1000.);
#3418=VECTOR('',#15882,1000.);
#3419=VECTOR('',#15885,1000.);
#3420=VECTOR('',#15886,1000.);
#3421=VECTOR('',#15889,1000.);
#3422=VECTOR('',#15894,1000.);
#3423=VECTOR('',#15895,1000.);
#3424=VECTOR('',#15896,1000.);
#3425=VECTOR('',#15899,1000.);
#3426=VECTOR('',#15900,1000.);
#3427=VECTOR('',#15903,1000.);
#3428=VECTOR('',#15904,1000.);
#3429=VECTOR('',#15907,1000.);
#3430=VECTOR('',#15912,1000.);
#3431=VECTOR('',#15913,1000.);
#3432=VECTOR('',#15914,1000.);
#3433=VECTOR('',#15917,1000.);
#3434=VECTOR('',#15918,1000.);
#3435=VECTOR('',#15921,1000.);
#3436=VECTOR('',#15922,1000.);
#3437=VECTOR('',#15925,1000.);
#3438=VECTOR('',#15930,1000.);
#3439=VECTOR('',#15931,1000.);
#3440=VECTOR('',#15932,1000.);
#3441=VECTOR('',#15935,1000.);
#3442=VECTOR('',#15936,1000.);
#3443=VECTOR('',#15939,1000.);
#3444=VECTOR('',#15940,1000.);
#3445=VECTOR('',#15943,1000.);
#3446=VECTOR('',#15948,1000.);
#3447=VECTOR('',#15949,1000.);
#3448=VECTOR('',#15950,1000.);
#3449=VECTOR('',#15953,1000.);
#3450=VECTOR('',#15954,1000.);
#3451=VECTOR('',#15957,1000.);
#3452=VECTOR('',#15958,1000.);
#3453=VECTOR('',#15961,1000.);
#3454=VECTOR('',#15966,1000.);
#3455=VECTOR('',#15967,1000.);
#3456=VECTOR('',#15968,1000.);
#3457=VECTOR('',#15971,1000.);
#3458=VECTOR('',#15972,1000.);
#3459=VECTOR('',#15975,1000.);
#3460=VECTOR('',#15976,1000.);
#3461=VECTOR('',#15979,1000.);
#3462=VECTOR('',#15984,1000.);
#3463=VECTOR('',#15985,1000.);
#3464=VECTOR('',#15986,1000.);
#3465=VECTOR('',#15989,1000.);
#3466=VECTOR('',#15990,1000.);
#3467=VECTOR('',#15993,1000.);
#3468=VECTOR('',#15994,1000.);
#3469=VECTOR('',#15997,1000.);
#3470=VECTOR('',#16002,1000.);
#3471=VECTOR('',#16003,1000.);
#3472=VECTOR('',#16004,1000.);
#3473=VECTOR('',#16007,1000.);
#3474=VECTOR('',#16008,1000.);
#3475=VECTOR('',#16011,1000.);
#3476=VECTOR('',#16012,1000.);
#3477=VECTOR('',#16015,1000.);
#3478=VECTOR('',#16020,1000.);
#3479=VECTOR('',#16021,1000.);
#3480=VECTOR('',#16022,1000.);
#3481=VECTOR('',#16025,1000.);
#3482=VECTOR('',#16026,1000.);
#3483=VECTOR('',#16029,1000.);
#3484=VECTOR('',#16030,1000.);
#3485=VECTOR('',#16033,1000.);
#3486=VECTOR('',#16038,1000.);
#3487=VECTOR('',#16039,1000.);
#3488=VECTOR('',#16040,1000.);
#3489=VECTOR('',#16043,1000.);
#3490=VECTOR('',#16044,1000.);
#3491=VECTOR('',#16047,1000.);
#3492=VECTOR('',#16048,1000.);
#3493=VECTOR('',#16051,1000.);
#3494=VECTOR('',#16056,1000.);
#3495=VECTOR('',#16057,1000.);
#3496=VECTOR('',#16058,1000.);
#3497=VECTOR('',#16061,1000.);
#3498=VECTOR('',#16062,1000.);
#3499=VECTOR('',#16065,1000.);
#3500=VECTOR('',#16066,1000.);
#3501=VECTOR('',#16069,1000.);
#3502=VECTOR('',#16074,1000.);
#3503=VECTOR('',#16075,1000.);
#3504=VECTOR('',#16076,1000.);
#3505=VECTOR('',#16079,1000.);
#3506=VECTOR('',#16080,1000.);
#3507=VECTOR('',#16083,1000.);
#3508=VECTOR('',#16084,1000.);
#3509=VECTOR('',#16087,1000.);
#3510=VECTOR('',#16092,1000.);
#3511=VECTOR('',#16093,1000.);
#3512=VECTOR('',#16094,1000.);
#3513=VECTOR('',#16097,1000.);
#3514=VECTOR('',#16098,1000.);
#3515=VECTOR('',#16101,1000.);
#3516=VECTOR('',#16102,1000.);
#3517=VECTOR('',#16105,1000.);
#3518=VECTOR('',#16110,1000.);
#3519=VECTOR('',#16111,1000.);
#3520=VECTOR('',#16112,1000.);
#3521=VECTOR('',#16115,1000.);
#3522=VECTOR('',#16116,1000.);
#3523=VECTOR('',#16119,1000.);
#3524=VECTOR('',#16120,1000.);
#3525=VECTOR('',#16123,1000.);
#3526=VECTOR('',#16128,1000.);
#3527=VECTOR('',#16129,1000.);
#3528=VECTOR('',#16130,1000.);
#3529=VECTOR('',#16133,1000.);
#3530=VECTOR('',#16134,1000.);
#3531=VECTOR('',#16137,1000.);
#3532=VECTOR('',#16138,1000.);
#3533=VECTOR('',#16141,1000.);
#3534=VECTOR('',#16146,1000.);
#3535=VECTOR('',#16147,1000.);
#3536=VECTOR('',#16148,1000.);
#3537=VECTOR('',#16151,1000.);
#3538=VECTOR('',#16152,1000.);
#3539=VECTOR('',#16155,1000.);
#3540=VECTOR('',#16156,1000.);
#3541=VECTOR('',#16159,1000.);
#3542=VECTOR('',#16164,1000.);
#3543=VECTOR('',#16165,1000.);
#3544=VECTOR('',#16166,1000.);
#3545=VECTOR('',#16169,1000.);
#3546=VECTOR('',#16170,1000.);
#3547=VECTOR('',#16173,1000.);
#3548=VECTOR('',#16174,1000.);
#3549=VECTOR('',#16177,1000.);
#3550=VECTOR('',#16182,1000.);
#3551=VECTOR('',#16183,1000.);
#3552=VECTOR('',#16184,1000.);
#3553=VECTOR('',#16187,1000.);
#3554=VECTOR('',#16188,1000.);
#3555=VECTOR('',#16191,1000.);
#3556=VECTOR('',#16192,1000.);
#3557=VECTOR('',#16195,1000.);
#3558=VECTOR('',#16200,1000.);
#3559=VECTOR('',#16201,1000.);
#3560=VECTOR('',#16202,1000.);
#3561=VECTOR('',#16205,1000.);
#3562=VECTOR('',#16206,1000.);
#3563=VECTOR('',#16209,1000.);
#3564=VECTOR('',#16210,1000.);
#3565=VECTOR('',#16213,1000.);
#3566=VECTOR('',#16218,1000.);
#3567=VECTOR('',#16219,1000.);
#3568=VECTOR('',#16220,1000.);
#3569=VECTOR('',#16223,1000.);
#3570=VECTOR('',#16224,1000.);
#3571=VECTOR('',#16227,1000.);
#3572=VECTOR('',#16228,1000.);
#3573=VECTOR('',#16231,1000.);
#3574=VECTOR('',#16236,1000.);
#3575=VECTOR('',#16237,1000.);
#3576=VECTOR('',#16238,1000.);
#3577=VECTOR('',#16241,1000.);
#3578=VECTOR('',#16242,1000.);
#3579=VECTOR('',#16245,1000.);
#3580=VECTOR('',#16246,1000.);
#3581=VECTOR('',#16249,1000.);
#3582=VECTOR('',#16254,1000.);
#3583=VECTOR('',#16255,1000.);
#3584=VECTOR('',#16256,1000.);
#3585=VECTOR('',#16259,1000.);
#3586=VECTOR('',#16260,1000.);
#3587=VECTOR('',#16263,1000.);
#3588=VECTOR('',#16264,1000.);
#3589=VECTOR('',#16267,1000.);
#3590=VECTOR('',#16272,1000.);
#3591=VECTOR('',#16273,1000.);
#3592=VECTOR('',#16274,1000.);
#3593=VECTOR('',#16277,1000.);
#3594=VECTOR('',#16278,1000.);
#3595=VECTOR('',#16281,1000.);
#3596=VECTOR('',#16282,1000.);
#3597=VECTOR('',#16285,1000.);
#3598=VECTOR('',#16290,1000.);
#3599=VECTOR('',#16291,1000.);
#3600=VECTOR('',#16292,1000.);
#3601=VECTOR('',#16295,1000.);
#3602=VECTOR('',#16296,1000.);
#3603=VECTOR('',#16299,1000.);
#3604=VECTOR('',#16300,1000.);
#3605=VECTOR('',#16303,1000.);
#3606=VECTOR('',#16308,1000.);
#3607=VECTOR('',#16309,1000.);
#3608=VECTOR('',#16310,1000.);
#3609=VECTOR('',#16313,1000.);
#3610=VECTOR('',#16314,1000.);
#3611=VECTOR('',#16317,1000.);
#3612=VECTOR('',#16318,1000.);
#3613=VECTOR('',#16321,1000.);
#3614=VECTOR('',#16326,1000.);
#3615=VECTOR('',#16327,1000.);
#3616=VECTOR('',#16328,1000.);
#3617=VECTOR('',#16331,1000.);
#3618=VECTOR('',#16332,1000.);
#3619=VECTOR('',#16335,1000.);
#3620=VECTOR('',#16336,1000.);
#3621=VECTOR('',#16339,1000.);
#3622=VECTOR('',#16344,1000.);
#3623=VECTOR('',#16345,1000.);
#3624=VECTOR('',#16346,1000.);
#3625=VECTOR('',#16349,1000.);
#3626=VECTOR('',#16350,1000.);
#3627=VECTOR('',#16353,1000.);
#3628=VECTOR('',#16354,1000.);
#3629=VECTOR('',#16357,1000.);
#3630=VECTOR('',#16362,1000.);
#3631=VECTOR('',#16363,1000.);
#3632=VECTOR('',#16364,1000.);
#3633=VECTOR('',#16367,1000.);
#3634=VECTOR('',#16368,1000.);
#3635=VECTOR('',#16371,1000.);
#3636=VECTOR('',#16372,1000.);
#3637=VECTOR('',#16375,1000.);
#3638=VECTOR('',#16380,1000.);
#3639=VECTOR('',#16381,1000.);
#3640=VECTOR('',#16382,1000.);
#3641=VECTOR('',#16385,1000.);
#3642=VECTOR('',#16386,1000.);
#3643=VECTOR('',#16389,1000.);
#3644=VECTOR('',#16390,1000.);
#3645=VECTOR('',#16393,1000.);
#3646=VECTOR('',#16398,1000.);
#3647=VECTOR('',#16399,1000.);
#3648=VECTOR('',#16400,1000.);
#3649=VECTOR('',#16403,1000.);
#3650=VECTOR('',#16404,1000.);
#3651=VECTOR('',#16407,1000.);
#3652=VECTOR('',#16408,1000.);
#3653=VECTOR('',#16411,1000.);
#3654=VECTOR('',#16416,1000.);
#3655=VECTOR('',#16417,1000.);
#3656=VECTOR('',#16418,1000.);
#3657=VECTOR('',#16421,1000.);
#3658=VECTOR('',#16422,1000.);
#3659=VECTOR('',#16425,1000.);
#3660=VECTOR('',#16426,1000.);
#3661=VECTOR('',#16429,1000.);
#3662=VECTOR('',#16434,1000.);
#3663=VECTOR('',#16435,1000.);
#3664=VECTOR('',#16436,1000.);
#3665=VECTOR('',#16439,1000.);
#3666=VECTOR('',#16440,1000.);
#3667=VECTOR('',#16443,1000.);
#3668=VECTOR('',#16444,1000.);
#3669=VECTOR('',#16447,1000.);
#3670=VECTOR('',#16452,1000.);
#3671=VECTOR('',#16453,1000.);
#3672=VECTOR('',#16454,1000.);
#3673=VECTOR('',#16457,1000.);
#3674=VECTOR('',#16458,1000.);
#3675=VECTOR('',#16461,1000.);
#3676=VECTOR('',#16462,1000.);
#3677=VECTOR('',#16465,1000.);
#3678=VECTOR('',#16470,1000.);
#3679=VECTOR('',#16471,1000.);
#3680=VECTOR('',#16472,1000.);
#3681=VECTOR('',#16475,1000.);
#3682=VECTOR('',#16476,1000.);
#3683=VECTOR('',#16479,1000.);
#3684=VECTOR('',#16480,1000.);
#3685=VECTOR('',#16483,1000.);
#3686=VECTOR('',#16488,1000.);
#3687=VECTOR('',#16489,1000.);
#3688=VECTOR('',#16490,1000.);
#3689=VECTOR('',#16493,1000.);
#3690=VECTOR('',#16494,1000.);
#3691=VECTOR('',#16497,1000.);
#3692=VECTOR('',#16498,1000.);
#3693=VECTOR('',#16501,1000.);
#3694=VECTOR('',#16506,1000.);
#3695=VECTOR('',#16507,1000.);
#3696=VECTOR('',#16508,1000.);
#3697=VECTOR('',#16511,1000.);
#3698=VECTOR('',#16512,1000.);
#3699=VECTOR('',#16515,1000.);
#3700=VECTOR('',#16516,1000.);
#3701=VECTOR('',#16519,1000.);
#3702=VECTOR('',#16524,1000.);
#3703=VECTOR('',#16525,1000.);
#3704=VECTOR('',#16526,1000.);
#3705=VECTOR('',#16529,1000.);
#3706=VECTOR('',#16530,1000.);
#3707=VECTOR('',#16533,1000.);
#3708=VECTOR('',#16534,1000.);
#3709=VECTOR('',#16537,1000.);
#3710=VECTOR('',#16542,1000.);
#3711=VECTOR('',#16543,1000.);
#3712=VECTOR('',#16544,1000.);
#3713=VECTOR('',#16547,1000.);
#3714=VECTOR('',#16548,1000.);
#3715=VECTOR('',#16551,1000.);
#3716=VECTOR('',#16552,1000.);
#3717=VECTOR('',#16555,1000.);
#3718=VECTOR('',#16560,1000.);
#3719=VECTOR('',#16561,1000.);
#3720=VECTOR('',#16562,1000.);
#3721=VECTOR('',#16565,1000.);
#3722=VECTOR('',#16566,1000.);
#3723=VECTOR('',#16569,1000.);
#3724=VECTOR('',#16570,1000.);
#3725=VECTOR('',#16573,1000.);
#3726=VECTOR('',#16578,1000.);
#3727=VECTOR('',#16579,1000.);
#3728=VECTOR('',#16580,1000.);
#3729=VECTOR('',#16583,1000.);
#3730=VECTOR('',#16584,1000.);
#3731=VECTOR('',#16587,1000.);
#3732=VECTOR('',#16588,1000.);
#3733=VECTOR('',#16591,1000.);
#3734=VECTOR('',#16596,1000.);
#3735=VECTOR('',#16597,1000.);
#3736=VECTOR('',#16598,1000.);
#3737=VECTOR('',#16601,1000.);
#3738=VECTOR('',#16602,1000.);
#3739=VECTOR('',#16605,1000.);
#3740=VECTOR('',#16606,1000.);
#3741=VECTOR('',#16609,1000.);
#3742=CYLINDRICAL_SURFACE('',#12568,1.6);
#3743=CYLINDRICAL_SURFACE('',#12571,1.25000000000001);
#3744=CYLINDRICAL_SURFACE('',#12574,1.6);
#3745=CYLINDRICAL_SURFACE('',#12577,1.6);
#3746=CYLINDRICAL_SURFACE('',#12580,1.25000000000001);
#3747=CYLINDRICAL_SURFACE('',#12583,1.6);
#3748=CYLINDRICAL_SURFACE('',#12586,1.6);
#3749=CYLINDRICAL_SURFACE('',#12589,1.25000000000001);
#3750=CYLINDRICAL_SURFACE('',#12592,1.6);
#3751=CYLINDRICAL_SURFACE('',#12595,0.65);
#3752=CYLINDRICAL_SURFACE('',#12598,0.5);
#3753=CYLINDRICAL_SURFACE('',#12601,0.65);
#3754=CYLINDRICAL_SURFACE('',#12604,0.650000000000001);
#3755=CYLINDRICAL_SURFACE('',#12607,0.5);
#3756=CYLINDRICAL_SURFACE('',#12610,0.650000000000001);
#3757=CYLINDRICAL_SURFACE('',#12613,0.650000000000001);
#3758=CYLINDRICAL_SURFACE('',#12616,0.5);
#3759=CYLINDRICAL_SURFACE('',#12619,0.650000000000001);
#3760=CYLINDRICAL_SURFACE('',#12622,0.650000000000001);
#3761=CYLINDRICAL_SURFACE('',#12625,0.5);
#3762=CYLINDRICAL_SURFACE('',#12628,0.650000000000001);
#3763=CYLINDRICAL_SURFACE('',#12631,0.650000000000001);
#3764=CYLINDRICAL_SURFACE('',#12634,0.5);
#3765=CYLINDRICAL_SURFACE('',#12637,0.650000000000001);
#3766=CYLINDRICAL_SURFACE('',#12640,0.5);
#3767=CYLINDRICAL_SURFACE('',#12643,0.649999999999998);
#3768=CYLINDRICAL_SURFACE('',#12646,0.5);
#3769=CYLINDRICAL_SURFACE('',#12649,0.649999999999998);
#3770=CYLINDRICAL_SURFACE('',#12652,0.649999999999998);
#3771=CYLINDRICAL_SURFACE('',#12655,0.5);
#3772=CYLINDRICAL_SURFACE('',#12658,0.649999999999998);
#3773=CYLINDRICAL_SURFACE('',#12661,0.5);
#3774=CYLINDRICAL_SURFACE('',#12664,1.6);
#3775=CYLINDRICAL_SURFACE('',#12667,1.25000000000001);
#3776=CYLINDRICAL_SURFACE('',#12670,1.6);
#3777=CYLINDRICAL_SURFACE('',#12673,0.25);
#3778=CYLINDRICAL_SURFACE('',#12676,0.25);
#3779=CYLINDRICAL_SURFACE('',#12679,0.25);
#3780=CYLINDRICAL_SURFACE('',#12682,0.25);
#3781=CYLINDRICAL_SURFACE('',#12685,0.25);
#3782=CYLINDRICAL_SURFACE('',#12688,0.25);
#3783=CYLINDRICAL_SURFACE('',#12691,0.25);
#3784=CYLINDRICAL_SURFACE('',#12786,0.25);
#3785=CYLINDRICAL_SURFACE('',#12788,0.25);
#3786=CYLINDRICAL_SURFACE('',#12789,0.25);
#3787=CYLINDRICAL_SURFACE('',#12791,0.25);
#3788=CYLINDRICAL_SURFACE('',#12793,0.25);
#3789=CYLINDRICAL_SURFACE('',#12795,0.25);
#3790=CYLINDRICAL_SURFACE('',#12796,0.25);
#3791=CYLINDRICAL_SURFACE('',#12798,0.25);
#3792=CYLINDRICAL_SURFACE('',#12800,0.25);
#3793=CYLINDRICAL_SURFACE('',#12802,0.25);
#3794=CYLINDRICAL_SURFACE('',#12804,0.25);
#3795=CYLINDRICAL_SURFACE('',#12806,0.25);
#3796=CYLINDRICAL_SURFACE('',#12807,0.25);
#3797=CYLINDRICAL_SURFACE('',#12809,0.25);
#3798=CYLINDRICAL_SURFACE('',#12810,0.25);
#3799=CYLINDRICAL_SURFACE('',#12812,0.25);
#3800=CYLINDRICAL_SURFACE('',#12814,0.25);
#3801=CYLINDRICAL_SURFACE('',#12816,0.25);
#3802=CYLINDRICAL_SURFACE('',#12818,0.25);
#3803=CYLINDRICAL_SURFACE('',#12820,0.25);
#3804=CYLINDRICAL_SURFACE('',#12821,0.25);
#3805=CYLINDRICAL_SURFACE('',#12823,0.25);
#3806=CYLINDRICAL_SURFACE('',#12825,0.25);
#3807=CYLINDRICAL_SURFACE('',#12827,0.25);
#3808=CYLINDRICAL_SURFACE('',#12828,0.25);
#3809=CYLINDRICAL_SURFACE('',#12830,0.25);
#3810=CYLINDRICAL_SURFACE('',#12832,0.25);
#3811=CYLINDRICAL_SURFACE('',#12834,0.25);
#3812=CYLINDRICAL_SURFACE('',#12835,0.25);
#3813=CYLINDRICAL_SURFACE('',#12837,0.25);
#3814=CYLINDRICAL_SURFACE('',#12839,0.25);
#3815=CYLINDRICAL_SURFACE('',#12841,0.25);
#3816=CYLINDRICAL_SURFACE('',#12978,1.);
#3817=CYLINDRICAL_SURFACE('',#12980,1.);
#3818=CYLINDRICAL_SURFACE('',#12982,1.);
#3819=CYLINDRICAL_SURFACE('',#12984,1.);
#3820=CYLINDRICAL_SURFACE('',#12996,0.25);
#3821=CYLINDRICAL_SURFACE('',#12999,0.25);
#3822=CYLINDRICAL_SURFACE('',#13001,0.25);
#3823=CYLINDRICAL_SURFACE('',#13003,0.25);
#3824=CYLINDRICAL_SURFACE('',#13004,0.25);
#3825=CYLINDRICAL_SURFACE('',#13007,0.25);
#3826=CYLINDRICAL_SURFACE('',#13009,0.25);
#3827=CYLINDRICAL_SURFACE('',#13011,0.25);
#3828=FACE_OUTER_BOUND('',#4511,.T.);
#3829=FACE_OUTER_BOUND('',#4512,.T.);
#3830=FACE_OUTER_BOUND('',#4513,.T.);
#3831=FACE_OUTER_BOUND('',#4514,.T.);
#3832=FACE_OUTER_BOUND('',#4515,.T.);
#3833=FACE_OUTER_BOUND('',#4516,.T.);
#3834=FACE_OUTER_BOUND('',#4517,.T.);
#3835=FACE_OUTER_BOUND('',#4518,.T.);
#3836=FACE_OUTER_BOUND('',#4519,.T.);
#3837=FACE_OUTER_BOUND('',#4520,.T.);
#3838=FACE_OUTER_BOUND('',#4521,.T.);
#3839=FACE_OUTER_BOUND('',#4522,.T.);
#3840=FACE_OUTER_BOUND('',#4523,.T.);
#3841=FACE_OUTER_BOUND('',#4524,.T.);
#3842=FACE_OUTER_BOUND('',#4525,.T.);
#3843=FACE_OUTER_BOUND('',#4526,.T.);
#3844=FACE_OUTER_BOUND('',#4527,.T.);
#3845=FACE_OUTER_BOUND('',#4528,.T.);
#3846=FACE_OUTER_BOUND('',#4529,.T.);
#3847=FACE_OUTER_BOUND('',#4530,.T.);
#3848=FACE_OUTER_BOUND('',#4531,.T.);
#3849=FACE_OUTER_BOUND('',#4532,.T.);
#3850=FACE_OUTER_BOUND('',#4533,.T.);
#3851=FACE_OUTER_BOUND('',#4534,.T.);
#3852=FACE_OUTER_BOUND('',#4535,.T.);
#3853=FACE_OUTER_BOUND('',#4536,.T.);
#3854=FACE_OUTER_BOUND('',#4537,.T.);
#3855=FACE_OUTER_BOUND('',#4538,.T.);
#3856=FACE_OUTER_BOUND('',#4539,.T.);
#3857=FACE_OUTER_BOUND('',#4540,.T.);
#3858=FACE_OUTER_BOUND('',#4541,.T.);
#3859=FACE_OUTER_BOUND('',#4542,.T.);
#3860=FACE_OUTER_BOUND('',#4543,.T.);
#3861=FACE_OUTER_BOUND('',#4544,.T.);
#3862=FACE_OUTER_BOUND('',#4545,.T.);
#3863=FACE_OUTER_BOUND('',#4546,.T.);
#3864=FACE_OUTER_BOUND('',#4547,.T.);
#3865=FACE_OUTER_BOUND('',#4548,.T.);
#3866=FACE_OUTER_BOUND('',#4549,.T.);
#3867=FACE_OUTER_BOUND('',#4550,.T.);
#3868=FACE_OUTER_BOUND('',#4551,.T.);
#3869=FACE_OUTER_BOUND('',#4552,.T.);
#3870=FACE_OUTER_BOUND('',#4553,.T.);
#3871=FACE_OUTER_BOUND('',#4554,.T.);
#3872=FACE_OUTER_BOUND('',#4555,.T.);
#3873=FACE_OUTER_BOUND('',#4556,.T.);
#3874=FACE_OUTER_BOUND('',#4637,.T.);
#3875=FACE_OUTER_BOUND('',#4638,.T.);
#3876=FACE_OUTER_BOUND('',#4639,.T.);
#3877=FACE_OUTER_BOUND('',#4640,.T.);
#3878=FACE_OUTER_BOUND('',#4641,.T.);
#3879=FACE_OUTER_BOUND('',#4642,.T.);
#3880=FACE_OUTER_BOUND('',#4643,.T.);
#3881=FACE_OUTER_BOUND('',#4644,.T.);
#3882=FACE_OUTER_BOUND('',#4645,.T.);
#3883=FACE_OUTER_BOUND('',#4646,.T.);
#3884=FACE_OUTER_BOUND('',#4647,.T.);
#3885=FACE_OUTER_BOUND('',#4648,.T.);
#3886=FACE_OUTER_BOUND('',#4649,.T.);
#3887=FACE_OUTER_BOUND('',#4650,.T.);
#3888=FACE_OUTER_BOUND('',#4651,.T.);
#3889=FACE_OUTER_BOUND('',#4652,.T.);
#3890=FACE_OUTER_BOUND('',#4653,.T.);
#3891=FACE_OUTER_BOUND('',#4668,.T.);
#3892=FACE_OUTER_BOUND('',#4669,.T.);
#3893=FACE_OUTER_BOUND('',#4701,.T.);
#3894=FACE_OUTER_BOUND('',#4702,.T.);
#3895=FACE_OUTER_BOUND('',#4703,.T.);
#3896=FACE_OUTER_BOUND('',#4704,.T.);
#3897=FACE_OUTER_BOUND('',#4705,.T.);
#3898=FACE_OUTER_BOUND('',#4706,.T.);
#3899=FACE_OUTER_BOUND('',#4707,.T.);
#3900=FACE_OUTER_BOUND('',#4708,.T.);
#3901=FACE_OUTER_BOUND('',#4709,.T.);
#3902=FACE_OUTER_BOUND('',#4710,.T.);
#3903=FACE_OUTER_BOUND('',#4711,.T.);
#3904=FACE_OUTER_BOUND('',#4712,.T.);
#3905=FACE_OUTER_BOUND('',#4713,.T.);
#3906=FACE_OUTER_BOUND('',#4714,.T.);
#3907=FACE_OUTER_BOUND('',#4715,.T.);
#3908=FACE_OUTER_BOUND('',#4716,.T.);
#3909=FACE_OUTER_BOUND('',#4717,.T.);
#3910=FACE_OUTER_BOUND('',#4718,.T.);
#3911=FACE_OUTER_BOUND('',#4719,.T.);
#3912=FACE_OUTER_BOUND('',#4720,.T.);
#3913=FACE_OUTER_BOUND('',#4721,.T.);
#3914=FACE_OUTER_BOUND('',#4722,.T.);
#3915=FACE_OUTER_BOUND('',#4723,.T.);
#3916=FACE_OUTER_BOUND('',#4724,.T.);
#3917=FACE_OUTER_BOUND('',#4725,.T.);
#3918=FACE_OUTER_BOUND('',#4726,.T.);
#3919=FACE_OUTER_BOUND('',#4727,.T.);
#3920=FACE_OUTER_BOUND('',#4728,.T.);
#3921=FACE_OUTER_BOUND('',#4729,.T.);
#3922=FACE_OUTER_BOUND('',#4730,.T.);
#3923=FACE_OUTER_BOUND('',#4731,.T.);
#3924=FACE_OUTER_BOUND('',#4732,.T.);
#3925=FACE_OUTER_BOUND('',#4733,.T.);
#3926=FACE_OUTER_BOUND('',#4734,.T.);
#3927=FACE_OUTER_BOUND('',#4735,.T.);
#3928=FACE_OUTER_BOUND('',#4736,.T.);
#3929=FACE_OUTER_BOUND('',#4737,.T.);
#3930=FACE_OUTER_BOUND('',#4738,.T.);
#3931=FACE_OUTER_BOUND('',#4739,.T.);
#3932=FACE_OUTER_BOUND('',#4740,.T.);
#3933=FACE_OUTER_BOUND('',#4741,.T.);
#3934=FACE_OUTER_BOUND('',#4742,.T.);
#3935=FACE_OUTER_BOUND('',#4743,.T.);
#3936=FACE_OUTER_BOUND('',#4744,.T.);
#3937=FACE_OUTER_BOUND('',#4745,.T.);
#3938=FACE_OUTER_BOUND('',#4746,.T.);
#3939=FACE_OUTER_BOUND('',#4747,.T.);
#3940=FACE_OUTER_BOUND('',#4748,.T.);
#3941=FACE_OUTER_BOUND('',#4749,.T.);
#3942=FACE_OUTER_BOUND('',#4750,.T.);
#3943=FACE_OUTER_BOUND('',#4751,.T.);
#3944=FACE_OUTER_BOUND('',#4752,.T.);
#3945=FACE_OUTER_BOUND('',#4753,.T.);
#3946=FACE_OUTER_BOUND('',#4754,.T.);
#3947=FACE_OUTER_BOUND('',#4755,.T.);
#3948=FACE_OUTER_BOUND('',#4756,.T.);
#3949=FACE_OUTER_BOUND('',#4757,.T.);
#3950=FACE_OUTER_BOUND('',#4758,.T.);
#3951=FACE_OUTER_BOUND('',#4759,.T.);
#3952=FACE_OUTER_BOUND('',#4760,.T.);
#3953=FACE_OUTER_BOUND('',#4761,.T.);
#3954=FACE_OUTER_BOUND('',#4763,.T.);
#3955=FACE_OUTER_BOUND('',#4765,.T.);
#3956=FACE_OUTER_BOUND('',#4766,.T.);
#3957=FACE_OUTER_BOUND('',#4767,.T.);
#3958=FACE_OUTER_BOUND('',#4768,.T.);
#3959=FACE_OUTER_BOUND('',#4769,.T.);
#3960=FACE_OUTER_BOUND('',#4771,.T.);
#3961=FACE_OUTER_BOUND('',#4772,.T.);
#3962=FACE_OUTER_BOUND('',#4773,.T.);
#3963=FACE_OUTER_BOUND('',#4774,.T.);
#3964=FACE_OUTER_BOUND('',#4775,.T.);
#3965=FACE_OUTER_BOUND('',#4777,.T.);
#3966=FACE_OUTER_BOUND('',#4779,.T.);
#3967=FACE_OUTER_BOUND('',#4781,.T.);
#3968=FACE_OUTER_BOUND('',#4783,.T.);
#3969=FACE_OUTER_BOUND('',#4785,.T.);
#3970=FACE_OUTER_BOUND('',#4786,.T.);
#3971=FACE_OUTER_BOUND('',#4787,.T.);
#3972=FACE_OUTER_BOUND('',#4788,.T.);
#3973=FACE_OUTER_BOUND('',#4789,.T.);
#3974=FACE_OUTER_BOUND('',#4791,.T.);
#3975=FACE_OUTER_BOUND('',#4792,.T.);
#3976=FACE_OUTER_BOUND('',#4793,.T.);
#3977=FACE_OUTER_BOUND('',#4794,.T.);
#3978=FACE_OUTER_BOUND('',#4795,.T.);
#3979=FACE_OUTER_BOUND('',#4797,.T.);
#3980=FACE_OUTER_BOUND('',#4799,.T.);
#3981=FACE_OUTER_BOUND('',#4801,.T.);
#3982=FACE_OUTER_BOUND('',#4803,.T.);
#3983=FACE_OUTER_BOUND('',#4805,.T.);
#3984=FACE_OUTER_BOUND('',#4807,.T.);
#3985=FACE_OUTER_BOUND('',#4809,.T.);
#3986=FACE_OUTER_BOUND('',#4811,.T.);
#3987=FACE_OUTER_BOUND('',#4813,.T.);
#3988=FACE_OUTER_BOUND('',#4815,.T.);
#3989=FACE_OUTER_BOUND('',#4817,.T.);
#3990=FACE_OUTER_BOUND('',#4819,.T.);
#3991=FACE_OUTER_BOUND('',#4821,.T.);
#3992=FACE_OUTER_BOUND('',#4823,.T.);
#3993=FACE_OUTER_BOUND('',#4825,.T.);
#3994=FACE_OUTER_BOUND('',#4827,.T.);
#3995=FACE_OUTER_BOUND('',#4829,.T.);
#3996=FACE_OUTER_BOUND('',#4830,.T.);
#3997=FACE_OUTER_BOUND('',#4831,.T.);
#3998=FACE_OUTER_BOUND('',#4832,.T.);
#3999=FACE_OUTER_BOUND('',#4833,.T.);
#4000=FACE_OUTER_BOUND('',#4834,.T.);
#4001=FACE_OUTER_BOUND('',#4835,.T.);
#4002=FACE_OUTER_BOUND('',#4836,.T.);
#4003=FACE_OUTER_BOUND('',#4837,.T.);
#4004=FACE_OUTER_BOUND('',#4838,.T.);
#4005=FACE_OUTER_BOUND('',#4839,.T.);
#4006=FACE_OUTER_BOUND('',#4840,.T.);
#4007=FACE_OUTER_BOUND('',#4841,.T.);
#4008=FACE_OUTER_BOUND('',#4842,.T.);
#4009=FACE_OUTER_BOUND('',#4846,.T.);
#4010=FACE_OUTER_BOUND('',#4847,.T.);
#4011=FACE_OUTER_BOUND('',#4848,.T.);
#4012=FACE_OUTER_BOUND('',#4849,.T.);
#4013=FACE_OUTER_BOUND('',#4850,.T.);
#4014=FACE_OUTER_BOUND('',#4851,.T.);
#4015=FACE_OUTER_BOUND('',#4852,.T.);
#4016=FACE_OUTER_BOUND('',#4853,.T.);
#4017=FACE_OUTER_BOUND('',#4854,.T.);
#4018=FACE_OUTER_BOUND('',#4855,.T.);
#4019=FACE_OUTER_BOUND('',#4856,.T.);
#4020=FACE_OUTER_BOUND('',#4857,.T.);
#4021=FACE_OUTER_BOUND('',#4858,.T.);
#4022=FACE_OUTER_BOUND('',#4859,.T.);
#4023=FACE_OUTER_BOUND('',#4860,.T.);
#4024=FACE_OUTER_BOUND('',#4861,.T.);
#4025=FACE_OUTER_BOUND('',#4862,.T.);
#4026=FACE_OUTER_BOUND('',#4863,.T.);
#4027=FACE_OUTER_BOUND('',#4864,.T.);
#4028=FACE_OUTER_BOUND('',#4865,.T.);
#4029=FACE_OUTER_BOUND('',#4866,.T.);
#4030=FACE_OUTER_BOUND('',#4867,.T.);
#4031=FACE_OUTER_BOUND('',#4868,.T.);
#4032=FACE_OUTER_BOUND('',#4869,.T.);
#4033=FACE_OUTER_BOUND('',#4870,.T.);
#4034=FACE_OUTER_BOUND('',#4871,.T.);
#4035=FACE_OUTER_BOUND('',#4872,.T.);
#4036=FACE_OUTER_BOUND('',#4873,.T.);
#4037=FACE_OUTER_BOUND('',#4874,.T.);
#4038=FACE_OUTER_BOUND('',#4875,.T.);
#4039=FACE_OUTER_BOUND('',#4876,.T.);
#4040=FACE_OUTER_BOUND('',#4877,.T.);
#4041=FACE_OUTER_BOUND('',#4878,.T.);
#4042=FACE_OUTER_BOUND('',#4879,.T.);
#4043=FACE_OUTER_BOUND('',#4880,.T.);
#4044=FACE_OUTER_BOUND('',#4881,.T.);
#4045=FACE_OUTER_BOUND('',#4882,.T.);
#4046=FACE_OUTER_BOUND('',#4883,.T.);
#4047=FACE_OUTER_BOUND('',#4884,.T.);
#4048=FACE_OUTER_BOUND('',#4885,.T.);
#4049=FACE_OUTER_BOUND('',#4886,.T.);
#4050=FACE_OUTER_BOUND('',#4887,.T.);
#4051=FACE_OUTER_BOUND('',#4888,.T.);
#4052=FACE_OUTER_BOUND('',#4889,.T.);
#4053=FACE_OUTER_BOUND('',#4890,.T.);
#4054=FACE_OUTER_BOUND('',#4891,.T.);
#4055=FACE_OUTER_BOUND('',#4892,.T.);
#4056=FACE_OUTER_BOUND('',#4893,.T.);
#4057=FACE_OUTER_BOUND('',#4894,.T.);
#4058=FACE_OUTER_BOUND('',#4895,.T.);
#4059=FACE_OUTER_BOUND('',#4896,.T.);
#4060=FACE_OUTER_BOUND('',#4897,.T.);
#4061=FACE_OUTER_BOUND('',#4898,.T.);
#4062=FACE_OUTER_BOUND('',#4899,.T.);
#4063=FACE_OUTER_BOUND('',#4900,.T.);
#4064=FACE_OUTER_BOUND('',#4901,.T.);
#4065=FACE_OUTER_BOUND('',#4902,.T.);
#4066=FACE_OUTER_BOUND('',#4903,.T.);
#4067=FACE_OUTER_BOUND('',#4904,.T.);
#4068=FACE_OUTER_BOUND('',#4905,.T.);
#4069=FACE_OUTER_BOUND('',#4906,.T.);
#4070=FACE_OUTER_BOUND('',#4907,.T.);
#4071=FACE_OUTER_BOUND('',#4908,.T.);
#4072=FACE_OUTER_BOUND('',#4909,.T.);
#4073=FACE_OUTER_BOUND('',#4910,.T.);
#4074=FACE_OUTER_BOUND('',#4911,.T.);
#4075=FACE_OUTER_BOUND('',#4912,.T.);
#4076=FACE_OUTER_BOUND('',#4913,.T.);
#4077=FACE_OUTER_BOUND('',#4914,.T.);
#4078=FACE_OUTER_BOUND('',#4915,.T.);
#4079=FACE_OUTER_BOUND('',#4916,.T.);
#4080=FACE_OUTER_BOUND('',#4917,.T.);
#4081=FACE_OUTER_BOUND('',#4918,.T.);
#4082=FACE_OUTER_BOUND('',#4919,.T.);
#4083=FACE_OUTER_BOUND('',#4920,.T.);
#4084=FACE_OUTER_BOUND('',#4921,.T.);
#4085=FACE_OUTER_BOUND('',#4922,.T.);
#4086=FACE_OUTER_BOUND('',#4923,.T.);
#4087=FACE_OUTER_BOUND('',#4924,.T.);
#4088=FACE_OUTER_BOUND('',#4925,.T.);
#4089=FACE_OUTER_BOUND('',#4926,.T.);
#4090=FACE_OUTER_BOUND('',#4927,.T.);
#4091=FACE_OUTER_BOUND('',#4928,.T.);
#4092=FACE_OUTER_BOUND('',#4929,.T.);
#4093=FACE_OUTER_BOUND('',#4930,.T.);
#4094=FACE_OUTER_BOUND('',#4931,.T.);
#4095=FACE_OUTER_BOUND('',#4932,.T.);
#4096=FACE_OUTER_BOUND('',#4933,.T.);
#4097=FACE_OUTER_BOUND('',#4934,.T.);
#4098=FACE_OUTER_BOUND('',#4935,.T.);
#4099=FACE_OUTER_BOUND('',#4936,.T.);
#4100=FACE_OUTER_BOUND('',#4937,.T.);
#4101=FACE_OUTER_BOUND('',#4938,.T.);
#4102=FACE_OUTER_BOUND('',#4939,.T.);
#4103=FACE_OUTER_BOUND('',#4940,.T.);
#4104=FACE_OUTER_BOUND('',#4941,.T.);
#4105=FACE_OUTER_BOUND('',#4942,.T.);
#4106=FACE_OUTER_BOUND('',#4943,.T.);
#4107=FACE_OUTER_BOUND('',#4944,.T.);
#4108=FACE_OUTER_BOUND('',#4945,.T.);
#4109=FACE_OUTER_BOUND('',#4946,.T.);
#4110=FACE_OUTER_BOUND('',#4947,.T.);
#4111=FACE_OUTER_BOUND('',#4948,.T.);
#4112=FACE_OUTER_BOUND('',#4949,.T.);
#4113=FACE_OUTER_BOUND('',#4950,.T.);
#4114=FACE_OUTER_BOUND('',#4951,.T.);
#4115=FACE_OUTER_BOUND('',#4952,.T.);
#4116=FACE_OUTER_BOUND('',#4953,.T.);
#4117=FACE_OUTER_BOUND('',#4954,.T.);
#4118=FACE_OUTER_BOUND('',#4955,.T.);
#4119=FACE_OUTER_BOUND('',#4956,.T.);
#4120=FACE_OUTER_BOUND('',#4957,.T.);
#4121=FACE_OUTER_BOUND('',#4958,.T.);
#4122=FACE_OUTER_BOUND('',#4959,.T.);
#4123=FACE_OUTER_BOUND('',#4960,.T.);
#4124=FACE_OUTER_BOUND('',#4961,.T.);
#4125=FACE_OUTER_BOUND('',#4962,.T.);
#4126=FACE_OUTER_BOUND('',#4963,.T.);
#4127=FACE_OUTER_BOUND('',#4964,.T.);
#4128=FACE_OUTER_BOUND('',#4965,.T.);
#4129=FACE_OUTER_BOUND('',#4966,.T.);
#4130=FACE_OUTER_BOUND('',#4967,.T.);
#4131=FACE_OUTER_BOUND('',#4968,.T.);
#4132=FACE_OUTER_BOUND('',#4969,.T.);
#4133=FACE_OUTER_BOUND('',#4970,.T.);
#4134=FACE_OUTER_BOUND('',#4971,.T.);
#4135=FACE_OUTER_BOUND('',#4972,.T.);
#4136=FACE_OUTER_BOUND('',#4973,.T.);
#4137=FACE_OUTER_BOUND('',#4974,.T.);
#4138=FACE_OUTER_BOUND('',#4975,.T.);
#4139=FACE_OUTER_BOUND('',#4976,.T.);
#4140=FACE_OUTER_BOUND('',#4977,.T.);
#4141=FACE_OUTER_BOUND('',#4978,.T.);
#4142=FACE_OUTER_BOUND('',#4979,.T.);
#4143=FACE_OUTER_BOUND('',#4980,.T.);
#4144=FACE_OUTER_BOUND('',#4981,.T.);
#4145=FACE_OUTER_BOUND('',#4982,.T.);
#4146=FACE_OUTER_BOUND('',#4983,.T.);
#4147=FACE_OUTER_BOUND('',#4984,.T.);
#4148=FACE_OUTER_BOUND('',#4985,.T.);
#4149=FACE_OUTER_BOUND('',#4986,.T.);
#4150=FACE_OUTER_BOUND('',#4987,.T.);
#4151=FACE_OUTER_BOUND('',#4988,.T.);
#4152=FACE_OUTER_BOUND('',#4989,.T.);
#4153=FACE_OUTER_BOUND('',#4990,.T.);
#4154=FACE_OUTER_BOUND('',#4991,.T.);
#4155=FACE_OUTER_BOUND('',#4992,.T.);
#4156=FACE_OUTER_BOUND('',#4993,.T.);
#4157=FACE_OUTER_BOUND('',#4994,.T.);
#4158=FACE_OUTER_BOUND('',#4995,.T.);
#4159=FACE_OUTER_BOUND('',#4996,.T.);
#4160=FACE_OUTER_BOUND('',#4997,.T.);
#4161=FACE_OUTER_BOUND('',#4998,.T.);
#4162=FACE_OUTER_BOUND('',#4999,.T.);
#4163=FACE_OUTER_BOUND('',#5000,.T.);
#4164=FACE_OUTER_BOUND('',#5001,.T.);
#4165=FACE_OUTER_BOUND('',#5002,.T.);
#4166=FACE_OUTER_BOUND('',#5003,.T.);
#4167=FACE_OUTER_BOUND('',#5004,.T.);
#4168=FACE_OUTER_BOUND('',#5005,.T.);
#4169=FACE_OUTER_BOUND('',#5006,.T.);
#4170=FACE_OUTER_BOUND('',#5007,.T.);
#4171=FACE_OUTER_BOUND('',#5008,.T.);
#4172=FACE_OUTER_BOUND('',#5009,.T.);
#4173=FACE_OUTER_BOUND('',#5010,.T.);
#4174=FACE_OUTER_BOUND('',#5011,.T.);
#4175=FACE_OUTER_BOUND('',#5012,.T.);
#4176=FACE_OUTER_BOUND('',#5013,.T.);
#4177=FACE_OUTER_BOUND('',#5014,.T.);
#4178=FACE_OUTER_BOUND('',#5015,.T.);
#4179=FACE_OUTER_BOUND('',#5016,.T.);
#4180=FACE_OUTER_BOUND('',#5017,.T.);
#4181=FACE_OUTER_BOUND('',#5018,.T.);
#4182=FACE_OUTER_BOUND('',#5019,.T.);
#4183=FACE_OUTER_BOUND('',#5020,.T.);
#4184=FACE_OUTER_BOUND('',#5021,.T.);
#4185=FACE_OUTER_BOUND('',#5022,.T.);
#4186=FACE_OUTER_BOUND('',#5023,.T.);
#4187=FACE_OUTER_BOUND('',#5024,.T.);
#4188=FACE_OUTER_BOUND('',#5025,.T.);
#4189=FACE_OUTER_BOUND('',#5026,.T.);
#4190=FACE_OUTER_BOUND('',#5027,.T.);
#4191=FACE_OUTER_BOUND('',#5028,.T.);
#4192=FACE_OUTER_BOUND('',#5029,.T.);
#4193=FACE_OUTER_BOUND('',#5030,.T.);
#4194=FACE_OUTER_BOUND('',#5031,.T.);
#4195=FACE_OUTER_BOUND('',#5032,.T.);
#4196=FACE_OUTER_BOUND('',#5033,.T.);
#4197=FACE_OUTER_BOUND('',#5034,.T.);
#4198=FACE_OUTER_BOUND('',#5035,.T.);
#4199=FACE_OUTER_BOUND('',#5036,.T.);
#4200=FACE_OUTER_BOUND('',#5037,.T.);
#4201=FACE_OUTER_BOUND('',#5038,.T.);
#4202=FACE_OUTER_BOUND('',#5039,.T.);
#4203=FACE_OUTER_BOUND('',#5040,.T.);
#4204=FACE_OUTER_BOUND('',#5041,.T.);
#4205=FACE_OUTER_BOUND('',#5042,.T.);
#4206=FACE_OUTER_BOUND('',#5043,.T.);
#4207=FACE_OUTER_BOUND('',#5044,.T.);
#4208=FACE_OUTER_BOUND('',#5045,.T.);
#4209=FACE_OUTER_BOUND('',#5046,.T.);
#4210=FACE_OUTER_BOUND('',#5047,.T.);
#4211=FACE_OUTER_BOUND('',#5048,.T.);
#4212=FACE_OUTER_BOUND('',#5049,.T.);
#4213=FACE_OUTER_BOUND('',#5050,.T.);
#4214=FACE_OUTER_BOUND('',#5051,.T.);
#4215=FACE_OUTER_BOUND('',#5052,.T.);
#4216=FACE_OUTER_BOUND('',#5053,.T.);
#4217=FACE_OUTER_BOUND('',#5054,.T.);
#4218=FACE_OUTER_BOUND('',#5055,.T.);
#4219=FACE_OUTER_BOUND('',#5056,.T.);
#4220=FACE_OUTER_BOUND('',#5057,.T.);
#4221=FACE_OUTER_BOUND('',#5058,.T.);
#4222=FACE_OUTER_BOUND('',#5059,.T.);
#4223=FACE_OUTER_BOUND('',#5060,.T.);
#4224=FACE_OUTER_BOUND('',#5061,.T.);
#4225=FACE_OUTER_BOUND('',#5062,.T.);
#4226=FACE_OUTER_BOUND('',#5063,.T.);
#4227=FACE_OUTER_BOUND('',#5064,.T.);
#4228=FACE_OUTER_BOUND('',#5065,.T.);
#4229=FACE_OUTER_BOUND('',#5066,.T.);
#4230=FACE_OUTER_BOUND('',#5067,.T.);
#4231=FACE_OUTER_BOUND('',#5068,.T.);
#4232=FACE_OUTER_BOUND('',#5069,.T.);
#4233=FACE_OUTER_BOUND('',#5070,.T.);
#4234=FACE_OUTER_BOUND('',#5071,.T.);
#4235=FACE_OUTER_BOUND('',#5072,.T.);
#4236=FACE_OUTER_BOUND('',#5073,.T.);
#4237=FACE_OUTER_BOUND('',#5074,.T.);
#4238=FACE_OUTER_BOUND('',#5075,.T.);
#4239=FACE_OUTER_BOUND('',#5076,.T.);
#4240=FACE_OUTER_BOUND('',#5077,.T.);
#4241=FACE_OUTER_BOUND('',#5078,.T.);
#4242=FACE_OUTER_BOUND('',#5079,.T.);
#4243=FACE_OUTER_BOUND('',#5080,.T.);
#4244=FACE_OUTER_BOUND('',#5081,.T.);
#4245=FACE_OUTER_BOUND('',#5082,.T.);
#4246=FACE_OUTER_BOUND('',#5083,.T.);
#4247=FACE_OUTER_BOUND('',#5084,.T.);
#4248=FACE_OUTER_BOUND('',#5085,.T.);
#4249=FACE_OUTER_BOUND('',#5086,.T.);
#4250=FACE_OUTER_BOUND('',#5087,.T.);
#4251=FACE_OUTER_BOUND('',#5088,.T.);
#4252=FACE_OUTER_BOUND('',#5089,.T.);
#4253=FACE_OUTER_BOUND('',#5090,.T.);
#4254=FACE_OUTER_BOUND('',#5091,.T.);
#4255=FACE_OUTER_BOUND('',#5092,.T.);
#4256=FACE_OUTER_BOUND('',#5093,.T.);
#4257=FACE_OUTER_BOUND('',#5094,.T.);
#4258=FACE_OUTER_BOUND('',#5095,.T.);
#4259=FACE_OUTER_BOUND('',#5096,.T.);
#4260=FACE_OUTER_BOUND('',#5097,.T.);
#4261=FACE_OUTER_BOUND('',#5098,.T.);
#4262=FACE_OUTER_BOUND('',#5099,.T.);
#4263=FACE_OUTER_BOUND('',#5100,.T.);
#4264=FACE_OUTER_BOUND('',#5101,.T.);
#4265=FACE_OUTER_BOUND('',#5102,.T.);
#4266=FACE_OUTER_BOUND('',#5103,.T.);
#4267=FACE_OUTER_BOUND('',#5104,.T.);
#4268=FACE_OUTER_BOUND('',#5105,.T.);
#4269=FACE_OUTER_BOUND('',#5106,.T.);
#4270=FACE_OUTER_BOUND('',#5107,.T.);
#4271=FACE_OUTER_BOUND('',#5108,.T.);
#4272=FACE_OUTER_BOUND('',#5109,.T.);
#4273=FACE_OUTER_BOUND('',#5110,.T.);
#4274=FACE_OUTER_BOUND('',#5111,.T.);
#4275=FACE_OUTER_BOUND('',#5112,.T.);
#4276=FACE_OUTER_BOUND('',#5113,.T.);
#4277=FACE_OUTER_BOUND('',#5114,.T.);
#4278=FACE_OUTER_BOUND('',#5115,.T.);
#4279=FACE_OUTER_BOUND('',#5116,.T.);
#4280=FACE_OUTER_BOUND('',#5117,.T.);
#4281=FACE_OUTER_BOUND('',#5118,.T.);
#4282=FACE_OUTER_BOUND('',#5119,.T.);
#4283=FACE_OUTER_BOUND('',#5120,.T.);
#4284=FACE_OUTER_BOUND('',#5121,.T.);
#4285=FACE_OUTER_BOUND('',#5122,.T.);
#4286=FACE_OUTER_BOUND('',#5123,.T.);
#4287=FACE_OUTER_BOUND('',#5124,.T.);
#4288=FACE_OUTER_BOUND('',#5125,.T.);
#4289=FACE_OUTER_BOUND('',#5126,.T.);
#4290=FACE_OUTER_BOUND('',#5127,.T.);
#4291=FACE_OUTER_BOUND('',#5128,.T.);
#4292=FACE_OUTER_BOUND('',#5129,.T.);
#4293=FACE_OUTER_BOUND('',#5130,.T.);
#4294=FACE_OUTER_BOUND('',#5131,.T.);
#4295=FACE_OUTER_BOUND('',#5132,.T.);
#4296=FACE_OUTER_BOUND('',#5133,.T.);
#4297=FACE_OUTER_BOUND('',#5134,.T.);
#4298=FACE_OUTER_BOUND('',#5135,.T.);
#4299=FACE_OUTER_BOUND('',#5136,.T.);
#4300=FACE_OUTER_BOUND('',#5137,.T.);
#4301=FACE_OUTER_BOUND('',#5138,.T.);
#4302=FACE_OUTER_BOUND('',#5139,.T.);
#4303=FACE_OUTER_BOUND('',#5140,.T.);
#4304=FACE_OUTER_BOUND('',#5141,.T.);
#4305=FACE_OUTER_BOUND('',#5142,.T.);
#4306=FACE_OUTER_BOUND('',#5143,.T.);
#4307=FACE_OUTER_BOUND('',#5144,.T.);
#4308=FACE_OUTER_BOUND('',#5145,.T.);
#4309=FACE_OUTER_BOUND('',#5146,.T.);
#4310=FACE_OUTER_BOUND('',#5147,.T.);
#4311=FACE_OUTER_BOUND('',#5148,.T.);
#4312=FACE_OUTER_BOUND('',#5149,.T.);
#4313=FACE_OUTER_BOUND('',#5150,.T.);
#4314=FACE_OUTER_BOUND('',#5151,.T.);
#4315=FACE_OUTER_BOUND('',#5152,.T.);
#4316=FACE_OUTER_BOUND('',#5153,.T.);
#4317=FACE_OUTER_BOUND('',#5154,.T.);
#4318=FACE_OUTER_BOUND('',#5155,.T.);
#4319=FACE_OUTER_BOUND('',#5156,.T.);
#4320=FACE_OUTER_BOUND('',#5157,.T.);
#4321=FACE_OUTER_BOUND('',#5158,.T.);
#4322=FACE_OUTER_BOUND('',#5159,.T.);
#4323=FACE_OUTER_BOUND('',#5160,.T.);
#4324=FACE_OUTER_BOUND('',#5161,.T.);
#4325=FACE_OUTER_BOUND('',#5162,.T.);
#4326=FACE_OUTER_BOUND('',#5163,.T.);
#4327=FACE_OUTER_BOUND('',#5164,.T.);
#4328=FACE_OUTER_BOUND('',#5165,.T.);
#4329=FACE_OUTER_BOUND('',#5166,.T.);
#4330=FACE_OUTER_BOUND('',#5167,.T.);
#4331=FACE_OUTER_BOUND('',#5168,.T.);
#4332=FACE_OUTER_BOUND('',#5169,.T.);
#4333=FACE_OUTER_BOUND('',#5170,.T.);
#4334=FACE_OUTER_BOUND('',#5171,.T.);
#4335=FACE_OUTER_BOUND('',#5172,.T.);
#4336=FACE_OUTER_BOUND('',#5173,.T.);
#4337=FACE_OUTER_BOUND('',#5174,.T.);
#4338=FACE_OUTER_BOUND('',#5175,.T.);
#4339=FACE_OUTER_BOUND('',#5176,.T.);
#4340=FACE_OUTER_BOUND('',#5177,.T.);
#4341=FACE_OUTER_BOUND('',#5178,.T.);
#4342=FACE_OUTER_BOUND('',#5179,.T.);
#4343=FACE_OUTER_BOUND('',#5180,.T.);
#4344=FACE_OUTER_BOUND('',#5181,.T.);
#4345=FACE_OUTER_BOUND('',#5182,.T.);
#4346=FACE_OUTER_BOUND('',#5183,.T.);
#4347=FACE_OUTER_BOUND('',#5184,.T.);
#4348=FACE_OUTER_BOUND('',#5185,.T.);
#4349=FACE_OUTER_BOUND('',#5186,.T.);
#4350=FACE_OUTER_BOUND('',#5187,.T.);
#4351=FACE_OUTER_BOUND('',#5188,.T.);
#4352=FACE_OUTER_BOUND('',#5189,.T.);
#4353=FACE_OUTER_BOUND('',#5190,.T.);
#4354=FACE_OUTER_BOUND('',#5191,.T.);
#4355=FACE_OUTER_BOUND('',#5192,.T.);
#4356=FACE_OUTER_BOUND('',#5193,.T.);
#4357=FACE_OUTER_BOUND('',#5194,.T.);
#4358=FACE_OUTER_BOUND('',#5195,.T.);
#4359=FACE_OUTER_BOUND('',#5196,.T.);
#4360=FACE_OUTER_BOUND('',#5197,.T.);
#4361=FACE_OUTER_BOUND('',#5198,.T.);
#4362=FACE_OUTER_BOUND('',#5199,.T.);
#4363=FACE_OUTER_BOUND('',#5200,.T.);
#4364=FACE_OUTER_BOUND('',#5201,.T.);
#4365=FACE_OUTER_BOUND('',#5202,.T.);
#4366=FACE_OUTER_BOUND('',#5203,.T.);
#4367=FACE_OUTER_BOUND('',#5204,.T.);
#4368=FACE_OUTER_BOUND('',#5205,.T.);
#4369=FACE_OUTER_BOUND('',#5206,.T.);
#4370=FACE_OUTER_BOUND('',#5207,.T.);
#4371=FACE_OUTER_BOUND('',#5208,.T.);
#4372=FACE_OUTER_BOUND('',#5209,.T.);
#4373=FACE_OUTER_BOUND('',#5210,.T.);
#4374=FACE_OUTER_BOUND('',#5211,.T.);
#4375=FACE_OUTER_BOUND('',#5212,.T.);
#4376=FACE_OUTER_BOUND('',#5213,.T.);
#4377=FACE_OUTER_BOUND('',#5214,.T.);
#4378=FACE_OUTER_BOUND('',#5215,.T.);
#4379=FACE_OUTER_BOUND('',#5216,.T.);
#4380=FACE_OUTER_BOUND('',#5217,.T.);
#4381=FACE_OUTER_BOUND('',#5218,.T.);
#4382=FACE_OUTER_BOUND('',#5219,.T.);
#4383=FACE_OUTER_BOUND('',#5220,.T.);
#4384=FACE_OUTER_BOUND('',#5221,.T.);
#4385=FACE_OUTER_BOUND('',#5222,.T.);
#4386=FACE_OUTER_BOUND('',#5223,.T.);
#4387=FACE_OUTER_BOUND('',#5224,.T.);
#4388=FACE_OUTER_BOUND('',#5225,.T.);
#4389=FACE_OUTER_BOUND('',#5226,.T.);
#4390=FACE_OUTER_BOUND('',#5227,.T.);
#4391=FACE_OUTER_BOUND('',#5228,.T.);
#4392=FACE_OUTER_BOUND('',#5229,.T.);
#4393=FACE_OUTER_BOUND('',#5230,.T.);
#4394=FACE_OUTER_BOUND('',#5231,.T.);
#4395=FACE_OUTER_BOUND('',#5232,.T.);
#4396=FACE_OUTER_BOUND('',#5233,.T.);
#4397=FACE_OUTER_BOUND('',#5234,.T.);
#4398=FACE_OUTER_BOUND('',#5235,.T.);
#4399=FACE_OUTER_BOUND('',#5236,.T.);
#4400=FACE_OUTER_BOUND('',#5237,.T.);
#4401=FACE_OUTER_BOUND('',#5238,.T.);
#4402=FACE_OUTER_BOUND('',#5239,.T.);
#4403=FACE_OUTER_BOUND('',#5240,.T.);
#4404=FACE_OUTER_BOUND('',#5241,.T.);
#4405=FACE_OUTER_BOUND('',#5242,.T.);
#4406=FACE_OUTER_BOUND('',#5243,.T.);
#4407=FACE_OUTER_BOUND('',#5244,.T.);
#4408=FACE_OUTER_BOUND('',#5245,.T.);
#4409=FACE_OUTER_BOUND('',#5246,.T.);
#4410=FACE_OUTER_BOUND('',#5247,.T.);
#4411=FACE_OUTER_BOUND('',#5248,.T.);
#4412=FACE_OUTER_BOUND('',#5249,.T.);
#4413=FACE_OUTER_BOUND('',#5250,.T.);
#4414=FACE_OUTER_BOUND('',#5251,.T.);
#4415=FACE_OUTER_BOUND('',#5252,.T.);
#4416=FACE_OUTER_BOUND('',#5253,.T.);
#4417=FACE_OUTER_BOUND('',#5254,.T.);
#4418=FACE_OUTER_BOUND('',#5255,.T.);
#4419=FACE_OUTER_BOUND('',#5256,.T.);
#4420=FACE_OUTER_BOUND('',#5257,.T.);
#4421=FACE_OUTER_BOUND('',#5258,.T.);
#4422=FACE_OUTER_BOUND('',#5259,.T.);
#4423=FACE_OUTER_BOUND('',#5260,.T.);
#4424=FACE_OUTER_BOUND('',#5261,.T.);
#4425=FACE_OUTER_BOUND('',#5262,.T.);
#4426=FACE_OUTER_BOUND('',#5263,.T.);
#4427=FACE_OUTER_BOUND('',#5264,.T.);
#4428=FACE_OUTER_BOUND('',#5265,.T.);
#4429=FACE_OUTER_BOUND('',#5266,.T.);
#4430=FACE_OUTER_BOUND('',#5267,.T.);
#4431=FACE_OUTER_BOUND('',#5268,.T.);
#4432=FACE_OUTER_BOUND('',#5269,.T.);
#4433=FACE_OUTER_BOUND('',#5270,.T.);
#4434=FACE_OUTER_BOUND('',#5271,.T.);
#4435=FACE_OUTER_BOUND('',#5272,.T.);
#4436=FACE_OUTER_BOUND('',#5273,.T.);
#4437=FACE_OUTER_BOUND('',#5274,.T.);
#4438=FACE_OUTER_BOUND('',#5275,.T.);
#4439=FACE_OUTER_BOUND('',#5276,.T.);
#4440=FACE_OUTER_BOUND('',#5277,.T.);
#4441=FACE_OUTER_BOUND('',#5278,.T.);
#4442=FACE_OUTER_BOUND('',#5279,.T.);
#4443=FACE_OUTER_BOUND('',#5280,.T.);
#4444=FACE_OUTER_BOUND('',#5281,.T.);
#4445=FACE_OUTER_BOUND('',#5282,.T.);
#4446=FACE_OUTER_BOUND('',#5283,.T.);
#4447=FACE_OUTER_BOUND('',#5284,.T.);
#4448=FACE_OUTER_BOUND('',#5285,.T.);
#4449=FACE_OUTER_BOUND('',#5286,.T.);
#4450=FACE_OUTER_BOUND('',#5287,.T.);
#4451=FACE_OUTER_BOUND('',#5288,.T.);
#4452=FACE_OUTER_BOUND('',#5289,.T.);
#4453=FACE_OUTER_BOUND('',#5290,.T.);
#4454=FACE_OUTER_BOUND('',#5291,.T.);
#4455=FACE_OUTER_BOUND('',#5292,.T.);
#4456=FACE_OUTER_BOUND('',#5293,.T.);
#4457=FACE_OUTER_BOUND('',#5294,.T.);
#4458=FACE_OUTER_BOUND('',#5295,.T.);
#4459=FACE_OUTER_BOUND('',#5296,.T.);
#4460=FACE_OUTER_BOUND('',#5297,.T.);
#4461=FACE_OUTER_BOUND('',#5298,.T.);
#4462=FACE_OUTER_BOUND('',#5299,.T.);
#4463=FACE_OUTER_BOUND('',#5300,.T.);
#4464=FACE_OUTER_BOUND('',#5301,.T.);
#4465=FACE_OUTER_BOUND('',#5302,.T.);
#4466=FACE_OUTER_BOUND('',#5303,.T.);
#4467=FACE_OUTER_BOUND('',#5304,.T.);
#4468=FACE_OUTER_BOUND('',#5305,.T.);
#4469=FACE_OUTER_BOUND('',#5306,.T.);
#4470=FACE_OUTER_BOUND('',#5307,.T.);
#4471=FACE_OUTER_BOUND('',#5308,.T.);
#4472=FACE_OUTER_BOUND('',#5309,.T.);
#4473=FACE_OUTER_BOUND('',#5310,.T.);
#4474=FACE_OUTER_BOUND('',#5311,.T.);
#4475=FACE_OUTER_BOUND('',#5312,.T.);
#4476=FACE_OUTER_BOUND('',#5313,.T.);
#4477=FACE_OUTER_BOUND('',#5314,.T.);
#4478=FACE_OUTER_BOUND('',#5315,.T.);
#4479=FACE_OUTER_BOUND('',#5316,.T.);
#4480=FACE_OUTER_BOUND('',#5317,.T.);
#4481=FACE_OUTER_BOUND('',#5318,.T.);
#4482=FACE_OUTER_BOUND('',#5319,.T.);
#4483=FACE_OUTER_BOUND('',#5320,.T.);
#4484=FACE_OUTER_BOUND('',#5321,.T.);
#4485=FACE_OUTER_BOUND('',#5322,.T.);
#4486=FACE_OUTER_BOUND('',#5323,.T.);
#4487=FACE_OUTER_BOUND('',#5324,.T.);
#4488=FACE_OUTER_BOUND('',#5325,.T.);
#4489=FACE_OUTER_BOUND('',#5326,.T.);
#4490=FACE_OUTER_BOUND('',#5327,.T.);
#4491=FACE_OUTER_BOUND('',#5328,.T.);
#4492=FACE_OUTER_BOUND('',#5329,.T.);
#4493=FACE_OUTER_BOUND('',#5330,.T.);
#4494=FACE_OUTER_BOUND('',#5331,.T.);
#4495=FACE_OUTER_BOUND('',#5332,.T.);
#4496=FACE_OUTER_BOUND('',#5333,.T.);
#4497=FACE_OUTER_BOUND('',#5334,.T.);
#4498=FACE_OUTER_BOUND('',#5335,.T.);
#4499=FACE_OUTER_BOUND('',#5336,.T.);
#4500=FACE_OUTER_BOUND('',#5337,.T.);
#4501=FACE_OUTER_BOUND('',#5338,.T.);
#4502=FACE_OUTER_BOUND('',#5339,.T.);
#4503=FACE_OUTER_BOUND('',#5340,.T.);
#4504=FACE_OUTER_BOUND('',#5341,.T.);
#4505=FACE_OUTER_BOUND('',#5342,.T.);
#4506=FACE_OUTER_BOUND('',#5343,.T.);
#4507=FACE_OUTER_BOUND('',#5344,.T.);
#4508=FACE_OUTER_BOUND('',#5345,.T.);
#4509=FACE_OUTER_BOUND('',#5346,.T.);
#4510=FACE_OUTER_BOUND('',#5347,.T.);
#4511=EDGE_LOOP('',(#8262,#8263,#8264,#8265));
#4512=EDGE_LOOP('',(#8266,#8267,#8268,#8269));
#4513=EDGE_LOOP('',(#8270,#8271,#8272,#8273));
#4514=EDGE_LOOP('',(#8274,#8275,#8276,#8277));
#4515=EDGE_LOOP('',(#8278,#8279,#8280,#8281));
#4516=EDGE_LOOP('',(#8282,#8283,#8284,#8285));
#4517=EDGE_LOOP('',(#8286,#8287,#8288,#8289));
#4518=EDGE_LOOP('',(#8290,#8291,#8292,#8293));
#4519=EDGE_LOOP('',(#8294,#8295,#8296,#8297));
#4520=EDGE_LOOP('',(#8298,#8299,#8300,#8301));
#4521=EDGE_LOOP('',(#8302,#8303,#8304,#8305));
#4522=EDGE_LOOP('',(#8306,#8307,#8308,#8309));
#4523=EDGE_LOOP('',(#8310,#8311,#8312,#8313));
#4524=EDGE_LOOP('',(#8314,#8315,#8316,#8317));
#4525=EDGE_LOOP('',(#8318,#8319,#8320,#8321));
#4526=EDGE_LOOP('',(#8322,#8323,#8324,#8325));
#4527=EDGE_LOOP('',(#8326,#8327,#8328,#8329));
#4528=EDGE_LOOP('',(#8330,#8331,#8332,#8333));
#4529=EDGE_LOOP('',(#8334,#8335,#8336,#8337));
#4530=EDGE_LOOP('',(#8338,#8339,#8340,#8341));
#4531=EDGE_LOOP('',(#8342,#8343,#8344,#8345));
#4532=EDGE_LOOP('',(#8346,#8347,#8348,#8349));
#4533=EDGE_LOOP('',(#8350,#8351,#8352,#8353));
#4534=EDGE_LOOP('',(#8354,#8355,#8356,#8357));
#4535=EDGE_LOOP('',(#8358,#8359,#8360,#8361));
#4536=EDGE_LOOP('',(#8362,#8363,#8364,#8365));
#4537=EDGE_LOOP('',(#8366,#8367,#8368,#8369));
#4538=EDGE_LOOP('',(#8370,#8371,#8372,#8373));
#4539=EDGE_LOOP('',(#8374,#8375,#8376,#8377));
#4540=EDGE_LOOP('',(#8378,#8379,#8380,#8381));
#4541=EDGE_LOOP('',(#8382,#8383,#8384,#8385));
#4542=EDGE_LOOP('',(#8386,#8387,#8388,#8389));
#4543=EDGE_LOOP('',(#8390,#8391,#8392,#8393));
#4544=EDGE_LOOP('',(#8394,#8395,#8396,#8397));
#4545=EDGE_LOOP('',(#8398,#8399,#8400,#8401));
#4546=EDGE_LOOP('',(#8402,#8403,#8404,#8405));
#4547=EDGE_LOOP('',(#8406,#8407,#8408,#8409));
#4548=EDGE_LOOP('',(#8410,#8411,#8412,#8413));
#4549=EDGE_LOOP('',(#8414,#8415,#8416,#8417));
#4550=EDGE_LOOP('',(#8418,#8419,#8420,#8421));
#4551=EDGE_LOOP('',(#8422,#8423,#8424,#8425));
#4552=EDGE_LOOP('',(#8426,#8427,#8428,#8429));
#4553=EDGE_LOOP('',(#8430,#8431,#8432,#8433));
#4554=EDGE_LOOP('',(#8434,#8435,#8436,#8437));
#4555=EDGE_LOOP('',(#8438,#8439,#8440,#8441));
#4556=EDGE_LOOP('',(#8442,#8443,#8444,#8445,#8446,#8447,#8448,#8449));
#4557=EDGE_LOOP('',(#8450,#8451,#8452,#8453));
#4558=EDGE_LOOP('',(#8454,#8455,#8456,#8457));
#4559=EDGE_LOOP('',(#8458,#8459,#8460,#8461));
#4560=EDGE_LOOP('',(#8462,#8463,#8464,#8465));
#4561=EDGE_LOOP('',(#8466,#8467,#8468,#8469));
#4562=EDGE_LOOP('',(#8470,#8471,#8472,#8473));
#4563=EDGE_LOOP('',(#8474,#8475,#8476,#8477));
#4564=EDGE_LOOP('',(#8478,#8479,#8480,#8481));
#4565=EDGE_LOOP('',(#8482,#8483,#8484,#8485));
#4566=EDGE_LOOP('',(#8486,#8487,#8488,#8489));
#4567=EDGE_LOOP('',(#8490,#8491,#8492,#8493));
#4568=EDGE_LOOP('',(#8494,#8495,#8496,#8497));
#4569=EDGE_LOOP('',(#8498,#8499,#8500,#8501));
#4570=EDGE_LOOP('',(#8502,#8503,#8504,#8505));
#4571=EDGE_LOOP('',(#8506,#8507,#8508,#8509));
#4572=EDGE_LOOP('',(#8510,#8511,#8512,#8513));
#4573=EDGE_LOOP('',(#8514,#8515,#8516,#8517));
#4574=EDGE_LOOP('',(#8518,#8519,#8520,#8521));
#4575=EDGE_LOOP('',(#8522,#8523,#8524,#8525));
#4576=EDGE_LOOP('',(#8526,#8527,#8528,#8529));
#4577=EDGE_LOOP('',(#8530,#8531,#8532,#8533));
#4578=EDGE_LOOP('',(#8534,#8535,#8536,#8537));
#4579=EDGE_LOOP('',(#8538,#8539,#8540,#8541));
#4580=EDGE_LOOP('',(#8542,#8543,#8544,#8545));
#4581=EDGE_LOOP('',(#8546,#8547,#8548,#8549));
#4582=EDGE_LOOP('',(#8550,#8551,#8552,#8553));
#4583=EDGE_LOOP('',(#8554,#8555,#8556,#8557));
#4584=EDGE_LOOP('',(#8558,#8559,#8560,#8561));
#4585=EDGE_LOOP('',(#8562,#8563,#8564,#8565));
#4586=EDGE_LOOP('',(#8566,#8567,#8568,#8569));
#4587=EDGE_LOOP('',(#8570,#8571,#8572,#8573));
#4588=EDGE_LOOP('',(#8574,#8575,#8576,#8577));
#4589=EDGE_LOOP('',(#8578,#8579,#8580,#8581));
#4590=EDGE_LOOP('',(#8582,#8583,#8584,#8585));
#4591=EDGE_LOOP('',(#8586,#8587,#8588,#8589));
#4592=EDGE_LOOP('',(#8590,#8591,#8592,#8593));
#4593=EDGE_LOOP('',(#8594,#8595,#8596,#8597));
#4594=EDGE_LOOP('',(#8598,#8599,#8600,#8601));
#4595=EDGE_LOOP('',(#8602,#8603,#8604,#8605));
#4596=EDGE_LOOP('',(#8606,#8607,#8608,#8609));
#4597=EDGE_LOOP('',(#8610,#8611,#8612,#8613));
#4598=EDGE_LOOP('',(#8614,#8615,#8616,#8617));
#4599=EDGE_LOOP('',(#8618,#8619,#8620,#8621));
#4600=EDGE_LOOP('',(#8622,#8623,#8624,#8625));
#4601=EDGE_LOOP('',(#8626,#8627,#8628,#8629));
#4602=EDGE_LOOP('',(#8630,#8631,#8632,#8633));
#4603=EDGE_LOOP('',(#8634,#8635,#8636,#8637));
#4604=EDGE_LOOP('',(#8638,#8639,#8640,#8641));
#4605=EDGE_LOOP('',(#8642,#8643,#8644,#8645));
#4606=EDGE_LOOP('',(#8646,#8647,#8648,#8649));
#4607=EDGE_LOOP('',(#8650,#8651,#8652,#8653));
#4608=EDGE_LOOP('',(#8654,#8655,#8656,#8657));
#4609=EDGE_LOOP('',(#8658,#8659,#8660,#8661));
#4610=EDGE_LOOP('',(#8662,#8663,#8664,#8665));
#4611=EDGE_LOOP('',(#8666,#8667,#8668,#8669));
#4612=EDGE_LOOP('',(#8670,#8671,#8672,#8673));
#4613=EDGE_LOOP('',(#8674,#8675,#8676,#8677));
#4614=EDGE_LOOP('',(#8678,#8679,#8680,#8681));
#4615=EDGE_LOOP('',(#8682,#8683,#8684,#8685));
#4616=EDGE_LOOP('',(#8686,#8687,#8688,#8689));
#4617=EDGE_LOOP('',(#8690,#8691,#8692,#8693));
#4618=EDGE_LOOP('',(#8694,#8695,#8696,#8697));
#4619=EDGE_LOOP('',(#8698,#8699,#8700,#8701));
#4620=EDGE_LOOP('',(#8702,#8703,#8704,#8705));
#4621=EDGE_LOOP('',(#8706,#8707,#8708,#8709));
#4622=EDGE_LOOP('',(#8710,#8711,#8712,#8713));
#4623=EDGE_LOOP('',(#8714,#8715,#8716,#8717));
#4624=EDGE_LOOP('',(#8718,#8719,#8720,#8721));
#4625=EDGE_LOOP('',(#8722,#8723,#8724,#8725));
#4626=EDGE_LOOP('',(#8726,#8727,#8728,#8729));
#4627=EDGE_LOOP('',(#8730,#8731,#8732,#8733));
#4628=EDGE_LOOP('',(#8734,#8735,#8736,#8737));
#4629=EDGE_LOOP('',(#8738,#8739,#8740,#8741));
#4630=EDGE_LOOP('',(#8742,#8743,#8744,#8745));
#4631=EDGE_LOOP('',(#8746,#8747,#8748,#8749));
#4632=EDGE_LOOP('',(#8750,#8751,#8752,#8753));
#4633=EDGE_LOOP('',(#8754,#8755,#8756,#8757));
#4634=EDGE_LOOP('',(#8758,#8759,#8760,#8761));
#4635=EDGE_LOOP('',(#8762,#8763,#8764,#8765));
#4636=EDGE_LOOP('',(#8766,#8767,#8768,#8769));
#4637=EDGE_LOOP('',(#8770,#8771,#8772,#8773));
#4638=EDGE_LOOP('',(#8774,#8775,#8776,#8777,#8778,#8779,#8780,#8781,#8782));
#4639=EDGE_LOOP('',(#8783,#8784,#8785,#8786));
#4640=EDGE_LOOP('',(#8787,#8788,#8789,#8790,#8791,#8792,#8793,#8794,#8795));
#4641=EDGE_LOOP('',(#8796,#8797,#8798,#8799));
#4642=EDGE_LOOP('',(#8800,#8801,#8802,#8803,#8804,#8805,#8806,#8807,#8808));
#4643=EDGE_LOOP('',(#8809,#8810,#8811,#8812));
#4644=EDGE_LOOP('',(#8813,#8814,#8815,#8816,#8817,#8818,#8819,#8820,#8821));
#4645=EDGE_LOOP('',(#8822,#8823,#8824,#8825));
#4646=EDGE_LOOP('',(#8826,#8827,#8828,#8829,#8830,#8831,#8832,#8833,#8834));
#4647=EDGE_LOOP('',(#8835,#8836,#8837,#8838));
#4648=EDGE_LOOP('',(#8839,#8840,#8841,#8842,#8843,#8844,#8845,#8846,#8847));
#4649=EDGE_LOOP('',(#8848,#8849,#8850,#8851));
#4650=EDGE_LOOP('',(#8852,#8853,#8854,#8855,#8856,#8857,#8858,#8859,#8860));
#4651=EDGE_LOOP('',(#8861,#8862,#8863,#8864));
#4652=EDGE_LOOP('',(#8865,#8866,#8867,#8868,#8869,#8870,#8871,#8872,#8873));
#4653=EDGE_LOOP('',(#8874,#8875,#8876,#8877));
#4654=EDGE_LOOP('',(#8878));
#4655=EDGE_LOOP('',(#8879,#8880,#8881,#8882));
#4656=EDGE_LOOP('',(#8883));
#4657=EDGE_LOOP('',(#8884));
#4658=EDGE_LOOP('',(#8885,#8886,#8887,#8888));
#4659=EDGE_LOOP('',(#8889));
#4660=EDGE_LOOP('',(#8890));
#4661=EDGE_LOOP('',(#8891));
#4662=EDGE_LOOP('',(#8892));
#4663=EDGE_LOOP('',(#8893));
#4664=EDGE_LOOP('',(#8894));
#4665=EDGE_LOOP('',(#8895));
#4666=EDGE_LOOP('',(#8896));
#4667=EDGE_LOOP('',(#8897,#8898,#8899,#8900,#8901,#8902,#8903,#8904,#8905,
#8906,#8907,#8908,#8909,#8910,#8911,#8912,#8913,#8914,#8915,#8916,#8917,
#8918,#8919,#8920,#8921,#8922,#8923,#8924,#8925,#8926,#8927,#8928,#8929,
#8930,#8931,#8932,#8933,#8934,#8935,#8936,#8937,#8938,#8939,#8940,#8941,
#8942,#8943,#8944,#8945,#8946,#8947,#8948,#8949,#8950,#8951,#8952));
#4668=EDGE_LOOP('',(#8953,#8954,#8955,#8956,#8957,#8958,#8959,#8960));
#4669=EDGE_LOOP('',(#8961,#8962,#8963,#8964));
#4670=EDGE_LOOP('',(#8965,#8966,#8967,#8968,#8969,#8970,#8971,#8972,#8973));
#4671=EDGE_LOOP('',(#8974,#8975,#8976,#8977,#8978,#8979,#8980,#8981,#8982));
#4672=EDGE_LOOP('',(#8983,#8984,#8985,#8986,#8987,#8988,#8989,#8990,#8991));
#4673=EDGE_LOOP('',(#8992,#8993,#8994,#8995,#8996,#8997,#8998,#8999,#9000));
#4674=EDGE_LOOP('',(#9001));
#4675=EDGE_LOOP('',(#9002));
#4676=EDGE_LOOP('',(#9003));
#4677=EDGE_LOOP('',(#9004));
#4678=EDGE_LOOP('',(#9005));
#4679=EDGE_LOOP('',(#9006));
#4680=EDGE_LOOP('',(#9007));
#4681=EDGE_LOOP('',(#9008));
#4682=EDGE_LOOP('',(#9009));
#4683=EDGE_LOOP('',(#9010));
#4684=EDGE_LOOP('',(#9011));
#4685=EDGE_LOOP('',(#9012));
#4686=EDGE_LOOP('',(#9013));
#4687=EDGE_LOOP('',(#9014));
#4688=EDGE_LOOP('',(#9015));
#4689=EDGE_LOOP('',(#9016));
#4690=EDGE_LOOP('',(#9017));
#4691=EDGE_LOOP('',(#9018));
#4692=EDGE_LOOP('',(#9019,#9020,#9021,#9022));
#4693=EDGE_LOOP('',(#9023));
#4694=EDGE_LOOP('',(#9024));
#4695=EDGE_LOOP('',(#9025,#9026,#9027,#9028));
#4696=EDGE_LOOP('',(#9029));
#4697=EDGE_LOOP('',(#9030,#9031,#9032,#9033,#9034,#9035,#9036,#9037,#9038));
#4698=EDGE_LOOP('',(#9039,#9040,#9041,#9042,#9043,#9044,#9045,#9046,#9047));
#4699=EDGE_LOOP('',(#9048,#9049,#9050,#9051,#9052,#9053,#9054,#9055,#9056));
#4700=EDGE_LOOP('',(#9057,#9058,#9059,#9060,#9061,#9062,#9063,#9064,#9065));
#4701=EDGE_LOOP('',(#9066,#9067,#9068,#9069));
#4702=EDGE_LOOP('',(#9070,#9071,#9072,#9073));
#4703=EDGE_LOOP('',(#9074,#9075,#9076,#9077));
#4704=EDGE_LOOP('',(#9078,#9079,#9080,#9081));
#4705=EDGE_LOOP('',(#9082,#9083,#9084,#9085));
#4706=EDGE_LOOP('',(#9086,#9087,#9088,#9089,#9090));
#4707=EDGE_LOOP('',(#9091,#9092,#9093,#9094));
#4708=EDGE_LOOP('',(#9095,#9096,#9097,#9098));
#4709=EDGE_LOOP('',(#9099,#9100,#9101,#9102,#9103));
#4710=EDGE_LOOP('',(#9104,#9105,#9106,#9107));
#4711=EDGE_LOOP('',(#9108,#9109,#9110,#9111));
#4712=EDGE_LOOP('',(#9112,#9113,#9114,#9115));
#4713=EDGE_LOOP('',(#9116,#9117,#9118,#9119,#9120));
#4714=EDGE_LOOP('',(#9121,#9122,#9123,#9124));
#4715=EDGE_LOOP('',(#9125,#9126,#9127,#9128));
#4716=EDGE_LOOP('',(#9129,#9130,#9131,#9132,#9133));
#4717=EDGE_LOOP('',(#9134,#9135,#9136,#9137));
#4718=EDGE_LOOP('',(#9138,#9139,#9140,#9141));
#4719=EDGE_LOOP('',(#9142,#9143,#9144,#9145));
#4720=EDGE_LOOP('',(#9146,#9147,#9148,#9149,#9150));
#4721=EDGE_LOOP('',(#9151,#9152,#9153,#9154));
#4722=EDGE_LOOP('',(#9155,#9156,#9157,#9158));
#4723=EDGE_LOOP('',(#9159,#9160,#9161,#9162));
#4724=EDGE_LOOP('',(#9163,#9164,#9165,#9166,#9167));
#4725=EDGE_LOOP('',(#9168,#9169,#9170,#9171));
#4726=EDGE_LOOP('',(#9172,#9173,#9174,#9175));
#4727=EDGE_LOOP('',(#9176,#9177,#9178,#9179,#9180));
#4728=EDGE_LOOP('',(#9181,#9182,#9183,#9184));
#4729=EDGE_LOOP('',(#9185,#9186,#9187,#9188));
#4730=EDGE_LOOP('',(#9189,#9190,#9191,#9192,#9193));
#4731=EDGE_LOOP('',(#9194,#9195,#9196,#9197));
#4732=EDGE_LOOP('',(#9198,#9199,#9200,#9201));
#4733=EDGE_LOOP('',(#9202,#9203,#9204,#9205));
#4734=EDGE_LOOP('',(#9206,#9207,#9208,#9209,#9210));
#4735=EDGE_LOOP('',(#9211,#9212,#9213,#9214));
#4736=EDGE_LOOP('',(#9215,#9216,#9217,#9218));
#4737=EDGE_LOOP('',(#9219,#9220,#9221,#9222));
#4738=EDGE_LOOP('',(#9223,#9224,#9225,#9226,#9227));
#4739=EDGE_LOOP('',(#9228,#9229,#9230,#9231));
#4740=EDGE_LOOP('',(#9232,#9233,#9234,#9235));
#4741=EDGE_LOOP('',(#9236,#9237,#9238,#9239,#9240));
#4742=EDGE_LOOP('',(#9241,#9242,#9243,#9244));
#4743=EDGE_LOOP('',(#9245,#9246,#9247,#9248));
#4744=EDGE_LOOP('',(#9249,#9250,#9251,#9252));
#4745=EDGE_LOOP('',(#9253,#9254,#9255,#9256,#9257));
#4746=EDGE_LOOP('',(#9258,#9259,#9260,#9261));
#4747=EDGE_LOOP('',(#9262,#9263,#9264,#9265));
#4748=EDGE_LOOP('',(#9266,#9267,#9268,#9269,#9270));
#4749=EDGE_LOOP('',(#9271,#9272,#9273,#9274));
#4750=EDGE_LOOP('',(#9275,#9276,#9277,#9278));
#4751=EDGE_LOOP('',(#9279,#9280,#9281,#9282));
#4752=EDGE_LOOP('',(#9283,#9284,#9285,#9286,#9287));
#4753=EDGE_LOOP('',(#9288,#9289,#9290,#9291));
#4754=EDGE_LOOP('',(#9292,#9293,#9294,#9295));
#4755=EDGE_LOOP('',(#9296,#9297,#9298,#9299,#9300));
#4756=EDGE_LOOP('',(#9301,#9302,#9303,#9304));
#4757=EDGE_LOOP('',(#9305,#9306,#9307,#9308));
#4758=EDGE_LOOP('',(#9309,#9310,#9311,#9312));
#4759=EDGE_LOOP('',(#9313,#9314,#9315,#9316,#9317));
#4760=EDGE_LOOP('',(#9318,#9319,#9320,#9321));
#4761=EDGE_LOOP('',(#9322));
#4762=EDGE_LOOP('',(#9323));
#4763=EDGE_LOOP('',(#9324));
#4764=EDGE_LOOP('',(#9325));
#4765=EDGE_LOOP('',(#9326,#9327,#9328,#9329));
#4766=EDGE_LOOP('',(#9330,#9331,#9332,#9333));
#4767=EDGE_LOOP('',(#9334,#9335,#9336,#9337));
#4768=EDGE_LOOP('',(#9338,#9339,#9340,#9341));
#4769=EDGE_LOOP('',(#9342,#9343,#9344,#9345));
#4770=EDGE_LOOP('',(#9346));
#4771=EDGE_LOOP('',(#9347,#9348,#9349,#9350));
#4772=EDGE_LOOP('',(#9351,#9352,#9353,#9354));
#4773=EDGE_LOOP('',(#9355,#9356,#9357,#9358));
#4774=EDGE_LOOP('',(#9359,#9360,#9361,#9362));
#4775=EDGE_LOOP('',(#9363,#9364,#9365,#9366));
#4776=EDGE_LOOP('',(#9367));
#4777=EDGE_LOOP('',(#9368));
#4778=EDGE_LOOP('',(#9369));
#4779=EDGE_LOOP('',(#9370));
#4780=EDGE_LOOP('',(#9371));
#4781=EDGE_LOOP('',(#9372));
#4782=EDGE_LOOP('',(#9373));
#4783=EDGE_LOOP('',(#9374));
#4784=EDGE_LOOP('',(#9375));
#4785=EDGE_LOOP('',(#9376,#9377,#9378,#9379));
#4786=EDGE_LOOP('',(#9380,#9381,#9382,#9383));
#4787=EDGE_LOOP('',(#9384,#9385,#9386,#9387));
#4788=EDGE_LOOP('',(#9388,#9389,#9390,#9391));
#4789=EDGE_LOOP('',(#9392,#9393,#9394,#9395));
#4790=EDGE_LOOP('',(#9396));
#4791=EDGE_LOOP('',(#9397,#9398,#9399,#9400));
#4792=EDGE_LOOP('',(#9401,#9402,#9403,#9404));
#4793=EDGE_LOOP('',(#9405,#9406,#9407,#9408));
#4794=EDGE_LOOP('',(#9409,#9410,#9411,#9412));
#4795=EDGE_LOOP('',(#9413,#9414,#9415,#9416));
#4796=EDGE_LOOP('',(#9417));
#4797=EDGE_LOOP('',(#9418));
#4798=EDGE_LOOP('',(#9419));
#4799=EDGE_LOOP('',(#9420));
#4800=EDGE_LOOP('',(#9421));
#4801=EDGE_LOOP('',(#9422));
#4802=EDGE_LOOP('',(#9423));
#4803=EDGE_LOOP('',(#9424));
#4804=EDGE_LOOP('',(#9425));
#4805=EDGE_LOOP('',(#9426));
#4806=EDGE_LOOP('',(#9427));
#4807=EDGE_LOOP('',(#9428));
#4808=EDGE_LOOP('',(#9429));
#4809=EDGE_LOOP('',(#9430));
#4810=EDGE_LOOP('',(#9431));
#4811=EDGE_LOOP('',(#9432));
#4812=EDGE_LOOP('',(#9433));
#4813=EDGE_LOOP('',(#9434));
#4814=EDGE_LOOP('',(#9435));
#4815=EDGE_LOOP('',(#9436));
#4816=EDGE_LOOP('',(#9437));
#4817=EDGE_LOOP('',(#9438));
#4818=EDGE_LOOP('',(#9439));
#4819=EDGE_LOOP('',(#9440));
#4820=EDGE_LOOP('',(#9441));
#4821=EDGE_LOOP('',(#9442));
#4822=EDGE_LOOP('',(#9443));
#4823=EDGE_LOOP('',(#9444));
#4824=EDGE_LOOP('',(#9445));
#4825=EDGE_LOOP('',(#9446));
#4826=EDGE_LOOP('',(#9447));
#4827=EDGE_LOOP('',(#9448));
#4828=EDGE_LOOP('',(#9449));
#4829=EDGE_LOOP('',(#9450));
#4830=EDGE_LOOP('',(#9451));
#4831=EDGE_LOOP('',(#9452));
#4832=EDGE_LOOP('',(#9453));
#4833=EDGE_LOOP('',(#9454));
#4834=EDGE_LOOP('',(#9455));
#4835=EDGE_LOOP('',(#9456));
#4836=EDGE_LOOP('',(#9457));
#4837=EDGE_LOOP('',(#9458));
#4838=EDGE_LOOP('',(#9459));
#4839=EDGE_LOOP('',(#9460,#9461,#9462,#9463,#9464,#9465,#9466,#9467,#9468,
#9469,#9470,#9471));
#4840=EDGE_LOOP('',(#9472,#9473,#9474,#9475));
#4841=EDGE_LOOP('',(#9476,#9477,#9478,#9479,#9480,#9481,#9482,#9483,#9484,
#9485,#9486,#9487));
#4842=EDGE_LOOP('',(#9488,#9489,#9490,#9491));
#4843=EDGE_LOOP('',(#9492,#9493,#9494,#9495));
#4844=EDGE_LOOP('',(#9496,#9497,#9498,#9499));
#4845=EDGE_LOOP('',(#9500,#9501,#9502,#9503,#9504,#9505,#9506,#9507));
#4846=EDGE_LOOP('',(#9508,#9509,#9510,#9511));
#4847=EDGE_LOOP('',(#9512,#9513,#9514,#9515));
#4848=EDGE_LOOP('',(#9516,#9517,#9518,#9519));
#4849=EDGE_LOOP('',(#9520,#9521,#9522,#9523));
#4850=EDGE_LOOP('',(#9524,#9525,#9526,#9527,#9528,#9529));
#4851=EDGE_LOOP('',(#9530,#9531,#9532,#9533,#9534));
#4852=EDGE_LOOP('',(#9535,#9536,#9537,#9538,#9539));
#4853=EDGE_LOOP('',(#9540,#9541,#9542,#9543,#9544));
#4854=EDGE_LOOP('',(#9545,#9546,#9547,#9548,#9549,#9550));
#4855=EDGE_LOOP('',(#9551,#9552,#9553,#9554,#9555));
#4856=EDGE_LOOP('',(#9556,#9557,#9558,#9559,#9560));
#4857=EDGE_LOOP('',(#9561,#9562,#9563,#9564,#9565));
#4858=EDGE_LOOP('',(#9566,#9567,#9568,#9569,#9570,#9571));
#4859=EDGE_LOOP('',(#9572,#9573,#9574,#9575,#9576));
#4860=EDGE_LOOP('',(#9577,#9578,#9579,#9580,#9581));
#4861=EDGE_LOOP('',(#9582,#9583,#9584,#9585,#9586));
#4862=EDGE_LOOP('',(#9587,#9588,#9589,#9590,#9591,#9592));
#4863=EDGE_LOOP('',(#9593,#9594,#9595,#9596,#9597));
#4864=EDGE_LOOP('',(#9598,#9599,#9600,#9601,#9602));
#4865=EDGE_LOOP('',(#9603,#9604,#9605,#9606,#9607));
#4866=EDGE_LOOP('',(#9608,#9609,#9610,#9611,#9612,#9613));
#4867=EDGE_LOOP('',(#9614,#9615,#9616,#9617,#9618));
#4868=EDGE_LOOP('',(#9619,#9620,#9621,#9622,#9623));
#4869=EDGE_LOOP('',(#9624,#9625,#9626,#9627,#9628));
#4870=EDGE_LOOP('',(#9629,#9630,#9631,#9632,#9633,#9634));
#4871=EDGE_LOOP('',(#9635,#9636,#9637,#9638,#9639));
#4872=EDGE_LOOP('',(#9640,#9641,#9642,#9643,#9644));
#4873=EDGE_LOOP('',(#9645,#9646,#9647,#9648,#9649));
#4874=EDGE_LOOP('',(#9650,#9651,#9652,#9653,#9654,#9655));
#4875=EDGE_LOOP('',(#9656,#9657,#9658,#9659,#9660));
#4876=EDGE_LOOP('',(#9661,#9662,#9663,#9664,#9665));
#4877=EDGE_LOOP('',(#9666,#9667,#9668,#9669,#9670));
#4878=EDGE_LOOP('',(#9671,#9672,#9673,#9674,#9675,#9676));
#4879=EDGE_LOOP('',(#9677,#9678,#9679,#9680,#9681));
#4880=EDGE_LOOP('',(#9682,#9683,#9684,#9685,#9686));
#4881=EDGE_LOOP('',(#9687,#9688,#9689,#9690,#9691));
#4882=EDGE_LOOP('',(#9692,#9693,#9694,#9695,#9696));
#4883=EDGE_LOOP('',(#9697,#9698,#9699,#9700));
#4884=EDGE_LOOP('',(#9701,#9702,#9703,#9704));
#4885=EDGE_LOOP('',(#9705,#9706,#9707,#9708));
#4886=EDGE_LOOP('',(#9709,#9710,#9711,#9712,#9713,#9714));
#4887=EDGE_LOOP('',(#9715,#9716,#9717,#9718));
#4888=EDGE_LOOP('',(#9719,#9720,#9721,#9722));
#4889=EDGE_LOOP('',(#9723,#9724,#9725,#9726));
#4890=EDGE_LOOP('',(#9727,#9728,#9729,#9730,#9731,#9732));
#4891=EDGE_LOOP('',(#9733,#9734,#9735,#9736,#9737));
#4892=EDGE_LOOP('',(#9738,#9739,#9740,#9741));
#4893=EDGE_LOOP('',(#9742,#9743,#9744,#9745));
#4894=EDGE_LOOP('',(#9746,#9747,#9748,#9749));
#4895=EDGE_LOOP('',(#9750,#9751,#9752,#9753,#9754,#9755));
#4896=EDGE_LOOP('',(#9756,#9757,#9758,#9759,#9760));
#4897=EDGE_LOOP('',(#9761,#9762,#9763,#9764,#9765));
#4898=EDGE_LOOP('',(#9766,#9767,#9768,#9769));
#4899=EDGE_LOOP('',(#9770,#9771,#9772,#9773));
#4900=EDGE_LOOP('',(#9774,#9775,#9776,#9777));
#4901=EDGE_LOOP('',(#9778,#9779,#9780,#9781,#9782,#9783));
#4902=EDGE_LOOP('',(#9784,#9785,#9786,#9787,#9788));
#4903=EDGE_LOOP('',(#9789,#9790,#9791,#9792));
#4904=EDGE_LOOP('',(#9793,#9794,#9795,#9796));
#4905=EDGE_LOOP('',(#9797,#9798,#9799,#9800));
#4906=EDGE_LOOP('',(#9801,#9802,#9803,#9804,#9805,#9806));
#4907=EDGE_LOOP('',(#9807,#9808,#9809,#9810));
#4908=EDGE_LOOP('',(#9811,#9812,#9813,#9814));
#4909=EDGE_LOOP('',(#9815,#9816,#9817,#9818));
#4910=EDGE_LOOP('',(#9819,#9820,#9821,#9822,#9823,#9824));
#4911=EDGE_LOOP('',(#9825,#9826,#9827,#9828,#9829));
#4912=EDGE_LOOP('',(#9830,#9831,#9832,#9833));
#4913=EDGE_LOOP('',(#9834,#9835,#9836,#9837));
#4914=EDGE_LOOP('',(#9838,#9839,#9840,#9841));
#4915=EDGE_LOOP('',(#9842,#9843,#9844,#9845,#9846,#9847));
#4916=EDGE_LOOP('',(#9848,#9849,#9850,#9851,#9852));
#4917=EDGE_LOOP('',(#9853,#9854,#9855,#9856,#9857));
#4918=EDGE_LOOP('',(#9858,#9859,#9860,#9861));
#4919=EDGE_LOOP('',(#9862,#9863,#9864,#9865));
#4920=EDGE_LOOP('',(#9866,#9867,#9868,#9869));
#4921=EDGE_LOOP('',(#9870,#9871,#9872,#9873,#9874,#9875));
#4922=EDGE_LOOP('',(#9876,#9877,#9878,#9879));
#4923=EDGE_LOOP('',(#9880,#9881,#9882,#9883));
#4924=EDGE_LOOP('',(#9884,#9885,#9886,#9887));
#4925=EDGE_LOOP('',(#9888,#9889,#9890,#9891));
#4926=EDGE_LOOP('',(#9892,#9893,#9894,#9895));
#4927=EDGE_LOOP('',(#9896,#9897,#9898,#9899));
#4928=EDGE_LOOP('',(#9900,#9901,#9902,#9903));
#4929=EDGE_LOOP('',(#9904,#9905,#9906,#9907));
#4930=EDGE_LOOP('',(#9908,#9909,#9910,#9911));
#4931=EDGE_LOOP('',(#9912,#9913,#9914,#9915));
#4932=EDGE_LOOP('',(#9916,#9917,#9918,#9919));
#4933=EDGE_LOOP('',(#9920,#9921,#9922,#9923));
#4934=EDGE_LOOP('',(#9924,#9925,#9926,#9927));
#4935=EDGE_LOOP('',(#9928,#9929,#9930,#9931));
#4936=EDGE_LOOP('',(#9932,#9933,#9934,#9935));
#4937=EDGE_LOOP('',(#9936,#9937,#9938,#9939));
#4938=EDGE_LOOP('',(#9940,#9941,#9942,#9943));
#4939=EDGE_LOOP('',(#9944,#9945,#9946,#9947));
#4940=EDGE_LOOP('',(#9948,#9949,#9950,#9951));
#4941=EDGE_LOOP('',(#9952,#9953,#9954,#9955));
#4942=EDGE_LOOP('',(#9956,#9957,#9958,#9959));
#4943=EDGE_LOOP('',(#9960,#9961,#9962,#9963));
#4944=EDGE_LOOP('',(#9964,#9965,#9966,#9967));
#4945=EDGE_LOOP('',(#9968,#9969,#9970,#9971));
#4946=EDGE_LOOP('',(#9972,#9973,#9974,#9975));
#4947=EDGE_LOOP('',(#9976,#9977,#9978,#9979));
#4948=EDGE_LOOP('',(#9980,#9981,#9982,#9983));
#4949=EDGE_LOOP('',(#9984,#9985,#9986,#9987));
#4950=EDGE_LOOP('',(#9988,#9989,#9990,#9991));
#4951=EDGE_LOOP('',(#9992,#9993,#9994,#9995));
#4952=EDGE_LOOP('',(#9996,#9997,#9998,#9999));
#4953=EDGE_LOOP('',(#10000,#10001,#10002,#10003));
#4954=EDGE_LOOP('',(#10004,#10005,#10006,#10007));
#4955=EDGE_LOOP('',(#10008,#10009,#10010,#10011));
#4956=EDGE_LOOP('',(#10012,#10013,#10014,#10015));
#4957=EDGE_LOOP('',(#10016,#10017,#10018,#10019));
#4958=EDGE_LOOP('',(#10020,#10021,#10022,#10023));
#4959=EDGE_LOOP('',(#10024,#10025,#10026,#10027));
#4960=EDGE_LOOP('',(#10028,#10029,#10030,#10031));
#4961=EDGE_LOOP('',(#10032,#10033,#10034,#10035));
#4962=EDGE_LOOP('',(#10036,#10037,#10038,#10039));
#4963=EDGE_LOOP('',(#10040,#10041,#10042,#10043));
#4964=EDGE_LOOP('',(#10044,#10045,#10046,#10047));
#4965=EDGE_LOOP('',(#10048,#10049,#10050,#10051));
#4966=EDGE_LOOP('',(#10052,#10053,#10054,#10055));
#4967=EDGE_LOOP('',(#10056,#10057,#10058,#10059));
#4968=EDGE_LOOP('',(#10060,#10061,#10062,#10063));
#4969=EDGE_LOOP('',(#10064,#10065,#10066,#10067));
#4970=EDGE_LOOP('',(#10068,#10069,#10070,#10071));
#4971=EDGE_LOOP('',(#10072,#10073,#10074,#10075));
#4972=EDGE_LOOP('',(#10076,#10077,#10078,#10079));
#4973=EDGE_LOOP('',(#10080,#10081,#10082,#10083));
#4974=EDGE_LOOP('',(#10084,#10085,#10086,#10087));
#4975=EDGE_LOOP('',(#10088,#10089,#10090,#10091));
#4976=EDGE_LOOP('',(#10092,#10093,#10094,#10095));
#4977=EDGE_LOOP('',(#10096,#10097,#10098,#10099));
#4978=EDGE_LOOP('',(#10100,#10101,#10102,#10103));
#4979=EDGE_LOOP('',(#10104,#10105,#10106,#10107));
#4980=EDGE_LOOP('',(#10108,#10109,#10110,#10111));
#4981=EDGE_LOOP('',(#10112,#10113,#10114,#10115));
#4982=EDGE_LOOP('',(#10116,#10117,#10118,#10119));
#4983=EDGE_LOOP('',(#10120,#10121,#10122,#10123));
#4984=EDGE_LOOP('',(#10124,#10125,#10126,#10127));
#4985=EDGE_LOOP('',(#10128,#10129,#10130,#10131));
#4986=EDGE_LOOP('',(#10132,#10133,#10134,#10135));
#4987=EDGE_LOOP('',(#10136,#10137,#10138,#10139));
#4988=EDGE_LOOP('',(#10140,#10141,#10142,#10143));
#4989=EDGE_LOOP('',(#10144,#10145,#10146,#10147));
#4990=EDGE_LOOP('',(#10148,#10149,#10150,#10151));
#4991=EDGE_LOOP('',(#10152,#10153,#10154,#10155));
#4992=EDGE_LOOP('',(#10156,#10157,#10158,#10159));
#4993=EDGE_LOOP('',(#10160,#10161,#10162,#10163));
#4994=EDGE_LOOP('',(#10164,#10165,#10166,#10167));
#4995=EDGE_LOOP('',(#10168,#10169,#10170,#10171));
#4996=EDGE_LOOP('',(#10172,#10173,#10174,#10175));
#4997=EDGE_LOOP('',(#10176,#10177,#10178,#10179));
#4998=EDGE_LOOP('',(#10180,#10181,#10182,#10183));
#4999=EDGE_LOOP('',(#10184,#10185,#10186,#10187));
#5000=EDGE_LOOP('',(#10188,#10189,#10190,#10191));
#5001=EDGE_LOOP('',(#10192,#10193,#10194,#10195));
#5002=EDGE_LOOP('',(#10196,#10197,#10198,#10199));
#5003=EDGE_LOOP('',(#10200,#10201,#10202,#10203));
#5004=EDGE_LOOP('',(#10204,#10205,#10206,#10207));
#5005=EDGE_LOOP('',(#10208,#10209,#10210,#10211));
#5006=EDGE_LOOP('',(#10212,#10213,#10214,#10215));
#5007=EDGE_LOOP('',(#10216,#10217,#10218,#10219));
#5008=EDGE_LOOP('',(#10220,#10221,#10222,#10223));
#5009=EDGE_LOOP('',(#10224,#10225,#10226,#10227));
#5010=EDGE_LOOP('',(#10228,#10229,#10230,#10231));
#5011=EDGE_LOOP('',(#10232,#10233,#10234,#10235));
#5012=EDGE_LOOP('',(#10236,#10237,#10238,#10239));
#5013=EDGE_LOOP('',(#10240,#10241,#10242,#10243));
#5014=EDGE_LOOP('',(#10244,#10245,#10246,#10247));
#5015=EDGE_LOOP('',(#10248,#10249,#10250,#10251));
#5016=EDGE_LOOP('',(#10252,#10253,#10254,#10255));
#5017=EDGE_LOOP('',(#10256,#10257,#10258,#10259));
#5018=EDGE_LOOP('',(#10260,#10261,#10262,#10263));
#5019=EDGE_LOOP('',(#10264,#10265,#10266,#10267));
#5020=EDGE_LOOP('',(#10268,#10269,#10270,#10271));
#5021=EDGE_LOOP('',(#10272,#10273,#10274,#10275));
#5022=EDGE_LOOP('',(#10276,#10277,#10278,#10279));
#5023=EDGE_LOOP('',(#10280,#10281,#10282,#10283));
#5024=EDGE_LOOP('',(#10284,#10285,#10286,#10287));
#5025=EDGE_LOOP('',(#10288,#10289,#10290,#10291));
#5026=EDGE_LOOP('',(#10292,#10293,#10294,#10295));
#5027=EDGE_LOOP('',(#10296,#10297,#10298,#10299));
#5028=EDGE_LOOP('',(#10300,#10301,#10302,#10303));
#5029=EDGE_LOOP('',(#10304,#10305,#10306,#10307));
#5030=EDGE_LOOP('',(#10308,#10309,#10310,#10311));
#5031=EDGE_LOOP('',(#10312,#10313,#10314,#10315));
#5032=EDGE_LOOP('',(#10316,#10317,#10318,#10319));
#5033=EDGE_LOOP('',(#10320,#10321,#10322,#10323));
#5034=EDGE_LOOP('',(#10324,#10325,#10326,#10327));
#5035=EDGE_LOOP('',(#10328,#10329,#10330,#10331));
#5036=EDGE_LOOP('',(#10332,#10333,#10334,#10335));
#5037=EDGE_LOOP('',(#10336,#10337,#10338,#10339));
#5038=EDGE_LOOP('',(#10340,#10341,#10342,#10343));
#5039=EDGE_LOOP('',(#10344,#10345,#10346,#10347));
#5040=EDGE_LOOP('',(#10348,#10349,#10350,#10351));
#5041=EDGE_LOOP('',(#10352,#10353,#10354,#10355));
#5042=EDGE_LOOP('',(#10356,#10357,#10358,#10359));
#5043=EDGE_LOOP('',(#10360,#10361,#10362,#10363));
#5044=EDGE_LOOP('',(#10364,#10365,#10366,#10367));
#5045=EDGE_LOOP('',(#10368,#10369,#10370,#10371));
#5046=EDGE_LOOP('',(#10372,#10373,#10374,#10375));
#5047=EDGE_LOOP('',(#10376,#10377,#10378,#10379));
#5048=EDGE_LOOP('',(#10380,#10381,#10382,#10383));
#5049=EDGE_LOOP('',(#10384,#10385,#10386,#10387));
#5050=EDGE_LOOP('',(#10388,#10389,#10390,#10391));
#5051=EDGE_LOOP('',(#10392,#10393,#10394,#10395));
#5052=EDGE_LOOP('',(#10396,#10397,#10398,#10399));
#5053=EDGE_LOOP('',(#10400,#10401,#10402,#10403));
#5054=EDGE_LOOP('',(#10404,#10405,#10406,#10407));
#5055=EDGE_LOOP('',(#10408,#10409,#10410,#10411));
#5056=EDGE_LOOP('',(#10412,#10413,#10414,#10415));
#5057=EDGE_LOOP('',(#10416,#10417,#10418,#10419));
#5058=EDGE_LOOP('',(#10420,#10421,#10422,#10423));
#5059=EDGE_LOOP('',(#10424,#10425,#10426,#10427));
#5060=EDGE_LOOP('',(#10428,#10429,#10430,#10431));
#5061=EDGE_LOOP('',(#10432,#10433,#10434,#10435));
#5062=EDGE_LOOP('',(#10436,#10437,#10438,#10439));
#5063=EDGE_LOOP('',(#10440,#10441,#10442,#10443));
#5064=EDGE_LOOP('',(#10444,#10445,#10446,#10447));
#5065=EDGE_LOOP('',(#10448,#10449,#10450,#10451));
#5066=EDGE_LOOP('',(#10452,#10453,#10454,#10455));
#5067=EDGE_LOOP('',(#10456,#10457,#10458,#10459));
#5068=EDGE_LOOP('',(#10460,#10461,#10462,#10463));
#5069=EDGE_LOOP('',(#10464,#10465,#10466,#10467));
#5070=EDGE_LOOP('',(#10468,#10469,#10470,#10471));
#5071=EDGE_LOOP('',(#10472,#10473,#10474,#10475));
#5072=EDGE_LOOP('',(#10476,#10477,#10478,#10479));
#5073=EDGE_LOOP('',(#10480,#10481,#10482,#10483));
#5074=EDGE_LOOP('',(#10484,#10485,#10486,#10487));
#5075=EDGE_LOOP('',(#10488,#10489,#10490,#10491));
#5076=EDGE_LOOP('',(#10492,#10493,#10494,#10495));
#5077=EDGE_LOOP('',(#10496,#10497,#10498,#10499));
#5078=EDGE_LOOP('',(#10500,#10501,#10502,#10503));
#5079=EDGE_LOOP('',(#10504,#10505,#10506,#10507));
#5080=EDGE_LOOP('',(#10508,#10509,#10510,#10511));
#5081=EDGE_LOOP('',(#10512,#10513,#10514,#10515));
#5082=EDGE_LOOP('',(#10516,#10517,#10518,#10519));
#5083=EDGE_LOOP('',(#10520,#10521,#10522,#10523));
#5084=EDGE_LOOP('',(#10524,#10525,#10526,#10527));
#5085=EDGE_LOOP('',(#10528,#10529,#10530,#10531));
#5086=EDGE_LOOP('',(#10532,#10533,#10534,#10535));
#5087=EDGE_LOOP('',(#10536,#10537,#10538,#10539));
#5088=EDGE_LOOP('',(#10540,#10541,#10542,#10543));
#5089=EDGE_LOOP('',(#10544,#10545,#10546,#10547));
#5090=EDGE_LOOP('',(#10548,#10549,#10550,#10551));
#5091=EDGE_LOOP('',(#10552,#10553,#10554,#10555));
#5092=EDGE_LOOP('',(#10556,#10557,#10558,#10559));
#5093=EDGE_LOOP('',(#10560,#10561,#10562,#10563));
#5094=EDGE_LOOP('',(#10564,#10565,#10566,#10567));
#5095=EDGE_LOOP('',(#10568,#10569,#10570,#10571));
#5096=EDGE_LOOP('',(#10572,#10573,#10574,#10575));
#5097=EDGE_LOOP('',(#10576,#10577,#10578,#10579));
#5098=EDGE_LOOP('',(#10580,#10581,#10582,#10583));
#5099=EDGE_LOOP('',(#10584,#10585,#10586,#10587));
#5100=EDGE_LOOP('',(#10588,#10589,#10590,#10591));
#5101=EDGE_LOOP('',(#10592,#10593,#10594,#10595));
#5102=EDGE_LOOP('',(#10596,#10597,#10598,#10599));
#5103=EDGE_LOOP('',(#10600,#10601,#10602,#10603));
#5104=EDGE_LOOP('',(#10604,#10605,#10606,#10607));
#5105=EDGE_LOOP('',(#10608,#10609,#10610,#10611));
#5106=EDGE_LOOP('',(#10612,#10613,#10614,#10615));
#5107=EDGE_LOOP('',(#10616,#10617,#10618,#10619));
#5108=EDGE_LOOP('',(#10620,#10621,#10622,#10623));
#5109=EDGE_LOOP('',(#10624,#10625,#10626,#10627));
#5110=EDGE_LOOP('',(#10628,#10629,#10630,#10631));
#5111=EDGE_LOOP('',(#10632,#10633,#10634,#10635));
#5112=EDGE_LOOP('',(#10636,#10637,#10638,#10639));
#5113=EDGE_LOOP('',(#10640,#10641,#10642,#10643));
#5114=EDGE_LOOP('',(#10644,#10645,#10646,#10647));
#5115=EDGE_LOOP('',(#10648,#10649,#10650,#10651));
#5116=EDGE_LOOP('',(#10652,#10653,#10654,#10655));
#5117=EDGE_LOOP('',(#10656,#10657,#10658,#10659));
#5118=EDGE_LOOP('',(#10660,#10661,#10662,#10663));
#5119=EDGE_LOOP('',(#10664,#10665,#10666,#10667));
#5120=EDGE_LOOP('',(#10668,#10669,#10670,#10671));
#5121=EDGE_LOOP('',(#10672,#10673,#10674,#10675));
#5122=EDGE_LOOP('',(#10676,#10677,#10678,#10679));
#5123=EDGE_LOOP('',(#10680,#10681,#10682,#10683));
#5124=EDGE_LOOP('',(#10684,#10685,#10686,#10687));
#5125=EDGE_LOOP('',(#10688,#10689,#10690,#10691));
#5126=EDGE_LOOP('',(#10692,#10693,#10694,#10695));
#5127=EDGE_LOOP('',(#10696,#10697,#10698,#10699));
#5128=EDGE_LOOP('',(#10700,#10701,#10702,#10703));
#5129=EDGE_LOOP('',(#10704,#10705,#10706,#10707));
#5130=EDGE_LOOP('',(#10708,#10709,#10710,#10711));
#5131=EDGE_LOOP('',(#10712,#10713,#10714,#10715));
#5132=EDGE_LOOP('',(#10716,#10717,#10718,#10719));
#5133=EDGE_LOOP('',(#10720,#10721,#10722,#10723));
#5134=EDGE_LOOP('',(#10724,#10725,#10726,#10727));
#5135=EDGE_LOOP('',(#10728,#10729,#10730,#10731));
#5136=EDGE_LOOP('',(#10732,#10733,#10734,#10735));
#5137=EDGE_LOOP('',(#10736,#10737,#10738,#10739));
#5138=EDGE_LOOP('',(#10740,#10741,#10742,#10743));
#5139=EDGE_LOOP('',(#10744,#10745,#10746,#10747));
#5140=EDGE_LOOP('',(#10748,#10749,#10750,#10751));
#5141=EDGE_LOOP('',(#10752,#10753,#10754,#10755));
#5142=EDGE_LOOP('',(#10756,#10757,#10758,#10759));
#5143=EDGE_LOOP('',(#10760,#10761,#10762,#10763));
#5144=EDGE_LOOP('',(#10764,#10765,#10766,#10767));
#5145=EDGE_LOOP('',(#10768,#10769,#10770,#10771));
#5146=EDGE_LOOP('',(#10772,#10773,#10774,#10775));
#5147=EDGE_LOOP('',(#10776,#10777,#10778,#10779));
#5148=EDGE_LOOP('',(#10780,#10781,#10782,#10783));
#5149=EDGE_LOOP('',(#10784,#10785,#10786,#10787));
#5150=EDGE_LOOP('',(#10788,#10789,#10790,#10791));
#5151=EDGE_LOOP('',(#10792,#10793,#10794,#10795));
#5152=EDGE_LOOP('',(#10796,#10797,#10798,#10799));
#5153=EDGE_LOOP('',(#10800,#10801,#10802,#10803));
#5154=EDGE_LOOP('',(#10804,#10805,#10806,#10807));
#5155=EDGE_LOOP('',(#10808,#10809,#10810,#10811));
#5156=EDGE_LOOP('',(#10812,#10813,#10814,#10815));
#5157=EDGE_LOOP('',(#10816,#10817,#10818,#10819));
#5158=EDGE_LOOP('',(#10820,#10821,#10822,#10823));
#5159=EDGE_LOOP('',(#10824,#10825,#10826,#10827));
#5160=EDGE_LOOP('',(#10828,#10829,#10830,#10831));
#5161=EDGE_LOOP('',(#10832,#10833,#10834,#10835));
#5162=EDGE_LOOP('',(#10836,#10837,#10838,#10839));
#5163=EDGE_LOOP('',(#10840,#10841,#10842,#10843));
#5164=EDGE_LOOP('',(#10844,#10845,#10846,#10847));
#5165=EDGE_LOOP('',(#10848,#10849,#10850,#10851));
#5166=EDGE_LOOP('',(#10852,#10853,#10854,#10855));
#5167=EDGE_LOOP('',(#10856,#10857,#10858,#10859));
#5168=EDGE_LOOP('',(#10860,#10861,#10862,#10863));
#5169=EDGE_LOOP('',(#10864,#10865,#10866,#10867));
#5170=EDGE_LOOP('',(#10868,#10869,#10870,#10871));
#5171=EDGE_LOOP('',(#10872,#10873,#10874,#10875));
#5172=EDGE_LOOP('',(#10876,#10877,#10878,#10879));
#5173=EDGE_LOOP('',(#10880,#10881,#10882,#10883));
#5174=EDGE_LOOP('',(#10884,#10885,#10886,#10887));
#5175=EDGE_LOOP('',(#10888,#10889,#10890,#10891));
#5176=EDGE_LOOP('',(#10892,#10893,#10894,#10895));
#5177=EDGE_LOOP('',(#10896,#10897,#10898,#10899));
#5178=EDGE_LOOP('',(#10900,#10901,#10902,#10903));
#5179=EDGE_LOOP('',(#10904,#10905,#10906,#10907));
#5180=EDGE_LOOP('',(#10908,#10909,#10910,#10911));
#5181=EDGE_LOOP('',(#10912,#10913,#10914,#10915));
#5182=EDGE_LOOP('',(#10916,#10917,#10918,#10919));
#5183=EDGE_LOOP('',(#10920,#10921,#10922,#10923));
#5184=EDGE_LOOP('',(#10924,#10925,#10926,#10927));
#5185=EDGE_LOOP('',(#10928,#10929,#10930,#10931));
#5186=EDGE_LOOP('',(#10932,#10933,#10934,#10935));
#5187=EDGE_LOOP('',(#10936,#10937,#10938,#10939));
#5188=EDGE_LOOP('',(#10940,#10941,#10942,#10943));
#5189=EDGE_LOOP('',(#10944,#10945,#10946,#10947));
#5190=EDGE_LOOP('',(#10948,#10949,#10950,#10951));
#5191=EDGE_LOOP('',(#10952,#10953,#10954,#10955));
#5192=EDGE_LOOP('',(#10956,#10957,#10958,#10959));
#5193=EDGE_LOOP('',(#10960,#10961,#10962,#10963));
#5194=EDGE_LOOP('',(#10964,#10965,#10966,#10967));
#5195=EDGE_LOOP('',(#10968,#10969,#10970,#10971));
#5196=EDGE_LOOP('',(#10972,#10973,#10974,#10975));
#5197=EDGE_LOOP('',(#10976,#10977,#10978,#10979));
#5198=EDGE_LOOP('',(#10980,#10981,#10982,#10983));
#5199=EDGE_LOOP('',(#10984,#10985,#10986,#10987));
#5200=EDGE_LOOP('',(#10988,#10989,#10990,#10991));
#5201=EDGE_LOOP('',(#10992,#10993,#10994,#10995));
#5202=EDGE_LOOP('',(#10996,#10997,#10998,#10999));
#5203=EDGE_LOOP('',(#11000,#11001,#11002,#11003));
#5204=EDGE_LOOP('',(#11004,#11005,#11006,#11007));
#5205=EDGE_LOOP('',(#11008,#11009,#11010,#11011));
#5206=EDGE_LOOP('',(#11012,#11013,#11014,#11015));
#5207=EDGE_LOOP('',(#11016,#11017,#11018,#11019));
#5208=EDGE_LOOP('',(#11020,#11021,#11022,#11023));
#5209=EDGE_LOOP('',(#11024,#11025,#11026,#11027));
#5210=EDGE_LOOP('',(#11028,#11029,#11030,#11031));
#5211=EDGE_LOOP('',(#11032,#11033,#11034,#11035));
#5212=EDGE_LOOP('',(#11036,#11037,#11038,#11039));
#5213=EDGE_LOOP('',(#11040,#11041,#11042,#11043));
#5214=EDGE_LOOP('',(#11044,#11045,#11046,#11047));
#5215=EDGE_LOOP('',(#11048,#11049,#11050,#11051));
#5216=EDGE_LOOP('',(#11052,#11053,#11054,#11055));
#5217=EDGE_LOOP('',(#11056,#11057,#11058,#11059));
#5218=EDGE_LOOP('',(#11060,#11061,#11062,#11063));
#5219=EDGE_LOOP('',(#11064,#11065,#11066,#11067));
#5220=EDGE_LOOP('',(#11068,#11069,#11070,#11071));
#5221=EDGE_LOOP('',(#11072,#11073,#11074,#11075));
#5222=EDGE_LOOP('',(#11076,#11077,#11078,#11079));
#5223=EDGE_LOOP('',(#11080,#11081,#11082,#11083));
#5224=EDGE_LOOP('',(#11084,#11085,#11086,#11087));
#5225=EDGE_LOOP('',(#11088,#11089,#11090,#11091));
#5226=EDGE_LOOP('',(#11092,#11093,#11094,#11095));
#5227=EDGE_LOOP('',(#11096,#11097,#11098,#11099));
#5228=EDGE_LOOP('',(#11100,#11101,#11102,#11103));
#5229=EDGE_LOOP('',(#11104,#11105,#11106,#11107));
#5230=EDGE_LOOP('',(#11108,#11109,#11110,#11111));
#5231=EDGE_LOOP('',(#11112,#11113,#11114,#11115));
#5232=EDGE_LOOP('',(#11116,#11117,#11118,#11119));
#5233=EDGE_LOOP('',(#11120,#11121,#11122,#11123));
#5234=EDGE_LOOP('',(#11124,#11125,#11126,#11127));
#5235=EDGE_LOOP('',(#11128,#11129,#11130,#11131));
#5236=EDGE_LOOP('',(#11132,#11133,#11134,#11135));
#5237=EDGE_LOOP('',(#11136,#11137,#11138,#11139));
#5238=EDGE_LOOP('',(#11140,#11141,#11142,#11143));
#5239=EDGE_LOOP('',(#11144,#11145,#11146,#11147));
#5240=EDGE_LOOP('',(#11148,#11149,#11150,#11151));
#5241=EDGE_LOOP('',(#11152,#11153,#11154,#11155));
#5242=EDGE_LOOP('',(#11156,#11157,#11158,#11159));
#5243=EDGE_LOOP('',(#11160,#11161,#11162,#11163));
#5244=EDGE_LOOP('',(#11164,#11165,#11166,#11167));
#5245=EDGE_LOOP('',(#11168,#11169,#11170,#11171));
#5246=EDGE_LOOP('',(#11172,#11173,#11174,#11175));
#5247=EDGE_LOOP('',(#11176,#11177,#11178,#11179));
#5248=EDGE_LOOP('',(#11180,#11181,#11182,#11183));
#5249=EDGE_LOOP('',(#11184,#11185,#11186,#11187));
#5250=EDGE_LOOP('',(#11188,#11189,#11190,#11191));
#5251=EDGE_LOOP('',(#11192,#11193,#11194,#11195));
#5252=EDGE_LOOP('',(#11196,#11197,#11198,#11199));
#5253=EDGE_LOOP('',(#11200,#11201,#11202,#11203));
#5254=EDGE_LOOP('',(#11204,#11205,#11206,#11207));
#5255=EDGE_LOOP('',(#11208,#11209,#11210,#11211));
#5256=EDGE_LOOP('',(#11212,#11213,#11214,#11215));
#5257=EDGE_LOOP('',(#11216,#11217,#11218,#11219));
#5258=EDGE_LOOP('',(#11220,#11221,#11222,#11223));
#5259=EDGE_LOOP('',(#11224,#11225,#11226,#11227));
#5260=EDGE_LOOP('',(#11228,#11229,#11230,#11231));
#5261=EDGE_LOOP('',(#11232,#11233,#11234,#11235));
#5262=EDGE_LOOP('',(#11236,#11237,#11238,#11239));
#5263=EDGE_LOOP('',(#11240,#11241,#11242,#11243));
#5264=EDGE_LOOP('',(#11244,#11245,#11246,#11247));
#5265=EDGE_LOOP('',(#11248,#11249,#11250,#11251));
#5266=EDGE_LOOP('',(#11252,#11253,#11254,#11255));
#5267=EDGE_LOOP('',(#11256,#11257,#11258,#11259));
#5268=EDGE_LOOP('',(#11260,#11261,#11262,#11263));
#5269=EDGE_LOOP('',(#11264,#11265,#11266,#11267));
#5270=EDGE_LOOP('',(#11268,#11269,#11270,#11271));
#5271=EDGE_LOOP('',(#11272,#11273,#11274,#11275));
#5272=EDGE_LOOP('',(#11276,#11277,#11278,#11279));
#5273=EDGE_LOOP('',(#11280,#11281,#11282,#11283));
#5274=EDGE_LOOP('',(#11284,#11285,#11286,#11287));
#5275=EDGE_LOOP('',(#11288,#11289,#11290,#11291));
#5276=EDGE_LOOP('',(#11292,#11293,#11294,#11295));
#5277=EDGE_LOOP('',(#11296,#11297,#11298,#11299));
#5278=EDGE_LOOP('',(#11300,#11301,#11302,#11303));
#5279=EDGE_LOOP('',(#11304,#11305,#11306,#11307));
#5280=EDGE_LOOP('',(#11308,#11309,#11310,#11311));
#5281=EDGE_LOOP('',(#11312,#11313,#11314,#11315));
#5282=EDGE_LOOP('',(#11316,#11317,#11318,#11319));
#5283=EDGE_LOOP('',(#11320,#11321,#11322,#11323));
#5284=EDGE_LOOP('',(#11324,#11325,#11326,#11327));
#5285=EDGE_LOOP('',(#11328,#11329,#11330,#11331));
#5286=EDGE_LOOP('',(#11332,#11333,#11334,#11335));
#5287=EDGE_LOOP('',(#11336,#11337,#11338,#11339));
#5288=EDGE_LOOP('',(#11340,#11341,#11342,#11343));
#5289=EDGE_LOOP('',(#11344,#11345,#11346,#11347));
#5290=EDGE_LOOP('',(#11348,#11349,#11350,#11351));
#5291=EDGE_LOOP('',(#11352,#11353,#11354,#11355));
#5292=EDGE_LOOP('',(#11356,#11357,#11358,#11359));
#5293=EDGE_LOOP('',(#11360,#11361,#11362,#11363));
#5294=EDGE_LOOP('',(#11364,#11365,#11366,#11367));
#5295=EDGE_LOOP('',(#11368,#11369,#11370,#11371));
#5296=EDGE_LOOP('',(#11372,#11373,#11374,#11375));
#5297=EDGE_LOOP('',(#11376,#11377,#11378,#11379));
#5298=EDGE_LOOP('',(#11380,#11381,#11382,#11383));
#5299=EDGE_LOOP('',(#11384,#11385,#11386,#11387));
#5300=EDGE_LOOP('',(#11388,#11389,#11390,#11391));
#5301=EDGE_LOOP('',(#11392,#11393,#11394,#11395));
#5302=EDGE_LOOP('',(#11396,#11397,#11398,#11399));
#5303=EDGE_LOOP('',(#11400,#11401,#11402,#11403));
#5304=EDGE_LOOP('',(#11404,#11405,#11406,#11407));
#5305=EDGE_LOOP('',(#11408,#11409,#11410,#11411));
#5306=EDGE_LOOP('',(#11412,#11413,#11414,#11415));
#5307=EDGE_LOOP('',(#11416,#11417,#11418,#11419));
#5308=EDGE_LOOP('',(#11420,#11421,#11422,#11423));
#5309=EDGE_LOOP('',(#11424,#11425,#11426,#11427));
#5310=EDGE_LOOP('',(#11428,#11429,#11430,#11431));
#5311=EDGE_LOOP('',(#11432,#11433,#11434,#11435));
#5312=EDGE_LOOP('',(#11436,#11437,#11438,#11439));
#5313=EDGE_LOOP('',(#11440,#11441,#11442,#11443));
#5314=EDGE_LOOP('',(#11444,#11445,#11446,#11447));
#5315=EDGE_LOOP('',(#11448,#11449,#11450,#11451));
#5316=EDGE_LOOP('',(#11452,#11453,#11454,#11455));
#5317=EDGE_LOOP('',(#11456,#11457,#11458,#11459));
#5318=EDGE_LOOP('',(#11460,#11461,#11462,#11463));
#5319=EDGE_LOOP('',(#11464,#11465,#11466,#11467));
#5320=EDGE_LOOP('',(#11468,#11469,#11470,#11471));
#5321=EDGE_LOOP('',(#11472,#11473,#11474,#11475));
#5322=EDGE_LOOP('',(#11476,#11477,#11478,#11479));
#5323=EDGE_LOOP('',(#11480,#11481,#11482,#11483));
#5324=EDGE_LOOP('',(#11484,#11485,#11486,#11487));
#5325=EDGE_LOOP('',(#11488,#11489,#11490,#11491));
#5326=EDGE_LOOP('',(#11492,#11493,#11494,#11495));
#5327=EDGE_LOOP('',(#11496,#11497,#11498,#11499));
#5328=EDGE_LOOP('',(#11500,#11501,#11502,#11503));
#5329=EDGE_LOOP('',(#11504,#11505,#11506,#11507));
#5330=EDGE_LOOP('',(#11508,#11509,#11510,#11511));
#5331=EDGE_LOOP('',(#11512,#11513,#11514,#11515));
#5332=EDGE_LOOP('',(#11516,#11517,#11518,#11519));
#5333=EDGE_LOOP('',(#11520,#11521,#11522,#11523));
#5334=EDGE_LOOP('',(#11524,#11525,#11526,#11527));
#5335=EDGE_LOOP('',(#11528,#11529,#11530,#11531));
#5336=EDGE_LOOP('',(#11532,#11533,#11534,#11535));
#5337=EDGE_LOOP('',(#11536,#11537,#11538,#11539));
#5338=EDGE_LOOP('',(#11540,#11541,#11542,#11543));
#5339=EDGE_LOOP('',(#11544,#11545,#11546,#11547));
#5340=EDGE_LOOP('',(#11548,#11549,#11550,#11551));
#5341=EDGE_LOOP('',(#11552,#11553,#11554,#11555));
#5342=EDGE_LOOP('',(#11556,#11557,#11558,#11559));
#5343=EDGE_LOOP('',(#11560,#11561,#11562,#11563));
#5344=EDGE_LOOP('',(#11564,#11565,#11566,#11567));
#5345=EDGE_LOOP('',(#11568,#11569,#11570,#11571));
#5346=EDGE_LOOP('',(#11572,#11573,#11574,#11575));
#5347=EDGE_LOOP('',(#11576,#11577,#11578,#11579));
#5348=CIRCLE('',#12557,6.);
#5349=CIRCLE('',#12558,1.5);
#5350=CIRCLE('',#12559,7.5);
#5351=CIRCLE('',#12561,6.);
#5352=CIRCLE('',#12562,1.5);
#5353=CIRCLE('',#12563,7.5);
#5354=CIRCLE('',#12565,4.50000000000001);
#5355=CIRCLE('',#12566,1.5);
#5356=CIRCLE('',#12567,6.00000000000001);
#5357=CIRCLE('',#12569,1.6);
#5358=CIRCLE('',#12570,1.6);
#5359=CIRCLE('',#12572,1.25000000000001);
#5360=CIRCLE('',#12573,1.25000000000001);
#5361=CIRCLE('',#12575,1.6);
#5362=CIRCLE('',#12576,1.6);
#5363=CIRCLE('',#12578,1.6);
#5364=CIRCLE('',#12579,1.6);
#5365=CIRCLE('',#12581,1.25000000000001);
#5366=CIRCLE('',#12582,1.25000000000001);
#5367=CIRCLE('',#12584,1.6);
#5368=CIRCLE('',#12585,1.6);
#5369=CIRCLE('',#12587,1.6);
#5370=CIRCLE('',#12588,1.6);
#5371=CIRCLE('',#12590,1.25000000000001);
#5372=CIRCLE('',#12591,1.25000000000001);
#5373=CIRCLE('',#12593,1.6);
#5374=CIRCLE('',#12594,1.6);
#5375=CIRCLE('',#12596,0.65);
#5376=CIRCLE('',#12597,0.65);
#5377=CIRCLE('',#12599,0.5);
#5378=CIRCLE('',#12600,0.5);
#5379=CIRCLE('',#12602,0.65);
#5380=CIRCLE('',#12603,0.65);
#5381=CIRCLE('',#12605,0.650000000000001);
#5382=CIRCLE('',#12606,0.650000000000001);
#5383=CIRCLE('',#12608,0.5);
#5384=CIRCLE('',#12609,0.5);
#5385=CIRCLE('',#12611,0.650000000000001);
#5386=CIRCLE('',#12612,0.650000000000001);
#5387=CIRCLE('',#12614,0.650000000000001);
#5388=CIRCLE('',#12615,0.650000000000001);
#5389=CIRCLE('',#12617,0.5);
#5390=CIRCLE('',#12618,0.5);
#5391=CIRCLE('',#12620,0.650000000000001);
#5392=CIRCLE('',#12621,0.650000000000001);
#5393=CIRCLE('',#12623,0.650000000000001);
#5394=CIRCLE('',#12624,0.650000000000001);
#5395=CIRCLE('',#12626,0.5);
#5396=CIRCLE('',#12627,0.5);
#5397=CIRCLE('',#12629,0.650000000000001);
#5398=CIRCLE('',#12630,0.650000000000001);
#5399=CIRCLE('',#12632,0.650000000000001);
#5400=CIRCLE('',#12633,0.650000000000001);
#5401=CIRCLE('',#12635,0.5);
#5402=CIRCLE('',#12636,0.5);
#5403=CIRCLE('',#12638,0.650000000000001);
#5404=CIRCLE('',#12639,0.650000000000001);
#5405=CIRCLE('',#12641,0.5);
#5406=CIRCLE('',#12642,0.5);
#5407=CIRCLE('',#12644,0.649999999999998);
#5408=CIRCLE('',#12645,0.649999999999998);
#5409=CIRCLE('',#12647,0.5);
#5410=CIRCLE('',#12648,0.5);
#5411=CIRCLE('',#12650,0.649999999999998);
#5412=CIRCLE('',#12651,0.649999999999998);
#5413=CIRCLE('',#12653,0.649999999999998);
#5414=CIRCLE('',#12654,0.649999999999998);
#5415=CIRCLE('',#12656,0.5);
#5416=CIRCLE('',#12657,0.5);
#5417=CIRCLE('',#12659,0.649999999999998);
#5418=CIRCLE('',#12660,0.649999999999998);
#5419=CIRCLE('',#12662,0.5);
#5420=CIRCLE('',#12663,0.5);
#5421=CIRCLE('',#12665,1.6);
#5422=CIRCLE('',#12666,1.6);
#5423=CIRCLE('',#12668,1.25000000000001);
#5424=CIRCLE('',#12669,1.25000000000001);
#5425=CIRCLE('',#12671,1.6);
#5426=CIRCLE('',#12672,1.6);
#5427=CIRCLE('',#12674,0.25);
#5428=CIRCLE('',#12675,0.25);
#5429=CIRCLE('',#12677,0.25);
#5430=CIRCLE('',#12678,0.25);
#5431=CIRCLE('',#12680,0.25);
#5432=CIRCLE('',#12681,0.25);
#5433=CIRCLE('',#12683,0.25);
#5434=CIRCLE('',#12684,0.25);
#5435=CIRCLE('',#12686,0.25);
#5436=CIRCLE('',#12687,0.25);
#5437=CIRCLE('',#12689,0.25);
#5438=CIRCLE('',#12690,0.25);
#5439=CIRCLE('',#12692,0.25);
#5440=CIRCLE('',#12693,0.25);
#5441=CIRCLE('',#12695,1.);
#5442=CIRCLE('',#12696,1.);
#5443=CIRCLE('',#12697,1.);
#5444=CIRCLE('',#12698,1.);
#5445=CIRCLE('',#12701,0.25);
#5446=CIRCLE('',#12702,0.25);
#5447=CIRCLE('',#12705,0.25);
#5448=CIRCLE('',#12706,0.25);
#5449=CIRCLE('',#12709,0.25);
#5450=CIRCLE('',#12710,0.25);
#5451=CIRCLE('',#12713,0.25);
#5452=CIRCLE('',#12714,0.25);
#5453=CIRCLE('',#12717,0.25);
#5454=CIRCLE('',#12718,0.25);
#5455=CIRCLE('',#12721,0.25);
#5456=CIRCLE('',#12722,0.25);
#5457=CIRCLE('',#12725,0.25);
#5458=CIRCLE('',#12726,0.25);
#5459=CIRCLE('',#12729,0.25);
#5460=CIRCLE('',#12730,0.25);
#5461=CIRCLE('',#12732,0.25);
#5462=CIRCLE('',#12733,0.25);
#5463=CIRCLE('',#12734,0.25);
#5464=CIRCLE('',#12735,0.25);
#5465=CIRCLE('',#12736,0.25);
#5466=CIRCLE('',#12737,0.25);
#5467=CIRCLE('',#12738,0.25);
#5468=CIRCLE('',#12739,0.25);
#5469=CIRCLE('',#12740,0.25);
#5470=CIRCLE('',#12741,0.25);
#5471=CIRCLE('',#12742,0.25);
#5472=CIRCLE('',#12743,0.25);
#5473=CIRCLE('',#12744,0.25);
#5474=CIRCLE('',#12745,0.25);
#5475=CIRCLE('',#12746,0.25);
#5476=CIRCLE('',#12747,0.25);
#5477=CIRCLE('',#12750,0.25);
#5478=CIRCLE('',#12751,0.25);
#5479=CIRCLE('',#12752,0.25);
#5480=CIRCLE('',#12753,0.25);
#5481=CIRCLE('',#12754,0.25);
#5482=CIRCLE('',#12755,0.25);
#5483=CIRCLE('',#12756,0.25);
#5484=CIRCLE('',#12757,0.25);
#5485=CIRCLE('',#12758,0.25);
#5486=CIRCLE('',#12759,0.25);
#5487=CIRCLE('',#12760,0.25);
#5488=CIRCLE('',#12761,0.25);
#5489=CIRCLE('',#12762,0.25);
#5490=CIRCLE('',#12763,0.25);
#5491=CIRCLE('',#12764,0.25);
#5492=CIRCLE('',#12765,0.25);
#5493=CIRCLE('',#12766,0.25);
#5494=CIRCLE('',#12767,0.25);
#5495=CIRCLE('',#12768,0.25);
#5496=CIRCLE('',#12769,0.25);
#5497=CIRCLE('',#12770,0.25);
#5498=CIRCLE('',#12771,0.25);
#5499=CIRCLE('',#12772,0.25);
#5500=CIRCLE('',#12773,0.25);
#5501=CIRCLE('',#12774,0.25);
#5502=CIRCLE('',#12775,0.25);
#5503=CIRCLE('',#12776,0.25);
#5504=CIRCLE('',#12777,0.25);
#5505=CIRCLE('',#12778,0.25);
#5506=CIRCLE('',#12779,0.25);
#5507=CIRCLE('',#12780,0.25);
#5508=CIRCLE('',#12781,0.25);
#5509=CIRCLE('',#12898,1.);
#5510=CIRCLE('',#12899,1.);
#5511=CIRCLE('',#12900,1.);
#5512=CIRCLE('',#12901,1.);
#5513=VERTEX_POINT('',#16614);
#5514=VERTEX_POINT('',#16616);
#5515=VERTEX_POINT('',#16620);
#5516=VERTEX_POINT('',#16622);
#5517=VERTEX_POINT('',#16626);
#5518=VERTEX_POINT('',#16628);
#5519=VERTEX_POINT('',#16632);
#5520=VERTEX_POINT('',#16634);
#5521=VERTEX_POINT('',#16638);
#5522=VERTEX_POINT('',#16640);
#5523=VERTEX_POINT('',#16644);
#5524=VERTEX_POINT('',#16646);
#5525=VERTEX_POINT('',#16650);
#5526=VERTEX_POINT('',#16652);
#5527=VERTEX_POINT('',#16656);
#5528=VERTEX_POINT('',#16658);
#5529=VERTEX_POINT('',#16662);
#5530=VERTEX_POINT('',#16664);
#5531=VERTEX_POINT('',#16668);
#5532=VERTEX_POINT('',#16670);
#5533=VERTEX_POINT('',#16674);
#5534=VERTEX_POINT('',#16676);
#5535=VERTEX_POINT('',#16680);
#5536=VERTEX_POINT('',#16682);
#5537=VERTEX_POINT('',#16686);
#5538=VERTEX_POINT('',#16688);
#5539=VERTEX_POINT('',#16692);
#5540=VERTEX_POINT('',#16694);
#5541=VERTEX_POINT('',#16698);
#5542=VERTEX_POINT('',#16700);
#5543=VERTEX_POINT('',#16704);
#5544=VERTEX_POINT('',#16706);
#5545=VERTEX_POINT('',#16710);
#5546=VERTEX_POINT('',#16712);
#5547=VERTEX_POINT('',#16716);
#5548=VERTEX_POINT('',#16718);
#5549=VERTEX_POINT('',#16722);
#5550=VERTEX_POINT('',#16724);
#5551=VERTEX_POINT('',#16728);
#5552=VERTEX_POINT('',#16730);
#5553=VERTEX_POINT('',#16734);
#5554=VERTEX_POINT('',#16736);
#5555=VERTEX_POINT('',#16740);
#5556=VERTEX_POINT('',#16742);
#5557=VERTEX_POINT('',#16746);
#5558=VERTEX_POINT('',#16748);
#5559=VERTEX_POINT('',#16752);
#5560=VERTEX_POINT('',#16754);
#5561=VERTEX_POINT('',#16758);
#5562=VERTEX_POINT('',#16760);
#5563=VERTEX_POINT('',#16764);
#5564=VERTEX_POINT('',#16766);
#5565=VERTEX_POINT('',#16770);
#5566=VERTEX_POINT('',#16772);
#5567=VERTEX_POINT('',#16776);
#5568=VERTEX_POINT('',#16778);
#5569=VERTEX_POINT('',#16782);
#5570=VERTEX_POINT('',#16784);
#5571=VERTEX_POINT('',#16788);
#5572=VERTEX_POINT('',#16790);
#5573=VERTEX_POINT('',#16794);
#5574=VERTEX_POINT('',#16796);
#5575=VERTEX_POINT('',#16800);
#5576=VERTEX_POINT('',#16802);
#5577=VERTEX_POINT('',#16806);
#5578=VERTEX_POINT('',#16808);
#5579=VERTEX_POINT('',#16812);
#5580=VERTEX_POINT('',#16814);
#5581=VERTEX_POINT('',#16818);
#5582=VERTEX_POINT('',#16820);
#5583=VERTEX_POINT('',#16824);
#5584=VERTEX_POINT('',#16826);
#5585=VERTEX_POINT('',#16830);
#5586=VERTEX_POINT('',#16832);
#5587=VERTEX_POINT('',#16836);
#5588=VERTEX_POINT('',#16838);
#5589=VERTEX_POINT('',#16842);
#5590=VERTEX_POINT('',#16844);
#5591=VERTEX_POINT('',#16848);
#5592=VERTEX_POINT('',#16850);
#5593=VERTEX_POINT('',#16854);
#5594=VERTEX_POINT('',#16856);
#5595=VERTEX_POINT('',#16860);
#5596=VERTEX_POINT('',#16862);
#5597=VERTEX_POINT('',#16866);
#5598=VERTEX_POINT('',#16868);
#5599=VERTEX_POINT('',#16872);
#5600=VERTEX_POINT('',#16874);
#5601=VERTEX_POINT('',#16878);
#5602=VERTEX_POINT('',#16880);
#5603=VERTEX_POINT('',#16884);
#5604=VERTEX_POINT('',#16885);
#5605=VERTEX_POINT('',#16887);
#5606=VERTEX_POINT('',#16889);
#5607=VERTEX_POINT('',#16891);
#5608=VERTEX_POINT('',#16893);
#5609=VERTEX_POINT('',#16895);
#5610=VERTEX_POINT('',#16897);
#5611=VERTEX_POINT('',#16900);
#5612=VERTEX_POINT('',#16901);
#5613=VERTEX_POINT('',#16903);
#5614=VERTEX_POINT('',#16905);
#5615=VERTEX_POINT('',#16908);
#5616=VERTEX_POINT('',#16909);
#5617=VERTEX_POINT('',#16911);
#5618=VERTEX_POINT('',#16913);
#5619=VERTEX_POINT('',#16916);
#5620=VERTEX_POINT('',#16917);
#5621=VERTEX_POINT('',#16919);
#5622=VERTEX_POINT('',#16921);
#5623=VERTEX_POINT('',#16924);
#5624=VERTEX_POINT('',#16925);
#5625=VERTEX_POINT('',#16927);
#5626=VERTEX_POINT('',#16929);
#5627=VERTEX_POINT('',#16932);
#5628=VERTEX_POINT('',#16933);
#5629=VERTEX_POINT('',#16935);
#5630=VERTEX_POINT('',#16937);
#5631=VERTEX_POINT('',#16940);
#5632=VERTEX_POINT('',#16941);
#5633=VERTEX_POINT('',#16943);
#5634=VERTEX_POINT('',#16945);
#5635=VERTEX_POINT('',#16948);
#5636=VERTEX_POINT('',#16949);
#5637=VERTEX_POINT('',#16951);
#5638=VERTEX_POINT('',#16953);
#5639=VERTEX_POINT('',#16956);
#5640=VERTEX_POINT('',#16957);
#5641=VERTEX_POINT('',#16959);
#5642=VERTEX_POINT('',#16961);
#5643=VERTEX_POINT('',#16964);
#5644=VERTEX_POINT('',#16965);
#5645=VERTEX_POINT('',#16967);
#5646=VERTEX_POINT('',#16969);
#5647=VERTEX_POINT('',#16972);
#5648=VERTEX_POINT('',#16973);
#5649=VERTEX_POINT('',#16975);
#5650=VERTEX_POINT('',#16977);
#5651=VERTEX_POINT('',#16980);
#5652=VERTEX_POINT('',#16981);
#5653=VERTEX_POINT('',#16983);
#5654=VERTEX_POINT('',#16985);
#5655=VERTEX_POINT('',#16988);
#5656=VERTEX_POINT('',#16989);
#5657=VERTEX_POINT('',#16991);
#5658=VERTEX_POINT('',#16993);
#5659=VERTEX_POINT('',#16996);
#5660=VERTEX_POINT('',#16997);
#5661=VERTEX_POINT('',#16999);
#5662=VERTEX_POINT('',#17001);
#5663=VERTEX_POINT('',#17004);
#5664=VERTEX_POINT('',#17005);
#5665=VERTEX_POINT('',#17007);
#5666=VERTEX_POINT('',#17009);
#5667=VERTEX_POINT('',#17012);
#5668=VERTEX_POINT('',#17013);
#5669=VERTEX_POINT('',#17015);
#5670=VERTEX_POINT('',#17017);
#5671=VERTEX_POINT('',#17020);
#5672=VERTEX_POINT('',#17021);
#5673=VERTEX_POINT('',#17023);
#5674=VERTEX_POINT('',#17025);
#5675=VERTEX_POINT('',#17028);
#5676=VERTEX_POINT('',#17029);
#5677=VERTEX_POINT('',#17031);
#5678=VERTEX_POINT('',#17033);
#5679=VERTEX_POINT('',#17036);
#5680=VERTEX_POINT('',#17037);
#5681=VERTEX_POINT('',#17039);
#5682=VERTEX_POINT('',#17041);
#5683=VERTEX_POINT('',#17044);
#5684=VERTEX_POINT('',#17045);
#5685=VERTEX_POINT('',#17047);
#5686=VERTEX_POINT('',#17049);
#5687=VERTEX_POINT('',#17052);
#5688=VERTEX_POINT('',#17053);
#5689=VERTEX_POINT('',#17055);
#5690=VERTEX_POINT('',#17057);
#5691=VERTEX_POINT('',#17060);
#5692=VERTEX_POINT('',#17061);
#5693=VERTEX_POINT('',#17063);
#5694=VERTEX_POINT('',#17065);
#5695=VERTEX_POINT('',#17068);
#5696=VERTEX_POINT('',#17069);
#5697=VERTEX_POINT('',#17071);
#5698=VERTEX_POINT('',#17073);
#5699=VERTEX_POINT('',#17076);
#5700=VERTEX_POINT('',#17077);
#5701=VERTEX_POINT('',#17079);
#5702=VERTEX_POINT('',#17081);
#5703=VERTEX_POINT('',#17084);
#5704=VERTEX_POINT('',#17085);
#5705=VERTEX_POINT('',#17087);
#5706=VERTEX_POINT('',#17089);
#5707=VERTEX_POINT('',#17092);
#5708=VERTEX_POINT('',#17093);
#5709=VERTEX_POINT('',#17095);
#5710=VERTEX_POINT('',#17097);
#5711=VERTEX_POINT('',#17100);
#5712=VERTEX_POINT('',#17101);
#5713=VERTEX_POINT('',#17103);
#5714=VERTEX_POINT('',#17105);
#5715=VERTEX_POINT('',#17108);
#5716=VERTEX_POINT('',#17109);
#5717=VERTEX_POINT('',#17111);
#5718=VERTEX_POINT('',#17113);
#5719=VERTEX_POINT('',#17116);
#5720=VERTEX_POINT('',#17117);
#5721=VERTEX_POINT('',#17119);
#5722=VERTEX_POINT('',#17121);
#5723=VERTEX_POINT('',#17124);
#5724=VERTEX_POINT('',#17125);
#5725=VERTEX_POINT('',#17127);
#5726=VERTEX_POINT('',#17129);
#5727=VERTEX_POINT('',#17132);
#5728=VERTEX_POINT('',#17133);
#5729=VERTEX_POINT('',#17135);
#5730=VERTEX_POINT('',#17137);
#5731=VERTEX_POINT('',#17140);
#5732=VERTEX_POINT('',#17141);
#5733=VERTEX_POINT('',#17143);
#5734=VERTEX_POINT('',#17145);
#5735=VERTEX_POINT('',#17148);
#5736=VERTEX_POINT('',#17149);
#5737=VERTEX_POINT('',#17151);
#5738=VERTEX_POINT('',#17153);
#5739=VERTEX_POINT('',#17156);
#5740=VERTEX_POINT('',#17157);
#5741=VERTEX_POINT('',#17159);
#5742=VERTEX_POINT('',#17161);
#5743=VERTEX_POINT('',#17164);
#5744=VERTEX_POINT('',#17165);
#5745=VERTEX_POINT('',#17167);
#5746=VERTEX_POINT('',#17169);
#5747=VERTEX_POINT('',#17172);
#5748=VERTEX_POINT('',#17173);
#5749=VERTEX_POINT('',#17175);
#5750=VERTEX_POINT('',#17177);
#5751=VERTEX_POINT('',#17180);
#5752=VERTEX_POINT('',#17181);
#5753=VERTEX_POINT('',#17183);
#5754=VERTEX_POINT('',#17185);
#5755=VERTEX_POINT('',#17188);
#5756=VERTEX_POINT('',#17189);
#5757=VERTEX_POINT('',#17191);
#5758=VERTEX_POINT('',#17193);
#5759=VERTEX_POINT('',#17196);
#5760=VERTEX_POINT('',#17197);
#5761=VERTEX_POINT('',#17199);
#5762=VERTEX_POINT('',#17201);
#5763=VERTEX_POINT('',#17204);
#5764=VERTEX_POINT('',#17205);
#5765=VERTEX_POINT('',#17207);
#5766=VERTEX_POINT('',#17209);
#5767=VERTEX_POINT('',#17212);
#5768=VERTEX_POINT('',#17213);
#5769=VERTEX_POINT('',#17215);
#5770=VERTEX_POINT('',#17217);
#5771=VERTEX_POINT('',#17220);
#5772=VERTEX_POINT('',#17221);
#5773=VERTEX_POINT('',#17223);
#5774=VERTEX_POINT('',#17225);
#5775=VERTEX_POINT('',#17228);
#5776=VERTEX_POINT('',#17229);
#5777=VERTEX_POINT('',#17231);
#5778=VERTEX_POINT('',#17233);
#5779=VERTEX_POINT('',#17236);
#5780=VERTEX_POINT('',#17237);
#5781=VERTEX_POINT('',#17239);
#5782=VERTEX_POINT('',#17241);
#5783=VERTEX_POINT('',#17244);
#5784=VERTEX_POINT('',#17245);
#5785=VERTEX_POINT('',#17247);
#5786=VERTEX_POINT('',#17249);
#5787=VERTEX_POINT('',#17252);
#5788=VERTEX_POINT('',#17253);
#5789=VERTEX_POINT('',#17255);
#5790=VERTEX_POINT('',#17257);
#5791=VERTEX_POINT('',#17260);
#5792=VERTEX_POINT('',#17261);
#5793=VERTEX_POINT('',#17263);
#5794=VERTEX_POINT('',#17265);
#5795=VERTEX_POINT('',#17268);
#5796=VERTEX_POINT('',#17269);
#5797=VERTEX_POINT('',#17271);
#5798=VERTEX_POINT('',#17273);
#5799=VERTEX_POINT('',#17276);
#5800=VERTEX_POINT('',#17277);
#5801=VERTEX_POINT('',#17279);
#5802=VERTEX_POINT('',#17281);
#5803=VERTEX_POINT('',#17284);
#5804=VERTEX_POINT('',#17285);
#5805=VERTEX_POINT('',#17287);
#5806=VERTEX_POINT('',#17289);
#5807=VERTEX_POINT('',#17292);
#5808=VERTEX_POINT('',#17293);
#5809=VERTEX_POINT('',#17295);
#5810=VERTEX_POINT('',#17297);
#5811=VERTEX_POINT('',#17300);
#5812=VERTEX_POINT('',#17301);
#5813=VERTEX_POINT('',#17303);
#5814=VERTEX_POINT('',#17305);
#5815=VERTEX_POINT('',#17308);
#5816=VERTEX_POINT('',#17309);
#5817=VERTEX_POINT('',#17311);
#5818=VERTEX_POINT('',#17313);
#5819=VERTEX_POINT('',#17316);
#5820=VERTEX_POINT('',#17317);
#5821=VERTEX_POINT('',#17319);
#5822=VERTEX_POINT('',#17321);
#5823=VERTEX_POINT('',#17324);
#5824=VERTEX_POINT('',#17325);
#5825=VERTEX_POINT('',#17327);
#5826=VERTEX_POINT('',#17329);
#5827=VERTEX_POINT('',#17332);
#5828=VERTEX_POINT('',#17333);
#5829=VERTEX_POINT('',#17335);
#5830=VERTEX_POINT('',#17337);
#5831=VERTEX_POINT('',#17340);
#5832=VERTEX_POINT('',#17341);
#5833=VERTEX_POINT('',#17343);
#5834=VERTEX_POINT('',#17345);
#5835=VERTEX_POINT('',#17348);
#5836=VERTEX_POINT('',#17349);
#5837=VERTEX_POINT('',#17351);
#5838=VERTEX_POINT('',#17353);
#5839=VERTEX_POINT('',#17356);
#5840=VERTEX_POINT('',#17357);
#5841=VERTEX_POINT('',#17359);
#5842=VERTEX_POINT('',#17361);
#5843=VERTEX_POINT('',#17364);
#5844=VERTEX_POINT('',#17365);
#5845=VERTEX_POINT('',#17367);
#5846=VERTEX_POINT('',#17369);
#5847=VERTEX_POINT('',#17372);
#5848=VERTEX_POINT('',#17373);
#5849=VERTEX_POINT('',#17375);
#5850=VERTEX_POINT('',#17377);
#5851=VERTEX_POINT('',#17380);
#5852=VERTEX_POINT('',#17381);
#5853=VERTEX_POINT('',#17383);
#5854=VERTEX_POINT('',#17385);
#5855=VERTEX_POINT('',#17388);
#5856=VERTEX_POINT('',#17389);
#5857=VERTEX_POINT('',#17391);
#5858=VERTEX_POINT('',#17393);
#5859=VERTEX_POINT('',#17396);
#5860=VERTEX_POINT('',#17397);
#5861=VERTEX_POINT('',#17399);
#5862=VERTEX_POINT('',#17401);
#5863=VERTEX_POINT('',#17404);
#5864=VERTEX_POINT('',#17405);
#5865=VERTEX_POINT('',#17407);
#5866=VERTEX_POINT('',#17409);
#5867=VERTEX_POINT('',#17412);
#5868=VERTEX_POINT('',#17413);
#5869=VERTEX_POINT('',#17415);
#5870=VERTEX_POINT('',#17417);
#5871=VERTEX_POINT('',#17420);
#5872=VERTEX_POINT('',#17421);
#5873=VERTEX_POINT('',#17423);
#5874=VERTEX_POINT('',#17425);
#5875=VERTEX_POINT('',#17428);
#5876=VERTEX_POINT('',#17429);
#5877=VERTEX_POINT('',#17431);
#5878=VERTEX_POINT('',#17433);
#5879=VERTEX_POINT('',#17436);
#5880=VERTEX_POINT('',#17437);
#5881=VERTEX_POINT('',#17439);
#5882=VERTEX_POINT('',#17441);
#5883=VERTEX_POINT('',#17444);
#5884=VERTEX_POINT('',#17445);
#5885=VERTEX_POINT('',#17447);
#5886=VERTEX_POINT('',#17449);
#5887=VERTEX_POINT('',#17452);
#5888=VERTEX_POINT('',#17453);
#5889=VERTEX_POINT('',#17455);
#5890=VERTEX_POINT('',#17457);
#5891=VERTEX_POINT('',#17460);
#5892=VERTEX_POINT('',#17461);
#5893=VERTEX_POINT('',#17463);
#5894=VERTEX_POINT('',#17465);
#5895=VERTEX_POINT('',#17468);
#5896=VERTEX_POINT('',#17469);
#5897=VERTEX_POINT('',#17471);
#5898=VERTEX_POINT('',#17473);
#5899=VERTEX_POINT('',#17476);
#5900=VERTEX_POINT('',#17477);
#5901=VERTEX_POINT('',#17479);
#5902=VERTEX_POINT('',#17481);
#5903=VERTEX_POINT('',#17484);
#5904=VERTEX_POINT('',#17485);
#5905=VERTEX_POINT('',#17487);
#5906=VERTEX_POINT('',#17489);
#5907=VERTEX_POINT('',#17492);
#5908=VERTEX_POINT('',#17493);
#5909=VERTEX_POINT('',#17495);
#5910=VERTEX_POINT('',#17497);
#5911=VERTEX_POINT('',#17500);
#5912=VERTEX_POINT('',#17501);
#5913=VERTEX_POINT('',#17503);
#5914=VERTEX_POINT('',#17505);
#5915=VERTEX_POINT('',#17508);
#5916=VERTEX_POINT('',#17509);
#5917=VERTEX_POINT('',#17511);
#5918=VERTEX_POINT('',#17513);
#5919=VERTEX_POINT('',#17516);
#5920=VERTEX_POINT('',#17517);
#5921=VERTEX_POINT('',#17519);
#5922=VERTEX_POINT('',#17521);
#5923=VERTEX_POINT('',#17524);
#5924=VERTEX_POINT('',#17525);
#5925=VERTEX_POINT('',#17527);
#5926=VERTEX_POINT('',#17529);
#5927=VERTEX_POINT('',#17532);
#5928=VERTEX_POINT('',#17533);
#5929=VERTEX_POINT('',#17535);
#5930=VERTEX_POINT('',#17537);
#5931=VERTEX_POINT('',#17541);
#5932=VERTEX_POINT('',#17542);
#5933=VERTEX_POINT('',#17544);
#5934=VERTEX_POINT('',#17546);
#5935=VERTEX_POINT('',#17550);
#5936=VERTEX_POINT('',#17552);
#5937=VERTEX_POINT('',#17554);
#5938=VERTEX_POINT('',#17556);
#5939=VERTEX_POINT('',#17558);
#5940=VERTEX_POINT('',#17560);
#5941=VERTEX_POINT('',#17562);
#5942=VERTEX_POINT('',#17566);
#5943=VERTEX_POINT('',#17567);
#5944=VERTEX_POINT('',#17569);
#5945=VERTEX_POINT('',#17571);
#5946=VERTEX_POINT('',#17575);
#5947=VERTEX_POINT('',#17577);
#5948=VERTEX_POINT('',#17579);
#5949=VERTEX_POINT('',#17581);
#5950=VERTEX_POINT('',#17583);
#5951=VERTEX_POINT('',#17585);
#5952=VERTEX_POINT('',#17587);
#5953=VERTEX_POINT('',#17591);
#5954=VERTEX_POINT('',#17592);
#5955=VERTEX_POINT('',#17594);
#5956=VERTEX_POINT('',#17596);
#5957=VERTEX_POINT('',#17600);
#5958=VERTEX_POINT('',#17602);
#5959=VERTEX_POINT('',#17604);
#5960=VERTEX_POINT('',#17606);
#5961=VERTEX_POINT('',#17608);
#5962=VERTEX_POINT('',#17610);
#5963=VERTEX_POINT('',#17612);
#5964=VERTEX_POINT('',#17616);
#5965=VERTEX_POINT('',#17617);
#5966=VERTEX_POINT('',#17619);
#5967=VERTEX_POINT('',#17621);
#5968=VERTEX_POINT('',#17625);
#5969=VERTEX_POINT('',#17627);
#5970=VERTEX_POINT('',#17629);
#5971=VERTEX_POINT('',#17631);
#5972=VERTEX_POINT('',#17633);
#5973=VERTEX_POINT('',#17635);
#5974=VERTEX_POINT('',#17637);
#5975=VERTEX_POINT('',#17641);
#5976=VERTEX_POINT('',#17642);
#5977=VERTEX_POINT('',#17644);
#5978=VERTEX_POINT('',#17646);
#5979=VERTEX_POINT('',#17650);
#5980=VERTEX_POINT('',#17651);
#5981=VERTEX_POINT('',#17653);
#5982=VERTEX_POINT('',#17655);
#5983=VERTEX_POINT('',#17657);
#5984=VERTEX_POINT('',#17659);
#5985=VERTEX_POINT('',#17662);
#5986=VERTEX_POINT('',#17666);
#5987=VERTEX_POINT('',#17667);
#5988=VERTEX_POINT('',#17669);
#5989=VERTEX_POINT('',#17671);
#5990=VERTEX_POINT('',#17675);
#5991=VERTEX_POINT('',#17676);
#5992=VERTEX_POINT('',#17678);
#5993=VERTEX_POINT('',#17680);
#5994=VERTEX_POINT('',#17682);
#5995=VERTEX_POINT('',#17684);
#5996=VERTEX_POINT('',#17687);
#5997=VERTEX_POINT('',#17691);
#5998=VERTEX_POINT('',#17692);
#5999=VERTEX_POINT('',#17694);
#6000=VERTEX_POINT('',#17696);
#6001=VERTEX_POINT('',#17700);
#6002=VERTEX_POINT('',#17702);
#6003=VERTEX_POINT('',#17704);
#6004=VERTEX_POINT('',#17706);
#6005=VERTEX_POINT('',#17708);
#6006=VERTEX_POINT('',#17710);
#6007=VERTEX_POINT('',#17712);
#6008=VERTEX_POINT('',#17716);
#6009=VERTEX_POINT('',#17717);
#6010=VERTEX_POINT('',#17719);
#6011=VERTEX_POINT('',#17721);
#6012=VERTEX_POINT('',#17725);
#6013=VERTEX_POINT('',#17727);
#6014=VERTEX_POINT('',#17729);
#6015=VERTEX_POINT('',#17731);
#6016=VERTEX_POINT('',#17733);
#6017=VERTEX_POINT('',#17735);
#6018=VERTEX_POINT('',#17737);
#6019=VERTEX_POINT('',#17741);
#6020=VERTEX_POINT('',#17742);
#6021=VERTEX_POINT('',#17744);
#6022=VERTEX_POINT('',#17746);
#6023=VERTEX_POINT('',#17749);
#6024=VERTEX_POINT('',#17750);
#6025=VERTEX_POINT('',#17752);
#6026=VERTEX_POINT('',#17754);
#6027=VERTEX_POINT('',#17757);
#6028=VERTEX_POINT('',#17758);
#6029=VERTEX_POINT('',#17760);
#6030=VERTEX_POINT('',#17762);
#6031=VERTEX_POINT('',#17765);
#6032=VERTEX_POINT('',#17766);
#6033=VERTEX_POINT('',#17768);
#6034=VERTEX_POINT('',#17770);
#6035=VERTEX_POINT('',#17773);
#6036=VERTEX_POINT('',#17775);
#6037=VERTEX_POINT('',#17777);
#6038=VERTEX_POINT('',#17779);
#6039=VERTEX_POINT('',#17783);
#6040=VERTEX_POINT('',#17785);
#6041=VERTEX_POINT('',#17787);
#6042=VERTEX_POINT('',#17789);
#6043=VERTEX_POINT('',#17793);
#6044=VERTEX_POINT('',#17795);
#6045=VERTEX_POINT('',#17797);
#6046=VERTEX_POINT('',#17799);
#6047=VERTEX_POINT('',#17803);
#6048=VERTEX_POINT('',#17805);
#6049=VERTEX_POINT('',#17807);
#6050=VERTEX_POINT('',#17809);
#6051=VERTEX_POINT('',#17812);
#6052=VERTEX_POINT('',#17814);
#6053=VERTEX_POINT('',#17817);
#6054=VERTEX_POINT('',#17819);
#6055=VERTEX_POINT('',#17821);
#6056=VERTEX_POINT('',#17823);
#6057=VERTEX_POINT('',#17827);
#6058=VERTEX_POINT('',#17829);
#6059=VERTEX_POINT('',#17831);
#6060=VERTEX_POINT('',#17833);
#6061=VERTEX_POINT('',#17837);
#6062=VERTEX_POINT('',#17839);
#6063=VERTEX_POINT('',#17841);
#6064=VERTEX_POINT('',#17843);
#6065=VERTEX_POINT('',#17847);
#6066=VERTEX_POINT('',#17849);
#6067=VERTEX_POINT('',#17851);
#6068=VERTEX_POINT('',#17853);
#6069=VERTEX_POINT('',#17856);
#6070=VERTEX_POINT('',#17858);
#6071=VERTEX_POINT('',#17862);
#6072=VERTEX_POINT('',#17864);
#6073=VERTEX_POINT('',#17867);
#6074=VERTEX_POINT('',#17869);
#6075=VERTEX_POINT('',#17873);
#6076=VERTEX_POINT('',#17874);
#6077=VERTEX_POINT('',#17876);
#6078=VERTEX_POINT('',#17878);
#6079=VERTEX_POINT('',#17881);
#6080=VERTEX_POINT('',#17882);
#6081=VERTEX_POINT('',#17884);
#6082=VERTEX_POINT('',#17887);
#6083=VERTEX_POINT('',#17889);
#6084=VERTEX_POINT('',#17891);
#6085=VERTEX_POINT('',#17893);
#6086=VERTEX_POINT('',#17896);
#6087=VERTEX_POINT('',#17897);
#6088=VERTEX_POINT('',#17899);
#6089=VERTEX_POINT('',#17901);
#6090=VERTEX_POINT('',#17904);
#6091=VERTEX_POINT('',#17906);
#6092=VERTEX_POINT('',#17908);
#6093=VERTEX_POINT('',#17911);
#6094=VERTEX_POINT('',#17912);
#6095=VERTEX_POINT('',#17914);
#6096=VERTEX_POINT('',#17916);
#6097=VERTEX_POINT('',#17918);
#6098=VERTEX_POINT('',#17920);
#6099=VERTEX_POINT('',#17922);
#6100=VERTEX_POINT('',#17926);
#6101=VERTEX_POINT('',#17928);
#6102=VERTEX_POINT('',#17930);
#6103=VERTEX_POINT('',#17932);
#6104=VERTEX_POINT('',#17934);
#6105=VERTEX_POINT('',#17936);
#6106=VERTEX_POINT('',#17938);
#6107=VERTEX_POINT('',#17941);
#6108=VERTEX_POINT('',#17942);
#6109=VERTEX_POINT('',#17944);
#6110=VERTEX_POINT('',#17946);
#6111=VERTEX_POINT('',#17949);
#6112=VERTEX_POINT('',#17950);
#6113=VERTEX_POINT('',#17952);
#6114=VERTEX_POINT('',#17954);
#6115=VERTEX_POINT('',#17957);
#6116=VERTEX_POINT('',#17959);
#6117=VERTEX_POINT('',#17961);
#6118=VERTEX_POINT('',#17963);
#6119=VERTEX_POINT('',#17965);
#6120=VERTEX_POINT('',#17967);
#6121=VERTEX_POINT('',#17969);
#6122=VERTEX_POINT('',#17972);
#6123=VERTEX_POINT('',#17973);
#6124=VERTEX_POINT('',#17975);
#6125=VERTEX_POINT('',#17977);
#6126=VERTEX_POINT('',#17979);
#6127=VERTEX_POINT('',#17981);
#6128=VERTEX_POINT('',#17983);
#6129=VERTEX_POINT('',#17987);
#6130=VERTEX_POINT('',#17989);
#6131=VERTEX_POINT('',#17991);
#6132=VERTEX_POINT('',#17993);
#6133=VERTEX_POINT('',#17995);
#6134=VERTEX_POINT('',#17997);
#6135=VERTEX_POINT('',#17999);
#6136=VERTEX_POINT('',#18002);
#6137=VERTEX_POINT('',#18003);
#6138=VERTEX_POINT('',#18005);
#6139=VERTEX_POINT('',#18008);
#6140=VERTEX_POINT('',#18010);
#6141=VERTEX_POINT('',#18012);
#6142=VERTEX_POINT('',#18014);
#6143=VERTEX_POINT('',#18140);
#6144=VERTEX_POINT('',#18142);
#6145=VERTEX_POINT('',#18146);
#6146=VERTEX_POINT('',#18150);
#6147=VERTEX_POINT('',#18157);
#6148=VERTEX_POINT('',#18159);
#6149=VERTEX_POINT('',#18163);
#6150=VERTEX_POINT('',#18167);
#6151=VERTEX_POINT('',#18178);
#6152=VERTEX_POINT('',#18180);
#6153=VERTEX_POINT('',#18184);
#6154=VERTEX_POINT('',#18188);
#6155=VERTEX_POINT('',#18195);
#6156=VERTEX_POINT('',#18197);
#6157=VERTEX_POINT('',#18201);
#6158=VERTEX_POINT('',#18205);
#6159=VERTEX_POINT('',#18238);
#6160=VERTEX_POINT('',#18242);
#6161=VERTEX_POINT('',#18248);
#6162=VERTEX_POINT('',#18249);
#6163=VERTEX_POINT('',#18251);
#6164=VERTEX_POINT('',#18253);
#6165=VERTEX_POINT('',#18256);
#6166=VERTEX_POINT('',#18257);
#6167=VERTEX_POINT('',#18259);
#6168=VERTEX_POINT('',#18261);
#6169=VERTEX_POINT('',#18264);
#6170=VERTEX_POINT('',#18265);
#6171=VERTEX_POINT('',#18267);
#6172=VERTEX_POINT('',#18269);
#6173=VERTEX_POINT('',#18271);
#6174=VERTEX_POINT('',#18273);
#6175=VERTEX_POINT('',#18275);
#6176=VERTEX_POINT('',#18277);
#6177=VERTEX_POINT('',#18281);
#6178=VERTEX_POINT('',#18285);
#6179=VERTEX_POINT('',#18292);
#6180=VERTEX_POINT('',#18294);
#6181=VERTEX_POINT('',#18296);
#6182=VERTEX_POINT('',#18298);
#6183=VERTEX_POINT('',#18302);
#6184=VERTEX_POINT('',#18306);
#6185=VERTEX_POINT('',#18308);
#6186=VERTEX_POINT('',#18314);
#6187=VERTEX_POINT('',#18316);
#6188=VERTEX_POINT('',#18318);
#6189=VERTEX_POINT('',#18320);
#6190=VERTEX_POINT('',#18324);
#6191=VERTEX_POINT('',#18328);
#6192=VERTEX_POINT('',#18330);
#6193=VERTEX_POINT('',#18336);
#6194=VERTEX_POINT('',#18338);
#6195=VERTEX_POINT('',#18340);
#6196=VERTEX_POINT('',#18342);
#6197=VERTEX_POINT('',#18346);
#6198=VERTEX_POINT('',#18350);
#6199=VERTEX_POINT('',#18352);
#6200=VERTEX_POINT('',#18358);
#6201=VERTEX_POINT('',#18360);
#6202=VERTEX_POINT('',#18362);
#6203=VERTEX_POINT('',#18364);
#6204=VERTEX_POINT('',#18368);
#6205=VERTEX_POINT('',#18372);
#6206=VERTEX_POINT('',#18374);
#6207=VERTEX_POINT('',#18380);
#6208=VERTEX_POINT('',#18382);
#6209=VERTEX_POINT('',#18384);
#6210=VERTEX_POINT('',#18386);
#6211=VERTEX_POINT('',#18390);
#6212=VERTEX_POINT('',#18394);
#6213=VERTEX_POINT('',#18396);
#6214=VERTEX_POINT('',#18402);
#6215=VERTEX_POINT('',#18404);
#6216=VERTEX_POINT('',#18406);
#6217=VERTEX_POINT('',#18408);
#6218=VERTEX_POINT('',#18412);
#6219=VERTEX_POINT('',#18416);
#6220=VERTEX_POINT('',#18418);
#6221=VERTEX_POINT('',#18424);
#6222=VERTEX_POINT('',#18426);
#6223=VERTEX_POINT('',#18428);
#6224=VERTEX_POINT('',#18430);
#6225=VERTEX_POINT('',#18434);
#6226=VERTEX_POINT('',#18438);
#6227=VERTEX_POINT('',#18442);
#6228=VERTEX_POINT('',#18446);
#6229=VERTEX_POINT('',#18448);
#6230=VERTEX_POINT('',#18450);
#6231=VERTEX_POINT('',#18452);
#6232=VERTEX_POINT('',#18456);
#6233=VERTEX_POINT('',#18460);
#6234=VERTEX_POINT('',#18464);
#6235=VERTEX_POINT('',#18468);
#6236=VERTEX_POINT('',#18470);
#6237=VERTEX_POINT('',#18474);
#6238=VERTEX_POINT('',#18478);
#6239=VERTEX_POINT('',#18485);
#6240=VERTEX_POINT('',#18487);
#6241=VERTEX_POINT('',#18491);
#6242=VERTEX_POINT('',#18493);
#6243=VERTEX_POINT('',#18502);
#6244=VERTEX_POINT('',#18504);
#6245=VERTEX_POINT('',#18508);
#6246=VERTEX_POINT('',#18510);
#6247=VERTEX_POINT('',#18519);
#6248=VERTEX_POINT('',#18521);
#6249=VERTEX_POINT('',#18525);
#6250=VERTEX_POINT('',#18527);
#6251=VERTEX_POINT('',#18536);
#6252=VERTEX_POINT('',#18538);
#6253=VERTEX_POINT('',#18542);
#6254=VERTEX_POINT('',#18546);
#6255=VERTEX_POINT('',#18553);
#6256=VERTEX_POINT('',#18555);
#6257=VERTEX_POINT('',#18559);
#6258=VERTEX_POINT('',#18561);
#6259=VERTEX_POINT('',#18570);
#6260=VERTEX_POINT('',#18572);
#6261=VERTEX_POINT('',#18576);
#6262=VERTEX_POINT('',#18578);
#6263=VERTEX_POINT('',#18587);
#6264=VERTEX_POINT('',#18589);
#6265=VERTEX_POINT('',#18593);
#6266=VERTEX_POINT('',#18595);
#6267=VERTEX_POINT('',#18620);
#6268=VERTEX_POINT('',#18622);
#6269=VERTEX_POINT('',#18626);
#6270=VERTEX_POINT('',#18630);
#6271=VERTEX_POINT('',#18636);
#6272=VERTEX_POINT('',#18637);
#6273=VERTEX_POINT('',#18639);
#6274=VERTEX_POINT('',#18641);
#6275=VERTEX_POINT('',#18645);
#6276=VERTEX_POINT('',#18647);
#6277=VERTEX_POINT('',#18651);
#6278=VERTEX_POINT('',#18655);
#6279=VERTEX_POINT('',#18661);
#6280=VERTEX_POINT('',#18662);
#6281=VERTEX_POINT('',#18664);
#6282=VERTEX_POINT('',#18666);
#6283=VERTEX_POINT('',#18686);
#6284=VERTEX_POINT('',#18688);
#6285=VERTEX_POINT('',#18692);
#6286=VERTEX_POINT('',#18696);
#6287=VERTEX_POINT('',#18703);
#6288=VERTEX_POINT('',#18705);
#6289=VERTEX_POINT('',#18709);
#6290=VERTEX_POINT('',#18713);
#6291=VERTEX_POINT('',#18720);
#6292=VERTEX_POINT('',#18722);
#6293=VERTEX_POINT('',#18726);
#6294=VERTEX_POINT('',#18730);
#6295=VERTEX_POINT('',#18737);
#6296=VERTEX_POINT('',#18739);
#6297=VERTEX_POINT('',#18743);
#6298=VERTEX_POINT('',#18747);
#6299=VERTEX_POINT('',#18754);
#6300=VERTEX_POINT('',#18756);
#6301=VERTEX_POINT('',#18760);
#6302=VERTEX_POINT('',#18764);
#6303=VERTEX_POINT('',#18771);
#6304=VERTEX_POINT('',#18773);
#6305=VERTEX_POINT('',#18777);
#6306=VERTEX_POINT('',#18781);
#6307=VERTEX_POINT('',#18788);
#6308=VERTEX_POINT('',#18790);
#6309=VERTEX_POINT('',#18794);
#6310=VERTEX_POINT('',#18798);
#6311=VERTEX_POINT('',#18805);
#6312=VERTEX_POINT('',#18807);
#6313=VERTEX_POINT('',#18811);
#6314=VERTEX_POINT('',#18815);
#6315=VERTEX_POINT('',#18822);
#6316=VERTEX_POINT('',#18824);
#6317=VERTEX_POINT('',#18828);
#6318=VERTEX_POINT('',#18832);
#6319=VERTEX_POINT('',#18839);
#6320=VERTEX_POINT('',#18841);
#6321=VERTEX_POINT('',#18845);
#6322=VERTEX_POINT('',#18849);
#6323=VERTEX_POINT('',#18856);
#6324=VERTEX_POINT('',#18858);
#6325=VERTEX_POINT('',#18862);
#6326=VERTEX_POINT('',#18866);
#6327=VERTEX_POINT('',#18873);
#6328=VERTEX_POINT('',#18875);
#6329=VERTEX_POINT('',#18879);
#6330=VERTEX_POINT('',#18883);
#6331=VERTEX_POINT('',#18890);
#6332=VERTEX_POINT('',#18892);
#6333=VERTEX_POINT('',#18896);
#6334=VERTEX_POINT('',#18900);
#6335=VERTEX_POINT('',#18907);
#6336=VERTEX_POINT('',#18909);
#6337=VERTEX_POINT('',#18913);
#6338=VERTEX_POINT('',#18917);
#6339=VERTEX_POINT('',#18924);
#6340=VERTEX_POINT('',#18926);
#6341=VERTEX_POINT('',#18930);
#6342=VERTEX_POINT('',#18934);
#6343=VERTEX_POINT('',#18941);
#6344=VERTEX_POINT('',#18943);
#6345=VERTEX_POINT('',#18947);
#6346=VERTEX_POINT('',#18951);
#6347=VERTEX_POINT('',#18958);
#6348=VERTEX_POINT('',#18960);
#6349=VERTEX_POINT('',#18964);
#6350=VERTEX_POINT('',#18968);
#6351=VERTEX_POINT('',#18975);
#6352=VERTEX_POINT('',#18977);
#6353=VERTEX_POINT('',#18981);
#6354=VERTEX_POINT('',#18985);
#6355=VERTEX_POINT('',#18992);
#6356=VERTEX_POINT('',#18994);
#6357=VERTEX_POINT('',#18998);
#6358=VERTEX_POINT('',#19002);
#6359=VERTEX_POINT('',#19009);
#6360=VERTEX_POINT('',#19011);
#6361=VERTEX_POINT('',#19015);
#6362=VERTEX_POINT('',#19019);
#6363=VERTEX_POINT('',#19026);
#6364=VERTEX_POINT('',#19028);
#6365=VERTEX_POINT('',#19032);
#6366=VERTEX_POINT('',#19036);
#6367=VERTEX_POINT('',#19043);
#6368=VERTEX_POINT('',#19045);
#6369=VERTEX_POINT('',#19049);
#6370=VERTEX_POINT('',#19053);
#6371=VERTEX_POINT('',#19060);
#6372=VERTEX_POINT('',#19062);
#6373=VERTEX_POINT('',#19066);
#6374=VERTEX_POINT('',#19070);
#6375=VERTEX_POINT('',#19077);
#6376=VERTEX_POINT('',#19079);
#6377=VERTEX_POINT('',#19083);
#6378=VERTEX_POINT('',#19087);
#6379=VERTEX_POINT('',#19094);
#6380=VERTEX_POINT('',#19096);
#6381=VERTEX_POINT('',#19100);
#6382=VERTEX_POINT('',#19104);
#6383=VERTEX_POINT('',#19111);
#6384=VERTEX_POINT('',#19113);
#6385=VERTEX_POINT('',#19117);
#6386=VERTEX_POINT('',#19121);
#6387=VERTEX_POINT('',#19128);
#6388=VERTEX_POINT('',#19130);
#6389=VERTEX_POINT('',#19134);
#6390=VERTEX_POINT('',#19138);
#6391=VERTEX_POINT('',#19145);
#6392=VERTEX_POINT('',#19147);
#6393=VERTEX_POINT('',#19151);
#6394=VERTEX_POINT('',#19155);
#6395=VERTEX_POINT('',#19162);
#6396=VERTEX_POINT('',#19164);
#6397=VERTEX_POINT('',#19168);
#6398=VERTEX_POINT('',#19172);
#6399=VERTEX_POINT('',#19179);
#6400=VERTEX_POINT('',#19181);
#6401=VERTEX_POINT('',#19185);
#6402=VERTEX_POINT('',#19189);
#6403=VERTEX_POINT('',#19196);
#6404=VERTEX_POINT('',#19198);
#6405=VERTEX_POINT('',#19202);
#6406=VERTEX_POINT('',#19206);
#6407=VERTEX_POINT('',#19213);
#6408=VERTEX_POINT('',#19215);
#6409=VERTEX_POINT('',#19219);
#6410=VERTEX_POINT('',#19223);
#6411=VERTEX_POINT('',#19230);
#6412=VERTEX_POINT('',#19232);
#6413=VERTEX_POINT('',#19236);
#6414=VERTEX_POINT('',#19240);
#6415=VERTEX_POINT('',#19247);
#6416=VERTEX_POINT('',#19249);
#6417=VERTEX_POINT('',#19253);
#6418=VERTEX_POINT('',#19257);
#6419=VERTEX_POINT('',#19264);
#6420=VERTEX_POINT('',#19266);
#6421=VERTEX_POINT('',#19270);
#6422=VERTEX_POINT('',#19274);
#6423=VERTEX_POINT('',#19281);
#6424=VERTEX_POINT('',#19283);
#6425=VERTEX_POINT('',#19287);
#6426=VERTEX_POINT('',#19291);
#6427=VERTEX_POINT('',#19298);
#6428=VERTEX_POINT('',#19300);
#6429=VERTEX_POINT('',#19304);
#6430=VERTEX_POINT('',#19308);
#6431=VERTEX_POINT('',#19315);
#6432=VERTEX_POINT('',#19317);
#6433=VERTEX_POINT('',#19321);
#6434=VERTEX_POINT('',#19325);
#6435=VERTEX_POINT('',#19332);
#6436=VERTEX_POINT('',#19334);
#6437=VERTEX_POINT('',#19338);
#6438=VERTEX_POINT('',#19342);
#6439=VERTEX_POINT('',#19349);
#6440=VERTEX_POINT('',#19351);
#6441=VERTEX_POINT('',#19355);
#6442=VERTEX_POINT('',#19359);
#6443=VERTEX_POINT('',#19366);
#6444=VERTEX_POINT('',#19368);
#6445=VERTEX_POINT('',#19372);
#6446=VERTEX_POINT('',#19376);
#6447=VERTEX_POINT('',#19383);
#6448=VERTEX_POINT('',#19385);
#6449=VERTEX_POINT('',#19389);
#6450=VERTEX_POINT('',#19393);
#6451=VERTEX_POINT('',#19400);
#6452=VERTEX_POINT('',#19402);
#6453=VERTEX_POINT('',#19406);
#6454=VERTEX_POINT('',#19410);
#6455=VERTEX_POINT('',#19417);
#6456=VERTEX_POINT('',#19419);
#6457=VERTEX_POINT('',#19423);
#6458=VERTEX_POINT('',#19427);
#6459=VERTEX_POINT('',#19434);
#6460=VERTEX_POINT('',#19436);
#6461=VERTEX_POINT('',#19440);
#6462=VERTEX_POINT('',#19444);
#6463=VERTEX_POINT('',#19451);
#6464=VERTEX_POINT('',#19453);
#6465=VERTEX_POINT('',#19457);
#6466=VERTEX_POINT('',#19461);
#6467=VERTEX_POINT('',#19468);
#6468=VERTEX_POINT('',#19470);
#6469=VERTEX_POINT('',#19474);
#6470=VERTEX_POINT('',#19478);
#6471=VERTEX_POINT('',#19485);
#6472=VERTEX_POINT('',#19487);
#6473=VERTEX_POINT('',#19491);
#6474=VERTEX_POINT('',#19495);
#6475=VERTEX_POINT('',#19502);
#6476=VERTEX_POINT('',#19504);
#6477=VERTEX_POINT('',#19508);
#6478=VERTEX_POINT('',#19512);
#6479=VERTEX_POINT('',#19519);
#6480=VERTEX_POINT('',#19521);
#6481=VERTEX_POINT('',#19525);
#6482=VERTEX_POINT('',#19529);
#6483=VERTEX_POINT('',#19536);
#6484=VERTEX_POINT('',#19538);
#6485=VERTEX_POINT('',#19542);
#6486=VERTEX_POINT('',#19546);
#6487=VERTEX_POINT('',#19553);
#6488=VERTEX_POINT('',#19555);
#6489=VERTEX_POINT('',#19559);
#6490=VERTEX_POINT('',#19563);
#6491=VERTEX_POINT('',#19570);
#6492=VERTEX_POINT('',#19572);
#6493=VERTEX_POINT('',#19576);
#6494=VERTEX_POINT('',#19580);
#6495=VERTEX_POINT('',#19587);
#6496=VERTEX_POINT('',#19589);
#6497=VERTEX_POINT('',#19593);
#6498=VERTEX_POINT('',#19597);
#6499=VERTEX_POINT('',#19604);
#6500=VERTEX_POINT('',#19606);
#6501=VERTEX_POINT('',#19610);
#6502=VERTEX_POINT('',#19614);
#6503=VERTEX_POINT('',#19621);
#6504=VERTEX_POINT('',#19623);
#6505=VERTEX_POINT('',#19627);
#6506=VERTEX_POINT('',#19631);
#6507=VERTEX_POINT('',#19638);
#6508=VERTEX_POINT('',#19640);
#6509=VERTEX_POINT('',#19644);
#6510=VERTEX_POINT('',#19648);
#6511=VERTEX_POINT('',#19655);
#6512=VERTEX_POINT('',#19657);
#6513=VERTEX_POINT('',#19661);
#6514=VERTEX_POINT('',#19665);
#6515=VERTEX_POINT('',#19672);
#6516=VERTEX_POINT('',#19674);
#6517=VERTEX_POINT('',#19678);
#6518=VERTEX_POINT('',#19682);
#6519=VERTEX_POINT('',#19689);
#6520=VERTEX_POINT('',#19691);
#6521=VERTEX_POINT('',#19695);
#6522=VERTEX_POINT('',#19699);
#6523=VERTEX_POINT('',#19706);
#6524=VERTEX_POINT('',#19708);
#6525=VERTEX_POINT('',#19712);
#6526=VERTEX_POINT('',#19716);
#6527=VERTEX_POINT('',#19723);
#6528=VERTEX_POINT('',#19725);
#6529=VERTEX_POINT('',#19729);
#6530=VERTEX_POINT('',#19733);
#6531=VERTEX_POINT('',#19740);
#6532=VERTEX_POINT('',#19742);
#6533=VERTEX_POINT('',#19746);
#6534=VERTEX_POINT('',#19750);
#6535=VERTEX_POINT('',#19757);
#6536=VERTEX_POINT('',#19759);
#6537=VERTEX_POINT('',#19763);
#6538=VERTEX_POINT('',#19767);
#6539=VERTEX_POINT('',#19774);
#6540=VERTEX_POINT('',#19776);
#6541=VERTEX_POINT('',#19780);
#6542=VERTEX_POINT('',#19784);
#6543=VERTEX_POINT('',#19791);
#6544=VERTEX_POINT('',#19793);
#6545=VERTEX_POINT('',#19797);
#6546=VERTEX_POINT('',#19801);
#6547=VERTEX_POINT('',#19808);
#6548=VERTEX_POINT('',#19810);
#6549=VERTEX_POINT('',#19814);
#6550=VERTEX_POINT('',#19818);
#6551=VERTEX_POINT('',#19825);
#6552=VERTEX_POINT('',#19827);
#6553=VERTEX_POINT('',#19831);
#6554=VERTEX_POINT('',#19835);
#6555=VERTEX_POINT('',#19842);
#6556=VERTEX_POINT('',#19844);
#6557=VERTEX_POINT('',#19848);
#6558=VERTEX_POINT('',#19852);
#6559=VERTEX_POINT('',#19859);
#6560=VERTEX_POINT('',#19861);
#6561=VERTEX_POINT('',#19865);
#6562=VERTEX_POINT('',#19869);
#6563=VERTEX_POINT('',#19876);
#6564=VERTEX_POINT('',#19878);
#6565=VERTEX_POINT('',#19882);
#6566=VERTEX_POINT('',#19886);
#6567=VERTEX_POINT('',#19893);
#6568=VERTEX_POINT('',#19895);
#6569=VERTEX_POINT('',#19899);
#6570=VERTEX_POINT('',#19903);
#6571=VERTEX_POINT('',#19910);
#6572=VERTEX_POINT('',#19912);
#6573=VERTEX_POINT('',#19916);
#6574=VERTEX_POINT('',#19920);
#6575=VERTEX_POINT('',#19927);
#6576=VERTEX_POINT('',#19929);
#6577=VERTEX_POINT('',#19933);
#6578=VERTEX_POINT('',#19937);
#6579=VERTEX_POINT('',#19944);
#6580=VERTEX_POINT('',#19946);
#6581=VERTEX_POINT('',#19950);
#6582=VERTEX_POINT('',#19954);
#6583=VERTEX_POINT('',#19961);
#6584=VERTEX_POINT('',#19963);
#6585=VERTEX_POINT('',#19967);
#6586=VERTEX_POINT('',#19971);
#6587=VERTEX_POINT('',#19978);
#6588=VERTEX_POINT('',#19980);
#6589=VERTEX_POINT('',#19984);
#6590=VERTEX_POINT('',#19988);
#6591=VERTEX_POINT('',#19995);
#6592=VERTEX_POINT('',#19997);
#6593=VERTEX_POINT('',#20001);
#6594=VERTEX_POINT('',#20005);
#6595=VERTEX_POINT('',#20012);
#6596=VERTEX_POINT('',#20014);
#6597=VERTEX_POINT('',#20018);
#6598=VERTEX_POINT('',#20022);
#6599=VERTEX_POINT('',#20029);
#6600=VERTEX_POINT('',#20031);
#6601=VERTEX_POINT('',#20035);
#6602=VERTEX_POINT('',#20039);
#6603=EDGE_CURVE('',#5513,#5513,#5348,.T.);
#6604=EDGE_CURVE('',#5513,#5514,#5349,.T.);
#6605=EDGE_CURVE('',#5514,#5514,#5350,.T.);
#6606=EDGE_CURVE('',#5515,#5515,#5351,.T.);
#6607=EDGE_CURVE('',#5515,#5516,#5352,.T.);
#6608=EDGE_CURVE('',#5516,#5516,#5353,.T.);
#6609=EDGE_CURVE('',#5517,#5517,#5354,.T.);
#6610=EDGE_CURVE('',#5517,#5518,#5355,.T.);
#6611=EDGE_CURVE('',#5518,#5518,#5356,.T.);
#6612=EDGE_CURVE('',#5519,#5519,#5357,.T.);
#6613=EDGE_CURVE('',#5519,#5520,#770,.T.);
#6614=EDGE_CURVE('',#5520,#5520,#5358,.T.);
#6615=EDGE_CURVE('',#5521,#5521,#5359,.T.);
#6616=EDGE_CURVE('',#5521,#5522,#771,.T.);
#6617=EDGE_CURVE('',#5522,#5522,#5360,.T.);
#6618=EDGE_CURVE('',#5523,#5523,#5361,.T.);
#6619=EDGE_CURVE('',#5523,#5524,#772,.T.);
#6620=EDGE_CURVE('',#5524,#5524,#5362,.T.);
#6621=EDGE_CURVE('',#5525,#5525,#5363,.T.);
#6622=EDGE_CURVE('',#5525,#5526,#773,.T.);
#6623=EDGE_CURVE('',#5526,#5526,#5364,.T.);
#6624=EDGE_CURVE('',#5527,#5527,#5365,.T.);
#6625=EDGE_CURVE('',#5527,#5528,#774,.T.);
#6626=EDGE_CURVE('',#5528,#5528,#5366,.T.);
#6627=EDGE_CURVE('',#5529,#5529,#5367,.T.);
#6628=EDGE_CURVE('',#5529,#5530,#775,.T.);
#6629=EDGE_CURVE('',#5530,#5530,#5368,.T.);
#6630=EDGE_CURVE('',#5531,#5531,#5369,.T.);
#6631=EDGE_CURVE('',#5531,#5532,#776,.T.);
#6632=EDGE_CURVE('',#5532,#5532,#5370,.T.);
#6633=EDGE_CURVE('',#5533,#5533,#5371,.T.);
#6634=EDGE_CURVE('',#5533,#5534,#777,.T.);
#6635=EDGE_CURVE('',#5534,#5534,#5372,.T.);
#6636=EDGE_CURVE('',#5535,#5535,#5373,.T.);
#6637=EDGE_CURVE('',#5535,#5536,#778,.T.);
#6638=EDGE_CURVE('',#5536,#5536,#5374,.T.);
#6639=EDGE_CURVE('',#5537,#5537,#5375,.T.);
#6640=EDGE_CURVE('',#5537,#5538,#779,.T.);
#6641=EDGE_CURVE('',#5538,#5538,#5376,.T.);
#6642=EDGE_CURVE('',#5539,#5539,#5377,.T.);
#6643=EDGE_CURVE('',#5539,#5540,#780,.T.);
#6644=EDGE_CURVE('',#5540,#5540,#5378,.T.);
#6645=EDGE_CURVE('',#5541,#5541,#5379,.T.);
#6646=EDGE_CURVE('',#5541,#5542,#781,.T.);
#6647=EDGE_CURVE('',#5542,#5542,#5380,.T.);
#6648=EDGE_CURVE('',#5543,#5543,#5381,.T.);
#6649=EDGE_CURVE('',#5543,#5544,#782,.T.);
#6650=EDGE_CURVE('',#5544,#5544,#5382,.T.);
#6651=EDGE_CURVE('',#5545,#5545,#5383,.T.);
#6652=EDGE_CURVE('',#5545,#5546,#783,.T.);
#6653=EDGE_CURVE('',#5546,#5546,#5384,.T.);
#6654=EDGE_CURVE('',#5547,#5547,#5385,.T.);
#6655=EDGE_CURVE('',#5547,#5548,#784,.T.);
#6656=EDGE_CURVE('',#5548,#5548,#5386,.T.);
#6657=EDGE_CURVE('',#5549,#5549,#5387,.T.);
#6658=EDGE_CURVE('',#5549,#5550,#785,.T.);
#6659=EDGE_CURVE('',#5550,#5550,#5388,.T.);
#6660=EDGE_CURVE('',#5551,#5551,#5389,.T.);
#6661=EDGE_CURVE('',#5551,#5552,#786,.T.);
#6662=EDGE_CURVE('',#5552,#5552,#5390,.T.);
#6663=EDGE_CURVE('',#5553,#5553,#5391,.T.);
#6664=EDGE_CURVE('',#5553,#5554,#787,.T.);
#6665=EDGE_CURVE('',#5554,#5554,#5392,.T.);
#6666=EDGE_CURVE('',#5555,#5555,#5393,.T.);
#6667=EDGE_CURVE('',#5555,#5556,#788,.T.);
#6668=EDGE_CURVE('',#5556,#5556,#5394,.T.);
#6669=EDGE_CURVE('',#5557,#5557,#5395,.T.);
#6670=EDGE_CURVE('',#5557,#5558,#789,.T.);
#6671=EDGE_CURVE('',#5558,#5558,#5396,.T.);
#6672=EDGE_CURVE('',#5559,#5559,#5397,.T.);
#6673=EDGE_CURVE('',#5559,#5560,#790,.T.);
#6674=EDGE_CURVE('',#5560,#5560,#5398,.T.);
#6675=EDGE_CURVE('',#5561,#5561,#5399,.T.);
#6676=EDGE_CURVE('',#5561,#5562,#791,.T.);
#6677=EDGE_CURVE('',#5562,#5562,#5400,.T.);
#6678=EDGE_CURVE('',#5563,#5563,#5401,.T.);
#6679=EDGE_CURVE('',#5563,#5564,#792,.T.);
#6680=EDGE_CURVE('',#5564,#5564,#5402,.T.);
#6681=EDGE_CURVE('',#5565,#5565,#5403,.T.);
#6682=EDGE_CURVE('',#5565,#5566,#793,.T.);
#6683=EDGE_CURVE('',#5566,#5566,#5404,.T.);
#6684=EDGE_CURVE('',#5567,#5567,#5405,.T.);
#6685=EDGE_CURVE('',#5567,#5568,#794,.T.);
#6686=EDGE_CURVE('',#5568,#5568,#5406,.T.);
#6687=EDGE_CURVE('',#5569,#5569,#5407,.T.);
#6688=EDGE_CURVE('',#5569,#5570,#795,.T.);
#6689=EDGE_CURVE('',#5570,#5570,#5408,.T.);
#6690=EDGE_CURVE('',#5571,#5571,#5409,.T.);
#6691=EDGE_CURVE('',#5571,#5572,#796,.T.);
#6692=EDGE_CURVE('',#5572,#5572,#5410,.T.);
#6693=EDGE_CURVE('',#5573,#5573,#5411,.T.);
#6694=EDGE_CURVE('',#5573,#5574,#797,.T.);
#6695=EDGE_CURVE('',#5574,#5574,#5412,.T.);
#6696=EDGE_CURVE('',#5575,#5575,#5413,.T.);
#6697=EDGE_CURVE('',#5575,#5576,#798,.T.);
#6698=EDGE_CURVE('',#5576,#5576,#5414,.T.);
#6699=EDGE_CURVE('',#5577,#5577,#5415,.T.);
#6700=EDGE_CURVE('',#5577,#5578,#799,.T.);
#6701=EDGE_CURVE('',#5578,#5578,#5416,.T.);
#6702=EDGE_CURVE('',#5579,#5579,#5417,.T.);
#6703=EDGE_CURVE('',#5579,#5580,#800,.T.);
#6704=EDGE_CURVE('',#5580,#5580,#5418,.T.);
#6705=EDGE_CURVE('',#5581,#5581,#5419,.T.);
#6706=EDGE_CURVE('',#5581,#5582,#801,.T.);
#6707=EDGE_CURVE('',#5582,#5582,#5420,.T.);
#6708=EDGE_CURVE('',#5583,#5583,#5421,.T.);
#6709=EDGE_CURVE('',#5583,#5584,#802,.T.);
#6710=EDGE_CURVE('',#5584,#5584,#5422,.T.);
#6711=EDGE_CURVE('',#5585,#5585,#5423,.T.);
#6712=EDGE_CURVE('',#5585,#5586,#803,.T.);
#6713=EDGE_CURVE('',#5586,#5586,#5424,.T.);
#6714=EDGE_CURVE('',#5587,#5587,#5425,.T.);
#6715=EDGE_CURVE('',#5587,#5588,#804,.T.);
#6716=EDGE_CURVE('',#5588,#5588,#5426,.T.);
#6717=EDGE_CURVE('',#5589,#5589,#5427,.T.);
#6718=EDGE_CURVE('',#5589,#5590,#805,.T.);
#6719=EDGE_CURVE('',#5590,#5590,#5428,.T.);
#6720=EDGE_CURVE('',#5591,#5591,#5429,.T.);
#6721=EDGE_CURVE('',#5591,#5592,#806,.T.);
#6722=EDGE_CURVE('',#5592,#5592,#5430,.T.);
#6723=EDGE_CURVE('',#5593,#5593,#5431,.T.);
#6724=EDGE_CURVE('',#5593,#5594,#807,.T.);
#6725=EDGE_CURVE('',#5594,#5594,#5432,.T.);
#6726=EDGE_CURVE('',#5595,#5595,#5433,.T.);
#6727=EDGE_CURVE('',#5595,#5596,#808,.T.);
#6728=EDGE_CURVE('',#5596,#5596,#5434,.T.);
#6729=EDGE_CURVE('',#5597,#5597,#5435,.T.);
#6730=EDGE_CURVE('',#5597,#5598,#809,.T.);
#6731=EDGE_CURVE('',#5598,#5598,#5436,.T.);
#6732=EDGE_CURVE('',#5599,#5599,#5437,.T.);
#6733=EDGE_CURVE('',#5599,#5600,#810,.T.);
#6734=EDGE_CURVE('',#5600,#5600,#5438,.T.);
#6735=EDGE_CURVE('',#5601,#5601,#5439,.T.);
#6736=EDGE_CURVE('',#5601,#5602,#811,.T.);
#6737=EDGE_CURVE('',#5602,#5602,#5440,.T.);
#6738=EDGE_CURVE('',#5603,#5604,#5441,.T.);
#6739=EDGE_CURVE('',#5604,#5605,#812,.T.);
#6740=EDGE_CURVE('',#5605,#5606,#5442,.T.);
#6741=EDGE_CURVE('',#5606,#5607,#813,.T.);
#6742=EDGE_CURVE('',#5607,#5608,#5443,.T.);
#6743=EDGE_CURVE('',#5608,#5609,#814,.T.);
#6744=EDGE_CURVE('',#5609,#5610,#5444,.T.);
#6745=EDGE_CURVE('',#5610,#5603,#815,.T.);
#6746=EDGE_CURVE('',#5611,#5612,#816,.T.);
#6747=EDGE_CURVE('',#5613,#5611,#817,.T.);
#6748=EDGE_CURVE('',#5614,#5613,#818,.T.);
#6749=EDGE_CURVE('',#5612,#5614,#819,.T.);
#6750=EDGE_CURVE('',#5615,#5616,#820,.T.);
#6751=EDGE_CURVE('',#5617,#5615,#821,.T.);
#6752=EDGE_CURVE('',#5618,#5617,#822,.T.);
#6753=EDGE_CURVE('',#5616,#5618,#823,.T.);
#6754=EDGE_CURVE('',#5619,#5620,#824,.T.);
#6755=EDGE_CURVE('',#5621,#5619,#825,.T.);
#6756=EDGE_CURVE('',#5622,#5621,#826,.T.);
#6757=EDGE_CURVE('',#5620,#5622,#827,.T.);
#6758=EDGE_CURVE('',#5623,#5624,#828,.T.);
#6759=EDGE_CURVE('',#5625,#5623,#829,.T.);
#6760=EDGE_CURVE('',#5626,#5625,#830,.T.);
#6761=EDGE_CURVE('',#5624,#5626,#831,.T.);
#6762=EDGE_CURVE('',#5627,#5628,#832,.T.);
#6763=EDGE_CURVE('',#5629,#5627,#833,.T.);
#6764=EDGE_CURVE('',#5630,#5629,#834,.T.);
#6765=EDGE_CURVE('',#5628,#5630,#835,.T.);
#6766=EDGE_CURVE('',#5631,#5632,#836,.T.);
#6767=EDGE_CURVE('',#5633,#5631,#837,.T.);
#6768=EDGE_CURVE('',#5634,#5633,#838,.T.);
#6769=EDGE_CURVE('',#5632,#5634,#839,.T.);
#6770=EDGE_CURVE('',#5635,#5636,#840,.T.);
#6771=EDGE_CURVE('',#5637,#5635,#841,.T.);
#6772=EDGE_CURVE('',#5638,#5637,#842,.T.);
#6773=EDGE_CURVE('',#5636,#5638,#843,.T.);
#6774=EDGE_CURVE('',#5639,#5640,#844,.T.);
#6775=EDGE_CURVE('',#5641,#5639,#845,.T.);
#6776=EDGE_CURVE('',#5642,#5641,#846,.T.);
#6777=EDGE_CURVE('',#5640,#5642,#847,.T.);
#6778=EDGE_CURVE('',#5643,#5644,#848,.T.);
#6779=EDGE_CURVE('',#5645,#5643,#849,.T.);
#6780=EDGE_CURVE('',#5646,#5645,#850,.T.);
#6781=EDGE_CURVE('',#5644,#5646,#851,.T.);
#6782=EDGE_CURVE('',#5647,#5648,#852,.T.);
#6783=EDGE_CURVE('',#5649,#5647,#853,.T.);
#6784=EDGE_CURVE('',#5650,#5649,#854,.T.);
#6785=EDGE_CURVE('',#5648,#5650,#855,.T.);
#6786=EDGE_CURVE('',#5651,#5652,#856,.T.);
#6787=EDGE_CURVE('',#5653,#5651,#857,.T.);
#6788=EDGE_CURVE('',#5654,#5653,#858,.T.);
#6789=EDGE_CURVE('',#5652,#5654,#859,.T.);
#6790=EDGE_CURVE('',#5655,#5656,#860,.T.);
#6791=EDGE_CURVE('',#5657,#5655,#861,.T.);
#6792=EDGE_CURVE('',#5658,#5657,#862,.T.);
#6793=EDGE_CURVE('',#5656,#5658,#863,.T.);
#6794=EDGE_CURVE('',#5659,#5660,#864,.T.);
#6795=EDGE_CURVE('',#5661,#5659,#865,.T.);
#6796=EDGE_CURVE('',#5662,#5661,#866,.T.);
#6797=EDGE_CURVE('',#5660,#5662,#867,.T.);
#6798=EDGE_CURVE('',#5663,#5664,#868,.T.);
#6799=EDGE_CURVE('',#5665,#5663,#869,.T.);
#6800=EDGE_CURVE('',#5666,#5665,#870,.T.);
#6801=EDGE_CURVE('',#5664,#5666,#871,.T.);
#6802=EDGE_CURVE('',#5667,#5668,#872,.T.);
#6803=EDGE_CURVE('',#5669,#5667,#873,.T.);
#6804=EDGE_CURVE('',#5670,#5669,#874,.T.);
#6805=EDGE_CURVE('',#5668,#5670,#875,.T.);
#6806=EDGE_CURVE('',#5671,#5672,#876,.T.);
#6807=EDGE_CURVE('',#5673,#5671,#877,.T.);
#6808=EDGE_CURVE('',#5674,#5673,#878,.T.);
#6809=EDGE_CURVE('',#5672,#5674,#879,.T.);
#6810=EDGE_CURVE('',#5675,#5676,#880,.T.);
#6811=EDGE_CURVE('',#5677,#5675,#881,.T.);
#6812=EDGE_CURVE('',#5678,#5677,#882,.T.);
#6813=EDGE_CURVE('',#5676,#5678,#883,.T.);
#6814=EDGE_CURVE('',#5679,#5680,#884,.T.);
#6815=EDGE_CURVE('',#5681,#5679,#885,.T.);
#6816=EDGE_CURVE('',#5682,#5681,#886,.T.);
#6817=EDGE_CURVE('',#5680,#5682,#887,.T.);
#6818=EDGE_CURVE('',#5683,#5684,#888,.T.);
#6819=EDGE_CURVE('',#5685,#5683,#889,.T.);
#6820=EDGE_CURVE('',#5686,#5685,#890,.T.);
#6821=EDGE_CURVE('',#5684,#5686,#891,.T.);
#6822=EDGE_CURVE('',#5687,#5688,#892,.T.);
#6823=EDGE_CURVE('',#5689,#5687,#893,.T.);
#6824=EDGE_CURVE('',#5690,#5689,#894,.T.);
#6825=EDGE_CURVE('',#5688,#5690,#895,.T.);
#6826=EDGE_CURVE('',#5691,#5692,#896,.T.);
#6827=EDGE_CURVE('',#5693,#5691,#897,.T.);
#6828=EDGE_CURVE('',#5694,#5693,#898,.T.);
#6829=EDGE_CURVE('',#5692,#5694,#899,.T.);
#6830=EDGE_CURVE('',#5695,#5696,#900,.T.);
#6831=EDGE_CURVE('',#5697,#5695,#901,.T.);
#6832=EDGE_CURVE('',#5698,#5697,#902,.T.);
#6833=EDGE_CURVE('',#5696,#5698,#903,.T.);
#6834=EDGE_CURVE('',#5699,#5700,#904,.T.);
#6835=EDGE_CURVE('',#5701,#5699,#905,.T.);
#6836=EDGE_CURVE('',#5702,#5701,#906,.T.);
#6837=EDGE_CURVE('',#5700,#5702,#907,.T.);
#6838=EDGE_CURVE('',#5703,#5704,#908,.T.);
#6839=EDGE_CURVE('',#5705,#5703,#909,.T.);
#6840=EDGE_CURVE('',#5706,#5705,#910,.T.);
#6841=EDGE_CURVE('',#5704,#5706,#911,.T.);
#6842=EDGE_CURVE('',#5707,#5708,#912,.T.);
#6843=EDGE_CURVE('',#5709,#5707,#913,.T.);
#6844=EDGE_CURVE('',#5710,#5709,#914,.T.);
#6845=EDGE_CURVE('',#5708,#5710,#915,.T.);
#6846=EDGE_CURVE('',#5711,#5712,#916,.T.);
#6847=EDGE_CURVE('',#5713,#5711,#917,.T.);
#6848=EDGE_CURVE('',#5714,#5713,#918,.T.);
#6849=EDGE_CURVE('',#5712,#5714,#919,.T.);
#6850=EDGE_CURVE('',#5715,#5716,#920,.T.);
#6851=EDGE_CURVE('',#5717,#5715,#921,.T.);
#6852=EDGE_CURVE('',#5718,#5717,#922,.T.);
#6853=EDGE_CURVE('',#5716,#5718,#923,.T.);
#6854=EDGE_CURVE('',#5719,#5720,#924,.T.);
#6855=EDGE_CURVE('',#5721,#5719,#925,.T.);
#6856=EDGE_CURVE('',#5722,#5721,#926,.T.);
#6857=EDGE_CURVE('',#5720,#5722,#927,.T.);
#6858=EDGE_CURVE('',#5723,#5724,#928,.T.);
#6859=EDGE_CURVE('',#5725,#5723,#929,.T.);
#6860=EDGE_CURVE('',#5726,#5725,#930,.T.);
#6861=EDGE_CURVE('',#5724,#5726,#931,.T.);
#6862=EDGE_CURVE('',#5727,#5728,#932,.T.);
#6863=EDGE_CURVE('',#5729,#5727,#933,.T.);
#6864=EDGE_CURVE('',#5730,#5729,#934,.T.);
#6865=EDGE_CURVE('',#5728,#5730,#935,.T.);
#6866=EDGE_CURVE('',#5731,#5732,#936,.T.);
#6867=EDGE_CURVE('',#5733,#5731,#937,.T.);
#6868=EDGE_CURVE('',#5734,#5733,#938,.T.);
#6869=EDGE_CURVE('',#5732,#5734,#939,.T.);
#6870=EDGE_CURVE('',#5735,#5736,#940,.T.);
#6871=EDGE_CURVE('',#5737,#5735,#941,.T.);
#6872=EDGE_CURVE('',#5738,#5737,#942,.T.);
#6873=EDGE_CURVE('',#5736,#5738,#943,.T.);
#6874=EDGE_CURVE('',#5739,#5740,#944,.T.);
#6875=EDGE_CURVE('',#5741,#5739,#945,.T.);
#6876=EDGE_CURVE('',#5742,#5741,#946,.T.);
#6877=EDGE_CURVE('',#5740,#5742,#947,.T.);
#6878=EDGE_CURVE('',#5743,#5744,#948,.T.);
#6879=EDGE_CURVE('',#5745,#5743,#949,.T.);
#6880=EDGE_CURVE('',#5746,#5745,#950,.T.);
#6881=EDGE_CURVE('',#5744,#5746,#951,.T.);
#6882=EDGE_CURVE('',#5747,#5748,#952,.T.);
#6883=EDGE_CURVE('',#5749,#5747,#953,.T.);
#6884=EDGE_CURVE('',#5750,#5749,#954,.T.);
#6885=EDGE_CURVE('',#5748,#5750,#955,.T.);
#6886=EDGE_CURVE('',#5751,#5752,#956,.T.);
#6887=EDGE_CURVE('',#5753,#5751,#957,.T.);
#6888=EDGE_CURVE('',#5754,#5753,#958,.T.);
#6889=EDGE_CURVE('',#5752,#5754,#959,.T.);
#6890=EDGE_CURVE('',#5755,#5756,#960,.T.);
#6891=EDGE_CURVE('',#5757,#5755,#961,.T.);
#6892=EDGE_CURVE('',#5758,#5757,#962,.T.);
#6893=EDGE_CURVE('',#5756,#5758,#963,.T.);
#6894=EDGE_CURVE('',#5759,#5760,#964,.T.);
#6895=EDGE_CURVE('',#5761,#5759,#965,.T.);
#6896=EDGE_CURVE('',#5762,#5761,#966,.T.);
#6897=EDGE_CURVE('',#5760,#5762,#967,.T.);
#6898=EDGE_CURVE('',#5763,#5764,#968,.T.);
#6899=EDGE_CURVE('',#5765,#5763,#969,.T.);
#6900=EDGE_CURVE('',#5766,#5765,#970,.T.);
#6901=EDGE_CURVE('',#5764,#5766,#971,.T.);
#6902=EDGE_CURVE('',#5767,#5768,#972,.T.);
#6903=EDGE_CURVE('',#5769,#5767,#973,.T.);
#6904=EDGE_CURVE('',#5770,#5769,#974,.T.);
#6905=EDGE_CURVE('',#5768,#5770,#975,.T.);
#6906=EDGE_CURVE('',#5771,#5772,#976,.T.);
#6907=EDGE_CURVE('',#5773,#5771,#977,.T.);
#6908=EDGE_CURVE('',#5774,#5773,#978,.T.);
#6909=EDGE_CURVE('',#5772,#5774,#979,.T.);
#6910=EDGE_CURVE('',#5775,#5776,#980,.T.);
#6911=EDGE_CURVE('',#5777,#5775,#981,.T.);
#6912=EDGE_CURVE('',#5778,#5777,#982,.T.);
#6913=EDGE_CURVE('',#5776,#5778,#983,.T.);
#6914=EDGE_CURVE('',#5779,#5780,#984,.T.);
#6915=EDGE_CURVE('',#5781,#5779,#985,.T.);
#6916=EDGE_CURVE('',#5782,#5781,#986,.T.);
#6917=EDGE_CURVE('',#5780,#5782,#987,.T.);
#6918=EDGE_CURVE('',#5783,#5784,#988,.T.);
#6919=EDGE_CURVE('',#5785,#5783,#989,.T.);
#6920=EDGE_CURVE('',#5786,#5785,#990,.T.);
#6921=EDGE_CURVE('',#5784,#5786,#991,.T.);
#6922=EDGE_CURVE('',#5787,#5788,#992,.T.);
#6923=EDGE_CURVE('',#5789,#5787,#993,.T.);
#6924=EDGE_CURVE('',#5790,#5789,#994,.T.);
#6925=EDGE_CURVE('',#5788,#5790,#995,.T.);
#6926=EDGE_CURVE('',#5791,#5792,#996,.T.);
#6927=EDGE_CURVE('',#5793,#5791,#997,.T.);
#6928=EDGE_CURVE('',#5794,#5793,#998,.T.);
#6929=EDGE_CURVE('',#5792,#5794,#999,.T.);
#6930=EDGE_CURVE('',#5795,#5796,#1000,.T.);
#6931=EDGE_CURVE('',#5797,#5795,#1001,.T.);
#6932=EDGE_CURVE('',#5798,#5797,#1002,.T.);
#6933=EDGE_CURVE('',#5796,#5798,#1003,.T.);
#6934=EDGE_CURVE('',#5799,#5800,#1004,.T.);
#6935=EDGE_CURVE('',#5801,#5799,#1005,.T.);
#6936=EDGE_CURVE('',#5802,#5801,#1006,.T.);
#6937=EDGE_CURVE('',#5800,#5802,#1007,.T.);
#6938=EDGE_CURVE('',#5803,#5804,#1008,.T.);
#6939=EDGE_CURVE('',#5805,#5803,#1009,.T.);
#6940=EDGE_CURVE('',#5806,#5805,#1010,.T.);
#6941=EDGE_CURVE('',#5804,#5806,#1011,.T.);
#6942=EDGE_CURVE('',#5807,#5808,#1012,.T.);
#6943=EDGE_CURVE('',#5809,#5807,#1013,.T.);
#6944=EDGE_CURVE('',#5810,#5809,#1014,.T.);
#6945=EDGE_CURVE('',#5808,#5810,#1015,.T.);
#6946=EDGE_CURVE('',#5811,#5812,#1016,.T.);
#6947=EDGE_CURVE('',#5813,#5811,#1017,.T.);
#6948=EDGE_CURVE('',#5814,#5813,#1018,.T.);
#6949=EDGE_CURVE('',#5812,#5814,#1019,.T.);
#6950=EDGE_CURVE('',#5815,#5816,#1020,.T.);
#6951=EDGE_CURVE('',#5817,#5815,#1021,.T.);
#6952=EDGE_CURVE('',#5818,#5817,#1022,.T.);
#6953=EDGE_CURVE('',#5816,#5818,#1023,.T.);
#6954=EDGE_CURVE('',#5819,#5820,#1024,.T.);
#6955=EDGE_CURVE('',#5821,#5819,#1025,.T.);
#6956=EDGE_CURVE('',#5822,#5821,#1026,.T.);
#6957=EDGE_CURVE('',#5820,#5822,#1027,.T.);
#6958=EDGE_CURVE('',#5823,#5824,#1028,.T.);
#6959=EDGE_CURVE('',#5825,#5823,#1029,.T.);
#6960=EDGE_CURVE('',#5826,#5825,#1030,.T.);
#6961=EDGE_CURVE('',#5824,#5826,#1031,.T.);
#6962=EDGE_CURVE('',#5827,#5828,#1032,.T.);
#6963=EDGE_CURVE('',#5829,#5827,#1033,.T.);
#6964=EDGE_CURVE('',#5830,#5829,#1034,.T.);
#6965=EDGE_CURVE('',#5828,#5830,#1035,.T.);
#6966=EDGE_CURVE('',#5831,#5832,#1036,.T.);
#6967=EDGE_CURVE('',#5833,#5831,#1037,.T.);
#6968=EDGE_CURVE('',#5834,#5833,#1038,.T.);
#6969=EDGE_CURVE('',#5832,#5834,#1039,.T.);
#6970=EDGE_CURVE('',#5835,#5836,#1040,.T.);
#6971=EDGE_CURVE('',#5837,#5835,#1041,.T.);
#6972=EDGE_CURVE('',#5838,#5837,#1042,.T.);
#6973=EDGE_CURVE('',#5836,#5838,#1043,.T.);
#6974=EDGE_CURVE('',#5839,#5840,#1044,.T.);
#6975=EDGE_CURVE('',#5841,#5839,#1045,.T.);
#6976=EDGE_CURVE('',#5842,#5841,#1046,.T.);
#6977=EDGE_CURVE('',#5840,#5842,#1047,.T.);
#6978=EDGE_CURVE('',#5843,#5844,#1048,.T.);
#6979=EDGE_CURVE('',#5845,#5843,#1049,.T.);
#6980=EDGE_CURVE('',#5846,#5845,#1050,.T.);
#6981=EDGE_CURVE('',#5844,#5846,#1051,.T.);
#6982=EDGE_CURVE('',#5847,#5848,#1052,.T.);
#6983=EDGE_CURVE('',#5849,#5847,#1053,.T.);
#6984=EDGE_CURVE('',#5850,#5849,#1054,.T.);
#6985=EDGE_CURVE('',#5848,#5850,#1055,.T.);
#6986=EDGE_CURVE('',#5851,#5852,#1056,.T.);
#6987=EDGE_CURVE('',#5853,#5851,#1057,.T.);
#6988=EDGE_CURVE('',#5854,#5853,#1058,.T.);
#6989=EDGE_CURVE('',#5852,#5854,#1059,.T.);
#6990=EDGE_CURVE('',#5855,#5856,#1060,.T.);
#6991=EDGE_CURVE('',#5857,#5855,#1061,.T.);
#6992=EDGE_CURVE('',#5858,#5857,#1062,.T.);
#6993=EDGE_CURVE('',#5856,#5858,#1063,.T.);
#6994=EDGE_CURVE('',#5859,#5860,#1064,.T.);
#6995=EDGE_CURVE('',#5861,#5859,#1065,.T.);
#6996=EDGE_CURVE('',#5862,#5861,#1066,.T.);
#6997=EDGE_CURVE('',#5860,#5862,#1067,.T.);
#6998=EDGE_CURVE('',#5863,#5864,#1068,.T.);
#6999=EDGE_CURVE('',#5865,#5863,#1069,.T.);
#7000=EDGE_CURVE('',#5866,#5865,#1070,.T.);
#7001=EDGE_CURVE('',#5864,#5866,#1071,.T.);
#7002=EDGE_CURVE('',#5867,#5868,#1072,.T.);
#7003=EDGE_CURVE('',#5869,#5867,#1073,.T.);
#7004=EDGE_CURVE('',#5870,#5869,#1074,.T.);
#7005=EDGE_CURVE('',#5868,#5870,#1075,.T.);
#7006=EDGE_CURVE('',#5871,#5872,#1076,.T.);
#7007=EDGE_CURVE('',#5873,#5871,#1077,.T.);
#7008=EDGE_CURVE('',#5874,#5873,#1078,.T.);
#7009=EDGE_CURVE('',#5872,#5874,#1079,.T.);
#7010=EDGE_CURVE('',#5875,#5876,#1080,.T.);
#7011=EDGE_CURVE('',#5877,#5875,#1081,.T.);
#7012=EDGE_CURVE('',#5878,#5877,#1082,.T.);
#7013=EDGE_CURVE('',#5876,#5878,#1083,.T.);
#7014=EDGE_CURVE('',#5879,#5880,#1084,.T.);
#7015=EDGE_CURVE('',#5881,#5879,#1085,.T.);
#7016=EDGE_CURVE('',#5882,#5881,#1086,.T.);
#7017=EDGE_CURVE('',#5880,#5882,#1087,.T.);
#7018=EDGE_CURVE('',#5883,#5884,#1088,.T.);
#7019=EDGE_CURVE('',#5885,#5883,#1089,.T.);
#7020=EDGE_CURVE('',#5886,#5885,#1090,.T.);
#7021=EDGE_CURVE('',#5884,#5886,#1091,.T.);
#7022=EDGE_CURVE('',#5887,#5888,#1092,.T.);
#7023=EDGE_CURVE('',#5889,#5887,#1093,.T.);
#7024=EDGE_CURVE('',#5890,#5889,#1094,.T.);
#7025=EDGE_CURVE('',#5888,#5890,#1095,.T.);
#7026=EDGE_CURVE('',#5891,#5892,#1096,.T.);
#7027=EDGE_CURVE('',#5893,#5891,#1097,.T.);
#7028=EDGE_CURVE('',#5894,#5893,#1098,.T.);
#7029=EDGE_CURVE('',#5892,#5894,#1099,.T.);
#7030=EDGE_CURVE('',#5895,#5896,#1100,.T.);
#7031=EDGE_CURVE('',#5897,#5895,#1101,.T.);
#7032=EDGE_CURVE('',#5898,#5897,#1102,.T.);
#7033=EDGE_CURVE('',#5896,#5898,#1103,.T.);
#7034=EDGE_CURVE('',#5899,#5900,#1104,.T.);
#7035=EDGE_CURVE('',#5901,#5899,#1105,.T.);
#7036=EDGE_CURVE('',#5902,#5901,#1106,.T.);
#7037=EDGE_CURVE('',#5900,#5902,#1107,.T.);
#7038=EDGE_CURVE('',#5903,#5904,#1108,.T.);
#7039=EDGE_CURVE('',#5905,#5903,#1109,.T.);
#7040=EDGE_CURVE('',#5906,#5905,#1110,.T.);
#7041=EDGE_CURVE('',#5904,#5906,#1111,.T.);
#7042=EDGE_CURVE('',#5907,#5908,#1112,.T.);
#7043=EDGE_CURVE('',#5909,#5907,#1113,.T.);
#7044=EDGE_CURVE('',#5910,#5909,#1114,.T.);
#7045=EDGE_CURVE('',#5908,#5910,#1115,.T.);
#7046=EDGE_CURVE('',#5911,#5912,#1116,.T.);
#7047=EDGE_CURVE('',#5913,#5911,#1117,.T.);
#7048=EDGE_CURVE('',#5914,#5913,#1118,.T.);
#7049=EDGE_CURVE('',#5912,#5914,#1119,.T.);
#7050=EDGE_CURVE('',#5915,#5916,#1120,.T.);
#7051=EDGE_CURVE('',#5917,#5915,#1121,.T.);
#7052=EDGE_CURVE('',#5918,#5917,#1122,.T.);
#7053=EDGE_CURVE('',#5916,#5918,#1123,.T.);
#7054=EDGE_CURVE('',#5919,#5920,#1124,.T.);
#7055=EDGE_CURVE('',#5921,#5919,#1125,.T.);
#7056=EDGE_CURVE('',#5922,#5921,#1126,.T.);
#7057=EDGE_CURVE('',#5920,#5922,#1127,.T.);
#7058=EDGE_CURVE('',#5923,#5924,#1128,.T.);
#7059=EDGE_CURVE('',#5925,#5923,#1129,.T.);
#7060=EDGE_CURVE('',#5926,#5925,#1130,.T.);
#7061=EDGE_CURVE('',#5924,#5926,#1131,.T.);
#7062=EDGE_CURVE('',#5927,#5928,#1132,.T.);
#7063=EDGE_CURVE('',#5929,#5927,#1133,.T.);
#7064=EDGE_CURVE('',#5930,#5929,#1134,.T.);
#7065=EDGE_CURVE('',#5928,#5930,#1135,.T.);
#7066=EDGE_CURVE('',#5931,#5932,#1136,.T.);
#7067=EDGE_CURVE('',#5931,#5933,#1137,.T.);
#7068=EDGE_CURVE('',#5933,#5934,#1138,.T.);
#7069=EDGE_CURVE('',#5934,#5932,#1139,.T.);
#7070=EDGE_CURVE('',#5935,#5933,#1140,.T.);
#7071=EDGE_CURVE('',#5936,#5935,#1141,.T.);
#7072=EDGE_CURVE('',#5937,#5936,#1142,.T.);
#7073=EDGE_CURVE('',#5938,#5937,#5445,.T.);
#7074=EDGE_CURVE('',#5939,#5938,#1143,.T.);
#7075=EDGE_CURVE('',#5940,#5939,#1144,.T.);
#7076=EDGE_CURVE('',#5941,#5940,#1145,.T.);
#7077=EDGE_CURVE('',#5934,#5941,#5446,.T.);
#7078=EDGE_CURVE('',#5942,#5943,#1146,.T.);
#7079=EDGE_CURVE('',#5942,#5944,#1147,.T.);
#7080=EDGE_CURVE('',#5944,#5945,#1148,.T.);
#7081=EDGE_CURVE('',#5945,#5943,#1149,.T.);
#7082=EDGE_CURVE('',#5946,#5944,#1150,.T.);
#7083=EDGE_CURVE('',#5947,#5946,#1151,.T.);
#7084=EDGE_CURVE('',#5948,#5947,#1152,.T.);
#7085=EDGE_CURVE('',#5949,#5948,#5447,.T.);
#7086=EDGE_CURVE('',#5950,#5949,#1153,.T.);
#7087=EDGE_CURVE('',#5951,#5950,#1154,.T.);
#7088=EDGE_CURVE('',#5952,#5951,#1155,.T.);
#7089=EDGE_CURVE('',#5945,#5952,#5448,.T.);
#7090=EDGE_CURVE('',#5953,#5954,#1156,.T.);
#7091=EDGE_CURVE('',#5955,#5954,#1157,.T.);
#7092=EDGE_CURVE('',#5956,#5955,#1158,.T.);
#7093=EDGE_CURVE('',#5953,#5956,#1159,.T.);
#7094=EDGE_CURVE('',#5954,#5957,#1160,.T.);
#7095=EDGE_CURVE('',#5958,#5953,#5449,.T.);
#7096=EDGE_CURVE('',#5959,#5958,#1161,.T.);
#7097=EDGE_CURVE('',#5960,#5959,#1162,.T.);
#7098=EDGE_CURVE('',#5961,#5960,#1163,.T.);
#7099=EDGE_CURVE('',#5962,#5961,#5450,.T.);
#7100=EDGE_CURVE('',#5963,#5962,#1164,.T.);
#7101=EDGE_CURVE('',#5957,#5963,#1165,.T.);
#7102=EDGE_CURVE('',#5964,#5965,#1166,.T.);
#7103=EDGE_CURVE('',#5966,#5965,#1167,.T.);
#7104=EDGE_CURVE('',#5967,#5966,#1168,.T.);
#7105=EDGE_CURVE('',#5964,#5967,#1169,.T.);
#7106=EDGE_CURVE('',#5965,#5968,#1170,.T.);
#7107=EDGE_CURVE('',#5969,#5964,#5451,.T.);
#7108=EDGE_CURVE('',#5970,#5969,#1171,.T.);
#7109=EDGE_CURVE('',#5971,#5970,#1172,.T.);
#7110=EDGE_CURVE('',#5972,#5971,#1173,.T.);
#7111=EDGE_CURVE('',#5973,#5972,#5452,.T.);
#7112=EDGE_CURVE('',#5974,#5973,#1174,.T.);
#7113=EDGE_CURVE('',#5968,#5974,#1175,.T.);
#7114=EDGE_CURVE('',#5975,#5976,#1176,.T.);
#7115=EDGE_CURVE('',#5975,#5977,#1177,.T.);
#7116=EDGE_CURVE('',#5977,#5978,#1178,.T.);
#7117=EDGE_CURVE('',#5978,#5976,#1179,.T.);
#7118=EDGE_CURVE('',#5979,#5980,#1180,.T.);
#7119=EDGE_CURVE('',#5981,#5979,#5453,.T.);
#7120=EDGE_CURVE('',#5982,#5981,#1181,.T.);
#7121=EDGE_CURVE('',#5983,#5982,#1182,.T.);
#7122=EDGE_CURVE('',#5984,#5983,#1183,.T.);
#7123=EDGE_CURVE('',#5978,#5984,#5454,.T.);
#7124=EDGE_CURVE('',#5985,#5977,#1184,.T.);
#7125=EDGE_CURVE('',#5980,#5985,#1185,.T.);
#7126=EDGE_CURVE('',#5986,#5987,#1186,.T.);
#7127=EDGE_CURVE('',#5986,#5988,#1187,.T.);
#7128=EDGE_CURVE('',#5988,#5989,#1188,.T.);
#7129=EDGE_CURVE('',#5989,#5987,#1189,.T.);
#7130=EDGE_CURVE('',#5990,#5991,#1190,.T.);
#7131=EDGE_CURVE('',#5992,#5990,#5455,.T.);
#7132=EDGE_CURVE('',#5993,#5992,#1191,.T.);
#7133=EDGE_CURVE('',#5994,#5993,#1192,.T.);
#7134=EDGE_CURVE('',#5995,#5994,#1193,.T.);
#7135=EDGE_CURVE('',#5989,#5995,#5456,.T.);
#7136=EDGE_CURVE('',#5996,#5988,#1194,.T.);
#7137=EDGE_CURVE('',#5991,#5996,#1195,.T.);
#7138=EDGE_CURVE('',#5997,#5998,#1196,.T.);
#7139=EDGE_CURVE('',#5999,#5998,#1197,.T.);
#7140=EDGE_CURVE('',#6000,#5999,#1198,.T.);
#7141=EDGE_CURVE('',#5997,#6000,#1199,.T.);
#7142=EDGE_CURVE('',#5998,#6001,#1200,.T.);
#7143=EDGE_CURVE('',#6002,#5997,#5457,.T.);
#7144=EDGE_CURVE('',#6003,#6002,#1201,.T.);
#7145=EDGE_CURVE('',#6004,#6003,#1202,.T.);
#7146=EDGE_CURVE('',#6005,#6004,#1203,.T.);
#7147=EDGE_CURVE('',#6006,#6005,#5458,.T.);
#7148=EDGE_CURVE('',#6007,#6006,#1204,.T.);
#7149=EDGE_CURVE('',#6001,#6007,#1205,.T.);
#7150=EDGE_CURVE('',#6008,#6009,#1206,.T.);
#7151=EDGE_CURVE('',#6010,#6009,#1207,.T.);
#7152=EDGE_CURVE('',#6011,#6010,#1208,.T.);
#7153=EDGE_CURVE('',#6008,#6011,#1209,.T.);
#7154=EDGE_CURVE('',#6009,#6012,#1210,.T.);
#7155=EDGE_CURVE('',#6013,#6008,#5459,.T.);
#7156=EDGE_CURVE('',#6014,#6013,#1211,.T.);
#7157=EDGE_CURVE('',#6015,#6014,#1212,.T.);
#7158=EDGE_CURVE('',#6016,#6015,#1213,.T.);
#7159=EDGE_CURVE('',#6017,#6016,#5460,.T.);
#7160=EDGE_CURVE('',#6018,#6017,#1214,.T.);
#7161=EDGE_CURVE('',#6012,#6018,#1215,.T.);
#7162=EDGE_CURVE('',#6019,#6020,#1216,.T.);
#7163=EDGE_CURVE('',#6020,#6021,#1217,.T.);
#7164=EDGE_CURVE('',#6021,#6022,#1218,.T.);
#7165=EDGE_CURVE('',#6022,#6019,#1219,.T.);
#7166=EDGE_CURVE('',#6023,#6024,#1220,.T.);
#7167=EDGE_CURVE('',#6025,#6023,#1221,.T.);
#7168=EDGE_CURVE('',#6026,#6025,#1222,.T.);
#7169=EDGE_CURVE('',#6024,#6026,#1223,.T.);
#7170=EDGE_CURVE('',#6027,#6028,#1224,.T.);
#7171=EDGE_CURVE('',#6029,#6027,#1225,.T.);
#7172=EDGE_CURVE('',#6030,#6029,#1226,.T.);
#7173=EDGE_CURVE('',#6028,#6030,#1227,.T.);
#7174=EDGE_CURVE('',#6031,#6032,#1228,.T.);
#7175=EDGE_CURVE('',#6033,#6031,#1229,.T.);
#7176=EDGE_CURVE('',#6034,#6033,#1230,.T.);
#7177=EDGE_CURVE('',#5939,#6034,#1231,.T.);
#7178=EDGE_CURVE('',#6035,#5939,#1232,.T.);
#7179=EDGE_CURVE('',#6036,#6035,#5461,.T.);
#7180=EDGE_CURVE('',#6037,#6036,#1233,.T.);
#7181=EDGE_CURVE('',#6038,#6037,#5462,.T.);
#7182=EDGE_CURVE('',#5940,#6038,#1234,.T.);
#7183=EDGE_CURVE('',#5950,#5940,#1235,.T.);
#7184=EDGE_CURVE('',#6039,#5950,#1236,.T.);
#7185=EDGE_CURVE('',#6040,#6039,#5463,.T.);
#7186=EDGE_CURVE('',#6041,#6040,#1237,.T.);
#7187=EDGE_CURVE('',#6042,#6041,#5464,.T.);
#7188=EDGE_CURVE('',#5951,#6042,#1238,.T.);
#7189=EDGE_CURVE('',#5959,#5951,#1239,.T.);
#7190=EDGE_CURVE('',#6043,#5959,#1240,.T.);
#7191=EDGE_CURVE('',#6044,#6043,#5465,.T.);
#7192=EDGE_CURVE('',#6045,#6044,#1241,.T.);
#7193=EDGE_CURVE('',#6046,#6045,#5466,.T.);
#7194=EDGE_CURVE('',#5960,#6046,#1242,.T.);
#7195=EDGE_CURVE('',#5970,#5960,#1243,.T.);
#7196=EDGE_CURVE('',#6047,#5970,#1244,.T.);
#7197=EDGE_CURVE('',#6048,#6047,#5467,.T.);
#7198=EDGE_CURVE('',#6049,#6048,#1245,.T.);
#7199=EDGE_CURVE('',#6050,#6049,#5468,.T.);
#7200=EDGE_CURVE('',#5971,#6050,#1246,.T.);
#7201=EDGE_CURVE('',#6051,#5971,#1247,.T.);
#7202=EDGE_CURVE('',#6052,#6051,#1248,.T.);
#7203=EDGE_CURVE('',#5982,#6052,#1249,.T.);
#7204=EDGE_CURVE('',#6053,#5982,#1250,.T.);
#7205=EDGE_CURVE('',#6054,#6053,#5469,.T.);
#7206=EDGE_CURVE('',#6055,#6054,#1251,.T.);
#7207=EDGE_CURVE('',#6056,#6055,#5470,.T.);
#7208=EDGE_CURVE('',#5983,#6056,#1252,.T.);
#7209=EDGE_CURVE('',#5993,#5983,#1253,.T.);
#7210=EDGE_CURVE('',#6057,#5993,#1254,.T.);
#7211=EDGE_CURVE('',#6058,#6057,#5471,.T.);
#7212=EDGE_CURVE('',#6059,#6058,#1255,.T.);
#7213=EDGE_CURVE('',#6060,#6059,#5472,.T.);
#7214=EDGE_CURVE('',#5994,#6060,#1256,.T.);
#7215=EDGE_CURVE('',#6003,#5994,#1257,.T.);
#7216=EDGE_CURVE('',#6061,#6003,#1258,.T.);
#7217=EDGE_CURVE('',#6062,#6061,#5473,.T.);
#7218=EDGE_CURVE('',#6063,#6062,#1259,.T.);
#7219=EDGE_CURVE('',#6064,#6063,#5474,.T.);
#7220=EDGE_CURVE('',#6004,#6064,#1260,.T.);
#7221=EDGE_CURVE('',#6014,#6004,#1261,.T.);
#7222=EDGE_CURVE('',#6065,#6014,#1262,.T.);
#7223=EDGE_CURVE('',#6066,#6065,#5475,.T.);
#7224=EDGE_CURVE('',#6067,#6066,#1263,.T.);
#7225=EDGE_CURVE('',#6068,#6067,#5476,.T.);
#7226=EDGE_CURVE('',#6015,#6068,#1264,.T.);
#7227=EDGE_CURVE('',#6069,#6015,#1265,.T.);
#7228=EDGE_CURVE('',#6070,#6069,#1266,.T.);
#7229=EDGE_CURVE('',#6032,#6070,#1267,.T.);
#7230=EDGE_CURVE('',#6071,#6033,#1268,.T.);
#7231=EDGE_CURVE('',#6072,#6071,#1269,.T.);
#7232=EDGE_CURVE('',#6072,#6070,#1270,.T.);
#7233=EDGE_CURVE('',#6073,#6069,#1271,.T.);
#7234=EDGE_CURVE('',#6074,#6073,#1272,.T.);
#7235=EDGE_CURVE('',#6074,#6034,#1273,.T.);
#7236=EDGE_CURVE('',#6075,#6076,#1274,.T.);
#7237=EDGE_CURVE('',#6077,#6075,#1275,.T.);
#7238=EDGE_CURVE('',#6078,#6077,#1276,.T.);
#7239=EDGE_CURVE('',#6076,#6078,#1277,.T.);
#7240=EDGE_CURVE('',#6079,#6080,#5477,.T.);
#7241=EDGE_CURVE('',#6080,#6081,#1278,.T.);
#7242=EDGE_CURVE('',#6081,#5956,#5478,.T.);
#7243=EDGE_CURVE('',#6082,#5955,#1279,.T.);
#7244=EDGE_CURVE('',#6082,#6083,#5479,.T.);
#7245=EDGE_CURVE('',#6083,#6084,#1280,.T.);
#7246=EDGE_CURVE('',#6084,#6085,#5480,.T.);
#7247=EDGE_CURVE('',#6085,#6079,#1281,.T.);
#7248=EDGE_CURVE('',#6086,#6087,#5481,.T.);
#7249=EDGE_CURVE('',#6087,#6088,#1282,.T.);
#7250=EDGE_CURVE('',#6088,#6089,#5482,.T.);
#7251=EDGE_CURVE('',#6089,#5931,#1283,.T.);
#7252=EDGE_CURVE('',#5932,#6090,#5483,.T.);
#7253=EDGE_CURVE('',#6090,#6091,#1284,.T.);
#7254=EDGE_CURVE('',#6091,#6092,#5484,.T.);
#7255=EDGE_CURVE('',#6092,#6086,#1285,.T.);
#7256=EDGE_CURVE('',#6093,#6094,#5485,.T.);
#7257=EDGE_CURVE('',#6094,#6095,#1286,.T.);
#7258=EDGE_CURVE('',#6095,#6096,#5486,.T.);
#7259=EDGE_CURVE('',#6096,#6097,#1287,.T.);
#7260=EDGE_CURVE('',#6097,#6098,#5487,.T.);
#7261=EDGE_CURVE('',#6098,#6099,#1288,.T.);
#7262=EDGE_CURVE('',#6099,#6011,#5488,.T.);
#7263=EDGE_CURVE('',#6093,#6010,#1289,.T.);
#7264=EDGE_CURVE('',#5976,#6100,#5489,.T.);
#7265=EDGE_CURVE('',#6100,#6101,#1290,.T.);
#7266=EDGE_CURVE('',#6101,#6102,#5490,.T.);
#7267=EDGE_CURVE('',#6102,#6103,#1291,.T.);
#7268=EDGE_CURVE('',#6103,#6104,#5491,.T.);
#7269=EDGE_CURVE('',#6104,#6105,#1292,.T.);
#7270=EDGE_CURVE('',#6105,#6106,#5492,.T.);
#7271=EDGE_CURVE('',#6106,#5975,#1293,.T.);
#7272=EDGE_CURVE('',#6107,#6108,#1294,.T.);
#7273=EDGE_CURVE('',#6108,#6109,#1295,.T.);
#7274=EDGE_CURVE('',#6109,#6110,#1296,.T.);
#7275=EDGE_CURVE('',#6110,#6107,#1297,.T.);
#7276=EDGE_CURVE('',#6111,#6112,#1298,.T.);
#7277=EDGE_CURVE('',#6112,#6113,#1299,.T.);
#7278=EDGE_CURVE('',#6113,#6114,#1300,.T.);
#7279=EDGE_CURVE('',#6114,#6111,#1301,.T.);
#7280=EDGE_CURVE('',#5987,#6115,#5493,.T.);
#7281=EDGE_CURVE('',#6115,#6116,#1302,.T.);
#7282=EDGE_CURVE('',#6116,#6117,#5494,.T.);
#7283=EDGE_CURVE('',#6117,#6118,#1303,.T.);
#7284=EDGE_CURVE('',#6118,#6119,#5495,.T.);
#7285=EDGE_CURVE('',#6119,#6120,#1304,.T.);
#7286=EDGE_CURVE('',#6120,#6121,#5496,.T.);
#7287=EDGE_CURVE('',#6121,#5986,#1305,.T.);
#7288=EDGE_CURVE('',#6122,#6123,#5497,.T.);
#7289=EDGE_CURVE('',#6123,#6124,#1306,.T.);
#7290=EDGE_CURVE('',#6124,#6125,#5498,.T.);
#7291=EDGE_CURVE('',#6125,#6126,#1307,.T.);
#7292=EDGE_CURVE('',#6126,#6127,#5499,.T.);
#7293=EDGE_CURVE('',#6127,#6128,#1308,.T.);
#7294=EDGE_CURVE('',#6128,#6000,#5500,.T.);
#7295=EDGE_CURVE('',#6122,#5999,#1309,.T.);
#7296=EDGE_CURVE('',#5943,#6129,#5501,.T.);
#7297=EDGE_CURVE('',#6129,#6130,#1310,.T.);
#7298=EDGE_CURVE('',#6130,#6131,#5502,.T.);
#7299=EDGE_CURVE('',#6131,#6132,#1311,.T.);
#7300=EDGE_CURVE('',#6132,#6133,#5503,.T.);
#7301=EDGE_CURVE('',#6133,#6134,#1312,.T.);
#7302=EDGE_CURVE('',#6134,#6135,#5504,.T.);
#7303=EDGE_CURVE('',#6135,#5942,#1313,.T.);
#7304=EDGE_CURVE('',#6136,#6137,#5505,.T.);
#7305=EDGE_CURVE('',#6137,#6138,#1314,.T.);
#7306=EDGE_CURVE('',#6138,#5967,#5506,.T.);
#7307=EDGE_CURVE('',#6139,#5966,#1315,.T.);
#7308=EDGE_CURVE('',#6139,#6140,#5507,.T.);
#7309=EDGE_CURVE('',#6140,#6141,#1316,.T.);
#7310=EDGE_CURVE('',#6141,#6142,#5508,.T.);
#7311=EDGE_CURVE('',#6142,#6136,#1317,.T.);
#7312=EDGE_CURVE('',#6020,#6076,#1318,.T.);
#7313=EDGE_CURVE('',#6019,#6075,#1319,.T.);
#7314=EDGE_CURVE('',#6021,#6078,#1320,.T.);
#7315=EDGE_CURVE('',#6022,#6077,#1321,.T.);
#7316=EDGE_CURVE('',#6048,#6136,#1322,.T.);
#7317=EDGE_CURVE('',#6047,#6137,#1323,.T.);
#7318=EDGE_CURVE('',#5969,#6138,#1324,.T.);
#7319=EDGE_CURVE('',#5973,#6139,#1325,.T.);
#7320=EDGE_CURVE('',#5972,#6140,#1326,.T.);
#7321=EDGE_CURVE('',#6050,#6141,#1327,.T.);
#7322=EDGE_CURVE('',#6049,#6142,#1328,.T.);
#7323=EDGE_CURVE('',#6044,#6079,#1329,.T.);
#7324=EDGE_CURVE('',#6043,#6080,#1330,.T.);
#7325=EDGE_CURVE('',#5958,#6081,#1331,.T.);
#7326=EDGE_CURVE('',#5962,#6082,#1332,.T.);
#7327=EDGE_CURVE('',#5961,#6083,#1333,.T.);
#7328=EDGE_CURVE('',#6046,#6084,#1334,.T.);
#7329=EDGE_CURVE('',#6045,#6085,#1335,.T.);
#7330=EDGE_CURVE('',#5952,#6129,#1336,.T.);
#7331=EDGE_CURVE('',#6042,#6130,#1337,.T.);
#7332=EDGE_CURVE('',#6041,#6131,#1338,.T.);
#7333=EDGE_CURVE('',#6040,#6132,#1339,.T.);
#7334=EDGE_CURVE('',#6039,#6133,#1340,.T.);
#7335=EDGE_CURVE('',#5949,#6134,#1341,.T.);
#7336=EDGE_CURVE('',#5948,#6135,#1342,.T.);
#7337=EDGE_CURVE('',#6036,#6086,#1343,.T.);
#7338=EDGE_CURVE('',#6035,#6087,#1344,.T.);
#7339=EDGE_CURVE('',#5938,#6088,#1345,.T.);
#7340=EDGE_CURVE('',#5937,#6089,#1346,.T.);
#7341=EDGE_CURVE('',#5941,#6090,#1347,.T.);
#7342=EDGE_CURVE('',#6038,#6091,#1348,.T.);
#7343=EDGE_CURVE('',#6037,#6092,#1349,.T.);
#7344=EDGE_CURVE('',#6006,#6122,#1350,.T.);
#7345=EDGE_CURVE('',#6005,#6123,#1351,.T.);
#7346=EDGE_CURVE('',#6064,#6124,#1352,.T.);
#7347=EDGE_CURVE('',#6063,#6125,#1353,.T.);
#7348=EDGE_CURVE('',#6062,#6126,#1354,.T.);
#7349=EDGE_CURVE('',#6061,#6127,#1355,.T.);
#7350=EDGE_CURVE('',#6002,#6128,#1356,.T.);
#7351=EDGE_CURVE('',#6017,#6093,#1357,.T.);
#7352=EDGE_CURVE('',#6016,#6094,#1358,.T.);
#7353=EDGE_CURVE('',#6068,#6095,#1359,.T.);
#7354=EDGE_CURVE('',#6067,#6096,#1360,.T.);
#7355=EDGE_CURVE('',#6066,#6097,#1361,.T.);
#7356=EDGE_CURVE('',#6065,#6098,#1362,.T.);
#7357=EDGE_CURVE('',#6013,#6099,#1363,.T.);
#7358=EDGE_CURVE('',#5995,#6115,#1364,.T.);
#7359=EDGE_CURVE('',#6060,#6116,#1365,.T.);
#7360=EDGE_CURVE('',#6059,#6117,#1366,.T.);
#7361=EDGE_CURVE('',#6058,#6118,#1367,.T.);
#7362=EDGE_CURVE('',#6057,#6119,#1368,.T.);
#7363=EDGE_CURVE('',#5992,#6120,#1369,.T.);
#7364=EDGE_CURVE('',#5990,#6121,#1370,.T.);
#7365=EDGE_CURVE('',#5984,#6100,#1371,.T.);
#7366=EDGE_CURVE('',#6056,#6101,#1372,.T.);
#7367=EDGE_CURVE('',#6055,#6102,#1373,.T.);
#7368=EDGE_CURVE('',#6054,#6103,#1374,.T.);
#7369=EDGE_CURVE('',#6053,#6104,#1375,.T.);
#7370=EDGE_CURVE('',#5981,#6105,#1376,.T.);
#7371=EDGE_CURVE('',#5979,#6106,#1377,.T.);
#7372=EDGE_CURVE('',#6143,#6113,#1378,.T.);
#7373=EDGE_CURVE('',#6143,#6144,#1379,.T.);
#7374=EDGE_CURVE('',#6144,#6114,#1380,.T.);
#7375=EDGE_CURVE('',#6144,#6145,#1381,.T.);
#7376=EDGE_CURVE('',#6145,#6111,#1382,.T.);
#7377=EDGE_CURVE('',#6145,#6146,#1383,.T.);
#7378=EDGE_CURVE('',#6146,#6112,#1384,.T.);
#7379=EDGE_CURVE('',#6146,#6143,#1385,.T.);
#7380=EDGE_CURVE('',#6023,#6147,#1386,.T.);
#7381=EDGE_CURVE('',#6024,#6148,#1387,.T.);
#7382=EDGE_CURVE('',#6147,#6148,#1388,.T.);
#7383=EDGE_CURVE('',#6025,#6149,#1389,.T.);
#7384=EDGE_CURVE('',#6149,#6147,#1390,.T.);
#7385=EDGE_CURVE('',#6026,#6150,#1391,.T.);
#7386=EDGE_CURVE('',#6150,#6149,#1392,.T.);
#7387=EDGE_CURVE('',#6148,#6150,#1393,.T.);
#7388=EDGE_CURVE('',#6151,#6109,#1394,.T.);
#7389=EDGE_CURVE('',#6151,#6152,#1395,.T.);
#7390=EDGE_CURVE('',#6152,#6110,#1396,.T.);
#7391=EDGE_CURVE('',#6152,#6153,#1397,.T.);
#7392=EDGE_CURVE('',#6153,#6107,#1398,.T.);
#7393=EDGE_CURVE('',#6153,#6154,#1399,.T.);
#7394=EDGE_CURVE('',#6154,#6108,#1400,.T.);
#7395=EDGE_CURVE('',#6154,#6151,#1401,.T.);
#7396=EDGE_CURVE('',#6027,#6155,#1402,.T.);
#7397=EDGE_CURVE('',#6028,#6156,#1403,.T.);
#7398=EDGE_CURVE('',#6155,#6156,#1404,.T.);
#7399=EDGE_CURVE('',#6029,#6157,#1405,.T.);
#7400=EDGE_CURVE('',#6157,#6155,#1406,.T.);
#7401=EDGE_CURVE('',#6030,#6158,#1407,.T.);
#7402=EDGE_CURVE('',#6158,#6157,#1408,.T.);
#7403=EDGE_CURVE('',#6156,#6158,#1409,.T.);
#7404=EDGE_CURVE('',#6159,#6052,#1410,.T.);
#7405=EDGE_CURVE('',#6073,#6159,#1411,.T.);
#7406=EDGE_CURVE('',#6160,#6051,#1412,.T.);
#7407=EDGE_CURVE('',#6159,#6160,#1413,.T.);
#7408=EDGE_CURVE('',#6160,#6074,#1414,.T.);
#7409=EDGE_CURVE('',#6161,#6162,#1415,.T.);
#7410=EDGE_CURVE('',#6163,#6161,#1416,.T.);
#7411=EDGE_CURVE('',#6164,#6163,#1417,.T.);
#7412=EDGE_CURVE('',#6162,#6164,#1418,.T.);
#7413=EDGE_CURVE('',#6165,#6166,#1419,.T.);
#7414=EDGE_CURVE('',#6167,#6165,#1420,.T.);
#7415=EDGE_CURVE('',#6168,#6167,#1421,.T.);
#7416=EDGE_CURVE('',#6166,#6168,#1422,.T.);
#7417=EDGE_CURVE('',#6169,#6170,#5509,.T.);
#7418=EDGE_CURVE('',#6171,#6169,#1423,.T.);
#7419=EDGE_CURVE('',#6172,#6171,#5510,.T.);
#7420=EDGE_CURVE('',#6173,#6172,#1424,.T.);
#7421=EDGE_CURVE('',#6174,#6173,#5511,.T.);
#7422=EDGE_CURVE('',#6175,#6174,#1425,.T.);
#7423=EDGE_CURVE('',#6176,#6175,#5512,.T.);
#7424=EDGE_CURVE('',#6170,#6176,#1426,.T.);
#7425=EDGE_CURVE('',#6177,#6031,#1427,.T.);
#7426=EDGE_CURVE('',#6071,#6177,#1428,.T.);
#7427=EDGE_CURVE('',#6178,#6032,#1429,.T.);
#7428=EDGE_CURVE('',#6177,#6178,#1430,.T.);
#7429=EDGE_CURVE('',#6178,#6072,#1431,.T.);
#7430=EDGE_CURVE('',#6179,#6093,#1432,.T.);
#7431=EDGE_CURVE('',#6180,#6010,#1433,.T.);
#7432=EDGE_CURVE('',#6181,#6180,#1434,.T.);
#7433=EDGE_CURVE('',#6182,#6181,#1435,.T.);
#7434=EDGE_CURVE('',#6179,#6182,#1436,.T.);
#7435=EDGE_CURVE('',#6183,#6012,#1437,.T.);
#7436=EDGE_CURVE('',#6180,#6183,#1438,.T.);
#7437=EDGE_CURVE('',#6184,#6018,#1439,.T.);
#7438=EDGE_CURVE('',#6185,#6184,#1440,.T.);
#7439=EDGE_CURVE('',#6185,#6183,#1441,.T.);
#7440=EDGE_CURVE('',#6184,#6179,#1442,.T.);
#7441=EDGE_CURVE('',#6186,#6122,#1443,.T.);
#7442=EDGE_CURVE('',#6187,#5999,#1444,.T.);
#7443=EDGE_CURVE('',#6188,#6187,#1445,.T.);
#7444=EDGE_CURVE('',#6189,#6188,#1446,.T.);
#7445=EDGE_CURVE('',#6186,#6189,#1447,.T.);
#7446=EDGE_CURVE('',#6190,#6001,#1448,.T.);
#7447=EDGE_CURVE('',#6187,#6190,#1449,.T.);
#7448=EDGE_CURVE('',#6191,#6007,#1450,.T.);
#7449=EDGE_CURVE('',#6192,#6191,#1451,.T.);
#7450=EDGE_CURVE('',#6192,#6190,#1452,.T.);
#7451=EDGE_CURVE('',#6191,#6186,#1453,.T.);
#7452=EDGE_CURVE('',#6193,#5986,#1454,.T.);
#7453=EDGE_CURVE('',#6194,#6121,#1455,.T.);
#7454=EDGE_CURVE('',#6195,#6194,#1456,.T.);
#7455=EDGE_CURVE('',#6195,#6196,#1457,.T.);
#7456=EDGE_CURVE('',#6193,#6196,#1458,.T.);
#7457=EDGE_CURVE('',#6197,#5991,#1459,.T.);
#7458=EDGE_CURVE('',#6194,#6197,#1460,.T.);
#7459=EDGE_CURVE('',#6198,#5996,#1461,.T.);
#7460=EDGE_CURVE('',#6199,#6198,#1462,.T.);
#7461=EDGE_CURVE('',#6197,#6199,#1463,.T.);
#7462=EDGE_CURVE('',#6198,#6193,#1464,.T.);
#7463=EDGE_CURVE('',#6200,#5975,#1465,.T.);
#7464=EDGE_CURVE('',#6201,#6106,#1466,.T.);
#7465=EDGE_CURVE('',#6202,#6201,#1467,.T.);
#7466=EDGE_CURVE('',#6202,#6203,#1468,.T.);
#7467=EDGE_CURVE('',#6200,#6203,#1469,.T.);
#7468=EDGE_CURVE('',#6204,#5980,#1470,.T.);
#7469=EDGE_CURVE('',#6201,#6204,#1471,.T.);
#7470=EDGE_CURVE('',#6205,#5985,#1472,.T.);
#7471=EDGE_CURVE('',#6206,#6205,#1473,.T.);
#7472=EDGE_CURVE('',#6204,#6206,#1474,.T.);
#7473=EDGE_CURVE('',#6205,#6200,#1475,.T.);
#7474=EDGE_CURVE('',#6207,#6139,#1476,.T.);
#7475=EDGE_CURVE('',#6208,#5966,#1477,.T.);
#7476=EDGE_CURVE('',#6209,#6208,#1478,.T.);
#7477=EDGE_CURVE('',#6210,#6209,#1479,.T.);
#7478=EDGE_CURVE('',#6207,#6210,#1480,.T.);
#7479=EDGE_CURVE('',#6211,#5968,#1481,.T.);
#7480=EDGE_CURVE('',#6208,#6211,#1482,.T.);
#7481=EDGE_CURVE('',#6212,#5974,#1483,.T.);
#7482=EDGE_CURVE('',#6213,#6212,#1484,.T.);
#7483=EDGE_CURVE('',#6213,#6211,#1485,.T.);
#7484=EDGE_CURVE('',#6212,#6207,#1486,.T.);
#7485=EDGE_CURVE('',#6214,#6082,#1487,.T.);
#7486=EDGE_CURVE('',#6215,#5955,#1488,.T.);
#7487=EDGE_CURVE('',#6216,#6215,#1489,.T.);
#7488=EDGE_CURVE('',#6217,#6216,#1490,.T.);
#7489=EDGE_CURVE('',#6214,#6217,#1491,.T.);
#7490=EDGE_CURVE('',#6218,#5957,#1492,.T.);
#7491=EDGE_CURVE('',#6215,#6218,#1493,.T.);
#7492=EDGE_CURVE('',#6219,#5963,#1494,.T.);
#7493=EDGE_CURVE('',#6220,#6219,#1495,.T.);
#7494=EDGE_CURVE('',#6220,#6218,#1496,.T.);
#7495=EDGE_CURVE('',#6219,#6214,#1497,.T.);
#7496=EDGE_CURVE('',#6221,#5942,#1498,.T.);
#7497=EDGE_CURVE('',#6222,#6135,#1499,.T.);
#7498=EDGE_CURVE('',#6223,#6222,#1500,.T.);
#7499=EDGE_CURVE('',#6223,#6224,#1501,.T.);
#7500=EDGE_CURVE('',#6221,#6224,#1502,.T.);
#7501=EDGE_CURVE('',#6225,#6221,#1503,.T.);
#7502=EDGE_CURVE('',#6225,#5946,#1504,.T.);
#7503=EDGE_CURVE('',#6226,#5947,#1505,.T.);
#7504=EDGE_CURVE('',#6222,#6226,#1506,.T.);
#7505=EDGE_CURVE('',#6227,#6225,#1507,.T.);
#7506=EDGE_CURVE('',#6226,#6227,#1508,.T.);
#7507=EDGE_CURVE('',#6228,#5931,#1509,.T.);
#7508=EDGE_CURVE('',#6229,#6089,#1510,.T.);
#7509=EDGE_CURVE('',#6230,#6229,#1511,.T.);
#7510=EDGE_CURVE('',#6230,#6231,#1512,.T.);
#7511=EDGE_CURVE('',#6228,#6231,#1513,.T.);
#7512=EDGE_CURVE('',#6232,#6228,#1514,.T.);
#7513=EDGE_CURVE('',#6232,#5935,#1515,.T.);
#7514=EDGE_CURVE('',#6233,#5936,#1516,.T.);
#7515=EDGE_CURVE('',#6229,#6233,#1517,.T.);
#7516=EDGE_CURVE('',#6234,#6232,#1518,.T.);
#7517=EDGE_CURVE('',#6233,#6234,#1519,.T.);
#7518=EDGE_CURVE('',#6181,#6235,#1520,.T.);
#7519=EDGE_CURVE('',#6236,#6183,#1521,.T.);
#7520=EDGE_CURVE('',#6235,#6236,#1522,.T.);
#7521=EDGE_CURVE('',#6237,#6235,#1523,.T.);
#7522=EDGE_CURVE('',#6182,#6237,#1524,.T.);
#7523=EDGE_CURVE('',#6238,#6236,#1525,.T.);
#7524=EDGE_CURVE('',#6237,#6238,#1526,.T.);
#7525=EDGE_CURVE('',#6238,#6185,#1527,.T.);
#7526=EDGE_CURVE('',#6188,#6239,#1528,.T.);
#7527=EDGE_CURVE('',#6240,#6239,#1529,.T.);
#7528=EDGE_CURVE('',#6189,#6240,#1530,.T.);
#7529=EDGE_CURVE('',#6239,#6241,#1531,.T.);
#7530=EDGE_CURVE('',#6242,#6241,#1532,.T.);
#7531=EDGE_CURVE('',#6240,#6242,#1533,.T.);
#7532=EDGE_CURVE('',#6241,#6190,#1534,.T.);
#7533=EDGE_CURVE('',#6242,#6192,#1535,.T.);
#7534=EDGE_CURVE('',#6243,#6196,#1536,.T.);
#7535=EDGE_CURVE('',#6244,#6195,#1537,.T.);
#7536=EDGE_CURVE('',#6244,#6243,#1538,.T.);
#7537=EDGE_CURVE('',#6198,#6245,#1539,.T.);
#7538=EDGE_CURVE('',#6246,#6245,#1540,.T.);
#7539=EDGE_CURVE('',#6199,#6246,#1541,.T.);
#7540=EDGE_CURVE('',#6245,#6243,#1542,.T.);
#7541=EDGE_CURVE('',#6246,#6244,#1543,.T.);
#7542=EDGE_CURVE('',#6247,#6203,#1544,.T.);
#7543=EDGE_CURVE('',#6248,#6247,#1545,.T.);
#7544=EDGE_CURVE('',#6205,#6248,#1546,.T.);
#7545=EDGE_CURVE('',#6249,#6247,#1547,.T.);
#7546=EDGE_CURVE('',#6250,#6249,#1548,.T.);
#7547=EDGE_CURVE('',#6250,#6248,#1549,.T.);
#7548=EDGE_CURVE('',#6249,#6202,#1550,.T.);
#7549=EDGE_CURVE('',#6206,#6250,#1551,.T.);
#7550=EDGE_CURVE('',#6251,#6211,#1552,.T.);
#7551=EDGE_CURVE('',#6252,#6251,#1553,.T.);
#7552=EDGE_CURVE('',#6209,#6252,#1554,.T.);
#7553=EDGE_CURVE('',#6253,#6252,#1555,.T.);
#7554=EDGE_CURVE('',#6210,#6253,#1556,.T.);
#7555=EDGE_CURVE('',#6254,#6251,#1557,.T.);
#7556=EDGE_CURVE('',#6253,#6254,#1558,.T.);
#7557=EDGE_CURVE('',#6254,#6213,#1559,.T.);
#7558=EDGE_CURVE('',#6216,#6255,#1560,.T.);
#7559=EDGE_CURVE('',#6256,#6255,#1561,.T.);
#7560=EDGE_CURVE('',#6217,#6256,#1562,.T.);
#7561=EDGE_CURVE('',#6255,#6257,#1563,.T.);
#7562=EDGE_CURVE('',#6258,#6257,#1564,.T.);
#7563=EDGE_CURVE('',#6256,#6258,#1565,.T.);
#7564=EDGE_CURVE('',#6257,#6218,#1566,.T.);
#7565=EDGE_CURVE('',#6258,#6220,#1567,.T.);
#7566=EDGE_CURVE('',#6259,#6224,#1568,.T.);
#7567=EDGE_CURVE('',#6260,#6223,#1569,.T.);
#7568=EDGE_CURVE('',#6260,#6259,#1570,.T.);
#7569=EDGE_CURVE('',#6225,#6261,#1571,.T.);
#7570=EDGE_CURVE('',#6262,#6261,#1572,.T.);
#7571=EDGE_CURVE('',#6227,#6262,#1573,.T.);
#7572=EDGE_CURVE('',#6261,#6259,#1574,.T.);
#7573=EDGE_CURVE('',#6262,#6260,#1575,.T.);
#7574=EDGE_CURVE('',#6232,#6263,#1576,.T.);
#7575=EDGE_CURVE('',#6264,#6231,#1577,.T.);
#7576=EDGE_CURVE('',#6263,#6264,#1578,.T.);
#7577=EDGE_CURVE('',#6265,#6264,#1579,.T.);
#7578=EDGE_CURVE('',#6266,#6265,#1580,.T.);
#7579=EDGE_CURVE('',#6266,#6263,#1581,.T.);
#7580=EDGE_CURVE('',#6265,#6230,#1582,.T.);
#7581=EDGE_CURVE('',#6234,#6266,#1583,.T.);
#7582=EDGE_CURVE('',#5604,#6170,#1584,.T.);
#7583=EDGE_CURVE('',#5603,#6169,#1585,.T.);
#7584=EDGE_CURVE('',#5610,#6171,#1586,.T.);
#7585=EDGE_CURVE('',#5609,#6172,#1587,.T.);
#7586=EDGE_CURVE('',#5608,#6173,#1588,.T.);
#7587=EDGE_CURVE('',#5607,#6174,#1589,.T.);
#7588=EDGE_CURVE('',#5606,#6175,#1590,.T.);
#7589=EDGE_CURVE('',#5605,#6176,#1591,.T.);
#7590=EDGE_CURVE('',#6267,#6166,#1592,.T.);
#7591=EDGE_CURVE('',#6267,#6268,#1593,.T.);
#7592=EDGE_CURVE('',#6268,#6165,#1594,.T.);
#7593=EDGE_CURVE('',#6268,#6269,#1595,.T.);
#7594=EDGE_CURVE('',#6269,#6167,#1596,.T.);
#7595=EDGE_CURVE('',#6269,#6270,#1597,.T.);
#7596=EDGE_CURVE('',#6270,#6168,#1598,.T.);
#7597=EDGE_CURVE('',#6270,#6267,#1599,.T.);
#7598=EDGE_CURVE('',#6271,#6272,#1600,.T.);
#7599=EDGE_CURVE('',#6272,#6273,#1601,.T.);
#7600=EDGE_CURVE('',#6273,#6274,#1602,.T.);
#7601=EDGE_CURVE('',#6274,#6271,#1603,.T.);
#7602=EDGE_CURVE('',#6275,#6162,#1604,.T.);
#7603=EDGE_CURVE('',#6275,#6276,#1605,.T.);
#7604=EDGE_CURVE('',#6276,#6161,#1606,.T.);
#7605=EDGE_CURVE('',#6276,#6277,#1607,.T.);
#7606=EDGE_CURVE('',#6277,#6163,#1608,.T.);
#7607=EDGE_CURVE('',#6277,#6278,#1609,.T.);
#7608=EDGE_CURVE('',#6278,#6164,#1610,.T.);
#7609=EDGE_CURVE('',#6278,#6275,#1611,.T.);
#7610=EDGE_CURVE('',#6279,#6280,#1612,.T.);
#7611=EDGE_CURVE('',#6280,#6281,#1613,.T.);
#7612=EDGE_CURVE('',#6281,#6282,#1614,.T.);
#7613=EDGE_CURVE('',#6282,#6279,#1615,.T.);
#7614=EDGE_CURVE('',#6275,#6282,#14,.T.);
#7615=EDGE_CURVE('',#6279,#6278,#15,.T.);
#7616=EDGE_CURVE('',#6280,#6277,#16,.T.);
#7617=EDGE_CURVE('',#6276,#6281,#17,.T.);
#7618=EDGE_CURVE('',#6267,#6274,#18,.T.);
#7619=EDGE_CURVE('',#6271,#6270,#19,.T.);
#7620=EDGE_CURVE('',#6272,#6269,#20,.T.);
#7621=EDGE_CURVE('',#6268,#6273,#21,.T.);
#7622=EDGE_CURVE('',#6283,#5611,#1616,.T.);
#7623=EDGE_CURVE('',#6284,#6283,#1617,.T.);
#7624=EDGE_CURVE('',#6284,#5613,#1618,.T.);
#7625=EDGE_CURVE('',#6285,#5612,#1619,.T.);
#7626=EDGE_CURVE('',#6283,#6285,#1620,.T.);
#7627=EDGE_CURVE('',#6286,#5614,#1621,.T.);
#7628=EDGE_CURVE('',#6285,#6286,#1622,.T.);
#7629=EDGE_CURVE('',#6286,#6284,#1623,.T.);
#7630=EDGE_CURVE('',#6287,#5615,#1624,.T.);
#7631=EDGE_CURVE('',#6288,#6287,#1625,.T.);
#7632=EDGE_CURVE('',#6288,#5617,#1626,.T.);
#7633=EDGE_CURVE('',#6289,#5616,#1627,.T.);
#7634=EDGE_CURVE('',#6287,#6289,#1628,.T.);
#7635=EDGE_CURVE('',#6290,#5618,#1629,.T.);
#7636=EDGE_CURVE('',#6289,#6290,#1630,.T.);
#7637=EDGE_CURVE('',#6290,#6288,#1631,.T.);
#7638=EDGE_CURVE('',#6291,#5619,#1632,.T.);
#7639=EDGE_CURVE('',#6292,#6291,#1633,.T.);
#7640=EDGE_CURVE('',#6292,#5621,#1634,.T.);
#7641=EDGE_CURVE('',#6293,#5620,#1635,.T.);
#7642=EDGE_CURVE('',#6291,#6293,#1636,.T.);
#7643=EDGE_CURVE('',#6294,#5622,#1637,.T.);
#7644=EDGE_CURVE('',#6293,#6294,#1638,.T.);
#7645=EDGE_CURVE('',#6294,#6292,#1639,.T.);
#7646=EDGE_CURVE('',#6295,#5623,#1640,.T.);
#7647=EDGE_CURVE('',#6296,#6295,#1641,.T.);
#7648=EDGE_CURVE('',#6296,#5625,#1642,.T.);
#7649=EDGE_CURVE('',#6297,#5624,#1643,.T.);
#7650=EDGE_CURVE('',#6295,#6297,#1644,.T.);
#7651=EDGE_CURVE('',#6298,#5626,#1645,.T.);
#7652=EDGE_CURVE('',#6297,#6298,#1646,.T.);
#7653=EDGE_CURVE('',#6298,#6296,#1647,.T.);
#7654=EDGE_CURVE('',#6299,#5627,#1648,.T.);
#7655=EDGE_CURVE('',#6300,#6299,#1649,.T.);
#7656=EDGE_CURVE('',#6300,#5629,#1650,.T.);
#7657=EDGE_CURVE('',#6301,#5628,#1651,.T.);
#7658=EDGE_CURVE('',#6299,#6301,#1652,.T.);
#7659=EDGE_CURVE('',#6302,#5630,#1653,.T.);
#7660=EDGE_CURVE('',#6301,#6302,#1654,.T.);
#7661=EDGE_CURVE('',#6302,#6300,#1655,.T.);
#7662=EDGE_CURVE('',#6303,#5631,#1656,.T.);
#7663=EDGE_CURVE('',#6304,#6303,#1657,.T.);
#7664=EDGE_CURVE('',#6304,#5633,#1658,.T.);
#7665=EDGE_CURVE('',#6305,#5632,#1659,.T.);
#7666=EDGE_CURVE('',#6303,#6305,#1660,.T.);
#7667=EDGE_CURVE('',#6306,#5634,#1661,.T.);
#7668=EDGE_CURVE('',#6305,#6306,#1662,.T.);
#7669=EDGE_CURVE('',#6306,#6304,#1663,.T.);
#7670=EDGE_CURVE('',#6307,#5635,#1664,.T.);
#7671=EDGE_CURVE('',#6308,#6307,#1665,.T.);
#7672=EDGE_CURVE('',#6308,#5637,#1666,.T.);
#7673=EDGE_CURVE('',#6309,#5636,#1667,.T.);
#7674=EDGE_CURVE('',#6307,#6309,#1668,.T.);
#7675=EDGE_CURVE('',#6310,#5638,#1669,.T.);
#7676=EDGE_CURVE('',#6309,#6310,#1670,.T.);
#7677=EDGE_CURVE('',#6310,#6308,#1671,.T.);
#7678=EDGE_CURVE('',#6311,#5639,#1672,.T.);
#7679=EDGE_CURVE('',#6312,#6311,#1673,.T.);
#7680=EDGE_CURVE('',#6312,#5641,#1674,.T.);
#7681=EDGE_CURVE('',#6313,#5640,#1675,.T.);
#7682=EDGE_CURVE('',#6311,#6313,#1676,.T.);
#7683=EDGE_CURVE('',#6314,#5642,#1677,.T.);
#7684=EDGE_CURVE('',#6313,#6314,#1678,.T.);
#7685=EDGE_CURVE('',#6314,#6312,#1679,.T.);
#7686=EDGE_CURVE('',#6315,#5643,#1680,.T.);
#7687=EDGE_CURVE('',#6316,#6315,#1681,.T.);
#7688=EDGE_CURVE('',#6316,#5645,#1682,.T.);
#7689=EDGE_CURVE('',#6317,#5644,#1683,.T.);
#7690=EDGE_CURVE('',#6315,#6317,#1684,.T.);
#7691=EDGE_CURVE('',#6318,#5646,#1685,.T.);
#7692=EDGE_CURVE('',#6317,#6318,#1686,.T.);
#7693=EDGE_CURVE('',#6318,#6316,#1687,.T.);
#7694=EDGE_CURVE('',#6319,#5647,#1688,.T.);
#7695=EDGE_CURVE('',#6320,#6319,#1689,.T.);
#7696=EDGE_CURVE('',#6320,#5649,#1690,.T.);
#7697=EDGE_CURVE('',#6321,#5648,#1691,.T.);
#7698=EDGE_CURVE('',#6319,#6321,#1692,.T.);
#7699=EDGE_CURVE('',#6322,#5650,#1693,.T.);
#7700=EDGE_CURVE('',#6321,#6322,#1694,.T.);
#7701=EDGE_CURVE('',#6322,#6320,#1695,.T.);
#7702=EDGE_CURVE('',#6323,#5651,#1696,.T.);
#7703=EDGE_CURVE('',#6324,#6323,#1697,.T.);
#7704=EDGE_CURVE('',#6324,#5653,#1698,.T.);
#7705=EDGE_CURVE('',#6325,#5652,#1699,.T.);
#7706=EDGE_CURVE('',#6323,#6325,#1700,.T.);
#7707=EDGE_CURVE('',#6326,#5654,#1701,.T.);
#7708=EDGE_CURVE('',#6325,#6326,#1702,.T.);
#7709=EDGE_CURVE('',#6326,#6324,#1703,.T.);
#7710=EDGE_CURVE('',#6327,#5655,#1704,.T.);
#7711=EDGE_CURVE('',#6328,#6327,#1705,.T.);
#7712=EDGE_CURVE('',#6328,#5657,#1706,.T.);
#7713=EDGE_CURVE('',#6329,#5656,#1707,.T.);
#7714=EDGE_CURVE('',#6327,#6329,#1708,.T.);
#7715=EDGE_CURVE('',#6330,#5658,#1709,.T.);
#7716=EDGE_CURVE('',#6329,#6330,#1710,.T.);
#7717=EDGE_CURVE('',#6330,#6328,#1711,.T.);
#7718=EDGE_CURVE('',#6331,#5659,#1712,.T.);
#7719=EDGE_CURVE('',#6332,#6331,#1713,.T.);
#7720=EDGE_CURVE('',#6332,#5661,#1714,.T.);
#7721=EDGE_CURVE('',#6333,#5660,#1715,.T.);
#7722=EDGE_CURVE('',#6331,#6333,#1716,.T.);
#7723=EDGE_CURVE('',#6334,#5662,#1717,.T.);
#7724=EDGE_CURVE('',#6333,#6334,#1718,.T.);
#7725=EDGE_CURVE('',#6334,#6332,#1719,.T.);
#7726=EDGE_CURVE('',#6335,#5663,#1720,.T.);
#7727=EDGE_CURVE('',#6336,#6335,#1721,.T.);
#7728=EDGE_CURVE('',#6336,#5665,#1722,.T.);
#7729=EDGE_CURVE('',#6337,#5664,#1723,.T.);
#7730=EDGE_CURVE('',#6335,#6337,#1724,.T.);
#7731=EDGE_CURVE('',#6338,#5666,#1725,.T.);
#7732=EDGE_CURVE('',#6337,#6338,#1726,.T.);
#7733=EDGE_CURVE('',#6338,#6336,#1727,.T.);
#7734=EDGE_CURVE('',#6339,#5667,#1728,.T.);
#7735=EDGE_CURVE('',#6340,#6339,#1729,.T.);
#7736=EDGE_CURVE('',#6340,#5669,#1730,.T.);
#7737=EDGE_CURVE('',#6341,#5668,#1731,.T.);
#7738=EDGE_CURVE('',#6339,#6341,#1732,.T.);
#7739=EDGE_CURVE('',#6342,#5670,#1733,.T.);
#7740=EDGE_CURVE('',#6341,#6342,#1734,.T.);
#7741=EDGE_CURVE('',#6342,#6340,#1735,.T.);
#7742=EDGE_CURVE('',#6343,#5671,#1736,.T.);
#7743=EDGE_CURVE('',#6344,#6343,#1737,.T.);
#7744=EDGE_CURVE('',#6344,#5673,#1738,.T.);
#7745=EDGE_CURVE('',#6345,#5672,#1739,.T.);
#7746=EDGE_CURVE('',#6343,#6345,#1740,.T.);
#7747=EDGE_CURVE('',#6346,#5674,#1741,.T.);
#7748=EDGE_CURVE('',#6345,#6346,#1742,.T.);
#7749=EDGE_CURVE('',#6346,#6344,#1743,.T.);
#7750=EDGE_CURVE('',#6347,#5675,#1744,.T.);
#7751=EDGE_CURVE('',#6348,#6347,#1745,.T.);
#7752=EDGE_CURVE('',#6348,#5677,#1746,.T.);
#7753=EDGE_CURVE('',#6349,#5676,#1747,.T.);
#7754=EDGE_CURVE('',#6347,#6349,#1748,.T.);
#7755=EDGE_CURVE('',#6350,#5678,#1749,.T.);
#7756=EDGE_CURVE('',#6349,#6350,#1750,.T.);
#7757=EDGE_CURVE('',#6350,#6348,#1751,.T.);
#7758=EDGE_CURVE('',#6351,#5679,#1752,.T.);
#7759=EDGE_CURVE('',#6352,#6351,#1753,.T.);
#7760=EDGE_CURVE('',#6352,#5681,#1754,.T.);
#7761=EDGE_CURVE('',#6353,#5680,#1755,.T.);
#7762=EDGE_CURVE('',#6351,#6353,#1756,.T.);
#7763=EDGE_CURVE('',#6354,#5682,#1757,.T.);
#7764=EDGE_CURVE('',#6353,#6354,#1758,.T.);
#7765=EDGE_CURVE('',#6354,#6352,#1759,.T.);
#7766=EDGE_CURVE('',#6355,#5683,#1760,.T.);
#7767=EDGE_CURVE('',#6356,#6355,#1761,.T.);
#7768=EDGE_CURVE('',#6356,#5685,#1762,.T.);
#7769=EDGE_CURVE('',#6357,#5684,#1763,.T.);
#7770=EDGE_CURVE('',#6355,#6357,#1764,.T.);
#7771=EDGE_CURVE('',#6358,#5686,#1765,.T.);
#7772=EDGE_CURVE('',#6357,#6358,#1766,.T.);
#7773=EDGE_CURVE('',#6358,#6356,#1767,.T.);
#7774=EDGE_CURVE('',#6359,#5687,#1768,.T.);
#7775=EDGE_CURVE('',#6360,#6359,#1769,.T.);
#7776=EDGE_CURVE('',#6360,#5689,#1770,.T.);
#7777=EDGE_CURVE('',#6361,#5688,#1771,.T.);
#7778=EDGE_CURVE('',#6359,#6361,#1772,.T.);
#7779=EDGE_CURVE('',#6362,#5690,#1773,.T.);
#7780=EDGE_CURVE('',#6361,#6362,#1774,.T.);
#7781=EDGE_CURVE('',#6362,#6360,#1775,.T.);
#7782=EDGE_CURVE('',#6363,#5691,#1776,.T.);
#7783=EDGE_CURVE('',#6364,#6363,#1777,.T.);
#7784=EDGE_CURVE('',#6364,#5693,#1778,.T.);
#7785=EDGE_CURVE('',#6365,#5692,#1779,.T.);
#7786=EDGE_CURVE('',#6363,#6365,#1780,.T.);
#7787=EDGE_CURVE('',#6366,#5694,#1781,.T.);
#7788=EDGE_CURVE('',#6365,#6366,#1782,.T.);
#7789=EDGE_CURVE('',#6366,#6364,#1783,.T.);
#7790=EDGE_CURVE('',#6367,#5695,#1784,.T.);
#7791=EDGE_CURVE('',#6368,#6367,#1785,.T.);
#7792=EDGE_CURVE('',#6368,#5697,#1786,.T.);
#7793=EDGE_CURVE('',#6369,#5696,#1787,.T.);
#7794=EDGE_CURVE('',#6367,#6369,#1788,.T.);
#7795=EDGE_CURVE('',#6370,#5698,#1789,.T.);
#7796=EDGE_CURVE('',#6369,#6370,#1790,.T.);
#7797=EDGE_CURVE('',#6370,#6368,#1791,.T.);
#7798=EDGE_CURVE('',#6371,#5699,#1792,.T.);
#7799=EDGE_CURVE('',#6372,#6371,#1793,.T.);
#7800=EDGE_CURVE('',#6372,#5701,#1794,.T.);
#7801=EDGE_CURVE('',#6373,#5700,#1795,.T.);
#7802=EDGE_CURVE('',#6371,#6373,#1796,.T.);
#7803=EDGE_CURVE('',#6374,#5702,#1797,.T.);
#7804=EDGE_CURVE('',#6373,#6374,#1798,.T.);
#7805=EDGE_CURVE('',#6374,#6372,#1799,.T.);
#7806=EDGE_CURVE('',#6375,#5703,#1800,.T.);
#7807=EDGE_CURVE('',#6376,#6375,#1801,.T.);
#7808=EDGE_CURVE('',#6376,#5705,#1802,.T.);
#7809=EDGE_CURVE('',#6377,#5704,#1803,.T.);
#7810=EDGE_CURVE('',#6375,#6377,#1804,.T.);
#7811=EDGE_CURVE('',#6378,#5706,#1805,.T.);
#7812=EDGE_CURVE('',#6377,#6378,#1806,.T.);
#7813=EDGE_CURVE('',#6378,#6376,#1807,.T.);
#7814=EDGE_CURVE('',#6379,#5707,#1808,.T.);
#7815=EDGE_CURVE('',#6380,#6379,#1809,.T.);
#7816=EDGE_CURVE('',#6380,#5709,#1810,.T.);
#7817=EDGE_CURVE('',#6381,#5708,#1811,.T.);
#7818=EDGE_CURVE('',#6379,#6381,#1812,.T.);
#7819=EDGE_CURVE('',#6382,#5710,#1813,.T.);
#7820=EDGE_CURVE('',#6381,#6382,#1814,.T.);
#7821=EDGE_CURVE('',#6382,#6380,#1815,.T.);
#7822=EDGE_CURVE('',#6383,#5711,#1816,.T.);
#7823=EDGE_CURVE('',#6384,#6383,#1817,.T.);
#7824=EDGE_CURVE('',#6384,#5713,#1818,.T.);
#7825=EDGE_CURVE('',#6385,#5712,#1819,.T.);
#7826=EDGE_CURVE('',#6383,#6385,#1820,.T.);
#7827=EDGE_CURVE('',#6386,#5714,#1821,.T.);
#7828=EDGE_CURVE('',#6385,#6386,#1822,.T.);
#7829=EDGE_CURVE('',#6386,#6384,#1823,.T.);
#7830=EDGE_CURVE('',#6387,#5715,#1824,.T.);
#7831=EDGE_CURVE('',#6388,#6387,#1825,.T.);
#7832=EDGE_CURVE('',#6388,#5717,#1826,.T.);
#7833=EDGE_CURVE('',#6389,#5716,#1827,.T.);
#7834=EDGE_CURVE('',#6387,#6389,#1828,.T.);
#7835=EDGE_CURVE('',#6390,#5718,#1829,.T.);
#7836=EDGE_CURVE('',#6389,#6390,#1830,.T.);
#7837=EDGE_CURVE('',#6390,#6388,#1831,.T.);
#7838=EDGE_CURVE('',#6391,#5719,#1832,.T.);
#7839=EDGE_CURVE('',#6392,#6391,#1833,.T.);
#7840=EDGE_CURVE('',#6392,#5721,#1834,.T.);
#7841=EDGE_CURVE('',#6393,#5720,#1835,.T.);
#7842=EDGE_CURVE('',#6391,#6393,#1836,.T.);
#7843=EDGE_CURVE('',#6394,#5722,#1837,.T.);
#7844=EDGE_CURVE('',#6393,#6394,#1838,.T.);
#7845=EDGE_CURVE('',#6394,#6392,#1839,.T.);
#7846=EDGE_CURVE('',#6395,#5723,#1840,.T.);
#7847=EDGE_CURVE('',#6396,#6395,#1841,.T.);
#7848=EDGE_CURVE('',#6396,#5725,#1842,.T.);
#7849=EDGE_CURVE('',#6397,#5724,#1843,.T.);
#7850=EDGE_CURVE('',#6395,#6397,#1844,.T.);
#7851=EDGE_CURVE('',#6398,#5726,#1845,.T.);
#7852=EDGE_CURVE('',#6397,#6398,#1846,.T.);
#7853=EDGE_CURVE('',#6398,#6396,#1847,.T.);
#7854=EDGE_CURVE('',#6399,#5727,#1848,.T.);
#7855=EDGE_CURVE('',#6400,#6399,#1849,.T.);
#7856=EDGE_CURVE('',#6400,#5729,#1850,.T.);
#7857=EDGE_CURVE('',#6401,#5728,#1851,.T.);
#7858=EDGE_CURVE('',#6399,#6401,#1852,.T.);
#7859=EDGE_CURVE('',#6402,#5730,#1853,.T.);
#7860=EDGE_CURVE('',#6401,#6402,#1854,.T.);
#7861=EDGE_CURVE('',#6402,#6400,#1855,.T.);
#7862=EDGE_CURVE('',#6403,#5731,#1856,.T.);
#7863=EDGE_CURVE('',#6404,#6403,#1857,.T.);
#7864=EDGE_CURVE('',#6404,#5733,#1858,.T.);
#7865=EDGE_CURVE('',#6405,#5732,#1859,.T.);
#7866=EDGE_CURVE('',#6403,#6405,#1860,.T.);
#7867=EDGE_CURVE('',#6406,#5734,#1861,.T.);
#7868=EDGE_CURVE('',#6405,#6406,#1862,.T.);
#7869=EDGE_CURVE('',#6406,#6404,#1863,.T.);
#7870=EDGE_CURVE('',#6407,#5735,#1864,.T.);
#7871=EDGE_CURVE('',#6408,#6407,#1865,.T.);
#7872=EDGE_CURVE('',#6408,#5737,#1866,.T.);
#7873=EDGE_CURVE('',#6409,#5736,#1867,.T.);
#7874=EDGE_CURVE('',#6407,#6409,#1868,.T.);
#7875=EDGE_CURVE('',#6410,#5738,#1869,.T.);
#7876=EDGE_CURVE('',#6409,#6410,#1870,.T.);
#7877=EDGE_CURVE('',#6410,#6408,#1871,.T.);
#7878=EDGE_CURVE('',#6411,#5739,#1872,.T.);
#7879=EDGE_CURVE('',#6412,#6411,#1873,.T.);
#7880=EDGE_CURVE('',#6412,#5741,#1874,.T.);
#7881=EDGE_CURVE('',#6413,#5740,#1875,.T.);
#7882=EDGE_CURVE('',#6411,#6413,#1876,.T.);
#7883=EDGE_CURVE('',#6414,#5742,#1877,.T.);
#7884=EDGE_CURVE('',#6413,#6414,#1878,.T.);
#7885=EDGE_CURVE('',#6414,#6412,#1879,.T.);
#7886=EDGE_CURVE('',#6415,#5743,#1880,.T.);
#7887=EDGE_CURVE('',#6416,#6415,#1881,.T.);
#7888=EDGE_CURVE('',#6416,#5745,#1882,.T.);
#7889=EDGE_CURVE('',#6417,#5744,#1883,.T.);
#7890=EDGE_CURVE('',#6415,#6417,#1884,.T.);
#7891=EDGE_CURVE('',#6418,#5746,#1885,.T.);
#7892=EDGE_CURVE('',#6417,#6418,#1886,.T.);
#7893=EDGE_CURVE('',#6418,#6416,#1887,.T.);
#7894=EDGE_CURVE('',#6419,#5747,#1888,.T.);
#7895=EDGE_CURVE('',#6420,#6419,#1889,.T.);
#7896=EDGE_CURVE('',#6420,#5749,#1890,.T.);
#7897=EDGE_CURVE('',#6421,#5748,#1891,.T.);
#7898=EDGE_CURVE('',#6419,#6421,#1892,.T.);
#7899=EDGE_CURVE('',#6422,#5750,#1893,.T.);
#7900=EDGE_CURVE('',#6421,#6422,#1894,.T.);
#7901=EDGE_CURVE('',#6422,#6420,#1895,.T.);
#7902=EDGE_CURVE('',#6423,#5751,#1896,.T.);
#7903=EDGE_CURVE('',#6424,#6423,#1897,.T.);
#7904=EDGE_CURVE('',#6424,#5753,#1898,.T.);
#7905=EDGE_CURVE('',#6425,#5752,#1899,.T.);
#7906=EDGE_CURVE('',#6423,#6425,#1900,.T.);
#7907=EDGE_CURVE('',#6426,#5754,#1901,.T.);
#7908=EDGE_CURVE('',#6425,#6426,#1902,.T.);
#7909=EDGE_CURVE('',#6426,#6424,#1903,.T.);
#7910=EDGE_CURVE('',#6427,#5755,#1904,.T.);
#7911=EDGE_CURVE('',#6428,#6427,#1905,.T.);
#7912=EDGE_CURVE('',#6428,#5757,#1906,.T.);
#7913=EDGE_CURVE('',#6429,#5756,#1907,.T.);
#7914=EDGE_CURVE('',#6427,#6429,#1908,.T.);
#7915=EDGE_CURVE('',#6430,#5758,#1909,.T.);
#7916=EDGE_CURVE('',#6429,#6430,#1910,.T.);
#7917=EDGE_CURVE('',#6430,#6428,#1911,.T.);
#7918=EDGE_CURVE('',#6431,#5759,#1912,.T.);
#7919=EDGE_CURVE('',#6432,#6431,#1913,.T.);
#7920=EDGE_CURVE('',#6432,#5761,#1914,.T.);
#7921=EDGE_CURVE('',#6433,#5760,#1915,.T.);
#7922=EDGE_CURVE('',#6431,#6433,#1916,.T.);
#7923=EDGE_CURVE('',#6434,#5762,#1917,.T.);
#7924=EDGE_CURVE('',#6433,#6434,#1918,.T.);
#7925=EDGE_CURVE('',#6434,#6432,#1919,.T.);
#7926=EDGE_CURVE('',#6435,#5763,#1920,.T.);
#7927=EDGE_CURVE('',#6436,#6435,#1921,.T.);
#7928=EDGE_CURVE('',#6436,#5765,#1922,.T.);
#7929=EDGE_CURVE('',#6437,#5764,#1923,.T.);
#7930=EDGE_CURVE('',#6435,#6437,#1924,.T.);
#7931=EDGE_CURVE('',#6438,#5766,#1925,.T.);
#7932=EDGE_CURVE('',#6437,#6438,#1926,.T.);
#7933=EDGE_CURVE('',#6438,#6436,#1927,.T.);
#7934=EDGE_CURVE('',#6439,#5767,#1928,.T.);
#7935=EDGE_CURVE('',#6440,#6439,#1929,.T.);
#7936=EDGE_CURVE('',#6440,#5769,#1930,.T.);
#7937=EDGE_CURVE('',#6441,#5768,#1931,.T.);
#7938=EDGE_CURVE('',#6439,#6441,#1932,.T.);
#7939=EDGE_CURVE('',#6442,#5770,#1933,.T.);
#7940=EDGE_CURVE('',#6441,#6442,#1934,.T.);
#7941=EDGE_CURVE('',#6442,#6440,#1935,.T.);
#7942=EDGE_CURVE('',#6443,#5771,#1936,.T.);
#7943=EDGE_CURVE('',#6444,#6443,#1937,.T.);
#7944=EDGE_CURVE('',#6444,#5773,#1938,.T.);
#7945=EDGE_CURVE('',#6445,#5772,#1939,.T.);
#7946=EDGE_CURVE('',#6443,#6445,#1940,.T.);
#7947=EDGE_CURVE('',#6446,#5774,#1941,.T.);
#7948=EDGE_CURVE('',#6445,#6446,#1942,.T.);
#7949=EDGE_CURVE('',#6446,#6444,#1943,.T.);
#7950=EDGE_CURVE('',#6447,#5775,#1944,.T.);
#7951=EDGE_CURVE('',#6448,#6447,#1945,.T.);
#7952=EDGE_CURVE('',#6448,#5777,#1946,.T.);
#7953=EDGE_CURVE('',#6449,#5776,#1947,.T.);
#7954=EDGE_CURVE('',#6447,#6449,#1948,.T.);
#7955=EDGE_CURVE('',#6450,#5778,#1949,.T.);
#7956=EDGE_CURVE('',#6449,#6450,#1950,.T.);
#7957=EDGE_CURVE('',#6450,#6448,#1951,.T.);
#7958=EDGE_CURVE('',#6451,#5779,#1952,.T.);
#7959=EDGE_CURVE('',#6452,#6451,#1953,.T.);
#7960=EDGE_CURVE('',#6452,#5781,#1954,.T.);
#7961=EDGE_CURVE('',#6453,#5780,#1955,.T.);
#7962=EDGE_CURVE('',#6451,#6453,#1956,.T.);
#7963=EDGE_CURVE('',#6454,#5782,#1957,.T.);
#7964=EDGE_CURVE('',#6453,#6454,#1958,.T.);
#7965=EDGE_CURVE('',#6454,#6452,#1959,.T.);
#7966=EDGE_CURVE('',#6455,#5783,#1960,.T.);
#7967=EDGE_CURVE('',#6456,#6455,#1961,.T.);
#7968=EDGE_CURVE('',#6456,#5785,#1962,.T.);
#7969=EDGE_CURVE('',#6457,#5784,#1963,.T.);
#7970=EDGE_CURVE('',#6455,#6457,#1964,.T.);
#7971=EDGE_CURVE('',#6458,#5786,#1965,.T.);
#7972=EDGE_CURVE('',#6457,#6458,#1966,.T.);
#7973=EDGE_CURVE('',#6458,#6456,#1967,.T.);
#7974=EDGE_CURVE('',#6459,#5787,#1968,.T.);
#7975=EDGE_CURVE('',#6460,#6459,#1969,.T.);
#7976=EDGE_CURVE('',#6460,#5789,#1970,.T.);
#7977=EDGE_CURVE('',#6461,#5788,#1971,.T.);
#7978=EDGE_CURVE('',#6459,#6461,#1972,.T.);
#7979=EDGE_CURVE('',#6462,#5790,#1973,.T.);
#7980=EDGE_CURVE('',#6461,#6462,#1974,.T.);
#7981=EDGE_CURVE('',#6462,#6460,#1975,.T.);
#7982=EDGE_CURVE('',#6463,#5791,#1976,.T.);
#7983=EDGE_CURVE('',#6464,#6463,#1977,.T.);
#7984=EDGE_CURVE('',#6464,#5793,#1978,.T.);
#7985=EDGE_CURVE('',#6465,#5792,#1979,.T.);
#7986=EDGE_CURVE('',#6463,#6465,#1980,.T.);
#7987=EDGE_CURVE('',#6466,#5794,#1981,.T.);
#7988=EDGE_CURVE('',#6465,#6466,#1982,.T.);
#7989=EDGE_CURVE('',#6466,#6464,#1983,.T.);
#7990=EDGE_CURVE('',#6467,#5795,#1984,.T.);
#7991=EDGE_CURVE('',#6468,#6467,#1985,.T.);
#7992=EDGE_CURVE('',#6468,#5797,#1986,.T.);
#7993=EDGE_CURVE('',#6469,#5796,#1987,.T.);
#7994=EDGE_CURVE('',#6467,#6469,#1988,.T.);
#7995=EDGE_CURVE('',#6470,#5798,#1989,.T.);
#7996=EDGE_CURVE('',#6469,#6470,#1990,.T.);
#7997=EDGE_CURVE('',#6470,#6468,#1991,.T.);
#7998=EDGE_CURVE('',#6471,#5799,#1992,.T.);
#7999=EDGE_CURVE('',#6472,#6471,#1993,.T.);
#8000=EDGE_CURVE('',#6472,#5801,#1994,.T.);
#8001=EDGE_CURVE('',#6473,#5800,#1995,.T.);
#8002=EDGE_CURVE('',#6471,#6473,#1996,.T.);
#8003=EDGE_CURVE('',#6474,#5802,#1997,.T.);
#8004=EDGE_CURVE('',#6473,#6474,#1998,.T.);
#8005=EDGE_CURVE('',#6474,#6472,#1999,.T.);
#8006=EDGE_CURVE('',#6475,#5803,#2000,.T.);
#8007=EDGE_CURVE('',#6476,#6475,#2001,.T.);
#8008=EDGE_CURVE('',#6476,#5805,#2002,.T.);
#8009=EDGE_CURVE('',#6477,#5804,#2003,.T.);
#8010=EDGE_CURVE('',#6475,#6477,#2004,.T.);
#8011=EDGE_CURVE('',#6478,#5806,#2005,.T.);
#8012=EDGE_CURVE('',#6477,#6478,#2006,.T.);
#8013=EDGE_CURVE('',#6478,#6476,#2007,.T.);
#8014=EDGE_CURVE('',#6479,#5807,#2008,.T.);
#8015=EDGE_CURVE('',#6480,#6479,#2009,.T.);
#8016=EDGE_CURVE('',#6480,#5809,#2010,.T.);
#8017=EDGE_CURVE('',#6481,#5808,#2011,.T.);
#8018=EDGE_CURVE('',#6479,#6481,#2012,.T.);
#8019=EDGE_CURVE('',#6482,#5810,#2013,.T.);
#8020=EDGE_CURVE('',#6481,#6482,#2014,.T.);
#8021=EDGE_CURVE('',#6482,#6480,#2015,.T.);
#8022=EDGE_CURVE('',#6483,#5811,#2016,.T.);
#8023=EDGE_CURVE('',#6484,#6483,#2017,.T.);
#8024=EDGE_CURVE('',#6484,#5813,#2018,.T.);
#8025=EDGE_CURVE('',#6485,#5812,#2019,.T.);
#8026=EDGE_CURVE('',#6483,#6485,#2020,.T.);
#8027=EDGE_CURVE('',#6486,#5814,#2021,.T.);
#8028=EDGE_CURVE('',#6485,#6486,#2022,.T.);
#8029=EDGE_CURVE('',#6486,#6484,#2023,.T.);
#8030=EDGE_CURVE('',#6487,#5815,#2024,.T.);
#8031=EDGE_CURVE('',#6488,#6487,#2025,.T.);
#8032=EDGE_CURVE('',#6488,#5817,#2026,.T.);
#8033=EDGE_CURVE('',#6489,#5816,#2027,.T.);
#8034=EDGE_CURVE('',#6487,#6489,#2028,.T.);
#8035=EDGE_CURVE('',#6490,#5818,#2029,.T.);
#8036=EDGE_CURVE('',#6489,#6490,#2030,.T.);
#8037=EDGE_CURVE('',#6490,#6488,#2031,.T.);
#8038=EDGE_CURVE('',#6491,#5819,#2032,.T.);
#8039=EDGE_CURVE('',#6492,#6491,#2033,.T.);
#8040=EDGE_CURVE('',#6492,#5821,#2034,.T.);
#8041=EDGE_CURVE('',#6493,#5820,#2035,.T.);
#8042=EDGE_CURVE('',#6491,#6493,#2036,.T.);
#8043=EDGE_CURVE('',#6494,#5822,#2037,.T.);
#8044=EDGE_CURVE('',#6493,#6494,#2038,.T.);
#8045=EDGE_CURVE('',#6494,#6492,#2039,.T.);
#8046=EDGE_CURVE('',#6495,#5823,#2040,.T.);
#8047=EDGE_CURVE('',#6496,#6495,#2041,.T.);
#8048=EDGE_CURVE('',#6496,#5825,#2042,.T.);
#8049=EDGE_CURVE('',#6497,#5824,#2043,.T.);
#8050=EDGE_CURVE('',#6495,#6497,#2044,.T.);
#8051=EDGE_CURVE('',#6498,#5826,#2045,.T.);
#8052=EDGE_CURVE('',#6497,#6498,#2046,.T.);
#8053=EDGE_CURVE('',#6498,#6496,#2047,.T.);
#8054=EDGE_CURVE('',#6499,#5827,#2048,.T.);
#8055=EDGE_CURVE('',#6500,#6499,#2049,.T.);
#8056=EDGE_CURVE('',#6500,#5829,#2050,.T.);
#8057=EDGE_CURVE('',#6501,#5828,#2051,.T.);
#8058=EDGE_CURVE('',#6499,#6501,#2052,.T.);
#8059=EDGE_CURVE('',#6502,#5830,#2053,.T.);
#8060=EDGE_CURVE('',#6501,#6502,#2054,.T.);
#8061=EDGE_CURVE('',#6502,#6500,#2055,.T.);
#8062=EDGE_CURVE('',#6503,#5831,#2056,.T.);
#8063=EDGE_CURVE('',#6504,#6503,#2057,.T.);
#8064=EDGE_CURVE('',#6504,#5833,#2058,.T.);
#8065=EDGE_CURVE('',#6505,#5832,#2059,.T.);
#8066=EDGE_CURVE('',#6503,#6505,#2060,.T.);
#8067=EDGE_CURVE('',#6506,#5834,#2061,.T.);
#8068=EDGE_CURVE('',#6505,#6506,#2062,.T.);
#8069=EDGE_CURVE('',#6506,#6504,#2063,.T.);
#8070=EDGE_CURVE('',#6507,#5835,#2064,.T.);
#8071=EDGE_CURVE('',#6508,#6507,#2065,.T.);
#8072=EDGE_CURVE('',#6508,#5837,#2066,.T.);
#8073=EDGE_CURVE('',#6509,#5836,#2067,.T.);
#8074=EDGE_CURVE('',#6507,#6509,#2068,.T.);
#8075=EDGE_CURVE('',#6510,#5838,#2069,.T.);
#8076=EDGE_CURVE('',#6509,#6510,#2070,.T.);
#8077=EDGE_CURVE('',#6510,#6508,#2071,.T.);
#8078=EDGE_CURVE('',#6511,#5839,#2072,.T.);
#8079=EDGE_CURVE('',#6512,#6511,#2073,.T.);
#8080=EDGE_CURVE('',#6512,#5841,#2074,.T.);
#8081=EDGE_CURVE('',#6513,#5840,#2075,.T.);
#8082=EDGE_CURVE('',#6511,#6513,#2076,.T.);
#8083=EDGE_CURVE('',#6514,#5842,#2077,.T.);
#8084=EDGE_CURVE('',#6513,#6514,#2078,.T.);
#8085=EDGE_CURVE('',#6514,#6512,#2079,.T.);
#8086=EDGE_CURVE('',#6515,#5843,#2080,.T.);
#8087=EDGE_CURVE('',#6516,#6515,#2081,.T.);
#8088=EDGE_CURVE('',#6516,#5845,#2082,.T.);
#8089=EDGE_CURVE('',#6517,#5844,#2083,.T.);
#8090=EDGE_CURVE('',#6515,#6517,#2084,.T.);
#8091=EDGE_CURVE('',#6518,#5846,#2085,.T.);
#8092=EDGE_CURVE('',#6517,#6518,#2086,.T.);
#8093=EDGE_CURVE('',#6518,#6516,#2087,.T.);
#8094=EDGE_CURVE('',#6519,#5847,#2088,.T.);
#8095=EDGE_CURVE('',#6520,#6519,#2089,.T.);
#8096=EDGE_CURVE('',#6520,#5849,#2090,.T.);
#8097=EDGE_CURVE('',#6521,#5848,#2091,.T.);
#8098=EDGE_CURVE('',#6519,#6521,#2092,.T.);
#8099=EDGE_CURVE('',#6522,#5850,#2093,.T.);
#8100=EDGE_CURVE('',#6521,#6522,#2094,.T.);
#8101=EDGE_CURVE('',#6522,#6520,#2095,.T.);
#8102=EDGE_CURVE('',#6523,#5851,#2096,.T.);
#8103=EDGE_CURVE('',#6524,#6523,#2097,.T.);
#8104=EDGE_CURVE('',#6524,#5853,#2098,.T.);
#8105=EDGE_CURVE('',#6525,#5852,#2099,.T.);
#8106=EDGE_CURVE('',#6523,#6525,#2100,.T.);
#8107=EDGE_CURVE('',#6526,#5854,#2101,.T.);
#8108=EDGE_CURVE('',#6525,#6526,#2102,.T.);
#8109=EDGE_CURVE('',#6526,#6524,#2103,.T.);
#8110=EDGE_CURVE('',#6527,#5855,#2104,.T.);
#8111=EDGE_CURVE('',#6528,#6527,#2105,.T.);
#8112=EDGE_CURVE('',#6528,#5857,#2106,.T.);
#8113=EDGE_CURVE('',#6529,#5856,#2107,.T.);
#8114=EDGE_CURVE('',#6527,#6529,#2108,.T.);
#8115=EDGE_CURVE('',#6530,#5858,#2109,.T.);
#8116=EDGE_CURVE('',#6529,#6530,#2110,.T.);
#8117=EDGE_CURVE('',#6530,#6528,#2111,.T.);
#8118=EDGE_CURVE('',#6531,#5859,#2112,.T.);
#8119=EDGE_CURVE('',#6532,#6531,#2113,.T.);
#8120=EDGE_CURVE('',#6532,#5861,#2114,.T.);
#8121=EDGE_CURVE('',#6533,#5860,#2115,.T.);
#8122=EDGE_CURVE('',#6531,#6533,#2116,.T.);
#8123=EDGE_CURVE('',#6534,#5862,#2117,.T.);
#8124=EDGE_CURVE('',#6533,#6534,#2118,.T.);
#8125=EDGE_CURVE('',#6534,#6532,#2119,.T.);
#8126=EDGE_CURVE('',#6535,#5863,#2120,.T.);
#8127=EDGE_CURVE('',#6536,#6535,#2121,.T.);
#8128=EDGE_CURVE('',#6536,#5865,#2122,.T.);
#8129=EDGE_CURVE('',#6537,#5864,#2123,.T.);
#8130=EDGE_CURVE('',#6535,#6537,#2124,.T.);
#8131=EDGE_CURVE('',#6538,#5866,#2125,.T.);
#8132=EDGE_CURVE('',#6537,#6538,#2126,.T.);
#8133=EDGE_CURVE('',#6538,#6536,#2127,.T.);
#8134=EDGE_CURVE('',#6539,#5867,#2128,.T.);
#8135=EDGE_CURVE('',#6540,#6539,#2129,.T.);
#8136=EDGE_CURVE('',#6540,#5869,#2130,.T.);
#8137=EDGE_CURVE('',#6541,#5868,#2131,.T.);
#8138=EDGE_CURVE('',#6539,#6541,#2132,.T.);
#8139=EDGE_CURVE('',#6542,#5870,#2133,.T.);
#8140=EDGE_CURVE('',#6541,#6542,#2134,.T.);
#8141=EDGE_CURVE('',#6542,#6540,#2135,.T.);
#8142=EDGE_CURVE('',#6543,#5871,#2136,.T.);
#8143=EDGE_CURVE('',#6544,#6543,#2137,.T.);
#8144=EDGE_CURVE('',#6544,#5873,#2138,.T.);
#8145=EDGE_CURVE('',#6545,#5872,#2139,.T.);
#8146=EDGE_CURVE('',#6543,#6545,#2140,.T.);
#8147=EDGE_CURVE('',#6546,#5874,#2141,.T.);
#8148=EDGE_CURVE('',#6545,#6546,#2142,.T.);
#8149=EDGE_CURVE('',#6546,#6544,#2143,.T.);
#8150=EDGE_CURVE('',#6547,#5875,#2144,.T.);
#8151=EDGE_CURVE('',#6548,#6547,#2145,.T.);
#8152=EDGE_CURVE('',#6548,#5877,#2146,.T.);
#8153=EDGE_CURVE('',#6549,#5876,#2147,.T.);
#8154=EDGE_CURVE('',#6547,#6549,#2148,.T.);
#8155=EDGE_CURVE('',#6550,#5878,#2149,.T.);
#8156=EDGE_CURVE('',#6549,#6550,#2150,.T.);
#8157=EDGE_CURVE('',#6550,#6548,#2151,.T.);
#8158=EDGE_CURVE('',#6551,#5879,#2152,.T.);
#8159=EDGE_CURVE('',#6552,#6551,#2153,.T.);
#8160=EDGE_CURVE('',#6552,#5881,#2154,.T.);
#8161=EDGE_CURVE('',#6553,#5880,#2155,.T.);
#8162=EDGE_CURVE('',#6551,#6553,#2156,.T.);
#8163=EDGE_CURVE('',#6554,#5882,#2157,.T.);
#8164=EDGE_CURVE('',#6553,#6554,#2158,.T.);
#8165=EDGE_CURVE('',#6554,#6552,#2159,.T.);
#8166=EDGE_CURVE('',#6555,#5883,#2160,.T.);
#8167=EDGE_CURVE('',#6556,#6555,#2161,.T.);
#8168=EDGE_CURVE('',#6556,#5885,#2162,.T.);
#8169=EDGE_CURVE('',#6557,#5884,#2163,.T.);
#8170=EDGE_CURVE('',#6555,#6557,#2164,.T.);
#8171=EDGE_CURVE('',#6558,#5886,#2165,.T.);
#8172=EDGE_CURVE('',#6557,#6558,#2166,.T.);
#8173=EDGE_CURVE('',#6558,#6556,#2167,.T.);
#8174=EDGE_CURVE('',#6559,#5887,#2168,.T.);
#8175=EDGE_CURVE('',#6560,#6559,#2169,.T.);
#8176=EDGE_CURVE('',#6560,#5889,#2170,.T.);
#8177=EDGE_CURVE('',#6561,#5888,#2171,.T.);
#8178=EDGE_CURVE('',#6559,#6561,#2172,.T.);
#8179=EDGE_CURVE('',#6562,#5890,#2173,.T.);
#8180=EDGE_CURVE('',#6561,#6562,#2174,.T.);
#8181=EDGE_CURVE('',#6562,#6560,#2175,.T.);
#8182=EDGE_CURVE('',#6563,#5891,#2176,.T.);
#8183=EDGE_CURVE('',#6564,#6563,#2177,.T.);
#8184=EDGE_CURVE('',#6564,#5893,#2178,.T.);
#8185=EDGE_CURVE('',#6565,#5892,#2179,.T.);
#8186=EDGE_CURVE('',#6563,#6565,#2180,.T.);
#8187=EDGE_CURVE('',#6566,#5894,#2181,.T.);
#8188=EDGE_CURVE('',#6565,#6566,#2182,.T.);
#8189=EDGE_CURVE('',#6566,#6564,#2183,.T.);
#8190=EDGE_CURVE('',#6567,#5895,#2184,.T.);
#8191=EDGE_CURVE('',#6568,#6567,#2185,.T.);
#8192=EDGE_CURVE('',#6568,#5897,#2186,.T.);
#8193=EDGE_CURVE('',#6569,#5896,#2187,.T.);
#8194=EDGE_CURVE('',#6567,#6569,#2188,.T.);
#8195=EDGE_CURVE('',#6570,#5898,#2189,.T.);
#8196=EDGE_CURVE('',#6569,#6570,#2190,.T.);
#8197=EDGE_CURVE('',#6570,#6568,#2191,.T.);
#8198=EDGE_CURVE('',#6571,#5899,#2192,.T.);
#8199=EDGE_CURVE('',#6572,#6571,#2193,.T.);
#8200=EDGE_CURVE('',#6572,#5901,#2194,.T.);
#8201=EDGE_CURVE('',#6573,#5900,#2195,.T.);
#8202=EDGE_CURVE('',#6571,#6573,#2196,.T.);
#8203=EDGE_CURVE('',#6574,#5902,#2197,.T.);
#8204=EDGE_CURVE('',#6573,#6574,#2198,.T.);
#8205=EDGE_CURVE('',#6574,#6572,#2199,.T.);
#8206=EDGE_CURVE('',#6575,#5903,#2200,.T.);
#8207=EDGE_CURVE('',#6576,#6575,#2201,.T.);
#8208=EDGE_CURVE('',#6576,#5905,#2202,.T.);
#8209=EDGE_CURVE('',#6577,#5904,#2203,.T.);
#8210=EDGE_CURVE('',#6575,#6577,#2204,.T.);
#8211=EDGE_CURVE('',#6578,#5906,#2205,.T.);
#8212=EDGE_CURVE('',#6577,#6578,#2206,.T.);
#8213=EDGE_CURVE('',#6578,#6576,#2207,.T.);
#8214=EDGE_CURVE('',#6579,#5907,#2208,.T.);
#8215=EDGE_CURVE('',#6580,#6579,#2209,.T.);
#8216=EDGE_CURVE('',#6580,#5909,#2210,.T.);
#8217=EDGE_CURVE('',#6581,#5908,#2211,.T.);
#8218=EDGE_CURVE('',#6579,#6581,#2212,.T.);
#8219=EDGE_CURVE('',#6582,#5910,#2213,.T.);
#8220=EDGE_CURVE('',#6581,#6582,#2214,.T.);
#8221=EDGE_CURVE('',#6582,#6580,#2215,.T.);
#8222=EDGE_CURVE('',#6583,#5911,#2216,.T.);
#8223=EDGE_CURVE('',#6584,#6583,#2217,.T.);
#8224=EDGE_CURVE('',#6584,#5913,#2218,.T.);
#8225=EDGE_CURVE('',#6585,#5912,#2219,.T.);
#8226=EDGE_CURVE('',#6583,#6585,#2220,.T.);
#8227=EDGE_CURVE('',#6586,#5914,#2221,.T.);
#8228=EDGE_CURVE('',#6585,#6586,#2222,.T.);
#8229=EDGE_CURVE('',#6586,#6584,#2223,.T.);
#8230=EDGE_CURVE('',#6587,#5915,#2224,.T.);
#8231=EDGE_CURVE('',#6588,#6587,#2225,.T.);
#8232=EDGE_CURVE('',#6588,#5917,#2226,.T.);
#8233=EDGE_CURVE('',#6589,#5916,#2227,.T.);
#8234=EDGE_CURVE('',#6587,#6589,#2228,.T.);
#8235=EDGE_CURVE('',#6590,#5918,#2229,.T.);
#8236=EDGE_CURVE('',#6589,#6590,#2230,.T.);
#8237=EDGE_CURVE('',#6590,#6588,#2231,.T.);
#8238=EDGE_CURVE('',#6591,#5919,#2232,.T.);
#8239=EDGE_CURVE('',#6592,#6591,#2233,.T.);
#8240=EDGE_CURVE('',#6592,#5921,#2234,.T.);
#8241=EDGE_CURVE('',#6593,#5920,#2235,.T.);
#8242=EDGE_CURVE('',#6591,#6593,#2236,.T.);
#8243=EDGE_CURVE('',#6594,#5922,#2237,.T.);
#8244=EDGE_CURVE('',#6593,#6594,#2238,.T.);
#8245=EDGE_CURVE('',#6594,#6592,#2239,.T.);
#8246=EDGE_CURVE('',#6595,#5923,#2240,.T.);
#8247=EDGE_CURVE('',#6596,#6595,#2241,.T.);
#8248=EDGE_CURVE('',#6596,#5925,#2242,.T.);
#8249=EDGE_CURVE('',#6597,#5924,#2243,.T.);
#8250=EDGE_CURVE('',#6595,#6597,#2244,.T.);
#8251=EDGE_CURVE('',#6598,#5926,#2245,.T.);
#8252=EDGE_CURVE('',#6597,#6598,#2246,.T.);
#8253=EDGE_CURVE('',#6598,#6596,#2247,.T.);
#8254=EDGE_CURVE('',#6599,#5927,#2248,.T.);
#8255=EDGE_CURVE('',#6600,#6599,#2249,.T.);
#8256=EDGE_CURVE('',#6600,#5929,#2250,.T.);
#8257=EDGE_CURVE('',#6601,#5928,#2251,.T.);
#8258=EDGE_CURVE('',#6599,#6601,#2252,.T.);
#8259=EDGE_CURVE('',#6602,#5930,#2253,.T.);
#8260=EDGE_CURVE('',#6601,#6602,#2254,.T.);
#8261=EDGE_CURVE('',#6602,#6600,#2255,.T.);
#8262=ORIENTED_EDGE('',*,*,#6603,.F.);
#8263=ORIENTED_EDGE('',*,*,#6604,.T.);
#8264=ORIENTED_EDGE('',*,*,#6605,.T.);
#8265=ORIENTED_EDGE('',*,*,#6604,.F.);
#8266=ORIENTED_EDGE('',*,*,#6606,.F.);
#8267=ORIENTED_EDGE('',*,*,#6607,.T.);
#8268=ORIENTED_EDGE('',*,*,#6608,.T.);
#8269=ORIENTED_EDGE('',*,*,#6607,.F.);
#8270=ORIENTED_EDGE('',*,*,#6609,.F.);
#8271=ORIENTED_EDGE('',*,*,#6610,.T.);
#8272=ORIENTED_EDGE('',*,*,#6611,.T.);
#8273=ORIENTED_EDGE('',*,*,#6610,.F.);
#8274=ORIENTED_EDGE('',*,*,#6612,.F.);
#8275=ORIENTED_EDGE('',*,*,#6613,.T.);
#8276=ORIENTED_EDGE('',*,*,#6614,.T.);
#8277=ORIENTED_EDGE('',*,*,#6613,.F.);
#8278=ORIENTED_EDGE('',*,*,#6615,.T.);
#8279=ORIENTED_EDGE('',*,*,#6616,.T.);
#8280=ORIENTED_EDGE('',*,*,#6617,.F.);
#8281=ORIENTED_EDGE('',*,*,#6616,.F.);
#8282=ORIENTED_EDGE('',*,*,#6618,.F.);
#8283=ORIENTED_EDGE('',*,*,#6619,.T.);
#8284=ORIENTED_EDGE('',*,*,#6620,.T.);
#8285=ORIENTED_EDGE('',*,*,#6619,.F.);
#8286=ORIENTED_EDGE('',*,*,#6621,.F.);
#8287=ORIENTED_EDGE('',*,*,#6622,.T.);
#8288=ORIENTED_EDGE('',*,*,#6623,.T.);
#8289=ORIENTED_EDGE('',*,*,#6622,.F.);
#8290=ORIENTED_EDGE('',*,*,#6624,.T.);
#8291=ORIENTED_EDGE('',*,*,#6625,.T.);
#8292=ORIENTED_EDGE('',*,*,#6626,.F.);
#8293=ORIENTED_EDGE('',*,*,#6625,.F.);
#8294=ORIENTED_EDGE('',*,*,#6627,.F.);
#8295=ORIENTED_EDGE('',*,*,#6628,.T.);
#8296=ORIENTED_EDGE('',*,*,#6629,.T.);
#8297=ORIENTED_EDGE('',*,*,#6628,.F.);
#8298=ORIENTED_EDGE('',*,*,#6630,.F.);
#8299=ORIENTED_EDGE('',*,*,#6631,.T.);
#8300=ORIENTED_EDGE('',*,*,#6632,.T.);
#8301=ORIENTED_EDGE('',*,*,#6631,.F.);
#8302=ORIENTED_EDGE('',*,*,#6633,.T.);
#8303=ORIENTED_EDGE('',*,*,#6634,.T.);
#8304=ORIENTED_EDGE('',*,*,#6635,.F.);
#8305=ORIENTED_EDGE('',*,*,#6634,.F.);
#8306=ORIENTED_EDGE('',*,*,#6636,.F.);
#8307=ORIENTED_EDGE('',*,*,#6637,.T.);
#8308=ORIENTED_EDGE('',*,*,#6638,.T.);
#8309=ORIENTED_EDGE('',*,*,#6637,.F.);
#8310=ORIENTED_EDGE('',*,*,#6639,.F.);
#8311=ORIENTED_EDGE('',*,*,#6640,.T.);
#8312=ORIENTED_EDGE('',*,*,#6641,.T.);
#8313=ORIENTED_EDGE('',*,*,#6640,.F.);
#8314=ORIENTED_EDGE('',*,*,#6642,.T.);
#8315=ORIENTED_EDGE('',*,*,#6643,.T.);
#8316=ORIENTED_EDGE('',*,*,#6644,.F.);
#8317=ORIENTED_EDGE('',*,*,#6643,.F.);
#8318=ORIENTED_EDGE('',*,*,#6645,.F.);
#8319=ORIENTED_EDGE('',*,*,#6646,.T.);
#8320=ORIENTED_EDGE('',*,*,#6647,.T.);
#8321=ORIENTED_EDGE('',*,*,#6646,.F.);
#8322=ORIENTED_EDGE('',*,*,#6648,.F.);
#8323=ORIENTED_EDGE('',*,*,#6649,.T.);
#8324=ORIENTED_EDGE('',*,*,#6650,.T.);
#8325=ORIENTED_EDGE('',*,*,#6649,.F.);
#8326=ORIENTED_EDGE('',*,*,#6651,.T.);
#8327=ORIENTED_EDGE('',*,*,#6652,.T.);
#8328=ORIENTED_EDGE('',*,*,#6653,.F.);
#8329=ORIENTED_EDGE('',*,*,#6652,.F.);
#8330=ORIENTED_EDGE('',*,*,#6654,.F.);
#8331=ORIENTED_EDGE('',*,*,#6655,.T.);
#8332=ORIENTED_EDGE('',*,*,#6656,.T.);
#8333=ORIENTED_EDGE('',*,*,#6655,.F.);
#8334=ORIENTED_EDGE('',*,*,#6657,.F.);
#8335=ORIENTED_EDGE('',*,*,#6658,.T.);
#8336=ORIENTED_EDGE('',*,*,#6659,.T.);
#8337=ORIENTED_EDGE('',*,*,#6658,.F.);
#8338=ORIENTED_EDGE('',*,*,#6660,.T.);
#8339=ORIENTED_EDGE('',*,*,#6661,.T.);
#8340=ORIENTED_EDGE('',*,*,#6662,.F.);
#8341=ORIENTED_EDGE('',*,*,#6661,.F.);
#8342=ORIENTED_EDGE('',*,*,#6663,.F.);
#8343=ORIENTED_EDGE('',*,*,#6664,.T.);
#8344=ORIENTED_EDGE('',*,*,#6665,.T.);
#8345=ORIENTED_EDGE('',*,*,#6664,.F.);
#8346=ORIENTED_EDGE('',*,*,#6666,.F.);
#8347=ORIENTED_EDGE('',*,*,#6667,.T.);
#8348=ORIENTED_EDGE('',*,*,#6668,.T.);
#8349=ORIENTED_EDGE('',*,*,#6667,.F.);
#8350=ORIENTED_EDGE('',*,*,#6669,.T.);
#8351=ORIENTED_EDGE('',*,*,#6670,.T.);
#8352=ORIENTED_EDGE('',*,*,#6671,.F.);
#8353=ORIENTED_EDGE('',*,*,#6670,.F.);
#8354=ORIENTED_EDGE('',*,*,#6672,.F.);
#8355=ORIENTED_EDGE('',*,*,#6673,.T.);
#8356=ORIENTED_EDGE('',*,*,#6674,.T.);
#8357=ORIENTED_EDGE('',*,*,#6673,.F.);
#8358=ORIENTED_EDGE('',*,*,#6675,.F.);
#8359=ORIENTED_EDGE('',*,*,#6676,.T.);
#8360=ORIENTED_EDGE('',*,*,#6677,.T.);
#8361=ORIENTED_EDGE('',*,*,#6676,.F.);
#8362=ORIENTED_EDGE('',*,*,#6678,.T.);
#8363=ORIENTED_EDGE('',*,*,#6679,.T.);
#8364=ORIENTED_EDGE('',*,*,#6680,.F.);
#8365=ORIENTED_EDGE('',*,*,#6679,.F.);
#8366=ORIENTED_EDGE('',*,*,#6681,.F.);
#8367=ORIENTED_EDGE('',*,*,#6682,.T.);
#8368=ORIENTED_EDGE('',*,*,#6683,.T.);
#8369=ORIENTED_EDGE('',*,*,#6682,.F.);
#8370=ORIENTED_EDGE('',*,*,#6684,.T.);
#8371=ORIENTED_EDGE('',*,*,#6685,.T.);
#8372=ORIENTED_EDGE('',*,*,#6686,.F.);
#8373=ORIENTED_EDGE('',*,*,#6685,.F.);
#8374=ORIENTED_EDGE('',*,*,#6687,.F.);
#8375=ORIENTED_EDGE('',*,*,#6688,.T.);
#8376=ORIENTED_EDGE('',*,*,#6689,.T.);
#8377=ORIENTED_EDGE('',*,*,#6688,.F.);
#8378=ORIENTED_EDGE('',*,*,#6690,.T.);
#8379=ORIENTED_EDGE('',*,*,#6691,.T.);
#8380=ORIENTED_EDGE('',*,*,#6692,.F.);
#8381=ORIENTED_EDGE('',*,*,#6691,.F.);
#8382=ORIENTED_EDGE('',*,*,#6693,.F.);
#8383=ORIENTED_EDGE('',*,*,#6694,.T.);
#8384=ORIENTED_EDGE('',*,*,#6695,.T.);
#8385=ORIENTED_EDGE('',*,*,#6694,.F.);
#8386=ORIENTED_EDGE('',*,*,#6696,.F.);
#8387=ORIENTED_EDGE('',*,*,#6697,.T.);
#8388=ORIENTED_EDGE('',*,*,#6698,.T.);
#8389=ORIENTED_EDGE('',*,*,#6697,.F.);
#8390=ORIENTED_EDGE('',*,*,#6699,.T.);
#8391=ORIENTED_EDGE('',*,*,#6700,.T.);
#8392=ORIENTED_EDGE('',*,*,#6701,.F.);
#8393=ORIENTED_EDGE('',*,*,#6700,.F.);
#8394=ORIENTED_EDGE('',*,*,#6702,.F.);
#8395=ORIENTED_EDGE('',*,*,#6703,.T.);
#8396=ORIENTED_EDGE('',*,*,#6704,.T.);
#8397=ORIENTED_EDGE('',*,*,#6703,.F.);
#8398=ORIENTED_EDGE('',*,*,#6705,.T.);
#8399=ORIENTED_EDGE('',*,*,#6706,.T.);
#8400=ORIENTED_EDGE('',*,*,#6707,.F.);
#8401=ORIENTED_EDGE('',*,*,#6706,.F.);
#8402=ORIENTED_EDGE('',*,*,#6708,.F.);
#8403=ORIENTED_EDGE('',*,*,#6709,.T.);
#8404=ORIENTED_EDGE('',*,*,#6710,.T.);
#8405=ORIENTED_EDGE('',*,*,#6709,.F.);
#8406=ORIENTED_EDGE('',*,*,#6711,.T.);
#8407=ORIENTED_EDGE('',*,*,#6712,.T.);
#8408=ORIENTED_EDGE('',*,*,#6713,.F.);
#8409=ORIENTED_EDGE('',*,*,#6712,.F.);
#8410=ORIENTED_EDGE('',*,*,#6714,.F.);
#8411=ORIENTED_EDGE('',*,*,#6715,.T.);
#8412=ORIENTED_EDGE('',*,*,#6716,.T.);
#8413=ORIENTED_EDGE('',*,*,#6715,.F.);
#8414=ORIENTED_EDGE('',*,*,#6717,.T.);
#8415=ORIENTED_EDGE('',*,*,#6718,.T.);
#8416=ORIENTED_EDGE('',*,*,#6719,.F.);
#8417=ORIENTED_EDGE('',*,*,#6718,.F.);
#8418=ORIENTED_EDGE('',*,*,#6720,.T.);
#8419=ORIENTED_EDGE('',*,*,#6721,.T.);
#8420=ORIENTED_EDGE('',*,*,#6722,.F.);
#8421=ORIENTED_EDGE('',*,*,#6721,.F.);
#8422=ORIENTED_EDGE('',*,*,#6723,.T.);
#8423=ORIENTED_EDGE('',*,*,#6724,.T.);
#8424=ORIENTED_EDGE('',*,*,#6725,.F.);
#8425=ORIENTED_EDGE('',*,*,#6724,.F.);
#8426=ORIENTED_EDGE('',*,*,#6726,.T.);
#8427=ORIENTED_EDGE('',*,*,#6727,.T.);
#8428=ORIENTED_EDGE('',*,*,#6728,.F.);
#8429=ORIENTED_EDGE('',*,*,#6727,.F.);
#8430=ORIENTED_EDGE('',*,*,#6729,.T.);
#8431=ORIENTED_EDGE('',*,*,#6730,.T.);
#8432=ORIENTED_EDGE('',*,*,#6731,.F.);
#8433=ORIENTED_EDGE('',*,*,#6730,.F.);
#8434=ORIENTED_EDGE('',*,*,#6732,.T.);
#8435=ORIENTED_EDGE('',*,*,#6733,.T.);
#8436=ORIENTED_EDGE('',*,*,#6734,.F.);
#8437=ORIENTED_EDGE('',*,*,#6733,.F.);
#8438=ORIENTED_EDGE('',*,*,#6735,.T.);
#8439=ORIENTED_EDGE('',*,*,#6736,.T.);
#8440=ORIENTED_EDGE('',*,*,#6737,.F.);
#8441=ORIENTED_EDGE('',*,*,#6736,.F.);
#8442=ORIENTED_EDGE('',*,*,#6738,.T.);
#8443=ORIENTED_EDGE('',*,*,#6739,.T.);
#8444=ORIENTED_EDGE('',*,*,#6740,.T.);
#8445=ORIENTED_EDGE('',*,*,#6741,.T.);
#8446=ORIENTED_EDGE('',*,*,#6742,.T.);
#8447=ORIENTED_EDGE('',*,*,#6743,.T.);
#8448=ORIENTED_EDGE('',*,*,#6744,.T.);
#8449=ORIENTED_EDGE('',*,*,#6745,.T.);
#8450=ORIENTED_EDGE('',*,*,#6746,.F.);
#8451=ORIENTED_EDGE('',*,*,#6747,.F.);
#8452=ORIENTED_EDGE('',*,*,#6748,.F.);
#8453=ORIENTED_EDGE('',*,*,#6749,.F.);
#8454=ORIENTED_EDGE('',*,*,#6750,.F.);
#8455=ORIENTED_EDGE('',*,*,#6751,.F.);
#8456=ORIENTED_EDGE('',*,*,#6752,.F.);
#8457=ORIENTED_EDGE('',*,*,#6753,.F.);
#8458=ORIENTED_EDGE('',*,*,#6754,.F.);
#8459=ORIENTED_EDGE('',*,*,#6755,.F.);
#8460=ORIENTED_EDGE('',*,*,#6756,.F.);
#8461=ORIENTED_EDGE('',*,*,#6757,.F.);
#8462=ORIENTED_EDGE('',*,*,#6758,.F.);
#8463=ORIENTED_EDGE('',*,*,#6759,.F.);
#8464=ORIENTED_EDGE('',*,*,#6760,.F.);
#8465=ORIENTED_EDGE('',*,*,#6761,.F.);
#8466=ORIENTED_EDGE('',*,*,#6762,.F.);
#8467=ORIENTED_EDGE('',*,*,#6763,.F.);
#8468=ORIENTED_EDGE('',*,*,#6764,.F.);
#8469=ORIENTED_EDGE('',*,*,#6765,.F.);
#8470=ORIENTED_EDGE('',*,*,#6766,.F.);
#8471=ORIENTED_EDGE('',*,*,#6767,.F.);
#8472=ORIENTED_EDGE('',*,*,#6768,.F.);
#8473=ORIENTED_EDGE('',*,*,#6769,.F.);
#8474=ORIENTED_EDGE('',*,*,#6770,.F.);
#8475=ORIENTED_EDGE('',*,*,#6771,.F.);
#8476=ORIENTED_EDGE('',*,*,#6772,.F.);
#8477=ORIENTED_EDGE('',*,*,#6773,.F.);
#8478=ORIENTED_EDGE('',*,*,#6774,.F.);
#8479=ORIENTED_EDGE('',*,*,#6775,.F.);
#8480=ORIENTED_EDGE('',*,*,#6776,.F.);
#8481=ORIENTED_EDGE('',*,*,#6777,.F.);
#8482=ORIENTED_EDGE('',*,*,#6778,.F.);
#8483=ORIENTED_EDGE('',*,*,#6779,.F.);
#8484=ORIENTED_EDGE('',*,*,#6780,.F.);
#8485=ORIENTED_EDGE('',*,*,#6781,.F.);
#8486=ORIENTED_EDGE('',*,*,#6782,.F.);
#8487=ORIENTED_EDGE('',*,*,#6783,.F.);
#8488=ORIENTED_EDGE('',*,*,#6784,.F.);
#8489=ORIENTED_EDGE('',*,*,#6785,.F.);
#8490=ORIENTED_EDGE('',*,*,#6786,.F.);
#8491=ORIENTED_EDGE('',*,*,#6787,.F.);
#8492=ORIENTED_EDGE('',*,*,#6788,.F.);
#8493=ORIENTED_EDGE('',*,*,#6789,.F.);
#8494=ORIENTED_EDGE('',*,*,#6790,.F.);
#8495=ORIENTED_EDGE('',*,*,#6791,.F.);
#8496=ORIENTED_EDGE('',*,*,#6792,.F.);
#8497=ORIENTED_EDGE('',*,*,#6793,.F.);
#8498=ORIENTED_EDGE('',*,*,#6794,.F.);
#8499=ORIENTED_EDGE('',*,*,#6795,.F.);
#8500=ORIENTED_EDGE('',*,*,#6796,.F.);
#8501=ORIENTED_EDGE('',*,*,#6797,.F.);
#8502=ORIENTED_EDGE('',*,*,#6798,.F.);
#8503=ORIENTED_EDGE('',*,*,#6799,.F.);
#8504=ORIENTED_EDGE('',*,*,#6800,.F.);
#8505=ORIENTED_EDGE('',*,*,#6801,.F.);
#8506=ORIENTED_EDGE('',*,*,#6802,.F.);
#8507=ORIENTED_EDGE('',*,*,#6803,.F.);
#8508=ORIENTED_EDGE('',*,*,#6804,.F.);
#8509=ORIENTED_EDGE('',*,*,#6805,.F.);
#8510=ORIENTED_EDGE('',*,*,#6806,.F.);
#8511=ORIENTED_EDGE('',*,*,#6807,.F.);
#8512=ORIENTED_EDGE('',*,*,#6808,.F.);
#8513=ORIENTED_EDGE('',*,*,#6809,.F.);
#8514=ORIENTED_EDGE('',*,*,#6810,.F.);
#8515=ORIENTED_EDGE('',*,*,#6811,.F.);
#8516=ORIENTED_EDGE('',*,*,#6812,.F.);
#8517=ORIENTED_EDGE('',*,*,#6813,.F.);
#8518=ORIENTED_EDGE('',*,*,#6814,.F.);
#8519=ORIENTED_EDGE('',*,*,#6815,.F.);
#8520=ORIENTED_EDGE('',*,*,#6816,.F.);
#8521=ORIENTED_EDGE('',*,*,#6817,.F.);
#8522=ORIENTED_EDGE('',*,*,#6818,.F.);
#8523=ORIENTED_EDGE('',*,*,#6819,.F.);
#8524=ORIENTED_EDGE('',*,*,#6820,.F.);
#8525=ORIENTED_EDGE('',*,*,#6821,.F.);
#8526=ORIENTED_EDGE('',*,*,#6822,.F.);
#8527=ORIENTED_EDGE('',*,*,#6823,.F.);
#8528=ORIENTED_EDGE('',*,*,#6824,.F.);
#8529=ORIENTED_EDGE('',*,*,#6825,.F.);
#8530=ORIENTED_EDGE('',*,*,#6826,.F.);
#8531=ORIENTED_EDGE('',*,*,#6827,.F.);
#8532=ORIENTED_EDGE('',*,*,#6828,.F.);
#8533=ORIENTED_EDGE('',*,*,#6829,.F.);
#8534=ORIENTED_EDGE('',*,*,#6830,.F.);
#8535=ORIENTED_EDGE('',*,*,#6831,.F.);
#8536=ORIENTED_EDGE('',*,*,#6832,.F.);
#8537=ORIENTED_EDGE('',*,*,#6833,.F.);
#8538=ORIENTED_EDGE('',*,*,#6834,.F.);
#8539=ORIENTED_EDGE('',*,*,#6835,.F.);
#8540=ORIENTED_EDGE('',*,*,#6836,.F.);
#8541=ORIENTED_EDGE('',*,*,#6837,.F.);
#8542=ORIENTED_EDGE('',*,*,#6838,.F.);
#8543=ORIENTED_EDGE('',*,*,#6839,.F.);
#8544=ORIENTED_EDGE('',*,*,#6840,.F.);
#8545=ORIENTED_EDGE('',*,*,#6841,.F.);
#8546=ORIENTED_EDGE('',*,*,#6842,.F.);
#8547=ORIENTED_EDGE('',*,*,#6843,.F.);
#8548=ORIENTED_EDGE('',*,*,#6844,.F.);
#8549=ORIENTED_EDGE('',*,*,#6845,.F.);
#8550=ORIENTED_EDGE('',*,*,#6846,.F.);
#8551=ORIENTED_EDGE('',*,*,#6847,.F.);
#8552=ORIENTED_EDGE('',*,*,#6848,.F.);
#8553=ORIENTED_EDGE('',*,*,#6849,.F.);
#8554=ORIENTED_EDGE('',*,*,#6850,.F.);
#8555=ORIENTED_EDGE('',*,*,#6851,.F.);
#8556=ORIENTED_EDGE('',*,*,#6852,.F.);
#8557=ORIENTED_EDGE('',*,*,#6853,.F.);
#8558=ORIENTED_EDGE('',*,*,#6854,.F.);
#8559=ORIENTED_EDGE('',*,*,#6855,.F.);
#8560=ORIENTED_EDGE('',*,*,#6856,.F.);
#8561=ORIENTED_EDGE('',*,*,#6857,.F.);
#8562=ORIENTED_EDGE('',*,*,#6858,.F.);
#8563=ORIENTED_EDGE('',*,*,#6859,.F.);
#8564=ORIENTED_EDGE('',*,*,#6860,.F.);
#8565=ORIENTED_EDGE('',*,*,#6861,.F.);
#8566=ORIENTED_EDGE('',*,*,#6862,.F.);
#8567=ORIENTED_EDGE('',*,*,#6863,.F.);
#8568=ORIENTED_EDGE('',*,*,#6864,.F.);
#8569=ORIENTED_EDGE('',*,*,#6865,.F.);
#8570=ORIENTED_EDGE('',*,*,#6866,.F.);
#8571=ORIENTED_EDGE('',*,*,#6867,.F.);
#8572=ORIENTED_EDGE('',*,*,#6868,.F.);
#8573=ORIENTED_EDGE('',*,*,#6869,.F.);
#8574=ORIENTED_EDGE('',*,*,#6870,.F.);
#8575=ORIENTED_EDGE('',*,*,#6871,.F.);
#8576=ORIENTED_EDGE('',*,*,#6872,.F.);
#8577=ORIENTED_EDGE('',*,*,#6873,.F.);
#8578=ORIENTED_EDGE('',*,*,#6874,.F.);
#8579=ORIENTED_EDGE('',*,*,#6875,.F.);
#8580=ORIENTED_EDGE('',*,*,#6876,.F.);
#8581=ORIENTED_EDGE('',*,*,#6877,.F.);
#8582=ORIENTED_EDGE('',*,*,#6878,.F.);
#8583=ORIENTED_EDGE('',*,*,#6879,.F.);
#8584=ORIENTED_EDGE('',*,*,#6880,.F.);
#8585=ORIENTED_EDGE('',*,*,#6881,.F.);
#8586=ORIENTED_EDGE('',*,*,#6882,.F.);
#8587=ORIENTED_EDGE('',*,*,#6883,.F.);
#8588=ORIENTED_EDGE('',*,*,#6884,.F.);
#8589=ORIENTED_EDGE('',*,*,#6885,.F.);
#8590=ORIENTED_EDGE('',*,*,#6886,.F.);
#8591=ORIENTED_EDGE('',*,*,#6887,.F.);
#8592=ORIENTED_EDGE('',*,*,#6888,.F.);
#8593=ORIENTED_EDGE('',*,*,#6889,.F.);
#8594=ORIENTED_EDGE('',*,*,#6890,.F.);
#8595=ORIENTED_EDGE('',*,*,#6891,.F.);
#8596=ORIENTED_EDGE('',*,*,#6892,.F.);
#8597=ORIENTED_EDGE('',*,*,#6893,.F.);
#8598=ORIENTED_EDGE('',*,*,#6894,.F.);
#8599=ORIENTED_EDGE('',*,*,#6895,.F.);
#8600=ORIENTED_EDGE('',*,*,#6896,.F.);
#8601=ORIENTED_EDGE('',*,*,#6897,.F.);
#8602=ORIENTED_EDGE('',*,*,#6898,.F.);
#8603=ORIENTED_EDGE('',*,*,#6899,.F.);
#8604=ORIENTED_EDGE('',*,*,#6900,.F.);
#8605=ORIENTED_EDGE('',*,*,#6901,.F.);
#8606=ORIENTED_EDGE('',*,*,#6902,.F.);
#8607=ORIENTED_EDGE('',*,*,#6903,.F.);
#8608=ORIENTED_EDGE('',*,*,#6904,.F.);
#8609=ORIENTED_EDGE('',*,*,#6905,.F.);
#8610=ORIENTED_EDGE('',*,*,#6906,.F.);
#8611=ORIENTED_EDGE('',*,*,#6907,.F.);
#8612=ORIENTED_EDGE('',*,*,#6908,.F.);
#8613=ORIENTED_EDGE('',*,*,#6909,.F.);
#8614=ORIENTED_EDGE('',*,*,#6910,.F.);
#8615=ORIENTED_EDGE('',*,*,#6911,.F.);
#8616=ORIENTED_EDGE('',*,*,#6912,.F.);
#8617=ORIENTED_EDGE('',*,*,#6913,.F.);
#8618=ORIENTED_EDGE('',*,*,#6914,.F.);
#8619=ORIENTED_EDGE('',*,*,#6915,.F.);
#8620=ORIENTED_EDGE('',*,*,#6916,.F.);
#8621=ORIENTED_EDGE('',*,*,#6917,.F.);
#8622=ORIENTED_EDGE('',*,*,#6918,.F.);
#8623=ORIENTED_EDGE('',*,*,#6919,.F.);
#8624=ORIENTED_EDGE('',*,*,#6920,.F.);
#8625=ORIENTED_EDGE('',*,*,#6921,.F.);
#8626=ORIENTED_EDGE('',*,*,#6922,.F.);
#8627=ORIENTED_EDGE('',*,*,#6923,.F.);
#8628=ORIENTED_EDGE('',*,*,#6924,.F.);
#8629=ORIENTED_EDGE('',*,*,#6925,.F.);
#8630=ORIENTED_EDGE('',*,*,#6926,.F.);
#8631=ORIENTED_EDGE('',*,*,#6927,.F.);
#8632=ORIENTED_EDGE('',*,*,#6928,.F.);
#8633=ORIENTED_EDGE('',*,*,#6929,.F.);
#8634=ORIENTED_EDGE('',*,*,#6930,.F.);
#8635=ORIENTED_EDGE('',*,*,#6931,.F.);
#8636=ORIENTED_EDGE('',*,*,#6932,.F.);
#8637=ORIENTED_EDGE('',*,*,#6933,.F.);
#8638=ORIENTED_EDGE('',*,*,#6934,.F.);
#8639=ORIENTED_EDGE('',*,*,#6935,.F.);
#8640=ORIENTED_EDGE('',*,*,#6936,.F.);
#8641=ORIENTED_EDGE('',*,*,#6937,.F.);
#8642=ORIENTED_EDGE('',*,*,#6938,.F.);
#8643=ORIENTED_EDGE('',*,*,#6939,.F.);
#8644=ORIENTED_EDGE('',*,*,#6940,.F.);
#8645=ORIENTED_EDGE('',*,*,#6941,.F.);
#8646=ORIENTED_EDGE('',*,*,#6942,.F.);
#8647=ORIENTED_EDGE('',*,*,#6943,.F.);
#8648=ORIENTED_EDGE('',*,*,#6944,.F.);
#8649=ORIENTED_EDGE('',*,*,#6945,.F.);
#8650=ORIENTED_EDGE('',*,*,#6946,.F.);
#8651=ORIENTED_EDGE('',*,*,#6947,.F.);
#8652=ORIENTED_EDGE('',*,*,#6948,.F.);
#8653=ORIENTED_EDGE('',*,*,#6949,.F.);
#8654=ORIENTED_EDGE('',*,*,#6950,.F.);
#8655=ORIENTED_EDGE('',*,*,#6951,.F.);
#8656=ORIENTED_EDGE('',*,*,#6952,.F.);
#8657=ORIENTED_EDGE('',*,*,#6953,.F.);
#8658=ORIENTED_EDGE('',*,*,#6954,.F.);
#8659=ORIENTED_EDGE('',*,*,#6955,.F.);
#8660=ORIENTED_EDGE('',*,*,#6956,.F.);
#8661=ORIENTED_EDGE('',*,*,#6957,.F.);
#8662=ORIENTED_EDGE('',*,*,#6958,.F.);
#8663=ORIENTED_EDGE('',*,*,#6959,.F.);
#8664=ORIENTED_EDGE('',*,*,#6960,.F.);
#8665=ORIENTED_EDGE('',*,*,#6961,.F.);
#8666=ORIENTED_EDGE('',*,*,#6962,.F.);
#8667=ORIENTED_EDGE('',*,*,#6963,.F.);
#8668=ORIENTED_EDGE('',*,*,#6964,.F.);
#8669=ORIENTED_EDGE('',*,*,#6965,.F.);
#8670=ORIENTED_EDGE('',*,*,#6966,.F.);
#8671=ORIENTED_EDGE('',*,*,#6967,.F.);
#8672=ORIENTED_EDGE('',*,*,#6968,.F.);
#8673=ORIENTED_EDGE('',*,*,#6969,.F.);
#8674=ORIENTED_EDGE('',*,*,#6970,.F.);
#8675=ORIENTED_EDGE('',*,*,#6971,.F.);
#8676=ORIENTED_EDGE('',*,*,#6972,.F.);
#8677=ORIENTED_EDGE('',*,*,#6973,.F.);
#8678=ORIENTED_EDGE('',*,*,#6974,.F.);
#8679=ORIENTED_EDGE('',*,*,#6975,.F.);
#8680=ORIENTED_EDGE('',*,*,#6976,.F.);
#8681=ORIENTED_EDGE('',*,*,#6977,.F.);
#8682=ORIENTED_EDGE('',*,*,#6978,.F.);
#8683=ORIENTED_EDGE('',*,*,#6979,.F.);
#8684=ORIENTED_EDGE('',*,*,#6980,.F.);
#8685=ORIENTED_EDGE('',*,*,#6981,.F.);
#8686=ORIENTED_EDGE('',*,*,#6982,.F.);
#8687=ORIENTED_EDGE('',*,*,#6983,.F.);
#8688=ORIENTED_EDGE('',*,*,#6984,.F.);
#8689=ORIENTED_EDGE('',*,*,#6985,.F.);
#8690=ORIENTED_EDGE('',*,*,#6986,.F.);
#8691=ORIENTED_EDGE('',*,*,#6987,.F.);
#8692=ORIENTED_EDGE('',*,*,#6988,.F.);
#8693=ORIENTED_EDGE('',*,*,#6989,.F.);
#8694=ORIENTED_EDGE('',*,*,#6990,.F.);
#8695=ORIENTED_EDGE('',*,*,#6991,.F.);
#8696=ORIENTED_EDGE('',*,*,#6992,.F.);
#8697=ORIENTED_EDGE('',*,*,#6993,.F.);
#8698=ORIENTED_EDGE('',*,*,#6994,.F.);
#8699=ORIENTED_EDGE('',*,*,#6995,.F.);
#8700=ORIENTED_EDGE('',*,*,#6996,.F.);
#8701=ORIENTED_EDGE('',*,*,#6997,.F.);
#8702=ORIENTED_EDGE('',*,*,#6998,.F.);
#8703=ORIENTED_EDGE('',*,*,#6999,.F.);
#8704=ORIENTED_EDGE('',*,*,#7000,.F.);
#8705=ORIENTED_EDGE('',*,*,#7001,.F.);
#8706=ORIENTED_EDGE('',*,*,#7002,.F.);
#8707=ORIENTED_EDGE('',*,*,#7003,.F.);
#8708=ORIENTED_EDGE('',*,*,#7004,.F.);
#8709=ORIENTED_EDGE('',*,*,#7005,.F.);
#8710=ORIENTED_EDGE('',*,*,#7006,.F.);
#8711=ORIENTED_EDGE('',*,*,#7007,.F.);
#8712=ORIENTED_EDGE('',*,*,#7008,.F.);
#8713=ORIENTED_EDGE('',*,*,#7009,.F.);
#8714=ORIENTED_EDGE('',*,*,#7010,.F.);
#8715=ORIENTED_EDGE('',*,*,#7011,.F.);
#8716=ORIENTED_EDGE('',*,*,#7012,.F.);
#8717=ORIENTED_EDGE('',*,*,#7013,.F.);
#8718=ORIENTED_EDGE('',*,*,#7014,.F.);
#8719=ORIENTED_EDGE('',*,*,#7015,.F.);
#8720=ORIENTED_EDGE('',*,*,#7016,.F.);
#8721=ORIENTED_EDGE('',*,*,#7017,.F.);
#8722=ORIENTED_EDGE('',*,*,#7018,.F.);
#8723=ORIENTED_EDGE('',*,*,#7019,.F.);
#8724=ORIENTED_EDGE('',*,*,#7020,.F.);
#8725=ORIENTED_EDGE('',*,*,#7021,.F.);
#8726=ORIENTED_EDGE('',*,*,#7022,.F.);
#8727=ORIENTED_EDGE('',*,*,#7023,.F.);
#8728=ORIENTED_EDGE('',*,*,#7024,.F.);
#8729=ORIENTED_EDGE('',*,*,#7025,.F.);
#8730=ORIENTED_EDGE('',*,*,#7026,.F.);
#8731=ORIENTED_EDGE('',*,*,#7027,.F.);
#8732=ORIENTED_EDGE('',*,*,#7028,.F.);
#8733=ORIENTED_EDGE('',*,*,#7029,.F.);
#8734=ORIENTED_EDGE('',*,*,#7030,.F.);
#8735=ORIENTED_EDGE('',*,*,#7031,.F.);
#8736=ORIENTED_EDGE('',*,*,#7032,.F.);
#8737=ORIENTED_EDGE('',*,*,#7033,.F.);
#8738=ORIENTED_EDGE('',*,*,#7034,.F.);
#8739=ORIENTED_EDGE('',*,*,#7035,.F.);
#8740=ORIENTED_EDGE('',*,*,#7036,.F.);
#8741=ORIENTED_EDGE('',*,*,#7037,.F.);
#8742=ORIENTED_EDGE('',*,*,#7038,.F.);
#8743=ORIENTED_EDGE('',*,*,#7039,.F.);
#8744=ORIENTED_EDGE('',*,*,#7040,.F.);
#8745=ORIENTED_EDGE('',*,*,#7041,.F.);
#8746=ORIENTED_EDGE('',*,*,#7042,.F.);
#8747=ORIENTED_EDGE('',*,*,#7043,.F.);
#8748=ORIENTED_EDGE('',*,*,#7044,.F.);
#8749=ORIENTED_EDGE('',*,*,#7045,.F.);
#8750=ORIENTED_EDGE('',*,*,#7046,.F.);
#8751=ORIENTED_EDGE('',*,*,#7047,.F.);
#8752=ORIENTED_EDGE('',*,*,#7048,.F.);
#8753=ORIENTED_EDGE('',*,*,#7049,.F.);
#8754=ORIENTED_EDGE('',*,*,#7050,.F.);
#8755=ORIENTED_EDGE('',*,*,#7051,.F.);
#8756=ORIENTED_EDGE('',*,*,#7052,.F.);
#8757=ORIENTED_EDGE('',*,*,#7053,.F.);
#8758=ORIENTED_EDGE('',*,*,#7054,.F.);
#8759=ORIENTED_EDGE('',*,*,#7055,.F.);
#8760=ORIENTED_EDGE('',*,*,#7056,.F.);
#8761=ORIENTED_EDGE('',*,*,#7057,.F.);
#8762=ORIENTED_EDGE('',*,*,#7058,.F.);
#8763=ORIENTED_EDGE('',*,*,#7059,.F.);
#8764=ORIENTED_EDGE('',*,*,#7060,.F.);
#8765=ORIENTED_EDGE('',*,*,#7061,.F.);
#8766=ORIENTED_EDGE('',*,*,#7062,.F.);
#8767=ORIENTED_EDGE('',*,*,#7063,.F.);
#8768=ORIENTED_EDGE('',*,*,#7064,.F.);
#8769=ORIENTED_EDGE('',*,*,#7065,.F.);
#8770=ORIENTED_EDGE('',*,*,#7066,.F.);
#8771=ORIENTED_EDGE('',*,*,#7067,.T.);
#8772=ORIENTED_EDGE('',*,*,#7068,.T.);
#8773=ORIENTED_EDGE('',*,*,#7069,.T.);
#8774=ORIENTED_EDGE('',*,*,#7070,.F.);
#8775=ORIENTED_EDGE('',*,*,#7071,.F.);
#8776=ORIENTED_EDGE('',*,*,#7072,.F.);
#8777=ORIENTED_EDGE('',*,*,#7073,.F.);
#8778=ORIENTED_EDGE('',*,*,#7074,.F.);
#8779=ORIENTED_EDGE('',*,*,#7075,.F.);
#8780=ORIENTED_EDGE('',*,*,#7076,.F.);
#8781=ORIENTED_EDGE('',*,*,#7077,.F.);
#8782=ORIENTED_EDGE('',*,*,#7068,.F.);
#8783=ORIENTED_EDGE('',*,*,#7078,.F.);
#8784=ORIENTED_EDGE('',*,*,#7079,.T.);
#8785=ORIENTED_EDGE('',*,*,#7080,.T.);
#8786=ORIENTED_EDGE('',*,*,#7081,.T.);
#8787=ORIENTED_EDGE('',*,*,#7082,.F.);
#8788=ORIENTED_EDGE('',*,*,#7083,.F.);
#8789=ORIENTED_EDGE('',*,*,#7084,.F.);
#8790=ORIENTED_EDGE('',*,*,#7085,.F.);
#8791=ORIENTED_EDGE('',*,*,#7086,.F.);
#8792=ORIENTED_EDGE('',*,*,#7087,.F.);
#8793=ORIENTED_EDGE('',*,*,#7088,.F.);
#8794=ORIENTED_EDGE('',*,*,#7089,.F.);
#8795=ORIENTED_EDGE('',*,*,#7080,.F.);
#8796=ORIENTED_EDGE('',*,*,#7090,.T.);
#8797=ORIENTED_EDGE('',*,*,#7091,.F.);
#8798=ORIENTED_EDGE('',*,*,#7092,.F.);
#8799=ORIENTED_EDGE('',*,*,#7093,.F.);
#8800=ORIENTED_EDGE('',*,*,#7094,.F.);
#8801=ORIENTED_EDGE('',*,*,#7090,.F.);
#8802=ORIENTED_EDGE('',*,*,#7095,.F.);
#8803=ORIENTED_EDGE('',*,*,#7096,.F.);
#8804=ORIENTED_EDGE('',*,*,#7097,.F.);
#8805=ORIENTED_EDGE('',*,*,#7098,.F.);
#8806=ORIENTED_EDGE('',*,*,#7099,.F.);
#8807=ORIENTED_EDGE('',*,*,#7100,.F.);
#8808=ORIENTED_EDGE('',*,*,#7101,.F.);
#8809=ORIENTED_EDGE('',*,*,#7102,.T.);
#8810=ORIENTED_EDGE('',*,*,#7103,.F.);
#8811=ORIENTED_EDGE('',*,*,#7104,.F.);
#8812=ORIENTED_EDGE('',*,*,#7105,.F.);
#8813=ORIENTED_EDGE('',*,*,#7106,.F.);
#8814=ORIENTED_EDGE('',*,*,#7102,.F.);
#8815=ORIENTED_EDGE('',*,*,#7107,.F.);
#8816=ORIENTED_EDGE('',*,*,#7108,.F.);
#8817=ORIENTED_EDGE('',*,*,#7109,.F.);
#8818=ORIENTED_EDGE('',*,*,#7110,.F.);
#8819=ORIENTED_EDGE('',*,*,#7111,.F.);
#8820=ORIENTED_EDGE('',*,*,#7112,.F.);
#8821=ORIENTED_EDGE('',*,*,#7113,.F.);
#8822=ORIENTED_EDGE('',*,*,#7114,.F.);
#8823=ORIENTED_EDGE('',*,*,#7115,.T.);
#8824=ORIENTED_EDGE('',*,*,#7116,.T.);
#8825=ORIENTED_EDGE('',*,*,#7117,.T.);
#8826=ORIENTED_EDGE('',*,*,#7118,.F.);
#8827=ORIENTED_EDGE('',*,*,#7119,.F.);
#8828=ORIENTED_EDGE('',*,*,#7120,.F.);
#8829=ORIENTED_EDGE('',*,*,#7121,.F.);
#8830=ORIENTED_EDGE('',*,*,#7122,.F.);
#8831=ORIENTED_EDGE('',*,*,#7123,.F.);
#8832=ORIENTED_EDGE('',*,*,#7116,.F.);
#8833=ORIENTED_EDGE('',*,*,#7124,.F.);
#8834=ORIENTED_EDGE('',*,*,#7125,.F.);
#8835=ORIENTED_EDGE('',*,*,#7126,.F.);
#8836=ORIENTED_EDGE('',*,*,#7127,.T.);
#8837=ORIENTED_EDGE('',*,*,#7128,.T.);
#8838=ORIENTED_EDGE('',*,*,#7129,.T.);
#8839=ORIENTED_EDGE('',*,*,#7130,.F.);
#8840=ORIENTED_EDGE('',*,*,#7131,.F.);
#8841=ORIENTED_EDGE('',*,*,#7132,.F.);
#8842=ORIENTED_EDGE('',*,*,#7133,.F.);
#8843=ORIENTED_EDGE('',*,*,#7134,.F.);
#8844=ORIENTED_EDGE('',*,*,#7135,.F.);
#8845=ORIENTED_EDGE('',*,*,#7128,.F.);
#8846=ORIENTED_EDGE('',*,*,#7136,.F.);
#8847=ORIENTED_EDGE('',*,*,#7137,.F.);
#8848=ORIENTED_EDGE('',*,*,#7138,.T.);
#8849=ORIENTED_EDGE('',*,*,#7139,.F.);
#8850=ORIENTED_EDGE('',*,*,#7140,.F.);
#8851=ORIENTED_EDGE('',*,*,#7141,.F.);
#8852=ORIENTED_EDGE('',*,*,#7142,.F.);
#8853=ORIENTED_EDGE('',*,*,#7138,.F.);
#8854=ORIENTED_EDGE('',*,*,#7143,.F.);
#8855=ORIENTED_EDGE('',*,*,#7144,.F.);
#8856=ORIENTED_EDGE('',*,*,#7145,.F.);
#8857=ORIENTED_EDGE('',*,*,#7146,.F.);
#8858=ORIENTED_EDGE('',*,*,#7147,.F.);
#8859=ORIENTED_EDGE('',*,*,#7148,.F.);
#8860=ORIENTED_EDGE('',*,*,#7149,.F.);
#8861=ORIENTED_EDGE('',*,*,#7150,.T.);
#8862=ORIENTED_EDGE('',*,*,#7151,.F.);
#8863=ORIENTED_EDGE('',*,*,#7152,.F.);
#8864=ORIENTED_EDGE('',*,*,#7153,.F.);
#8865=ORIENTED_EDGE('',*,*,#7154,.F.);
#8866=ORIENTED_EDGE('',*,*,#7150,.F.);
#8867=ORIENTED_EDGE('',*,*,#7155,.F.);
#8868=ORIENTED_EDGE('',*,*,#7156,.F.);
#8869=ORIENTED_EDGE('',*,*,#7157,.F.);
#8870=ORIENTED_EDGE('',*,*,#7158,.F.);
#8871=ORIENTED_EDGE('',*,*,#7159,.F.);
#8872=ORIENTED_EDGE('',*,*,#7160,.F.);
#8873=ORIENTED_EDGE('',*,*,#7161,.F.);
#8874=ORIENTED_EDGE('',*,*,#7162,.T.);
#8875=ORIENTED_EDGE('',*,*,#7163,.T.);
#8876=ORIENTED_EDGE('',*,*,#7164,.T.);
#8877=ORIENTED_EDGE('',*,*,#7165,.T.);
#8878=ORIENTED_EDGE('',*,*,#6710,.F.);
#8879=ORIENTED_EDGE('',*,*,#7166,.F.);
#8880=ORIENTED_EDGE('',*,*,#7167,.F.);
#8881=ORIENTED_EDGE('',*,*,#7168,.F.);
#8882=ORIENTED_EDGE('',*,*,#7169,.F.);
#8883=ORIENTED_EDGE('',*,*,#6698,.F.);
#8884=ORIENTED_EDGE('',*,*,#6689,.F.);
#8885=ORIENTED_EDGE('',*,*,#7170,.F.);
#8886=ORIENTED_EDGE('',*,*,#7171,.F.);
#8887=ORIENTED_EDGE('',*,*,#7172,.F.);
#8888=ORIENTED_EDGE('',*,*,#7173,.F.);
#8889=ORIENTED_EDGE('',*,*,#6677,.F.);
#8890=ORIENTED_EDGE('',*,*,#6668,.F.);
#8891=ORIENTED_EDGE('',*,*,#6659,.F.);
#8892=ORIENTED_EDGE('',*,*,#6650,.F.);
#8893=ORIENTED_EDGE('',*,*,#6641,.F.);
#8894=ORIENTED_EDGE('',*,*,#6632,.F.);
#8895=ORIENTED_EDGE('',*,*,#6623,.F.);
#8896=ORIENTED_EDGE('',*,*,#6614,.F.);
#8897=ORIENTED_EDGE('',*,*,#7174,.F.);
#8898=ORIENTED_EDGE('',*,*,#7175,.F.);
#8899=ORIENTED_EDGE('',*,*,#7176,.F.);
#8900=ORIENTED_EDGE('',*,*,#7177,.F.);
#8901=ORIENTED_EDGE('',*,*,#7178,.F.);
#8902=ORIENTED_EDGE('',*,*,#7179,.F.);
#8903=ORIENTED_EDGE('',*,*,#7180,.F.);
#8904=ORIENTED_EDGE('',*,*,#7181,.F.);
#8905=ORIENTED_EDGE('',*,*,#7182,.F.);
#8906=ORIENTED_EDGE('',*,*,#7183,.F.);
#8907=ORIENTED_EDGE('',*,*,#7184,.F.);
#8908=ORIENTED_EDGE('',*,*,#7185,.F.);
#8909=ORIENTED_EDGE('',*,*,#7186,.F.);
#8910=ORIENTED_EDGE('',*,*,#7187,.F.);
#8911=ORIENTED_EDGE('',*,*,#7188,.F.);
#8912=ORIENTED_EDGE('',*,*,#7189,.F.);
#8913=ORIENTED_EDGE('',*,*,#7190,.F.);
#8914=ORIENTED_EDGE('',*,*,#7191,.F.);
#8915=ORIENTED_EDGE('',*,*,#7192,.F.);
#8916=ORIENTED_EDGE('',*,*,#7193,.F.);
#8917=ORIENTED_EDGE('',*,*,#7194,.F.);
#8918=ORIENTED_EDGE('',*,*,#7195,.F.);
#8919=ORIENTED_EDGE('',*,*,#7196,.F.);
#8920=ORIENTED_EDGE('',*,*,#7197,.F.);
#8921=ORIENTED_EDGE('',*,*,#7198,.F.);
#8922=ORIENTED_EDGE('',*,*,#7199,.F.);
#8923=ORIENTED_EDGE('',*,*,#7200,.F.);
#8924=ORIENTED_EDGE('',*,*,#7201,.F.);
#8925=ORIENTED_EDGE('',*,*,#7202,.F.);
#8926=ORIENTED_EDGE('',*,*,#7203,.F.);
#8927=ORIENTED_EDGE('',*,*,#7204,.F.);
#8928=ORIENTED_EDGE('',*,*,#7205,.F.);
#8929=ORIENTED_EDGE('',*,*,#7206,.F.);
#8930=ORIENTED_EDGE('',*,*,#7207,.F.);
#8931=ORIENTED_EDGE('',*,*,#7208,.F.);
#8932=ORIENTED_EDGE('',*,*,#7209,.F.);
#8933=ORIENTED_EDGE('',*,*,#7210,.F.);
#8934=ORIENTED_EDGE('',*,*,#7211,.F.);
#8935=ORIENTED_EDGE('',*,*,#7212,.F.);
#8936=ORIENTED_EDGE('',*,*,#7213,.F.);
#8937=ORIENTED_EDGE('',*,*,#7214,.F.);
#8938=ORIENTED_EDGE('',*,*,#7215,.F.);
#8939=ORIENTED_EDGE('',*,*,#7216,.F.);
#8940=ORIENTED_EDGE('',*,*,#7217,.F.);
#8941=ORIENTED_EDGE('',*,*,#7218,.F.);
#8942=ORIENTED_EDGE('',*,*,#7219,.F.);
#8943=ORIENTED_EDGE('',*,*,#7220,.F.);
#8944=ORIENTED_EDGE('',*,*,#7221,.F.);
#8945=ORIENTED_EDGE('',*,*,#7222,.F.);
#8946=ORIENTED_EDGE('',*,*,#7223,.F.);
#8947=ORIENTED_EDGE('',*,*,#7224,.F.);
#8948=ORIENTED_EDGE('',*,*,#7225,.F.);
#8949=ORIENTED_EDGE('',*,*,#7226,.F.);
#8950=ORIENTED_EDGE('',*,*,#7227,.F.);
#8951=ORIENTED_EDGE('',*,*,#7228,.F.);
#8952=ORIENTED_EDGE('',*,*,#7229,.F.);
#8953=ORIENTED_EDGE('',*,*,#7230,.F.);
#8954=ORIENTED_EDGE('',*,*,#7231,.F.);
#8955=ORIENTED_EDGE('',*,*,#7232,.T.);
#8956=ORIENTED_EDGE('',*,*,#7228,.T.);
#8957=ORIENTED_EDGE('',*,*,#7233,.F.);
#8958=ORIENTED_EDGE('',*,*,#7234,.F.);
#8959=ORIENTED_EDGE('',*,*,#7235,.T.);
#8960=ORIENTED_EDGE('',*,*,#7176,.T.);
#8961=ORIENTED_EDGE('',*,*,#7236,.F.);
#8962=ORIENTED_EDGE('',*,*,#7237,.F.);
#8963=ORIENTED_EDGE('',*,*,#7238,.F.);
#8964=ORIENTED_EDGE('',*,*,#7239,.F.);
#8965=ORIENTED_EDGE('',*,*,#7240,.T.);
#8966=ORIENTED_EDGE('',*,*,#7241,.T.);
#8967=ORIENTED_EDGE('',*,*,#7242,.T.);
#8968=ORIENTED_EDGE('',*,*,#7092,.T.);
#8969=ORIENTED_EDGE('',*,*,#7243,.F.);
#8970=ORIENTED_EDGE('',*,*,#7244,.T.);
#8971=ORIENTED_EDGE('',*,*,#7245,.T.);
#8972=ORIENTED_EDGE('',*,*,#7246,.T.);
#8973=ORIENTED_EDGE('',*,*,#7247,.T.);
#8974=ORIENTED_EDGE('',*,*,#7248,.T.);
#8975=ORIENTED_EDGE('',*,*,#7249,.T.);
#8976=ORIENTED_EDGE('',*,*,#7250,.T.);
#8977=ORIENTED_EDGE('',*,*,#7251,.T.);
#8978=ORIENTED_EDGE('',*,*,#7066,.T.);
#8979=ORIENTED_EDGE('',*,*,#7252,.T.);
#8980=ORIENTED_EDGE('',*,*,#7253,.T.);
#8981=ORIENTED_EDGE('',*,*,#7254,.T.);
#8982=ORIENTED_EDGE('',*,*,#7255,.T.);
#8983=ORIENTED_EDGE('',*,*,#7256,.T.);
#8984=ORIENTED_EDGE('',*,*,#7257,.T.);
#8985=ORIENTED_EDGE('',*,*,#7258,.T.);
#8986=ORIENTED_EDGE('',*,*,#7259,.T.);
#8987=ORIENTED_EDGE('',*,*,#7260,.T.);
#8988=ORIENTED_EDGE('',*,*,#7261,.T.);
#8989=ORIENTED_EDGE('',*,*,#7262,.T.);
#8990=ORIENTED_EDGE('',*,*,#7152,.T.);
#8991=ORIENTED_EDGE('',*,*,#7263,.F.);
#8992=ORIENTED_EDGE('',*,*,#7264,.T.);
#8993=ORIENTED_EDGE('',*,*,#7265,.T.);
#8994=ORIENTED_EDGE('',*,*,#7266,.T.);
#8995=ORIENTED_EDGE('',*,*,#7267,.T.);
#8996=ORIENTED_EDGE('',*,*,#7268,.T.);
#8997=ORIENTED_EDGE('',*,*,#7269,.T.);
#8998=ORIENTED_EDGE('',*,*,#7270,.T.);
#8999=ORIENTED_EDGE('',*,*,#7271,.T.);
#9000=ORIENTED_EDGE('',*,*,#7114,.T.);
#9001=ORIENTED_EDGE('',*,*,#6737,.T.);
#9002=ORIENTED_EDGE('',*,*,#6734,.T.);
#9003=ORIENTED_EDGE('',*,*,#6731,.T.);
#9004=ORIENTED_EDGE('',*,*,#6728,.T.);
#9005=ORIENTED_EDGE('',*,*,#6725,.T.);
#9006=ORIENTED_EDGE('',*,*,#6722,.T.);
#9007=ORIENTED_EDGE('',*,*,#6719,.T.);
#9008=ORIENTED_EDGE('',*,*,#6611,.F.);
#9009=ORIENTED_EDGE('',*,*,#6605,.F.);
#9010=ORIENTED_EDGE('',*,*,#6608,.F.);
#9011=ORIENTED_EDGE('',*,*,#6618,.T.);
#9012=ORIENTED_EDGE('',*,*,#6627,.T.);
#9013=ORIENTED_EDGE('',*,*,#6636,.T.);
#9014=ORIENTED_EDGE('',*,*,#6645,.T.);
#9015=ORIENTED_EDGE('',*,*,#6654,.T.);
#9016=ORIENTED_EDGE('',*,*,#6663,.T.);
#9017=ORIENTED_EDGE('',*,*,#6672,.T.);
#9018=ORIENTED_EDGE('',*,*,#6681,.T.);
#9019=ORIENTED_EDGE('',*,*,#7272,.T.);
#9020=ORIENTED_EDGE('',*,*,#7273,.T.);
#9021=ORIENTED_EDGE('',*,*,#7274,.T.);
#9022=ORIENTED_EDGE('',*,*,#7275,.T.);
#9023=ORIENTED_EDGE('',*,*,#6693,.T.);
#9024=ORIENTED_EDGE('',*,*,#6702,.T.);
#9025=ORIENTED_EDGE('',*,*,#7276,.T.);
#9026=ORIENTED_EDGE('',*,*,#7277,.T.);
#9027=ORIENTED_EDGE('',*,*,#7278,.T.);
#9028=ORIENTED_EDGE('',*,*,#7279,.T.);
#9029=ORIENTED_EDGE('',*,*,#6714,.T.);
#9030=ORIENTED_EDGE('',*,*,#7280,.T.);
#9031=ORIENTED_EDGE('',*,*,#7281,.T.);
#9032=ORIENTED_EDGE('',*,*,#7282,.T.);
#9033=ORIENTED_EDGE('',*,*,#7283,.T.);
#9034=ORIENTED_EDGE('',*,*,#7284,.T.);
#9035=ORIENTED_EDGE('',*,*,#7285,.T.);
#9036=ORIENTED_EDGE('',*,*,#7286,.T.);
#9037=ORIENTED_EDGE('',*,*,#7287,.T.);
#9038=ORIENTED_EDGE('',*,*,#7126,.T.);
#9039=ORIENTED_EDGE('',*,*,#7288,.T.);
#9040=ORIENTED_EDGE('',*,*,#7289,.T.);
#9041=ORIENTED_EDGE('',*,*,#7290,.T.);
#9042=ORIENTED_EDGE('',*,*,#7291,.T.);
#9043=ORIENTED_EDGE('',*,*,#7292,.T.);
#9044=ORIENTED_EDGE('',*,*,#7293,.T.);
#9045=ORIENTED_EDGE('',*,*,#7294,.T.);
#9046=ORIENTED_EDGE('',*,*,#7140,.T.);
#9047=ORIENTED_EDGE('',*,*,#7295,.F.);
#9048=ORIENTED_EDGE('',*,*,#7296,.T.);
#9049=ORIENTED_EDGE('',*,*,#7297,.T.);
#9050=ORIENTED_EDGE('',*,*,#7298,.T.);
#9051=ORIENTED_EDGE('',*,*,#7299,.T.);
#9052=ORIENTED_EDGE('',*,*,#7300,.T.);
#9053=ORIENTED_EDGE('',*,*,#7301,.T.);
#9054=ORIENTED_EDGE('',*,*,#7302,.T.);
#9055=ORIENTED_EDGE('',*,*,#7303,.T.);
#9056=ORIENTED_EDGE('',*,*,#7078,.T.);
#9057=ORIENTED_EDGE('',*,*,#7304,.T.);
#9058=ORIENTED_EDGE('',*,*,#7305,.T.);
#9059=ORIENTED_EDGE('',*,*,#7306,.T.);
#9060=ORIENTED_EDGE('',*,*,#7104,.T.);
#9061=ORIENTED_EDGE('',*,*,#7307,.F.);
#9062=ORIENTED_EDGE('',*,*,#7308,.T.);
#9063=ORIENTED_EDGE('',*,*,#7309,.T.);
#9064=ORIENTED_EDGE('',*,*,#7310,.T.);
#9065=ORIENTED_EDGE('',*,*,#7311,.T.);
#9066=ORIENTED_EDGE('',*,*,#7236,.T.);
#9067=ORIENTED_EDGE('',*,*,#7312,.F.);
#9068=ORIENTED_EDGE('',*,*,#7162,.F.);
#9069=ORIENTED_EDGE('',*,*,#7313,.T.);
#9070=ORIENTED_EDGE('',*,*,#7239,.T.);
#9071=ORIENTED_EDGE('',*,*,#7314,.F.);
#9072=ORIENTED_EDGE('',*,*,#7163,.F.);
#9073=ORIENTED_EDGE('',*,*,#7312,.T.);
#9074=ORIENTED_EDGE('',*,*,#7238,.T.);
#9075=ORIENTED_EDGE('',*,*,#7315,.F.);
#9076=ORIENTED_EDGE('',*,*,#7164,.F.);
#9077=ORIENTED_EDGE('',*,*,#7314,.T.);
#9078=ORIENTED_EDGE('',*,*,#7237,.T.);
#9079=ORIENTED_EDGE('',*,*,#7313,.F.);
#9080=ORIENTED_EDGE('',*,*,#7165,.F.);
#9081=ORIENTED_EDGE('',*,*,#7315,.T.);
#9082=ORIENTED_EDGE('',*,*,#7304,.F.);
#9083=ORIENTED_EDGE('',*,*,#7316,.F.);
#9084=ORIENTED_EDGE('',*,*,#7197,.T.);
#9085=ORIENTED_EDGE('',*,*,#7317,.T.);
#9086=ORIENTED_EDGE('',*,*,#7305,.F.);
#9087=ORIENTED_EDGE('',*,*,#7317,.F.);
#9088=ORIENTED_EDGE('',*,*,#7196,.T.);
#9089=ORIENTED_EDGE('',*,*,#7108,.T.);
#9090=ORIENTED_EDGE('',*,*,#7318,.T.);
#9091=ORIENTED_EDGE('',*,*,#7306,.F.);
#9092=ORIENTED_EDGE('',*,*,#7318,.F.);
#9093=ORIENTED_EDGE('',*,*,#7107,.T.);
#9094=ORIENTED_EDGE('',*,*,#7105,.T.);
#9095=ORIENTED_EDGE('',*,*,#7308,.F.);
#9096=ORIENTED_EDGE('',*,*,#7319,.F.);
#9097=ORIENTED_EDGE('',*,*,#7111,.T.);
#9098=ORIENTED_EDGE('',*,*,#7320,.T.);
#9099=ORIENTED_EDGE('',*,*,#7309,.F.);
#9100=ORIENTED_EDGE('',*,*,#7320,.F.);
#9101=ORIENTED_EDGE('',*,*,#7110,.T.);
#9102=ORIENTED_EDGE('',*,*,#7200,.T.);
#9103=ORIENTED_EDGE('',*,*,#7321,.T.);
#9104=ORIENTED_EDGE('',*,*,#7310,.F.);
#9105=ORIENTED_EDGE('',*,*,#7321,.F.);
#9106=ORIENTED_EDGE('',*,*,#7199,.T.);
#9107=ORIENTED_EDGE('',*,*,#7322,.T.);
#9108=ORIENTED_EDGE('',*,*,#7311,.F.);
#9109=ORIENTED_EDGE('',*,*,#7322,.F.);
#9110=ORIENTED_EDGE('',*,*,#7198,.T.);
#9111=ORIENTED_EDGE('',*,*,#7316,.T.);
#9112=ORIENTED_EDGE('',*,*,#7240,.F.);
#9113=ORIENTED_EDGE('',*,*,#7323,.F.);
#9114=ORIENTED_EDGE('',*,*,#7191,.T.);
#9115=ORIENTED_EDGE('',*,*,#7324,.T.);
#9116=ORIENTED_EDGE('',*,*,#7241,.F.);
#9117=ORIENTED_EDGE('',*,*,#7324,.F.);
#9118=ORIENTED_EDGE('',*,*,#7190,.T.);
#9119=ORIENTED_EDGE('',*,*,#7096,.T.);
#9120=ORIENTED_EDGE('',*,*,#7325,.T.);
#9121=ORIENTED_EDGE('',*,*,#7242,.F.);
#9122=ORIENTED_EDGE('',*,*,#7325,.F.);
#9123=ORIENTED_EDGE('',*,*,#7095,.T.);
#9124=ORIENTED_EDGE('',*,*,#7093,.T.);
#9125=ORIENTED_EDGE('',*,*,#7244,.F.);
#9126=ORIENTED_EDGE('',*,*,#7326,.F.);
#9127=ORIENTED_EDGE('',*,*,#7099,.T.);
#9128=ORIENTED_EDGE('',*,*,#7327,.T.);
#9129=ORIENTED_EDGE('',*,*,#7245,.F.);
#9130=ORIENTED_EDGE('',*,*,#7327,.F.);
#9131=ORIENTED_EDGE('',*,*,#7098,.T.);
#9132=ORIENTED_EDGE('',*,*,#7194,.T.);
#9133=ORIENTED_EDGE('',*,*,#7328,.T.);
#9134=ORIENTED_EDGE('',*,*,#7246,.F.);
#9135=ORIENTED_EDGE('',*,*,#7328,.F.);
#9136=ORIENTED_EDGE('',*,*,#7193,.T.);
#9137=ORIENTED_EDGE('',*,*,#7329,.T.);
#9138=ORIENTED_EDGE('',*,*,#7247,.F.);
#9139=ORIENTED_EDGE('',*,*,#7329,.F.);
#9140=ORIENTED_EDGE('',*,*,#7192,.T.);
#9141=ORIENTED_EDGE('',*,*,#7323,.T.);
#9142=ORIENTED_EDGE('',*,*,#7296,.F.);
#9143=ORIENTED_EDGE('',*,*,#7081,.F.);
#9144=ORIENTED_EDGE('',*,*,#7089,.T.);
#9145=ORIENTED_EDGE('',*,*,#7330,.T.);
#9146=ORIENTED_EDGE('',*,*,#7297,.F.);
#9147=ORIENTED_EDGE('',*,*,#7330,.F.);
#9148=ORIENTED_EDGE('',*,*,#7088,.T.);
#9149=ORIENTED_EDGE('',*,*,#7188,.T.);
#9150=ORIENTED_EDGE('',*,*,#7331,.T.);
#9151=ORIENTED_EDGE('',*,*,#7298,.F.);
#9152=ORIENTED_EDGE('',*,*,#7331,.F.);
#9153=ORIENTED_EDGE('',*,*,#7187,.T.);
#9154=ORIENTED_EDGE('',*,*,#7332,.T.);
#9155=ORIENTED_EDGE('',*,*,#7299,.F.);
#9156=ORIENTED_EDGE('',*,*,#7332,.F.);
#9157=ORIENTED_EDGE('',*,*,#7186,.T.);
#9158=ORIENTED_EDGE('',*,*,#7333,.T.);
#9159=ORIENTED_EDGE('',*,*,#7300,.F.);
#9160=ORIENTED_EDGE('',*,*,#7333,.F.);
#9161=ORIENTED_EDGE('',*,*,#7185,.T.);
#9162=ORIENTED_EDGE('',*,*,#7334,.T.);
#9163=ORIENTED_EDGE('',*,*,#7301,.F.);
#9164=ORIENTED_EDGE('',*,*,#7334,.F.);
#9165=ORIENTED_EDGE('',*,*,#7184,.T.);
#9166=ORIENTED_EDGE('',*,*,#7086,.T.);
#9167=ORIENTED_EDGE('',*,*,#7335,.T.);
#9168=ORIENTED_EDGE('',*,*,#7302,.F.);
#9169=ORIENTED_EDGE('',*,*,#7335,.F.);
#9170=ORIENTED_EDGE('',*,*,#7085,.T.);
#9171=ORIENTED_EDGE('',*,*,#7336,.T.);
#9172=ORIENTED_EDGE('',*,*,#7248,.F.);
#9173=ORIENTED_EDGE('',*,*,#7337,.F.);
#9174=ORIENTED_EDGE('',*,*,#7179,.T.);
#9175=ORIENTED_EDGE('',*,*,#7338,.T.);
#9176=ORIENTED_EDGE('',*,*,#7249,.F.);
#9177=ORIENTED_EDGE('',*,*,#7338,.F.);
#9178=ORIENTED_EDGE('',*,*,#7178,.T.);
#9179=ORIENTED_EDGE('',*,*,#7074,.T.);
#9180=ORIENTED_EDGE('',*,*,#7339,.T.);
#9181=ORIENTED_EDGE('',*,*,#7250,.F.);
#9182=ORIENTED_EDGE('',*,*,#7339,.F.);
#9183=ORIENTED_EDGE('',*,*,#7073,.T.);
#9184=ORIENTED_EDGE('',*,*,#7340,.T.);
#9185=ORIENTED_EDGE('',*,*,#7252,.F.);
#9186=ORIENTED_EDGE('',*,*,#7069,.F.);
#9187=ORIENTED_EDGE('',*,*,#7077,.T.);
#9188=ORIENTED_EDGE('',*,*,#7341,.T.);
#9189=ORIENTED_EDGE('',*,*,#7253,.F.);
#9190=ORIENTED_EDGE('',*,*,#7341,.F.);
#9191=ORIENTED_EDGE('',*,*,#7076,.T.);
#9192=ORIENTED_EDGE('',*,*,#7182,.T.);
#9193=ORIENTED_EDGE('',*,*,#7342,.T.);
#9194=ORIENTED_EDGE('',*,*,#7254,.F.);
#9195=ORIENTED_EDGE('',*,*,#7342,.F.);
#9196=ORIENTED_EDGE('',*,*,#7181,.T.);
#9197=ORIENTED_EDGE('',*,*,#7343,.T.);
#9198=ORIENTED_EDGE('',*,*,#7255,.F.);
#9199=ORIENTED_EDGE('',*,*,#7343,.F.);
#9200=ORIENTED_EDGE('',*,*,#7180,.T.);
#9201=ORIENTED_EDGE('',*,*,#7337,.T.);
#9202=ORIENTED_EDGE('',*,*,#7288,.F.);
#9203=ORIENTED_EDGE('',*,*,#7344,.F.);
#9204=ORIENTED_EDGE('',*,*,#7147,.T.);
#9205=ORIENTED_EDGE('',*,*,#7345,.T.);
#9206=ORIENTED_EDGE('',*,*,#7289,.F.);
#9207=ORIENTED_EDGE('',*,*,#7345,.F.);
#9208=ORIENTED_EDGE('',*,*,#7146,.T.);
#9209=ORIENTED_EDGE('',*,*,#7220,.T.);
#9210=ORIENTED_EDGE('',*,*,#7346,.T.);
#9211=ORIENTED_EDGE('',*,*,#7290,.F.);
#9212=ORIENTED_EDGE('',*,*,#7346,.F.);
#9213=ORIENTED_EDGE('',*,*,#7219,.T.);
#9214=ORIENTED_EDGE('',*,*,#7347,.T.);
#9215=ORIENTED_EDGE('',*,*,#7291,.F.);
#9216=ORIENTED_EDGE('',*,*,#7347,.F.);
#9217=ORIENTED_EDGE('',*,*,#7218,.T.);
#9218=ORIENTED_EDGE('',*,*,#7348,.T.);
#9219=ORIENTED_EDGE('',*,*,#7292,.F.);
#9220=ORIENTED_EDGE('',*,*,#7348,.F.);
#9221=ORIENTED_EDGE('',*,*,#7217,.T.);
#9222=ORIENTED_EDGE('',*,*,#7349,.T.);
#9223=ORIENTED_EDGE('',*,*,#7293,.F.);
#9224=ORIENTED_EDGE('',*,*,#7349,.F.);
#9225=ORIENTED_EDGE('',*,*,#7216,.T.);
#9226=ORIENTED_EDGE('',*,*,#7144,.T.);
#9227=ORIENTED_EDGE('',*,*,#7350,.T.);
#9228=ORIENTED_EDGE('',*,*,#7294,.F.);
#9229=ORIENTED_EDGE('',*,*,#7350,.F.);
#9230=ORIENTED_EDGE('',*,*,#7143,.T.);
#9231=ORIENTED_EDGE('',*,*,#7141,.T.);
#9232=ORIENTED_EDGE('',*,*,#7256,.F.);
#9233=ORIENTED_EDGE('',*,*,#7351,.F.);
#9234=ORIENTED_EDGE('',*,*,#7159,.T.);
#9235=ORIENTED_EDGE('',*,*,#7352,.T.);
#9236=ORIENTED_EDGE('',*,*,#7257,.F.);
#9237=ORIENTED_EDGE('',*,*,#7352,.F.);
#9238=ORIENTED_EDGE('',*,*,#7158,.T.);
#9239=ORIENTED_EDGE('',*,*,#7226,.T.);
#9240=ORIENTED_EDGE('',*,*,#7353,.T.);
#9241=ORIENTED_EDGE('',*,*,#7258,.F.);
#9242=ORIENTED_EDGE('',*,*,#7353,.F.);
#9243=ORIENTED_EDGE('',*,*,#7225,.T.);
#9244=ORIENTED_EDGE('',*,*,#7354,.T.);
#9245=ORIENTED_EDGE('',*,*,#7259,.F.);
#9246=ORIENTED_EDGE('',*,*,#7354,.F.);
#9247=ORIENTED_EDGE('',*,*,#7224,.T.);
#9248=ORIENTED_EDGE('',*,*,#7355,.T.);
#9249=ORIENTED_EDGE('',*,*,#7260,.F.);
#9250=ORIENTED_EDGE('',*,*,#7355,.F.);
#9251=ORIENTED_EDGE('',*,*,#7223,.T.);
#9252=ORIENTED_EDGE('',*,*,#7356,.T.);
#9253=ORIENTED_EDGE('',*,*,#7261,.F.);
#9254=ORIENTED_EDGE('',*,*,#7356,.F.);
#9255=ORIENTED_EDGE('',*,*,#7222,.T.);
#9256=ORIENTED_EDGE('',*,*,#7156,.T.);
#9257=ORIENTED_EDGE('',*,*,#7357,.T.);
#9258=ORIENTED_EDGE('',*,*,#7262,.F.);
#9259=ORIENTED_EDGE('',*,*,#7357,.F.);
#9260=ORIENTED_EDGE('',*,*,#7155,.T.);
#9261=ORIENTED_EDGE('',*,*,#7153,.T.);
#9262=ORIENTED_EDGE('',*,*,#7280,.F.);
#9263=ORIENTED_EDGE('',*,*,#7129,.F.);
#9264=ORIENTED_EDGE('',*,*,#7135,.T.);
#9265=ORIENTED_EDGE('',*,*,#7358,.T.);
#9266=ORIENTED_EDGE('',*,*,#7281,.F.);
#9267=ORIENTED_EDGE('',*,*,#7358,.F.);
#9268=ORIENTED_EDGE('',*,*,#7134,.T.);
#9269=ORIENTED_EDGE('',*,*,#7214,.T.);
#9270=ORIENTED_EDGE('',*,*,#7359,.T.);
#9271=ORIENTED_EDGE('',*,*,#7282,.F.);
#9272=ORIENTED_EDGE('',*,*,#7359,.F.);
#9273=ORIENTED_EDGE('',*,*,#7213,.T.);
#9274=ORIENTED_EDGE('',*,*,#7360,.T.);
#9275=ORIENTED_EDGE('',*,*,#7283,.F.);
#9276=ORIENTED_EDGE('',*,*,#7360,.F.);
#9277=ORIENTED_EDGE('',*,*,#7212,.T.);
#9278=ORIENTED_EDGE('',*,*,#7361,.T.);
#9279=ORIENTED_EDGE('',*,*,#7284,.F.);
#9280=ORIENTED_EDGE('',*,*,#7361,.F.);
#9281=ORIENTED_EDGE('',*,*,#7211,.T.);
#9282=ORIENTED_EDGE('',*,*,#7362,.T.);
#9283=ORIENTED_EDGE('',*,*,#7285,.F.);
#9284=ORIENTED_EDGE('',*,*,#7362,.F.);
#9285=ORIENTED_EDGE('',*,*,#7210,.T.);
#9286=ORIENTED_EDGE('',*,*,#7132,.T.);
#9287=ORIENTED_EDGE('',*,*,#7363,.T.);
#9288=ORIENTED_EDGE('',*,*,#7286,.F.);
#9289=ORIENTED_EDGE('',*,*,#7363,.F.);
#9290=ORIENTED_EDGE('',*,*,#7131,.T.);
#9291=ORIENTED_EDGE('',*,*,#7364,.T.);
#9292=ORIENTED_EDGE('',*,*,#7264,.F.);
#9293=ORIENTED_EDGE('',*,*,#7117,.F.);
#9294=ORIENTED_EDGE('',*,*,#7123,.T.);
#9295=ORIENTED_EDGE('',*,*,#7365,.T.);
#9296=ORIENTED_EDGE('',*,*,#7265,.F.);
#9297=ORIENTED_EDGE('',*,*,#7365,.F.);
#9298=ORIENTED_EDGE('',*,*,#7122,.T.);
#9299=ORIENTED_EDGE('',*,*,#7208,.T.);
#9300=ORIENTED_EDGE('',*,*,#7366,.T.);
#9301=ORIENTED_EDGE('',*,*,#7266,.F.);
#9302=ORIENTED_EDGE('',*,*,#7366,.F.);
#9303=ORIENTED_EDGE('',*,*,#7207,.T.);
#9304=ORIENTED_EDGE('',*,*,#7367,.T.);
#9305=ORIENTED_EDGE('',*,*,#7267,.F.);
#9306=ORIENTED_EDGE('',*,*,#7367,.F.);
#9307=ORIENTED_EDGE('',*,*,#7206,.T.);
#9308=ORIENTED_EDGE('',*,*,#7368,.T.);
#9309=ORIENTED_EDGE('',*,*,#7268,.F.);
#9310=ORIENTED_EDGE('',*,*,#7368,.F.);
#9311=ORIENTED_EDGE('',*,*,#7205,.T.);
#9312=ORIENTED_EDGE('',*,*,#7369,.T.);
#9313=ORIENTED_EDGE('',*,*,#7269,.F.);
#9314=ORIENTED_EDGE('',*,*,#7369,.F.);
#9315=ORIENTED_EDGE('',*,*,#7204,.T.);
#9316=ORIENTED_EDGE('',*,*,#7120,.T.);
#9317=ORIENTED_EDGE('',*,*,#7370,.T.);
#9318=ORIENTED_EDGE('',*,*,#7270,.F.);
#9319=ORIENTED_EDGE('',*,*,#7370,.F.);
#9320=ORIENTED_EDGE('',*,*,#7119,.T.);
#9321=ORIENTED_EDGE('',*,*,#7371,.T.);
#9322=ORIENTED_EDGE('',*,*,#6716,.F.);
#9323=ORIENTED_EDGE('',*,*,#6713,.T.);
#9324=ORIENTED_EDGE('',*,*,#6708,.T.);
#9325=ORIENTED_EDGE('',*,*,#6711,.F.);
#9326=ORIENTED_EDGE('',*,*,#7278,.F.);
#9327=ORIENTED_EDGE('',*,*,#7372,.F.);
#9328=ORIENTED_EDGE('',*,*,#7373,.T.);
#9329=ORIENTED_EDGE('',*,*,#7374,.T.);
#9330=ORIENTED_EDGE('',*,*,#7279,.F.);
#9331=ORIENTED_EDGE('',*,*,#7374,.F.);
#9332=ORIENTED_EDGE('',*,*,#7375,.T.);
#9333=ORIENTED_EDGE('',*,*,#7376,.T.);
#9334=ORIENTED_EDGE('',*,*,#7276,.F.);
#9335=ORIENTED_EDGE('',*,*,#7376,.F.);
#9336=ORIENTED_EDGE('',*,*,#7377,.T.);
#9337=ORIENTED_EDGE('',*,*,#7378,.T.);
#9338=ORIENTED_EDGE('',*,*,#7277,.F.);
#9339=ORIENTED_EDGE('',*,*,#7378,.F.);
#9340=ORIENTED_EDGE('',*,*,#7379,.T.);
#9341=ORIENTED_EDGE('',*,*,#7372,.T.);
#9342=ORIENTED_EDGE('',*,*,#7379,.F.);
#9343=ORIENTED_EDGE('',*,*,#7377,.F.);
#9344=ORIENTED_EDGE('',*,*,#7375,.F.);
#9345=ORIENTED_EDGE('',*,*,#7373,.F.);
#9346=ORIENTED_EDGE('',*,*,#6707,.T.);
#9347=ORIENTED_EDGE('',*,*,#7380,.F.);
#9348=ORIENTED_EDGE('',*,*,#7166,.T.);
#9349=ORIENTED_EDGE('',*,*,#7381,.T.);
#9350=ORIENTED_EDGE('',*,*,#7382,.F.);
#9351=ORIENTED_EDGE('',*,*,#7383,.F.);
#9352=ORIENTED_EDGE('',*,*,#7167,.T.);
#9353=ORIENTED_EDGE('',*,*,#7380,.T.);
#9354=ORIENTED_EDGE('',*,*,#7384,.F.);
#9355=ORIENTED_EDGE('',*,*,#7385,.F.);
#9356=ORIENTED_EDGE('',*,*,#7168,.T.);
#9357=ORIENTED_EDGE('',*,*,#7383,.T.);
#9358=ORIENTED_EDGE('',*,*,#7386,.F.);
#9359=ORIENTED_EDGE('',*,*,#7381,.F.);
#9360=ORIENTED_EDGE('',*,*,#7169,.T.);
#9361=ORIENTED_EDGE('',*,*,#7385,.T.);
#9362=ORIENTED_EDGE('',*,*,#7387,.F.);
#9363=ORIENTED_EDGE('',*,*,#7382,.T.);
#9364=ORIENTED_EDGE('',*,*,#7387,.T.);
#9365=ORIENTED_EDGE('',*,*,#7386,.T.);
#9366=ORIENTED_EDGE('',*,*,#7384,.T.);
#9367=ORIENTED_EDGE('',*,*,#6705,.F.);
#9368=ORIENTED_EDGE('',*,*,#6704,.F.);
#9369=ORIENTED_EDGE('',*,*,#6701,.T.);
#9370=ORIENTED_EDGE('',*,*,#6696,.T.);
#9371=ORIENTED_EDGE('',*,*,#6699,.F.);
#9372=ORIENTED_EDGE('',*,*,#6695,.F.);
#9373=ORIENTED_EDGE('',*,*,#6692,.T.);
#9374=ORIENTED_EDGE('',*,*,#6687,.T.);
#9375=ORIENTED_EDGE('',*,*,#6690,.F.);
#9376=ORIENTED_EDGE('',*,*,#7274,.F.);
#9377=ORIENTED_EDGE('',*,*,#7388,.F.);
#9378=ORIENTED_EDGE('',*,*,#7389,.T.);
#9379=ORIENTED_EDGE('',*,*,#7390,.T.);
#9380=ORIENTED_EDGE('',*,*,#7275,.F.);
#9381=ORIENTED_EDGE('',*,*,#7390,.F.);
#9382=ORIENTED_EDGE('',*,*,#7391,.T.);
#9383=ORIENTED_EDGE('',*,*,#7392,.T.);
#9384=ORIENTED_EDGE('',*,*,#7272,.F.);
#9385=ORIENTED_EDGE('',*,*,#7392,.F.);
#9386=ORIENTED_EDGE('',*,*,#7393,.T.);
#9387=ORIENTED_EDGE('',*,*,#7394,.T.);
#9388=ORIENTED_EDGE('',*,*,#7273,.F.);
#9389=ORIENTED_EDGE('',*,*,#7394,.F.);
#9390=ORIENTED_EDGE('',*,*,#7395,.T.);
#9391=ORIENTED_EDGE('',*,*,#7388,.T.);
#9392=ORIENTED_EDGE('',*,*,#7395,.F.);
#9393=ORIENTED_EDGE('',*,*,#7393,.F.);
#9394=ORIENTED_EDGE('',*,*,#7391,.F.);
#9395=ORIENTED_EDGE('',*,*,#7389,.F.);
#9396=ORIENTED_EDGE('',*,*,#6686,.T.);
#9397=ORIENTED_EDGE('',*,*,#7396,.F.);
#9398=ORIENTED_EDGE('',*,*,#7170,.T.);
#9399=ORIENTED_EDGE('',*,*,#7397,.T.);
#9400=ORIENTED_EDGE('',*,*,#7398,.F.);
#9401=ORIENTED_EDGE('',*,*,#7399,.F.);
#9402=ORIENTED_EDGE('',*,*,#7171,.T.);
#9403=ORIENTED_EDGE('',*,*,#7396,.T.);
#9404=ORIENTED_EDGE('',*,*,#7400,.F.);
#9405=ORIENTED_EDGE('',*,*,#7401,.F.);
#9406=ORIENTED_EDGE('',*,*,#7172,.T.);
#9407=ORIENTED_EDGE('',*,*,#7399,.T.);
#9408=ORIENTED_EDGE('',*,*,#7402,.F.);
#9409=ORIENTED_EDGE('',*,*,#7397,.F.);
#9410=ORIENTED_EDGE('',*,*,#7173,.T.);
#9411=ORIENTED_EDGE('',*,*,#7401,.T.);
#9412=ORIENTED_EDGE('',*,*,#7403,.F.);
#9413=ORIENTED_EDGE('',*,*,#7398,.T.);
#9414=ORIENTED_EDGE('',*,*,#7403,.T.);
#9415=ORIENTED_EDGE('',*,*,#7402,.T.);
#9416=ORIENTED_EDGE('',*,*,#7400,.T.);
#9417=ORIENTED_EDGE('',*,*,#6684,.F.);
#9418=ORIENTED_EDGE('',*,*,#6683,.F.);
#9419=ORIENTED_EDGE('',*,*,#6680,.T.);
#9420=ORIENTED_EDGE('',*,*,#6675,.T.);
#9421=ORIENTED_EDGE('',*,*,#6678,.F.);
#9422=ORIENTED_EDGE('',*,*,#6674,.F.);
#9423=ORIENTED_EDGE('',*,*,#6671,.T.);
#9424=ORIENTED_EDGE('',*,*,#6666,.T.);
#9425=ORIENTED_EDGE('',*,*,#6669,.F.);
#9426=ORIENTED_EDGE('',*,*,#6665,.F.);
#9427=ORIENTED_EDGE('',*,*,#6662,.T.);
#9428=ORIENTED_EDGE('',*,*,#6657,.T.);
#9429=ORIENTED_EDGE('',*,*,#6660,.F.);
#9430=ORIENTED_EDGE('',*,*,#6656,.F.);
#9431=ORIENTED_EDGE('',*,*,#6653,.T.);
#9432=ORIENTED_EDGE('',*,*,#6648,.T.);
#9433=ORIENTED_EDGE('',*,*,#6651,.F.);
#9434=ORIENTED_EDGE('',*,*,#6647,.F.);
#9435=ORIENTED_EDGE('',*,*,#6644,.T.);
#9436=ORIENTED_EDGE('',*,*,#6639,.T.);
#9437=ORIENTED_EDGE('',*,*,#6642,.F.);
#9438=ORIENTED_EDGE('',*,*,#6638,.F.);
#9439=ORIENTED_EDGE('',*,*,#6635,.T.);
#9440=ORIENTED_EDGE('',*,*,#6630,.T.);
#9441=ORIENTED_EDGE('',*,*,#6633,.F.);
#9442=ORIENTED_EDGE('',*,*,#6629,.F.);
#9443=ORIENTED_EDGE('',*,*,#6626,.T.);
#9444=ORIENTED_EDGE('',*,*,#6621,.T.);
#9445=ORIENTED_EDGE('',*,*,#6624,.F.);
#9446=ORIENTED_EDGE('',*,*,#6620,.F.);
#9447=ORIENTED_EDGE('',*,*,#6617,.T.);
#9448=ORIENTED_EDGE('',*,*,#6612,.T.);
#9449=ORIENTED_EDGE('',*,*,#6615,.F.);
#9450=ORIENTED_EDGE('',*,*,#6606,.T.);
#9451=ORIENTED_EDGE('',*,*,#6603,.T.);
#9452=ORIENTED_EDGE('',*,*,#6609,.T.);
#9453=ORIENTED_EDGE('',*,*,#6717,.F.);
#9454=ORIENTED_EDGE('',*,*,#6720,.F.);
#9455=ORIENTED_EDGE('',*,*,#6723,.F.);
#9456=ORIENTED_EDGE('',*,*,#6726,.F.);
#9457=ORIENTED_EDGE('',*,*,#6729,.F.);
#9458=ORIENTED_EDGE('',*,*,#6732,.F.);
#9459=ORIENTED_EDGE('',*,*,#6735,.F.);
#9460=ORIENTED_EDGE('',*,*,#7227,.T.);
#9461=ORIENTED_EDGE('',*,*,#7157,.T.);
#9462=ORIENTED_EDGE('',*,*,#7221,.T.);
#9463=ORIENTED_EDGE('',*,*,#7145,.T.);
#9464=ORIENTED_EDGE('',*,*,#7215,.T.);
#9465=ORIENTED_EDGE('',*,*,#7133,.T.);
#9466=ORIENTED_EDGE('',*,*,#7209,.T.);
#9467=ORIENTED_EDGE('',*,*,#7121,.T.);
#9468=ORIENTED_EDGE('',*,*,#7203,.T.);
#9469=ORIENTED_EDGE('',*,*,#7404,.F.);
#9470=ORIENTED_EDGE('',*,*,#7405,.F.);
#9471=ORIENTED_EDGE('',*,*,#7233,.T.);
#9472=ORIENTED_EDGE('',*,*,#7202,.T.);
#9473=ORIENTED_EDGE('',*,*,#7406,.F.);
#9474=ORIENTED_EDGE('',*,*,#7407,.F.);
#9475=ORIENTED_EDGE('',*,*,#7404,.T.);
#9476=ORIENTED_EDGE('',*,*,#7201,.T.);
#9477=ORIENTED_EDGE('',*,*,#7109,.T.);
#9478=ORIENTED_EDGE('',*,*,#7195,.T.);
#9479=ORIENTED_EDGE('',*,*,#7097,.T.);
#9480=ORIENTED_EDGE('',*,*,#7189,.T.);
#9481=ORIENTED_EDGE('',*,*,#7087,.T.);
#9482=ORIENTED_EDGE('',*,*,#7183,.T.);
#9483=ORIENTED_EDGE('',*,*,#7075,.T.);
#9484=ORIENTED_EDGE('',*,*,#7177,.T.);
#9485=ORIENTED_EDGE('',*,*,#7235,.F.);
#9486=ORIENTED_EDGE('',*,*,#7408,.F.);
#9487=ORIENTED_EDGE('',*,*,#7406,.T.);
#9488=ORIENTED_EDGE('',*,*,#7234,.T.);
#9489=ORIENTED_EDGE('',*,*,#7405,.T.);
#9490=ORIENTED_EDGE('',*,*,#7407,.T.);
#9491=ORIENTED_EDGE('',*,*,#7408,.T.);
#9492=ORIENTED_EDGE('',*,*,#7409,.F.);
#9493=ORIENTED_EDGE('',*,*,#7410,.F.);
#9494=ORIENTED_EDGE('',*,*,#7411,.F.);
#9495=ORIENTED_EDGE('',*,*,#7412,.F.);
#9496=ORIENTED_EDGE('',*,*,#7413,.F.);
#9497=ORIENTED_EDGE('',*,*,#7414,.F.);
#9498=ORIENTED_EDGE('',*,*,#7415,.F.);
#9499=ORIENTED_EDGE('',*,*,#7416,.F.);
#9500=ORIENTED_EDGE('',*,*,#7417,.F.);
#9501=ORIENTED_EDGE('',*,*,#7418,.F.);
#9502=ORIENTED_EDGE('',*,*,#7419,.F.);
#9503=ORIENTED_EDGE('',*,*,#7420,.F.);
#9504=ORIENTED_EDGE('',*,*,#7421,.F.);
#9505=ORIENTED_EDGE('',*,*,#7422,.F.);
#9506=ORIENTED_EDGE('',*,*,#7423,.F.);
#9507=ORIENTED_EDGE('',*,*,#7424,.F.);
#9508=ORIENTED_EDGE('',*,*,#7175,.T.);
#9509=ORIENTED_EDGE('',*,*,#7425,.F.);
#9510=ORIENTED_EDGE('',*,*,#7426,.F.);
#9511=ORIENTED_EDGE('',*,*,#7230,.T.);
#9512=ORIENTED_EDGE('',*,*,#7174,.T.);
#9513=ORIENTED_EDGE('',*,*,#7427,.F.);
#9514=ORIENTED_EDGE('',*,*,#7428,.F.);
#9515=ORIENTED_EDGE('',*,*,#7425,.T.);
#9516=ORIENTED_EDGE('',*,*,#7229,.T.);
#9517=ORIENTED_EDGE('',*,*,#7232,.F.);
#9518=ORIENTED_EDGE('',*,*,#7429,.F.);
#9519=ORIENTED_EDGE('',*,*,#7427,.T.);
#9520=ORIENTED_EDGE('',*,*,#7426,.T.);
#9521=ORIENTED_EDGE('',*,*,#7428,.T.);
#9522=ORIENTED_EDGE('',*,*,#7429,.T.);
#9523=ORIENTED_EDGE('',*,*,#7231,.T.);
#9524=ORIENTED_EDGE('',*,*,#7430,.T.);
#9525=ORIENTED_EDGE('',*,*,#7263,.T.);
#9526=ORIENTED_EDGE('',*,*,#7431,.F.);
#9527=ORIENTED_EDGE('',*,*,#7432,.F.);
#9528=ORIENTED_EDGE('',*,*,#7433,.F.);
#9529=ORIENTED_EDGE('',*,*,#7434,.F.);
#9530=ORIENTED_EDGE('',*,*,#7154,.T.);
#9531=ORIENTED_EDGE('',*,*,#7435,.F.);
#9532=ORIENTED_EDGE('',*,*,#7436,.F.);
#9533=ORIENTED_EDGE('',*,*,#7431,.T.);
#9534=ORIENTED_EDGE('',*,*,#7151,.T.);
#9535=ORIENTED_EDGE('',*,*,#7161,.T.);
#9536=ORIENTED_EDGE('',*,*,#7437,.F.);
#9537=ORIENTED_EDGE('',*,*,#7438,.F.);
#9538=ORIENTED_EDGE('',*,*,#7439,.T.);
#9539=ORIENTED_EDGE('',*,*,#7435,.T.);
#9540=ORIENTED_EDGE('',*,*,#7160,.T.);
#9541=ORIENTED_EDGE('',*,*,#7351,.T.);
#9542=ORIENTED_EDGE('',*,*,#7430,.F.);
#9543=ORIENTED_EDGE('',*,*,#7440,.F.);
#9544=ORIENTED_EDGE('',*,*,#7437,.T.);
#9545=ORIENTED_EDGE('',*,*,#7441,.T.);
#9546=ORIENTED_EDGE('',*,*,#7295,.T.);
#9547=ORIENTED_EDGE('',*,*,#7442,.F.);
#9548=ORIENTED_EDGE('',*,*,#7443,.F.);
#9549=ORIENTED_EDGE('',*,*,#7444,.F.);
#9550=ORIENTED_EDGE('',*,*,#7445,.F.);
#9551=ORIENTED_EDGE('',*,*,#7142,.T.);
#9552=ORIENTED_EDGE('',*,*,#7446,.F.);
#9553=ORIENTED_EDGE('',*,*,#7447,.F.);
#9554=ORIENTED_EDGE('',*,*,#7442,.T.);
#9555=ORIENTED_EDGE('',*,*,#7139,.T.);
#9556=ORIENTED_EDGE('',*,*,#7149,.T.);
#9557=ORIENTED_EDGE('',*,*,#7448,.F.);
#9558=ORIENTED_EDGE('',*,*,#7449,.F.);
#9559=ORIENTED_EDGE('',*,*,#7450,.T.);
#9560=ORIENTED_EDGE('',*,*,#7446,.T.);
#9561=ORIENTED_EDGE('',*,*,#7148,.T.);
#9562=ORIENTED_EDGE('',*,*,#7344,.T.);
#9563=ORIENTED_EDGE('',*,*,#7441,.F.);
#9564=ORIENTED_EDGE('',*,*,#7451,.F.);
#9565=ORIENTED_EDGE('',*,*,#7448,.T.);
#9566=ORIENTED_EDGE('',*,*,#7452,.T.);
#9567=ORIENTED_EDGE('',*,*,#7287,.F.);
#9568=ORIENTED_EDGE('',*,*,#7453,.F.);
#9569=ORIENTED_EDGE('',*,*,#7454,.F.);
#9570=ORIENTED_EDGE('',*,*,#7455,.T.);
#9571=ORIENTED_EDGE('',*,*,#7456,.F.);
#9572=ORIENTED_EDGE('',*,*,#7130,.T.);
#9573=ORIENTED_EDGE('',*,*,#7457,.F.);
#9574=ORIENTED_EDGE('',*,*,#7458,.F.);
#9575=ORIENTED_EDGE('',*,*,#7453,.T.);
#9576=ORIENTED_EDGE('',*,*,#7364,.F.);
#9577=ORIENTED_EDGE('',*,*,#7137,.T.);
#9578=ORIENTED_EDGE('',*,*,#7459,.F.);
#9579=ORIENTED_EDGE('',*,*,#7460,.F.);
#9580=ORIENTED_EDGE('',*,*,#7461,.F.);
#9581=ORIENTED_EDGE('',*,*,#7457,.T.);
#9582=ORIENTED_EDGE('',*,*,#7136,.T.);
#9583=ORIENTED_EDGE('',*,*,#7127,.F.);
#9584=ORIENTED_EDGE('',*,*,#7452,.F.);
#9585=ORIENTED_EDGE('',*,*,#7462,.F.);
#9586=ORIENTED_EDGE('',*,*,#7459,.T.);
#9587=ORIENTED_EDGE('',*,*,#7463,.T.);
#9588=ORIENTED_EDGE('',*,*,#7271,.F.);
#9589=ORIENTED_EDGE('',*,*,#7464,.F.);
#9590=ORIENTED_EDGE('',*,*,#7465,.F.);
#9591=ORIENTED_EDGE('',*,*,#7466,.T.);
#9592=ORIENTED_EDGE('',*,*,#7467,.F.);
#9593=ORIENTED_EDGE('',*,*,#7118,.T.);
#9594=ORIENTED_EDGE('',*,*,#7468,.F.);
#9595=ORIENTED_EDGE('',*,*,#7469,.F.);
#9596=ORIENTED_EDGE('',*,*,#7464,.T.);
#9597=ORIENTED_EDGE('',*,*,#7371,.F.);
#9598=ORIENTED_EDGE('',*,*,#7125,.T.);
#9599=ORIENTED_EDGE('',*,*,#7470,.F.);
#9600=ORIENTED_EDGE('',*,*,#7471,.F.);
#9601=ORIENTED_EDGE('',*,*,#7472,.F.);
#9602=ORIENTED_EDGE('',*,*,#7468,.T.);
#9603=ORIENTED_EDGE('',*,*,#7124,.T.);
#9604=ORIENTED_EDGE('',*,*,#7115,.F.);
#9605=ORIENTED_EDGE('',*,*,#7463,.F.);
#9606=ORIENTED_EDGE('',*,*,#7473,.F.);
#9607=ORIENTED_EDGE('',*,*,#7470,.T.);
#9608=ORIENTED_EDGE('',*,*,#7474,.T.);
#9609=ORIENTED_EDGE('',*,*,#7307,.T.);
#9610=ORIENTED_EDGE('',*,*,#7475,.F.);
#9611=ORIENTED_EDGE('',*,*,#7476,.F.);
#9612=ORIENTED_EDGE('',*,*,#7477,.F.);
#9613=ORIENTED_EDGE('',*,*,#7478,.F.);
#9614=ORIENTED_EDGE('',*,*,#7106,.T.);
#9615=ORIENTED_EDGE('',*,*,#7479,.F.);
#9616=ORIENTED_EDGE('',*,*,#7480,.F.);
#9617=ORIENTED_EDGE('',*,*,#7475,.T.);
#9618=ORIENTED_EDGE('',*,*,#7103,.T.);
#9619=ORIENTED_EDGE('',*,*,#7113,.T.);
#9620=ORIENTED_EDGE('',*,*,#7481,.F.);
#9621=ORIENTED_EDGE('',*,*,#7482,.F.);
#9622=ORIENTED_EDGE('',*,*,#7483,.T.);
#9623=ORIENTED_EDGE('',*,*,#7479,.T.);
#9624=ORIENTED_EDGE('',*,*,#7112,.T.);
#9625=ORIENTED_EDGE('',*,*,#7319,.T.);
#9626=ORIENTED_EDGE('',*,*,#7474,.F.);
#9627=ORIENTED_EDGE('',*,*,#7484,.F.);
#9628=ORIENTED_EDGE('',*,*,#7481,.T.);
#9629=ORIENTED_EDGE('',*,*,#7485,.T.);
#9630=ORIENTED_EDGE('',*,*,#7243,.T.);
#9631=ORIENTED_EDGE('',*,*,#7486,.F.);
#9632=ORIENTED_EDGE('',*,*,#7487,.F.);
#9633=ORIENTED_EDGE('',*,*,#7488,.F.);
#9634=ORIENTED_EDGE('',*,*,#7489,.F.);
#9635=ORIENTED_EDGE('',*,*,#7094,.T.);
#9636=ORIENTED_EDGE('',*,*,#7490,.F.);
#9637=ORIENTED_EDGE('',*,*,#7491,.F.);
#9638=ORIENTED_EDGE('',*,*,#7486,.T.);
#9639=ORIENTED_EDGE('',*,*,#7091,.T.);
#9640=ORIENTED_EDGE('',*,*,#7101,.T.);
#9641=ORIENTED_EDGE('',*,*,#7492,.F.);
#9642=ORIENTED_EDGE('',*,*,#7493,.F.);
#9643=ORIENTED_EDGE('',*,*,#7494,.T.);
#9644=ORIENTED_EDGE('',*,*,#7490,.T.);
#9645=ORIENTED_EDGE('',*,*,#7100,.T.);
#9646=ORIENTED_EDGE('',*,*,#7326,.T.);
#9647=ORIENTED_EDGE('',*,*,#7485,.F.);
#9648=ORIENTED_EDGE('',*,*,#7495,.F.);
#9649=ORIENTED_EDGE('',*,*,#7492,.T.);
#9650=ORIENTED_EDGE('',*,*,#7496,.T.);
#9651=ORIENTED_EDGE('',*,*,#7303,.F.);
#9652=ORIENTED_EDGE('',*,*,#7497,.F.);
#9653=ORIENTED_EDGE('',*,*,#7498,.F.);
#9654=ORIENTED_EDGE('',*,*,#7499,.T.);
#9655=ORIENTED_EDGE('',*,*,#7500,.F.);
#9656=ORIENTED_EDGE('',*,*,#7082,.T.);
#9657=ORIENTED_EDGE('',*,*,#7079,.F.);
#9658=ORIENTED_EDGE('',*,*,#7496,.F.);
#9659=ORIENTED_EDGE('',*,*,#7501,.F.);
#9660=ORIENTED_EDGE('',*,*,#7502,.T.);
#9661=ORIENTED_EDGE('',*,*,#7084,.T.);
#9662=ORIENTED_EDGE('',*,*,#7503,.F.);
#9663=ORIENTED_EDGE('',*,*,#7504,.F.);
#9664=ORIENTED_EDGE('',*,*,#7497,.T.);
#9665=ORIENTED_EDGE('',*,*,#7336,.F.);
#9666=ORIENTED_EDGE('',*,*,#7083,.T.);
#9667=ORIENTED_EDGE('',*,*,#7502,.F.);
#9668=ORIENTED_EDGE('',*,*,#7505,.F.);
#9669=ORIENTED_EDGE('',*,*,#7506,.F.);
#9670=ORIENTED_EDGE('',*,*,#7503,.T.);
#9671=ORIENTED_EDGE('',*,*,#7507,.T.);
#9672=ORIENTED_EDGE('',*,*,#7251,.F.);
#9673=ORIENTED_EDGE('',*,*,#7508,.F.);
#9674=ORIENTED_EDGE('',*,*,#7509,.F.);
#9675=ORIENTED_EDGE('',*,*,#7510,.T.);
#9676=ORIENTED_EDGE('',*,*,#7511,.F.);
#9677=ORIENTED_EDGE('',*,*,#7070,.T.);
#9678=ORIENTED_EDGE('',*,*,#7067,.F.);
#9679=ORIENTED_EDGE('',*,*,#7507,.F.);
#9680=ORIENTED_EDGE('',*,*,#7512,.F.);
#9681=ORIENTED_EDGE('',*,*,#7513,.T.);
#9682=ORIENTED_EDGE('',*,*,#7072,.T.);
#9683=ORIENTED_EDGE('',*,*,#7514,.F.);
#9684=ORIENTED_EDGE('',*,*,#7515,.F.);
#9685=ORIENTED_EDGE('',*,*,#7508,.T.);
#9686=ORIENTED_EDGE('',*,*,#7340,.F.);
#9687=ORIENTED_EDGE('',*,*,#7071,.T.);
#9688=ORIENTED_EDGE('',*,*,#7513,.F.);
#9689=ORIENTED_EDGE('',*,*,#7516,.F.);
#9690=ORIENTED_EDGE('',*,*,#7517,.F.);
#9691=ORIENTED_EDGE('',*,*,#7514,.T.);
#9692=ORIENTED_EDGE('',*,*,#7518,.F.);
#9693=ORIENTED_EDGE('',*,*,#7432,.T.);
#9694=ORIENTED_EDGE('',*,*,#7436,.T.);
#9695=ORIENTED_EDGE('',*,*,#7519,.F.);
#9696=ORIENTED_EDGE('',*,*,#7520,.F.);
#9697=ORIENTED_EDGE('',*,*,#7518,.T.);
#9698=ORIENTED_EDGE('',*,*,#7521,.F.);
#9699=ORIENTED_EDGE('',*,*,#7522,.F.);
#9700=ORIENTED_EDGE('',*,*,#7433,.T.);
#9701=ORIENTED_EDGE('',*,*,#7520,.T.);
#9702=ORIENTED_EDGE('',*,*,#7523,.F.);
#9703=ORIENTED_EDGE('',*,*,#7524,.F.);
#9704=ORIENTED_EDGE('',*,*,#7521,.T.);
#9705=ORIENTED_EDGE('',*,*,#7519,.T.);
#9706=ORIENTED_EDGE('',*,*,#7439,.F.);
#9707=ORIENTED_EDGE('',*,*,#7525,.F.);
#9708=ORIENTED_EDGE('',*,*,#7523,.T.);
#9709=ORIENTED_EDGE('',*,*,#7440,.T.);
#9710=ORIENTED_EDGE('',*,*,#7434,.T.);
#9711=ORIENTED_EDGE('',*,*,#7522,.T.);
#9712=ORIENTED_EDGE('',*,*,#7524,.T.);
#9713=ORIENTED_EDGE('',*,*,#7525,.T.);
#9714=ORIENTED_EDGE('',*,*,#7438,.T.);
#9715=ORIENTED_EDGE('',*,*,#7526,.T.);
#9716=ORIENTED_EDGE('',*,*,#7527,.F.);
#9717=ORIENTED_EDGE('',*,*,#7528,.F.);
#9718=ORIENTED_EDGE('',*,*,#7444,.T.);
#9719=ORIENTED_EDGE('',*,*,#7529,.T.);
#9720=ORIENTED_EDGE('',*,*,#7530,.F.);
#9721=ORIENTED_EDGE('',*,*,#7531,.F.);
#9722=ORIENTED_EDGE('',*,*,#7527,.T.);
#9723=ORIENTED_EDGE('',*,*,#7532,.T.);
#9724=ORIENTED_EDGE('',*,*,#7450,.F.);
#9725=ORIENTED_EDGE('',*,*,#7533,.F.);
#9726=ORIENTED_EDGE('',*,*,#7530,.T.);
#9727=ORIENTED_EDGE('',*,*,#7451,.T.);
#9728=ORIENTED_EDGE('',*,*,#7445,.T.);
#9729=ORIENTED_EDGE('',*,*,#7528,.T.);
#9730=ORIENTED_EDGE('',*,*,#7531,.T.);
#9731=ORIENTED_EDGE('',*,*,#7533,.T.);
#9732=ORIENTED_EDGE('',*,*,#7449,.T.);
#9733=ORIENTED_EDGE('',*,*,#7526,.F.);
#9734=ORIENTED_EDGE('',*,*,#7443,.T.);
#9735=ORIENTED_EDGE('',*,*,#7447,.T.);
#9736=ORIENTED_EDGE('',*,*,#7532,.F.);
#9737=ORIENTED_EDGE('',*,*,#7529,.F.);
#9738=ORIENTED_EDGE('',*,*,#7534,.T.);
#9739=ORIENTED_EDGE('',*,*,#7455,.F.);
#9740=ORIENTED_EDGE('',*,*,#7535,.F.);
#9741=ORIENTED_EDGE('',*,*,#7536,.T.);
#9742=ORIENTED_EDGE('',*,*,#7537,.T.);
#9743=ORIENTED_EDGE('',*,*,#7538,.F.);
#9744=ORIENTED_EDGE('',*,*,#7539,.F.);
#9745=ORIENTED_EDGE('',*,*,#7460,.T.);
#9746=ORIENTED_EDGE('',*,*,#7540,.T.);
#9747=ORIENTED_EDGE('',*,*,#7536,.F.);
#9748=ORIENTED_EDGE('',*,*,#7541,.F.);
#9749=ORIENTED_EDGE('',*,*,#7538,.T.);
#9750=ORIENTED_EDGE('',*,*,#7535,.T.);
#9751=ORIENTED_EDGE('',*,*,#7454,.T.);
#9752=ORIENTED_EDGE('',*,*,#7458,.T.);
#9753=ORIENTED_EDGE('',*,*,#7461,.T.);
#9754=ORIENTED_EDGE('',*,*,#7539,.T.);
#9755=ORIENTED_EDGE('',*,*,#7541,.T.);
#9756=ORIENTED_EDGE('',*,*,#7462,.T.);
#9757=ORIENTED_EDGE('',*,*,#7456,.T.);
#9758=ORIENTED_EDGE('',*,*,#7534,.F.);
#9759=ORIENTED_EDGE('',*,*,#7540,.F.);
#9760=ORIENTED_EDGE('',*,*,#7537,.F.);
#9761=ORIENTED_EDGE('',*,*,#7473,.T.);
#9762=ORIENTED_EDGE('',*,*,#7467,.T.);
#9763=ORIENTED_EDGE('',*,*,#7542,.F.);
#9764=ORIENTED_EDGE('',*,*,#7543,.F.);
#9765=ORIENTED_EDGE('',*,*,#7544,.F.);
#9766=ORIENTED_EDGE('',*,*,#7543,.T.);
#9767=ORIENTED_EDGE('',*,*,#7545,.F.);
#9768=ORIENTED_EDGE('',*,*,#7546,.F.);
#9769=ORIENTED_EDGE('',*,*,#7547,.T.);
#9770=ORIENTED_EDGE('',*,*,#7542,.T.);
#9771=ORIENTED_EDGE('',*,*,#7466,.F.);
#9772=ORIENTED_EDGE('',*,*,#7548,.F.);
#9773=ORIENTED_EDGE('',*,*,#7545,.T.);
#9774=ORIENTED_EDGE('',*,*,#7544,.T.);
#9775=ORIENTED_EDGE('',*,*,#7547,.F.);
#9776=ORIENTED_EDGE('',*,*,#7549,.F.);
#9777=ORIENTED_EDGE('',*,*,#7471,.T.);
#9778=ORIENTED_EDGE('',*,*,#7546,.T.);
#9779=ORIENTED_EDGE('',*,*,#7548,.T.);
#9780=ORIENTED_EDGE('',*,*,#7465,.T.);
#9781=ORIENTED_EDGE('',*,*,#7469,.T.);
#9782=ORIENTED_EDGE('',*,*,#7472,.T.);
#9783=ORIENTED_EDGE('',*,*,#7549,.T.);
#9784=ORIENTED_EDGE('',*,*,#7476,.T.);
#9785=ORIENTED_EDGE('',*,*,#7480,.T.);
#9786=ORIENTED_EDGE('',*,*,#7550,.F.);
#9787=ORIENTED_EDGE('',*,*,#7551,.F.);
#9788=ORIENTED_EDGE('',*,*,#7552,.F.);
#9789=ORIENTED_EDGE('',*,*,#7552,.T.);
#9790=ORIENTED_EDGE('',*,*,#7553,.F.);
#9791=ORIENTED_EDGE('',*,*,#7554,.F.);
#9792=ORIENTED_EDGE('',*,*,#7477,.T.);
#9793=ORIENTED_EDGE('',*,*,#7551,.T.);
#9794=ORIENTED_EDGE('',*,*,#7555,.F.);
#9795=ORIENTED_EDGE('',*,*,#7556,.F.);
#9796=ORIENTED_EDGE('',*,*,#7553,.T.);
#9797=ORIENTED_EDGE('',*,*,#7550,.T.);
#9798=ORIENTED_EDGE('',*,*,#7483,.F.);
#9799=ORIENTED_EDGE('',*,*,#7557,.F.);
#9800=ORIENTED_EDGE('',*,*,#7555,.T.);
#9801=ORIENTED_EDGE('',*,*,#7484,.T.);
#9802=ORIENTED_EDGE('',*,*,#7478,.T.);
#9803=ORIENTED_EDGE('',*,*,#7554,.T.);
#9804=ORIENTED_EDGE('',*,*,#7556,.T.);
#9805=ORIENTED_EDGE('',*,*,#7557,.T.);
#9806=ORIENTED_EDGE('',*,*,#7482,.T.);
#9807=ORIENTED_EDGE('',*,*,#7558,.T.);
#9808=ORIENTED_EDGE('',*,*,#7559,.F.);
#9809=ORIENTED_EDGE('',*,*,#7560,.F.);
#9810=ORIENTED_EDGE('',*,*,#7488,.T.);
#9811=ORIENTED_EDGE('',*,*,#7561,.T.);
#9812=ORIENTED_EDGE('',*,*,#7562,.F.);
#9813=ORIENTED_EDGE('',*,*,#7563,.F.);
#9814=ORIENTED_EDGE('',*,*,#7559,.T.);
#9815=ORIENTED_EDGE('',*,*,#7564,.T.);
#9816=ORIENTED_EDGE('',*,*,#7494,.F.);
#9817=ORIENTED_EDGE('',*,*,#7565,.F.);
#9818=ORIENTED_EDGE('',*,*,#7562,.T.);
#9819=ORIENTED_EDGE('',*,*,#7495,.T.);
#9820=ORIENTED_EDGE('',*,*,#7489,.T.);
#9821=ORIENTED_EDGE('',*,*,#7560,.T.);
#9822=ORIENTED_EDGE('',*,*,#7563,.T.);
#9823=ORIENTED_EDGE('',*,*,#7565,.T.);
#9824=ORIENTED_EDGE('',*,*,#7493,.T.);
#9825=ORIENTED_EDGE('',*,*,#7487,.T.);
#9826=ORIENTED_EDGE('',*,*,#7491,.T.);
#9827=ORIENTED_EDGE('',*,*,#7564,.F.);
#9828=ORIENTED_EDGE('',*,*,#7561,.F.);
#9829=ORIENTED_EDGE('',*,*,#7558,.F.);
#9830=ORIENTED_EDGE('',*,*,#7566,.T.);
#9831=ORIENTED_EDGE('',*,*,#7499,.F.);
#9832=ORIENTED_EDGE('',*,*,#7567,.F.);
#9833=ORIENTED_EDGE('',*,*,#7568,.T.);
#9834=ORIENTED_EDGE('',*,*,#7569,.T.);
#9835=ORIENTED_EDGE('',*,*,#7570,.F.);
#9836=ORIENTED_EDGE('',*,*,#7571,.F.);
#9837=ORIENTED_EDGE('',*,*,#7505,.T.);
#9838=ORIENTED_EDGE('',*,*,#7572,.T.);
#9839=ORIENTED_EDGE('',*,*,#7568,.F.);
#9840=ORIENTED_EDGE('',*,*,#7573,.F.);
#9841=ORIENTED_EDGE('',*,*,#7570,.T.);
#9842=ORIENTED_EDGE('',*,*,#7567,.T.);
#9843=ORIENTED_EDGE('',*,*,#7498,.T.);
#9844=ORIENTED_EDGE('',*,*,#7504,.T.);
#9845=ORIENTED_EDGE('',*,*,#7506,.T.);
#9846=ORIENTED_EDGE('',*,*,#7571,.T.);
#9847=ORIENTED_EDGE('',*,*,#7573,.T.);
#9848=ORIENTED_EDGE('',*,*,#7569,.F.);
#9849=ORIENTED_EDGE('',*,*,#7501,.T.);
#9850=ORIENTED_EDGE('',*,*,#7500,.T.);
#9851=ORIENTED_EDGE('',*,*,#7566,.F.);
#9852=ORIENTED_EDGE('',*,*,#7572,.F.);
#9853=ORIENTED_EDGE('',*,*,#7574,.F.);
#9854=ORIENTED_EDGE('',*,*,#7512,.T.);
#9855=ORIENTED_EDGE('',*,*,#7511,.T.);
#9856=ORIENTED_EDGE('',*,*,#7575,.F.);
#9857=ORIENTED_EDGE('',*,*,#7576,.F.);
#9858=ORIENTED_EDGE('',*,*,#7576,.T.);
#9859=ORIENTED_EDGE('',*,*,#7577,.F.);
#9860=ORIENTED_EDGE('',*,*,#7578,.F.);
#9861=ORIENTED_EDGE('',*,*,#7579,.T.);
#9862=ORIENTED_EDGE('',*,*,#7575,.T.);
#9863=ORIENTED_EDGE('',*,*,#7510,.F.);
#9864=ORIENTED_EDGE('',*,*,#7580,.F.);
#9865=ORIENTED_EDGE('',*,*,#7577,.T.);
#9866=ORIENTED_EDGE('',*,*,#7574,.T.);
#9867=ORIENTED_EDGE('',*,*,#7579,.F.);
#9868=ORIENTED_EDGE('',*,*,#7581,.F.);
#9869=ORIENTED_EDGE('',*,*,#7516,.T.);
#9870=ORIENTED_EDGE('',*,*,#7578,.T.);
#9871=ORIENTED_EDGE('',*,*,#7580,.T.);
#9872=ORIENTED_EDGE('',*,*,#7509,.T.);
#9873=ORIENTED_EDGE('',*,*,#7515,.T.);
#9874=ORIENTED_EDGE('',*,*,#7517,.T.);
#9875=ORIENTED_EDGE('',*,*,#7581,.T.);
#9876=ORIENTED_EDGE('',*,*,#7417,.T.);
#9877=ORIENTED_EDGE('',*,*,#7582,.F.);
#9878=ORIENTED_EDGE('',*,*,#6738,.F.);
#9879=ORIENTED_EDGE('',*,*,#7583,.T.);
#9880=ORIENTED_EDGE('',*,*,#7418,.T.);
#9881=ORIENTED_EDGE('',*,*,#7583,.F.);
#9882=ORIENTED_EDGE('',*,*,#6745,.F.);
#9883=ORIENTED_EDGE('',*,*,#7584,.T.);
#9884=ORIENTED_EDGE('',*,*,#7419,.T.);
#9885=ORIENTED_EDGE('',*,*,#7584,.F.);
#9886=ORIENTED_EDGE('',*,*,#6744,.F.);
#9887=ORIENTED_EDGE('',*,*,#7585,.T.);
#9888=ORIENTED_EDGE('',*,*,#7420,.T.);
#9889=ORIENTED_EDGE('',*,*,#7585,.F.);
#9890=ORIENTED_EDGE('',*,*,#6743,.F.);
#9891=ORIENTED_EDGE('',*,*,#7586,.T.);
#9892=ORIENTED_EDGE('',*,*,#7421,.T.);
#9893=ORIENTED_EDGE('',*,*,#7586,.F.);
#9894=ORIENTED_EDGE('',*,*,#6742,.F.);
#9895=ORIENTED_EDGE('',*,*,#7587,.T.);
#9896=ORIENTED_EDGE('',*,*,#7422,.T.);
#9897=ORIENTED_EDGE('',*,*,#7587,.F.);
#9898=ORIENTED_EDGE('',*,*,#6741,.F.);
#9899=ORIENTED_EDGE('',*,*,#7588,.T.);
#9900=ORIENTED_EDGE('',*,*,#7423,.T.);
#9901=ORIENTED_EDGE('',*,*,#7588,.F.);
#9902=ORIENTED_EDGE('',*,*,#6740,.F.);
#9903=ORIENTED_EDGE('',*,*,#7589,.T.);
#9904=ORIENTED_EDGE('',*,*,#7424,.T.);
#9905=ORIENTED_EDGE('',*,*,#7589,.F.);
#9906=ORIENTED_EDGE('',*,*,#6739,.F.);
#9907=ORIENTED_EDGE('',*,*,#7582,.T.);
#9908=ORIENTED_EDGE('',*,*,#7590,.F.);
#9909=ORIENTED_EDGE('',*,*,#7591,.T.);
#9910=ORIENTED_EDGE('',*,*,#7592,.T.);
#9911=ORIENTED_EDGE('',*,*,#7413,.T.);
#9912=ORIENTED_EDGE('',*,*,#7592,.F.);
#9913=ORIENTED_EDGE('',*,*,#7593,.T.);
#9914=ORIENTED_EDGE('',*,*,#7594,.T.);
#9915=ORIENTED_EDGE('',*,*,#7414,.T.);
#9916=ORIENTED_EDGE('',*,*,#7594,.F.);
#9917=ORIENTED_EDGE('',*,*,#7595,.T.);
#9918=ORIENTED_EDGE('',*,*,#7596,.T.);
#9919=ORIENTED_EDGE('',*,*,#7415,.T.);
#9920=ORIENTED_EDGE('',*,*,#7596,.F.);
#9921=ORIENTED_EDGE('',*,*,#7597,.T.);
#9922=ORIENTED_EDGE('',*,*,#7590,.T.);
#9923=ORIENTED_EDGE('',*,*,#7416,.T.);
#9924=ORIENTED_EDGE('',*,*,#7598,.T.);
#9925=ORIENTED_EDGE('',*,*,#7599,.T.);
#9926=ORIENTED_EDGE('',*,*,#7600,.T.);
#9927=ORIENTED_EDGE('',*,*,#7601,.T.);
#9928=ORIENTED_EDGE('',*,*,#7602,.F.);
#9929=ORIENTED_EDGE('',*,*,#7603,.T.);
#9930=ORIENTED_EDGE('',*,*,#7604,.T.);
#9931=ORIENTED_EDGE('',*,*,#7409,.T.);
#9932=ORIENTED_EDGE('',*,*,#7604,.F.);
#9933=ORIENTED_EDGE('',*,*,#7605,.T.);
#9934=ORIENTED_EDGE('',*,*,#7606,.T.);
#9935=ORIENTED_EDGE('',*,*,#7410,.T.);
#9936=ORIENTED_EDGE('',*,*,#7606,.F.);
#9937=ORIENTED_EDGE('',*,*,#7607,.T.);
#9938=ORIENTED_EDGE('',*,*,#7608,.T.);
#9939=ORIENTED_EDGE('',*,*,#7411,.T.);
#9940=ORIENTED_EDGE('',*,*,#7608,.F.);
#9941=ORIENTED_EDGE('',*,*,#7609,.T.);
#9942=ORIENTED_EDGE('',*,*,#7602,.T.);
#9943=ORIENTED_EDGE('',*,*,#7412,.T.);
#9944=ORIENTED_EDGE('',*,*,#7610,.T.);
#9945=ORIENTED_EDGE('',*,*,#7611,.T.);
#9946=ORIENTED_EDGE('',*,*,#7612,.T.);
#9947=ORIENTED_EDGE('',*,*,#7613,.T.);
#9948=ORIENTED_EDGE('',*,*,#7614,.F.);
#9949=ORIENTED_EDGE('',*,*,#7609,.F.);
#9950=ORIENTED_EDGE('',*,*,#7615,.F.);
#9951=ORIENTED_EDGE('',*,*,#7613,.F.);
#9952=ORIENTED_EDGE('',*,*,#7615,.T.);
#9953=ORIENTED_EDGE('',*,*,#7607,.F.);
#9954=ORIENTED_EDGE('',*,*,#7616,.F.);
#9955=ORIENTED_EDGE('',*,*,#7610,.F.);
#9956=ORIENTED_EDGE('',*,*,#7614,.T.);
#9957=ORIENTED_EDGE('',*,*,#7612,.F.);
#9958=ORIENTED_EDGE('',*,*,#7617,.F.);
#9959=ORIENTED_EDGE('',*,*,#7603,.F.);
#9960=ORIENTED_EDGE('',*,*,#7616,.T.);
#9961=ORIENTED_EDGE('',*,*,#7605,.F.);
#9962=ORIENTED_EDGE('',*,*,#7617,.T.);
#9963=ORIENTED_EDGE('',*,*,#7611,.F.);
#9964=ORIENTED_EDGE('',*,*,#7618,.F.);
#9965=ORIENTED_EDGE('',*,*,#7597,.F.);
#9966=ORIENTED_EDGE('',*,*,#7619,.F.);
#9967=ORIENTED_EDGE('',*,*,#7601,.F.);
#9968=ORIENTED_EDGE('',*,*,#7619,.T.);
#9969=ORIENTED_EDGE('',*,*,#7595,.F.);
#9970=ORIENTED_EDGE('',*,*,#7620,.F.);
#9971=ORIENTED_EDGE('',*,*,#7598,.F.);
#9972=ORIENTED_EDGE('',*,*,#7618,.T.);
#9973=ORIENTED_EDGE('',*,*,#7600,.F.);
#9974=ORIENTED_EDGE('',*,*,#7621,.F.);
#9975=ORIENTED_EDGE('',*,*,#7591,.F.);
#9976=ORIENTED_EDGE('',*,*,#7620,.T.);
#9977=ORIENTED_EDGE('',*,*,#7593,.F.);
#9978=ORIENTED_EDGE('',*,*,#7621,.T.);
#9979=ORIENTED_EDGE('',*,*,#7599,.F.);
#9980=ORIENTED_EDGE('',*,*,#6747,.T.);
#9981=ORIENTED_EDGE('',*,*,#7622,.F.);
#9982=ORIENTED_EDGE('',*,*,#7623,.F.);
#9983=ORIENTED_EDGE('',*,*,#7624,.T.);
#9984=ORIENTED_EDGE('',*,*,#6746,.T.);
#9985=ORIENTED_EDGE('',*,*,#7625,.F.);
#9986=ORIENTED_EDGE('',*,*,#7626,.F.);
#9987=ORIENTED_EDGE('',*,*,#7622,.T.);
#9988=ORIENTED_EDGE('',*,*,#6749,.T.);
#9989=ORIENTED_EDGE('',*,*,#7627,.F.);
#9990=ORIENTED_EDGE('',*,*,#7628,.F.);
#9991=ORIENTED_EDGE('',*,*,#7625,.T.);
#9992=ORIENTED_EDGE('',*,*,#6748,.T.);
#9993=ORIENTED_EDGE('',*,*,#7624,.F.);
#9994=ORIENTED_EDGE('',*,*,#7629,.F.);
#9995=ORIENTED_EDGE('',*,*,#7627,.T.);
#9996=ORIENTED_EDGE('',*,*,#7623,.T.);
#9997=ORIENTED_EDGE('',*,*,#7626,.T.);
#9998=ORIENTED_EDGE('',*,*,#7628,.T.);
#9999=ORIENTED_EDGE('',*,*,#7629,.T.);
#10000=ORIENTED_EDGE('',*,*,#6751,.T.);
#10001=ORIENTED_EDGE('',*,*,#7630,.F.);
#10002=ORIENTED_EDGE('',*,*,#7631,.F.);
#10003=ORIENTED_EDGE('',*,*,#7632,.T.);
#10004=ORIENTED_EDGE('',*,*,#6750,.T.);
#10005=ORIENTED_EDGE('',*,*,#7633,.F.);
#10006=ORIENTED_EDGE('',*,*,#7634,.F.);
#10007=ORIENTED_EDGE('',*,*,#7630,.T.);
#10008=ORIENTED_EDGE('',*,*,#6753,.T.);
#10009=ORIENTED_EDGE('',*,*,#7635,.F.);
#10010=ORIENTED_EDGE('',*,*,#7636,.F.);
#10011=ORIENTED_EDGE('',*,*,#7633,.T.);
#10012=ORIENTED_EDGE('',*,*,#6752,.T.);
#10013=ORIENTED_EDGE('',*,*,#7632,.F.);
#10014=ORIENTED_EDGE('',*,*,#7637,.F.);
#10015=ORIENTED_EDGE('',*,*,#7635,.T.);
#10016=ORIENTED_EDGE('',*,*,#7631,.T.);
#10017=ORIENTED_EDGE('',*,*,#7634,.T.);
#10018=ORIENTED_EDGE('',*,*,#7636,.T.);
#10019=ORIENTED_EDGE('',*,*,#7637,.T.);
#10020=ORIENTED_EDGE('',*,*,#6755,.T.);
#10021=ORIENTED_EDGE('',*,*,#7638,.F.);
#10022=ORIENTED_EDGE('',*,*,#7639,.F.);
#10023=ORIENTED_EDGE('',*,*,#7640,.T.);
#10024=ORIENTED_EDGE('',*,*,#6754,.T.);
#10025=ORIENTED_EDGE('',*,*,#7641,.F.);
#10026=ORIENTED_EDGE('',*,*,#7642,.F.);
#10027=ORIENTED_EDGE('',*,*,#7638,.T.);
#10028=ORIENTED_EDGE('',*,*,#6757,.T.);
#10029=ORIENTED_EDGE('',*,*,#7643,.F.);
#10030=ORIENTED_EDGE('',*,*,#7644,.F.);
#10031=ORIENTED_EDGE('',*,*,#7641,.T.);
#10032=ORIENTED_EDGE('',*,*,#6756,.T.);
#10033=ORIENTED_EDGE('',*,*,#7640,.F.);
#10034=ORIENTED_EDGE('',*,*,#7645,.F.);
#10035=ORIENTED_EDGE('',*,*,#7643,.T.);
#10036=ORIENTED_EDGE('',*,*,#7639,.T.);
#10037=ORIENTED_EDGE('',*,*,#7642,.T.);
#10038=ORIENTED_EDGE('',*,*,#7644,.T.);
#10039=ORIENTED_EDGE('',*,*,#7645,.T.);
#10040=ORIENTED_EDGE('',*,*,#6759,.T.);
#10041=ORIENTED_EDGE('',*,*,#7646,.F.);
#10042=ORIENTED_EDGE('',*,*,#7647,.F.);
#10043=ORIENTED_EDGE('',*,*,#7648,.T.);
#10044=ORIENTED_EDGE('',*,*,#6758,.T.);
#10045=ORIENTED_EDGE('',*,*,#7649,.F.);
#10046=ORIENTED_EDGE('',*,*,#7650,.F.);
#10047=ORIENTED_EDGE('',*,*,#7646,.T.);
#10048=ORIENTED_EDGE('',*,*,#6761,.T.);
#10049=ORIENTED_EDGE('',*,*,#7651,.F.);
#10050=ORIENTED_EDGE('',*,*,#7652,.F.);
#10051=ORIENTED_EDGE('',*,*,#7649,.T.);
#10052=ORIENTED_EDGE('',*,*,#6760,.T.);
#10053=ORIENTED_EDGE('',*,*,#7648,.F.);
#10054=ORIENTED_EDGE('',*,*,#7653,.F.);
#10055=ORIENTED_EDGE('',*,*,#7651,.T.);
#10056=ORIENTED_EDGE('',*,*,#7647,.T.);
#10057=ORIENTED_EDGE('',*,*,#7650,.T.);
#10058=ORIENTED_EDGE('',*,*,#7652,.T.);
#10059=ORIENTED_EDGE('',*,*,#7653,.T.);
#10060=ORIENTED_EDGE('',*,*,#6763,.T.);
#10061=ORIENTED_EDGE('',*,*,#7654,.F.);
#10062=ORIENTED_EDGE('',*,*,#7655,.F.);
#10063=ORIENTED_EDGE('',*,*,#7656,.T.);
#10064=ORIENTED_EDGE('',*,*,#6762,.T.);
#10065=ORIENTED_EDGE('',*,*,#7657,.F.);
#10066=ORIENTED_EDGE('',*,*,#7658,.F.);
#10067=ORIENTED_EDGE('',*,*,#7654,.T.);
#10068=ORIENTED_EDGE('',*,*,#6765,.T.);
#10069=ORIENTED_EDGE('',*,*,#7659,.F.);
#10070=ORIENTED_EDGE('',*,*,#7660,.F.);
#10071=ORIENTED_EDGE('',*,*,#7657,.T.);
#10072=ORIENTED_EDGE('',*,*,#6764,.T.);
#10073=ORIENTED_EDGE('',*,*,#7656,.F.);
#10074=ORIENTED_EDGE('',*,*,#7661,.F.);
#10075=ORIENTED_EDGE('',*,*,#7659,.T.);
#10076=ORIENTED_EDGE('',*,*,#7655,.T.);
#10077=ORIENTED_EDGE('',*,*,#7658,.T.);
#10078=ORIENTED_EDGE('',*,*,#7660,.T.);
#10079=ORIENTED_EDGE('',*,*,#7661,.T.);
#10080=ORIENTED_EDGE('',*,*,#6767,.T.);
#10081=ORIENTED_EDGE('',*,*,#7662,.F.);
#10082=ORIENTED_EDGE('',*,*,#7663,.F.);
#10083=ORIENTED_EDGE('',*,*,#7664,.T.);
#10084=ORIENTED_EDGE('',*,*,#6766,.T.);
#10085=ORIENTED_EDGE('',*,*,#7665,.F.);
#10086=ORIENTED_EDGE('',*,*,#7666,.F.);
#10087=ORIENTED_EDGE('',*,*,#7662,.T.);
#10088=ORIENTED_EDGE('',*,*,#6769,.T.);
#10089=ORIENTED_EDGE('',*,*,#7667,.F.);
#10090=ORIENTED_EDGE('',*,*,#7668,.F.);
#10091=ORIENTED_EDGE('',*,*,#7665,.T.);
#10092=ORIENTED_EDGE('',*,*,#6768,.T.);
#10093=ORIENTED_EDGE('',*,*,#7664,.F.);
#10094=ORIENTED_EDGE('',*,*,#7669,.F.);
#10095=ORIENTED_EDGE('',*,*,#7667,.T.);
#10096=ORIENTED_EDGE('',*,*,#7663,.T.);
#10097=ORIENTED_EDGE('',*,*,#7666,.T.);
#10098=ORIENTED_EDGE('',*,*,#7668,.T.);
#10099=ORIENTED_EDGE('',*,*,#7669,.T.);
#10100=ORIENTED_EDGE('',*,*,#6771,.T.);
#10101=ORIENTED_EDGE('',*,*,#7670,.F.);
#10102=ORIENTED_EDGE('',*,*,#7671,.F.);
#10103=ORIENTED_EDGE('',*,*,#7672,.T.);
#10104=ORIENTED_EDGE('',*,*,#6770,.T.);
#10105=ORIENTED_EDGE('',*,*,#7673,.F.);
#10106=ORIENTED_EDGE('',*,*,#7674,.F.);
#10107=ORIENTED_EDGE('',*,*,#7670,.T.);
#10108=ORIENTED_EDGE('',*,*,#6773,.T.);
#10109=ORIENTED_EDGE('',*,*,#7675,.F.);
#10110=ORIENTED_EDGE('',*,*,#7676,.F.);
#10111=ORIENTED_EDGE('',*,*,#7673,.T.);
#10112=ORIENTED_EDGE('',*,*,#6772,.T.);
#10113=ORIENTED_EDGE('',*,*,#7672,.F.);
#10114=ORIENTED_EDGE('',*,*,#7677,.F.);
#10115=ORIENTED_EDGE('',*,*,#7675,.T.);
#10116=ORIENTED_EDGE('',*,*,#7671,.T.);
#10117=ORIENTED_EDGE('',*,*,#7674,.T.);
#10118=ORIENTED_EDGE('',*,*,#7676,.T.);
#10119=ORIENTED_EDGE('',*,*,#7677,.T.);
#10120=ORIENTED_EDGE('',*,*,#6775,.T.);
#10121=ORIENTED_EDGE('',*,*,#7678,.F.);
#10122=ORIENTED_EDGE('',*,*,#7679,.F.);
#10123=ORIENTED_EDGE('',*,*,#7680,.T.);
#10124=ORIENTED_EDGE('',*,*,#6774,.T.);
#10125=ORIENTED_EDGE('',*,*,#7681,.F.);
#10126=ORIENTED_EDGE('',*,*,#7682,.F.);
#10127=ORIENTED_EDGE('',*,*,#7678,.T.);
#10128=ORIENTED_EDGE('',*,*,#6777,.T.);
#10129=ORIENTED_EDGE('',*,*,#7683,.F.);
#10130=ORIENTED_EDGE('',*,*,#7684,.F.);
#10131=ORIENTED_EDGE('',*,*,#7681,.T.);
#10132=ORIENTED_EDGE('',*,*,#6776,.T.);
#10133=ORIENTED_EDGE('',*,*,#7680,.F.);
#10134=ORIENTED_EDGE('',*,*,#7685,.F.);
#10135=ORIENTED_EDGE('',*,*,#7683,.T.);
#10136=ORIENTED_EDGE('',*,*,#7679,.T.);
#10137=ORIENTED_EDGE('',*,*,#7682,.T.);
#10138=ORIENTED_EDGE('',*,*,#7684,.T.);
#10139=ORIENTED_EDGE('',*,*,#7685,.T.);
#10140=ORIENTED_EDGE('',*,*,#6779,.T.);
#10141=ORIENTED_EDGE('',*,*,#7686,.F.);
#10142=ORIENTED_EDGE('',*,*,#7687,.F.);
#10143=ORIENTED_EDGE('',*,*,#7688,.T.);
#10144=ORIENTED_EDGE('',*,*,#6778,.T.);
#10145=ORIENTED_EDGE('',*,*,#7689,.F.);
#10146=ORIENTED_EDGE('',*,*,#7690,.F.);
#10147=ORIENTED_EDGE('',*,*,#7686,.T.);
#10148=ORIENTED_EDGE('',*,*,#6781,.T.);
#10149=ORIENTED_EDGE('',*,*,#7691,.F.);
#10150=ORIENTED_EDGE('',*,*,#7692,.F.);
#10151=ORIENTED_EDGE('',*,*,#7689,.T.);
#10152=ORIENTED_EDGE('',*,*,#6780,.T.);
#10153=ORIENTED_EDGE('',*,*,#7688,.F.);
#10154=ORIENTED_EDGE('',*,*,#7693,.F.);
#10155=ORIENTED_EDGE('',*,*,#7691,.T.);
#10156=ORIENTED_EDGE('',*,*,#7687,.T.);
#10157=ORIENTED_EDGE('',*,*,#7690,.T.);
#10158=ORIENTED_EDGE('',*,*,#7692,.T.);
#10159=ORIENTED_EDGE('',*,*,#7693,.T.);
#10160=ORIENTED_EDGE('',*,*,#6783,.T.);
#10161=ORIENTED_EDGE('',*,*,#7694,.F.);
#10162=ORIENTED_EDGE('',*,*,#7695,.F.);
#10163=ORIENTED_EDGE('',*,*,#7696,.T.);
#10164=ORIENTED_EDGE('',*,*,#6782,.T.);
#10165=ORIENTED_EDGE('',*,*,#7697,.F.);
#10166=ORIENTED_EDGE('',*,*,#7698,.F.);
#10167=ORIENTED_EDGE('',*,*,#7694,.T.);
#10168=ORIENTED_EDGE('',*,*,#6785,.T.);
#10169=ORIENTED_EDGE('',*,*,#7699,.F.);
#10170=ORIENTED_EDGE('',*,*,#7700,.F.);
#10171=ORIENTED_EDGE('',*,*,#7697,.T.);
#10172=ORIENTED_EDGE('',*,*,#6784,.T.);
#10173=ORIENTED_EDGE('',*,*,#7696,.F.);
#10174=ORIENTED_EDGE('',*,*,#7701,.F.);
#10175=ORIENTED_EDGE('',*,*,#7699,.T.);
#10176=ORIENTED_EDGE('',*,*,#7695,.T.);
#10177=ORIENTED_EDGE('',*,*,#7698,.T.);
#10178=ORIENTED_EDGE('',*,*,#7700,.T.);
#10179=ORIENTED_EDGE('',*,*,#7701,.T.);
#10180=ORIENTED_EDGE('',*,*,#6787,.T.);
#10181=ORIENTED_EDGE('',*,*,#7702,.F.);
#10182=ORIENTED_EDGE('',*,*,#7703,.F.);
#10183=ORIENTED_EDGE('',*,*,#7704,.T.);
#10184=ORIENTED_EDGE('',*,*,#6786,.T.);
#10185=ORIENTED_EDGE('',*,*,#7705,.F.);
#10186=ORIENTED_EDGE('',*,*,#7706,.F.);
#10187=ORIENTED_EDGE('',*,*,#7702,.T.);
#10188=ORIENTED_EDGE('',*,*,#6789,.T.);
#10189=ORIENTED_EDGE('',*,*,#7707,.F.);
#10190=ORIENTED_EDGE('',*,*,#7708,.F.);
#10191=ORIENTED_EDGE('',*,*,#7705,.T.);
#10192=ORIENTED_EDGE('',*,*,#6788,.T.);
#10193=ORIENTED_EDGE('',*,*,#7704,.F.);
#10194=ORIENTED_EDGE('',*,*,#7709,.F.);
#10195=ORIENTED_EDGE('',*,*,#7707,.T.);
#10196=ORIENTED_EDGE('',*,*,#7703,.T.);
#10197=ORIENTED_EDGE('',*,*,#7706,.T.);
#10198=ORIENTED_EDGE('',*,*,#7708,.T.);
#10199=ORIENTED_EDGE('',*,*,#7709,.T.);
#10200=ORIENTED_EDGE('',*,*,#6791,.T.);
#10201=ORIENTED_EDGE('',*,*,#7710,.F.);
#10202=ORIENTED_EDGE('',*,*,#7711,.F.);
#10203=ORIENTED_EDGE('',*,*,#7712,.T.);
#10204=ORIENTED_EDGE('',*,*,#6790,.T.);
#10205=ORIENTED_EDGE('',*,*,#7713,.F.);
#10206=ORIENTED_EDGE('',*,*,#7714,.F.);
#10207=ORIENTED_EDGE('',*,*,#7710,.T.);
#10208=ORIENTED_EDGE('',*,*,#6793,.T.);
#10209=ORIENTED_EDGE('',*,*,#7715,.F.);
#10210=ORIENTED_EDGE('',*,*,#7716,.F.);
#10211=ORIENTED_EDGE('',*,*,#7713,.T.);
#10212=ORIENTED_EDGE('',*,*,#6792,.T.);
#10213=ORIENTED_EDGE('',*,*,#7712,.F.);
#10214=ORIENTED_EDGE('',*,*,#7717,.F.);
#10215=ORIENTED_EDGE('',*,*,#7715,.T.);
#10216=ORIENTED_EDGE('',*,*,#7711,.T.);
#10217=ORIENTED_EDGE('',*,*,#7714,.T.);
#10218=ORIENTED_EDGE('',*,*,#7716,.T.);
#10219=ORIENTED_EDGE('',*,*,#7717,.T.);
#10220=ORIENTED_EDGE('',*,*,#6795,.T.);
#10221=ORIENTED_EDGE('',*,*,#7718,.F.);
#10222=ORIENTED_EDGE('',*,*,#7719,.F.);
#10223=ORIENTED_EDGE('',*,*,#7720,.T.);
#10224=ORIENTED_EDGE('',*,*,#6794,.T.);
#10225=ORIENTED_EDGE('',*,*,#7721,.F.);
#10226=ORIENTED_EDGE('',*,*,#7722,.F.);
#10227=ORIENTED_EDGE('',*,*,#7718,.T.);
#10228=ORIENTED_EDGE('',*,*,#6797,.T.);
#10229=ORIENTED_EDGE('',*,*,#7723,.F.);
#10230=ORIENTED_EDGE('',*,*,#7724,.F.);
#10231=ORIENTED_EDGE('',*,*,#7721,.T.);
#10232=ORIENTED_EDGE('',*,*,#6796,.T.);
#10233=ORIENTED_EDGE('',*,*,#7720,.F.);
#10234=ORIENTED_EDGE('',*,*,#7725,.F.);
#10235=ORIENTED_EDGE('',*,*,#7723,.T.);
#10236=ORIENTED_EDGE('',*,*,#7719,.T.);
#10237=ORIENTED_EDGE('',*,*,#7722,.T.);
#10238=ORIENTED_EDGE('',*,*,#7724,.T.);
#10239=ORIENTED_EDGE('',*,*,#7725,.T.);
#10240=ORIENTED_EDGE('',*,*,#6799,.T.);
#10241=ORIENTED_EDGE('',*,*,#7726,.F.);
#10242=ORIENTED_EDGE('',*,*,#7727,.F.);
#10243=ORIENTED_EDGE('',*,*,#7728,.T.);
#10244=ORIENTED_EDGE('',*,*,#6798,.T.);
#10245=ORIENTED_EDGE('',*,*,#7729,.F.);
#10246=ORIENTED_EDGE('',*,*,#7730,.F.);
#10247=ORIENTED_EDGE('',*,*,#7726,.T.);
#10248=ORIENTED_EDGE('',*,*,#6801,.T.);
#10249=ORIENTED_EDGE('',*,*,#7731,.F.);
#10250=ORIENTED_EDGE('',*,*,#7732,.F.);
#10251=ORIENTED_EDGE('',*,*,#7729,.T.);
#10252=ORIENTED_EDGE('',*,*,#6800,.T.);
#10253=ORIENTED_EDGE('',*,*,#7728,.F.);
#10254=ORIENTED_EDGE('',*,*,#7733,.F.);
#10255=ORIENTED_EDGE('',*,*,#7731,.T.);
#10256=ORIENTED_EDGE('',*,*,#7727,.T.);
#10257=ORIENTED_EDGE('',*,*,#7730,.T.);
#10258=ORIENTED_EDGE('',*,*,#7732,.T.);
#10259=ORIENTED_EDGE('',*,*,#7733,.T.);
#10260=ORIENTED_EDGE('',*,*,#6803,.T.);
#10261=ORIENTED_EDGE('',*,*,#7734,.F.);
#10262=ORIENTED_EDGE('',*,*,#7735,.F.);
#10263=ORIENTED_EDGE('',*,*,#7736,.T.);
#10264=ORIENTED_EDGE('',*,*,#6802,.T.);
#10265=ORIENTED_EDGE('',*,*,#7737,.F.);
#10266=ORIENTED_EDGE('',*,*,#7738,.F.);
#10267=ORIENTED_EDGE('',*,*,#7734,.T.);
#10268=ORIENTED_EDGE('',*,*,#6805,.T.);
#10269=ORIENTED_EDGE('',*,*,#7739,.F.);
#10270=ORIENTED_EDGE('',*,*,#7740,.F.);
#10271=ORIENTED_EDGE('',*,*,#7737,.T.);
#10272=ORIENTED_EDGE('',*,*,#6804,.T.);
#10273=ORIENTED_EDGE('',*,*,#7736,.F.);
#10274=ORIENTED_EDGE('',*,*,#7741,.F.);
#10275=ORIENTED_EDGE('',*,*,#7739,.T.);
#10276=ORIENTED_EDGE('',*,*,#7735,.T.);
#10277=ORIENTED_EDGE('',*,*,#7738,.T.);
#10278=ORIENTED_EDGE('',*,*,#7740,.T.);
#10279=ORIENTED_EDGE('',*,*,#7741,.T.);
#10280=ORIENTED_EDGE('',*,*,#6807,.T.);
#10281=ORIENTED_EDGE('',*,*,#7742,.F.);
#10282=ORIENTED_EDGE('',*,*,#7743,.F.);
#10283=ORIENTED_EDGE('',*,*,#7744,.T.);
#10284=ORIENTED_EDGE('',*,*,#6806,.T.);
#10285=ORIENTED_EDGE('',*,*,#7745,.F.);
#10286=ORIENTED_EDGE('',*,*,#7746,.F.);
#10287=ORIENTED_EDGE('',*,*,#7742,.T.);
#10288=ORIENTED_EDGE('',*,*,#6809,.T.);
#10289=ORIENTED_EDGE('',*,*,#7747,.F.);
#10290=ORIENTED_EDGE('',*,*,#7748,.F.);
#10291=ORIENTED_EDGE('',*,*,#7745,.T.);
#10292=ORIENTED_EDGE('',*,*,#6808,.T.);
#10293=ORIENTED_EDGE('',*,*,#7744,.F.);
#10294=ORIENTED_EDGE('',*,*,#7749,.F.);
#10295=ORIENTED_EDGE('',*,*,#7747,.T.);
#10296=ORIENTED_EDGE('',*,*,#7743,.T.);
#10297=ORIENTED_EDGE('',*,*,#7746,.T.);
#10298=ORIENTED_EDGE('',*,*,#7748,.T.);
#10299=ORIENTED_EDGE('',*,*,#7749,.T.);
#10300=ORIENTED_EDGE('',*,*,#6811,.T.);
#10301=ORIENTED_EDGE('',*,*,#7750,.F.);
#10302=ORIENTED_EDGE('',*,*,#7751,.F.);
#10303=ORIENTED_EDGE('',*,*,#7752,.T.);
#10304=ORIENTED_EDGE('',*,*,#6810,.T.);
#10305=ORIENTED_EDGE('',*,*,#7753,.F.);
#10306=ORIENTED_EDGE('',*,*,#7754,.F.);
#10307=ORIENTED_EDGE('',*,*,#7750,.T.);
#10308=ORIENTED_EDGE('',*,*,#6813,.T.);
#10309=ORIENTED_EDGE('',*,*,#7755,.F.);
#10310=ORIENTED_EDGE('',*,*,#7756,.F.);
#10311=ORIENTED_EDGE('',*,*,#7753,.T.);
#10312=ORIENTED_EDGE('',*,*,#6812,.T.);
#10313=ORIENTED_EDGE('',*,*,#7752,.F.);
#10314=ORIENTED_EDGE('',*,*,#7757,.F.);
#10315=ORIENTED_EDGE('',*,*,#7755,.T.);
#10316=ORIENTED_EDGE('',*,*,#7751,.T.);
#10317=ORIENTED_EDGE('',*,*,#7754,.T.);
#10318=ORIENTED_EDGE('',*,*,#7756,.T.);
#10319=ORIENTED_EDGE('',*,*,#7757,.T.);
#10320=ORIENTED_EDGE('',*,*,#6815,.T.);
#10321=ORIENTED_EDGE('',*,*,#7758,.F.);
#10322=ORIENTED_EDGE('',*,*,#7759,.F.);
#10323=ORIENTED_EDGE('',*,*,#7760,.T.);
#10324=ORIENTED_EDGE('',*,*,#6814,.T.);
#10325=ORIENTED_EDGE('',*,*,#7761,.F.);
#10326=ORIENTED_EDGE('',*,*,#7762,.F.);
#10327=ORIENTED_EDGE('',*,*,#7758,.T.);
#10328=ORIENTED_EDGE('',*,*,#6817,.T.);
#10329=ORIENTED_EDGE('',*,*,#7763,.F.);
#10330=ORIENTED_EDGE('',*,*,#7764,.F.);
#10331=ORIENTED_EDGE('',*,*,#7761,.T.);
#10332=ORIENTED_EDGE('',*,*,#6816,.T.);
#10333=ORIENTED_EDGE('',*,*,#7760,.F.);
#10334=ORIENTED_EDGE('',*,*,#7765,.F.);
#10335=ORIENTED_EDGE('',*,*,#7763,.T.);
#10336=ORIENTED_EDGE('',*,*,#7759,.T.);
#10337=ORIENTED_EDGE('',*,*,#7762,.T.);
#10338=ORIENTED_EDGE('',*,*,#7764,.T.);
#10339=ORIENTED_EDGE('',*,*,#7765,.T.);
#10340=ORIENTED_EDGE('',*,*,#6819,.T.);
#10341=ORIENTED_EDGE('',*,*,#7766,.F.);
#10342=ORIENTED_EDGE('',*,*,#7767,.F.);
#10343=ORIENTED_EDGE('',*,*,#7768,.T.);
#10344=ORIENTED_EDGE('',*,*,#6818,.T.);
#10345=ORIENTED_EDGE('',*,*,#7769,.F.);
#10346=ORIENTED_EDGE('',*,*,#7770,.F.);
#10347=ORIENTED_EDGE('',*,*,#7766,.T.);
#10348=ORIENTED_EDGE('',*,*,#6821,.T.);
#10349=ORIENTED_EDGE('',*,*,#7771,.F.);
#10350=ORIENTED_EDGE('',*,*,#7772,.F.);
#10351=ORIENTED_EDGE('',*,*,#7769,.T.);
#10352=ORIENTED_EDGE('',*,*,#6820,.T.);
#10353=ORIENTED_EDGE('',*,*,#7768,.F.);
#10354=ORIENTED_EDGE('',*,*,#7773,.F.);
#10355=ORIENTED_EDGE('',*,*,#7771,.T.);
#10356=ORIENTED_EDGE('',*,*,#7767,.T.);
#10357=ORIENTED_EDGE('',*,*,#7770,.T.);
#10358=ORIENTED_EDGE('',*,*,#7772,.T.);
#10359=ORIENTED_EDGE('',*,*,#7773,.T.);
#10360=ORIENTED_EDGE('',*,*,#6823,.T.);
#10361=ORIENTED_EDGE('',*,*,#7774,.F.);
#10362=ORIENTED_EDGE('',*,*,#7775,.F.);
#10363=ORIENTED_EDGE('',*,*,#7776,.T.);
#10364=ORIENTED_EDGE('',*,*,#6822,.T.);
#10365=ORIENTED_EDGE('',*,*,#7777,.F.);
#10366=ORIENTED_EDGE('',*,*,#7778,.F.);
#10367=ORIENTED_EDGE('',*,*,#7774,.T.);
#10368=ORIENTED_EDGE('',*,*,#6825,.T.);
#10369=ORIENTED_EDGE('',*,*,#7779,.F.);
#10370=ORIENTED_EDGE('',*,*,#7780,.F.);
#10371=ORIENTED_EDGE('',*,*,#7777,.T.);
#10372=ORIENTED_EDGE('',*,*,#6824,.T.);
#10373=ORIENTED_EDGE('',*,*,#7776,.F.);
#10374=ORIENTED_EDGE('',*,*,#7781,.F.);
#10375=ORIENTED_EDGE('',*,*,#7779,.T.);
#10376=ORIENTED_EDGE('',*,*,#7775,.T.);
#10377=ORIENTED_EDGE('',*,*,#7778,.T.);
#10378=ORIENTED_EDGE('',*,*,#7780,.T.);
#10379=ORIENTED_EDGE('',*,*,#7781,.T.);
#10380=ORIENTED_EDGE('',*,*,#6827,.T.);
#10381=ORIENTED_EDGE('',*,*,#7782,.F.);
#10382=ORIENTED_EDGE('',*,*,#7783,.F.);
#10383=ORIENTED_EDGE('',*,*,#7784,.T.);
#10384=ORIENTED_EDGE('',*,*,#6826,.T.);
#10385=ORIENTED_EDGE('',*,*,#7785,.F.);
#10386=ORIENTED_EDGE('',*,*,#7786,.F.);
#10387=ORIENTED_EDGE('',*,*,#7782,.T.);
#10388=ORIENTED_EDGE('',*,*,#6829,.T.);
#10389=ORIENTED_EDGE('',*,*,#7787,.F.);
#10390=ORIENTED_EDGE('',*,*,#7788,.F.);
#10391=ORIENTED_EDGE('',*,*,#7785,.T.);
#10392=ORIENTED_EDGE('',*,*,#6828,.T.);
#10393=ORIENTED_EDGE('',*,*,#7784,.F.);
#10394=ORIENTED_EDGE('',*,*,#7789,.F.);
#10395=ORIENTED_EDGE('',*,*,#7787,.T.);
#10396=ORIENTED_EDGE('',*,*,#7783,.T.);
#10397=ORIENTED_EDGE('',*,*,#7786,.T.);
#10398=ORIENTED_EDGE('',*,*,#7788,.T.);
#10399=ORIENTED_EDGE('',*,*,#7789,.T.);
#10400=ORIENTED_EDGE('',*,*,#6831,.T.);
#10401=ORIENTED_EDGE('',*,*,#7790,.F.);
#10402=ORIENTED_EDGE('',*,*,#7791,.F.);
#10403=ORIENTED_EDGE('',*,*,#7792,.T.);
#10404=ORIENTED_EDGE('',*,*,#6830,.T.);
#10405=ORIENTED_EDGE('',*,*,#7793,.F.);
#10406=ORIENTED_EDGE('',*,*,#7794,.F.);
#10407=ORIENTED_EDGE('',*,*,#7790,.T.);
#10408=ORIENTED_EDGE('',*,*,#6833,.T.);
#10409=ORIENTED_EDGE('',*,*,#7795,.F.);
#10410=ORIENTED_EDGE('',*,*,#7796,.F.);
#10411=ORIENTED_EDGE('',*,*,#7793,.T.);
#10412=ORIENTED_EDGE('',*,*,#6832,.T.);
#10413=ORIENTED_EDGE('',*,*,#7792,.F.);
#10414=ORIENTED_EDGE('',*,*,#7797,.F.);
#10415=ORIENTED_EDGE('',*,*,#7795,.T.);
#10416=ORIENTED_EDGE('',*,*,#7791,.T.);
#10417=ORIENTED_EDGE('',*,*,#7794,.T.);
#10418=ORIENTED_EDGE('',*,*,#7796,.T.);
#10419=ORIENTED_EDGE('',*,*,#7797,.T.);
#10420=ORIENTED_EDGE('',*,*,#6835,.T.);
#10421=ORIENTED_EDGE('',*,*,#7798,.F.);
#10422=ORIENTED_EDGE('',*,*,#7799,.F.);
#10423=ORIENTED_EDGE('',*,*,#7800,.T.);
#10424=ORIENTED_EDGE('',*,*,#6834,.T.);
#10425=ORIENTED_EDGE('',*,*,#7801,.F.);
#10426=ORIENTED_EDGE('',*,*,#7802,.F.);
#10427=ORIENTED_EDGE('',*,*,#7798,.T.);
#10428=ORIENTED_EDGE('',*,*,#6837,.T.);
#10429=ORIENTED_EDGE('',*,*,#7803,.F.);
#10430=ORIENTED_EDGE('',*,*,#7804,.F.);
#10431=ORIENTED_EDGE('',*,*,#7801,.T.);
#10432=ORIENTED_EDGE('',*,*,#6836,.T.);
#10433=ORIENTED_EDGE('',*,*,#7800,.F.);
#10434=ORIENTED_EDGE('',*,*,#7805,.F.);
#10435=ORIENTED_EDGE('',*,*,#7803,.T.);
#10436=ORIENTED_EDGE('',*,*,#7799,.T.);
#10437=ORIENTED_EDGE('',*,*,#7802,.T.);
#10438=ORIENTED_EDGE('',*,*,#7804,.T.);
#10439=ORIENTED_EDGE('',*,*,#7805,.T.);
#10440=ORIENTED_EDGE('',*,*,#6839,.T.);
#10441=ORIENTED_EDGE('',*,*,#7806,.F.);
#10442=ORIENTED_EDGE('',*,*,#7807,.F.);
#10443=ORIENTED_EDGE('',*,*,#7808,.T.);
#10444=ORIENTED_EDGE('',*,*,#6838,.T.);
#10445=ORIENTED_EDGE('',*,*,#7809,.F.);
#10446=ORIENTED_EDGE('',*,*,#7810,.F.);
#10447=ORIENTED_EDGE('',*,*,#7806,.T.);
#10448=ORIENTED_EDGE('',*,*,#6841,.T.);
#10449=ORIENTED_EDGE('',*,*,#7811,.F.);
#10450=ORIENTED_EDGE('',*,*,#7812,.F.);
#10451=ORIENTED_EDGE('',*,*,#7809,.T.);
#10452=ORIENTED_EDGE('',*,*,#6840,.T.);
#10453=ORIENTED_EDGE('',*,*,#7808,.F.);
#10454=ORIENTED_EDGE('',*,*,#7813,.F.);
#10455=ORIENTED_EDGE('',*,*,#7811,.T.);
#10456=ORIENTED_EDGE('',*,*,#7807,.T.);
#10457=ORIENTED_EDGE('',*,*,#7810,.T.);
#10458=ORIENTED_EDGE('',*,*,#7812,.T.);
#10459=ORIENTED_EDGE('',*,*,#7813,.T.);
#10460=ORIENTED_EDGE('',*,*,#6843,.T.);
#10461=ORIENTED_EDGE('',*,*,#7814,.F.);
#10462=ORIENTED_EDGE('',*,*,#7815,.F.);
#10463=ORIENTED_EDGE('',*,*,#7816,.T.);
#10464=ORIENTED_EDGE('',*,*,#6842,.T.);
#10465=ORIENTED_EDGE('',*,*,#7817,.F.);
#10466=ORIENTED_EDGE('',*,*,#7818,.F.);
#10467=ORIENTED_EDGE('',*,*,#7814,.T.);
#10468=ORIENTED_EDGE('',*,*,#6845,.T.);
#10469=ORIENTED_EDGE('',*,*,#7819,.F.);
#10470=ORIENTED_EDGE('',*,*,#7820,.F.);
#10471=ORIENTED_EDGE('',*,*,#7817,.T.);
#10472=ORIENTED_EDGE('',*,*,#6844,.T.);
#10473=ORIENTED_EDGE('',*,*,#7816,.F.);
#10474=ORIENTED_EDGE('',*,*,#7821,.F.);
#10475=ORIENTED_EDGE('',*,*,#7819,.T.);
#10476=ORIENTED_EDGE('',*,*,#7815,.T.);
#10477=ORIENTED_EDGE('',*,*,#7818,.T.);
#10478=ORIENTED_EDGE('',*,*,#7820,.T.);
#10479=ORIENTED_EDGE('',*,*,#7821,.T.);
#10480=ORIENTED_EDGE('',*,*,#6847,.T.);
#10481=ORIENTED_EDGE('',*,*,#7822,.F.);
#10482=ORIENTED_EDGE('',*,*,#7823,.F.);
#10483=ORIENTED_EDGE('',*,*,#7824,.T.);
#10484=ORIENTED_EDGE('',*,*,#6846,.T.);
#10485=ORIENTED_EDGE('',*,*,#7825,.F.);
#10486=ORIENTED_EDGE('',*,*,#7826,.F.);
#10487=ORIENTED_EDGE('',*,*,#7822,.T.);
#10488=ORIENTED_EDGE('',*,*,#6849,.T.);
#10489=ORIENTED_EDGE('',*,*,#7827,.F.);
#10490=ORIENTED_EDGE('',*,*,#7828,.F.);
#10491=ORIENTED_EDGE('',*,*,#7825,.T.);
#10492=ORIENTED_EDGE('',*,*,#6848,.T.);
#10493=ORIENTED_EDGE('',*,*,#7824,.F.);
#10494=ORIENTED_EDGE('',*,*,#7829,.F.);
#10495=ORIENTED_EDGE('',*,*,#7827,.T.);
#10496=ORIENTED_EDGE('',*,*,#7823,.T.);
#10497=ORIENTED_EDGE('',*,*,#7826,.T.);
#10498=ORIENTED_EDGE('',*,*,#7828,.T.);
#10499=ORIENTED_EDGE('',*,*,#7829,.T.);
#10500=ORIENTED_EDGE('',*,*,#6851,.T.);
#10501=ORIENTED_EDGE('',*,*,#7830,.F.);
#10502=ORIENTED_EDGE('',*,*,#7831,.F.);
#10503=ORIENTED_EDGE('',*,*,#7832,.T.);
#10504=ORIENTED_EDGE('',*,*,#6850,.T.);
#10505=ORIENTED_EDGE('',*,*,#7833,.F.);
#10506=ORIENTED_EDGE('',*,*,#7834,.F.);
#10507=ORIENTED_EDGE('',*,*,#7830,.T.);
#10508=ORIENTED_EDGE('',*,*,#6853,.T.);
#10509=ORIENTED_EDGE('',*,*,#7835,.F.);
#10510=ORIENTED_EDGE('',*,*,#7836,.F.);
#10511=ORIENTED_EDGE('',*,*,#7833,.T.);
#10512=ORIENTED_EDGE('',*,*,#6852,.T.);
#10513=ORIENTED_EDGE('',*,*,#7832,.F.);
#10514=ORIENTED_EDGE('',*,*,#7837,.F.);
#10515=ORIENTED_EDGE('',*,*,#7835,.T.);
#10516=ORIENTED_EDGE('',*,*,#7831,.T.);
#10517=ORIENTED_EDGE('',*,*,#7834,.T.);
#10518=ORIENTED_EDGE('',*,*,#7836,.T.);
#10519=ORIENTED_EDGE('',*,*,#7837,.T.);
#10520=ORIENTED_EDGE('',*,*,#6855,.T.);
#10521=ORIENTED_EDGE('',*,*,#7838,.F.);
#10522=ORIENTED_EDGE('',*,*,#7839,.F.);
#10523=ORIENTED_EDGE('',*,*,#7840,.T.);
#10524=ORIENTED_EDGE('',*,*,#6854,.T.);
#10525=ORIENTED_EDGE('',*,*,#7841,.F.);
#10526=ORIENTED_EDGE('',*,*,#7842,.F.);
#10527=ORIENTED_EDGE('',*,*,#7838,.T.);
#10528=ORIENTED_EDGE('',*,*,#6857,.T.);
#10529=ORIENTED_EDGE('',*,*,#7843,.F.);
#10530=ORIENTED_EDGE('',*,*,#7844,.F.);
#10531=ORIENTED_EDGE('',*,*,#7841,.T.);
#10532=ORIENTED_EDGE('',*,*,#6856,.T.);
#10533=ORIENTED_EDGE('',*,*,#7840,.F.);
#10534=ORIENTED_EDGE('',*,*,#7845,.F.);
#10535=ORIENTED_EDGE('',*,*,#7843,.T.);
#10536=ORIENTED_EDGE('',*,*,#7839,.T.);
#10537=ORIENTED_EDGE('',*,*,#7842,.T.);
#10538=ORIENTED_EDGE('',*,*,#7844,.T.);
#10539=ORIENTED_EDGE('',*,*,#7845,.T.);
#10540=ORIENTED_EDGE('',*,*,#6859,.T.);
#10541=ORIENTED_EDGE('',*,*,#7846,.F.);
#10542=ORIENTED_EDGE('',*,*,#7847,.F.);
#10543=ORIENTED_EDGE('',*,*,#7848,.T.);
#10544=ORIENTED_EDGE('',*,*,#6858,.T.);
#10545=ORIENTED_EDGE('',*,*,#7849,.F.);
#10546=ORIENTED_EDGE('',*,*,#7850,.F.);
#10547=ORIENTED_EDGE('',*,*,#7846,.T.);
#10548=ORIENTED_EDGE('',*,*,#6861,.T.);
#10549=ORIENTED_EDGE('',*,*,#7851,.F.);
#10550=ORIENTED_EDGE('',*,*,#7852,.F.);
#10551=ORIENTED_EDGE('',*,*,#7849,.T.);
#10552=ORIENTED_EDGE('',*,*,#6860,.T.);
#10553=ORIENTED_EDGE('',*,*,#7848,.F.);
#10554=ORIENTED_EDGE('',*,*,#7853,.F.);
#10555=ORIENTED_EDGE('',*,*,#7851,.T.);
#10556=ORIENTED_EDGE('',*,*,#7847,.T.);
#10557=ORIENTED_EDGE('',*,*,#7850,.T.);
#10558=ORIENTED_EDGE('',*,*,#7852,.T.);
#10559=ORIENTED_EDGE('',*,*,#7853,.T.);
#10560=ORIENTED_EDGE('',*,*,#6863,.T.);
#10561=ORIENTED_EDGE('',*,*,#7854,.F.);
#10562=ORIENTED_EDGE('',*,*,#7855,.F.);
#10563=ORIENTED_EDGE('',*,*,#7856,.T.);
#10564=ORIENTED_EDGE('',*,*,#6862,.T.);
#10565=ORIENTED_EDGE('',*,*,#7857,.F.);
#10566=ORIENTED_EDGE('',*,*,#7858,.F.);
#10567=ORIENTED_EDGE('',*,*,#7854,.T.);
#10568=ORIENTED_EDGE('',*,*,#6865,.T.);
#10569=ORIENTED_EDGE('',*,*,#7859,.F.);
#10570=ORIENTED_EDGE('',*,*,#7860,.F.);
#10571=ORIENTED_EDGE('',*,*,#7857,.T.);
#10572=ORIENTED_EDGE('',*,*,#6864,.T.);
#10573=ORIENTED_EDGE('',*,*,#7856,.F.);
#10574=ORIENTED_EDGE('',*,*,#7861,.F.);
#10575=ORIENTED_EDGE('',*,*,#7859,.T.);
#10576=ORIENTED_EDGE('',*,*,#7855,.T.);
#10577=ORIENTED_EDGE('',*,*,#7858,.T.);
#10578=ORIENTED_EDGE('',*,*,#7860,.T.);
#10579=ORIENTED_EDGE('',*,*,#7861,.T.);
#10580=ORIENTED_EDGE('',*,*,#6867,.T.);
#10581=ORIENTED_EDGE('',*,*,#7862,.F.);
#10582=ORIENTED_EDGE('',*,*,#7863,.F.);
#10583=ORIENTED_EDGE('',*,*,#7864,.T.);
#10584=ORIENTED_EDGE('',*,*,#6866,.T.);
#10585=ORIENTED_EDGE('',*,*,#7865,.F.);
#10586=ORIENTED_EDGE('',*,*,#7866,.F.);
#10587=ORIENTED_EDGE('',*,*,#7862,.T.);
#10588=ORIENTED_EDGE('',*,*,#6869,.T.);
#10589=ORIENTED_EDGE('',*,*,#7867,.F.);
#10590=ORIENTED_EDGE('',*,*,#7868,.F.);
#10591=ORIENTED_EDGE('',*,*,#7865,.T.);
#10592=ORIENTED_EDGE('',*,*,#6868,.T.);
#10593=ORIENTED_EDGE('',*,*,#7864,.F.);
#10594=ORIENTED_EDGE('',*,*,#7869,.F.);
#10595=ORIENTED_EDGE('',*,*,#7867,.T.);
#10596=ORIENTED_EDGE('',*,*,#7863,.T.);
#10597=ORIENTED_EDGE('',*,*,#7866,.T.);
#10598=ORIENTED_EDGE('',*,*,#7868,.T.);
#10599=ORIENTED_EDGE('',*,*,#7869,.T.);
#10600=ORIENTED_EDGE('',*,*,#6871,.T.);
#10601=ORIENTED_EDGE('',*,*,#7870,.F.);
#10602=ORIENTED_EDGE('',*,*,#7871,.F.);
#10603=ORIENTED_EDGE('',*,*,#7872,.T.);
#10604=ORIENTED_EDGE('',*,*,#6870,.T.);
#10605=ORIENTED_EDGE('',*,*,#7873,.F.);
#10606=ORIENTED_EDGE('',*,*,#7874,.F.);
#10607=ORIENTED_EDGE('',*,*,#7870,.T.);
#10608=ORIENTED_EDGE('',*,*,#6873,.T.);
#10609=ORIENTED_EDGE('',*,*,#7875,.F.);
#10610=ORIENTED_EDGE('',*,*,#7876,.F.);
#10611=ORIENTED_EDGE('',*,*,#7873,.T.);
#10612=ORIENTED_EDGE('',*,*,#6872,.T.);
#10613=ORIENTED_EDGE('',*,*,#7872,.F.);
#10614=ORIENTED_EDGE('',*,*,#7877,.F.);
#10615=ORIENTED_EDGE('',*,*,#7875,.T.);
#10616=ORIENTED_EDGE('',*,*,#7871,.T.);
#10617=ORIENTED_EDGE('',*,*,#7874,.T.);
#10618=ORIENTED_EDGE('',*,*,#7876,.T.);
#10619=ORIENTED_EDGE('',*,*,#7877,.T.);
#10620=ORIENTED_EDGE('',*,*,#6875,.T.);
#10621=ORIENTED_EDGE('',*,*,#7878,.F.);
#10622=ORIENTED_EDGE('',*,*,#7879,.F.);
#10623=ORIENTED_EDGE('',*,*,#7880,.T.);
#10624=ORIENTED_EDGE('',*,*,#6874,.T.);
#10625=ORIENTED_EDGE('',*,*,#7881,.F.);
#10626=ORIENTED_EDGE('',*,*,#7882,.F.);
#10627=ORIENTED_EDGE('',*,*,#7878,.T.);
#10628=ORIENTED_EDGE('',*,*,#6877,.T.);
#10629=ORIENTED_EDGE('',*,*,#7883,.F.);
#10630=ORIENTED_EDGE('',*,*,#7884,.F.);
#10631=ORIENTED_EDGE('',*,*,#7881,.T.);
#10632=ORIENTED_EDGE('',*,*,#6876,.T.);
#10633=ORIENTED_EDGE('',*,*,#7880,.F.);
#10634=ORIENTED_EDGE('',*,*,#7885,.F.);
#10635=ORIENTED_EDGE('',*,*,#7883,.T.);
#10636=ORIENTED_EDGE('',*,*,#7879,.T.);
#10637=ORIENTED_EDGE('',*,*,#7882,.T.);
#10638=ORIENTED_EDGE('',*,*,#7884,.T.);
#10639=ORIENTED_EDGE('',*,*,#7885,.T.);
#10640=ORIENTED_EDGE('',*,*,#6879,.T.);
#10641=ORIENTED_EDGE('',*,*,#7886,.F.);
#10642=ORIENTED_EDGE('',*,*,#7887,.F.);
#10643=ORIENTED_EDGE('',*,*,#7888,.T.);
#10644=ORIENTED_EDGE('',*,*,#6878,.T.);
#10645=ORIENTED_EDGE('',*,*,#7889,.F.);
#10646=ORIENTED_EDGE('',*,*,#7890,.F.);
#10647=ORIENTED_EDGE('',*,*,#7886,.T.);
#10648=ORIENTED_EDGE('',*,*,#6881,.T.);
#10649=ORIENTED_EDGE('',*,*,#7891,.F.);
#10650=ORIENTED_EDGE('',*,*,#7892,.F.);
#10651=ORIENTED_EDGE('',*,*,#7889,.T.);
#10652=ORIENTED_EDGE('',*,*,#6880,.T.);
#10653=ORIENTED_EDGE('',*,*,#7888,.F.);
#10654=ORIENTED_EDGE('',*,*,#7893,.F.);
#10655=ORIENTED_EDGE('',*,*,#7891,.T.);
#10656=ORIENTED_EDGE('',*,*,#7887,.T.);
#10657=ORIENTED_EDGE('',*,*,#7890,.T.);
#10658=ORIENTED_EDGE('',*,*,#7892,.T.);
#10659=ORIENTED_EDGE('',*,*,#7893,.T.);
#10660=ORIENTED_EDGE('',*,*,#6883,.T.);
#10661=ORIENTED_EDGE('',*,*,#7894,.F.);
#10662=ORIENTED_EDGE('',*,*,#7895,.F.);
#10663=ORIENTED_EDGE('',*,*,#7896,.T.);
#10664=ORIENTED_EDGE('',*,*,#6882,.T.);
#10665=ORIENTED_EDGE('',*,*,#7897,.F.);
#10666=ORIENTED_EDGE('',*,*,#7898,.F.);
#10667=ORIENTED_EDGE('',*,*,#7894,.T.);
#10668=ORIENTED_EDGE('',*,*,#6885,.T.);
#10669=ORIENTED_EDGE('',*,*,#7899,.F.);
#10670=ORIENTED_EDGE('',*,*,#7900,.F.);
#10671=ORIENTED_EDGE('',*,*,#7897,.T.);
#10672=ORIENTED_EDGE('',*,*,#6884,.T.);
#10673=ORIENTED_EDGE('',*,*,#7896,.F.);
#10674=ORIENTED_EDGE('',*,*,#7901,.F.);
#10675=ORIENTED_EDGE('',*,*,#7899,.T.);
#10676=ORIENTED_EDGE('',*,*,#7895,.T.);
#10677=ORIENTED_EDGE('',*,*,#7898,.T.);
#10678=ORIENTED_EDGE('',*,*,#7900,.T.);
#10679=ORIENTED_EDGE('',*,*,#7901,.T.);
#10680=ORIENTED_EDGE('',*,*,#6887,.T.);
#10681=ORIENTED_EDGE('',*,*,#7902,.F.);
#10682=ORIENTED_EDGE('',*,*,#7903,.F.);
#10683=ORIENTED_EDGE('',*,*,#7904,.T.);
#10684=ORIENTED_EDGE('',*,*,#6886,.T.);
#10685=ORIENTED_EDGE('',*,*,#7905,.F.);
#10686=ORIENTED_EDGE('',*,*,#7906,.F.);
#10687=ORIENTED_EDGE('',*,*,#7902,.T.);
#10688=ORIENTED_EDGE('',*,*,#6889,.T.);
#10689=ORIENTED_EDGE('',*,*,#7907,.F.);
#10690=ORIENTED_EDGE('',*,*,#7908,.F.);
#10691=ORIENTED_EDGE('',*,*,#7905,.T.);
#10692=ORIENTED_EDGE('',*,*,#6888,.T.);
#10693=ORIENTED_EDGE('',*,*,#7904,.F.);
#10694=ORIENTED_EDGE('',*,*,#7909,.F.);
#10695=ORIENTED_EDGE('',*,*,#7907,.T.);
#10696=ORIENTED_EDGE('',*,*,#7903,.T.);
#10697=ORIENTED_EDGE('',*,*,#7906,.T.);
#10698=ORIENTED_EDGE('',*,*,#7908,.T.);
#10699=ORIENTED_EDGE('',*,*,#7909,.T.);
#10700=ORIENTED_EDGE('',*,*,#6891,.T.);
#10701=ORIENTED_EDGE('',*,*,#7910,.F.);
#10702=ORIENTED_EDGE('',*,*,#7911,.F.);
#10703=ORIENTED_EDGE('',*,*,#7912,.T.);
#10704=ORIENTED_EDGE('',*,*,#6890,.T.);
#10705=ORIENTED_EDGE('',*,*,#7913,.F.);
#10706=ORIENTED_EDGE('',*,*,#7914,.F.);
#10707=ORIENTED_EDGE('',*,*,#7910,.T.);
#10708=ORIENTED_EDGE('',*,*,#6893,.T.);
#10709=ORIENTED_EDGE('',*,*,#7915,.F.);
#10710=ORIENTED_EDGE('',*,*,#7916,.F.);
#10711=ORIENTED_EDGE('',*,*,#7913,.T.);
#10712=ORIENTED_EDGE('',*,*,#6892,.T.);
#10713=ORIENTED_EDGE('',*,*,#7912,.F.);
#10714=ORIENTED_EDGE('',*,*,#7917,.F.);
#10715=ORIENTED_EDGE('',*,*,#7915,.T.);
#10716=ORIENTED_EDGE('',*,*,#7911,.T.);
#10717=ORIENTED_EDGE('',*,*,#7914,.T.);
#10718=ORIENTED_EDGE('',*,*,#7916,.T.);
#10719=ORIENTED_EDGE('',*,*,#7917,.T.);
#10720=ORIENTED_EDGE('',*,*,#6895,.T.);
#10721=ORIENTED_EDGE('',*,*,#7918,.F.);
#10722=ORIENTED_EDGE('',*,*,#7919,.F.);
#10723=ORIENTED_EDGE('',*,*,#7920,.T.);
#10724=ORIENTED_EDGE('',*,*,#6894,.T.);
#10725=ORIENTED_EDGE('',*,*,#7921,.F.);
#10726=ORIENTED_EDGE('',*,*,#7922,.F.);
#10727=ORIENTED_EDGE('',*,*,#7918,.T.);
#10728=ORIENTED_EDGE('',*,*,#6897,.T.);
#10729=ORIENTED_EDGE('',*,*,#7923,.F.);
#10730=ORIENTED_EDGE('',*,*,#7924,.F.);
#10731=ORIENTED_EDGE('',*,*,#7921,.T.);
#10732=ORIENTED_EDGE('',*,*,#6896,.T.);
#10733=ORIENTED_EDGE('',*,*,#7920,.F.);
#10734=ORIENTED_EDGE('',*,*,#7925,.F.);
#10735=ORIENTED_EDGE('',*,*,#7923,.T.);
#10736=ORIENTED_EDGE('',*,*,#7919,.T.);
#10737=ORIENTED_EDGE('',*,*,#7922,.T.);
#10738=ORIENTED_EDGE('',*,*,#7924,.T.);
#10739=ORIENTED_EDGE('',*,*,#7925,.T.);
#10740=ORIENTED_EDGE('',*,*,#6899,.T.);
#10741=ORIENTED_EDGE('',*,*,#7926,.F.);
#10742=ORIENTED_EDGE('',*,*,#7927,.F.);
#10743=ORIENTED_EDGE('',*,*,#7928,.T.);
#10744=ORIENTED_EDGE('',*,*,#6898,.T.);
#10745=ORIENTED_EDGE('',*,*,#7929,.F.);
#10746=ORIENTED_EDGE('',*,*,#7930,.F.);
#10747=ORIENTED_EDGE('',*,*,#7926,.T.);
#10748=ORIENTED_EDGE('',*,*,#6901,.T.);
#10749=ORIENTED_EDGE('',*,*,#7931,.F.);
#10750=ORIENTED_EDGE('',*,*,#7932,.F.);
#10751=ORIENTED_EDGE('',*,*,#7929,.T.);
#10752=ORIENTED_EDGE('',*,*,#6900,.T.);
#10753=ORIENTED_EDGE('',*,*,#7928,.F.);
#10754=ORIENTED_EDGE('',*,*,#7933,.F.);
#10755=ORIENTED_EDGE('',*,*,#7931,.T.);
#10756=ORIENTED_EDGE('',*,*,#7927,.T.);
#10757=ORIENTED_EDGE('',*,*,#7930,.T.);
#10758=ORIENTED_EDGE('',*,*,#7932,.T.);
#10759=ORIENTED_EDGE('',*,*,#7933,.T.);
#10760=ORIENTED_EDGE('',*,*,#6903,.T.);
#10761=ORIENTED_EDGE('',*,*,#7934,.F.);
#10762=ORIENTED_EDGE('',*,*,#7935,.F.);
#10763=ORIENTED_EDGE('',*,*,#7936,.T.);
#10764=ORIENTED_EDGE('',*,*,#6902,.T.);
#10765=ORIENTED_EDGE('',*,*,#7937,.F.);
#10766=ORIENTED_EDGE('',*,*,#7938,.F.);
#10767=ORIENTED_EDGE('',*,*,#7934,.T.);
#10768=ORIENTED_EDGE('',*,*,#6905,.T.);
#10769=ORIENTED_EDGE('',*,*,#7939,.F.);
#10770=ORIENTED_EDGE('',*,*,#7940,.F.);
#10771=ORIENTED_EDGE('',*,*,#7937,.T.);
#10772=ORIENTED_EDGE('',*,*,#6904,.T.);
#10773=ORIENTED_EDGE('',*,*,#7936,.F.);
#10774=ORIENTED_EDGE('',*,*,#7941,.F.);
#10775=ORIENTED_EDGE('',*,*,#7939,.T.);
#10776=ORIENTED_EDGE('',*,*,#7935,.T.);
#10777=ORIENTED_EDGE('',*,*,#7938,.T.);
#10778=ORIENTED_EDGE('',*,*,#7940,.T.);
#10779=ORIENTED_EDGE('',*,*,#7941,.T.);
#10780=ORIENTED_EDGE('',*,*,#6907,.T.);
#10781=ORIENTED_EDGE('',*,*,#7942,.F.);
#10782=ORIENTED_EDGE('',*,*,#7943,.F.);
#10783=ORIENTED_EDGE('',*,*,#7944,.T.);
#10784=ORIENTED_EDGE('',*,*,#6906,.T.);
#10785=ORIENTED_EDGE('',*,*,#7945,.F.);
#10786=ORIENTED_EDGE('',*,*,#7946,.F.);
#10787=ORIENTED_EDGE('',*,*,#7942,.T.);
#10788=ORIENTED_EDGE('',*,*,#6909,.T.);
#10789=ORIENTED_EDGE('',*,*,#7947,.F.);
#10790=ORIENTED_EDGE('',*,*,#7948,.F.);
#10791=ORIENTED_EDGE('',*,*,#7945,.T.);
#10792=ORIENTED_EDGE('',*,*,#6908,.T.);
#10793=ORIENTED_EDGE('',*,*,#7944,.F.);
#10794=ORIENTED_EDGE('',*,*,#7949,.F.);
#10795=ORIENTED_EDGE('',*,*,#7947,.T.);
#10796=ORIENTED_EDGE('',*,*,#7943,.T.);
#10797=ORIENTED_EDGE('',*,*,#7946,.T.);
#10798=ORIENTED_EDGE('',*,*,#7948,.T.);
#10799=ORIENTED_EDGE('',*,*,#7949,.T.);
#10800=ORIENTED_EDGE('',*,*,#6911,.T.);
#10801=ORIENTED_EDGE('',*,*,#7950,.F.);
#10802=ORIENTED_EDGE('',*,*,#7951,.F.);
#10803=ORIENTED_EDGE('',*,*,#7952,.T.);
#10804=ORIENTED_EDGE('',*,*,#6910,.T.);
#10805=ORIENTED_EDGE('',*,*,#7953,.F.);
#10806=ORIENTED_EDGE('',*,*,#7954,.F.);
#10807=ORIENTED_EDGE('',*,*,#7950,.T.);
#10808=ORIENTED_EDGE('',*,*,#6913,.T.);
#10809=ORIENTED_EDGE('',*,*,#7955,.F.);
#10810=ORIENTED_EDGE('',*,*,#7956,.F.);
#10811=ORIENTED_EDGE('',*,*,#7953,.T.);
#10812=ORIENTED_EDGE('',*,*,#6912,.T.);
#10813=ORIENTED_EDGE('',*,*,#7952,.F.);
#10814=ORIENTED_EDGE('',*,*,#7957,.F.);
#10815=ORIENTED_EDGE('',*,*,#7955,.T.);
#10816=ORIENTED_EDGE('',*,*,#7951,.T.);
#10817=ORIENTED_EDGE('',*,*,#7954,.T.);
#10818=ORIENTED_EDGE('',*,*,#7956,.T.);
#10819=ORIENTED_EDGE('',*,*,#7957,.T.);
#10820=ORIENTED_EDGE('',*,*,#6915,.T.);
#10821=ORIENTED_EDGE('',*,*,#7958,.F.);
#10822=ORIENTED_EDGE('',*,*,#7959,.F.);
#10823=ORIENTED_EDGE('',*,*,#7960,.T.);
#10824=ORIENTED_EDGE('',*,*,#6914,.T.);
#10825=ORIENTED_EDGE('',*,*,#7961,.F.);
#10826=ORIENTED_EDGE('',*,*,#7962,.F.);
#10827=ORIENTED_EDGE('',*,*,#7958,.T.);
#10828=ORIENTED_EDGE('',*,*,#6917,.T.);
#10829=ORIENTED_EDGE('',*,*,#7963,.F.);
#10830=ORIENTED_EDGE('',*,*,#7964,.F.);
#10831=ORIENTED_EDGE('',*,*,#7961,.T.);
#10832=ORIENTED_EDGE('',*,*,#6916,.T.);
#10833=ORIENTED_EDGE('',*,*,#7960,.F.);
#10834=ORIENTED_EDGE('',*,*,#7965,.F.);
#10835=ORIENTED_EDGE('',*,*,#7963,.T.);
#10836=ORIENTED_EDGE('',*,*,#7959,.T.);
#10837=ORIENTED_EDGE('',*,*,#7962,.T.);
#10838=ORIENTED_EDGE('',*,*,#7964,.T.);
#10839=ORIENTED_EDGE('',*,*,#7965,.T.);
#10840=ORIENTED_EDGE('',*,*,#6919,.T.);
#10841=ORIENTED_EDGE('',*,*,#7966,.F.);
#10842=ORIENTED_EDGE('',*,*,#7967,.F.);
#10843=ORIENTED_EDGE('',*,*,#7968,.T.);
#10844=ORIENTED_EDGE('',*,*,#6918,.T.);
#10845=ORIENTED_EDGE('',*,*,#7969,.F.);
#10846=ORIENTED_EDGE('',*,*,#7970,.F.);
#10847=ORIENTED_EDGE('',*,*,#7966,.T.);
#10848=ORIENTED_EDGE('',*,*,#6921,.T.);
#10849=ORIENTED_EDGE('',*,*,#7971,.F.);
#10850=ORIENTED_EDGE('',*,*,#7972,.F.);
#10851=ORIENTED_EDGE('',*,*,#7969,.T.);
#10852=ORIENTED_EDGE('',*,*,#6920,.T.);
#10853=ORIENTED_EDGE('',*,*,#7968,.F.);
#10854=ORIENTED_EDGE('',*,*,#7973,.F.);
#10855=ORIENTED_EDGE('',*,*,#7971,.T.);
#10856=ORIENTED_EDGE('',*,*,#7967,.T.);
#10857=ORIENTED_EDGE('',*,*,#7970,.T.);
#10858=ORIENTED_EDGE('',*,*,#7972,.T.);
#10859=ORIENTED_EDGE('',*,*,#7973,.T.);
#10860=ORIENTED_EDGE('',*,*,#6923,.T.);
#10861=ORIENTED_EDGE('',*,*,#7974,.F.);
#10862=ORIENTED_EDGE('',*,*,#7975,.F.);
#10863=ORIENTED_EDGE('',*,*,#7976,.T.);
#10864=ORIENTED_EDGE('',*,*,#6922,.T.);
#10865=ORIENTED_EDGE('',*,*,#7977,.F.);
#10866=ORIENTED_EDGE('',*,*,#7978,.F.);
#10867=ORIENTED_EDGE('',*,*,#7974,.T.);
#10868=ORIENTED_EDGE('',*,*,#6925,.T.);
#10869=ORIENTED_EDGE('',*,*,#7979,.F.);
#10870=ORIENTED_EDGE('',*,*,#7980,.F.);
#10871=ORIENTED_EDGE('',*,*,#7977,.T.);
#10872=ORIENTED_EDGE('',*,*,#6924,.T.);
#10873=ORIENTED_EDGE('',*,*,#7976,.F.);
#10874=ORIENTED_EDGE('',*,*,#7981,.F.);
#10875=ORIENTED_EDGE('',*,*,#7979,.T.);
#10876=ORIENTED_EDGE('',*,*,#7975,.T.);
#10877=ORIENTED_EDGE('',*,*,#7978,.T.);
#10878=ORIENTED_EDGE('',*,*,#7980,.T.);
#10879=ORIENTED_EDGE('',*,*,#7981,.T.);
#10880=ORIENTED_EDGE('',*,*,#6927,.T.);
#10881=ORIENTED_EDGE('',*,*,#7982,.F.);
#10882=ORIENTED_EDGE('',*,*,#7983,.F.);
#10883=ORIENTED_EDGE('',*,*,#7984,.T.);
#10884=ORIENTED_EDGE('',*,*,#6926,.T.);
#10885=ORIENTED_EDGE('',*,*,#7985,.F.);
#10886=ORIENTED_EDGE('',*,*,#7986,.F.);
#10887=ORIENTED_EDGE('',*,*,#7982,.T.);
#10888=ORIENTED_EDGE('',*,*,#6929,.T.);
#10889=ORIENTED_EDGE('',*,*,#7987,.F.);
#10890=ORIENTED_EDGE('',*,*,#7988,.F.);
#10891=ORIENTED_EDGE('',*,*,#7985,.T.);
#10892=ORIENTED_EDGE('',*,*,#6928,.T.);
#10893=ORIENTED_EDGE('',*,*,#7984,.F.);
#10894=ORIENTED_EDGE('',*,*,#7989,.F.);
#10895=ORIENTED_EDGE('',*,*,#7987,.T.);
#10896=ORIENTED_EDGE('',*,*,#7983,.T.);
#10897=ORIENTED_EDGE('',*,*,#7986,.T.);
#10898=ORIENTED_EDGE('',*,*,#7988,.T.);
#10899=ORIENTED_EDGE('',*,*,#7989,.T.);
#10900=ORIENTED_EDGE('',*,*,#6931,.T.);
#10901=ORIENTED_EDGE('',*,*,#7990,.F.);
#10902=ORIENTED_EDGE('',*,*,#7991,.F.);
#10903=ORIENTED_EDGE('',*,*,#7992,.T.);
#10904=ORIENTED_EDGE('',*,*,#6930,.T.);
#10905=ORIENTED_EDGE('',*,*,#7993,.F.);
#10906=ORIENTED_EDGE('',*,*,#7994,.F.);
#10907=ORIENTED_EDGE('',*,*,#7990,.T.);
#10908=ORIENTED_EDGE('',*,*,#6933,.T.);
#10909=ORIENTED_EDGE('',*,*,#7995,.F.);
#10910=ORIENTED_EDGE('',*,*,#7996,.F.);
#10911=ORIENTED_EDGE('',*,*,#7993,.T.);
#10912=ORIENTED_EDGE('',*,*,#6932,.T.);
#10913=ORIENTED_EDGE('',*,*,#7992,.F.);
#10914=ORIENTED_EDGE('',*,*,#7997,.F.);
#10915=ORIENTED_EDGE('',*,*,#7995,.T.);
#10916=ORIENTED_EDGE('',*,*,#7991,.T.);
#10917=ORIENTED_EDGE('',*,*,#7994,.T.);
#10918=ORIENTED_EDGE('',*,*,#7996,.T.);
#10919=ORIENTED_EDGE('',*,*,#7997,.T.);
#10920=ORIENTED_EDGE('',*,*,#6935,.T.);
#10921=ORIENTED_EDGE('',*,*,#7998,.F.);
#10922=ORIENTED_EDGE('',*,*,#7999,.F.);
#10923=ORIENTED_EDGE('',*,*,#8000,.T.);
#10924=ORIENTED_EDGE('',*,*,#6934,.T.);
#10925=ORIENTED_EDGE('',*,*,#8001,.F.);
#10926=ORIENTED_EDGE('',*,*,#8002,.F.);
#10927=ORIENTED_EDGE('',*,*,#7998,.T.);
#10928=ORIENTED_EDGE('',*,*,#6937,.T.);
#10929=ORIENTED_EDGE('',*,*,#8003,.F.);
#10930=ORIENTED_EDGE('',*,*,#8004,.F.);
#10931=ORIENTED_EDGE('',*,*,#8001,.T.);
#10932=ORIENTED_EDGE('',*,*,#6936,.T.);
#10933=ORIENTED_EDGE('',*,*,#8000,.F.);
#10934=ORIENTED_EDGE('',*,*,#8005,.F.);
#10935=ORIENTED_EDGE('',*,*,#8003,.T.);
#10936=ORIENTED_EDGE('',*,*,#7999,.T.);
#10937=ORIENTED_EDGE('',*,*,#8002,.T.);
#10938=ORIENTED_EDGE('',*,*,#8004,.T.);
#10939=ORIENTED_EDGE('',*,*,#8005,.T.);
#10940=ORIENTED_EDGE('',*,*,#6939,.T.);
#10941=ORIENTED_EDGE('',*,*,#8006,.F.);
#10942=ORIENTED_EDGE('',*,*,#8007,.F.);
#10943=ORIENTED_EDGE('',*,*,#8008,.T.);
#10944=ORIENTED_EDGE('',*,*,#6938,.T.);
#10945=ORIENTED_EDGE('',*,*,#8009,.F.);
#10946=ORIENTED_EDGE('',*,*,#8010,.F.);
#10947=ORIENTED_EDGE('',*,*,#8006,.T.);
#10948=ORIENTED_EDGE('',*,*,#6941,.T.);
#10949=ORIENTED_EDGE('',*,*,#8011,.F.);
#10950=ORIENTED_EDGE('',*,*,#8012,.F.);
#10951=ORIENTED_EDGE('',*,*,#8009,.T.);
#10952=ORIENTED_EDGE('',*,*,#6940,.T.);
#10953=ORIENTED_EDGE('',*,*,#8008,.F.);
#10954=ORIENTED_EDGE('',*,*,#8013,.F.);
#10955=ORIENTED_EDGE('',*,*,#8011,.T.);
#10956=ORIENTED_EDGE('',*,*,#8007,.T.);
#10957=ORIENTED_EDGE('',*,*,#8010,.T.);
#10958=ORIENTED_EDGE('',*,*,#8012,.T.);
#10959=ORIENTED_EDGE('',*,*,#8013,.T.);
#10960=ORIENTED_EDGE('',*,*,#6943,.T.);
#10961=ORIENTED_EDGE('',*,*,#8014,.F.);
#10962=ORIENTED_EDGE('',*,*,#8015,.F.);
#10963=ORIENTED_EDGE('',*,*,#8016,.T.);
#10964=ORIENTED_EDGE('',*,*,#6942,.T.);
#10965=ORIENTED_EDGE('',*,*,#8017,.F.);
#10966=ORIENTED_EDGE('',*,*,#8018,.F.);
#10967=ORIENTED_EDGE('',*,*,#8014,.T.);
#10968=ORIENTED_EDGE('',*,*,#6945,.T.);
#10969=ORIENTED_EDGE('',*,*,#8019,.F.);
#10970=ORIENTED_EDGE('',*,*,#8020,.F.);
#10971=ORIENTED_EDGE('',*,*,#8017,.T.);
#10972=ORIENTED_EDGE('',*,*,#6944,.T.);
#10973=ORIENTED_EDGE('',*,*,#8016,.F.);
#10974=ORIENTED_EDGE('',*,*,#8021,.F.);
#10975=ORIENTED_EDGE('',*,*,#8019,.T.);
#10976=ORIENTED_EDGE('',*,*,#8015,.T.);
#10977=ORIENTED_EDGE('',*,*,#8018,.T.);
#10978=ORIENTED_EDGE('',*,*,#8020,.T.);
#10979=ORIENTED_EDGE('',*,*,#8021,.T.);
#10980=ORIENTED_EDGE('',*,*,#6947,.T.);
#10981=ORIENTED_EDGE('',*,*,#8022,.F.);
#10982=ORIENTED_EDGE('',*,*,#8023,.F.);
#10983=ORIENTED_EDGE('',*,*,#8024,.T.);
#10984=ORIENTED_EDGE('',*,*,#6946,.T.);
#10985=ORIENTED_EDGE('',*,*,#8025,.F.);
#10986=ORIENTED_EDGE('',*,*,#8026,.F.);
#10987=ORIENTED_EDGE('',*,*,#8022,.T.);
#10988=ORIENTED_EDGE('',*,*,#6949,.T.);
#10989=ORIENTED_EDGE('',*,*,#8027,.F.);
#10990=ORIENTED_EDGE('',*,*,#8028,.F.);
#10991=ORIENTED_EDGE('',*,*,#8025,.T.);
#10992=ORIENTED_EDGE('',*,*,#6948,.T.);
#10993=ORIENTED_EDGE('',*,*,#8024,.F.);
#10994=ORIENTED_EDGE('',*,*,#8029,.F.);
#10995=ORIENTED_EDGE('',*,*,#8027,.T.);
#10996=ORIENTED_EDGE('',*,*,#8023,.T.);
#10997=ORIENTED_EDGE('',*,*,#8026,.T.);
#10998=ORIENTED_EDGE('',*,*,#8028,.T.);
#10999=ORIENTED_EDGE('',*,*,#8029,.T.);
#11000=ORIENTED_EDGE('',*,*,#6951,.T.);
#11001=ORIENTED_EDGE('',*,*,#8030,.F.);
#11002=ORIENTED_EDGE('',*,*,#8031,.F.);
#11003=ORIENTED_EDGE('',*,*,#8032,.T.);
#11004=ORIENTED_EDGE('',*,*,#6950,.T.);
#11005=ORIENTED_EDGE('',*,*,#8033,.F.);
#11006=ORIENTED_EDGE('',*,*,#8034,.F.);
#11007=ORIENTED_EDGE('',*,*,#8030,.T.);
#11008=ORIENTED_EDGE('',*,*,#6953,.T.);
#11009=ORIENTED_EDGE('',*,*,#8035,.F.);
#11010=ORIENTED_EDGE('',*,*,#8036,.F.);
#11011=ORIENTED_EDGE('',*,*,#8033,.T.);
#11012=ORIENTED_EDGE('',*,*,#6952,.T.);
#11013=ORIENTED_EDGE('',*,*,#8032,.F.);
#11014=ORIENTED_EDGE('',*,*,#8037,.F.);
#11015=ORIENTED_EDGE('',*,*,#8035,.T.);
#11016=ORIENTED_EDGE('',*,*,#8031,.T.);
#11017=ORIENTED_EDGE('',*,*,#8034,.T.);
#11018=ORIENTED_EDGE('',*,*,#8036,.T.);
#11019=ORIENTED_EDGE('',*,*,#8037,.T.);
#11020=ORIENTED_EDGE('',*,*,#6955,.T.);
#11021=ORIENTED_EDGE('',*,*,#8038,.F.);
#11022=ORIENTED_EDGE('',*,*,#8039,.F.);
#11023=ORIENTED_EDGE('',*,*,#8040,.T.);
#11024=ORIENTED_EDGE('',*,*,#6954,.T.);
#11025=ORIENTED_EDGE('',*,*,#8041,.F.);
#11026=ORIENTED_EDGE('',*,*,#8042,.F.);
#11027=ORIENTED_EDGE('',*,*,#8038,.T.);
#11028=ORIENTED_EDGE('',*,*,#6957,.T.);
#11029=ORIENTED_EDGE('',*,*,#8043,.F.);
#11030=ORIENTED_EDGE('',*,*,#8044,.F.);
#11031=ORIENTED_EDGE('',*,*,#8041,.T.);
#11032=ORIENTED_EDGE('',*,*,#6956,.T.);
#11033=ORIENTED_EDGE('',*,*,#8040,.F.);
#11034=ORIENTED_EDGE('',*,*,#8045,.F.);
#11035=ORIENTED_EDGE('',*,*,#8043,.T.);
#11036=ORIENTED_EDGE('',*,*,#8039,.T.);
#11037=ORIENTED_EDGE('',*,*,#8042,.T.);
#11038=ORIENTED_EDGE('',*,*,#8044,.T.);
#11039=ORIENTED_EDGE('',*,*,#8045,.T.);
#11040=ORIENTED_EDGE('',*,*,#6959,.T.);
#11041=ORIENTED_EDGE('',*,*,#8046,.F.);
#11042=ORIENTED_EDGE('',*,*,#8047,.F.);
#11043=ORIENTED_EDGE('',*,*,#8048,.T.);
#11044=ORIENTED_EDGE('',*,*,#6958,.T.);
#11045=ORIENTED_EDGE('',*,*,#8049,.F.);
#11046=ORIENTED_EDGE('',*,*,#8050,.F.);
#11047=ORIENTED_EDGE('',*,*,#8046,.T.);
#11048=ORIENTED_EDGE('',*,*,#6961,.T.);
#11049=ORIENTED_EDGE('',*,*,#8051,.F.);
#11050=ORIENTED_EDGE('',*,*,#8052,.F.);
#11051=ORIENTED_EDGE('',*,*,#8049,.T.);
#11052=ORIENTED_EDGE('',*,*,#6960,.T.);
#11053=ORIENTED_EDGE('',*,*,#8048,.F.);
#11054=ORIENTED_EDGE('',*,*,#8053,.F.);
#11055=ORIENTED_EDGE('',*,*,#8051,.T.);
#11056=ORIENTED_EDGE('',*,*,#8047,.T.);
#11057=ORIENTED_EDGE('',*,*,#8050,.T.);
#11058=ORIENTED_EDGE('',*,*,#8052,.T.);
#11059=ORIENTED_EDGE('',*,*,#8053,.T.);
#11060=ORIENTED_EDGE('',*,*,#6963,.T.);
#11061=ORIENTED_EDGE('',*,*,#8054,.F.);
#11062=ORIENTED_EDGE('',*,*,#8055,.F.);
#11063=ORIENTED_EDGE('',*,*,#8056,.T.);
#11064=ORIENTED_EDGE('',*,*,#6962,.T.);
#11065=ORIENTED_EDGE('',*,*,#8057,.F.);
#11066=ORIENTED_EDGE('',*,*,#8058,.F.);
#11067=ORIENTED_EDGE('',*,*,#8054,.T.);
#11068=ORIENTED_EDGE('',*,*,#6965,.T.);
#11069=ORIENTED_EDGE('',*,*,#8059,.F.);
#11070=ORIENTED_EDGE('',*,*,#8060,.F.);
#11071=ORIENTED_EDGE('',*,*,#8057,.T.);
#11072=ORIENTED_EDGE('',*,*,#6964,.T.);
#11073=ORIENTED_EDGE('',*,*,#8056,.F.);
#11074=ORIENTED_EDGE('',*,*,#8061,.F.);
#11075=ORIENTED_EDGE('',*,*,#8059,.T.);
#11076=ORIENTED_EDGE('',*,*,#8055,.T.);
#11077=ORIENTED_EDGE('',*,*,#8058,.T.);
#11078=ORIENTED_EDGE('',*,*,#8060,.T.);
#11079=ORIENTED_EDGE('',*,*,#8061,.T.);
#11080=ORIENTED_EDGE('',*,*,#6967,.T.);
#11081=ORIENTED_EDGE('',*,*,#8062,.F.);
#11082=ORIENTED_EDGE('',*,*,#8063,.F.);
#11083=ORIENTED_EDGE('',*,*,#8064,.T.);
#11084=ORIENTED_EDGE('',*,*,#6966,.T.);
#11085=ORIENTED_EDGE('',*,*,#8065,.F.);
#11086=ORIENTED_EDGE('',*,*,#8066,.F.);
#11087=ORIENTED_EDGE('',*,*,#8062,.T.);
#11088=ORIENTED_EDGE('',*,*,#6969,.T.);
#11089=ORIENTED_EDGE('',*,*,#8067,.F.);
#11090=ORIENTED_EDGE('',*,*,#8068,.F.);
#11091=ORIENTED_EDGE('',*,*,#8065,.T.);
#11092=ORIENTED_EDGE('',*,*,#6968,.T.);
#11093=ORIENTED_EDGE('',*,*,#8064,.F.);
#11094=ORIENTED_EDGE('',*,*,#8069,.F.);
#11095=ORIENTED_EDGE('',*,*,#8067,.T.);
#11096=ORIENTED_EDGE('',*,*,#8063,.T.);
#11097=ORIENTED_EDGE('',*,*,#8066,.T.);
#11098=ORIENTED_EDGE('',*,*,#8068,.T.);
#11099=ORIENTED_EDGE('',*,*,#8069,.T.);
#11100=ORIENTED_EDGE('',*,*,#6971,.T.);
#11101=ORIENTED_EDGE('',*,*,#8070,.F.);
#11102=ORIENTED_EDGE('',*,*,#8071,.F.);
#11103=ORIENTED_EDGE('',*,*,#8072,.T.);
#11104=ORIENTED_EDGE('',*,*,#6970,.T.);
#11105=ORIENTED_EDGE('',*,*,#8073,.F.);
#11106=ORIENTED_EDGE('',*,*,#8074,.F.);
#11107=ORIENTED_EDGE('',*,*,#8070,.T.);
#11108=ORIENTED_EDGE('',*,*,#6973,.T.);
#11109=ORIENTED_EDGE('',*,*,#8075,.F.);
#11110=ORIENTED_EDGE('',*,*,#8076,.F.);
#11111=ORIENTED_EDGE('',*,*,#8073,.T.);
#11112=ORIENTED_EDGE('',*,*,#6972,.T.);
#11113=ORIENTED_EDGE('',*,*,#8072,.F.);
#11114=ORIENTED_EDGE('',*,*,#8077,.F.);
#11115=ORIENTED_EDGE('',*,*,#8075,.T.);
#11116=ORIENTED_EDGE('',*,*,#8071,.T.);
#11117=ORIENTED_EDGE('',*,*,#8074,.T.);
#11118=ORIENTED_EDGE('',*,*,#8076,.T.);
#11119=ORIENTED_EDGE('',*,*,#8077,.T.);
#11120=ORIENTED_EDGE('',*,*,#6975,.T.);
#11121=ORIENTED_EDGE('',*,*,#8078,.F.);
#11122=ORIENTED_EDGE('',*,*,#8079,.F.);
#11123=ORIENTED_EDGE('',*,*,#8080,.T.);
#11124=ORIENTED_EDGE('',*,*,#6974,.T.);
#11125=ORIENTED_EDGE('',*,*,#8081,.F.);
#11126=ORIENTED_EDGE('',*,*,#8082,.F.);
#11127=ORIENTED_EDGE('',*,*,#8078,.T.);
#11128=ORIENTED_EDGE('',*,*,#6977,.T.);
#11129=ORIENTED_EDGE('',*,*,#8083,.F.);
#11130=ORIENTED_EDGE('',*,*,#8084,.F.);
#11131=ORIENTED_EDGE('',*,*,#8081,.T.);
#11132=ORIENTED_EDGE('',*,*,#6976,.T.);
#11133=ORIENTED_EDGE('',*,*,#8080,.F.);
#11134=ORIENTED_EDGE('',*,*,#8085,.F.);
#11135=ORIENTED_EDGE('',*,*,#8083,.T.);
#11136=ORIENTED_EDGE('',*,*,#8079,.T.);
#11137=ORIENTED_EDGE('',*,*,#8082,.T.);
#11138=ORIENTED_EDGE('',*,*,#8084,.T.);
#11139=ORIENTED_EDGE('',*,*,#8085,.T.);
#11140=ORIENTED_EDGE('',*,*,#6979,.T.);
#11141=ORIENTED_EDGE('',*,*,#8086,.F.);
#11142=ORIENTED_EDGE('',*,*,#8087,.F.);
#11143=ORIENTED_EDGE('',*,*,#8088,.T.);
#11144=ORIENTED_EDGE('',*,*,#6978,.T.);
#11145=ORIENTED_EDGE('',*,*,#8089,.F.);
#11146=ORIENTED_EDGE('',*,*,#8090,.F.);
#11147=ORIENTED_EDGE('',*,*,#8086,.T.);
#11148=ORIENTED_EDGE('',*,*,#6981,.T.);
#11149=ORIENTED_EDGE('',*,*,#8091,.F.);
#11150=ORIENTED_EDGE('',*,*,#8092,.F.);
#11151=ORIENTED_EDGE('',*,*,#8089,.T.);
#11152=ORIENTED_EDGE('',*,*,#6980,.T.);
#11153=ORIENTED_EDGE('',*,*,#8088,.F.);
#11154=ORIENTED_EDGE('',*,*,#8093,.F.);
#11155=ORIENTED_EDGE('',*,*,#8091,.T.);
#11156=ORIENTED_EDGE('',*,*,#8087,.T.);
#11157=ORIENTED_EDGE('',*,*,#8090,.T.);
#11158=ORIENTED_EDGE('',*,*,#8092,.T.);
#11159=ORIENTED_EDGE('',*,*,#8093,.T.);
#11160=ORIENTED_EDGE('',*,*,#6983,.T.);
#11161=ORIENTED_EDGE('',*,*,#8094,.F.);
#11162=ORIENTED_EDGE('',*,*,#8095,.F.);
#11163=ORIENTED_EDGE('',*,*,#8096,.T.);
#11164=ORIENTED_EDGE('',*,*,#6982,.T.);
#11165=ORIENTED_EDGE('',*,*,#8097,.F.);
#11166=ORIENTED_EDGE('',*,*,#8098,.F.);
#11167=ORIENTED_EDGE('',*,*,#8094,.T.);
#11168=ORIENTED_EDGE('',*,*,#6985,.T.);
#11169=ORIENTED_EDGE('',*,*,#8099,.F.);
#11170=ORIENTED_EDGE('',*,*,#8100,.F.);
#11171=ORIENTED_EDGE('',*,*,#8097,.T.);
#11172=ORIENTED_EDGE('',*,*,#6984,.T.);
#11173=ORIENTED_EDGE('',*,*,#8096,.F.);
#11174=ORIENTED_EDGE('',*,*,#8101,.F.);
#11175=ORIENTED_EDGE('',*,*,#8099,.T.);
#11176=ORIENTED_EDGE('',*,*,#8095,.T.);
#11177=ORIENTED_EDGE('',*,*,#8098,.T.);
#11178=ORIENTED_EDGE('',*,*,#8100,.T.);
#11179=ORIENTED_EDGE('',*,*,#8101,.T.);
#11180=ORIENTED_EDGE('',*,*,#6987,.T.);
#11181=ORIENTED_EDGE('',*,*,#8102,.F.);
#11182=ORIENTED_EDGE('',*,*,#8103,.F.);
#11183=ORIENTED_EDGE('',*,*,#8104,.T.);
#11184=ORIENTED_EDGE('',*,*,#6986,.T.);
#11185=ORIENTED_EDGE('',*,*,#8105,.F.);
#11186=ORIENTED_EDGE('',*,*,#8106,.F.);
#11187=ORIENTED_EDGE('',*,*,#8102,.T.);
#11188=ORIENTED_EDGE('',*,*,#6989,.T.);
#11189=ORIENTED_EDGE('',*,*,#8107,.F.);
#11190=ORIENTED_EDGE('',*,*,#8108,.F.);
#11191=ORIENTED_EDGE('',*,*,#8105,.T.);
#11192=ORIENTED_EDGE('',*,*,#6988,.T.);
#11193=ORIENTED_EDGE('',*,*,#8104,.F.);
#11194=ORIENTED_EDGE('',*,*,#8109,.F.);
#11195=ORIENTED_EDGE('',*,*,#8107,.T.);
#11196=ORIENTED_EDGE('',*,*,#8103,.T.);
#11197=ORIENTED_EDGE('',*,*,#8106,.T.);
#11198=ORIENTED_EDGE('',*,*,#8108,.T.);
#11199=ORIENTED_EDGE('',*,*,#8109,.T.);
#11200=ORIENTED_EDGE('',*,*,#6991,.T.);
#11201=ORIENTED_EDGE('',*,*,#8110,.F.);
#11202=ORIENTED_EDGE('',*,*,#8111,.F.);
#11203=ORIENTED_EDGE('',*,*,#8112,.T.);
#11204=ORIENTED_EDGE('',*,*,#6990,.T.);
#11205=ORIENTED_EDGE('',*,*,#8113,.F.);
#11206=ORIENTED_EDGE('',*,*,#8114,.F.);
#11207=ORIENTED_EDGE('',*,*,#8110,.T.);
#11208=ORIENTED_EDGE('',*,*,#6993,.T.);
#11209=ORIENTED_EDGE('',*,*,#8115,.F.);
#11210=ORIENTED_EDGE('',*,*,#8116,.F.);
#11211=ORIENTED_EDGE('',*,*,#8113,.T.);
#11212=ORIENTED_EDGE('',*,*,#6992,.T.);
#11213=ORIENTED_EDGE('',*,*,#8112,.F.);
#11214=ORIENTED_EDGE('',*,*,#8117,.F.);
#11215=ORIENTED_EDGE('',*,*,#8115,.T.);
#11216=ORIENTED_EDGE('',*,*,#8111,.T.);
#11217=ORIENTED_EDGE('',*,*,#8114,.T.);
#11218=ORIENTED_EDGE('',*,*,#8116,.T.);
#11219=ORIENTED_EDGE('',*,*,#8117,.T.);
#11220=ORIENTED_EDGE('',*,*,#6995,.T.);
#11221=ORIENTED_EDGE('',*,*,#8118,.F.);
#11222=ORIENTED_EDGE('',*,*,#8119,.F.);
#11223=ORIENTED_EDGE('',*,*,#8120,.T.);
#11224=ORIENTED_EDGE('',*,*,#6994,.T.);
#11225=ORIENTED_EDGE('',*,*,#8121,.F.);
#11226=ORIENTED_EDGE('',*,*,#8122,.F.);
#11227=ORIENTED_EDGE('',*,*,#8118,.T.);
#11228=ORIENTED_EDGE('',*,*,#6997,.T.);
#11229=ORIENTED_EDGE('',*,*,#8123,.F.);
#11230=ORIENTED_EDGE('',*,*,#8124,.F.);
#11231=ORIENTED_EDGE('',*,*,#8121,.T.);
#11232=ORIENTED_EDGE('',*,*,#6996,.T.);
#11233=ORIENTED_EDGE('',*,*,#8120,.F.);
#11234=ORIENTED_EDGE('',*,*,#8125,.F.);
#11235=ORIENTED_EDGE('',*,*,#8123,.T.);
#11236=ORIENTED_EDGE('',*,*,#8119,.T.);
#11237=ORIENTED_EDGE('',*,*,#8122,.T.);
#11238=ORIENTED_EDGE('',*,*,#8124,.T.);
#11239=ORIENTED_EDGE('',*,*,#8125,.T.);
#11240=ORIENTED_EDGE('',*,*,#6999,.T.);
#11241=ORIENTED_EDGE('',*,*,#8126,.F.);
#11242=ORIENTED_EDGE('',*,*,#8127,.F.);
#11243=ORIENTED_EDGE('',*,*,#8128,.T.);
#11244=ORIENTED_EDGE('',*,*,#6998,.T.);
#11245=ORIENTED_EDGE('',*,*,#8129,.F.);
#11246=ORIENTED_EDGE('',*,*,#8130,.F.);
#11247=ORIENTED_EDGE('',*,*,#8126,.T.);
#11248=ORIENTED_EDGE('',*,*,#7001,.T.);
#11249=ORIENTED_EDGE('',*,*,#8131,.F.);
#11250=ORIENTED_EDGE('',*,*,#8132,.F.);
#11251=ORIENTED_EDGE('',*,*,#8129,.T.);
#11252=ORIENTED_EDGE('',*,*,#7000,.T.);
#11253=ORIENTED_EDGE('',*,*,#8128,.F.);
#11254=ORIENTED_EDGE('',*,*,#8133,.F.);
#11255=ORIENTED_EDGE('',*,*,#8131,.T.);
#11256=ORIENTED_EDGE('',*,*,#8127,.T.);
#11257=ORIENTED_EDGE('',*,*,#8130,.T.);
#11258=ORIENTED_EDGE('',*,*,#8132,.T.);
#11259=ORIENTED_EDGE('',*,*,#8133,.T.);
#11260=ORIENTED_EDGE('',*,*,#7003,.T.);
#11261=ORIENTED_EDGE('',*,*,#8134,.F.);
#11262=ORIENTED_EDGE('',*,*,#8135,.F.);
#11263=ORIENTED_EDGE('',*,*,#8136,.T.);
#11264=ORIENTED_EDGE('',*,*,#7002,.T.);
#11265=ORIENTED_EDGE('',*,*,#8137,.F.);
#11266=ORIENTED_EDGE('',*,*,#8138,.F.);
#11267=ORIENTED_EDGE('',*,*,#8134,.T.);
#11268=ORIENTED_EDGE('',*,*,#7005,.T.);
#11269=ORIENTED_EDGE('',*,*,#8139,.F.);
#11270=ORIENTED_EDGE('',*,*,#8140,.F.);
#11271=ORIENTED_EDGE('',*,*,#8137,.T.);
#11272=ORIENTED_EDGE('',*,*,#7004,.T.);
#11273=ORIENTED_EDGE('',*,*,#8136,.F.);
#11274=ORIENTED_EDGE('',*,*,#8141,.F.);
#11275=ORIENTED_EDGE('',*,*,#8139,.T.);
#11276=ORIENTED_EDGE('',*,*,#8135,.T.);
#11277=ORIENTED_EDGE('',*,*,#8138,.T.);
#11278=ORIENTED_EDGE('',*,*,#8140,.T.);
#11279=ORIENTED_EDGE('',*,*,#8141,.T.);
#11280=ORIENTED_EDGE('',*,*,#7007,.T.);
#11281=ORIENTED_EDGE('',*,*,#8142,.F.);
#11282=ORIENTED_EDGE('',*,*,#8143,.F.);
#11283=ORIENTED_EDGE('',*,*,#8144,.T.);
#11284=ORIENTED_EDGE('',*,*,#7006,.T.);
#11285=ORIENTED_EDGE('',*,*,#8145,.F.);
#11286=ORIENTED_EDGE('',*,*,#8146,.F.);
#11287=ORIENTED_EDGE('',*,*,#8142,.T.);
#11288=ORIENTED_EDGE('',*,*,#7009,.T.);
#11289=ORIENTED_EDGE('',*,*,#8147,.F.);
#11290=ORIENTED_EDGE('',*,*,#8148,.F.);
#11291=ORIENTED_EDGE('',*,*,#8145,.T.);
#11292=ORIENTED_EDGE('',*,*,#7008,.T.);
#11293=ORIENTED_EDGE('',*,*,#8144,.F.);
#11294=ORIENTED_EDGE('',*,*,#8149,.F.);
#11295=ORIENTED_EDGE('',*,*,#8147,.T.);
#11296=ORIENTED_EDGE('',*,*,#8143,.T.);
#11297=ORIENTED_EDGE('',*,*,#8146,.T.);
#11298=ORIENTED_EDGE('',*,*,#8148,.T.);
#11299=ORIENTED_EDGE('',*,*,#8149,.T.);
#11300=ORIENTED_EDGE('',*,*,#7011,.T.);
#11301=ORIENTED_EDGE('',*,*,#8150,.F.);
#11302=ORIENTED_EDGE('',*,*,#8151,.F.);
#11303=ORIENTED_EDGE('',*,*,#8152,.T.);
#11304=ORIENTED_EDGE('',*,*,#7010,.T.);
#11305=ORIENTED_EDGE('',*,*,#8153,.F.);
#11306=ORIENTED_EDGE('',*,*,#8154,.F.);
#11307=ORIENTED_EDGE('',*,*,#8150,.T.);
#11308=ORIENTED_EDGE('',*,*,#7013,.T.);
#11309=ORIENTED_EDGE('',*,*,#8155,.F.);
#11310=ORIENTED_EDGE('',*,*,#8156,.F.);
#11311=ORIENTED_EDGE('',*,*,#8153,.T.);
#11312=ORIENTED_EDGE('',*,*,#7012,.T.);
#11313=ORIENTED_EDGE('',*,*,#8152,.F.);
#11314=ORIENTED_EDGE('',*,*,#8157,.F.);
#11315=ORIENTED_EDGE('',*,*,#8155,.T.);
#11316=ORIENTED_EDGE('',*,*,#8151,.T.);
#11317=ORIENTED_EDGE('',*,*,#8154,.T.);
#11318=ORIENTED_EDGE('',*,*,#8156,.T.);
#11319=ORIENTED_EDGE('',*,*,#8157,.T.);
#11320=ORIENTED_EDGE('',*,*,#7015,.T.);
#11321=ORIENTED_EDGE('',*,*,#8158,.F.);
#11322=ORIENTED_EDGE('',*,*,#8159,.F.);
#11323=ORIENTED_EDGE('',*,*,#8160,.T.);
#11324=ORIENTED_EDGE('',*,*,#7014,.T.);
#11325=ORIENTED_EDGE('',*,*,#8161,.F.);
#11326=ORIENTED_EDGE('',*,*,#8162,.F.);
#11327=ORIENTED_EDGE('',*,*,#8158,.T.);
#11328=ORIENTED_EDGE('',*,*,#7017,.T.);
#11329=ORIENTED_EDGE('',*,*,#8163,.F.);
#11330=ORIENTED_EDGE('',*,*,#8164,.F.);
#11331=ORIENTED_EDGE('',*,*,#8161,.T.);
#11332=ORIENTED_EDGE('',*,*,#7016,.T.);
#11333=ORIENTED_EDGE('',*,*,#8160,.F.);
#11334=ORIENTED_EDGE('',*,*,#8165,.F.);
#11335=ORIENTED_EDGE('',*,*,#8163,.T.);
#11336=ORIENTED_EDGE('',*,*,#8159,.T.);
#11337=ORIENTED_EDGE('',*,*,#8162,.T.);
#11338=ORIENTED_EDGE('',*,*,#8164,.T.);
#11339=ORIENTED_EDGE('',*,*,#8165,.T.);
#11340=ORIENTED_EDGE('',*,*,#7019,.T.);
#11341=ORIENTED_EDGE('',*,*,#8166,.F.);
#11342=ORIENTED_EDGE('',*,*,#8167,.F.);
#11343=ORIENTED_EDGE('',*,*,#8168,.T.);
#11344=ORIENTED_EDGE('',*,*,#7018,.T.);
#11345=ORIENTED_EDGE('',*,*,#8169,.F.);
#11346=ORIENTED_EDGE('',*,*,#8170,.F.);
#11347=ORIENTED_EDGE('',*,*,#8166,.T.);
#11348=ORIENTED_EDGE('',*,*,#7021,.T.);
#11349=ORIENTED_EDGE('',*,*,#8171,.F.);
#11350=ORIENTED_EDGE('',*,*,#8172,.F.);
#11351=ORIENTED_EDGE('',*,*,#8169,.T.);
#11352=ORIENTED_EDGE('',*,*,#7020,.T.);
#11353=ORIENTED_EDGE('',*,*,#8168,.F.);
#11354=ORIENTED_EDGE('',*,*,#8173,.F.);
#11355=ORIENTED_EDGE('',*,*,#8171,.T.);
#11356=ORIENTED_EDGE('',*,*,#8167,.T.);
#11357=ORIENTED_EDGE('',*,*,#8170,.T.);
#11358=ORIENTED_EDGE('',*,*,#8172,.T.);
#11359=ORIENTED_EDGE('',*,*,#8173,.T.);
#11360=ORIENTED_EDGE('',*,*,#7023,.T.);
#11361=ORIENTED_EDGE('',*,*,#8174,.F.);
#11362=ORIENTED_EDGE('',*,*,#8175,.F.);
#11363=ORIENTED_EDGE('',*,*,#8176,.T.);
#11364=ORIENTED_EDGE('',*,*,#7022,.T.);
#11365=ORIENTED_EDGE('',*,*,#8177,.F.);
#11366=ORIENTED_EDGE('',*,*,#8178,.F.);
#11367=ORIENTED_EDGE('',*,*,#8174,.T.);
#11368=ORIENTED_EDGE('',*,*,#7025,.T.);
#11369=ORIENTED_EDGE('',*,*,#8179,.F.);
#11370=ORIENTED_EDGE('',*,*,#8180,.F.);
#11371=ORIENTED_EDGE('',*,*,#8177,.T.);
#11372=ORIENTED_EDGE('',*,*,#7024,.T.);
#11373=ORIENTED_EDGE('',*,*,#8176,.F.);
#11374=ORIENTED_EDGE('',*,*,#8181,.F.);
#11375=ORIENTED_EDGE('',*,*,#8179,.T.);
#11376=ORIENTED_EDGE('',*,*,#8175,.T.);
#11377=ORIENTED_EDGE('',*,*,#8178,.T.);
#11378=ORIENTED_EDGE('',*,*,#8180,.T.);
#11379=ORIENTED_EDGE('',*,*,#8181,.T.);
#11380=ORIENTED_EDGE('',*,*,#7027,.T.);
#11381=ORIENTED_EDGE('',*,*,#8182,.F.);
#11382=ORIENTED_EDGE('',*,*,#8183,.F.);
#11383=ORIENTED_EDGE('',*,*,#8184,.T.);
#11384=ORIENTED_EDGE('',*,*,#7026,.T.);
#11385=ORIENTED_EDGE('',*,*,#8185,.F.);
#11386=ORIENTED_EDGE('',*,*,#8186,.F.);
#11387=ORIENTED_EDGE('',*,*,#8182,.T.);
#11388=ORIENTED_EDGE('',*,*,#7029,.T.);
#11389=ORIENTED_EDGE('',*,*,#8187,.F.);
#11390=ORIENTED_EDGE('',*,*,#8188,.F.);
#11391=ORIENTED_EDGE('',*,*,#8185,.T.);
#11392=ORIENTED_EDGE('',*,*,#7028,.T.);
#11393=ORIENTED_EDGE('',*,*,#8184,.F.);
#11394=ORIENTED_EDGE('',*,*,#8189,.F.);
#11395=ORIENTED_EDGE('',*,*,#8187,.T.);
#11396=ORIENTED_EDGE('',*,*,#8183,.T.);
#11397=ORIENTED_EDGE('',*,*,#8186,.T.);
#11398=ORIENTED_EDGE('',*,*,#8188,.T.);
#11399=ORIENTED_EDGE('',*,*,#8189,.T.);
#11400=ORIENTED_EDGE('',*,*,#7031,.T.);
#11401=ORIENTED_EDGE('',*,*,#8190,.F.);
#11402=ORIENTED_EDGE('',*,*,#8191,.F.);
#11403=ORIENTED_EDGE('',*,*,#8192,.T.);
#11404=ORIENTED_EDGE('',*,*,#7030,.T.);
#11405=ORIENTED_EDGE('',*,*,#8193,.F.);
#11406=ORIENTED_EDGE('',*,*,#8194,.F.);
#11407=ORIENTED_EDGE('',*,*,#8190,.T.);
#11408=ORIENTED_EDGE('',*,*,#7033,.T.);
#11409=ORIENTED_EDGE('',*,*,#8195,.F.);
#11410=ORIENTED_EDGE('',*,*,#8196,.F.);
#11411=ORIENTED_EDGE('',*,*,#8193,.T.);
#11412=ORIENTED_EDGE('',*,*,#7032,.T.);
#11413=ORIENTED_EDGE('',*,*,#8192,.F.);
#11414=ORIENTED_EDGE('',*,*,#8197,.F.);
#11415=ORIENTED_EDGE('',*,*,#8195,.T.);
#11416=ORIENTED_EDGE('',*,*,#8191,.T.);
#11417=ORIENTED_EDGE('',*,*,#8194,.T.);
#11418=ORIENTED_EDGE('',*,*,#8196,.T.);
#11419=ORIENTED_EDGE('',*,*,#8197,.T.);
#11420=ORIENTED_EDGE('',*,*,#7035,.T.);
#11421=ORIENTED_EDGE('',*,*,#8198,.F.);
#11422=ORIENTED_EDGE('',*,*,#8199,.F.);
#11423=ORIENTED_EDGE('',*,*,#8200,.T.);
#11424=ORIENTED_EDGE('',*,*,#7034,.T.);
#11425=ORIENTED_EDGE('',*,*,#8201,.F.);
#11426=ORIENTED_EDGE('',*,*,#8202,.F.);
#11427=ORIENTED_EDGE('',*,*,#8198,.T.);
#11428=ORIENTED_EDGE('',*,*,#7037,.T.);
#11429=ORIENTED_EDGE('',*,*,#8203,.F.);
#11430=ORIENTED_EDGE('',*,*,#8204,.F.);
#11431=ORIENTED_EDGE('',*,*,#8201,.T.);
#11432=ORIENTED_EDGE('',*,*,#7036,.T.);
#11433=ORIENTED_EDGE('',*,*,#8200,.F.);
#11434=ORIENTED_EDGE('',*,*,#8205,.F.);
#11435=ORIENTED_EDGE('',*,*,#8203,.T.);
#11436=ORIENTED_EDGE('',*,*,#8199,.T.);
#11437=ORIENTED_EDGE('',*,*,#8202,.T.);
#11438=ORIENTED_EDGE('',*,*,#8204,.T.);
#11439=ORIENTED_EDGE('',*,*,#8205,.T.);
#11440=ORIENTED_EDGE('',*,*,#7039,.T.);
#11441=ORIENTED_EDGE('',*,*,#8206,.F.);
#11442=ORIENTED_EDGE('',*,*,#8207,.F.);
#11443=ORIENTED_EDGE('',*,*,#8208,.T.);
#11444=ORIENTED_EDGE('',*,*,#7038,.T.);
#11445=ORIENTED_EDGE('',*,*,#8209,.F.);
#11446=ORIENTED_EDGE('',*,*,#8210,.F.);
#11447=ORIENTED_EDGE('',*,*,#8206,.T.);
#11448=ORIENTED_EDGE('',*,*,#7041,.T.);
#11449=ORIENTED_EDGE('',*,*,#8211,.F.);
#11450=ORIENTED_EDGE('',*,*,#8212,.F.);
#11451=ORIENTED_EDGE('',*,*,#8209,.T.);
#11452=ORIENTED_EDGE('',*,*,#7040,.T.);
#11453=ORIENTED_EDGE('',*,*,#8208,.F.);
#11454=ORIENTED_EDGE('',*,*,#8213,.F.);
#11455=ORIENTED_EDGE('',*,*,#8211,.T.);
#11456=ORIENTED_EDGE('',*,*,#8207,.T.);
#11457=ORIENTED_EDGE('',*,*,#8210,.T.);
#11458=ORIENTED_EDGE('',*,*,#8212,.T.);
#11459=ORIENTED_EDGE('',*,*,#8213,.T.);
#11460=ORIENTED_EDGE('',*,*,#7043,.T.);
#11461=ORIENTED_EDGE('',*,*,#8214,.F.);
#11462=ORIENTED_EDGE('',*,*,#8215,.F.);
#11463=ORIENTED_EDGE('',*,*,#8216,.T.);
#11464=ORIENTED_EDGE('',*,*,#7042,.T.);
#11465=ORIENTED_EDGE('',*,*,#8217,.F.);
#11466=ORIENTED_EDGE('',*,*,#8218,.F.);
#11467=ORIENTED_EDGE('',*,*,#8214,.T.);
#11468=ORIENTED_EDGE('',*,*,#7045,.T.);
#11469=ORIENTED_EDGE('',*,*,#8219,.F.);
#11470=ORIENTED_EDGE('',*,*,#8220,.F.);
#11471=ORIENTED_EDGE('',*,*,#8217,.T.);
#11472=ORIENTED_EDGE('',*,*,#7044,.T.);
#11473=ORIENTED_EDGE('',*,*,#8216,.F.);
#11474=ORIENTED_EDGE('',*,*,#8221,.F.);
#11475=ORIENTED_EDGE('',*,*,#8219,.T.);
#11476=ORIENTED_EDGE('',*,*,#8215,.T.);
#11477=ORIENTED_EDGE('',*,*,#8218,.T.);
#11478=ORIENTED_EDGE('',*,*,#8220,.T.);
#11479=ORIENTED_EDGE('',*,*,#8221,.T.);
#11480=ORIENTED_EDGE('',*,*,#7047,.T.);
#11481=ORIENTED_EDGE('',*,*,#8222,.F.);
#11482=ORIENTED_EDGE('',*,*,#8223,.F.);
#11483=ORIENTED_EDGE('',*,*,#8224,.T.);
#11484=ORIENTED_EDGE('',*,*,#7046,.T.);
#11485=ORIENTED_EDGE('',*,*,#8225,.F.);
#11486=ORIENTED_EDGE('',*,*,#8226,.F.);
#11487=ORIENTED_EDGE('',*,*,#8222,.T.);
#11488=ORIENTED_EDGE('',*,*,#7049,.T.);
#11489=ORIENTED_EDGE('',*,*,#8227,.F.);
#11490=ORIENTED_EDGE('',*,*,#8228,.F.);
#11491=ORIENTED_EDGE('',*,*,#8225,.T.);
#11492=ORIENTED_EDGE('',*,*,#7048,.T.);
#11493=ORIENTED_EDGE('',*,*,#8224,.F.);
#11494=ORIENTED_EDGE('',*,*,#8229,.F.);
#11495=ORIENTED_EDGE('',*,*,#8227,.T.);
#11496=ORIENTED_EDGE('',*,*,#8223,.T.);
#11497=ORIENTED_EDGE('',*,*,#8226,.T.);
#11498=ORIENTED_EDGE('',*,*,#8228,.T.);
#11499=ORIENTED_EDGE('',*,*,#8229,.T.);
#11500=ORIENTED_EDGE('',*,*,#7051,.T.);
#11501=ORIENTED_EDGE('',*,*,#8230,.F.);
#11502=ORIENTED_EDGE('',*,*,#8231,.F.);
#11503=ORIENTED_EDGE('',*,*,#8232,.T.);
#11504=ORIENTED_EDGE('',*,*,#7050,.T.);
#11505=ORIENTED_EDGE('',*,*,#8233,.F.);
#11506=ORIENTED_EDGE('',*,*,#8234,.F.);
#11507=ORIENTED_EDGE('',*,*,#8230,.T.);
#11508=ORIENTED_EDGE('',*,*,#7053,.T.);
#11509=ORIENTED_EDGE('',*,*,#8235,.F.);
#11510=ORIENTED_EDGE('',*,*,#8236,.F.);
#11511=ORIENTED_EDGE('',*,*,#8233,.T.);
#11512=ORIENTED_EDGE('',*,*,#7052,.T.);
#11513=ORIENTED_EDGE('',*,*,#8232,.F.);
#11514=ORIENTED_EDGE('',*,*,#8237,.F.);
#11515=ORIENTED_EDGE('',*,*,#8235,.T.);
#11516=ORIENTED_EDGE('',*,*,#8231,.T.);
#11517=ORIENTED_EDGE('',*,*,#8234,.T.);
#11518=ORIENTED_EDGE('',*,*,#8236,.T.);
#11519=ORIENTED_EDGE('',*,*,#8237,.T.);
#11520=ORIENTED_EDGE('',*,*,#7055,.T.);
#11521=ORIENTED_EDGE('',*,*,#8238,.F.);
#11522=ORIENTED_EDGE('',*,*,#8239,.F.);
#11523=ORIENTED_EDGE('',*,*,#8240,.T.);
#11524=ORIENTED_EDGE('',*,*,#7054,.T.);
#11525=ORIENTED_EDGE('',*,*,#8241,.F.);
#11526=ORIENTED_EDGE('',*,*,#8242,.F.);
#11527=ORIENTED_EDGE('',*,*,#8238,.T.);
#11528=ORIENTED_EDGE('',*,*,#7057,.T.);
#11529=ORIENTED_EDGE('',*,*,#8243,.F.);
#11530=ORIENTED_EDGE('',*,*,#8244,.F.);
#11531=ORIENTED_EDGE('',*,*,#8241,.T.);
#11532=ORIENTED_EDGE('',*,*,#7056,.T.);
#11533=ORIENTED_EDGE('',*,*,#8240,.F.);
#11534=ORIENTED_EDGE('',*,*,#8245,.F.);
#11535=ORIENTED_EDGE('',*,*,#8243,.T.);
#11536=ORIENTED_EDGE('',*,*,#8239,.T.);
#11537=ORIENTED_EDGE('',*,*,#8242,.T.);
#11538=ORIENTED_EDGE('',*,*,#8244,.T.);
#11539=ORIENTED_EDGE('',*,*,#8245,.T.);
#11540=ORIENTED_EDGE('',*,*,#7059,.T.);
#11541=ORIENTED_EDGE('',*,*,#8246,.F.);
#11542=ORIENTED_EDGE('',*,*,#8247,.F.);
#11543=ORIENTED_EDGE('',*,*,#8248,.T.);
#11544=ORIENTED_EDGE('',*,*,#7058,.T.);
#11545=ORIENTED_EDGE('',*,*,#8249,.F.);
#11546=ORIENTED_EDGE('',*,*,#8250,.F.);
#11547=ORIENTED_EDGE('',*,*,#8246,.T.);
#11548=ORIENTED_EDGE('',*,*,#7061,.T.);
#11549=ORIENTED_EDGE('',*,*,#8251,.F.);
#11550=ORIENTED_EDGE('',*,*,#8252,.F.);
#11551=ORIENTED_EDGE('',*,*,#8249,.T.);
#11552=ORIENTED_EDGE('',*,*,#7060,.T.);
#11553=ORIENTED_EDGE('',*,*,#8248,.F.);
#11554=ORIENTED_EDGE('',*,*,#8253,.F.);
#11555=ORIENTED_EDGE('',*,*,#8251,.T.);
#11556=ORIENTED_EDGE('',*,*,#8247,.T.);
#11557=ORIENTED_EDGE('',*,*,#8250,.T.);
#11558=ORIENTED_EDGE('',*,*,#8252,.T.);
#11559=ORIENTED_EDGE('',*,*,#8253,.T.);
#11560=ORIENTED_EDGE('',*,*,#7063,.T.);
#11561=ORIENTED_EDGE('',*,*,#8254,.F.);
#11562=ORIENTED_EDGE('',*,*,#8255,.F.);
#11563=ORIENTED_EDGE('',*,*,#8256,.T.);
#11564=ORIENTED_EDGE('',*,*,#7062,.T.);
#11565=ORIENTED_EDGE('',*,*,#8257,.F.);
#11566=ORIENTED_EDGE('',*,*,#8258,.F.);
#11567=ORIENTED_EDGE('',*,*,#8254,.T.);
#11568=ORIENTED_EDGE('',*,*,#7065,.T.);
#11569=ORIENTED_EDGE('',*,*,#8259,.F.);
#11570=ORIENTED_EDGE('',*,*,#8260,.F.);
#11571=ORIENTED_EDGE('',*,*,#8257,.T.);
#11572=ORIENTED_EDGE('',*,*,#7064,.T.);
#11573=ORIENTED_EDGE('',*,*,#8256,.F.);
#11574=ORIENTED_EDGE('',*,*,#8261,.F.);
#11575=ORIENTED_EDGE('',*,*,#8259,.T.);
#11576=ORIENTED_EDGE('',*,*,#8255,.T.);
#11577=ORIENTED_EDGE('',*,*,#8258,.T.);
#11578=ORIENTED_EDGE('',*,*,#8260,.T.);
#11579=ORIENTED_EDGE('',*,*,#8261,.T.);
#11580=TOROIDAL_SURFACE('',#12556,6.,1.5);
#11581=TOROIDAL_SURFACE('',#12560,6.,1.5);
#11582=TOROIDAL_SURFACE('',#12564,4.50000000000001,1.5);
#11583=STYLED_ITEM('',(#20066),#11859);
#11584=STYLED_ITEM('',(#20066),#11860);
#11585=STYLED_ITEM('',(#20066),#11861);
#11586=STYLED_ITEM('',(#20067),#11862);
#11587=STYLED_ITEM('',(#20068),#11863);
#11588=STYLED_ITEM('',(#20067),#11864);
#11589=STYLED_ITEM('',(#20067),#11865);
#11590=STYLED_ITEM('',(#20068),#11866);
#11591=STYLED_ITEM('',(#20067),#11867);
#11592=STYLED_ITEM('',(#20067),#11868);
#11593=STYLED_ITEM('',(#20068),#11869);
#11594=STYLED_ITEM('',(#20067),#11870);
#11595=STYLED_ITEM('',(#20067),#11871);
#11596=STYLED_ITEM('',(#20068),#11872);
#11597=STYLED_ITEM('',(#20067),#11873);
#11598=STYLED_ITEM('',(#20067),#11874);
#11599=STYLED_ITEM('',(#20068),#11875);
#11600=STYLED_ITEM('',(#20067),#11876);
#11601=STYLED_ITEM('',(#20067),#11877);
#11602=STYLED_ITEM('',(#20068),#11878);
#11603=STYLED_ITEM('',(#20067),#11879);
#11604=STYLED_ITEM('',(#20067),#11880);
#11605=STYLED_ITEM('',(#20068),#11881);
#11606=STYLED_ITEM('',(#20067),#11882);
#11607=STYLED_ITEM('',(#20067),#11883);
#11608=STYLED_ITEM('',(#20068),#11884);
#11609=STYLED_ITEM('',(#20067),#11885);
#11610=STYLED_ITEM('',(#20068),#11886);
#11611=STYLED_ITEM('',(#20067),#11887);
#11612=STYLED_ITEM('',(#20068),#11888);
#11613=STYLED_ITEM('',(#20067),#11889);
#11614=STYLED_ITEM('',(#20067),#11890);
#11615=STYLED_ITEM('',(#20068),#11891);
#11616=STYLED_ITEM('',(#20067),#11892);
#11617=STYLED_ITEM('',(#20068),#11893);
#11618=STYLED_ITEM('',(#20067),#11894);
#11619=STYLED_ITEM('',(#20068),#11895);
#11620=STYLED_ITEM('',(#20067),#11896);
#11621=STYLED_ITEM('',(#20068),#11897);
#11622=STYLED_ITEM('',(#20068),#11898);
#11623=STYLED_ITEM('',(#20068),#11899);
#11624=STYLED_ITEM('',(#20068),#11900);
#11625=STYLED_ITEM('',(#20068),#11901);
#11626=STYLED_ITEM('',(#20068),#11902);
#11627=STYLED_ITEM('',(#20068),#11903);
#11628=STYLED_ITEM('',(#20069),#11904);
#11629=STYLED_ITEM('',(#20068),#11905);
#11630=STYLED_ITEM('',(#20066),#11906);
#11631=STYLED_ITEM('',(#20068),#11907);
#11632=STYLED_ITEM('',(#20066),#11908);
#11633=STYLED_ITEM('',(#20068),#11909);
#11634=STYLED_ITEM('',(#20066),#11910);
#11635=STYLED_ITEM('',(#20068),#11911);
#11636=STYLED_ITEM('',(#20066),#11912);
#11637=STYLED_ITEM('',(#20068),#11913);
#11638=STYLED_ITEM('',(#20066),#11914);
#11639=STYLED_ITEM('',(#20068),#11915);
#11640=STYLED_ITEM('',(#20066),#11916);
#11641=STYLED_ITEM('',(#20068),#11917);
#11642=STYLED_ITEM('',(#20066),#11918);
#11643=STYLED_ITEM('',(#20068),#11919);
#11644=STYLED_ITEM('',(#20066),#11920);
#11645=STYLED_ITEM('',(#20068),#11921);
#11646=STYLED_ITEM('',(#20066),#11922);
#11647=STYLED_ITEM('',(#20068),#11923);
#11648=STYLED_ITEM('',(#20068),#11924);
#11649=STYLED_ITEM('',(#20068),#11925);
#11650=STYLED_ITEM('',(#20068),#11926);
#11651=STYLED_ITEM('',(#20068),#11927);
#11652=STYLED_ITEM('',(#20068),#11928);
#11653=STYLED_ITEM('',(#20068),#11929);
#11654=STYLED_ITEM('',(#20068),#11930);
#11655=STYLED_ITEM('',(#20068),#11931);
#11656=STYLED_ITEM('',(#20068),#11932);
#11657=STYLED_ITEM('',(#20068),#11933);
#11658=STYLED_ITEM('',(#20068),#11934);
#11659=STYLED_ITEM('',(#20068),#11935);
#11660=STYLED_ITEM('',(#20068),#11936);
#11661=STYLED_ITEM('',(#20068),#11937);
#11662=STYLED_ITEM('',(#20068),#11938);
#11663=STYLED_ITEM('',(#20068),#11939);
#11664=STYLED_ITEM('',(#20068),#11940);
#11665=STYLED_ITEM('',(#20068),#11941);
#11666=STYLED_ITEM('',(#20068),#11942);
#11667=STYLED_ITEM('',(#20068),#11943);
#11668=STYLED_ITEM('',(#20068),#11944);
#11669=STYLED_ITEM('',(#20068),#11945);
#11670=STYLED_ITEM('',(#20068),#11946);
#11671=STYLED_ITEM('',(#20068),#11947);
#11672=STYLED_ITEM('',(#20068),#11948);
#11673=STYLED_ITEM('',(#20068),#11949);
#11674=STYLED_ITEM('',(#20068),#11950);
#11675=STYLED_ITEM('',(#20068),#11951);
#11676=STYLED_ITEM('',(#20068),#11952);
#11677=STYLED_ITEM('',(#20068),#11953);
#11678=STYLED_ITEM('',(#20068),#11954);
#11679=STYLED_ITEM('',(#20068),#11955);
#11680=STYLED_ITEM('',(#20068),#11956);
#11681=STYLED_ITEM('',(#20068),#11957);
#11682=STYLED_ITEM('',(#20068),#11958);
#11683=STYLED_ITEM('',(#20068),#11959);
#11684=STYLED_ITEM('',(#20068),#11960);
#11685=STYLED_ITEM('',(#20068),#11961);
#11686=STYLED_ITEM('',(#20068),#11962);
#11687=STYLED_ITEM('',(#20068),#11963);
#11688=STYLED_ITEM('',(#20068),#11964);
#11689=STYLED_ITEM('',(#20068),#11965);
#11690=STYLED_ITEM('',(#20068),#11966);
#11691=STYLED_ITEM('',(#20068),#11967);
#11692=STYLED_ITEM('',(#20068),#11968);
#11693=STYLED_ITEM('',(#20068),#11969);
#11694=STYLED_ITEM('',(#20068),#11970);
#11695=STYLED_ITEM('',(#20068),#11971);
#11696=STYLED_ITEM('',(#20068),#11972);
#11697=STYLED_ITEM('',(#20068),#11973);
#11698=STYLED_ITEM('',(#20068),#11974);
#11699=STYLED_ITEM('',(#20068),#11975);
#11700=STYLED_ITEM('',(#20068),#11976);
#11701=STYLED_ITEM('',(#20068),#11977);
#11702=STYLED_ITEM('',(#20068),#11978);
#11703=STYLED_ITEM('',(#20068),#11979);
#11704=STYLED_ITEM('',(#20068),#11980);
#11705=STYLED_ITEM('',(#20068),#11981);
#11706=STYLED_ITEM('',(#20068),#11982);
#11707=STYLED_ITEM('',(#20068),#11983);
#11708=STYLED_ITEM('',(#20067),#11984);
#11709=STYLED_ITEM('',(#20067),#11985);
#11710=STYLED_ITEM('',(#20067),#11986);
#11711=STYLED_ITEM('',(#20067),#11987);
#11712=STYLED_ITEM('',(#20067),#11988);
#11713=STYLED_ITEM('',(#20067),#11989);
#11714=STYLED_ITEM('',(#20067),#11990);
#11715=STYLED_ITEM('',(#20067),#11991);
#11716=STYLED_ITEM('',(#20067),#11992);
#11717=STYLED_ITEM('',(#20067),#11993);
#11718=STYLED_ITEM('',(#20067),#11994);
#11719=STYLED_ITEM('',(#20067),#11995);
#11720=STYLED_ITEM('',(#20067),#11996);
#11721=STYLED_ITEM('',(#20067),#11997);
#11722=STYLED_ITEM('',(#20067),#11998);
#11723=STYLED_ITEM('',(#20067),#11999);
#11724=STYLED_ITEM('',(#20067),#12000);
#11725=STYLED_ITEM('',(#20067),#12001);
#11726=STYLED_ITEM('',(#20067),#12002);
#11727=STYLED_ITEM('',(#20067),#12003);
#11728=STYLED_ITEM('',(#20067),#12004);
#11729=STYLED_ITEM('',(#20067),#12005);
#11730=STYLED_ITEM('',(#20067),#12006);
#11731=STYLED_ITEM('',(#20067),#12007);
#11732=STYLED_ITEM('',(#20067),#12008);
#11733=STYLED_ITEM('',(#20067),#12009);
#11734=STYLED_ITEM('',(#20067),#12010);
#11735=STYLED_ITEM('',(#20067),#12011);
#11736=STYLED_ITEM('',(#20067),#12012);
#11737=STYLED_ITEM('',(#20067),#12013);
#11738=STYLED_ITEM('',(#20067),#12014);
#11739=STYLED_ITEM('',(#20067),#12015);
#11740=STYLED_ITEM('',(#20067),#12016);
#11741=STYLED_ITEM('',(#20067),#12017);
#11742=STYLED_ITEM('',(#20067),#12018);
#11743=STYLED_ITEM('',(#20067),#12019);
#11744=STYLED_ITEM('',(#20067),#12020);
#11745=STYLED_ITEM('',(#20067),#12021);
#11746=STYLED_ITEM('',(#20067),#12022);
#11747=STYLED_ITEM('',(#20067),#12023);
#11748=STYLED_ITEM('',(#20067),#12024);
#11749=STYLED_ITEM('',(#20067),#12025);
#11750=STYLED_ITEM('',(#20066),#12026);
#11751=STYLED_ITEM('',(#20066),#12027);
#11752=STYLED_ITEM('',(#20066),#12028);
#11753=STYLED_ITEM('',(#20066),#12029);
#11754=STYLED_ITEM('',(#20066),#12030);
#11755=STYLED_ITEM('',(#20066),#12031);
#11756=STYLED_ITEM('',(#20066),#12032);
#11757=STYLED_ITEM('',(#20066),#12033);
#11758=STYLED_ITEM('',(#20066),#12034);
#11759=STYLED_ITEM('',(#20066),#12035);
#11760=STYLED_ITEM('',(#20066),#12036);
#11761=STYLED_ITEM('',(#20066),#12037);
#11762=STYLED_ITEM('',(#20066),#12038);
#11763=STYLED_ITEM('',(#20066),#12039);
#11764=STYLED_ITEM('',(#20070),#12040);
#11765=STYLED_ITEM('',(#20070),#12041);
#11766=STYLED_ITEM('',(#20070),#12042);
#11767=STYLED_ITEM('',(#20070),#12043);
#11768=STYLED_ITEM('',(#20066),#12044);
#11769=STYLED_ITEM('',(#20066),#12045);
#11770=STYLED_ITEM('',(#20066),#12046);
#11771=STYLED_ITEM('',(#20066),#12047);
#11772=STYLED_ITEM('',(#20066),#12048);
#11773=STYLED_ITEM('',(#20066),#12049);
#11774=STYLED_ITEM('',(#20066),#12050);
#11775=STYLED_ITEM('',(#20066),#12051);
#11776=STYLED_ITEM('',(#20066),#12052);
#11777=STYLED_ITEM('',(#20066),#12053);
#11778=STYLED_ITEM('',(#20066),#12054);
#11779=STYLED_ITEM('',(#20066),#12055);
#11780=STYLED_ITEM('',(#20066),#12056);
#11781=STYLED_ITEM('',(#20066),#12057);
#11782=STYLED_ITEM('',(#20066),#12058);
#11783=STYLED_ITEM('',(#20066),#12059);
#11784=STYLED_ITEM('',(#20066),#12060);
#11785=STYLED_ITEM('',(#20066),#12061);
#11786=STYLED_ITEM('',(#20066),#12062);
#11787=STYLED_ITEM('',(#20066),#12063);
#11788=STYLED_ITEM('',(#20066),#12064);
#11789=STYLED_ITEM('',(#20066),#12065);
#11790=STYLED_ITEM('',(#20066),#12066);
#11791=STYLED_ITEM('',(#20066),#12067);
#11792=STYLED_ITEM('',(#20066),#12068);
#11793=STYLED_ITEM('',(#20066),#12069);
#11794=STYLED_ITEM('',(#20066),#12070);
#11795=STYLED_ITEM('',(#20066),#12071);
#11796=STYLED_ITEM('',(#20066),#12072);
#11797=STYLED_ITEM('',(#20066),#12073);
#11798=STYLED_ITEM('',(#20066),#12074);
#11799=STYLED_ITEM('',(#20066),#12075);
#11800=STYLED_ITEM('',(#20066),#12076);
#11801=STYLED_ITEM('',(#20066),#12077);
#11802=STYLED_ITEM('',(#20066),#12078);
#11803=STYLED_ITEM('',(#20066),#12079);
#11804=STYLED_ITEM('',(#20066),#12080);
#11805=STYLED_ITEM('',(#20066),#12081);
#11806=STYLED_ITEM('',(#20066),#12082);
#11807=STYLED_ITEM('',(#20066),#12083);
#11808=STYLED_ITEM('',(#20066),#12084);
#11809=STYLED_ITEM('',(#20066),#12085);
#11810=STYLED_ITEM('',(#20066),#12086);
#11811=STYLED_ITEM('',(#20066),#12087);
#11812=STYLED_ITEM('',(#20066),#12088);
#11813=STYLED_ITEM('',(#20066),#12089);
#11814=STYLED_ITEM('',(#20066),#12090);
#11815=STYLED_ITEM('',(#20066),#12091);
#11816=STYLED_ITEM('',(#20066),#12092);
#11817=STYLED_ITEM('',(#20066),#12093);
#11818=STYLED_ITEM('',(#20066),#12094);
#11819=STYLED_ITEM('',(#20066),#12095);
#11820=STYLED_ITEM('',(#20066),#12096);
#11821=STYLED_ITEM('',(#20066),#12097);
#11822=STYLED_ITEM('',(#20066),#12098);
#11823=STYLED_ITEM('',(#20066),#12099);
#11824=STYLED_ITEM('',(#20066),#12100);
#11825=STYLED_ITEM('',(#20066),#12101);
#11826=STYLED_ITEM('',(#20066),#12102);
#11827=STYLED_ITEM('',(#20066),#12103);
#11828=STYLED_ITEM('',(#20066),#12104);
#11829=STYLED_ITEM('',(#20066),#12105);
#11830=STYLED_ITEM('',(#20066),#12106);
#11831=STYLED_ITEM('',(#20066),#12107);
#11832=STYLED_ITEM('',(#20066),#12108);
#11833=STYLED_ITEM('',(#20066),#12109);
#11834=STYLED_ITEM('',(#20066),#12110);
#11835=STYLED_ITEM('',(#20066),#12111);
#11836=STYLED_ITEM('',(#20066),#12112);
#11837=STYLED_ITEM('',(#20066),#12113);
#11838=STYLED_ITEM('',(#20066),#12114);
#11839=STYLED_ITEM('',(#20066),#12115);
#11840=STYLED_ITEM('',(#20069),#12116);
#11841=STYLED_ITEM('',(#20069),#12117);
#11842=STYLED_ITEM('',(#20069),#12118);
#11843=STYLED_ITEM('',(#20069),#12119);
#11844=STYLED_ITEM('',(#20069),#12120);
#11845=STYLED_ITEM('',(#20069),#12121);
#11846=STYLED_ITEM('',(#20069),#12122);
#11847=STYLED_ITEM('',(#20069),#12123);
#11848=STYLED_ITEM('',(#20069),#12124);
#11849=STYLED_ITEM('',(#20069),#12125);
#11850=STYLED_ITEM('',(#20069),#12126);
#11851=STYLED_ITEM('',(#20069),#12127);
#11852=STYLED_ITEM('',(#20069),#12128);
#11853=STYLED_ITEM('',(#20069),#12129);
#11854=STYLED_ITEM('',(#20069),#12130);
#11855=STYLED_ITEM('',(#20069),#12131);
#11856=STYLED_ITEM('',(#20069),#12132);
#11857=STYLED_ITEM('',(#20069),#12133);
#11858=STYLED_ITEM('',(#20065),#13);
#11859=ADVANCED_FACE('',(#3828),#11580,.T.);
#11860=ADVANCED_FACE('',(#3829),#11581,.T.);
#11861=ADVANCED_FACE('',(#3830),#11582,.T.);
#11862=ADVANCED_FACE('',(#3831),#3742,.T.);
#11863=ADVANCED_FACE('',(#3832),#3743,.F.);
#11864=ADVANCED_FACE('',(#3833),#3744,.T.);
#11865=ADVANCED_FACE('',(#3834),#3745,.T.);
#11866=ADVANCED_FACE('',(#3835),#3746,.F.);
#11867=ADVANCED_FACE('',(#3836),#3747,.T.);
#11868=ADVANCED_FACE('',(#3837),#3748,.T.);
#11869=ADVANCED_FACE('',(#3838),#3749,.F.);
#11870=ADVANCED_FACE('',(#3839),#3750,.T.);
#11871=ADVANCED_FACE('',(#3840),#3751,.T.);
#11872=ADVANCED_FACE('',(#3841),#3752,.F.);
#11873=ADVANCED_FACE('',(#3842),#3753,.T.);
#11874=ADVANCED_FACE('',(#3843),#3754,.T.);
#11875=ADVANCED_FACE('',(#3844),#3755,.F.);
#11876=ADVANCED_FACE('',(#3845),#3756,.T.);
#11877=ADVANCED_FACE('',(#3846),#3757,.T.);
#11878=ADVANCED_FACE('',(#3847),#3758,.F.);
#11879=ADVANCED_FACE('',(#3848),#3759,.T.);
#11880=ADVANCED_FACE('',(#3849),#3760,.T.);
#11881=ADVANCED_FACE('',(#3850),#3761,.F.);
#11882=ADVANCED_FACE('',(#3851),#3762,.T.);
#11883=ADVANCED_FACE('',(#3852),#3763,.T.);
#11884=ADVANCED_FACE('',(#3853),#3764,.F.);
#11885=ADVANCED_FACE('',(#3854),#3765,.T.);
#11886=ADVANCED_FACE('',(#3855),#3766,.F.);
#11887=ADVANCED_FACE('',(#3856),#3767,.T.);
#11888=ADVANCED_FACE('',(#3857),#3768,.F.);
#11889=ADVANCED_FACE('',(#3858),#3769,.T.);
#11890=ADVANCED_FACE('',(#3859),#3770,.T.);
#11891=ADVANCED_FACE('',(#3860),#3771,.F.);
#11892=ADVANCED_FACE('',(#3861),#3772,.T.);
#11893=ADVANCED_FACE('',(#3862),#3773,.F.);
#11894=ADVANCED_FACE('',(#3863),#3774,.T.);
#11895=ADVANCED_FACE('',(#3864),#3775,.F.);
#11896=ADVANCED_FACE('',(#3865),#3776,.T.);
#11897=ADVANCED_FACE('',(#3866),#3777,.F.);
#11898=ADVANCED_FACE('',(#3867),#3778,.F.);
#11899=ADVANCED_FACE('',(#3868),#3779,.F.);
#11900=ADVANCED_FACE('',(#3869),#3780,.F.);
#11901=ADVANCED_FACE('',(#3870),#3781,.F.);
#11902=ADVANCED_FACE('',(#3871),#3782,.F.);
#11903=ADVANCED_FACE('',(#3872),#3783,.F.);
#11904=ADVANCED_FACE('',(#3873,#22,#23,#24,#25,#26,#27,#28,#29,#30,#31,
#32,#33,#34,#35,#36,#37,#38,#39,#40,#41,#42,#43,#44,#45,#46,#47,#48,#49,
#50,#51,#52,#53,#54,#55,#56,#57,#58,#59,#60,#61,#62,#63,#64,#65,#66,#67,
#68,#69,#70,#71,#72,#73,#74,#75,#76,#77,#78,#79,#80,#81,#82,#83,#84,#85,
#86,#87,#88,#89,#90,#91,#92,#93,#94,#95,#96,#97,#98,#99,#100,#101),#176,
 .T.);
#11905=ADVANCED_FACE('',(#3874),#177,.T.);
#11906=ADVANCED_FACE('',(#3875),#178,.F.);
#11907=ADVANCED_FACE('',(#3876),#179,.T.);
#11908=ADVANCED_FACE('',(#3877),#180,.F.);
#11909=ADVANCED_FACE('',(#3878),#181,.T.);
#11910=ADVANCED_FACE('',(#3879),#182,.F.);
#11911=ADVANCED_FACE('',(#3880),#183,.T.);
#11912=ADVANCED_FACE('',(#3881),#184,.F.);
#11913=ADVANCED_FACE('',(#3882),#185,.T.);
#11914=ADVANCED_FACE('',(#3883),#186,.F.);
#11915=ADVANCED_FACE('',(#3884),#187,.T.);
#11916=ADVANCED_FACE('',(#3885),#188,.F.);
#11917=ADVANCED_FACE('',(#3886),#189,.T.);
#11918=ADVANCED_FACE('',(#3887),#190,.F.);
#11919=ADVANCED_FACE('',(#3888),#191,.T.);
#11920=ADVANCED_FACE('',(#3889),#192,.F.);
#11921=ADVANCED_FACE('',(#3890,#102,#103,#104,#105,#106,#107,#108,#109,
#110,#111,#112,#113,#114,#115),#193,.T.);
#11922=ADVANCED_FACE('',(#3891),#194,.F.);
#11923=ADVANCED_FACE('',(#3892,#116,#117,#118,#119,#120,#121,#122,#123,
#124,#125,#126,#127,#128,#129,#130,#131,#132,#133,#134,#135,#136,#137,#138,
#139,#140,#141,#142,#143,#144,#145,#146),#195,.F.);
#11924=ADVANCED_FACE('',(#3893),#196,.F.);
#11925=ADVANCED_FACE('',(#3894),#197,.F.);
#11926=ADVANCED_FACE('',(#3895),#198,.F.);
#11927=ADVANCED_FACE('',(#3896),#199,.F.);
#11928=ADVANCED_FACE('',(#3897),#3784,.F.);
#11929=ADVANCED_FACE('',(#3898),#200,.T.);
#11930=ADVANCED_FACE('',(#3899),#3785,.F.);
#11931=ADVANCED_FACE('',(#3900),#3786,.F.);
#11932=ADVANCED_FACE('',(#3901),#201,.T.);
#11933=ADVANCED_FACE('',(#3902),#3787,.F.);
#11934=ADVANCED_FACE('',(#3903),#202,.T.);
#11935=ADVANCED_FACE('',(#3904),#3788,.F.);
#11936=ADVANCED_FACE('',(#3905),#203,.T.);
#11937=ADVANCED_FACE('',(#3906),#3789,.F.);
#11938=ADVANCED_FACE('',(#3907),#3790,.F.);
#11939=ADVANCED_FACE('',(#3908),#204,.T.);
#11940=ADVANCED_FACE('',(#3909),#3791,.F.);
#11941=ADVANCED_FACE('',(#3910),#205,.T.);
#11942=ADVANCED_FACE('',(#3911),#3792,.F.);
#11943=ADVANCED_FACE('',(#3912),#206,.T.);
#11944=ADVANCED_FACE('',(#3913),#3793,.F.);
#11945=ADVANCED_FACE('',(#3914),#207,.T.);
#11946=ADVANCED_FACE('',(#3915),#3794,.F.);
#11947=ADVANCED_FACE('',(#3916),#208,.T.);
#11948=ADVANCED_FACE('',(#3917),#3795,.F.);
#11949=ADVANCED_FACE('',(#3918),#3796,.F.);
#11950=ADVANCED_FACE('',(#3919),#209,.T.);
#11951=ADVANCED_FACE('',(#3920),#3797,.F.);
#11952=ADVANCED_FACE('',(#3921),#3798,.F.);
#11953=ADVANCED_FACE('',(#3922),#210,.T.);
#11954=ADVANCED_FACE('',(#3923),#3799,.F.);
#11955=ADVANCED_FACE('',(#3924),#211,.T.);
#11956=ADVANCED_FACE('',(#3925),#3800,.F.);
#11957=ADVANCED_FACE('',(#3926),#212,.T.);
#11958=ADVANCED_FACE('',(#3927),#3801,.F.);
#11959=ADVANCED_FACE('',(#3928),#213,.T.);
#11960=ADVANCED_FACE('',(#3929),#3802,.F.);
#11961=ADVANCED_FACE('',(#3930),#214,.T.);
#11962=ADVANCED_FACE('',(#3931),#3803,.F.);
#11963=ADVANCED_FACE('',(#3932),#3804,.F.);
#11964=ADVANCED_FACE('',(#3933),#215,.T.);
#11965=ADVANCED_FACE('',(#3934),#3805,.F.);
#11966=ADVANCED_FACE('',(#3935),#216,.T.);
#11967=ADVANCED_FACE('',(#3936),#3806,.F.);
#11968=ADVANCED_FACE('',(#3937),#217,.T.);
#11969=ADVANCED_FACE('',(#3938),#3807,.F.);
#11970=ADVANCED_FACE('',(#3939),#3808,.F.);
#11971=ADVANCED_FACE('',(#3940),#218,.T.);
#11972=ADVANCED_FACE('',(#3941),#3809,.F.);
#11973=ADVANCED_FACE('',(#3942),#219,.T.);
#11974=ADVANCED_FACE('',(#3943),#3810,.F.);
#11975=ADVANCED_FACE('',(#3944),#220,.T.);
#11976=ADVANCED_FACE('',(#3945),#3811,.F.);
#11977=ADVANCED_FACE('',(#3946),#3812,.F.);
#11978=ADVANCED_FACE('',(#3947),#221,.T.);
#11979=ADVANCED_FACE('',(#3948),#3813,.F.);
#11980=ADVANCED_FACE('',(#3949),#222,.T.);
#11981=ADVANCED_FACE('',(#3950),#3814,.F.);
#11982=ADVANCED_FACE('',(#3951),#223,.T.);
#11983=ADVANCED_FACE('',(#3952),#3815,.F.);
#11984=ADVANCED_FACE('',(#3953,#147),#224,.F.);
#11985=ADVANCED_FACE('',(#3954,#148),#225,.T.);
#11986=ADVANCED_FACE('',(#3955),#226,.T.);
#11987=ADVANCED_FACE('',(#3956),#227,.T.);
#11988=ADVANCED_FACE('',(#3957),#228,.T.);
#11989=ADVANCED_FACE('',(#3958),#229,.T.);
#11990=ADVANCED_FACE('',(#3959,#149),#230,.F.);
#11991=ADVANCED_FACE('',(#3960),#231,.T.);
#11992=ADVANCED_FACE('',(#3961),#232,.T.);
#11993=ADVANCED_FACE('',(#3962),#233,.T.);
#11994=ADVANCED_FACE('',(#3963),#234,.T.);
#11995=ADVANCED_FACE('',(#3964,#150),#235,.T.);
#11996=ADVANCED_FACE('',(#3965,#151),#236,.F.);
#11997=ADVANCED_FACE('',(#3966,#152),#237,.T.);
#11998=ADVANCED_FACE('',(#3967,#153),#238,.F.);
#11999=ADVANCED_FACE('',(#3968,#154),#239,.T.);
#12000=ADVANCED_FACE('',(#3969),#240,.T.);
#12001=ADVANCED_FACE('',(#3970),#241,.T.);
#12002=ADVANCED_FACE('',(#3971),#242,.T.);
#12003=ADVANCED_FACE('',(#3972),#243,.T.);
#12004=ADVANCED_FACE('',(#3973,#155),#244,.F.);
#12005=ADVANCED_FACE('',(#3974),#245,.T.);
#12006=ADVANCED_FACE('',(#3975),#246,.T.);
#12007=ADVANCED_FACE('',(#3976),#247,.T.);
#12008=ADVANCED_FACE('',(#3977),#248,.T.);
#12009=ADVANCED_FACE('',(#3978,#156),#249,.T.);
#12010=ADVANCED_FACE('',(#3979,#157),#250,.F.);
#12011=ADVANCED_FACE('',(#3980,#158),#251,.T.);
#12012=ADVANCED_FACE('',(#3981,#159),#252,.F.);
#12013=ADVANCED_FACE('',(#3982,#160),#253,.T.);
#12014=ADVANCED_FACE('',(#3983,#161),#254,.F.);
#12015=ADVANCED_FACE('',(#3984,#162),#255,.T.);
#12016=ADVANCED_FACE('',(#3985,#163),#256,.F.);
#12017=ADVANCED_FACE('',(#3986,#164),#257,.T.);
#12018=ADVANCED_FACE('',(#3987,#165),#258,.F.);
#12019=ADVANCED_FACE('',(#3988,#166),#259,.T.);
#12020=ADVANCED_FACE('',(#3989,#167),#260,.F.);
#12021=ADVANCED_FACE('',(#3990,#168),#261,.T.);
#12022=ADVANCED_FACE('',(#3991,#169),#262,.F.);
#12023=ADVANCED_FACE('',(#3992,#170),#263,.T.);
#12024=ADVANCED_FACE('',(#3993,#171),#264,.F.);
#12025=ADVANCED_FACE('',(#3994,#172),#265,.T.);
#12026=ADVANCED_FACE('',(#3995),#266,.T.);
#12027=ADVANCED_FACE('',(#3996),#267,.T.);
#12028=ADVANCED_FACE('',(#3997),#268,.T.);
#12029=ADVANCED_FACE('',(#3998),#269,.F.);
#12030=ADVANCED_FACE('',(#3999),#270,.F.);
#12031=ADVANCED_FACE('',(#4000),#271,.F.);
#12032=ADVANCED_FACE('',(#4001),#272,.F.);
#12033=ADVANCED_FACE('',(#4002),#273,.F.);
#12034=ADVANCED_FACE('',(#4003),#274,.F.);
#12035=ADVANCED_FACE('',(#4004),#275,.F.);
#12036=ADVANCED_FACE('',(#4005),#276,.F.);
#12037=ADVANCED_FACE('',(#4006),#277,.F.);
#12038=ADVANCED_FACE('',(#4007),#278,.F.);
#12039=ADVANCED_FACE('',(#4008,#173,#174,#175),#279,.T.);
#12040=ADVANCED_FACE('',(#4009),#280,.F.);
#12041=ADVANCED_FACE('',(#4010),#281,.F.);
#12042=ADVANCED_FACE('',(#4011),#282,.F.);
#12043=ADVANCED_FACE('',(#4012),#283,.F.);
#12044=ADVANCED_FACE('',(#4013),#284,.F.);
#12045=ADVANCED_FACE('',(#4014),#285,.F.);
#12046=ADVANCED_FACE('',(#4015),#286,.F.);
#12047=ADVANCED_FACE('',(#4016),#287,.F.);
#12048=ADVANCED_FACE('',(#4017),#288,.F.);
#12049=ADVANCED_FACE('',(#4018),#289,.F.);
#12050=ADVANCED_FACE('',(#4019),#290,.F.);
#12051=ADVANCED_FACE('',(#4020),#291,.F.);
#12052=ADVANCED_FACE('',(#4021),#292,.F.);
#12053=ADVANCED_FACE('',(#4022),#293,.F.);
#12054=ADVANCED_FACE('',(#4023),#294,.F.);
#12055=ADVANCED_FACE('',(#4024),#295,.F.);
#12056=ADVANCED_FACE('',(#4025),#296,.F.);
#12057=ADVANCED_FACE('',(#4026),#297,.F.);
#12058=ADVANCED_FACE('',(#4027),#298,.F.);
#12059=ADVANCED_FACE('',(#4028),#299,.F.);
#12060=ADVANCED_FACE('',(#4029),#300,.F.);
#12061=ADVANCED_FACE('',(#4030),#301,.F.);
#12062=ADVANCED_FACE('',(#4031),#302,.F.);
#12063=ADVANCED_FACE('',(#4032),#303,.F.);
#12064=ADVANCED_FACE('',(#4033),#304,.F.);
#12065=ADVANCED_FACE('',(#4034),#305,.F.);
#12066=ADVANCED_FACE('',(#4035),#306,.F.);
#12067=ADVANCED_FACE('',(#4036),#307,.F.);
#12068=ADVANCED_FACE('',(#4037),#308,.F.);
#12069=ADVANCED_FACE('',(#4038),#309,.F.);
#12070=ADVANCED_FACE('',(#4039),#310,.F.);
#12071=ADVANCED_FACE('',(#4040),#311,.F.);
#12072=ADVANCED_FACE('',(#4041),#312,.F.);
#12073=ADVANCED_FACE('',(#4042),#313,.F.);
#12074=ADVANCED_FACE('',(#4043),#314,.F.);
#12075=ADVANCED_FACE('',(#4044),#315,.F.);
#12076=ADVANCED_FACE('',(#4045),#316,.F.);
#12077=ADVANCED_FACE('',(#4046),#317,.F.);
#12078=ADVANCED_FACE('',(#4047),#318,.F.);
#12079=ADVANCED_FACE('',(#4048),#319,.F.);
#12080=ADVANCED_FACE('',(#4049),#320,.T.);
#12081=ADVANCED_FACE('',(#4050),#321,.F.);
#12082=ADVANCED_FACE('',(#4051),#322,.F.);
#12083=ADVANCED_FACE('',(#4052),#323,.F.);
#12084=ADVANCED_FACE('',(#4053),#324,.F.);
#12085=ADVANCED_FACE('',(#4054),#325,.T.);
#12086=ADVANCED_FACE('',(#4055),#326,.F.);
#12087=ADVANCED_FACE('',(#4056),#327,.F.);
#12088=ADVANCED_FACE('',(#4057),#328,.F.);
#12089=ADVANCED_FACE('',(#4058),#329,.F.);
#12090=ADVANCED_FACE('',(#4059),#330,.T.);
#12091=ADVANCED_FACE('',(#4060),#331,.F.);
#12092=ADVANCED_FACE('',(#4061),#332,.F.);
#12093=ADVANCED_FACE('',(#4062),#333,.F.);
#12094=ADVANCED_FACE('',(#4063),#334,.F.);
#12095=ADVANCED_FACE('',(#4064),#335,.T.);
#12096=ADVANCED_FACE('',(#4065),#336,.F.);
#12097=ADVANCED_FACE('',(#4066),#337,.F.);
#12098=ADVANCED_FACE('',(#4067),#338,.F.);
#12099=ADVANCED_FACE('',(#4068),#339,.F.);
#12100=ADVANCED_FACE('',(#4069),#340,.T.);
#12101=ADVANCED_FACE('',(#4070),#341,.F.);
#12102=ADVANCED_FACE('',(#4071),#342,.F.);
#12103=ADVANCED_FACE('',(#4072),#343,.F.);
#12104=ADVANCED_FACE('',(#4073),#344,.F.);
#12105=ADVANCED_FACE('',(#4074),#345,.T.);
#12106=ADVANCED_FACE('',(#4075),#346,.F.);
#12107=ADVANCED_FACE('',(#4076),#347,.F.);
#12108=ADVANCED_FACE('',(#4077),#348,.F.);
#12109=ADVANCED_FACE('',(#4078),#349,.F.);
#12110=ADVANCED_FACE('',(#4079),#350,.T.);
#12111=ADVANCED_FACE('',(#4080),#351,.F.);
#12112=ADVANCED_FACE('',(#4081),#352,.F.);
#12113=ADVANCED_FACE('',(#4082),#353,.F.);
#12114=ADVANCED_FACE('',(#4083),#354,.F.);
#12115=ADVANCED_FACE('',(#4084),#355,.T.);
#12116=ADVANCED_FACE('',(#4085),#3816,.F.);
#12117=ADVANCED_FACE('',(#4086),#356,.F.);
#12118=ADVANCED_FACE('',(#4087),#3817,.F.);
#12119=ADVANCED_FACE('',(#4088),#357,.F.);
#12120=ADVANCED_FACE('',(#4089),#3818,.F.);
#12121=ADVANCED_FACE('',(#4090),#358,.F.);
#12122=ADVANCED_FACE('',(#4091),#3819,.F.);
#12123=ADVANCED_FACE('',(#4092),#359,.F.);
#12124=ADVANCED_FACE('',(#4093),#360,.F.);
#12125=ADVANCED_FACE('',(#4094),#361,.F.);
#12126=ADVANCED_FACE('',(#4095),#362,.F.);
#12127=ADVANCED_FACE('',(#4096),#363,.F.);
#12128=ADVANCED_FACE('',(#4097),#364,.F.);
#12129=ADVANCED_FACE('',(#4098),#365,.F.);
#12130=ADVANCED_FACE('',(#4099),#366,.F.);
#12131=ADVANCED_FACE('',(#4100),#367,.F.);
#12132=ADVANCED_FACE('',(#4101),#368,.F.);
#12133=ADVANCED_FACE('',(#4102),#369,.T.);
#12134=ADVANCED_FACE('',(#4103),#3820,.F.);
#12135=ADVANCED_FACE('',(#4104),#3821,.F.);
#12136=ADVANCED_FACE('',(#4105),#3822,.F.);
#12137=ADVANCED_FACE('',(#4106),#3823,.F.);
#12138=ADVANCED_FACE('',(#4107),#3824,.F.);
#12139=ADVANCED_FACE('',(#4108),#3825,.F.);
#12140=ADVANCED_FACE('',(#4109),#3826,.F.);
#12141=ADVANCED_FACE('',(#4110),#3827,.F.);
#12142=ADVANCED_FACE('',(#4111),#370,.F.);
#12143=ADVANCED_FACE('',(#4112),#371,.F.);
#12144=ADVANCED_FACE('',(#4113),#372,.F.);
#12145=ADVANCED_FACE('',(#4114),#373,.F.);
#12146=ADVANCED_FACE('',(#4115),#374,.T.);
#12147=ADVANCED_FACE('',(#4116),#375,.F.);
#12148=ADVANCED_FACE('',(#4117),#376,.F.);
#12149=ADVANCED_FACE('',(#4118),#377,.F.);
#12150=ADVANCED_FACE('',(#4119),#378,.F.);
#12151=ADVANCED_FACE('',(#4120),#379,.F.);
#12152=ADVANCED_FACE('',(#4121),#380,.F.);
#12153=ADVANCED_FACE('',(#4122),#381,.F.);
#12154=ADVANCED_FACE('',(#4123),#382,.F.);
#12155=ADVANCED_FACE('',(#4124),#383,.F.);
#12156=ADVANCED_FACE('',(#4125),#384,.F.);
#12157=ADVANCED_FACE('',(#4126),#385,.F.);
#12158=ADVANCED_FACE('',(#4127),#386,.F.);
#12159=ADVANCED_FACE('',(#4128),#387,.F.);
#12160=ADVANCED_FACE('',(#4129),#388,.F.);
#12161=ADVANCED_FACE('',(#4130),#389,.F.);
#12162=ADVANCED_FACE('',(#4131),#390,.F.);
#12163=ADVANCED_FACE('',(#4132),#391,.F.);
#12164=ADVANCED_FACE('',(#4133),#392,.F.);
#12165=ADVANCED_FACE('',(#4134),#393,.F.);
#12166=ADVANCED_FACE('',(#4135),#394,.F.);
#12167=ADVANCED_FACE('',(#4136),#395,.F.);
#12168=ADVANCED_FACE('',(#4137),#396,.F.);
#12169=ADVANCED_FACE('',(#4138),#397,.F.);
#12170=ADVANCED_FACE('',(#4139),#398,.F.);
#12171=ADVANCED_FACE('',(#4140),#399,.F.);
#12172=ADVANCED_FACE('',(#4141),#400,.F.);
#12173=ADVANCED_FACE('',(#4142),#401,.F.);
#12174=ADVANCED_FACE('',(#4143),#402,.F.);
#12175=ADVANCED_FACE('',(#4144),#403,.F.);
#12176=ADVANCED_FACE('',(#4145),#404,.F.);
#12177=ADVANCED_FACE('',(#4146),#405,.F.);
#12178=ADVANCED_FACE('',(#4147),#406,.F.);
#12179=ADVANCED_FACE('',(#4148),#407,.F.);
#12180=ADVANCED_FACE('',(#4149),#408,.F.);
#12181=ADVANCED_FACE('',(#4150),#409,.F.);
#12182=ADVANCED_FACE('',(#4151),#410,.F.);
#12183=ADVANCED_FACE('',(#4152),#411,.F.);
#12184=ADVANCED_FACE('',(#4153),#412,.F.);
#12185=ADVANCED_FACE('',(#4154),#413,.F.);
#12186=ADVANCED_FACE('',(#4155),#414,.F.);
#12187=ADVANCED_FACE('',(#4156),#415,.F.);
#12188=ADVANCED_FACE('',(#4157),#416,.F.);
#12189=ADVANCED_FACE('',(#4158),#417,.F.);
#12190=ADVANCED_FACE('',(#4159),#418,.F.);
#12191=ADVANCED_FACE('',(#4160),#419,.F.);
#12192=ADVANCED_FACE('',(#4161),#420,.F.);
#12193=ADVANCED_FACE('',(#4162),#421,.F.);
#12194=ADVANCED_FACE('',(#4163),#422,.F.);
#12195=ADVANCED_FACE('',(#4164),#423,.F.);
#12196=ADVANCED_FACE('',(#4165),#424,.F.);
#12197=ADVANCED_FACE('',(#4166),#425,.F.);
#12198=ADVANCED_FACE('',(#4167),#426,.F.);
#12199=ADVANCED_FACE('',(#4168),#427,.F.);
#12200=ADVANCED_FACE('',(#4169),#428,.F.);
#12201=ADVANCED_FACE('',(#4170),#429,.F.);
#12202=ADVANCED_FACE('',(#4171),#430,.F.);
#12203=ADVANCED_FACE('',(#4172),#431,.F.);
#12204=ADVANCED_FACE('',(#4173),#432,.F.);
#12205=ADVANCED_FACE('',(#4174),#433,.F.);
#12206=ADVANCED_FACE('',(#4175),#434,.F.);
#12207=ADVANCED_FACE('',(#4176),#435,.F.);
#12208=ADVANCED_FACE('',(#4177),#436,.F.);
#12209=ADVANCED_FACE('',(#4178),#437,.F.);
#12210=ADVANCED_FACE('',(#4179),#438,.F.);
#12211=ADVANCED_FACE('',(#4180),#439,.F.);
#12212=ADVANCED_FACE('',(#4181),#440,.F.);
#12213=ADVANCED_FACE('',(#4182),#441,.F.);
#12214=ADVANCED_FACE('',(#4183),#442,.F.);
#12215=ADVANCED_FACE('',(#4184),#443,.F.);
#12216=ADVANCED_FACE('',(#4185),#444,.F.);
#12217=ADVANCED_FACE('',(#4186),#445,.F.);
#12218=ADVANCED_FACE('',(#4187),#446,.F.);
#12219=ADVANCED_FACE('',(#4188),#447,.F.);
#12220=ADVANCED_FACE('',(#4189),#448,.F.);
#12221=ADVANCED_FACE('',(#4190),#449,.F.);
#12222=ADVANCED_FACE('',(#4191),#450,.F.);
#12223=ADVANCED_FACE('',(#4192),#451,.F.);
#12224=ADVANCED_FACE('',(#4193),#452,.F.);
#12225=ADVANCED_FACE('',(#4194),#453,.F.);
#12226=ADVANCED_FACE('',(#4195),#454,.F.);
#12227=ADVANCED_FACE('',(#4196),#455,.F.);
#12228=ADVANCED_FACE('',(#4197),#456,.F.);
#12229=ADVANCED_FACE('',(#4198),#457,.F.);
#12230=ADVANCED_FACE('',(#4199),#458,.F.);
#12231=ADVANCED_FACE('',(#4200),#459,.F.);
#12232=ADVANCED_FACE('',(#4201),#460,.F.);
#12233=ADVANCED_FACE('',(#4202),#461,.F.);
#12234=ADVANCED_FACE('',(#4203),#462,.F.);
#12235=ADVANCED_FACE('',(#4204),#463,.F.);
#12236=ADVANCED_FACE('',(#4205),#464,.F.);
#12237=ADVANCED_FACE('',(#4206),#465,.F.);
#12238=ADVANCED_FACE('',(#4207),#466,.F.);
#12239=ADVANCED_FACE('',(#4208),#467,.F.);
#12240=ADVANCED_FACE('',(#4209),#468,.F.);
#12241=ADVANCED_FACE('',(#4210),#469,.F.);
#12242=ADVANCED_FACE('',(#4211),#470,.F.);
#12243=ADVANCED_FACE('',(#4212),#471,.F.);
#12244=ADVANCED_FACE('',(#4213),#472,.F.);
#12245=ADVANCED_FACE('',(#4214),#473,.F.);
#12246=ADVANCED_FACE('',(#4215),#474,.F.);
#12247=ADVANCED_FACE('',(#4216),#475,.F.);
#12248=ADVANCED_FACE('',(#4217),#476,.F.);
#12249=ADVANCED_FACE('',(#4218),#477,.F.);
#12250=ADVANCED_FACE('',(#4219),#478,.F.);
#12251=ADVANCED_FACE('',(#4220),#479,.F.);
#12252=ADVANCED_FACE('',(#4221),#480,.F.);
#12253=ADVANCED_FACE('',(#4222),#481,.F.);
#12254=ADVANCED_FACE('',(#4223),#482,.F.);
#12255=ADVANCED_FACE('',(#4224),#483,.F.);
#12256=ADVANCED_FACE('',(#4225),#484,.F.);
#12257=ADVANCED_FACE('',(#4226),#485,.F.);
#12258=ADVANCED_FACE('',(#4227),#486,.F.);
#12259=ADVANCED_FACE('',(#4228),#487,.F.);
#12260=ADVANCED_FACE('',(#4229),#488,.F.);
#12261=ADVANCED_FACE('',(#4230),#489,.F.);
#12262=ADVANCED_FACE('',(#4231),#490,.F.);
#12263=ADVANCED_FACE('',(#4232),#491,.F.);
#12264=ADVANCED_FACE('',(#4233),#492,.F.);
#12265=ADVANCED_FACE('',(#4234),#493,.F.);
#12266=ADVANCED_FACE('',(#4235),#494,.F.);
#12267=ADVANCED_FACE('',(#4236),#495,.F.);
#12268=ADVANCED_FACE('',(#4237),#496,.F.);
#12269=ADVANCED_FACE('',(#4238),#497,.F.);
#12270=ADVANCED_FACE('',(#4239),#498,.F.);
#12271=ADVANCED_FACE('',(#4240),#499,.F.);
#12272=ADVANCED_FACE('',(#4241),#500,.F.);
#12273=ADVANCED_FACE('',(#4242),#501,.F.);
#12274=ADVANCED_FACE('',(#4243),#502,.F.);
#12275=ADVANCED_FACE('',(#4244),#503,.F.);
#12276=ADVANCED_FACE('',(#4245),#504,.F.);
#12277=ADVANCED_FACE('',(#4246),#505,.F.);
#12278=ADVANCED_FACE('',(#4247),#506,.F.);
#12279=ADVANCED_FACE('',(#4248),#507,.F.);
#12280=ADVANCED_FACE('',(#4249),#508,.F.);
#12281=ADVANCED_FACE('',(#4250),#509,.F.);
#12282=ADVANCED_FACE('',(#4251),#510,.F.);
#12283=ADVANCED_FACE('',(#4252),#511,.F.);
#12284=ADVANCED_FACE('',(#4253),#512,.F.);
#12285=ADVANCED_FACE('',(#4254),#513,.F.);
#12286=ADVANCED_FACE('',(#4255),#514,.F.);
#12287=ADVANCED_FACE('',(#4256),#515,.F.);
#12288=ADVANCED_FACE('',(#4257),#516,.F.);
#12289=ADVANCED_FACE('',(#4258),#517,.F.);
#12290=ADVANCED_FACE('',(#4259),#518,.F.);
#12291=ADVANCED_FACE('',(#4260),#519,.F.);
#12292=ADVANCED_FACE('',(#4261),#520,.F.);
#12293=ADVANCED_FACE('',(#4262),#521,.F.);
#12294=ADVANCED_FACE('',(#4263),#522,.F.);
#12295=ADVANCED_FACE('',(#4264),#523,.F.);
#12296=ADVANCED_FACE('',(#4265),#524,.F.);
#12297=ADVANCED_FACE('',(#4266),#525,.F.);
#12298=ADVANCED_FACE('',(#4267),#526,.F.);
#12299=ADVANCED_FACE('',(#4268),#527,.F.);
#12300=ADVANCED_FACE('',(#4269),#528,.F.);
#12301=ADVANCED_FACE('',(#4270),#529,.F.);
#12302=ADVANCED_FACE('',(#4271),#530,.F.);
#12303=ADVANCED_FACE('',(#4272),#531,.F.);
#12304=ADVANCED_FACE('',(#4273),#532,.F.);
#12305=ADVANCED_FACE('',(#4274),#533,.F.);
#12306=ADVANCED_FACE('',(#4275),#534,.F.);
#12307=ADVANCED_FACE('',(#4276),#535,.F.);
#12308=ADVANCED_FACE('',(#4277),#536,.F.);
#12309=ADVANCED_FACE('',(#4278),#537,.F.);
#12310=ADVANCED_FACE('',(#4279),#538,.F.);
#12311=ADVANCED_FACE('',(#4280),#539,.F.);
#12312=ADVANCED_FACE('',(#4281),#540,.F.);
#12313=ADVANCED_FACE('',(#4282),#541,.F.);
#12314=ADVANCED_FACE('',(#4283),#542,.F.);
#12315=ADVANCED_FACE('',(#4284),#543,.F.);
#12316=ADVANCED_FACE('',(#4285),#544,.F.);
#12317=ADVANCED_FACE('',(#4286),#545,.F.);
#12318=ADVANCED_FACE('',(#4287),#546,.F.);
#12319=ADVANCED_FACE('',(#4288),#547,.F.);
#12320=ADVANCED_FACE('',(#4289),#548,.F.);
#12321=ADVANCED_FACE('',(#4290),#549,.F.);
#12322=ADVANCED_FACE('',(#4291),#550,.F.);
#12323=ADVANCED_FACE('',(#4292),#551,.F.);
#12324=ADVANCED_FACE('',(#4293),#552,.F.);
#12325=ADVANCED_FACE('',(#4294),#553,.F.);
#12326=ADVANCED_FACE('',(#4295),#554,.F.);
#12327=ADVANCED_FACE('',(#4296),#555,.F.);
#12328=ADVANCED_FACE('',(#4297),#556,.F.);
#12329=ADVANCED_FACE('',(#4298),#557,.F.);
#12330=ADVANCED_FACE('',(#4299),#558,.F.);
#12331=ADVANCED_FACE('',(#4300),#559,.F.);
#12332=ADVANCED_FACE('',(#4301),#560,.F.);
#12333=ADVANCED_FACE('',(#4302),#561,.F.);
#12334=ADVANCED_FACE('',(#4303),#562,.F.);
#12335=ADVANCED_FACE('',(#4304),#563,.F.);
#12336=ADVANCED_FACE('',(#4305),#564,.F.);
#12337=ADVANCED_FACE('',(#4306),#565,.F.);
#12338=ADVANCED_FACE('',(#4307),#566,.F.);
#12339=ADVANCED_FACE('',(#4308),#567,.F.);
#12340=ADVANCED_FACE('',(#4309),#568,.F.);
#12341=ADVANCED_FACE('',(#4310),#569,.F.);
#12342=ADVANCED_FACE('',(#4311),#570,.F.);
#12343=ADVANCED_FACE('',(#4312),#571,.F.);
#12344=ADVANCED_FACE('',(#4313),#572,.F.);
#12345=ADVANCED_FACE('',(#4314),#573,.F.);
#12346=ADVANCED_FACE('',(#4315),#574,.F.);
#12347=ADVANCED_FACE('',(#4316),#575,.F.);
#12348=ADVANCED_FACE('',(#4317),#576,.F.);
#12349=ADVANCED_FACE('',(#4318),#577,.F.);
#12350=ADVANCED_FACE('',(#4319),#578,.F.);
#12351=ADVANCED_FACE('',(#4320),#579,.F.);
#12352=ADVANCED_FACE('',(#4321),#580,.F.);
#12353=ADVANCED_FACE('',(#4322),#581,.F.);
#12354=ADVANCED_FACE('',(#4323),#582,.F.);
#12355=ADVANCED_FACE('',(#4324),#583,.F.);
#12356=ADVANCED_FACE('',(#4325),#584,.F.);
#12357=ADVANCED_FACE('',(#4326),#585,.F.);
#12358=ADVANCED_FACE('',(#4327),#586,.F.);
#12359=ADVANCED_FACE('',(#4328),#587,.F.);
#12360=ADVANCED_FACE('',(#4329),#588,.F.);
#12361=ADVANCED_FACE('',(#4330),#589,.F.);
#12362=ADVANCED_FACE('',(#4331),#590,.F.);
#12363=ADVANCED_FACE('',(#4332),#591,.F.);
#12364=ADVANCED_FACE('',(#4333),#592,.F.);
#12365=ADVANCED_FACE('',(#4334),#593,.F.);
#12366=ADVANCED_FACE('',(#4335),#594,.F.);
#12367=ADVANCED_FACE('',(#4336),#595,.F.);
#12368=ADVANCED_FACE('',(#4337),#596,.F.);
#12369=ADVANCED_FACE('',(#4338),#597,.F.);
#12370=ADVANCED_FACE('',(#4339),#598,.F.);
#12371=ADVANCED_FACE('',(#4340),#599,.F.);
#12372=ADVANCED_FACE('',(#4341),#600,.F.);
#12373=ADVANCED_FACE('',(#4342),#601,.F.);
#12374=ADVANCED_FACE('',(#4343),#602,.F.);
#12375=ADVANCED_FACE('',(#4344),#603,.F.);
#12376=ADVANCED_FACE('',(#4345),#604,.F.);
#12377=ADVANCED_FACE('',(#4346),#605,.F.);
#12378=ADVANCED_FACE('',(#4347),#606,.F.);
#12379=ADVANCED_FACE('',(#4348),#607,.F.);
#12380=ADVANCED_FACE('',(#4349),#608,.F.);
#12381=ADVANCED_FACE('',(#4350),#609,.F.);
#12382=ADVANCED_FACE('',(#4351),#610,.F.);
#12383=ADVANCED_FACE('',(#4352),#611,.F.);
#12384=ADVANCED_FACE('',(#4353),#612,.F.);
#12385=ADVANCED_FACE('',(#4354),#613,.F.);
#12386=ADVANCED_FACE('',(#4355),#614,.F.);
#12387=ADVANCED_FACE('',(#4356),#615,.F.);
#12388=ADVANCED_FACE('',(#4357),#616,.F.);
#12389=ADVANCED_FACE('',(#4358),#617,.F.);
#12390=ADVANCED_FACE('',(#4359),#618,.F.);
#12391=ADVANCED_FACE('',(#4360),#619,.F.);
#12392=ADVANCED_FACE('',(#4361),#620,.F.);
#12393=ADVANCED_FACE('',(#4362),#621,.F.);
#12394=ADVANCED_FACE('',(#4363),#622,.F.);
#12395=ADVANCED_FACE('',(#4364),#623,.F.);
#12396=ADVANCED_FACE('',(#4365),#624,.F.);
#12397=ADVANCED_FACE('',(#4366),#625,.F.);
#12398=ADVANCED_FACE('',(#4367),#626,.F.);
#12399=ADVANCED_FACE('',(#4368),#627,.F.);
#12400=ADVANCED_FACE('',(#4369),#628,.F.);
#12401=ADVANCED_FACE('',(#4370),#629,.F.);
#12402=ADVANCED_FACE('',(#4371),#630,.F.);
#12403=ADVANCED_FACE('',(#4372),#631,.F.);
#12404=ADVANCED_FACE('',(#4373),#632,.F.);
#12405=ADVANCED_FACE('',(#4374),#633,.F.);
#12406=ADVANCED_FACE('',(#4375),#634,.F.);
#12407=ADVANCED_FACE('',(#4376),#635,.F.);
#12408=ADVANCED_FACE('',(#4377),#636,.F.);
#12409=ADVANCED_FACE('',(#4378),#637,.F.);
#12410=ADVANCED_FACE('',(#4379),#638,.F.);
#12411=ADVANCED_FACE('',(#4380),#639,.F.);
#12412=ADVANCED_FACE('',(#4381),#640,.F.);
#12413=ADVANCED_FACE('',(#4382),#641,.F.);
#12414=ADVANCED_FACE('',(#4383),#642,.F.);
#12415=ADVANCED_FACE('',(#4384),#643,.F.);
#12416=ADVANCED_FACE('',(#4385),#644,.F.);
#12417=ADVANCED_FACE('',(#4386),#645,.F.);
#12418=ADVANCED_FACE('',(#4387),#646,.F.);
#12419=ADVANCED_FACE('',(#4388),#647,.F.);
#12420=ADVANCED_FACE('',(#4389),#648,.F.);
#12421=ADVANCED_FACE('',(#4390),#649,.F.);
#12422=ADVANCED_FACE('',(#4391),#650,.F.);
#12423=ADVANCED_FACE('',(#4392),#651,.F.);
#12424=ADVANCED_FACE('',(#4393),#652,.F.);
#12425=ADVANCED_FACE('',(#4394),#653,.F.);
#12426=ADVANCED_FACE('',(#4395),#654,.F.);
#12427=ADVANCED_FACE('',(#4396),#655,.F.);
#12428=ADVANCED_FACE('',(#4397),#656,.F.);
#12429=ADVANCED_FACE('',(#4398),#657,.F.);
#12430=ADVANCED_FACE('',(#4399),#658,.F.);
#12431=ADVANCED_FACE('',(#4400),#659,.F.);
#12432=ADVANCED_FACE('',(#4401),#660,.F.);
#12433=ADVANCED_FACE('',(#4402),#661,.F.);
#12434=ADVANCED_FACE('',(#4403),#662,.F.);
#12435=ADVANCED_FACE('',(#4404),#663,.F.);
#12436=ADVANCED_FACE('',(#4405),#664,.F.);
#12437=ADVANCED_FACE('',(#4406),#665,.F.);
#12438=ADVANCED_FACE('',(#4407),#666,.F.);
#12439=ADVANCED_FACE('',(#4408),#667,.F.);
#12440=ADVANCED_FACE('',(#4409),#668,.F.);
#12441=ADVANCED_FACE('',(#4410),#669,.F.);
#12442=ADVANCED_FACE('',(#4411),#670,.F.);
#12443=ADVANCED_FACE('',(#4412),#671,.F.);
#12444=ADVANCED_FACE('',(#4413),#672,.F.);
#12445=ADVANCED_FACE('',(#4414),#673,.F.);
#12446=ADVANCED_FACE('',(#4415),#674,.F.);
#12447=ADVANCED_FACE('',(#4416),#675,.F.);
#12448=ADVANCED_FACE('',(#4417),#676,.F.);
#12449=ADVANCED_FACE('',(#4418),#677,.F.);
#12450=ADVANCED_FACE('',(#4419),#678,.F.);
#12451=ADVANCED_FACE('',(#4420),#679,.F.);
#12452=ADVANCED_FACE('',(#4421),#680,.F.);
#12453=ADVANCED_FACE('',(#4422),#681,.F.);
#12454=ADVANCED_FACE('',(#4423),#682,.F.);
#12455=ADVANCED_FACE('',(#4424),#683,.F.);
#12456=ADVANCED_FACE('',(#4425),#684,.F.);
#12457=ADVANCED_FACE('',(#4426),#685,.F.);
#12458=ADVANCED_FACE('',(#4427),#686,.F.);
#12459=ADVANCED_FACE('',(#4428),#687,.F.);
#12460=ADVANCED_FACE('',(#4429),#688,.F.);
#12461=ADVANCED_FACE('',(#4430),#689,.F.);
#12462=ADVANCED_FACE('',(#4431),#690,.F.);
#12463=ADVANCED_FACE('',(#4432),#691,.F.);
#12464=ADVANCED_FACE('',(#4433),#692,.F.);
#12465=ADVANCED_FACE('',(#4434),#693,.F.);
#12466=ADVANCED_FACE('',(#4435),#694,.F.);
#12467=ADVANCED_FACE('',(#4436),#695,.F.);
#12468=ADVANCED_FACE('',(#4437),#696,.F.);
#12469=ADVANCED_FACE('',(#4438),#697,.F.);
#12470=ADVANCED_FACE('',(#4439),#698,.F.);
#12471=ADVANCED_FACE('',(#4440),#699,.F.);
#12472=ADVANCED_FACE('',(#4441),#700,.F.);
#12473=ADVANCED_FACE('',(#4442),#701,.F.);
#12474=ADVANCED_FACE('',(#4443),#702,.F.);
#12475=ADVANCED_FACE('',(#4444),#703,.F.);
#12476=ADVANCED_FACE('',(#4445),#704,.F.);
#12477=ADVANCED_FACE('',(#4446),#705,.F.);
#12478=ADVANCED_FACE('',(#4447),#706,.F.);
#12479=ADVANCED_FACE('',(#4448),#707,.F.);
#12480=ADVANCED_FACE('',(#4449),#708,.F.);
#12481=ADVANCED_FACE('',(#4450),#709,.F.);
#12482=ADVANCED_FACE('',(#4451),#710,.F.);
#12483=ADVANCED_FACE('',(#4452),#711,.F.);
#12484=ADVANCED_FACE('',(#4453),#712,.F.);
#12485=ADVANCED_FACE('',(#4454),#713,.F.);
#12486=ADVANCED_FACE('',(#4455),#714,.F.);
#12487=ADVANCED_FACE('',(#4456),#715,.F.);
#12488=ADVANCED_FACE('',(#4457),#716,.F.);
#12489=ADVANCED_FACE('',(#4458),#717,.F.);
#12490=ADVANCED_FACE('',(#4459),#718,.F.);
#12491=ADVANCED_FACE('',(#4460),#719,.F.);
#12492=ADVANCED_FACE('',(#4461),#720,.F.);
#12493=ADVANCED_FACE('',(#4462),#721,.F.);
#12494=ADVANCED_FACE('',(#4463),#722,.F.);
#12495=ADVANCED_FACE('',(#4464),#723,.F.);
#12496=ADVANCED_FACE('',(#4465),#724,.F.);
#12497=ADVANCED_FACE('',(#4466),#725,.F.);
#12498=ADVANCED_FACE('',(#4467),#726,.F.);
#12499=ADVANCED_FACE('',(#4468),#727,.F.);
#12500=ADVANCED_FACE('',(#4469),#728,.F.);
#12501=ADVANCED_FACE('',(#4470),#729,.F.);
#12502=ADVANCED_FACE('',(#4471),#730,.F.);
#12503=ADVANCED_FACE('',(#4472),#731,.F.);
#12504=ADVANCED_FACE('',(#4473),#732,.F.);
#12505=ADVANCED_FACE('',(#4474),#733,.F.);
#12506=ADVANCED_FACE('',(#4475),#734,.F.);
#12507=ADVANCED_FACE('',(#4476),#735,.F.);
#12508=ADVANCED_FACE('',(#4477),#736,.F.);
#12509=ADVANCED_FACE('',(#4478),#737,.F.);
#12510=ADVANCED_FACE('',(#4479),#738,.F.);
#12511=ADVANCED_FACE('',(#4480),#739,.F.);
#12512=ADVANCED_FACE('',(#4481),#740,.F.);
#12513=ADVANCED_FACE('',(#4482),#741,.F.);
#12514=ADVANCED_FACE('',(#4483),#742,.F.);
#12515=ADVANCED_FACE('',(#4484),#743,.F.);
#12516=ADVANCED_FACE('',(#4485),#744,.F.);
#12517=ADVANCED_FACE('',(#4486),#745,.F.);
#12518=ADVANCED_FACE('',(#4487),#746,.F.);
#12519=ADVANCED_FACE('',(#4488),#747,.F.);
#12520=ADVANCED_FACE('',(#4489),#748,.F.);
#12521=ADVANCED_FACE('',(#4490),#749,.F.);
#12522=ADVANCED_FACE('',(#4491),#750,.F.);
#12523=ADVANCED_FACE('',(#4492),#751,.F.);
#12524=ADVANCED_FACE('',(#4493),#752,.F.);
#12525=ADVANCED_FACE('',(#4494),#753,.F.);
#12526=ADVANCED_FACE('',(#4495),#754,.F.);
#12527=ADVANCED_FACE('',(#4496),#755,.F.);
#12528=ADVANCED_FACE('',(#4497),#756,.F.);
#12529=ADVANCED_FACE('',(#4498),#757,.F.);
#12530=ADVANCED_FACE('',(#4499),#758,.F.);
#12531=ADVANCED_FACE('',(#4500),#759,.F.);
#12532=ADVANCED_FACE('',(#4501),#760,.F.);
#12533=ADVANCED_FACE('',(#4502),#761,.F.);
#12534=ADVANCED_FACE('',(#4503),#762,.F.);
#12535=ADVANCED_FACE('',(#4504),#763,.F.);
#12536=ADVANCED_FACE('',(#4505),#764,.F.);
#12537=ADVANCED_FACE('',(#4506),#765,.F.);
#12538=ADVANCED_FACE('',(#4507),#766,.F.);
#12539=ADVANCED_FACE('',(#4508),#767,.F.);
#12540=ADVANCED_FACE('',(#4509),#768,.F.);
#12541=ADVANCED_FACE('',(#4510),#769,.F.);
#12542=CLOSED_SHELL('',(#11859,#11860,#11861,#11862,#11863,#11864,#11865,
#11866,#11867,#11868,#11869,#11870,#11871,#11872,#11873,#11874,#11875,#11876,
#11877,#11878,#11879,#11880,#11881,#11882,#11883,#11884,#11885,#11886,#11887,
#11888,#11889,#11890,#11891,#11892,#11893,#11894,#11895,#11896,#11897,#11898,
#11899,#11900,#11901,#11902,#11903,#11904,#11905,#11906,#11907,#11908,#11909,
#11910,#11911,#11912,#11913,#11914,#11915,#11916,#11917,#11918,#11919,#11920,
#11921,#11922,#11923,#11924,#11925,#11926,#11927,#11928,#11929,#11930,#11931,
#11932,#11933,#11934,#11935,#11936,#11937,#11938,#11939,#11940,#11941,#11942,
#11943,#11944,#11945,#11946,#11947,#11948,#11949,#11950,#11951,#11952,#11953,
#11954,#11955,#11956,#11957,#11958,#11959,#11960,#11961,#11962,#11963,#11964,
#11965,#11966,#11967,#11968,#11969,#11970,#11971,#11972,#11973,#11974,#11975,
#11976,#11977,#11978,#11979,#11980,#11981,#11982,#11983,#11984,#11985,#11986,
#11987,#11988,#11989,#11990,#11991,#11992,#11993,#11994,#11995,#11996,#11997,
#11998,#11999,#12000,#12001,#12002,#12003,#12004,#12005,#12006,#12007,#12008,
#12009,#12010,#12011,#12012,#12013,#12014,#12015,#12016,#12017,#12018,#12019,
#12020,#12021,#12022,#12023,#12024,#12025,#12026,#12027,#12028,#12029,#12030,
#12031,#12032,#12033,#12034,#12035,#12036,#12037,#12038,#12039,#12040,#12041,
#12042,#12043,#12044,#12045,#12046,#12047,#12048,#12049,#12050,#12051,#12052,
#12053,#12054,#12055,#12056,#12057,#12058,#12059,#12060,#12061,#12062,#12063,
#12064,#12065,#12066,#12067,#12068,#12069,#12070,#12071,#12072,#12073,#12074,
#12075,#12076,#12077,#12078,#12079,#12080,#12081,#12082,#12083,#12084,#12085,
#12086,#12087,#12088,#12089,#12090,#12091,#12092,#12093,#12094,#12095,#12096,
#12097,#12098,#12099,#12100,#12101,#12102,#12103,#12104,#12105,#12106,#12107,
#12108,#12109,#12110,#12111,#12112,#12113,#12114,#12115,#12116,#12117,#12118,
#12119,#12120,#12121,#12122,#12123,#12124,#12125,#12126,#12127,#12128,#12129,
#12130,#12131,#12132,#12133,#12134,#12135,#12136,#12137,#12138,#12139,#12140,
#12141,#12142,#12143,#12144,#12145,#12146,#12147,#12148,#12149,#12150,#12151,
#12152,#12153,#12154,#12155,#12156,#12157,#12158,#12159,#12160,#12161,#12162,
#12163,#12164,#12165,#12166,#12167,#12168,#12169,#12170,#12171,#12172,#12173,
#12174,#12175,#12176,#12177,#12178,#12179,#12180,#12181,#12182,#12183,#12184,
#12185,#12186,#12187,#12188,#12189,#12190,#12191,#12192,#12193,#12194,#12195,
#12196,#12197,#12198,#12199,#12200,#12201,#12202,#12203,#12204,#12205,#12206,
#12207,#12208,#12209,#12210,#12211,#12212,#12213,#12214,#12215,#12216,#12217,
#12218,#12219,#12220,#12221,#12222,#12223,#12224,#12225,#12226,#12227,#12228,
#12229,#12230,#12231,#12232,#12233,#12234,#12235,#12236,#12237,#12238,#12239,
#12240,#12241,#12242,#12243,#12244,#12245,#12246,#12247,#12248,#12249,#12250,
#12251,#12252,#12253,#12254,#12255,#12256,#12257,#12258,#12259,#12260,#12261,
#12262,#12263,#12264,#12265,#12266,#12267,#12268,#12269,#12270,#12271,#12272,
#12273,#12274,#12275,#12276,#12277,#12278,#12279,#12280,#12281,#12282,#12283,
#12284,#12285,#12286,#12287,#12288,#12289,#12290,#12291,#12292,#12293,#12294,
#12295,#12296,#12297,#12298,#12299,#12300,#12301,#12302,#12303,#12304,#12305,
#12306,#12307,#12308,#12309,#12310,#12311,#12312,#12313,#12314,#12315,#12316,
#12317,#12318,#12319,#12320,#12321,#12322,#12323,#12324,#12325,#12326,#12327,
#12328,#12329,#12330,#12331,#12332,#12333,#12334,#12335,#12336,#12337,#12338,
#12339,#12340,#12341,#12342,#12343,#12344,#12345,#12346,#12347,#12348,#12349,
#12350,#12351,#12352,#12353,#12354,#12355,#12356,#12357,#12358,#12359,#12360,
#12361,#12362,#12363,#12364,#12365,#12366,#12367,#12368,#12369,#12370,#12371,
#12372,#12373,#12374,#12375,#12376,#12377,#12378,#12379,#12380,#12381,#12382,
#12383,#12384,#12385,#12386,#12387,#12388,#12389,#12390,#12391,#12392,#12393,
#12394,#12395,#12396,#12397,#12398,#12399,#12400,#12401,#12402,#12403,#12404,
#12405,#12406,#12407,#12408,#12409,#12410,#12411,#12412,#12413,#12414,#12415,
#12416,#12417,#12418,#12419,#12420,#12421,#12422,#12423,#12424,#12425,#12426,
#12427,#12428,#12429,#12430,#12431,#12432,#12433,#12434,#12435,#12436,#12437,
#12438,#12439,#12440,#12441,#12442,#12443,#12444,#12445,#12446,#12447,#12448,
#12449,#12450,#12451,#12452,#12453,#12454,#12455,#12456,#12457,#12458,#12459,
#12460,#12461,#12462,#12463,#12464,#12465,#12466,#12467,#12468,#12469,#12470,
#12471,#12472,#12473,#12474,#12475,#12476,#12477,#12478,#12479,#12480,#12481,
#12482,#12483,#12484,#12485,#12486,#12487,#12488,#12489,#12490,#12491,#12492,
#12493,#12494,#12495,#12496,#12497,#12498,#12499,#12500,#12501,#12502,#12503,
#12504,#12505,#12506,#12507,#12508,#12509,#12510,#12511,#12512,#12513,#12514,
#12515,#12516,#12517,#12518,#12519,#12520,#12521,#12522,#12523,#12524,#12525,
#12526,#12527,#12528,#12529,#12530,#12531,#12532,#12533,#12534,#12535,#12536,
#12537,#12538,#12539,#12540,#12541));
#12543=DERIVED_UNIT_ELEMENT(#12545,1.);
#12544=DERIVED_UNIT_ELEMENT(#20050,-3.);
#12545=(
MASS_UNIT()
NAMED_UNIT(*)
SI_UNIT(.KILO.,.GRAM.)
);
#12546=DERIVED_UNIT((#12543,#12544));
#12547=MEASURE_REPRESENTATION_ITEM('density measure',
POSITIVE_RATIO_MEASURE(7850.),#12546);
#12548=PROPERTY_DEFINITION_REPRESENTATION(#12553,#12550);
#12549=PROPERTY_DEFINITION_REPRESENTATION(#12554,#12551);
#12550=REPRESENTATION('material name',(#12552),#20047);
#12551=REPRESENTATION('density',(#12547),#20047);
#12552=DESCRIPTIVE_REPRESENTATION_ITEM('Acier','Acier');
#12553=PROPERTY_DEFINITION('material property','material name',#20057);
#12554=PROPERTY_DEFINITION('material property','density of part',#20057);
#12555=AXIS2_PLACEMENT_3D('',#16612,#13412,#13413);
#12556=AXIS2_PLACEMENT_3D('',#16613,#13414,#13415);
#12557=AXIS2_PLACEMENT_3D('',#16615,#13416,#13417);
#12558=AXIS2_PLACEMENT_3D('',#16617,#13418,#13419);
#12559=AXIS2_PLACEMENT_3D('',#16618,#13420,#13421);
#12560=AXIS2_PLACEMENT_3D('',#16619,#13422,#13423);
#12561=AXIS2_PLACEMENT_3D('',#16621,#13424,#13425);
#12562=AXIS2_PLACEMENT_3D('',#16623,#13426,#13427);
#12563=AXIS2_PLACEMENT_3D('',#16624,#13428,#13429);
#12564=AXIS2_PLACEMENT_3D('',#16625,#13430,#13431);
#12565=AXIS2_PLACEMENT_3D('',#16627,#13432,#13433);
#12566=AXIS2_PLACEMENT_3D('',#16629,#13434,#13435);
#12567=AXIS2_PLACEMENT_3D('',#16630,#13436,#13437);
#12568=AXIS2_PLACEMENT_3D('',#16631,#13438,#13439);
#12569=AXIS2_PLACEMENT_3D('',#16633,#13440,#13441);
#12570=AXIS2_PLACEMENT_3D('',#16636,#13443,#13444);
#12571=AXIS2_PLACEMENT_3D('',#16637,#13445,#13446);
#12572=AXIS2_PLACEMENT_3D('',#16639,#13447,#13448);
#12573=AXIS2_PLACEMENT_3D('',#16642,#13450,#13451);
#12574=AXIS2_PLACEMENT_3D('',#16643,#13452,#13453);
#12575=AXIS2_PLACEMENT_3D('',#16645,#13454,#13455);
#12576=AXIS2_PLACEMENT_3D('',#16648,#13457,#13458);
#12577=AXIS2_PLACEMENT_3D('',#16649,#13459,#13460);
#12578=AXIS2_PLACEMENT_3D('',#16651,#13461,#13462);
#12579=AXIS2_PLACEMENT_3D('',#16654,#13464,#13465);
#12580=AXIS2_PLACEMENT_3D('',#16655,#13466,#13467);
#12581=AXIS2_PLACEMENT_3D('',#16657,#13468,#13469);
#12582=AXIS2_PLACEMENT_3D('',#16660,#13471,#13472);
#12583=AXIS2_PLACEMENT_3D('',#16661,#13473,#13474);
#12584=AXIS2_PLACEMENT_3D('',#16663,#13475,#13476);
#12585=AXIS2_PLACEMENT_3D('',#16666,#13478,#13479);
#12586=AXIS2_PLACEMENT_3D('',#16667,#13480,#13481);
#12587=AXIS2_PLACEMENT_3D('',#16669,#13482,#13483);
#12588=AXIS2_PLACEMENT_3D('',#16672,#13485,#13486);
#12589=AXIS2_PLACEMENT_3D('',#16673,#13487,#13488);
#12590=AXIS2_PLACEMENT_3D('',#16675,#13489,#13490);
#12591=AXIS2_PLACEMENT_3D('',#16678,#13492,#13493);
#12592=AXIS2_PLACEMENT_3D('',#16679,#13494,#13495);
#12593=AXIS2_PLACEMENT_3D('',#16681,#13496,#13497);
#12594=AXIS2_PLACEMENT_3D('',#16684,#13499,#13500);
#12595=AXIS2_PLACEMENT_3D('',#16685,#13501,#13502);
#12596=AXIS2_PLACEMENT_3D('',#16687,#13503,#13504);
#12597=AXIS2_PLACEMENT_3D('',#16690,#13506,#13507);
#12598=AXIS2_PLACEMENT_3D('',#16691,#13508,#13509);
#12599=AXIS2_PLACEMENT_3D('',#16693,#13510,#13511);
#12600=AXIS2_PLACEMENT_3D('',#16696,#13513,#13514);
#12601=AXIS2_PLACEMENT_3D('',#16697,#13515,#13516);
#12602=AXIS2_PLACEMENT_3D('',#16699,#13517,#13518);
#12603=AXIS2_PLACEMENT_3D('',#16702,#13520,#13521);
#12604=AXIS2_PLACEMENT_3D('',#16703,#13522,#13523);
#12605=AXIS2_PLACEMENT_3D('',#16705,#13524,#13525);
#12606=AXIS2_PLACEMENT_3D('',#16708,#13527,#13528);
#12607=AXIS2_PLACEMENT_3D('',#16709,#13529,#13530);
#12608=AXIS2_PLACEMENT_3D('',#16711,#13531,#13532);
#12609=AXIS2_PLACEMENT_3D('',#16714,#13534,#13535);
#12610=AXIS2_PLACEMENT_3D('',#16715,#13536,#13537);
#12611=AXIS2_PLACEMENT_3D('',#16717,#13538,#13539);
#12612=AXIS2_PLACEMENT_3D('',#16720,#13541,#13542);
#12613=AXIS2_PLACEMENT_3D('',#16721,#13543,#13544);
#12614=AXIS2_PLACEMENT_3D('',#16723,#13545,#13546);
#12615=AXIS2_PLACEMENT_3D('',#16726,#13548,#13549);
#12616=AXIS2_PLACEMENT_3D('',#16727,#13550,#13551);
#12617=AXIS2_PLACEMENT_3D('',#16729,#13552,#13553);
#12618=AXIS2_PLACEMENT_3D('',#16732,#13555,#13556);
#12619=AXIS2_PLACEMENT_3D('',#16733,#13557,#13558);
#12620=AXIS2_PLACEMENT_3D('',#16735,#13559,#13560);
#12621=AXIS2_PLACEMENT_3D('',#16738,#13562,#13563);
#12622=AXIS2_PLACEMENT_3D('',#16739,#13564,#13565);
#12623=AXIS2_PLACEMENT_3D('',#16741,#13566,#13567);
#12624=AXIS2_PLACEMENT_3D('',#16744,#13569,#13570);
#12625=AXIS2_PLACEMENT_3D('',#16745,#13571,#13572);
#12626=AXIS2_PLACEMENT_3D('',#16747,#13573,#13574);
#12627=AXIS2_PLACEMENT_3D('',#16750,#13576,#13577);
#12628=AXIS2_PLACEMENT_3D('',#16751,#13578,#13579);
#12629=AXIS2_PLACEMENT_3D('',#16753,#13580,#13581);
#12630=AXIS2_PLACEMENT_3D('',#16756,#13583,#13584);
#12631=AXIS2_PLACEMENT_3D('',#16757,#13585,#13586);
#12632=AXIS2_PLACEMENT_3D('',#16759,#13587,#13588);
#12633=AXIS2_PLACEMENT_3D('',#16762,#13590,#13591);
#12634=AXIS2_PLACEMENT_3D('',#16763,#13592,#13593);
#12635=AXIS2_PLACEMENT_3D('',#16765,#13594,#13595);
#12636=AXIS2_PLACEMENT_3D('',#16768,#13597,#13598);
#12637=AXIS2_PLACEMENT_3D('',#16769,#13599,#13600);
#12638=AXIS2_PLACEMENT_3D('',#16771,#13601,#13602);
#12639=AXIS2_PLACEMENT_3D('',#16774,#13604,#13605);
#12640=AXIS2_PLACEMENT_3D('',#16775,#13606,#13607);
#12641=AXIS2_PLACEMENT_3D('',#16777,#13608,#13609);
#12642=AXIS2_PLACEMENT_3D('',#16780,#13611,#13612);
#12643=AXIS2_PLACEMENT_3D('',#16781,#13613,#13614);
#12644=AXIS2_PLACEMENT_3D('',#16783,#13615,#13616);
#12645=AXIS2_PLACEMENT_3D('',#16786,#13618,#13619);
#12646=AXIS2_PLACEMENT_3D('',#16787,#13620,#13621);
#12647=AXIS2_PLACEMENT_3D('',#16789,#13622,#13623);
#12648=AXIS2_PLACEMENT_3D('',#16792,#13625,#13626);
#12649=AXIS2_PLACEMENT_3D('',#16793,#13627,#13628);
#12650=AXIS2_PLACEMENT_3D('',#16795,#13629,#13630);
#12651=AXIS2_PLACEMENT_3D('',#16798,#13632,#13633);
#12652=AXIS2_PLACEMENT_3D('',#16799,#13634,#13635);
#12653=AXIS2_PLACEMENT_3D('',#16801,#13636,#13637);
#12654=AXIS2_PLACEMENT_3D('',#16804,#13639,#13640);
#12655=AXIS2_PLACEMENT_3D('',#16805,#13641,#13642);
#12656=AXIS2_PLACEMENT_3D('',#16807,#13643,#13644);
#12657=AXIS2_PLACEMENT_3D('',#16810,#13646,#13647);
#12658=AXIS2_PLACEMENT_3D('',#16811,#13648,#13649);
#12659=AXIS2_PLACEMENT_3D('',#16813,#13650,#13651);
#12660=AXIS2_PLACEMENT_3D('',#16816,#13653,#13654);
#12661=AXIS2_PLACEMENT_3D('',#16817,#13655,#13656);
#12662=AXIS2_PLACEMENT_3D('',#16819,#13657,#13658);
#12663=AXIS2_PLACEMENT_3D('',#16822,#13660,#13661);
#12664=AXIS2_PLACEMENT_3D('',#16823,#13662,#13663);
#12665=AXIS2_PLACEMENT_3D('',#16825,#13664,#13665);
#12666=AXIS2_PLACEMENT_3D('',#16828,#13667,#13668);
#12667=AXIS2_PLACEMENT_3D('',#16829,#13669,#13670);
#12668=AXIS2_PLACEMENT_3D('',#16831,#13671,#13672);
#12669=AXIS2_PLACEMENT_3D('',#16834,#13674,#13675);
#12670=AXIS2_PLACEMENT_3D('',#16835,#13676,#13677);
#12671=AXIS2_PLACEMENT_3D('',#16837,#13678,#13679);
#12672=AXIS2_PLACEMENT_3D('',#16840,#13681,#13682);
#12673=AXIS2_PLACEMENT_3D('',#16841,#13683,#13684);
#12674=AXIS2_PLACEMENT_3D('',#16843,#13685,#13686);
#12675=AXIS2_PLACEMENT_3D('',#16846,#13688,#13689);
#12676=AXIS2_PLACEMENT_3D('',#16847,#13690,#13691);
#12677=AXIS2_PLACEMENT_3D('',#16849,#13692,#13693);
#12678=AXIS2_PLACEMENT_3D('',#16852,#13695,#13696);
#12679=AXIS2_PLACEMENT_3D('',#16853,#13697,#13698);
#12680=AXIS2_PLACEMENT_3D('',#16855,#13699,#13700);
#12681=AXIS2_PLACEMENT_3D('',#16858,#13702,#13703);
#12682=AXIS2_PLACEMENT_3D('',#16859,#13704,#13705);
#12683=AXIS2_PLACEMENT_3D('',#16861,#13706,#13707);
#12684=AXIS2_PLACEMENT_3D('',#16864,#13709,#13710);
#12685=AXIS2_PLACEMENT_3D('',#16865,#13711,#13712);
#12686=AXIS2_PLACEMENT_3D('',#16867,#13713,#13714);
#12687=AXIS2_PLACEMENT_3D('',#16870,#13716,#13717);
#12688=AXIS2_PLACEMENT_3D('',#16871,#13718,#13719);
#12689=AXIS2_PLACEMENT_3D('',#16873,#13720,#13721);
#12690=AXIS2_PLACEMENT_3D('',#16876,#13723,#13724);
#12691=AXIS2_PLACEMENT_3D('',#16877,#13725,#13726);
#12692=AXIS2_PLACEMENT_3D('',#16879,#13727,#13728);
#12693=AXIS2_PLACEMENT_3D('',#16882,#13730,#13731);
#12694=AXIS2_PLACEMENT_3D('',#16883,#13732,#13733);
#12695=AXIS2_PLACEMENT_3D('',#16886,#13734,#13735);
#12696=AXIS2_PLACEMENT_3D('',#16890,#13737,#13738);
#12697=AXIS2_PLACEMENT_3D('',#16894,#13740,#13741);
#12698=AXIS2_PLACEMENT_3D('',#16898,#13743,#13744);
#12699=AXIS2_PLACEMENT_3D('',#17540,#14066,#14067);
#12700=AXIS2_PLACEMENT_3D('',#17549,#14072,#14073);
#12701=AXIS2_PLACEMENT_3D('',#17557,#14077,#14078);
#12702=AXIS2_PLACEMENT_3D('',#17564,#14082,#14083);
#12703=AXIS2_PLACEMENT_3D('',#17565,#14084,#14085);
#12704=AXIS2_PLACEMENT_3D('',#17574,#14090,#14091);
#12705=AXIS2_PLACEMENT_3D('',#17582,#14095,#14096);
#12706=AXIS2_PLACEMENT_3D('',#17589,#14100,#14101);
#12707=AXIS2_PLACEMENT_3D('',#17590,#14102,#14103);
#12708=AXIS2_PLACEMENT_3D('',#17599,#14108,#14109);
#12709=AXIS2_PLACEMENT_3D('',#17603,#14111,#14112);
#12710=AXIS2_PLACEMENT_3D('',#17611,#14116,#14117);
#12711=AXIS2_PLACEMENT_3D('',#17615,#14120,#14121);
#12712=AXIS2_PLACEMENT_3D('',#17624,#14126,#14127);
#12713=AXIS2_PLACEMENT_3D('',#17628,#14129,#14130);
#12714=AXIS2_PLACEMENT_3D('',#17636,#14134,#14135);
#12715=AXIS2_PLACEMENT_3D('',#17640,#14138,#14139);
#12716=AXIS2_PLACEMENT_3D('',#17649,#14144,#14145);
#12717=AXIS2_PLACEMENT_3D('',#17654,#14147,#14148);
#12718=AXIS2_PLACEMENT_3D('',#17661,#14152,#14153);
#12719=AXIS2_PLACEMENT_3D('',#17665,#14156,#14157);
#12720=AXIS2_PLACEMENT_3D('',#17674,#14162,#14163);
#12721=AXIS2_PLACEMENT_3D('',#17679,#14165,#14166);
#12722=AXIS2_PLACEMENT_3D('',#17686,#14170,#14171);
#12723=AXIS2_PLACEMENT_3D('',#17690,#14174,#14175);
#12724=AXIS2_PLACEMENT_3D('',#17699,#14180,#14181);
#12725=AXIS2_PLACEMENT_3D('',#17703,#14183,#14184);
#12726=AXIS2_PLACEMENT_3D('',#17711,#14188,#14189);
#12727=AXIS2_PLACEMENT_3D('',#17715,#14192,#14193);
#12728=AXIS2_PLACEMENT_3D('',#17724,#14198,#14199);
#12729=AXIS2_PLACEMENT_3D('',#17728,#14201,#14202);
#12730=AXIS2_PLACEMENT_3D('',#17736,#14206,#14207);
#12731=AXIS2_PLACEMENT_3D('',#17740,#14210,#14211);
#12732=AXIS2_PLACEMENT_3D('',#17776,#14229,#14230);
#12733=AXIS2_PLACEMENT_3D('',#17780,#14232,#14233);
#12734=AXIS2_PLACEMENT_3D('',#17786,#14237,#14238);
#12735=AXIS2_PLACEMENT_3D('',#17790,#14240,#14241);
#12736=AXIS2_PLACEMENT_3D('',#17796,#14245,#14246);
#12737=AXIS2_PLACEMENT_3D('',#17800,#14248,#14249);
#12738=AXIS2_PLACEMENT_3D('',#17806,#14253,#14254);
#12739=AXIS2_PLACEMENT_3D('',#17810,#14256,#14257);
#12740=AXIS2_PLACEMENT_3D('',#17820,#14263,#14264);
#12741=AXIS2_PLACEMENT_3D('',#17824,#14266,#14267);
#12742=AXIS2_PLACEMENT_3D('',#17830,#14271,#14272);
#12743=AXIS2_PLACEMENT_3D('',#17834,#14274,#14275);
#12744=AXIS2_PLACEMENT_3D('',#17840,#14279,#14280);
#12745=AXIS2_PLACEMENT_3D('',#17844,#14282,#14283);
#12746=AXIS2_PLACEMENT_3D('',#17850,#14287,#14288);
#12747=AXIS2_PLACEMENT_3D('',#17854,#14290,#14291);
#12748=AXIS2_PLACEMENT_3D('',#17861,#14296,#14297);
#12749=AXIS2_PLACEMENT_3D('',#17872,#14304,#14305);
#12750=AXIS2_PLACEMENT_3D('',#17883,#14310,#14311);
#12751=AXIS2_PLACEMENT_3D('',#17886,#14313,#14314);
#12752=AXIS2_PLACEMENT_3D('',#17890,#14316,#14317);
#12753=AXIS2_PLACEMENT_3D('',#17894,#14319,#14320);
#12754=AXIS2_PLACEMENT_3D('',#17898,#14322,#14323);
#12755=AXIS2_PLACEMENT_3D('',#17902,#14325,#14326);
#12756=AXIS2_PLACEMENT_3D('',#17905,#14328,#14329);
#12757=AXIS2_PLACEMENT_3D('',#17909,#14331,#14332);
#12758=AXIS2_PLACEMENT_3D('',#17913,#14334,#14335);
#12759=AXIS2_PLACEMENT_3D('',#17917,#14337,#14338);
#12760=AXIS2_PLACEMENT_3D('',#17921,#14340,#14341);
#12761=AXIS2_PLACEMENT_3D('',#17924,#14343,#14344);
#12762=AXIS2_PLACEMENT_3D('',#17927,#14346,#14347);
#12763=AXIS2_PLACEMENT_3D('',#17931,#14349,#14350);
#12764=AXIS2_PLACEMENT_3D('',#17935,#14352,#14353);
#12765=AXIS2_PLACEMENT_3D('',#17939,#14355,#14356);
#12766=AXIS2_PLACEMENT_3D('',#17958,#14366,#14367);
#12767=AXIS2_PLACEMENT_3D('',#17962,#14369,#14370);
#12768=AXIS2_PLACEMENT_3D('',#17966,#14372,#14373);
#12769=AXIS2_PLACEMENT_3D('',#17970,#14375,#14376);
#12770=AXIS2_PLACEMENT_3D('',#17974,#14378,#14379);
#12771=AXIS2_PLACEMENT_3D('',#17978,#14381,#14382);
#12772=AXIS2_PLACEMENT_3D('',#17982,#14384,#14385);
#12773=AXIS2_PLACEMENT_3D('',#17985,#14387,#14388);
#12774=AXIS2_PLACEMENT_3D('',#17988,#14390,#14391);
#12775=AXIS2_PLACEMENT_3D('',#17992,#14393,#14394);
#12776=AXIS2_PLACEMENT_3D('',#17996,#14396,#14397);
#12777=AXIS2_PLACEMENT_3D('',#18000,#14399,#14400);
#12778=AXIS2_PLACEMENT_3D('',#18004,#14402,#14403);
#12779=AXIS2_PLACEMENT_3D('',#18007,#14405,#14406);
#12780=AXIS2_PLACEMENT_3D('',#18011,#14408,#14409);
#12781=AXIS2_PLACEMENT_3D('',#18015,#14411,#14412);
#12782=AXIS2_PLACEMENT_3D('',#18017,#14414,#14415);
#12783=AXIS2_PLACEMENT_3D('',#18020,#14418,#14419);
#12784=AXIS2_PLACEMENT_3D('',#18022,#14421,#14422);
#12785=AXIS2_PLACEMENT_3D('',#18024,#14424,#14425);
#12786=AXIS2_PLACEMENT_3D('',#18025,#14426,#14427);
#12787=AXIS2_PLACEMENT_3D('',#18028,#14430,#14431);
#12788=AXIS2_PLACEMENT_3D('',#18030,#14433,#14434);
#12789=AXIS2_PLACEMENT_3D('',#18031,#14435,#14436);
#12790=AXIS2_PLACEMENT_3D('',#18034,#14439,#14440);
#12791=AXIS2_PLACEMENT_3D('',#18036,#14442,#14443);
#12792=AXIS2_PLACEMENT_3D('',#18038,#14445,#14446);
#12793=AXIS2_PLACEMENT_3D('',#18039,#14447,#14448);
#12794=AXIS2_PLACEMENT_3D('',#18042,#14451,#14452);
#12795=AXIS2_PLACEMENT_3D('',#18044,#14454,#14455);
#12796=AXIS2_PLACEMENT_3D('',#18045,#14456,#14457);
#12797=AXIS2_PLACEMENT_3D('',#18048,#14460,#14461);
#12798=AXIS2_PLACEMENT_3D('',#18050,#14463,#14464);
#12799=AXIS2_PLACEMENT_3D('',#18052,#14466,#14467);
#12800=AXIS2_PLACEMENT_3D('',#18053,#14468,#14469);
#12801=AXIS2_PLACEMENT_3D('',#18055,#14471,#14472);
#12802=AXIS2_PLACEMENT_3D('',#18057,#14474,#14475);
#12803=AXIS2_PLACEMENT_3D('',#18059,#14477,#14478);
#12804=AXIS2_PLACEMENT_3D('',#18061,#14480,#14481);
#12805=AXIS2_PLACEMENT_3D('',#18063,#14483,#14484);
#12806=AXIS2_PLACEMENT_3D('',#18065,#14486,#14487);
#12807=AXIS2_PLACEMENT_3D('',#18067,#14489,#14490);
#12808=AXIS2_PLACEMENT_3D('',#18070,#14493,#14494);
#12809=AXIS2_PLACEMENT_3D('',#18072,#14496,#14497);
#12810=AXIS2_PLACEMENT_3D('',#18074,#14499,#14500);
#12811=AXIS2_PLACEMENT_3D('',#18076,#14502,#14503);
#12812=AXIS2_PLACEMENT_3D('',#18078,#14505,#14506);
#12813=AXIS2_PLACEMENT_3D('',#18080,#14508,#14509);
#12814=AXIS2_PLACEMENT_3D('',#18081,#14510,#14511);
#12815=AXIS2_PLACEMENT_3D('',#18084,#14514,#14515);
#12816=AXIS2_PLACEMENT_3D('',#18086,#14517,#14518);
#12817=AXIS2_PLACEMENT_3D('',#18088,#14520,#14521);
#12818=AXIS2_PLACEMENT_3D('',#18090,#14523,#14524);
#12819=AXIS2_PLACEMENT_3D('',#18092,#14526,#14527);
#12820=AXIS2_PLACEMENT_3D('',#18094,#14529,#14530);
#12821=AXIS2_PLACEMENT_3D('',#18095,#14531,#14532);
#12822=AXIS2_PLACEMENT_3D('',#18098,#14535,#14536);
#12823=AXIS2_PLACEMENT_3D('',#18100,#14538,#14539);
#12824=AXIS2_PLACEMENT_3D('',#18102,#14541,#14542);
#12825=AXIS2_PLACEMENT_3D('',#18104,#14544,#14545);
#12826=AXIS2_PLACEMENT_3D('',#18106,#14547,#14548);
#12827=AXIS2_PLACEMENT_3D('',#18108,#14550,#14551);
#12828=AXIS2_PLACEMENT_3D('',#18109,#14552,#14553);
#12829=AXIS2_PLACEMENT_3D('',#18111,#14555,#14556);
#12830=AXIS2_PLACEMENT_3D('',#18113,#14558,#14559);
#12831=AXIS2_PLACEMENT_3D('',#18115,#14561,#14562);
#12832=AXIS2_PLACEMENT_3D('',#18117,#14564,#14565);
#12833=AXIS2_PLACEMENT_3D('',#18119,#14567,#14568);
#12834=AXIS2_PLACEMENT_3D('',#18121,#14570,#14571);
#12835=AXIS2_PLACEMENT_3D('',#18123,#14573,#14574);
#12836=AXIS2_PLACEMENT_3D('',#18125,#14576,#14577);
#12837=AXIS2_PLACEMENT_3D('',#18127,#14579,#14580);
#12838=AXIS2_PLACEMENT_3D('',#18129,#14582,#14583);
#12839=AXIS2_PLACEMENT_3D('',#18131,#14585,#14586);
#12840=AXIS2_PLACEMENT_3D('',#18133,#14588,#14589);
#12841=AXIS2_PLACEMENT_3D('',#18135,#14591,#14592);
#12842=AXIS2_PLACEMENT_3D('',#18137,#14594,#14595);
#12843=AXIS2_PLACEMENT_3D('',#18138,#14596,#14597);
#12844=AXIS2_PLACEMENT_3D('',#18139,#14598,#14599);
#12845=AXIS2_PLACEMENT_3D('',#18145,#14603,#14604);
#12846=AXIS2_PLACEMENT_3D('',#18149,#14607,#14608);
#12847=AXIS2_PLACEMENT_3D('',#18153,#14611,#14612);
#12848=AXIS2_PLACEMENT_3D('',#18155,#14614,#14615);
#12849=AXIS2_PLACEMENT_3D('',#18156,#14616,#14617);
#12850=AXIS2_PLACEMENT_3D('',#18162,#14621,#14622);
#12851=AXIS2_PLACEMENT_3D('',#18166,#14625,#14626);
#12852=AXIS2_PLACEMENT_3D('',#18170,#14629,#14630);
#12853=AXIS2_PLACEMENT_3D('',#18172,#14632,#14633);
#12854=AXIS2_PLACEMENT_3D('',#18173,#14634,#14635);
#12855=AXIS2_PLACEMENT_3D('',#18174,#14636,#14637);
#12856=AXIS2_PLACEMENT_3D('',#18175,#14638,#14639);
#12857=AXIS2_PLACEMENT_3D('',#18176,#14640,#14641);
#12858=AXIS2_PLACEMENT_3D('',#18177,#14642,#14643);
#12859=AXIS2_PLACEMENT_3D('',#18183,#14647,#14648);
#12860=AXIS2_PLACEMENT_3D('',#18187,#14651,#14652);
#12861=AXIS2_PLACEMENT_3D('',#18191,#14655,#14656);
#12862=AXIS2_PLACEMENT_3D('',#18193,#14658,#14659);
#12863=AXIS2_PLACEMENT_3D('',#18194,#14660,#14661);
#12864=AXIS2_PLACEMENT_3D('',#18200,#14665,#14666);
#12865=AXIS2_PLACEMENT_3D('',#18204,#14669,#14670);
#12866=AXIS2_PLACEMENT_3D('',#18208,#14673,#14674);
#12867=AXIS2_PLACEMENT_3D('',#18210,#14676,#14677);
#12868=AXIS2_PLACEMENT_3D('',#18211,#14678,#14679);
#12869=AXIS2_PLACEMENT_3D('',#18212,#14680,#14681);
#12870=AXIS2_PLACEMENT_3D('',#18213,#14682,#14683);
#12871=AXIS2_PLACEMENT_3D('',#18214,#14684,#14685);
#12872=AXIS2_PLACEMENT_3D('',#18215,#14686,#14687);
#12873=AXIS2_PLACEMENT_3D('',#18216,#14688,#14689);
#12874=AXIS2_PLACEMENT_3D('',#18217,#14690,#14691);
#12875=AXIS2_PLACEMENT_3D('',#18218,#14692,#14693);
#12876=AXIS2_PLACEMENT_3D('',#18219,#14694,#14695);
#12877=AXIS2_PLACEMENT_3D('',#18220,#14696,#14697);
#12878=AXIS2_PLACEMENT_3D('',#18221,#14698,#14699);
#12879=AXIS2_PLACEMENT_3D('',#18222,#14700,#14701);
#12880=AXIS2_PLACEMENT_3D('',#18223,#14702,#14703);
#12881=AXIS2_PLACEMENT_3D('',#18224,#14704,#14705);
#12882=AXIS2_PLACEMENT_3D('',#18225,#14706,#14707);
#12883=AXIS2_PLACEMENT_3D('',#18226,#14708,#14709);
#12884=AXIS2_PLACEMENT_3D('',#18227,#14710,#14711);
#12885=AXIS2_PLACEMENT_3D('',#18228,#14712,#14713);
#12886=AXIS2_PLACEMENT_3D('',#18229,#14714,#14715);
#12887=AXIS2_PLACEMENT_3D('',#18230,#14716,#14717);
#12888=AXIS2_PLACEMENT_3D('',#18231,#14718,#14719);
#12889=AXIS2_PLACEMENT_3D('',#18232,#14720,#14721);
#12890=AXIS2_PLACEMENT_3D('',#18233,#14722,#14723);
#12891=AXIS2_PLACEMENT_3D('',#18234,#14724,#14725);
#12892=AXIS2_PLACEMENT_3D('',#18235,#14726,#14727);
#12893=AXIS2_PLACEMENT_3D('',#18236,#14728,#14729);
#12894=AXIS2_PLACEMENT_3D('',#18237,#14730,#14731);
#12895=AXIS2_PLACEMENT_3D('',#18241,#14734,#14735);
#12896=AXIS2_PLACEMENT_3D('',#18245,#14738,#14739);
#12897=AXIS2_PLACEMENT_3D('',#18247,#14741,#14742);
#12898=AXIS2_PLACEMENT_3D('',#18266,#14751,#14752);
#12899=AXIS2_PLACEMENT_3D('',#18270,#14754,#14755);
#12900=AXIS2_PLACEMENT_3D('',#18274,#14757,#14758);
#12901=AXIS2_PLACEMENT_3D('',#18278,#14760,#14761);
#12902=AXIS2_PLACEMENT_3D('',#18280,#14763,#14764);
#12903=AXIS2_PLACEMENT_3D('',#18284,#14767,#14768);
#12904=AXIS2_PLACEMENT_3D('',#18288,#14771,#14772);
#12905=AXIS2_PLACEMENT_3D('',#18290,#14774,#14775);
#12906=AXIS2_PLACEMENT_3D('',#18291,#14776,#14777);
#12907=AXIS2_PLACEMENT_3D('',#18301,#14783,#14784);
#12908=AXIS2_PLACEMENT_3D('',#18305,#14787,#14788);
#12909=AXIS2_PLACEMENT_3D('',#18311,#14792,#14793);
#12910=AXIS2_PLACEMENT_3D('',#18313,#14795,#14796);
#12911=AXIS2_PLACEMENT_3D('',#18323,#14802,#14803);
#12912=AXIS2_PLACEMENT_3D('',#18327,#14806,#14807);
#12913=AXIS2_PLACEMENT_3D('',#18333,#14811,#14812);
#12914=AXIS2_PLACEMENT_3D('',#18335,#14814,#14815);
#12915=AXIS2_PLACEMENT_3D('',#18345,#14821,#14822);
#12916=AXIS2_PLACEMENT_3D('',#18349,#14825,#14826);
#12917=AXIS2_PLACEMENT_3D('',#18355,#14830,#14831);
#12918=AXIS2_PLACEMENT_3D('',#18357,#14833,#14834);
#12919=AXIS2_PLACEMENT_3D('',#18367,#14840,#14841);
#12920=AXIS2_PLACEMENT_3D('',#18371,#14844,#14845);
#12921=AXIS2_PLACEMENT_3D('',#18377,#14849,#14850);
#12922=AXIS2_PLACEMENT_3D('',#18379,#14852,#14853);
#12923=AXIS2_PLACEMENT_3D('',#18389,#14859,#14860);
#12924=AXIS2_PLACEMENT_3D('',#18393,#14863,#14864);
#12925=AXIS2_PLACEMENT_3D('',#18399,#14868,#14869);
#12926=AXIS2_PLACEMENT_3D('',#18401,#14871,#14872);
#12927=AXIS2_PLACEMENT_3D('',#18411,#14878,#14879);
#12928=AXIS2_PLACEMENT_3D('',#18415,#14882,#14883);
#12929=AXIS2_PLACEMENT_3D('',#18421,#14887,#14888);
#12930=AXIS2_PLACEMENT_3D('',#18423,#14890,#14891);
#12931=AXIS2_PLACEMENT_3D('',#18433,#14897,#14898);
#12932=AXIS2_PLACEMENT_3D('',#18437,#14901,#14902);
#12933=AXIS2_PLACEMENT_3D('',#18441,#14905,#14906);
#12934=AXIS2_PLACEMENT_3D('',#18445,#14909,#14910);
#12935=AXIS2_PLACEMENT_3D('',#18455,#14916,#14917);
#12936=AXIS2_PLACEMENT_3D('',#18459,#14920,#14921);
#12937=AXIS2_PLACEMENT_3D('',#18463,#14924,#14925);
#12938=AXIS2_PLACEMENT_3D('',#18467,#14928,#14929);
#12939=AXIS2_PLACEMENT_3D('',#18473,#14933,#14934);
#12940=AXIS2_PLACEMENT_3D('',#18477,#14937,#14938);
#12941=AXIS2_PLACEMENT_3D('',#18481,#14941,#14942);
#12942=AXIS2_PLACEMENT_3D('',#18483,#14944,#14945);
#12943=AXIS2_PLACEMENT_3D('',#18484,#14946,#14947);
#12944=AXIS2_PLACEMENT_3D('',#18490,#14951,#14952);
#12945=AXIS2_PLACEMENT_3D('',#18496,#14956,#14957);
#12946=AXIS2_PLACEMENT_3D('',#18499,#14960,#14961);
#12947=AXIS2_PLACEMENT_3D('',#18500,#14962,#14963);
#12948=AXIS2_PLACEMENT_3D('',#18501,#14964,#14965);
#12949=AXIS2_PLACEMENT_3D('',#18507,#14969,#14970);
#12950=AXIS2_PLACEMENT_3D('',#18513,#14974,#14975);
#12951=AXIS2_PLACEMENT_3D('',#18516,#14978,#14979);
#12952=AXIS2_PLACEMENT_3D('',#18517,#14980,#14981);
#12953=AXIS2_PLACEMENT_3D('',#18518,#14982,#14983);
#12954=AXIS2_PLACEMENT_3D('',#18524,#14987,#14988);
#12955=AXIS2_PLACEMENT_3D('',#18530,#14992,#14993);
#12956=AXIS2_PLACEMENT_3D('',#18532,#14995,#14996);
#12957=AXIS2_PLACEMENT_3D('',#18534,#14998,#14999);
#12958=AXIS2_PLACEMENT_3D('',#18535,#15000,#15001);
#12959=AXIS2_PLACEMENT_3D('',#18541,#15005,#15006);
#12960=AXIS2_PLACEMENT_3D('',#18545,#15009,#15010);
#12961=AXIS2_PLACEMENT_3D('',#18549,#15013,#15014);
#12962=AXIS2_PLACEMENT_3D('',#18551,#15016,#15017);
#12963=AXIS2_PLACEMENT_3D('',#18552,#15018,#15019);
#12964=AXIS2_PLACEMENT_3D('',#18558,#15023,#15024);
#12965=AXIS2_PLACEMENT_3D('',#18564,#15028,#15029);
#12966=AXIS2_PLACEMENT_3D('',#18567,#15032,#15033);
#12967=AXIS2_PLACEMENT_3D('',#18568,#15034,#15035);
#12968=AXIS2_PLACEMENT_3D('',#18569,#15036,#15037);
#12969=AXIS2_PLACEMENT_3D('',#18575,#15041,#15042);
#12970=AXIS2_PLACEMENT_3D('',#18581,#15046,#15047);
#12971=AXIS2_PLACEMENT_3D('',#18584,#15050,#15051);
#12972=AXIS2_PLACEMENT_3D('',#18585,#15052,#15053);
#12973=AXIS2_PLACEMENT_3D('',#18586,#15054,#15055);
#12974=AXIS2_PLACEMENT_3D('',#18592,#15059,#15060);
#12975=AXIS2_PLACEMENT_3D('',#18598,#15064,#15065);
#12976=AXIS2_PLACEMENT_3D('',#18600,#15067,#15068);
#12977=AXIS2_PLACEMENT_3D('',#18602,#15070,#15071);
#12978=AXIS2_PLACEMENT_3D('',#18603,#15072,#15073);
#12979=AXIS2_PLACEMENT_3D('',#18606,#15076,#15077);
#12980=AXIS2_PLACEMENT_3D('',#18608,#15079,#15080);
#12981=AXIS2_PLACEMENT_3D('',#18610,#15082,#15083);
#12982=AXIS2_PLACEMENT_3D('',#18612,#15085,#15086);
#12983=AXIS2_PLACEMENT_3D('',#18614,#15088,#15089);
#12984=AXIS2_PLACEMENT_3D('',#18616,#15091,#15092);
#12985=AXIS2_PLACEMENT_3D('',#18618,#15094,#15095);
#12986=AXIS2_PLACEMENT_3D('',#18619,#15096,#15097);
#12987=AXIS2_PLACEMENT_3D('',#18625,#15101,#15102);
#12988=AXIS2_PLACEMENT_3D('',#18629,#15105,#15106);
#12989=AXIS2_PLACEMENT_3D('',#18633,#15109,#15110);
#12990=AXIS2_PLACEMENT_3D('',#18635,#15112,#15113);
#12991=AXIS2_PLACEMENT_3D('',#18644,#15118,#15119);
#12992=AXIS2_PLACEMENT_3D('',#18650,#15123,#15124);
#12993=AXIS2_PLACEMENT_3D('',#18654,#15127,#15128);
#12994=AXIS2_PLACEMENT_3D('',#18658,#15131,#15132);
#12995=AXIS2_PLACEMENT_3D('',#18660,#15134,#15135);
#12996=AXIS2_PLACEMENT_3D('',#18669,#15140,#15141);
#12997=AXIS2_PLACEMENT_3D('',#18670,#15142,#15143);
#12998=AXIS2_PLACEMENT_3D('',#18671,#15144,#15145);
#12999=AXIS2_PLACEMENT_3D('',#18672,#15146,#15147);
#13000=AXIS2_PLACEMENT_3D('',#18673,#15148,#15149);
#13001=AXIS2_PLACEMENT_3D('',#18674,#15150,#15151);
#13002=AXIS2_PLACEMENT_3D('',#18675,#15152,#15153);
#13003=AXIS2_PLACEMENT_3D('',#18676,#15154,#15155);
#13004=AXIS2_PLACEMENT_3D('',#18677,#15156,#15157);
#13005=AXIS2_PLACEMENT_3D('',#18678,#15158,#15159);
#13006=AXIS2_PLACEMENT_3D('',#18679,#15160,#15161);
#13007=AXIS2_PLACEMENT_3D('',#18680,#15162,#15163);
#13008=AXIS2_PLACEMENT_3D('',#18681,#15164,#15165);
#13009=AXIS2_PLACEMENT_3D('',#18682,#15166,#15167);
#13010=AXIS2_PLACEMENT_3D('',#18683,#15168,#15169);
#13011=AXIS2_PLACEMENT_3D('',#18684,#15170,#15171);
#13012=AXIS2_PLACEMENT_3D('',#18685,#15172,#15173);
#13013=AXIS2_PLACEMENT_3D('',#18691,#15177,#15178);
#13014=AXIS2_PLACEMENT_3D('',#18695,#15181,#15182);
#13015=AXIS2_PLACEMENT_3D('',#18699,#15185,#15186);
#13016=AXIS2_PLACEMENT_3D('',#18701,#15188,#15189);
#13017=AXIS2_PLACEMENT_3D('',#18702,#15190,#15191);
#13018=AXIS2_PLACEMENT_3D('',#18708,#15195,#15196);
#13019=AXIS2_PLACEMENT_3D('',#18712,#15199,#15200);
#13020=AXIS2_PLACEMENT_3D('',#18716,#15203,#15204);
#13021=AXIS2_PLACEMENT_3D('',#18718,#15206,#15207);
#13022=AXIS2_PLACEMENT_3D('',#18719,#15208,#15209);
#13023=AXIS2_PLACEMENT_3D('',#18725,#15213,#15214);
#13024=AXIS2_PLACEMENT_3D('',#18729,#15217,#15218);
#13025=AXIS2_PLACEMENT_3D('',#18733,#15221,#15222);
#13026=AXIS2_PLACEMENT_3D('',#18735,#15224,#15225);
#13027=AXIS2_PLACEMENT_3D('',#18736,#15226,#15227);
#13028=AXIS2_PLACEMENT_3D('',#18742,#15231,#15232);
#13029=AXIS2_PLACEMENT_3D('',#18746,#15235,#15236);
#13030=AXIS2_PLACEMENT_3D('',#18750,#15239,#15240);
#13031=AXIS2_PLACEMENT_3D('',#18752,#15242,#15243);
#13032=AXIS2_PLACEMENT_3D('',#18753,#15244,#15245);
#13033=AXIS2_PLACEMENT_3D('',#18759,#15249,#15250);
#13034=AXIS2_PLACEMENT_3D('',#18763,#15253,#15254);
#13035=AXIS2_PLACEMENT_3D('',#18767,#15257,#15258);
#13036=AXIS2_PLACEMENT_3D('',#18769,#15260,#15261);
#13037=AXIS2_PLACEMENT_3D('',#18770,#15262,#15263);
#13038=AXIS2_PLACEMENT_3D('',#18776,#15267,#15268);
#13039=AXIS2_PLACEMENT_3D('',#18780,#15271,#15272);
#13040=AXIS2_PLACEMENT_3D('',#18784,#15275,#15276);
#13041=AXIS2_PLACEMENT_3D('',#18786,#15278,#15279);
#13042=AXIS2_PLACEMENT_3D('',#18787,#15280,#15281);
#13043=AXIS2_PLACEMENT_3D('',#18793,#15285,#15286);
#13044=AXIS2_PLACEMENT_3D('',#18797,#15289,#15290);
#13045=AXIS2_PLACEMENT_3D('',#18801,#15293,#15294);
#13046=AXIS2_PLACEMENT_3D('',#18803,#15296,#15297);
#13047=AXIS2_PLACEMENT_3D('',#18804,#15298,#15299);
#13048=AXIS2_PLACEMENT_3D('',#18810,#15303,#15304);
#13049=AXIS2_PLACEMENT_3D('',#18814,#15307,#15308);
#13050=AXIS2_PLACEMENT_3D('',#18818,#15311,#15312);
#13051=AXIS2_PLACEMENT_3D('',#18820,#15314,#15315);
#13052=AXIS2_PLACEMENT_3D('',#18821,#15316,#15317);
#13053=AXIS2_PLACEMENT_3D('',#18827,#15321,#15322);
#13054=AXIS2_PLACEMENT_3D('',#18831,#15325,#15326);
#13055=AXIS2_PLACEMENT_3D('',#18835,#15329,#15330);
#13056=AXIS2_PLACEMENT_3D('',#18837,#15332,#15333);
#13057=AXIS2_PLACEMENT_3D('',#18838,#15334,#15335);
#13058=AXIS2_PLACEMENT_3D('',#18844,#15339,#15340);
#13059=AXIS2_PLACEMENT_3D('',#18848,#15343,#15344);
#13060=AXIS2_PLACEMENT_3D('',#18852,#15347,#15348);
#13061=AXIS2_PLACEMENT_3D('',#18854,#15350,#15351);
#13062=AXIS2_PLACEMENT_3D('',#18855,#15352,#15353);
#13063=AXIS2_PLACEMENT_3D('',#18861,#15357,#15358);
#13064=AXIS2_PLACEMENT_3D('',#18865,#15361,#15362);
#13065=AXIS2_PLACEMENT_3D('',#18869,#15365,#15366);
#13066=AXIS2_PLACEMENT_3D('',#18871,#15368,#15369);
#13067=AXIS2_PLACEMENT_3D('',#18872,#15370,#15371);
#13068=AXIS2_PLACEMENT_3D('',#18878,#15375,#15376);
#13069=AXIS2_PLACEMENT_3D('',#18882,#15379,#15380);
#13070=AXIS2_PLACEMENT_3D('',#18886,#15383,#15384);
#13071=AXIS2_PLACEMENT_3D('',#18888,#15386,#15387);
#13072=AXIS2_PLACEMENT_3D('',#18889,#15388,#15389);
#13073=AXIS2_PLACEMENT_3D('',#18895,#15393,#15394);
#13074=AXIS2_PLACEMENT_3D('',#18899,#15397,#15398);
#13075=AXIS2_PLACEMENT_3D('',#18903,#15401,#15402);
#13076=AXIS2_PLACEMENT_3D('',#18905,#15404,#15405);
#13077=AXIS2_PLACEMENT_3D('',#18906,#15406,#15407);
#13078=AXIS2_PLACEMENT_3D('',#18912,#15411,#15412);
#13079=AXIS2_PLACEMENT_3D('',#18916,#15415,#15416);
#13080=AXIS2_PLACEMENT_3D('',#18920,#15419,#15420);
#13081=AXIS2_PLACEMENT_3D('',#18922,#15422,#15423);
#13082=AXIS2_PLACEMENT_3D('',#18923,#15424,#15425);
#13083=AXIS2_PLACEMENT_3D('',#18929,#15429,#15430);
#13084=AXIS2_PLACEMENT_3D('',#18933,#15433,#15434);
#13085=AXIS2_PLACEMENT_3D('',#18937,#15437,#15438);
#13086=AXIS2_PLACEMENT_3D('',#18939,#15440,#15441);
#13087=AXIS2_PLACEMENT_3D('',#18940,#15442,#15443);
#13088=AXIS2_PLACEMENT_3D('',#18946,#15447,#15448);
#13089=AXIS2_PLACEMENT_3D('',#18950,#15451,#15452);
#13090=AXIS2_PLACEMENT_3D('',#18954,#15455,#15456);
#13091=AXIS2_PLACEMENT_3D('',#18956,#15458,#15459);
#13092=AXIS2_PLACEMENT_3D('',#18957,#15460,#15461);
#13093=AXIS2_PLACEMENT_3D('',#18963,#15465,#15466);
#13094=AXIS2_PLACEMENT_3D('',#18967,#15469,#15470);
#13095=AXIS2_PLACEMENT_3D('',#18971,#15473,#15474);
#13096=AXIS2_PLACEMENT_3D('',#18973,#15476,#15477);
#13097=AXIS2_PLACEMENT_3D('',#18974,#15478,#15479);
#13098=AXIS2_PLACEMENT_3D('',#18980,#15483,#15484);
#13099=AXIS2_PLACEMENT_3D('',#18984,#15487,#15488);
#13100=AXIS2_PLACEMENT_3D('',#18988,#15491,#15492);
#13101=AXIS2_PLACEMENT_3D('',#18990,#15494,#15495);
#13102=AXIS2_PLACEMENT_3D('',#18991,#15496,#15497);
#13103=AXIS2_PLACEMENT_3D('',#18997,#15501,#15502);
#13104=AXIS2_PLACEMENT_3D('',#19001,#15505,#15506);
#13105=AXIS2_PLACEMENT_3D('',#19005,#15509,#15510);
#13106=AXIS2_PLACEMENT_3D('',#19007,#15512,#15513);
#13107=AXIS2_PLACEMENT_3D('',#19008,#15514,#15515);
#13108=AXIS2_PLACEMENT_3D('',#19014,#15519,#15520);
#13109=AXIS2_PLACEMENT_3D('',#19018,#15523,#15524);
#13110=AXIS2_PLACEMENT_3D('',#19022,#15527,#15528);
#13111=AXIS2_PLACEMENT_3D('',#19024,#15530,#15531);
#13112=AXIS2_PLACEMENT_3D('',#19025,#15532,#15533);
#13113=AXIS2_PLACEMENT_3D('',#19031,#15537,#15538);
#13114=AXIS2_PLACEMENT_3D('',#19035,#15541,#15542);
#13115=AXIS2_PLACEMENT_3D('',#19039,#15545,#15546);
#13116=AXIS2_PLACEMENT_3D('',#19041,#15548,#15549);
#13117=AXIS2_PLACEMENT_3D('',#19042,#15550,#15551);
#13118=AXIS2_PLACEMENT_3D('',#19048,#15555,#15556);
#13119=AXIS2_PLACEMENT_3D('',#19052,#15559,#15560);
#13120=AXIS2_PLACEMENT_3D('',#19056,#15563,#15564);
#13121=AXIS2_PLACEMENT_3D('',#19058,#15566,#15567);
#13122=AXIS2_PLACEMENT_3D('',#19059,#15568,#15569);
#13123=AXIS2_PLACEMENT_3D('',#19065,#15573,#15574);
#13124=AXIS2_PLACEMENT_3D('',#19069,#15577,#15578);
#13125=AXIS2_PLACEMENT_3D('',#19073,#15581,#15582);
#13126=AXIS2_PLACEMENT_3D('',#19075,#15584,#15585);
#13127=AXIS2_PLACEMENT_3D('',#19076,#15586,#15587);
#13128=AXIS2_PLACEMENT_3D('',#19082,#15591,#15592);
#13129=AXIS2_PLACEMENT_3D('',#19086,#15595,#15596);
#13130=AXIS2_PLACEMENT_3D('',#19090,#15599,#15600);
#13131=AXIS2_PLACEMENT_3D('',#19092,#15602,#15603);
#13132=AXIS2_PLACEMENT_3D('',#19093,#15604,#15605);
#13133=AXIS2_PLACEMENT_3D('',#19099,#15609,#15610);
#13134=AXIS2_PLACEMENT_3D('',#19103,#15613,#15614);
#13135=AXIS2_PLACEMENT_3D('',#19107,#15617,#15618);
#13136=AXIS2_PLACEMENT_3D('',#19109,#15620,#15621);
#13137=AXIS2_PLACEMENT_3D('',#19110,#15622,#15623);
#13138=AXIS2_PLACEMENT_3D('',#19116,#15627,#15628);
#13139=AXIS2_PLACEMENT_3D('',#19120,#15631,#15632);
#13140=AXIS2_PLACEMENT_3D('',#19124,#15635,#15636);
#13141=AXIS2_PLACEMENT_3D('',#19126,#15638,#15639);
#13142=AXIS2_PLACEMENT_3D('',#19127,#15640,#15641);
#13143=AXIS2_PLACEMENT_3D('',#19133,#15645,#15646);
#13144=AXIS2_PLACEMENT_3D('',#19137,#15649,#15650);
#13145=AXIS2_PLACEMENT_3D('',#19141,#15653,#15654);
#13146=AXIS2_PLACEMENT_3D('',#19143,#15656,#15657);
#13147=AXIS2_PLACEMENT_3D('',#19144,#15658,#15659);
#13148=AXIS2_PLACEMENT_3D('',#19150,#15663,#15664);
#13149=AXIS2_PLACEMENT_3D('',#19154,#15667,#15668);
#13150=AXIS2_PLACEMENT_3D('',#19158,#15671,#15672);
#13151=AXIS2_PLACEMENT_3D('',#19160,#15674,#15675);
#13152=AXIS2_PLACEMENT_3D('',#19161,#15676,#15677);
#13153=AXIS2_PLACEMENT_3D('',#19167,#15681,#15682);
#13154=AXIS2_PLACEMENT_3D('',#19171,#15685,#15686);
#13155=AXIS2_PLACEMENT_3D('',#19175,#15689,#15690);
#13156=AXIS2_PLACEMENT_3D('',#19177,#15692,#15693);
#13157=AXIS2_PLACEMENT_3D('',#19178,#15694,#15695);
#13158=AXIS2_PLACEMENT_3D('',#19184,#15699,#15700);
#13159=AXIS2_PLACEMENT_3D('',#19188,#15703,#15704);
#13160=AXIS2_PLACEMENT_3D('',#19192,#15707,#15708);
#13161=AXIS2_PLACEMENT_3D('',#19194,#15710,#15711);
#13162=AXIS2_PLACEMENT_3D('',#19195,#15712,#15713);
#13163=AXIS2_PLACEMENT_3D('',#19201,#15717,#15718);
#13164=AXIS2_PLACEMENT_3D('',#19205,#15721,#15722);
#13165=AXIS2_PLACEMENT_3D('',#19209,#15725,#15726);
#13166=AXIS2_PLACEMENT_3D('',#19211,#15728,#15729);
#13167=AXIS2_PLACEMENT_3D('',#19212,#15730,#15731);
#13168=AXIS2_PLACEMENT_3D('',#19218,#15735,#15736);
#13169=AXIS2_PLACEMENT_3D('',#19222,#15739,#15740);
#13170=AXIS2_PLACEMENT_3D('',#19226,#15743,#15744);
#13171=AXIS2_PLACEMENT_3D('',#19228,#15746,#15747);
#13172=AXIS2_PLACEMENT_3D('',#19229,#15748,#15749);
#13173=AXIS2_PLACEMENT_3D('',#19235,#15753,#15754);
#13174=AXIS2_PLACEMENT_3D('',#19239,#15757,#15758);
#13175=AXIS2_PLACEMENT_3D('',#19243,#15761,#15762);
#13176=AXIS2_PLACEMENT_3D('',#19245,#15764,#15765);
#13177=AXIS2_PLACEMENT_3D('',#19246,#15766,#15767);
#13178=AXIS2_PLACEMENT_3D('',#19252,#15771,#15772);
#13179=AXIS2_PLACEMENT_3D('',#19256,#15775,#15776);
#13180=AXIS2_PLACEMENT_3D('',#19260,#15779,#15780);
#13181=AXIS2_PLACEMENT_3D('',#19262,#15782,#15783);
#13182=AXIS2_PLACEMENT_3D('',#19263,#15784,#15785);
#13183=AXIS2_PLACEMENT_3D('',#19269,#15789,#15790);
#13184=AXIS2_PLACEMENT_3D('',#19273,#15793,#15794);
#13185=AXIS2_PLACEMENT_3D('',#19277,#15797,#15798);
#13186=AXIS2_PLACEMENT_3D('',#19279,#15800,#15801);
#13187=AXIS2_PLACEMENT_3D('',#19280,#15802,#15803);
#13188=AXIS2_PLACEMENT_3D('',#19286,#15807,#15808);
#13189=AXIS2_PLACEMENT_3D('',#19290,#15811,#15812);
#13190=AXIS2_PLACEMENT_3D('',#19294,#15815,#15816);
#13191=AXIS2_PLACEMENT_3D('',#19296,#15818,#15819);
#13192=AXIS2_PLACEMENT_3D('',#19297,#15820,#15821);
#13193=AXIS2_PLACEMENT_3D('',#19303,#15825,#15826);
#13194=AXIS2_PLACEMENT_3D('',#19307,#15829,#15830);
#13195=AXIS2_PLACEMENT_3D('',#19311,#15833,#15834);
#13196=AXIS2_PLACEMENT_3D('',#19313,#15836,#15837);
#13197=AXIS2_PLACEMENT_3D('',#19314,#15838,#15839);
#13198=AXIS2_PLACEMENT_3D('',#19320,#15843,#15844);
#13199=AXIS2_PLACEMENT_3D('',#19324,#15847,#15848);
#13200=AXIS2_PLACEMENT_3D('',#19328,#15851,#15852);
#13201=AXIS2_PLACEMENT_3D('',#19330,#15854,#15855);
#13202=AXIS2_PLACEMENT_3D('',#19331,#15856,#15857);
#13203=AXIS2_PLACEMENT_3D('',#19337,#15861,#15862);
#13204=AXIS2_PLACEMENT_3D('',#19341,#15865,#15866);
#13205=AXIS2_PLACEMENT_3D('',#19345,#15869,#15870);
#13206=AXIS2_PLACEMENT_3D('',#19347,#15872,#15873);
#13207=AXIS2_PLACEMENT_3D('',#19348,#15874,#15875);
#13208=AXIS2_PLACEMENT_3D('',#19354,#15879,#15880);
#13209=AXIS2_PLACEMENT_3D('',#19358,#15883,#15884);
#13210=AXIS2_PLACEMENT_3D('',#19362,#15887,#15888);
#13211=AXIS2_PLACEMENT_3D('',#19364,#15890,#15891);
#13212=AXIS2_PLACEMENT_3D('',#19365,#15892,#15893);
#13213=AXIS2_PLACEMENT_3D('',#19371,#15897,#15898);
#13214=AXIS2_PLACEMENT_3D('',#19375,#15901,#15902);
#13215=AXIS2_PLACEMENT_3D('',#19379,#15905,#15906);
#13216=AXIS2_PLACEMENT_3D('',#19381,#15908,#15909);
#13217=AXIS2_PLACEMENT_3D('',#19382,#15910,#15911);
#13218=AXIS2_PLACEMENT_3D('',#19388,#15915,#15916);
#13219=AXIS2_PLACEMENT_3D('',#19392,#15919,#15920);
#13220=AXIS2_PLACEMENT_3D('',#19396,#15923,#15924);
#13221=AXIS2_PLACEMENT_3D('',#19398,#15926,#15927);
#13222=AXIS2_PLACEMENT_3D('',#19399,#15928,#15929);
#13223=AXIS2_PLACEMENT_3D('',#19405,#15933,#15934);
#13224=AXIS2_PLACEMENT_3D('',#19409,#15937,#15938);
#13225=AXIS2_PLACEMENT_3D('',#19413,#15941,#15942);
#13226=AXIS2_PLACEMENT_3D('',#19415,#15944,#15945);
#13227=AXIS2_PLACEMENT_3D('',#19416,#15946,#15947);
#13228=AXIS2_PLACEMENT_3D('',#19422,#15951,#15952);
#13229=AXIS2_PLACEMENT_3D('',#19426,#15955,#15956);
#13230=AXIS2_PLACEMENT_3D('',#19430,#15959,#15960);
#13231=AXIS2_PLACEMENT_3D('',#19432,#15962,#15963);
#13232=AXIS2_PLACEMENT_3D('',#19433,#15964,#15965);
#13233=AXIS2_PLACEMENT_3D('',#19439,#15969,#15970);
#13234=AXIS2_PLACEMENT_3D('',#19443,#15973,#15974);
#13235=AXIS2_PLACEMENT_3D('',#19447,#15977,#15978);
#13236=AXIS2_PLACEMENT_3D('',#19449,#15980,#15981);
#13237=AXIS2_PLACEMENT_3D('',#19450,#15982,#15983);
#13238=AXIS2_PLACEMENT_3D('',#19456,#15987,#15988);
#13239=AXIS2_PLACEMENT_3D('',#19460,#15991,#15992);
#13240=AXIS2_PLACEMENT_3D('',#19464,#15995,#15996);
#13241=AXIS2_PLACEMENT_3D('',#19466,#15998,#15999);
#13242=AXIS2_PLACEMENT_3D('',#19467,#16000,#16001);
#13243=AXIS2_PLACEMENT_3D('',#19473,#16005,#16006);
#13244=AXIS2_PLACEMENT_3D('',#19477,#16009,#16010);
#13245=AXIS2_PLACEMENT_3D('',#19481,#16013,#16014);
#13246=AXIS2_PLACEMENT_3D('',#19483,#16016,#16017);
#13247=AXIS2_PLACEMENT_3D('',#19484,#16018,#16019);
#13248=AXIS2_PLACEMENT_3D('',#19490,#16023,#16024);
#13249=AXIS2_PLACEMENT_3D('',#19494,#16027,#16028);
#13250=AXIS2_PLACEMENT_3D('',#19498,#16031,#16032);
#13251=AXIS2_PLACEMENT_3D('',#19500,#16034,#16035);
#13252=AXIS2_PLACEMENT_3D('',#19501,#16036,#16037);
#13253=AXIS2_PLACEMENT_3D('',#19507,#16041,#16042);
#13254=AXIS2_PLACEMENT_3D('',#19511,#16045,#16046);
#13255=AXIS2_PLACEMENT_3D('',#19515,#16049,#16050);
#13256=AXIS2_PLACEMENT_3D('',#19517,#16052,#16053);
#13257=AXIS2_PLACEMENT_3D('',#19518,#16054,#16055);
#13258=AXIS2_PLACEMENT_3D('',#19524,#16059,#16060);
#13259=AXIS2_PLACEMENT_3D('',#19528,#16063,#16064);
#13260=AXIS2_PLACEMENT_3D('',#19532,#16067,#16068);
#13261=AXIS2_PLACEMENT_3D('',#19534,#16070,#16071);
#13262=AXIS2_PLACEMENT_3D('',#19535,#16072,#16073);
#13263=AXIS2_PLACEMENT_3D('',#19541,#16077,#16078);
#13264=AXIS2_PLACEMENT_3D('',#19545,#16081,#16082);
#13265=AXIS2_PLACEMENT_3D('',#19549,#16085,#16086);
#13266=AXIS2_PLACEMENT_3D('',#19551,#16088,#16089);
#13267=AXIS2_PLACEMENT_3D('',#19552,#16090,#16091);
#13268=AXIS2_PLACEMENT_3D('',#19558,#16095,#16096);
#13269=AXIS2_PLACEMENT_3D('',#19562,#16099,#16100);
#13270=AXIS2_PLACEMENT_3D('',#19566,#16103,#16104);
#13271=AXIS2_PLACEMENT_3D('',#19568,#16106,#16107);
#13272=AXIS2_PLACEMENT_3D('',#19569,#16108,#16109);
#13273=AXIS2_PLACEMENT_3D('',#19575,#16113,#16114);
#13274=AXIS2_PLACEMENT_3D('',#19579,#16117,#16118);
#13275=AXIS2_PLACEMENT_3D('',#19583,#16121,#16122);
#13276=AXIS2_PLACEMENT_3D('',#19585,#16124,#16125);
#13277=AXIS2_PLACEMENT_3D('',#19586,#16126,#16127);
#13278=AXIS2_PLACEMENT_3D('',#19592,#16131,#16132);
#13279=AXIS2_PLACEMENT_3D('',#19596,#16135,#16136);
#13280=AXIS2_PLACEMENT_3D('',#19600,#16139,#16140);
#13281=AXIS2_PLACEMENT_3D('',#19602,#16142,#16143);
#13282=AXIS2_PLACEMENT_3D('',#19603,#16144,#16145);
#13283=AXIS2_PLACEMENT_3D('',#19609,#16149,#16150);
#13284=AXIS2_PLACEMENT_3D('',#19613,#16153,#16154);
#13285=AXIS2_PLACEMENT_3D('',#19617,#16157,#16158);
#13286=AXIS2_PLACEMENT_3D('',#19619,#16160,#16161);
#13287=AXIS2_PLACEMENT_3D('',#19620,#16162,#16163);
#13288=AXIS2_PLACEMENT_3D('',#19626,#16167,#16168);
#13289=AXIS2_PLACEMENT_3D('',#19630,#16171,#16172);
#13290=AXIS2_PLACEMENT_3D('',#19634,#16175,#16176);
#13291=AXIS2_PLACEMENT_3D('',#19636,#16178,#16179);
#13292=AXIS2_PLACEMENT_3D('',#19637,#16180,#16181);
#13293=AXIS2_PLACEMENT_3D('',#19643,#16185,#16186);
#13294=AXIS2_PLACEMENT_3D('',#19647,#16189,#16190);
#13295=AXIS2_PLACEMENT_3D('',#19651,#16193,#16194);
#13296=AXIS2_PLACEMENT_3D('',#19653,#16196,#16197);
#13297=AXIS2_PLACEMENT_3D('',#19654,#16198,#16199);
#13298=AXIS2_PLACEMENT_3D('',#19660,#16203,#16204);
#13299=AXIS2_PLACEMENT_3D('',#19664,#16207,#16208);
#13300=AXIS2_PLACEMENT_3D('',#19668,#16211,#16212);
#13301=AXIS2_PLACEMENT_3D('',#19670,#16214,#16215);
#13302=AXIS2_PLACEMENT_3D('',#19671,#16216,#16217);
#13303=AXIS2_PLACEMENT_3D('',#19677,#16221,#16222);
#13304=AXIS2_PLACEMENT_3D('',#19681,#16225,#16226);
#13305=AXIS2_PLACEMENT_3D('',#19685,#16229,#16230);
#13306=AXIS2_PLACEMENT_3D('',#19687,#16232,#16233);
#13307=AXIS2_PLACEMENT_3D('',#19688,#16234,#16235);
#13308=AXIS2_PLACEMENT_3D('',#19694,#16239,#16240);
#13309=AXIS2_PLACEMENT_3D('',#19698,#16243,#16244);
#13310=AXIS2_PLACEMENT_3D('',#19702,#16247,#16248);
#13311=AXIS2_PLACEMENT_3D('',#19704,#16250,#16251);
#13312=AXIS2_PLACEMENT_3D('',#19705,#16252,#16253);
#13313=AXIS2_PLACEMENT_3D('',#19711,#16257,#16258);
#13314=AXIS2_PLACEMENT_3D('',#19715,#16261,#16262);
#13315=AXIS2_PLACEMENT_3D('',#19719,#16265,#16266);
#13316=AXIS2_PLACEMENT_3D('',#19721,#16268,#16269);
#13317=AXIS2_PLACEMENT_3D('',#19722,#16270,#16271);
#13318=AXIS2_PLACEMENT_3D('',#19728,#16275,#16276);
#13319=AXIS2_PLACEMENT_3D('',#19732,#16279,#16280);
#13320=AXIS2_PLACEMENT_3D('',#19736,#16283,#16284);
#13321=AXIS2_PLACEMENT_3D('',#19738,#16286,#16287);
#13322=AXIS2_PLACEMENT_3D('',#19739,#16288,#16289);
#13323=AXIS2_PLACEMENT_3D('',#19745,#16293,#16294);
#13324=AXIS2_PLACEMENT_3D('',#19749,#16297,#16298);
#13325=AXIS2_PLACEMENT_3D('',#19753,#16301,#16302);
#13326=AXIS2_PLACEMENT_3D('',#19755,#16304,#16305);
#13327=AXIS2_PLACEMENT_3D('',#19756,#16306,#16307);
#13328=AXIS2_PLACEMENT_3D('',#19762,#16311,#16312);
#13329=AXIS2_PLACEMENT_3D('',#19766,#16315,#16316);
#13330=AXIS2_PLACEMENT_3D('',#19770,#16319,#16320);
#13331=AXIS2_PLACEMENT_3D('',#19772,#16322,#16323);
#13332=AXIS2_PLACEMENT_3D('',#19773,#16324,#16325);
#13333=AXIS2_PLACEMENT_3D('',#19779,#16329,#16330);
#13334=AXIS2_PLACEMENT_3D('',#19783,#16333,#16334);
#13335=AXIS2_PLACEMENT_3D('',#19787,#16337,#16338);
#13336=AXIS2_PLACEMENT_3D('',#19789,#16340,#16341);
#13337=AXIS2_PLACEMENT_3D('',#19790,#16342,#16343);
#13338=AXIS2_PLACEMENT_3D('',#19796,#16347,#16348);
#13339=AXIS2_PLACEMENT_3D('',#19800,#16351,#16352);
#13340=AXIS2_PLACEMENT_3D('',#19804,#16355,#16356);
#13341=AXIS2_PLACEMENT_3D('',#19806,#16358,#16359);
#13342=AXIS2_PLACEMENT_3D('',#19807,#16360,#16361);
#13343=AXIS2_PLACEMENT_3D('',#19813,#16365,#16366);
#13344=AXIS2_PLACEMENT_3D('',#19817,#16369,#16370);
#13345=AXIS2_PLACEMENT_3D('',#19821,#16373,#16374);
#13346=AXIS2_PLACEMENT_3D('',#19823,#16376,#16377);
#13347=AXIS2_PLACEMENT_3D('',#19824,#16378,#16379);
#13348=AXIS2_PLACEMENT_3D('',#19830,#16383,#16384);
#13349=AXIS2_PLACEMENT_3D('',#19834,#16387,#16388);
#13350=AXIS2_PLACEMENT_3D('',#19838,#16391,#16392);
#13351=AXIS2_PLACEMENT_3D('',#19840,#16394,#16395);
#13352=AXIS2_PLACEMENT_3D('',#19841,#16396,#16397);
#13353=AXIS2_PLACEMENT_3D('',#19847,#16401,#16402);
#13354=AXIS2_PLACEMENT_3D('',#19851,#16405,#16406);
#13355=AXIS2_PLACEMENT_3D('',#19855,#16409,#16410);
#13356=AXIS2_PLACEMENT_3D('',#19857,#16412,#16413);
#13357=AXIS2_PLACEMENT_3D('',#19858,#16414,#16415);
#13358=AXIS2_PLACEMENT_3D('',#19864,#16419,#16420);
#13359=AXIS2_PLACEMENT_3D('',#19868,#16423,#16424);
#13360=AXIS2_PLACEMENT_3D('',#19872,#16427,#16428);
#13361=AXIS2_PLACEMENT_3D('',#19874,#16430,#16431);
#13362=AXIS2_PLACEMENT_3D('',#19875,#16432,#16433);
#13363=AXIS2_PLACEMENT_3D('',#19881,#16437,#16438);
#13364=AXIS2_PLACEMENT_3D('',#19885,#16441,#16442);
#13365=AXIS2_PLACEMENT_3D('',#19889,#16445,#16446);
#13366=AXIS2_PLACEMENT_3D('',#19891,#16448,#16449);
#13367=AXIS2_PLACEMENT_3D('',#19892,#16450,#16451);
#13368=AXIS2_PLACEMENT_3D('',#19898,#16455,#16456);
#13369=AXIS2_PLACEMENT_3D('',#19902,#16459,#16460);
#13370=AXIS2_PLACEMENT_3D('',#19906,#16463,#16464);
#13371=AXIS2_PLACEMENT_3D('',#19908,#16466,#16467);
#13372=AXIS2_PLACEMENT_3D('',#19909,#16468,#16469);
#13373=AXIS2_PLACEMENT_3D('',#19915,#16473,#16474);
#13374=AXIS2_PLACEMENT_3D('',#19919,#16477,#16478);
#13375=AXIS2_PLACEMENT_3D('',#19923,#16481,#16482);
#13376=AXIS2_PLACEMENT_3D('',#19925,#16484,#16485);
#13377=AXIS2_PLACEMENT_3D('',#19926,#16486,#16487);
#13378=AXIS2_PLACEMENT_3D('',#19932,#16491,#16492);
#13379=AXIS2_PLACEMENT_3D('',#19936,#16495,#16496);
#13380=AXIS2_PLACEMENT_3D('',#19940,#16499,#16500);
#13381=AXIS2_PLACEMENT_3D('',#19942,#16502,#16503);
#13382=AXIS2_PLACEMENT_3D('',#19943,#16504,#16505);
#13383=AXIS2_PLACEMENT_3D('',#19949,#16509,#16510);
#13384=AXIS2_PLACEMENT_3D('',#19953,#16513,#16514);
#13385=AXIS2_PLACEMENT_3D('',#19957,#16517,#16518);
#13386=AXIS2_PLACEMENT_3D('',#19959,#16520,#16521);
#13387=AXIS2_PLACEMENT_3D('',#19960,#16522,#16523);
#13388=AXIS2_PLACEMENT_3D('',#19966,#16527,#16528);
#13389=AXIS2_PLACEMENT_3D('',#19970,#16531,#16532);
#13390=AXIS2_PLACEMENT_3D('',#19974,#16535,#16536);
#13391=AXIS2_PLACEMENT_3D('',#19976,#16538,#16539);
#13392=AXIS2_PLACEMENT_3D('',#19977,#16540,#16541);
#13393=AXIS2_PLACEMENT_3D('',#19983,#16545,#16546);
#13394=AXIS2_PLACEMENT_3D('',#19987,#16549,#16550);
#13395=AXIS2_PLACEMENT_3D('',#19991,#16553,#16554);
#13396=AXIS2_PLACEMENT_3D('',#19993,#16556,#16557);
#13397=AXIS2_PLACEMENT_3D('',#19994,#16558,#16559);
#13398=AXIS2_PLACEMENT_3D('',#20000,#16563,#16564);
#13399=AXIS2_PLACEMENT_3D('',#20004,#16567,#16568);
#13400=AXIS2_PLACEMENT_3D('',#20008,#16571,#16572);
#13401=AXIS2_PLACEMENT_3D('',#20010,#16574,#16575);
#13402=AXIS2_PLACEMENT_3D('',#20011,#16576,#16577);
#13403=AXIS2_PLACEMENT_3D('',#20017,#16581,#16582);
#13404=AXIS2_PLACEMENT_3D('',#20021,#16585,#16586);
#13405=AXIS2_PLACEMENT_3D('',#20025,#16589,#16590);
#13406=AXIS2_PLACEMENT_3D('',#20027,#16592,#16593);
#13407=AXIS2_PLACEMENT_3D('',#20028,#16594,#16595);
#13408=AXIS2_PLACEMENT_3D('',#20034,#16599,#16600);
#13409=AXIS2_PLACEMENT_3D('',#20038,#16603,#16604);
#13410=AXIS2_PLACEMENT_3D('',#20042,#16607,#16608);
#13411=AXIS2_PLACEMENT_3D('',#20044,#16610,#16611);
#13412=DIRECTION('axis',(0.,0.,1.));
#13413=DIRECTION('refdir',(1.,0.,0.));
#13414=DIRECTION('center_axis',(0.,0.,-1.));
#13415=DIRECTION('ref_axis',(-1.,0.,0.));
#13416=DIRECTION('center_axis',(0.,0.,-1.));
#13417=DIRECTION('ref_axis',(-1.,0.,0.));
#13418=DIRECTION('center_axis',(-1.48029736616688E-16,-1.,0.));
#13419=DIRECTION('ref_axis',(1.,-1.48029736616688E-16,0.));
#13420=DIRECTION('center_axis',(0.,0.,-1.));
#13421=DIRECTION('ref_axis',(1.,0.,0.));
#13422=DIRECTION('center_axis',(0.,0.,-1.));
#13423=DIRECTION('ref_axis',(-1.,0.,0.));
#13424=DIRECTION('center_axis',(0.,0.,-1.));
#13425=DIRECTION('ref_axis',(-1.,0.,0.));
#13426=DIRECTION('center_axis',(-1.48029736616688E-16,-1.,0.));
#13427=DIRECTION('ref_axis',(1.,-1.48029736616688E-16,0.));
#13428=DIRECTION('center_axis',(0.,0.,-1.));
#13429=DIRECTION('ref_axis',(1.,0.,0.));
#13430=DIRECTION('center_axis',(0.,0.,-1.));
#13431=DIRECTION('ref_axis',(-1.,0.,0.));
#13432=DIRECTION('center_axis',(0.,0.,-1.));
#13433=DIRECTION('ref_axis',(-1.,0.,0.));
#13434=DIRECTION('center_axis',(-9.25185853854296E-17,-1.,0.));
#13435=DIRECTION('ref_axis',(1.,-9.25185853854296E-17,0.));
#13436=DIRECTION('center_axis',(0.,0.,-1.));
#13437=DIRECTION('ref_axis',(1.,0.,0.));
#13438=DIRECTION('center_axis',(0.,0.,1.));
#13439=DIRECTION('ref_axis',(1.,0.,0.));
#13440=DIRECTION('center_axis',(0.,0.,1.));
#13441=DIRECTION('ref_axis',(1.,0.,0.));
#13442=DIRECTION('',(0.,0.,-1.));
#13443=DIRECTION('center_axis',(0.,0.,1.));
#13444=DIRECTION('ref_axis',(1.,0.,0.));
#13445=DIRECTION('center_axis',(0.,0.,-1.));
#13446=DIRECTION('ref_axis',(-1.,0.,0.));
#13447=DIRECTION('center_axis',(0.,0.,1.));
#13448=DIRECTION('ref_axis',(1.,0.,0.));
#13449=DIRECTION('',(0.,0.,-1.));
#13450=DIRECTION('center_axis',(0.,0.,1.));
#13451=DIRECTION('ref_axis',(1.,0.,0.));
#13452=DIRECTION('center_axis',(0.,0.,1.));
#13453=DIRECTION('ref_axis',(1.,0.,0.));
#13454=DIRECTION('center_axis',(0.,0.,1.));
#13455=DIRECTION('ref_axis',(1.,0.,0.));
#13456=DIRECTION('',(0.,0.,-1.));
#13457=DIRECTION('center_axis',(0.,0.,1.));
#13458=DIRECTION('ref_axis',(1.,0.,0.));
#13459=DIRECTION('center_axis',(0.,0.,1.));
#13460=DIRECTION('ref_axis',(1.,0.,0.));
#13461=DIRECTION('center_axis',(0.,0.,1.));
#13462=DIRECTION('ref_axis',(1.,0.,0.));
#13463=DIRECTION('',(0.,0.,-1.));
#13464=DIRECTION('center_axis',(0.,0.,1.));
#13465=DIRECTION('ref_axis',(1.,0.,0.));
#13466=DIRECTION('center_axis',(0.,0.,-1.));
#13467=DIRECTION('ref_axis',(-1.,0.,0.));
#13468=DIRECTION('center_axis',(0.,0.,1.));
#13469=DIRECTION('ref_axis',(1.,0.,0.));
#13470=DIRECTION('',(0.,0.,-1.));
#13471=DIRECTION('center_axis',(0.,0.,1.));
#13472=DIRECTION('ref_axis',(1.,0.,0.));
#13473=DIRECTION('center_axis',(0.,0.,1.));
#13474=DIRECTION('ref_axis',(1.,0.,0.));
#13475=DIRECTION('center_axis',(0.,0.,1.));
#13476=DIRECTION('ref_axis',(1.,0.,0.));
#13477=DIRECTION('',(0.,0.,-1.));
#13478=DIRECTION('center_axis',(0.,0.,1.));
#13479=DIRECTION('ref_axis',(1.,0.,0.));
#13480=DIRECTION('center_axis',(0.,0.,1.));
#13481=DIRECTION('ref_axis',(1.,0.,0.));
#13482=DIRECTION('center_axis',(0.,0.,1.));
#13483=DIRECTION('ref_axis',(1.,0.,0.));
#13484=DIRECTION('',(0.,0.,-1.));
#13485=DIRECTION('center_axis',(0.,0.,1.));
#13486=DIRECTION('ref_axis',(1.,0.,0.));
#13487=DIRECTION('center_axis',(0.,0.,-1.));
#13488=DIRECTION('ref_axis',(-1.,0.,0.));
#13489=DIRECTION('center_axis',(0.,0.,1.));
#13490=DIRECTION('ref_axis',(1.,0.,0.));
#13491=DIRECTION('',(0.,0.,-1.));
#13492=DIRECTION('center_axis',(0.,0.,1.));
#13493=DIRECTION('ref_axis',(1.,0.,0.));
#13494=DIRECTION('center_axis',(0.,0.,1.));
#13495=DIRECTION('ref_axis',(1.,0.,0.));
#13496=DIRECTION('center_axis',(0.,0.,1.));
#13497=DIRECTION('ref_axis',(1.,0.,0.));
#13498=DIRECTION('',(0.,0.,-1.));
#13499=DIRECTION('center_axis',(0.,0.,1.));
#13500=DIRECTION('ref_axis',(1.,0.,0.));
#13501=DIRECTION('center_axis',(0.,0.,1.));
#13502=DIRECTION('ref_axis',(1.,0.,0.));
#13503=DIRECTION('center_axis',(0.,0.,1.));
#13504=DIRECTION('ref_axis',(1.,0.,0.));
#13505=DIRECTION('',(0.,0.,-1.));
#13506=DIRECTION('center_axis',(0.,0.,1.));
#13507=DIRECTION('ref_axis',(1.,0.,0.));
#13508=DIRECTION('center_axis',(0.,0.,-1.));
#13509=DIRECTION('ref_axis',(-1.,0.,0.));
#13510=DIRECTION('center_axis',(0.,0.,1.));
#13511=DIRECTION('ref_axis',(1.,0.,0.));
#13512=DIRECTION('',(0.,0.,-1.));
#13513=DIRECTION('center_axis',(0.,0.,1.));
#13514=DIRECTION('ref_axis',(1.,0.,0.));
#13515=DIRECTION('center_axis',(0.,0.,1.));
#13516=DIRECTION('ref_axis',(1.,0.,0.));
#13517=DIRECTION('center_axis',(0.,0.,1.));
#13518=DIRECTION('ref_axis',(1.,0.,0.));
#13519=DIRECTION('',(0.,0.,-1.));
#13520=DIRECTION('center_axis',(0.,0.,1.));
#13521=DIRECTION('ref_axis',(1.,0.,0.));
#13522=DIRECTION('center_axis',(0.,0.,1.));
#13523=DIRECTION('ref_axis',(1.,0.,0.));
#13524=DIRECTION('center_axis',(0.,0.,1.));
#13525=DIRECTION('ref_axis',(1.,0.,0.));
#13526=DIRECTION('',(0.,0.,-1.));
#13527=DIRECTION('center_axis',(0.,0.,1.));
#13528=DIRECTION('ref_axis',(1.,0.,0.));
#13529=DIRECTION('center_axis',(0.,0.,-1.));
#13530=DIRECTION('ref_axis',(-1.,0.,0.));
#13531=DIRECTION('center_axis',(0.,0.,1.));
#13532=DIRECTION('ref_axis',(1.,0.,0.));
#13533=DIRECTION('',(0.,0.,-1.));
#13534=DIRECTION('center_axis',(0.,0.,1.));
#13535=DIRECTION('ref_axis',(1.,0.,0.));
#13536=DIRECTION('center_axis',(0.,0.,1.));
#13537=DIRECTION('ref_axis',(1.,0.,0.));
#13538=DIRECTION('center_axis',(0.,0.,1.));
#13539=DIRECTION('ref_axis',(1.,0.,0.));
#13540=DIRECTION('',(0.,0.,-1.));
#13541=DIRECTION('center_axis',(0.,0.,1.));
#13542=DIRECTION('ref_axis',(1.,0.,0.));
#13543=DIRECTION('center_axis',(0.,0.,1.));
#13544=DIRECTION('ref_axis',(1.,0.,0.));
#13545=DIRECTION('center_axis',(0.,0.,1.));
#13546=DIRECTION('ref_axis',(1.,0.,0.));
#13547=DIRECTION('',(0.,0.,-1.));
#13548=DIRECTION('center_axis',(0.,0.,1.));
#13549=DIRECTION('ref_axis',(1.,0.,0.));
#13550=DIRECTION('center_axis',(0.,0.,-1.));
#13551=DIRECTION('ref_axis',(-1.,0.,0.));
#13552=DIRECTION('center_axis',(0.,0.,1.));
#13553=DIRECTION('ref_axis',(1.,0.,0.));
#13554=DIRECTION('',(0.,0.,-1.));
#13555=DIRECTION('center_axis',(0.,0.,1.));
#13556=DIRECTION('ref_axis',(1.,0.,0.));
#13557=DIRECTION('center_axis',(0.,0.,1.));
#13558=DIRECTION('ref_axis',(1.,0.,0.));
#13559=DIRECTION('center_axis',(0.,0.,1.));
#13560=DIRECTION('ref_axis',(1.,0.,0.));
#13561=DIRECTION('',(0.,0.,-1.));
#13562=DIRECTION('center_axis',(0.,0.,1.));
#13563=DIRECTION('ref_axis',(1.,0.,0.));
#13564=DIRECTION('center_axis',(0.,0.,1.));
#13565=DIRECTION('ref_axis',(1.,0.,0.));
#13566=DIRECTION('center_axis',(0.,0.,1.));
#13567=DIRECTION('ref_axis',(1.,0.,0.));
#13568=DIRECTION('',(0.,0.,-1.));
#13569=DIRECTION('center_axis',(0.,0.,1.));
#13570=DIRECTION('ref_axis',(1.,0.,0.));
#13571=DIRECTION('center_axis',(0.,0.,-1.));
#13572=DIRECTION('ref_axis',(-1.,0.,0.));
#13573=DIRECTION('center_axis',(0.,0.,1.));
#13574=DIRECTION('ref_axis',(1.,0.,0.));
#13575=DIRECTION('',(0.,0.,-1.));
#13576=DIRECTION('center_axis',(0.,0.,1.));
#13577=DIRECTION('ref_axis',(1.,0.,0.));
#13578=DIRECTION('center_axis',(0.,0.,1.));
#13579=DIRECTION('ref_axis',(1.,0.,0.));
#13580=DIRECTION('center_axis',(0.,0.,1.));
#13581=DIRECTION('ref_axis',(1.,0.,0.));
#13582=DIRECTION('',(0.,0.,-1.));
#13583=DIRECTION('center_axis',(0.,0.,1.));
#13584=DIRECTION('ref_axis',(1.,0.,0.));
#13585=DIRECTION('center_axis',(0.,0.,1.));
#13586=DIRECTION('ref_axis',(1.,0.,0.));
#13587=DIRECTION('center_axis',(0.,0.,1.));
#13588=DIRECTION('ref_axis',(1.,0.,0.));
#13589=DIRECTION('',(0.,0.,-1.));
#13590=DIRECTION('center_axis',(0.,0.,1.));
#13591=DIRECTION('ref_axis',(1.,0.,0.));
#13592=DIRECTION('center_axis',(0.,0.,-1.));
#13593=DIRECTION('ref_axis',(-1.,0.,0.));
#13594=DIRECTION('center_axis',(0.,0.,1.));
#13595=DIRECTION('ref_axis',(1.,0.,0.));
#13596=DIRECTION('',(0.,0.,-1.));
#13597=DIRECTION('center_axis',(0.,0.,1.));
#13598=DIRECTION('ref_axis',(1.,0.,0.));
#13599=DIRECTION('center_axis',(0.,0.,1.));
#13600=DIRECTION('ref_axis',(1.,0.,0.));
#13601=DIRECTION('center_axis',(0.,0.,1.));
#13602=DIRECTION('ref_axis',(1.,0.,0.));
#13603=DIRECTION('',(0.,0.,-1.));
#13604=DIRECTION('center_axis',(0.,0.,1.));
#13605=DIRECTION('ref_axis',(1.,0.,0.));
#13606=DIRECTION('center_axis',(0.,0.,-1.));
#13607=DIRECTION('ref_axis',(-1.,0.,0.));
#13608=DIRECTION('center_axis',(0.,0.,1.));
#13609=DIRECTION('ref_axis',(1.,0.,0.));
#13610=DIRECTION('',(0.,0.,-1.));
#13611=DIRECTION('center_axis',(0.,0.,1.));
#13612=DIRECTION('ref_axis',(1.,0.,0.));
#13613=DIRECTION('center_axis',(0.,0.,1.));
#13614=DIRECTION('ref_axis',(1.,0.,0.));
#13615=DIRECTION('center_axis',(0.,0.,1.));
#13616=DIRECTION('ref_axis',(1.,0.,0.));
#13617=DIRECTION('',(0.,0.,-1.));
#13618=DIRECTION('center_axis',(0.,0.,1.));
#13619=DIRECTION('ref_axis',(1.,0.,0.));
#13620=DIRECTION('center_axis',(0.,0.,-1.));
#13621=DIRECTION('ref_axis',(-1.,0.,0.));
#13622=DIRECTION('center_axis',(0.,0.,1.));
#13623=DIRECTION('ref_axis',(1.,0.,0.));
#13624=DIRECTION('',(0.,0.,-1.));
#13625=DIRECTION('center_axis',(0.,0.,1.));
#13626=DIRECTION('ref_axis',(1.,0.,0.));
#13627=DIRECTION('center_axis',(0.,0.,1.));
#13628=DIRECTION('ref_axis',(1.,0.,0.));
#13629=DIRECTION('center_axis',(0.,0.,1.));
#13630=DIRECTION('ref_axis',(1.,0.,0.));
#13631=DIRECTION('',(0.,0.,-1.));
#13632=DIRECTION('center_axis',(0.,0.,1.));
#13633=DIRECTION('ref_axis',(1.,0.,0.));
#13634=DIRECTION('center_axis',(0.,0.,1.));
#13635=DIRECTION('ref_axis',(1.,0.,0.));
#13636=DIRECTION('center_axis',(0.,0.,1.));
#13637=DIRECTION('ref_axis',(1.,0.,0.));
#13638=DIRECTION('',(0.,0.,-1.));
#13639=DIRECTION('center_axis',(0.,0.,1.));
#13640=DIRECTION('ref_axis',(1.,0.,0.));
#13641=DIRECTION('center_axis',(0.,0.,-1.));
#13642=DIRECTION('ref_axis',(-1.,0.,0.));
#13643=DIRECTION('center_axis',(0.,0.,1.));
#13644=DIRECTION('ref_axis',(1.,0.,0.));
#13645=DIRECTION('',(0.,0.,-1.));
#13646=DIRECTION('center_axis',(0.,0.,1.));
#13647=DIRECTION('ref_axis',(1.,0.,0.));
#13648=DIRECTION('center_axis',(0.,0.,1.));
#13649=DIRECTION('ref_axis',(1.,0.,0.));
#13650=DIRECTION('center_axis',(0.,0.,1.));
#13651=DIRECTION('ref_axis',(1.,0.,0.));
#13652=DIRECTION('',(0.,0.,-1.));
#13653=DIRECTION('center_axis',(0.,0.,1.));
#13654=DIRECTION('ref_axis',(1.,0.,0.));
#13655=DIRECTION('center_axis',(0.,0.,-1.));
#13656=DIRECTION('ref_axis',(-1.,0.,0.));
#13657=DIRECTION('center_axis',(0.,0.,1.));
#13658=DIRECTION('ref_axis',(1.,0.,0.));
#13659=DIRECTION('',(0.,0.,-1.));
#13660=DIRECTION('center_axis',(0.,0.,1.));
#13661=DIRECTION('ref_axis',(1.,0.,0.));
#13662=DIRECTION('center_axis',(0.,0.,1.));
#13663=DIRECTION('ref_axis',(1.,0.,0.));
#13664=DIRECTION('center_axis',(0.,0.,1.));
#13665=DIRECTION('ref_axis',(1.,0.,0.));
#13666=DIRECTION('',(0.,0.,-1.));
#13667=DIRECTION('center_axis',(0.,0.,1.));
#13668=DIRECTION('ref_axis',(1.,0.,0.));
#13669=DIRECTION('center_axis',(0.,0.,-1.));
#13670=DIRECTION('ref_axis',(-1.,0.,0.));
#13671=DIRECTION('center_axis',(0.,0.,1.));
#13672=DIRECTION('ref_axis',(1.,0.,0.));
#13673=DIRECTION('',(0.,0.,-1.));
#13674=DIRECTION('center_axis',(0.,0.,1.));
#13675=DIRECTION('ref_axis',(1.,0.,0.));
#13676=DIRECTION('center_axis',(0.,0.,1.));
#13677=DIRECTION('ref_axis',(1.,0.,0.));
#13678=DIRECTION('center_axis',(0.,0.,1.));
#13679=DIRECTION('ref_axis',(1.,0.,0.));
#13680=DIRECTION('',(0.,0.,-1.));
#13681=DIRECTION('center_axis',(0.,0.,1.));
#13682=DIRECTION('ref_axis',(1.,0.,0.));
#13683=DIRECTION('center_axis',(0.,0.,-1.));
#13684=DIRECTION('ref_axis',(-1.,0.,0.));
#13685=DIRECTION('center_axis',(0.,0.,1.));
#13686=DIRECTION('ref_axis',(1.,0.,0.));
#13687=DIRECTION('',(0.,0.,-1.));
#13688=DIRECTION('center_axis',(0.,0.,1.));
#13689=DIRECTION('ref_axis',(1.,0.,0.));
#13690=DIRECTION('center_axis',(0.,0.,-1.));
#13691=DIRECTION('ref_axis',(-1.,0.,0.));
#13692=DIRECTION('center_axis',(0.,0.,1.));
#13693=DIRECTION('ref_axis',(1.,0.,0.));
#13694=DIRECTION('',(0.,0.,-1.));
#13695=DIRECTION('center_axis',(0.,0.,1.));
#13696=DIRECTION('ref_axis',(1.,0.,0.));
#13697=DIRECTION('center_axis',(0.,0.,-1.));
#13698=DIRECTION('ref_axis',(-1.,0.,0.));
#13699=DIRECTION('center_axis',(0.,0.,1.));
#13700=DIRECTION('ref_axis',(1.,0.,0.));
#13701=DIRECTION('',(0.,0.,-1.));
#13702=DIRECTION('center_axis',(0.,0.,1.));
#13703=DIRECTION('ref_axis',(1.,0.,0.));
#13704=DIRECTION('center_axis',(0.,0.,-1.));
#13705=DIRECTION('ref_axis',(-1.,0.,0.));
#13706=DIRECTION('center_axis',(0.,0.,1.));
#13707=DIRECTION('ref_axis',(1.,0.,0.));
#13708=DIRECTION('',(0.,0.,-1.));
#13709=DIRECTION('center_axis',(0.,0.,1.));
#13710=DIRECTION('ref_axis',(1.,0.,0.));
#13711=DIRECTION('center_axis',(0.,0.,-1.));
#13712=DIRECTION('ref_axis',(-1.,0.,0.));
#13713=DIRECTION('center_axis',(0.,0.,1.));
#13714=DIRECTION('ref_axis',(1.,0.,0.));
#13715=DIRECTION('',(0.,0.,-1.));
#13716=DIRECTION('center_axis',(0.,0.,1.));
#13717=DIRECTION('ref_axis',(1.,0.,0.));
#13718=DIRECTION('center_axis',(0.,0.,-1.));
#13719=DIRECTION('ref_axis',(-1.,0.,0.));
#13720=DIRECTION('center_axis',(0.,0.,1.));
#13721=DIRECTION('ref_axis',(1.,0.,0.));
#13722=DIRECTION('',(0.,0.,-1.));
#13723=DIRECTION('center_axis',(0.,0.,1.));
#13724=DIRECTION('ref_axis',(1.,0.,0.));
#13725=DIRECTION('center_axis',(0.,0.,-1.));
#13726=DIRECTION('ref_axis',(-1.,0.,0.));
#13727=DIRECTION('center_axis',(0.,0.,1.));
#13728=DIRECTION('ref_axis',(1.,0.,0.));
#13729=DIRECTION('',(0.,0.,-1.));
#13730=DIRECTION('center_axis',(0.,0.,1.));
#13731=DIRECTION('ref_axis',(1.,0.,0.));
#13732=DIRECTION('center_axis',(0.,0.,1.));
#13733=DIRECTION('ref_axis',(1.,0.,0.));
#13734=DIRECTION('center_axis',(0.,0.,1.));
#13735=DIRECTION('ref_axis',(1.,0.,0.));
#13736=DIRECTION('',(1.,0.,0.));
#13737=DIRECTION('center_axis',(0.,0.,1.));
#13738=DIRECTION('ref_axis',(1.,0.,0.));
#13739=DIRECTION('',(-2.9909025447876E-16,1.,0.));
#13740=DIRECTION('center_axis',(0.,0.,1.));
#13741=DIRECTION('ref_axis',(-1.,0.,0.));
#13742=DIRECTION('',(-1.,0.,0.));
#13743=DIRECTION('center_axis',(0.,0.,1.));
#13744=DIRECTION('ref_axis',(1.,0.,0.));
#13745=DIRECTION('',(-2.9909025447876E-16,-1.,0.));
#13746=DIRECTION('',(-1.,0.,0.));
#13747=DIRECTION('',(0.,1.,0.));
#13748=DIRECTION('',(1.,0.,0.));
#13749=DIRECTION('',(0.,-1.,0.));
#13750=DIRECTION('',(0.,1.,0.));
#13751=DIRECTION('',(1.,0.,0.));
#13752=DIRECTION('',(0.,-1.,0.));
#13753=DIRECTION('',(-1.,0.,0.));
#13754=DIRECTION('',(0.,1.,0.));
#13755=DIRECTION('',(1.,0.,0.));
#13756=DIRECTION('',(0.,-1.,0.));
#13757=DIRECTION('',(-1.,0.,0.));
#13758=DIRECTION('',(0.,1.,0.));
#13759=DIRECTION('',(1.,0.,0.));
#13760=DIRECTION('',(0.,-1.,0.));
#13761=DIRECTION('',(-1.,0.,0.));
#13762=DIRECTION('',(0.,1.,0.));
#13763=DIRECTION('',(1.,0.,0.));
#13764=DIRECTION('',(0.,-1.,0.));
#13765=DIRECTION('',(-1.,0.,0.));
#13766=DIRECTION('',(0.,1.,0.));
#13767=DIRECTION('',(1.,0.,0.));
#13768=DIRECTION('',(0.,-1.,0.));
#13769=DIRECTION('',(-1.,0.,0.));
#13770=DIRECTION('',(0.,1.,0.));
#13771=DIRECTION('',(1.,0.,0.));
#13772=DIRECTION('',(0.,-1.,0.));
#13773=DIRECTION('',(-1.,0.,0.));
#13774=DIRECTION('',(0.,1.,0.));
#13775=DIRECTION('',(1.,0.,0.));
#13776=DIRECTION('',(0.,-1.,0.));
#13777=DIRECTION('',(-1.,0.,0.));
#13778=DIRECTION('',(0.,1.,0.));
#13779=DIRECTION('',(1.,0.,0.));
#13780=DIRECTION('',(0.,-1.,0.));
#13781=DIRECTION('',(-1.,0.,0.));
#13782=DIRECTION('',(0.,1.,0.));
#13783=DIRECTION('',(1.,0.,0.));
#13784=DIRECTION('',(0.,-1.,0.));
#13785=DIRECTION('',(-1.,0.,0.));
#13786=DIRECTION('',(0.,1.,0.));
#13787=DIRECTION('',(1.,0.,0.));
#13788=DIRECTION('',(0.,-1.,0.));
#13789=DIRECTION('',(-1.,0.,0.));
#13790=DIRECTION('',(0.,1.,0.));
#13791=DIRECTION('',(1.,0.,0.));
#13792=DIRECTION('',(0.,-1.,0.));
#13793=DIRECTION('',(-1.,0.,0.));
#13794=DIRECTION('',(0.,1.,0.));
#13795=DIRECTION('',(1.,0.,0.));
#13796=DIRECTION('',(0.,-1.,0.));
#13797=DIRECTION('',(-1.,0.,0.));
#13798=DIRECTION('',(0.,1.,0.));
#13799=DIRECTION('',(1.,0.,0.));
#13800=DIRECTION('',(0.,-1.,0.));
#13801=DIRECTION('',(-1.,0.,0.));
#13802=DIRECTION('',(0.,1.,0.));
#13803=DIRECTION('',(1.,0.,0.));
#13804=DIRECTION('',(0.,-1.,0.));
#13805=DIRECTION('',(-1.,0.,0.));
#13806=DIRECTION('',(0.,1.,0.));
#13807=DIRECTION('',(1.,0.,0.));
#13808=DIRECTION('',(0.,-1.,0.));
#13809=DIRECTION('',(-1.,0.,0.));
#13810=DIRECTION('',(0.,1.,0.));
#13811=DIRECTION('',(1.,0.,0.));
#13812=DIRECTION('',(0.,-1.,0.));
#13813=DIRECTION('',(-1.,0.,0.));
#13814=DIRECTION('',(0.,1.,0.));
#13815=DIRECTION('',(1.,0.,0.));
#13816=DIRECTION('',(0.,-1.,0.));
#13817=DIRECTION('',(-1.,0.,0.));
#13818=DIRECTION('',(0.,1.,0.));
#13819=DIRECTION('',(1.,0.,0.));
#13820=DIRECTION('',(0.,-1.,0.));
#13821=DIRECTION('',(-1.,0.,0.));
#13822=DIRECTION('',(0.,1.,0.));
#13823=DIRECTION('',(1.,0.,0.));
#13824=DIRECTION('',(0.,-1.,0.));
#13825=DIRECTION('',(-1.,0.,0.));
#13826=DIRECTION('',(0.,1.,0.));
#13827=DIRECTION('',(1.,0.,0.));
#13828=DIRECTION('',(0.,-1.,0.));
#13829=DIRECTION('',(-1.,0.,0.));
#13830=DIRECTION('',(0.,1.,0.));
#13831=DIRECTION('',(1.,0.,0.));
#13832=DIRECTION('',(0.,-1.,0.));
#13833=DIRECTION('',(-1.,0.,0.));
#13834=DIRECTION('',(0.,1.,0.));
#13835=DIRECTION('',(1.,0.,0.));
#13836=DIRECTION('',(0.,-1.,0.));
#13837=DIRECTION('',(-1.,0.,0.));
#13838=DIRECTION('',(0.,1.,0.));
#13839=DIRECTION('',(1.,0.,0.));
#13840=DIRECTION('',(0.,-1.,0.));
#13841=DIRECTION('',(-1.,0.,0.));
#13842=DIRECTION('',(0.,1.,0.));
#13843=DIRECTION('',(1.,0.,0.));
#13844=DIRECTION('',(0.,-1.,0.));
#13845=DIRECTION('',(-1.,0.,0.));
#13846=DIRECTION('',(0.,1.,0.));
#13847=DIRECTION('',(1.,0.,0.));
#13848=DIRECTION('',(0.,-1.,0.));
#13849=DIRECTION('',(-1.,0.,0.));
#13850=DIRECTION('',(0.,1.,0.));
#13851=DIRECTION('',(1.,0.,0.));
#13852=DIRECTION('',(0.,-1.,0.));
#13853=DIRECTION('',(-1.,0.,0.));
#13854=DIRECTION('',(0.,1.,0.));
#13855=DIRECTION('',(1.,0.,0.));
#13856=DIRECTION('',(0.,-1.,0.));
#13857=DIRECTION('',(-1.,0.,0.));
#13858=DIRECTION('',(0.,1.,0.));
#13859=DIRECTION('',(1.,0.,0.));
#13860=DIRECTION('',(0.,-1.,0.));
#13861=DIRECTION('',(-1.,0.,0.));
#13862=DIRECTION('',(0.,1.,0.));
#13863=DIRECTION('',(1.,0.,0.));
#13864=DIRECTION('',(0.,-1.,0.));
#13865=DIRECTION('',(-1.,0.,0.));
#13866=DIRECTION('',(0.,1.,0.));
#13867=DIRECTION('',(1.,0.,0.));
#13868=DIRECTION('',(0.,-1.,0.));
#13869=DIRECTION('',(-1.,0.,0.));
#13870=DIRECTION('',(0.,1.,0.));
#13871=DIRECTION('',(1.,0.,0.));
#13872=DIRECTION('',(0.,-1.,0.));
#13873=DIRECTION('',(-1.,0.,0.));
#13874=DIRECTION('',(0.,1.,0.));
#13875=DIRECTION('',(1.,0.,0.));
#13876=DIRECTION('',(0.,-1.,0.));
#13877=DIRECTION('',(-1.,0.,0.));
#13878=DIRECTION('',(0.,1.,0.));
#13879=DIRECTION('',(1.,0.,0.));
#13880=DIRECTION('',(0.,-1.,0.));
#13881=DIRECTION('',(-1.,0.,0.));
#13882=DIRECTION('',(0.,1.,0.));
#13883=DIRECTION('',(1.,0.,0.));
#13884=DIRECTION('',(0.,-1.,0.));
#13885=DIRECTION('',(-1.,0.,0.));
#13886=DIRECTION('',(0.,1.,0.));
#13887=DIRECTION('',(1.,0.,0.));
#13888=DIRECTION('',(0.,-1.,0.));
#13889=DIRECTION('',(-1.,0.,0.));
#13890=DIRECTION('',(0.,1.,0.));
#13891=DIRECTION('',(1.,0.,0.));
#13892=DIRECTION('',(0.,-1.,0.));
#13893=DIRECTION('',(-1.,0.,0.));
#13894=DIRECTION('',(0.,1.,0.));
#13895=DIRECTION('',(1.,0.,0.));
#13896=DIRECTION('',(0.,-1.,0.));
#13897=DIRECTION('',(-1.,0.,0.));
#13898=DIRECTION('',(0.,1.,0.));
#13899=DIRECTION('',(1.,0.,0.));
#13900=DIRECTION('',(0.,-1.,0.));
#13901=DIRECTION('',(-1.,0.,0.));
#13902=DIRECTION('',(0.,1.,0.));
#13903=DIRECTION('',(1.,0.,0.));
#13904=DIRECTION('',(0.,-1.,0.));
#13905=DIRECTION('',(-1.,0.,0.));
#13906=DIRECTION('',(0.,1.,0.));
#13907=DIRECTION('',(1.,0.,0.));
#13908=DIRECTION('',(0.,-1.,0.));
#13909=DIRECTION('',(-1.,0.,0.));
#13910=DIRECTION('',(0.,1.,0.));
#13911=DIRECTION('',(1.,0.,0.));
#13912=DIRECTION('',(0.,-1.,0.));
#13913=DIRECTION('',(-1.,0.,0.));
#13914=DIRECTION('',(0.,1.,0.));
#13915=DIRECTION('',(1.,0.,0.));
#13916=DIRECTION('',(0.,-1.,0.));
#13917=DIRECTION('',(-1.,0.,0.));
#13918=DIRECTION('',(0.,1.,0.));
#13919=DIRECTION('',(1.,0.,0.));
#13920=DIRECTION('',(0.,-1.,0.));
#13921=DIRECTION('',(-1.,0.,0.));
#13922=DIRECTION('',(0.,1.,0.));
#13923=DIRECTION('',(1.,0.,0.));
#13924=DIRECTION('',(0.,-1.,0.));
#13925=DIRECTION('',(-1.,0.,0.));
#13926=DIRECTION('',(0.,1.,0.));
#13927=DIRECTION('',(1.,0.,0.));
#13928=DIRECTION('',(0.,-1.,0.));
#13929=DIRECTION('',(-1.,0.,0.));
#13930=DIRECTION('',(0.,1.,0.));
#13931=DIRECTION('',(1.,0.,0.));
#13932=DIRECTION('',(0.,-1.,0.));
#13933=DIRECTION('',(-1.,0.,0.));
#13934=DIRECTION('',(0.,1.,0.));
#13935=DIRECTION('',(1.,0.,0.));
#13936=DIRECTION('',(0.,-1.,0.));
#13937=DIRECTION('',(-1.,0.,0.));
#13938=DIRECTION('',(0.,1.,0.));
#13939=DIRECTION('',(1.,0.,0.));
#13940=DIRECTION('',(0.,-1.,0.));
#13941=DIRECTION('',(-1.,0.,0.));
#13942=DIRECTION('',(0.,1.,0.));
#13943=DIRECTION('',(1.,0.,0.));
#13944=DIRECTION('',(0.,-1.,0.));
#13945=DIRECTION('',(-1.,0.,0.));
#13946=DIRECTION('',(0.,1.,0.));
#13947=DIRECTION('',(1.,0.,0.));
#13948=DIRECTION('',(0.,-1.,0.));
#13949=DIRECTION('',(-1.,0.,0.));
#13950=DIRECTION('',(0.,1.,0.));
#13951=DIRECTION('',(1.,0.,0.));
#13952=DIRECTION('',(0.,-1.,0.));
#13953=DIRECTION('',(-1.,0.,0.));
#13954=DIRECTION('',(0.,1.,0.));
#13955=DIRECTION('',(1.,0.,0.));
#13956=DIRECTION('',(0.,-1.,0.));
#13957=DIRECTION('',(-1.,0.,0.));
#13958=DIRECTION('',(0.,1.,0.));
#13959=DIRECTION('',(1.,0.,0.));
#13960=DIRECTION('',(0.,-1.,0.));
#13961=DIRECTION('',(-1.,0.,0.));
#13962=DIRECTION('',(0.,1.,0.));
#13963=DIRECTION('',(1.,0.,0.));
#13964=DIRECTION('',(0.,-1.,0.));
#13965=DIRECTION('',(-1.,0.,0.));
#13966=DIRECTION('',(0.,1.,0.));
#13967=DIRECTION('',(1.,0.,0.));
#13968=DIRECTION('',(0.,-1.,0.));
#13969=DIRECTION('',(-1.,0.,0.));
#13970=DIRECTION('',(0.,1.,0.));
#13971=DIRECTION('',(1.,0.,0.));
#13972=DIRECTION('',(0.,-1.,0.));
#13973=DIRECTION('',(-1.,0.,0.));
#13974=DIRECTION('',(0.,1.,0.));
#13975=DIRECTION('',(1.,0.,0.));
#13976=DIRECTION('',(0.,-1.,0.));
#13977=DIRECTION('',(-1.,0.,0.));
#13978=DIRECTION('',(0.,1.,0.));
#13979=DIRECTION('',(1.,0.,0.));
#13980=DIRECTION('',(0.,-1.,0.));
#13981=DIRECTION('',(-1.,0.,0.));
#13982=DIRECTION('',(0.,1.,0.));
#13983=DIRECTION('',(1.,0.,0.));
#13984=DIRECTION('',(0.,-1.,0.));
#13985=DIRECTION('',(-1.,0.,0.));
#13986=DIRECTION('',(0.,1.,0.));
#13987=DIRECTION('',(1.,0.,0.));
#13988=DIRECTION('',(0.,-1.,0.));
#13989=DIRECTION('',(-1.,0.,0.));
#13990=DIRECTION('',(0.,1.,0.));
#13991=DIRECTION('',(1.,0.,0.));
#13992=DIRECTION('',(0.,-1.,0.));
#13993=DIRECTION('',(-1.,0.,0.));
#13994=DIRECTION('',(0.,1.,0.));
#13995=DIRECTION('',(1.,0.,0.));
#13996=DIRECTION('',(0.,-1.,0.));
#13997=DIRECTION('',(-1.,0.,0.));
#13998=DIRECTION('',(0.,1.,0.));
#13999=DIRECTION('',(1.,0.,0.));
#14000=DIRECTION('',(0.,-1.,0.));
#14001=DIRECTION('',(-1.,0.,0.));
#14002=DIRECTION('',(0.,1.,0.));
#14003=DIRECTION('',(1.,0.,0.));
#14004=DIRECTION('',(0.,-1.,0.));
#14005=DIRECTION('',(-1.,0.,0.));
#14006=DIRECTION('',(0.,1.,0.));
#14007=DIRECTION('',(1.,0.,0.));
#14008=DIRECTION('',(0.,-1.,0.));
#14009=DIRECTION('',(-1.,0.,0.));
#14010=DIRECTION('',(0.,1.,0.));
#14011=DIRECTION('',(1.,0.,0.));
#14012=DIRECTION('',(0.,-1.,0.));
#14013=DIRECTION('',(-1.,0.,0.));
#14014=DIRECTION('',(0.,1.,0.));
#14015=DIRECTION('',(1.,0.,0.));
#14016=DIRECTION('',(0.,-1.,0.));
#14017=DIRECTION('',(-1.,0.,0.));
#14018=DIRECTION('',(0.,1.,0.));
#14019=DIRECTION('',(1.,0.,0.));
#14020=DIRECTION('',(0.,-1.,0.));
#14021=DIRECTION('',(-1.,0.,0.));
#14022=DIRECTION('',(0.,1.,0.));
#14023=DIRECTION('',(1.,0.,0.));
#14024=DIRECTION('',(0.,-1.,0.));
#14025=DIRECTION('',(-1.,0.,0.));
#14026=DIRECTION('',(0.,1.,0.));
#14027=DIRECTION('',(1.,0.,0.));
#14028=DIRECTION('',(0.,-1.,0.));
#14029=DIRECTION('',(-1.,0.,0.));
#14030=DIRECTION('',(0.,1.,0.));
#14031=DIRECTION('',(1.,0.,0.));
#14032=DIRECTION('',(0.,-1.,0.));
#14033=DIRECTION('',(-1.,0.,0.));
#14034=DIRECTION('',(0.,1.,0.));
#14035=DIRECTION('',(1.,0.,0.));
#14036=DIRECTION('',(0.,-1.,0.));
#14037=DIRECTION('',(-1.,0.,0.));
#14038=DIRECTION('',(0.,1.,0.));
#14039=DIRECTION('',(1.,0.,0.));
#14040=DIRECTION('',(0.,-1.,0.));
#14041=DIRECTION('',(-1.,0.,0.));
#14042=DIRECTION('',(0.,1.,0.));
#14043=DIRECTION('',(1.,0.,0.));
#14044=DIRECTION('',(0.,-1.,0.));
#14045=DIRECTION('',(-1.,0.,0.));
#14046=DIRECTION('',(0.,1.,0.));
#14047=DIRECTION('',(1.,0.,0.));
#14048=DIRECTION('',(0.,-1.,0.));
#14049=DIRECTION('',(-1.,0.,0.));
#14050=DIRECTION('',(0.,1.,0.));
#14051=DIRECTION('',(1.,0.,0.));
#14052=DIRECTION('',(0.,-1.,0.));
#14053=DIRECTION('',(-1.,0.,0.));
#14054=DIRECTION('',(0.,1.,0.));
#14055=DIRECTION('',(1.,0.,0.));
#14056=DIRECTION('',(0.,-1.,0.));
#14057=DIRECTION('',(-1.,0.,0.));
#14058=DIRECTION('',(0.,1.,0.));
#14059=DIRECTION('',(1.,0.,0.));
#14060=DIRECTION('',(0.,-1.,0.));
#14061=DIRECTION('',(-1.,0.,0.));
#14062=DIRECTION('',(0.,1.,0.));
#14063=DIRECTION('',(1.,0.,0.));
#14064=DIRECTION('',(0.,-1.,0.));
#14065=DIRECTION('',(-1.,0.,0.));
#14066=DIRECTION('center_axis',(0.,-1.,0.));
#14067=DIRECTION('ref_axis',(0.,0.,-1.));
#14068=DIRECTION('',(-1.,0.,0.));
#14069=DIRECTION('',(0.,0.,1.));
#14070=DIRECTION('',(-1.,0.,0.));
#14071=DIRECTION('',(0.,0.,-1.));
#14072=DIRECTION('center_axis',(0.,0.,1.));
#14073=DIRECTION('ref_axis',(1.,0.,0.));
#14074=DIRECTION('',(0.,1.,0.));
#14075=DIRECTION('',(-1.,0.,0.));
#14076=DIRECTION('',(0.,-1.,0.));
#14077=DIRECTION('center_axis',(0.,0.,1.));
#14078=DIRECTION('ref_axis',(-1.,0.,0.));
#14079=DIRECTION('',(0.,1.,0.));
#14080=DIRECTION('',(1.,0.,0.));
#14081=DIRECTION('',(0.,-1.,0.));
#14082=DIRECTION('center_axis',(0.,0.,1.));
#14083=DIRECTION('ref_axis',(1.,0.,0.));
#14084=DIRECTION('center_axis',(0.,-1.,0.));
#14085=DIRECTION('ref_axis',(0.,0.,-1.));
#14086=DIRECTION('',(-1.,0.,0.));
#14087=DIRECTION('',(0.,0.,1.));
#14088=DIRECTION('',(-1.,0.,0.));
#14089=DIRECTION('',(0.,0.,-1.));
#14090=DIRECTION('center_axis',(0.,0.,1.));
#14091=DIRECTION('ref_axis',(1.,0.,0.));
#14092=DIRECTION('',(0.,1.,0.));
#14093=DIRECTION('',(-1.,0.,0.));
#14094=DIRECTION('',(0.,-1.,0.));
#14095=DIRECTION('center_axis',(0.,0.,1.));
#14096=DIRECTION('ref_axis',(1.,0.,0.));
#14097=DIRECTION('',(0.,1.,0.));
#14098=DIRECTION('',(1.,0.,0.));
#14099=DIRECTION('',(0.,-1.,0.));
#14100=DIRECTION('center_axis',(0.,0.,1.));
#14101=DIRECTION('ref_axis',(-1.,0.,0.));
#14102=DIRECTION('center_axis',(0.,-1.,0.));
#14103=DIRECTION('ref_axis',(0.,0.,-1.));
#14104=DIRECTION('',(-1.,0.,0.));
#14105=DIRECTION('',(0.,0.,1.));
#14106=DIRECTION('',(-1.,0.,0.));
#14107=DIRECTION('',(0.,0.,-1.));
#14108=DIRECTION('center_axis',(0.,0.,1.));
#14109=DIRECTION('ref_axis',(1.,0.,0.));
#14110=DIRECTION('',(0.,-1.,0.));
#14111=DIRECTION('center_axis',(0.,0.,1.));
#14112=DIRECTION('ref_axis',(1.,0.,0.));
#14113=DIRECTION('',(0.,1.,0.));
#14114=DIRECTION('',(1.,0.,0.));
#14115=DIRECTION('',(0.,-1.,0.));
#14116=DIRECTION('center_axis',(0.,0.,1.));
#14117=DIRECTION('ref_axis',(1.,0.,0.));
#14118=DIRECTION('',(-5.78241158658939E-15,1.,0.));
#14119=DIRECTION('',(-1.,0.,0.));
#14120=DIRECTION('center_axis',(0.,-1.,0.));
#14121=DIRECTION('ref_axis',(0.,0.,-1.));
#14122=DIRECTION('',(-1.,0.,0.));
#14123=DIRECTION('',(0.,0.,1.));
#14124=DIRECTION('',(-1.,0.,0.));
#14125=DIRECTION('',(0.,0.,-1.));
#14126=DIRECTION('center_axis',(0.,0.,1.));
#14127=DIRECTION('ref_axis',(1.,0.,0.));
#14128=DIRECTION('',(0.,-1.,0.));
#14129=DIRECTION('center_axis',(0.,0.,1.));
#14130=DIRECTION('ref_axis',(-1.,0.,0.));
#14131=DIRECTION('',(0.,1.,0.));
#14132=DIRECTION('',(1.,0.,0.));
#14133=DIRECTION('',(0.,-1.,0.));
#14134=DIRECTION('center_axis',(0.,0.,1.));
#14135=DIRECTION('ref_axis',(1.,0.,0.));
#14136=DIRECTION('',(0.,1.,0.));
#14137=DIRECTION('',(-1.,0.,0.));
#14138=DIRECTION('center_axis',(0.,1.,0.));
#14139=DIRECTION('ref_axis',(0.,0.,1.));
#14140=DIRECTION('',(1.,0.,0.));
#14141=DIRECTION('',(0.,0.,1.));
#14142=DIRECTION('',(1.,0.,0.));
#14143=DIRECTION('',(0.,0.,-1.));
#14144=DIRECTION('center_axis',(0.,0.,1.));
#14145=DIRECTION('ref_axis',(1.,0.,0.));
#14146=DIRECTION('',(0.,1.,0.));
#14147=DIRECTION('center_axis',(0.,0.,1.));
#14148=DIRECTION('ref_axis',(1.,0.,0.));
#14149=DIRECTION('',(0.,-1.,0.));
#14150=DIRECTION('',(-1.,0.,0.));
#14151=DIRECTION('',(0.,1.,0.));
#14152=DIRECTION('center_axis',(0.,0.,1.));
#14153=DIRECTION('ref_axis',(-1.,0.,0.));
#14154=DIRECTION('',(0.,-1.,0.));
#14155=DIRECTION('',(1.,0.,0.));
#14156=DIRECTION('center_axis',(0.,1.,0.));
#14157=DIRECTION('ref_axis',(0.,0.,1.));
#14158=DIRECTION('',(1.,0.,0.));
#14159=DIRECTION('',(0.,0.,1.));
#14160=DIRECTION('',(1.,0.,0.));
#14161=DIRECTION('',(0.,0.,-1.));
#14162=DIRECTION('center_axis',(0.,0.,1.));
#14163=DIRECTION('ref_axis',(1.,0.,0.));
#14164=DIRECTION('',(5.78241158658939E-15,1.,0.));
#14165=DIRECTION('center_axis',(0.,0.,1.));
#14166=DIRECTION('ref_axis',(1.,0.,0.));
#14167=DIRECTION('',(0.,-1.,0.));
#14168=DIRECTION('',(-1.,0.,0.));
#14169=DIRECTION('',(0.,1.,0.));
#14170=DIRECTION('center_axis',(0.,0.,1.));
#14171=DIRECTION('ref_axis',(1.,0.,0.));
#14172=DIRECTION('',(0.,-1.,0.));
#14173=DIRECTION('',(1.,0.,0.));
#14174=DIRECTION('center_axis',(0.,1.,0.));
#14175=DIRECTION('ref_axis',(0.,0.,1.));
#14176=DIRECTION('',(1.,0.,0.));
#14177=DIRECTION('',(0.,0.,1.));
#14178=DIRECTION('',(1.,0.,0.));
#14179=DIRECTION('',(0.,0.,-1.));
#14180=DIRECTION('center_axis',(0.,0.,1.));
#14181=DIRECTION('ref_axis',(1.,0.,0.));
#14182=DIRECTION('',(0.,1.,0.));
#14183=DIRECTION('center_axis',(0.,0.,1.));
#14184=DIRECTION('ref_axis',(-1.,0.,0.));
#14185=DIRECTION('',(0.,-1.,0.));
#14186=DIRECTION('',(-1.,0.,0.));
#14187=DIRECTION('',(0.,1.,0.));
#14188=DIRECTION('center_axis',(0.,0.,1.));
#14189=DIRECTION('ref_axis',(1.,0.,0.));
#14190=DIRECTION('',(0.,-1.,0.));
#14191=DIRECTION('',(1.,0.,0.));
#14192=DIRECTION('center_axis',(0.,1.,0.));
#14193=DIRECTION('ref_axis',(0.,0.,1.));
#14194=DIRECTION('',(1.,0.,0.));
#14195=DIRECTION('',(0.,0.,1.));
#14196=DIRECTION('',(1.,0.,0.));
#14197=DIRECTION('',(0.,0.,-1.));
#14198=DIRECTION('center_axis',(0.,0.,1.));
#14199=DIRECTION('ref_axis',(1.,0.,0.));
#14200=DIRECTION('',(0.,1.,0.));
#14201=DIRECTION('center_axis',(0.,0.,1.));
#14202=DIRECTION('ref_axis',(1.,0.,0.));
#14203=DIRECTION('',(0.,-1.,0.));
#14204=DIRECTION('',(-1.,0.,0.));
#14205=DIRECTION('',(0.,1.,0.));
#14206=DIRECTION('center_axis',(0.,0.,1.));
#14207=DIRECTION('ref_axis',(-1.,0.,0.));
#14208=DIRECTION('',(0.,-1.,0.));
#14209=DIRECTION('',(1.,0.,0.));
#14210=DIRECTION('center_axis',(0.,0.,1.));
#14211=DIRECTION('ref_axis',(1.,0.,0.));
#14212=DIRECTION('',(-1.15648231731787E-16,1.,0.));
#14213=DIRECTION('',(-1.,0.,0.));
#14214=DIRECTION('',(0.,-1.,0.));
#14215=DIRECTION('',(1.,0.,0.));
#14216=DIRECTION('',(0.,1.,0.));
#14217=DIRECTION('',(1.,0.,0.));
#14218=DIRECTION('',(0.,-1.,0.));
#14219=DIRECTION('',(-1.,0.,0.));
#14220=DIRECTION('',(0.,1.,0.));
#14221=DIRECTION('',(1.,0.,0.));
#14222=DIRECTION('',(0.,-1.,0.));
#14223=DIRECTION('',(-1.,0.,0.));
#14224=DIRECTION('',(0.,1.,0.));
#14225=DIRECTION('',(0.84799830400509,0.529998940003177,0.));
#14226=DIRECTION('',(0.,1.,0.));
#14227=DIRECTION('',(1.,0.,0.));
#14228=DIRECTION('',(0.,1.,0.));
#14229=DIRECTION('center_axis',(0.,0.,1.));
#14230=DIRECTION('ref_axis',(1.,0.,0.));
#14231=DIRECTION('',(1.,0.,0.));
#14232=DIRECTION('center_axis',(0.,0.,1.));
#14233=DIRECTION('ref_axis',(-1.,0.,0.));
#14234=DIRECTION('',(0.,-1.,0.));
#14235=DIRECTION('',(1.,0.,0.));
#14236=DIRECTION('',(0.,1.,0.));
#14237=DIRECTION('center_axis',(0.,0.,1.));
#14238=DIRECTION('ref_axis',(1.,0.,0.));
#14239=DIRECTION('',(1.,0.,0.));
#14240=DIRECTION('center_axis',(0.,0.,1.));
#14241=DIRECTION('ref_axis',(1.,0.,0.));
#14242=DIRECTION('',(0.,-1.,0.));
#14243=DIRECTION('',(1.,0.,0.));
#14244=DIRECTION('',(0.,1.,0.));
#14245=DIRECTION('center_axis',(0.,0.,1.));
#14246=DIRECTION('ref_axis',(1.,0.,0.));
#14247=DIRECTION('',(1.,0.,0.));
#14248=DIRECTION('center_axis',(0.,0.,1.));
#14249=DIRECTION('ref_axis',(1.,0.,0.));
#14250=DIRECTION('',(0.,-1.,0.));
#14251=DIRECTION('',(1.,0.,0.));
#14252=DIRECTION('',(0.,1.,0.));
#14253=DIRECTION('center_axis',(0.,0.,1.));
#14254=DIRECTION('ref_axis',(-1.,0.,0.));
#14255=DIRECTION('',(1.,0.,0.));
#14256=DIRECTION('center_axis',(0.,0.,1.));
#14257=DIRECTION('ref_axis',(1.,0.,0.));
#14258=DIRECTION('',(0.,-1.,0.));
#14259=DIRECTION('',(1.,0.,0.));
#14260=DIRECTION('',(3.32800666854064E-16,-1.,0.));
#14261=DIRECTION('',(-1.,0.,0.));
#14262=DIRECTION('',(0.,-1.,0.));
#14263=DIRECTION('center_axis',(0.,0.,1.));
#14264=DIRECTION('ref_axis',(1.,0.,0.));
#14265=DIRECTION('',(-1.,0.,0.));
#14266=DIRECTION('center_axis',(0.,0.,1.));
#14267=DIRECTION('ref_axis',(-1.,0.,0.));
#14268=DIRECTION('',(0.,1.,0.));
#14269=DIRECTION('',(-1.,0.,0.));
#14270=DIRECTION('',(0.,-1.,0.));
#14271=DIRECTION('center_axis',(0.,0.,1.));
#14272=DIRECTION('ref_axis',(1.,0.,0.));
#14273=DIRECTION('',(-1.,0.,0.));
#14274=DIRECTION('center_axis',(0.,0.,1.));
#14275=DIRECTION('ref_axis',(-1.,0.,0.));
#14276=DIRECTION('',(0.,1.,0.));
#14277=DIRECTION('',(-1.,0.,0.));
#14278=DIRECTION('',(0.,-1.,0.));
#14279=DIRECTION('center_axis',(0.,0.,1.));
#14280=DIRECTION('ref_axis',(1.,0.,0.));
#14281=DIRECTION('',(-1.,0.,0.));
#14282=DIRECTION('center_axis',(0.,0.,1.));
#14283=DIRECTION('ref_axis',(1.,0.,0.));
#14284=DIRECTION('',(0.,1.,0.));
#14285=DIRECTION('',(-1.,0.,0.));
#14286=DIRECTION('',(0.,-1.,0.));
#14287=DIRECTION('center_axis',(0.,0.,1.));
#14288=DIRECTION('ref_axis',(-1.,0.,0.));
#14289=DIRECTION('',(-1.,0.,0.));
#14290=DIRECTION('center_axis',(0.,0.,1.));
#14291=DIRECTION('ref_axis',(1.,0.,0.));
#14292=DIRECTION('',(0.,1.,0.));
#14293=DIRECTION('',(-1.,0.,0.));
#14294=DIRECTION('',(0.,1.,0.));
#14295=DIRECTION('',(-0.84799830400509,0.529998940003177,0.));
#14296=DIRECTION('center_axis',(-1.,0.,0.));
#14297=DIRECTION('ref_axis',(0.,0.,1.));
#14298=DIRECTION('',(0.,0.,-1.));
#14299=DIRECTION('',(0.,-1.,0.));
#14300=DIRECTION('',(0.,0.,-1.));
#14301=DIRECTION('',(0.,0.,-1.));
#14302=DIRECTION('',(0.,1.,0.));
#14303=DIRECTION('',(0.,0.,-1.));
#14304=DIRECTION('center_axis',(0.,0.,1.));
#14305=DIRECTION('ref_axis',(1.,0.,0.));
#14306=DIRECTION('',(-1.15648231731787E-16,1.,0.));
#14307=DIRECTION('',(1.,0.,0.));
#14308=DIRECTION('',(0.,-1.,0.));
#14309=DIRECTION('',(-1.,0.,0.));
#14310=DIRECTION('center_axis',(0.,0.,1.));
#14311=DIRECTION('ref_axis',(1.,0.,0.));
#14312=DIRECTION('',(0.,1.,0.));
#14313=DIRECTION('center_axis',(0.,0.,1.));
#14314=DIRECTION('ref_axis',(1.,0.,0.));
#14315=DIRECTION('',(1.,0.,0.));
#14316=DIRECTION('center_axis',(0.,0.,1.));
#14317=DIRECTION('ref_axis',(1.,0.,0.));
#14318=DIRECTION('',(0.,-1.,0.));
#14319=DIRECTION('center_axis',(0.,0.,1.));
#14320=DIRECTION('ref_axis',(1.,0.,0.));
#14321=DIRECTION('',(1.,0.,0.));
#14322=DIRECTION('center_axis',(0.,0.,1.));
#14323=DIRECTION('ref_axis',(1.,0.,0.));
#14324=DIRECTION('',(0.,1.,0.));
#14325=DIRECTION('center_axis',(0.,0.,1.));
#14326=DIRECTION('ref_axis',(-1.,0.,0.));
#14327=DIRECTION('',(-1.,0.,0.));
#14328=DIRECTION('center_axis',(0.,0.,1.));
#14329=DIRECTION('ref_axis',(1.,0.,0.));
#14330=DIRECTION('',(0.,-1.,0.));
#14331=DIRECTION('center_axis',(0.,0.,1.));
#14332=DIRECTION('ref_axis',(-1.,0.,0.));
#14333=DIRECTION('',(1.,0.,0.));
#14334=DIRECTION('center_axis',(0.,0.,1.));
#14335=DIRECTION('ref_axis',(-1.,0.,0.));
#14336=DIRECTION('',(0.,1.,0.));
#14337=DIRECTION('center_axis',(0.,0.,1.));
#14338=DIRECTION('ref_axis',(1.,0.,0.));
#14339=DIRECTION('',(-1.,0.,0.));
#14340=DIRECTION('center_axis',(0.,0.,1.));
#14341=DIRECTION('ref_axis',(-1.,0.,0.));
#14342=DIRECTION('',(0.,-1.,0.));
#14343=DIRECTION('center_axis',(0.,0.,1.));
#14344=DIRECTION('ref_axis',(1.,0.,0.));
#14345=DIRECTION('',(-1.,0.,0.));
#14346=DIRECTION('center_axis',(0.,0.,1.));
#14347=DIRECTION('ref_axis',(-1.,0.,0.));
#14348=DIRECTION('',(0.,1.,0.));
#14349=DIRECTION('center_axis',(0.,0.,1.));
#14350=DIRECTION('ref_axis',(-1.,0.,0.));
#14351=DIRECTION('',(-1.,0.,0.));
#14352=DIRECTION('center_axis',(0.,0.,1.));
#14353=DIRECTION('ref_axis',(1.,0.,0.));
#14354=DIRECTION('',(0.,-1.,0.));
#14355=DIRECTION('center_axis',(0.,0.,1.));
#14356=DIRECTION('ref_axis',(1.,0.,0.));
#14357=DIRECTION('',(1.,0.,0.));
#14358=DIRECTION('',(1.,0.,0.));
#14359=DIRECTION('',(0.,1.,0.));
#14360=DIRECTION('',(-1.,0.,0.));
#14361=DIRECTION('',(0.,-1.,0.));
#14362=DIRECTION('',(1.,0.,0.));
#14363=DIRECTION('',(0.,1.,0.));
#14364=DIRECTION('',(-1.,0.,0.));
#14365=DIRECTION('',(0.,-1.,0.));
#14366=DIRECTION('center_axis',(0.,0.,1.));
#14367=DIRECTION('ref_axis',(1.,0.,0.));
#14368=DIRECTION('',(0.,1.,0.));
#14369=DIRECTION('center_axis',(0.,0.,1.));
#14370=DIRECTION('ref_axis',(-1.,0.,0.));
#14371=DIRECTION('',(-1.,0.,0.));
#14372=DIRECTION('center_axis',(0.,0.,1.));
#14373=DIRECTION('ref_axis',(1.,0.,0.));
#14374=DIRECTION('',(0.,-1.,0.));
#14375=DIRECTION('center_axis',(0.,0.,1.));
#14376=DIRECTION('ref_axis',(1.,0.,0.));
#14377=DIRECTION('',(1.,0.,0.));
#14378=DIRECTION('center_axis',(0.,0.,1.));
#14379=DIRECTION('ref_axis',(1.,0.,0.));
#14380=DIRECTION('',(0.,1.,0.));
#14381=DIRECTION('center_axis',(0.,0.,1.));
#14382=DIRECTION('ref_axis',(1.,0.,0.));
#14383=DIRECTION('',(-1.,0.,0.));
#14384=DIRECTION('center_axis',(0.,0.,1.));
#14385=DIRECTION('ref_axis',(1.,0.,0.));
#14386=DIRECTION('',(0.,-1.,0.));
#14387=DIRECTION('center_axis',(0.,0.,1.));
#14388=DIRECTION('ref_axis',(-1.,0.,0.));
#14389=DIRECTION('',(-1.,0.,0.));
#14390=DIRECTION('center_axis',(0.,0.,1.));
#14391=DIRECTION('ref_axis',(-1.,0.,0.));
#14392=DIRECTION('',(0.,-1.,0.));
#14393=DIRECTION('center_axis',(0.,0.,1.));
#14394=DIRECTION('ref_axis',(1.,0.,0.));
#14395=DIRECTION('',(1.,0.,0.));
#14396=DIRECTION('center_axis',(0.,0.,1.));
#14397=DIRECTION('ref_axis',(1.,0.,0.));
#14398=DIRECTION('',(0.,1.,0.));
#14399=DIRECTION('center_axis',(0.,0.,1.));
#14400=DIRECTION('ref_axis',(1.,0.,0.));
#14401=DIRECTION('',(-1.,0.,0.));
#14402=DIRECTION('center_axis',(0.,0.,1.));
#14403=DIRECTION('ref_axis',(-1.,0.,0.));
#14404=DIRECTION('',(0.,1.,0.));
#14405=DIRECTION('center_axis',(0.,0.,1.));
#14406=DIRECTION('ref_axis',(-1.,0.,0.));
#14407=DIRECTION('',(1.,0.,0.));
#14408=DIRECTION('center_axis',(0.,0.,1.));
#14409=DIRECTION('ref_axis',(1.,0.,0.));
#14410=DIRECTION('',(0.,-1.,0.));
#14411=DIRECTION('center_axis',(0.,0.,1.));
#14412=DIRECTION('ref_axis',(1.,0.,0.));
#14413=DIRECTION('',(1.,0.,0.));
#14414=DIRECTION('center_axis',(-1.,-1.15648231731787E-16,0.));
#14415=DIRECTION('ref_axis',(1.15648231731787E-16,-1.,0.));
#14416=DIRECTION('',(0.,0.,-1.));
#14417=DIRECTION('',(0.,0.,-1.));
#14418=DIRECTION('center_axis',(0.,-1.,0.));
#14419=DIRECTION('ref_axis',(0.,0.,-1.));
#14420=DIRECTION('',(0.,0.,-1.));
#14421=DIRECTION('center_axis',(1.,0.,0.));
#14422=DIRECTION('ref_axis',(0.,0.,-1.));
#14423=DIRECTION('',(0.,0.,-1.));
#14424=DIRECTION('center_axis',(0.,1.,0.));
#14425=DIRECTION('ref_axis',(0.,0.,1.));
#14426=DIRECTION('center_axis',(0.,0.,-1.));
#14427=DIRECTION('ref_axis',(-1.,0.,0.));
#14428=DIRECTION('',(0.,0.,-1.));
#14429=DIRECTION('',(0.,0.,-1.));
#14430=DIRECTION('center_axis',(-1.,0.,0.));
#14431=DIRECTION('ref_axis',(0.,0.,1.));
#14432=DIRECTION('',(0.,0.,-1.));
#14433=DIRECTION('center_axis',(0.,0.,-1.));
#14434=DIRECTION('ref_axis',(-1.,0.,0.));
#14435=DIRECTION('center_axis',(0.,0.,-1.));
#14436=DIRECTION('ref_axis',(-1.,0.,0.));
#14437=DIRECTION('',(0.,0.,-1.));
#14438=DIRECTION('',(0.,0.,-1.));
#14439=DIRECTION('center_axis',(1.,0.,0.));
#14440=DIRECTION('ref_axis',(0.,0.,-1.));
#14441=DIRECTION('',(0.,0.,-1.));
#14442=DIRECTION('center_axis',(0.,0.,-1.));
#14443=DIRECTION('ref_axis',(-1.,0.,0.));
#14444=DIRECTION('',(0.,0.,-1.));
#14445=DIRECTION('center_axis',(0.,1.,0.));
#14446=DIRECTION('ref_axis',(0.,0.,1.));
#14447=DIRECTION('center_axis',(0.,0.,-1.));
#14448=DIRECTION('ref_axis',(-1.,0.,0.));
#14449=DIRECTION('',(0.,0.,-1.));
#14450=DIRECTION('',(0.,0.,-1.));
#14451=DIRECTION('center_axis',(-1.,0.,0.));
#14452=DIRECTION('ref_axis',(0.,0.,1.));
#14453=DIRECTION('',(0.,0.,-1.));
#14454=DIRECTION('center_axis',(0.,0.,-1.));
#14455=DIRECTION('ref_axis',(-1.,0.,0.));
#14456=DIRECTION('center_axis',(0.,0.,-1.));
#14457=DIRECTION('ref_axis',(-1.,0.,0.));
#14458=DIRECTION('',(0.,0.,-1.));
#14459=DIRECTION('',(0.,0.,-1.));
#14460=DIRECTION('center_axis',(1.,0.,0.));
#14461=DIRECTION('ref_axis',(0.,0.,-1.));
#14462=DIRECTION('',(0.,0.,-1.));
#14463=DIRECTION('center_axis',(0.,0.,-1.));
#14464=DIRECTION('ref_axis',(-1.,0.,0.));
#14465=DIRECTION('',(0.,0.,-1.));
#14466=DIRECTION('center_axis',(0.,1.,0.));
#14467=DIRECTION('ref_axis',(0.,0.,1.));
#14468=DIRECTION('center_axis',(0.,0.,-1.));
#14469=DIRECTION('ref_axis',(-1.,0.,0.));
#14470=DIRECTION('',(0.,0.,-1.));
#14471=DIRECTION('center_axis',(1.,0.,0.));
#14472=DIRECTION('ref_axis',(0.,0.,-1.));
#14473=DIRECTION('',(0.,0.,-1.));
#14474=DIRECTION('center_axis',(0.,0.,-1.));
#14475=DIRECTION('ref_axis',(-1.,0.,0.));
#14476=DIRECTION('',(0.,0.,-1.));
#14477=DIRECTION('center_axis',(0.,1.,0.));
#14478=DIRECTION('ref_axis',(0.,0.,1.));
#14479=DIRECTION('',(0.,0.,-1.));
#14480=DIRECTION('center_axis',(0.,0.,-1.));
#14481=DIRECTION('ref_axis',(-1.,0.,0.));
#14482=DIRECTION('',(0.,0.,-1.));
#14483=DIRECTION('center_axis',(-1.,0.,0.));
#14484=DIRECTION('ref_axis',(0.,0.,1.));
#14485=DIRECTION('',(0.,0.,-1.));
#14486=DIRECTION('center_axis',(0.,0.,-1.));
#14487=DIRECTION('ref_axis',(-1.,0.,0.));
#14488=DIRECTION('',(0.,0.,-1.));
#14489=DIRECTION('center_axis',(0.,0.,-1.));
#14490=DIRECTION('ref_axis',(-1.,0.,0.));
#14491=DIRECTION('',(0.,0.,-1.));
#14492=DIRECTION('',(0.,0.,-1.));
#14493=DIRECTION('center_axis',(-1.,0.,0.));
#14494=DIRECTION('ref_axis',(0.,0.,1.));
#14495=DIRECTION('',(0.,0.,-1.));
#14496=DIRECTION('center_axis',(0.,0.,-1.));
#14497=DIRECTION('ref_axis',(-1.,0.,0.));
#14498=DIRECTION('',(0.,0.,-1.));
#14499=DIRECTION('center_axis',(0.,0.,-1.));
#14500=DIRECTION('ref_axis',(-1.,0.,0.));
#14501=DIRECTION('',(0.,0.,-1.));
#14502=DIRECTION('center_axis',(1.,0.,0.));
#14503=DIRECTION('ref_axis',(0.,0.,-1.));
#14504=DIRECTION('',(0.,0.,-1.));
#14505=DIRECTION('center_axis',(0.,0.,-1.));
#14506=DIRECTION('ref_axis',(-1.,0.,0.));
#14507=DIRECTION('',(0.,0.,-1.));
#14508=DIRECTION('center_axis',(0.,1.,0.));
#14509=DIRECTION('ref_axis',(0.,0.,1.));
#14510=DIRECTION('center_axis',(0.,0.,-1.));
#14511=DIRECTION('ref_axis',(-1.,0.,0.));
#14512=DIRECTION('',(0.,0.,-1.));
#14513=DIRECTION('',(0.,0.,-1.));
#14514=DIRECTION('center_axis',(-1.,0.,0.));
#14515=DIRECTION('ref_axis',(0.,0.,1.));
#14516=DIRECTION('',(0.,0.,-1.));
#14517=DIRECTION('center_axis',(0.,0.,-1.));
#14518=DIRECTION('ref_axis',(-1.,0.,0.));
#14519=DIRECTION('',(0.,0.,-1.));
#14520=DIRECTION('center_axis',(0.,-1.,0.));
#14521=DIRECTION('ref_axis',(0.,0.,-1.));
#14522=DIRECTION('',(0.,0.,-1.));
#14523=DIRECTION('center_axis',(0.,0.,-1.));
#14524=DIRECTION('ref_axis',(-1.,0.,0.));
#14525=DIRECTION('',(0.,0.,-1.));
#14526=DIRECTION('center_axis',(1.,0.,0.));
#14527=DIRECTION('ref_axis',(0.,0.,-1.));
#14528=DIRECTION('',(0.,0.,-1.));
#14529=DIRECTION('center_axis',(0.,0.,-1.));
#14530=DIRECTION('ref_axis',(-1.,0.,0.));
#14531=DIRECTION('center_axis',(0.,0.,-1.));
#14532=DIRECTION('ref_axis',(-1.,0.,0.));
#14533=DIRECTION('',(0.,0.,-1.));
#14534=DIRECTION('',(0.,0.,-1.));
#14535=DIRECTION('center_axis',(-1.,0.,0.));
#14536=DIRECTION('ref_axis',(0.,0.,1.));
#14537=DIRECTION('',(0.,0.,-1.));
#14538=DIRECTION('center_axis',(0.,0.,-1.));
#14539=DIRECTION('ref_axis',(-1.,0.,0.));
#14540=DIRECTION('',(0.,0.,-1.));
#14541=DIRECTION('center_axis',(0.,-1.,0.));
#14542=DIRECTION('ref_axis',(0.,0.,-1.));
#14543=DIRECTION('',(0.,0.,-1.));
#14544=DIRECTION('center_axis',(0.,0.,-1.));
#14545=DIRECTION('ref_axis',(-1.,0.,0.));
#14546=DIRECTION('',(0.,0.,-1.));
#14547=DIRECTION('center_axis',(1.,0.,0.));
#14548=DIRECTION('ref_axis',(0.,0.,-1.));
#14549=DIRECTION('',(0.,0.,-1.));
#14550=DIRECTION('center_axis',(0.,0.,-1.));
#14551=DIRECTION('ref_axis',(-1.,0.,0.));
#14552=DIRECTION('center_axis',(0.,0.,-1.));
#14553=DIRECTION('ref_axis',(-1.,0.,0.));
#14554=DIRECTION('',(0.,0.,-1.));
#14555=DIRECTION('center_axis',(-1.,0.,0.));
#14556=DIRECTION('ref_axis',(0.,0.,1.));
#14557=DIRECTION('',(0.,0.,-1.));
#14558=DIRECTION('center_axis',(0.,0.,-1.));
#14559=DIRECTION('ref_axis',(-1.,0.,0.));
#14560=DIRECTION('',(0.,0.,-1.));
#14561=DIRECTION('center_axis',(0.,-1.,0.));
#14562=DIRECTION('ref_axis',(0.,0.,-1.));
#14563=DIRECTION('',(0.,0.,-1.));
#14564=DIRECTION('center_axis',(0.,0.,-1.));
#14565=DIRECTION('ref_axis',(-1.,0.,0.));
#14566=DIRECTION('',(0.,0.,-1.));
#14567=DIRECTION('center_axis',(1.,0.,0.));
#14568=DIRECTION('ref_axis',(0.,0.,-1.));
#14569=DIRECTION('',(0.,0.,-1.));
#14570=DIRECTION('center_axis',(0.,0.,-1.));
#14571=DIRECTION('ref_axis',(-1.,0.,0.));
#14572=DIRECTION('',(0.,0.,-1.));
#14573=DIRECTION('center_axis',(0.,0.,-1.));
#14574=DIRECTION('ref_axis',(-1.,0.,0.));
#14575=DIRECTION('',(0.,0.,-1.));
#14576=DIRECTION('center_axis',(-1.,0.,0.));
#14577=DIRECTION('ref_axis',(0.,0.,1.));
#14578=DIRECTION('',(0.,0.,-1.));
#14579=DIRECTION('center_axis',(0.,0.,-1.));
#14580=DIRECTION('ref_axis',(-1.,0.,0.));
#14581=DIRECTION('',(0.,0.,-1.));
#14582=DIRECTION('center_axis',(0.,-1.,0.));
#14583=DIRECTION('ref_axis',(0.,0.,-1.));
#14584=DIRECTION('',(0.,0.,-1.));
#14585=DIRECTION('center_axis',(0.,0.,-1.));
#14586=DIRECTION('ref_axis',(-1.,0.,0.));
#14587=DIRECTION('',(0.,0.,-1.));
#14588=DIRECTION('center_axis',(1.,0.,0.));
#14589=DIRECTION('ref_axis',(0.,0.,-1.));
#14590=DIRECTION('',(0.,0.,-1.));
#14591=DIRECTION('center_axis',(0.,0.,-1.));
#14592=DIRECTION('ref_axis',(-1.,0.,0.));
#14593=DIRECTION('',(0.,0.,-1.));
#14594=DIRECTION('center_axis',(0.,0.,1.));
#14595=DIRECTION('ref_axis',(1.,0.,0.));
#14596=DIRECTION('center_axis',(0.,0.,1.));
#14597=DIRECTION('ref_axis',(1.,0.,0.));
#14598=DIRECTION('center_axis',(0.,1.,0.));
#14599=DIRECTION('ref_axis',(0.,0.,1.));
#14600=DIRECTION('',(0.,0.,1.));
#14601=DIRECTION('',(-1.,0.,0.));
#14602=DIRECTION('',(0.,0.,1.));
#14603=DIRECTION('center_axis',(-1.,0.,0.));
#14604=DIRECTION('ref_axis',(0.,0.,1.));
#14605=DIRECTION('',(0.,-1.,0.));
#14606=DIRECTION('',(0.,0.,1.));
#14607=DIRECTION('center_axis',(0.,-1.,0.));
#14608=DIRECTION('ref_axis',(0.,0.,-1.));
#14609=DIRECTION('',(1.,0.,0.));
#14610=DIRECTION('',(0.,0.,1.));
#14611=DIRECTION('center_axis',(1.,0.,0.));
#14612=DIRECTION('ref_axis',(0.,0.,-1.));
#14613=DIRECTION('',(0.,1.,0.));
#14614=DIRECTION('center_axis',(0.,0.,1.));
#14615=DIRECTION('ref_axis',(1.,0.,0.));
#14616=DIRECTION('center_axis',(1.,0.,0.));
#14617=DIRECTION('ref_axis',(0.,0.,-1.));
#14618=DIRECTION('',(0.,0.,1.));
#14619=DIRECTION('',(0.,0.,1.));
#14620=DIRECTION('',(0.,1.,0.));
#14621=DIRECTION('center_axis',(0.,-1.,0.));
#14622=DIRECTION('ref_axis',(0.,0.,-1.));
#14623=DIRECTION('',(0.,0.,1.));
#14624=DIRECTION('',(1.,0.,0.));
#14625=DIRECTION('center_axis',(-1.,0.,0.));
#14626=DIRECTION('ref_axis',(0.,0.,1.));
#14627=DIRECTION('',(0.,0.,1.));
#14628=DIRECTION('',(0.,-1.,0.));
#14629=DIRECTION('center_axis',(0.,1.,0.));
#14630=DIRECTION('ref_axis',(0.,0.,1.));
#14631=DIRECTION('',(-1.,0.,0.));
#14632=DIRECTION('center_axis',(0.,0.,1.));
#14633=DIRECTION('ref_axis',(1.,0.,0.));
#14634=DIRECTION('center_axis',(0.,0.,1.));
#14635=DIRECTION('ref_axis',(1.,0.,0.));
#14636=DIRECTION('center_axis',(0.,0.,1.));
#14637=DIRECTION('ref_axis',(1.,0.,0.));
#14638=DIRECTION('center_axis',(0.,0.,1.));
#14639=DIRECTION('ref_axis',(1.,0.,0.));
#14640=DIRECTION('center_axis',(0.,0.,1.));
#14641=DIRECTION('ref_axis',(1.,0.,0.));
#14642=DIRECTION('center_axis',(0.,1.,0.));
#14643=DIRECTION('ref_axis',(0.,0.,1.));
#14644=DIRECTION('',(0.,0.,1.));
#14645=DIRECTION('',(-1.,0.,0.));
#14646=DIRECTION('',(0.,0.,1.));
#14647=DIRECTION('center_axis',(-1.,0.,0.));
#14648=DIRECTION('ref_axis',(0.,0.,1.));
#14649=DIRECTION('',(0.,-1.,0.));
#14650=DIRECTION('',(0.,0.,1.));
#14651=DIRECTION('center_axis',(0.,-1.,0.));
#14652=DIRECTION('ref_axis',(0.,0.,-1.));
#14653=DIRECTION('',(1.,0.,0.));
#14654=DIRECTION('',(0.,0.,1.));
#14655=DIRECTION('center_axis',(1.,0.,0.));
#14656=DIRECTION('ref_axis',(0.,0.,-1.));
#14657=DIRECTION('',(0.,1.,0.));
#14658=DIRECTION('center_axis',(0.,0.,1.));
#14659=DIRECTION('ref_axis',(1.,0.,0.));
#14660=DIRECTION('center_axis',(1.,0.,0.));
#14661=DIRECTION('ref_axis',(0.,0.,-1.));
#14662=DIRECTION('',(0.,0.,1.));
#14663=DIRECTION('',(0.,0.,1.));
#14664=DIRECTION('',(0.,1.,0.));
#14665=DIRECTION('center_axis',(0.,-1.,0.));
#14666=DIRECTION('ref_axis',(0.,0.,-1.));
#14667=DIRECTION('',(0.,0.,1.));
#14668=DIRECTION('',(1.,0.,0.));
#14669=DIRECTION('center_axis',(-1.,0.,0.));
#14670=DIRECTION('ref_axis',(0.,0.,1.));
#14671=DIRECTION('',(0.,0.,1.));
#14672=DIRECTION('',(0.,-1.,0.));
#14673=DIRECTION('center_axis',(0.,1.,0.));
#14674=DIRECTION('ref_axis',(0.,0.,1.));
#14675=DIRECTION('',(-1.,0.,0.));
#14676=DIRECTION('center_axis',(0.,0.,1.));
#14677=DIRECTION('ref_axis',(1.,0.,0.));
#14678=DIRECTION('center_axis',(0.,0.,1.));
#14679=DIRECTION('ref_axis',(1.,0.,0.));
#14680=DIRECTION('center_axis',(0.,0.,1.));
#14681=DIRECTION('ref_axis',(1.,0.,0.));
#14682=DIRECTION('center_axis',(0.,0.,1.));
#14683=DIRECTION('ref_axis',(1.,0.,0.));
#14684=DIRECTION('center_axis',(0.,0.,1.));
#14685=DIRECTION('ref_axis',(1.,0.,0.));
#14686=DIRECTION('center_axis',(0.,0.,1.));
#14687=DIRECTION('ref_axis',(1.,0.,0.));
#14688=DIRECTION('center_axis',(0.,0.,1.));
#14689=DIRECTION('ref_axis',(1.,0.,0.));
#14690=DIRECTION('center_axis',(0.,0.,1.));
#14691=DIRECTION('ref_axis',(1.,0.,0.));
#14692=DIRECTION('center_axis',(0.,0.,1.));
#14693=DIRECTION('ref_axis',(1.,0.,0.));
#14694=DIRECTION('center_axis',(0.,0.,1.));
#14695=DIRECTION('ref_axis',(1.,0.,0.));
#14696=DIRECTION('center_axis',(0.,0.,1.));
#14697=DIRECTION('ref_axis',(1.,0.,0.));
#14698=DIRECTION('center_axis',(0.,0.,1.));
#14699=DIRECTION('ref_axis',(1.,0.,0.));
#14700=DIRECTION('center_axis',(0.,0.,1.));
#14701=DIRECTION('ref_axis',(1.,0.,0.));
#14702=DIRECTION('center_axis',(0.,0.,1.));
#14703=DIRECTION('ref_axis',(1.,0.,0.));
#14704=DIRECTION('center_axis',(0.,0.,1.));
#14705=DIRECTION('ref_axis',(1.,0.,0.));
#14706=DIRECTION('center_axis',(0.,0.,1.));
#14707=DIRECTION('ref_axis',(1.,0.,0.));
#14708=DIRECTION('center_axis',(0.,0.,1.));
#14709=DIRECTION('ref_axis',(1.,0.,0.));
#14710=DIRECTION('center_axis',(0.,0.,-1.));
#14711=DIRECTION('ref_axis',(-1.,0.,0.));
#14712=DIRECTION('center_axis',(0.,0.,-1.));
#14713=DIRECTION('ref_axis',(-1.,0.,0.));
#14714=DIRECTION('center_axis',(0.,0.,-1.));
#14715=DIRECTION('ref_axis',(-1.,0.,0.));
#14716=DIRECTION('center_axis',(0.,0.,1.));
#14717=DIRECTION('ref_axis',(1.,0.,0.));
#14718=DIRECTION('center_axis',(0.,0.,1.));
#14719=DIRECTION('ref_axis',(1.,0.,0.));
#14720=DIRECTION('center_axis',(0.,0.,1.));
#14721=DIRECTION('ref_axis',(1.,0.,0.));
#14722=DIRECTION('center_axis',(0.,0.,1.));
#14723=DIRECTION('ref_axis',(1.,0.,0.));
#14724=DIRECTION('center_axis',(0.,0.,1.));
#14725=DIRECTION('ref_axis',(1.,0.,0.));
#14726=DIRECTION('center_axis',(0.,0.,1.));
#14727=DIRECTION('ref_axis',(1.,0.,0.));
#14728=DIRECTION('center_axis',(0.,0.,1.));
#14729=DIRECTION('ref_axis',(1.,0.,0.));
#14730=DIRECTION('center_axis',(0.,-1.,0.));
#14731=DIRECTION('ref_axis',(0.,0.,-1.));
#14732=DIRECTION('',(0.,0.,-1.));
#14733=DIRECTION('',(-1.,0.,0.));
#14734=DIRECTION('center_axis',(1.,3.32800666854064E-16,0.));
#14735=DIRECTION('ref_axis',(-3.32800666854064E-16,1.,0.));
#14736=DIRECTION('',(0.,0.,-1.));
#14737=DIRECTION('',(3.32800666854064E-16,-1.,0.));
#14738=DIRECTION('center_axis',(0.,1.,0.));
#14739=DIRECTION('ref_axis',(0.,0.,1.));
#14740=DIRECTION('',(1.,0.,0.));
#14741=DIRECTION('center_axis',(0.,0.,1.));
#14742=DIRECTION('ref_axis',(1.,0.,0.));
#14743=DIRECTION('',(1.,0.,0.));
#14744=DIRECTION('',(0.,-1.,0.));
#14745=DIRECTION('',(-1.,1.30104260698261E-16,0.));
#14746=DIRECTION('',(0.,1.,0.));
#14747=DIRECTION('',(-1.,0.,0.));
#14748=DIRECTION('',(0.,1.,0.));
#14749=DIRECTION('',(1.,1.30104260698261E-16,0.));
#14750=DIRECTION('',(0.,-1.,0.));
#14751=DIRECTION('center_axis',(0.,0.,1.));
#14752=DIRECTION('ref_axis',(1.,0.,0.));
#14753=DIRECTION('',(-2.9909025447876E-16,-1.,0.));
#14754=DIRECTION('center_axis',(0.,0.,1.));
#14755=DIRECTION('ref_axis',(1.,0.,0.));
#14756=DIRECTION('',(-1.,0.,0.));
#14757=DIRECTION('center_axis',(0.,0.,1.));
#14758=DIRECTION('ref_axis',(-1.,0.,0.));
#14759=DIRECTION('',(-2.9909025447876E-16,1.,0.));
#14760=DIRECTION('center_axis',(0.,0.,1.));
#14761=DIRECTION('ref_axis',(1.,0.,0.));
#14762=DIRECTION('',(1.,0.,0.));
#14763=DIRECTION('center_axis',(-0.529998940003177,0.84799830400509,0.));
#14764=DIRECTION('ref_axis',(-0.84799830400509,-0.529998940003177,0.));
#14765=DIRECTION('',(0.,0.,-1.));
#14766=DIRECTION('',(0.84799830400509,0.529998940003177,0.));
#14767=DIRECTION('center_axis',(-1.,0.,0.));
#14768=DIRECTION('ref_axis',(0.,0.,1.));
#14769=DIRECTION('',(0.,0.,-1.));
#14770=DIRECTION('',(0.,1.,0.));
#14771=DIRECTION('center_axis',(-0.529998940003177,-0.84799830400509,0.));
#14772=DIRECTION('ref_axis',(0.84799830400509,-0.529998940003177,0.));
#14773=DIRECTION('',(-0.84799830400509,0.529998940003177,0.));
#14774=DIRECTION('center_axis',(0.,0.,-1.));
#14775=DIRECTION('ref_axis',(-1.,0.,0.));
#14776=DIRECTION('center_axis',(0.,1.,0.));
#14777=DIRECTION('ref_axis',(0.,0.,1.));
#14778=DIRECTION('',(0.,0.,1.));
#14779=DIRECTION('',(0.,0.,1.));
#14780=DIRECTION('',(-1.,0.,0.));
#14781=DIRECTION('',(0.,0.,1.));
#14782=DIRECTION('',(-1.,0.,0.));
#14783=DIRECTION('center_axis',(1.,0.,0.));
#14784=DIRECTION('ref_axis',(0.,0.,-1.));
#14785=DIRECTION('',(0.,0.,1.));
#14786=DIRECTION('',(0.,1.,0.));
#14787=DIRECTION('center_axis',(0.,-1.,0.));
#14788=DIRECTION('ref_axis',(0.,0.,-1.));
#14789=DIRECTION('',(0.,0.,1.));
#14790=DIRECTION('',(1.,0.,0.));
#14791=DIRECTION('',(0.,0.,1.));
#14792=DIRECTION('center_axis',(-1.,0.,0.));
#14793=DIRECTION('ref_axis',(0.,0.,1.));
#14794=DIRECTION('',(0.,-1.,0.));
#14795=DIRECTION('center_axis',(0.,1.,0.));
#14796=DIRECTION('ref_axis',(0.,0.,1.));
#14797=DIRECTION('',(0.,0.,1.));
#14798=DIRECTION('',(0.,0.,1.));
#14799=DIRECTION('',(-1.,0.,0.));
#14800=DIRECTION('',(0.,0.,1.));
#14801=DIRECTION('',(-1.,0.,0.));
#14802=DIRECTION('center_axis',(1.,0.,0.));
#14803=DIRECTION('ref_axis',(0.,0.,-1.));
#14804=DIRECTION('',(0.,0.,1.));
#14805=DIRECTION('',(0.,1.,0.));
#14806=DIRECTION('center_axis',(0.,-1.,0.));
#14807=DIRECTION('ref_axis',(0.,0.,-1.));
#14808=DIRECTION('',(0.,0.,1.));
#14809=DIRECTION('',(1.,0.,0.));
#14810=DIRECTION('',(0.,0.,1.));
#14811=DIRECTION('center_axis',(-1.,0.,0.));
#14812=DIRECTION('ref_axis',(0.,0.,1.));
#14813=DIRECTION('',(0.,-1.,0.));
#14814=DIRECTION('center_axis',(0.,1.,0.));
#14815=DIRECTION('ref_axis',(0.,0.,1.));
#14816=DIRECTION('',(0.,0.,1.));
#14817=DIRECTION('',(0.,0.,1.));
#14818=DIRECTION('',(-1.,0.,0.));
#14819=DIRECTION('',(0.,0.,1.));
#14820=DIRECTION('',(-1.,0.,0.));
#14821=DIRECTION('center_axis',(1.,-5.78241158658939E-15,0.));
#14822=DIRECTION('ref_axis',(5.78241158658939E-15,1.,0.));
#14823=DIRECTION('',(0.,0.,1.));
#14824=DIRECTION('',(0.,1.,0.));
#14825=DIRECTION('center_axis',(0.,-1.,0.));
#14826=DIRECTION('ref_axis',(0.,0.,-1.));
#14827=DIRECTION('',(0.,0.,1.));
#14828=DIRECTION('',(0.,0.,1.));
#14829=DIRECTION('',(1.,0.,0.));
#14830=DIRECTION('center_axis',(-1.,0.,0.));
#14831=DIRECTION('ref_axis',(0.,0.,1.));
#14832=DIRECTION('',(0.,-1.,0.));
#14833=DIRECTION('center_axis',(0.,1.,0.));
#14834=DIRECTION('ref_axis',(0.,0.,1.));
#14835=DIRECTION('',(0.,0.,1.));
#14836=DIRECTION('',(0.,0.,1.));
#14837=DIRECTION('',(-1.,0.,0.));
#14838=DIRECTION('',(0.,0.,1.));
#14839=DIRECTION('',(-1.,0.,0.));
#14840=DIRECTION('center_axis',(1.,0.,0.));
#14841=DIRECTION('ref_axis',(0.,0.,-1.));
#14842=DIRECTION('',(0.,0.,1.));
#14843=DIRECTION('',(0.,1.,0.));
#14844=DIRECTION('center_axis',(0.,-1.,0.));
#14845=DIRECTION('ref_axis',(0.,0.,-1.));
#14846=DIRECTION('',(0.,0.,1.));
#14847=DIRECTION('',(0.,0.,1.));
#14848=DIRECTION('',(1.,0.,0.));
#14849=DIRECTION('center_axis',(-1.,0.,0.));
#14850=DIRECTION('ref_axis',(0.,0.,1.));
#14851=DIRECTION('',(0.,-1.,0.));
#14852=DIRECTION('center_axis',(0.,-1.,0.));
#14853=DIRECTION('ref_axis',(0.,0.,-1.));
#14854=DIRECTION('',(0.,0.,1.));
#14855=DIRECTION('',(0.,0.,1.));
#14856=DIRECTION('',(1.,0.,0.));
#14857=DIRECTION('',(0.,0.,1.));
#14858=DIRECTION('',(1.,0.,0.));
#14859=DIRECTION('center_axis',(-1.,0.,0.));
#14860=DIRECTION('ref_axis',(0.,0.,1.));
#14861=DIRECTION('',(0.,0.,1.));
#14862=DIRECTION('',(0.,-1.,0.));
#14863=DIRECTION('center_axis',(0.,1.,0.));
#14864=DIRECTION('ref_axis',(0.,0.,1.));
#14865=DIRECTION('',(0.,0.,1.));
#14866=DIRECTION('',(-1.,0.,0.));
#14867=DIRECTION('',(0.,0.,1.));
#14868=DIRECTION('center_axis',(1.,0.,0.));
#14869=DIRECTION('ref_axis',(0.,0.,-1.));
#14870=DIRECTION('',(0.,1.,0.));
#14871=DIRECTION('center_axis',(0.,-1.,0.));
#14872=DIRECTION('ref_axis',(0.,0.,-1.));
#14873=DIRECTION('',(0.,0.,1.));
#14874=DIRECTION('',(0.,0.,1.));
#14875=DIRECTION('',(1.,0.,0.));
#14876=DIRECTION('',(0.,0.,1.));
#14877=DIRECTION('',(1.,0.,0.));
#14878=DIRECTION('center_axis',(-1.,0.,0.));
#14879=DIRECTION('ref_axis',(0.,0.,1.));
#14880=DIRECTION('',(0.,0.,1.));
#14881=DIRECTION('',(0.,-1.,0.));
#14882=DIRECTION('center_axis',(0.,1.,0.));
#14883=DIRECTION('ref_axis',(0.,0.,1.));
#14884=DIRECTION('',(0.,0.,1.));
#14885=DIRECTION('',(-1.,0.,0.));
#14886=DIRECTION('',(0.,0.,1.));
#14887=DIRECTION('center_axis',(1.,5.78241158658939E-15,0.));
#14888=DIRECTION('ref_axis',(-5.78241158658939E-15,1.,0.));
#14889=DIRECTION('',(0.,1.,0.));
#14890=DIRECTION('center_axis',(0.,-1.,0.));
#14891=DIRECTION('ref_axis',(0.,0.,-1.));
#14892=DIRECTION('',(0.,0.,1.));
#14893=DIRECTION('',(0.,0.,1.));
#14894=DIRECTION('',(1.,0.,0.));
#14895=DIRECTION('',(0.,0.,1.));
#14896=DIRECTION('',(1.,0.,0.));
#14897=DIRECTION('center_axis',(1.,0.,0.));
#14898=DIRECTION('ref_axis',(0.,0.,-1.));
#14899=DIRECTION('',(0.,1.,0.));
#14900=DIRECTION('',(0.,0.,1.));
#14901=DIRECTION('center_axis',(-1.,0.,0.));
#14902=DIRECTION('ref_axis',(0.,0.,1.));
#14903=DIRECTION('',(0.,0.,1.));
#14904=DIRECTION('',(0.,-1.,0.));
#14905=DIRECTION('center_axis',(0.,1.,0.));
#14906=DIRECTION('ref_axis',(0.,0.,1.));
#14907=DIRECTION('',(0.,0.,1.));
#14908=DIRECTION('',(-1.,0.,0.));
#14909=DIRECTION('center_axis',(0.,-1.,0.));
#14910=DIRECTION('ref_axis',(0.,0.,-1.));
#14911=DIRECTION('',(0.,0.,1.));
#14912=DIRECTION('',(0.,0.,1.));
#14913=DIRECTION('',(1.,0.,0.));
#14914=DIRECTION('',(0.,0.,1.));
#14915=DIRECTION('',(1.,0.,0.));
#14916=DIRECTION('center_axis',(1.,0.,0.));
#14917=DIRECTION('ref_axis',(0.,0.,-1.));
#14918=DIRECTION('',(0.,1.,0.));
#14919=DIRECTION('',(0.,0.,1.));
#14920=DIRECTION('center_axis',(-1.,0.,0.));
#14921=DIRECTION('ref_axis',(0.,0.,1.));
#14922=DIRECTION('',(0.,0.,1.));
#14923=DIRECTION('',(0.,-1.,0.));
#14924=DIRECTION('center_axis',(0.,1.,0.));
#14925=DIRECTION('ref_axis',(0.,0.,1.));
#14926=DIRECTION('',(0.,0.,1.));
#14927=DIRECTION('',(-1.,0.,0.));
#14928=DIRECTION('center_axis',(0.,0.,-1.));
#14929=DIRECTION('ref_axis',(-1.,0.,0.));
#14930=DIRECTION('',(-0.5,-0.866025403784439,0.));
#14931=DIRECTION('',(0.500000000000004,0.866025403784436,0.));
#14932=DIRECTION('',(-0.866025403784438,0.500000000000002,0.));
#14933=DIRECTION('center_axis',(-0.866025403784439,0.5,0.));
#14934=DIRECTION('ref_axis',(-0.5,-0.866025403784439,0.));
#14935=DIRECTION('',(0.,0.,1.));
#14936=DIRECTION('',(-0.5,-0.866025403784439,0.));
#14937=DIRECTION('center_axis',(0.500000000000002,0.866025403784438,0.));
#14938=DIRECTION('ref_axis',(-0.866025403784438,0.500000000000002,0.));
#14939=DIRECTION('',(0.,0.,1.));
#14940=DIRECTION('',(-0.866025403784438,0.500000000000002,0.));
#14941=DIRECTION('center_axis',(0.866025403784436,-0.500000000000004,0.));
#14942=DIRECTION('ref_axis',(0.500000000000004,0.866025403784436,0.));
#14943=DIRECTION('',(0.500000000000004,0.866025403784436,0.));
#14944=DIRECTION('center_axis',(0.,0.,-1.));
#14945=DIRECTION('ref_axis',(-1.,0.,0.));
#14946=DIRECTION('center_axis',(-0.866025403784433,0.500000000000009,0.));
#14947=DIRECTION('ref_axis',(-0.500000000000009,-0.866025403784433,0.));
#14948=DIRECTION('',(-0.500000000000009,-0.866025403784433,0.));
#14949=DIRECTION('',(0.,0.,1.));
#14950=DIRECTION('',(-0.500000000000009,-0.866025403784433,0.));
#14951=DIRECTION('center_axis',(0.500000000000009,0.866025403784434,0.));
#14952=DIRECTION('ref_axis',(-0.866025403784434,0.500000000000008,0.));
#14953=DIRECTION('',(-0.866025403784434,0.500000000000008,0.));
#14954=DIRECTION('',(0.,0.,1.));
#14955=DIRECTION('',(-0.866025403784434,0.500000000000008,0.));
#14956=DIRECTION('center_axis',(0.86602540378444,-0.499999999999997,0.));
#14957=DIRECTION('ref_axis',(0.499999999999997,0.86602540378444,0.));
#14958=DIRECTION('',(0.499999999999997,0.86602540378444,0.));
#14959=DIRECTION('',(0.499999999999997,0.86602540378444,0.));
#14960=DIRECTION('center_axis',(0.,0.,1.));
#14961=DIRECTION('ref_axis',(1.,0.,0.));
#14962=DIRECTION('center_axis',(0.,0.,1.));
#14963=DIRECTION('ref_axis',(1.,0.,0.));
#14964=DIRECTION('center_axis',(0.866025403784433,0.500000000000009,0.));
#14965=DIRECTION('ref_axis',(-0.500000000000009,0.866025403784433,0.));
#14966=DIRECTION('',(-0.500000000000009,0.866025403784433,0.));
#14967=DIRECTION('',(-0.500000000000009,0.866025403784433,0.));
#14968=DIRECTION('',(0.,0.,1.));
#14969=DIRECTION('center_axis',(-0.86602540378444,-0.499999999999997,0.));
#14970=DIRECTION('ref_axis',(0.499999999999997,-0.86602540378444,0.));
#14971=DIRECTION('',(0.499999999999997,-0.86602540378444,0.));
#14972=DIRECTION('',(0.,0.,1.));
#14973=DIRECTION('',(0.499999999999997,-0.86602540378444,0.));
#14974=DIRECTION('center_axis',(-0.500000000000009,0.866025403784434,0.));
#14975=DIRECTION('ref_axis',(-0.866025403784434,-0.500000000000008,0.));
#14976=DIRECTION('',(-0.866025403784434,-0.500000000000008,0.));
#14977=DIRECTION('',(-0.866025403784434,-0.500000000000008,0.));
#14978=DIRECTION('center_axis',(0.,0.,1.));
#14979=DIRECTION('ref_axis',(1.,0.,0.));
#14980=DIRECTION('center_axis',(0.,0.,1.));
#14981=DIRECTION('ref_axis',(1.,0.,0.));
#14982=DIRECTION('center_axis',(0.,0.,-1.));
#14983=DIRECTION('ref_axis',(-1.,0.,0.));
#14984=DIRECTION('',(-0.5,0.866025403784439,0.));
#14985=DIRECTION('',(-0.866025403784438,-0.500000000000002,0.));
#14986=DIRECTION('',(0.500000000000004,-0.866025403784436,0.));
#14987=DIRECTION('center_axis',(-0.500000000000002,0.866025403784438,0.));
#14988=DIRECTION('ref_axis',(-0.866025403784438,-0.500000000000002,0.));
#14989=DIRECTION('',(0.,0.,1.));
#14990=DIRECTION('',(-0.866025403784438,-0.500000000000002,0.));
#14991=DIRECTION('',(0.,0.,1.));
#14992=DIRECTION('center_axis',(0.866025403784439,0.5,0.));
#14993=DIRECTION('ref_axis',(-0.5,0.866025403784439,0.));
#14994=DIRECTION('',(-0.5,0.866025403784439,0.));
#14995=DIRECTION('center_axis',(-0.866025403784436,-0.500000000000004,0.));
#14996=DIRECTION('ref_axis',(0.500000000000004,-0.866025403784436,0.));
#14997=DIRECTION('',(0.500000000000004,-0.866025403784436,0.));
#14998=DIRECTION('center_axis',(0.,0.,-1.));
#14999=DIRECTION('ref_axis',(-1.,0.,0.));
#15000=DIRECTION('center_axis',(0.,0.,-1.));
#15001=DIRECTION('ref_axis',(-1.,0.,0.));
#15002=DIRECTION('',(-0.500000000000004,-0.866025403784436,0.));
#15003=DIRECTION('',(0.866025403784438,-0.500000000000002,0.));
#15004=DIRECTION('',(0.5,0.866025403784439,0.));
#15005=DIRECTION('center_axis',(0.866025403784439,-0.5,0.));
#15006=DIRECTION('ref_axis',(0.5,0.866025403784439,0.));
#15007=DIRECTION('',(0.,0.,1.));
#15008=DIRECTION('',(0.5,0.866025403784439,0.));
#15009=DIRECTION('center_axis',(-0.500000000000002,-0.866025403784438,0.));
#15010=DIRECTION('ref_axis',(0.866025403784438,-0.500000000000002,0.));
#15011=DIRECTION('',(0.,0.,1.));
#15012=DIRECTION('',(0.866025403784438,-0.500000000000002,0.));
#15013=DIRECTION('center_axis',(-0.866025403784436,0.500000000000004,0.));
#15014=DIRECTION('ref_axis',(-0.500000000000004,-0.866025403784436,0.));
#15015=DIRECTION('',(-0.500000000000004,-0.866025403784436,0.));
#15016=DIRECTION('center_axis',(0.,0.,-1.));
#15017=DIRECTION('ref_axis',(-1.,0.,0.));
#15018=DIRECTION('center_axis',(0.866025403784433,-0.500000000000009,0.));
#15019=DIRECTION('ref_axis',(0.500000000000009,0.866025403784433,0.));
#15020=DIRECTION('',(0.500000000000009,0.866025403784433,0.));
#15021=DIRECTION('',(0.,0.,1.));
#15022=DIRECTION('',(0.500000000000009,0.866025403784433,0.));
#15023=DIRECTION('center_axis',(-0.500000000000009,-0.866025403784434,0.));
#15024=DIRECTION('ref_axis',(0.866025403784434,-0.500000000000008,0.));
#15025=DIRECTION('',(0.866025403784434,-0.500000000000008,0.));
#15026=DIRECTION('',(0.,0.,1.));
#15027=DIRECTION('',(0.866025403784434,-0.500000000000008,0.));
#15028=DIRECTION('center_axis',(-0.86602540378444,0.499999999999997,0.));
#15029=DIRECTION('ref_axis',(-0.499999999999997,-0.86602540378444,0.));
#15030=DIRECTION('',(-0.499999999999997,-0.86602540378444,0.));
#15031=DIRECTION('',(-0.499999999999997,-0.86602540378444,0.));
#15032=DIRECTION('center_axis',(0.,0.,1.));
#15033=DIRECTION('ref_axis',(1.,0.,0.));
#15034=DIRECTION('center_axis',(0.,0.,1.));
#15035=DIRECTION('ref_axis',(1.,0.,0.));
#15036=DIRECTION('center_axis',(-0.866025403784433,-0.500000000000009,0.));
#15037=DIRECTION('ref_axis',(0.500000000000009,-0.866025403784433,0.));
#15038=DIRECTION('',(0.500000000000009,-0.866025403784433,0.));
#15039=DIRECTION('',(0.500000000000009,-0.866025403784433,0.));
#15040=DIRECTION('',(0.,0.,1.));
#15041=DIRECTION('center_axis',(0.86602540378444,0.499999999999997,0.));
#15042=DIRECTION('ref_axis',(-0.499999999999997,0.86602540378444,0.));
#15043=DIRECTION('',(-0.499999999999997,0.86602540378444,0.));
#15044=DIRECTION('',(0.,0.,1.));
#15045=DIRECTION('',(-0.499999999999997,0.86602540378444,0.));
#15046=DIRECTION('center_axis',(0.500000000000009,-0.866025403784434,0.));
#15047=DIRECTION('ref_axis',(0.866025403784434,0.500000000000008,0.));
#15048=DIRECTION('',(0.866025403784434,0.500000000000008,0.));
#15049=DIRECTION('',(0.866025403784434,0.500000000000008,0.));
#15050=DIRECTION('center_axis',(0.,0.,1.));
#15051=DIRECTION('ref_axis',(1.,0.,0.));
#15052=DIRECTION('center_axis',(0.,0.,1.));
#15053=DIRECTION('ref_axis',(1.,0.,0.));
#15054=DIRECTION('center_axis',(0.,0.,-1.));
#15055=DIRECTION('ref_axis',(-1.,0.,0.));
#15056=DIRECTION('',(-0.500000000000004,0.866025403784436,0.));
#15057=DIRECTION('',(0.5,-0.866025403784439,0.));
#15058=DIRECTION('',(0.866025403784438,0.500000000000002,0.));
#15059=DIRECTION('center_axis',(0.500000000000002,-0.866025403784438,0.));
#15060=DIRECTION('ref_axis',(0.866025403784438,0.500000000000002,0.));
#15061=DIRECTION('',(0.,0.,1.));
#15062=DIRECTION('',(0.866025403784438,0.500000000000002,0.));
#15063=DIRECTION('',(0.,0.,1.));
#15064=DIRECTION('center_axis',(-0.866025403784439,-0.5,0.));
#15065=DIRECTION('ref_axis',(0.5,-0.866025403784439,0.));
#15066=DIRECTION('',(0.5,-0.866025403784439,0.));
#15067=DIRECTION('center_axis',(0.866025403784436,0.500000000000004,0.));
#15068=DIRECTION('ref_axis',(-0.500000000000004,0.866025403784436,0.));
#15069=DIRECTION('',(-0.500000000000004,0.866025403784436,0.));
#15070=DIRECTION('center_axis',(0.,0.,-1.));
#15071=DIRECTION('ref_axis',(-1.,0.,0.));
#15072=DIRECTION('center_axis',(0.,0.,1.));
#15073=DIRECTION('ref_axis',(1.,0.,0.));
#15074=DIRECTION('',(0.,0.,1.));
#15075=DIRECTION('',(0.,0.,1.));
#15076=DIRECTION('center_axis',(-1.,2.9909025447876E-16,0.));
#15077=DIRECTION('ref_axis',(-2.9909025447876E-16,-1.,0.));
#15078=DIRECTION('',(0.,0.,1.));
#15079=DIRECTION('center_axis',(0.,0.,1.));
#15080=DIRECTION('ref_axis',(1.,0.,0.));
#15081=DIRECTION('',(0.,0.,1.));
#15082=DIRECTION('center_axis',(0.,1.,0.));
#15083=DIRECTION('ref_axis',(0.,0.,1.));
#15084=DIRECTION('',(0.,0.,1.));
#15085=DIRECTION('center_axis',(0.,0.,1.));
#15086=DIRECTION('ref_axis',(1.,0.,0.));
#15087=DIRECTION('',(0.,0.,1.));
#15088=DIRECTION('center_axis',(1.,2.9909025447876E-16,0.));
#15089=DIRECTION('ref_axis',(-2.9909025447876E-16,1.,0.));
#15090=DIRECTION('',(0.,0.,1.));
#15091=DIRECTION('center_axis',(0.,0.,1.));
#15092=DIRECTION('ref_axis',(1.,0.,0.));
#15093=DIRECTION('',(0.,0.,1.));
#15094=DIRECTION('center_axis',(0.,-1.,0.));
#15095=DIRECTION('ref_axis',(0.,0.,-1.));
#15096=DIRECTION('center_axis',(0.,1.,0.));
#15097=DIRECTION('ref_axis',(0.,0.,1.));
#15098=DIRECTION('',(0.,0.,1.));
#15099=DIRECTION('',(1.,0.,0.));
#15100=DIRECTION('',(0.,0.,1.));
#15101=DIRECTION('center_axis',(1.,0.,0.));
#15102=DIRECTION('ref_axis',(0.,0.,-1.));
#15103=DIRECTION('',(0.,-1.,0.));
#15104=DIRECTION('',(0.,0.,1.));
#15105=DIRECTION('center_axis',(1.30104260698261E-16,-1.,0.));
#15106=DIRECTION('ref_axis',(1.,1.30104260698261E-16,0.));
#15107=DIRECTION('',(-1.,-1.30104260698261E-16,0.));
#15108=DIRECTION('',(0.,0.,1.));
#15109=DIRECTION('center_axis',(-1.,0.,0.));
#15110=DIRECTION('ref_axis',(0.,0.,1.));
#15111=DIRECTION('',(0.,1.,0.));
#15112=DIRECTION('center_axis',(0.,0.,-1.));
#15113=DIRECTION('ref_axis',(-1.,0.,0.));
#15114=DIRECTION('',(1.,1.30104260698261E-16,0.));
#15115=DIRECTION('',(0.,1.,0.));
#15116=DIRECTION('',(-1.,0.,0.));
#15117=DIRECTION('',(0.,-1.,0.));
#15118=DIRECTION('center_axis',(0.,-1.,0.));
#15119=DIRECTION('ref_axis',(0.,0.,-1.));
#15120=DIRECTION('',(0.,0.,1.));
#15121=DIRECTION('',(-1.,0.,0.));
#15122=DIRECTION('',(0.,0.,1.));
#15123=DIRECTION('center_axis',(-1.,0.,0.));
#15124=DIRECTION('ref_axis',(0.,0.,1.));
#15125=DIRECTION('',(0.,1.,0.));
#15126=DIRECTION('',(0.,0.,1.));
#15127=DIRECTION('center_axis',(1.30104260698261E-16,1.,0.));
#15128=DIRECTION('ref_axis',(-1.,1.30104260698261E-16,0.));
#15129=DIRECTION('',(1.,-1.30104260698261E-16,0.));
#15130=DIRECTION('',(0.,0.,1.));
#15131=DIRECTION('center_axis',(1.,0.,0.));
#15132=DIRECTION('ref_axis',(0.,0.,-1.));
#15133=DIRECTION('',(0.,-1.,0.));
#15134=DIRECTION('center_axis',(0.,0.,1.));
#15135=DIRECTION('ref_axis',(1.,0.,0.));
#15136=DIRECTION('',(-1.,1.30104260698261E-16,0.));
#15137=DIRECTION('',(0.,-1.,0.));
#15138=DIRECTION('',(1.,0.,0.));
#15139=DIRECTION('',(0.,1.,0.));
#15140=DIRECTION('center_axis',(0.,1.,0.));
#15141=DIRECTION('ref_axis',(0.,0.,1.));
#15142=DIRECTION('center_axis',(0.707106781186532,0.707106781186563,3.02624149799604E-14));
#15143=DIRECTION('ref_axis',(0.707106781186563,-0.707106781186532,-1.77384339801721E-13));
#15144=DIRECTION('center_axis',(0.707106781186542,-0.707106781186553,4.51371613260418E-15));
#15145=DIRECTION('ref_axis',(0.707106781186553,0.707106781186542,-1.12573764845902E-12));
#15146=DIRECTION('center_axis',(-1.,1.30104260698261E-16,0.));
#15147=DIRECTION('ref_axis',(-1.30104260698261E-16,-1.,0.));
#15148=DIRECTION('center_axis',(0.707106781186527,0.707106781186568,-3.48787155701247E-14));
#15149=DIRECTION('ref_axis',(0.707106781186568,-0.707106781186527,5.3664191180435E-13));
#15150=DIRECTION('center_axis',(1.,0.,0.));
#15151=DIRECTION('ref_axis',(0.,0.,-1.));
#15152=DIRECTION('center_axis',(0.707106781186532,-0.707106781186563,-3.02624149799604E-14));
#15153=DIRECTION('ref_axis',(0.707106781186563,0.707106781186532,1.77384339801721E-13));
#15154=DIRECTION('center_axis',(0.,-1.,0.));
#15155=DIRECTION('ref_axis',(0.,0.,-1.));
#15156=DIRECTION('center_axis',(0.,1.,0.));
#15157=DIRECTION('ref_axis',(0.,0.,1.));
#15158=DIRECTION('center_axis',(-0.707106781186532,-0.707106781186563,3.02624149799604E-14));
#15159=DIRECTION('ref_axis',(0.707106781186563,-0.707106781186532,1.77384339801721E-13));
#15160=DIRECTION('center_axis',(-0.70710678118653,0.707106781186565,4.10337830236753E-14));
#15161=DIRECTION('ref_axis',(0.707106781186565,0.70710678118653,4.10497864906906E-13));
#15162=DIRECTION('center_axis',(-1.,-1.30104260698261E-16,0.));
#15163=DIRECTION('ref_axis',(1.30104260698261E-16,-1.,0.));
#15164=DIRECTION('center_axis',(-0.707106781186553,-0.707106781186542,4.51371613260424E-15));
#15165=DIRECTION('ref_axis',(0.707106781186542,-0.707106781186553,2.39023851938586E-13));
#15166=DIRECTION('center_axis',(1.,0.,0.));
#15167=DIRECTION('ref_axis',(0.,0.,-1.));
#15168=DIRECTION('center_axis',(-0.707106781186532,0.707106781186563,-3.02624149799604E-14));
#15169=DIRECTION('ref_axis',(0.707106781186563,0.707106781186532,-1.77384339801721E-13));
#15170=DIRECTION('center_axis',(0.,-1.,0.));
#15171=DIRECTION('ref_axis',(0.,0.,-1.));
#15172=DIRECTION('center_axis',(-1.,0.,0.));
#15173=DIRECTION('ref_axis',(0.,0.,1.));
#15174=DIRECTION('',(0.,0.,-1.));
#15175=DIRECTION('',(0.,1.,0.));
#15176=DIRECTION('',(0.,0.,-1.));
#15177=DIRECTION('center_axis',(0.,-1.,0.));
#15178=DIRECTION('ref_axis',(0.,0.,-1.));
#15179=DIRECTION('',(0.,0.,-1.));
#15180=DIRECTION('',(-1.,0.,0.));
#15181=DIRECTION('center_axis',(1.,0.,0.));
#15182=DIRECTION('ref_axis',(0.,0.,-1.));
#15183=DIRECTION('',(0.,0.,-1.));
#15184=DIRECTION('',(0.,-1.,0.));
#15185=DIRECTION('center_axis',(0.,1.,0.));
#15186=DIRECTION('ref_axis',(0.,0.,1.));
#15187=DIRECTION('',(1.,0.,0.));
#15188=DIRECTION('center_axis',(0.,0.,1.));
#15189=DIRECTION('ref_axis',(1.,0.,0.));
#15190=DIRECTION('center_axis',(0.,1.,0.));
#15191=DIRECTION('ref_axis',(0.,0.,1.));
#15192=DIRECTION('',(0.,0.,-1.));
#15193=DIRECTION('',(1.,0.,0.));
#15194=DIRECTION('',(0.,0.,-1.));
#15195=DIRECTION('center_axis',(-1.,0.,0.));
#15196=DIRECTION('ref_axis',(0.,0.,1.));
#15197=DIRECTION('',(0.,0.,-1.));
#15198=DIRECTION('',(0.,1.,0.));
#15199=DIRECTION('center_axis',(0.,-1.,0.));
#15200=DIRECTION('ref_axis',(0.,0.,-1.));
#15201=DIRECTION('',(0.,0.,-1.));
#15202=DIRECTION('',(-1.,0.,0.));
#15203=DIRECTION('center_axis',(1.,0.,0.));
#15204=DIRECTION('ref_axis',(0.,0.,-1.));
#15205=DIRECTION('',(0.,-1.,0.));
#15206=DIRECTION('center_axis',(0.,0.,-1.));
#15207=DIRECTION('ref_axis',(-1.,0.,0.));
#15208=DIRECTION('center_axis',(0.,1.,0.));
#15209=DIRECTION('ref_axis',(0.,0.,1.));
#15210=DIRECTION('',(0.,0.,-1.));
#15211=DIRECTION('',(1.,0.,0.));
#15212=DIRECTION('',(0.,0.,-1.));
#15213=DIRECTION('center_axis',(-1.,0.,0.));
#15214=DIRECTION('ref_axis',(0.,0.,1.));
#15215=DIRECTION('',(0.,0.,-1.));
#15216=DIRECTION('',(0.,1.,0.));
#15217=DIRECTION('center_axis',(0.,-1.,0.));
#15218=DIRECTION('ref_axis',(0.,0.,-1.));
#15219=DIRECTION('',(0.,0.,-1.));
#15220=DIRECTION('',(-1.,0.,0.));
#15221=DIRECTION('center_axis',(1.,0.,0.));
#15222=DIRECTION('ref_axis',(0.,0.,-1.));
#15223=DIRECTION('',(0.,-1.,0.));
#15224=DIRECTION('center_axis',(0.,0.,-1.));
#15225=DIRECTION('ref_axis',(-1.,0.,0.));
#15226=DIRECTION('center_axis',(0.,1.,0.));
#15227=DIRECTION('ref_axis',(0.,0.,1.));
#15228=DIRECTION('',(0.,0.,-1.));
#15229=DIRECTION('',(1.,0.,0.));
#15230=DIRECTION('',(0.,0.,-1.));
#15231=DIRECTION('center_axis',(-1.,0.,0.));
#15232=DIRECTION('ref_axis',(0.,0.,1.));
#15233=DIRECTION('',(0.,0.,-1.));
#15234=DIRECTION('',(0.,1.,0.));
#15235=DIRECTION('center_axis',(0.,-1.,0.));
#15236=DIRECTION('ref_axis',(0.,0.,-1.));
#15237=DIRECTION('',(0.,0.,-1.));
#15238=DIRECTION('',(-1.,0.,0.));
#15239=DIRECTION('center_axis',(1.,0.,0.));
#15240=DIRECTION('ref_axis',(0.,0.,-1.));
#15241=DIRECTION('',(0.,-1.,0.));
#15242=DIRECTION('center_axis',(0.,0.,-1.));
#15243=DIRECTION('ref_axis',(-1.,0.,0.));
#15244=DIRECTION('center_axis',(0.,1.,0.));
#15245=DIRECTION('ref_axis',(0.,0.,1.));
#15246=DIRECTION('',(0.,0.,-1.));
#15247=DIRECTION('',(1.,0.,0.));
#15248=DIRECTION('',(0.,0.,-1.));
#15249=DIRECTION('center_axis',(-1.,0.,0.));
#15250=DIRECTION('ref_axis',(0.,0.,1.));
#15251=DIRECTION('',(0.,0.,-1.));
#15252=DIRECTION('',(0.,1.,0.));
#15253=DIRECTION('center_axis',(0.,-1.,0.));
#15254=DIRECTION('ref_axis',(0.,0.,-1.));
#15255=DIRECTION('',(0.,0.,-1.));
#15256=DIRECTION('',(-1.,0.,0.));
#15257=DIRECTION('center_axis',(1.,0.,0.));
#15258=DIRECTION('ref_axis',(0.,0.,-1.));
#15259=DIRECTION('',(0.,-1.,0.));
#15260=DIRECTION('center_axis',(0.,0.,-1.));
#15261=DIRECTION('ref_axis',(-1.,0.,0.));
#15262=DIRECTION('center_axis',(0.,1.,0.));
#15263=DIRECTION('ref_axis',(0.,0.,1.));
#15264=DIRECTION('',(0.,0.,-1.));
#15265=DIRECTION('',(1.,0.,0.));
#15266=DIRECTION('',(0.,0.,-1.));
#15267=DIRECTION('center_axis',(-1.,0.,0.));
#15268=DIRECTION('ref_axis',(0.,0.,1.));
#15269=DIRECTION('',(0.,0.,-1.));
#15270=DIRECTION('',(0.,1.,0.));
#15271=DIRECTION('center_axis',(0.,-1.,0.));
#15272=DIRECTION('ref_axis',(0.,0.,-1.));
#15273=DIRECTION('',(0.,0.,-1.));
#15274=DIRECTION('',(-1.,0.,0.));
#15275=DIRECTION('center_axis',(1.,0.,0.));
#15276=DIRECTION('ref_axis',(0.,0.,-1.));
#15277=DIRECTION('',(0.,-1.,0.));
#15278=DIRECTION('center_axis',(0.,0.,-1.));
#15279=DIRECTION('ref_axis',(-1.,0.,0.));
#15280=DIRECTION('center_axis',(0.,1.,0.));
#15281=DIRECTION('ref_axis',(0.,0.,1.));
#15282=DIRECTION('',(0.,0.,-1.));
#15283=DIRECTION('',(1.,0.,0.));
#15284=DIRECTION('',(0.,0.,-1.));
#15285=DIRECTION('center_axis',(-1.,0.,0.));
#15286=DIRECTION('ref_axis',(0.,0.,1.));
#15287=DIRECTION('',(0.,0.,-1.));
#15288=DIRECTION('',(0.,1.,0.));
#15289=DIRECTION('center_axis',(0.,-1.,0.));
#15290=DIRECTION('ref_axis',(0.,0.,-1.));
#15291=DIRECTION('',(0.,0.,-1.));
#15292=DIRECTION('',(-1.,0.,0.));
#15293=DIRECTION('center_axis',(1.,0.,0.));
#15294=DIRECTION('ref_axis',(0.,0.,-1.));
#15295=DIRECTION('',(0.,-1.,0.));
#15296=DIRECTION('center_axis',(0.,0.,-1.));
#15297=DIRECTION('ref_axis',(-1.,0.,0.));
#15298=DIRECTION('center_axis',(0.,1.,0.));
#15299=DIRECTION('ref_axis',(0.,0.,1.));
#15300=DIRECTION('',(0.,0.,-1.));
#15301=DIRECTION('',(1.,0.,0.));
#15302=DIRECTION('',(0.,0.,-1.));
#15303=DIRECTION('center_axis',(-1.,0.,0.));
#15304=DIRECTION('ref_axis',(0.,0.,1.));
#15305=DIRECTION('',(0.,0.,-1.));
#15306=DIRECTION('',(0.,1.,0.));
#15307=DIRECTION('center_axis',(0.,-1.,0.));
#15308=DIRECTION('ref_axis',(0.,0.,-1.));
#15309=DIRECTION('',(0.,0.,-1.));
#15310=DIRECTION('',(-1.,0.,0.));
#15311=DIRECTION('center_axis',(1.,0.,0.));
#15312=DIRECTION('ref_axis',(0.,0.,-1.));
#15313=DIRECTION('',(0.,-1.,0.));
#15314=DIRECTION('center_axis',(0.,0.,-1.));
#15315=DIRECTION('ref_axis',(-1.,0.,0.));
#15316=DIRECTION('center_axis',(0.,1.,0.));
#15317=DIRECTION('ref_axis',(0.,0.,1.));
#15318=DIRECTION('',(0.,0.,-1.));
#15319=DIRECTION('',(1.,0.,0.));
#15320=DIRECTION('',(0.,0.,-1.));
#15321=DIRECTION('center_axis',(-1.,0.,0.));
#15322=DIRECTION('ref_axis',(0.,0.,1.));
#15323=DIRECTION('',(0.,0.,-1.));
#15324=DIRECTION('',(0.,1.,0.));
#15325=DIRECTION('center_axis',(0.,-1.,0.));
#15326=DIRECTION('ref_axis',(0.,0.,-1.));
#15327=DIRECTION('',(0.,0.,-1.));
#15328=DIRECTION('',(-1.,0.,0.));
#15329=DIRECTION('center_axis',(1.,0.,0.));
#15330=DIRECTION('ref_axis',(0.,0.,-1.));
#15331=DIRECTION('',(0.,-1.,0.));
#15332=DIRECTION('center_axis',(0.,0.,-1.));
#15333=DIRECTION('ref_axis',(-1.,0.,0.));
#15334=DIRECTION('center_axis',(0.,1.,0.));
#15335=DIRECTION('ref_axis',(0.,0.,1.));
#15336=DIRECTION('',(0.,0.,-1.));
#15337=DIRECTION('',(1.,0.,0.));
#15338=DIRECTION('',(0.,0.,-1.));
#15339=DIRECTION('center_axis',(-1.,0.,0.));
#15340=DIRECTION('ref_axis',(0.,0.,1.));
#15341=DIRECTION('',(0.,0.,-1.));
#15342=DIRECTION('',(0.,1.,0.));
#15343=DIRECTION('center_axis',(0.,-1.,0.));
#15344=DIRECTION('ref_axis',(0.,0.,-1.));
#15345=DIRECTION('',(0.,0.,-1.));
#15346=DIRECTION('',(-1.,0.,0.));
#15347=DIRECTION('center_axis',(1.,0.,0.));
#15348=DIRECTION('ref_axis',(0.,0.,-1.));
#15349=DIRECTION('',(0.,-1.,0.));
#15350=DIRECTION('center_axis',(0.,0.,-1.));
#15351=DIRECTION('ref_axis',(-1.,0.,0.));
#15352=DIRECTION('center_axis',(0.,1.,0.));
#15353=DIRECTION('ref_axis',(0.,0.,1.));
#15354=DIRECTION('',(0.,0.,-1.));
#15355=DIRECTION('',(1.,0.,0.));
#15356=DIRECTION('',(0.,0.,-1.));
#15357=DIRECTION('center_axis',(-1.,0.,0.));
#15358=DIRECTION('ref_axis',(0.,0.,1.));
#15359=DIRECTION('',(0.,0.,-1.));
#15360=DIRECTION('',(0.,1.,0.));
#15361=DIRECTION('center_axis',(0.,-1.,0.));
#15362=DIRECTION('ref_axis',(0.,0.,-1.));
#15363=DIRECTION('',(0.,0.,-1.));
#15364=DIRECTION('',(-1.,0.,0.));
#15365=DIRECTION('center_axis',(1.,0.,0.));
#15366=DIRECTION('ref_axis',(0.,0.,-1.));
#15367=DIRECTION('',(0.,-1.,0.));
#15368=DIRECTION('center_axis',(0.,0.,-1.));
#15369=DIRECTION('ref_axis',(-1.,0.,0.));
#15370=DIRECTION('center_axis',(0.,1.,0.));
#15371=DIRECTION('ref_axis',(0.,0.,1.));
#15372=DIRECTION('',(0.,0.,-1.));
#15373=DIRECTION('',(1.,0.,0.));
#15374=DIRECTION('',(0.,0.,-1.));
#15375=DIRECTION('center_axis',(-1.,0.,0.));
#15376=DIRECTION('ref_axis',(0.,0.,1.));
#15377=DIRECTION('',(0.,0.,-1.));
#15378=DIRECTION('',(0.,1.,0.));
#15379=DIRECTION('center_axis',(0.,-1.,0.));
#15380=DIRECTION('ref_axis',(0.,0.,-1.));
#15381=DIRECTION('',(0.,0.,-1.));
#15382=DIRECTION('',(-1.,0.,0.));
#15383=DIRECTION('center_axis',(1.,0.,0.));
#15384=DIRECTION('ref_axis',(0.,0.,-1.));
#15385=DIRECTION('',(0.,-1.,0.));
#15386=DIRECTION('center_axis',(0.,0.,-1.));
#15387=DIRECTION('ref_axis',(-1.,0.,0.));
#15388=DIRECTION('center_axis',(0.,1.,0.));
#15389=DIRECTION('ref_axis',(0.,0.,1.));
#15390=DIRECTION('',(0.,0.,-1.));
#15391=DIRECTION('',(1.,0.,0.));
#15392=DIRECTION('',(0.,0.,-1.));
#15393=DIRECTION('center_axis',(-1.,0.,0.));
#15394=DIRECTION('ref_axis',(0.,0.,1.));
#15395=DIRECTION('',(0.,0.,-1.));
#15396=DIRECTION('',(0.,1.,0.));
#15397=DIRECTION('center_axis',(0.,-1.,0.));
#15398=DIRECTION('ref_axis',(0.,0.,-1.));
#15399=DIRECTION('',(0.,0.,-1.));
#15400=DIRECTION('',(-1.,0.,0.));
#15401=DIRECTION('center_axis',(1.,0.,0.));
#15402=DIRECTION('ref_axis',(0.,0.,-1.));
#15403=DIRECTION('',(0.,-1.,0.));
#15404=DIRECTION('center_axis',(0.,0.,-1.));
#15405=DIRECTION('ref_axis',(-1.,0.,0.));
#15406=DIRECTION('center_axis',(0.,1.,0.));
#15407=DIRECTION('ref_axis',(0.,0.,1.));
#15408=DIRECTION('',(0.,0.,-1.));
#15409=DIRECTION('',(1.,0.,0.));
#15410=DIRECTION('',(0.,0.,-1.));
#15411=DIRECTION('center_axis',(-1.,0.,0.));
#15412=DIRECTION('ref_axis',(0.,0.,1.));
#15413=DIRECTION('',(0.,0.,-1.));
#15414=DIRECTION('',(0.,1.,0.));
#15415=DIRECTION('center_axis',(0.,-1.,0.));
#15416=DIRECTION('ref_axis',(0.,0.,-1.));
#15417=DIRECTION('',(0.,0.,-1.));
#15418=DIRECTION('',(-1.,0.,0.));
#15419=DIRECTION('center_axis',(1.,0.,0.));
#15420=DIRECTION('ref_axis',(0.,0.,-1.));
#15421=DIRECTION('',(0.,-1.,0.));
#15422=DIRECTION('center_axis',(0.,0.,-1.));
#15423=DIRECTION('ref_axis',(-1.,0.,0.));
#15424=DIRECTION('center_axis',(0.,1.,0.));
#15425=DIRECTION('ref_axis',(0.,0.,1.));
#15426=DIRECTION('',(0.,0.,-1.));
#15427=DIRECTION('',(1.,0.,0.));
#15428=DIRECTION('',(0.,0.,-1.));
#15429=DIRECTION('center_axis',(-1.,0.,0.));
#15430=DIRECTION('ref_axis',(0.,0.,1.));
#15431=DIRECTION('',(0.,0.,-1.));
#15432=DIRECTION('',(0.,1.,0.));
#15433=DIRECTION('center_axis',(0.,-1.,0.));
#15434=DIRECTION('ref_axis',(0.,0.,-1.));
#15435=DIRECTION('',(0.,0.,-1.));
#15436=DIRECTION('',(-1.,0.,0.));
#15437=DIRECTION('center_axis',(1.,0.,0.));
#15438=DIRECTION('ref_axis',(0.,0.,-1.));
#15439=DIRECTION('',(0.,-1.,0.));
#15440=DIRECTION('center_axis',(0.,0.,-1.));
#15441=DIRECTION('ref_axis',(-1.,0.,0.));
#15442=DIRECTION('center_axis',(0.,1.,0.));
#15443=DIRECTION('ref_axis',(0.,0.,1.));
#15444=DIRECTION('',(0.,0.,-1.));
#15445=DIRECTION('',(1.,0.,0.));
#15446=DIRECTION('',(0.,0.,-1.));
#15447=DIRECTION('center_axis',(-1.,0.,0.));
#15448=DIRECTION('ref_axis',(0.,0.,1.));
#15449=DIRECTION('',(0.,0.,-1.));
#15450=DIRECTION('',(0.,1.,0.));
#15451=DIRECTION('center_axis',(0.,-1.,0.));
#15452=DIRECTION('ref_axis',(0.,0.,-1.));
#15453=DIRECTION('',(0.,0.,-1.));
#15454=DIRECTION('',(-1.,0.,0.));
#15455=DIRECTION('center_axis',(1.,0.,0.));
#15456=DIRECTION('ref_axis',(0.,0.,-1.));
#15457=DIRECTION('',(0.,-1.,0.));
#15458=DIRECTION('center_axis',(0.,0.,-1.));
#15459=DIRECTION('ref_axis',(-1.,0.,0.));
#15460=DIRECTION('center_axis',(0.,1.,0.));
#15461=DIRECTION('ref_axis',(0.,0.,1.));
#15462=DIRECTION('',(0.,0.,-1.));
#15463=DIRECTION('',(1.,0.,0.));
#15464=DIRECTION('',(0.,0.,-1.));
#15465=DIRECTION('center_axis',(-1.,0.,0.));
#15466=DIRECTION('ref_axis',(0.,0.,1.));
#15467=DIRECTION('',(0.,0.,-1.));
#15468=DIRECTION('',(0.,1.,0.));
#15469=DIRECTION('center_axis',(0.,-1.,0.));
#15470=DIRECTION('ref_axis',(0.,0.,-1.));
#15471=DIRECTION('',(0.,0.,-1.));
#15472=DIRECTION('',(-1.,0.,0.));
#15473=DIRECTION('center_axis',(1.,0.,0.));
#15474=DIRECTION('ref_axis',(0.,0.,-1.));
#15475=DIRECTION('',(0.,-1.,0.));
#15476=DIRECTION('center_axis',(0.,0.,-1.));
#15477=DIRECTION('ref_axis',(-1.,0.,0.));
#15478=DIRECTION('center_axis',(0.,1.,0.));
#15479=DIRECTION('ref_axis',(0.,0.,1.));
#15480=DIRECTION('',(0.,0.,-1.));
#15481=DIRECTION('',(1.,0.,0.));
#15482=DIRECTION('',(0.,0.,-1.));
#15483=DIRECTION('center_axis',(-1.,0.,0.));
#15484=DIRECTION('ref_axis',(0.,0.,1.));
#15485=DIRECTION('',(0.,0.,-1.));
#15486=DIRECTION('',(0.,1.,0.));
#15487=DIRECTION('center_axis',(0.,-1.,0.));
#15488=DIRECTION('ref_axis',(0.,0.,-1.));
#15489=DIRECTION('',(0.,0.,-1.));
#15490=DIRECTION('',(-1.,0.,0.));
#15491=DIRECTION('center_axis',(1.,0.,0.));
#15492=DIRECTION('ref_axis',(0.,0.,-1.));
#15493=DIRECTION('',(0.,-1.,0.));
#15494=DIRECTION('center_axis',(0.,0.,-1.));
#15495=DIRECTION('ref_axis',(-1.,0.,0.));
#15496=DIRECTION('center_axis',(0.,1.,0.));
#15497=DIRECTION('ref_axis',(0.,0.,1.));
#15498=DIRECTION('',(0.,0.,-1.));
#15499=DIRECTION('',(1.,0.,0.));
#15500=DIRECTION('',(0.,0.,-1.));
#15501=DIRECTION('center_axis',(-1.,0.,0.));
#15502=DIRECTION('ref_axis',(0.,0.,1.));
#15503=DIRECTION('',(0.,0.,-1.));
#15504=DIRECTION('',(0.,1.,0.));
#15505=DIRECTION('center_axis',(0.,-1.,0.));
#15506=DIRECTION('ref_axis',(0.,0.,-1.));
#15507=DIRECTION('',(0.,0.,-1.));
#15508=DIRECTION('',(-1.,0.,0.));
#15509=DIRECTION('center_axis',(1.,0.,0.));
#15510=DIRECTION('ref_axis',(0.,0.,-1.));
#15511=DIRECTION('',(0.,-1.,0.));
#15512=DIRECTION('center_axis',(0.,0.,-1.));
#15513=DIRECTION('ref_axis',(-1.,0.,0.));
#15514=DIRECTION('center_axis',(0.,1.,0.));
#15515=DIRECTION('ref_axis',(0.,0.,1.));
#15516=DIRECTION('',(0.,0.,-1.));
#15517=DIRECTION('',(1.,0.,0.));
#15518=DIRECTION('',(0.,0.,-1.));
#15519=DIRECTION('center_axis',(-1.,0.,0.));
#15520=DIRECTION('ref_axis',(0.,0.,1.));
#15521=DIRECTION('',(0.,0.,-1.));
#15522=DIRECTION('',(0.,1.,0.));
#15523=DIRECTION('center_axis',(0.,-1.,0.));
#15524=DIRECTION('ref_axis',(0.,0.,-1.));
#15525=DIRECTION('',(0.,0.,-1.));
#15526=DIRECTION('',(-1.,0.,0.));
#15527=DIRECTION('center_axis',(1.,0.,0.));
#15528=DIRECTION('ref_axis',(0.,0.,-1.));
#15529=DIRECTION('',(0.,-1.,0.));
#15530=DIRECTION('center_axis',(0.,0.,-1.));
#15531=DIRECTION('ref_axis',(-1.,0.,0.));
#15532=DIRECTION('center_axis',(0.,1.,0.));
#15533=DIRECTION('ref_axis',(0.,0.,1.));
#15534=DIRECTION('',(0.,0.,-1.));
#15535=DIRECTION('',(1.,0.,0.));
#15536=DIRECTION('',(0.,0.,-1.));
#15537=DIRECTION('center_axis',(-1.,0.,0.));
#15538=DIRECTION('ref_axis',(0.,0.,1.));
#15539=DIRECTION('',(0.,0.,-1.));
#15540=DIRECTION('',(0.,1.,0.));
#15541=DIRECTION('center_axis',(0.,-1.,0.));
#15542=DIRECTION('ref_axis',(0.,0.,-1.));
#15543=DIRECTION('',(0.,0.,-1.));
#15544=DIRECTION('',(-1.,0.,0.));
#15545=DIRECTION('center_axis',(1.,0.,0.));
#15546=DIRECTION('ref_axis',(0.,0.,-1.));
#15547=DIRECTION('',(0.,-1.,0.));
#15548=DIRECTION('center_axis',(0.,0.,-1.));
#15549=DIRECTION('ref_axis',(-1.,0.,0.));
#15550=DIRECTION('center_axis',(0.,1.,0.));
#15551=DIRECTION('ref_axis',(0.,0.,1.));
#15552=DIRECTION('',(0.,0.,-1.));
#15553=DIRECTION('',(1.,0.,0.));
#15554=DIRECTION('',(0.,0.,-1.));
#15555=DIRECTION('center_axis',(-1.,0.,0.));
#15556=DIRECTION('ref_axis',(0.,0.,1.));
#15557=DIRECTION('',(0.,0.,-1.));
#15558=DIRECTION('',(0.,1.,0.));
#15559=DIRECTION('center_axis',(0.,-1.,0.));
#15560=DIRECTION('ref_axis',(0.,0.,-1.));
#15561=DIRECTION('',(0.,0.,-1.));
#15562=DIRECTION('',(-1.,0.,0.));
#15563=DIRECTION('center_axis',(1.,0.,0.));
#15564=DIRECTION('ref_axis',(0.,0.,-1.));
#15565=DIRECTION('',(0.,-1.,0.));
#15566=DIRECTION('center_axis',(0.,0.,-1.));
#15567=DIRECTION('ref_axis',(-1.,0.,0.));
#15568=DIRECTION('center_axis',(0.,1.,0.));
#15569=DIRECTION('ref_axis',(0.,0.,1.));
#15570=DIRECTION('',(0.,0.,-1.));
#15571=DIRECTION('',(1.,0.,0.));
#15572=DIRECTION('',(0.,0.,-1.));
#15573=DIRECTION('center_axis',(-1.,0.,0.));
#15574=DIRECTION('ref_axis',(0.,0.,1.));
#15575=DIRECTION('',(0.,0.,-1.));
#15576=DIRECTION('',(0.,1.,0.));
#15577=DIRECTION('center_axis',(0.,-1.,0.));
#15578=DIRECTION('ref_axis',(0.,0.,-1.));
#15579=DIRECTION('',(0.,0.,-1.));
#15580=DIRECTION('',(-1.,0.,0.));
#15581=DIRECTION('center_axis',(1.,0.,0.));
#15582=DIRECTION('ref_axis',(0.,0.,-1.));
#15583=DIRECTION('',(0.,-1.,0.));
#15584=DIRECTION('center_axis',(0.,0.,-1.));
#15585=DIRECTION('ref_axis',(-1.,0.,0.));
#15586=DIRECTION('center_axis',(0.,1.,0.));
#15587=DIRECTION('ref_axis',(0.,0.,1.));
#15588=DIRECTION('',(0.,0.,-1.));
#15589=DIRECTION('',(1.,0.,0.));
#15590=DIRECTION('',(0.,0.,-1.));
#15591=DIRECTION('center_axis',(-1.,0.,0.));
#15592=DIRECTION('ref_axis',(0.,0.,1.));
#15593=DIRECTION('',(0.,0.,-1.));
#15594=DIRECTION('',(0.,1.,0.));
#15595=DIRECTION('center_axis',(0.,-1.,0.));
#15596=DIRECTION('ref_axis',(0.,0.,-1.));
#15597=DIRECTION('',(0.,0.,-1.));
#15598=DIRECTION('',(-1.,0.,0.));
#15599=DIRECTION('center_axis',(1.,0.,0.));
#15600=DIRECTION('ref_axis',(0.,0.,-1.));
#15601=DIRECTION('',(0.,-1.,0.));
#15602=DIRECTION('center_axis',(0.,0.,-1.));
#15603=DIRECTION('ref_axis',(-1.,0.,0.));
#15604=DIRECTION('center_axis',(0.,1.,0.));
#15605=DIRECTION('ref_axis',(0.,0.,1.));
#15606=DIRECTION('',(0.,0.,-1.));
#15607=DIRECTION('',(1.,0.,0.));
#15608=DIRECTION('',(0.,0.,-1.));
#15609=DIRECTION('center_axis',(-1.,0.,0.));
#15610=DIRECTION('ref_axis',(0.,0.,1.));
#15611=DIRECTION('',(0.,0.,-1.));
#15612=DIRECTION('',(0.,1.,0.));
#15613=DIRECTION('center_axis',(0.,-1.,0.));
#15614=DIRECTION('ref_axis',(0.,0.,-1.));
#15615=DIRECTION('',(0.,0.,-1.));
#15616=DIRECTION('',(-1.,0.,0.));
#15617=DIRECTION('center_axis',(1.,0.,0.));
#15618=DIRECTION('ref_axis',(0.,0.,-1.));
#15619=DIRECTION('',(0.,-1.,0.));
#15620=DIRECTION('center_axis',(0.,0.,-1.));
#15621=DIRECTION('ref_axis',(-1.,0.,0.));
#15622=DIRECTION('center_axis',(0.,1.,0.));
#15623=DIRECTION('ref_axis',(0.,0.,1.));
#15624=DIRECTION('',(0.,0.,-1.));
#15625=DIRECTION('',(1.,0.,0.));
#15626=DIRECTION('',(0.,0.,-1.));
#15627=DIRECTION('center_axis',(-1.,0.,0.));
#15628=DIRECTION('ref_axis',(0.,0.,1.));
#15629=DIRECTION('',(0.,0.,-1.));
#15630=DIRECTION('',(0.,1.,0.));
#15631=DIRECTION('center_axis',(0.,-1.,0.));
#15632=DIRECTION('ref_axis',(0.,0.,-1.));
#15633=DIRECTION('',(0.,0.,-1.));
#15634=DIRECTION('',(-1.,0.,0.));
#15635=DIRECTION('center_axis',(1.,0.,0.));
#15636=DIRECTION('ref_axis',(0.,0.,-1.));
#15637=DIRECTION('',(0.,-1.,0.));
#15638=DIRECTION('center_axis',(0.,0.,-1.));
#15639=DIRECTION('ref_axis',(-1.,0.,0.));
#15640=DIRECTION('center_axis',(0.,1.,0.));
#15641=DIRECTION('ref_axis',(0.,0.,1.));
#15642=DIRECTION('',(0.,0.,-1.));
#15643=DIRECTION('',(1.,0.,0.));
#15644=DIRECTION('',(0.,0.,-1.));
#15645=DIRECTION('center_axis',(-1.,0.,0.));
#15646=DIRECTION('ref_axis',(0.,0.,1.));
#15647=DIRECTION('',(0.,0.,-1.));
#15648=DIRECTION('',(0.,1.,0.));
#15649=DIRECTION('center_axis',(0.,-1.,0.));
#15650=DIRECTION('ref_axis',(0.,0.,-1.));
#15651=DIRECTION('',(0.,0.,-1.));
#15652=DIRECTION('',(-1.,0.,0.));
#15653=DIRECTION('center_axis',(1.,0.,0.));
#15654=DIRECTION('ref_axis',(0.,0.,-1.));
#15655=DIRECTION('',(0.,-1.,0.));
#15656=DIRECTION('center_axis',(0.,0.,-1.));
#15657=DIRECTION('ref_axis',(-1.,0.,0.));
#15658=DIRECTION('center_axis',(0.,1.,0.));
#15659=DIRECTION('ref_axis',(0.,0.,1.));
#15660=DIRECTION('',(0.,0.,-1.));
#15661=DIRECTION('',(1.,0.,0.));
#15662=DIRECTION('',(0.,0.,-1.));
#15663=DIRECTION('center_axis',(-1.,0.,0.));
#15664=DIRECTION('ref_axis',(0.,0.,1.));
#15665=DIRECTION('',(0.,0.,-1.));
#15666=DIRECTION('',(0.,1.,0.));
#15667=DIRECTION('center_axis',(0.,-1.,0.));
#15668=DIRECTION('ref_axis',(0.,0.,-1.));
#15669=DIRECTION('',(0.,0.,-1.));
#15670=DIRECTION('',(-1.,0.,0.));
#15671=DIRECTION('center_axis',(1.,0.,0.));
#15672=DIRECTION('ref_axis',(0.,0.,-1.));
#15673=DIRECTION('',(0.,-1.,0.));
#15674=DIRECTION('center_axis',(0.,0.,-1.));
#15675=DIRECTION('ref_axis',(-1.,0.,0.));
#15676=DIRECTION('center_axis',(0.,1.,0.));
#15677=DIRECTION('ref_axis',(0.,0.,1.));
#15678=DIRECTION('',(0.,0.,-1.));
#15679=DIRECTION('',(1.,0.,0.));
#15680=DIRECTION('',(0.,0.,-1.));
#15681=DIRECTION('center_axis',(-1.,0.,0.));
#15682=DIRECTION('ref_axis',(0.,0.,1.));
#15683=DIRECTION('',(0.,0.,-1.));
#15684=DIRECTION('',(0.,1.,0.));
#15685=DIRECTION('center_axis',(0.,-1.,0.));
#15686=DIRECTION('ref_axis',(0.,0.,-1.));
#15687=DIRECTION('',(0.,0.,-1.));
#15688=DIRECTION('',(-1.,0.,0.));
#15689=DIRECTION('center_axis',(1.,0.,0.));
#15690=DIRECTION('ref_axis',(0.,0.,-1.));
#15691=DIRECTION('',(0.,-1.,0.));
#15692=DIRECTION('center_axis',(0.,0.,-1.));
#15693=DIRECTION('ref_axis',(-1.,0.,0.));
#15694=DIRECTION('center_axis',(0.,1.,0.));
#15695=DIRECTION('ref_axis',(0.,0.,1.));
#15696=DIRECTION('',(0.,0.,-1.));
#15697=DIRECTION('',(1.,0.,0.));
#15698=DIRECTION('',(0.,0.,-1.));
#15699=DIRECTION('center_axis',(-1.,0.,0.));
#15700=DIRECTION('ref_axis',(0.,0.,1.));
#15701=DIRECTION('',(0.,0.,-1.));
#15702=DIRECTION('',(0.,1.,0.));
#15703=DIRECTION('center_axis',(0.,-1.,0.));
#15704=DIRECTION('ref_axis',(0.,0.,-1.));
#15705=DIRECTION('',(0.,0.,-1.));
#15706=DIRECTION('',(-1.,0.,0.));
#15707=DIRECTION('center_axis',(1.,0.,0.));
#15708=DIRECTION('ref_axis',(0.,0.,-1.));
#15709=DIRECTION('',(0.,-1.,0.));
#15710=DIRECTION('center_axis',(0.,0.,-1.));
#15711=DIRECTION('ref_axis',(-1.,0.,0.));
#15712=DIRECTION('center_axis',(0.,1.,0.));
#15713=DIRECTION('ref_axis',(0.,0.,1.));
#15714=DIRECTION('',(0.,0.,-1.));
#15715=DIRECTION('',(1.,0.,0.));
#15716=DIRECTION('',(0.,0.,-1.));
#15717=DIRECTION('center_axis',(-1.,0.,0.));
#15718=DIRECTION('ref_axis',(0.,0.,1.));
#15719=DIRECTION('',(0.,0.,-1.));
#15720=DIRECTION('',(0.,1.,0.));
#15721=DIRECTION('center_axis',(0.,-1.,0.));
#15722=DIRECTION('ref_axis',(0.,0.,-1.));
#15723=DIRECTION('',(0.,0.,-1.));
#15724=DIRECTION('',(-1.,0.,0.));
#15725=DIRECTION('center_axis',(1.,0.,0.));
#15726=DIRECTION('ref_axis',(0.,0.,-1.));
#15727=DIRECTION('',(0.,-1.,0.));
#15728=DIRECTION('center_axis',(0.,0.,-1.));
#15729=DIRECTION('ref_axis',(-1.,0.,0.));
#15730=DIRECTION('center_axis',(0.,1.,0.));
#15731=DIRECTION('ref_axis',(0.,0.,1.));
#15732=DIRECTION('',(0.,0.,-1.));
#15733=DIRECTION('',(1.,0.,0.));
#15734=DIRECTION('',(0.,0.,-1.));
#15735=DIRECTION('center_axis',(-1.,0.,0.));
#15736=DIRECTION('ref_axis',(0.,0.,1.));
#15737=DIRECTION('',(0.,0.,-1.));
#15738=DIRECTION('',(0.,1.,0.));
#15739=DIRECTION('center_axis',(0.,-1.,0.));
#15740=DIRECTION('ref_axis',(0.,0.,-1.));
#15741=DIRECTION('',(0.,0.,-1.));
#15742=DIRECTION('',(-1.,0.,0.));
#15743=DIRECTION('center_axis',(1.,0.,0.));
#15744=DIRECTION('ref_axis',(0.,0.,-1.));
#15745=DIRECTION('',(0.,-1.,0.));
#15746=DIRECTION('center_axis',(0.,0.,-1.));
#15747=DIRECTION('ref_axis',(-1.,0.,0.));
#15748=DIRECTION('center_axis',(0.,1.,0.));
#15749=DIRECTION('ref_axis',(0.,0.,1.));
#15750=DIRECTION('',(0.,0.,-1.));
#15751=DIRECTION('',(1.,0.,0.));
#15752=DIRECTION('',(0.,0.,-1.));
#15753=DIRECTION('center_axis',(-1.,0.,0.));
#15754=DIRECTION('ref_axis',(0.,0.,1.));
#15755=DIRECTION('',(0.,0.,-1.));
#15756=DIRECTION('',(0.,1.,0.));
#15757=DIRECTION('center_axis',(0.,-1.,0.));
#15758=DIRECTION('ref_axis',(0.,0.,-1.));
#15759=DIRECTION('',(0.,0.,-1.));
#15760=DIRECTION('',(-1.,0.,0.));
#15761=DIRECTION('center_axis',(1.,0.,0.));
#15762=DIRECTION('ref_axis',(0.,0.,-1.));
#15763=DIRECTION('',(0.,-1.,0.));
#15764=DIRECTION('center_axis',(0.,0.,-1.));
#15765=DIRECTION('ref_axis',(-1.,0.,0.));
#15766=DIRECTION('center_axis',(0.,1.,0.));
#15767=DIRECTION('ref_axis',(0.,0.,1.));
#15768=DIRECTION('',(0.,0.,-1.));
#15769=DIRECTION('',(1.,0.,0.));
#15770=DIRECTION('',(0.,0.,-1.));
#15771=DIRECTION('center_axis',(-1.,0.,0.));
#15772=DIRECTION('ref_axis',(0.,0.,1.));
#15773=DIRECTION('',(0.,0.,-1.));
#15774=DIRECTION('',(0.,1.,0.));
#15775=DIRECTION('center_axis',(0.,-1.,0.));
#15776=DIRECTION('ref_axis',(0.,0.,-1.));
#15777=DIRECTION('',(0.,0.,-1.));
#15778=DIRECTION('',(-1.,0.,0.));
#15779=DIRECTION('center_axis',(1.,0.,0.));
#15780=DIRECTION('ref_axis',(0.,0.,-1.));
#15781=DIRECTION('',(0.,-1.,0.));
#15782=DIRECTION('center_axis',(0.,0.,-1.));
#15783=DIRECTION('ref_axis',(-1.,0.,0.));
#15784=DIRECTION('center_axis',(0.,1.,0.));
#15785=DIRECTION('ref_axis',(0.,0.,1.));
#15786=DIRECTION('',(0.,0.,-1.));
#15787=DIRECTION('',(1.,0.,0.));
#15788=DIRECTION('',(0.,0.,-1.));
#15789=DIRECTION('center_axis',(-1.,0.,0.));
#15790=DIRECTION('ref_axis',(0.,0.,1.));
#15791=DIRECTION('',(0.,0.,-1.));
#15792=DIRECTION('',(0.,1.,0.));
#15793=DIRECTION('center_axis',(0.,-1.,0.));
#15794=DIRECTION('ref_axis',(0.,0.,-1.));
#15795=DIRECTION('',(0.,0.,-1.));
#15796=DIRECTION('',(-1.,0.,0.));
#15797=DIRECTION('center_axis',(1.,0.,0.));
#15798=DIRECTION('ref_axis',(0.,0.,-1.));
#15799=DIRECTION('',(0.,-1.,0.));
#15800=DIRECTION('center_axis',(0.,0.,-1.));
#15801=DIRECTION('ref_axis',(-1.,0.,0.));
#15802=DIRECTION('center_axis',(0.,1.,0.));
#15803=DIRECTION('ref_axis',(0.,0.,1.));
#15804=DIRECTION('',(0.,0.,-1.));
#15805=DIRECTION('',(1.,0.,0.));
#15806=DIRECTION('',(0.,0.,-1.));
#15807=DIRECTION('center_axis',(-1.,0.,0.));
#15808=DIRECTION('ref_axis',(0.,0.,1.));
#15809=DIRECTION('',(0.,0.,-1.));
#15810=DIRECTION('',(0.,1.,0.));
#15811=DIRECTION('center_axis',(0.,-1.,0.));
#15812=DIRECTION('ref_axis',(0.,0.,-1.));
#15813=DIRECTION('',(0.,0.,-1.));
#15814=DIRECTION('',(-1.,0.,0.));
#15815=DIRECTION('center_axis',(1.,0.,0.));
#15816=DIRECTION('ref_axis',(0.,0.,-1.));
#15817=DIRECTION('',(0.,-1.,0.));
#15818=DIRECTION('center_axis',(0.,0.,-1.));
#15819=DIRECTION('ref_axis',(-1.,0.,0.));
#15820=DIRECTION('center_axis',(0.,1.,0.));
#15821=DIRECTION('ref_axis',(0.,0.,1.));
#15822=DIRECTION('',(0.,0.,-1.));
#15823=DIRECTION('',(1.,0.,0.));
#15824=DIRECTION('',(0.,0.,-1.));
#15825=DIRECTION('center_axis',(-1.,0.,0.));
#15826=DIRECTION('ref_axis',(0.,0.,1.));
#15827=DIRECTION('',(0.,0.,-1.));
#15828=DIRECTION('',(0.,1.,0.));
#15829=DIRECTION('center_axis',(0.,-1.,0.));
#15830=DIRECTION('ref_axis',(0.,0.,-1.));
#15831=DIRECTION('',(0.,0.,-1.));
#15832=DIRECTION('',(-1.,0.,0.));
#15833=DIRECTION('center_axis',(1.,0.,0.));
#15834=DIRECTION('ref_axis',(0.,0.,-1.));
#15835=DIRECTION('',(0.,-1.,0.));
#15836=DIRECTION('center_axis',(0.,0.,-1.));
#15837=DIRECTION('ref_axis',(-1.,0.,0.));
#15838=DIRECTION('center_axis',(0.,1.,0.));
#15839=DIRECTION('ref_axis',(0.,0.,1.));
#15840=DIRECTION('',(0.,0.,-1.));
#15841=DIRECTION('',(1.,0.,0.));
#15842=DIRECTION('',(0.,0.,-1.));
#15843=DIRECTION('center_axis',(-1.,0.,0.));
#15844=DIRECTION('ref_axis',(0.,0.,1.));
#15845=DIRECTION('',(0.,0.,-1.));
#15846=DIRECTION('',(0.,1.,0.));
#15847=DIRECTION('center_axis',(0.,-1.,0.));
#15848=DIRECTION('ref_axis',(0.,0.,-1.));
#15849=DIRECTION('',(0.,0.,-1.));
#15850=DIRECTION('',(-1.,0.,0.));
#15851=DIRECTION('center_axis',(1.,0.,0.));
#15852=DIRECTION('ref_axis',(0.,0.,-1.));
#15853=DIRECTION('',(0.,-1.,0.));
#15854=DIRECTION('center_axis',(0.,0.,-1.));
#15855=DIRECTION('ref_axis',(-1.,0.,0.));
#15856=DIRECTION('center_axis',(0.,1.,0.));
#15857=DIRECTION('ref_axis',(0.,0.,1.));
#15858=DIRECTION('',(0.,0.,-1.));
#15859=DIRECTION('',(1.,0.,0.));
#15860=DIRECTION('',(0.,0.,-1.));
#15861=DIRECTION('center_axis',(-1.,0.,0.));
#15862=DIRECTION('ref_axis',(0.,0.,1.));
#15863=DIRECTION('',(0.,0.,-1.));
#15864=DIRECTION('',(0.,1.,0.));
#15865=DIRECTION('center_axis',(0.,-1.,0.));
#15866=DIRECTION('ref_axis',(0.,0.,-1.));
#15867=DIRECTION('',(0.,0.,-1.));
#15868=DIRECTION('',(-1.,0.,0.));
#15869=DIRECTION('center_axis',(1.,0.,0.));
#15870=DIRECTION('ref_axis',(0.,0.,-1.));
#15871=DIRECTION('',(0.,-1.,0.));
#15872=DIRECTION('center_axis',(0.,0.,-1.));
#15873=DIRECTION('ref_axis',(-1.,0.,0.));
#15874=DIRECTION('center_axis',(0.,1.,0.));
#15875=DIRECTION('ref_axis',(0.,0.,1.));
#15876=DIRECTION('',(0.,0.,-1.));
#15877=DIRECTION('',(1.,0.,0.));
#15878=DIRECTION('',(0.,0.,-1.));
#15879=DIRECTION('center_axis',(-1.,0.,0.));
#15880=DIRECTION('ref_axis',(0.,0.,1.));
#15881=DIRECTION('',(0.,0.,-1.));
#15882=DIRECTION('',(0.,1.,0.));
#15883=DIRECTION('center_axis',(0.,-1.,0.));
#15884=DIRECTION('ref_axis',(0.,0.,-1.));
#15885=DIRECTION('',(0.,0.,-1.));
#15886=DIRECTION('',(-1.,0.,0.));
#15887=DIRECTION('center_axis',(1.,0.,0.));
#15888=DIRECTION('ref_axis',(0.,0.,-1.));
#15889=DIRECTION('',(0.,-1.,0.));
#15890=DIRECTION('center_axis',(0.,0.,-1.));
#15891=DIRECTION('ref_axis',(-1.,0.,0.));
#15892=DIRECTION('center_axis',(0.,1.,0.));
#15893=DIRECTION('ref_axis',(0.,0.,1.));
#15894=DIRECTION('',(0.,0.,-1.));
#15895=DIRECTION('',(1.,0.,0.));
#15896=DIRECTION('',(0.,0.,-1.));
#15897=DIRECTION('center_axis',(-1.,0.,0.));
#15898=DIRECTION('ref_axis',(0.,0.,1.));
#15899=DIRECTION('',(0.,0.,-1.));
#15900=DIRECTION('',(0.,1.,0.));
#15901=DIRECTION('center_axis',(0.,-1.,0.));
#15902=DIRECTION('ref_axis',(0.,0.,-1.));
#15903=DIRECTION('',(0.,0.,-1.));
#15904=DIRECTION('',(-1.,0.,0.));
#15905=DIRECTION('center_axis',(1.,0.,0.));
#15906=DIRECTION('ref_axis',(0.,0.,-1.));
#15907=DIRECTION('',(0.,-1.,0.));
#15908=DIRECTION('center_axis',(0.,0.,-1.));
#15909=DIRECTION('ref_axis',(-1.,0.,0.));
#15910=DIRECTION('center_axis',(0.,1.,0.));
#15911=DIRECTION('ref_axis',(0.,0.,1.));
#15912=DIRECTION('',(0.,0.,-1.));
#15913=DIRECTION('',(1.,0.,0.));
#15914=DIRECTION('',(0.,0.,-1.));
#15915=DIRECTION('center_axis',(-1.,0.,0.));
#15916=DIRECTION('ref_axis',(0.,0.,1.));
#15917=DIRECTION('',(0.,0.,-1.));
#15918=DIRECTION('',(0.,1.,0.));
#15919=DIRECTION('center_axis',(0.,-1.,0.));
#15920=DIRECTION('ref_axis',(0.,0.,-1.));
#15921=DIRECTION('',(0.,0.,-1.));
#15922=DIRECTION('',(-1.,0.,0.));
#15923=DIRECTION('center_axis',(1.,0.,0.));
#15924=DIRECTION('ref_axis',(0.,0.,-1.));
#15925=DIRECTION('',(0.,-1.,0.));
#15926=DIRECTION('center_axis',(0.,0.,-1.));
#15927=DIRECTION('ref_axis',(-1.,0.,0.));
#15928=DIRECTION('center_axis',(0.,1.,0.));
#15929=DIRECTION('ref_axis',(0.,0.,1.));
#15930=DIRECTION('',(0.,0.,-1.));
#15931=DIRECTION('',(1.,0.,0.));
#15932=DIRECTION('',(0.,0.,-1.));
#15933=DIRECTION('center_axis',(-1.,0.,0.));
#15934=DIRECTION('ref_axis',(0.,0.,1.));
#15935=DIRECTION('',(0.,0.,-1.));
#15936=DIRECTION('',(0.,1.,0.));
#15937=DIRECTION('center_axis',(0.,-1.,0.));
#15938=DIRECTION('ref_axis',(0.,0.,-1.));
#15939=DIRECTION('',(0.,0.,-1.));
#15940=DIRECTION('',(-1.,0.,0.));
#15941=DIRECTION('center_axis',(1.,0.,0.));
#15942=DIRECTION('ref_axis',(0.,0.,-1.));
#15943=DIRECTION('',(0.,-1.,0.));
#15944=DIRECTION('center_axis',(0.,0.,-1.));
#15945=DIRECTION('ref_axis',(-1.,0.,0.));
#15946=DIRECTION('center_axis',(0.,1.,0.));
#15947=DIRECTION('ref_axis',(0.,0.,1.));
#15948=DIRECTION('',(0.,0.,-1.));
#15949=DIRECTION('',(1.,0.,0.));
#15950=DIRECTION('',(0.,0.,-1.));
#15951=DIRECTION('center_axis',(-1.,0.,0.));
#15952=DIRECTION('ref_axis',(0.,0.,1.));
#15953=DIRECTION('',(0.,0.,-1.));
#15954=DIRECTION('',(0.,1.,0.));
#15955=DIRECTION('center_axis',(0.,-1.,0.));
#15956=DIRECTION('ref_axis',(0.,0.,-1.));
#15957=DIRECTION('',(0.,0.,-1.));
#15958=DIRECTION('',(-1.,0.,0.));
#15959=DIRECTION('center_axis',(1.,0.,0.));
#15960=DIRECTION('ref_axis',(0.,0.,-1.));
#15961=DIRECTION('',(0.,-1.,0.));
#15962=DIRECTION('center_axis',(0.,0.,-1.));
#15963=DIRECTION('ref_axis',(-1.,0.,0.));
#15964=DIRECTION('center_axis',(0.,1.,0.));
#15965=DIRECTION('ref_axis',(0.,0.,1.));
#15966=DIRECTION('',(0.,0.,-1.));
#15967=DIRECTION('',(1.,0.,0.));
#15968=DIRECTION('',(0.,0.,-1.));
#15969=DIRECTION('center_axis',(-1.,0.,0.));
#15970=DIRECTION('ref_axis',(0.,0.,1.));
#15971=DIRECTION('',(0.,0.,-1.));
#15972=DIRECTION('',(0.,1.,0.));
#15973=DIRECTION('center_axis',(0.,-1.,0.));
#15974=DIRECTION('ref_axis',(0.,0.,-1.));
#15975=DIRECTION('',(0.,0.,-1.));
#15976=DIRECTION('',(-1.,0.,0.));
#15977=DIRECTION('center_axis',(1.,0.,0.));
#15978=DIRECTION('ref_axis',(0.,0.,-1.));
#15979=DIRECTION('',(0.,-1.,0.));
#15980=DIRECTION('center_axis',(0.,0.,-1.));
#15981=DIRECTION('ref_axis',(-1.,0.,0.));
#15982=DIRECTION('center_axis',(0.,1.,0.));
#15983=DIRECTION('ref_axis',(0.,0.,1.));
#15984=DIRECTION('',(0.,0.,-1.));
#15985=DIRECTION('',(1.,0.,0.));
#15986=DIRECTION('',(0.,0.,-1.));
#15987=DIRECTION('center_axis',(-1.,0.,0.));
#15988=DIRECTION('ref_axis',(0.,0.,1.));
#15989=DIRECTION('',(0.,0.,-1.));
#15990=DIRECTION('',(0.,1.,0.));
#15991=DIRECTION('center_axis',(0.,-1.,0.));
#15992=DIRECTION('ref_axis',(0.,0.,-1.));
#15993=DIRECTION('',(0.,0.,-1.));
#15994=DIRECTION('',(-1.,0.,0.));
#15995=DIRECTION('center_axis',(1.,0.,0.));
#15996=DIRECTION('ref_axis',(0.,0.,-1.));
#15997=DIRECTION('',(0.,-1.,0.));
#15998=DIRECTION('center_axis',(0.,0.,-1.));
#15999=DIRECTION('ref_axis',(-1.,0.,0.));
#16000=DIRECTION('center_axis',(0.,1.,0.));
#16001=DIRECTION('ref_axis',(0.,0.,1.));
#16002=DIRECTION('',(0.,0.,-1.));
#16003=DIRECTION('',(1.,0.,0.));
#16004=DIRECTION('',(0.,0.,-1.));
#16005=DIRECTION('center_axis',(-1.,0.,0.));
#16006=DIRECTION('ref_axis',(0.,0.,1.));
#16007=DIRECTION('',(0.,0.,-1.));
#16008=DIRECTION('',(0.,1.,0.));
#16009=DIRECTION('center_axis',(0.,-1.,0.));
#16010=DIRECTION('ref_axis',(0.,0.,-1.));
#16011=DIRECTION('',(0.,0.,-1.));
#16012=DIRECTION('',(-1.,0.,0.));
#16013=DIRECTION('center_axis',(1.,0.,0.));
#16014=DIRECTION('ref_axis',(0.,0.,-1.));
#16015=DIRECTION('',(0.,-1.,0.));
#16016=DIRECTION('center_axis',(0.,0.,-1.));
#16017=DIRECTION('ref_axis',(-1.,0.,0.));
#16018=DIRECTION('center_axis',(0.,1.,0.));
#16019=DIRECTION('ref_axis',(0.,0.,1.));
#16020=DIRECTION('',(0.,0.,-1.));
#16021=DIRECTION('',(1.,0.,0.));
#16022=DIRECTION('',(0.,0.,-1.));
#16023=DIRECTION('center_axis',(-1.,0.,0.));
#16024=DIRECTION('ref_axis',(0.,0.,1.));
#16025=DIRECTION('',(0.,0.,-1.));
#16026=DIRECTION('',(0.,1.,0.));
#16027=DIRECTION('center_axis',(0.,-1.,0.));
#16028=DIRECTION('ref_axis',(0.,0.,-1.));
#16029=DIRECTION('',(0.,0.,-1.));
#16030=DIRECTION('',(-1.,0.,0.));
#16031=DIRECTION('center_axis',(1.,0.,0.));
#16032=DIRECTION('ref_axis',(0.,0.,-1.));
#16033=DIRECTION('',(0.,-1.,0.));
#16034=DIRECTION('center_axis',(0.,0.,-1.));
#16035=DIRECTION('ref_axis',(-1.,0.,0.));
#16036=DIRECTION('center_axis',(0.,1.,0.));
#16037=DIRECTION('ref_axis',(0.,0.,1.));
#16038=DIRECTION('',(0.,0.,-1.));
#16039=DIRECTION('',(1.,0.,0.));
#16040=DIRECTION('',(0.,0.,-1.));
#16041=DIRECTION('center_axis',(-1.,0.,0.));
#16042=DIRECTION('ref_axis',(0.,0.,1.));
#16043=DIRECTION('',(0.,0.,-1.));
#16044=DIRECTION('',(0.,1.,0.));
#16045=DIRECTION('center_axis',(0.,-1.,0.));
#16046=DIRECTION('ref_axis',(0.,0.,-1.));
#16047=DIRECTION('',(0.,0.,-1.));
#16048=DIRECTION('',(-1.,0.,0.));
#16049=DIRECTION('center_axis',(1.,0.,0.));
#16050=DIRECTION('ref_axis',(0.,0.,-1.));
#16051=DIRECTION('',(0.,-1.,0.));
#16052=DIRECTION('center_axis',(0.,0.,-1.));
#16053=DIRECTION('ref_axis',(-1.,0.,0.));
#16054=DIRECTION('center_axis',(0.,1.,0.));
#16055=DIRECTION('ref_axis',(0.,0.,1.));
#16056=DIRECTION('',(0.,0.,-1.));
#16057=DIRECTION('',(1.,0.,0.));
#16058=DIRECTION('',(0.,0.,-1.));
#16059=DIRECTION('center_axis',(-1.,0.,0.));
#16060=DIRECTION('ref_axis',(0.,0.,1.));
#16061=DIRECTION('',(0.,0.,-1.));
#16062=DIRECTION('',(0.,1.,0.));
#16063=DIRECTION('center_axis',(0.,-1.,0.));
#16064=DIRECTION('ref_axis',(0.,0.,-1.));
#16065=DIRECTION('',(0.,0.,-1.));
#16066=DIRECTION('',(-1.,0.,0.));
#16067=DIRECTION('center_axis',(1.,0.,0.));
#16068=DIRECTION('ref_axis',(0.,0.,-1.));
#16069=DIRECTION('',(0.,-1.,0.));
#16070=DIRECTION('center_axis',(0.,0.,-1.));
#16071=DIRECTION('ref_axis',(-1.,0.,0.));
#16072=DIRECTION('center_axis',(0.,1.,0.));
#16073=DIRECTION('ref_axis',(0.,0.,1.));
#16074=DIRECTION('',(0.,0.,-1.));
#16075=DIRECTION('',(1.,0.,0.));
#16076=DIRECTION('',(0.,0.,-1.));
#16077=DIRECTION('center_axis',(-1.,0.,0.));
#16078=DIRECTION('ref_axis',(0.,0.,1.));
#16079=DIRECTION('',(0.,0.,-1.));
#16080=DIRECTION('',(0.,1.,0.));
#16081=DIRECTION('center_axis',(0.,-1.,0.));
#16082=DIRECTION('ref_axis',(0.,0.,-1.));
#16083=DIRECTION('',(0.,0.,-1.));
#16084=DIRECTION('',(-1.,0.,0.));
#16085=DIRECTION('center_axis',(1.,0.,0.));
#16086=DIRECTION('ref_axis',(0.,0.,-1.));
#16087=DIRECTION('',(0.,-1.,0.));
#16088=DIRECTION('center_axis',(0.,0.,-1.));
#16089=DIRECTION('ref_axis',(-1.,0.,0.));
#16090=DIRECTION('center_axis',(0.,1.,0.));
#16091=DIRECTION('ref_axis',(0.,0.,1.));
#16092=DIRECTION('',(0.,0.,-1.));
#16093=DIRECTION('',(1.,0.,0.));
#16094=DIRECTION('',(0.,0.,-1.));
#16095=DIRECTION('center_axis',(-1.,0.,0.));
#16096=DIRECTION('ref_axis',(0.,0.,1.));
#16097=DIRECTION('',(0.,0.,-1.));
#16098=DIRECTION('',(0.,1.,0.));
#16099=DIRECTION('center_axis',(0.,-1.,0.));
#16100=DIRECTION('ref_axis',(0.,0.,-1.));
#16101=DIRECTION('',(0.,0.,-1.));
#16102=DIRECTION('',(-1.,0.,0.));
#16103=DIRECTION('center_axis',(1.,0.,0.));
#16104=DIRECTION('ref_axis',(0.,0.,-1.));
#16105=DIRECTION('',(0.,-1.,0.));
#16106=DIRECTION('center_axis',(0.,0.,-1.));
#16107=DIRECTION('ref_axis',(-1.,0.,0.));
#16108=DIRECTION('center_axis',(0.,1.,0.));
#16109=DIRECTION('ref_axis',(0.,0.,1.));
#16110=DIRECTION('',(0.,0.,-1.));
#16111=DIRECTION('',(1.,0.,0.));
#16112=DIRECTION('',(0.,0.,-1.));
#16113=DIRECTION('center_axis',(-1.,0.,0.));
#16114=DIRECTION('ref_axis',(0.,0.,1.));
#16115=DIRECTION('',(0.,0.,-1.));
#16116=DIRECTION('',(0.,1.,0.));
#16117=DIRECTION('center_axis',(0.,-1.,0.));
#16118=DIRECTION('ref_axis',(0.,0.,-1.));
#16119=DIRECTION('',(0.,0.,-1.));
#16120=DIRECTION('',(-1.,0.,0.));
#16121=DIRECTION('center_axis',(1.,0.,0.));
#16122=DIRECTION('ref_axis',(0.,0.,-1.));
#16123=DIRECTION('',(0.,-1.,0.));
#16124=DIRECTION('center_axis',(0.,0.,-1.));
#16125=DIRECTION('ref_axis',(-1.,0.,0.));
#16126=DIRECTION('center_axis',(0.,1.,0.));
#16127=DIRECTION('ref_axis',(0.,0.,1.));
#16128=DIRECTION('',(0.,0.,-1.));
#16129=DIRECTION('',(1.,0.,0.));
#16130=DIRECTION('',(0.,0.,-1.));
#16131=DIRECTION('center_axis',(-1.,0.,0.));
#16132=DIRECTION('ref_axis',(0.,0.,1.));
#16133=DIRECTION('',(0.,0.,-1.));
#16134=DIRECTION('',(0.,1.,0.));
#16135=DIRECTION('center_axis',(0.,-1.,0.));
#16136=DIRECTION('ref_axis',(0.,0.,-1.));
#16137=DIRECTION('',(0.,0.,-1.));
#16138=DIRECTION('',(-1.,0.,0.));
#16139=DIRECTION('center_axis',(1.,0.,0.));
#16140=DIRECTION('ref_axis',(0.,0.,-1.));
#16141=DIRECTION('',(0.,-1.,0.));
#16142=DIRECTION('center_axis',(0.,0.,-1.));
#16143=DIRECTION('ref_axis',(-1.,0.,0.));
#16144=DIRECTION('center_axis',(0.,1.,0.));
#16145=DIRECTION('ref_axis',(0.,0.,1.));
#16146=DIRECTION('',(0.,0.,-1.));
#16147=DIRECTION('',(1.,0.,0.));
#16148=DIRECTION('',(0.,0.,-1.));
#16149=DIRECTION('center_axis',(-1.,0.,0.));
#16150=DIRECTION('ref_axis',(0.,0.,1.));
#16151=DIRECTION('',(0.,0.,-1.));
#16152=DIRECTION('',(0.,1.,0.));
#16153=DIRECTION('center_axis',(0.,-1.,0.));
#16154=DIRECTION('ref_axis',(0.,0.,-1.));
#16155=DIRECTION('',(0.,0.,-1.));
#16156=DIRECTION('',(-1.,0.,0.));
#16157=DIRECTION('center_axis',(1.,0.,0.));
#16158=DIRECTION('ref_axis',(0.,0.,-1.));
#16159=DIRECTION('',(0.,-1.,0.));
#16160=DIRECTION('center_axis',(0.,0.,-1.));
#16161=DIRECTION('ref_axis',(-1.,0.,0.));
#16162=DIRECTION('center_axis',(0.,1.,0.));
#16163=DIRECTION('ref_axis',(0.,0.,1.));
#16164=DIRECTION('',(0.,0.,-1.));
#16165=DIRECTION('',(1.,0.,0.));
#16166=DIRECTION('',(0.,0.,-1.));
#16167=DIRECTION('center_axis',(-1.,0.,0.));
#16168=DIRECTION('ref_axis',(0.,0.,1.));
#16169=DIRECTION('',(0.,0.,-1.));
#16170=DIRECTION('',(0.,1.,0.));
#16171=DIRECTION('center_axis',(0.,-1.,0.));
#16172=DIRECTION('ref_axis',(0.,0.,-1.));
#16173=DIRECTION('',(0.,0.,-1.));
#16174=DIRECTION('',(-1.,0.,0.));
#16175=DIRECTION('center_axis',(1.,0.,0.));
#16176=DIRECTION('ref_axis',(0.,0.,-1.));
#16177=DIRECTION('',(0.,-1.,0.));
#16178=DIRECTION('center_axis',(0.,0.,-1.));
#16179=DIRECTION('ref_axis',(-1.,0.,0.));
#16180=DIRECTION('center_axis',(0.,1.,0.));
#16181=DIRECTION('ref_axis',(0.,0.,1.));
#16182=DIRECTION('',(0.,0.,-1.));
#16183=DIRECTION('',(1.,0.,0.));
#16184=DIRECTION('',(0.,0.,-1.));
#16185=DIRECTION('center_axis',(-1.,0.,0.));
#16186=DIRECTION('ref_axis',(0.,0.,1.));
#16187=DIRECTION('',(0.,0.,-1.));
#16188=DIRECTION('',(0.,1.,0.));
#16189=DIRECTION('center_axis',(0.,-1.,0.));
#16190=DIRECTION('ref_axis',(0.,0.,-1.));
#16191=DIRECTION('',(0.,0.,-1.));
#16192=DIRECTION('',(-1.,0.,0.));
#16193=DIRECTION('center_axis',(1.,0.,0.));
#16194=DIRECTION('ref_axis',(0.,0.,-1.));
#16195=DIRECTION('',(0.,-1.,0.));
#16196=DIRECTION('center_axis',(0.,0.,-1.));
#16197=DIRECTION('ref_axis',(-1.,0.,0.));
#16198=DIRECTION('center_axis',(0.,1.,0.));
#16199=DIRECTION('ref_axis',(0.,0.,1.));
#16200=DIRECTION('',(0.,0.,-1.));
#16201=DIRECTION('',(1.,0.,0.));
#16202=DIRECTION('',(0.,0.,-1.));
#16203=DIRECTION('center_axis',(-1.,0.,0.));
#16204=DIRECTION('ref_axis',(0.,0.,1.));
#16205=DIRECTION('',(0.,0.,-1.));
#16206=DIRECTION('',(0.,1.,0.));
#16207=DIRECTION('center_axis',(0.,-1.,0.));
#16208=DIRECTION('ref_axis',(0.,0.,-1.));
#16209=DIRECTION('',(0.,0.,-1.));
#16210=DIRECTION('',(-1.,0.,0.));
#16211=DIRECTION('center_axis',(1.,0.,0.));
#16212=DIRECTION('ref_axis',(0.,0.,-1.));
#16213=DIRECTION('',(0.,-1.,0.));
#16214=DIRECTION('center_axis',(0.,0.,-1.));
#16215=DIRECTION('ref_axis',(-1.,0.,0.));
#16216=DIRECTION('center_axis',(0.,1.,0.));
#16217=DIRECTION('ref_axis',(0.,0.,1.));
#16218=DIRECTION('',(0.,0.,-1.));
#16219=DIRECTION('',(1.,0.,0.));
#16220=DIRECTION('',(0.,0.,-1.));
#16221=DIRECTION('center_axis',(-1.,0.,0.));
#16222=DIRECTION('ref_axis',(0.,0.,1.));
#16223=DIRECTION('',(0.,0.,-1.));
#16224=DIRECTION('',(0.,1.,0.));
#16225=DIRECTION('center_axis',(0.,-1.,0.));
#16226=DIRECTION('ref_axis',(0.,0.,-1.));
#16227=DIRECTION('',(0.,0.,-1.));
#16228=DIRECTION('',(-1.,0.,0.));
#16229=DIRECTION('center_axis',(1.,0.,0.));
#16230=DIRECTION('ref_axis',(0.,0.,-1.));
#16231=DIRECTION('',(0.,-1.,0.));
#16232=DIRECTION('center_axis',(0.,0.,-1.));
#16233=DIRECTION('ref_axis',(-1.,0.,0.));
#16234=DIRECTION('center_axis',(0.,1.,0.));
#16235=DIRECTION('ref_axis',(0.,0.,1.));
#16236=DIRECTION('',(0.,0.,-1.));
#16237=DIRECTION('',(1.,0.,0.));
#16238=DIRECTION('',(0.,0.,-1.));
#16239=DIRECTION('center_axis',(-1.,0.,0.));
#16240=DIRECTION('ref_axis',(0.,0.,1.));
#16241=DIRECTION('',(0.,0.,-1.));
#16242=DIRECTION('',(0.,1.,0.));
#16243=DIRECTION('center_axis',(0.,-1.,0.));
#16244=DIRECTION('ref_axis',(0.,0.,-1.));
#16245=DIRECTION('',(0.,0.,-1.));
#16246=DIRECTION('',(-1.,0.,0.));
#16247=DIRECTION('center_axis',(1.,0.,0.));
#16248=DIRECTION('ref_axis',(0.,0.,-1.));
#16249=DIRECTION('',(0.,-1.,0.));
#16250=DIRECTION('center_axis',(0.,0.,-1.));
#16251=DIRECTION('ref_axis',(-1.,0.,0.));
#16252=DIRECTION('center_axis',(0.,1.,0.));
#16253=DIRECTION('ref_axis',(0.,0.,1.));
#16254=DIRECTION('',(0.,0.,-1.));
#16255=DIRECTION('',(1.,0.,0.));
#16256=DIRECTION('',(0.,0.,-1.));
#16257=DIRECTION('center_axis',(-1.,0.,0.));
#16258=DIRECTION('ref_axis',(0.,0.,1.));
#16259=DIRECTION('',(0.,0.,-1.));
#16260=DIRECTION('',(0.,1.,0.));
#16261=DIRECTION('center_axis',(0.,-1.,0.));
#16262=DIRECTION('ref_axis',(0.,0.,-1.));
#16263=DIRECTION('',(0.,0.,-1.));
#16264=DIRECTION('',(-1.,0.,0.));
#16265=DIRECTION('center_axis',(1.,0.,0.));
#16266=DIRECTION('ref_axis',(0.,0.,-1.));
#16267=DIRECTION('',(0.,-1.,0.));
#16268=DIRECTION('center_axis',(0.,0.,-1.));
#16269=DIRECTION('ref_axis',(-1.,0.,0.));
#16270=DIRECTION('center_axis',(0.,1.,0.));
#16271=DIRECTION('ref_axis',(0.,0.,1.));
#16272=DIRECTION('',(0.,0.,-1.));
#16273=DIRECTION('',(1.,0.,0.));
#16274=DIRECTION('',(0.,0.,-1.));
#16275=DIRECTION('center_axis',(-1.,0.,0.));
#16276=DIRECTION('ref_axis',(0.,0.,1.));
#16277=DIRECTION('',(0.,0.,-1.));
#16278=DIRECTION('',(0.,1.,0.));
#16279=DIRECTION('center_axis',(0.,-1.,0.));
#16280=DIRECTION('ref_axis',(0.,0.,-1.));
#16281=DIRECTION('',(0.,0.,-1.));
#16282=DIRECTION('',(-1.,0.,0.));
#16283=DIRECTION('center_axis',(1.,0.,0.));
#16284=DIRECTION('ref_axis',(0.,0.,-1.));
#16285=DIRECTION('',(0.,-1.,0.));
#16286=DIRECTION('center_axis',(0.,0.,-1.));
#16287=DIRECTION('ref_axis',(-1.,0.,0.));
#16288=DIRECTION('center_axis',(0.,1.,0.));
#16289=DIRECTION('ref_axis',(0.,0.,1.));
#16290=DIRECTION('',(0.,0.,-1.));
#16291=DIRECTION('',(1.,0.,0.));
#16292=DIRECTION('',(0.,0.,-1.));
#16293=DIRECTION('center_axis',(-1.,0.,0.));
#16294=DIRECTION('ref_axis',(0.,0.,1.));
#16295=DIRECTION('',(0.,0.,-1.));
#16296=DIRECTION('',(0.,1.,0.));
#16297=DIRECTION('center_axis',(0.,-1.,0.));
#16298=DIRECTION('ref_axis',(0.,0.,-1.));
#16299=DIRECTION('',(0.,0.,-1.));
#16300=DIRECTION('',(-1.,0.,0.));
#16301=DIRECTION('center_axis',(1.,0.,0.));
#16302=DIRECTION('ref_axis',(0.,0.,-1.));
#16303=DIRECTION('',(0.,-1.,0.));
#16304=DIRECTION('center_axis',(0.,0.,-1.));
#16305=DIRECTION('ref_axis',(-1.,0.,0.));
#16306=DIRECTION('center_axis',(0.,1.,0.));
#16307=DIRECTION('ref_axis',(0.,0.,1.));
#16308=DIRECTION('',(0.,0.,-1.));
#16309=DIRECTION('',(1.,0.,0.));
#16310=DIRECTION('',(0.,0.,-1.));
#16311=DIRECTION('center_axis',(-1.,0.,0.));
#16312=DIRECTION('ref_axis',(0.,0.,1.));
#16313=DIRECTION('',(0.,0.,-1.));
#16314=DIRECTION('',(0.,1.,0.));
#16315=DIRECTION('center_axis',(0.,-1.,0.));
#16316=DIRECTION('ref_axis',(0.,0.,-1.));
#16317=DIRECTION('',(0.,0.,-1.));
#16318=DIRECTION('',(-1.,0.,0.));
#16319=DIRECTION('center_axis',(1.,0.,0.));
#16320=DIRECTION('ref_axis',(0.,0.,-1.));
#16321=DIRECTION('',(0.,-1.,0.));
#16322=DIRECTION('center_axis',(0.,0.,-1.));
#16323=DIRECTION('ref_axis',(-1.,0.,0.));
#16324=DIRECTION('center_axis',(0.,1.,0.));
#16325=DIRECTION('ref_axis',(0.,0.,1.));
#16326=DIRECTION('',(0.,0.,-1.));
#16327=DIRECTION('',(1.,0.,0.));
#16328=DIRECTION('',(0.,0.,-1.));
#16329=DIRECTION('center_axis',(-1.,0.,0.));
#16330=DIRECTION('ref_axis',(0.,0.,1.));
#16331=DIRECTION('',(0.,0.,-1.));
#16332=DIRECTION('',(0.,1.,0.));
#16333=DIRECTION('center_axis',(0.,-1.,0.));
#16334=DIRECTION('ref_axis',(0.,0.,-1.));
#16335=DIRECTION('',(0.,0.,-1.));
#16336=DIRECTION('',(-1.,0.,0.));
#16337=DIRECTION('center_axis',(1.,0.,0.));
#16338=DIRECTION('ref_axis',(0.,0.,-1.));
#16339=DIRECTION('',(0.,-1.,0.));
#16340=DIRECTION('center_axis',(0.,0.,-1.));
#16341=DIRECTION('ref_axis',(-1.,0.,0.));
#16342=DIRECTION('center_axis',(0.,1.,0.));
#16343=DIRECTION('ref_axis',(0.,0.,1.));
#16344=DIRECTION('',(0.,0.,-1.));
#16345=DIRECTION('',(1.,0.,0.));
#16346=DIRECTION('',(0.,0.,-1.));
#16347=DIRECTION('center_axis',(-1.,0.,0.));
#16348=DIRECTION('ref_axis',(0.,0.,1.));
#16349=DIRECTION('',(0.,0.,-1.));
#16350=DIRECTION('',(0.,1.,0.));
#16351=DIRECTION('center_axis',(0.,-1.,0.));
#16352=DIRECTION('ref_axis',(0.,0.,-1.));
#16353=DIRECTION('',(0.,0.,-1.));
#16354=DIRECTION('',(-1.,0.,0.));
#16355=DIRECTION('center_axis',(1.,0.,0.));
#16356=DIRECTION('ref_axis',(0.,0.,-1.));
#16357=DIRECTION('',(0.,-1.,0.));
#16358=DIRECTION('center_axis',(0.,0.,-1.));
#16359=DIRECTION('ref_axis',(-1.,0.,0.));
#16360=DIRECTION('center_axis',(0.,1.,0.));
#16361=DIRECTION('ref_axis',(0.,0.,1.));
#16362=DIRECTION('',(0.,0.,-1.));
#16363=DIRECTION('',(1.,0.,0.));
#16364=DIRECTION('',(0.,0.,-1.));
#16365=DIRECTION('center_axis',(-1.,0.,0.));
#16366=DIRECTION('ref_axis',(0.,0.,1.));
#16367=DIRECTION('',(0.,0.,-1.));
#16368=DIRECTION('',(0.,1.,0.));
#16369=DIRECTION('center_axis',(0.,-1.,0.));
#16370=DIRECTION('ref_axis',(0.,0.,-1.));
#16371=DIRECTION('',(0.,0.,-1.));
#16372=DIRECTION('',(-1.,0.,0.));
#16373=DIRECTION('center_axis',(1.,0.,0.));
#16374=DIRECTION('ref_axis',(0.,0.,-1.));
#16375=DIRECTION('',(0.,-1.,0.));
#16376=DIRECTION('center_axis',(0.,0.,-1.));
#16377=DIRECTION('ref_axis',(-1.,0.,0.));
#16378=DIRECTION('center_axis',(0.,1.,0.));
#16379=DIRECTION('ref_axis',(0.,0.,1.));
#16380=DIRECTION('',(0.,0.,-1.));
#16381=DIRECTION('',(1.,0.,0.));
#16382=DIRECTION('',(0.,0.,-1.));
#16383=DIRECTION('center_axis',(-1.,0.,0.));
#16384=DIRECTION('ref_axis',(0.,0.,1.));
#16385=DIRECTION('',(0.,0.,-1.));
#16386=DIRECTION('',(0.,1.,0.));
#16387=DIRECTION('center_axis',(0.,-1.,0.));
#16388=DIRECTION('ref_axis',(0.,0.,-1.));
#16389=DIRECTION('',(0.,0.,-1.));
#16390=DIRECTION('',(-1.,0.,0.));
#16391=DIRECTION('center_axis',(1.,0.,0.));
#16392=DIRECTION('ref_axis',(0.,0.,-1.));
#16393=DIRECTION('',(0.,-1.,0.));
#16394=DIRECTION('center_axis',(0.,0.,-1.));
#16395=DIRECTION('ref_axis',(-1.,0.,0.));
#16396=DIRECTION('center_axis',(0.,1.,0.));
#16397=DIRECTION('ref_axis',(0.,0.,1.));
#16398=DIRECTION('',(0.,0.,-1.));
#16399=DIRECTION('',(1.,0.,0.));
#16400=DIRECTION('',(0.,0.,-1.));
#16401=DIRECTION('center_axis',(-1.,0.,0.));
#16402=DIRECTION('ref_axis',(0.,0.,1.));
#16403=DIRECTION('',(0.,0.,-1.));
#16404=DIRECTION('',(0.,1.,0.));
#16405=DIRECTION('center_axis',(0.,-1.,0.));
#16406=DIRECTION('ref_axis',(0.,0.,-1.));
#16407=DIRECTION('',(0.,0.,-1.));
#16408=DIRECTION('',(-1.,0.,0.));
#16409=DIRECTION('center_axis',(1.,0.,0.));
#16410=DIRECTION('ref_axis',(0.,0.,-1.));
#16411=DIRECTION('',(0.,-1.,0.));
#16412=DIRECTION('center_axis',(0.,0.,-1.));
#16413=DIRECTION('ref_axis',(-1.,0.,0.));
#16414=DIRECTION('center_axis',(0.,1.,0.));
#16415=DIRECTION('ref_axis',(0.,0.,1.));
#16416=DIRECTION('',(0.,0.,-1.));
#16417=DIRECTION('',(1.,0.,0.));
#16418=DIRECTION('',(0.,0.,-1.));
#16419=DIRECTION('center_axis',(-1.,0.,0.));
#16420=DIRECTION('ref_axis',(0.,0.,1.));
#16421=DIRECTION('',(0.,0.,-1.));
#16422=DIRECTION('',(0.,1.,0.));
#16423=DIRECTION('center_axis',(0.,-1.,0.));
#16424=DIRECTION('ref_axis',(0.,0.,-1.));
#16425=DIRECTION('',(0.,0.,-1.));
#16426=DIRECTION('',(-1.,0.,0.));
#16427=DIRECTION('center_axis',(1.,0.,0.));
#16428=DIRECTION('ref_axis',(0.,0.,-1.));
#16429=DIRECTION('',(0.,-1.,0.));
#16430=DIRECTION('center_axis',(0.,0.,-1.));
#16431=DIRECTION('ref_axis',(-1.,0.,0.));
#16432=DIRECTION('center_axis',(0.,1.,0.));
#16433=DIRECTION('ref_axis',(0.,0.,1.));
#16434=DIRECTION('',(0.,0.,-1.));
#16435=DIRECTION('',(1.,0.,0.));
#16436=DIRECTION('',(0.,0.,-1.));
#16437=DIRECTION('center_axis',(-1.,0.,0.));
#16438=DIRECTION('ref_axis',(0.,0.,1.));
#16439=DIRECTION('',(0.,0.,-1.));
#16440=DIRECTION('',(0.,1.,0.));
#16441=DIRECTION('center_axis',(0.,-1.,0.));
#16442=DIRECTION('ref_axis',(0.,0.,-1.));
#16443=DIRECTION('',(0.,0.,-1.));
#16444=DIRECTION('',(-1.,0.,0.));
#16445=DIRECTION('center_axis',(1.,0.,0.));
#16446=DIRECTION('ref_axis',(0.,0.,-1.));
#16447=DIRECTION('',(0.,-1.,0.));
#16448=DIRECTION('center_axis',(0.,0.,-1.));
#16449=DIRECTION('ref_axis',(-1.,0.,0.));
#16450=DIRECTION('center_axis',(0.,1.,0.));
#16451=DIRECTION('ref_axis',(0.,0.,1.));
#16452=DIRECTION('',(0.,0.,-1.));
#16453=DIRECTION('',(1.,0.,0.));
#16454=DIRECTION('',(0.,0.,-1.));
#16455=DIRECTION('center_axis',(-1.,0.,0.));
#16456=DIRECTION('ref_axis',(0.,0.,1.));
#16457=DIRECTION('',(0.,0.,-1.));
#16458=DIRECTION('',(0.,1.,0.));
#16459=DIRECTION('center_axis',(0.,-1.,0.));
#16460=DIRECTION('ref_axis',(0.,0.,-1.));
#16461=DIRECTION('',(0.,0.,-1.));
#16462=DIRECTION('',(-1.,0.,0.));
#16463=DIRECTION('center_axis',(1.,0.,0.));
#16464=DIRECTION('ref_axis',(0.,0.,-1.));
#16465=DIRECTION('',(0.,-1.,0.));
#16466=DIRECTION('center_axis',(0.,0.,-1.));
#16467=DIRECTION('ref_axis',(-1.,0.,0.));
#16468=DIRECTION('center_axis',(0.,1.,0.));
#16469=DIRECTION('ref_axis',(0.,0.,1.));
#16470=DIRECTION('',(0.,0.,-1.));
#16471=DIRECTION('',(1.,0.,0.));
#16472=DIRECTION('',(0.,0.,-1.));
#16473=DIRECTION('center_axis',(-1.,0.,0.));
#16474=DIRECTION('ref_axis',(0.,0.,1.));
#16475=DIRECTION('',(0.,0.,-1.));
#16476=DIRECTION('',(0.,1.,0.));
#16477=DIRECTION('center_axis',(0.,-1.,0.));
#16478=DIRECTION('ref_axis',(0.,0.,-1.));
#16479=DIRECTION('',(0.,0.,-1.));
#16480=DIRECTION('',(-1.,0.,0.));
#16481=DIRECTION('center_axis',(1.,0.,0.));
#16482=DIRECTION('ref_axis',(0.,0.,-1.));
#16483=DIRECTION('',(0.,-1.,0.));
#16484=DIRECTION('center_axis',(0.,0.,-1.));
#16485=DIRECTION('ref_axis',(-1.,0.,0.));
#16486=DIRECTION('center_axis',(0.,1.,0.));
#16487=DIRECTION('ref_axis',(0.,0.,1.));
#16488=DIRECTION('',(0.,0.,-1.));
#16489=DIRECTION('',(1.,0.,0.));
#16490=DIRECTION('',(0.,0.,-1.));
#16491=DIRECTION('center_axis',(-1.,0.,0.));
#16492=DIRECTION('ref_axis',(0.,0.,1.));
#16493=DIRECTION('',(0.,0.,-1.));
#16494=DIRECTION('',(0.,1.,0.));
#16495=DIRECTION('center_axis',(0.,-1.,0.));
#16496=DIRECTION('ref_axis',(0.,0.,-1.));
#16497=DIRECTION('',(0.,0.,-1.));
#16498=DIRECTION('',(-1.,0.,0.));
#16499=DIRECTION('center_axis',(1.,0.,0.));
#16500=DIRECTION('ref_axis',(0.,0.,-1.));
#16501=DIRECTION('',(0.,-1.,0.));
#16502=DIRECTION('center_axis',(0.,0.,-1.));
#16503=DIRECTION('ref_axis',(-1.,0.,0.));
#16504=DIRECTION('center_axis',(0.,1.,0.));
#16505=DIRECTION('ref_axis',(0.,0.,1.));
#16506=DIRECTION('',(0.,0.,-1.));
#16507=DIRECTION('',(1.,0.,0.));
#16508=DIRECTION('',(0.,0.,-1.));
#16509=DIRECTION('center_axis',(-1.,0.,0.));
#16510=DIRECTION('ref_axis',(0.,0.,1.));
#16511=DIRECTION('',(0.,0.,-1.));
#16512=DIRECTION('',(0.,1.,0.));
#16513=DIRECTION('center_axis',(0.,-1.,0.));
#16514=DIRECTION('ref_axis',(0.,0.,-1.));
#16515=DIRECTION('',(0.,0.,-1.));
#16516=DIRECTION('',(-1.,0.,0.));
#16517=DIRECTION('center_axis',(1.,0.,0.));
#16518=DIRECTION('ref_axis',(0.,0.,-1.));
#16519=DIRECTION('',(0.,-1.,0.));
#16520=DIRECTION('center_axis',(0.,0.,-1.));
#16521=DIRECTION('ref_axis',(-1.,0.,0.));
#16522=DIRECTION('center_axis',(0.,1.,0.));
#16523=DIRECTION('ref_axis',(0.,0.,1.));
#16524=DIRECTION('',(0.,0.,-1.));
#16525=DIRECTION('',(1.,0.,0.));
#16526=DIRECTION('',(0.,0.,-1.));
#16527=DIRECTION('center_axis',(-1.,0.,0.));
#16528=DIRECTION('ref_axis',(0.,0.,1.));
#16529=DIRECTION('',(0.,0.,-1.));
#16530=DIRECTION('',(0.,1.,0.));
#16531=DIRECTION('center_axis',(0.,-1.,0.));
#16532=DIRECTION('ref_axis',(0.,0.,-1.));
#16533=DIRECTION('',(0.,0.,-1.));
#16534=DIRECTION('',(-1.,0.,0.));
#16535=DIRECTION('center_axis',(1.,0.,0.));
#16536=DIRECTION('ref_axis',(0.,0.,-1.));
#16537=DIRECTION('',(0.,-1.,0.));
#16538=DIRECTION('center_axis',(0.,0.,-1.));
#16539=DIRECTION('ref_axis',(-1.,0.,0.));
#16540=DIRECTION('center_axis',(0.,1.,0.));
#16541=DIRECTION('ref_axis',(0.,0.,1.));
#16542=DIRECTION('',(0.,0.,-1.));
#16543=DIRECTION('',(1.,0.,0.));
#16544=DIRECTION('',(0.,0.,-1.));
#16545=DIRECTION('center_axis',(-1.,0.,0.));
#16546=DIRECTION('ref_axis',(0.,0.,1.));
#16547=DIRECTION('',(0.,0.,-1.));
#16548=DIRECTION('',(0.,1.,0.));
#16549=DIRECTION('center_axis',(0.,-1.,0.));
#16550=DIRECTION('ref_axis',(0.,0.,-1.));
#16551=DIRECTION('',(0.,0.,-1.));
#16552=DIRECTION('',(-1.,0.,0.));
#16553=DIRECTION('center_axis',(1.,0.,0.));
#16554=DIRECTION('ref_axis',(0.,0.,-1.));
#16555=DIRECTION('',(0.,-1.,0.));
#16556=DIRECTION('center_axis',(0.,0.,-1.));
#16557=DIRECTION('ref_axis',(-1.,0.,0.));
#16558=DIRECTION('center_axis',(0.,1.,0.));
#16559=DIRECTION('ref_axis',(0.,0.,1.));
#16560=DIRECTION('',(0.,0.,-1.));
#16561=DIRECTION('',(1.,0.,0.));
#16562=DIRECTION('',(0.,0.,-1.));
#16563=DIRECTION('center_axis',(-1.,0.,0.));
#16564=DIRECTION('ref_axis',(0.,0.,1.));
#16565=DIRECTION('',(0.,0.,-1.));
#16566=DIRECTION('',(0.,1.,0.));
#16567=DIRECTION('center_axis',(0.,-1.,0.));
#16568=DIRECTION('ref_axis',(0.,0.,-1.));
#16569=DIRECTION('',(0.,0.,-1.));
#16570=DIRECTION('',(-1.,0.,0.));
#16571=DIRECTION('center_axis',(1.,0.,0.));
#16572=DIRECTION('ref_axis',(0.,0.,-1.));
#16573=DIRECTION('',(0.,-1.,0.));
#16574=DIRECTION('center_axis',(0.,0.,-1.));
#16575=DIRECTION('ref_axis',(-1.,0.,0.));
#16576=DIRECTION('center_axis',(0.,1.,0.));
#16577=DIRECTION('ref_axis',(0.,0.,1.));
#16578=DIRECTION('',(0.,0.,-1.));
#16579=DIRECTION('',(1.,0.,0.));
#16580=DIRECTION('',(0.,0.,-1.));
#16581=DIRECTION('center_axis',(-1.,0.,0.));
#16582=DIRECTION('ref_axis',(0.,0.,1.));
#16583=DIRECTION('',(0.,0.,-1.));
#16584=DIRECTION('',(0.,1.,0.));
#16585=DIRECTION('center_axis',(0.,-1.,0.));
#16586=DIRECTION('ref_axis',(0.,0.,-1.));
#16587=DIRECTION('',(0.,0.,-1.));
#16588=DIRECTION('',(-1.,0.,0.));
#16589=DIRECTION('center_axis',(1.,0.,0.));
#16590=DIRECTION('ref_axis',(0.,0.,-1.));
#16591=DIRECTION('',(0.,-1.,0.));
#16592=DIRECTION('center_axis',(0.,0.,-1.));
#16593=DIRECTION('ref_axis',(-1.,0.,0.));
#16594=DIRECTION('center_axis',(0.,1.,0.));
#16595=DIRECTION('ref_axis',(0.,0.,1.));
#16596=DIRECTION('',(0.,0.,-1.));
#16597=DIRECTION('',(1.,0.,0.));
#16598=DIRECTION('',(0.,0.,-1.));
#16599=DIRECTION('center_axis',(-1.,0.,0.));
#16600=DIRECTION('ref_axis',(0.,0.,1.));
#16601=DIRECTION('',(0.,0.,-1.));
#16602=DIRECTION('',(0.,1.,0.));
#16603=DIRECTION('center_axis',(0.,-1.,0.));
#16604=DIRECTION('ref_axis',(0.,0.,-1.));
#16605=DIRECTION('',(0.,0.,-1.));
#16606=DIRECTION('',(-1.,0.,0.));
#16607=DIRECTION('center_axis',(1.,0.,0.));
#16608=DIRECTION('ref_axis',(0.,0.,-1.));
#16609=DIRECTION('',(0.,-1.,0.));
#16610=DIRECTION('center_axis',(0.,0.,-1.));
#16611=DIRECTION('ref_axis',(-1.,0.,0.));
#16612=CARTESIAN_POINT('',(0.,0.,0.));
#16613=CARTESIAN_POINT('Origin',(27.5,2.5,0.));
#16614=CARTESIAN_POINT('',(33.5,2.5,-1.5));
#16615=CARTESIAN_POINT('Origin',(27.5,2.5,-1.5));
#16616=CARTESIAN_POINT('',(35.,2.5,0.));
#16617=CARTESIAN_POINT('Origin',(33.5,2.5,0.));
#16618=CARTESIAN_POINT('Origin',(27.5,2.5,0.));
#16619=CARTESIAN_POINT('Origin',(4.50000000000002,-5.,0.));
#16620=CARTESIAN_POINT('',(10.5,-5.,-1.5));
#16621=CARTESIAN_POINT('Origin',(4.50000000000002,-5.,-1.5));
#16622=CARTESIAN_POINT('',(12.,-5.,0.));
#16623=CARTESIAN_POINT('Origin',(10.5,-5.,0.));
#16624=CARTESIAN_POINT('Origin',(4.50000000000002,-5.,0.));
#16625=CARTESIAN_POINT('Origin',(-25.7839168564257,4.,0.));
#16626=CARTESIAN_POINT('',(-21.2839168564257,4.,-1.5));
#16627=CARTESIAN_POINT('Origin',(-25.7839168564257,4.,-1.5));
#16628=CARTESIAN_POINT('',(-19.7839168564257,4.,0.));
#16629=CARTESIAN_POINT('Origin',(-21.2839168564257,4.,0.));
#16630=CARTESIAN_POINT('Origin',(-25.7839168564257,4.,0.));
#16631=CARTESIAN_POINT('Origin',(-46.5,-27.5,-0.000999999999999916));
#16632=CARTESIAN_POINT('',(-48.1,-27.5,1.601));
#16633=CARTESIAN_POINT('Origin',(-46.5,-27.5,1.601));
#16634=CARTESIAN_POINT('',(-48.1,-27.5,1.6));
#16635=CARTESIAN_POINT('',(-48.1,-27.5,-0.000999999999999916));
#16636=CARTESIAN_POINT('Origin',(-46.5,-27.5,1.6));
#16637=CARTESIAN_POINT('Origin',(-46.5,-27.5,1.6));
#16638=CARTESIAN_POINT('',(-45.25,-27.5,1.601));
#16639=CARTESIAN_POINT('Origin',(-46.5,-27.5,1.601));
#16640=CARTESIAN_POINT('',(-45.25,-27.5,-0.00099999999999989));
#16641=CARTESIAN_POINT('',(-45.25,-27.5,1.6));
#16642=CARTESIAN_POINT('Origin',(-46.5,-27.5,-0.000999999999999916));
#16643=CARTESIAN_POINT('Origin',(-46.5,-27.5,-0.000999999999999916));
#16644=CARTESIAN_POINT('',(-48.1,-27.5,0.));
#16645=CARTESIAN_POINT('Origin',(-46.5,-27.5,0.));
#16646=CARTESIAN_POINT('',(-48.1,-27.5,-0.000999999999999916));
#16647=CARTESIAN_POINT('',(-48.1,-27.5,-0.000999999999999916));
#16648=CARTESIAN_POINT('Origin',(-46.5,-27.5,-0.000999999999999916));
#16649=CARTESIAN_POINT('Origin',(46.5,-27.5,-0.000999999999999916));
#16650=CARTESIAN_POINT('',(44.9,-27.5,1.601));
#16651=CARTESIAN_POINT('Origin',(46.5,-27.5,1.601));
#16652=CARTESIAN_POINT('',(44.9,-27.5,1.6));
#16653=CARTESIAN_POINT('',(44.9,-27.5,-0.000999999999999916));
#16654=CARTESIAN_POINT('Origin',(46.5,-27.5,1.6));
#16655=CARTESIAN_POINT('Origin',(46.5,-27.5,1.6));
#16656=CARTESIAN_POINT('',(47.75,-27.5,1.601));
#16657=CARTESIAN_POINT('Origin',(46.5,-27.5,1.601));
#16658=CARTESIAN_POINT('',(47.75,-27.5,-0.00099999999999989));
#16659=CARTESIAN_POINT('',(47.75,-27.5,1.6));
#16660=CARTESIAN_POINT('Origin',(46.5,-27.5,-0.000999999999999916));
#16661=CARTESIAN_POINT('Origin',(46.5,-27.5,-0.000999999999999916));
#16662=CARTESIAN_POINT('',(44.9,-27.5,0.));
#16663=CARTESIAN_POINT('Origin',(46.5,-27.5,0.));
#16664=CARTESIAN_POINT('',(44.9,-27.5,-0.000999999999999916));
#16665=CARTESIAN_POINT('',(44.9,-27.5,-0.000999999999999916));
#16666=CARTESIAN_POINT('Origin',(46.5,-27.5,-0.000999999999999916));
#16667=CARTESIAN_POINT('Origin',(46.5,27.5,-0.000999999999999916));
#16668=CARTESIAN_POINT('',(44.9,27.5,1.601));
#16669=CARTESIAN_POINT('Origin',(46.5,27.5,1.601));
#16670=CARTESIAN_POINT('',(44.9,27.5,1.6));
#16671=CARTESIAN_POINT('',(44.9,27.5,-0.000999999999999916));
#16672=CARTESIAN_POINT('Origin',(46.5,27.5,1.6));
#16673=CARTESIAN_POINT('Origin',(46.5,27.5,1.6));
#16674=CARTESIAN_POINT('',(47.75,27.5,1.601));
#16675=CARTESIAN_POINT('Origin',(46.5,27.5,1.601));
#16676=CARTESIAN_POINT('',(47.75,27.5,-0.00099999999999989));
#16677=CARTESIAN_POINT('',(47.75,27.5,1.6));
#16678=CARTESIAN_POINT('Origin',(46.5,27.5,-0.000999999999999916));
#16679=CARTESIAN_POINT('Origin',(46.5,27.5,-0.000999999999999916));
#16680=CARTESIAN_POINT('',(44.9,27.5,0.));
#16681=CARTESIAN_POINT('Origin',(46.5,27.5,0.));
#16682=CARTESIAN_POINT('',(44.9,27.5,-0.000999999999999916));
#16683=CARTESIAN_POINT('',(44.9,27.5,-0.000999999999999916));
#16684=CARTESIAN_POINT('Origin',(46.5,27.5,-0.000999999999999916));
#16685=CARTESIAN_POINT('Origin',(-16.14,27.5,-0.000999999999999916));
#16686=CARTESIAN_POINT('',(-16.79,27.5,1.601));
#16687=CARTESIAN_POINT('Origin',(-16.14,27.5,1.601));
#16688=CARTESIAN_POINT('',(-16.79,27.5,1.6));
#16689=CARTESIAN_POINT('',(-16.79,27.5,-0.000999999999999916));
#16690=CARTESIAN_POINT('Origin',(-16.14,27.5,1.6));
#16691=CARTESIAN_POINT('Origin',(-16.14,27.5,1.6));
#16692=CARTESIAN_POINT('',(-15.64,27.5,1.601));
#16693=CARTESIAN_POINT('Origin',(-16.14,27.5,1.601));
#16694=CARTESIAN_POINT('',(-15.64,27.5,-0.00099999999999989));
#16695=CARTESIAN_POINT('',(-15.64,27.5,1.6));
#16696=CARTESIAN_POINT('Origin',(-16.14,27.5,-0.000999999999999916));
#16697=CARTESIAN_POINT('Origin',(-16.14,27.5,-0.000999999999999916));
#16698=CARTESIAN_POINT('',(-16.79,27.5,0.));
#16699=CARTESIAN_POINT('Origin',(-16.14,27.5,0.));
#16700=CARTESIAN_POINT('',(-16.79,27.5,-0.000999999999999916));
#16701=CARTESIAN_POINT('',(-16.79,27.5,-0.000999999999999916));
#16702=CARTESIAN_POINT('Origin',(-16.14,27.5,-0.000999999999999916));
#16703=CARTESIAN_POINT('Origin',(-18.68,27.5,-0.000999999999999916));
#16704=CARTESIAN_POINT('',(-19.33,27.5,1.601));
#16705=CARTESIAN_POINT('Origin',(-18.68,27.5,1.601));
#16706=CARTESIAN_POINT('',(-19.33,27.5,1.6));
#16707=CARTESIAN_POINT('',(-19.33,27.5,-0.000999999999999916));
#16708=CARTESIAN_POINT('Origin',(-18.68,27.5,1.6));
#16709=CARTESIAN_POINT('Origin',(-18.68,27.5,1.6));
#16710=CARTESIAN_POINT('',(-18.18,27.5,1.601));
#16711=CARTESIAN_POINT('Origin',(-18.68,27.5,1.601));
#16712=CARTESIAN_POINT('',(-18.18,27.5,-0.00099999999999989));
#16713=CARTESIAN_POINT('',(-18.18,27.5,1.6));
#16714=CARTESIAN_POINT('Origin',(-18.68,27.5,-0.000999999999999916));
#16715=CARTESIAN_POINT('Origin',(-18.68,27.5,-0.000999999999999916));
#16716=CARTESIAN_POINT('',(-19.33,27.5,0.));
#16717=CARTESIAN_POINT('Origin',(-18.68,27.5,0.));
#16718=CARTESIAN_POINT('',(-19.33,27.5,-0.000999999999999916));
#16719=CARTESIAN_POINT('',(-19.33,27.5,-0.000999999999999916));
#16720=CARTESIAN_POINT('Origin',(-18.68,27.5,-0.000999999999999916));
#16721=CARTESIAN_POINT('Origin',(-21.22,27.5,-0.000999999999999916));
#16722=CARTESIAN_POINT('',(-21.87,27.5,1.601));
#16723=CARTESIAN_POINT('Origin',(-21.22,27.5,1.601));
#16724=CARTESIAN_POINT('',(-21.87,27.5,1.6));
#16725=CARTESIAN_POINT('',(-21.87,27.5,-0.000999999999999916));
#16726=CARTESIAN_POINT('Origin',(-21.22,27.5,1.6));
#16727=CARTESIAN_POINT('Origin',(-21.22,27.5,1.6));
#16728=CARTESIAN_POINT('',(-20.72,27.5,1.601));
#16729=CARTESIAN_POINT('Origin',(-21.22,27.5,1.601));
#16730=CARTESIAN_POINT('',(-20.72,27.5,-0.00099999999999989));
#16731=CARTESIAN_POINT('',(-20.72,27.5,1.6));
#16732=CARTESIAN_POINT('Origin',(-21.22,27.5,-0.000999999999999916));
#16733=CARTESIAN_POINT('Origin',(-21.22,27.5,-0.000999999999999916));
#16734=CARTESIAN_POINT('',(-21.87,27.5,0.));
#16735=CARTESIAN_POINT('Origin',(-21.22,27.5,0.));
#16736=CARTESIAN_POINT('',(-21.87,27.5,-0.000999999999999916));
#16737=CARTESIAN_POINT('',(-21.87,27.5,-0.000999999999999916));
#16738=CARTESIAN_POINT('Origin',(-21.22,27.5,-0.000999999999999916));
#16739=CARTESIAN_POINT('Origin',(-23.76,27.5,-0.000999999999999916));
#16740=CARTESIAN_POINT('',(-24.41,27.5,1.601));
#16741=CARTESIAN_POINT('Origin',(-23.76,27.5,1.601));
#16742=CARTESIAN_POINT('',(-24.41,27.5,1.6));
#16743=CARTESIAN_POINT('',(-24.41,27.5,-0.000999999999999916));
#16744=CARTESIAN_POINT('Origin',(-23.76,27.5,1.6));
#16745=CARTESIAN_POINT('Origin',(-23.76,27.5,1.6));
#16746=CARTESIAN_POINT('',(-23.26,27.5,1.601));
#16747=CARTESIAN_POINT('Origin',(-23.76,27.5,1.601));
#16748=CARTESIAN_POINT('',(-23.26,27.5,-0.00099999999999989));
#16749=CARTESIAN_POINT('',(-23.26,27.5,1.6));
#16750=CARTESIAN_POINT('Origin',(-23.76,27.5,-0.000999999999999916));
#16751=CARTESIAN_POINT('Origin',(-23.76,27.5,-0.000999999999999916));
#16752=CARTESIAN_POINT('',(-24.41,27.5,0.));
#16753=CARTESIAN_POINT('Origin',(-23.76,27.5,0.));
#16754=CARTESIAN_POINT('',(-24.41,27.5,-0.000999999999999916));
#16755=CARTESIAN_POINT('',(-24.41,27.5,-0.000999999999999916));
#16756=CARTESIAN_POINT('Origin',(-23.76,27.5,-0.000999999999999916));
#16757=CARTESIAN_POINT('Origin',(-26.3,27.5,-0.000999999999999916));
#16758=CARTESIAN_POINT('',(-26.95,27.5,1.601));
#16759=CARTESIAN_POINT('Origin',(-26.3,27.5,1.601));
#16760=CARTESIAN_POINT('',(-26.95,27.5,1.6));
#16761=CARTESIAN_POINT('',(-26.95,27.5,-0.000999999999999916));
#16762=CARTESIAN_POINT('Origin',(-26.3,27.5,1.6));
#16763=CARTESIAN_POINT('Origin',(-26.3,27.5,1.6));
#16764=CARTESIAN_POINT('',(-25.8,27.5,1.601));
#16765=CARTESIAN_POINT('Origin',(-26.3,27.5,1.601));
#16766=CARTESIAN_POINT('',(-25.8,27.5,-0.00099999999999989));
#16767=CARTESIAN_POINT('',(-25.8,27.5,1.6));
#16768=CARTESIAN_POINT('Origin',(-26.3,27.5,-0.000999999999999916));
#16769=CARTESIAN_POINT('Origin',(-26.3,27.5,-0.000999999999999916));
#16770=CARTESIAN_POINT('',(-26.95,27.5,0.));
#16771=CARTESIAN_POINT('Origin',(-26.3,27.5,0.));
#16772=CARTESIAN_POINT('',(-26.95,27.5,-0.000999999999999916));
#16773=CARTESIAN_POINT('',(-26.95,27.5,-0.000999999999999916));
#16774=CARTESIAN_POINT('Origin',(-26.3,27.5,-0.000999999999999916));
#16775=CARTESIAN_POINT('Origin',(-28.84,27.5,1.6));
#16776=CARTESIAN_POINT('',(-28.34,27.5,1.601));
#16777=CARTESIAN_POINT('Origin',(-28.84,27.5,1.601));
#16778=CARTESIAN_POINT('',(-28.34,27.5,-0.00099999999999989));
#16779=CARTESIAN_POINT('',(-28.34,27.5,1.6));
#16780=CARTESIAN_POINT('Origin',(-28.84,27.5,-0.000999999999999916));
#16781=CARTESIAN_POINT('Origin',(-33.92,27.5,-0.000999999999999916));
#16782=CARTESIAN_POINT('',(-34.57,27.5,1.601));
#16783=CARTESIAN_POINT('Origin',(-33.92,27.5,1.601));
#16784=CARTESIAN_POINT('',(-34.57,27.5,1.6));
#16785=CARTESIAN_POINT('',(-34.57,27.5,-0.000999999999999916));
#16786=CARTESIAN_POINT('Origin',(-33.92,27.5,1.6));
#16787=CARTESIAN_POINT('Origin',(-33.92,27.5,1.6));
#16788=CARTESIAN_POINT('',(-33.42,27.5,1.601));
#16789=CARTESIAN_POINT('Origin',(-33.92,27.5,1.601));
#16790=CARTESIAN_POINT('',(-33.42,27.5,-0.00099999999999989));
#16791=CARTESIAN_POINT('',(-33.42,27.5,1.6));
#16792=CARTESIAN_POINT('Origin',(-33.92,27.5,-0.000999999999999916));
#16793=CARTESIAN_POINT('Origin',(-33.92,27.5,-0.000999999999999916));
#16794=CARTESIAN_POINT('',(-34.57,27.5,0.));
#16795=CARTESIAN_POINT('Origin',(-33.92,27.5,0.));
#16796=CARTESIAN_POINT('',(-34.57,27.5,-0.000999999999999916));
#16797=CARTESIAN_POINT('',(-34.57,27.5,-0.000999999999999916));
#16798=CARTESIAN_POINT('Origin',(-33.92,27.5,-0.000999999999999916));
#16799=CARTESIAN_POINT('Origin',(-36.46,27.5,-0.000999999999999916));
#16800=CARTESIAN_POINT('',(-37.11,27.5,1.601));
#16801=CARTESIAN_POINT('Origin',(-36.46,27.5,1.601));
#16802=CARTESIAN_POINT('',(-37.11,27.5,1.6));
#16803=CARTESIAN_POINT('',(-37.11,27.5,-0.000999999999999916));
#16804=CARTESIAN_POINT('Origin',(-36.46,27.5,1.6));
#16805=CARTESIAN_POINT('Origin',(-36.46,27.5,1.6));
#16806=CARTESIAN_POINT('',(-35.96,27.5,1.601));
#16807=CARTESIAN_POINT('Origin',(-36.46,27.5,1.601));
#16808=CARTESIAN_POINT('',(-35.96,27.5,-0.00099999999999989));
#16809=CARTESIAN_POINT('',(-35.96,27.5,1.6));
#16810=CARTESIAN_POINT('Origin',(-36.46,27.5,-0.000999999999999916));
#16811=CARTESIAN_POINT('Origin',(-36.46,27.5,-0.000999999999999916));
#16812=CARTESIAN_POINT('',(-37.11,27.5,0.));
#16813=CARTESIAN_POINT('Origin',(-36.46,27.5,0.));
#16814=CARTESIAN_POINT('',(-37.11,27.5,-0.000999999999999916));
#16815=CARTESIAN_POINT('',(-37.11,27.5,-0.000999999999999916));
#16816=CARTESIAN_POINT('Origin',(-36.46,27.5,-0.000999999999999916));
#16817=CARTESIAN_POINT('Origin',(-39.,27.5,1.6));
#16818=CARTESIAN_POINT('',(-38.5,27.5,1.601));
#16819=CARTESIAN_POINT('Origin',(-39.,27.5,1.601));
#16820=CARTESIAN_POINT('',(-38.5,27.5,-0.00099999999999989));
#16821=CARTESIAN_POINT('',(-38.5,27.5,1.6));
#16822=CARTESIAN_POINT('Origin',(-39.,27.5,-0.000999999999999916));
#16823=CARTESIAN_POINT('Origin',(-46.5,27.5,-0.000999999999999916));
#16824=CARTESIAN_POINT('',(-48.1,27.5,1.601));
#16825=CARTESIAN_POINT('Origin',(-46.5,27.5,1.601));
#16826=CARTESIAN_POINT('',(-48.1,27.5,1.6));
#16827=CARTESIAN_POINT('',(-48.1,27.5,-0.000999999999999916));
#16828=CARTESIAN_POINT('Origin',(-46.5,27.5,1.6));
#16829=CARTESIAN_POINT('Origin',(-46.5,27.5,1.6));
#16830=CARTESIAN_POINT('',(-45.25,27.5,1.601));
#16831=CARTESIAN_POINT('Origin',(-46.5,27.5,1.601));
#16832=CARTESIAN_POINT('',(-45.25,27.5,-0.00099999999999989));
#16833=CARTESIAN_POINT('',(-45.25,27.5,1.6));
#16834=CARTESIAN_POINT('Origin',(-46.5,27.5,-0.000999999999999916));
#16835=CARTESIAN_POINT('Origin',(-46.5,27.5,-0.000999999999999916));
#16836=CARTESIAN_POINT('',(-48.1,27.5,0.));
#16837=CARTESIAN_POINT('Origin',(-46.5,27.5,0.));
#16838=CARTESIAN_POINT('',(-48.1,27.5,-0.000999999999999916));
#16839=CARTESIAN_POINT('',(-48.1,27.5,-0.000999999999999916));
#16840=CARTESIAN_POINT('Origin',(-46.5,27.5,-0.000999999999999916));
#16841=CARTESIAN_POINT('Origin',(-27.01,-13.83,1.6));
#16842=CARTESIAN_POINT('',(-26.76,-13.83,1.6));
#16843=CARTESIAN_POINT('Origin',(-27.01,-13.83,1.6));
#16844=CARTESIAN_POINT('',(-26.76,-13.83,0.));
#16845=CARTESIAN_POINT('',(-26.76,-13.83,1.6));
#16846=CARTESIAN_POINT('Origin',(-27.01,-13.83,0.));
#16847=CARTESIAN_POINT('Origin',(-28.92,-13.83,1.6));
#16848=CARTESIAN_POINT('',(-28.67,-13.83,1.6));
#16849=CARTESIAN_POINT('Origin',(-28.92,-13.83,1.6));
#16850=CARTESIAN_POINT('',(-28.67,-13.83,0.));
#16851=CARTESIAN_POINT('',(-28.67,-13.83,1.6));
#16852=CARTESIAN_POINT('Origin',(-28.92,-13.83,0.));
#16853=CARTESIAN_POINT('Origin',(-40.3199999999999,-4.946,1.6));
#16854=CARTESIAN_POINT('',(-40.0699999999999,-4.946,1.6));
#16855=CARTESIAN_POINT('Origin',(-40.3199999999999,-4.946,1.6));
#16856=CARTESIAN_POINT('',(-40.0699999999999,-4.946,0.));
#16857=CARTESIAN_POINT('',(-40.0699999999999,-4.946,1.6));
#16858=CARTESIAN_POINT('Origin',(-40.3199999999999,-4.946,0.));
#16859=CARTESIAN_POINT('Origin',(-40.32,2.674,1.6));
#16860=CARTESIAN_POINT('',(-40.0699999999999,2.674,1.6));
#16861=CARTESIAN_POINT('Origin',(-40.32,2.674,1.6));
#16862=CARTESIAN_POINT('',(-40.0699999999999,2.674,0.));
#16863=CARTESIAN_POINT('',(-40.0699999999999,2.674,1.6));
#16864=CARTESIAN_POINT('Origin',(-40.32,2.674,0.));
#16865=CARTESIAN_POINT('Origin',(-40.3199999999999,-2.406,1.6));
#16866=CARTESIAN_POINT('',(-40.0699999999999,-2.406,1.6));
#16867=CARTESIAN_POINT('Origin',(-40.3199999999999,-2.406,1.6));
#16868=CARTESIAN_POINT('',(-40.0699999999999,-2.406,0.));
#16869=CARTESIAN_POINT('',(-40.0699999999999,-2.406,1.6));
#16870=CARTESIAN_POINT('Origin',(-40.3199999999999,-2.406,0.));
#16871=CARTESIAN_POINT('Origin',(-40.32,5.214,1.6));
#16872=CARTESIAN_POINT('',(-40.07,5.214,1.6));
#16873=CARTESIAN_POINT('Origin',(-40.32,5.214,1.6));
#16874=CARTESIAN_POINT('',(-40.07,5.214,0.));
#16875=CARTESIAN_POINT('',(-40.07,5.214,1.6));
#16876=CARTESIAN_POINT('Origin',(-40.32,5.214,0.));
#16877=CARTESIAN_POINT('Origin',(-40.32,7.754,1.6));
#16878=CARTESIAN_POINT('',(-40.07,7.754,1.6));
#16879=CARTESIAN_POINT('Origin',(-40.32,7.754,1.6));
#16880=CARTESIAN_POINT('',(-40.07,7.754,0.));
#16881=CARTESIAN_POINT('',(-40.07,7.754,1.6));
#16882=CARTESIAN_POINT('Origin',(-40.32,7.754,0.));
#16883=CARTESIAN_POINT('Origin',(-37.,-11.6,10.61));
#16884=CARTESIAN_POINT('',(-38.,-11.6,10.61));
#16885=CARTESIAN_POINT('',(-37.,-12.6,10.61));
#16886=CARTESIAN_POINT('Origin',(-37.,-11.6,10.61));
#16887=CARTESIAN_POINT('',(37.,-12.6,10.61));
#16888=CARTESIAN_POINT('',(-37.,-12.6,10.61));
#16889=CARTESIAN_POINT('',(38.,-11.6,10.61));
#16890=CARTESIAN_POINT('Origin',(37.,-11.6,10.61));
#16891=CARTESIAN_POINT('',(38.,11.6,10.61));
#16892=CARTESIAN_POINT('',(38.,11.6,10.61));
#16893=CARTESIAN_POINT('',(37.,12.6,10.61));
#16894=CARTESIAN_POINT('Origin',(37.,11.6,10.61));
#16895=CARTESIAN_POINT('',(-37.,12.6,10.61));
#16896=CARTESIAN_POINT('',(-37.,12.6,10.61));
#16897=CARTESIAN_POINT('',(-38.,11.6,10.61));
#16898=CARTESIAN_POINT('Origin',(-37.,11.6,10.61));
#16899=CARTESIAN_POINT('',(-38.,11.6,10.61));
#16900=CARTESIAN_POINT('',(-32.25,10.4,10.61));
#16901=CARTESIAN_POINT('',(-35.2,10.4,10.61));
#16902=CARTESIAN_POINT('',(-35.2,10.4,10.61));
#16903=CARTESIAN_POINT('',(-32.25,5.65,10.61));
#16904=CARTESIAN_POINT('',(-32.25,10.4,10.61));
#16905=CARTESIAN_POINT('',(-35.2,5.65,10.61));
#16906=CARTESIAN_POINT('',(-35.2,5.65,10.61));
#16907=CARTESIAN_POINT('',(-35.2,10.4,10.61));
#16908=CARTESIAN_POINT('',(-28.7,5.65,10.61));
#16909=CARTESIAN_POINT('',(-28.7,10.4,10.61));
#16910=CARTESIAN_POINT('',(-28.7,10.4,10.61));
#16911=CARTESIAN_POINT('',(-31.65,5.65,10.61));
#16912=CARTESIAN_POINT('',(-31.65,5.65,10.61));
#16913=CARTESIAN_POINT('',(-31.65,10.4,10.61));
#16914=CARTESIAN_POINT('',(-31.65,10.4,10.61));
#16915=CARTESIAN_POINT('',(-31.65,10.4,10.61));
#16916=CARTESIAN_POINT('',(-25.15,5.65,10.61));
#16917=CARTESIAN_POINT('',(-25.15,10.4,10.61));
#16918=CARTESIAN_POINT('',(-25.15,10.4,10.61));
#16919=CARTESIAN_POINT('',(-28.1,5.65,10.61));
#16920=CARTESIAN_POINT('',(-28.1,5.65,10.61));
#16921=CARTESIAN_POINT('',(-28.1,10.4,10.61));
#16922=CARTESIAN_POINT('',(-28.1,10.4,10.61));
#16923=CARTESIAN_POINT('',(-28.1,10.4,10.61));
#16924=CARTESIAN_POINT('',(-21.6,5.65,10.61));
#16925=CARTESIAN_POINT('',(-21.6,10.4,10.61));
#16926=CARTESIAN_POINT('',(-21.6,10.4,10.61));
#16927=CARTESIAN_POINT('',(-24.55,5.65,10.61));
#16928=CARTESIAN_POINT('',(-24.55,5.65,10.61));
#16929=CARTESIAN_POINT('',(-24.55,10.4,10.61));
#16930=CARTESIAN_POINT('',(-24.55,10.4,10.61));
#16931=CARTESIAN_POINT('',(-24.55,10.4,10.61));
#16932=CARTESIAN_POINT('',(-18.05,5.65,10.61));
#16933=CARTESIAN_POINT('',(-18.05,10.4,10.61));
#16934=CARTESIAN_POINT('',(-18.05,10.4,10.61));
#16935=CARTESIAN_POINT('',(-21.,5.65,10.61));
#16936=CARTESIAN_POINT('',(-21.,5.65,10.61));
#16937=CARTESIAN_POINT('',(-21.,10.4,10.61));
#16938=CARTESIAN_POINT('',(-21.,10.4,10.61));
#16939=CARTESIAN_POINT('',(-21.,10.4,10.61));
#16940=CARTESIAN_POINT('',(-14.5,5.65,10.61));
#16941=CARTESIAN_POINT('',(-14.5,10.4,10.61));
#16942=CARTESIAN_POINT('',(-14.5,10.4,10.61));
#16943=CARTESIAN_POINT('',(-17.45,5.65,10.61));
#16944=CARTESIAN_POINT('',(-17.45,5.65,10.61));
#16945=CARTESIAN_POINT('',(-17.45,10.4,10.61));
#16946=CARTESIAN_POINT('',(-17.45,10.4,10.61));
#16947=CARTESIAN_POINT('',(-17.45,10.4,10.61));
#16948=CARTESIAN_POINT('',(-10.95,5.65,10.61));
#16949=CARTESIAN_POINT('',(-10.95,10.4,10.61));
#16950=CARTESIAN_POINT('',(-10.95,10.4,10.61));
#16951=CARTESIAN_POINT('',(-13.9,5.65,10.61));
#16952=CARTESIAN_POINT('',(-13.9,5.65,10.61));
#16953=CARTESIAN_POINT('',(-13.9,10.4,10.61));
#16954=CARTESIAN_POINT('',(-13.9,10.4,10.61));
#16955=CARTESIAN_POINT('',(-13.9,10.4,10.61));
#16956=CARTESIAN_POINT('',(-7.40000000000001,5.65,10.61));
#16957=CARTESIAN_POINT('',(-7.40000000000001,10.4,10.61));
#16958=CARTESIAN_POINT('',(-7.40000000000001,10.4,10.61));
#16959=CARTESIAN_POINT('',(-10.35,5.65,10.61));
#16960=CARTESIAN_POINT('',(-10.35,5.65,10.61));
#16961=CARTESIAN_POINT('',(-10.35,10.4,10.61));
#16962=CARTESIAN_POINT('',(-10.35,10.4,10.61));
#16963=CARTESIAN_POINT('',(-10.35,10.4,10.61));
#16964=CARTESIAN_POINT('',(-3.85000000000001,5.65,10.61));
#16965=CARTESIAN_POINT('',(-3.85000000000001,10.4,10.61));
#16966=CARTESIAN_POINT('',(-3.85000000000001,10.4,10.61));
#16967=CARTESIAN_POINT('',(-6.80000000000001,5.65,10.61));
#16968=CARTESIAN_POINT('',(-6.80000000000001,5.65,10.61));
#16969=CARTESIAN_POINT('',(-6.80000000000001,10.4,10.61));
#16970=CARTESIAN_POINT('',(-6.80000000000001,10.4,10.61));
#16971=CARTESIAN_POINT('',(-6.80000000000001,10.4,10.61));
#16972=CARTESIAN_POINT('',(-0.300000000000009,5.65,10.61));
#16973=CARTESIAN_POINT('',(-0.300000000000009,10.4,10.61));
#16974=CARTESIAN_POINT('',(-0.300000000000009,10.4,10.61));
#16975=CARTESIAN_POINT('',(-3.25000000000001,5.65,10.61));
#16976=CARTESIAN_POINT('',(-3.25000000000001,5.65,10.61));
#16977=CARTESIAN_POINT('',(-3.25000000000001,10.4,10.61));
#16978=CARTESIAN_POINT('',(-3.25000000000001,10.4,10.61));
#16979=CARTESIAN_POINT('',(-3.25000000000001,10.4,10.61));
#16980=CARTESIAN_POINT('',(3.24999999999999,5.65,10.61));
#16981=CARTESIAN_POINT('',(3.24999999999999,10.4,10.61));
#16982=CARTESIAN_POINT('',(3.24999999999999,10.4,10.61));
#16983=CARTESIAN_POINT('',(0.299999999999988,5.65,10.61));
#16984=CARTESIAN_POINT('',(0.299999999999988,5.65,10.61));
#16985=CARTESIAN_POINT('',(0.299999999999988,10.4,10.61));
#16986=CARTESIAN_POINT('',(0.299999999999988,10.4,10.61));
#16987=CARTESIAN_POINT('',(0.299999999999988,10.4,10.61));
#16988=CARTESIAN_POINT('',(6.79999999999999,5.65,10.61));
#16989=CARTESIAN_POINT('',(6.79999999999999,10.4,10.61));
#16990=CARTESIAN_POINT('',(6.79999999999999,10.4,10.61));
#16991=CARTESIAN_POINT('',(3.84999999999999,5.65,10.61));
#16992=CARTESIAN_POINT('',(3.84999999999999,5.65,10.61));
#16993=CARTESIAN_POINT('',(3.84999999999999,10.4,10.61));
#16994=CARTESIAN_POINT('',(3.84999999999999,10.4,10.61));
#16995=CARTESIAN_POINT('',(3.84999999999999,10.4,10.61));
#16996=CARTESIAN_POINT('',(10.35,5.65,10.61));
#16997=CARTESIAN_POINT('',(10.35,10.4,10.61));
#16998=CARTESIAN_POINT('',(10.35,10.4,10.61));
#16999=CARTESIAN_POINT('',(7.39999999999999,5.65,10.61));
#17000=CARTESIAN_POINT('',(7.39999999999999,5.65,10.61));
#17001=CARTESIAN_POINT('',(7.39999999999999,10.4,10.61));
#17002=CARTESIAN_POINT('',(7.39999999999999,10.4,10.61));
#17003=CARTESIAN_POINT('',(7.39999999999999,10.4,10.61));
#17004=CARTESIAN_POINT('',(13.9,5.65,10.61));
#17005=CARTESIAN_POINT('',(13.9,10.4,10.61));
#17006=CARTESIAN_POINT('',(13.9,10.4,10.61));
#17007=CARTESIAN_POINT('',(10.95,5.65,10.61));
#17008=CARTESIAN_POINT('',(10.95,5.65,10.61));
#17009=CARTESIAN_POINT('',(10.95,10.4,10.61));
#17010=CARTESIAN_POINT('',(10.95,10.4,10.61));
#17011=CARTESIAN_POINT('',(10.95,10.4,10.61));
#17012=CARTESIAN_POINT('',(17.45,5.65,10.61));
#17013=CARTESIAN_POINT('',(17.45,10.4,10.61));
#17014=CARTESIAN_POINT('',(17.45,10.4,10.61));
#17015=CARTESIAN_POINT('',(14.5,5.65,10.61));
#17016=CARTESIAN_POINT('',(14.5,5.65,10.61));
#17017=CARTESIAN_POINT('',(14.5,10.4,10.61));
#17018=CARTESIAN_POINT('',(14.5,10.4,10.61));
#17019=CARTESIAN_POINT('',(14.5,10.4,10.61));
#17020=CARTESIAN_POINT('',(21.,5.65,10.61));
#17021=CARTESIAN_POINT('',(21.,10.4,10.61));
#17022=CARTESIAN_POINT('',(21.,10.4,10.61));
#17023=CARTESIAN_POINT('',(18.05,5.65,10.61));
#17024=CARTESIAN_POINT('',(18.05,5.65,10.61));
#17025=CARTESIAN_POINT('',(18.05,10.4,10.61));
#17026=CARTESIAN_POINT('',(18.05,10.4,10.61));
#17027=CARTESIAN_POINT('',(18.05,10.4,10.61));
#17028=CARTESIAN_POINT('',(24.55,5.65,10.61));
#17029=CARTESIAN_POINT('',(24.55,10.4,10.61));
#17030=CARTESIAN_POINT('',(24.55,10.4,10.61));
#17031=CARTESIAN_POINT('',(21.6,5.65,10.61));
#17032=CARTESIAN_POINT('',(21.6,5.65,10.61));
#17033=CARTESIAN_POINT('',(21.6,10.4,10.61));
#17034=CARTESIAN_POINT('',(21.6,10.4,10.61));
#17035=CARTESIAN_POINT('',(21.6,10.4,10.61));
#17036=CARTESIAN_POINT('',(28.1,5.65,10.61));
#17037=CARTESIAN_POINT('',(28.1,10.4,10.61));
#17038=CARTESIAN_POINT('',(28.1,10.4,10.61));
#17039=CARTESIAN_POINT('',(25.15,5.65,10.61));
#17040=CARTESIAN_POINT('',(25.15,5.65,10.61));
#17041=CARTESIAN_POINT('',(25.15,10.4,10.61));
#17042=CARTESIAN_POINT('',(25.15,10.4,10.61));
#17043=CARTESIAN_POINT('',(25.15,10.4,10.61));
#17044=CARTESIAN_POINT('',(31.65,5.65,10.61));
#17045=CARTESIAN_POINT('',(31.65,10.4,10.61));
#17046=CARTESIAN_POINT('',(31.65,10.4,10.61));
#17047=CARTESIAN_POINT('',(28.7,5.65,10.61));
#17048=CARTESIAN_POINT('',(28.7,5.65,10.61));
#17049=CARTESIAN_POINT('',(28.7,10.4,10.61));
#17050=CARTESIAN_POINT('',(28.7,10.4,10.61));
#17051=CARTESIAN_POINT('',(28.7,10.4,10.61));
#17052=CARTESIAN_POINT('',(35.2,5.65,10.61));
#17053=CARTESIAN_POINT('',(35.2,10.4,10.61));
#17054=CARTESIAN_POINT('',(35.2,10.4,10.61));
#17055=CARTESIAN_POINT('',(32.25,5.65,10.61));
#17056=CARTESIAN_POINT('',(32.25,5.65,10.61));
#17057=CARTESIAN_POINT('',(32.25,10.4,10.61));
#17058=CARTESIAN_POINT('',(32.25,10.4,10.61));
#17059=CARTESIAN_POINT('',(32.25,10.4,10.61));
#17060=CARTESIAN_POINT('',(-28.7,0.3,10.61));
#17061=CARTESIAN_POINT('',(-28.7,5.05,10.61));
#17062=CARTESIAN_POINT('',(-28.7,5.05,10.61));
#17063=CARTESIAN_POINT('',(-31.65,0.3,10.61));
#17064=CARTESIAN_POINT('',(-31.65,0.3,10.61));
#17065=CARTESIAN_POINT('',(-31.65,5.05,10.61));
#17066=CARTESIAN_POINT('',(-31.65,5.05,10.61));
#17067=CARTESIAN_POINT('',(-31.65,5.05,10.61));
#17068=CARTESIAN_POINT('',(-25.15,0.3,10.61));
#17069=CARTESIAN_POINT('',(-25.15,5.05,10.61));
#17070=CARTESIAN_POINT('',(-25.15,5.05,10.61));
#17071=CARTESIAN_POINT('',(-28.1,0.3,10.61));
#17072=CARTESIAN_POINT('',(-28.1,0.3,10.61));
#17073=CARTESIAN_POINT('',(-28.1,5.05,10.61));
#17074=CARTESIAN_POINT('',(-28.1,5.05,10.61));
#17075=CARTESIAN_POINT('',(-28.1,5.05,10.61));
#17076=CARTESIAN_POINT('',(-21.6,0.3,10.61));
#17077=CARTESIAN_POINT('',(-21.6,5.05,10.61));
#17078=CARTESIAN_POINT('',(-21.6,5.05,10.61));
#17079=CARTESIAN_POINT('',(-24.55,0.3,10.61));
#17080=CARTESIAN_POINT('',(-24.55,0.3,10.61));
#17081=CARTESIAN_POINT('',(-24.55,5.05,10.61));
#17082=CARTESIAN_POINT('',(-24.55,5.05,10.61));
#17083=CARTESIAN_POINT('',(-24.55,5.05,10.61));
#17084=CARTESIAN_POINT('',(-18.05,0.3,10.61));
#17085=CARTESIAN_POINT('',(-18.05,5.05,10.61));
#17086=CARTESIAN_POINT('',(-18.05,5.05,10.61));
#17087=CARTESIAN_POINT('',(-21.,0.3,10.61));
#17088=CARTESIAN_POINT('',(-21.,0.3,10.61));
#17089=CARTESIAN_POINT('',(-21.,5.05,10.61));
#17090=CARTESIAN_POINT('',(-21.,5.05,10.61));
#17091=CARTESIAN_POINT('',(-21.,5.05,10.61));
#17092=CARTESIAN_POINT('',(-14.5,0.3,10.61));
#17093=CARTESIAN_POINT('',(-14.5,5.05,10.61));
#17094=CARTESIAN_POINT('',(-14.5,5.05,10.61));
#17095=CARTESIAN_POINT('',(-17.45,0.3,10.61));
#17096=CARTESIAN_POINT('',(-17.45,0.3,10.61));
#17097=CARTESIAN_POINT('',(-17.45,5.05,10.61));
#17098=CARTESIAN_POINT('',(-17.45,5.05,10.61));
#17099=CARTESIAN_POINT('',(-17.45,5.05,10.61));
#17100=CARTESIAN_POINT('',(-10.95,0.3,10.61));
#17101=CARTESIAN_POINT('',(-10.95,5.05,10.61));
#17102=CARTESIAN_POINT('',(-10.95,5.05,10.61));
#17103=CARTESIAN_POINT('',(-13.9,0.3,10.61));
#17104=CARTESIAN_POINT('',(-13.9,0.3,10.61));
#17105=CARTESIAN_POINT('',(-13.9,5.05,10.61));
#17106=CARTESIAN_POINT('',(-13.9,5.05,10.61));
#17107=CARTESIAN_POINT('',(-13.9,5.05,10.61));
#17108=CARTESIAN_POINT('',(-7.39999999999996,0.3,10.61));
#17109=CARTESIAN_POINT('',(-7.39999999999996,5.05,10.61));
#17110=CARTESIAN_POINT('',(-7.39999999999996,5.05,10.61));
#17111=CARTESIAN_POINT('',(-10.35,0.3,10.61));
#17112=CARTESIAN_POINT('',(-10.35,0.3,10.61));
#17113=CARTESIAN_POINT('',(-10.35,5.05,10.61));
#17114=CARTESIAN_POINT('',(-10.35,5.05,10.61));
#17115=CARTESIAN_POINT('',(-10.35,5.05,10.61));
#17116=CARTESIAN_POINT('',(-3.84999999999995,0.3,10.61));
#17117=CARTESIAN_POINT('',(-3.84999999999995,5.05,10.61));
#17118=CARTESIAN_POINT('',(-3.84999999999995,5.05,10.61));
#17119=CARTESIAN_POINT('',(-6.79999999999996,0.3,10.61));
#17120=CARTESIAN_POINT('',(-6.79999999999996,0.3,10.61));
#17121=CARTESIAN_POINT('',(-6.79999999999996,5.05,10.61));
#17122=CARTESIAN_POINT('',(-6.79999999999996,5.05,10.61));
#17123=CARTESIAN_POINT('',(-6.79999999999996,5.05,10.61));
#17124=CARTESIAN_POINT('',(-0.299999999999953,0.3,10.61));
#17125=CARTESIAN_POINT('',(-0.299999999999953,5.05,10.61));
#17126=CARTESIAN_POINT('',(-0.299999999999953,5.05,10.61));
#17127=CARTESIAN_POINT('',(-3.24999999999995,0.3,10.61));
#17128=CARTESIAN_POINT('',(-3.24999999999995,0.3,10.61));
#17129=CARTESIAN_POINT('',(-3.24999999999995,5.05,10.61));
#17130=CARTESIAN_POINT('',(-3.24999999999995,5.05,10.61));
#17131=CARTESIAN_POINT('',(-3.24999999999995,5.05,10.61));
#17132=CARTESIAN_POINT('',(3.25000000000004,0.3,10.61));
#17133=CARTESIAN_POINT('',(3.25000000000004,5.05,10.61));
#17134=CARTESIAN_POINT('',(3.25000000000004,5.05,10.61));
#17135=CARTESIAN_POINT('',(0.300000000000043,0.3,10.61));
#17136=CARTESIAN_POINT('',(0.300000000000043,0.3,10.61));
#17137=CARTESIAN_POINT('',(0.300000000000043,5.05,10.61));
#17138=CARTESIAN_POINT('',(0.300000000000043,5.05,10.61));
#17139=CARTESIAN_POINT('',(0.300000000000043,5.05,10.61));
#17140=CARTESIAN_POINT('',(6.80000000000004,0.3,10.61));
#17141=CARTESIAN_POINT('',(6.80000000000004,5.05,10.61));
#17142=CARTESIAN_POINT('',(6.80000000000004,5.05,10.61));
#17143=CARTESIAN_POINT('',(3.85000000000004,0.3,10.61));
#17144=CARTESIAN_POINT('',(3.85000000000004,0.3,10.61));
#17145=CARTESIAN_POINT('',(3.85000000000004,5.05,10.61));
#17146=CARTESIAN_POINT('',(3.85000000000004,5.05,10.61));
#17147=CARTESIAN_POINT('',(3.85000000000004,5.05,10.61));
#17148=CARTESIAN_POINT('',(10.35,0.3,10.61));
#17149=CARTESIAN_POINT('',(10.35,5.05,10.61));
#17150=CARTESIAN_POINT('',(10.35,5.05,10.61));
#17151=CARTESIAN_POINT('',(7.40000000000005,0.3,10.61));
#17152=CARTESIAN_POINT('',(7.40000000000005,0.3,10.61));
#17153=CARTESIAN_POINT('',(7.40000000000005,5.05,10.61));
#17154=CARTESIAN_POINT('',(7.40000000000005,5.05,10.61));
#17155=CARTESIAN_POINT('',(7.40000000000005,5.05,10.61));
#17156=CARTESIAN_POINT('',(13.9,0.3,10.61));
#17157=CARTESIAN_POINT('',(13.9,5.05,10.61));
#17158=CARTESIAN_POINT('',(13.9,5.05,10.61));
#17159=CARTESIAN_POINT('',(10.95,0.3,10.61));
#17160=CARTESIAN_POINT('',(10.95,0.3,10.61));
#17161=CARTESIAN_POINT('',(10.95,5.05,10.61));
#17162=CARTESIAN_POINT('',(10.95,5.05,10.61));
#17163=CARTESIAN_POINT('',(10.95,5.05,10.61));
#17164=CARTESIAN_POINT('',(17.45,0.3,10.61));
#17165=CARTESIAN_POINT('',(17.45,5.05,10.61));
#17166=CARTESIAN_POINT('',(17.45,5.05,10.61));
#17167=CARTESIAN_POINT('',(14.5,0.3,10.61));
#17168=CARTESIAN_POINT('',(14.5,0.3,10.61));
#17169=CARTESIAN_POINT('',(14.5,5.05,10.61));
#17170=CARTESIAN_POINT('',(14.5,5.05,10.61));
#17171=CARTESIAN_POINT('',(14.5,5.05,10.61));
#17172=CARTESIAN_POINT('',(21.,0.3,10.61));
#17173=CARTESIAN_POINT('',(21.,5.05,10.61));
#17174=CARTESIAN_POINT('',(21.,5.05,10.61));
#17175=CARTESIAN_POINT('',(18.05,0.3,10.61));
#17176=CARTESIAN_POINT('',(18.05,0.3,10.61));
#17177=CARTESIAN_POINT('',(18.05,5.05,10.61));
#17178=CARTESIAN_POINT('',(18.05,5.05,10.61));
#17179=CARTESIAN_POINT('',(18.05,5.05,10.61));
#17180=CARTESIAN_POINT('',(24.55,0.3,10.61));
#17181=CARTESIAN_POINT('',(24.55,5.05,10.61));
#17182=CARTESIAN_POINT('',(24.55,5.05,10.61));
#17183=CARTESIAN_POINT('',(21.6,0.3,10.61));
#17184=CARTESIAN_POINT('',(21.6,0.3,10.61));
#17185=CARTESIAN_POINT('',(21.6,5.05,10.61));
#17186=CARTESIAN_POINT('',(21.6,5.05,10.61));
#17187=CARTESIAN_POINT('',(21.6,5.05,10.61));
#17188=CARTESIAN_POINT('',(28.1,0.3,10.61));
#17189=CARTESIAN_POINT('',(28.1,5.05,10.61));
#17190=CARTESIAN_POINT('',(28.1,5.05,10.61));
#17191=CARTESIAN_POINT('',(25.15,0.3,10.61));
#17192=CARTESIAN_POINT('',(25.15,0.3,10.61));
#17193=CARTESIAN_POINT('',(25.15,5.05,10.61));
#17194=CARTESIAN_POINT('',(25.15,5.05,10.61));
#17195=CARTESIAN_POINT('',(25.15,5.05,10.61));
#17196=CARTESIAN_POINT('',(31.65,0.3,10.61));
#17197=CARTESIAN_POINT('',(31.65,5.05,10.61));
#17198=CARTESIAN_POINT('',(31.65,5.05,10.61));
#17199=CARTESIAN_POINT('',(28.7,0.3,10.61));
#17200=CARTESIAN_POINT('',(28.7,0.3,10.61));
#17201=CARTESIAN_POINT('',(28.7,5.05,10.61));
#17202=CARTESIAN_POINT('',(28.7,5.05,10.61));
#17203=CARTESIAN_POINT('',(28.7,5.05,10.61));
#17204=CARTESIAN_POINT('',(35.2,0.3,10.61));
#17205=CARTESIAN_POINT('',(35.2,5.05,10.61));
#17206=CARTESIAN_POINT('',(35.2,5.05,10.61));
#17207=CARTESIAN_POINT('',(32.25,0.3,10.61));
#17208=CARTESIAN_POINT('',(32.25,0.3,10.61));
#17209=CARTESIAN_POINT('',(32.25,5.05,10.61));
#17210=CARTESIAN_POINT('',(32.25,5.05,10.61));
#17211=CARTESIAN_POINT('',(32.25,5.05,10.61));
#17212=CARTESIAN_POINT('',(-28.6999999999999,-5.05,10.61));
#17213=CARTESIAN_POINT('',(-28.6999999999999,-0.3,10.61));
#17214=CARTESIAN_POINT('',(-28.6999999999999,-0.3,10.61));
#17215=CARTESIAN_POINT('',(-31.6499999999999,-5.05,10.61));
#17216=CARTESIAN_POINT('',(-31.6499999999999,-5.05,10.61));
#17217=CARTESIAN_POINT('',(-31.6499999999999,-0.3,10.61));
#17218=CARTESIAN_POINT('',(-31.6499999999999,-0.3,10.61));
#17219=CARTESIAN_POINT('',(-31.6499999999999,-0.3,10.61));
#17220=CARTESIAN_POINT('',(-25.1499999999999,-5.05,10.61));
#17221=CARTESIAN_POINT('',(-25.1499999999999,-0.3,10.61));
#17222=CARTESIAN_POINT('',(-25.1499999999999,-0.3,10.61));
#17223=CARTESIAN_POINT('',(-28.0999999999999,-5.05,10.61));
#17224=CARTESIAN_POINT('',(-28.0999999999999,-5.05,10.61));
#17225=CARTESIAN_POINT('',(-28.0999999999999,-0.3,10.61));
#17226=CARTESIAN_POINT('',(-28.0999999999999,-0.3,10.61));
#17227=CARTESIAN_POINT('',(-28.0999999999999,-0.3,10.61));
#17228=CARTESIAN_POINT('',(-21.5999999999999,-5.05,10.61));
#17229=CARTESIAN_POINT('',(-21.5999999999999,-0.3,10.61));
#17230=CARTESIAN_POINT('',(-21.5999999999999,-0.3,10.61));
#17231=CARTESIAN_POINT('',(-24.5499999999999,-5.05,10.61));
#17232=CARTESIAN_POINT('',(-24.5499999999999,-5.05,10.61));
#17233=CARTESIAN_POINT('',(-24.5499999999999,-0.3,10.61));
#17234=CARTESIAN_POINT('',(-24.5499999999999,-0.3,10.61));
#17235=CARTESIAN_POINT('',(-24.5499999999999,-0.3,10.61));
#17236=CARTESIAN_POINT('',(-18.0499999999999,-5.05,10.61));
#17237=CARTESIAN_POINT('',(-18.0499999999999,-0.3,10.61));
#17238=CARTESIAN_POINT('',(-18.0499999999999,-0.3,10.61));
#17239=CARTESIAN_POINT('',(-20.9999999999999,-5.05,10.61));
#17240=CARTESIAN_POINT('',(-20.9999999999999,-5.05,10.61));
#17241=CARTESIAN_POINT('',(-20.9999999999999,-0.3,10.61));
#17242=CARTESIAN_POINT('',(-20.9999999999999,-0.3,10.61));
#17243=CARTESIAN_POINT('',(-20.9999999999999,-0.3,10.61));
#17244=CARTESIAN_POINT('',(-14.4999999999999,-5.05,10.61));
#17245=CARTESIAN_POINT('',(-14.4999999999999,-0.3,10.61));
#17246=CARTESIAN_POINT('',(-14.4999999999999,-0.3,10.61));
#17247=CARTESIAN_POINT('',(-17.4499999999999,-5.05,10.61));
#17248=CARTESIAN_POINT('',(-17.4499999999999,-5.05,10.61));
#17249=CARTESIAN_POINT('',(-17.4499999999999,-0.3,10.61));
#17250=CARTESIAN_POINT('',(-17.4499999999999,-0.3,10.61));
#17251=CARTESIAN_POINT('',(-17.4499999999999,-0.3,10.61));
#17252=CARTESIAN_POINT('',(-10.9499999999999,-5.05,10.61));
#17253=CARTESIAN_POINT('',(-10.9499999999999,-0.3,10.61));
#17254=CARTESIAN_POINT('',(-10.9499999999999,-0.3,10.61));
#17255=CARTESIAN_POINT('',(-13.8999999999999,-5.05,10.61));
#17256=CARTESIAN_POINT('',(-13.8999999999999,-5.05,10.61));
#17257=CARTESIAN_POINT('',(-13.8999999999999,-0.3,10.61));
#17258=CARTESIAN_POINT('',(-13.8999999999999,-0.3,10.61));
#17259=CARTESIAN_POINT('',(-13.8999999999999,-0.3,10.61));
#17260=CARTESIAN_POINT('',(-7.3999999999999,-5.05,10.61));
#17261=CARTESIAN_POINT('',(-7.3999999999999,-0.3,10.61));
#17262=CARTESIAN_POINT('',(-7.3999999999999,-0.3,10.61));
#17263=CARTESIAN_POINT('',(-10.3499999999999,-5.05,10.61));
#17264=CARTESIAN_POINT('',(-10.3499999999999,-5.05,10.61));
#17265=CARTESIAN_POINT('',(-10.3499999999999,-0.3,10.61));
#17266=CARTESIAN_POINT('',(-10.3499999999999,-0.3,10.61));
#17267=CARTESIAN_POINT('',(-10.3499999999999,-0.3,10.61));
#17268=CARTESIAN_POINT('',(-3.8499999999999,-5.05,10.61));
#17269=CARTESIAN_POINT('',(-3.8499999999999,-0.3,10.61));
#17270=CARTESIAN_POINT('',(-3.8499999999999,-0.3,10.61));
#17271=CARTESIAN_POINT('',(-6.7999999999999,-5.05,10.61));
#17272=CARTESIAN_POINT('',(-6.7999999999999,-5.05,10.61));
#17273=CARTESIAN_POINT('',(-6.7999999999999,-0.3,10.61));
#17274=CARTESIAN_POINT('',(-6.7999999999999,-0.3,10.61));
#17275=CARTESIAN_POINT('',(-6.7999999999999,-0.3,10.61));
#17276=CARTESIAN_POINT('',(-0.299999999999898,-5.05,10.61));
#17277=CARTESIAN_POINT('',(-0.299999999999898,-0.3,10.61));
#17278=CARTESIAN_POINT('',(-0.299999999999898,-0.3,10.61));
#17279=CARTESIAN_POINT('',(-3.2499999999999,-5.05,10.61));
#17280=CARTESIAN_POINT('',(-3.2499999999999,-5.05,10.61));
#17281=CARTESIAN_POINT('',(-3.2499999999999,-0.3,10.61));
#17282=CARTESIAN_POINT('',(-3.2499999999999,-0.3,10.61));
#17283=CARTESIAN_POINT('',(-3.2499999999999,-0.3,10.61));
#17284=CARTESIAN_POINT('',(3.2500000000001,-5.05,10.61));
#17285=CARTESIAN_POINT('',(3.2500000000001,-0.3,10.61));
#17286=CARTESIAN_POINT('',(3.2500000000001,-0.3,10.61));
#17287=CARTESIAN_POINT('',(0.300000000000099,-5.05,10.61));
#17288=CARTESIAN_POINT('',(0.300000000000099,-5.05,10.61));
#17289=CARTESIAN_POINT('',(0.300000000000099,-0.3,10.61));
#17290=CARTESIAN_POINT('',(0.300000000000099,-0.3,10.61));
#17291=CARTESIAN_POINT('',(0.300000000000099,-0.3,10.61));
#17292=CARTESIAN_POINT('',(6.8000000000001,-5.05,10.61));
#17293=CARTESIAN_POINT('',(6.8000000000001,-0.3,10.61));
#17294=CARTESIAN_POINT('',(6.8000000000001,-0.3,10.61));
#17295=CARTESIAN_POINT('',(3.8500000000001,-5.05,10.61));
#17296=CARTESIAN_POINT('',(3.8500000000001,-5.05,10.61));
#17297=CARTESIAN_POINT('',(3.8500000000001,-0.3,10.61));
#17298=CARTESIAN_POINT('',(3.8500000000001,-0.3,10.61));
#17299=CARTESIAN_POINT('',(3.8500000000001,-0.3,10.61));
#17300=CARTESIAN_POINT('',(10.3500000000001,-5.05,10.61));
#17301=CARTESIAN_POINT('',(10.3500000000001,-0.3,10.61));
#17302=CARTESIAN_POINT('',(10.3500000000001,-0.3,10.61));
#17303=CARTESIAN_POINT('',(7.4000000000001,-5.05,10.61));
#17304=CARTESIAN_POINT('',(7.4000000000001,-5.05,10.61));
#17305=CARTESIAN_POINT('',(7.4000000000001,-0.3,10.61));
#17306=CARTESIAN_POINT('',(7.4000000000001,-0.3,10.61));
#17307=CARTESIAN_POINT('',(7.4000000000001,-0.3,10.61));
#17308=CARTESIAN_POINT('',(13.9000000000001,-5.05,10.61));
#17309=CARTESIAN_POINT('',(13.9000000000001,-0.3,10.61));
#17310=CARTESIAN_POINT('',(13.9000000000001,-0.3,10.61));
#17311=CARTESIAN_POINT('',(10.9500000000001,-5.05,10.61));
#17312=CARTESIAN_POINT('',(10.9500000000001,-5.05,10.61));
#17313=CARTESIAN_POINT('',(10.9500000000001,-0.3,10.61));
#17314=CARTESIAN_POINT('',(10.9500000000001,-0.3,10.61));
#17315=CARTESIAN_POINT('',(10.9500000000001,-0.3,10.61));
#17316=CARTESIAN_POINT('',(17.4500000000001,-5.05,10.61));
#17317=CARTESIAN_POINT('',(17.4500000000001,-0.3,10.61));
#17318=CARTESIAN_POINT('',(17.4500000000001,-0.3,10.61));
#17319=CARTESIAN_POINT('',(14.5000000000001,-5.05,10.61));
#17320=CARTESIAN_POINT('',(14.5000000000001,-5.05,10.61));
#17321=CARTESIAN_POINT('',(14.5000000000001,-0.3,10.61));
#17322=CARTESIAN_POINT('',(14.5000000000001,-0.3,10.61));
#17323=CARTESIAN_POINT('',(14.5000000000001,-0.3,10.61));
#17324=CARTESIAN_POINT('',(21.0000000000001,-5.05,10.61));
#17325=CARTESIAN_POINT('',(21.0000000000001,-0.3,10.61));
#17326=CARTESIAN_POINT('',(21.0000000000001,-0.3,10.61));
#17327=CARTESIAN_POINT('',(18.0500000000001,-5.05,10.61));
#17328=CARTESIAN_POINT('',(18.0500000000001,-5.05,10.61));
#17329=CARTESIAN_POINT('',(18.0500000000001,-0.3,10.61));
#17330=CARTESIAN_POINT('',(18.0500000000001,-0.3,10.61));
#17331=CARTESIAN_POINT('',(18.0500000000001,-0.3,10.61));
#17332=CARTESIAN_POINT('',(24.5500000000001,-5.05,10.61));
#17333=CARTESIAN_POINT('',(24.5500000000001,-0.3,10.61));
#17334=CARTESIAN_POINT('',(24.5500000000001,-0.3,10.61));
#17335=CARTESIAN_POINT('',(21.6000000000001,-5.05,10.61));
#17336=CARTESIAN_POINT('',(21.6000000000001,-5.05,10.61));
#17337=CARTESIAN_POINT('',(21.6000000000001,-0.3,10.61));
#17338=CARTESIAN_POINT('',(21.6000000000001,-0.3,10.61));
#17339=CARTESIAN_POINT('',(21.6000000000001,-0.3,10.61));
#17340=CARTESIAN_POINT('',(28.1000000000001,-5.05,10.61));
#17341=CARTESIAN_POINT('',(28.1000000000001,-0.3,10.61));
#17342=CARTESIAN_POINT('',(28.1000000000001,-0.3,10.61));
#17343=CARTESIAN_POINT('',(25.1500000000001,-5.05,10.61));
#17344=CARTESIAN_POINT('',(25.1500000000001,-5.05,10.61));
#17345=CARTESIAN_POINT('',(25.1500000000001,-0.3,10.61));
#17346=CARTESIAN_POINT('',(25.1500000000001,-0.3,10.61));
#17347=CARTESIAN_POINT('',(25.1500000000001,-0.3,10.61));
#17348=CARTESIAN_POINT('',(31.6500000000001,-5.05,10.61));
#17349=CARTESIAN_POINT('',(31.6500000000001,-0.3,10.61));
#17350=CARTESIAN_POINT('',(31.6500000000001,-0.3,10.61));
#17351=CARTESIAN_POINT('',(28.7000000000001,-5.05,10.61));
#17352=CARTESIAN_POINT('',(28.7000000000001,-5.05,10.61));
#17353=CARTESIAN_POINT('',(28.7000000000001,-0.3,10.61));
#17354=CARTESIAN_POINT('',(28.7000000000001,-0.3,10.61));
#17355=CARTESIAN_POINT('',(28.7000000000001,-0.3,10.61));
#17356=CARTESIAN_POINT('',(35.2000000000001,-5.05,10.61));
#17357=CARTESIAN_POINT('',(35.2000000000001,-0.3,10.61));
#17358=CARTESIAN_POINT('',(35.2000000000001,-0.3,10.61));
#17359=CARTESIAN_POINT('',(32.2500000000001,-5.05,10.61));
#17360=CARTESIAN_POINT('',(32.2500000000001,-5.05,10.61));
#17361=CARTESIAN_POINT('',(32.2500000000001,-0.3,10.61));
#17362=CARTESIAN_POINT('',(32.2500000000001,-0.3,10.61));
#17363=CARTESIAN_POINT('',(32.2500000000001,-0.3,10.61));
#17364=CARTESIAN_POINT('',(-28.6999999999998,-10.4,10.61));
#17365=CARTESIAN_POINT('',(-28.6999999999998,-5.65,10.61));
#17366=CARTESIAN_POINT('',(-28.6999999999998,-5.65,10.61));
#17367=CARTESIAN_POINT('',(-31.6499999999998,-10.4,10.61));
#17368=CARTESIAN_POINT('',(-31.6499999999998,-10.4,10.61));
#17369=CARTESIAN_POINT('',(-31.6499999999998,-5.65,10.61));
#17370=CARTESIAN_POINT('',(-31.6499999999998,-5.65,10.61));
#17371=CARTESIAN_POINT('',(-31.6499999999998,-5.65,10.61));
#17372=CARTESIAN_POINT('',(-25.1499999999998,-10.4,10.61));
#17373=CARTESIAN_POINT('',(-25.1499999999998,-5.65,10.61));
#17374=CARTESIAN_POINT('',(-25.1499999999998,-5.65,10.61));
#17375=CARTESIAN_POINT('',(-28.0999999999998,-10.4,10.61));
#17376=CARTESIAN_POINT('',(-28.0999999999998,-10.4,10.61));
#17377=CARTESIAN_POINT('',(-28.0999999999998,-5.65,10.61));
#17378=CARTESIAN_POINT('',(-28.0999999999998,-5.65,10.61));
#17379=CARTESIAN_POINT('',(-28.0999999999998,-5.65,10.61));
#17380=CARTESIAN_POINT('',(-21.5999999999998,-10.4,10.61));
#17381=CARTESIAN_POINT('',(-21.5999999999998,-5.65,10.61));
#17382=CARTESIAN_POINT('',(-21.5999999999998,-5.65,10.61));
#17383=CARTESIAN_POINT('',(-24.5499999999998,-10.4,10.61));
#17384=CARTESIAN_POINT('',(-24.5499999999998,-10.4,10.61));
#17385=CARTESIAN_POINT('',(-24.5499999999998,-5.65,10.61));
#17386=CARTESIAN_POINT('',(-24.5499999999998,-5.65,10.61));
#17387=CARTESIAN_POINT('',(-24.5499999999998,-5.65,10.61));
#17388=CARTESIAN_POINT('',(-18.0499999999998,-10.4,10.61));
#17389=CARTESIAN_POINT('',(-18.0499999999998,-5.65,10.61));
#17390=CARTESIAN_POINT('',(-18.0499999999998,-5.65,10.61));
#17391=CARTESIAN_POINT('',(-20.9999999999998,-10.4,10.61));
#17392=CARTESIAN_POINT('',(-20.9999999999998,-10.4,10.61));
#17393=CARTESIAN_POINT('',(-20.9999999999998,-5.65,10.61));
#17394=CARTESIAN_POINT('',(-20.9999999999998,-5.65,10.61));
#17395=CARTESIAN_POINT('',(-20.9999999999998,-5.65,10.61));
#17396=CARTESIAN_POINT('',(-14.4999999999998,-10.4,10.61));
#17397=CARTESIAN_POINT('',(-14.4999999999998,-5.65,10.61));
#17398=CARTESIAN_POINT('',(-14.4999999999998,-5.65,10.61));
#17399=CARTESIAN_POINT('',(-17.4499999999998,-10.4,10.61));
#17400=CARTESIAN_POINT('',(-17.4499999999998,-10.4,10.61));
#17401=CARTESIAN_POINT('',(-17.4499999999998,-5.65,10.61));
#17402=CARTESIAN_POINT('',(-17.4499999999998,-5.65,10.61));
#17403=CARTESIAN_POINT('',(-17.4499999999998,-5.65,10.61));
#17404=CARTESIAN_POINT('',(-10.9499999999998,-10.4,10.61));
#17405=CARTESIAN_POINT('',(-10.9499999999998,-5.65,10.61));
#17406=CARTESIAN_POINT('',(-10.9499999999998,-5.65,10.61));
#17407=CARTESIAN_POINT('',(-13.8999999999998,-10.4,10.61));
#17408=CARTESIAN_POINT('',(-13.8999999999998,-10.4,10.61));
#17409=CARTESIAN_POINT('',(-13.8999999999998,-5.65,10.61));
#17410=CARTESIAN_POINT('',(-13.8999999999998,-5.65,10.61));
#17411=CARTESIAN_POINT('',(-13.8999999999998,-5.65,10.61));
#17412=CARTESIAN_POINT('',(-7.39999999999984,-10.4,10.61));
#17413=CARTESIAN_POINT('',(-7.39999999999984,-5.65,10.61));
#17414=CARTESIAN_POINT('',(-7.39999999999984,-5.65,10.61));
#17415=CARTESIAN_POINT('',(-10.3499999999998,-10.4,10.61));
#17416=CARTESIAN_POINT('',(-10.3499999999998,-10.4,10.61));
#17417=CARTESIAN_POINT('',(-10.3499999999998,-5.65,10.61));
#17418=CARTESIAN_POINT('',(-10.3499999999998,-5.65,10.61));
#17419=CARTESIAN_POINT('',(-10.3499999999998,-5.65,10.61));
#17420=CARTESIAN_POINT('',(-3.84999999999984,-10.4,10.61));
#17421=CARTESIAN_POINT('',(-3.84999999999984,-5.65,10.61));
#17422=CARTESIAN_POINT('',(-3.84999999999984,-5.65,10.61));
#17423=CARTESIAN_POINT('',(-6.79999999999985,-10.4,10.61));
#17424=CARTESIAN_POINT('',(-6.79999999999985,-10.4,10.61));
#17425=CARTESIAN_POINT('',(-6.79999999999985,-5.65,10.61));
#17426=CARTESIAN_POINT('',(-6.79999999999985,-5.65,10.61));
#17427=CARTESIAN_POINT('',(-6.79999999999985,-5.65,10.61));
#17428=CARTESIAN_POINT('',(-0.299999999999842,-10.4,10.61));
#17429=CARTESIAN_POINT('',(-0.299999999999842,-5.65,10.61));
#17430=CARTESIAN_POINT('',(-0.299999999999842,-5.65,10.61));
#17431=CARTESIAN_POINT('',(-3.24999999999984,-10.4,10.61));
#17432=CARTESIAN_POINT('',(-3.24999999999984,-10.4,10.61));
#17433=CARTESIAN_POINT('',(-3.24999999999984,-5.65,10.61));
#17434=CARTESIAN_POINT('',(-3.24999999999984,-5.65,10.61));
#17435=CARTESIAN_POINT('',(-3.24999999999984,-5.65,10.61));
#17436=CARTESIAN_POINT('',(3.25000000000016,-10.4,10.61));
#17437=CARTESIAN_POINT('',(3.25000000000016,-5.65,10.61));
#17438=CARTESIAN_POINT('',(3.25000000000016,-5.65,10.61));
#17439=CARTESIAN_POINT('',(0.300000000000154,-10.4,10.61));
#17440=CARTESIAN_POINT('',(0.300000000000154,-10.4,10.61));
#17441=CARTESIAN_POINT('',(0.300000000000154,-5.65,10.61));
#17442=CARTESIAN_POINT('',(0.300000000000154,-5.65,10.61));
#17443=CARTESIAN_POINT('',(0.300000000000154,-5.65,10.61));
#17444=CARTESIAN_POINT('',(6.80000000000015,-10.4,10.61));
#17445=CARTESIAN_POINT('',(6.80000000000015,-5.65,10.61));
#17446=CARTESIAN_POINT('',(6.80000000000015,-5.65,10.61));
#17447=CARTESIAN_POINT('',(3.85000000000015,-10.4,10.61));
#17448=CARTESIAN_POINT('',(3.85000000000015,-10.4,10.61));
#17449=CARTESIAN_POINT('',(3.85000000000015,-5.65,10.61));
#17450=CARTESIAN_POINT('',(3.85000000000015,-5.65,10.61));
#17451=CARTESIAN_POINT('',(3.85000000000015,-5.65,10.61));
#17452=CARTESIAN_POINT('',(10.3500000000002,-10.4,10.61));
#17453=CARTESIAN_POINT('',(10.3500000000002,-5.65,10.61));
#17454=CARTESIAN_POINT('',(10.3500000000002,-5.65,10.61));
#17455=CARTESIAN_POINT('',(7.40000000000016,-10.4,10.61));
#17456=CARTESIAN_POINT('',(7.40000000000016,-10.4,10.61));
#17457=CARTESIAN_POINT('',(7.40000000000016,-5.65,10.61));
#17458=CARTESIAN_POINT('',(7.40000000000016,-5.65,10.61));
#17459=CARTESIAN_POINT('',(7.40000000000016,-5.65,10.61));
#17460=CARTESIAN_POINT('',(13.9000000000002,-10.4,10.61));
#17461=CARTESIAN_POINT('',(13.9000000000002,-5.65,10.61));
#17462=CARTESIAN_POINT('',(13.9000000000002,-5.65,10.61));
#17463=CARTESIAN_POINT('',(10.9500000000002,-10.4,10.61));
#17464=CARTESIAN_POINT('',(10.9500000000002,-10.4,10.61));
#17465=CARTESIAN_POINT('',(10.9500000000002,-5.65,10.61));
#17466=CARTESIAN_POINT('',(10.9500000000002,-5.65,10.61));
#17467=CARTESIAN_POINT('',(10.9500000000002,-5.65,10.61));
#17468=CARTESIAN_POINT('',(17.4500000000002,-10.4,10.61));
#17469=CARTESIAN_POINT('',(17.4500000000002,-5.65,10.61));
#17470=CARTESIAN_POINT('',(17.4500000000002,-5.65,10.61));
#17471=CARTESIAN_POINT('',(14.5000000000002,-10.4,10.61));
#17472=CARTESIAN_POINT('',(14.5000000000002,-10.4,10.61));
#17473=CARTESIAN_POINT('',(14.5000000000002,-5.65,10.61));
#17474=CARTESIAN_POINT('',(14.5000000000002,-5.65,10.61));
#17475=CARTESIAN_POINT('',(14.5000000000002,-5.65,10.61));
#17476=CARTESIAN_POINT('',(21.0000000000002,-10.4,10.61));
#17477=CARTESIAN_POINT('',(21.0000000000002,-5.65,10.61));
#17478=CARTESIAN_POINT('',(21.0000000000002,-5.65,10.61));
#17479=CARTESIAN_POINT('',(18.0500000000002,-10.4,10.61));
#17480=CARTESIAN_POINT('',(18.0500000000002,-10.4,10.61));
#17481=CARTESIAN_POINT('',(18.0500000000002,-5.65,10.61));
#17482=CARTESIAN_POINT('',(18.0500000000002,-5.65,10.61));
#17483=CARTESIAN_POINT('',(18.0500000000002,-5.65,10.61));
#17484=CARTESIAN_POINT('',(24.5500000000002,-10.4,10.61));
#17485=CARTESIAN_POINT('',(24.5500000000002,-5.65,10.61));
#17486=CARTESIAN_POINT('',(24.5500000000002,-5.65,10.61));
#17487=CARTESIAN_POINT('',(21.6000000000002,-10.4,10.61));
#17488=CARTESIAN_POINT('',(21.6000000000002,-10.4,10.61));
#17489=CARTESIAN_POINT('',(21.6000000000002,-5.65,10.61));
#17490=CARTESIAN_POINT('',(21.6000000000002,-5.65,10.61));
#17491=CARTESIAN_POINT('',(21.6000000000002,-5.65,10.61));
#17492=CARTESIAN_POINT('',(28.1000000000002,-10.4,10.61));
#17493=CARTESIAN_POINT('',(28.1000000000002,-5.65,10.61));
#17494=CARTESIAN_POINT('',(28.1000000000002,-5.65,10.61));
#17495=CARTESIAN_POINT('',(25.1500000000002,-10.4,10.61));
#17496=CARTESIAN_POINT('',(25.1500000000002,-10.4,10.61));
#17497=CARTESIAN_POINT('',(25.1500000000002,-5.65,10.61));
#17498=CARTESIAN_POINT('',(25.1500000000002,-5.65,10.61));
#17499=CARTESIAN_POINT('',(25.1500000000002,-5.65,10.61));
#17500=CARTESIAN_POINT('',(31.6500000000002,-10.4,10.61));
#17501=CARTESIAN_POINT('',(31.6500000000002,-5.65,10.61));
#17502=CARTESIAN_POINT('',(31.6500000000002,-5.65,10.61));
#17503=CARTESIAN_POINT('',(28.7000000000002,-10.4,10.61));
#17504=CARTESIAN_POINT('',(28.7000000000002,-10.4,10.61));
#17505=CARTESIAN_POINT('',(28.7000000000002,-5.65,10.61));
#17506=CARTESIAN_POINT('',(28.7000000000002,-5.65,10.61));
#17507=CARTESIAN_POINT('',(28.7000000000002,-5.65,10.61));
#17508=CARTESIAN_POINT('',(35.2000000000002,-10.4,10.61));
#17509=CARTESIAN_POINT('',(35.2000000000002,-5.65,10.61));
#17510=CARTESIAN_POINT('',(35.2000000000002,-5.65,10.61));
#17511=CARTESIAN_POINT('',(32.2500000000002,-10.4,10.61));
#17512=CARTESIAN_POINT('',(32.2500000000002,-10.4,10.61));
#17513=CARTESIAN_POINT('',(32.2500000000002,-5.65,10.61));
#17514=CARTESIAN_POINT('',(32.2500000000002,-5.65,10.61));
#17515=CARTESIAN_POINT('',(32.2500000000002,-5.65,10.61));
#17516=CARTESIAN_POINT('',(-32.25,0.3,10.61));
#17517=CARTESIAN_POINT('',(-32.25,5.05,10.61));
#17518=CARTESIAN_POINT('',(-32.25,5.05,10.61));
#17519=CARTESIAN_POINT('',(-35.2,0.3,10.61));
#17520=CARTESIAN_POINT('',(-35.2,0.3,10.61));
#17521=CARTESIAN_POINT('',(-35.2,5.05,10.61));
#17522=CARTESIAN_POINT('',(-35.2,5.05,10.61));
#17523=CARTESIAN_POINT('',(-35.2,5.05,10.61));
#17524=CARTESIAN_POINT('',(-32.2499999999999,-5.05,10.61));
#17525=CARTESIAN_POINT('',(-32.2499999999999,-0.3,10.61));
#17526=CARTESIAN_POINT('',(-32.2499999999999,-0.3,10.61));
#17527=CARTESIAN_POINT('',(-35.1999999999999,-5.05,10.61));
#17528=CARTESIAN_POINT('',(-35.1999999999999,-5.05,10.61));
#17529=CARTESIAN_POINT('',(-35.1999999999999,-0.3,10.61));
#17530=CARTESIAN_POINT('',(-35.1999999999999,-0.3,10.61));
#17531=CARTESIAN_POINT('',(-35.1999999999999,-0.3,10.61));
#17532=CARTESIAN_POINT('',(-32.2499999999998,-10.4,10.61));
#17533=CARTESIAN_POINT('',(-32.2499999999998,-5.65,10.61));
#17534=CARTESIAN_POINT('',(-32.2499999999998,-5.65,10.61));
#17535=CARTESIAN_POINT('',(-35.1999999999998,-10.4,10.61));
#17536=CARTESIAN_POINT('',(-35.1999999999998,-10.4,10.61));
#17537=CARTESIAN_POINT('',(-35.1999999999998,-5.65,10.61));
#17538=CARTESIAN_POINT('',(-35.1999999999998,-5.65,10.61));
#17539=CARTESIAN_POINT('',(-35.1999999999998,-5.65,10.61));
#17540=CARTESIAN_POINT('Origin',(33.25,-20.15,1.6));
#17541=CARTESIAN_POINT('',(36.05,-20.15,0.));
#17542=CARTESIAN_POINT('',(33.25,-20.15,0.));
#17543=CARTESIAN_POINT('',(33.25,-20.15,0.));
#17544=CARTESIAN_POINT('',(36.05,-20.15,1.6));
#17545=CARTESIAN_POINT('',(36.05,-20.15,-0.2));
#17546=CARTESIAN_POINT('',(33.25,-20.15,1.6));
#17547=CARTESIAN_POINT('',(33.25,-20.15,1.6));
#17548=CARTESIAN_POINT('',(33.25,-20.15,1.6));
#17549=CARTESIAN_POINT('Origin',(0.,0.,1.6));
#17550=CARTESIAN_POINT('',(36.05,-20.75,1.6));
#17551=CARTESIAN_POINT('',(36.05,-20.75,1.6));
#17552=CARTESIAN_POINT('',(38.75,-20.75,1.6));
#17553=CARTESIAN_POINT('',(38.75,-20.75,1.6));
#17554=CARTESIAN_POINT('',(38.75,-20.15,1.6));
#17555=CARTESIAN_POINT('',(38.75,-20.15,1.6));
#17556=CARTESIAN_POINT('',(39.,-20.4,1.6));
#17557=CARTESIAN_POINT('Origin',(38.75,-20.4,1.6));
#17558=CARTESIAN_POINT('',(39.,-20.85,1.6));
#17559=CARTESIAN_POINT('',(39.,-20.4,1.6));
#17560=CARTESIAN_POINT('',(33.,-20.85,1.6));
#17561=CARTESIAN_POINT('',(-43.65,-20.85,1.6));
#17562=CARTESIAN_POINT('',(33.,-20.4,1.6));
#17563=CARTESIAN_POINT('',(33.,-20.9,1.6));
#17564=CARTESIAN_POINT('Origin',(33.25,-20.4,1.6));
#17565=CARTESIAN_POINT('Origin',(10.25,-20.15,1.6));
#17566=CARTESIAN_POINT('',(13.05,-20.15,0.));
#17567=CARTESIAN_POINT('',(10.25,-20.15,0.));
#17568=CARTESIAN_POINT('',(10.25,-20.15,0.));
#17569=CARTESIAN_POINT('',(13.05,-20.15,1.6));
#17570=CARTESIAN_POINT('',(13.05,-20.15,-0.2));
#17571=CARTESIAN_POINT('',(10.25,-20.15,1.6));
#17572=CARTESIAN_POINT('',(10.25,-20.15,1.6));
#17573=CARTESIAN_POINT('',(10.25,-20.15,1.6));
#17574=CARTESIAN_POINT('Origin',(0.,0.,1.6));
#17575=CARTESIAN_POINT('',(13.05,-20.75,1.6));
#17576=CARTESIAN_POINT('',(13.05,-20.75,1.6));
#17577=CARTESIAN_POINT('',(15.75,-20.75,1.6));
#17578=CARTESIAN_POINT('',(15.75,-20.75,1.6));
#17579=CARTESIAN_POINT('',(15.75,-20.15,1.6));
#17580=CARTESIAN_POINT('',(15.75,-20.15,1.6));
#17581=CARTESIAN_POINT('',(16.,-20.4,1.6));
#17582=CARTESIAN_POINT('Origin',(15.75,-20.4,1.6));
#17583=CARTESIAN_POINT('',(16.,-20.85,1.6));
#17584=CARTESIAN_POINT('',(16.,-20.4,1.6));
#17585=CARTESIAN_POINT('',(10.,-20.85,1.6));
#17586=CARTESIAN_POINT('',(-43.65,-20.85,1.6));
#17587=CARTESIAN_POINT('',(10.,-20.4,1.6));
#17588=CARTESIAN_POINT('',(10.,-20.9,1.6));
#17589=CARTESIAN_POINT('Origin',(10.25,-20.4,1.6));
#17590=CARTESIAN_POINT('Origin',(-10.25,-20.15,1.6));
#17591=CARTESIAN_POINT('',(-10.25,-20.15,1.6));
#17592=CARTESIAN_POINT('',(-13.05,-20.15,1.6));
#17593=CARTESIAN_POINT('',(-10.25,-20.15,1.6));
#17594=CARTESIAN_POINT('',(-13.05,-20.15,0.));
#17595=CARTESIAN_POINT('',(-13.05,-20.15,-0.2));
#17596=CARTESIAN_POINT('',(-10.25,-20.15,0.));
#17597=CARTESIAN_POINT('',(-10.25,-20.15,0.));
#17598=CARTESIAN_POINT('',(-10.25,-20.15,1.6));
#17599=CARTESIAN_POINT('Origin',(0.,0.,1.6));
#17600=CARTESIAN_POINT('',(-13.05,-20.75,1.6));
#17601=CARTESIAN_POINT('',(-13.05,-20.75,1.6));
#17602=CARTESIAN_POINT('',(-10.,-20.4,1.6));
#17603=CARTESIAN_POINT('Origin',(-10.25,-20.4,1.6));
#17604=CARTESIAN_POINT('',(-10.,-20.85,1.6));
#17605=CARTESIAN_POINT('',(-10.,-20.9,1.6));
#17606=CARTESIAN_POINT('',(-16.,-20.85,1.6));
#17607=CARTESIAN_POINT('',(-43.65,-20.85,1.6));
#17608=CARTESIAN_POINT('',(-16.,-20.4,1.6));
#17609=CARTESIAN_POINT('',(-16.,-20.4,1.6));
#17610=CARTESIAN_POINT('',(-15.75,-20.15,1.6));
#17611=CARTESIAN_POINT('Origin',(-15.75,-20.4,1.6));
#17612=CARTESIAN_POINT('',(-15.75,-20.75,1.6));
#17613=CARTESIAN_POINT('',(-15.75,-20.15,1.6));
#17614=CARTESIAN_POINT('',(-15.75,-20.75,1.6));
#17615=CARTESIAN_POINT('Origin',(-33.25,-20.1500000000002,1.6));
#17616=CARTESIAN_POINT('',(-33.25,-20.1500000000002,1.6));
#17617=CARTESIAN_POINT('',(-36.05,-20.1500000000002,1.6));
#17618=CARTESIAN_POINT('',(-33.25,-20.1500000000002,1.6));
#17619=CARTESIAN_POINT('',(-36.05,-20.1500000000002,0.));
#17620=CARTESIAN_POINT('',(-36.05,-20.1500000000002,-0.2));
#17621=CARTESIAN_POINT('',(-33.25,-20.1500000000002,0.));
#17622=CARTESIAN_POINT('',(-33.25,-20.1500000000002,0.));
#17623=CARTESIAN_POINT('',(-33.25,-20.1500000000002,1.6));
#17624=CARTESIAN_POINT('Origin',(0.,0.,1.6));
#17625=CARTESIAN_POINT('',(-36.05,-20.75,1.6));
#17626=CARTESIAN_POINT('',(-36.05,-20.75,1.6));
#17627=CARTESIAN_POINT('',(-33.,-20.4000000000002,1.6));
#17628=CARTESIAN_POINT('Origin',(-33.25,-20.4000000000002,1.6));
#17629=CARTESIAN_POINT('',(-33.,-20.85,1.6));
#17630=CARTESIAN_POINT('',(-33.,-20.9000000000002,1.6));
#17631=CARTESIAN_POINT('',(-39.,-20.85,1.6));
#17632=CARTESIAN_POINT('',(-43.65,-20.85,1.6));
#17633=CARTESIAN_POINT('',(-39.,-20.4000000000002,1.6));
#17634=CARTESIAN_POINT('',(-39.,-20.4000000000002,1.6));
#17635=CARTESIAN_POINT('',(-38.75,-20.1500000000002,1.6));
#17636=CARTESIAN_POINT('Origin',(-38.75,-20.4000000000002,1.6));
#17637=CARTESIAN_POINT('',(-38.75,-20.75,1.6));
#17638=CARTESIAN_POINT('',(-38.75,-20.1500000000002,1.6));
#17639=CARTESIAN_POINT('',(-38.75,-20.75,1.6));
#17640=CARTESIAN_POINT('Origin',(-33.25,20.1500000000002,1.6));
#17641=CARTESIAN_POINT('',(-36.05,20.1500000000002,0.));
#17642=CARTESIAN_POINT('',(-33.25,20.1500000000002,0.));
#17643=CARTESIAN_POINT('',(-33.25,20.1500000000002,0.));
#17644=CARTESIAN_POINT('',(-36.05,20.1500000000002,1.6));
#17645=CARTESIAN_POINT('',(-36.05,20.1500000000002,-0.2));
#17646=CARTESIAN_POINT('',(-33.25,20.1500000000002,1.6));
#17647=CARTESIAN_POINT('',(-33.25,20.1500000000002,1.6));
#17648=CARTESIAN_POINT('',(-33.25,20.1500000000002,1.6));
#17649=CARTESIAN_POINT('Origin',(0.,0.,1.6));
#17650=CARTESIAN_POINT('',(-38.75,20.1500000000002,1.6));
#17651=CARTESIAN_POINT('',(-38.75,20.75,1.6));
#17652=CARTESIAN_POINT('',(-38.75,20.1500000000002,1.6));
#17653=CARTESIAN_POINT('',(-39.,20.4000000000002,1.6));
#17654=CARTESIAN_POINT('Origin',(-38.75,20.4000000000002,1.6));
#17655=CARTESIAN_POINT('',(-39.,20.85,1.6));
#17656=CARTESIAN_POINT('',(-39.,20.4000000000002,1.6));
#17657=CARTESIAN_POINT('',(-33.,20.85,1.6));
#17658=CARTESIAN_POINT('',(-43.65,20.85,1.6));
#17659=CARTESIAN_POINT('',(-33.,20.4000000000002,1.6));
#17660=CARTESIAN_POINT('',(-33.,20.9000000000002,1.6));
#17661=CARTESIAN_POINT('Origin',(-33.25,20.4000000000002,1.6));
#17662=CARTESIAN_POINT('',(-36.05,20.75,1.6));
#17663=CARTESIAN_POINT('',(-36.05,20.75,1.6));
#17664=CARTESIAN_POINT('',(-38.75,20.75,1.6));
#17665=CARTESIAN_POINT('Origin',(-10.25,20.15,1.6));
#17666=CARTESIAN_POINT('',(-13.05,20.15,0.));
#17667=CARTESIAN_POINT('',(-10.25,20.15,0.));
#17668=CARTESIAN_POINT('',(-10.25,20.15,0.));
#17669=CARTESIAN_POINT('',(-13.05,20.15,1.6));
#17670=CARTESIAN_POINT('',(-13.05,20.15,-0.2));
#17671=CARTESIAN_POINT('',(-10.25,20.15,1.6));
#17672=CARTESIAN_POINT('',(-10.25,20.15,1.6));
#17673=CARTESIAN_POINT('',(-10.25,20.15,1.6));
#17674=CARTESIAN_POINT('Origin',(0.,0.,1.6));
#17675=CARTESIAN_POINT('',(-15.75,20.15,1.6));
#17676=CARTESIAN_POINT('',(-15.75,20.75,1.6));
#17677=CARTESIAN_POINT('',(-15.75,20.15,1.6));
#17678=CARTESIAN_POINT('',(-16.,20.4,1.6));
#17679=CARTESIAN_POINT('Origin',(-15.75,20.4,1.6));
#17680=CARTESIAN_POINT('',(-16.,20.85,1.6));
#17681=CARTESIAN_POINT('',(-16.,20.4,1.6));
#17682=CARTESIAN_POINT('',(-10.,20.85,1.6));
#17683=CARTESIAN_POINT('',(-43.65,20.85,1.6));
#17684=CARTESIAN_POINT('',(-10.,20.4,1.6));
#17685=CARTESIAN_POINT('',(-10.,20.9,1.6));
#17686=CARTESIAN_POINT('Origin',(-10.25,20.4,1.6));
#17687=CARTESIAN_POINT('',(-13.05,20.75,1.6));
#17688=CARTESIAN_POINT('',(-13.05,20.75,1.6));
#17689=CARTESIAN_POINT('',(-15.75,20.75,1.6));
#17690=CARTESIAN_POINT('Origin',(10.25,20.15,1.6));
#17691=CARTESIAN_POINT('',(10.25,20.15,1.6));
#17692=CARTESIAN_POINT('',(13.05,20.15,1.6));
#17693=CARTESIAN_POINT('',(10.25,20.15,1.6));
#17694=CARTESIAN_POINT('',(13.05,20.15,0.));
#17695=CARTESIAN_POINT('',(13.05,20.15,-0.2));
#17696=CARTESIAN_POINT('',(10.25,20.15,0.));
#17697=CARTESIAN_POINT('',(10.25,20.15,0.));
#17698=CARTESIAN_POINT('',(10.25,20.15,1.6));
#17699=CARTESIAN_POINT('Origin',(0.,0.,1.6));
#17700=CARTESIAN_POINT('',(13.05,20.75,1.6));
#17701=CARTESIAN_POINT('',(13.05,20.75,1.6));
#17702=CARTESIAN_POINT('',(10.,20.4,1.6));
#17703=CARTESIAN_POINT('Origin',(10.25,20.4,1.6));
#17704=CARTESIAN_POINT('',(10.,20.85,1.6));
#17705=CARTESIAN_POINT('',(10.,20.9,1.6));
#17706=CARTESIAN_POINT('',(16.,20.85,1.6));
#17707=CARTESIAN_POINT('',(-43.65,20.85,1.6));
#17708=CARTESIAN_POINT('',(16.,20.4,1.6));
#17709=CARTESIAN_POINT('',(16.,20.4,1.6));
#17710=CARTESIAN_POINT('',(15.75,20.15,1.6));
#17711=CARTESIAN_POINT('Origin',(15.75,20.4,1.6));
#17712=CARTESIAN_POINT('',(15.75,20.75,1.6));
#17713=CARTESIAN_POINT('',(15.75,20.15,1.6));
#17714=CARTESIAN_POINT('',(15.75,20.75,1.6));
#17715=CARTESIAN_POINT('Origin',(33.25,20.15,1.6));
#17716=CARTESIAN_POINT('',(33.25,20.15,1.6));
#17717=CARTESIAN_POINT('',(36.05,20.15,1.6));
#17718=CARTESIAN_POINT('',(33.25,20.15,1.6));
#17719=CARTESIAN_POINT('',(36.05,20.15,0.));
#17720=CARTESIAN_POINT('',(36.05,20.15,-0.2));
#17721=CARTESIAN_POINT('',(33.25,20.15,0.));
#17722=CARTESIAN_POINT('',(33.25,20.15,0.));
#17723=CARTESIAN_POINT('',(33.25,20.15,1.6));
#17724=CARTESIAN_POINT('Origin',(0.,0.,1.6));
#17725=CARTESIAN_POINT('',(36.05,20.75,1.6));
#17726=CARTESIAN_POINT('',(36.05,20.75,1.6));
#17727=CARTESIAN_POINT('',(33.,20.4,1.6));
#17728=CARTESIAN_POINT('Origin',(33.25,20.4,1.6));
#17729=CARTESIAN_POINT('',(33.,20.85,1.6));
#17730=CARTESIAN_POINT('',(33.,20.9,1.6));
#17731=CARTESIAN_POINT('',(39.,20.85,1.6));
#17732=CARTESIAN_POINT('',(-43.65,20.85,1.6));
#17733=CARTESIAN_POINT('',(39.,20.4,1.6));
#17734=CARTESIAN_POINT('',(39.,20.4,1.6));
#17735=CARTESIAN_POINT('',(38.75,20.15,1.6));
#17736=CARTESIAN_POINT('Origin',(38.75,20.4,1.6));
#17737=CARTESIAN_POINT('',(38.75,20.75,1.6));
#17738=CARTESIAN_POINT('',(38.75,20.15,1.6));
#17739=CARTESIAN_POINT('',(38.75,20.75,1.6));
#17740=CARTESIAN_POINT('Origin',(0.,0.,1.6));
#17741=CARTESIAN_POINT('',(49.,-30.,1.6));
#17742=CARTESIAN_POINT('',(49.,30.,1.6));
#17743=CARTESIAN_POINT('',(49.,30.,1.6));
#17744=CARTESIAN_POINT('',(-49.,30.,1.6));
#17745=CARTESIAN_POINT('',(-49.,30.,1.6));
#17746=CARTESIAN_POINT('',(-49.,-30.,1.6));
#17747=CARTESIAN_POINT('',(-49.,30.,1.6));
#17748=CARTESIAN_POINT('',(-49.,-30.,1.6));
#17749=CARTESIAN_POINT('',(-38.375,26.875,1.6));
#17750=CARTESIAN_POINT('',(-38.375,28.125,1.6));
#17751=CARTESIAN_POINT('',(-38.375,0.,1.6));
#17752=CARTESIAN_POINT('',(-39.625,26.875,1.6));
#17753=CARTESIAN_POINT('',(0.,26.875,1.6));
#17754=CARTESIAN_POINT('',(-39.625,28.125,1.6));
#17755=CARTESIAN_POINT('',(-39.625,0.,1.6));
#17756=CARTESIAN_POINT('',(0.,28.125,1.6));
#17757=CARTESIAN_POINT('',(-28.215,26.875,1.6));
#17758=CARTESIAN_POINT('',(-28.215,28.125,1.6));
#17759=CARTESIAN_POINT('',(-28.215,0.,1.6));
#17760=CARTESIAN_POINT('',(-29.465,26.875,1.6));
#17761=CARTESIAN_POINT('',(0.,26.875,1.6));
#17762=CARTESIAN_POINT('',(-29.465,28.125,1.6));
#17763=CARTESIAN_POINT('',(-29.465,0.,1.6));
#17764=CARTESIAN_POINT('',(0.,28.125,1.6));
#17765=CARTESIAN_POINT('',(47.65,-10.,1.6));
#17766=CARTESIAN_POINT('',(47.65,10.,1.6));
#17767=CARTESIAN_POINT('',(47.65,-1.65327317884893E-16,1.6));
#17768=CARTESIAN_POINT('',(43.65,-12.5,1.6));
#17769=CARTESIAN_POINT('',(43.65,-12.5,1.6));
#17770=CARTESIAN_POINT('',(43.65,-20.85,1.6));
#17771=CARTESIAN_POINT('',(43.65,20.85,1.6));
#17772=CARTESIAN_POINT('',(-43.65,-20.85,1.6));
#17773=CARTESIAN_POINT('',(39.,-20.9,1.6));
#17774=CARTESIAN_POINT('',(39.,-20.4,1.6));
#17775=CARTESIAN_POINT('',(38.75,-21.15,1.6));
#17776=CARTESIAN_POINT('Origin',(38.75,-20.9,1.6));
#17777=CARTESIAN_POINT('',(33.25,-21.15,1.6));
#17778=CARTESIAN_POINT('',(38.75,-21.15,1.6));
#17779=CARTESIAN_POINT('',(33.,-20.9,1.6));
#17780=CARTESIAN_POINT('Origin',(33.25,-20.9,1.6));
#17781=CARTESIAN_POINT('',(33.,-20.9,1.6));
#17782=CARTESIAN_POINT('',(-43.65,-20.85,1.6));
#17783=CARTESIAN_POINT('',(16.,-20.9,1.6));
#17784=CARTESIAN_POINT('',(16.,-20.4,1.6));
#17785=CARTESIAN_POINT('',(15.75,-21.15,1.6));
#17786=CARTESIAN_POINT('Origin',(15.75,-20.9,1.6));
#17787=CARTESIAN_POINT('',(10.25,-21.15,1.6));
#17788=CARTESIAN_POINT('',(15.75,-21.15,1.6));
#17789=CARTESIAN_POINT('',(10.,-20.9,1.6));
#17790=CARTESIAN_POINT('Origin',(10.25,-20.9,1.6));
#17791=CARTESIAN_POINT('',(10.,-20.9,1.6));
#17792=CARTESIAN_POINT('',(-43.65,-20.85,1.6));
#17793=CARTESIAN_POINT('',(-10.,-20.9,1.6));
#17794=CARTESIAN_POINT('',(-10.,-20.9,1.6));
#17795=CARTESIAN_POINT('',(-10.25,-21.15,1.6));
#17796=CARTESIAN_POINT('Origin',(-10.25,-20.9,1.6));
#17797=CARTESIAN_POINT('',(-15.75,-21.15,1.6));
#17798=CARTESIAN_POINT('',(-15.75,-21.15,1.6));
#17799=CARTESIAN_POINT('',(-16.,-20.9,1.6));
#17800=CARTESIAN_POINT('Origin',(-15.75,-20.9,1.6));
#17801=CARTESIAN_POINT('',(-16.,-20.4,1.6));
#17802=CARTESIAN_POINT('',(-43.65,-20.85,1.6));
#17803=CARTESIAN_POINT('',(-33.,-20.9000000000002,1.6));
#17804=CARTESIAN_POINT('',(-33.,-20.9000000000002,1.6));
#17805=CARTESIAN_POINT('',(-33.25,-21.1500000000002,1.6));
#17806=CARTESIAN_POINT('Origin',(-33.25,-20.9000000000002,1.6));
#17807=CARTESIAN_POINT('',(-38.75,-21.1500000000002,1.6));
#17808=CARTESIAN_POINT('',(-38.75,-21.1500000000002,1.6));
#17809=CARTESIAN_POINT('',(-39.,-20.9000000000002,1.6));
#17810=CARTESIAN_POINT('Origin',(-38.75,-20.9000000000002,1.6));
#17811=CARTESIAN_POINT('',(-39.,-20.4000000000002,1.6));
#17812=CARTESIAN_POINT('',(-43.65,-20.85,1.6));
#17813=CARTESIAN_POINT('',(-43.65,-20.85,1.6));
#17814=CARTESIAN_POINT('',(-43.65,20.85,1.6));
#17815=CARTESIAN_POINT('',(-43.65,20.85,1.6));
#17816=CARTESIAN_POINT('',(-43.65,20.85,1.6));
#17817=CARTESIAN_POINT('',(-39.,20.9000000000002,1.6));
#17818=CARTESIAN_POINT('',(-39.,20.4000000000002,1.6));
#17819=CARTESIAN_POINT('',(-38.75,21.1500000000002,1.6));
#17820=CARTESIAN_POINT('Origin',(-38.75,20.9000000000002,1.6));
#17821=CARTESIAN_POINT('',(-33.25,21.1500000000002,1.6));
#17822=CARTESIAN_POINT('',(-38.75,21.1500000000002,1.6));
#17823=CARTESIAN_POINT('',(-33.,20.9000000000002,1.6));
#17824=CARTESIAN_POINT('Origin',(-33.25,20.9000000000002,1.6));
#17825=CARTESIAN_POINT('',(-33.,20.9000000000002,1.6));
#17826=CARTESIAN_POINT('',(-43.65,20.85,1.6));
#17827=CARTESIAN_POINT('',(-16.,20.9,1.6));
#17828=CARTESIAN_POINT('',(-16.,20.4,1.6));
#17829=CARTESIAN_POINT('',(-15.75,21.15,1.6));
#17830=CARTESIAN_POINT('Origin',(-15.75,20.9,1.6));
#17831=CARTESIAN_POINT('',(-10.25,21.15,1.6));
#17832=CARTESIAN_POINT('',(-15.75,21.15,1.6));
#17833=CARTESIAN_POINT('',(-10.,20.9,1.6));
#17834=CARTESIAN_POINT('Origin',(-10.25,20.9,1.6));
#17835=CARTESIAN_POINT('',(-10.,20.9,1.6));
#17836=CARTESIAN_POINT('',(-43.65,20.85,1.6));
#17837=CARTESIAN_POINT('',(10.,20.9,1.6));
#17838=CARTESIAN_POINT('',(10.,20.9,1.6));
#17839=CARTESIAN_POINT('',(10.25,21.15,1.6));
#17840=CARTESIAN_POINT('Origin',(10.25,20.9,1.6));
#17841=CARTESIAN_POINT('',(15.75,21.15,1.6));
#17842=CARTESIAN_POINT('',(15.75,21.15,1.6));
#17843=CARTESIAN_POINT('',(16.,20.9,1.6));
#17844=CARTESIAN_POINT('Origin',(15.75,20.9,1.6));
#17845=CARTESIAN_POINT('',(16.,20.4,1.6));
#17846=CARTESIAN_POINT('',(-43.65,20.85,1.6));
#17847=CARTESIAN_POINT('',(33.,20.9,1.6));
#17848=CARTESIAN_POINT('',(33.,20.9,1.6));
#17849=CARTESIAN_POINT('',(33.25,21.15,1.6));
#17850=CARTESIAN_POINT('Origin',(33.25,20.9,1.6));
#17851=CARTESIAN_POINT('',(38.75,21.15,1.6));
#17852=CARTESIAN_POINT('',(38.75,21.15,1.6));
#17853=CARTESIAN_POINT('',(39.,20.9,1.6));
#17854=CARTESIAN_POINT('Origin',(38.75,20.9,1.6));
#17855=CARTESIAN_POINT('',(39.,20.4,1.6));
#17856=CARTESIAN_POINT('',(43.65,20.85,1.6));
#17857=CARTESIAN_POINT('',(-43.65,20.85,1.6));
#17858=CARTESIAN_POINT('',(43.65,12.5,1.6));
#17859=CARTESIAN_POINT('',(43.65,20.85,1.6));
#17860=CARTESIAN_POINT('',(43.65,12.5,1.6));
#17861=CARTESIAN_POINT('Origin',(43.65,20.85,10.91));
#17862=CARTESIAN_POINT('',(43.65,-12.5,4.6));
#17863=CARTESIAN_POINT('',(43.65,-12.5,4.6));
#17864=CARTESIAN_POINT('',(43.65,12.5,4.6));
#17865=CARTESIAN_POINT('',(43.65,6.93889390390723E-15,4.6));
#17866=CARTESIAN_POINT('',(43.65,12.5,4.6));
#17867=CARTESIAN_POINT('',(43.65,20.85,10.91));
#17868=CARTESIAN_POINT('',(43.65,20.85,10.91));
#17869=CARTESIAN_POINT('',(43.65,-20.85,10.91));
#17870=CARTESIAN_POINT('',(43.65,20.85,10.91));
#17871=CARTESIAN_POINT('',(43.65,-20.85,10.91));
#17872=CARTESIAN_POINT('Origin',(0.,0.,0.));
#17873=CARTESIAN_POINT('',(49.,-30.,0.));
#17874=CARTESIAN_POINT('',(49.,30.,0.));
#17875=CARTESIAN_POINT('',(49.,30.,0.));
#17876=CARTESIAN_POINT('',(-49.,-30.,0.));
#17877=CARTESIAN_POINT('',(-49.,-30.,0.));
#17878=CARTESIAN_POINT('',(-49.,30.,0.));
#17879=CARTESIAN_POINT('',(-49.,30.,0.));
#17880=CARTESIAN_POINT('',(-49.,30.,0.));
#17881=CARTESIAN_POINT('',(-10.25,-21.15,0.));
#17882=CARTESIAN_POINT('',(-10.,-20.9,0.));
#17883=CARTESIAN_POINT('Origin',(-10.25,-20.9,0.));
#17884=CARTESIAN_POINT('',(-10.,-20.4,0.));
#17885=CARTESIAN_POINT('',(-10.,-20.9,0.));
#17886=CARTESIAN_POINT('Origin',(-10.25,-20.4,0.));
#17887=CARTESIAN_POINT('',(-15.75,-20.15,0.));
#17888=CARTESIAN_POINT('',(0.,-20.15,0.));
#17889=CARTESIAN_POINT('',(-16.,-20.4,0.));
#17890=CARTESIAN_POINT('Origin',(-15.75,-20.4,0.));
#17891=CARTESIAN_POINT('',(-16.,-20.9,0.));
#17892=CARTESIAN_POINT('',(-16.,-20.4,0.));
#17893=CARTESIAN_POINT('',(-15.75,-21.15,0.));
#17894=CARTESIAN_POINT('Origin',(-15.75,-20.9,0.));
#17895=CARTESIAN_POINT('',(-15.75,-21.15,0.));
#17896=CARTESIAN_POINT('',(38.75,-21.15,0.));
#17897=CARTESIAN_POINT('',(39.,-20.9,0.));
#17898=CARTESIAN_POINT('Origin',(38.75,-20.9,0.));
#17899=CARTESIAN_POINT('',(39.,-20.4,0.));
#17900=CARTESIAN_POINT('',(39.,-20.4,0.));
#17901=CARTESIAN_POINT('',(38.75,-20.15,0.));
#17902=CARTESIAN_POINT('Origin',(38.75,-20.4,0.));
#17903=CARTESIAN_POINT('',(33.25,-20.15,0.));
#17904=CARTESIAN_POINT('',(33.,-20.4,0.));
#17905=CARTESIAN_POINT('Origin',(33.25,-20.4,0.));
#17906=CARTESIAN_POINT('',(33.,-20.9,0.));
#17907=CARTESIAN_POINT('',(33.,-20.9,0.));
#17908=CARTESIAN_POINT('',(33.25,-21.15,0.));
#17909=CARTESIAN_POINT('Origin',(33.25,-20.9,0.));
#17910=CARTESIAN_POINT('',(38.75,-21.15,0.));
#17911=CARTESIAN_POINT('',(38.75,20.15,0.));
#17912=CARTESIAN_POINT('',(39.,20.4,0.));
#17913=CARTESIAN_POINT('Origin',(38.75,20.4,0.));
#17914=CARTESIAN_POINT('',(39.,20.9,0.));
#17915=CARTESIAN_POINT('',(39.,20.4,0.));
#17916=CARTESIAN_POINT('',(38.75,21.15,0.));
#17917=CARTESIAN_POINT('Origin',(38.75,20.9,0.));
#17918=CARTESIAN_POINT('',(33.25,21.15,0.));
#17919=CARTESIAN_POINT('',(38.75,21.15,0.));
#17920=CARTESIAN_POINT('',(33.,20.9,0.));
#17921=CARTESIAN_POINT('Origin',(33.25,20.9,0.));
#17922=CARTESIAN_POINT('',(33.,20.4,0.));
#17923=CARTESIAN_POINT('',(33.,20.9,0.));
#17924=CARTESIAN_POINT('Origin',(33.25,20.4,0.));
#17925=CARTESIAN_POINT('',(0.,20.15,0.));
#17926=CARTESIAN_POINT('',(-33.,20.4000000000002,0.));
#17927=CARTESIAN_POINT('Origin',(-33.25,20.4000000000002,0.));
#17928=CARTESIAN_POINT('',(-33.,20.9000000000002,0.));
#17929=CARTESIAN_POINT('',(-33.,20.9000000000002,0.));
#17930=CARTESIAN_POINT('',(-33.25,21.1500000000002,0.));
#17931=CARTESIAN_POINT('Origin',(-33.25,20.9000000000002,0.));
#17932=CARTESIAN_POINT('',(-38.75,21.1500000000002,0.));
#17933=CARTESIAN_POINT('',(-38.75,21.1500000000002,0.));
#17934=CARTESIAN_POINT('',(-39.,20.9000000000002,0.));
#17935=CARTESIAN_POINT('Origin',(-38.75,20.9000000000002,0.));
#17936=CARTESIAN_POINT('',(-39.,20.4000000000002,0.));
#17937=CARTESIAN_POINT('',(-39.,20.4000000000002,0.));
#17938=CARTESIAN_POINT('',(-38.75,20.1500000000002,0.));
#17939=CARTESIAN_POINT('Origin',(-38.75,20.4000000000002,0.));
#17940=CARTESIAN_POINT('',(-33.25,20.1500000000002,0.));
#17941=CARTESIAN_POINT('',(-29.465,26.875,0.));
#17942=CARTESIAN_POINT('',(-28.215,26.875,0.));
#17943=CARTESIAN_POINT('',(0.,26.875,0.));
#17944=CARTESIAN_POINT('',(-28.215,28.125,0.));
#17945=CARTESIAN_POINT('',(-28.215,0.,0.));
#17946=CARTESIAN_POINT('',(-29.465,28.125,0.));
#17947=CARTESIAN_POINT('',(0.,28.125,0.));
#17948=CARTESIAN_POINT('',(-29.465,0.,0.));
#17949=CARTESIAN_POINT('',(-39.625,26.875,0.));
#17950=CARTESIAN_POINT('',(-38.375,26.875,0.));
#17951=CARTESIAN_POINT('',(0.,26.875,0.));
#17952=CARTESIAN_POINT('',(-38.375,28.125,0.));
#17953=CARTESIAN_POINT('',(-38.375,0.,0.));
#17954=CARTESIAN_POINT('',(-39.625,28.125,0.));
#17955=CARTESIAN_POINT('',(0.,28.125,0.));
#17956=CARTESIAN_POINT('',(-39.625,0.,0.));
#17957=CARTESIAN_POINT('',(-10.,20.4,0.));
#17958=CARTESIAN_POINT('Origin',(-10.25,20.4,0.));
#17959=CARTESIAN_POINT('',(-10.,20.9,0.));
#17960=CARTESIAN_POINT('',(-10.,20.9,0.));
#17961=CARTESIAN_POINT('',(-10.25,21.15,0.));
#17962=CARTESIAN_POINT('Origin',(-10.25,20.9,0.));
#17963=CARTESIAN_POINT('',(-15.75,21.15,0.));
#17964=CARTESIAN_POINT('',(-15.75,21.15,0.));
#17965=CARTESIAN_POINT('',(-16.,20.9,0.));
#17966=CARTESIAN_POINT('Origin',(-15.75,20.9,0.));
#17967=CARTESIAN_POINT('',(-16.,20.4,0.));
#17968=CARTESIAN_POINT('',(-16.,20.4,0.));
#17969=CARTESIAN_POINT('',(-15.75,20.15,0.));
#17970=CARTESIAN_POINT('Origin',(-15.75,20.4,0.));
#17971=CARTESIAN_POINT('',(-10.25,20.15,0.));
#17972=CARTESIAN_POINT('',(15.75,20.15,0.));
#17973=CARTESIAN_POINT('',(16.,20.4,0.));
#17974=CARTESIAN_POINT('Origin',(15.75,20.4,0.));
#17975=CARTESIAN_POINT('',(16.,20.9,0.));
#17976=CARTESIAN_POINT('',(16.,20.4,0.));
#17977=CARTESIAN_POINT('',(15.75,21.15,0.));
#17978=CARTESIAN_POINT('Origin',(15.75,20.9,0.));
#17979=CARTESIAN_POINT('',(10.25,21.15,0.));
#17980=CARTESIAN_POINT('',(15.75,21.15,0.));
#17981=CARTESIAN_POINT('',(10.,20.9,0.));
#17982=CARTESIAN_POINT('Origin',(10.25,20.9,0.));
#17983=CARTESIAN_POINT('',(10.,20.4,0.));
#17984=CARTESIAN_POINT('',(10.,20.9,0.));
#17985=CARTESIAN_POINT('Origin',(10.25,20.4,0.));
#17986=CARTESIAN_POINT('',(0.,20.15,0.));
#17987=CARTESIAN_POINT('',(10.,-20.4,0.));
#17988=CARTESIAN_POINT('Origin',(10.25,-20.4,0.));
#17989=CARTESIAN_POINT('',(10.,-20.9,0.));
#17990=CARTESIAN_POINT('',(10.,-20.9,0.));
#17991=CARTESIAN_POINT('',(10.25,-21.15,0.));
#17992=CARTESIAN_POINT('Origin',(10.25,-20.9,0.));
#17993=CARTESIAN_POINT('',(15.75,-21.15,0.));
#17994=CARTESIAN_POINT('',(15.75,-21.15,0.));
#17995=CARTESIAN_POINT('',(16.,-20.9,0.));
#17996=CARTESIAN_POINT('Origin',(15.75,-20.9,0.));
#17997=CARTESIAN_POINT('',(16.,-20.4,0.));
#17998=CARTESIAN_POINT('',(16.,-20.4,0.));
#17999=CARTESIAN_POINT('',(15.75,-20.15,0.));
#18000=CARTESIAN_POINT('Origin',(15.75,-20.4,0.));
#18001=CARTESIAN_POINT('',(10.25,-20.15,0.));
#18002=CARTESIAN_POINT('',(-33.25,-21.1500000000002,0.));
#18003=CARTESIAN_POINT('',(-33.,-20.9000000000002,0.));
#18004=CARTESIAN_POINT('Origin',(-33.25,-20.9000000000002,0.));
#18005=CARTESIAN_POINT('',(-33.,-20.4000000000002,0.));
#18006=CARTESIAN_POINT('',(-33.,-20.9000000000002,0.));
#18007=CARTESIAN_POINT('Origin',(-33.25,-20.4000000000002,0.));
#18008=CARTESIAN_POINT('',(-38.75,-20.1500000000002,0.));
#18009=CARTESIAN_POINT('',(0.,-20.1500000000002,0.));
#18010=CARTESIAN_POINT('',(-39.,-20.4000000000002,0.));
#18011=CARTESIAN_POINT('Origin',(-38.75,-20.4000000000002,0.));
#18012=CARTESIAN_POINT('',(-39.,-20.9000000000002,0.));
#18013=CARTESIAN_POINT('',(-39.,-20.4000000000002,0.));
#18014=CARTESIAN_POINT('',(-38.75,-21.1500000000002,0.));
#18015=CARTESIAN_POINT('Origin',(-38.75,-20.9000000000002,0.));
#18016=CARTESIAN_POINT('',(-38.75,-21.1500000000002,0.));
#18017=CARTESIAN_POINT('Origin',(49.,30.,1.6));
#18018=CARTESIAN_POINT('',(49.,30.,1.6));
#18019=CARTESIAN_POINT('',(49.,-30.,1.6));
#18020=CARTESIAN_POINT('Origin',(-49.,30.,1.6));
#18021=CARTESIAN_POINT('',(-49.,30.,1.6));
#18022=CARTESIAN_POINT('Origin',(-49.,30.,1.6));
#18023=CARTESIAN_POINT('',(-49.,-30.,1.6));
#18024=CARTESIAN_POINT('Origin',(-49.,-30.,1.6));
#18025=CARTESIAN_POINT('Origin',(-33.25,-20.9000000000002,1.6));
#18026=CARTESIAN_POINT('',(-33.25,-21.1500000000002,1.6));
#18027=CARTESIAN_POINT('',(-33.,-20.9000000000002,1.6));
#18028=CARTESIAN_POINT('Origin',(-33.,-20.9000000000002,1.6));
#18029=CARTESIAN_POINT('',(-33.,-20.4000000000002,1.6));
#18030=CARTESIAN_POINT('Origin',(-33.25,-20.4000000000002,1.6));
#18031=CARTESIAN_POINT('Origin',(-38.75,-20.4000000000002,1.6));
#18032=CARTESIAN_POINT('',(-38.75,-20.1500000000002,1.6));
#18033=CARTESIAN_POINT('',(-39.,-20.4000000000002,1.6));
#18034=CARTESIAN_POINT('Origin',(-39.,-20.4000000000002,1.6));
#18035=CARTESIAN_POINT('',(-39.,-20.9000000000002,1.6));
#18036=CARTESIAN_POINT('Origin',(-38.75,-20.9000000000002,1.6));
#18037=CARTESIAN_POINT('',(-38.75,-21.1500000000002,1.6));
#18038=CARTESIAN_POINT('Origin',(-38.75,-21.1500000000002,1.6));
#18039=CARTESIAN_POINT('Origin',(-10.25,-20.9,1.6));
#18040=CARTESIAN_POINT('',(-10.25,-21.15,1.6));
#18041=CARTESIAN_POINT('',(-10.,-20.9,1.6));
#18042=CARTESIAN_POINT('Origin',(-10.,-20.9,1.6));
#18043=CARTESIAN_POINT('',(-10.,-20.4,1.6));
#18044=CARTESIAN_POINT('Origin',(-10.25,-20.4,1.6));
#18045=CARTESIAN_POINT('Origin',(-15.75,-20.4,1.6));
#18046=CARTESIAN_POINT('',(-15.75,-20.15,1.6));
#18047=CARTESIAN_POINT('',(-16.,-20.4,1.6));
#18048=CARTESIAN_POINT('Origin',(-16.,-20.4,1.6));
#18049=CARTESIAN_POINT('',(-16.,-20.9,1.6));
#18050=CARTESIAN_POINT('Origin',(-15.75,-20.9,1.6));
#18051=CARTESIAN_POINT('',(-15.75,-21.15,1.6));
#18052=CARTESIAN_POINT('Origin',(-15.75,-21.15,1.6));
#18053=CARTESIAN_POINT('Origin',(10.25,-20.4,1.6));
#18054=CARTESIAN_POINT('',(10.,-20.4,1.6));
#18055=CARTESIAN_POINT('Origin',(10.,-20.9,1.6));
#18056=CARTESIAN_POINT('',(10.,-20.9,1.6));
#18057=CARTESIAN_POINT('Origin',(10.25,-20.9,1.6));
#18058=CARTESIAN_POINT('',(10.25,-21.15,1.6));
#18059=CARTESIAN_POINT('Origin',(15.75,-21.15,1.6));
#18060=CARTESIAN_POINT('',(15.75,-21.15,1.6));
#18061=CARTESIAN_POINT('Origin',(15.75,-20.9,1.6));
#18062=CARTESIAN_POINT('',(16.,-20.9,1.6));
#18063=CARTESIAN_POINT('Origin',(16.,-20.4,1.6));
#18064=CARTESIAN_POINT('',(16.,-20.4,1.6));
#18065=CARTESIAN_POINT('Origin',(15.75,-20.4,1.6));
#18066=CARTESIAN_POINT('',(15.75,-20.15,1.6));
#18067=CARTESIAN_POINT('Origin',(38.75,-20.9,1.6));
#18068=CARTESIAN_POINT('',(38.75,-21.15,1.6));
#18069=CARTESIAN_POINT('',(39.,-20.9,1.6));
#18070=CARTESIAN_POINT('Origin',(39.,-20.4,1.6));
#18071=CARTESIAN_POINT('',(39.,-20.4,1.6));
#18072=CARTESIAN_POINT('Origin',(38.75,-20.4,1.6));
#18073=CARTESIAN_POINT('',(38.75,-20.15,1.6));
#18074=CARTESIAN_POINT('Origin',(33.25,-20.4,1.6));
#18075=CARTESIAN_POINT('',(33.,-20.4,1.6));
#18076=CARTESIAN_POINT('Origin',(33.,-20.9,1.6));
#18077=CARTESIAN_POINT('',(33.,-20.9,1.6));
#18078=CARTESIAN_POINT('Origin',(33.25,-20.9,1.6));
#18079=CARTESIAN_POINT('',(33.25,-21.15,1.6));
#18080=CARTESIAN_POINT('Origin',(38.75,-21.15,1.6));
#18081=CARTESIAN_POINT('Origin',(15.75,20.4,1.6));
#18082=CARTESIAN_POINT('',(15.75,20.15,1.6));
#18083=CARTESIAN_POINT('',(16.,20.4,1.6));
#18084=CARTESIAN_POINT('Origin',(16.,20.4,1.6));
#18085=CARTESIAN_POINT('',(16.,20.9,1.6));
#18086=CARTESIAN_POINT('Origin',(15.75,20.9,1.6));
#18087=CARTESIAN_POINT('',(15.75,21.15,1.6));
#18088=CARTESIAN_POINT('Origin',(15.75,21.15,1.6));
#18089=CARTESIAN_POINT('',(10.25,21.15,1.6));
#18090=CARTESIAN_POINT('Origin',(10.25,20.9,1.6));
#18091=CARTESIAN_POINT('',(10.,20.9,1.6));
#18092=CARTESIAN_POINT('Origin',(10.,20.9,1.6));
#18093=CARTESIAN_POINT('',(10.,20.4,1.6));
#18094=CARTESIAN_POINT('Origin',(10.25,20.4,1.6));
#18095=CARTESIAN_POINT('Origin',(38.75,20.4,1.6));
#18096=CARTESIAN_POINT('',(38.75,20.15,1.6));
#18097=CARTESIAN_POINT('',(39.,20.4,1.6));
#18098=CARTESIAN_POINT('Origin',(39.,20.4,1.6));
#18099=CARTESIAN_POINT('',(39.,20.9,1.6));
#18100=CARTESIAN_POINT('Origin',(38.75,20.9,1.6));
#18101=CARTESIAN_POINT('',(38.75,21.15,1.6));
#18102=CARTESIAN_POINT('Origin',(38.75,21.15,1.6));
#18103=CARTESIAN_POINT('',(33.25,21.15,1.6));
#18104=CARTESIAN_POINT('Origin',(33.25,20.9,1.6));
#18105=CARTESIAN_POINT('',(33.,20.9,1.6));
#18106=CARTESIAN_POINT('Origin',(33.,20.9,1.6));
#18107=CARTESIAN_POINT('',(33.,20.4,1.6));
#18108=CARTESIAN_POINT('Origin',(33.25,20.4,1.6));
#18109=CARTESIAN_POINT('Origin',(-10.25,20.4,1.6));
#18110=CARTESIAN_POINT('',(-10.,20.4,1.6));
#18111=CARTESIAN_POINT('Origin',(-10.,20.9,1.6));
#18112=CARTESIAN_POINT('',(-10.,20.9,1.6));
#18113=CARTESIAN_POINT('Origin',(-10.25,20.9,1.6));
#18114=CARTESIAN_POINT('',(-10.25,21.15,1.6));
#18115=CARTESIAN_POINT('Origin',(-15.75,21.15,1.6));
#18116=CARTESIAN_POINT('',(-15.75,21.15,1.6));
#18117=CARTESIAN_POINT('Origin',(-15.75,20.9,1.6));
#18118=CARTESIAN_POINT('',(-16.,20.9,1.6));
#18119=CARTESIAN_POINT('Origin',(-16.,20.4,1.6));
#18120=CARTESIAN_POINT('',(-16.,20.4,1.6));
#18121=CARTESIAN_POINT('Origin',(-15.75,20.4,1.6));
#18122=CARTESIAN_POINT('',(-15.75,20.15,1.6));
#18123=CARTESIAN_POINT('Origin',(-33.25,20.4000000000002,1.6));
#18124=CARTESIAN_POINT('',(-33.,20.4000000000002,1.6));
#18125=CARTESIAN_POINT('Origin',(-33.,20.9000000000002,1.6));
#18126=CARTESIAN_POINT('',(-33.,20.9000000000002,1.6));
#18127=CARTESIAN_POINT('Origin',(-33.25,20.9000000000002,1.6));
#18128=CARTESIAN_POINT('',(-33.25,21.1500000000002,1.6));
#18129=CARTESIAN_POINT('Origin',(-38.75,21.1500000000002,1.6));
#18130=CARTESIAN_POINT('',(-38.75,21.1500000000002,1.6));
#18131=CARTESIAN_POINT('Origin',(-38.75,20.9000000000002,1.6));
#18132=CARTESIAN_POINT('',(-39.,20.9000000000002,1.6));
#18133=CARTESIAN_POINT('Origin',(-39.,20.4000000000002,1.6));
#18134=CARTESIAN_POINT('',(-39.,20.4000000000002,1.6));
#18135=CARTESIAN_POINT('Origin',(-38.75,20.4000000000002,1.6));
#18136=CARTESIAN_POINT('',(-38.75,20.1500000000002,1.6));
#18137=CARTESIAN_POINT('Origin',(-46.5,27.5,-0.000999999999999916));
#18138=CARTESIAN_POINT('Origin',(-46.5,27.5,1.601));
#18139=CARTESIAN_POINT('Origin',(-39.625,28.125,-0.000999999999999916));
#18140=CARTESIAN_POINT('',(-38.375,28.125,-0.000999999999999916));
#18141=CARTESIAN_POINT('',(-38.375,28.125,-0.000999999999999916));
#18142=CARTESIAN_POINT('',(-39.625,28.125,-0.000999999999999916));
#18143=CARTESIAN_POINT('',(-39.625,28.125,-0.000999999999999916));
#18144=CARTESIAN_POINT('',(-39.625,28.125,-0.000999999999999916));
#18145=CARTESIAN_POINT('Origin',(-39.625,28.125,-0.000999999999999916));
#18146=CARTESIAN_POINT('',(-39.625,26.875,-0.000999999999999916));
#18147=CARTESIAN_POINT('',(-39.625,28.125,-0.000999999999999916));
#18148=CARTESIAN_POINT('',(-39.625,26.875,-0.000999999999999916));
#18149=CARTESIAN_POINT('Origin',(-39.625,26.875,-0.000999999999999916));
#18150=CARTESIAN_POINT('',(-38.375,26.875,-0.000999999999999916));
#18151=CARTESIAN_POINT('',(-39.625,26.875,-0.000999999999999916));
#18152=CARTESIAN_POINT('',(-38.375,26.875,-0.000999999999999916));
#18153=CARTESIAN_POINT('Origin',(-38.375,28.125,-0.000999999999999916));
#18154=CARTESIAN_POINT('',(-38.375,28.125,-0.000999999999999916));
#18155=CARTESIAN_POINT('Origin',(0.,0.,-0.000999999999999916));
#18156=CARTESIAN_POINT('Origin',(-38.375,28.125,-0.000999999999999916));
#18157=CARTESIAN_POINT('',(-38.375,26.875,1.601));
#18158=CARTESIAN_POINT('',(-38.375,26.875,-0.000999999999999916));
#18159=CARTESIAN_POINT('',(-38.375,28.125,1.601));
#18160=CARTESIAN_POINT('',(-38.375,28.125,-0.000999999999999916));
#18161=CARTESIAN_POINT('',(-38.375,28.125,1.601));
#18162=CARTESIAN_POINT('Origin',(-39.625,26.875,-0.000999999999999916));
#18163=CARTESIAN_POINT('',(-39.625,26.875,1.601));
#18164=CARTESIAN_POINT('',(-39.625,26.875,-0.000999999999999916));
#18165=CARTESIAN_POINT('',(-39.625,26.875,1.601));
#18166=CARTESIAN_POINT('Origin',(-39.625,28.125,-0.000999999999999916));
#18167=CARTESIAN_POINT('',(-39.625,28.125,1.601));
#18168=CARTESIAN_POINT('',(-39.625,28.125,-0.000999999999999916));
#18169=CARTESIAN_POINT('',(-39.625,28.125,1.601));
#18170=CARTESIAN_POINT('Origin',(-39.625,28.125,-0.000999999999999916));
#18171=CARTESIAN_POINT('',(-39.625,28.125,1.601));
#18172=CARTESIAN_POINT('Origin',(0.,0.,1.601));
#18173=CARTESIAN_POINT('Origin',(-36.46,27.5,-0.000999999999999916));
#18174=CARTESIAN_POINT('Origin',(-36.46,27.5,1.601));
#18175=CARTESIAN_POINT('Origin',(-33.92,27.5,-0.000999999999999916));
#18176=CARTESIAN_POINT('Origin',(-33.92,27.5,1.601));
#18177=CARTESIAN_POINT('Origin',(-29.465,28.125,-0.000999999999999916));
#18178=CARTESIAN_POINT('',(-28.215,28.125,-0.000999999999999916));
#18179=CARTESIAN_POINT('',(-28.215,28.125,-0.000999999999999916));
#18180=CARTESIAN_POINT('',(-29.465,28.125,-0.000999999999999916));
#18181=CARTESIAN_POINT('',(-29.465,28.125,-0.000999999999999916));
#18182=CARTESIAN_POINT('',(-29.465,28.125,-0.000999999999999916));
#18183=CARTESIAN_POINT('Origin',(-29.465,28.125,-0.000999999999999916));
#18184=CARTESIAN_POINT('',(-29.465,26.875,-0.000999999999999916));
#18185=CARTESIAN_POINT('',(-29.465,28.125,-0.000999999999999916));
#18186=CARTESIAN_POINT('',(-29.465,26.875,-0.000999999999999916));
#18187=CARTESIAN_POINT('Origin',(-29.465,26.875,-0.000999999999999916));
#18188=CARTESIAN_POINT('',(-28.215,26.875,-0.000999999999999916));
#18189=CARTESIAN_POINT('',(-29.465,26.875,-0.000999999999999916));
#18190=CARTESIAN_POINT('',(-28.215,26.875,-0.000999999999999916));
#18191=CARTESIAN_POINT('Origin',(-28.215,28.125,-0.000999999999999916));
#18192=CARTESIAN_POINT('',(-28.215,28.125,-0.000999999999999916));
#18193=CARTESIAN_POINT('Origin',(0.,0.,-0.000999999999999916));
#18194=CARTESIAN_POINT('Origin',(-28.215,28.125,-0.000999999999999916));
#18195=CARTESIAN_POINT('',(-28.215,26.875,1.601));
#18196=CARTESIAN_POINT('',(-28.215,26.875,-0.000999999999999916));
#18197=CARTESIAN_POINT('',(-28.215,28.125,1.601));
#18198=CARTESIAN_POINT('',(-28.215,28.125,-0.000999999999999916));
#18199=CARTESIAN_POINT('',(-28.215,28.125,1.601));
#18200=CARTESIAN_POINT('Origin',(-29.465,26.875,-0.000999999999999916));
#18201=CARTESIAN_POINT('',(-29.465,26.875,1.601));
#18202=CARTESIAN_POINT('',(-29.465,26.875,-0.000999999999999916));
#18203=CARTESIAN_POINT('',(-29.465,26.875,1.601));
#18204=CARTESIAN_POINT('Origin',(-29.465,28.125,-0.000999999999999916));
#18205=CARTESIAN_POINT('',(-29.465,28.125,1.601));
#18206=CARTESIAN_POINT('',(-29.465,28.125,-0.000999999999999916));
#18207=CARTESIAN_POINT('',(-29.465,28.125,1.601));
#18208=CARTESIAN_POINT('Origin',(-29.465,28.125,-0.000999999999999916));
#18209=CARTESIAN_POINT('',(-29.465,28.125,1.601));
#18210=CARTESIAN_POINT('Origin',(0.,0.,1.601));
#18211=CARTESIAN_POINT('Origin',(-26.3,27.5,-0.000999999999999916));
#18212=CARTESIAN_POINT('Origin',(-26.3,27.5,1.601));
#18213=CARTESIAN_POINT('Origin',(-23.76,27.5,-0.000999999999999916));
#18214=CARTESIAN_POINT('Origin',(-23.76,27.5,1.601));
#18215=CARTESIAN_POINT('Origin',(-21.22,27.5,-0.000999999999999916));
#18216=CARTESIAN_POINT('Origin',(-21.22,27.5,1.601));
#18217=CARTESIAN_POINT('Origin',(-18.68,27.5,-0.000999999999999916));
#18218=CARTESIAN_POINT('Origin',(-18.68,27.5,1.601));
#18219=CARTESIAN_POINT('Origin',(-16.14,27.5,-0.000999999999999916));
#18220=CARTESIAN_POINT('Origin',(-16.14,27.5,1.601));
#18221=CARTESIAN_POINT('Origin',(46.5,27.5,-0.000999999999999916));
#18222=CARTESIAN_POINT('Origin',(46.5,27.5,1.601));
#18223=CARTESIAN_POINT('Origin',(46.5,-27.5,-0.000999999999999916));
#18224=CARTESIAN_POINT('Origin',(46.5,-27.5,1.601));
#18225=CARTESIAN_POINT('Origin',(-46.5,-27.5,-0.000999999999999916));
#18226=CARTESIAN_POINT('Origin',(-46.5,-27.5,1.601));
#18227=CARTESIAN_POINT('Origin',(4.50000000000002,-5.,-1.5));
#18228=CARTESIAN_POINT('Origin',(27.5,2.5,-1.5));
#18229=CARTESIAN_POINT('Origin',(-25.7839168564257,4.,-1.5));
#18230=CARTESIAN_POINT('Origin',(0.,0.,1.6));
#18231=CARTESIAN_POINT('Origin',(0.,0.,1.6));
#18232=CARTESIAN_POINT('Origin',(0.,0.,1.6));
#18233=CARTESIAN_POINT('Origin',(0.,0.,1.6));
#18234=CARTESIAN_POINT('Origin',(0.,0.,1.6));
#18235=CARTESIAN_POINT('Origin',(0.,0.,1.6));
#18236=CARTESIAN_POINT('Origin',(0.,0.,1.6));
#18237=CARTESIAN_POINT('Origin',(-43.65,20.85,10.91));
#18238=CARTESIAN_POINT('',(-43.65,20.85,10.91));
#18239=CARTESIAN_POINT('',(-43.65,20.85,10.91));
#18240=CARTESIAN_POINT('',(-43.65,20.85,10.91));
#18241=CARTESIAN_POINT('Origin',(-43.65,20.85,10.91));
#18242=CARTESIAN_POINT('',(-43.65,-20.85,10.91));
#18243=CARTESIAN_POINT('',(-43.65,-20.85,10.91));
#18244=CARTESIAN_POINT('',(-43.65,20.85,10.91));
#18245=CARTESIAN_POINT('Origin',(-43.65,-20.85,10.91));
#18246=CARTESIAN_POINT('',(-43.65,-20.85,10.91));
#18247=CARTESIAN_POINT('Origin',(0.,0.,10.91));
#18248=CARTESIAN_POINT('',(-40.,-18.85,10.91));
#18249=CARTESIAN_POINT('',(40.,-18.85,10.91));
#18250=CARTESIAN_POINT('',(-40.,-18.85,10.91));
#18251=CARTESIAN_POINT('',(-40.,-17.85,10.91));
#18252=CARTESIAN_POINT('',(-40.,-17.85,10.91));
#18253=CARTESIAN_POINT('',(40.,-17.85,10.91));
#18254=CARTESIAN_POINT('',(40.,-17.85,10.91));
#18255=CARTESIAN_POINT('',(40.,-18.85,10.91));
#18256=CARTESIAN_POINT('',(40.,18.85,10.91));
#18257=CARTESIAN_POINT('',(-40.,18.85,10.91));
#18258=CARTESIAN_POINT('',(2.44929359829472E-16,18.85,10.91));
#18259=CARTESIAN_POINT('',(40.,17.85,10.91));
#18260=CARTESIAN_POINT('',(40.,18.85,10.91));
#18261=CARTESIAN_POINT('',(-40.,17.85,10.91));
#18262=CARTESIAN_POINT('',(40.,17.85,10.91));
#18263=CARTESIAN_POINT('',(-40.,17.85,10.91));
#18264=CARTESIAN_POINT('',(-38.,-11.6,10.91));
#18265=CARTESIAN_POINT('',(-37.,-12.6,10.91));
#18266=CARTESIAN_POINT('Origin',(-37.,-11.6,10.91));
#18267=CARTESIAN_POINT('',(-38.,11.6,10.91));
#18268=CARTESIAN_POINT('',(-38.,11.6,10.91));
#18269=CARTESIAN_POINT('',(-37.,12.6,10.91));
#18270=CARTESIAN_POINT('Origin',(-37.,11.6,10.91));
#18271=CARTESIAN_POINT('',(37.,12.6,10.91));
#18272=CARTESIAN_POINT('',(-37.,12.6,10.91));
#18273=CARTESIAN_POINT('',(38.,11.6,10.91));
#18274=CARTESIAN_POINT('Origin',(37.,11.6,10.91));
#18275=CARTESIAN_POINT('',(38.,-11.6,10.91));
#18276=CARTESIAN_POINT('',(38.,11.6,10.91));
#18277=CARTESIAN_POINT('',(37.,-12.6,10.91));
#18278=CARTESIAN_POINT('Origin',(37.,-11.6,10.91));
#18279=CARTESIAN_POINT('',(-37.,-12.6,10.91));
#18280=CARTESIAN_POINT('Origin',(43.65,-12.5,4.6));
#18281=CARTESIAN_POINT('',(47.65,-10.,4.6));
#18282=CARTESIAN_POINT('',(47.65,-10.,4.6));
#18283=CARTESIAN_POINT('',(43.65,-12.5,4.6));
#18284=CARTESIAN_POINT('Origin',(47.65,-1.65327317884893E-16,4.6));
#18285=CARTESIAN_POINT('',(47.65,10.,4.6));
#18286=CARTESIAN_POINT('',(47.65,10.,4.6));
#18287=CARTESIAN_POINT('',(47.65,-1.65327317884893E-16,4.6));
#18288=CARTESIAN_POINT('Origin',(43.65,12.5,4.6));
#18289=CARTESIAN_POINT('',(43.65,12.5,4.6));
#18290=CARTESIAN_POINT('Origin',(0.,0.,4.6));
#18291=CARTESIAN_POINT('Origin',(36.05,20.15,-0.2));
#18292=CARTESIAN_POINT('',(38.75,20.15,-2.45));
#18293=CARTESIAN_POINT('',(38.75,20.15,-0.2));
#18294=CARTESIAN_POINT('',(36.05,20.15,-0.2));
#18295=CARTESIAN_POINT('',(36.05,20.15,-0.2));
#18296=CARTESIAN_POINT('',(36.3964101615138,20.15,-0.2));
#18297=CARTESIAN_POINT('',(36.05,20.15,-0.2));
#18298=CARTESIAN_POINT('',(36.3964101615138,20.15,-2.45));
#18299=CARTESIAN_POINT('',(36.3964101615138,20.15,-2.45));
#18300=CARTESIAN_POINT('',(38.75,20.15,-2.45));
#18301=CARTESIAN_POINT('Origin',(36.05,20.75,-0.2));
#18302=CARTESIAN_POINT('',(36.05,20.75,-0.2));
#18303=CARTESIAN_POINT('',(36.05,20.75,-0.2));
#18304=CARTESIAN_POINT('',(36.05,20.75,-0.2));
#18305=CARTESIAN_POINT('Origin',(38.75,20.75,-0.2));
#18306=CARTESIAN_POINT('',(38.75,20.75,-2.45));
#18307=CARTESIAN_POINT('',(38.75,20.75,-0.2));
#18308=CARTESIAN_POINT('',(36.05,20.75,-2.45));
#18309=CARTESIAN_POINT('',(38.75,20.75,-2.45));
#18310=CARTESIAN_POINT('',(36.05,20.75,-2.45));
#18311=CARTESIAN_POINT('Origin',(38.75,20.15,-0.2));
#18312=CARTESIAN_POINT('',(38.75,20.75,-2.45));
#18313=CARTESIAN_POINT('Origin',(13.05,20.15,-0.2));
#18314=CARTESIAN_POINT('',(15.75,20.15,-2.45));
#18315=CARTESIAN_POINT('',(15.75,20.15,-0.2));
#18316=CARTESIAN_POINT('',(13.05,20.15,-0.2));
#18317=CARTESIAN_POINT('',(13.05,20.15,-0.2));
#18318=CARTESIAN_POINT('',(13.3964101615138,20.15,-0.2));
#18319=CARTESIAN_POINT('',(13.05,20.15,-0.2));
#18320=CARTESIAN_POINT('',(13.3964101615138,20.15,-2.45));
#18321=CARTESIAN_POINT('',(13.3964101615138,20.15,-2.45));
#18322=CARTESIAN_POINT('',(13.3964101615138,20.15,-2.45));
#18323=CARTESIAN_POINT('Origin',(13.05,20.75,-0.2));
#18324=CARTESIAN_POINT('',(13.05,20.75,-0.2));
#18325=CARTESIAN_POINT('',(13.05,20.75,-0.2));
#18326=CARTESIAN_POINT('',(13.05,20.75,-0.2));
#18327=CARTESIAN_POINT('Origin',(15.75,20.75,-0.2));
#18328=CARTESIAN_POINT('',(15.75,20.75,-2.45));
#18329=CARTESIAN_POINT('',(15.75,20.75,-0.2));
#18330=CARTESIAN_POINT('',(13.05,20.75,-2.45));
#18331=CARTESIAN_POINT('',(15.75,20.75,-2.45));
#18332=CARTESIAN_POINT('',(13.05,20.75,-2.45));
#18333=CARTESIAN_POINT('Origin',(15.75,20.15,-0.2));
#18334=CARTESIAN_POINT('',(15.75,20.75,-2.45));
#18335=CARTESIAN_POINT('Origin',(-13.05,20.15,-0.2));
#18336=CARTESIAN_POINT('',(-13.05,20.15,-0.2));
#18337=CARTESIAN_POINT('',(-13.05,20.15,-0.2));
#18338=CARTESIAN_POINT('',(-15.75,20.15,-2.45));
#18339=CARTESIAN_POINT('',(-15.75,20.15,-0.2));
#18340=CARTESIAN_POINT('',(-13.3964101615138,20.15,-2.45));
#18341=CARTESIAN_POINT('',(-13.3964101615138,20.15,-2.45));
#18342=CARTESIAN_POINT('',(-13.3964101615138,20.15,-0.2));
#18343=CARTESIAN_POINT('',(-13.3964101615138,20.15,-2.45));
#18344=CARTESIAN_POINT('',(-13.05,20.15,-0.2));
#18345=CARTESIAN_POINT('Origin',(-15.75,20.15,-0.2));
#18346=CARTESIAN_POINT('',(-15.75,20.75,-2.45));
#18347=CARTESIAN_POINT('',(-15.75,20.75,-0.2));
#18348=CARTESIAN_POINT('',(-15.75,20.75,-2.45));
#18349=CARTESIAN_POINT('Origin',(-15.75,20.75,-0.2));
#18350=CARTESIAN_POINT('',(-13.05,20.75,-0.2));
#18351=CARTESIAN_POINT('',(-13.05,20.75,-0.2));
#18352=CARTESIAN_POINT('',(-13.05,20.75,-2.45));
#18353=CARTESIAN_POINT('',(-13.05,20.75,-2.45));
#18354=CARTESIAN_POINT('',(-15.75,20.75,-2.45));
#18355=CARTESIAN_POINT('Origin',(-13.05,20.75,-0.2));
#18356=CARTESIAN_POINT('',(-13.05,20.75,-0.2));
#18357=CARTESIAN_POINT('Origin',(-36.05,20.1500000000002,-0.2));
#18358=CARTESIAN_POINT('',(-36.05,20.1500000000002,-0.2));
#18359=CARTESIAN_POINT('',(-36.05,20.1500000000002,-0.2));
#18360=CARTESIAN_POINT('',(-38.75,20.15,-2.45));
#18361=CARTESIAN_POINT('',(-38.75,20.1500000000002,-0.2));
#18362=CARTESIAN_POINT('',(-36.3964101615138,20.15,-2.45));
#18363=CARTESIAN_POINT('',(-38.75,20.15,-2.45));
#18364=CARTESIAN_POINT('',(-36.3964101615139,20.1500000000002,-0.2));
#18365=CARTESIAN_POINT('',(-36.3964101615138,20.15,-2.45));
#18366=CARTESIAN_POINT('',(-36.05,20.1500000000002,-0.2));
#18367=CARTESIAN_POINT('Origin',(-38.75,20.1500000000002,-0.2));
#18368=CARTESIAN_POINT('',(-38.75,20.75,-2.45));
#18369=CARTESIAN_POINT('',(-38.75,20.75,-0.2));
#18370=CARTESIAN_POINT('',(-38.75,20.75,-2.45));
#18371=CARTESIAN_POINT('Origin',(-38.75,20.75,-0.2));
#18372=CARTESIAN_POINT('',(-36.05,20.75,-0.2));
#18373=CARTESIAN_POINT('',(-36.05,20.75,-0.2));
#18374=CARTESIAN_POINT('',(-36.05,20.75,-2.45));
#18375=CARTESIAN_POINT('',(-36.05,20.75,-2.45));
#18376=CARTESIAN_POINT('',(-38.75,20.75,-2.45));
#18377=CARTESIAN_POINT('Origin',(-36.05,20.75,-0.2));
#18378=CARTESIAN_POINT('',(-36.05,20.75,-0.2));
#18379=CARTESIAN_POINT('Origin',(-36.05,-20.1500000000002,-0.2));
#18380=CARTESIAN_POINT('',(-38.75,-20.15,-2.45));
#18381=CARTESIAN_POINT('',(-38.75,-20.1500000000002,-0.2));
#18382=CARTESIAN_POINT('',(-36.05,-20.1500000000002,-0.2));
#18383=CARTESIAN_POINT('',(-36.05,-20.1500000000002,-0.2));
#18384=CARTESIAN_POINT('',(-36.3964101615139,-20.1500000000002,-0.2));
#18385=CARTESIAN_POINT('',(-36.05,-20.1500000000002,-0.2));
#18386=CARTESIAN_POINT('',(-36.3964101615138,-20.15,-2.45));
#18387=CARTESIAN_POINT('',(-36.3964101615138,-20.15,-2.45));
#18388=CARTESIAN_POINT('',(-38.75,-20.15,-2.45));
#18389=CARTESIAN_POINT('Origin',(-36.05,-20.75,-0.2));
#18390=CARTESIAN_POINT('',(-36.05,-20.75,-0.2));
#18391=CARTESIAN_POINT('',(-36.05,-20.75,-0.2));
#18392=CARTESIAN_POINT('',(-36.05,-20.75,-0.2));
#18393=CARTESIAN_POINT('Origin',(-38.75,-20.75,-0.2));
#18394=CARTESIAN_POINT('',(-38.75,-20.75,-2.45));
#18395=CARTESIAN_POINT('',(-38.75,-20.75,-0.2));
#18396=CARTESIAN_POINT('',(-36.05,-20.75,-2.45));
#18397=CARTESIAN_POINT('',(-38.75,-20.75,-2.45));
#18398=CARTESIAN_POINT('',(-36.05,-20.75,-2.45));
#18399=CARTESIAN_POINT('Origin',(-38.75,-20.1500000000002,-0.2));
#18400=CARTESIAN_POINT('',(-38.75,-20.75,-2.45));
#18401=CARTESIAN_POINT('Origin',(-13.05,-20.15,-0.2));
#18402=CARTESIAN_POINT('',(-15.75,-20.15,-2.45));
#18403=CARTESIAN_POINT('',(-15.75,-20.15,-0.2));
#18404=CARTESIAN_POINT('',(-13.05,-20.15,-0.2));
#18405=CARTESIAN_POINT('',(-13.05,-20.15,-0.2));
#18406=CARTESIAN_POINT('',(-13.3964101615138,-20.15,-0.2));
#18407=CARTESIAN_POINT('',(-13.05,-20.15,-0.2));
#18408=CARTESIAN_POINT('',(-13.3964101615138,-20.15,-2.45));
#18409=CARTESIAN_POINT('',(-13.3964101615138,-20.15,-2.45));
#18410=CARTESIAN_POINT('',(-13.3964101615138,-20.15,-2.45));
#18411=CARTESIAN_POINT('Origin',(-13.05,-20.75,-0.2));
#18412=CARTESIAN_POINT('',(-13.05,-20.75,-0.2));
#18413=CARTESIAN_POINT('',(-13.05,-20.75,-0.2));
#18414=CARTESIAN_POINT('',(-13.05,-20.75,-0.2));
#18415=CARTESIAN_POINT('Origin',(-15.75,-20.75,-0.2));
#18416=CARTESIAN_POINT('',(-15.75,-20.75,-2.45));
#18417=CARTESIAN_POINT('',(-15.75,-20.75,-0.2));
#18418=CARTESIAN_POINT('',(-13.05,-20.75,-2.45));
#18419=CARTESIAN_POINT('',(-15.75,-20.75,-2.45));
#18420=CARTESIAN_POINT('',(-13.05,-20.75,-2.45));
#18421=CARTESIAN_POINT('Origin',(-15.75,-20.15,-0.2));
#18422=CARTESIAN_POINT('',(-15.75,-20.75,-2.45));
#18423=CARTESIAN_POINT('Origin',(13.05,-20.15,-0.2));
#18424=CARTESIAN_POINT('',(13.05,-20.15,-0.2));
#18425=CARTESIAN_POINT('',(13.05,-20.15,-0.2));
#18426=CARTESIAN_POINT('',(15.75,-20.15,-2.45));
#18427=CARTESIAN_POINT('',(15.75,-20.15,-0.2));
#18428=CARTESIAN_POINT('',(13.3964101615138,-20.15,-2.45));
#18429=CARTESIAN_POINT('',(13.3964101615138,-20.15,-2.45));
#18430=CARTESIAN_POINT('',(13.3964101615138,-20.15,-0.2));
#18431=CARTESIAN_POINT('',(13.3964101615138,-20.15,-2.45));
#18432=CARTESIAN_POINT('',(13.05,-20.15,-0.2));
#18433=CARTESIAN_POINT('Origin',(13.05,-20.75,-0.2));
#18434=CARTESIAN_POINT('',(13.05,-20.75,-0.2));
#18435=CARTESIAN_POINT('',(13.05,-20.75,-0.2));
#18436=CARTESIAN_POINT('',(13.05,-20.75,-0.2));
#18437=CARTESIAN_POINT('Origin',(15.75,-20.15,-0.2));
#18438=CARTESIAN_POINT('',(15.75,-20.75,-2.45));
#18439=CARTESIAN_POINT('',(15.75,-20.75,-0.2));
#18440=CARTESIAN_POINT('',(15.75,-20.75,-2.45));
#18441=CARTESIAN_POINT('Origin',(15.75,-20.75,-0.2));
#18442=CARTESIAN_POINT('',(13.05,-20.75,-2.45));
#18443=CARTESIAN_POINT('',(13.05,-20.75,-2.45));
#18444=CARTESIAN_POINT('',(15.75,-20.75,-2.45));
#18445=CARTESIAN_POINT('Origin',(36.05,-20.15,-0.2));
#18446=CARTESIAN_POINT('',(36.05,-20.15,-0.2));
#18447=CARTESIAN_POINT('',(36.05,-20.15,-0.2));
#18448=CARTESIAN_POINT('',(38.75,-20.15,-2.45));
#18449=CARTESIAN_POINT('',(38.75,-20.15,-0.2));
#18450=CARTESIAN_POINT('',(36.3964101615138,-20.15,-2.45));
#18451=CARTESIAN_POINT('',(38.75,-20.15,-2.45));
#18452=CARTESIAN_POINT('',(36.3964101615138,-20.15,-0.2));
#18453=CARTESIAN_POINT('',(36.3964101615138,-20.15,-2.45));
#18454=CARTESIAN_POINT('',(36.05,-20.15,-0.2));
#18455=CARTESIAN_POINT('Origin',(36.05,-20.75,-0.2));
#18456=CARTESIAN_POINT('',(36.05,-20.75,-0.2));
#18457=CARTESIAN_POINT('',(36.05,-20.75,-0.2));
#18458=CARTESIAN_POINT('',(36.05,-20.75,-0.2));
#18459=CARTESIAN_POINT('Origin',(38.75,-20.15,-0.2));
#18460=CARTESIAN_POINT('',(38.75,-20.75,-2.45));
#18461=CARTESIAN_POINT('',(38.75,-20.75,-0.2));
#18462=CARTESIAN_POINT('',(38.75,-20.75,-2.45));
#18463=CARTESIAN_POINT('Origin',(38.75,-20.75,-0.2));
#18464=CARTESIAN_POINT('',(36.05,-20.75,-2.45));
#18465=CARTESIAN_POINT('',(36.05,-20.75,-2.45));
#18466=CARTESIAN_POINT('',(38.75,-20.75,-2.45));
#18467=CARTESIAN_POINT('Origin',(0.,0.,-0.2));
#18468=CARTESIAN_POINT('',(35.5196152422707,18.6313466520527,-0.2));
#18469=CARTESIAN_POINT('',(35.5196152422707,18.6313466520527,-0.2));
#18470=CARTESIAN_POINT('',(35.,18.9313466520527,-0.2));
#18471=CARTESIAN_POINT('',(36.05,20.75,-0.2));
#18472=CARTESIAN_POINT('',(35.,18.9313466520527,-0.2));
#18473=CARTESIAN_POINT('Origin',(35.5196152422707,18.6313466520527,-2.45));
#18474=CARTESIAN_POINT('',(35.5196152422707,18.6313466520527,-2.45));
#18475=CARTESIAN_POINT('',(35.5196152422707,18.6313466520527,-2.45));
#18476=CARTESIAN_POINT('',(35.5196152422707,18.6313466520527,-2.45));
#18477=CARTESIAN_POINT('Origin',(35.,18.9313466520527,-2.45));
#18478=CARTESIAN_POINT('',(35.,18.9313466520527,-2.45));
#18479=CARTESIAN_POINT('',(35.,18.9313466520527,-2.45));
#18480=CARTESIAN_POINT('',(35.,18.9313466520527,-2.45));
#18481=CARTESIAN_POINT('Origin',(36.05,20.75,-2.45));
#18482=CARTESIAN_POINT('',(36.05,20.75,-2.45));
#18483=CARTESIAN_POINT('Origin',(0.,0.,-2.45));
#18484=CARTESIAN_POINT('Origin',(12.5196152422707,18.6313466520527,-2.45));
#18485=CARTESIAN_POINT('',(12.5196152422707,18.6313466520527,-0.2));
#18486=CARTESIAN_POINT('',(12.5196152422707,18.6313466520527,-0.2));
#18487=CARTESIAN_POINT('',(12.5196152422707,18.6313466520527,-2.45));
#18488=CARTESIAN_POINT('',(12.5196152422707,18.6313466520527,-2.45));
#18489=CARTESIAN_POINT('',(12.5196152422707,18.6313466520527,-2.45));
#18490=CARTESIAN_POINT('Origin',(12.,18.9313466520527,-2.45));
#18491=CARTESIAN_POINT('',(12.,18.9313466520527,-0.2));
#18492=CARTESIAN_POINT('',(12.,18.9313466520527,-0.2));
#18493=CARTESIAN_POINT('',(12.,18.9313466520527,-2.45));
#18494=CARTESIAN_POINT('',(12.,18.9313466520527,-2.45));
#18495=CARTESIAN_POINT('',(12.,18.9313466520527,-2.45));
#18496=CARTESIAN_POINT('Origin',(13.05,20.75,-2.45));
#18497=CARTESIAN_POINT('',(13.05,20.75,-0.2));
#18498=CARTESIAN_POINT('',(13.05,20.75,-2.45));
#18499=CARTESIAN_POINT('Origin',(0.,0.,-2.45));
#18500=CARTESIAN_POINT('Origin',(0.,0.,-0.2));
#18501=CARTESIAN_POINT('Origin',(-12.5196152422707,18.6313466520527,-2.45));
#18502=CARTESIAN_POINT('',(-12.5196152422707,18.6313466520527,-0.2));
#18503=CARTESIAN_POINT('',(-12.5196152422707,18.6313466520527,-0.2));
#18504=CARTESIAN_POINT('',(-12.5196152422707,18.6313466520527,-2.45));
#18505=CARTESIAN_POINT('',(-12.5196152422707,18.6313466520527,-2.45));
#18506=CARTESIAN_POINT('',(-12.5196152422707,18.6313466520527,-2.45));
#18507=CARTESIAN_POINT('Origin',(-13.05,20.75,-2.45));
#18508=CARTESIAN_POINT('',(-12.,18.9313466520527,-0.2));
#18509=CARTESIAN_POINT('',(-13.05,20.75,-0.2));
#18510=CARTESIAN_POINT('',(-12.,18.9313466520527,-2.45));
#18511=CARTESIAN_POINT('',(-12.,18.9313466520527,-2.45));
#18512=CARTESIAN_POINT('',(-13.05,20.75,-2.45));
#18513=CARTESIAN_POINT('Origin',(-12.,18.9313466520527,-2.45));
#18514=CARTESIAN_POINT('',(-12.,18.9313466520527,-0.2));
#18515=CARTESIAN_POINT('',(-12.,18.9313466520527,-2.45));
#18516=CARTESIAN_POINT('Origin',(0.,0.,-2.45));
#18517=CARTESIAN_POINT('Origin',(0.,0.,-0.2));
#18518=CARTESIAN_POINT('Origin',(0.,0.,-0.2));
#18519=CARTESIAN_POINT('',(-35.5196152422707,18.6313466520527,-0.2));
#18520=CARTESIAN_POINT('',(-35.5196152422707,18.6313466520527,-0.2));
#18521=CARTESIAN_POINT('',(-35.,18.9313466520527,-0.2));
#18522=CARTESIAN_POINT('',(-35.,18.9313466520527,-0.2));
#18523=CARTESIAN_POINT('',(-36.05,20.75,-0.2));
#18524=CARTESIAN_POINT('Origin',(-35.,18.9313466520527,-2.45));
#18525=CARTESIAN_POINT('',(-35.5196152422707,18.6313466520527,-2.45));
#18526=CARTESIAN_POINT('',(-35.5196152422707,18.6313466520527,-2.45));
#18527=CARTESIAN_POINT('',(-35.,18.9313466520527,-2.45));
#18528=CARTESIAN_POINT('',(-35.,18.9313466520527,-2.45));
#18529=CARTESIAN_POINT('',(-35.,18.9313466520527,-2.45));
#18530=CARTESIAN_POINT('Origin',(-35.5196152422707,18.6313466520527,-2.45));
#18531=CARTESIAN_POINT('',(-35.5196152422707,18.6313466520527,-2.45));
#18532=CARTESIAN_POINT('Origin',(-36.05,20.75,-2.45));
#18533=CARTESIAN_POINT('',(-36.05,20.75,-2.45));
#18534=CARTESIAN_POINT('Origin',(0.,0.,-2.45));
#18535=CARTESIAN_POINT('Origin',(0.,0.,-0.2));
#18536=CARTESIAN_POINT('',(-35.,-18.9313466520527,-0.2));
#18537=CARTESIAN_POINT('',(-36.05,-20.75,-0.2));
#18538=CARTESIAN_POINT('',(-35.5196152422707,-18.6313466520527,-0.2));
#18539=CARTESIAN_POINT('',(-35.,-18.9313466520527,-0.2));
#18540=CARTESIAN_POINT('',(-35.5196152422707,-18.6313466520527,-0.2));
#18541=CARTESIAN_POINT('Origin',(-35.5196152422707,-18.6313466520527,-2.45));
#18542=CARTESIAN_POINT('',(-35.5196152422707,-18.6313466520527,-2.45));
#18543=CARTESIAN_POINT('',(-35.5196152422707,-18.6313466520527,-2.45));
#18544=CARTESIAN_POINT('',(-35.5196152422707,-18.6313466520527,-2.45));
#18545=CARTESIAN_POINT('Origin',(-35.,-18.9313466520527,-2.45));
#18546=CARTESIAN_POINT('',(-35.,-18.9313466520527,-2.45));
#18547=CARTESIAN_POINT('',(-35.,-18.9313466520527,-2.45));
#18548=CARTESIAN_POINT('',(-35.,-18.9313466520527,-2.45));
#18549=CARTESIAN_POINT('Origin',(-36.05,-20.75,-2.45));
#18550=CARTESIAN_POINT('',(-36.05,-20.75,-2.45));
#18551=CARTESIAN_POINT('Origin',(0.,0.,-2.45));
#18552=CARTESIAN_POINT('Origin',(-12.5196152422707,-18.6313466520527,-2.45));
#18553=CARTESIAN_POINT('',(-12.5196152422707,-18.6313466520527,-0.2));
#18554=CARTESIAN_POINT('',(-12.5196152422707,-18.6313466520527,-0.2));
#18555=CARTESIAN_POINT('',(-12.5196152422707,-18.6313466520527,-2.45));
#18556=CARTESIAN_POINT('',(-12.5196152422707,-18.6313466520527,-2.45));
#18557=CARTESIAN_POINT('',(-12.5196152422707,-18.6313466520527,-2.45));
#18558=CARTESIAN_POINT('Origin',(-12.,-18.9313466520527,-2.45));
#18559=CARTESIAN_POINT('',(-12.,-18.9313466520527,-0.2));
#18560=CARTESIAN_POINT('',(-12.,-18.9313466520527,-0.2));
#18561=CARTESIAN_POINT('',(-12.,-18.9313466520527,-2.45));
#18562=CARTESIAN_POINT('',(-12.,-18.9313466520527,-2.45));
#18563=CARTESIAN_POINT('',(-12.,-18.9313466520527,-2.45));
#18564=CARTESIAN_POINT('Origin',(-13.05,-20.75,-2.45));
#18565=CARTESIAN_POINT('',(-13.05,-20.75,-0.2));
#18566=CARTESIAN_POINT('',(-13.05,-20.75,-2.45));
#18567=CARTESIAN_POINT('Origin',(0.,0.,-2.45));
#18568=CARTESIAN_POINT('Origin',(0.,0.,-0.2));
#18569=CARTESIAN_POINT('Origin',(12.5196152422707,-18.6313466520527,-2.45));
#18570=CARTESIAN_POINT('',(12.5196152422707,-18.6313466520527,-0.2));
#18571=CARTESIAN_POINT('',(12.5196152422707,-18.6313466520527,-0.2));
#18572=CARTESIAN_POINT('',(12.5196152422707,-18.6313466520527,-2.45));
#18573=CARTESIAN_POINT('',(12.5196152422707,-18.6313466520527,-2.45));
#18574=CARTESIAN_POINT('',(12.5196152422707,-18.6313466520527,-2.45));
#18575=CARTESIAN_POINT('Origin',(13.05,-20.75,-2.45));
#18576=CARTESIAN_POINT('',(12.,-18.9313466520527,-0.2));
#18577=CARTESIAN_POINT('',(13.05,-20.75,-0.2));
#18578=CARTESIAN_POINT('',(12.,-18.9313466520527,-2.45));
#18579=CARTESIAN_POINT('',(12.,-18.9313466520527,-2.45));
#18580=CARTESIAN_POINT('',(13.05,-20.75,-2.45));
#18581=CARTESIAN_POINT('Origin',(12.,-18.9313466520527,-2.45));
#18582=CARTESIAN_POINT('',(12.,-18.9313466520527,-0.2));
#18583=CARTESIAN_POINT('',(12.,-18.9313466520527,-2.45));
#18584=CARTESIAN_POINT('Origin',(0.,0.,-2.45));
#18585=CARTESIAN_POINT('Origin',(0.,0.,-0.2));
#18586=CARTESIAN_POINT('Origin',(0.,0.,-0.2));
#18587=CARTESIAN_POINT('',(35.,-18.9313466520527,-0.2));
#18588=CARTESIAN_POINT('',(36.05,-20.75,-0.2));
#18589=CARTESIAN_POINT('',(35.5196152422707,-18.6313466520527,-0.2));
#18590=CARTESIAN_POINT('',(35.5196152422707,-18.6313466520527,-0.2));
#18591=CARTESIAN_POINT('',(35.,-18.9313466520527,-0.2));
#18592=CARTESIAN_POINT('Origin',(35.,-18.9313466520527,-2.45));
#18593=CARTESIAN_POINT('',(35.5196152422707,-18.6313466520527,-2.45));
#18594=CARTESIAN_POINT('',(35.5196152422707,-18.6313466520527,-2.45));
#18595=CARTESIAN_POINT('',(35.,-18.9313466520527,-2.45));
#18596=CARTESIAN_POINT('',(35.,-18.9313466520527,-2.45));
#18597=CARTESIAN_POINT('',(35.,-18.9313466520527,-2.45));
#18598=CARTESIAN_POINT('Origin',(35.5196152422707,-18.6313466520527,-2.45));
#18599=CARTESIAN_POINT('',(35.5196152422707,-18.6313466520527,-2.45));
#18600=CARTESIAN_POINT('Origin',(36.05,-20.75,-2.45));
#18601=CARTESIAN_POINT('',(36.05,-20.75,-2.45));
#18602=CARTESIAN_POINT('Origin',(0.,0.,-2.45));
#18603=CARTESIAN_POINT('Origin',(-37.,-11.6,10.61));
#18604=CARTESIAN_POINT('',(-37.,-12.6,10.61));
#18605=CARTESIAN_POINT('',(-38.,-11.6,10.61));
#18606=CARTESIAN_POINT('Origin',(-38.,11.6,10.61));
#18607=CARTESIAN_POINT('',(-38.,11.6,10.61));
#18608=CARTESIAN_POINT('Origin',(-37.,11.6,10.61));
#18609=CARTESIAN_POINT('',(-37.,12.6,10.61));
#18610=CARTESIAN_POINT('Origin',(-37.,12.6,10.61));
#18611=CARTESIAN_POINT('',(37.,12.6,10.61));
#18612=CARTESIAN_POINT('Origin',(37.,11.6,10.61));
#18613=CARTESIAN_POINT('',(38.,11.6,10.61));
#18614=CARTESIAN_POINT('Origin',(38.,11.6,10.61));
#18615=CARTESIAN_POINT('',(38.,-11.6,10.61));
#18616=CARTESIAN_POINT('Origin',(37.,-11.6,10.61));
#18617=CARTESIAN_POINT('',(37.,-12.6,10.61));
#18618=CARTESIAN_POINT('Origin',(-37.,-12.6,10.61));
#18619=CARTESIAN_POINT('Origin',(2.44929359829472E-16,18.85,10.61));
#18620=CARTESIAN_POINT('',(-40.,18.85,10.86));
#18621=CARTESIAN_POINT('',(-40.,18.85,10.61));
#18622=CARTESIAN_POINT('',(40.,18.85,10.86));
#18623=CARTESIAN_POINT('',(40.,18.85,10.86));
#18624=CARTESIAN_POINT('',(40.,18.85,10.61));
#18625=CARTESIAN_POINT('Origin',(40.,18.85,10.61));
#18626=CARTESIAN_POINT('',(40.,17.85,10.86));
#18627=CARTESIAN_POINT('',(40.,17.85,10.86));
#18628=CARTESIAN_POINT('',(40.,17.85,10.61));
#18629=CARTESIAN_POINT('Origin',(40.,17.85,10.61));
#18630=CARTESIAN_POINT('',(-40.,17.85,10.86));
#18631=CARTESIAN_POINT('',(-40.,17.85,10.86));
#18632=CARTESIAN_POINT('',(-40.,17.85,10.61));
#18633=CARTESIAN_POINT('Origin',(-40.,17.85,10.61));
#18634=CARTESIAN_POINT('',(-40.,18.85,10.86));
#18635=CARTESIAN_POINT('Origin',(0.,0.,10.61));
#18636=CARTESIAN_POINT('',(-39.75,18.1,10.61));
#18637=CARTESIAN_POINT('',(39.75,18.1,10.61));
#18638=CARTESIAN_POINT('',(40.,18.1,10.61));
#18639=CARTESIAN_POINT('',(39.75,18.6,10.61));
#18640=CARTESIAN_POINT('',(39.75,18.85,10.61));
#18641=CARTESIAN_POINT('',(-39.75,18.6,10.61));
#18642=CARTESIAN_POINT('',(-40.,18.6,10.61));
#18643=CARTESIAN_POINT('',(-39.75,17.85,10.61));
#18644=CARTESIAN_POINT('Origin',(-40.,-18.85,10.61));
#18645=CARTESIAN_POINT('',(40.,-18.85,10.86));
#18646=CARTESIAN_POINT('',(40.,-18.85,10.61));
#18647=CARTESIAN_POINT('',(-40.,-18.85,10.86));
#18648=CARTESIAN_POINT('',(-40.,-18.85,10.86));
#18649=CARTESIAN_POINT('',(-40.,-18.85,10.61));
#18650=CARTESIAN_POINT('Origin',(-40.,-17.85,10.61));
#18651=CARTESIAN_POINT('',(-40.,-17.85,10.86));
#18652=CARTESIAN_POINT('',(-40.,-17.85,10.86));
#18653=CARTESIAN_POINT('',(-40.,-17.85,10.61));
#18654=CARTESIAN_POINT('Origin',(40.,-17.85,10.61));
#18655=CARTESIAN_POINT('',(40.,-17.85,10.86));
#18656=CARTESIAN_POINT('',(40.,-17.85,10.86));
#18657=CARTESIAN_POINT('',(40.,-17.85,10.61));
#18658=CARTESIAN_POINT('Origin',(40.,-18.85,10.61));
#18659=CARTESIAN_POINT('',(40.,-18.85,10.86));
#18660=CARTESIAN_POINT('Origin',(0.,0.,10.61));
#18661=CARTESIAN_POINT('',(39.75,-18.1,10.61));
#18662=CARTESIAN_POINT('',(-39.75,-18.1,10.61));
#18663=CARTESIAN_POINT('',(-2.35488711863851E-15,-18.1,10.61));
#18664=CARTESIAN_POINT('',(-39.75,-18.6,10.61));
#18665=CARTESIAN_POINT('',(-39.75,0.,10.61));
#18666=CARTESIAN_POINT('',(39.75,-18.6,10.61));
#18667=CARTESIAN_POINT('',(0.,-18.6,10.61));
#18668=CARTESIAN_POINT('',(39.75,0.,10.61));
#18669=CARTESIAN_POINT('Origin',(39.75,0.,10.86));
#18670=CARTESIAN_POINT('Origin',(39.75,-18.6,10.86));
#18671=CARTESIAN_POINT('Origin',(39.7499999999998,-18.1000000000002,10.8600000000002));
#18672=CARTESIAN_POINT('Origin',(-2.35488711863851E-15,-18.1,10.86));
#18673=CARTESIAN_POINT('Origin',(-39.7499999999999,-18.1000000000001,10.8600000000001));
#18674=CARTESIAN_POINT('Origin',(0.,-18.6,10.86));
#18675=CARTESIAN_POINT('Origin',(-39.75,-18.6,10.86));
#18676=CARTESIAN_POINT('Origin',(-39.75,0.,10.86));
#18677=CARTESIAN_POINT('Origin',(-39.75,0.,10.86));
#18678=CARTESIAN_POINT('Origin',(-39.75,18.6,10.86));
#18679=CARTESIAN_POINT('Origin',(-39.7499999999999,18.1000000000001,10.8600000000001));
#18680=CARTESIAN_POINT('Origin',(-2.35488711863852E-15,18.1,10.86));
#18681=CARTESIAN_POINT('Origin',(39.7500000000001,18.1,10.8599999999999));
#18682=CARTESIAN_POINT('Origin',(0.,18.6,10.86));
#18683=CARTESIAN_POINT('Origin',(39.75,18.6,10.86));
#18684=CARTESIAN_POINT('Origin',(39.75,0.,10.86));
#18685=CARTESIAN_POINT('Origin',(-32.25,10.4,10.71));
#18686=CARTESIAN_POINT('',(-32.25,10.4,10.71));
#18687=CARTESIAN_POINT('',(-32.25,10.4,10.71));
#18688=CARTESIAN_POINT('',(-32.25,5.65,10.71));
#18689=CARTESIAN_POINT('',(-32.25,10.4,10.71));
#18690=CARTESIAN_POINT('',(-32.25,5.65,10.71));
#18691=CARTESIAN_POINT('Origin',(-35.2,10.4,10.71));
#18692=CARTESIAN_POINT('',(-35.2,10.4,10.71));
#18693=CARTESIAN_POINT('',(-35.2,10.4,10.71));
#18694=CARTESIAN_POINT('',(-35.2,10.4,10.71));
#18695=CARTESIAN_POINT('Origin',(-35.2,10.4,10.71));
#18696=CARTESIAN_POINT('',(-35.2,5.65,10.71));
#18697=CARTESIAN_POINT('',(-35.2,5.65,10.71));
#18698=CARTESIAN_POINT('',(-35.2,10.4,10.71));
#18699=CARTESIAN_POINT('Origin',(-35.2,5.65,10.71));
#18700=CARTESIAN_POINT('',(-35.2,5.65,10.71));
#18701=CARTESIAN_POINT('Origin',(0.,0.,10.71));
#18702=CARTESIAN_POINT('Origin',(-31.65,5.65,10.71));
#18703=CARTESIAN_POINT('',(-28.7,5.65,10.71));
#18704=CARTESIAN_POINT('',(-28.7,5.65,10.71));
#18705=CARTESIAN_POINT('',(-31.65,5.65,10.71));
#18706=CARTESIAN_POINT('',(-31.65,5.65,10.71));
#18707=CARTESIAN_POINT('',(-31.65,5.65,10.71));
#18708=CARTESIAN_POINT('Origin',(-28.7,10.4,10.71));
#18709=CARTESIAN_POINT('',(-28.7,10.4,10.71));
#18710=CARTESIAN_POINT('',(-28.7,10.4,10.71));
#18711=CARTESIAN_POINT('',(-28.7,10.4,10.71));
#18712=CARTESIAN_POINT('Origin',(-31.65,10.4,10.71));
#18713=CARTESIAN_POINT('',(-31.65,10.4,10.71));
#18714=CARTESIAN_POINT('',(-31.65,10.4,10.71));
#18715=CARTESIAN_POINT('',(-31.65,10.4,10.71));
#18716=CARTESIAN_POINT('Origin',(-31.65,10.4,10.71));
#18717=CARTESIAN_POINT('',(-31.65,10.4,10.71));
#18718=CARTESIAN_POINT('Origin',(0.,0.,10.71));
#18719=CARTESIAN_POINT('Origin',(-28.1,5.65,10.71));
#18720=CARTESIAN_POINT('',(-25.15,5.65,10.71));
#18721=CARTESIAN_POINT('',(-25.15,5.65,10.71));
#18722=CARTESIAN_POINT('',(-28.1,5.65,10.71));
#18723=CARTESIAN_POINT('',(-28.1,5.65,10.71));
#18724=CARTESIAN_POINT('',(-28.1,5.65,10.71));
#18725=CARTESIAN_POINT('Origin',(-25.15,10.4,10.71));
#18726=CARTESIAN_POINT('',(-25.15,10.4,10.71));
#18727=CARTESIAN_POINT('',(-25.15,10.4,10.71));
#18728=CARTESIAN_POINT('',(-25.15,10.4,10.71));
#18729=CARTESIAN_POINT('Origin',(-28.1,10.4,10.71));
#18730=CARTESIAN_POINT('',(-28.1,10.4,10.71));
#18731=CARTESIAN_POINT('',(-28.1,10.4,10.71));
#18732=CARTESIAN_POINT('',(-28.1,10.4,10.71));
#18733=CARTESIAN_POINT('Origin',(-28.1,10.4,10.71));
#18734=CARTESIAN_POINT('',(-28.1,10.4,10.71));
#18735=CARTESIAN_POINT('Origin',(0.,0.,10.71));
#18736=CARTESIAN_POINT('Origin',(-24.55,5.65,10.71));
#18737=CARTESIAN_POINT('',(-21.6,5.65,10.71));
#18738=CARTESIAN_POINT('',(-21.6,5.65,10.71));
#18739=CARTESIAN_POINT('',(-24.55,5.65,10.71));
#18740=CARTESIAN_POINT('',(-24.55,5.65,10.71));
#18741=CARTESIAN_POINT('',(-24.55,5.65,10.71));
#18742=CARTESIAN_POINT('Origin',(-21.6,10.4,10.71));
#18743=CARTESIAN_POINT('',(-21.6,10.4,10.71));
#18744=CARTESIAN_POINT('',(-21.6,10.4,10.71));
#18745=CARTESIAN_POINT('',(-21.6,10.4,10.71));
#18746=CARTESIAN_POINT('Origin',(-24.55,10.4,10.71));
#18747=CARTESIAN_POINT('',(-24.55,10.4,10.71));
#18748=CARTESIAN_POINT('',(-24.55,10.4,10.71));
#18749=CARTESIAN_POINT('',(-24.55,10.4,10.71));
#18750=CARTESIAN_POINT('Origin',(-24.55,10.4,10.71));
#18751=CARTESIAN_POINT('',(-24.55,10.4,10.71));
#18752=CARTESIAN_POINT('Origin',(0.,0.,10.71));
#18753=CARTESIAN_POINT('Origin',(-21.,5.65,10.71));
#18754=CARTESIAN_POINT('',(-18.05,5.65,10.71));
#18755=CARTESIAN_POINT('',(-18.05,5.65,10.71));
#18756=CARTESIAN_POINT('',(-21.,5.65,10.71));
#18757=CARTESIAN_POINT('',(-21.,5.65,10.71));
#18758=CARTESIAN_POINT('',(-21.,5.65,10.71));
#18759=CARTESIAN_POINT('Origin',(-18.05,10.4,10.71));
#18760=CARTESIAN_POINT('',(-18.05,10.4,10.71));
#18761=CARTESIAN_POINT('',(-18.05,10.4,10.71));
#18762=CARTESIAN_POINT('',(-18.05,10.4,10.71));
#18763=CARTESIAN_POINT('Origin',(-21.,10.4,10.71));
#18764=CARTESIAN_POINT('',(-21.,10.4,10.71));
#18765=CARTESIAN_POINT('',(-21.,10.4,10.71));
#18766=CARTESIAN_POINT('',(-21.,10.4,10.71));
#18767=CARTESIAN_POINT('Origin',(-21.,10.4,10.71));
#18768=CARTESIAN_POINT('',(-21.,10.4,10.71));
#18769=CARTESIAN_POINT('Origin',(0.,0.,10.71));
#18770=CARTESIAN_POINT('Origin',(-17.45,5.65,10.71));
#18771=CARTESIAN_POINT('',(-14.5,5.65,10.71));
#18772=CARTESIAN_POINT('',(-14.5,5.65,10.71));
#18773=CARTESIAN_POINT('',(-17.45,5.65,10.71));
#18774=CARTESIAN_POINT('',(-17.45,5.65,10.71));
#18775=CARTESIAN_POINT('',(-17.45,5.65,10.71));
#18776=CARTESIAN_POINT('Origin',(-14.5,10.4,10.71));
#18777=CARTESIAN_POINT('',(-14.5,10.4,10.71));
#18778=CARTESIAN_POINT('',(-14.5,10.4,10.71));
#18779=CARTESIAN_POINT('',(-14.5,10.4,10.71));
#18780=CARTESIAN_POINT('Origin',(-17.45,10.4,10.71));
#18781=CARTESIAN_POINT('',(-17.45,10.4,10.71));
#18782=CARTESIAN_POINT('',(-17.45,10.4,10.71));
#18783=CARTESIAN_POINT('',(-17.45,10.4,10.71));
#18784=CARTESIAN_POINT('Origin',(-17.45,10.4,10.71));
#18785=CARTESIAN_POINT('',(-17.45,10.4,10.71));
#18786=CARTESIAN_POINT('Origin',(0.,0.,10.71));
#18787=CARTESIAN_POINT('Origin',(-13.9,5.65,10.71));
#18788=CARTESIAN_POINT('',(-10.95,5.65,10.71));
#18789=CARTESIAN_POINT('',(-10.95,5.65,10.71));
#18790=CARTESIAN_POINT('',(-13.9,5.65,10.71));
#18791=CARTESIAN_POINT('',(-13.9,5.65,10.71));
#18792=CARTESIAN_POINT('',(-13.9,5.65,10.71));
#18793=CARTESIAN_POINT('Origin',(-10.95,10.4,10.71));
#18794=CARTESIAN_POINT('',(-10.95,10.4,10.71));
#18795=CARTESIAN_POINT('',(-10.95,10.4,10.71));
#18796=CARTESIAN_POINT('',(-10.95,10.4,10.71));
#18797=CARTESIAN_POINT('Origin',(-13.9,10.4,10.71));
#18798=CARTESIAN_POINT('',(-13.9,10.4,10.71));
#18799=CARTESIAN_POINT('',(-13.9,10.4,10.71));
#18800=CARTESIAN_POINT('',(-13.9,10.4,10.71));
#18801=CARTESIAN_POINT('Origin',(-13.9,10.4,10.71));
#18802=CARTESIAN_POINT('',(-13.9,10.4,10.71));
#18803=CARTESIAN_POINT('Origin',(0.,0.,10.71));
#18804=CARTESIAN_POINT('Origin',(-10.35,5.65,10.71));
#18805=CARTESIAN_POINT('',(-7.40000000000001,5.65,10.71));
#18806=CARTESIAN_POINT('',(-7.40000000000001,5.65,10.71));
#18807=CARTESIAN_POINT('',(-10.35,5.65,10.71));
#18808=CARTESIAN_POINT('',(-10.35,5.65,10.71));
#18809=CARTESIAN_POINT('',(-10.35,5.65,10.71));
#18810=CARTESIAN_POINT('Origin',(-7.40000000000001,10.4,10.71));
#18811=CARTESIAN_POINT('',(-7.40000000000001,10.4,10.71));
#18812=CARTESIAN_POINT('',(-7.40000000000001,10.4,10.71));
#18813=CARTESIAN_POINT('',(-7.40000000000001,10.4,10.71));
#18814=CARTESIAN_POINT('Origin',(-10.35,10.4,10.71));
#18815=CARTESIAN_POINT('',(-10.35,10.4,10.71));
#18816=CARTESIAN_POINT('',(-10.35,10.4,10.71));
#18817=CARTESIAN_POINT('',(-10.35,10.4,10.71));
#18818=CARTESIAN_POINT('Origin',(-10.35,10.4,10.71));
#18819=CARTESIAN_POINT('',(-10.35,10.4,10.71));
#18820=CARTESIAN_POINT('Origin',(0.,0.,10.71));
#18821=CARTESIAN_POINT('Origin',(-6.80000000000001,5.65,10.71));
#18822=CARTESIAN_POINT('',(-3.85000000000001,5.65,10.71));
#18823=CARTESIAN_POINT('',(-3.85000000000001,5.65,10.71));
#18824=CARTESIAN_POINT('',(-6.80000000000001,5.65,10.71));
#18825=CARTESIAN_POINT('',(-6.80000000000001,5.65,10.71));
#18826=CARTESIAN_POINT('',(-6.80000000000001,5.65,10.71));
#18827=CARTESIAN_POINT('Origin',(-3.85000000000001,10.4,10.71));
#18828=CARTESIAN_POINT('',(-3.85000000000001,10.4,10.71));
#18829=CARTESIAN_POINT('',(-3.85000000000001,10.4,10.71));
#18830=CARTESIAN_POINT('',(-3.85000000000001,10.4,10.71));
#18831=CARTESIAN_POINT('Origin',(-6.80000000000001,10.4,10.71));
#18832=CARTESIAN_POINT('',(-6.80000000000001,10.4,10.71));
#18833=CARTESIAN_POINT('',(-6.80000000000001,10.4,10.71));
#18834=CARTESIAN_POINT('',(-6.80000000000001,10.4,10.71));
#18835=CARTESIAN_POINT('Origin',(-6.80000000000001,10.4,10.71));
#18836=CARTESIAN_POINT('',(-6.80000000000001,10.4,10.71));
#18837=CARTESIAN_POINT('Origin',(0.,0.,10.71));
#18838=CARTESIAN_POINT('Origin',(-3.25000000000001,5.65,10.71));
#18839=CARTESIAN_POINT('',(-0.300000000000009,5.65,10.71));
#18840=CARTESIAN_POINT('',(-0.300000000000009,5.65,10.71));
#18841=CARTESIAN_POINT('',(-3.25000000000001,5.65,10.71));
#18842=CARTESIAN_POINT('',(-3.25000000000001,5.65,10.71));
#18843=CARTESIAN_POINT('',(-3.25000000000001,5.65,10.71));
#18844=CARTESIAN_POINT('Origin',(-0.300000000000009,10.4,10.71));
#18845=CARTESIAN_POINT('',(-0.300000000000009,10.4,10.71));
#18846=CARTESIAN_POINT('',(-0.300000000000009,10.4,10.71));
#18847=CARTESIAN_POINT('',(-0.300000000000009,10.4,10.71));
#18848=CARTESIAN_POINT('Origin',(-3.25000000000001,10.4,10.71));
#18849=CARTESIAN_POINT('',(-3.25000000000001,10.4,10.71));
#18850=CARTESIAN_POINT('',(-3.25000000000001,10.4,10.71));
#18851=CARTESIAN_POINT('',(-3.25000000000001,10.4,10.71));
#18852=CARTESIAN_POINT('Origin',(-3.25000000000001,10.4,10.71));
#18853=CARTESIAN_POINT('',(-3.25000000000001,10.4,10.71));
#18854=CARTESIAN_POINT('Origin',(0.,0.,10.71));
#18855=CARTESIAN_POINT('Origin',(0.299999999999988,5.65,10.71));
#18856=CARTESIAN_POINT('',(3.24999999999999,5.65,10.71));
#18857=CARTESIAN_POINT('',(3.24999999999999,5.65,10.71));
#18858=CARTESIAN_POINT('',(0.299999999999988,5.65,10.71));
#18859=CARTESIAN_POINT('',(0.299999999999988,5.65,10.71));
#18860=CARTESIAN_POINT('',(0.299999999999988,5.65,10.71));
#18861=CARTESIAN_POINT('Origin',(3.24999999999999,10.4,10.71));
#18862=CARTESIAN_POINT('',(3.24999999999999,10.4,10.71));
#18863=CARTESIAN_POINT('',(3.24999999999999,10.4,10.71));
#18864=CARTESIAN_POINT('',(3.24999999999999,10.4,10.71));
#18865=CARTESIAN_POINT('Origin',(0.299999999999988,10.4,10.71));
#18866=CARTESIAN_POINT('',(0.299999999999988,10.4,10.71));
#18867=CARTESIAN_POINT('',(0.299999999999988,10.4,10.71));
#18868=CARTESIAN_POINT('',(0.299999999999988,10.4,10.71));
#18869=CARTESIAN_POINT('Origin',(0.299999999999988,10.4,10.71));
#18870=CARTESIAN_POINT('',(0.299999999999988,10.4,10.71));
#18871=CARTESIAN_POINT('Origin',(0.,0.,10.71));
#18872=CARTESIAN_POINT('Origin',(3.84999999999999,5.65,10.71));
#18873=CARTESIAN_POINT('',(6.79999999999999,5.65,10.71));
#18874=CARTESIAN_POINT('',(6.79999999999999,5.65,10.71));
#18875=CARTESIAN_POINT('',(3.84999999999999,5.65,10.71));
#18876=CARTESIAN_POINT('',(3.84999999999999,5.65,10.71));
#18877=CARTESIAN_POINT('',(3.84999999999999,5.65,10.71));
#18878=CARTESIAN_POINT('Origin',(6.79999999999999,10.4,10.71));
#18879=CARTESIAN_POINT('',(6.79999999999999,10.4,10.71));
#18880=CARTESIAN_POINT('',(6.79999999999999,10.4,10.71));
#18881=CARTESIAN_POINT('',(6.79999999999999,10.4,10.71));
#18882=CARTESIAN_POINT('Origin',(3.84999999999999,10.4,10.71));
#18883=CARTESIAN_POINT('',(3.84999999999999,10.4,10.71));
#18884=CARTESIAN_POINT('',(3.84999999999999,10.4,10.71));
#18885=CARTESIAN_POINT('',(3.84999999999999,10.4,10.71));
#18886=CARTESIAN_POINT('Origin',(3.84999999999999,10.4,10.71));
#18887=CARTESIAN_POINT('',(3.84999999999999,10.4,10.71));
#18888=CARTESIAN_POINT('Origin',(0.,0.,10.71));
#18889=CARTESIAN_POINT('Origin',(7.39999999999999,5.65,10.71));
#18890=CARTESIAN_POINT('',(10.35,5.65,10.71));
#18891=CARTESIAN_POINT('',(10.35,5.65,10.71));
#18892=CARTESIAN_POINT('',(7.39999999999999,5.65,10.71));
#18893=CARTESIAN_POINT('',(7.39999999999999,5.65,10.71));
#18894=CARTESIAN_POINT('',(7.39999999999999,5.65,10.71));
#18895=CARTESIAN_POINT('Origin',(10.35,10.4,10.71));
#18896=CARTESIAN_POINT('',(10.35,10.4,10.71));
#18897=CARTESIAN_POINT('',(10.35,10.4,10.71));
#18898=CARTESIAN_POINT('',(10.35,10.4,10.71));
#18899=CARTESIAN_POINT('Origin',(7.39999999999999,10.4,10.71));
#18900=CARTESIAN_POINT('',(7.39999999999999,10.4,10.71));
#18901=CARTESIAN_POINT('',(7.39999999999999,10.4,10.71));
#18902=CARTESIAN_POINT('',(7.39999999999999,10.4,10.71));
#18903=CARTESIAN_POINT('Origin',(7.39999999999999,10.4,10.71));
#18904=CARTESIAN_POINT('',(7.39999999999999,10.4,10.71));
#18905=CARTESIAN_POINT('Origin',(0.,0.,10.71));
#18906=CARTESIAN_POINT('Origin',(10.95,5.65,10.71));
#18907=CARTESIAN_POINT('',(13.9,5.65,10.71));
#18908=CARTESIAN_POINT('',(13.9,5.65,10.71));
#18909=CARTESIAN_POINT('',(10.95,5.65,10.71));
#18910=CARTESIAN_POINT('',(10.95,5.65,10.71));
#18911=CARTESIAN_POINT('',(10.95,5.65,10.71));
#18912=CARTESIAN_POINT('Origin',(13.9,10.4,10.71));
#18913=CARTESIAN_POINT('',(13.9,10.4,10.71));
#18914=CARTESIAN_POINT('',(13.9,10.4,10.71));
#18915=CARTESIAN_POINT('',(13.9,10.4,10.71));
#18916=CARTESIAN_POINT('Origin',(10.95,10.4,10.71));
#18917=CARTESIAN_POINT('',(10.95,10.4,10.71));
#18918=CARTESIAN_POINT('',(10.95,10.4,10.71));
#18919=CARTESIAN_POINT('',(10.95,10.4,10.71));
#18920=CARTESIAN_POINT('Origin',(10.95,10.4,10.71));
#18921=CARTESIAN_POINT('',(10.95,10.4,10.71));
#18922=CARTESIAN_POINT('Origin',(0.,0.,10.71));
#18923=CARTESIAN_POINT('Origin',(14.5,5.65,10.71));
#18924=CARTESIAN_POINT('',(17.45,5.65,10.71));
#18925=CARTESIAN_POINT('',(17.45,5.65,10.71));
#18926=CARTESIAN_POINT('',(14.5,5.65,10.71));
#18927=CARTESIAN_POINT('',(14.5,5.65,10.71));
#18928=CARTESIAN_POINT('',(14.5,5.65,10.71));
#18929=CARTESIAN_POINT('Origin',(17.45,10.4,10.71));
#18930=CARTESIAN_POINT('',(17.45,10.4,10.71));
#18931=CARTESIAN_POINT('',(17.45,10.4,10.71));
#18932=CARTESIAN_POINT('',(17.45,10.4,10.71));
#18933=CARTESIAN_POINT('Origin',(14.5,10.4,10.71));
#18934=CARTESIAN_POINT('',(14.5,10.4,10.71));
#18935=CARTESIAN_POINT('',(14.5,10.4,10.71));
#18936=CARTESIAN_POINT('',(14.5,10.4,10.71));
#18937=CARTESIAN_POINT('Origin',(14.5,10.4,10.71));
#18938=CARTESIAN_POINT('',(14.5,10.4,10.71));
#18939=CARTESIAN_POINT('Origin',(0.,0.,10.71));
#18940=CARTESIAN_POINT('Origin',(18.05,5.65,10.71));
#18941=CARTESIAN_POINT('',(21.,5.65,10.71));
#18942=CARTESIAN_POINT('',(21.,5.65,10.71));
#18943=CARTESIAN_POINT('',(18.05,5.65,10.71));
#18944=CARTESIAN_POINT('',(18.05,5.65,10.71));
#18945=CARTESIAN_POINT('',(18.05,5.65,10.71));
#18946=CARTESIAN_POINT('Origin',(21.,10.4,10.71));
#18947=CARTESIAN_POINT('',(21.,10.4,10.71));
#18948=CARTESIAN_POINT('',(21.,10.4,10.71));
#18949=CARTESIAN_POINT('',(21.,10.4,10.71));
#18950=CARTESIAN_POINT('Origin',(18.05,10.4,10.71));
#18951=CARTESIAN_POINT('',(18.05,10.4,10.71));
#18952=CARTESIAN_POINT('',(18.05,10.4,10.71));
#18953=CARTESIAN_POINT('',(18.05,10.4,10.71));
#18954=CARTESIAN_POINT('Origin',(18.05,10.4,10.71));
#18955=CARTESIAN_POINT('',(18.05,10.4,10.71));
#18956=CARTESIAN_POINT('Origin',(0.,0.,10.71));
#18957=CARTESIAN_POINT('Origin',(21.6,5.65,10.71));
#18958=CARTESIAN_POINT('',(24.55,5.65,10.71));
#18959=CARTESIAN_POINT('',(24.55,5.65,10.71));
#18960=CARTESIAN_POINT('',(21.6,5.65,10.71));
#18961=CARTESIAN_POINT('',(21.6,5.65,10.71));
#18962=CARTESIAN_POINT('',(21.6,5.65,10.71));
#18963=CARTESIAN_POINT('Origin',(24.55,10.4,10.71));
#18964=CARTESIAN_POINT('',(24.55,10.4,10.71));
#18965=CARTESIAN_POINT('',(24.55,10.4,10.71));
#18966=CARTESIAN_POINT('',(24.55,10.4,10.71));
#18967=CARTESIAN_POINT('Origin',(21.6,10.4,10.71));
#18968=CARTESIAN_POINT('',(21.6,10.4,10.71));
#18969=CARTESIAN_POINT('',(21.6,10.4,10.71));
#18970=CARTESIAN_POINT('',(21.6,10.4,10.71));
#18971=CARTESIAN_POINT('Origin',(21.6,10.4,10.71));
#18972=CARTESIAN_POINT('',(21.6,10.4,10.71));
#18973=CARTESIAN_POINT('Origin',(0.,0.,10.71));
#18974=CARTESIAN_POINT('Origin',(25.15,5.65,10.71));
#18975=CARTESIAN_POINT('',(28.1,5.65,10.71));
#18976=CARTESIAN_POINT('',(28.1,5.65,10.71));
#18977=CARTESIAN_POINT('',(25.15,5.65,10.71));
#18978=CARTESIAN_POINT('',(25.15,5.65,10.71));
#18979=CARTESIAN_POINT('',(25.15,5.65,10.71));
#18980=CARTESIAN_POINT('Origin',(28.1,10.4,10.71));
#18981=CARTESIAN_POINT('',(28.1,10.4,10.71));
#18982=CARTESIAN_POINT('',(28.1,10.4,10.71));
#18983=CARTESIAN_POINT('',(28.1,10.4,10.71));
#18984=CARTESIAN_POINT('Origin',(25.15,10.4,10.71));
#18985=CARTESIAN_POINT('',(25.15,10.4,10.71));
#18986=CARTESIAN_POINT('',(25.15,10.4,10.71));
#18987=CARTESIAN_POINT('',(25.15,10.4,10.71));
#18988=CARTESIAN_POINT('Origin',(25.15,10.4,10.71));
#18989=CARTESIAN_POINT('',(25.15,10.4,10.71));
#18990=CARTESIAN_POINT('Origin',(0.,0.,10.71));
#18991=CARTESIAN_POINT('Origin',(28.7,5.65,10.71));
#18992=CARTESIAN_POINT('',(31.65,5.65,10.71));
#18993=CARTESIAN_POINT('',(31.65,5.65,10.71));
#18994=CARTESIAN_POINT('',(28.7,5.65,10.71));
#18995=CARTESIAN_POINT('',(28.7,5.65,10.71));
#18996=CARTESIAN_POINT('',(28.7,5.65,10.71));
#18997=CARTESIAN_POINT('Origin',(31.65,10.4,10.71));
#18998=CARTESIAN_POINT('',(31.65,10.4,10.71));
#18999=CARTESIAN_POINT('',(31.65,10.4,10.71));
#19000=CARTESIAN_POINT('',(31.65,10.4,10.71));
#19001=CARTESIAN_POINT('Origin',(28.7,10.4,10.71));
#19002=CARTESIAN_POINT('',(28.7,10.4,10.71));
#19003=CARTESIAN_POINT('',(28.7,10.4,10.71));
#19004=CARTESIAN_POINT('',(28.7,10.4,10.71));
#19005=CARTESIAN_POINT('Origin',(28.7,10.4,10.71));
#19006=CARTESIAN_POINT('',(28.7,10.4,10.71));
#19007=CARTESIAN_POINT('Origin',(0.,0.,10.71));
#19008=CARTESIAN_POINT('Origin',(32.25,5.65,10.71));
#19009=CARTESIAN_POINT('',(35.2,5.65,10.71));
#19010=CARTESIAN_POINT('',(35.2,5.65,10.71));
#19011=CARTESIAN_POINT('',(32.25,5.65,10.71));
#19012=CARTESIAN_POINT('',(32.25,5.65,10.71));
#19013=CARTESIAN_POINT('',(32.25,5.65,10.71));
#19014=CARTESIAN_POINT('Origin',(35.2,10.4,10.71));
#19015=CARTESIAN_POINT('',(35.2,10.4,10.71));
#19016=CARTESIAN_POINT('',(35.2,10.4,10.71));
#19017=CARTESIAN_POINT('',(35.2,10.4,10.71));
#19018=CARTESIAN_POINT('Origin',(32.25,10.4,10.71));
#19019=CARTESIAN_POINT('',(32.25,10.4,10.71));
#19020=CARTESIAN_POINT('',(32.25,10.4,10.71));
#19021=CARTESIAN_POINT('',(32.25,10.4,10.71));
#19022=CARTESIAN_POINT('Origin',(32.25,10.4,10.71));
#19023=CARTESIAN_POINT('',(32.25,10.4,10.71));
#19024=CARTESIAN_POINT('Origin',(0.,0.,10.71));
#19025=CARTESIAN_POINT('Origin',(-31.65,0.3,10.71));
#19026=CARTESIAN_POINT('',(-28.7,0.3,10.71));
#19027=CARTESIAN_POINT('',(-28.7,0.3,10.71));
#19028=CARTESIAN_POINT('',(-31.65,0.3,10.71));
#19029=CARTESIAN_POINT('',(-31.65,0.3,10.71));
#19030=CARTESIAN_POINT('',(-31.65,0.3,10.71));
#19031=CARTESIAN_POINT('Origin',(-28.7,5.05,10.71));
#19032=CARTESIAN_POINT('',(-28.7,5.05,10.71));
#19033=CARTESIAN_POINT('',(-28.7,5.05,10.71));
#19034=CARTESIAN_POINT('',(-28.7,5.05,10.71));
#19035=CARTESIAN_POINT('Origin',(-31.65,5.05,10.71));
#19036=CARTESIAN_POINT('',(-31.65,5.05,10.71));
#19037=CARTESIAN_POINT('',(-31.65,5.05,10.71));
#19038=CARTESIAN_POINT('',(-31.65,5.05,10.71));
#19039=CARTESIAN_POINT('Origin',(-31.65,5.05,10.71));
#19040=CARTESIAN_POINT('',(-31.65,5.05,10.71));
#19041=CARTESIAN_POINT('Origin',(0.,0.,10.71));
#19042=CARTESIAN_POINT('Origin',(-28.1,0.3,10.71));
#19043=CARTESIAN_POINT('',(-25.15,0.3,10.71));
#19044=CARTESIAN_POINT('',(-25.15,0.3,10.71));
#19045=CARTESIAN_POINT('',(-28.1,0.3,10.71));
#19046=CARTESIAN_POINT('',(-28.1,0.3,10.71));
#19047=CARTESIAN_POINT('',(-28.1,0.3,10.71));
#19048=CARTESIAN_POINT('Origin',(-25.15,5.05,10.71));
#19049=CARTESIAN_POINT('',(-25.15,5.05,10.71));
#19050=CARTESIAN_POINT('',(-25.15,5.05,10.71));
#19051=CARTESIAN_POINT('',(-25.15,5.05,10.71));
#19052=CARTESIAN_POINT('Origin',(-28.1,5.05,10.71));
#19053=CARTESIAN_POINT('',(-28.1,5.05,10.71));
#19054=CARTESIAN_POINT('',(-28.1,5.05,10.71));
#19055=CARTESIAN_POINT('',(-28.1,5.05,10.71));
#19056=CARTESIAN_POINT('Origin',(-28.1,5.05,10.71));
#19057=CARTESIAN_POINT('',(-28.1,5.05,10.71));
#19058=CARTESIAN_POINT('Origin',(0.,0.,10.71));
#19059=CARTESIAN_POINT('Origin',(-24.55,0.3,10.71));
#19060=CARTESIAN_POINT('',(-21.6,0.3,10.71));
#19061=CARTESIAN_POINT('',(-21.6,0.3,10.71));
#19062=CARTESIAN_POINT('',(-24.55,0.3,10.71));
#19063=CARTESIAN_POINT('',(-24.55,0.3,10.71));
#19064=CARTESIAN_POINT('',(-24.55,0.3,10.71));
#19065=CARTESIAN_POINT('Origin',(-21.6,5.05,10.71));
#19066=CARTESIAN_POINT('',(-21.6,5.05,10.71));
#19067=CARTESIAN_POINT('',(-21.6,5.05,10.71));
#19068=CARTESIAN_POINT('',(-21.6,5.05,10.71));
#19069=CARTESIAN_POINT('Origin',(-24.55,5.05,10.71));
#19070=CARTESIAN_POINT('',(-24.55,5.05,10.71));
#19071=CARTESIAN_POINT('',(-24.55,5.05,10.71));
#19072=CARTESIAN_POINT('',(-24.55,5.05,10.71));
#19073=CARTESIAN_POINT('Origin',(-24.55,5.05,10.71));
#19074=CARTESIAN_POINT('',(-24.55,5.05,10.71));
#19075=CARTESIAN_POINT('Origin',(0.,0.,10.71));
#19076=CARTESIAN_POINT('Origin',(-21.,0.3,10.71));
#19077=CARTESIAN_POINT('',(-18.05,0.3,10.71));
#19078=CARTESIAN_POINT('',(-18.05,0.3,10.71));
#19079=CARTESIAN_POINT('',(-21.,0.3,10.71));
#19080=CARTESIAN_POINT('',(-21.,0.3,10.71));
#19081=CARTESIAN_POINT('',(-21.,0.3,10.71));
#19082=CARTESIAN_POINT('Origin',(-18.05,5.05,10.71));
#19083=CARTESIAN_POINT('',(-18.05,5.05,10.71));
#19084=CARTESIAN_POINT('',(-18.05,5.05,10.71));
#19085=CARTESIAN_POINT('',(-18.05,5.05,10.71));
#19086=CARTESIAN_POINT('Origin',(-21.,5.05,10.71));
#19087=CARTESIAN_POINT('',(-21.,5.05,10.71));
#19088=CARTESIAN_POINT('',(-21.,5.05,10.71));
#19089=CARTESIAN_POINT('',(-21.,5.05,10.71));
#19090=CARTESIAN_POINT('Origin',(-21.,5.05,10.71));
#19091=CARTESIAN_POINT('',(-21.,5.05,10.71));
#19092=CARTESIAN_POINT('Origin',(0.,0.,10.71));
#19093=CARTESIAN_POINT('Origin',(-17.45,0.3,10.71));
#19094=CARTESIAN_POINT('',(-14.5,0.3,10.71));
#19095=CARTESIAN_POINT('',(-14.5,0.3,10.71));
#19096=CARTESIAN_POINT('',(-17.45,0.3,10.71));
#19097=CARTESIAN_POINT('',(-17.45,0.3,10.71));
#19098=CARTESIAN_POINT('',(-17.45,0.3,10.71));
#19099=CARTESIAN_POINT('Origin',(-14.5,5.05,10.71));
#19100=CARTESIAN_POINT('',(-14.5,5.05,10.71));
#19101=CARTESIAN_POINT('',(-14.5,5.05,10.71));
#19102=CARTESIAN_POINT('',(-14.5,5.05,10.71));
#19103=CARTESIAN_POINT('Origin',(-17.45,5.05,10.71));
#19104=CARTESIAN_POINT('',(-17.45,5.05,10.71));
#19105=CARTESIAN_POINT('',(-17.45,5.05,10.71));
#19106=CARTESIAN_POINT('',(-17.45,5.05,10.71));
#19107=CARTESIAN_POINT('Origin',(-17.45,5.05,10.71));
#19108=CARTESIAN_POINT('',(-17.45,5.05,10.71));
#19109=CARTESIAN_POINT('Origin',(0.,0.,10.71));
#19110=CARTESIAN_POINT('Origin',(-13.9,0.3,10.71));
#19111=CARTESIAN_POINT('',(-10.95,0.3,10.71));
#19112=CARTESIAN_POINT('',(-10.95,0.3,10.71));
#19113=CARTESIAN_POINT('',(-13.9,0.3,10.71));
#19114=CARTESIAN_POINT('',(-13.9,0.3,10.71));
#19115=CARTESIAN_POINT('',(-13.9,0.3,10.71));
#19116=CARTESIAN_POINT('Origin',(-10.95,5.05,10.71));
#19117=CARTESIAN_POINT('',(-10.95,5.05,10.71));
#19118=CARTESIAN_POINT('',(-10.95,5.05,10.71));
#19119=CARTESIAN_POINT('',(-10.95,5.05,10.71));
#19120=CARTESIAN_POINT('Origin',(-13.9,5.05,10.71));
#19121=CARTESIAN_POINT('',(-13.9,5.05,10.71));
#19122=CARTESIAN_POINT('',(-13.9,5.05,10.71));
#19123=CARTESIAN_POINT('',(-13.9,5.05,10.71));
#19124=CARTESIAN_POINT('Origin',(-13.9,5.05,10.71));
#19125=CARTESIAN_POINT('',(-13.9,5.05,10.71));
#19126=CARTESIAN_POINT('Origin',(0.,0.,10.71));
#19127=CARTESIAN_POINT('Origin',(-10.35,0.3,10.71));
#19128=CARTESIAN_POINT('',(-7.39999999999996,0.3,10.71));
#19129=CARTESIAN_POINT('',(-7.39999999999996,0.3,10.71));
#19130=CARTESIAN_POINT('',(-10.35,0.3,10.71));
#19131=CARTESIAN_POINT('',(-10.35,0.3,10.71));
#19132=CARTESIAN_POINT('',(-10.35,0.3,10.71));
#19133=CARTESIAN_POINT('Origin',(-7.39999999999996,5.05,10.71));
#19134=CARTESIAN_POINT('',(-7.39999999999996,5.05,10.71));
#19135=CARTESIAN_POINT('',(-7.39999999999996,5.05,10.71));
#19136=CARTESIAN_POINT('',(-7.39999999999996,5.05,10.71));
#19137=CARTESIAN_POINT('Origin',(-10.35,5.05,10.71));
#19138=CARTESIAN_POINT('',(-10.35,5.05,10.71));
#19139=CARTESIAN_POINT('',(-10.35,5.05,10.71));
#19140=CARTESIAN_POINT('',(-10.35,5.05,10.71));
#19141=CARTESIAN_POINT('Origin',(-10.35,5.05,10.71));
#19142=CARTESIAN_POINT('',(-10.35,5.05,10.71));
#19143=CARTESIAN_POINT('Origin',(0.,0.,10.71));
#19144=CARTESIAN_POINT('Origin',(-6.79999999999996,0.3,10.71));
#19145=CARTESIAN_POINT('',(-3.84999999999995,0.3,10.71));
#19146=CARTESIAN_POINT('',(-3.84999999999995,0.3,10.71));
#19147=CARTESIAN_POINT('',(-6.79999999999996,0.3,10.71));
#19148=CARTESIAN_POINT('',(-6.79999999999996,0.3,10.71));
#19149=CARTESIAN_POINT('',(-6.79999999999996,0.3,10.71));
#19150=CARTESIAN_POINT('Origin',(-3.84999999999995,5.05,10.71));
#19151=CARTESIAN_POINT('',(-3.84999999999995,5.05,10.71));
#19152=CARTESIAN_POINT('',(-3.84999999999995,5.05,10.71));
#19153=CARTESIAN_POINT('',(-3.84999999999995,5.05,10.71));
#19154=CARTESIAN_POINT('Origin',(-6.79999999999996,5.05,10.71));
#19155=CARTESIAN_POINT('',(-6.79999999999996,5.05,10.71));
#19156=CARTESIAN_POINT('',(-6.79999999999996,5.05,10.71));
#19157=CARTESIAN_POINT('',(-6.79999999999996,5.05,10.71));
#19158=CARTESIAN_POINT('Origin',(-6.79999999999996,5.05,10.71));
#19159=CARTESIAN_POINT('',(-6.79999999999996,5.05,10.71));
#19160=CARTESIAN_POINT('Origin',(0.,0.,10.71));
#19161=CARTESIAN_POINT('Origin',(-3.24999999999995,0.3,10.71));
#19162=CARTESIAN_POINT('',(-0.299999999999953,0.3,10.71));
#19163=CARTESIAN_POINT('',(-0.299999999999953,0.3,10.71));
#19164=CARTESIAN_POINT('',(-3.24999999999995,0.3,10.71));
#19165=CARTESIAN_POINT('',(-3.24999999999995,0.3,10.71));
#19166=CARTESIAN_POINT('',(-3.24999999999995,0.3,10.71));
#19167=CARTESIAN_POINT('Origin',(-0.299999999999953,5.05,10.71));
#19168=CARTESIAN_POINT('',(-0.299999999999953,5.05,10.71));
#19169=CARTESIAN_POINT('',(-0.299999999999953,5.05,10.71));
#19170=CARTESIAN_POINT('',(-0.299999999999953,5.05,10.71));
#19171=CARTESIAN_POINT('Origin',(-3.24999999999995,5.05,10.71));
#19172=CARTESIAN_POINT('',(-3.24999999999995,5.05,10.71));
#19173=CARTESIAN_POINT('',(-3.24999999999995,5.05,10.71));
#19174=CARTESIAN_POINT('',(-3.24999999999995,5.05,10.71));
#19175=CARTESIAN_POINT('Origin',(-3.24999999999995,5.05,10.71));
#19176=CARTESIAN_POINT('',(-3.24999999999995,5.05,10.71));
#19177=CARTESIAN_POINT('Origin',(0.,0.,10.71));
#19178=CARTESIAN_POINT('Origin',(0.300000000000043,0.3,10.71));
#19179=CARTESIAN_POINT('',(3.25000000000004,0.3,10.71));
#19180=CARTESIAN_POINT('',(3.25000000000004,0.3,10.71));
#19181=CARTESIAN_POINT('',(0.300000000000043,0.3,10.71));
#19182=CARTESIAN_POINT('',(0.300000000000043,0.3,10.71));
#19183=CARTESIAN_POINT('',(0.300000000000043,0.3,10.71));
#19184=CARTESIAN_POINT('Origin',(3.25000000000004,5.05,10.71));
#19185=CARTESIAN_POINT('',(3.25000000000004,5.05,10.71));
#19186=CARTESIAN_POINT('',(3.25000000000004,5.05,10.71));
#19187=CARTESIAN_POINT('',(3.25000000000004,5.05,10.71));
#19188=CARTESIAN_POINT('Origin',(0.300000000000043,5.05,10.71));
#19189=CARTESIAN_POINT('',(0.300000000000043,5.05,10.71));
#19190=CARTESIAN_POINT('',(0.300000000000043,5.05,10.71));
#19191=CARTESIAN_POINT('',(0.300000000000043,5.05,10.71));
#19192=CARTESIAN_POINT('Origin',(0.300000000000043,5.05,10.71));
#19193=CARTESIAN_POINT('',(0.300000000000043,5.05,10.71));
#19194=CARTESIAN_POINT('Origin',(0.,0.,10.71));
#19195=CARTESIAN_POINT('Origin',(3.85000000000004,0.3,10.71));
#19196=CARTESIAN_POINT('',(6.80000000000004,0.3,10.71));
#19197=CARTESIAN_POINT('',(6.80000000000004,0.3,10.71));
#19198=CARTESIAN_POINT('',(3.85000000000004,0.3,10.71));
#19199=CARTESIAN_POINT('',(3.85000000000004,0.3,10.71));
#19200=CARTESIAN_POINT('',(3.85000000000004,0.3,10.71));
#19201=CARTESIAN_POINT('Origin',(6.80000000000004,5.05,10.71));
#19202=CARTESIAN_POINT('',(6.80000000000004,5.05,10.71));
#19203=CARTESIAN_POINT('',(6.80000000000004,5.05,10.71));
#19204=CARTESIAN_POINT('',(6.80000000000004,5.05,10.71));
#19205=CARTESIAN_POINT('Origin',(3.85000000000004,5.05,10.71));
#19206=CARTESIAN_POINT('',(3.85000000000004,5.05,10.71));
#19207=CARTESIAN_POINT('',(3.85000000000004,5.05,10.71));
#19208=CARTESIAN_POINT('',(3.85000000000004,5.05,10.71));
#19209=CARTESIAN_POINT('Origin',(3.85000000000004,5.05,10.71));
#19210=CARTESIAN_POINT('',(3.85000000000004,5.05,10.71));
#19211=CARTESIAN_POINT('Origin',(0.,0.,10.71));
#19212=CARTESIAN_POINT('Origin',(7.40000000000005,0.3,10.71));
#19213=CARTESIAN_POINT('',(10.35,0.3,10.71));
#19214=CARTESIAN_POINT('',(10.35,0.3,10.71));
#19215=CARTESIAN_POINT('',(7.40000000000005,0.3,10.71));
#19216=CARTESIAN_POINT('',(7.40000000000005,0.3,10.71));
#19217=CARTESIAN_POINT('',(7.40000000000005,0.3,10.71));
#19218=CARTESIAN_POINT('Origin',(10.35,5.05,10.71));
#19219=CARTESIAN_POINT('',(10.35,5.05,10.71));
#19220=CARTESIAN_POINT('',(10.35,5.05,10.71));
#19221=CARTESIAN_POINT('',(10.35,5.05,10.71));
#19222=CARTESIAN_POINT('Origin',(7.40000000000005,5.05,10.71));
#19223=CARTESIAN_POINT('',(7.40000000000005,5.05,10.71));
#19224=CARTESIAN_POINT('',(7.40000000000005,5.05,10.71));
#19225=CARTESIAN_POINT('',(7.40000000000005,5.05,10.71));
#19226=CARTESIAN_POINT('Origin',(7.40000000000005,5.05,10.71));
#19227=CARTESIAN_POINT('',(7.40000000000005,5.05,10.71));
#19228=CARTESIAN_POINT('Origin',(0.,0.,10.71));
#19229=CARTESIAN_POINT('Origin',(10.95,0.3,10.71));
#19230=CARTESIAN_POINT('',(13.9,0.3,10.71));
#19231=CARTESIAN_POINT('',(13.9,0.3,10.71));
#19232=CARTESIAN_POINT('',(10.95,0.3,10.71));
#19233=CARTESIAN_POINT('',(10.95,0.3,10.71));
#19234=CARTESIAN_POINT('',(10.95,0.3,10.71));
#19235=CARTESIAN_POINT('Origin',(13.9,5.05,10.71));
#19236=CARTESIAN_POINT('',(13.9,5.05,10.71));
#19237=CARTESIAN_POINT('',(13.9,5.05,10.71));
#19238=CARTESIAN_POINT('',(13.9,5.05,10.71));
#19239=CARTESIAN_POINT('Origin',(10.95,5.05,10.71));
#19240=CARTESIAN_POINT('',(10.95,5.05,10.71));
#19241=CARTESIAN_POINT('',(10.95,5.05,10.71));
#19242=CARTESIAN_POINT('',(10.95,5.05,10.71));
#19243=CARTESIAN_POINT('Origin',(10.95,5.05,10.71));
#19244=CARTESIAN_POINT('',(10.95,5.05,10.71));
#19245=CARTESIAN_POINT('Origin',(0.,0.,10.71));
#19246=CARTESIAN_POINT('Origin',(14.5,0.3,10.71));
#19247=CARTESIAN_POINT('',(17.45,0.3,10.71));
#19248=CARTESIAN_POINT('',(17.45,0.3,10.71));
#19249=CARTESIAN_POINT('',(14.5,0.3,10.71));
#19250=CARTESIAN_POINT('',(14.5,0.3,10.71));
#19251=CARTESIAN_POINT('',(14.5,0.3,10.71));
#19252=CARTESIAN_POINT('Origin',(17.45,5.05,10.71));
#19253=CARTESIAN_POINT('',(17.45,5.05,10.71));
#19254=CARTESIAN_POINT('',(17.45,5.05,10.71));
#19255=CARTESIAN_POINT('',(17.45,5.05,10.71));
#19256=CARTESIAN_POINT('Origin',(14.5,5.05,10.71));
#19257=CARTESIAN_POINT('',(14.5,5.05,10.71));
#19258=CARTESIAN_POINT('',(14.5,5.05,10.71));
#19259=CARTESIAN_POINT('',(14.5,5.05,10.71));
#19260=CARTESIAN_POINT('Origin',(14.5,5.05,10.71));
#19261=CARTESIAN_POINT('',(14.5,5.05,10.71));
#19262=CARTESIAN_POINT('Origin',(0.,0.,10.71));
#19263=CARTESIAN_POINT('Origin',(18.05,0.3,10.71));
#19264=CARTESIAN_POINT('',(21.,0.3,10.71));
#19265=CARTESIAN_POINT('',(21.,0.3,10.71));
#19266=CARTESIAN_POINT('',(18.05,0.3,10.71));
#19267=CARTESIAN_POINT('',(18.05,0.3,10.71));
#19268=CARTESIAN_POINT('',(18.05,0.3,10.71));
#19269=CARTESIAN_POINT('Origin',(21.,5.05,10.71));
#19270=CARTESIAN_POINT('',(21.,5.05,10.71));
#19271=CARTESIAN_POINT('',(21.,5.05,10.71));
#19272=CARTESIAN_POINT('',(21.,5.05,10.71));
#19273=CARTESIAN_POINT('Origin',(18.05,5.05,10.71));
#19274=CARTESIAN_POINT('',(18.05,5.05,10.71));
#19275=CARTESIAN_POINT('',(18.05,5.05,10.71));
#19276=CARTESIAN_POINT('',(18.05,5.05,10.71));
#19277=CARTESIAN_POINT('Origin',(18.05,5.05,10.71));
#19278=CARTESIAN_POINT('',(18.05,5.05,10.71));
#19279=CARTESIAN_POINT('Origin',(0.,0.,10.71));
#19280=CARTESIAN_POINT('Origin',(21.6,0.3,10.71));
#19281=CARTESIAN_POINT('',(24.55,0.3,10.71));
#19282=CARTESIAN_POINT('',(24.55,0.3,10.71));
#19283=CARTESIAN_POINT('',(21.6,0.3,10.71));
#19284=CARTESIAN_POINT('',(21.6,0.3,10.71));
#19285=CARTESIAN_POINT('',(21.6,0.3,10.71));
#19286=CARTESIAN_POINT('Origin',(24.55,5.05,10.71));
#19287=CARTESIAN_POINT('',(24.55,5.05,10.71));
#19288=CARTESIAN_POINT('',(24.55,5.05,10.71));
#19289=CARTESIAN_POINT('',(24.55,5.05,10.71));
#19290=CARTESIAN_POINT('Origin',(21.6,5.05,10.71));
#19291=CARTESIAN_POINT('',(21.6,5.05,10.71));
#19292=CARTESIAN_POINT('',(21.6,5.05,10.71));
#19293=CARTESIAN_POINT('',(21.6,5.05,10.71));
#19294=CARTESIAN_POINT('Origin',(21.6,5.05,10.71));
#19295=CARTESIAN_POINT('',(21.6,5.05,10.71));
#19296=CARTESIAN_POINT('Origin',(0.,0.,10.71));
#19297=CARTESIAN_POINT('Origin',(25.15,0.3,10.71));
#19298=CARTESIAN_POINT('',(28.1,0.3,10.71));
#19299=CARTESIAN_POINT('',(28.1,0.3,10.71));
#19300=CARTESIAN_POINT('',(25.15,0.3,10.71));
#19301=CARTESIAN_POINT('',(25.15,0.3,10.71));
#19302=CARTESIAN_POINT('',(25.15,0.3,10.71));
#19303=CARTESIAN_POINT('Origin',(28.1,5.05,10.71));
#19304=CARTESIAN_POINT('',(28.1,5.05,10.71));
#19305=CARTESIAN_POINT('',(28.1,5.05,10.71));
#19306=CARTESIAN_POINT('',(28.1,5.05,10.71));
#19307=CARTESIAN_POINT('Origin',(25.15,5.05,10.71));
#19308=CARTESIAN_POINT('',(25.15,5.05,10.71));
#19309=CARTESIAN_POINT('',(25.15,5.05,10.71));
#19310=CARTESIAN_POINT('',(25.15,5.05,10.71));
#19311=CARTESIAN_POINT('Origin',(25.15,5.05,10.71));
#19312=CARTESIAN_POINT('',(25.15,5.05,10.71));
#19313=CARTESIAN_POINT('Origin',(0.,0.,10.71));
#19314=CARTESIAN_POINT('Origin',(28.7,0.3,10.71));
#19315=CARTESIAN_POINT('',(31.65,0.3,10.71));
#19316=CARTESIAN_POINT('',(31.65,0.3,10.71));
#19317=CARTESIAN_POINT('',(28.7,0.3,10.71));
#19318=CARTESIAN_POINT('',(28.7,0.3,10.71));
#19319=CARTESIAN_POINT('',(28.7,0.3,10.71));
#19320=CARTESIAN_POINT('Origin',(31.65,5.05,10.71));
#19321=CARTESIAN_POINT('',(31.65,5.05,10.71));
#19322=CARTESIAN_POINT('',(31.65,5.05,10.71));
#19323=CARTESIAN_POINT('',(31.65,5.05,10.71));
#19324=CARTESIAN_POINT('Origin',(28.7,5.05,10.71));
#19325=CARTESIAN_POINT('',(28.7,5.05,10.71));
#19326=CARTESIAN_POINT('',(28.7,5.05,10.71));
#19327=CARTESIAN_POINT('',(28.7,5.05,10.71));
#19328=CARTESIAN_POINT('Origin',(28.7,5.05,10.71));
#19329=CARTESIAN_POINT('',(28.7,5.05,10.71));
#19330=CARTESIAN_POINT('Origin',(0.,0.,10.71));
#19331=CARTESIAN_POINT('Origin',(32.25,0.3,10.71));
#19332=CARTESIAN_POINT('',(35.2,0.3,10.71));
#19333=CARTESIAN_POINT('',(35.2,0.3,10.71));
#19334=CARTESIAN_POINT('',(32.25,0.3,10.71));
#19335=CARTESIAN_POINT('',(32.25,0.3,10.71));
#19336=CARTESIAN_POINT('',(32.25,0.3,10.71));
#19337=CARTESIAN_POINT('Origin',(35.2,5.05,10.71));
#19338=CARTESIAN_POINT('',(35.2,5.05,10.71));
#19339=CARTESIAN_POINT('',(35.2,5.05,10.71));
#19340=CARTESIAN_POINT('',(35.2,5.05,10.71));
#19341=CARTESIAN_POINT('Origin',(32.25,5.05,10.71));
#19342=CARTESIAN_POINT('',(32.25,5.05,10.71));
#19343=CARTESIAN_POINT('',(32.25,5.05,10.71));
#19344=CARTESIAN_POINT('',(32.25,5.05,10.71));
#19345=CARTESIAN_POINT('Origin',(32.25,5.05,10.71));
#19346=CARTESIAN_POINT('',(32.25,5.05,10.71));
#19347=CARTESIAN_POINT('Origin',(0.,0.,10.71));
#19348=CARTESIAN_POINT('Origin',(-31.6499999999999,-5.05,10.71));
#19349=CARTESIAN_POINT('',(-28.6999999999999,-5.05,10.71));
#19350=CARTESIAN_POINT('',(-28.6999999999999,-5.05,10.71));
#19351=CARTESIAN_POINT('',(-31.6499999999999,-5.05,10.71));
#19352=CARTESIAN_POINT('',(-31.6499999999999,-5.05,10.71));
#19353=CARTESIAN_POINT('',(-31.6499999999999,-5.05,10.71));
#19354=CARTESIAN_POINT('Origin',(-28.6999999999999,-0.3,10.71));
#19355=CARTESIAN_POINT('',(-28.6999999999999,-0.3,10.71));
#19356=CARTESIAN_POINT('',(-28.6999999999999,-0.3,10.71));
#19357=CARTESIAN_POINT('',(-28.6999999999999,-0.3,10.71));
#19358=CARTESIAN_POINT('Origin',(-31.6499999999999,-0.3,10.71));
#19359=CARTESIAN_POINT('',(-31.6499999999999,-0.3,10.71));
#19360=CARTESIAN_POINT('',(-31.6499999999999,-0.3,10.71));
#19361=CARTESIAN_POINT('',(-31.6499999999999,-0.3,10.71));
#19362=CARTESIAN_POINT('Origin',(-31.6499999999999,-0.3,10.71));
#19363=CARTESIAN_POINT('',(-31.6499999999999,-0.3,10.71));
#19364=CARTESIAN_POINT('Origin',(0.,0.,10.71));
#19365=CARTESIAN_POINT('Origin',(-28.0999999999999,-5.05,10.71));
#19366=CARTESIAN_POINT('',(-25.1499999999999,-5.05,10.71));
#19367=CARTESIAN_POINT('',(-25.1499999999999,-5.05,10.71));
#19368=CARTESIAN_POINT('',(-28.0999999999999,-5.05,10.71));
#19369=CARTESIAN_POINT('',(-28.0999999999999,-5.05,10.71));
#19370=CARTESIAN_POINT('',(-28.0999999999999,-5.05,10.71));
#19371=CARTESIAN_POINT('Origin',(-25.1499999999999,-0.3,10.71));
#19372=CARTESIAN_POINT('',(-25.1499999999999,-0.3,10.71));
#19373=CARTESIAN_POINT('',(-25.1499999999999,-0.3,10.71));
#19374=CARTESIAN_POINT('',(-25.1499999999999,-0.3,10.71));
#19375=CARTESIAN_POINT('Origin',(-28.0999999999999,-0.3,10.71));
#19376=CARTESIAN_POINT('',(-28.0999999999999,-0.3,10.71));
#19377=CARTESIAN_POINT('',(-28.0999999999999,-0.3,10.71));
#19378=CARTESIAN_POINT('',(-28.0999999999999,-0.3,10.71));
#19379=CARTESIAN_POINT('Origin',(-28.0999999999999,-0.3,10.71));
#19380=CARTESIAN_POINT('',(-28.0999999999999,-0.3,10.71));
#19381=CARTESIAN_POINT('Origin',(0.,0.,10.71));
#19382=CARTESIAN_POINT('Origin',(-24.5499999999999,-5.05,10.71));
#19383=CARTESIAN_POINT('',(-21.5999999999999,-5.05,10.71));
#19384=CARTESIAN_POINT('',(-21.5999999999999,-5.05,10.71));
#19385=CARTESIAN_POINT('',(-24.5499999999999,-5.05,10.71));
#19386=CARTESIAN_POINT('',(-24.5499999999999,-5.05,10.71));
#19387=CARTESIAN_POINT('',(-24.5499999999999,-5.05,10.71));
#19388=CARTESIAN_POINT('Origin',(-21.5999999999999,-0.3,10.71));
#19389=CARTESIAN_POINT('',(-21.5999999999999,-0.3,10.71));
#19390=CARTESIAN_POINT('',(-21.5999999999999,-0.3,10.71));
#19391=CARTESIAN_POINT('',(-21.5999999999999,-0.3,10.71));
#19392=CARTESIAN_POINT('Origin',(-24.5499999999999,-0.3,10.71));
#19393=CARTESIAN_POINT('',(-24.5499999999999,-0.3,10.71));
#19394=CARTESIAN_POINT('',(-24.5499999999999,-0.3,10.71));
#19395=CARTESIAN_POINT('',(-24.5499999999999,-0.3,10.71));
#19396=CARTESIAN_POINT('Origin',(-24.5499999999999,-0.3,10.71));
#19397=CARTESIAN_POINT('',(-24.5499999999999,-0.3,10.71));
#19398=CARTESIAN_POINT('Origin',(0.,0.,10.71));
#19399=CARTESIAN_POINT('Origin',(-20.9999999999999,-5.05,10.71));
#19400=CARTESIAN_POINT('',(-18.0499999999999,-5.05,10.71));
#19401=CARTESIAN_POINT('',(-18.0499999999999,-5.05,10.71));
#19402=CARTESIAN_POINT('',(-20.9999999999999,-5.05,10.71));
#19403=CARTESIAN_POINT('',(-20.9999999999999,-5.05,10.71));
#19404=CARTESIAN_POINT('',(-20.9999999999999,-5.05,10.71));
#19405=CARTESIAN_POINT('Origin',(-18.0499999999999,-0.3,10.71));
#19406=CARTESIAN_POINT('',(-18.0499999999999,-0.3,10.71));
#19407=CARTESIAN_POINT('',(-18.0499999999999,-0.3,10.71));
#19408=CARTESIAN_POINT('',(-18.0499999999999,-0.3,10.71));
#19409=CARTESIAN_POINT('Origin',(-20.9999999999999,-0.3,10.71));
#19410=CARTESIAN_POINT('',(-20.9999999999999,-0.3,10.71));
#19411=CARTESIAN_POINT('',(-20.9999999999999,-0.3,10.71));
#19412=CARTESIAN_POINT('',(-20.9999999999999,-0.3,10.71));
#19413=CARTESIAN_POINT('Origin',(-20.9999999999999,-0.3,10.71));
#19414=CARTESIAN_POINT('',(-20.9999999999999,-0.3,10.71));
#19415=CARTESIAN_POINT('Origin',(0.,0.,10.71));
#19416=CARTESIAN_POINT('Origin',(-17.4499999999999,-5.05,10.71));
#19417=CARTESIAN_POINT('',(-14.4999999999999,-5.05,10.71));
#19418=CARTESIAN_POINT('',(-14.4999999999999,-5.05,10.71));
#19419=CARTESIAN_POINT('',(-17.4499999999999,-5.05,10.71));
#19420=CARTESIAN_POINT('',(-17.4499999999999,-5.05,10.71));
#19421=CARTESIAN_POINT('',(-17.4499999999999,-5.05,10.71));
#19422=CARTESIAN_POINT('Origin',(-14.4999999999999,-0.3,10.71));
#19423=CARTESIAN_POINT('',(-14.4999999999999,-0.3,10.71));
#19424=CARTESIAN_POINT('',(-14.4999999999999,-0.3,10.71));
#19425=CARTESIAN_POINT('',(-14.4999999999999,-0.3,10.71));
#19426=CARTESIAN_POINT('Origin',(-17.4499999999999,-0.3,10.71));
#19427=CARTESIAN_POINT('',(-17.4499999999999,-0.3,10.71));
#19428=CARTESIAN_POINT('',(-17.4499999999999,-0.3,10.71));
#19429=CARTESIAN_POINT('',(-17.4499999999999,-0.3,10.71));
#19430=CARTESIAN_POINT('Origin',(-17.4499999999999,-0.3,10.71));
#19431=CARTESIAN_POINT('',(-17.4499999999999,-0.3,10.71));
#19432=CARTESIAN_POINT('Origin',(0.,0.,10.71));
#19433=CARTESIAN_POINT('Origin',(-13.8999999999999,-5.05,10.71));
#19434=CARTESIAN_POINT('',(-10.9499999999999,-5.05,10.71));
#19435=CARTESIAN_POINT('',(-10.9499999999999,-5.05,10.71));
#19436=CARTESIAN_POINT('',(-13.8999999999999,-5.05,10.71));
#19437=CARTESIAN_POINT('',(-13.8999999999999,-5.05,10.71));
#19438=CARTESIAN_POINT('',(-13.8999999999999,-5.05,10.71));
#19439=CARTESIAN_POINT('Origin',(-10.9499999999999,-0.3,10.71));
#19440=CARTESIAN_POINT('',(-10.9499999999999,-0.3,10.71));
#19441=CARTESIAN_POINT('',(-10.9499999999999,-0.3,10.71));
#19442=CARTESIAN_POINT('',(-10.9499999999999,-0.3,10.71));
#19443=CARTESIAN_POINT('Origin',(-13.8999999999999,-0.3,10.71));
#19444=CARTESIAN_POINT('',(-13.8999999999999,-0.3,10.71));
#19445=CARTESIAN_POINT('',(-13.8999999999999,-0.3,10.71));
#19446=CARTESIAN_POINT('',(-13.8999999999999,-0.3,10.71));
#19447=CARTESIAN_POINT('Origin',(-13.8999999999999,-0.3,10.71));
#19448=CARTESIAN_POINT('',(-13.8999999999999,-0.3,10.71));
#19449=CARTESIAN_POINT('Origin',(0.,0.,10.71));
#19450=CARTESIAN_POINT('Origin',(-10.3499999999999,-5.05,10.71));
#19451=CARTESIAN_POINT('',(-7.3999999999999,-5.05,10.71));
#19452=CARTESIAN_POINT('',(-7.3999999999999,-5.05,10.71));
#19453=CARTESIAN_POINT('',(-10.3499999999999,-5.05,10.71));
#19454=CARTESIAN_POINT('',(-10.3499999999999,-5.05,10.71));
#19455=CARTESIAN_POINT('',(-10.3499999999999,-5.05,10.71));
#19456=CARTESIAN_POINT('Origin',(-7.3999999999999,-0.3,10.71));
#19457=CARTESIAN_POINT('',(-7.3999999999999,-0.3,10.71));
#19458=CARTESIAN_POINT('',(-7.3999999999999,-0.3,10.71));
#19459=CARTESIAN_POINT('',(-7.3999999999999,-0.3,10.71));
#19460=CARTESIAN_POINT('Origin',(-10.3499999999999,-0.3,10.71));
#19461=CARTESIAN_POINT('',(-10.3499999999999,-0.3,10.71));
#19462=CARTESIAN_POINT('',(-10.3499999999999,-0.3,10.71));
#19463=CARTESIAN_POINT('',(-10.3499999999999,-0.3,10.71));
#19464=CARTESIAN_POINT('Origin',(-10.3499999999999,-0.3,10.71));
#19465=CARTESIAN_POINT('',(-10.3499999999999,-0.3,10.71));
#19466=CARTESIAN_POINT('Origin',(0.,0.,10.71));
#19467=CARTESIAN_POINT('Origin',(-6.7999999999999,-5.05,10.71));
#19468=CARTESIAN_POINT('',(-3.8499999999999,-5.05,10.71));
#19469=CARTESIAN_POINT('',(-3.8499999999999,-5.05,10.71));
#19470=CARTESIAN_POINT('',(-6.7999999999999,-5.05,10.71));
#19471=CARTESIAN_POINT('',(-6.7999999999999,-5.05,10.71));
#19472=CARTESIAN_POINT('',(-6.7999999999999,-5.05,10.71));
#19473=CARTESIAN_POINT('Origin',(-3.8499999999999,-0.3,10.71));
#19474=CARTESIAN_POINT('',(-3.8499999999999,-0.3,10.71));
#19475=CARTESIAN_POINT('',(-3.8499999999999,-0.3,10.71));
#19476=CARTESIAN_POINT('',(-3.8499999999999,-0.3,10.71));
#19477=CARTESIAN_POINT('Origin',(-6.7999999999999,-0.3,10.71));
#19478=CARTESIAN_POINT('',(-6.7999999999999,-0.3,10.71));
#19479=CARTESIAN_POINT('',(-6.7999999999999,-0.3,10.71));
#19480=CARTESIAN_POINT('',(-6.7999999999999,-0.3,10.71));
#19481=CARTESIAN_POINT('Origin',(-6.7999999999999,-0.3,10.71));
#19482=CARTESIAN_POINT('',(-6.7999999999999,-0.3,10.71));
#19483=CARTESIAN_POINT('Origin',(0.,0.,10.71));
#19484=CARTESIAN_POINT('Origin',(-3.2499999999999,-5.05,10.71));
#19485=CARTESIAN_POINT('',(-0.299999999999898,-5.05,10.71));
#19486=CARTESIAN_POINT('',(-0.299999999999898,-5.05,10.71));
#19487=CARTESIAN_POINT('',(-3.2499999999999,-5.05,10.71));
#19488=CARTESIAN_POINT('',(-3.2499999999999,-5.05,10.71));
#19489=CARTESIAN_POINT('',(-3.2499999999999,-5.05,10.71));
#19490=CARTESIAN_POINT('Origin',(-0.299999999999898,-0.3,10.71));
#19491=CARTESIAN_POINT('',(-0.299999999999898,-0.3,10.71));
#19492=CARTESIAN_POINT('',(-0.299999999999898,-0.3,10.71));
#19493=CARTESIAN_POINT('',(-0.299999999999898,-0.3,10.71));
#19494=CARTESIAN_POINT('Origin',(-3.2499999999999,-0.3,10.71));
#19495=CARTESIAN_POINT('',(-3.2499999999999,-0.3,10.71));
#19496=CARTESIAN_POINT('',(-3.2499999999999,-0.3,10.71));
#19497=CARTESIAN_POINT('',(-3.2499999999999,-0.3,10.71));
#19498=CARTESIAN_POINT('Origin',(-3.2499999999999,-0.3,10.71));
#19499=CARTESIAN_POINT('',(-3.2499999999999,-0.3,10.71));
#19500=CARTESIAN_POINT('Origin',(0.,0.,10.71));
#19501=CARTESIAN_POINT('Origin',(0.300000000000099,-5.05,10.71));
#19502=CARTESIAN_POINT('',(3.2500000000001,-5.05,10.71));
#19503=CARTESIAN_POINT('',(3.2500000000001,-5.05,10.71));
#19504=CARTESIAN_POINT('',(0.300000000000099,-5.05,10.71));
#19505=CARTESIAN_POINT('',(0.300000000000099,-5.05,10.71));
#19506=CARTESIAN_POINT('',(0.300000000000099,-5.05,10.71));
#19507=CARTESIAN_POINT('Origin',(3.2500000000001,-0.3,10.71));
#19508=CARTESIAN_POINT('',(3.2500000000001,-0.3,10.71));
#19509=CARTESIAN_POINT('',(3.2500000000001,-0.3,10.71));
#19510=CARTESIAN_POINT('',(3.2500000000001,-0.3,10.71));
#19511=CARTESIAN_POINT('Origin',(0.300000000000099,-0.3,10.71));
#19512=CARTESIAN_POINT('',(0.300000000000099,-0.3,10.71));
#19513=CARTESIAN_POINT('',(0.300000000000099,-0.3,10.71));
#19514=CARTESIAN_POINT('',(0.300000000000099,-0.3,10.71));
#19515=CARTESIAN_POINT('Origin',(0.300000000000099,-0.3,10.71));
#19516=CARTESIAN_POINT('',(0.300000000000099,-0.3,10.71));
#19517=CARTESIAN_POINT('Origin',(0.,0.,10.71));
#19518=CARTESIAN_POINT('Origin',(3.8500000000001,-5.05,10.71));
#19519=CARTESIAN_POINT('',(6.8000000000001,-5.05,10.71));
#19520=CARTESIAN_POINT('',(6.8000000000001,-5.05,10.71));
#19521=CARTESIAN_POINT('',(3.8500000000001,-5.05,10.71));
#19522=CARTESIAN_POINT('',(3.8500000000001,-5.05,10.71));
#19523=CARTESIAN_POINT('',(3.8500000000001,-5.05,10.71));
#19524=CARTESIAN_POINT('Origin',(6.8000000000001,-0.3,10.71));
#19525=CARTESIAN_POINT('',(6.8000000000001,-0.3,10.71));
#19526=CARTESIAN_POINT('',(6.8000000000001,-0.3,10.71));
#19527=CARTESIAN_POINT('',(6.8000000000001,-0.3,10.71));
#19528=CARTESIAN_POINT('Origin',(3.8500000000001,-0.3,10.71));
#19529=CARTESIAN_POINT('',(3.8500000000001,-0.3,10.71));
#19530=CARTESIAN_POINT('',(3.8500000000001,-0.3,10.71));
#19531=CARTESIAN_POINT('',(3.8500000000001,-0.3,10.71));
#19532=CARTESIAN_POINT('Origin',(3.8500000000001,-0.3,10.71));
#19533=CARTESIAN_POINT('',(3.8500000000001,-0.3,10.71));
#19534=CARTESIAN_POINT('Origin',(0.,0.,10.71));
#19535=CARTESIAN_POINT('Origin',(7.4000000000001,-5.05,10.71));
#19536=CARTESIAN_POINT('',(10.3500000000001,-5.05,10.71));
#19537=CARTESIAN_POINT('',(10.3500000000001,-5.05,10.71));
#19538=CARTESIAN_POINT('',(7.4000000000001,-5.05,10.71));
#19539=CARTESIAN_POINT('',(7.4000000000001,-5.05,10.71));
#19540=CARTESIAN_POINT('',(7.4000000000001,-5.05,10.71));
#19541=CARTESIAN_POINT('Origin',(10.3500000000001,-0.3,10.71));
#19542=CARTESIAN_POINT('',(10.3500000000001,-0.3,10.71));
#19543=CARTESIAN_POINT('',(10.3500000000001,-0.3,10.71));
#19544=CARTESIAN_POINT('',(10.3500000000001,-0.3,10.71));
#19545=CARTESIAN_POINT('Origin',(7.4000000000001,-0.3,10.71));
#19546=CARTESIAN_POINT('',(7.4000000000001,-0.3,10.71));
#19547=CARTESIAN_POINT('',(7.4000000000001,-0.3,10.71));
#19548=CARTESIAN_POINT('',(7.4000000000001,-0.3,10.71));
#19549=CARTESIAN_POINT('Origin',(7.4000000000001,-0.3,10.71));
#19550=CARTESIAN_POINT('',(7.4000000000001,-0.3,10.71));
#19551=CARTESIAN_POINT('Origin',(0.,0.,10.71));
#19552=CARTESIAN_POINT('Origin',(10.9500000000001,-5.05,10.71));
#19553=CARTESIAN_POINT('',(13.9000000000001,-5.05,10.71));
#19554=CARTESIAN_POINT('',(13.9000000000001,-5.05,10.71));
#19555=CARTESIAN_POINT('',(10.9500000000001,-5.05,10.71));
#19556=CARTESIAN_POINT('',(10.9500000000001,-5.05,10.71));
#19557=CARTESIAN_POINT('',(10.9500000000001,-5.05,10.71));
#19558=CARTESIAN_POINT('Origin',(13.9000000000001,-0.3,10.71));
#19559=CARTESIAN_POINT('',(13.9000000000001,-0.3,10.71));
#19560=CARTESIAN_POINT('',(13.9000000000001,-0.3,10.71));
#19561=CARTESIAN_POINT('',(13.9000000000001,-0.3,10.71));
#19562=CARTESIAN_POINT('Origin',(10.9500000000001,-0.3,10.71));
#19563=CARTESIAN_POINT('',(10.9500000000001,-0.3,10.71));
#19564=CARTESIAN_POINT('',(10.9500000000001,-0.3,10.71));
#19565=CARTESIAN_POINT('',(10.9500000000001,-0.3,10.71));
#19566=CARTESIAN_POINT('Origin',(10.9500000000001,-0.3,10.71));
#19567=CARTESIAN_POINT('',(10.9500000000001,-0.3,10.71));
#19568=CARTESIAN_POINT('Origin',(0.,0.,10.71));
#19569=CARTESIAN_POINT('Origin',(14.5000000000001,-5.05,10.71));
#19570=CARTESIAN_POINT('',(17.4500000000001,-5.05,10.71));
#19571=CARTESIAN_POINT('',(17.4500000000001,-5.05,10.71));
#19572=CARTESIAN_POINT('',(14.5000000000001,-5.05,10.71));
#19573=CARTESIAN_POINT('',(14.5000000000001,-5.05,10.71));
#19574=CARTESIAN_POINT('',(14.5000000000001,-5.05,10.71));
#19575=CARTESIAN_POINT('Origin',(17.4500000000001,-0.3,10.71));
#19576=CARTESIAN_POINT('',(17.4500000000001,-0.3,10.71));
#19577=CARTESIAN_POINT('',(17.4500000000001,-0.3,10.71));
#19578=CARTESIAN_POINT('',(17.4500000000001,-0.3,10.71));
#19579=CARTESIAN_POINT('Origin',(14.5000000000001,-0.3,10.71));
#19580=CARTESIAN_POINT('',(14.5000000000001,-0.3,10.71));
#19581=CARTESIAN_POINT('',(14.5000000000001,-0.3,10.71));
#19582=CARTESIAN_POINT('',(14.5000000000001,-0.3,10.71));
#19583=CARTESIAN_POINT('Origin',(14.5000000000001,-0.3,10.71));
#19584=CARTESIAN_POINT('',(14.5000000000001,-0.3,10.71));
#19585=CARTESIAN_POINT('Origin',(0.,0.,10.71));
#19586=CARTESIAN_POINT('Origin',(18.0500000000001,-5.05,10.71));
#19587=CARTESIAN_POINT('',(21.0000000000001,-5.05,10.71));
#19588=CARTESIAN_POINT('',(21.0000000000001,-5.05,10.71));
#19589=CARTESIAN_POINT('',(18.0500000000001,-5.05,10.71));
#19590=CARTESIAN_POINT('',(18.0500000000001,-5.05,10.71));
#19591=CARTESIAN_POINT('',(18.0500000000001,-5.05,10.71));
#19592=CARTESIAN_POINT('Origin',(21.0000000000001,-0.3,10.71));
#19593=CARTESIAN_POINT('',(21.0000000000001,-0.3,10.71));
#19594=CARTESIAN_POINT('',(21.0000000000001,-0.3,10.71));
#19595=CARTESIAN_POINT('',(21.0000000000001,-0.3,10.71));
#19596=CARTESIAN_POINT('Origin',(18.0500000000001,-0.3,10.71));
#19597=CARTESIAN_POINT('',(18.0500000000001,-0.3,10.71));
#19598=CARTESIAN_POINT('',(18.0500000000001,-0.3,10.71));
#19599=CARTESIAN_POINT('',(18.0500000000001,-0.3,10.71));
#19600=CARTESIAN_POINT('Origin',(18.0500000000001,-0.3,10.71));
#19601=CARTESIAN_POINT('',(18.0500000000001,-0.3,10.71));
#19602=CARTESIAN_POINT('Origin',(0.,0.,10.71));
#19603=CARTESIAN_POINT('Origin',(21.6000000000001,-5.05,10.71));
#19604=CARTESIAN_POINT('',(24.5500000000001,-5.05,10.71));
#19605=CARTESIAN_POINT('',(24.5500000000001,-5.05,10.71));
#19606=CARTESIAN_POINT('',(21.6000000000001,-5.05,10.71));
#19607=CARTESIAN_POINT('',(21.6000000000001,-5.05,10.71));
#19608=CARTESIAN_POINT('',(21.6000000000001,-5.05,10.71));
#19609=CARTESIAN_POINT('Origin',(24.5500000000001,-0.3,10.71));
#19610=CARTESIAN_POINT('',(24.5500000000001,-0.3,10.71));
#19611=CARTESIAN_POINT('',(24.5500000000001,-0.3,10.71));
#19612=CARTESIAN_POINT('',(24.5500000000001,-0.3,10.71));
#19613=CARTESIAN_POINT('Origin',(21.6000000000001,-0.3,10.71));
#19614=CARTESIAN_POINT('',(21.6000000000001,-0.3,10.71));
#19615=CARTESIAN_POINT('',(21.6000000000001,-0.3,10.71));
#19616=CARTESIAN_POINT('',(21.6000000000001,-0.3,10.71));
#19617=CARTESIAN_POINT('Origin',(21.6000000000001,-0.3,10.71));
#19618=CARTESIAN_POINT('',(21.6000000000001,-0.3,10.71));
#19619=CARTESIAN_POINT('Origin',(0.,0.,10.71));
#19620=CARTESIAN_POINT('Origin',(25.1500000000001,-5.05,10.71));
#19621=CARTESIAN_POINT('',(28.1000000000001,-5.05,10.71));
#19622=CARTESIAN_POINT('',(28.1000000000001,-5.05,10.71));
#19623=CARTESIAN_POINT('',(25.1500000000001,-5.05,10.71));
#19624=CARTESIAN_POINT('',(25.1500000000001,-5.05,10.71));
#19625=CARTESIAN_POINT('',(25.1500000000001,-5.05,10.71));
#19626=CARTESIAN_POINT('Origin',(28.1000000000001,-0.3,10.71));
#19627=CARTESIAN_POINT('',(28.1000000000001,-0.3,10.71));
#19628=CARTESIAN_POINT('',(28.1000000000001,-0.3,10.71));
#19629=CARTESIAN_POINT('',(28.1000000000001,-0.3,10.71));
#19630=CARTESIAN_POINT('Origin',(25.1500000000001,-0.3,10.71));
#19631=CARTESIAN_POINT('',(25.1500000000001,-0.3,10.71));
#19632=CARTESIAN_POINT('',(25.1500000000001,-0.3,10.71));
#19633=CARTESIAN_POINT('',(25.1500000000001,-0.3,10.71));
#19634=CARTESIAN_POINT('Origin',(25.1500000000001,-0.3,10.71));
#19635=CARTESIAN_POINT('',(25.1500000000001,-0.3,10.71));
#19636=CARTESIAN_POINT('Origin',(0.,0.,10.71));
#19637=CARTESIAN_POINT('Origin',(28.7000000000001,-5.05,10.71));
#19638=CARTESIAN_POINT('',(31.6500000000001,-5.05,10.71));
#19639=CARTESIAN_POINT('',(31.6500000000001,-5.05,10.71));
#19640=CARTESIAN_POINT('',(28.7000000000001,-5.05,10.71));
#19641=CARTESIAN_POINT('',(28.7000000000001,-5.05,10.71));
#19642=CARTESIAN_POINT('',(28.7000000000001,-5.05,10.71));
#19643=CARTESIAN_POINT('Origin',(31.6500000000001,-0.3,10.71));
#19644=CARTESIAN_POINT('',(31.6500000000001,-0.3,10.71));
#19645=CARTESIAN_POINT('',(31.6500000000001,-0.3,10.71));
#19646=CARTESIAN_POINT('',(31.6500000000001,-0.3,10.71));
#19647=CARTESIAN_POINT('Origin',(28.7000000000001,-0.3,10.71));
#19648=CARTESIAN_POINT('',(28.7000000000001,-0.3,10.71));
#19649=CARTESIAN_POINT('',(28.7000000000001,-0.3,10.71));
#19650=CARTESIAN_POINT('',(28.7000000000001,-0.3,10.71));
#19651=CARTESIAN_POINT('Origin',(28.7000000000001,-0.3,10.71));
#19652=CARTESIAN_POINT('',(28.7000000000001,-0.3,10.71));
#19653=CARTESIAN_POINT('Origin',(0.,0.,10.71));
#19654=CARTESIAN_POINT('Origin',(32.2500000000001,-5.05,10.71));
#19655=CARTESIAN_POINT('',(35.2000000000001,-5.05,10.71));
#19656=CARTESIAN_POINT('',(35.2000000000001,-5.05,10.71));
#19657=CARTESIAN_POINT('',(32.2500000000001,-5.05,10.71));
#19658=CARTESIAN_POINT('',(32.2500000000001,-5.05,10.71));
#19659=CARTESIAN_POINT('',(32.2500000000001,-5.05,10.71));
#19660=CARTESIAN_POINT('Origin',(35.2000000000001,-0.3,10.71));
#19661=CARTESIAN_POINT('',(35.2000000000001,-0.3,10.71));
#19662=CARTESIAN_POINT('',(35.2000000000001,-0.3,10.71));
#19663=CARTESIAN_POINT('',(35.2000000000001,-0.3,10.71));
#19664=CARTESIAN_POINT('Origin',(32.2500000000001,-0.3,10.71));
#19665=CARTESIAN_POINT('',(32.2500000000001,-0.3,10.71));
#19666=CARTESIAN_POINT('',(32.2500000000001,-0.3,10.71));
#19667=CARTESIAN_POINT('',(32.2500000000001,-0.3,10.71));
#19668=CARTESIAN_POINT('Origin',(32.2500000000001,-0.3,10.71));
#19669=CARTESIAN_POINT('',(32.2500000000001,-0.3,10.71));
#19670=CARTESIAN_POINT('Origin',(0.,0.,10.71));
#19671=CARTESIAN_POINT('Origin',(-31.6499999999998,-10.4,10.71));
#19672=CARTESIAN_POINT('',(-28.6999999999998,-10.4,10.71));
#19673=CARTESIAN_POINT('',(-28.6999999999998,-10.4,10.71));
#19674=CARTESIAN_POINT('',(-31.6499999999998,-10.4,10.71));
#19675=CARTESIAN_POINT('',(-31.6499999999998,-10.4,10.71));
#19676=CARTESIAN_POINT('',(-31.6499999999998,-10.4,10.71));
#19677=CARTESIAN_POINT('Origin',(-28.6999999999998,-5.65,10.71));
#19678=CARTESIAN_POINT('',(-28.6999999999998,-5.65,10.71));
#19679=CARTESIAN_POINT('',(-28.6999999999998,-5.65,10.71));
#19680=CARTESIAN_POINT('',(-28.6999999999998,-5.65,10.71));
#19681=CARTESIAN_POINT('Origin',(-31.6499999999998,-5.65,10.71));
#19682=CARTESIAN_POINT('',(-31.6499999999998,-5.65,10.71));
#19683=CARTESIAN_POINT('',(-31.6499999999998,-5.65,10.71));
#19684=CARTESIAN_POINT('',(-31.6499999999998,-5.65,10.71));
#19685=CARTESIAN_POINT('Origin',(-31.6499999999998,-5.65,10.71));
#19686=CARTESIAN_POINT('',(-31.6499999999998,-5.65,10.71));
#19687=CARTESIAN_POINT('Origin',(0.,0.,10.71));
#19688=CARTESIAN_POINT('Origin',(-28.0999999999998,-10.4,10.71));
#19689=CARTESIAN_POINT('',(-25.1499999999998,-10.4,10.71));
#19690=CARTESIAN_POINT('',(-25.1499999999998,-10.4,10.71));
#19691=CARTESIAN_POINT('',(-28.0999999999998,-10.4,10.71));
#19692=CARTESIAN_POINT('',(-28.0999999999998,-10.4,10.71));
#19693=CARTESIAN_POINT('',(-28.0999999999998,-10.4,10.71));
#19694=CARTESIAN_POINT('Origin',(-25.1499999999998,-5.65,10.71));
#19695=CARTESIAN_POINT('',(-25.1499999999998,-5.65,10.71));
#19696=CARTESIAN_POINT('',(-25.1499999999998,-5.65,10.71));
#19697=CARTESIAN_POINT('',(-25.1499999999998,-5.65,10.71));
#19698=CARTESIAN_POINT('Origin',(-28.0999999999998,-5.65,10.71));
#19699=CARTESIAN_POINT('',(-28.0999999999998,-5.65,10.71));
#19700=CARTESIAN_POINT('',(-28.0999999999998,-5.65,10.71));
#19701=CARTESIAN_POINT('',(-28.0999999999998,-5.65,10.71));
#19702=CARTESIAN_POINT('Origin',(-28.0999999999998,-5.65,10.71));
#19703=CARTESIAN_POINT('',(-28.0999999999998,-5.65,10.71));
#19704=CARTESIAN_POINT('Origin',(0.,0.,10.71));
#19705=CARTESIAN_POINT('Origin',(-24.5499999999998,-10.4,10.71));
#19706=CARTESIAN_POINT('',(-21.5999999999998,-10.4,10.71));
#19707=CARTESIAN_POINT('',(-21.5999999999998,-10.4,10.71));
#19708=CARTESIAN_POINT('',(-24.5499999999998,-10.4,10.71));
#19709=CARTESIAN_POINT('',(-24.5499999999998,-10.4,10.71));
#19710=CARTESIAN_POINT('',(-24.5499999999998,-10.4,10.71));
#19711=CARTESIAN_POINT('Origin',(-21.5999999999998,-5.65,10.71));
#19712=CARTESIAN_POINT('',(-21.5999999999998,-5.65,10.71));
#19713=CARTESIAN_POINT('',(-21.5999999999998,-5.65,10.71));
#19714=CARTESIAN_POINT('',(-21.5999999999998,-5.65,10.71));
#19715=CARTESIAN_POINT('Origin',(-24.5499999999998,-5.65,10.71));
#19716=CARTESIAN_POINT('',(-24.5499999999998,-5.65,10.71));
#19717=CARTESIAN_POINT('',(-24.5499999999998,-5.65,10.71));
#19718=CARTESIAN_POINT('',(-24.5499999999998,-5.65,10.71));
#19719=CARTESIAN_POINT('Origin',(-24.5499999999998,-5.65,10.71));
#19720=CARTESIAN_POINT('',(-24.5499999999998,-5.65,10.71));
#19721=CARTESIAN_POINT('Origin',(0.,0.,10.71));
#19722=CARTESIAN_POINT('Origin',(-20.9999999999998,-10.4,10.71));
#19723=CARTESIAN_POINT('',(-18.0499999999998,-10.4,10.71));
#19724=CARTESIAN_POINT('',(-18.0499999999998,-10.4,10.71));
#19725=CARTESIAN_POINT('',(-20.9999999999998,-10.4,10.71));
#19726=CARTESIAN_POINT('',(-20.9999999999998,-10.4,10.71));
#19727=CARTESIAN_POINT('',(-20.9999999999998,-10.4,10.71));
#19728=CARTESIAN_POINT('Origin',(-18.0499999999998,-5.65,10.71));
#19729=CARTESIAN_POINT('',(-18.0499999999998,-5.65,10.71));
#19730=CARTESIAN_POINT('',(-18.0499999999998,-5.65,10.71));
#19731=CARTESIAN_POINT('',(-18.0499999999998,-5.65,10.71));
#19732=CARTESIAN_POINT('Origin',(-20.9999999999998,-5.65,10.71));
#19733=CARTESIAN_POINT('',(-20.9999999999998,-5.65,10.71));
#19734=CARTESIAN_POINT('',(-20.9999999999998,-5.65,10.71));
#19735=CARTESIAN_POINT('',(-20.9999999999998,-5.65,10.71));
#19736=CARTESIAN_POINT('Origin',(-20.9999999999998,-5.65,10.71));
#19737=CARTESIAN_POINT('',(-20.9999999999998,-5.65,10.71));
#19738=CARTESIAN_POINT('Origin',(0.,0.,10.71));
#19739=CARTESIAN_POINT('Origin',(-17.4499999999998,-10.4,10.71));
#19740=CARTESIAN_POINT('',(-14.4999999999998,-10.4,10.71));
#19741=CARTESIAN_POINT('',(-14.4999999999998,-10.4,10.71));
#19742=CARTESIAN_POINT('',(-17.4499999999998,-10.4,10.71));
#19743=CARTESIAN_POINT('',(-17.4499999999998,-10.4,10.71));
#19744=CARTESIAN_POINT('',(-17.4499999999998,-10.4,10.71));
#19745=CARTESIAN_POINT('Origin',(-14.4999999999998,-5.65,10.71));
#19746=CARTESIAN_POINT('',(-14.4999999999998,-5.65,10.71));
#19747=CARTESIAN_POINT('',(-14.4999999999998,-5.65,10.71));
#19748=CARTESIAN_POINT('',(-14.4999999999998,-5.65,10.71));
#19749=CARTESIAN_POINT('Origin',(-17.4499999999998,-5.65,10.71));
#19750=CARTESIAN_POINT('',(-17.4499999999998,-5.65,10.71));
#19751=CARTESIAN_POINT('',(-17.4499999999998,-5.65,10.71));
#19752=CARTESIAN_POINT('',(-17.4499999999998,-5.65,10.71));
#19753=CARTESIAN_POINT('Origin',(-17.4499999999998,-5.65,10.71));
#19754=CARTESIAN_POINT('',(-17.4499999999998,-5.65,10.71));
#19755=CARTESIAN_POINT('Origin',(0.,0.,10.71));
#19756=CARTESIAN_POINT('Origin',(-13.8999999999998,-10.4,10.71));
#19757=CARTESIAN_POINT('',(-10.9499999999998,-10.4,10.71));
#19758=CARTESIAN_POINT('',(-10.9499999999998,-10.4,10.71));
#19759=CARTESIAN_POINT('',(-13.8999999999998,-10.4,10.71));
#19760=CARTESIAN_POINT('',(-13.8999999999998,-10.4,10.71));
#19761=CARTESIAN_POINT('',(-13.8999999999998,-10.4,10.71));
#19762=CARTESIAN_POINT('Origin',(-10.9499999999998,-5.65,10.71));
#19763=CARTESIAN_POINT('',(-10.9499999999998,-5.65,10.71));
#19764=CARTESIAN_POINT('',(-10.9499999999998,-5.65,10.71));
#19765=CARTESIAN_POINT('',(-10.9499999999998,-5.65,10.71));
#19766=CARTESIAN_POINT('Origin',(-13.8999999999998,-5.65,10.71));
#19767=CARTESIAN_POINT('',(-13.8999999999998,-5.65,10.71));
#19768=CARTESIAN_POINT('',(-13.8999999999998,-5.65,10.71));
#19769=CARTESIAN_POINT('',(-13.8999999999998,-5.65,10.71));
#19770=CARTESIAN_POINT('Origin',(-13.8999999999998,-5.65,10.71));
#19771=CARTESIAN_POINT('',(-13.8999999999998,-5.65,10.71));
#19772=CARTESIAN_POINT('Origin',(0.,0.,10.71));
#19773=CARTESIAN_POINT('Origin',(-10.3499999999998,-10.4,10.71));
#19774=CARTESIAN_POINT('',(-7.39999999999984,-10.4,10.71));
#19775=CARTESIAN_POINT('',(-7.39999999999984,-10.4,10.71));
#19776=CARTESIAN_POINT('',(-10.3499999999998,-10.4,10.71));
#19777=CARTESIAN_POINT('',(-10.3499999999998,-10.4,10.71));
#19778=CARTESIAN_POINT('',(-10.3499999999998,-10.4,10.71));
#19779=CARTESIAN_POINT('Origin',(-7.39999999999984,-5.65,10.71));
#19780=CARTESIAN_POINT('',(-7.39999999999984,-5.65,10.71));
#19781=CARTESIAN_POINT('',(-7.39999999999984,-5.65,10.71));
#19782=CARTESIAN_POINT('',(-7.39999999999984,-5.65,10.71));
#19783=CARTESIAN_POINT('Origin',(-10.3499999999998,-5.65,10.71));
#19784=CARTESIAN_POINT('',(-10.3499999999998,-5.65,10.71));
#19785=CARTESIAN_POINT('',(-10.3499999999998,-5.65,10.71));
#19786=CARTESIAN_POINT('',(-10.3499999999998,-5.65,10.71));
#19787=CARTESIAN_POINT('Origin',(-10.3499999999998,-5.65,10.71));
#19788=CARTESIAN_POINT('',(-10.3499999999998,-5.65,10.71));
#19789=CARTESIAN_POINT('Origin',(0.,0.,10.71));
#19790=CARTESIAN_POINT('Origin',(-6.79999999999985,-10.4,10.71));
#19791=CARTESIAN_POINT('',(-3.84999999999984,-10.4,10.71));
#19792=CARTESIAN_POINT('',(-3.84999999999984,-10.4,10.71));
#19793=CARTESIAN_POINT('',(-6.79999999999985,-10.4,10.71));
#19794=CARTESIAN_POINT('',(-6.79999999999985,-10.4,10.71));
#19795=CARTESIAN_POINT('',(-6.79999999999985,-10.4,10.71));
#19796=CARTESIAN_POINT('Origin',(-3.84999999999984,-5.65,10.71));
#19797=CARTESIAN_POINT('',(-3.84999999999984,-5.65,10.71));
#19798=CARTESIAN_POINT('',(-3.84999999999984,-5.65,10.71));
#19799=CARTESIAN_POINT('',(-3.84999999999984,-5.65,10.71));
#19800=CARTESIAN_POINT('Origin',(-6.79999999999985,-5.65,10.71));
#19801=CARTESIAN_POINT('',(-6.79999999999985,-5.65,10.71));
#19802=CARTESIAN_POINT('',(-6.79999999999985,-5.65,10.71));
#19803=CARTESIAN_POINT('',(-6.79999999999985,-5.65,10.71));
#19804=CARTESIAN_POINT('Origin',(-6.79999999999985,-5.65,10.71));
#19805=CARTESIAN_POINT('',(-6.79999999999985,-5.65,10.71));
#19806=CARTESIAN_POINT('Origin',(0.,0.,10.71));
#19807=CARTESIAN_POINT('Origin',(-3.24999999999984,-10.4,10.71));
#19808=CARTESIAN_POINT('',(-0.299999999999842,-10.4,10.71));
#19809=CARTESIAN_POINT('',(-0.299999999999842,-10.4,10.71));
#19810=CARTESIAN_POINT('',(-3.24999999999984,-10.4,10.71));
#19811=CARTESIAN_POINT('',(-3.24999999999984,-10.4,10.71));
#19812=CARTESIAN_POINT('',(-3.24999999999984,-10.4,10.71));
#19813=CARTESIAN_POINT('Origin',(-0.299999999999842,-5.65,10.71));
#19814=CARTESIAN_POINT('',(-0.299999999999842,-5.65,10.71));
#19815=CARTESIAN_POINT('',(-0.299999999999842,-5.65,10.71));
#19816=CARTESIAN_POINT('',(-0.299999999999842,-5.65,10.71));
#19817=CARTESIAN_POINT('Origin',(-3.24999999999984,-5.65,10.71));
#19818=CARTESIAN_POINT('',(-3.24999999999984,-5.65,10.71));
#19819=CARTESIAN_POINT('',(-3.24999999999984,-5.65,10.71));
#19820=CARTESIAN_POINT('',(-3.24999999999984,-5.65,10.71));
#19821=CARTESIAN_POINT('Origin',(-3.24999999999984,-5.65,10.71));
#19822=CARTESIAN_POINT('',(-3.24999999999984,-5.65,10.71));
#19823=CARTESIAN_POINT('Origin',(0.,0.,10.71));
#19824=CARTESIAN_POINT('Origin',(0.300000000000154,-10.4,10.71));
#19825=CARTESIAN_POINT('',(3.25000000000016,-10.4,10.71));
#19826=CARTESIAN_POINT('',(3.25000000000016,-10.4,10.71));
#19827=CARTESIAN_POINT('',(0.300000000000154,-10.4,10.71));
#19828=CARTESIAN_POINT('',(0.300000000000154,-10.4,10.71));
#19829=CARTESIAN_POINT('',(0.300000000000154,-10.4,10.71));
#19830=CARTESIAN_POINT('Origin',(3.25000000000016,-5.65,10.71));
#19831=CARTESIAN_POINT('',(3.25000000000016,-5.65,10.71));
#19832=CARTESIAN_POINT('',(3.25000000000016,-5.65,10.71));
#19833=CARTESIAN_POINT('',(3.25000000000016,-5.65,10.71));
#19834=CARTESIAN_POINT('Origin',(0.300000000000154,-5.65,10.71));
#19835=CARTESIAN_POINT('',(0.300000000000154,-5.65,10.71));
#19836=CARTESIAN_POINT('',(0.300000000000154,-5.65,10.71));
#19837=CARTESIAN_POINT('',(0.300000000000154,-5.65,10.71));
#19838=CARTESIAN_POINT('Origin',(0.300000000000154,-5.65,10.71));
#19839=CARTESIAN_POINT('',(0.300000000000154,-5.65,10.71));
#19840=CARTESIAN_POINT('Origin',(0.,0.,10.71));
#19841=CARTESIAN_POINT('Origin',(3.85000000000015,-10.4,10.71));
#19842=CARTESIAN_POINT('',(6.80000000000015,-10.4,10.71));
#19843=CARTESIAN_POINT('',(6.80000000000015,-10.4,10.71));
#19844=CARTESIAN_POINT('',(3.85000000000015,-10.4,10.71));
#19845=CARTESIAN_POINT('',(3.85000000000015,-10.4,10.71));
#19846=CARTESIAN_POINT('',(3.85000000000015,-10.4,10.71));
#19847=CARTESIAN_POINT('Origin',(6.80000000000015,-5.65,10.71));
#19848=CARTESIAN_POINT('',(6.80000000000015,-5.65,10.71));
#19849=CARTESIAN_POINT('',(6.80000000000015,-5.65,10.71));
#19850=CARTESIAN_POINT('',(6.80000000000015,-5.65,10.71));
#19851=CARTESIAN_POINT('Origin',(3.85000000000015,-5.65,10.71));
#19852=CARTESIAN_POINT('',(3.85000000000015,-5.65,10.71));
#19853=CARTESIAN_POINT('',(3.85000000000015,-5.65,10.71));
#19854=CARTESIAN_POINT('',(3.85000000000015,-5.65,10.71));
#19855=CARTESIAN_POINT('Origin',(3.85000000000015,-5.65,10.71));
#19856=CARTESIAN_POINT('',(3.85000000000015,-5.65,10.71));
#19857=CARTESIAN_POINT('Origin',(0.,0.,10.71));
#19858=CARTESIAN_POINT('Origin',(7.40000000000016,-10.4,10.71));
#19859=CARTESIAN_POINT('',(10.3500000000002,-10.4,10.71));
#19860=CARTESIAN_POINT('',(10.3500000000002,-10.4,10.71));
#19861=CARTESIAN_POINT('',(7.40000000000016,-10.4,10.71));
#19862=CARTESIAN_POINT('',(7.40000000000016,-10.4,10.71));
#19863=CARTESIAN_POINT('',(7.40000000000016,-10.4,10.71));
#19864=CARTESIAN_POINT('Origin',(10.3500000000002,-5.65,10.71));
#19865=CARTESIAN_POINT('',(10.3500000000002,-5.65,10.71));
#19866=CARTESIAN_POINT('',(10.3500000000002,-5.65,10.71));
#19867=CARTESIAN_POINT('',(10.3500000000002,-5.65,10.71));
#19868=CARTESIAN_POINT('Origin',(7.40000000000016,-5.65,10.71));
#19869=CARTESIAN_POINT('',(7.40000000000016,-5.65,10.71));
#19870=CARTESIAN_POINT('',(7.40000000000016,-5.65,10.71));
#19871=CARTESIAN_POINT('',(7.40000000000016,-5.65,10.71));
#19872=CARTESIAN_POINT('Origin',(7.40000000000016,-5.65,10.71));
#19873=CARTESIAN_POINT('',(7.40000000000016,-5.65,10.71));
#19874=CARTESIAN_POINT('Origin',(0.,0.,10.71));
#19875=CARTESIAN_POINT('Origin',(10.9500000000002,-10.4,10.71));
#19876=CARTESIAN_POINT('',(13.9000000000002,-10.4,10.71));
#19877=CARTESIAN_POINT('',(13.9000000000002,-10.4,10.71));
#19878=CARTESIAN_POINT('',(10.9500000000002,-10.4,10.71));
#19879=CARTESIAN_POINT('',(10.9500000000002,-10.4,10.71));
#19880=CARTESIAN_POINT('',(10.9500000000002,-10.4,10.71));
#19881=CARTESIAN_POINT('Origin',(13.9000000000002,-5.65,10.71));
#19882=CARTESIAN_POINT('',(13.9000000000002,-5.65,10.71));
#19883=CARTESIAN_POINT('',(13.9000000000002,-5.65,10.71));
#19884=CARTESIAN_POINT('',(13.9000000000002,-5.65,10.71));
#19885=CARTESIAN_POINT('Origin',(10.9500000000002,-5.65,10.71));
#19886=CARTESIAN_POINT('',(10.9500000000002,-5.65,10.71));
#19887=CARTESIAN_POINT('',(10.9500000000002,-5.65,10.71));
#19888=CARTESIAN_POINT('',(10.9500000000002,-5.65,10.71));
#19889=CARTESIAN_POINT('Origin',(10.9500000000002,-5.65,10.71));
#19890=CARTESIAN_POINT('',(10.9500000000002,-5.65,10.71));
#19891=CARTESIAN_POINT('Origin',(0.,0.,10.71));
#19892=CARTESIAN_POINT('Origin',(14.5000000000002,-10.4,10.71));
#19893=CARTESIAN_POINT('',(17.4500000000002,-10.4,10.71));
#19894=CARTESIAN_POINT('',(17.4500000000002,-10.4,10.71));
#19895=CARTESIAN_POINT('',(14.5000000000002,-10.4,10.71));
#19896=CARTESIAN_POINT('',(14.5000000000002,-10.4,10.71));
#19897=CARTESIAN_POINT('',(14.5000000000002,-10.4,10.71));
#19898=CARTESIAN_POINT('Origin',(17.4500000000002,-5.65,10.71));
#19899=CARTESIAN_POINT('',(17.4500000000002,-5.65,10.71));
#19900=CARTESIAN_POINT('',(17.4500000000002,-5.65,10.71));
#19901=CARTESIAN_POINT('',(17.4500000000002,-5.65,10.71));
#19902=CARTESIAN_POINT('Origin',(14.5000000000002,-5.65,10.71));
#19903=CARTESIAN_POINT('',(14.5000000000002,-5.65,10.71));
#19904=CARTESIAN_POINT('',(14.5000000000002,-5.65,10.71));
#19905=CARTESIAN_POINT('',(14.5000000000002,-5.65,10.71));
#19906=CARTESIAN_POINT('Origin',(14.5000000000002,-5.65,10.71));
#19907=CARTESIAN_POINT('',(14.5000000000002,-5.65,10.71));
#19908=CARTESIAN_POINT('Origin',(0.,0.,10.71));
#19909=CARTESIAN_POINT('Origin',(18.0500000000002,-10.4,10.71));
#19910=CARTESIAN_POINT('',(21.0000000000002,-10.4,10.71));
#19911=CARTESIAN_POINT('',(21.0000000000002,-10.4,10.71));
#19912=CARTESIAN_POINT('',(18.0500000000002,-10.4,10.71));
#19913=CARTESIAN_POINT('',(18.0500000000002,-10.4,10.71));
#19914=CARTESIAN_POINT('',(18.0500000000002,-10.4,10.71));
#19915=CARTESIAN_POINT('Origin',(21.0000000000002,-5.65,10.71));
#19916=CARTESIAN_POINT('',(21.0000000000002,-5.65,10.71));
#19917=CARTESIAN_POINT('',(21.0000000000002,-5.65,10.71));
#19918=CARTESIAN_POINT('',(21.0000000000002,-5.65,10.71));
#19919=CARTESIAN_POINT('Origin',(18.0500000000002,-5.65,10.71));
#19920=CARTESIAN_POINT('',(18.0500000000002,-5.65,10.71));
#19921=CARTESIAN_POINT('',(18.0500000000002,-5.65,10.71));
#19922=CARTESIAN_POINT('',(18.0500000000002,-5.65,10.71));
#19923=CARTESIAN_POINT('Origin',(18.0500000000002,-5.65,10.71));
#19924=CARTESIAN_POINT('',(18.0500000000002,-5.65,10.71));
#19925=CARTESIAN_POINT('Origin',(0.,0.,10.71));
#19926=CARTESIAN_POINT('Origin',(21.6000000000002,-10.4,10.71));
#19927=CARTESIAN_POINT('',(24.5500000000002,-10.4,10.71));
#19928=CARTESIAN_POINT('',(24.5500000000002,-10.4,10.71));
#19929=CARTESIAN_POINT('',(21.6000000000002,-10.4,10.71));
#19930=CARTESIAN_POINT('',(21.6000000000002,-10.4,10.71));
#19931=CARTESIAN_POINT('',(21.6000000000002,-10.4,10.71));
#19932=CARTESIAN_POINT('Origin',(24.5500000000002,-5.65,10.71));
#19933=CARTESIAN_POINT('',(24.5500000000002,-5.65,10.71));
#19934=CARTESIAN_POINT('',(24.5500000000002,-5.65,10.71));
#19935=CARTESIAN_POINT('',(24.5500000000002,-5.65,10.71));
#19936=CARTESIAN_POINT('Origin',(21.6000000000002,-5.65,10.71));
#19937=CARTESIAN_POINT('',(21.6000000000002,-5.65,10.71));
#19938=CARTESIAN_POINT('',(21.6000000000002,-5.65,10.71));
#19939=CARTESIAN_POINT('',(21.6000000000002,-5.65,10.71));
#19940=CARTESIAN_POINT('Origin',(21.6000000000002,-5.65,10.71));
#19941=CARTESIAN_POINT('',(21.6000000000002,-5.65,10.71));
#19942=CARTESIAN_POINT('Origin',(0.,0.,10.71));
#19943=CARTESIAN_POINT('Origin',(25.1500000000002,-10.4,10.71));
#19944=CARTESIAN_POINT('',(28.1000000000002,-10.4,10.71));
#19945=CARTESIAN_POINT('',(28.1000000000002,-10.4,10.71));
#19946=CARTESIAN_POINT('',(25.1500000000002,-10.4,10.71));
#19947=CARTESIAN_POINT('',(25.1500000000002,-10.4,10.71));
#19948=CARTESIAN_POINT('',(25.1500000000002,-10.4,10.71));
#19949=CARTESIAN_POINT('Origin',(28.1000000000002,-5.65,10.71));
#19950=CARTESIAN_POINT('',(28.1000000000002,-5.65,10.71));
#19951=CARTESIAN_POINT('',(28.1000000000002,-5.65,10.71));
#19952=CARTESIAN_POINT('',(28.1000000000002,-5.65,10.71));
#19953=CARTESIAN_POINT('Origin',(25.1500000000002,-5.65,10.71));
#19954=CARTESIAN_POINT('',(25.1500000000002,-5.65,10.71));
#19955=CARTESIAN_POINT('',(25.1500000000002,-5.65,10.71));
#19956=CARTESIAN_POINT('',(25.1500000000002,-5.65,10.71));
#19957=CARTESIAN_POINT('Origin',(25.1500000000002,-5.65,10.71));
#19958=CARTESIAN_POINT('',(25.1500000000002,-5.65,10.71));
#19959=CARTESIAN_POINT('Origin',(0.,0.,10.71));
#19960=CARTESIAN_POINT('Origin',(28.7000000000002,-10.4,10.71));
#19961=CARTESIAN_POINT('',(31.6500000000002,-10.4,10.71));
#19962=CARTESIAN_POINT('',(31.6500000000002,-10.4,10.71));
#19963=CARTESIAN_POINT('',(28.7000000000002,-10.4,10.71));
#19964=CARTESIAN_POINT('',(28.7000000000002,-10.4,10.71));
#19965=CARTESIAN_POINT('',(28.7000000000002,-10.4,10.71));
#19966=CARTESIAN_POINT('Origin',(31.6500000000002,-5.65,10.71));
#19967=CARTESIAN_POINT('',(31.6500000000002,-5.65,10.71));
#19968=CARTESIAN_POINT('',(31.6500000000002,-5.65,10.71));
#19969=CARTESIAN_POINT('',(31.6500000000002,-5.65,10.71));
#19970=CARTESIAN_POINT('Origin',(28.7000000000002,-5.65,10.71));
#19971=CARTESIAN_POINT('',(28.7000000000002,-5.65,10.71));
#19972=CARTESIAN_POINT('',(28.7000000000002,-5.65,10.71));
#19973=CARTESIAN_POINT('',(28.7000000000002,-5.65,10.71));
#19974=CARTESIAN_POINT('Origin',(28.7000000000002,-5.65,10.71));
#19975=CARTESIAN_POINT('',(28.7000000000002,-5.65,10.71));
#19976=CARTESIAN_POINT('Origin',(0.,0.,10.71));
#19977=CARTESIAN_POINT('Origin',(32.2500000000002,-10.4,10.71));
#19978=CARTESIAN_POINT('',(35.2000000000002,-10.4,10.71));
#19979=CARTESIAN_POINT('',(35.2000000000002,-10.4,10.71));
#19980=CARTESIAN_POINT('',(32.2500000000002,-10.4,10.71));
#19981=CARTESIAN_POINT('',(32.2500000000002,-10.4,10.71));
#19982=CARTESIAN_POINT('',(32.2500000000002,-10.4,10.71));
#19983=CARTESIAN_POINT('Origin',(35.2000000000002,-5.65,10.71));
#19984=CARTESIAN_POINT('',(35.2000000000002,-5.65,10.71));
#19985=CARTESIAN_POINT('',(35.2000000000002,-5.65,10.71));
#19986=CARTESIAN_POINT('',(35.2000000000002,-5.65,10.71));
#19987=CARTESIAN_POINT('Origin',(32.2500000000002,-5.65,10.71));
#19988=CARTESIAN_POINT('',(32.2500000000002,-5.65,10.71));
#19989=CARTESIAN_POINT('',(32.2500000000002,-5.65,10.71));
#19990=CARTESIAN_POINT('',(32.2500000000002,-5.65,10.71));
#19991=CARTESIAN_POINT('Origin',(32.2500000000002,-5.65,10.71));
#19992=CARTESIAN_POINT('',(32.2500000000002,-5.65,10.71));
#19993=CARTESIAN_POINT('Origin',(0.,0.,10.71));
#19994=CARTESIAN_POINT('Origin',(-35.2,0.3,10.71));
#19995=CARTESIAN_POINT('',(-32.25,0.3,10.71));
#19996=CARTESIAN_POINT('',(-32.25,0.3,10.71));
#19997=CARTESIAN_POINT('',(-35.2,0.3,10.71));
#19998=CARTESIAN_POINT('',(-35.2,0.3,10.71));
#19999=CARTESIAN_POINT('',(-35.2,0.3,10.71));
#20000=CARTESIAN_POINT('Origin',(-32.25,5.05,10.71));
#20001=CARTESIAN_POINT('',(-32.25,5.05,10.71));
#20002=CARTESIAN_POINT('',(-32.25,5.05,10.71));
#20003=CARTESIAN_POINT('',(-32.25,5.05,10.71));
#20004=CARTESIAN_POINT('Origin',(-35.2,5.05,10.71));
#20005=CARTESIAN_POINT('',(-35.2,5.05,10.71));
#20006=CARTESIAN_POINT('',(-35.2,5.05,10.71));
#20007=CARTESIAN_POINT('',(-35.2,5.05,10.71));
#20008=CARTESIAN_POINT('Origin',(-35.2,5.05,10.71));
#20009=CARTESIAN_POINT('',(-35.2,5.05,10.71));
#20010=CARTESIAN_POINT('Origin',(0.,0.,10.71));
#20011=CARTESIAN_POINT('Origin',(-35.1999999999999,-5.05,10.71));
#20012=CARTESIAN_POINT('',(-32.2499999999999,-5.05,10.71));
#20013=CARTESIAN_POINT('',(-32.2499999999999,-5.05,10.71));
#20014=CARTESIAN_POINT('',(-35.1999999999999,-5.05,10.71));
#20015=CARTESIAN_POINT('',(-35.1999999999999,-5.05,10.71));
#20016=CARTESIAN_POINT('',(-35.1999999999999,-5.05,10.71));
#20017=CARTESIAN_POINT('Origin',(-32.2499999999999,-0.3,10.71));
#20018=CARTESIAN_POINT('',(-32.2499999999999,-0.3,10.71));
#20019=CARTESIAN_POINT('',(-32.2499999999999,-0.3,10.71));
#20020=CARTESIAN_POINT('',(-32.2499999999999,-0.3,10.71));
#20021=CARTESIAN_POINT('Origin',(-35.1999999999999,-0.3,10.71));
#20022=CARTESIAN_POINT('',(-35.1999999999999,-0.3,10.71));
#20023=CARTESIAN_POINT('',(-35.1999999999999,-0.3,10.71));
#20024=CARTESIAN_POINT('',(-35.1999999999999,-0.3,10.71));
#20025=CARTESIAN_POINT('Origin',(-35.1999999999999,-0.3,10.71));
#20026=CARTESIAN_POINT('',(-35.1999999999999,-0.3,10.71));
#20027=CARTESIAN_POINT('Origin',(0.,0.,10.71));
#20028=CARTESIAN_POINT('Origin',(-35.1999999999998,-10.4,10.71));
#20029=CARTESIAN_POINT('',(-32.2499999999998,-10.4,10.71));
#20030=CARTESIAN_POINT('',(-32.2499999999998,-10.4,10.71));
#20031=CARTESIAN_POINT('',(-35.1999999999998,-10.4,10.71));
#20032=CARTESIAN_POINT('',(-35.1999999999998,-10.4,10.71));
#20033=CARTESIAN_POINT('',(-35.1999999999998,-10.4,10.71));
#20034=CARTESIAN_POINT('Origin',(-32.2499999999998,-5.65,10.71));
#20035=CARTESIAN_POINT('',(-32.2499999999998,-5.65,10.71));
#20036=CARTESIAN_POINT('',(-32.2499999999998,-5.65,10.71));
#20037=CARTESIAN_POINT('',(-32.2499999999998,-5.65,10.71));
#20038=CARTESIAN_POINT('Origin',(-35.1999999999998,-5.65,10.71));
#20039=CARTESIAN_POINT('',(-35.1999999999998,-5.65,10.71));
#20040=CARTESIAN_POINT('',(-35.1999999999998,-5.65,10.71));
#20041=CARTESIAN_POINT('',(-35.1999999999998,-5.65,10.71));
#20042=CARTESIAN_POINT('Origin',(-35.1999999999998,-5.65,10.71));
#20043=CARTESIAN_POINT('',(-35.1999999999998,-5.65,10.71));
#20044=CARTESIAN_POINT('Origin',(0.,0.,10.71));
#20045=UNCERTAINTY_MEASURE_WITH_UNIT(LENGTH_MEASURE(0.01),#20049,
'DISTANCE_ACCURACY_VALUE',
'Maximum model space distance between geometric entities at asserted c
onnectivities');
#20046=UNCERTAINTY_MEASURE_WITH_UNIT(LENGTH_MEASURE(0.01),#20049,
'DISTANCE_ACCURACY_VALUE',
'Maximum model space distance between geometric entities at asserted c
onnectivities');
#20047=(
GEOMETRIC_REPRESENTATION_CONTEXT(3)
GLOBAL_UNCERTAINTY_ASSIGNED_CONTEXT((#20045))
GLOBAL_UNIT_ASSIGNED_CONTEXT((#20049,#20051,#20052))
REPRESENTATION_CONTEXT('','3D')
);
#20048=(
GEOMETRIC_REPRESENTATION_CONTEXT(3)
GLOBAL_UNCERTAINTY_ASSIGNED_CONTEXT((#20046))
GLOBAL_UNIT_ASSIGNED_CONTEXT((#20049,#20051,#20052))
REPRESENTATION_CONTEXT('','3D')
);
#20049=(
LENGTH_UNIT()
NAMED_UNIT(*)
SI_UNIT(.MILLI.,.METRE.)
);
#20050=(
LENGTH_UNIT()
NAMED_UNIT(*)
SI_UNIT($,.METRE.)
);
#20051=(
NAMED_UNIT(*)
PLANE_ANGLE_UNIT()
SI_UNIT($,.RADIAN.)
);
#20052=(
NAMED_UNIT(*)
SI_UNIT($,.STERADIAN.)
SOLID_ANGLE_UNIT()
);
#20053=SHAPE_DEFINITION_REPRESENTATION(#20054,#20055);
#20054=PRODUCT_DEFINITION_SHAPE('',$,#20057);
#20055=SHAPE_REPRESENTATION('',(#12555),#20047);
#20056=PRODUCT_DEFINITION_CONTEXT('part definition',#20061,'design');
#20057=PRODUCT_DEFINITION('NHD-0420D3Z','LCD_SCREEN v1',#20058,#20056);
#20058=PRODUCT_DEFINITION_FORMATION('',$,#20063);
#20059=PRODUCT_RELATED_PRODUCT_CATEGORY('LCD_SCREEN v1','LCD_SCREEN v1',
(#20063));
#20060=APPLICATION_PROTOCOL_DEFINITION('international standard',
'automotive_design',2009,#20061);
#20061=APPLICATION_CONTEXT(
'Core Data for Automotive Mechanical Design Process');
#20062=PRODUCT_CONTEXT('part definition',#20061,'mechanical');
#20063=PRODUCT('NHD-0420D3Z','LCD_SCREEN v1','STEP AP214',(#20062));
#20064=PRESENTATION_STYLE_ASSIGNMENT((#20071));
#20065=PRESENTATION_STYLE_ASSIGNMENT((#20072));
#20066=PRESENTATION_STYLE_ASSIGNMENT((#20073));
#20067=PRESENTATION_STYLE_ASSIGNMENT((#20074));
#20068=PRESENTATION_STYLE_ASSIGNMENT((#20075));
#20069=PRESENTATION_STYLE_ASSIGNMENT((#20076));
#20070=PRESENTATION_STYLE_ASSIGNMENT((#20077));
#20071=SURFACE_STYLE_USAGE(.BOTH.,#20078);
#20072=SURFACE_STYLE_USAGE(.BOTH.,#20079);
#20073=SURFACE_STYLE_USAGE(.BOTH.,#20080);
#20074=SURFACE_STYLE_USAGE(.BOTH.,#20081);
#20075=SURFACE_STYLE_USAGE(.BOTH.,#20082);
#20076=SURFACE_STYLE_USAGE(.BOTH.,#20083);
#20077=SURFACE_STYLE_USAGE(.BOTH.,#20084);
#20078=SURFACE_SIDE_STYLE('',(#20085));
#20079=SURFACE_SIDE_STYLE('',(#20086));
#20080=SURFACE_SIDE_STYLE('',(#20087));
#20081=SURFACE_SIDE_STYLE('',(#20088));
#20082=SURFACE_SIDE_STYLE('',(#20089));
#20083=SURFACE_SIDE_STYLE('',(#20090));
#20084=SURFACE_SIDE_STYLE('',(#20091));
#20085=SURFACE_STYLE_FILL_AREA(#20092);
#20086=SURFACE_STYLE_FILL_AREA(#20093);
#20087=SURFACE_STYLE_FILL_AREA(#20094);
#20088=SURFACE_STYLE_FILL_AREA(#20095);
#20089=SURFACE_STYLE_FILL_AREA(#20096);
#20090=SURFACE_STYLE_FILL_AREA(#20097);
#20091=SURFACE_STYLE_FILL_AREA(#20098);
#20092=FILL_AREA_STYLE('Acier - Satin\X\E9',(#20099));
#20093=FILL_AREA_STYLE('Opaque(202,209,238)',(#20100));
#20094=FILL_AREA_STYLE('Opaque(63,63,63)',(#20101));
#20095=FILL_AREA_STYLE('Opaque(232,165,8)',(#20102));
#20096=FILL_AREA_STYLE('Opaque(128,255,128)',(#20103));
#20097=FILL_AREA_STYLE('Opaque(128,128,128)',(#20104));
#20098=FILL_AREA_STYLE('Opaque(255,255,255)',(#20105));
#20099=FILL_AREA_STYLE_COLOUR('Acier - Satin\X\E9',#20106);
#20100=FILL_AREA_STYLE_COLOUR('Opaque(202,209,238)',#20107);
#20101=FILL_AREA_STYLE_COLOUR('Opaque(63,63,63)',#20108);
#20102=FILL_AREA_STYLE_COLOUR('Opaque(232,165,8)',#20109);
#20103=FILL_AREA_STYLE_COLOUR('Opaque(128,255,128)',#20110);
#20104=FILL_AREA_STYLE_COLOUR('Opaque(128,128,128)',#20111);
#20105=FILL_AREA_STYLE_COLOUR('Opaque(255,255,255)',#20112);
#20106=COLOUR_RGB('Acier - Satin\X\E9',0.627450980392157,0.627450980392157,
0.627450980392157);
#20107=COLOUR_RGB('Opaque(202,209,238)',0.792156862745098,0.819607843137255,
0.933333333333333);
#20108=COLOUR_RGB('Opaque(63,63,63)',0.250980392156863,0.250980392156863,
0.250980392156863);
#20109=COLOUR_RGB('Opaque(232,165,8)',0.909803921568627,0.647058823529412,
0.0313725490196078);
#20110=COLOUR_RGB('Opaque(128,255,128)',0.501960784313725,1.,0.501960784313725);
#20111=COLOUR_RGB('Opaque(128,128,128)',0.501960784313725,0.501960784313725,
0.501960784313725);
#20112=COLOUR_RGB('Opaque(255,255,255)',1.,1.,1.);
ENDSEC;
END-ISO-10303-21;
