ISO-10303-21;
HEADER;
/* Generated by software containing ST-Developer
 * from STEP Tools, Inc. (www.steptools.com) 
 */

FILE_DESCRIPTION(
/* description */ ('Unknown'),
/* implementation_level */ '2;1');

FILE_NAME(
/* name */ 'TERM_BLOCK_3POS.step',
/* time_stamp */ '2026-08-10T14:30:45+02:00',
/* author */ (''),
/* organization */ (''),
/* preprocessor_version */ 'ST-DEVELOPER v20.1',
/* originating_system */ 'Autodesk Translation Framework v15.8.0.0',
/* authorisation */ '');

FILE_SCHEMA (('AUTOMOTIVE_DESIGN { 1 0 10303 214 3 1 1 }'));
ENDSEC;

DATA;
#10=MECHANICAL_DESIGN_GEOMETRIC_PRESENTATION_REPRESENTATION('',(#88,#89,
#90,#91,#92,#93,#94,#95,#96,#97,#98,#99,#100,#101,#102,#103,#104,#105,#106,
#107,#108,#109,#110,#111,#112,#113,#114,#115,#116,#117,#118,#119,#120,#121),
#15470);
#11=ITEM_DEFINED_TRANSFORMATION($,$,#9482,#10163);
#12=ITEM_DEFINED_TRANSFORMATION($,$,#9963,#10164);
#13=ITEM_DEFINED_TRANSFORMATION($,$,#9984,#10165);
#14=ITEM_DEFINED_TRANSFORMATION($,$,#9931,#10166);
#15=ITEM_DEFINED_TRANSFORMATION($,$,#9931,#10167);
#16=ITEM_DEFINED_TRANSFORMATION($,$,#9963,#10168);
#17=ITEM_DEFINED_TRANSFORMATION($,$,#9984,#10169);
#18=ITEM_DEFINED_TRANSFORMATION($,$,#9814,#10170);
#19=ITEM_DEFINED_TRANSFORMATION($,$,#9931,#10171);
#20=ITEM_DEFINED_TRANSFORMATION($,$,#9963,#10172);
#21=ITEM_DEFINED_TRANSFORMATION($,$,#9984,#10173);
#22=(
REPRESENTATION_RELATIONSHIP($,$,#15499,#15498)
REPRESENTATION_RELATIONSHIP_WITH_TRANSFORMATION(#11)
SHAPE_REPRESENTATION_RELATIONSHIP()
);
#23=(
REPRESENTATION_RELATIONSHIP($,$,#15502,#15498)
REPRESENTATION_RELATIONSHIP_WITH_TRANSFORMATION(#12)
SHAPE_REPRESENTATION_RELATIONSHIP()
);
#24=(
REPRESENTATION_RELATIONSHIP($,$,#15503,#15498)
REPRESENTATION_RELATIONSHIP_WITH_TRANSFORMATION(#13)
SHAPE_REPRESENTATION_RELATIONSHIP()
);
#25=(
REPRESENTATION_RELATIONSHIP($,$,#15501,#15498)
REPRESENTATION_RELATIONSHIP_WITH_TRANSFORMATION(#14)
SHAPE_REPRESENTATION_RELATIONSHIP()
);
#26=(
REPRESENTATION_RELATIONSHIP($,$,#15501,#15498)
REPRESENTATION_RELATIONSHIP_WITH_TRANSFORMATION(#15)
SHAPE_REPRESENTATION_RELATIONSHIP()
);
#27=(
REPRESENTATION_RELATIONSHIP($,$,#15502,#15498)
REPRESENTATION_RELATIONSHIP_WITH_TRANSFORMATION(#16)
SHAPE_REPRESENTATION_RELATIONSHIP()
);
#28=(
REPRESENTATION_RELATIONSHIP($,$,#15503,#15498)
REPRESENTATION_RELATIONSHIP_WITH_TRANSFORMATION(#17)
SHAPE_REPRESENTATION_RELATIONSHIP()
);
#29=(
REPRESENTATION_RELATIONSHIP($,$,#15500,#15498)
REPRESENTATION_RELATIONSHIP_WITH_TRANSFORMATION(#18)
SHAPE_REPRESENTATION_RELATIONSHIP()
);
#30=(
REPRESENTATION_RELATIONSHIP($,$,#15501,#15498)
REPRESENTATION_RELATIONSHIP_WITH_TRANSFORMATION(#19)
SHAPE_REPRESENTATION_RELATIONSHIP()
);
#31=(
REPRESENTATION_RELATIONSHIP($,$,#15502,#15498)
REPRESENTATION_RELATIONSHIP_WITH_TRANSFORMATION(#20)
SHAPE_REPRESENTATION_RELATIONSHIP()
);
#32=(
REPRESENTATION_RELATIONSHIP($,$,#15503,#15498)
REPRESENTATION_RELATIONSHIP_WITH_TRANSFORMATION(#21)
SHAPE_REPRESENTATION_RELATIONSHIP()
);
#33=CONTEXT_DEPENDENT_SHAPE_REPRESENTATION(#22,#15487);
#34=CONTEXT_DEPENDENT_SHAPE_REPRESENTATION(#23,#15488);
#35=CONTEXT_DEPENDENT_SHAPE_REPRESENTATION(#24,#15489);
#36=CONTEXT_DEPENDENT_SHAPE_REPRESENTATION(#25,#15490);
#37=CONTEXT_DEPENDENT_SHAPE_REPRESENTATION(#26,#15491);
#38=CONTEXT_DEPENDENT_SHAPE_REPRESENTATION(#27,#15492);
#39=CONTEXT_DEPENDENT_SHAPE_REPRESENTATION(#28,#15493);
#40=CONTEXT_DEPENDENT_SHAPE_REPRESENTATION(#29,#15494);
#41=CONTEXT_DEPENDENT_SHAPE_REPRESENTATION(#30,#15495);
#42=CONTEXT_DEPENDENT_SHAPE_REPRESENTATION(#31,#15496);
#43=CONTEXT_DEPENDENT_SHAPE_REPRESENTATION(#32,#15497);
#44=NEXT_ASSEMBLY_USAGE_OCCURRENCE('691351500003:1','691351500003:1',
'691351500003:1',#15505,#15506,'691351500003:1');
#45=NEXT_ASSEMBLY_USAGE_OCCURRENCE('6913515000xx_CAGE:1',
'6913515000xx_CAGE:1','6913515000xx_CAGE:1',#15505,#15509,
'6913515000xx_CAGE:1');
#46=NEXT_ASSEMBLY_USAGE_OCCURRENCE('6913515000xx_PIN:1',
'6913515000xx_PIN:1','6913515000xx_PIN:1',#15505,#15510,
'6913515000xx_PIN:1');
#47=NEXT_ASSEMBLY_USAGE_OCCURRENCE('6913515000xx_VIS:1',
'6913515000xx_VIS:1','6913515000xx_VIS:1',#15505,#15508,
'6913515000xx_VIS:1');
#48=NEXT_ASSEMBLY_USAGE_OCCURRENCE('6913515000xx_VIS:2',
'6913515000xx_VIS:2','6913515000xx_VIS:2',#15505,#15508,
'6913515000xx_VIS:2');
#49=NEXT_ASSEMBLY_USAGE_OCCURRENCE('6913515000xx_CAGE:2',
'6913515000xx_CAGE:2','6913515000xx_CAGE:2',#15505,#15509,
'6913515000xx_CAGE:2');
#50=NEXT_ASSEMBLY_USAGE_OCCURRENCE('6913515000xx_PIN:2',
'6913515000xx_PIN:2','6913515000xx_PIN:2',#15505,#15510,
'6913515000xx_PIN:2');
#51=NEXT_ASSEMBLY_USAGE_OCCURRENCE('691351500003_CAPOT:1',
'691351500003_CAPOT:1','691351500003_CAPOT:1',#15505,#15507,
'691351500003_CAPOT:1');
#52=NEXT_ASSEMBLY_USAGE_OCCURRENCE('6913515000xx_VIS:3',
'6913515000xx_VIS:3','6913515000xx_VIS:3',#15505,#15508,
'6913515000xx_VIS:3');
#53=NEXT_ASSEMBLY_USAGE_OCCURRENCE('6913515000xx_CAGE:3',
'6913515000xx_CAGE:3','6913515000xx_CAGE:3',#15505,#15509,
'6913515000xx_CAGE:3');
#54=NEXT_ASSEMBLY_USAGE_OCCURRENCE('6913515000xx_PIN:3',
'6913515000xx_PIN:3','6913515000xx_PIN:3',#15505,#15510,
'6913515000xx_PIN:3');
#55=ELLIPSE('',#10115,1.13137084989848,0.8);
#56=ELLIPSE('',#10116,1.13137084989848,0.8);
#57=ELLIPSE('',#10121,1.69705627484771,1.2);
#58=ELLIPSE('',#10122,1.69705627484771,1.2);
#59=ELLIPSE('',#10145,1.13137084989848,0.8);
#60=ELLIPSE('',#10146,1.13137084989848,0.8);
#61=ELLIPSE('',#10151,1.69705627484771,1.2);
#62=ELLIPSE('',#10152,1.69705627484771,1.2);
#63=B_SPLINE_CURVE_WITH_KNOTS('',3,(#14708,#14709,#14710,#14711,#14712,
#14713,#14714,#14715,#14716,#14717),.UNSPECIFIED.,.F.,.F.,(4,2,2,2,4),(5.80646641878291E-14,
0.00918260381795663,0.0184727240566204,0.0279153637418809,0.0375275281558182),
 .UNSPECIFIED.);
#64=B_SPLINE_CURVE_WITH_KNOTS('',3,(#14718,#14719,#14720,#14721,#14722,
#14723,#14724,#14725,#14726,#14727),.UNSPECIFIED.,.F.,.F.,(4,2,2,2,4),(0.112899674322829,
0.122511838736782,0.131954478422057,0.141244598660735,0.150427202478648),
 .UNSPECIFIED.);
#65=B_SPLINE_CURVE_WITH_KNOTS('',3,(#14729,#14730,#14731,#14732,#14733,
#14734,#14735,#14736,#14737,#14738),.UNSPECIFIED.,.F.,.F.,(4,2,2,2,4),(0.112899674322829,
0.122511838736883,0.131954478422258,0.141244598661034,0.150427202479044),
 .UNSPECIFIED.);
#66=B_SPLINE_CURVE_WITH_KNOTS('',3,(#14739,#14740,#14741,#14742,#14743,
#14744,#14745,#14746,#14747,#14748),.UNSPECIFIED.,.F.,.F.,(4,2,2,2,4),(0.,
0.00918260381791277,0.0184727240565909,0.027915363741866,0.0375275281558182),
 .UNSPECIFIED.);
#67=B_SPLINE_CURVE_WITH_KNOTS('',3,(#15288,#15289,#15290,#15291,#15292,
#15293,#15294,#15295),.UNSPECIFIED.,.F.,.F.,(4,2,2,4),(-0.106366883442891,
-0.10633695038255,-0.0988028067141832,-0.0912686630458159),
 .UNSPECIFIED.);
#68=B_SPLINE_CURVE_WITH_KNOTS('',3,(#15298,#15299,#15300,#15301,#15302,
#15303,#15304,#15305),.UNSPECIFIED.,.F.,.F.,(4,2,2,4),(-0.030184224740992,
-0.0226500810726247,-0.0151159374042574,-0.015086004343917),
 .UNSPECIFIED.);
#69=B_SPLINE_CURVE_WITH_KNOTS('',3,(#15312,#15313,#15314,#15315,#15316,
#15317,#15318,#15319),.UNSPECIFIED.,.F.,.F.,(4,2,2,4),(0.0907755940685095,
0.0983095183297822,0.105843442591055,0.105856707367182),.UNSPECIFIED.);
#70=B_SPLINE_CURVE_WITH_KNOTS('',3,(#15323,#15324,#15325,#15326,#15327,
#15328,#15329,#15330),.UNSPECIFIED.,.F.,.F.,(4,2,2,4),(0.0150756330472494,
0.015088897823377,0.0226228220846497,0.0301567463459224),.UNSPECIFIED.);
#71=B_SPLINE_CURVE_WITH_KNOTS('',3,(#15388,#15389,#15390,#15391,#15392,
#15393,#15394,#15395),.UNSPECIFIED.,.F.,.F.,(4,2,2,4),(-0.030184224740992,
-0.0226500810726247,-0.0151159374042574,-0.015086004343917),
 .UNSPECIFIED.);
#72=B_SPLINE_CURVE_WITH_KNOTS('',3,(#15399,#15400,#15401,#15402,#15403,
#15404,#15405,#15406),.UNSPECIFIED.,.F.,.F.,(4,2,2,4),(-0.106366751306132,
-0.106336818245791,-0.0988026745774241,-0.0912685309090569),
 .UNSPECIFIED.);
#73=B_SPLINE_CURVE_WITH_KNOTS('',3,(#15414,#15415,#15416,#15417,#15418,
#15419,#15420,#15421),.UNSPECIFIED.,.F.,.F.,(4,2,2,4),(0.0150756330472501,
0.015088897823377,0.0226228220846497,0.0301567463459224),.UNSPECIFIED.);
#74=B_SPLINE_CURVE_WITH_KNOTS('',3,(#15423,#15424,#15425,#15426,#15427,
#15428,#15429,#15430),.UNSPECIFIED.,.F.,.F.,(4,2,2,4),(0.0907755895027161,
0.0983095137639888,0.105843438025262,0.105856702801388),.UNSPECIFIED.);
#75=TOROIDAL_SURFACE('',#9943,1.65,0.25);
#76=TOROIDAL_SURFACE('',#9944,1.65,0.25);
#77=TOROIDAL_SURFACE('',#9951,1.65,0.25);
#78=SHAPE_REPRESENTATION_RELATIONSHIP('SRR','None',#15499,#83);
#79=SHAPE_REPRESENTATION_RELATIONSHIP('SRR','None',#15500,#84);
#80=SHAPE_REPRESENTATION_RELATIONSHIP('SRR','None',#15501,#85);
#81=SHAPE_REPRESENTATION_RELATIONSHIP('SRR','None',#15502,#86);
#82=SHAPE_REPRESENTATION_RELATIONSHIP('SRR','None',#15503,#87);
#83=ADVANCED_BREP_SHAPE_REPRESENTATION('',(#122),#15465);
#84=ADVANCED_BREP_SHAPE_REPRESENTATION('',(#123),#15466);
#85=ADVANCED_BREP_SHAPE_REPRESENTATION('',(#124),#15467);
#86=ADVANCED_BREP_SHAPE_REPRESENTATION('',(#125),#15468);
#87=ADVANCED_BREP_SHAPE_REPRESENTATION('',(#126),#15469);
#88=STYLED_ITEM('',(#15533),#122);
#89=STYLED_ITEM('',(#15533),#123);
#90=STYLED_ITEM('',(#15534),#9297);
#91=STYLED_ITEM('',(#15534),#9298);
#92=STYLED_ITEM('',(#15534),#9299);
#93=STYLED_ITEM('',(#15534),#9300);
#94=STYLED_ITEM('',(#15534),#9301);
#95=STYLED_ITEM('',(#15535),#9302);
#96=STYLED_ITEM('',(#15534),#9303);
#97=STYLED_ITEM('',(#15534),#9304);
#98=STYLED_ITEM('',(#15534),#9305);
#99=STYLED_ITEM('',(#15534),#9306);
#100=STYLED_ITEM('',(#15534),#9307);
#101=STYLED_ITEM('',(#15534),#9308);
#102=STYLED_ITEM('',(#15534),#9309);
#103=STYLED_ITEM('',(#15534),#9310);
#104=STYLED_ITEM('',(#15534),#9311);
#105=STYLED_ITEM('',(#15532),#124);
#106=STYLED_ITEM('',(#15534),#9312);
#107=STYLED_ITEM('',(#15534),#9313);
#108=STYLED_ITEM('',(#15534),#9314);
#109=STYLED_ITEM('',(#15534),#9315);
#110=STYLED_ITEM('',(#15534),#9316);
#111=STYLED_ITEM('',(#15534),#9317);
#112=STYLED_ITEM('',(#15534),#9318);
#113=STYLED_ITEM('',(#15534),#9319);
#114=STYLED_ITEM('',(#15534),#9320);
#115=STYLED_ITEM('',(#15534),#9321);
#116=STYLED_ITEM('',(#15534),#9322);
#117=STYLED_ITEM('',(#15534),#9323);
#118=STYLED_ITEM('',(#15535),#9324);
#119=STYLED_ITEM('',(#15534),#9325);
#120=STYLED_ITEM('',(#15532),#125);
#121=STYLED_ITEM('',(#15534),#126);
#122=MANIFOLD_SOLID_BREP('Corps1',#9420);
#123=MANIFOLD_SOLID_BREP('Corps1',#9421);
#124=MANIFOLD_SOLID_BREP('Corps1',#9422);
#125=MANIFOLD_SOLID_BREP('Corps1',#9423);
#126=MANIFOLD_SOLID_BREP('Corps1',#9424);
#127=CONICAL_SURFACE('',#9602,1.5,0.785398163397449);
#128=CONICAL_SURFACE('',#9662,1.5,0.785398163397449);
#129=CONICAL_SURFACE('',#9707,1.5,0.785398163397449);
#130=CONICAL_SURFACE('',#9962,1.45,0.785398163397447);
#131=FACE_BOUND('',#951,.T.);
#132=FACE_BOUND('',#952,.T.);
#133=FACE_BOUND('',#953,.T.);
#134=FACE_BOUND('',#954,.T.);
#135=FACE_BOUND('',#955,.T.);
#136=FACE_BOUND('',#956,.T.);
#137=FACE_BOUND('',#958,.T.);
#138=FACE_BOUND('',#959,.T.);
#139=FACE_BOUND('',#960,.T.);
#140=FACE_BOUND('',#962,.T.);
#141=FACE_BOUND('',#963,.T.);
#142=FACE_BOUND('',#964,.T.);
#143=FACE_BOUND('',#966,.T.);
#144=FACE_BOUND('',#967,.T.);
#145=FACE_BOUND('',#968,.T.);
#146=FACE_BOUND('',#970,.T.);
#147=FACE_BOUND('',#972,.T.);
#148=FACE_BOUND('',#974,.T.);
#149=FACE_BOUND('',#975,.T.);
#150=FACE_BOUND('',#976,.T.);
#151=FACE_BOUND('',#977,.T.);
#152=FACE_BOUND('',#978,.T.);
#153=FACE_BOUND('',#982,.T.);
#154=FACE_BOUND('',#991,.T.);
#155=FACE_BOUND('',#993,.T.);
#156=FACE_BOUND('',#996,.T.);
#157=FACE_BOUND('',#1004,.T.);
#158=FACE_BOUND('',#1006,.T.);
#159=FACE_BOUND('',#1010,.T.);
#160=FACE_BOUND('',#1216,.T.);
#161=FACE_BOUND('',#1217,.T.);
#162=FACE_BOUND('',#1218,.T.);
#163=FACE_BOUND('',#1219,.T.);
#164=FACE_BOUND('',#1220,.T.);
#165=FACE_BOUND('',#1221,.T.);
#166=FACE_BOUND('',#1222,.T.);
#167=FACE_BOUND('',#1223,.T.);
#168=FACE_BOUND('',#1224,.T.);
#169=FACE_BOUND('',#1226,.T.);
#170=FACE_BOUND('',#1227,.T.);
#171=FACE_BOUND('',#1228,.T.);
#172=FACE_BOUND('',#1230,.T.);
#173=FACE_BOUND('',#1231,.T.);
#174=FACE_BOUND('',#1232,.T.);
#175=FACE_BOUND('',#1239,.T.);
#176=FACE_BOUND('',#1240,.T.);
#177=FACE_BOUND('',#1241,.T.);
#178=FACE_BOUND('',#1353,.T.);
#179=FACE_BOUND('',#1360,.T.);
#180=FACE_BOUND('',#1364,.T.);
#181=FACE_BOUND('',#1370,.T.);
#182=FACE_BOUND('',#1372,.T.);
#183=CIRCLE('',#9491,3.32257142857141);
#184=CIRCLE('',#9492,3.32257142857141);
#185=CIRCLE('',#9493,3.32257142857141);
#186=CIRCLE('',#9502,3.32257142857141);
#187=CIRCLE('',#9503,3.32257142857141);
#188=CIRCLE('',#9504,3.32257142857141);
#189=CIRCLE('',#9506,1.9);
#190=CIRCLE('',#9507,1.9);
#191=CIRCLE('',#9508,1.9);
#192=CIRCLE('',#9511,3.32257142857141);
#193=CIRCLE('',#9514,1.25);
#194=CIRCLE('',#9516,1.9);
#195=CIRCLE('',#9517,1.25);
#196=CIRCLE('',#9519,3.1);
#197=CIRCLE('',#9520,3.1);
#198=CIRCLE('',#9521,3.1);
#199=CIRCLE('',#9522,1.92694706725432);
#200=CIRCLE('',#9523,1.92694706725432);
#201=CIRCLE('',#9524,1.92694706725432);
#202=CIRCLE('',#9525,1.92694706725432);
#203=CIRCLE('',#9526,1.5);
#204=CIRCLE('',#9527,1.5);
#205=CIRCLE('',#9528,1.5);
#206=CIRCLE('',#9532,0.8);
#207=CIRCLE('',#9541,1.25);
#208=CIRCLE('',#9543,1.9);
#209=CIRCLE('',#9544,1.25);
#210=CIRCLE('',#9547,0.8);
#211=CIRCLE('',#9555,3.32257142857141);
#212=CIRCLE('',#9556,1.25);
#213=CIRCLE('',#9558,1.9);
#214=CIRCLE('',#9559,1.25);
#215=CIRCLE('',#9563,0.8);
#216=CIRCLE('',#9590,0.8);
#217=CIRCLE('',#9591,0.8);
#218=CIRCLE('',#9601,1.5);
#219=CIRCLE('',#9609,3.1);
#220=CIRCLE('',#9610,3.1);
#221=CIRCLE('',#9612,3.1);
#222=CIRCLE('',#9619,2.);
#223=CIRCLE('',#9620,2.);
#224=CIRCLE('',#9623,2.);
#225=CIRCLE('',#9624,2.);
#226=CIRCLE('',#9626,2.);
#227=CIRCLE('',#9627,2.);
#228=CIRCLE('',#9650,0.8);
#229=CIRCLE('',#9651,0.8);
#230=CIRCLE('',#9661,1.5);
#231=CIRCLE('',#9668,3.1);
#232=CIRCLE('',#9670,3.1);
#233=CIRCLE('',#9695,0.8);
#234=CIRCLE('',#9696,0.8);
#235=CIRCLE('',#9706,1.5);
#236=CIRCLE('',#9713,3.1);
#237=CIRCLE('',#9744,0.2);
#238=CIRCLE('',#9745,0.2);
#239=CIRCLE('',#9746,0.2);
#240=CIRCLE('',#9747,0.2);
#241=CIRCLE('',#9748,0.2);
#242=CIRCLE('',#9749,0.2);
#243=CIRCLE('',#9751,0.2);
#244=CIRCLE('',#9752,0.2);
#245=CIRCLE('',#9753,0.2);
#246=CIRCLE('',#9754,0.2);
#247=CIRCLE('',#9755,0.2);
#248=CIRCLE('',#9756,0.2);
#249=CIRCLE('',#9766,1.92694706725432);
#250=CIRCLE('',#9769,1.92694706725432);
#251=CIRCLE('',#9780,1.92694706725432);
#252=CIRCLE('',#9783,1.92694706725432);
#253=CIRCLE('',#9795,0.2);
#254=CIRCLE('',#9796,0.2);
#255=CIRCLE('',#9797,0.2);
#256=CIRCLE('',#9798,0.2);
#257=CIRCLE('',#9799,0.2);
#258=CIRCLE('',#9800,0.2);
#259=CIRCLE('',#9802,0.2);
#260=CIRCLE('',#9803,0.2);
#261=CIRCLE('',#9804,0.2);
#262=CIRCLE('',#9805,0.2);
#263=CIRCLE('',#9806,0.2);
#264=CIRCLE('',#9807,0.2);
#265=CIRCLE('',#9933,1.9);
#266=CIRCLE('',#9934,1.9);
#267=CIRCLE('',#9935,1.9);
#268=CIRCLE('',#9936,1.9);
#269=CIRCLE('',#9937,1.9);
#270=CIRCLE('',#9938,1.9);
#271=CIRCLE('',#9940,1.65);
#272=CIRCLE('',#9942,1.65);
#273=CIRCLE('',#9946,1.45);
#274=CIRCLE('',#9947,1.45);
#275=CIRCLE('',#9948,1.45);
#276=CIRCLE('',#9950,1.65);
#277=CIRCLE('',#9952,0.25);
#278=CIRCLE('',#9957,1.1);
#279=CIRCLE('',#9958,1.1);
#280=CIRCLE('',#9960,1.25);
#281=CIRCLE('',#9965,1.475);
#282=CIRCLE('',#9968,1.475);
#283=CIRCLE('',#9970,1.475);
#284=CIRCLE('',#9971,1.475);
#285=CIRCLE('',#9980,1.475);
#286=CIRCLE('',#9982,1.475);
#287=CIRCLE('',#9987,1.2);
#288=CIRCLE('',#9988,1.2);
#289=CIRCLE('',#9991,0.6);
#290=CIRCLE('',#9992,0.6);
#291=CIRCLE('',#9995,0.8);
#292=CIRCLE('',#9996,0.8);
#293=CIRCLE('',#9999,0.2);
#294=CIRCLE('',#10000,0.2);
#295=CIRCLE('',#10002,0.410898595490235);
#296=CIRCLE('',#10003,0.0108985954902347);
#297=CIRCLE('',#10005,0.6);
#298=CIRCLE('',#10006,0.6);
#299=CIRCLE('',#10009,1.2);
#300=CIRCLE('',#10010,1.2);
#301=CIRCLE('',#10013,0.2);
#302=CIRCLE('',#10014,0.2);
#303=CIRCLE('',#10017,0.8);
#304=CIRCLE('',#10018,0.8);
#305=CIRCLE('',#10021,0.01);
#306=CIRCLE('',#10022,0.01);
#307=CIRCLE('',#10023,0.41);
#308=CIRCLE('',#10024,0.41);
#309=CIRCLE('',#10026,0.01);
#310=CIRCLE('',#10027,0.41);
#311=CIRCLE('',#10028,0.41);
#312=CIRCLE('',#10029,0.01);
#313=CIRCLE('',#10031,0.0108985954902347);
#314=CIRCLE('',#10032,0.410898595490235);
#315=CIRCLE('',#10036,0.547915345450313);
#316=CIRCLE('',#10037,0.547915345450313);
#317=CIRCLE('',#10038,0.547915345450313);
#318=CIRCLE('',#10039,0.547915345450313);
#319=CIRCLE('',#10040,0.547915345450313);
#320=CIRCLE('',#10041,0.819924256397548);
#321=CIRCLE('',#10042,0.01);
#322=CIRCLE('',#10043,0.41);
#323=CIRCLE('',#10044,1.21992425639755);
#324=CIRCLE('',#10045,0.147915345450313);
#325=CIRCLE('',#10046,0.947915345450313);
#326=CIRCLE('',#10047,0.147915345450313);
#327=CIRCLE('',#10048,0.947915345450313);
#328=CIRCLE('',#10049,0.147915345450313);
#329=CIRCLE('',#10052,0.147915345450313);
#330=CIRCLE('',#10053,0.947915345450313);
#331=CIRCLE('',#10054,0.147915345450313);
#332=CIRCLE('',#10055,0.947915345450313);
#333=CIRCLE('',#10056,0.147915345450313);
#334=CIRCLE('',#10057,1.21992425639755);
#335=CIRCLE('',#10058,0.41);
#336=CIRCLE('',#10059,0.01);
#337=CIRCLE('',#10060,0.819924256397548);
#338=CIRCLE('',#10061,0.547915345450313);
#339=CIRCLE('',#10062,0.547915345450313);
#340=CIRCLE('',#10063,0.547915345450313);
#341=CIRCLE('',#10064,0.547915345450313);
#342=CIRCLE('',#10065,0.547915345450313);
#343=CIRCLE('',#10069,0.2);
#344=CIRCLE('',#10070,0.2);
#345=CIRCLE('',#10079,0.2);
#346=CIRCLE('',#10080,0.2);
#347=CIRCLE('',#10108,0.8);
#348=CIRCLE('',#10109,1.2);
#349=CIRCLE('',#10112,1.2);
#350=CIRCLE('',#10113,0.8);
#351=CIRCLE('',#10118,0.2);
#352=CIRCLE('',#10119,0.2);
#353=CIRCLE('',#10124,0.2);
#354=CIRCLE('',#10125,0.2);
#355=CIRCLE('',#10135,1.2);
#356=CIRCLE('',#10136,0.8);
#357=CIRCLE('',#10138,0.8);
#358=CIRCLE('',#10139,1.2);
#359=CIRCLE('',#10142,0.2);
#360=CIRCLE('',#10143,0.2);
#361=CIRCLE('',#10148,0.2);
#362=CIRCLE('',#10149,0.2);
#363=CYLINDRICAL_SURFACE('',#9490,3.32257142857141);
#364=CYLINDRICAL_SURFACE('',#9501,3.32257142857141);
#365=CYLINDRICAL_SURFACE('',#9589,0.8);
#366=CYLINDRICAL_SURFACE('',#9600,1.5);
#367=CYLINDRICAL_SURFACE('',#9608,3.1);
#368=CYLINDRICAL_SURFACE('',#9618,2.);
#369=CYLINDRICAL_SURFACE('',#9628,1.9);
#370=CYLINDRICAL_SURFACE('',#9629,1.25);
#371=CYLINDRICAL_SURFACE('',#9638,3.32257142857141);
#372=CYLINDRICAL_SURFACE('',#9649,0.8);
#373=CYLINDRICAL_SURFACE('',#9660,1.5);
#374=CYLINDRICAL_SURFACE('',#9667,3.1);
#375=CYLINDRICAL_SURFACE('',#9672,2.);
#376=CYLINDRICAL_SURFACE('',#9674,1.9);
#377=CYLINDRICAL_SURFACE('',#9675,1.25);
#378=CYLINDRICAL_SURFACE('',#9694,0.8);
#379=CYLINDRICAL_SURFACE('',#9705,1.5);
#380=CYLINDRICAL_SURFACE('',#9712,3.1);
#381=CYLINDRICAL_SURFACE('',#9716,2.);
#382=CYLINDRICAL_SURFACE('',#9719,1.9);
#383=CYLINDRICAL_SURFACE('',#9720,1.25);
#384=CYLINDRICAL_SURFACE('',#9757,0.2);
#385=CYLINDRICAL_SURFACE('',#9758,0.2);
#386=CYLINDRICAL_SURFACE('',#9759,0.2);
#387=CYLINDRICAL_SURFACE('',#9760,0.2);
#388=CYLINDRICAL_SURFACE('',#9761,0.2);
#389=CYLINDRICAL_SURFACE('',#9762,0.2);
#390=CYLINDRICAL_SURFACE('',#9765,1.92694706725432);
#391=CYLINDRICAL_SURFACE('',#9768,1.92694706725432);
#392=CYLINDRICAL_SURFACE('',#9779,1.92694706725432);
#393=CYLINDRICAL_SURFACE('',#9782,1.92694706725432);
#394=CYLINDRICAL_SURFACE('',#9808,0.2);
#395=CYLINDRICAL_SURFACE('',#9809,0.2);
#396=CYLINDRICAL_SURFACE('',#9810,0.2);
#397=CYLINDRICAL_SURFACE('',#9811,0.2);
#398=CYLINDRICAL_SURFACE('',#9812,0.2);
#399=CYLINDRICAL_SURFACE('',#9813,0.2);
#400=CYLINDRICAL_SURFACE('',#9932,1.9);
#401=CYLINDRICAL_SURFACE('',#9945,1.45);
#402=CYLINDRICAL_SURFACE('',#9956,1.1);
#403=CYLINDRICAL_SURFACE('',#9981,1.475);
#404=CYLINDRICAL_SURFACE('',#9986,1.2);
#405=CYLINDRICAL_SURFACE('',#9990,0.6);
#406=CYLINDRICAL_SURFACE('',#9994,0.8);
#407=CYLINDRICAL_SURFACE('',#9998,0.2);
#408=CYLINDRICAL_SURFACE('',#10004,0.6);
#409=CYLINDRICAL_SURFACE('',#10008,1.2);
#410=CYLINDRICAL_SURFACE('',#10012,0.2);
#411=CYLINDRICAL_SURFACE('',#10016,0.8);
#412=CYLINDRICAL_SURFACE('',#10071,0.547915345450313);
#413=CYLINDRICAL_SURFACE('',#10072,0.547915345450313);
#414=CYLINDRICAL_SURFACE('',#10073,0.547915345450313);
#415=CYLINDRICAL_SURFACE('',#10074,0.547915345450313);
#416=CYLINDRICAL_SURFACE('',#10075,0.547915345450313);
#417=CYLINDRICAL_SURFACE('',#10076,0.819924256397548);
#418=CYLINDRICAL_SURFACE('',#10081,0.147915345450313);
#419=CYLINDRICAL_SURFACE('',#10082,0.947915345450313);
#420=CYLINDRICAL_SURFACE('',#10083,0.147915345450313);
#421=CYLINDRICAL_SURFACE('',#10084,0.947915345450313);
#422=CYLINDRICAL_SURFACE('',#10085,0.147915345450313);
#423=CYLINDRICAL_SURFACE('',#10086,1.21992425639755);
#424=CYLINDRICAL_SURFACE('',#10090,0.41);
#425=CYLINDRICAL_SURFACE('',#10091,0.01);
#426=CYLINDRICAL_SURFACE('',#10096,0.41);
#427=CYLINDRICAL_SURFACE('',#10097,0.01);
#428=CYLINDRICAL_SURFACE('',#10100,0.41);
#429=CYLINDRICAL_SURFACE('',#10101,0.01);
#430=CYLINDRICAL_SURFACE('',#10103,0.410898595490235);
#431=CYLINDRICAL_SURFACE('',#10105,0.0108985954902347);
#432=CYLINDRICAL_SURFACE('',#10114,0.8);
#433=CYLINDRICAL_SURFACE('',#10120,1.2);
#434=CYLINDRICAL_SURFACE('',#10130,0.2);
#435=CYLINDRICAL_SURFACE('',#10131,0.2);
#436=CYLINDRICAL_SURFACE('',#10132,0.2);
#437=CYLINDRICAL_SURFACE('',#10133,0.2);
#438=CYLINDRICAL_SURFACE('',#10144,0.8);
#439=CYLINDRICAL_SURFACE('',#10150,1.2);
#440=CYLINDRICAL_SURFACE('',#10157,0.2);
#441=CYLINDRICAL_SURFACE('',#10158,0.2);
#442=CYLINDRICAL_SURFACE('',#10159,0.2);
#443=CYLINDRICAL_SURFACE('',#10160,0.2);
#444=CYLINDRICAL_SURFACE('',#10161,0.2);
#445=CYLINDRICAL_SURFACE('',#10162,0.2);
#446=FACE_OUTER_BOUND('',#934,.T.);
#447=FACE_OUTER_BOUND('',#935,.T.);
#448=FACE_OUTER_BOUND('',#936,.T.);
#449=FACE_OUTER_BOUND('',#937,.T.);
#450=FACE_OUTER_BOUND('',#938,.T.);
#451=FACE_OUTER_BOUND('',#939,.T.);
#452=FACE_OUTER_BOUND('',#940,.T.);
#453=FACE_OUTER_BOUND('',#941,.T.);
#454=FACE_OUTER_BOUND('',#942,.T.);
#455=FACE_OUTER_BOUND('',#943,.T.);
#456=FACE_OUTER_BOUND('',#944,.T.);
#457=FACE_OUTER_BOUND('',#945,.T.);
#458=FACE_OUTER_BOUND('',#946,.T.);
#459=FACE_OUTER_BOUND('',#947,.T.);
#460=FACE_OUTER_BOUND('',#948,.T.);
#461=FACE_OUTER_BOUND('',#949,.T.);
#462=FACE_OUTER_BOUND('',#950,.T.);
#463=FACE_OUTER_BOUND('',#957,.T.);
#464=FACE_OUTER_BOUND('',#961,.T.);
#465=FACE_OUTER_BOUND('',#965,.T.);
#466=FACE_OUTER_BOUND('',#969,.T.);
#467=FACE_OUTER_BOUND('',#971,.T.);
#468=FACE_OUTER_BOUND('',#973,.T.);
#469=FACE_OUTER_BOUND('',#979,.T.);
#470=FACE_OUTER_BOUND('',#980,.T.);
#471=FACE_OUTER_BOUND('',#981,.T.);
#472=FACE_OUTER_BOUND('',#983,.T.);
#473=FACE_OUTER_BOUND('',#984,.T.);
#474=FACE_OUTER_BOUND('',#985,.T.);
#475=FACE_OUTER_BOUND('',#986,.T.);
#476=FACE_OUTER_BOUND('',#987,.T.);
#477=FACE_OUTER_BOUND('',#988,.T.);
#478=FACE_OUTER_BOUND('',#989,.T.);
#479=FACE_OUTER_BOUND('',#990,.T.);
#480=FACE_OUTER_BOUND('',#992,.T.);
#481=FACE_OUTER_BOUND('',#994,.T.);
#482=FACE_OUTER_BOUND('',#995,.T.);
#483=FACE_OUTER_BOUND('',#997,.T.);
#484=FACE_OUTER_BOUND('',#998,.T.);
#485=FACE_OUTER_BOUND('',#999,.T.);
#486=FACE_OUTER_BOUND('',#1000,.T.);
#487=FACE_OUTER_BOUND('',#1001,.T.);
#488=FACE_OUTER_BOUND('',#1002,.T.);
#489=FACE_OUTER_BOUND('',#1003,.T.);
#490=FACE_OUTER_BOUND('',#1005,.T.);
#491=FACE_OUTER_BOUND('',#1007,.T.);
#492=FACE_OUTER_BOUND('',#1008,.T.);
#493=FACE_OUTER_BOUND('',#1009,.T.);
#494=FACE_OUTER_BOUND('',#1011,.T.);
#495=FACE_OUTER_BOUND('',#1012,.T.);
#496=FACE_OUTER_BOUND('',#1013,.T.);
#497=FACE_OUTER_BOUND('',#1014,.T.);
#498=FACE_OUTER_BOUND('',#1015,.T.);
#499=FACE_OUTER_BOUND('',#1016,.T.);
#500=FACE_OUTER_BOUND('',#1017,.T.);
#501=FACE_OUTER_BOUND('',#1018,.T.);
#502=FACE_OUTER_BOUND('',#1019,.T.);
#503=FACE_OUTER_BOUND('',#1020,.T.);
#504=FACE_OUTER_BOUND('',#1021,.T.);
#505=FACE_OUTER_BOUND('',#1022,.T.);
#506=FACE_OUTER_BOUND('',#1023,.T.);
#507=FACE_OUTER_BOUND('',#1024,.T.);
#508=FACE_OUTER_BOUND('',#1025,.T.);
#509=FACE_OUTER_BOUND('',#1026,.T.);
#510=FACE_OUTER_BOUND('',#1027,.T.);
#511=FACE_OUTER_BOUND('',#1028,.T.);
#512=FACE_OUTER_BOUND('',#1029,.T.);
#513=FACE_OUTER_BOUND('',#1030,.T.);
#514=FACE_OUTER_BOUND('',#1031,.T.);
#515=FACE_OUTER_BOUND('',#1032,.T.);
#516=FACE_OUTER_BOUND('',#1033,.T.);
#517=FACE_OUTER_BOUND('',#1034,.T.);
#518=FACE_OUTER_BOUND('',#1035,.T.);
#519=FACE_OUTER_BOUND('',#1036,.T.);
#520=FACE_OUTER_BOUND('',#1037,.T.);
#521=FACE_OUTER_BOUND('',#1038,.T.);
#522=FACE_OUTER_BOUND('',#1039,.T.);
#523=FACE_OUTER_BOUND('',#1040,.T.);
#524=FACE_OUTER_BOUND('',#1041,.T.);
#525=FACE_OUTER_BOUND('',#1042,.T.);
#526=FACE_OUTER_BOUND('',#1043,.T.);
#527=FACE_OUTER_BOUND('',#1044,.T.);
#528=FACE_OUTER_BOUND('',#1045,.T.);
#529=FACE_OUTER_BOUND('',#1046,.T.);
#530=FACE_OUTER_BOUND('',#1047,.T.);
#531=FACE_OUTER_BOUND('',#1048,.T.);
#532=FACE_OUTER_BOUND('',#1049,.T.);
#533=FACE_OUTER_BOUND('',#1050,.T.);
#534=FACE_OUTER_BOUND('',#1051,.T.);
#535=FACE_OUTER_BOUND('',#1052,.T.);
#536=FACE_OUTER_BOUND('',#1053,.T.);
#537=FACE_OUTER_BOUND('',#1054,.T.);
#538=FACE_OUTER_BOUND('',#1055,.T.);
#539=FACE_OUTER_BOUND('',#1056,.T.);
#540=FACE_OUTER_BOUND('',#1057,.T.);
#541=FACE_OUTER_BOUND('',#1058,.T.);
#542=FACE_OUTER_BOUND('',#1059,.T.);
#543=FACE_OUTER_BOUND('',#1060,.T.);
#544=FACE_OUTER_BOUND('',#1061,.T.);
#545=FACE_OUTER_BOUND('',#1062,.T.);
#546=FACE_OUTER_BOUND('',#1063,.T.);
#547=FACE_OUTER_BOUND('',#1064,.T.);
#548=FACE_OUTER_BOUND('',#1065,.T.);
#549=FACE_OUTER_BOUND('',#1066,.T.);
#550=FACE_OUTER_BOUND('',#1067,.T.);
#551=FACE_OUTER_BOUND('',#1068,.T.);
#552=FACE_OUTER_BOUND('',#1069,.T.);
#553=FACE_OUTER_BOUND('',#1070,.T.);
#554=FACE_OUTER_BOUND('',#1071,.T.);
#555=FACE_OUTER_BOUND('',#1072,.T.);
#556=FACE_OUTER_BOUND('',#1073,.T.);
#557=FACE_OUTER_BOUND('',#1074,.T.);
#558=FACE_OUTER_BOUND('',#1075,.T.);
#559=FACE_OUTER_BOUND('',#1076,.T.);
#560=FACE_OUTER_BOUND('',#1077,.T.);
#561=FACE_OUTER_BOUND('',#1078,.T.);
#562=FACE_OUTER_BOUND('',#1079,.T.);
#563=FACE_OUTER_BOUND('',#1080,.T.);
#564=FACE_OUTER_BOUND('',#1081,.T.);
#565=FACE_OUTER_BOUND('',#1082,.T.);
#566=FACE_OUTER_BOUND('',#1083,.T.);
#567=FACE_OUTER_BOUND('',#1084,.T.);
#568=FACE_OUTER_BOUND('',#1085,.T.);
#569=FACE_OUTER_BOUND('',#1086,.T.);
#570=FACE_OUTER_BOUND('',#1087,.T.);
#571=FACE_OUTER_BOUND('',#1088,.T.);
#572=FACE_OUTER_BOUND('',#1089,.T.);
#573=FACE_OUTER_BOUND('',#1090,.T.);
#574=FACE_OUTER_BOUND('',#1091,.T.);
#575=FACE_OUTER_BOUND('',#1092,.T.);
#576=FACE_OUTER_BOUND('',#1093,.T.);
#577=FACE_OUTER_BOUND('',#1094,.T.);
#578=FACE_OUTER_BOUND('',#1095,.T.);
#579=FACE_OUTER_BOUND('',#1096,.T.);
#580=FACE_OUTER_BOUND('',#1097,.T.);
#581=FACE_OUTER_BOUND('',#1098,.T.);
#582=FACE_OUTER_BOUND('',#1099,.T.);
#583=FACE_OUTER_BOUND('',#1100,.T.);
#584=FACE_OUTER_BOUND('',#1101,.T.);
#585=FACE_OUTER_BOUND('',#1102,.T.);
#586=FACE_OUTER_BOUND('',#1103,.T.);
#587=FACE_OUTER_BOUND('',#1104,.T.);
#588=FACE_OUTER_BOUND('',#1105,.T.);
#589=FACE_OUTER_BOUND('',#1106,.T.);
#590=FACE_OUTER_BOUND('',#1107,.T.);
#591=FACE_OUTER_BOUND('',#1108,.T.);
#592=FACE_OUTER_BOUND('',#1109,.T.);
#593=FACE_OUTER_BOUND('',#1110,.T.);
#594=FACE_OUTER_BOUND('',#1111,.T.);
#595=FACE_OUTER_BOUND('',#1112,.T.);
#596=FACE_OUTER_BOUND('',#1113,.T.);
#597=FACE_OUTER_BOUND('',#1114,.T.);
#598=FACE_OUTER_BOUND('',#1115,.T.);
#599=FACE_OUTER_BOUND('',#1116,.T.);
#600=FACE_OUTER_BOUND('',#1117,.T.);
#601=FACE_OUTER_BOUND('',#1118,.T.);
#602=FACE_OUTER_BOUND('',#1119,.T.);
#603=FACE_OUTER_BOUND('',#1120,.T.);
#604=FACE_OUTER_BOUND('',#1121,.T.);
#605=FACE_OUTER_BOUND('',#1122,.T.);
#606=FACE_OUTER_BOUND('',#1123,.T.);
#607=FACE_OUTER_BOUND('',#1124,.T.);
#608=FACE_OUTER_BOUND('',#1125,.T.);
#609=FACE_OUTER_BOUND('',#1126,.T.);
#610=FACE_OUTER_BOUND('',#1127,.T.);
#611=FACE_OUTER_BOUND('',#1128,.T.);
#612=FACE_OUTER_BOUND('',#1129,.T.);
#613=FACE_OUTER_BOUND('',#1130,.T.);
#614=FACE_OUTER_BOUND('',#1131,.T.);
#615=FACE_OUTER_BOUND('',#1132,.T.);
#616=FACE_OUTER_BOUND('',#1133,.T.);
#617=FACE_OUTER_BOUND('',#1134,.T.);
#618=FACE_OUTER_BOUND('',#1135,.T.);
#619=FACE_OUTER_BOUND('',#1136,.T.);
#620=FACE_OUTER_BOUND('',#1137,.T.);
#621=FACE_OUTER_BOUND('',#1138,.T.);
#622=FACE_OUTER_BOUND('',#1139,.T.);
#623=FACE_OUTER_BOUND('',#1140,.T.);
#624=FACE_OUTER_BOUND('',#1141,.T.);
#625=FACE_OUTER_BOUND('',#1142,.T.);
#626=FACE_OUTER_BOUND('',#1143,.T.);
#627=FACE_OUTER_BOUND('',#1144,.T.);
#628=FACE_OUTER_BOUND('',#1145,.T.);
#629=FACE_OUTER_BOUND('',#1146,.T.);
#630=FACE_OUTER_BOUND('',#1147,.T.);
#631=FACE_OUTER_BOUND('',#1148,.T.);
#632=FACE_OUTER_BOUND('',#1149,.T.);
#633=FACE_OUTER_BOUND('',#1150,.T.);
#634=FACE_OUTER_BOUND('',#1151,.T.);
#635=FACE_OUTER_BOUND('',#1152,.T.);
#636=FACE_OUTER_BOUND('',#1153,.T.);
#637=FACE_OUTER_BOUND('',#1154,.T.);
#638=FACE_OUTER_BOUND('',#1155,.T.);
#639=FACE_OUTER_BOUND('',#1156,.T.);
#640=FACE_OUTER_BOUND('',#1157,.T.);
#641=FACE_OUTER_BOUND('',#1158,.T.);
#642=FACE_OUTER_BOUND('',#1159,.T.);
#643=FACE_OUTER_BOUND('',#1160,.T.);
#644=FACE_OUTER_BOUND('',#1161,.T.);
#645=FACE_OUTER_BOUND('',#1162,.T.);
#646=FACE_OUTER_BOUND('',#1163,.T.);
#647=FACE_OUTER_BOUND('',#1164,.T.);
#648=FACE_OUTER_BOUND('',#1165,.T.);
#649=FACE_OUTER_BOUND('',#1166,.T.);
#650=FACE_OUTER_BOUND('',#1167,.T.);
#651=FACE_OUTER_BOUND('',#1168,.T.);
#652=FACE_OUTER_BOUND('',#1169,.T.);
#653=FACE_OUTER_BOUND('',#1170,.T.);
#654=FACE_OUTER_BOUND('',#1171,.T.);
#655=FACE_OUTER_BOUND('',#1172,.T.);
#656=FACE_OUTER_BOUND('',#1173,.T.);
#657=FACE_OUTER_BOUND('',#1174,.T.);
#658=FACE_OUTER_BOUND('',#1175,.T.);
#659=FACE_OUTER_BOUND('',#1176,.T.);
#660=FACE_OUTER_BOUND('',#1177,.T.);
#661=FACE_OUTER_BOUND('',#1178,.T.);
#662=FACE_OUTER_BOUND('',#1179,.T.);
#663=FACE_OUTER_BOUND('',#1180,.T.);
#664=FACE_OUTER_BOUND('',#1181,.T.);
#665=FACE_OUTER_BOUND('',#1182,.T.);
#666=FACE_OUTER_BOUND('',#1183,.T.);
#667=FACE_OUTER_BOUND('',#1184,.T.);
#668=FACE_OUTER_BOUND('',#1185,.T.);
#669=FACE_OUTER_BOUND('',#1186,.T.);
#670=FACE_OUTER_BOUND('',#1187,.T.);
#671=FACE_OUTER_BOUND('',#1188,.T.);
#672=FACE_OUTER_BOUND('',#1189,.T.);
#673=FACE_OUTER_BOUND('',#1190,.T.);
#674=FACE_OUTER_BOUND('',#1191,.T.);
#675=FACE_OUTER_BOUND('',#1192,.T.);
#676=FACE_OUTER_BOUND('',#1193,.T.);
#677=FACE_OUTER_BOUND('',#1194,.T.);
#678=FACE_OUTER_BOUND('',#1195,.T.);
#679=FACE_OUTER_BOUND('',#1196,.T.);
#680=FACE_OUTER_BOUND('',#1197,.T.);
#681=FACE_OUTER_BOUND('',#1198,.T.);
#682=FACE_OUTER_BOUND('',#1199,.T.);
#683=FACE_OUTER_BOUND('',#1200,.T.);
#684=FACE_OUTER_BOUND('',#1201,.T.);
#685=FACE_OUTER_BOUND('',#1202,.T.);
#686=FACE_OUTER_BOUND('',#1203,.T.);
#687=FACE_OUTER_BOUND('',#1204,.T.);
#688=FACE_OUTER_BOUND('',#1205,.T.);
#689=FACE_OUTER_BOUND('',#1206,.T.);
#690=FACE_OUTER_BOUND('',#1207,.T.);
#691=FACE_OUTER_BOUND('',#1208,.T.);
#692=FACE_OUTER_BOUND('',#1209,.T.);
#693=FACE_OUTER_BOUND('',#1210,.T.);
#694=FACE_OUTER_BOUND('',#1211,.T.);
#695=FACE_OUTER_BOUND('',#1212,.T.);
#696=FACE_OUTER_BOUND('',#1213,.T.);
#697=FACE_OUTER_BOUND('',#1214,.T.);
#698=FACE_OUTER_BOUND('',#1215,.T.);
#699=FACE_OUTER_BOUND('',#1225,.T.);
#700=FACE_OUTER_BOUND('',#1229,.T.);
#701=FACE_OUTER_BOUND('',#1233,.T.);
#702=FACE_OUTER_BOUND('',#1234,.T.);
#703=FACE_OUTER_BOUND('',#1235,.T.);
#704=FACE_OUTER_BOUND('',#1236,.T.);
#705=FACE_OUTER_BOUND('',#1237,.T.);
#706=FACE_OUTER_BOUND('',#1238,.T.);
#707=FACE_OUTER_BOUND('',#1242,.T.);
#708=FACE_OUTER_BOUND('',#1243,.T.);
#709=FACE_OUTER_BOUND('',#1244,.T.);
#710=FACE_OUTER_BOUND('',#1245,.T.);
#711=FACE_OUTER_BOUND('',#1246,.T.);
#712=FACE_OUTER_BOUND('',#1247,.T.);
#713=FACE_OUTER_BOUND('',#1248,.T.);
#714=FACE_OUTER_BOUND('',#1249,.T.);
#715=FACE_OUTER_BOUND('',#1250,.T.);
#716=FACE_OUTER_BOUND('',#1251,.T.);
#717=FACE_OUTER_BOUND('',#1252,.T.);
#718=FACE_OUTER_BOUND('',#1253,.T.);
#719=FACE_OUTER_BOUND('',#1254,.T.);
#720=FACE_OUTER_BOUND('',#1255,.T.);
#721=FACE_OUTER_BOUND('',#1256,.T.);
#722=FACE_OUTER_BOUND('',#1257,.T.);
#723=FACE_OUTER_BOUND('',#1258,.T.);
#724=FACE_OUTER_BOUND('',#1259,.T.);
#725=FACE_OUTER_BOUND('',#1260,.T.);
#726=FACE_OUTER_BOUND('',#1261,.T.);
#727=FACE_OUTER_BOUND('',#1262,.T.);
#728=FACE_OUTER_BOUND('',#1263,.T.);
#729=FACE_OUTER_BOUND('',#1264,.T.);
#730=FACE_OUTER_BOUND('',#1265,.T.);
#731=FACE_OUTER_BOUND('',#1266,.T.);
#732=FACE_OUTER_BOUND('',#1267,.T.);
#733=FACE_OUTER_BOUND('',#1268,.T.);
#734=FACE_OUTER_BOUND('',#1269,.T.);
#735=FACE_OUTER_BOUND('',#1270,.T.);
#736=FACE_OUTER_BOUND('',#1271,.T.);
#737=FACE_OUTER_BOUND('',#1272,.T.);
#738=FACE_OUTER_BOUND('',#1273,.T.);
#739=FACE_OUTER_BOUND('',#1274,.T.);
#740=FACE_OUTER_BOUND('',#1275,.T.);
#741=FACE_OUTER_BOUND('',#1276,.T.);
#742=FACE_OUTER_BOUND('',#1277,.T.);
#743=FACE_OUTER_BOUND('',#1278,.T.);
#744=FACE_OUTER_BOUND('',#1279,.T.);
#745=FACE_OUTER_BOUND('',#1280,.T.);
#746=FACE_OUTER_BOUND('',#1281,.T.);
#747=FACE_OUTER_BOUND('',#1282,.T.);
#748=FACE_OUTER_BOUND('',#1283,.T.);
#749=FACE_OUTER_BOUND('',#1284,.T.);
#750=FACE_OUTER_BOUND('',#1285,.T.);
#751=FACE_OUTER_BOUND('',#1286,.T.);
#752=FACE_OUTER_BOUND('',#1287,.T.);
#753=FACE_OUTER_BOUND('',#1288,.T.);
#754=FACE_OUTER_BOUND('',#1289,.T.);
#755=FACE_OUTER_BOUND('',#1290,.T.);
#756=FACE_OUTER_BOUND('',#1291,.T.);
#757=FACE_OUTER_BOUND('',#1292,.T.);
#758=FACE_OUTER_BOUND('',#1293,.T.);
#759=FACE_OUTER_BOUND('',#1294,.T.);
#760=FACE_OUTER_BOUND('',#1295,.T.);
#761=FACE_OUTER_BOUND('',#1296,.T.);
#762=FACE_OUTER_BOUND('',#1297,.T.);
#763=FACE_OUTER_BOUND('',#1298,.T.);
#764=FACE_OUTER_BOUND('',#1299,.T.);
#765=FACE_OUTER_BOUND('',#1300,.T.);
#766=FACE_OUTER_BOUND('',#1301,.T.);
#767=FACE_OUTER_BOUND('',#1302,.T.);
#768=FACE_OUTER_BOUND('',#1303,.T.);
#769=FACE_OUTER_BOUND('',#1304,.T.);
#770=FACE_OUTER_BOUND('',#1305,.T.);
#771=FACE_OUTER_BOUND('',#1306,.T.);
#772=FACE_OUTER_BOUND('',#1307,.T.);
#773=FACE_OUTER_BOUND('',#1308,.T.);
#774=FACE_OUTER_BOUND('',#1309,.T.);
#775=FACE_OUTER_BOUND('',#1310,.T.);
#776=FACE_OUTER_BOUND('',#1311,.T.);
#777=FACE_OUTER_BOUND('',#1312,.T.);
#778=FACE_OUTER_BOUND('',#1313,.T.);
#779=FACE_OUTER_BOUND('',#1314,.T.);
#780=FACE_OUTER_BOUND('',#1315,.T.);
#781=FACE_OUTER_BOUND('',#1316,.T.);
#782=FACE_OUTER_BOUND('',#1317,.T.);
#783=FACE_OUTER_BOUND('',#1318,.T.);
#784=FACE_OUTER_BOUND('',#1319,.T.);
#785=FACE_OUTER_BOUND('',#1320,.T.);
#786=FACE_OUTER_BOUND('',#1321,.T.);
#787=FACE_OUTER_BOUND('',#1322,.T.);
#788=FACE_OUTER_BOUND('',#1323,.T.);
#789=FACE_OUTER_BOUND('',#1324,.T.);
#790=FACE_OUTER_BOUND('',#1325,.T.);
#791=FACE_OUTER_BOUND('',#1326,.T.);
#792=FACE_OUTER_BOUND('',#1327,.T.);
#793=FACE_OUTER_BOUND('',#1328,.T.);
#794=FACE_OUTER_BOUND('',#1329,.T.);
#795=FACE_OUTER_BOUND('',#1330,.T.);
#796=FACE_OUTER_BOUND('',#1331,.T.);
#797=FACE_OUTER_BOUND('',#1332,.T.);
#798=FACE_OUTER_BOUND('',#1333,.T.);
#799=FACE_OUTER_BOUND('',#1334,.T.);
#800=FACE_OUTER_BOUND('',#1335,.T.);
#801=FACE_OUTER_BOUND('',#1336,.T.);
#802=FACE_OUTER_BOUND('',#1337,.T.);
#803=FACE_OUTER_BOUND('',#1338,.T.);
#804=FACE_OUTER_BOUND('',#1339,.T.);
#805=FACE_OUTER_BOUND('',#1340,.T.);
#806=FACE_OUTER_BOUND('',#1341,.T.);
#807=FACE_OUTER_BOUND('',#1342,.T.);
#808=FACE_OUTER_BOUND('',#1343,.T.);
#809=FACE_OUTER_BOUND('',#1344,.T.);
#810=FACE_OUTER_BOUND('',#1345,.T.);
#811=FACE_OUTER_BOUND('',#1346,.T.);
#812=FACE_OUTER_BOUND('',#1347,.T.);
#813=FACE_OUTER_BOUND('',#1348,.T.);
#814=FACE_OUTER_BOUND('',#1349,.T.);
#815=FACE_OUTER_BOUND('',#1350,.T.);
#816=FACE_OUTER_BOUND('',#1351,.T.);
#817=FACE_OUTER_BOUND('',#1352,.T.);
#818=FACE_OUTER_BOUND('',#1354,.T.);
#819=FACE_OUTER_BOUND('',#1355,.T.);
#820=FACE_OUTER_BOUND('',#1356,.T.);
#821=FACE_OUTER_BOUND('',#1357,.T.);
#822=FACE_OUTER_BOUND('',#1358,.T.);
#823=FACE_OUTER_BOUND('',#1359,.T.);
#824=FACE_OUTER_BOUND('',#1361,.T.);
#825=FACE_OUTER_BOUND('',#1362,.T.);
#826=FACE_OUTER_BOUND('',#1363,.T.);
#827=FACE_OUTER_BOUND('',#1365,.T.);
#828=FACE_OUTER_BOUND('',#1366,.T.);
#829=FACE_OUTER_BOUND('',#1367,.T.);
#830=FACE_OUTER_BOUND('',#1368,.T.);
#831=FACE_OUTER_BOUND('',#1369,.T.);
#832=FACE_OUTER_BOUND('',#1371,.T.);
#833=FACE_OUTER_BOUND('',#1373,.T.);
#834=FACE_OUTER_BOUND('',#1374,.T.);
#835=FACE_OUTER_BOUND('',#1375,.T.);
#836=FACE_OUTER_BOUND('',#1376,.T.);
#837=FACE_OUTER_BOUND('',#1377,.T.);
#838=FACE_OUTER_BOUND('',#1378,.T.);
#839=FACE_OUTER_BOUND('',#1379,.T.);
#840=FACE_OUTER_BOUND('',#1380,.T.);
#841=FACE_OUTER_BOUND('',#1381,.T.);
#842=FACE_OUTER_BOUND('',#1382,.T.);
#843=FACE_OUTER_BOUND('',#1383,.T.);
#844=FACE_OUTER_BOUND('',#1384,.T.);
#845=FACE_OUTER_BOUND('',#1385,.T.);
#846=FACE_OUTER_BOUND('',#1386,.T.);
#847=FACE_OUTER_BOUND('',#1387,.T.);
#848=FACE_OUTER_BOUND('',#1388,.T.);
#849=FACE_OUTER_BOUND('',#1389,.T.);
#850=FACE_OUTER_BOUND('',#1390,.T.);
#851=FACE_OUTER_BOUND('',#1391,.T.);
#852=FACE_OUTER_BOUND('',#1392,.T.);
#853=FACE_OUTER_BOUND('',#1393,.T.);
#854=FACE_OUTER_BOUND('',#1394,.T.);
#855=FACE_OUTER_BOUND('',#1395,.T.);
#856=FACE_OUTER_BOUND('',#1396,.T.);
#857=FACE_OUTER_BOUND('',#1397,.T.);
#858=FACE_OUTER_BOUND('',#1398,.T.);
#859=FACE_OUTER_BOUND('',#1399,.T.);
#860=FACE_OUTER_BOUND('',#1400,.T.);
#861=FACE_OUTER_BOUND('',#1401,.T.);
#862=FACE_OUTER_BOUND('',#1402,.T.);
#863=FACE_OUTER_BOUND('',#1403,.T.);
#864=FACE_OUTER_BOUND('',#1404,.T.);
#865=FACE_OUTER_BOUND('',#1405,.T.);
#866=FACE_OUTER_BOUND('',#1406,.T.);
#867=FACE_OUTER_BOUND('',#1407,.T.);
#868=FACE_OUTER_BOUND('',#1408,.T.);
#869=FACE_OUTER_BOUND('',#1409,.T.);
#870=FACE_OUTER_BOUND('',#1410,.T.);
#871=FACE_OUTER_BOUND('',#1411,.T.);
#872=FACE_OUTER_BOUND('',#1412,.T.);
#873=FACE_OUTER_BOUND('',#1413,.T.);
#874=FACE_OUTER_BOUND('',#1414,.T.);
#875=FACE_OUTER_BOUND('',#1415,.T.);
#876=FACE_OUTER_BOUND('',#1416,.T.);
#877=FACE_OUTER_BOUND('',#1417,.T.);
#878=FACE_OUTER_BOUND('',#1418,.T.);
#879=FACE_OUTER_BOUND('',#1419,.T.);
#880=FACE_OUTER_BOUND('',#1420,.T.);
#881=FACE_OUTER_BOUND('',#1421,.T.);
#882=FACE_OUTER_BOUND('',#1422,.T.);
#883=FACE_OUTER_BOUND('',#1423,.T.);
#884=FACE_OUTER_BOUND('',#1424,.T.);
#885=FACE_OUTER_BOUND('',#1425,.T.);
#886=FACE_OUTER_BOUND('',#1426,.T.);
#887=FACE_OUTER_BOUND('',#1427,.T.);
#888=FACE_OUTER_BOUND('',#1428,.T.);
#889=FACE_OUTER_BOUND('',#1429,.T.);
#890=FACE_OUTER_BOUND('',#1430,.T.);
#891=FACE_OUTER_BOUND('',#1431,.T.);
#892=FACE_OUTER_BOUND('',#1432,.T.);
#893=FACE_OUTER_BOUND('',#1433,.T.);
#894=FACE_OUTER_BOUND('',#1434,.T.);
#895=FACE_OUTER_BOUND('',#1435,.T.);
#896=FACE_OUTER_BOUND('',#1436,.T.);
#897=FACE_OUTER_BOUND('',#1437,.T.);
#898=FACE_OUTER_BOUND('',#1438,.T.);
#899=FACE_OUTER_BOUND('',#1439,.T.);
#900=FACE_OUTER_BOUND('',#1440,.T.);
#901=FACE_OUTER_BOUND('',#1441,.T.);
#902=FACE_OUTER_BOUND('',#1442,.T.);
#903=FACE_OUTER_BOUND('',#1443,.T.);
#904=FACE_OUTER_BOUND('',#1444,.T.);
#905=FACE_OUTER_BOUND('',#1445,.T.);
#906=FACE_OUTER_BOUND('',#1446,.T.);
#907=FACE_OUTER_BOUND('',#1447,.T.);
#908=FACE_OUTER_BOUND('',#1448,.T.);
#909=FACE_OUTER_BOUND('',#1449,.T.);
#910=FACE_OUTER_BOUND('',#1450,.T.);
#911=FACE_OUTER_BOUND('',#1451,.T.);
#912=FACE_OUTER_BOUND('',#1452,.T.);
#913=FACE_OUTER_BOUND('',#1453,.T.);
#914=FACE_OUTER_BOUND('',#1454,.T.);
#915=FACE_OUTER_BOUND('',#1455,.T.);
#916=FACE_OUTER_BOUND('',#1456,.T.);
#917=FACE_OUTER_BOUND('',#1457,.T.);
#918=FACE_OUTER_BOUND('',#1458,.T.);
#919=FACE_OUTER_BOUND('',#1459,.T.);
#920=FACE_OUTER_BOUND('',#1460,.T.);
#921=FACE_OUTER_BOUND('',#1461,.T.);
#922=FACE_OUTER_BOUND('',#1462,.T.);
#923=FACE_OUTER_BOUND('',#1463,.T.);
#924=FACE_OUTER_BOUND('',#1464,.T.);
#925=FACE_OUTER_BOUND('',#1465,.T.);
#926=FACE_OUTER_BOUND('',#1466,.T.);
#927=FACE_OUTER_BOUND('',#1467,.T.);
#928=FACE_OUTER_BOUND('',#1468,.T.);
#929=FACE_OUTER_BOUND('',#1469,.T.);
#930=FACE_OUTER_BOUND('',#1470,.T.);
#931=FACE_OUTER_BOUND('',#1471,.T.);
#932=FACE_OUTER_BOUND('',#1472,.T.);
#933=FACE_OUTER_BOUND('',#1473,.T.);
#934=EDGE_LOOP('',(#5894,#5895,#5896,#5897,#5898,#5899,#5900,#5901,#5902,
#5903,#5904,#5905,#5906,#5907,#5908,#5909,#5910,#5911,#5912,#5913));
#935=EDGE_LOOP('',(#5914,#5915,#5916,#5917,#5918,#5919));
#936=EDGE_LOOP('',(#5920,#5921,#5922,#5923,#5924,#5925,#5926,#5927,#5928,
#5929,#5930,#5931,#5932));
#937=EDGE_LOOP('',(#5933,#5934,#5935,#5936,#5937,#5938,#5939,#5940,#5941,
#5942,#5943,#5944,#5945));
#938=EDGE_LOOP('',(#5946,#5947,#5948,#5949,#5950,#5951));
#939=EDGE_LOOP('',(#5952,#5953,#5954,#5955));
#940=EDGE_LOOP('',(#5956,#5957,#5958,#5959,#5960,#5961));
#941=EDGE_LOOP('',(#5962,#5963,#5964,#5965,#5966,#5967));
#942=EDGE_LOOP('',(#5968,#5969,#5970,#5971));
#943=EDGE_LOOP('',(#5972,#5973,#5974,#5975,#5976));
#944=EDGE_LOOP('',(#5977,#5978,#5979,#5980,#5981,#5982,#5983,#5984,#5985,
#5986,#5987,#5988,#5989));
#945=EDGE_LOOP('',(#5990,#5991,#5992,#5993,#5994,#5995,#5996,#5997,#5998,
#5999,#6000,#6001,#6002));
#946=EDGE_LOOP('',(#6003,#6004,#6005,#6006,#6007,#6008));
#947=EDGE_LOOP('',(#6009,#6010,#6011,#6012));
#948=EDGE_LOOP('',(#6013,#6014,#6015,#6016,#6017,#6018));
#949=EDGE_LOOP('',(#6019,#6020,#6021,#6022,#6023,#6024,#6025));
#950=EDGE_LOOP('',(#6026,#6027,#6028,#6029));
#951=EDGE_LOOP('',(#6030,#6031,#6032,#6033));
#952=EDGE_LOOP('',(#6034,#6035,#6036,#6037));
#953=EDGE_LOOP('',(#6038,#6039,#6040,#6041));
#954=EDGE_LOOP('',(#6042));
#955=EDGE_LOOP('',(#6043));
#956=EDGE_LOOP('',(#6044));
#957=EDGE_LOOP('',(#6045,#6046,#6047,#6048));
#958=EDGE_LOOP('',(#6049,#6050,#6051,#6052));
#959=EDGE_LOOP('',(#6053,#6054,#6055,#6056));
#960=EDGE_LOOP('',(#6057,#6058,#6059,#6060));
#961=EDGE_LOOP('',(#6061,#6062,#6063,#6064,#6065,#6066,#6067,#6068,#6069,
#6070,#6071,#6072,#6073,#6074));
#962=EDGE_LOOP('',(#6075,#6076,#6077,#6078));
#963=EDGE_LOOP('',(#6079,#6080,#6081,#6082));
#964=EDGE_LOOP('',(#6083,#6084,#6085,#6086));
#965=EDGE_LOOP('',(#6087,#6088,#6089,#6090,#6091,#6092,#6093,#6094,#6095,
#6096,#6097,#6098,#6099,#6100,#6101,#6102));
#966=EDGE_LOOP('',(#6103,#6104,#6105,#6106));
#967=EDGE_LOOP('',(#6107,#6108,#6109,#6110));
#968=EDGE_LOOP('',(#6111,#6112,#6113,#6114));
#969=EDGE_LOOP('',(#6115,#6116,#6117,#6118,#6119,#6120,#6121,#6122));
#970=EDGE_LOOP('',(#6123));
#971=EDGE_LOOP('',(#6124));
#972=EDGE_LOOP('',(#6125));
#973=EDGE_LOOP('',(#6126,#6127,#6128,#6129,#6130,#6131,#6132,#6133,#6134,
#6135,#6136,#6137,#6138,#6139,#6140,#6141,#6142,#6143,#6144,#6145,#6146,
#6147));
#974=EDGE_LOOP('',(#6148,#6149,#6150,#6151,#6152));
#975=EDGE_LOOP('',(#6153,#6154,#6155,#6156,#6157));
#976=EDGE_LOOP('',(#6158));
#977=EDGE_LOOP('',(#6159));
#978=EDGE_LOOP('',(#6160));
#979=EDGE_LOOP('',(#6161,#6162,#6163,#6164,#6165,#6166,#6167));
#980=EDGE_LOOP('',(#6168,#6169,#6170,#6171,#6172));
#981=EDGE_LOOP('',(#6173,#6174,#6175,#6176,#6177,#6178,#6179,#6180,#6181,
#6182,#6183,#6184,#6185,#6186,#6187,#6188));
#982=EDGE_LOOP('',(#6189));
#983=EDGE_LOOP('',(#6190,#6191,#6192,#6193));
#984=EDGE_LOOP('',(#6194,#6195,#6196,#6197));
#985=EDGE_LOOP('',(#6198,#6199,#6200,#6201));
#986=EDGE_LOOP('',(#6202,#6203,#6204,#6205));
#987=EDGE_LOOP('',(#6206,#6207,#6208,#6209));
#988=EDGE_LOOP('',(#6210,#6211,#6212,#6213));
#989=EDGE_LOOP('',(#6214,#6215,#6216,#6217));
#990=EDGE_LOOP('',(#6218,#6219,#6220,#6221,#6222,#6223,#6224,#6225));
#991=EDGE_LOOP('',(#6226));
#992=EDGE_LOOP('',(#6227));
#993=EDGE_LOOP('',(#6228));
#994=EDGE_LOOP('',(#6229,#6230,#6231,#6232,#6233));
#995=EDGE_LOOP('',(#6234,#6235,#6236,#6237,#6238,#6239,#6240,#6241,#6242,
#6243,#6244,#6245,#6246,#6247,#6248,#6249));
#996=EDGE_LOOP('',(#6250));
#997=EDGE_LOOP('',(#6251,#6252,#6253,#6254));
#998=EDGE_LOOP('',(#6255,#6256,#6257,#6258));
#999=EDGE_LOOP('',(#6259,#6260,#6261,#6262));
#1000=EDGE_LOOP('',(#6263,#6264,#6265,#6266));
#1001=EDGE_LOOP('',(#6267,#6268,#6269,#6270));
#1002=EDGE_LOOP('',(#6271,#6272,#6273,#6274));
#1003=EDGE_LOOP('',(#6275,#6276,#6277,#6278,#6279,#6280,#6281,#6282));
#1004=EDGE_LOOP('',(#6283));
#1005=EDGE_LOOP('',(#6284));
#1006=EDGE_LOOP('',(#6285));
#1007=EDGE_LOOP('',(#6286,#6287,#6288,#6289,#6290,#6291,#6292,#6293,#6294,
#6295,#6296,#6297,#6298,#6299,#6300,#6301));
#1008=EDGE_LOOP('',(#6302,#6303,#6304,#6305));
#1009=EDGE_LOOP('',(#6306,#6307,#6308,#6309,#6310,#6311,#6312,#6313,#6314,
#6315,#6316,#6317,#6318,#6319,#6320,#6321));
#1010=EDGE_LOOP('',(#6322));
#1011=EDGE_LOOP('',(#6323,#6324,#6325,#6326,#6327,#6328,#6329,#6330,#6331,
#6332,#6333,#6334,#6335,#6336,#6337,#6338));
#1012=EDGE_LOOP('',(#6339,#6340,#6341,#6342));
#1013=EDGE_LOOP('',(#6343,#6344,#6345,#6346));
#1014=EDGE_LOOP('',(#6347,#6348,#6349,#6350));
#1015=EDGE_LOOP('',(#6351,#6352,#6353,#6354));
#1016=EDGE_LOOP('',(#6355,#6356,#6357,#6358));
#1017=EDGE_LOOP('',(#6359,#6360,#6361,#6362));
#1018=EDGE_LOOP('',(#6363,#6364,#6365,#6366));
#1019=EDGE_LOOP('',(#6367,#6368,#6369,#6370,#6371,#6372,#6373,#6374));
#1020=EDGE_LOOP('',(#6375,#6376,#6377,#6378));
#1021=EDGE_LOOP('',(#6379,#6380,#6381,#6382,#6383,#6384,#6385,#6386));
#1022=EDGE_LOOP('',(#6387,#6388,#6389,#6390,#6391,#6392,#6393,#6394,#6395,
#6396));
#1023=EDGE_LOOP('',(#6397,#6398,#6399,#6400));
#1024=EDGE_LOOP('',(#6401,#6402,#6403,#6404));
#1025=EDGE_LOOP('',(#6405,#6406,#6407,#6408,#6409,#6410,#6411,#6412,#6413,
#6414,#6415,#6416,#6417,#6418,#6419,#6420));
#1026=EDGE_LOOP('',(#6421,#6422,#6423,#6424,#6425,#6426));
#1027=EDGE_LOOP('',(#6427,#6428,#6429,#6430,#6431,#6432));
#1028=EDGE_LOOP('',(#6433,#6434,#6435,#6436,#6437,#6438,#6439,#6440));
#1029=EDGE_LOOP('',(#6441,#6442,#6443,#6444));
#1030=EDGE_LOOP('',(#6445,#6446,#6447,#6448));
#1031=EDGE_LOOP('',(#6449,#6450,#6451,#6452));
#1032=EDGE_LOOP('',(#6453,#6454,#6455,#6456));
#1033=EDGE_LOOP('',(#6457,#6458,#6459,#6460));
#1034=EDGE_LOOP('',(#6461,#6462,#6463,#6464));
#1035=EDGE_LOOP('',(#6465,#6466,#6467,#6468,#6469,#6470));
#1036=EDGE_LOOP('',(#6471,#6472,#6473,#6474,#6475));
#1037=EDGE_LOOP('',(#6476,#6477,#6478,#6479));
#1038=EDGE_LOOP('',(#6480,#6481,#6482,#6483));
#1039=EDGE_LOOP('',(#6484,#6485,#6486,#6487));
#1040=EDGE_LOOP('',(#6488,#6489,#6490,#6491));
#1041=EDGE_LOOP('',(#6492,#6493,#6494,#6495));
#1042=EDGE_LOOP('',(#6496,#6497,#6498,#6499));
#1043=EDGE_LOOP('',(#6500,#6501,#6502,#6503));
#1044=EDGE_LOOP('',(#6504,#6505,#6506,#6507));
#1045=EDGE_LOOP('',(#6508,#6509,#6510,#6511));
#1046=EDGE_LOOP('',(#6512,#6513,#6514,#6515,#6516));
#1047=EDGE_LOOP('',(#6517,#6518,#6519,#6520,#6521,#6522));
#1048=EDGE_LOOP('',(#6523,#6524,#6525,#6526));
#1049=EDGE_LOOP('',(#6527,#6528,#6529,#6530));
#1050=EDGE_LOOP('',(#6531,#6532,#6533,#6534));
#1051=EDGE_LOOP('',(#6535,#6536,#6537,#6538,#6539,#6540,#6541,#6542));
#1052=EDGE_LOOP('',(#6543,#6544,#6545,#6546,#6547));
#1053=EDGE_LOOP('',(#6548,#6549,#6550,#6551));
#1054=EDGE_LOOP('',(#6552,#6553,#6554,#6555));
#1055=EDGE_LOOP('',(#6556,#6557,#6558,#6559));
#1056=EDGE_LOOP('',(#6560,#6561,#6562,#6563));
#1057=EDGE_LOOP('',(#6564,#6565,#6566,#6567));
#1058=EDGE_LOOP('',(#6568,#6569,#6570,#6571));
#1059=EDGE_LOOP('',(#6572,#6573,#6574,#6575));
#1060=EDGE_LOOP('',(#6576,#6577,#6578,#6579));
#1061=EDGE_LOOP('',(#6580,#6581,#6582,#6583,#6584,#6585,#6586,#6587,#6588,
#6589));
#1062=EDGE_LOOP('',(#6590,#6591,#6592,#6593,#6594,#6595,#6596,#6597,#6598,
#6599));
#1063=EDGE_LOOP('',(#6600,#6601,#6602,#6603));
#1064=EDGE_LOOP('',(#6604,#6605,#6606,#6607));
#1065=EDGE_LOOP('',(#6608,#6609,#6610,#6611));
#1066=EDGE_LOOP('',(#6612,#6613,#6614,#6615));
#1067=EDGE_LOOP('',(#6616,#6617,#6618,#6619));
#1068=EDGE_LOOP('',(#6620,#6621,#6622,#6623));
#1069=EDGE_LOOP('',(#6624,#6625,#6626,#6627));
#1070=EDGE_LOOP('',(#6628,#6629,#6630,#6631));
#1071=EDGE_LOOP('',(#6632,#6633,#6634,#6635));
#1072=EDGE_LOOP('',(#6636,#6637,#6638,#6639));
#1073=EDGE_LOOP('',(#6640,#6641,#6642,#6643,#6644));
#1074=EDGE_LOOP('',(#6645,#6646,#6647,#6648,#6649,#6650));
#1075=EDGE_LOOP('',(#6651,#6652,#6653,#6654,#6655,#6656));
#1076=EDGE_LOOP('',(#6657,#6658,#6659,#6660,#6661,#6662,#6663,#6664));
#1077=EDGE_LOOP('',(#6665,#6666,#6667,#6668));
#1078=EDGE_LOOP('',(#6669,#6670,#6671,#6672));
#1079=EDGE_LOOP('',(#6673,#6674,#6675,#6676));
#1080=EDGE_LOOP('',(#6677,#6678,#6679,#6680));
#1081=EDGE_LOOP('',(#6681,#6682,#6683,#6684));
#1082=EDGE_LOOP('',(#6685,#6686,#6687,#6688));
#1083=EDGE_LOOP('',(#6689,#6690,#6691,#6692,#6693,#6694));
#1084=EDGE_LOOP('',(#6695,#6696,#6697,#6698,#6699));
#1085=EDGE_LOOP('',(#6700,#6701,#6702,#6703));
#1086=EDGE_LOOP('',(#6704,#6705,#6706,#6707));
#1087=EDGE_LOOP('',(#6708,#6709,#6710,#6711));
#1088=EDGE_LOOP('',(#6712,#6713,#6714,#6715));
#1089=EDGE_LOOP('',(#6716,#6717,#6718,#6719));
#1090=EDGE_LOOP('',(#6720,#6721,#6722,#6723));
#1091=EDGE_LOOP('',(#6724,#6725,#6726,#6727));
#1092=EDGE_LOOP('',(#6728,#6729,#6730,#6731));
#1093=EDGE_LOOP('',(#6732,#6733,#6734,#6735));
#1094=EDGE_LOOP('',(#6736,#6737,#6738,#6739,#6740));
#1095=EDGE_LOOP('',(#6741,#6742,#6743,#6744));
#1096=EDGE_LOOP('',(#6745,#6746,#6747,#6748));
#1097=EDGE_LOOP('',(#6749,#6750,#6751,#6752));
#1098=EDGE_LOOP('',(#6753,#6754,#6755,#6756));
#1099=EDGE_LOOP('',(#6757,#6758,#6759,#6760,#6761));
#1100=EDGE_LOOP('',(#6762,#6763,#6764,#6765));
#1101=EDGE_LOOP('',(#6766,#6767,#6768,#6769));
#1102=EDGE_LOOP('',(#6770,#6771,#6772,#6773));
#1103=EDGE_LOOP('',(#6774,#6775,#6776,#6777));
#1104=EDGE_LOOP('',(#6778,#6779,#6780,#6781));
#1105=EDGE_LOOP('',(#6782,#6783,#6784,#6785));
#1106=EDGE_LOOP('',(#6786,#6787,#6788,#6789));
#1107=EDGE_LOOP('',(#6790,#6791,#6792,#6793));
#1108=EDGE_LOOP('',(#6794,#6795,#6796,#6797));
#1109=EDGE_LOOP('',(#6798,#6799,#6800,#6801));
#1110=EDGE_LOOP('',(#6802,#6803,#6804,#6805));
#1111=EDGE_LOOP('',(#6806,#6807,#6808,#6809));
#1112=EDGE_LOOP('',(#6810,#6811,#6812,#6813));
#1113=EDGE_LOOP('',(#6814,#6815,#6816,#6817));
#1114=EDGE_LOOP('',(#6818,#6819,#6820,#6821,#6822,#6823));
#1115=EDGE_LOOP('',(#6824,#6825,#6826,#6827,#6828,#6829));
#1116=EDGE_LOOP('',(#6830,#6831,#6832,#6833,#6834,#6835,#6836,#6837));
#1117=EDGE_LOOP('',(#6838,#6839,#6840,#6841));
#1118=EDGE_LOOP('',(#6842,#6843,#6844,#6845));
#1119=EDGE_LOOP('',(#6846,#6847,#6848,#6849));
#1120=EDGE_LOOP('',(#6850,#6851,#6852,#6853));
#1121=EDGE_LOOP('',(#6854,#6855,#6856,#6857));
#1122=EDGE_LOOP('',(#6858,#6859,#6860,#6861));
#1123=EDGE_LOOP('',(#6862,#6863,#6864,#6865,#6866,#6867));
#1124=EDGE_LOOP('',(#6868,#6869,#6870,#6871,#6872));
#1125=EDGE_LOOP('',(#6873,#6874,#6875,#6876));
#1126=EDGE_LOOP('',(#6877,#6878,#6879,#6880));
#1127=EDGE_LOOP('',(#6881,#6882,#6883,#6884));
#1128=EDGE_LOOP('',(#6885,#6886,#6887,#6888));
#1129=EDGE_LOOP('',(#6889,#6890,#6891,#6892));
#1130=EDGE_LOOP('',(#6893,#6894,#6895,#6896));
#1131=EDGE_LOOP('',(#6897,#6898,#6899,#6900));
#1132=EDGE_LOOP('',(#6901,#6902,#6903,#6904));
#1133=EDGE_LOOP('',(#6905,#6906,#6907,#6908));
#1134=EDGE_LOOP('',(#6909,#6910,#6911,#6912,#6913));
#1135=EDGE_LOOP('',(#6914,#6915,#6916,#6917));
#1136=EDGE_LOOP('',(#6918,#6919,#6920,#6921));
#1137=EDGE_LOOP('',(#6922,#6923,#6924,#6925));
#1138=EDGE_LOOP('',(#6926,#6927,#6928,#6929,#6930,#6931,#6932,#6933));
#1139=EDGE_LOOP('',(#6934,#6935,#6936,#6937,#6938));
#1140=EDGE_LOOP('',(#6939,#6940,#6941,#6942,#6943,#6944));
#1141=EDGE_LOOP('',(#6945,#6946,#6947,#6948));
#1142=EDGE_LOOP('',(#6949,#6950,#6951,#6952));
#1143=EDGE_LOOP('',(#6953,#6954,#6955,#6956));
#1144=EDGE_LOOP('',(#6957,#6958,#6959,#6960));
#1145=EDGE_LOOP('',(#6961,#6962,#6963,#6964));
#1146=EDGE_LOOP('',(#6965,#6966,#6967,#6968));
#1147=EDGE_LOOP('',(#6969,#6970,#6971,#6972));
#1148=EDGE_LOOP('',(#6973,#6974,#6975,#6976));
#1149=EDGE_LOOP('',(#6977,#6978,#6979,#6980));
#1150=EDGE_LOOP('',(#6981,#6982,#6983,#6984));
#1151=EDGE_LOOP('',(#6985,#6986,#6987,#6988));
#1152=EDGE_LOOP('',(#6989,#6990,#6991,#6992));
#1153=EDGE_LOOP('',(#6993,#6994,#6995,#6996));
#1154=EDGE_LOOP('',(#6997,#6998,#6999,#7000));
#1155=EDGE_LOOP('',(#7001,#7002,#7003,#7004,#7005));
#1156=EDGE_LOOP('',(#7006,#7007,#7008));
#1157=EDGE_LOOP('',(#7009,#7010,#7011,#7012));
#1158=EDGE_LOOP('',(#7013,#7014,#7015,#7016));
#1159=EDGE_LOOP('',(#7017,#7018,#7019,#7020));
#1160=EDGE_LOOP('',(#7021,#7022,#7023,#7024));
#1161=EDGE_LOOP('',(#7025,#7026,#7027,#7028));
#1162=EDGE_LOOP('',(#7029,#7030,#7031,#7032));
#1163=EDGE_LOOP('',(#7033,#7034,#7035,#7036));
#1164=EDGE_LOOP('',(#7037,#7038,#7039,#7040));
#1165=EDGE_LOOP('',(#7041,#7042,#7043,#7044));
#1166=EDGE_LOOP('',(#7045,#7046,#7047,#7048));
#1167=EDGE_LOOP('',(#7049,#7050,#7051,#7052));
#1168=EDGE_LOOP('',(#7053,#7054,#7055,#7056));
#1169=EDGE_LOOP('',(#7057,#7058,#7059,#7060,#7061,#7062,#7063,#7064,#7065,
#7066,#7067,#7068,#7069));
#1170=EDGE_LOOP('',(#7070,#7071,#7072,#7073,#7074,#7075,#7076,#7077,#7078,
#7079,#7080,#7081,#7082));
#1171=EDGE_LOOP('',(#7083,#7084,#7085,#7086));
#1172=EDGE_LOOP('',(#7087,#7088,#7089,#7090));
#1173=EDGE_LOOP('',(#7091,#7092,#7093,#7094));
#1174=EDGE_LOOP('',(#7095,#7096,#7097,#7098));
#1175=EDGE_LOOP('',(#7099,#7100,#7101,#7102));
#1176=EDGE_LOOP('',(#7103,#7104,#7105,#7106));
#1177=EDGE_LOOP('',(#7107,#7108,#7109,#7110));
#1178=EDGE_LOOP('',(#7111,#7112,#7113,#7114));
#1179=EDGE_LOOP('',(#7115,#7116,#7117,#7118));
#1180=EDGE_LOOP('',(#7119,#7120,#7121,#7122));
#1181=EDGE_LOOP('',(#7123,#7124,#7125,#7126));
#1182=EDGE_LOOP('',(#7127,#7128,#7129,#7130,#7131));
#1183=EDGE_LOOP('',(#7132,#7133,#7134,#7135,#7136,#7137,#7138,#7139,#7140,
#7141,#7142,#7143,#7144));
#1184=EDGE_LOOP('',(#7145,#7146,#7147,#7148,#7149));
#1185=EDGE_LOOP('',(#7150,#7151,#7152));
#1186=EDGE_LOOP('',(#7153,#7154,#7155,#7156));
#1187=EDGE_LOOP('',(#7157,#7158,#7159,#7160));
#1188=EDGE_LOOP('',(#7161,#7162,#7163,#7164));
#1189=EDGE_LOOP('',(#7165,#7166,#7167,#7168));
#1190=EDGE_LOOP('',(#7169,#7170,#7171,#7172));
#1191=EDGE_LOOP('',(#7173,#7174,#7175,#7176));
#1192=EDGE_LOOP('',(#7177,#7178,#7179,#7180));
#1193=EDGE_LOOP('',(#7181,#7182,#7183,#7184));
#1194=EDGE_LOOP('',(#7185,#7186,#7187,#7188,#7189));
#1195=EDGE_LOOP('',(#7190,#7191,#7192,#7193));
#1196=EDGE_LOOP('',(#7194,#7195,#7196,#7197));
#1197=EDGE_LOOP('',(#7198,#7199,#7200,#7201));
#1198=EDGE_LOOP('',(#7202,#7203,#7204,#7205));
#1199=EDGE_LOOP('',(#7206,#7207,#7208,#7209));
#1200=EDGE_LOOP('',(#7210,#7211,#7212,#7213));
#1201=EDGE_LOOP('',(#7214,#7215,#7216,#7217));
#1202=EDGE_LOOP('',(#7218,#7219,#7220,#7221));
#1203=EDGE_LOOP('',(#7222,#7223,#7224,#7225));
#1204=EDGE_LOOP('',(#7226,#7227,#7228,#7229,#7230,#7231,#7232,#7233,#7234,
#7235,#7236,#7237,#7238));
#1205=EDGE_LOOP('',(#7239,#7240,#7241,#7242,#7243,#7244,#7245,#7246,#7247,
#7248,#7249,#7250,#7251));
#1206=EDGE_LOOP('',(#7252,#7253,#7254,#7255));
#1207=EDGE_LOOP('',(#7256,#7257,#7258,#7259));
#1208=EDGE_LOOP('',(#7260,#7261,#7262,#7263));
#1209=EDGE_LOOP('',(#7264,#7265,#7266,#7267));
#1210=EDGE_LOOP('',(#7268,#7269,#7270,#7271));
#1211=EDGE_LOOP('',(#7272,#7273,#7274,#7275));
#1212=EDGE_LOOP('',(#7276,#7277,#7278,#7279,#7280,#7281,#7282,#7283));
#1213=EDGE_LOOP('',(#7284,#7285,#7286,#7287));
#1214=EDGE_LOOP('',(#7288,#7289,#7290,#7291));
#1215=EDGE_LOOP('',(#7292,#7293,#7294,#7295,#7296,#7297,#7298,#7299,#7300,
#7301,#7302,#7303));
#1216=EDGE_LOOP('',(#7304,#7305,#7306,#7307));
#1217=EDGE_LOOP('',(#7308,#7309,#7310,#7311));
#1218=EDGE_LOOP('',(#7312,#7313,#7314,#7315,#7316,#7317,#7318,#7319));
#1219=EDGE_LOOP('',(#7320,#7321,#7322,#7323));
#1220=EDGE_LOOP('',(#7324,#7325,#7326,#7327));
#1221=EDGE_LOOP('',(#7328,#7329,#7330,#7331,#7332,#7333,#7334,#7335));
#1222=EDGE_LOOP('',(#7336,#7337,#7338,#7339));
#1223=EDGE_LOOP('',(#7340,#7341,#7342,#7343));
#1224=EDGE_LOOP('',(#7344,#7345,#7346,#7347,#7348,#7349,#7350,#7351));
#1225=EDGE_LOOP('',(#7352,#7353,#7354,#7355,#7356,#7357,#7358,#7359,#7360,
#7361,#7362,#7363));
#1226=EDGE_LOOP('',(#7364,#7365,#7366,#7367));
#1227=EDGE_LOOP('',(#7368,#7369,#7370,#7371));
#1228=EDGE_LOOP('',(#7372,#7373,#7374,#7375));
#1229=EDGE_LOOP('',(#7376,#7377,#7378,#7379));
#1230=EDGE_LOOP('',(#7380,#7381,#7382,#7383));
#1231=EDGE_LOOP('',(#7384,#7385,#7386,#7387));
#1232=EDGE_LOOP('',(#7388,#7389,#7390,#7391));
#1233=EDGE_LOOP('',(#7392,#7393,#7394,#7395));
#1234=EDGE_LOOP('',(#7396,#7397,#7398,#7399));
#1235=EDGE_LOOP('',(#7400,#7401,#7402,#7403,#7404,#7405,#7406,#7407));
#1236=EDGE_LOOP('',(#7408,#7409,#7410,#7411));
#1237=EDGE_LOOP('',(#7412,#7413,#7414,#7415));
#1238=EDGE_LOOP('',(#7416,#7417,#7418,#7419));
#1239=EDGE_LOOP('',(#7420,#7421,#7422,#7423));
#1240=EDGE_LOOP('',(#7424,#7425,#7426,#7427));
#1241=EDGE_LOOP('',(#7428,#7429,#7430,#7431));
#1242=EDGE_LOOP('',(#7432,#7433,#7434,#7435));
#1243=EDGE_LOOP('',(#7436,#7437,#7438,#7439));
#1244=EDGE_LOOP('',(#7440,#7441,#7442,#7443));
#1245=EDGE_LOOP('',(#7444,#7445,#7446,#7447));
#1246=EDGE_LOOP('',(#7448,#7449,#7450,#7451,#7452,#7453,#7454,#7455));
#1247=EDGE_LOOP('',(#7456,#7457,#7458,#7459));
#1248=EDGE_LOOP('',(#7460,#7461,#7462,#7463));
#1249=EDGE_LOOP('',(#7464,#7465,#7466,#7467));
#1250=EDGE_LOOP('',(#7468,#7469,#7470,#7471,#7472));
#1251=EDGE_LOOP('',(#7473,#7474,#7475,#7476,#7477));
#1252=EDGE_LOOP('',(#7478,#7479,#7480,#7481));
#1253=EDGE_LOOP('',(#7482,#7483,#7484,#7485));
#1254=EDGE_LOOP('',(#7486,#7487,#7488,#7489));
#1255=EDGE_LOOP('',(#7490,#7491,#7492,#7493,#7494));
#1256=EDGE_LOOP('',(#7495,#7496,#7497,#7498,#7499));
#1257=EDGE_LOOP('',(#7500,#7501,#7502,#7503));
#1258=EDGE_LOOP('',(#7504,#7505,#7506,#7507));
#1259=EDGE_LOOP('',(#7508,#7509,#7510,#7511,#7512));
#1260=EDGE_LOOP('',(#7513,#7514,#7515,#7516,#7517));
#1261=EDGE_LOOP('',(#7518,#7519,#7520,#7521));
#1262=EDGE_LOOP('',(#7522,#7523,#7524,#7525));
#1263=EDGE_LOOP('',(#7526,#7527,#7528,#7529));
#1264=EDGE_LOOP('',(#7530,#7531,#7532,#7533));
#1265=EDGE_LOOP('',(#7534,#7535,#7536,#7537));
#1266=EDGE_LOOP('',(#7538,#7539,#7540,#7541));
#1267=EDGE_LOOP('',(#7542,#7543,#7544,#7545));
#1268=EDGE_LOOP('',(#7546,#7547,#7548,#7549));
#1269=EDGE_LOOP('',(#7550,#7551,#7552,#7553));
#1270=EDGE_LOOP('',(#7554,#7555,#7556,#7557));
#1271=EDGE_LOOP('',(#7558,#7559,#7560,#7561));
#1272=EDGE_LOOP('',(#7562,#7563,#7564,#7565));
#1273=EDGE_LOOP('',(#7566,#7567,#7568,#7569));
#1274=EDGE_LOOP('',(#7570,#7571,#7572,#7573));
#1275=EDGE_LOOP('',(#7574,#7575,#7576,#7577));
#1276=EDGE_LOOP('',(#7578,#7579,#7580,#7581));
#1277=EDGE_LOOP('',(#7582,#7583,#7584,#7585));
#1278=EDGE_LOOP('',(#7586,#7587,#7588,#7589));
#1279=EDGE_LOOP('',(#7590,#7591,#7592,#7593));
#1280=EDGE_LOOP('',(#7594,#7595,#7596,#7597));
#1281=EDGE_LOOP('',(#7598,#7599,#7600,#7601));
#1282=EDGE_LOOP('',(#7602,#7603,#7604,#7605));
#1283=EDGE_LOOP('',(#7606,#7607,#7608,#7609));
#1284=EDGE_LOOP('',(#7610,#7611,#7612,#7613));
#1285=EDGE_LOOP('',(#7614,#7615,#7616,#7617));
#1286=EDGE_LOOP('',(#7618,#7619,#7620,#7621));
#1287=EDGE_LOOP('',(#7622,#7623,#7624,#7625,#7626));
#1288=EDGE_LOOP('',(#7627,#7628,#7629,#7630,#7631));
#1289=EDGE_LOOP('',(#7632,#7633,#7634,#7635));
#1290=EDGE_LOOP('',(#7636,#7637,#7638,#7639));
#1291=EDGE_LOOP('',(#7640,#7641,#7642,#7643));
#1292=EDGE_LOOP('',(#7644,#7645,#7646,#7647));
#1293=EDGE_LOOP('',(#7648,#7649,#7650,#7651));
#1294=EDGE_LOOP('',(#7652,#7653,#7654,#7655));
#1295=EDGE_LOOP('',(#7656,#7657,#7658,#7659));
#1296=EDGE_LOOP('',(#7660,#7661,#7662,#7663));
#1297=EDGE_LOOP('',(#7664,#7665,#7666,#7667));
#1298=EDGE_LOOP('',(#7668,#7669,#7670,#7671));
#1299=EDGE_LOOP('',(#7672,#7673,#7674,#7675));
#1300=EDGE_LOOP('',(#7676,#7677,#7678,#7679));
#1301=EDGE_LOOP('',(#7680,#7681,#7682,#7683));
#1302=EDGE_LOOP('',(#7684,#7685,#7686,#7687));
#1303=EDGE_LOOP('',(#7688,#7689,#7690,#7691));
#1304=EDGE_LOOP('',(#7692,#7693,#7694,#7695));
#1305=EDGE_LOOP('',(#7696,#7697,#7698,#7699));
#1306=EDGE_LOOP('',(#7700,#7701,#7702,#7703));
#1307=EDGE_LOOP('',(#7704,#7705,#7706,#7707));
#1308=EDGE_LOOP('',(#7708,#7709,#7710,#7711));
#1309=EDGE_LOOP('',(#7712,#7713,#7714,#7715));
#1310=EDGE_LOOP('',(#7716,#7717,#7718,#7719));
#1311=EDGE_LOOP('',(#7720,#7721,#7722,#7723,#7724));
#1312=EDGE_LOOP('',(#7725,#7726,#7727,#7728,#7729));
#1313=EDGE_LOOP('',(#7730,#7731,#7732,#7733));
#1314=EDGE_LOOP('',(#7734,#7735,#7736,#7737));
#1315=EDGE_LOOP('',(#7738,#7739,#7740,#7741,#7742));
#1316=EDGE_LOOP('',(#7743,#7744,#7745,#7746,#7747));
#1317=EDGE_LOOP('',(#7748,#7749,#7750,#7751));
#1318=EDGE_LOOP('',(#7752,#7753,#7754,#7755));
#1319=EDGE_LOOP('',(#7756,#7757,#7758,#7759));
#1320=EDGE_LOOP('',(#7760,#7761,#7762,#7763));
#1321=EDGE_LOOP('',(#7764,#7765,#7766,#7767));
#1322=EDGE_LOOP('',(#7768,#7769,#7770,#7771));
#1323=EDGE_LOOP('',(#7772,#7773,#7774,#7775));
#1324=EDGE_LOOP('',(#7776,#7777,#7778,#7779));
#1325=EDGE_LOOP('',(#7780,#7781,#7782,#7783));
#1326=EDGE_LOOP('',(#7784,#7785,#7786,#7787));
#1327=EDGE_LOOP('',(#7788,#7789,#7790,#7791));
#1328=EDGE_LOOP('',(#7792,#7793,#7794,#7795));
#1329=EDGE_LOOP('',(#7796,#7797,#7798,#7799));
#1330=EDGE_LOOP('',(#7800,#7801,#7802,#7803));
#1331=EDGE_LOOP('',(#7804,#7805,#7806,#7807));
#1332=EDGE_LOOP('',(#7808,#7809,#7810,#7811));
#1333=EDGE_LOOP('',(#7812,#7813,#7814,#7815));
#1334=EDGE_LOOP('',(#7816,#7817,#7818,#7819));
#1335=EDGE_LOOP('',(#7820,#7821,#7822,#7823));
#1336=EDGE_LOOP('',(#7824,#7825,#7826,#7827));
#1337=EDGE_LOOP('',(#7828,#7829,#7830,#7831));
#1338=EDGE_LOOP('',(#7832,#7833,#7834,#7835));
#1339=EDGE_LOOP('',(#7836,#7837,#7838,#7839));
#1340=EDGE_LOOP('',(#7840,#7841,#7842,#7843));
#1341=EDGE_LOOP('',(#7844,#7845,#7846,#7847));
#1342=EDGE_LOOP('',(#7848,#7849,#7850,#7851));
#1343=EDGE_LOOP('',(#7852,#7853,#7854,#7855));
#1344=EDGE_LOOP('',(#7856,#7857,#7858,#7859));
#1345=EDGE_LOOP('',(#7860,#7861,#7862,#7863));
#1346=EDGE_LOOP('',(#7864,#7865,#7866,#7867,#7868,#7869,#7870,#7871,#7872,
#7873,#7874,#7875));
#1347=EDGE_LOOP('',(#7876,#7877));
#1348=EDGE_LOOP('',(#7878,#7879));
#1349=EDGE_LOOP('',(#7880,#7881,#7882,#7883));
#1350=EDGE_LOOP('',(#7884,#7885,#7886,#7887,#7888));
#1351=EDGE_LOOP('',(#7889,#7890,#7891,#7892,#7893));
#1352=EDGE_LOOP('',(#7894));
#1353=EDGE_LOOP('',(#7895));
#1354=EDGE_LOOP('',(#7896,#7897,#7898,#7899));
#1355=EDGE_LOOP('',(#7900,#7901,#7902,#7903,#7904,#7905));
#1356=EDGE_LOOP('',(#7906,#7907,#7908,#7909,#7910,#7911));
#1357=EDGE_LOOP('',(#7912,#7913,#7914,#7915));
#1358=EDGE_LOOP('',(#7916,#7917,#7918,#7919));
#1359=EDGE_LOOP('',(#7920));
#1360=EDGE_LOOP('',(#7921));
#1361=EDGE_LOOP('',(#7922));
#1362=EDGE_LOOP('',(#7923,#7924,#7925,#7926,#7927));
#1363=EDGE_LOOP('',(#7928,#7929,#7930,#7931));
#1364=EDGE_LOOP('',(#7932));
#1365=EDGE_LOOP('',(#7933,#7934,#7935,#7936,#7937,#7938,#7939,#7940));
#1366=EDGE_LOOP('',(#7941,#7942,#7943,#7944));
#1367=EDGE_LOOP('',(#7945,#7946,#7947,#7948,#7949));
#1368=EDGE_LOOP('',(#7950,#7951,#7952,#7953,#7954,#7955,#7956,#7957));
#1369=EDGE_LOOP('',(#7958,#7959,#7960,#7961));
#1370=EDGE_LOOP('',(#7962,#7963,#7964,#7965));
#1371=EDGE_LOOP('',(#7966,#7967,#7968,#7969));
#1372=EDGE_LOOP('',(#7970,#7971,#7972,#7973));
#1373=EDGE_LOOP('',(#7974,#7975,#7976,#7977));
#1374=EDGE_LOOP('',(#7978,#7979,#7980,#7981));
#1375=EDGE_LOOP('',(#7982,#7983,#7984,#7985));
#1376=EDGE_LOOP('',(#7986,#7987,#7988,#7989));
#1377=EDGE_LOOP('',(#7990,#7991));
#1378=EDGE_LOOP('',(#7992,#7993,#7994,#7995,#7996,#7997,#7998,#7999,#8000,
#8001,#8002,#8003));
#1379=EDGE_LOOP('',(#8004,#8005));
#1380=EDGE_LOOP('',(#8006,#8007,#8008,#8009,#8010,#8011));
#1381=EDGE_LOOP('',(#8012,#8013,#8014,#8015));
#1382=EDGE_LOOP('',(#8016,#8017,#8018,#8019));
#1383=EDGE_LOOP('',(#8020,#8021,#8022,#8023));
#1384=EDGE_LOOP('',(#8024,#8025,#8026,#8027,#8028,#8029));
#1385=EDGE_LOOP('',(#8030,#8031,#8032,#8033));
#1386=EDGE_LOOP('',(#8034,#8035,#8036,#8037));
#1387=EDGE_LOOP('',(#8038,#8039,#8040,#8041));
#1388=EDGE_LOOP('',(#8042,#8043,#8044,#8045,#8046,#8047,#8048,#8049));
#1389=EDGE_LOOP('',(#8050,#8051,#8052,#8053));
#1390=EDGE_LOOP('',(#8054,#8055,#8056,#8057));
#1391=EDGE_LOOP('',(#8058,#8059,#8060,#8061));
#1392=EDGE_LOOP('',(#8062,#8063,#8064,#8065,#8066,#8067));
#1393=EDGE_LOOP('',(#8068,#8069,#8070,#8071));
#1394=EDGE_LOOP('',(#8072,#8073,#8074,#8075));
#1395=EDGE_LOOP('',(#8076,#8077,#8078,#8079));
#1396=EDGE_LOOP('',(#8080,#8081,#8082,#8083,#8084,#8085));
#1397=EDGE_LOOP('',(#8086,#8087,#8088,#8089,#8090,#8091,#8092,#8093,#8094,
#8095));
#1398=EDGE_LOOP('',(#8096,#8097,#8098,#8099,#8100,#8101,#8102,#8103,#8104,
#8105));
#1399=EDGE_LOOP('',(#8106,#8107,#8108,#8109,#8110,#8111,#8112,#8113));
#1400=EDGE_LOOP('',(#8114,#8115,#8116,#8117));
#1401=EDGE_LOOP('',(#8118,#8119,#8120,#8121));
#1402=EDGE_LOOP('',(#8122,#8123,#8124,#8125,#8126,#8127,#8128,#8129,#8130,
#8131,#8132,#8133,#8134,#8135,#8136,#8137,#8138,#8139,#8140,#8141,#8142,
#8143));
#1403=EDGE_LOOP('',(#8144,#8145,#8146,#8147));
#1404=EDGE_LOOP('',(#8148,#8149,#8150,#8151,#8152,#8153,#8154,#8155,#8156,
#8157,#8158,#8159,#8160,#8161,#8162,#8163,#8164,#8165,#8166,#8167,#8168,
#8169));
#1405=EDGE_LOOP('',(#8170,#8171,#8172,#8173));
#1406=EDGE_LOOP('',(#8174,#8175,#8176,#8177));
#1407=EDGE_LOOP('',(#8178,#8179,#8180,#8181,#8182,#8183));
#1408=EDGE_LOOP('',(#8184,#8185,#8186,#8187));
#1409=EDGE_LOOP('',(#8188,#8189,#8190,#8191));
#1410=EDGE_LOOP('',(#8192,#8193,#8194,#8195));
#1411=EDGE_LOOP('',(#8196,#8197,#8198,#8199));
#1412=EDGE_LOOP('',(#8200,#8201,#8202,#8203));
#1413=EDGE_LOOP('',(#8204,#8205,#8206,#8207));
#1414=EDGE_LOOP('',(#8208,#8209,#8210,#8211));
#1415=EDGE_LOOP('',(#8212,#8213,#8214,#8215,#8216,#8217));
#1416=EDGE_LOOP('',(#8218,#8219,#8220,#8221));
#1417=EDGE_LOOP('',(#8222,#8223,#8224,#8225));
#1418=EDGE_LOOP('',(#8226,#8227,#8228,#8229));
#1419=EDGE_LOOP('',(#8230,#8231,#8232,#8233));
#1420=EDGE_LOOP('',(#8234,#8235,#8236,#8237));
#1421=EDGE_LOOP('',(#8238,#8239,#8240,#8241));
#1422=EDGE_LOOP('',(#8242,#8243,#8244,#8245,#8246,#8247,#8248,#8249,#8250,
#8251));
#1423=EDGE_LOOP('',(#8252,#8253,#8254,#8255,#8256,#8257,#8258,#8259,#8260,
#8261));
#1424=EDGE_LOOP('',(#8262,#8263,#8264,#8265));
#1425=EDGE_LOOP('',(#8266,#8267,#8268,#8269));
#1426=EDGE_LOOP('',(#8270,#8271,#8272,#8273));
#1427=EDGE_LOOP('',(#8274,#8275,#8276,#8277));
#1428=EDGE_LOOP('',(#8278,#8279,#8280,#8281));
#1429=EDGE_LOOP('',(#8282,#8283,#8284,#8285));
#1430=EDGE_LOOP('',(#8286,#8287,#8288,#8289));
#1431=EDGE_LOOP('',(#8290,#8291,#8292,#8293));
#1432=EDGE_LOOP('',(#8294,#8295,#8296,#8297));
#1433=EDGE_LOOP('',(#8298,#8299,#8300,#8301,#8302,#8303,#8304,#8305));
#1434=EDGE_LOOP('',(#8306,#8307,#8308,#8309,#8310,#8311,#8312,#8313));
#1435=EDGE_LOOP('',(#8314,#8315,#8316,#8317));
#1436=EDGE_LOOP('',(#8318,#8319,#8320,#8321));
#1437=EDGE_LOOP('',(#8322,#8323,#8324,#8325));
#1438=EDGE_LOOP('',(#8326,#8327,#8328,#8329));
#1439=EDGE_LOOP('',(#8330,#8331,#8332,#8333));
#1440=EDGE_LOOP('',(#8334,#8335,#8336,#8337));
#1441=EDGE_LOOP('',(#8338,#8339,#8340,#8341));
#1442=EDGE_LOOP('',(#8342,#8343,#8344,#8345,#8346,#8347));
#1443=EDGE_LOOP('',(#8348,#8349,#8350,#8351));
#1444=EDGE_LOOP('',(#8352,#8353,#8354,#8355,#8356,#8357));
#1445=EDGE_LOOP('',(#8358,#8359,#8360,#8361,#8362,#8363,#8364,#8365));
#1446=EDGE_LOOP('',(#8366,#8367,#8368,#8369,#8370,#8371));
#1447=EDGE_LOOP('',(#8372,#8373,#8374,#8375,#8376,#8377,#8378,#8379));
#1448=EDGE_LOOP('',(#8380,#8381,#8382,#8383,#8384,#8385));
#1449=EDGE_LOOP('',(#8386,#8387,#8388,#8389,#8390,#8391,#8392,#8393,#8394,
#8395));
#1450=EDGE_LOOP('',(#8396,#8397,#8398,#8399,#8400,#8401,#8402,#8403,#8404,
#8405));
#1451=EDGE_LOOP('',(#8406,#8407,#8408,#8409,#8410,#8411));
#1452=EDGE_LOOP('',(#8412,#8413,#8414,#8415,#8416,#8417));
#1453=EDGE_LOOP('',(#8418,#8419,#8420,#8421));
#1454=EDGE_LOOP('',(#8422,#8423,#8424,#8425));
#1455=EDGE_LOOP('',(#8426,#8427,#8428,#8429));
#1456=EDGE_LOOP('',(#8430,#8431,#8432,#8433));
#1457=EDGE_LOOP('',(#8434,#8435,#8436,#8437,#8438,#8439));
#1458=EDGE_LOOP('',(#8440,#8441,#8442,#8443,#8444,#8445));
#1459=EDGE_LOOP('',(#8446,#8447,#8448,#8449));
#1460=EDGE_LOOP('',(#8450,#8451,#8452,#8453,#8454,#8455));
#1461=EDGE_LOOP('',(#8456,#8457,#8458,#8459,#8460,#8461,#8462,#8463));
#1462=EDGE_LOOP('',(#8464,#8465,#8466,#8467,#8468,#8469));
#1463=EDGE_LOOP('',(#8470,#8471,#8472,#8473,#8474,#8475,#8476,#8477));
#1464=EDGE_LOOP('',(#8478,#8479,#8480,#8481,#8482,#8483,#8484,#8485,#8486,
#8487));
#1465=EDGE_LOOP('',(#8488,#8489,#8490,#8491,#8492,#8493,#8494,#8495,#8496,
#8497));
#1466=EDGE_LOOP('',(#8498,#8499,#8500,#8501,#8502,#8503));
#1467=EDGE_LOOP('',(#8504,#8505,#8506,#8507,#8508,#8509));
#1468=EDGE_LOOP('',(#8510,#8511,#8512,#8513));
#1469=EDGE_LOOP('',(#8514,#8515,#8516,#8517));
#1470=EDGE_LOOP('',(#8518,#8519,#8520,#8521));
#1471=EDGE_LOOP('',(#8522,#8523,#8524,#8525));
#1472=EDGE_LOOP('',(#8526,#8527,#8528,#8529));
#1473=EDGE_LOOP('',(#8530,#8531,#8532,#8533));
#1474=LINE('',#12685,#2594);
#1475=LINE('',#12687,#2595);
#1476=LINE('',#12689,#2596);
#1477=LINE('',#12691,#2597);
#1478=LINE('',#12693,#2598);
#1479=LINE('',#12695,#2599);
#1480=LINE('',#12697,#2600);
#1481=LINE('',#12699,#2601);
#1482=LINE('',#12701,#2602);
#1483=LINE('',#12703,#2603);
#1484=LINE('',#12705,#2604);
#1485=LINE('',#12707,#2605);
#1486=LINE('',#12709,#2606);
#1487=LINE('',#12711,#2607);
#1488=LINE('',#12713,#2608);
#1489=LINE('',#12715,#2609);
#1490=LINE('',#12717,#2610);
#1491=LINE('',#12719,#2611);
#1492=LINE('',#12721,#2612);
#1493=LINE('',#12722,#2613);
#1494=LINE('',#12725,#2614);
#1495=LINE('',#12727,#2615);
#1496=LINE('',#12729,#2616);
#1497=LINE('',#12731,#2617);
#1498=LINE('',#12732,#2618);
#1499=LINE('',#12736,#2619);
#1500=LINE('',#12738,#2620);
#1501=LINE('',#12740,#2621);
#1502=LINE('',#12742,#2622);
#1503=LINE('',#12744,#2623);
#1504=LINE('',#12746,#2624);
#1505=LINE('',#12748,#2625);
#1506=LINE('',#12750,#2626);
#1507=LINE('',#12752,#2627);
#1508=LINE('',#12754,#2628);
#1509=LINE('',#12756,#2629);
#1510=LINE('',#12758,#2630);
#1511=LINE('',#12759,#2631);
#1512=LINE('',#12763,#2632);
#1513=LINE('',#12765,#2633);
#1514=LINE('',#12767,#2634);
#1515=LINE('',#12769,#2635);
#1516=LINE('',#12771,#2636);
#1517=LINE('',#12773,#2637);
#1518=LINE('',#12775,#2638);
#1519=LINE('',#12777,#2639);
#1520=LINE('',#12779,#2640);
#1521=LINE('',#12781,#2641);
#1522=LINE('',#12783,#2642);
#1523=LINE('',#12785,#2643);
#1524=LINE('',#12786,#2644);
#1525=LINE('',#12789,#2645);
#1526=LINE('',#12791,#2646);
#1527=LINE('',#12793,#2647);
#1528=LINE('',#12795,#2648);
#1529=LINE('',#12796,#2649);
#1530=LINE('',#12799,#2650);
#1531=LINE('',#12801,#2651);
#1532=LINE('',#12802,#2652);
#1533=LINE('',#12805,#2653);
#1534=LINE('',#12807,#2654);
#1535=LINE('',#12808,#2655);
#1536=LINE('',#12809,#2656);
#1537=LINE('',#12814,#2657);
#1538=LINE('',#12818,#2658);
#1539=LINE('',#12823,#2659);
#1540=LINE('',#12825,#2660);
#1541=LINE('',#12827,#2661);
#1542=LINE('',#12828,#2662);
#1543=LINE('',#12832,#2663);
#1544=LINE('',#12833,#2664);
#1545=LINE('',#12835,#2665);
#1546=LINE('',#12836,#2666);
#1547=LINE('',#12840,#2667);
#1548=LINE('',#12842,#2668);
#1549=LINE('',#12844,#2669);
#1550=LINE('',#12846,#2670);
#1551=LINE('',#12848,#2671);
#1552=LINE('',#12850,#2672);
#1553=LINE('',#12852,#2673);
#1554=LINE('',#12854,#2674);
#1555=LINE('',#12856,#2675);
#1556=LINE('',#12858,#2676);
#1557=LINE('',#12860,#2677);
#1558=LINE('',#12862,#2678);
#1559=LINE('',#12863,#2679);
#1560=LINE('',#12867,#2680);
#1561=LINE('',#12869,#2681);
#1562=LINE('',#12871,#2682);
#1563=LINE('',#12873,#2683);
#1564=LINE('',#12875,#2684);
#1565=LINE('',#12877,#2685);
#1566=LINE('',#12879,#2686);
#1567=LINE('',#12881,#2687);
#1568=LINE('',#12883,#2688);
#1569=LINE('',#12885,#2689);
#1570=LINE('',#12887,#2690);
#1571=LINE('',#12889,#2691);
#1572=LINE('',#12890,#2692);
#1573=LINE('',#12893,#2693);
#1574=LINE('',#12895,#2694);
#1575=LINE('',#12897,#2695);
#1576=LINE('',#12899,#2696);
#1577=LINE('',#12900,#2697);
#1578=LINE('',#12903,#2698);
#1579=LINE('',#12905,#2699);
#1580=LINE('',#12906,#2700);
#1581=LINE('',#12909,#2701);
#1582=LINE('',#12911,#2702);
#1583=LINE('',#12912,#2703);
#1584=LINE('',#12913,#2704);
#1585=LINE('',#12918,#2705);
#1586=LINE('',#12921,#2706);
#1587=LINE('',#12926,#2707);
#1588=LINE('',#12928,#2708);
#1589=LINE('',#12930,#2709);
#1590=LINE('',#12931,#2710);
#1591=LINE('',#12934,#2711);
#1592=LINE('',#12936,#2712);
#1593=LINE('',#12938,#2713);
#1594=LINE('',#12939,#2714);
#1595=LINE('',#12942,#2715);
#1596=LINE('',#12944,#2716);
#1597=LINE('',#12946,#2717);
#1598=LINE('',#12947,#2718);
#1599=LINE('',#12950,#2719);
#1600=LINE('',#12952,#2720);
#1601=LINE('',#12954,#2721);
#1602=LINE('',#12955,#2722);
#1603=LINE('',#12965,#2723);
#1604=LINE('',#12967,#2724);
#1605=LINE('',#12969,#2725);
#1606=LINE('',#12970,#2726);
#1607=LINE('',#12973,#2727);
#1608=LINE('',#12975,#2728);
#1609=LINE('',#12977,#2729);
#1610=LINE('',#12978,#2730);
#1611=LINE('',#12981,#2731);
#1612=LINE('',#12983,#2732);
#1613=LINE('',#12985,#2733);
#1614=LINE('',#12986,#2734);
#1615=LINE('',#12989,#2735);
#1616=LINE('',#12991,#2736);
#1617=LINE('',#12993,#2737);
#1618=LINE('',#12994,#2738);
#1619=LINE('',#12997,#2739);
#1620=LINE('',#12998,#2740);
#1621=LINE('',#13000,#2741);
#1622=LINE('',#13002,#2742);
#1623=LINE('',#13006,#2743);
#1624=LINE('',#13008,#2744);
#1625=LINE('',#13010,#2745);
#1626=LINE('',#13012,#2746);
#1627=LINE('',#13014,#2747);
#1628=LINE('',#13016,#2748);
#1629=LINE('',#13017,#2749);
#1630=LINE('',#13020,#2750);
#1631=LINE('',#13022,#2751);
#1632=LINE('',#13024,#2752);
#1633=LINE('',#13025,#2753);
#1634=LINE('',#13028,#2754);
#1635=LINE('',#13030,#2755);
#1636=LINE('',#13032,#2756);
#1637=LINE('',#13033,#2757);
#1638=LINE('',#13036,#2758);
#1639=LINE('',#13038,#2759);
#1640=LINE('',#13040,#2760);
#1641=LINE('',#13041,#2761);
#1642=LINE('',#13044,#2762);
#1643=LINE('',#13046,#2763);
#1644=LINE('',#13048,#2764);
#1645=LINE('',#13050,#2765);
#1646=LINE('',#13051,#2766);
#1647=LINE('',#13052,#2767);
#1648=LINE('',#13055,#2768);
#1649=LINE('',#13057,#2769);
#1650=LINE('',#13059,#2770);
#1651=LINE('',#13060,#2771);
#1652=LINE('',#13063,#2772);
#1653=LINE('',#13065,#2773);
#1654=LINE('',#13067,#2774);
#1655=LINE('',#13068,#2775);
#1656=LINE('',#13071,#2776);
#1657=LINE('',#13073,#2777);
#1658=LINE('',#13075,#2778);
#1659=LINE('',#13076,#2779);
#1660=LINE('',#13079,#2780);
#1661=LINE('',#13081,#2781);
#1662=LINE('',#13083,#2782);
#1663=LINE('',#13085,#2783);
#1664=LINE('',#13087,#2784);
#1665=LINE('',#13088,#2785);
#1666=LINE('',#13099,#2786);
#1667=LINE('',#13102,#2787);
#1668=LINE('',#13104,#2788);
#1669=LINE('',#13106,#2789);
#1670=LINE('',#13108,#2790);
#1671=LINE('',#13110,#2791);
#1672=LINE('',#13112,#2792);
#1673=LINE('',#13114,#2793);
#1674=LINE('',#13116,#2794);
#1675=LINE('',#13118,#2795);
#1676=LINE('',#13120,#2796);
#1677=LINE('',#13122,#2797);
#1678=LINE('',#13124,#2798);
#1679=LINE('',#13126,#2799);
#1680=LINE('',#13128,#2800);
#1681=LINE('',#13130,#2801);
#1682=LINE('',#13132,#2802);
#1683=LINE('',#13136,#2803);
#1684=LINE('',#13140,#2804);
#1685=LINE('',#13144,#2805);
#1686=LINE('',#13147,#2806);
#1687=LINE('',#13150,#2807);
#1688=LINE('',#13154,#2808);
#1689=LINE('',#13157,#2809);
#1690=LINE('',#13167,#2810);
#1691=LINE('',#13169,#2811);
#1692=LINE('',#13171,#2812);
#1693=LINE('',#13173,#2813);
#1694=LINE('',#13175,#2814);
#1695=LINE('',#13177,#2815);
#1696=LINE('',#13178,#2816);
#1697=LINE('',#13181,#2817);
#1698=LINE('',#13182,#2818);
#1699=LINE('',#13183,#2819);
#1700=LINE('',#13186,#2820);
#1701=LINE('',#13188,#2821);
#1702=LINE('',#13190,#2822);
#1703=LINE('',#13192,#2823);
#1704=LINE('',#13194,#2824);
#1705=LINE('',#13196,#2825);
#1706=LINE('',#13198,#2826);
#1707=LINE('',#13200,#2827);
#1708=LINE('',#13202,#2828);
#1709=LINE('',#13204,#2829);
#1710=LINE('',#13206,#2830);
#1711=LINE('',#13207,#2831);
#1712=LINE('',#13209,#2832);
#1713=LINE('',#13210,#2833);
#1714=LINE('',#13216,#2834);
#1715=LINE('',#13218,#2835);
#1716=LINE('',#13220,#2836);
#1717=LINE('',#13221,#2837);
#1718=LINE('',#13225,#2838);
#1719=LINE('',#13227,#2839);
#1720=LINE('',#13229,#2840);
#1721=LINE('',#13230,#2841);
#1722=LINE('',#13234,#2842);
#1723=LINE('',#13235,#2843);
#1724=LINE('',#13236,#2844);
#1725=LINE('',#13240,#2845);
#1726=LINE('',#13241,#2846);
#1727=LINE('',#13242,#2847);
#1728=LINE('',#13245,#2848);
#1729=LINE('',#13246,#2849);
#1730=LINE('',#13249,#2850);
#1731=LINE('',#13251,#2851);
#1732=LINE('',#13252,#2852);
#1733=LINE('',#13255,#2853);
#1734=LINE('',#13257,#2854);
#1735=LINE('',#13258,#2855);
#1736=LINE('',#13261,#2856);
#1737=LINE('',#13263,#2857);
#1738=LINE('',#13265,#2858);
#1739=LINE('',#13267,#2859);
#1740=LINE('',#13268,#2860);
#1741=LINE('',#13277,#2861);
#1742=LINE('',#13279,#2862);
#1743=LINE('',#13280,#2863);
#1744=LINE('',#13283,#2864);
#1745=LINE('',#13284,#2865);
#1746=LINE('',#13286,#2866);
#1747=LINE('',#13288,#2867);
#1748=LINE('',#13289,#2868);
#1749=LINE('',#13291,#2869);
#1750=LINE('',#13293,#2870);
#1751=LINE('',#13295,#2871);
#1752=LINE('',#13297,#2872);
#1753=LINE('',#13298,#2873);
#1754=LINE('',#13300,#2874);
#1755=LINE('',#13301,#2875);
#1756=LINE('',#13306,#2876);
#1757=LINE('',#13308,#2877);
#1758=LINE('',#13309,#2878);
#1759=LINE('',#13313,#2879);
#1760=LINE('',#13315,#2880);
#1761=LINE('',#13317,#2881);
#1762=LINE('',#13318,#2882);
#1763=LINE('',#13322,#2883);
#1764=LINE('',#13323,#2884);
#1765=LINE('',#13324,#2885);
#1766=LINE('',#13327,#2886);
#1767=LINE('',#13328,#2887);
#1768=LINE('',#13331,#2888);
#1769=LINE('',#13332,#2889);
#1770=LINE('',#13335,#2890);
#1771=LINE('',#13337,#2891);
#1772=LINE('',#13338,#2892);
#1773=LINE('',#13343,#2893);
#1774=LINE('',#13345,#2894);
#1775=LINE('',#13347,#2895);
#1776=LINE('',#13349,#2896);
#1777=LINE('',#13351,#2897);
#1778=LINE('',#13352,#2898);
#1779=LINE('',#13362,#2899);
#1780=LINE('',#13363,#2900);
#1781=LINE('',#13365,#2901);
#1782=LINE('',#13366,#2902);
#1783=LINE('',#13367,#2903);
#1784=LINE('',#13369,#2904);
#1785=LINE('',#13370,#2905);
#1786=LINE('',#13371,#2906);
#1787=LINE('',#13372,#2907);
#1788=LINE('',#13374,#2908);
#1789=LINE('',#13378,#2909);
#1790=LINE('',#13380,#2910);
#1791=LINE('',#13381,#2911);
#1792=LINE('',#13383,#2912);
#1793=LINE('',#13385,#2913);
#1794=LINE('',#13386,#2914);
#1795=LINE('',#13388,#2915);
#1796=LINE('',#13390,#2916);
#1797=LINE('',#13392,#2917);
#1798=LINE('',#13394,#2918);
#1799=LINE('',#13396,#2919);
#1800=LINE('',#13398,#2920);
#1801=LINE('',#13400,#2921);
#1802=LINE('',#13401,#2922);
#1803=LINE('',#13406,#2923);
#1804=LINE('',#13407,#2924);
#1805=LINE('',#13409,#2925);
#1806=LINE('',#13410,#2926);
#1807=LINE('',#13412,#2927);
#1808=LINE('',#13414,#2928);
#1809=LINE('',#13415,#2929);
#1810=LINE('',#13417,#2930);
#1811=LINE('',#13419,#2931);
#1812=LINE('',#13420,#2932);
#1813=LINE('',#13421,#2933);
#1814=LINE('',#13424,#2934);
#1815=LINE('',#13426,#2935);
#1816=LINE('',#13427,#2936);
#1817=LINE('',#13431,#2937);
#1818=LINE('',#13433,#2938);
#1819=LINE('',#13435,#2939);
#1820=LINE('',#13436,#2940);
#1821=LINE('',#13440,#2941);
#1822=LINE('',#13441,#2942);
#1823=LINE('',#13442,#2943);
#1824=LINE('',#13445,#2944);
#1825=LINE('',#13446,#2945);
#1826=LINE('',#13449,#2946);
#1827=LINE('',#13450,#2947);
#1828=LINE('',#13453,#2948);
#1829=LINE('',#13455,#2949);
#1830=LINE('',#13456,#2950);
#1831=LINE('',#13458,#2951);
#1832=LINE('',#13460,#2952);
#1833=LINE('',#13461,#2953);
#1834=LINE('',#13463,#2954);
#1835=LINE('',#13467,#2955);
#1836=LINE('',#13469,#2956);
#1837=LINE('',#13471,#2957);
#1838=LINE('',#13472,#2958);
#1839=LINE('',#13474,#2959);
#1840=LINE('',#13475,#2960);
#1841=LINE('',#13477,#2961);
#1842=LINE('',#13478,#2962);
#1843=LINE('',#13479,#2963);
#1844=LINE('',#13480,#2964);
#1845=LINE('',#13483,#2965);
#1846=LINE('',#13484,#2966);
#1847=LINE('',#13486,#2967);
#1848=LINE('',#13488,#2968);
#1849=LINE('',#13489,#2969);
#1850=LINE('',#13491,#2970);
#1851=LINE('',#13493,#2971);
#1852=LINE('',#13494,#2972);
#1853=LINE('',#13495,#2973);
#1854=LINE('',#13497,#2974);
#1855=LINE('',#13498,#2975);
#1856=LINE('',#13500,#2976);
#1857=LINE('',#13501,#2977);
#1858=LINE('',#13505,#2978);
#1859=LINE('',#13507,#2979);
#1860=LINE('',#13509,#2980);
#1861=LINE('',#13510,#2981);
#1862=LINE('',#13512,#2982);
#1863=LINE('',#13520,#2983);
#1864=LINE('',#13523,#2984);
#1865=LINE('',#13524,#2985);
#1866=LINE('',#13527,#2986);
#1867=LINE('',#13528,#2987);
#1868=LINE('',#13530,#2988);
#1869=LINE('',#13533,#2989);
#1870=LINE('',#13534,#2990);
#1871=LINE('',#13537,#2991);
#1872=LINE('',#13538,#2992);
#1873=LINE('',#13540,#2993);
#1874=LINE('',#13546,#2994);
#1875=LINE('',#13548,#2995);
#1876=LINE('',#13551,#2996);
#1877=LINE('',#13552,#2997);
#1878=LINE('',#13554,#2998);
#1879=LINE('',#13555,#2999);
#1880=LINE('',#13558,#3000);
#1881=LINE('',#13559,#3001);
#1882=LINE('',#13562,#3002);
#1883=LINE('',#13563,#3003);
#1884=LINE('',#13565,#3004);
#1885=LINE('',#13568,#3005);
#1886=LINE('',#13570,#3006);
#1887=LINE('',#13571,#3007);
#1888=LINE('',#13577,#3008);
#1889=LINE('',#13578,#3009);
#1890=LINE('',#13582,#3010);
#1891=LINE('',#13584,#3011);
#1892=LINE('',#13586,#3012);
#1893=LINE('',#13590,#3013);
#1894=LINE('',#13592,#3014);
#1895=LINE('',#13593,#3015);
#1896=LINE('',#13596,#3016);
#1897=LINE('',#13598,#3017);
#1898=LINE('',#13599,#3018);
#1899=LINE('',#13604,#3019);
#1900=LINE('',#13608,#3020);
#1901=LINE('',#13610,#3021);
#1902=LINE('',#13611,#3022);
#1903=LINE('',#13616,#3023);
#1904=LINE('',#13620,#3024);
#1905=LINE('',#13621,#3025);
#1906=LINE('',#13624,#3026);
#1907=LINE('',#13626,#3027);
#1908=LINE('',#13630,#3028);
#1909=LINE('',#13633,#3029);
#1910=LINE('',#13635,#3030);
#1911=LINE('',#13637,#3031);
#1912=LINE('',#13638,#3032);
#1913=LINE('',#13640,#3033);
#1914=LINE('',#13642,#3034);
#1915=LINE('',#13645,#3035);
#1916=LINE('',#13646,#3036);
#1917=LINE('',#13648,#3037);
#1918=LINE('',#13650,#3038);
#1919=LINE('',#13653,#3039);
#1920=LINE('',#13655,#3040);
#1921=LINE('',#13656,#3041);
#1922=LINE('',#13658,#3042);
#1923=LINE('',#13659,#3043);
#1924=LINE('',#13663,#3044);
#1925=LINE('',#13665,#3045);
#1926=LINE('',#13667,#3046);
#1927=LINE('',#13668,#3047);
#1928=LINE('',#13670,#3048);
#1929=LINE('',#13678,#3049);
#1930=LINE('',#13681,#3050);
#1931=LINE('',#13682,#3051);
#1932=LINE('',#13685,#3052);
#1933=LINE('',#13686,#3053);
#1934=LINE('',#13688,#3054);
#1935=LINE('',#13691,#3055);
#1936=LINE('',#13692,#3056);
#1937=LINE('',#13695,#3057);
#1938=LINE('',#13696,#3058);
#1939=LINE('',#13698,#3059);
#1940=LINE('',#13704,#3060);
#1941=LINE('',#13706,#3061);
#1942=LINE('',#13709,#3062);
#1943=LINE('',#13710,#3063);
#1944=LINE('',#13713,#3064);
#1945=LINE('',#13714,#3065);
#1946=LINE('',#13716,#3066);
#1947=LINE('',#13721,#3067);
#1948=LINE('',#13725,#3068);
#1949=LINE('',#13727,#3069);
#1950=LINE('',#13729,#3070);
#1951=LINE('',#13731,#3071);
#1952=LINE('',#13733,#3072);
#1953=LINE('',#13735,#3073);
#1954=LINE('',#13737,#3074);
#1955=LINE('',#13738,#3075);
#1956=LINE('',#13740,#3076);
#1957=LINE('',#13742,#3077);
#1958=LINE('',#13745,#3078);
#1959=LINE('',#13746,#3079);
#1960=LINE('',#13748,#3080);
#1961=LINE('',#13750,#3081);
#1962=LINE('',#13753,#3082);
#1963=LINE('',#13754,#3083);
#1964=LINE('',#13756,#3084);
#1965=LINE('',#13757,#3085);
#1966=LINE('',#13761,#3086);
#1967=LINE('',#13763,#3087);
#1968=LINE('',#13765,#3088);
#1969=LINE('',#13766,#3089);
#1970=LINE('',#13768,#3090);
#1971=LINE('',#13776,#3091);
#1972=LINE('',#13779,#3092);
#1973=LINE('',#13780,#3093);
#1974=LINE('',#13783,#3094);
#1975=LINE('',#13784,#3095);
#1976=LINE('',#13786,#3096);
#1977=LINE('',#13789,#3097);
#1978=LINE('',#13790,#3098);
#1979=LINE('',#13793,#3099);
#1980=LINE('',#13794,#3100);
#1981=LINE('',#13796,#3101);
#1982=LINE('',#13802,#3102);
#1983=LINE('',#13804,#3103);
#1984=LINE('',#13807,#3104);
#1985=LINE('',#13808,#3105);
#1986=LINE('',#13811,#3106);
#1987=LINE('',#13812,#3107);
#1988=LINE('',#13814,#3108);
#1989=LINE('',#13817,#3109);
#1990=LINE('',#13819,#3110);
#1991=LINE('',#13820,#3111);
#1992=LINE('',#13824,#3112);
#1993=LINE('',#13826,#3113);
#1994=LINE('',#13827,#3114);
#1995=LINE('',#13830,#3115);
#1996=LINE('',#13832,#3116);
#1997=LINE('',#13835,#3117);
#1998=LINE('',#13837,#3118);
#1999=LINE('',#13839,#3119);
#2000=LINE('',#13840,#3120);
#2001=LINE('',#13842,#3121);
#2002=LINE('',#13844,#3122);
#2003=LINE('',#13847,#3123);
#2004=LINE('',#13848,#3124);
#2005=LINE('',#13850,#3125);
#2006=LINE('',#13852,#3126);
#2007=LINE('',#13856,#3127);
#2008=LINE('',#13857,#3128);
#2009=LINE('',#13858,#3129);
#2010=LINE('',#13860,#3130);
#2011=LINE('',#13863,#3131);
#2012=LINE('',#13866,#3132);
#2013=LINE('',#13868,#3133);
#2014=LINE('',#13872,#3134);
#2015=LINE('',#13874,#3135);
#2016=LINE('',#13875,#3136);
#2017=LINE('',#13879,#3137);
#2018=LINE('',#13881,#3138);
#2019=LINE('',#13883,#3139);
#2020=LINE('',#13884,#3140);
#2021=LINE('',#13888,#3141);
#2022=LINE('',#13890,#3142);
#2023=LINE('',#13892,#3143);
#2024=LINE('',#13893,#3144);
#2025=LINE('',#13897,#3145);
#2026=LINE('',#13899,#3146);
#2027=LINE('',#13901,#3147);
#2028=LINE('',#13902,#3148);
#2029=LINE('',#13906,#3149);
#2030=LINE('',#13908,#3150);
#2031=LINE('',#13910,#3151);
#2032=LINE('',#13911,#3152);
#2033=LINE('',#13915,#3153);
#2034=LINE('',#13917,#3154);
#2035=LINE('',#13919,#3155);
#2036=LINE('',#13920,#3156);
#2037=LINE('',#13943,#3157);
#2038=LINE('',#13945,#3158);
#2039=LINE('',#13946,#3159);
#2040=LINE('',#13949,#3160);
#2041=LINE('',#13950,#3161);
#2042=LINE('',#13953,#3162);
#2043=LINE('',#13957,#3163);
#2044=LINE('',#13958,#3164);
#2045=LINE('',#13965,#3165);
#2046=LINE('',#13966,#3166);
#2047=LINE('',#13967,#3167);
#2048=LINE('',#13969,#3168);
#2049=LINE('',#13972,#3169);
#2050=LINE('',#13976,#3170);
#2051=LINE('',#13978,#3171);
#2052=LINE('',#13979,#3172);
#2053=LINE('',#13982,#3173);
#2054=LINE('',#13983,#3174);
#2055=LINE('',#13986,#3175);
#2056=LINE('',#13990,#3176);
#2057=LINE('',#13991,#3177);
#2058=LINE('',#13996,#3178);
#2059=LINE('',#13998,#3179);
#2060=LINE('',#14002,#3180);
#2061=LINE('',#14004,#3181);
#2062=LINE('',#14005,#3182);
#2063=LINE('',#14009,#3183);
#2064=LINE('',#14011,#3184);
#2065=LINE('',#14013,#3185);
#2066=LINE('',#14014,#3186);
#2067=LINE('',#14018,#3187);
#2068=LINE('',#14020,#3188);
#2069=LINE('',#14022,#3189);
#2070=LINE('',#14023,#3190);
#2071=LINE('',#14027,#3191);
#2072=LINE('',#14029,#3192);
#2073=LINE('',#14031,#3193);
#2074=LINE('',#14032,#3194);
#2075=LINE('',#14036,#3195);
#2076=LINE('',#14038,#3196);
#2077=LINE('',#14040,#3197);
#2078=LINE('',#14041,#3198);
#2079=LINE('',#14045,#3199);
#2080=LINE('',#14047,#3200);
#2081=LINE('',#14049,#3201);
#2082=LINE('',#14050,#3202);
#2083=LINE('',#14075,#3203);
#2084=LINE('',#14077,#3204);
#2085=LINE('',#14079,#3205);
#2086=LINE('',#14081,#3206);
#2087=LINE('',#14083,#3207);
#2088=LINE('',#14085,#3208);
#2089=LINE('',#14087,#3209);
#2090=LINE('',#14088,#3210);
#2091=LINE('',#14091,#3211);
#2092=LINE('',#14093,#3212);
#2093=LINE('',#14094,#3213);
#2094=LINE('',#14098,#3214);
#2095=LINE('',#14099,#3215);
#2096=LINE('',#14100,#3216);
#2097=LINE('',#14104,#3217);
#2098=LINE('',#14106,#3218);
#2099=LINE('',#14108,#3219);
#2100=LINE('',#14110,#3220);
#2101=LINE('',#14112,#3221);
#2102=LINE('',#14114,#3222);
#2103=LINE('',#14116,#3223);
#2104=LINE('',#14118,#3224);
#2105=LINE('',#14120,#3225);
#2106=LINE('',#14122,#3226);
#2107=LINE('',#14124,#3227);
#2108=LINE('',#14125,#3228);
#2109=LINE('',#14128,#3229);
#2110=LINE('',#14130,#3230);
#2111=LINE('',#14132,#3231);
#2112=LINE('',#14133,#3232);
#2113=LINE('',#14136,#3233);
#2114=LINE('',#14138,#3234);
#2115=LINE('',#14140,#3235);
#2116=LINE('',#14141,#3236);
#2117=LINE('',#14144,#3237);
#2118=LINE('',#14146,#3238);
#2119=LINE('',#14148,#3239);
#2120=LINE('',#14150,#3240);
#2121=LINE('',#14152,#3241);
#2122=LINE('',#14154,#3242);
#2123=LINE('',#14156,#3243);
#2124=LINE('',#14157,#3244);
#2125=LINE('',#14160,#3245);
#2126=LINE('',#14162,#3246);
#2127=LINE('',#14164,#3247);
#2128=LINE('',#14165,#3248);
#2129=LINE('',#14168,#3249);
#2130=LINE('',#14170,#3250);
#2131=LINE('',#14172,#3251);
#2132=LINE('',#14173,#3252);
#2133=LINE('',#14175,#3253);
#2134=LINE('',#14177,#3254);
#2135=LINE('',#14179,#3255);
#2136=LINE('',#14180,#3256);
#2137=LINE('',#14182,#3257);
#2138=LINE('',#14183,#3258);
#2139=LINE('',#14186,#3259);
#2140=LINE('',#14188,#3260);
#2141=LINE('',#14190,#3261);
#2142=LINE('',#14191,#3262);
#2143=LINE('',#14194,#3263);
#2144=LINE('',#14196,#3264);
#2145=LINE('',#14198,#3265);
#2146=LINE('',#14199,#3266);
#2147=LINE('',#14202,#3267);
#2148=LINE('',#14204,#3268);
#2149=LINE('',#14206,#3269);
#2150=LINE('',#14208,#3270);
#2151=LINE('',#14210,#3271);
#2152=LINE('',#14212,#3272);
#2153=LINE('',#14214,#3273);
#2154=LINE('',#14215,#3274);
#2155=LINE('',#14218,#3275);
#2156=LINE('',#14220,#3276);
#2157=LINE('',#14221,#3277);
#2158=LINE('',#14223,#3278);
#2159=LINE('',#14225,#3279);
#2160=LINE('',#14226,#3280);
#2161=LINE('',#14228,#3281);
#2162=LINE('',#14230,#3282);
#2163=LINE('',#14231,#3283);
#2164=LINE('',#14234,#3284);
#2165=LINE('',#14236,#3285);
#2166=LINE('',#14238,#3286);
#2167=LINE('',#14239,#3287);
#2168=LINE('',#14242,#3288);
#2169=LINE('',#14244,#3289);
#2170=LINE('',#14246,#3290);
#2171=LINE('',#14247,#3291);
#2172=LINE('',#14250,#3292);
#2173=LINE('',#14252,#3293);
#2174=LINE('',#14254,#3294);
#2175=LINE('',#14255,#3295);
#2176=LINE('',#14258,#3296);
#2177=LINE('',#14260,#3297);
#2178=LINE('',#14261,#3298);
#2179=LINE('',#14264,#3299);
#2180=LINE('',#14266,#3300);
#2181=LINE('',#14268,#3301);
#2182=LINE('',#14269,#3302);
#2183=LINE('',#14272,#3303);
#2184=LINE('',#14274,#3304);
#2185=LINE('',#14276,#3305);
#2186=LINE('',#14277,#3306);
#2187=LINE('',#14280,#3307);
#2188=LINE('',#14282,#3308);
#2189=LINE('',#14284,#3309);
#2190=LINE('',#14285,#3310);
#2191=LINE('',#14289,#3311);
#2192=LINE('',#14291,#3312);
#2193=LINE('',#14293,#3313);
#2194=LINE('',#14294,#3314);
#2195=LINE('',#14298,#3315);
#2196=LINE('',#14300,#3316);
#2197=LINE('',#14302,#3317);
#2198=LINE('',#14303,#3318);
#2199=LINE('',#14307,#3319);
#2200=LINE('',#14309,#3320);
#2201=LINE('',#14311,#3321);
#2202=LINE('',#14313,#3322);
#2203=LINE('',#14315,#3323);
#2204=LINE('',#14317,#3324);
#2205=LINE('',#14319,#3325);
#2206=LINE('',#14320,#3326);
#2207=LINE('',#14322,#3327);
#2208=LINE('',#14323,#3328);
#2209=LINE('',#14325,#3329);
#2210=LINE('',#14326,#3330);
#2211=LINE('',#14329,#3331);
#2212=LINE('',#14331,#3332);
#2213=LINE('',#14332,#3333);
#2214=LINE('',#14335,#3334);
#2215=LINE('',#14337,#3335);
#2216=LINE('',#14339,#3336);
#2217=LINE('',#14340,#3337);
#2218=LINE('',#14341,#3338);
#2219=LINE('',#14342,#3339);
#2220=LINE('',#14345,#3340);
#2221=LINE('',#14347,#3341);
#2222=LINE('',#14349,#3342);
#2223=LINE('',#14350,#3343);
#2224=LINE('',#14353,#3344);
#2225=LINE('',#14355,#3345);
#2226=LINE('',#14356,#3346);
#2227=LINE('',#14359,#3347);
#2228=LINE('',#14361,#3348);
#2229=LINE('',#14362,#3349);
#2230=LINE('',#14365,#3350);
#2231=LINE('',#14367,#3351);
#2232=LINE('',#14368,#3352);
#2233=LINE('',#14371,#3353);
#2234=LINE('',#14373,#3354);
#2235=LINE('',#14374,#3355);
#2236=LINE('',#14378,#3356);
#2237=LINE('',#14380,#3357);
#2238=LINE('',#14382,#3358);
#2239=LINE('',#14384,#3359);
#2240=LINE('',#14386,#3360);
#2241=LINE('',#14388,#3361);
#2242=LINE('',#14390,#3362);
#2243=LINE('',#14391,#3363);
#2244=LINE('',#14393,#3364);
#2245=LINE('',#14394,#3365);
#2246=LINE('',#14396,#3366);
#2247=LINE('',#14397,#3367);
#2248=LINE('',#14399,#3368);
#2249=LINE('',#14400,#3369);
#2250=LINE('',#14405,#3370);
#2251=LINE('',#14407,#3371);
#2252=LINE('',#14408,#3372);
#2253=LINE('',#14411,#3373);
#2254=LINE('',#14413,#3374);
#2255=LINE('',#14414,#3375);
#2256=LINE('',#14416,#3376);
#2257=LINE('',#14417,#3377);
#2258=LINE('',#14422,#3378);
#2259=LINE('',#14424,#3379);
#2260=LINE('',#14425,#3380);
#2261=LINE('',#14427,#3381);
#2262=LINE('',#14428,#3382);
#2263=LINE('',#14433,#3383);
#2264=LINE('',#14435,#3384);
#2265=LINE('',#14436,#3385);
#2266=LINE('',#14439,#3386);
#2267=LINE('',#14441,#3387);
#2268=LINE('',#14442,#3388);
#2269=LINE('',#14444,#3389);
#2270=LINE('',#14445,#3390);
#2271=LINE('',#14449,#3391);
#2272=LINE('',#14451,#3392);
#2273=LINE('',#14452,#3393);
#2274=LINE('',#14454,#3394);
#2275=LINE('',#14455,#3395);
#2276=LINE('',#14456,#3396);
#2277=LINE('',#14461,#3397);
#2278=LINE('',#14463,#3398);
#2279=LINE('',#14467,#3399);
#2280=LINE('',#14469,#3400);
#2281=LINE('',#14470,#3401);
#2282=LINE('',#14474,#3402);
#2283=LINE('',#14475,#3403);
#2284=LINE('',#14476,#3404);
#2285=LINE('',#14478,#3405);
#2286=LINE('',#14480,#3406);
#2287=LINE('',#14484,#3407);
#2288=LINE('',#14485,#3408);
#2289=LINE('',#14486,#3409);
#2290=LINE('',#14489,#3410);
#2291=LINE('',#14490,#3411);
#2292=LINE('',#14493,#3412);
#2293=LINE('',#14494,#3413);
#2294=LINE('',#14496,#3414);
#2295=LINE('',#14501,#3415);
#2296=LINE('',#14503,#3416);
#2297=LINE('',#14504,#3417);
#2298=LINE('',#14506,#3418);
#2299=LINE('',#14507,#3419);
#2300=LINE('',#14512,#3420);
#2301=LINE('',#14514,#3421);
#2302=LINE('',#14515,#3422);
#2303=LINE('',#14518,#3423);
#2304=LINE('',#14520,#3424);
#2305=LINE('',#14521,#3425);
#2306=LINE('',#14523,#3426);
#2307=LINE('',#14524,#3427);
#2308=LINE('',#14528,#3428);
#2309=LINE('',#14530,#3429);
#2310=LINE('',#14531,#3430);
#2311=LINE('',#14533,#3431);
#2312=LINE('',#14534,#3432);
#2313=LINE('',#14535,#3433);
#2314=LINE('',#14541,#3434);
#2315=LINE('',#14543,#3435);
#2316=LINE('',#14544,#3436);
#2317=LINE('',#14548,#3437);
#2318=LINE('',#14549,#3438);
#2319=LINE('',#14550,#3439);
#2320=LINE('',#14552,#3440);
#2321=LINE('',#14554,#3441);
#2322=LINE('',#14558,#3442);
#2323=LINE('',#14559,#3443);
#2324=LINE('',#14560,#3444);
#2325=LINE('',#14563,#3445);
#2326=LINE('',#14564,#3446);
#2327=LINE('',#14567,#3447);
#2328=LINE('',#14568,#3448);
#2329=LINE('',#14570,#3449);
#2330=LINE('',#14573,#3450);
#2331=LINE('',#14575,#3451);
#2332=LINE('',#14576,#3452);
#2333=LINE('',#14579,#3453);
#2334=LINE('',#14581,#3454);
#2335=LINE('',#14582,#3455);
#2336=LINE('',#14584,#3456);
#2337=LINE('',#14585,#3457);
#2338=LINE('',#14590,#3458);
#2339=LINE('',#14592,#3459);
#2340=LINE('',#14593,#3460);
#2341=LINE('',#14595,#3461);
#2342=LINE('',#14596,#3462);
#2343=LINE('',#14601,#3463);
#2344=LINE('',#14603,#3464);
#2345=LINE('',#14604,#3465);
#2346=LINE('',#14607,#3466);
#2347=LINE('',#14609,#3467);
#2348=LINE('',#14610,#3468);
#2349=LINE('',#14612,#3469);
#2350=LINE('',#14613,#3470);
#2351=LINE('',#14617,#3471);
#2352=LINE('',#14618,#3472);
#2353=LINE('',#14619,#3473);
#2354=LINE('',#14621,#3474);
#2355=LINE('',#14622,#3475);
#2356=LINE('',#14623,#3476);
#2357=LINE('',#14629,#3477);
#2358=LINE('',#14631,#3478);
#2359=LINE('',#14636,#3479);
#2360=LINE('',#14637,#3480);
#2361=LINE('',#14638,#3481);
#2362=LINE('',#14641,#3482);
#2363=LINE('',#14642,#3483);
#2364=LINE('',#14645,#3484);
#2365=LINE('',#14646,#3485);
#2366=LINE('',#14648,#3486);
#2367=LINE('',#14651,#3487);
#2368=LINE('',#14653,#3488);
#2369=LINE('',#14654,#3489);
#2370=LINE('',#14657,#3490);
#2371=LINE('',#14658,#3491);
#2372=LINE('',#14661,#3492);
#2373=LINE('',#14662,#3493);
#2374=LINE('',#14664,#3494);
#2375=LINE('',#14668,#3495);
#2376=LINE('',#14670,#3496);
#2377=LINE('',#14679,#3497);
#2378=LINE('',#14683,#3498);
#2379=LINE('',#14687,#3499);
#2380=LINE('',#14691,#3500);
#2381=LINE('',#14695,#3501);
#2382=LINE('',#14700,#3502);
#2383=LINE('',#14705,#3503);
#2384=LINE('',#14755,#3504);
#2385=LINE('',#14763,#3505);
#2386=LINE('',#14765,#3506);
#2387=LINE('',#14771,#3507);
#2388=LINE('',#14778,#3508);
#2389=LINE('',#14783,#3509);
#2390=LINE('',#14785,#3510);
#2391=LINE('',#14787,#3511);
#2392=LINE('',#14788,#3512);
#2393=LINE('',#14794,#3513);
#2394=LINE('',#14796,#3514);
#2395=LINE('',#14798,#3515);
#2396=LINE('',#14800,#3516);
#2397=LINE('',#14802,#3517);
#2398=LINE('',#14804,#3518);
#2399=LINE('',#14806,#3519);
#2400=LINE('',#14807,#3520);
#2401=LINE('',#14812,#3521);
#2402=LINE('',#14813,#3522);
#2403=LINE('',#14817,#3523);
#2404=LINE('',#14821,#3524);
#2405=LINE('',#14824,#3525);
#2406=LINE('',#14826,#3526);
#2407=LINE('',#14827,#3527);
#2408=LINE('',#14829,#3528);
#2409=LINE('',#14831,#3529);
#2410=LINE('',#14832,#3530);
#2411=LINE('',#14835,#3531);
#2412=LINE('',#14837,#3532);
#2413=LINE('',#14838,#3533);
#2414=LINE('',#14839,#3534);
#2415=LINE('',#14842,#3535);
#2416=LINE('',#14844,#3536);
#2417=LINE('',#14845,#3537);
#2418=LINE('',#14846,#3538);
#2419=LINE('',#14848,#3539);
#2420=LINE('',#14849,#3540);
#2421=LINE('',#14856,#3541);
#2422=LINE('',#14863,#3542);
#2423=LINE('',#14865,#3543);
#2424=LINE('',#14867,#3544);
#2425=LINE('',#14869,#3545);
#2426=LINE('',#14871,#3546);
#2427=LINE('',#14872,#3547);
#2428=LINE('',#14877,#3548);
#2429=LINE('',#14881,#3549);
#2430=LINE('',#14883,#3550);
#2431=LINE('',#14884,#3551);
#2432=LINE('',#14889,#3552);
#2433=LINE('',#14894,#3553);
#2434=LINE('',#14896,#3554);
#2435=LINE('',#14898,#3555);
#2436=LINE('',#14900,#3556);
#2437=LINE('',#14902,#3557);
#2438=LINE('',#14903,#3558);
#2439=LINE('',#14909,#3559);
#2440=LINE('',#14912,#3560);
#2441=LINE('',#14914,#3561);
#2442=LINE('',#14915,#3562);
#2443=LINE('',#14921,#3563);
#2444=LINE('',#14925,#3564);
#2445=LINE('',#14927,#3565);
#2446=LINE('',#14930,#3566);
#2447=LINE('',#14931,#3567);
#2448=LINE('',#14933,#3568);
#2449=LINE('',#14936,#3569);
#2450=LINE('',#14940,#3570);
#2451=LINE('',#14944,#3571);
#2452=LINE('',#14948,#3572);
#2453=LINE('',#14950,#3573);
#2454=LINE('',#14951,#3574);
#2455=LINE('',#14956,#3575);
#2456=LINE('',#14960,#3576);
#2457=LINE('',#14962,#3577);
#2458=LINE('',#14964,#3578);
#2459=LINE('',#14966,#3579);
#2460=LINE('',#14967,#3580);
#2461=LINE('',#14973,#3581);
#2462=LINE('',#14976,#3582);
#2463=LINE('',#14979,#3583);
#2464=LINE('',#14981,#3584);
#2465=LINE('',#14982,#3585);
#2466=LINE('',#14988,#3586);
#2467=LINE('',#14991,#3587);
#2468=LINE('',#14993,#3588);
#2469=LINE('',#14995,#3589);
#2470=LINE('',#14997,#3590);
#2471=LINE('',#14998,#3591);
#2472=LINE('',#15001,#3592);
#2473=LINE('',#15005,#3593);
#2474=LINE('',#15009,#3594);
#2475=LINE('',#15013,#3595);
#2476=LINE('',#15016,#3596);
#2477=LINE('',#15017,#3597);
#2478=LINE('',#15022,#3598);
#2479=LINE('',#15023,#3599);
#2480=LINE('',#15025,#3600);
#2481=LINE('',#15029,#3601);
#2482=LINE('',#15033,#3602);
#2483=LINE('',#15036,#3603);
#2484=LINE('',#15041,#3604);
#2485=LINE('',#15042,#3605);
#2486=LINE('',#15044,#3606);
#2487=LINE('',#15048,#3607);
#2488=LINE('',#15050,#3608);
#2489=LINE('',#15051,#3609);
#2490=LINE('',#15053,#3610);
#2491=LINE('',#15054,#3611);
#2492=LINE('',#15057,#3612);
#2493=LINE('',#15059,#3613);
#2494=LINE('',#15060,#3614);
#2495=LINE('',#15064,#3615);
#2496=LINE('',#15066,#3616);
#2497=LINE('',#15068,#3617);
#2498=LINE('',#15082,#3618);
#2499=LINE('',#15085,#3619);
#2500=LINE('',#15087,#3620);
#2501=LINE('',#15091,#3621);
#2502=LINE('',#15106,#3622);
#2503=LINE('',#15108,#3623);
#2504=LINE('',#15110,#3624);
#2505=LINE('',#15111,#3625);
#2506=LINE('',#15115,#3626);
#2507=LINE('',#15117,#3627);
#2508=LINE('',#15119,#3628);
#2509=LINE('',#15133,#3629);
#2510=LINE('',#15137,#3630);
#2511=LINE('',#15139,#3631);
#2512=LINE('',#15141,#3632);
#2513=LINE('',#15145,#3633);
#2514=LINE('',#15158,#3634);
#2515=LINE('',#15159,#3635);
#2516=LINE('',#15163,#3636);
#2517=LINE('',#15165,#3637);
#2518=LINE('',#15167,#3638);
#2519=LINE('',#15168,#3639);
#2520=LINE('',#15172,#3640);
#2521=LINE('',#15174,#3641);
#2522=LINE('',#15176,#3642);
#2523=LINE('',#15178,#3643);
#2524=LINE('',#15180,#3644);
#2525=LINE('',#15182,#3645);
#2526=LINE('',#15184,#3646);
#2527=LINE('',#15186,#3647);
#2528=LINE('',#15189,#3648);
#2529=LINE('',#15192,#3649);
#2530=LINE('',#15194,#3650);
#2531=LINE('',#15196,#3651);
#2532=LINE('',#15198,#3652);
#2533=LINE('',#15200,#3653);
#2534=LINE('',#15203,#3654);
#2535=LINE('',#15204,#3655);
#2536=LINE('',#15206,#3656);
#2537=LINE('',#15208,#3657);
#2538=LINE('',#15209,#3658);
#2539=LINE('',#15210,#3659);
#2540=LINE('',#15213,#3660);
#2541=LINE('',#15215,#3661);
#2542=LINE('',#15216,#3662);
#2543=LINE('',#15217,#3663);
#2544=LINE('',#15218,#3664);
#2545=LINE('',#15219,#3665);
#2546=LINE('',#15224,#3666);
#2547=LINE('',#15226,#3667);
#2548=LINE('',#15229,#3668);
#2549=LINE('',#15230,#3669);
#2550=LINE('',#15234,#3670);
#2551=LINE('',#15235,#3671);
#2552=LINE('',#15237,#3672);
#2553=LINE('',#15238,#3673);
#2554=LINE('',#15242,#3674);
#2555=LINE('',#15243,#3675);
#2556=LINE('',#15245,#3676);
#2557=LINE('',#15248,#3677);
#2558=LINE('',#15255,#3678);
#2559=LINE('',#15259,#3679);
#2560=LINE('',#15261,#3680);
#2561=LINE('',#15262,#3681);
#2562=LINE('',#15266,#3682);
#2563=LINE('',#15268,#3683);
#2564=LINE('',#15270,#3684);
#2565=LINE('',#15271,#3685);
#2566=LINE('',#15277,#3686);
#2567=LINE('',#15281,#3687);
#2568=LINE('',#15283,#3688);
#2569=LINE('',#15284,#3689);
#2570=LINE('',#15296,#3690);
#2571=LINE('',#15331,#3691);
#2572=LINE('',#15336,#3692);
#2573=LINE('',#15338,#3693);
#2574=LINE('',#15340,#3694);
#2575=LINE('',#15342,#3695);
#2576=LINE('',#15352,#3696);
#2577=LINE('',#15356,#3697);
#2578=LINE('',#15358,#3698);
#2579=LINE('',#15359,#3699);
#2580=LINE('',#15365,#3700);
#2581=LINE('',#15369,#3701);
#2582=LINE('',#15371,#3702);
#2583=LINE('',#15372,#3703);
#2584=LINE('',#15376,#3704);
#2585=LINE('',#15378,#3705);
#2586=LINE('',#15380,#3706);
#2587=LINE('',#15381,#3707);
#2588=LINE('',#15384,#3708);
#2589=LINE('',#15410,#3709);
#2590=LINE('',#15433,#3710);
#2591=LINE('',#15435,#3711);
#2592=LINE('',#15437,#3712);
#2593=LINE('',#15439,#3713);
#2594=VECTOR('',#10180,1000.);
#2595=VECTOR('',#10181,1000.);
#2596=VECTOR('',#10182,1000.);
#2597=VECTOR('',#10183,1000.);
#2598=VECTOR('',#10184,1000.);
#2599=VECTOR('',#10185,1000.);
#2600=VECTOR('',#10186,1000.);
#2601=VECTOR('',#10187,1000.);
#2602=VECTOR('',#10188,1000.);
#2603=VECTOR('',#10189,1000.);
#2604=VECTOR('',#10190,1000.);
#2605=VECTOR('',#10191,1000.);
#2606=VECTOR('',#10192,1000.);
#2607=VECTOR('',#10193,1000.);
#2608=VECTOR('',#10194,1000.);
#2609=VECTOR('',#10195,1000.);
#2610=VECTOR('',#10196,1000.);
#2611=VECTOR('',#10197,1000.);
#2612=VECTOR('',#10198,1000.);
#2613=VECTOR('',#10199,1000.);
#2614=VECTOR('',#10202,1000.);
#2615=VECTOR('',#10203,1000.);
#2616=VECTOR('',#10204,1000.);
#2617=VECTOR('',#10205,1000.);
#2618=VECTOR('',#10206,1000.);
#2619=VECTOR('',#10209,1000.);
#2620=VECTOR('',#10210,1000.);
#2621=VECTOR('',#10211,1000.);
#2622=VECTOR('',#10212,1000.);
#2623=VECTOR('',#10213,1000.);
#2624=VECTOR('',#10214,1000.);
#2625=VECTOR('',#10215,1000.);
#2626=VECTOR('',#10216,1000.);
#2627=VECTOR('',#10217,1000.);
#2628=VECTOR('',#10218,1000.);
#2629=VECTOR('',#10219,1000.);
#2630=VECTOR('',#10220,1000.);
#2631=VECTOR('',#10221,1000.);
#2632=VECTOR('',#10224,1000.);
#2633=VECTOR('',#10225,1000.);
#2634=VECTOR('',#10226,1000.);
#2635=VECTOR('',#10227,1000.);
#2636=VECTOR('',#10228,1000.);
#2637=VECTOR('',#10229,1000.);
#2638=VECTOR('',#10230,1000.);
#2639=VECTOR('',#10231,1000.);
#2640=VECTOR('',#10232,1000.);
#2641=VECTOR('',#10233,1000.);
#2642=VECTOR('',#10234,1000.);
#2643=VECTOR('',#10235,1000.);
#2644=VECTOR('',#10236,1000.);
#2645=VECTOR('',#10239,1000.);
#2646=VECTOR('',#10240,1000.);
#2647=VECTOR('',#10241,1000.);
#2648=VECTOR('',#10242,1000.);
#2649=VECTOR('',#10243,1000.);
#2650=VECTOR('',#10246,1000.);
#2651=VECTOR('',#10247,1000.);
#2652=VECTOR('',#10248,1000.);
#2653=VECTOR('',#10251,1000.);
#2654=VECTOR('',#10252,1000.);
#2655=VECTOR('',#10253,1000.);
#2656=VECTOR('',#10254,1000.);
#2657=VECTOR('',#10259,1000.);
#2658=VECTOR('',#10262,1000.);
#2659=VECTOR('',#10267,1000.);
#2660=VECTOR('',#10268,1000.);
#2661=VECTOR('',#10269,1000.);
#2662=VECTOR('',#10270,1000.);
#2663=VECTOR('',#10273,1000.);
#2664=VECTOR('',#10274,1000.);
#2665=VECTOR('',#10275,1000.);
#2666=VECTOR('',#10276,1000.);
#2667=VECTOR('',#10279,1000.);
#2668=VECTOR('',#10280,1000.);
#2669=VECTOR('',#10281,1000.);
#2670=VECTOR('',#10282,1000.);
#2671=VECTOR('',#10283,1000.);
#2672=VECTOR('',#10284,1000.);
#2673=VECTOR('',#10285,1000.);
#2674=VECTOR('',#10286,1000.);
#2675=VECTOR('',#10287,1000.);
#2676=VECTOR('',#10288,1000.);
#2677=VECTOR('',#10289,1000.);
#2678=VECTOR('',#10290,1000.);
#2679=VECTOR('',#10291,1000.);
#2680=VECTOR('',#10294,1000.);
#2681=VECTOR('',#10295,1000.);
#2682=VECTOR('',#10296,1000.);
#2683=VECTOR('',#10297,1000.);
#2684=VECTOR('',#10298,1000.);
#2685=VECTOR('',#10299,1000.);
#2686=VECTOR('',#10300,1000.);
#2687=VECTOR('',#10301,1000.);
#2688=VECTOR('',#10302,1000.);
#2689=VECTOR('',#10303,1000.);
#2690=VECTOR('',#10304,1000.);
#2691=VECTOR('',#10305,1000.);
#2692=VECTOR('',#10306,1000.);
#2693=VECTOR('',#10309,1000.);
#2694=VECTOR('',#10310,1000.);
#2695=VECTOR('',#10311,1000.);
#2696=VECTOR('',#10312,1000.);
#2697=VECTOR('',#10313,1000.);
#2698=VECTOR('',#10316,1000.);
#2699=VECTOR('',#10317,1000.);
#2700=VECTOR('',#10318,1000.);
#2701=VECTOR('',#10321,1000.);
#2702=VECTOR('',#10322,1000.);
#2703=VECTOR('',#10323,1000.);
#2704=VECTOR('',#10324,1000.);
#2705=VECTOR('',#10329,1000.);
#2706=VECTOR('',#10332,1000.);
#2707=VECTOR('',#10337,1000.);
#2708=VECTOR('',#10338,1000.);
#2709=VECTOR('',#10339,1000.);
#2710=VECTOR('',#10340,1000.);
#2711=VECTOR('',#10341,1000.);
#2712=VECTOR('',#10342,1000.);
#2713=VECTOR('',#10343,1000.);
#2714=VECTOR('',#10344,1000.);
#2715=VECTOR('',#10345,1000.);
#2716=VECTOR('',#10346,1000.);
#2717=VECTOR('',#10347,1000.);
#2718=VECTOR('',#10348,1000.);
#2719=VECTOR('',#10349,1000.);
#2720=VECTOR('',#10350,1000.);
#2721=VECTOR('',#10351,1000.);
#2722=VECTOR('',#10352,1000.);
#2723=VECTOR('',#10361,1000.);
#2724=VECTOR('',#10362,1000.);
#2725=VECTOR('',#10363,1000.);
#2726=VECTOR('',#10364,1000.);
#2727=VECTOR('',#10365,1000.);
#2728=VECTOR('',#10366,1000.);
#2729=VECTOR('',#10367,1000.);
#2730=VECTOR('',#10368,1000.);
#2731=VECTOR('',#10369,1000.);
#2732=VECTOR('',#10370,1000.);
#2733=VECTOR('',#10371,1000.);
#2734=VECTOR('',#10372,1000.);
#2735=VECTOR('',#10373,1000.);
#2736=VECTOR('',#10374,1000.);
#2737=VECTOR('',#10375,1000.);
#2738=VECTOR('',#10376,1000.);
#2739=VECTOR('',#10379,1000.);
#2740=VECTOR('',#10380,1000.);
#2741=VECTOR('',#10381,1000.);
#2742=VECTOR('',#10382,1000.);
#2743=VECTOR('',#10385,1000.);
#2744=VECTOR('',#10386,1000.);
#2745=VECTOR('',#10387,1000.);
#2746=VECTOR('',#10388,1000.);
#2747=VECTOR('',#10389,1000.);
#2748=VECTOR('',#10390,1000.);
#2749=VECTOR('',#10391,1000.);
#2750=VECTOR('',#10392,1000.);
#2751=VECTOR('',#10393,1000.);
#2752=VECTOR('',#10394,1000.);
#2753=VECTOR('',#10395,1000.);
#2754=VECTOR('',#10396,1000.);
#2755=VECTOR('',#10397,1000.);
#2756=VECTOR('',#10398,1000.);
#2757=VECTOR('',#10399,1000.);
#2758=VECTOR('',#10400,1000.);
#2759=VECTOR('',#10401,1000.);
#2760=VECTOR('',#10402,1000.);
#2761=VECTOR('',#10403,1000.);
#2762=VECTOR('',#10406,1000.);
#2763=VECTOR('',#10407,1000.);
#2764=VECTOR('',#10408,1000.);
#2765=VECTOR('',#10409,1000.);
#2766=VECTOR('',#10410,1000.);
#2767=VECTOR('',#10411,1000.);
#2768=VECTOR('',#10412,1000.);
#2769=VECTOR('',#10413,1000.);
#2770=VECTOR('',#10414,1000.);
#2771=VECTOR('',#10415,1000.);
#2772=VECTOR('',#10416,1000.);
#2773=VECTOR('',#10417,1000.);
#2774=VECTOR('',#10418,1000.);
#2775=VECTOR('',#10419,1000.);
#2776=VECTOR('',#10420,1000.);
#2777=VECTOR('',#10421,1000.);
#2778=VECTOR('',#10422,1000.);
#2779=VECTOR('',#10423,1000.);
#2780=VECTOR('',#10426,1000.);
#2781=VECTOR('',#10427,1000.);
#2782=VECTOR('',#10428,1000.);
#2783=VECTOR('',#10429,1000.);
#2784=VECTOR('',#10430,1000.);
#2785=VECTOR('',#10431,1000.);
#2786=VECTOR('',#10442,1000.);
#2787=VECTOR('',#10445,1000.);
#2788=VECTOR('',#10446,1000.);
#2789=VECTOR('',#10447,1000.);
#2790=VECTOR('',#10448,1000.);
#2791=VECTOR('',#10449,1000.);
#2792=VECTOR('',#10450,1000.);
#2793=VECTOR('',#10451,1000.);
#2794=VECTOR('',#10452,1000.);
#2795=VECTOR('',#10453,1000.);
#2796=VECTOR('',#10454,1000.);
#2797=VECTOR('',#10455,1000.);
#2798=VECTOR('',#10456,1000.);
#2799=VECTOR('',#10457,1000.);
#2800=VECTOR('',#10458,1000.);
#2801=VECTOR('',#10459,1000.);
#2802=VECTOR('',#10460,1000.);
#2803=VECTOR('',#10463,1000.);
#2804=VECTOR('',#10466,1000.);
#2805=VECTOR('',#10469,1000.);
#2806=VECTOR('',#10472,1000.);
#2807=VECTOR('',#10473,1000.);
#2808=VECTOR('',#10476,1000.);
#2809=VECTOR('',#10479,1000.);
#2810=VECTOR('',#10488,1000.);
#2811=VECTOR('',#10489,1000.);
#2812=VECTOR('',#10490,1000.);
#2813=VECTOR('',#10491,1000.);
#2814=VECTOR('',#10492,1000.);
#2815=VECTOR('',#10493,1000.);
#2816=VECTOR('',#10494,1000.);
#2817=VECTOR('',#10497,1000.);
#2818=VECTOR('',#10498,1000.);
#2819=VECTOR('',#10499,1000.);
#2820=VECTOR('',#10502,1000.);
#2821=VECTOR('',#10503,1000.);
#2822=VECTOR('',#10504,1000.);
#2823=VECTOR('',#10505,1000.);
#2824=VECTOR('',#10506,1000.);
#2825=VECTOR('',#10507,1000.);
#2826=VECTOR('',#10508,1000.);
#2827=VECTOR('',#10509,1000.);
#2828=VECTOR('',#10510,1000.);
#2829=VECTOR('',#10511,1000.);
#2830=VECTOR('',#10512,1000.);
#2831=VECTOR('',#10513,1000.);
#2832=VECTOR('',#10514,1000.);
#2833=VECTOR('',#10515,1000.);
#2834=VECTOR('',#10520,1000.);
#2835=VECTOR('',#10521,1000.);
#2836=VECTOR('',#10522,1000.);
#2837=VECTOR('',#10523,1000.);
#2838=VECTOR('',#10526,1000.);
#2839=VECTOR('',#10527,1000.);
#2840=VECTOR('',#10528,1000.);
#2841=VECTOR('',#10529,1000.);
#2842=VECTOR('',#10532,1000.);
#2843=VECTOR('',#10533,1000.);
#2844=VECTOR('',#10534,1000.);
#2845=VECTOR('',#10537,1000.);
#2846=VECTOR('',#10538,1000.);
#2847=VECTOR('',#10539,1000.);
#2848=VECTOR('',#10542,1000.);
#2849=VECTOR('',#10543,1000.);
#2850=VECTOR('',#10546,1000.);
#2851=VECTOR('',#10547,1000.);
#2852=VECTOR('',#10548,1000.);
#2853=VECTOR('',#10551,1000.);
#2854=VECTOR('',#10552,1000.);
#2855=VECTOR('',#10553,1000.);
#2856=VECTOR('',#10556,1000.);
#2857=VECTOR('',#10557,1000.);
#2858=VECTOR('',#10558,1000.);
#2859=VECTOR('',#10559,1000.);
#2860=VECTOR('',#10560,1000.);
#2861=VECTOR('',#10571,1000.);
#2862=VECTOR('',#10572,1000.);
#2863=VECTOR('',#10573,1000.);
#2864=VECTOR('',#10576,1000.);
#2865=VECTOR('',#10577,1000.);
#2866=VECTOR('',#10578,1000.);
#2867=VECTOR('',#10579,1000.);
#2868=VECTOR('',#10580,1000.);
#2869=VECTOR('',#10581,1000.);
#2870=VECTOR('',#10582,1000.);
#2871=VECTOR('',#10583,1000.);
#2872=VECTOR('',#10584,1000.);
#2873=VECTOR('',#10585,1000.);
#2874=VECTOR('',#10586,1000.);
#2875=VECTOR('',#10587,1000.);
#2876=VECTOR('',#10592,1000.);
#2877=VECTOR('',#10593,1000.);
#2878=VECTOR('',#10594,1000.);
#2879=VECTOR('',#10597,1000.);
#2880=VECTOR('',#10598,1000.);
#2881=VECTOR('',#10599,1000.);
#2882=VECTOR('',#10600,1000.);
#2883=VECTOR('',#10603,1000.);
#2884=VECTOR('',#10604,1000.);
#2885=VECTOR('',#10605,1000.);
#2886=VECTOR('',#10608,1000.);
#2887=VECTOR('',#10609,1000.);
#2888=VECTOR('',#10612,1000.);
#2889=VECTOR('',#10613,1000.);
#2890=VECTOR('',#10616,1000.);
#2891=VECTOR('',#10617,1000.);
#2892=VECTOR('',#10618,1000.);
#2893=VECTOR('',#10623,1000.);
#2894=VECTOR('',#10624,1000.);
#2895=VECTOR('',#10625,1000.);
#2896=VECTOR('',#10626,1000.);
#2897=VECTOR('',#10627,1000.);
#2898=VECTOR('',#10628,1000.);
#2899=VECTOR('',#10639,1000.);
#2900=VECTOR('',#10640,1000.);
#2901=VECTOR('',#10641,1000.);
#2902=VECTOR('',#10642,1000.);
#2903=VECTOR('',#10643,1000.);
#2904=VECTOR('',#10644,1000.);
#2905=VECTOR('',#10645,1000.);
#2906=VECTOR('',#10646,1000.);
#2907=VECTOR('',#10647,1000.);
#2908=VECTOR('',#10650,1000.);
#2909=VECTOR('',#10653,1000.);
#2910=VECTOR('',#10654,1000.);
#2911=VECTOR('',#10655,1000.);
#2912=VECTOR('',#10656,1000.);
#2913=VECTOR('',#10657,1000.);
#2914=VECTOR('',#10658,1000.);
#2915=VECTOR('',#10659,1000.);
#2916=VECTOR('',#10660,1000.);
#2917=VECTOR('',#10661,1000.);
#2918=VECTOR('',#10662,1000.);
#2919=VECTOR('',#10663,1000.);
#2920=VECTOR('',#10664,1000.);
#2921=VECTOR('',#10665,1000.);
#2922=VECTOR('',#10666,1000.);
#2923=VECTOR('',#10671,1000.);
#2924=VECTOR('',#10672,1000.);
#2925=VECTOR('',#10673,1000.);
#2926=VECTOR('',#10674,1000.);
#2927=VECTOR('',#10675,1000.);
#2928=VECTOR('',#10676,1000.);
#2929=VECTOR('',#10677,1000.);
#2930=VECTOR('',#10678,1000.);
#2931=VECTOR('',#10679,1000.);
#2932=VECTOR('',#10680,1000.);
#2933=VECTOR('',#10681,1000.);
#2934=VECTOR('',#10684,1000.);
#2935=VECTOR('',#10685,1000.);
#2936=VECTOR('',#10686,1000.);
#2937=VECTOR('',#10689,1000.);
#2938=VECTOR('',#10690,1000.);
#2939=VECTOR('',#10691,1000.);
#2940=VECTOR('',#10692,1000.);
#2941=VECTOR('',#10695,1000.);
#2942=VECTOR('',#10696,1000.);
#2943=VECTOR('',#10697,1000.);
#2944=VECTOR('',#10700,1000.);
#2945=VECTOR('',#10701,1000.);
#2946=VECTOR('',#10704,1000.);
#2947=VECTOR('',#10705,1000.);
#2948=VECTOR('',#10708,1000.);
#2949=VECTOR('',#10709,1000.);
#2950=VECTOR('',#10710,1000.);
#2951=VECTOR('',#10713,1000.);
#2952=VECTOR('',#10716,1000.);
#2953=VECTOR('',#10717,1000.);
#2954=VECTOR('',#10720,1000.);
#2955=VECTOR('',#10723,1000.);
#2956=VECTOR('',#10724,1000.);
#2957=VECTOR('',#10725,1000.);
#2958=VECTOR('',#10726,1000.);
#2959=VECTOR('',#10727,1000.);
#2960=VECTOR('',#10728,1000.);
#2961=VECTOR('',#10731,1000.);
#2962=VECTOR('',#10732,1000.);
#2963=VECTOR('',#10733,1000.);
#2964=VECTOR('',#10734,1000.);
#2965=VECTOR('',#10737,1000.);
#2966=VECTOR('',#10738,1000.);
#2967=VECTOR('',#10741,1000.);
#2968=VECTOR('',#10744,1000.);
#2969=VECTOR('',#10745,1000.);
#2970=VECTOR('',#10746,1000.);
#2971=VECTOR('',#10747,1000.);
#2972=VECTOR('',#10748,1000.);
#2973=VECTOR('',#10749,1000.);
#2974=VECTOR('',#10752,1000.);
#2975=VECTOR('',#10753,1000.);
#2976=VECTOR('',#10756,1000.);
#2977=VECTOR('',#10757,1000.);
#2978=VECTOR('',#10764,1000.);
#2979=VECTOR('',#10767,1000.);
#2980=VECTOR('',#10770,1000.);
#2981=VECTOR('',#10771,1000.);
#2982=VECTOR('',#10774,1000.);
#2983=VECTOR('',#10785,0.8);
#2984=VECTOR('',#10788,1000.);
#2985=VECTOR('',#10789,1000.);
#2986=VECTOR('',#10792,1000.);
#2987=VECTOR('',#10793,1000.);
#2988=VECTOR('',#10796,1000.);
#2989=VECTOR('',#10799,1000.);
#2990=VECTOR('',#10800,1000.);
#2991=VECTOR('',#10803,1000.);
#2992=VECTOR('',#10804,1000.);
#2993=VECTOR('',#10807,1000.);
#2994=VECTOR('',#10816,1.5);
#2995=VECTOR('',#10819,1.5);
#2996=VECTOR('',#10822,1000.);
#2997=VECTOR('',#10823,1000.);
#2998=VECTOR('',#10824,1000.);
#2999=VECTOR('',#10825,1000.);
#3000=VECTOR('',#10828,1000.);
#3001=VECTOR('',#10829,1000.);
#3002=VECTOR('',#10832,1000.);
#3003=VECTOR('',#10833,1000.);
#3004=VECTOR('',#10836,1000.);
#3005=VECTOR('',#10839,1000.);
#3006=VECTOR('',#10840,1000.);
#3007=VECTOR('',#10841,1000.);
#3008=VECTOR('',#10848,1000.);
#3009=VECTOR('',#10849,1000.);
#3010=VECTOR('',#10854,1000.);
#3011=VECTOR('',#10857,1000.);
#3012=VECTOR('',#10860,1000.);
#3013=VECTOR('',#10865,1000.);
#3014=VECTOR('',#10866,1000.);
#3015=VECTOR('',#10867,1000.);
#3016=VECTOR('',#10870,1000.);
#3017=VECTOR('',#10871,1000.);
#3018=VECTOR('',#10872,1000.);
#3019=VECTOR('',#10877,1000.);
#3020=VECTOR('',#10882,1000.);
#3021=VECTOR('',#10883,1000.);
#3022=VECTOR('',#10884,1000.);
#3023=VECTOR('',#10889,1000.);
#3024=VECTOR('',#10892,1000.);
#3025=VECTOR('',#10893,1000.);
#3026=VECTOR('',#10896,1000.);
#3027=VECTOR('',#10897,1000.);
#3028=VECTOR('',#10900,1000.);
#3029=VECTOR('',#10905,1.9);
#3030=VECTOR('',#10908,1.25);
#3031=VECTOR('',#10911,1000.);
#3032=VECTOR('',#10912,1000.);
#3033=VECTOR('',#10915,1000.);
#3034=VECTOR('',#10918,1000.);
#3035=VECTOR('',#10923,1000.);
#3036=VECTOR('',#10924,1000.);
#3037=VECTOR('',#10927,1000.);
#3038=VECTOR('',#10930,1000.);
#3039=VECTOR('',#10935,1000.);
#3040=VECTOR('',#10938,1000.);
#3041=VECTOR('',#10939,1000.);
#3042=VECTOR('',#10942,1000.);
#3043=VECTOR('',#10943,1000.);
#3044=VECTOR('',#10950,1000.);
#3045=VECTOR('',#10953,1000.);
#3046=VECTOR('',#10956,1000.);
#3047=VECTOR('',#10957,1000.);
#3048=VECTOR('',#10960,1000.);
#3049=VECTOR('',#10971,0.8);
#3050=VECTOR('',#10974,1000.);
#3051=VECTOR('',#10975,1000.);
#3052=VECTOR('',#10978,1000.);
#3053=VECTOR('',#10979,1000.);
#3054=VECTOR('',#10982,1000.);
#3055=VECTOR('',#10985,1000.);
#3056=VECTOR('',#10986,1000.);
#3057=VECTOR('',#10989,1000.);
#3058=VECTOR('',#10990,1000.);
#3059=VECTOR('',#10993,1000.);
#3060=VECTOR('',#11002,1.5);
#3061=VECTOR('',#11005,1.5);
#3062=VECTOR('',#11008,1000.);
#3063=VECTOR('',#11009,1000.);
#3064=VECTOR('',#11012,1000.);
#3065=VECTOR('',#11013,1000.);
#3066=VECTOR('',#11016,1000.);
#3067=VECTOR('',#11023,1000.);
#3068=VECTOR('',#11028,1000.);
#3069=VECTOR('',#11031,1000.);
#3070=VECTOR('',#11034,1000.);
#3071=VECTOR('',#11037,1000.);
#3072=VECTOR('',#11040,1.9);
#3073=VECTOR('',#11043,1.25);
#3074=VECTOR('',#11046,1000.);
#3075=VECTOR('',#11047,1000.);
#3076=VECTOR('',#11050,1000.);
#3077=VECTOR('',#11053,1000.);
#3078=VECTOR('',#11058,1000.);
#3079=VECTOR('',#11059,1000.);
#3080=VECTOR('',#11062,1000.);
#3081=VECTOR('',#11065,1000.);
#3082=VECTOR('',#11070,1000.);
#3083=VECTOR('',#11071,1000.);
#3084=VECTOR('',#11074,1000.);
#3085=VECTOR('',#11075,1000.);
#3086=VECTOR('',#11082,1000.);
#3087=VECTOR('',#11085,1000.);
#3088=VECTOR('',#11088,1000.);
#3089=VECTOR('',#11089,1000.);
#3090=VECTOR('',#11092,1000.);
#3091=VECTOR('',#11103,0.8);
#3092=VECTOR('',#11106,1000.);
#3093=VECTOR('',#11107,1000.);
#3094=VECTOR('',#11110,1000.);
#3095=VECTOR('',#11111,1000.);
#3096=VECTOR('',#11114,1000.);
#3097=VECTOR('',#11117,1000.);
#3098=VECTOR('',#11118,1000.);
#3099=VECTOR('',#11121,1000.);
#3100=VECTOR('',#11122,1000.);
#3101=VECTOR('',#11125,1000.);
#3102=VECTOR('',#11134,1.5);
#3103=VECTOR('',#11137,1.5);
#3104=VECTOR('',#11140,1000.);
#3105=VECTOR('',#11141,1000.);
#3106=VECTOR('',#11144,1000.);
#3107=VECTOR('',#11145,1000.);
#3108=VECTOR('',#11148,1000.);
#3109=VECTOR('',#11151,1000.);
#3110=VECTOR('',#11152,1000.);
#3111=VECTOR('',#11153,1000.);
#3112=VECTOR('',#11158,1000.);
#3113=VECTOR('',#11161,1000.);
#3114=VECTOR('',#11162,1000.);
#3115=VECTOR('',#11167,1000.);
#3116=VECTOR('',#11170,1000.);
#3117=VECTOR('',#11175,1.9);
#3118=VECTOR('',#11178,1.25);
#3119=VECTOR('',#11181,1000.);
#3120=VECTOR('',#11182,1000.);
#3121=VECTOR('',#11185,1000.);
#3122=VECTOR('',#11188,1000.);
#3123=VECTOR('',#11193,1000.);
#3124=VECTOR('',#11194,1000.);
#3125=VECTOR('',#11197,1000.);
#3126=VECTOR('',#11200,1000.);
#3127=VECTOR('',#11205,1000.);
#3128=VECTOR('',#11206,1000.);
#3129=VECTOR('',#11207,1000.);
#3130=VECTOR('',#11210,1000.);
#3131=VECTOR('',#11215,1000.);
#3132=VECTOR('',#11220,1000.);
#3133=VECTOR('',#11223,1000.);
#3134=VECTOR('',#11228,1000.);
#3135=VECTOR('',#11229,1000.);
#3136=VECTOR('',#11230,1000.);
#3137=VECTOR('',#11233,1000.);
#3138=VECTOR('',#11234,1000.);
#3139=VECTOR('',#11235,1000.);
#3140=VECTOR('',#11236,1000.);
#3141=VECTOR('',#11239,1000.);
#3142=VECTOR('',#11240,1000.);
#3143=VECTOR('',#11241,1000.);
#3144=VECTOR('',#11242,1000.);
#3145=VECTOR('',#11245,1000.);
#3146=VECTOR('',#11246,1000.);
#3147=VECTOR('',#11247,1000.);
#3148=VECTOR('',#11248,1000.);
#3149=VECTOR('',#11251,1000.);
#3150=VECTOR('',#11252,1000.);
#3151=VECTOR('',#11253,1000.);
#3152=VECTOR('',#11254,1000.);
#3153=VECTOR('',#11257,1000.);
#3154=VECTOR('',#11258,1000.);
#3155=VECTOR('',#11259,1000.);
#3156=VECTOR('',#11260,1000.);
#3157=VECTOR('',#11303,1000.);
#3158=VECTOR('',#11304,1000.);
#3159=VECTOR('',#11305,1000.);
#3160=VECTOR('',#11308,1000.);
#3161=VECTOR('',#11309,1000.);
#3162=VECTOR('',#11312,1000.);
#3163=VECTOR('',#11317,1000.);
#3164=VECTOR('',#11318,1000.);
#3165=VECTOR('',#11329,1000.);
#3166=VECTOR('',#11330,1000.);
#3167=VECTOR('',#11331,1000.);
#3168=VECTOR('',#11334,1000.);
#3169=VECTOR('',#11339,1000.);
#3170=VECTOR('',#11344,1000.);
#3171=VECTOR('',#11345,1000.);
#3172=VECTOR('',#11346,1000.);
#3173=VECTOR('',#11349,1000.);
#3174=VECTOR('',#11350,1000.);
#3175=VECTOR('',#11353,1000.);
#3176=VECTOR('',#11358,1000.);
#3177=VECTOR('',#11359,1000.);
#3178=VECTOR('',#11368,1000.);
#3179=VECTOR('',#11371,1000.);
#3180=VECTOR('',#11376,1000.);
#3181=VECTOR('',#11377,1000.);
#3182=VECTOR('',#11378,1000.);
#3183=VECTOR('',#11381,1000.);
#3184=VECTOR('',#11382,1000.);
#3185=VECTOR('',#11383,1000.);
#3186=VECTOR('',#11384,1000.);
#3187=VECTOR('',#11387,1000.);
#3188=VECTOR('',#11388,1000.);
#3189=VECTOR('',#11389,1000.);
#3190=VECTOR('',#11390,1000.);
#3191=VECTOR('',#11393,1000.);
#3192=VECTOR('',#11394,1000.);
#3193=VECTOR('',#11395,1000.);
#3194=VECTOR('',#11396,1000.);
#3195=VECTOR('',#11399,1000.);
#3196=VECTOR('',#11400,1000.);
#3197=VECTOR('',#11401,1000.);
#3198=VECTOR('',#11402,1000.);
#3199=VECTOR('',#11405,1000.);
#3200=VECTOR('',#11406,1000.);
#3201=VECTOR('',#11407,1000.);
#3202=VECTOR('',#11408,1000.);
#3203=VECTOR('',#11453,1000.);
#3204=VECTOR('',#11454,1000.);
#3205=VECTOR('',#11455,1000.);
#3206=VECTOR('',#11456,1000.);
#3207=VECTOR('',#11457,1000.);
#3208=VECTOR('',#11458,1000.);
#3209=VECTOR('',#11459,1000.);
#3210=VECTOR('',#11460,1000.);
#3211=VECTOR('',#11463,1000.);
#3212=VECTOR('',#11464,1000.);
#3213=VECTOR('',#11465,1000.);
#3214=VECTOR('',#11468,1000.);
#3215=VECTOR('',#11469,1000.);
#3216=VECTOR('',#11470,1000.);
#3217=VECTOR('',#11473,1000.);
#3218=VECTOR('',#11474,1000.);
#3219=VECTOR('',#11475,1000.);
#3220=VECTOR('',#11476,1000.);
#3221=VECTOR('',#11477,1000.);
#3222=VECTOR('',#11478,1000.);
#3223=VECTOR('',#11479,1000.);
#3224=VECTOR('',#11480,1000.);
#3225=VECTOR('',#11481,1000.);
#3226=VECTOR('',#11482,1000.);
#3227=VECTOR('',#11483,1000.);
#3228=VECTOR('',#11484,1000.);
#3229=VECTOR('',#11485,1000.);
#3230=VECTOR('',#11486,1000.);
#3231=VECTOR('',#11487,1000.);
#3232=VECTOR('',#11488,1000.);
#3233=VECTOR('',#11489,1000.);
#3234=VECTOR('',#11490,1000.);
#3235=VECTOR('',#11491,1000.);
#3236=VECTOR('',#11492,1000.);
#3237=VECTOR('',#11493,1000.);
#3238=VECTOR('',#11494,1000.);
#3239=VECTOR('',#11495,1000.);
#3240=VECTOR('',#11496,1000.);
#3241=VECTOR('',#11497,1000.);
#3242=VECTOR('',#11498,1000.);
#3243=VECTOR('',#11499,1000.);
#3244=VECTOR('',#11500,1000.);
#3245=VECTOR('',#11501,1000.);
#3246=VECTOR('',#11502,1000.);
#3247=VECTOR('',#11503,1000.);
#3248=VECTOR('',#11504,1000.);
#3249=VECTOR('',#11505,1000.);
#3250=VECTOR('',#11506,1000.);
#3251=VECTOR('',#11507,1000.);
#3252=VECTOR('',#11508,1000.);
#3253=VECTOR('',#11509,1000.);
#3254=VECTOR('',#11510,1000.);
#3255=VECTOR('',#11511,1000.);
#3256=VECTOR('',#11512,1000.);
#3257=VECTOR('',#11513,1000.);
#3258=VECTOR('',#11514,1000.);
#3259=VECTOR('',#11515,1000.);
#3260=VECTOR('',#11516,1000.);
#3261=VECTOR('',#11517,1000.);
#3262=VECTOR('',#11518,1000.);
#3263=VECTOR('',#11519,1000.);
#3264=VECTOR('',#11520,1000.);
#3265=VECTOR('',#11521,1000.);
#3266=VECTOR('',#11522,1000.);
#3267=VECTOR('',#11523,1000.);
#3268=VECTOR('',#11524,1000.);
#3269=VECTOR('',#11525,1000.);
#3270=VECTOR('',#11526,1000.);
#3271=VECTOR('',#11527,1000.);
#3272=VECTOR('',#11528,1000.);
#3273=VECTOR('',#11529,1000.);
#3274=VECTOR('',#11530,1000.);
#3275=VECTOR('',#11533,1000.);
#3276=VECTOR('',#11534,1000.);
#3277=VECTOR('',#11535,1000.);
#3278=VECTOR('',#11536,1000.);
#3279=VECTOR('',#11537,1000.);
#3280=VECTOR('',#11538,1000.);
#3281=VECTOR('',#11539,1000.);
#3282=VECTOR('',#11540,1000.);
#3283=VECTOR('',#11541,1000.);
#3284=VECTOR('',#11542,1000.);
#3285=VECTOR('',#11543,1000.);
#3286=VECTOR('',#11544,1000.);
#3287=VECTOR('',#11545,1000.);
#3288=VECTOR('',#11546,1000.);
#3289=VECTOR('',#11547,1000.);
#3290=VECTOR('',#11548,1000.);
#3291=VECTOR('',#11549,1000.);
#3292=VECTOR('',#11550,1000.);
#3293=VECTOR('',#11551,1000.);
#3294=VECTOR('',#11552,1000.);
#3295=VECTOR('',#11553,1000.);
#3296=VECTOR('',#11556,1000.);
#3297=VECTOR('',#11557,1000.);
#3298=VECTOR('',#11558,1000.);
#3299=VECTOR('',#11559,1000.);
#3300=VECTOR('',#11560,1000.);
#3301=VECTOR('',#11561,1000.);
#3302=VECTOR('',#11562,1000.);
#3303=VECTOR('',#11563,1000.);
#3304=VECTOR('',#11564,1000.);
#3305=VECTOR('',#11565,1000.);
#3306=VECTOR('',#11566,1000.);
#3307=VECTOR('',#11567,1000.);
#3308=VECTOR('',#11568,1000.);
#3309=VECTOR('',#11569,1000.);
#3310=VECTOR('',#11570,1000.);
#3311=VECTOR('',#11573,1000.);
#3312=VECTOR('',#11574,1000.);
#3313=VECTOR('',#11575,1000.);
#3314=VECTOR('',#11576,1000.);
#3315=VECTOR('',#11579,1000.);
#3316=VECTOR('',#11580,1000.);
#3317=VECTOR('',#11581,1000.);
#3318=VECTOR('',#11582,1000.);
#3319=VECTOR('',#11585,1000.);
#3320=VECTOR('',#11586,1000.);
#3321=VECTOR('',#11587,1000.);
#3322=VECTOR('',#11588,1000.);
#3323=VECTOR('',#11589,1000.);
#3324=VECTOR('',#11590,1000.);
#3325=VECTOR('',#11591,1000.);
#3326=VECTOR('',#11592,1000.);
#3327=VECTOR('',#11595,1000.);
#3328=VECTOR('',#11596,1000.);
#3329=VECTOR('',#11599,1000.);
#3330=VECTOR('',#11600,1000.);
#3331=VECTOR('',#11603,1000.);
#3332=VECTOR('',#11604,1000.);
#3333=VECTOR('',#11605,1000.);
#3334=VECTOR('',#11606,1000.);
#3335=VECTOR('',#11607,1000.);
#3336=VECTOR('',#11608,1000.);
#3337=VECTOR('',#11609,1000.);
#3338=VECTOR('',#11610,1000.);
#3339=VECTOR('',#11611,1000.);
#3340=VECTOR('',#11612,1000.);
#3341=VECTOR('',#11613,1000.);
#3342=VECTOR('',#11614,1000.);
#3343=VECTOR('',#11615,1000.);
#3344=VECTOR('',#11618,1000.);
#3345=VECTOR('',#11619,1000.);
#3346=VECTOR('',#11620,1000.);
#3347=VECTOR('',#11623,1000.);
#3348=VECTOR('',#11624,1000.);
#3349=VECTOR('',#11625,1000.);
#3350=VECTOR('',#11628,1000.);
#3351=VECTOR('',#11629,1000.);
#3352=VECTOR('',#11630,1000.);
#3353=VECTOR('',#11633,1000.);
#3354=VECTOR('',#11634,1000.);
#3355=VECTOR('',#11635,1000.);
#3356=VECTOR('',#11638,1000.);
#3357=VECTOR('',#11639,1000.);
#3358=VECTOR('',#11640,1000.);
#3359=VECTOR('',#11641,1000.);
#3360=VECTOR('',#11642,1000.);
#3361=VECTOR('',#11643,1000.);
#3362=VECTOR('',#11644,1000.);
#3363=VECTOR('',#11645,1000.);
#3364=VECTOR('',#11648,1000.);
#3365=VECTOR('',#11649,1000.);
#3366=VECTOR('',#11652,1000.);
#3367=VECTOR('',#11653,1000.);
#3368=VECTOR('',#11656,1000.);
#3369=VECTOR('',#11657,1000.);
#3370=VECTOR('',#11664,1000.);
#3371=VECTOR('',#11665,1000.);
#3372=VECTOR('',#11666,1000.);
#3373=VECTOR('',#11669,1000.);
#3374=VECTOR('',#11670,1000.);
#3375=VECTOR('',#11671,1000.);
#3376=VECTOR('',#11674,1000.);
#3377=VECTOR('',#11675,1000.);
#3378=VECTOR('',#11682,1000.);
#3379=VECTOR('',#11683,1000.);
#3380=VECTOR('',#11684,1000.);
#3381=VECTOR('',#11687,1000.);
#3382=VECTOR('',#11688,1000.);
#3383=VECTOR('',#11695,1000.);
#3384=VECTOR('',#11696,1000.);
#3385=VECTOR('',#11697,1000.);
#3386=VECTOR('',#11700,1000.);
#3387=VECTOR('',#11701,1000.);
#3388=VECTOR('',#11702,1000.);
#3389=VECTOR('',#11705,1000.);
#3390=VECTOR('',#11706,1000.);
#3391=VECTOR('',#11713,1000.);
#3392=VECTOR('',#11716,1000.);
#3393=VECTOR('',#11717,1000.);
#3394=VECTOR('',#11720,1000.);
#3395=VECTOR('',#11721,1000.);
#3396=VECTOR('',#11722,1000.);
#3397=VECTOR('',#11731,1000.);
#3398=VECTOR('',#11734,1000.);
#3399=VECTOR('',#11739,1000.);
#3400=VECTOR('',#11740,1000.);
#3401=VECTOR('',#11741,1000.);
#3402=VECTOR('',#11744,1000.);
#3403=VECTOR('',#11745,1000.);
#3404=VECTOR('',#11746,1000.);
#3405=VECTOR('',#11749,1000.);
#3406=VECTOR('',#11752,1000.);
#3407=VECTOR('',#11755,1000.);
#3408=VECTOR('',#11756,1000.);
#3409=VECTOR('',#11757,1000.);
#3410=VECTOR('',#11760,1000.);
#3411=VECTOR('',#11761,1000.);
#3412=VECTOR('',#11764,1000.);
#3413=VECTOR('',#11765,1000.);
#3414=VECTOR('',#11768,1000.);
#3415=VECTOR('',#11775,1000.);
#3416=VECTOR('',#11776,1000.);
#3417=VECTOR('',#11777,1000.);
#3418=VECTOR('',#11780,1000.);
#3419=VECTOR('',#11781,1000.);
#3420=VECTOR('',#11788,1000.);
#3421=VECTOR('',#11789,1000.);
#3422=VECTOR('',#11790,1000.);
#3423=VECTOR('',#11793,1000.);
#3424=VECTOR('',#11794,1000.);
#3425=VECTOR('',#11795,1000.);
#3426=VECTOR('',#11798,1000.);
#3427=VECTOR('',#11799,1000.);
#3428=VECTOR('',#11806,1000.);
#3429=VECTOR('',#11809,1000.);
#3430=VECTOR('',#11810,1000.);
#3431=VECTOR('',#11813,1000.);
#3432=VECTOR('',#11814,1000.);
#3433=VECTOR('',#11815,1000.);
#3434=VECTOR('',#11824,1000.);
#3435=VECTOR('',#11825,1000.);
#3436=VECTOR('',#11826,1000.);
#3437=VECTOR('',#11829,1000.);
#3438=VECTOR('',#11830,1000.);
#3439=VECTOR('',#11831,1000.);
#3440=VECTOR('',#11834,1000.);
#3441=VECTOR('',#11837,1000.);
#3442=VECTOR('',#11840,1000.);
#3443=VECTOR('',#11841,1000.);
#3444=VECTOR('',#11842,1000.);
#3445=VECTOR('',#11845,1000.);
#3446=VECTOR('',#11846,1000.);
#3447=VECTOR('',#11849,1000.);
#3448=VECTOR('',#11850,1000.);
#3449=VECTOR('',#11853,1000.);
#3450=VECTOR('',#11856,1000.);
#3451=VECTOR('',#11857,1000.);
#3452=VECTOR('',#11858,1000.);
#3453=VECTOR('',#11861,1000.);
#3454=VECTOR('',#11862,1000.);
#3455=VECTOR('',#11863,1000.);
#3456=VECTOR('',#11866,1000.);
#3457=VECTOR('',#11867,1000.);
#3458=VECTOR('',#11874,1000.);
#3459=VECTOR('',#11875,1000.);
#3460=VECTOR('',#11876,1000.);
#3461=VECTOR('',#11879,1000.);
#3462=VECTOR('',#11880,1000.);
#3463=VECTOR('',#11887,1000.);
#3464=VECTOR('',#11888,1000.);
#3465=VECTOR('',#11889,1000.);
#3466=VECTOR('',#11892,1000.);
#3467=VECTOR('',#11893,1000.);
#3468=VECTOR('',#11894,1000.);
#3469=VECTOR('',#11897,1000.);
#3470=VECTOR('',#11898,1000.);
#3471=VECTOR('',#11905,1000.);
#3472=VECTOR('',#11906,1000.);
#3473=VECTOR('',#11907,1000.);
#3474=VECTOR('',#11910,1000.);
#3475=VECTOR('',#11911,1000.);
#3476=VECTOR('',#11912,1000.);
#3477=VECTOR('',#11923,1000.);
#3478=VECTOR('',#11926,1000.);
#3479=VECTOR('',#11931,1000.);
#3480=VECTOR('',#11932,1000.);
#3481=VECTOR('',#11933,1000.);
#3482=VECTOR('',#11936,1000.);
#3483=VECTOR('',#11937,1000.);
#3484=VECTOR('',#11940,1000.);
#3485=VECTOR('',#11941,1000.);
#3486=VECTOR('',#11944,1000.);
#3487=VECTOR('',#11947,1000.);
#3488=VECTOR('',#11948,1000.);
#3489=VECTOR('',#11949,1000.);
#3490=VECTOR('',#11952,1000.);
#3491=VECTOR('',#11953,1000.);
#3492=VECTOR('',#11956,1000.);
#3493=VECTOR('',#11957,1000.);
#3494=VECTOR('',#11960,1000.);
#3495=VECTOR('',#11967,1000.);
#3496=VECTOR('',#11970,1000.);
#3497=VECTOR('',#11983,1.9);
#3498=VECTOR('',#11986,1000.);
#3499=VECTOR('',#11989,1000.);
#3500=VECTOR('',#11992,1000.);
#3501=VECTOR('',#11995,1000.);
#3502=VECTOR('',#12000,1000.);
#3503=VECTOR('',#12005,1000.);
#3504=VECTOR('',#12018,1.45);
#3505=VECTOR('',#12031,1000.);
#3506=VECTOR('',#12034,1000.);
#3507=VECTOR('',#12041,1.1);
#3508=VECTOR('',#12052,1.45);
#3509=VECTOR('',#12057,1000.);
#3510=VECTOR('',#12058,1000.);
#3511=VECTOR('',#12059,1000.);
#3512=VECTOR('',#12060,1000.);
#3513=VECTOR('',#12065,1000.);
#3514=VECTOR('',#12066,1000.);
#3515=VECTOR('',#12067,1000.);
#3516=VECTOR('',#12068,1000.);
#3517=VECTOR('',#12069,1000.);
#3518=VECTOR('',#12070,1000.);
#3519=VECTOR('',#12071,1000.);
#3520=VECTOR('',#12072,1000.);
#3521=VECTOR('',#12077,1000.);
#3522=VECTOR('',#12078,1000.);
#3523=VECTOR('',#12081,1000.);
#3524=VECTOR('',#12086,1000.);
#3525=VECTOR('',#12089,1000.);
#3526=VECTOR('',#12090,1000.);
#3527=VECTOR('',#12091,1000.);
#3528=VECTOR('',#12092,1000.);
#3529=VECTOR('',#12093,1000.);
#3530=VECTOR('',#12094,1000.);
#3531=VECTOR('',#12097,1000.);
#3532=VECTOR('',#12098,1000.);
#3533=VECTOR('',#12099,1000.);
#3534=VECTOR('',#12100,1000.);
#3535=VECTOR('',#12103,1000.);
#3536=VECTOR('',#12104,1000.);
#3537=VECTOR('',#12105,1000.);
#3538=VECTOR('',#12106,1000.);
#3539=VECTOR('',#12109,1000.);
#3540=VECTOR('',#12110,1000.);
#3541=VECTOR('',#12123,1.475);
#3542=VECTOR('',#12132,1000.);
#3543=VECTOR('',#12133,1000.);
#3544=VECTOR('',#12134,1000.);
#3545=VECTOR('',#12135,1000.);
#3546=VECTOR('',#12136,1000.);
#3547=VECTOR('',#12137,1000.);
#3548=VECTOR('',#12142,1000.);
#3549=VECTOR('',#12147,1000.);
#3550=VECTOR('',#12148,1000.);
#3551=VECTOR('',#12149,1000.);
#3552=VECTOR('',#12154,1000.);
#3553=VECTOR('',#12159,1000.);
#3554=VECTOR('',#12160,1000.);
#3555=VECTOR('',#12161,1000.);
#3556=VECTOR('',#12162,1000.);
#3557=VECTOR('',#12163,1000.);
#3558=VECTOR('',#12164,1000.);
#3559=VECTOR('',#12171,1000.);
#3560=VECTOR('',#12174,1000.);
#3561=VECTOR('',#12175,1000.);
#3562=VECTOR('',#12176,1000.);
#3563=VECTOR('',#12183,1000.);
#3564=VECTOR('',#12186,1000.);
#3565=VECTOR('',#12187,1000.);
#3566=VECTOR('',#12190,1000.);
#3567=VECTOR('',#12191,1000.);
#3568=VECTOR('',#12192,1000.);
#3569=VECTOR('',#12195,1000.);
#3570=VECTOR('',#12198,1000.);
#3571=VECTOR('',#12201,1000.);
#3572=VECTOR('',#12206,1000.);
#3573=VECTOR('',#12207,1000.);
#3574=VECTOR('',#12208,1000.);
#3575=VECTOR('',#12213,1000.);
#3576=VECTOR('',#12218,1000.);
#3577=VECTOR('',#12219,1000.);
#3578=VECTOR('',#12220,1000.);
#3579=VECTOR('',#12221,1000.);
#3580=VECTOR('',#12222,1000.);
#3581=VECTOR('',#12227,1000.);
#3582=VECTOR('',#12230,1000.);
#3583=VECTOR('',#12233,1000.);
#3584=VECTOR('',#12234,1000.);
#3585=VECTOR('',#12235,1000.);
#3586=VECTOR('',#12242,1000.);
#3587=VECTOR('',#12245,1000.);
#3588=VECTOR('',#12246,1000.);
#3589=VECTOR('',#12247,1000.);
#3590=VECTOR('',#12248,1000.);
#3591=VECTOR('',#12249,1000.);
#3592=VECTOR('',#12252,1000.);
#3593=VECTOR('',#12255,1000.);
#3594=VECTOR('',#12258,1000.);
#3595=VECTOR('',#12261,1000.);
#3596=VECTOR('',#12264,1000.);
#3597=VECTOR('',#12265,1000.);
#3598=VECTOR('',#12270,1000.);
#3599=VECTOR('',#12271,1000.);
#3600=VECTOR('',#12272,1000.);
#3601=VECTOR('',#12275,1000.);
#3602=VECTOR('',#12278,1000.);
#3603=VECTOR('',#12281,1000.);
#3604=VECTOR('',#12286,1000.);
#3605=VECTOR('',#12287,1000.);
#3606=VECTOR('',#12288,1000.);
#3607=VECTOR('',#12291,1000.);
#3608=VECTOR('',#12292,1000.);
#3609=VECTOR('',#12293,1000.);
#3610=VECTOR('',#12296,1000.);
#3611=VECTOR('',#12297,1000.);
#3612=VECTOR('',#12300,1000.);
#3613=VECTOR('',#12301,1000.);
#3614=VECTOR('',#12302,1000.);
#3615=VECTOR('',#12305,1000.);
#3616=VECTOR('',#12306,1000.);
#3617=VECTOR('',#12307,1000.);
#3618=VECTOR('',#12320,1000.);
#3619=VECTOR('',#12323,1000.);
#3620=VECTOR('',#12324,1000.);
#3621=VECTOR('',#12327,1000.);
#3622=VECTOR('',#12342,1000.);
#3623=VECTOR('',#12343,1000.);
#3624=VECTOR('',#12344,1000.);
#3625=VECTOR('',#12345,1000.);
#3626=VECTOR('',#12348,1000.);
#3627=VECTOR('',#12349,1000.);
#3628=VECTOR('',#12350,1000.);
#3629=VECTOR('',#12363,1000.);
#3630=VECTOR('',#12366,1000.);
#3631=VECTOR('',#12367,1000.);
#3632=VECTOR('',#12368,1000.);
#3633=VECTOR('',#12371,1000.);
#3634=VECTOR('',#12386,1000.);
#3635=VECTOR('',#12387,1000.);
#3636=VECTOR('',#12390,1000.);
#3637=VECTOR('',#12391,1000.);
#3638=VECTOR('',#12392,1000.);
#3639=VECTOR('',#12393,1000.);
#3640=VECTOR('',#12400,1000.);
#3641=VECTOR('',#12403,1000.);
#3642=VECTOR('',#12406,1000.);
#3643=VECTOR('',#12409,1000.);
#3644=VECTOR('',#12412,1000.);
#3645=VECTOR('',#12415,1000.);
#3646=VECTOR('',#12418,1000.);
#3647=VECTOR('',#12421,1000.);
#3648=VECTOR('',#12426,1000.);
#3649=VECTOR('',#12431,1000.);
#3650=VECTOR('',#12434,1000.);
#3651=VECTOR('',#12437,1000.);
#3652=VECTOR('',#12440,1000.);
#3653=VECTOR('',#12443,1000.);
#3654=VECTOR('',#12448,1000.);
#3655=VECTOR('',#12449,1000.);
#3656=VECTOR('',#12450,1000.);
#3657=VECTOR('',#12451,1000.);
#3658=VECTOR('',#12452,1000.);
#3659=VECTOR('',#12453,1000.);
#3660=VECTOR('',#12456,1000.);
#3661=VECTOR('',#12457,1000.);
#3662=VECTOR('',#12458,1000.);
#3663=VECTOR('',#12459,1000.);
#3664=VECTOR('',#12460,1000.);
#3665=VECTOR('',#12461,1000.);
#3666=VECTOR('',#12470,1000.);
#3667=VECTOR('',#12473,1000.);
#3668=VECTOR('',#12478,1000.);
#3669=VECTOR('',#12479,1000.);
#3670=VECTOR('',#12486,1000.);
#3671=VECTOR('',#12487,1000.);
#3672=VECTOR('',#12490,1000.);
#3673=VECTOR('',#12491,1000.);
#3674=VECTOR('',#12498,1000.);
#3675=VECTOR('',#12499,1000.);
#3676=VECTOR('',#12502,1000.);
#3677=VECTOR('',#12507,1000.);
#3678=VECTOR('',#12514,1000.);
#3679=VECTOR('',#12517,1000.);
#3680=VECTOR('',#12518,1000.);
#3681=VECTOR('',#12519,1000.);
#3682=VECTOR('',#12522,1000.);
#3683=VECTOR('',#12523,1000.);
#3684=VECTOR('',#12524,1000.);
#3685=VECTOR('',#12525,1000.);
#3686=VECTOR('',#12530,1000.);
#3687=VECTOR('',#12533,1000.);
#3688=VECTOR('',#12534,1000.);
#3689=VECTOR('',#12535,1000.);
#3690=VECTOR('',#12540,1000.);
#3691=VECTOR('',#12555,1000.);
#3692=VECTOR('',#12564,1000.);
#3693=VECTOR('',#12567,1000.);
#3694=VECTOR('',#12570,1000.);
#3695=VECTOR('',#12573,1000.);
#3696=VECTOR('',#12586,1000.);
#3697=VECTOR('',#12589,1000.);
#3698=VECTOR('',#12590,1000.);
#3699=VECTOR('',#12591,1000.);
#3700=VECTOR('',#12596,1000.);
#3701=VECTOR('',#12599,1000.);
#3702=VECTOR('',#12600,1000.);
#3703=VECTOR('',#12601,1000.);
#3704=VECTOR('',#12604,1000.);
#3705=VECTOR('',#12605,1000.);
#3706=VECTOR('',#12606,1000.);
#3707=VECTOR('',#12607,1000.);
#3708=VECTOR('',#12612,1000.);
#3709=VECTOR('',#12627,1000.);
#3710=VECTOR('',#12636,1000.);
#3711=VECTOR('',#12639,1000.);
#3712=VECTOR('',#12642,1000.);
#3713=VECTOR('',#12645,1000.);
#3714=VERTEX_POINT('',#12683);
#3715=VERTEX_POINT('',#12684);
#3716=VERTEX_POINT('',#12686);
#3717=VERTEX_POINT('',#12688);
#3718=VERTEX_POINT('',#12690);
#3719=VERTEX_POINT('',#12692);
#3720=VERTEX_POINT('',#12694);
#3721=VERTEX_POINT('',#12696);
#3722=VERTEX_POINT('',#12698);
#3723=VERTEX_POINT('',#12700);
#3724=VERTEX_POINT('',#12702);
#3725=VERTEX_POINT('',#12704);
#3726=VERTEX_POINT('',#12706);
#3727=VERTEX_POINT('',#12708);
#3728=VERTEX_POINT('',#12710);
#3729=VERTEX_POINT('',#12712);
#3730=VERTEX_POINT('',#12714);
#3731=VERTEX_POINT('',#12716);
#3732=VERTEX_POINT('',#12718);
#3733=VERTEX_POINT('',#12720);
#3734=VERTEX_POINT('',#12724);
#3735=VERTEX_POINT('',#12726);
#3736=VERTEX_POINT('',#12728);
#3737=VERTEX_POINT('',#12730);
#3738=VERTEX_POINT('',#12734);
#3739=VERTEX_POINT('',#12735);
#3740=VERTEX_POINT('',#12737);
#3741=VERTEX_POINT('',#12739);
#3742=VERTEX_POINT('',#12741);
#3743=VERTEX_POINT('',#12743);
#3744=VERTEX_POINT('',#12745);
#3745=VERTEX_POINT('',#12747);
#3746=VERTEX_POINT('',#12749);
#3747=VERTEX_POINT('',#12751);
#3748=VERTEX_POINT('',#12753);
#3749=VERTEX_POINT('',#12755);
#3750=VERTEX_POINT('',#12757);
#3751=VERTEX_POINT('',#12761);
#3752=VERTEX_POINT('',#12762);
#3753=VERTEX_POINT('',#12764);
#3754=VERTEX_POINT('',#12766);
#3755=VERTEX_POINT('',#12768);
#3756=VERTEX_POINT('',#12770);
#3757=VERTEX_POINT('',#12772);
#3758=VERTEX_POINT('',#12774);
#3759=VERTEX_POINT('',#12776);
#3760=VERTEX_POINT('',#12778);
#3761=VERTEX_POINT('',#12780);
#3762=VERTEX_POINT('',#12782);
#3763=VERTEX_POINT('',#12784);
#3764=VERTEX_POINT('',#12788);
#3765=VERTEX_POINT('',#12790);
#3766=VERTEX_POINT('',#12792);
#3767=VERTEX_POINT('',#12794);
#3768=VERTEX_POINT('',#12798);
#3769=VERTEX_POINT('',#12800);
#3770=VERTEX_POINT('',#12804);
#3771=VERTEX_POINT('',#12806);
#3772=VERTEX_POINT('',#12811);
#3773=VERTEX_POINT('',#12813);
#3774=VERTEX_POINT('',#12815);
#3775=VERTEX_POINT('',#12817);
#3776=VERTEX_POINT('',#12821);
#3777=VERTEX_POINT('',#12822);
#3778=VERTEX_POINT('',#12824);
#3779=VERTEX_POINT('',#12826);
#3780=VERTEX_POINT('',#12830);
#3781=VERTEX_POINT('',#12831);
#3782=VERTEX_POINT('',#12834);
#3783=VERTEX_POINT('',#12838);
#3784=VERTEX_POINT('',#12839);
#3785=VERTEX_POINT('',#12841);
#3786=VERTEX_POINT('',#12843);
#3787=VERTEX_POINT('',#12845);
#3788=VERTEX_POINT('',#12847);
#3789=VERTEX_POINT('',#12849);
#3790=VERTEX_POINT('',#12851);
#3791=VERTEX_POINT('',#12853);
#3792=VERTEX_POINT('',#12855);
#3793=VERTEX_POINT('',#12857);
#3794=VERTEX_POINT('',#12859);
#3795=VERTEX_POINT('',#12861);
#3796=VERTEX_POINT('',#12865);
#3797=VERTEX_POINT('',#12866);
#3798=VERTEX_POINT('',#12868);
#3799=VERTEX_POINT('',#12870);
#3800=VERTEX_POINT('',#12872);
#3801=VERTEX_POINT('',#12874);
#3802=VERTEX_POINT('',#12876);
#3803=VERTEX_POINT('',#12878);
#3804=VERTEX_POINT('',#12880);
#3805=VERTEX_POINT('',#12882);
#3806=VERTEX_POINT('',#12884);
#3807=VERTEX_POINT('',#12886);
#3808=VERTEX_POINT('',#12888);
#3809=VERTEX_POINT('',#12892);
#3810=VERTEX_POINT('',#12894);
#3811=VERTEX_POINT('',#12896);
#3812=VERTEX_POINT('',#12898);
#3813=VERTEX_POINT('',#12902);
#3814=VERTEX_POINT('',#12904);
#3815=VERTEX_POINT('',#12908);
#3816=VERTEX_POINT('',#12910);
#3817=VERTEX_POINT('',#12915);
#3818=VERTEX_POINT('',#12917);
#3819=VERTEX_POINT('',#12919);
#3820=VERTEX_POINT('',#12924);
#3821=VERTEX_POINT('',#12925);
#3822=VERTEX_POINT('',#12927);
#3823=VERTEX_POINT('',#12929);
#3824=VERTEX_POINT('',#12932);
#3825=VERTEX_POINT('',#12933);
#3826=VERTEX_POINT('',#12935);
#3827=VERTEX_POINT('',#12937);
#3828=VERTEX_POINT('',#12940);
#3829=VERTEX_POINT('',#12941);
#3830=VERTEX_POINT('',#12943);
#3831=VERTEX_POINT('',#12945);
#3832=VERTEX_POINT('',#12948);
#3833=VERTEX_POINT('',#12949);
#3834=VERTEX_POINT('',#12951);
#3835=VERTEX_POINT('',#12953);
#3836=VERTEX_POINT('',#12956);
#3837=VERTEX_POINT('',#12958);
#3838=VERTEX_POINT('',#12960);
#3839=VERTEX_POINT('',#12963);
#3840=VERTEX_POINT('',#12964);
#3841=VERTEX_POINT('',#12966);
#3842=VERTEX_POINT('',#12968);
#3843=VERTEX_POINT('',#12971);
#3844=VERTEX_POINT('',#12972);
#3845=VERTEX_POINT('',#12974);
#3846=VERTEX_POINT('',#12976);
#3847=VERTEX_POINT('',#12979);
#3848=VERTEX_POINT('',#12980);
#3849=VERTEX_POINT('',#12982);
#3850=VERTEX_POINT('',#12984);
#3851=VERTEX_POINT('',#12987);
#3852=VERTEX_POINT('',#12988);
#3853=VERTEX_POINT('',#12990);
#3854=VERTEX_POINT('',#12992);
#3855=VERTEX_POINT('',#12996);
#3856=VERTEX_POINT('',#12999);
#3857=VERTEX_POINT('',#13001);
#3858=VERTEX_POINT('',#13003);
#3859=VERTEX_POINT('',#13005);
#3860=VERTEX_POINT('',#13007);
#3861=VERTEX_POINT('',#13009);
#3862=VERTEX_POINT('',#13011);
#3863=VERTEX_POINT('',#13013);
#3864=VERTEX_POINT('',#13015);
#3865=VERTEX_POINT('',#13018);
#3866=VERTEX_POINT('',#13019);
#3867=VERTEX_POINT('',#13021);
#3868=VERTEX_POINT('',#13023);
#3869=VERTEX_POINT('',#13026);
#3870=VERTEX_POINT('',#13027);
#3871=VERTEX_POINT('',#13029);
#3872=VERTEX_POINT('',#13031);
#3873=VERTEX_POINT('',#13034);
#3874=VERTEX_POINT('',#13035);
#3875=VERTEX_POINT('',#13037);
#3876=VERTEX_POINT('',#13039);
#3877=VERTEX_POINT('',#13043);
#3878=VERTEX_POINT('',#13045);
#3879=VERTEX_POINT('',#13047);
#3880=VERTEX_POINT('',#13049);
#3881=VERTEX_POINT('',#13053);
#3882=VERTEX_POINT('',#13054);
#3883=VERTEX_POINT('',#13056);
#3884=VERTEX_POINT('',#13058);
#3885=VERTEX_POINT('',#13061);
#3886=VERTEX_POINT('',#13062);
#3887=VERTEX_POINT('',#13064);
#3888=VERTEX_POINT('',#13066);
#3889=VERTEX_POINT('',#13069);
#3890=VERTEX_POINT('',#13070);
#3891=VERTEX_POINT('',#13072);
#3892=VERTEX_POINT('',#13074);
#3893=VERTEX_POINT('',#13078);
#3894=VERTEX_POINT('',#13080);
#3895=VERTEX_POINT('',#13082);
#3896=VERTEX_POINT('',#13084);
#3897=VERTEX_POINT('',#13086);
#3898=VERTEX_POINT('',#13089);
#3899=VERTEX_POINT('',#13092);
#3900=VERTEX_POINT('',#13094);
#3901=VERTEX_POINT('',#13097);
#3902=VERTEX_POINT('',#13098);
#3903=VERTEX_POINT('',#13100);
#3904=VERTEX_POINT('',#13103);
#3905=VERTEX_POINT('',#13105);
#3906=VERTEX_POINT('',#13107);
#3907=VERTEX_POINT('',#13109);
#3908=VERTEX_POINT('',#13111);
#3909=VERTEX_POINT('',#13113);
#3910=VERTEX_POINT('',#13115);
#3911=VERTEX_POINT('',#13117);
#3912=VERTEX_POINT('',#13119);
#3913=VERTEX_POINT('',#13121);
#3914=VERTEX_POINT('',#13123);
#3915=VERTEX_POINT('',#13125);
#3916=VERTEX_POINT('',#13127);
#3917=VERTEX_POINT('',#13129);
#3918=VERTEX_POINT('',#13131);
#3919=VERTEX_POINT('',#13133);
#3920=VERTEX_POINT('',#13135);
#3921=VERTEX_POINT('',#13138);
#3922=VERTEX_POINT('',#13139);
#3923=VERTEX_POINT('',#13141);
#3924=VERTEX_POINT('',#13143);
#3925=VERTEX_POINT('',#13145);
#3926=VERTEX_POINT('',#13148);
#3927=VERTEX_POINT('',#13149);
#3928=VERTEX_POINT('',#13151);
#3929=VERTEX_POINT('',#13153);
#3930=VERTEX_POINT('',#13155);
#3931=VERTEX_POINT('',#13158);
#3932=VERTEX_POINT('',#13160);
#3933=VERTEX_POINT('',#13162);
#3934=VERTEX_POINT('',#13165);
#3935=VERTEX_POINT('',#13166);
#3936=VERTEX_POINT('',#13168);
#3937=VERTEX_POINT('',#13170);
#3938=VERTEX_POINT('',#13172);
#3939=VERTEX_POINT('',#13174);
#3940=VERTEX_POINT('',#13176);
#3941=VERTEX_POINT('',#13180);
#3942=VERTEX_POINT('',#13185);
#3943=VERTEX_POINT('',#13187);
#3944=VERTEX_POINT('',#13189);
#3945=VERTEX_POINT('',#13191);
#3946=VERTEX_POINT('',#13193);
#3947=VERTEX_POINT('',#13195);
#3948=VERTEX_POINT('',#13197);
#3949=VERTEX_POINT('',#13199);
#3950=VERTEX_POINT('',#13201);
#3951=VERTEX_POINT('',#13203);
#3952=VERTEX_POINT('',#13205);
#3953=VERTEX_POINT('',#13208);
#3954=VERTEX_POINT('',#13211);
#3955=VERTEX_POINT('',#13214);
#3956=VERTEX_POINT('',#13215);
#3957=VERTEX_POINT('',#13217);
#3958=VERTEX_POINT('',#13219);
#3959=VERTEX_POINT('',#13223);
#3960=VERTEX_POINT('',#13224);
#3961=VERTEX_POINT('',#13226);
#3962=VERTEX_POINT('',#13228);
#3963=VERTEX_POINT('',#13232);
#3964=VERTEX_POINT('',#13233);
#3965=VERTEX_POINT('',#13238);
#3966=VERTEX_POINT('',#13239);
#3967=VERTEX_POINT('',#13244);
#3968=VERTEX_POINT('',#13248);
#3969=VERTEX_POINT('',#13250);
#3970=VERTEX_POINT('',#13254);
#3971=VERTEX_POINT('',#13256);
#3972=VERTEX_POINT('',#13260);
#3973=VERTEX_POINT('',#13262);
#3974=VERTEX_POINT('',#13264);
#3975=VERTEX_POINT('',#13266);
#3976=VERTEX_POINT('',#13269);
#3977=VERTEX_POINT('',#13272);
#3978=VERTEX_POINT('',#13274);
#3979=VERTEX_POINT('',#13278);
#3980=VERTEX_POINT('',#13282);
#3981=VERTEX_POINT('',#13285);
#3982=VERTEX_POINT('',#13287);
#3983=VERTEX_POINT('',#13290);
#3984=VERTEX_POINT('',#13292);
#3985=VERTEX_POINT('',#13294);
#3986=VERTEX_POINT('',#13296);
#3987=VERTEX_POINT('',#13299);
#3988=VERTEX_POINT('',#13302);
#3989=VERTEX_POINT('',#13305);
#3990=VERTEX_POINT('',#13307);
#3991=VERTEX_POINT('',#13311);
#3992=VERTEX_POINT('',#13312);
#3993=VERTEX_POINT('',#13314);
#3994=VERTEX_POINT('',#13316);
#3995=VERTEX_POINT('',#13320);
#3996=VERTEX_POINT('',#13321);
#3997=VERTEX_POINT('',#13326);
#3998=VERTEX_POINT('',#13330);
#3999=VERTEX_POINT('',#13334);
#4000=VERTEX_POINT('',#13336);
#4001=VERTEX_POINT('',#13340);
#4002=VERTEX_POINT('',#13342);
#4003=VERTEX_POINT('',#13344);
#4004=VERTEX_POINT('',#13346);
#4005=VERTEX_POINT('',#13348);
#4006=VERTEX_POINT('',#13350);
#4007=VERTEX_POINT('',#13353);
#4008=VERTEX_POINT('',#13356);
#4009=VERTEX_POINT('',#13358);
#4010=VERTEX_POINT('',#13361);
#4011=VERTEX_POINT('',#13364);
#4012=VERTEX_POINT('',#13368);
#4013=VERTEX_POINT('',#13376);
#4014=VERTEX_POINT('',#13377);
#4015=VERTEX_POINT('',#13379);
#4016=VERTEX_POINT('',#13382);
#4017=VERTEX_POINT('',#13384);
#4018=VERTEX_POINT('',#13387);
#4019=VERTEX_POINT('',#13389);
#4020=VERTEX_POINT('',#13391);
#4021=VERTEX_POINT('',#13393);
#4022=VERTEX_POINT('',#13395);
#4023=VERTEX_POINT('',#13397);
#4024=VERTEX_POINT('',#13399);
#4025=VERTEX_POINT('',#13402);
#4026=VERTEX_POINT('',#13405);
#4027=VERTEX_POINT('',#13408);
#4028=VERTEX_POINT('',#13411);
#4029=VERTEX_POINT('',#13413);
#4030=VERTEX_POINT('',#13416);
#4031=VERTEX_POINT('',#13418);
#4032=VERTEX_POINT('',#13423);
#4033=VERTEX_POINT('',#13425);
#4034=VERTEX_POINT('',#13429);
#4035=VERTEX_POINT('',#13430);
#4036=VERTEX_POINT('',#13432);
#4037=VERTEX_POINT('',#13434);
#4038=VERTEX_POINT('',#13438);
#4039=VERTEX_POINT('',#13439);
#4040=VERTEX_POINT('',#13444);
#4041=VERTEX_POINT('',#13448);
#4042=VERTEX_POINT('',#13452);
#4043=VERTEX_POINT('',#13454);
#4044=VERTEX_POINT('',#13465);
#4045=VERTEX_POINT('',#13466);
#4046=VERTEX_POINT('',#13468);
#4047=VERTEX_POINT('',#13470);
#4048=VERTEX_POINT('',#13473);
#4049=VERTEX_POINT('',#13482);
#4050=VERTEX_POINT('',#13490);
#4051=VERTEX_POINT('',#13492);
#4052=VERTEX_POINT('',#13516);
#4053=VERTEX_POINT('',#13517);
#4054=VERTEX_POINT('',#13522);
#4055=VERTEX_POINT('',#13526);
#4056=VERTEX_POINT('',#13532);
#4057=VERTEX_POINT('',#13536);
#4058=VERTEX_POINT('',#13544);
#4059=VERTEX_POINT('',#13550);
#4060=VERTEX_POINT('',#13553);
#4061=VERTEX_POINT('',#13557);
#4062=VERTEX_POINT('',#13561);
#4063=VERTEX_POINT('',#13567);
#4064=VERTEX_POINT('',#13569);
#4065=VERTEX_POINT('',#13573);
#4066=VERTEX_POINT('',#13575);
#4067=VERTEX_POINT('',#13580);
#4068=VERTEX_POINT('',#13589);
#4069=VERTEX_POINT('',#13591);
#4070=VERTEX_POINT('',#13595);
#4071=VERTEX_POINT('',#13597);
#4072=VERTEX_POINT('',#13601);
#4073=VERTEX_POINT('',#13603);
#4074=VERTEX_POINT('',#13607);
#4075=VERTEX_POINT('',#13609);
#4076=VERTEX_POINT('',#13613);
#4077=VERTEX_POINT('',#13615);
#4078=VERTEX_POINT('',#13617);
#4079=VERTEX_POINT('',#13619);
#4080=VERTEX_POINT('',#13623);
#4081=VERTEX_POINT('',#13625);
#4082=VERTEX_POINT('',#13627);
#4083=VERTEX_POINT('',#13629);
#4084=VERTEX_POINT('',#13674);
#4085=VERTEX_POINT('',#13675);
#4086=VERTEX_POINT('',#13680);
#4087=VERTEX_POINT('',#13684);
#4088=VERTEX_POINT('',#13690);
#4089=VERTEX_POINT('',#13694);
#4090=VERTEX_POINT('',#13702);
#4091=VERTEX_POINT('',#13708);
#4092=VERTEX_POINT('',#13712);
#4093=VERTEX_POINT('',#13719);
#4094=VERTEX_POINT('',#13723);
#4095=VERTEX_POINT('',#13772);
#4096=VERTEX_POINT('',#13773);
#4097=VERTEX_POINT('',#13778);
#4098=VERTEX_POINT('',#13782);
#4099=VERTEX_POINT('',#13788);
#4100=VERTEX_POINT('',#13792);
#4101=VERTEX_POINT('',#13800);
#4102=VERTEX_POINT('',#13806);
#4103=VERTEX_POINT('',#13810);
#4104=VERTEX_POINT('',#13816);
#4105=VERTEX_POINT('',#13818);
#4106=VERTEX_POINT('',#13822);
#4107=VERTEX_POINT('',#13855);
#4108=VERTEX_POINT('',#13871);
#4109=VERTEX_POINT('',#13873);
#4110=VERTEX_POINT('',#13877);
#4111=VERTEX_POINT('',#13878);
#4112=VERTEX_POINT('',#13880);
#4113=VERTEX_POINT('',#13882);
#4114=VERTEX_POINT('',#13886);
#4115=VERTEX_POINT('',#13887);
#4116=VERTEX_POINT('',#13889);
#4117=VERTEX_POINT('',#13891);
#4118=VERTEX_POINT('',#13895);
#4119=VERTEX_POINT('',#13896);
#4120=VERTEX_POINT('',#13898);
#4121=VERTEX_POINT('',#13900);
#4122=VERTEX_POINT('',#13904);
#4123=VERTEX_POINT('',#13905);
#4124=VERTEX_POINT('',#13907);
#4125=VERTEX_POINT('',#13909);
#4126=VERTEX_POINT('',#13913);
#4127=VERTEX_POINT('',#13914);
#4128=VERTEX_POINT('',#13916);
#4129=VERTEX_POINT('',#13918);
#4130=VERTEX_POINT('',#13942);
#4131=VERTEX_POINT('',#13944);
#4132=VERTEX_POINT('',#13948);
#4133=VERTEX_POINT('',#13952);
#4134=VERTEX_POINT('',#13956);
#4135=VERTEX_POINT('',#13964);
#4136=VERTEX_POINT('',#13975);
#4137=VERTEX_POINT('',#13977);
#4138=VERTEX_POINT('',#13981);
#4139=VERTEX_POINT('',#13985);
#4140=VERTEX_POINT('',#13989);
#4141=VERTEX_POINT('',#14001);
#4142=VERTEX_POINT('',#14003);
#4143=VERTEX_POINT('',#14007);
#4144=VERTEX_POINT('',#14008);
#4145=VERTEX_POINT('',#14010);
#4146=VERTEX_POINT('',#14012);
#4147=VERTEX_POINT('',#14016);
#4148=VERTEX_POINT('',#14017);
#4149=VERTEX_POINT('',#14019);
#4150=VERTEX_POINT('',#14021);
#4151=VERTEX_POINT('',#14025);
#4152=VERTEX_POINT('',#14026);
#4153=VERTEX_POINT('',#14028);
#4154=VERTEX_POINT('',#14030);
#4155=VERTEX_POINT('',#14034);
#4156=VERTEX_POINT('',#14035);
#4157=VERTEX_POINT('',#14037);
#4158=VERTEX_POINT('',#14039);
#4159=VERTEX_POINT('',#14043);
#4160=VERTEX_POINT('',#14044);
#4161=VERTEX_POINT('',#14046);
#4162=VERTEX_POINT('',#14048);
#4163=VERTEX_POINT('',#14073);
#4164=VERTEX_POINT('',#14074);
#4165=VERTEX_POINT('',#14076);
#4166=VERTEX_POINT('',#14078);
#4167=VERTEX_POINT('',#14080);
#4168=VERTEX_POINT('',#14082);
#4169=VERTEX_POINT('',#14084);
#4170=VERTEX_POINT('',#14086);
#4171=VERTEX_POINT('',#14090);
#4172=VERTEX_POINT('',#14092);
#4173=VERTEX_POINT('',#14096);
#4174=VERTEX_POINT('',#14097);
#4175=VERTEX_POINT('',#14102);
#4176=VERTEX_POINT('',#14103);
#4177=VERTEX_POINT('',#14105);
#4178=VERTEX_POINT('',#14107);
#4179=VERTEX_POINT('',#14109);
#4180=VERTEX_POINT('',#14111);
#4181=VERTEX_POINT('',#14113);
#4182=VERTEX_POINT('',#14115);
#4183=VERTEX_POINT('',#14117);
#4184=VERTEX_POINT('',#14119);
#4185=VERTEX_POINT('',#14121);
#4186=VERTEX_POINT('',#14123);
#4187=VERTEX_POINT('',#14126);
#4188=VERTEX_POINT('',#14127);
#4189=VERTEX_POINT('',#14129);
#4190=VERTEX_POINT('',#14131);
#4191=VERTEX_POINT('',#14134);
#4192=VERTEX_POINT('',#14135);
#4193=VERTEX_POINT('',#14137);
#4194=VERTEX_POINT('',#14139);
#4195=VERTEX_POINT('',#14142);
#4196=VERTEX_POINT('',#14143);
#4197=VERTEX_POINT('',#14145);
#4198=VERTEX_POINT('',#14147);
#4199=VERTEX_POINT('',#14149);
#4200=VERTEX_POINT('',#14151);
#4201=VERTEX_POINT('',#14153);
#4202=VERTEX_POINT('',#14155);
#4203=VERTEX_POINT('',#14158);
#4204=VERTEX_POINT('',#14159);
#4205=VERTEX_POINT('',#14161);
#4206=VERTEX_POINT('',#14163);
#4207=VERTEX_POINT('',#14166);
#4208=VERTEX_POINT('',#14167);
#4209=VERTEX_POINT('',#14169);
#4210=VERTEX_POINT('',#14171);
#4211=VERTEX_POINT('',#14174);
#4212=VERTEX_POINT('',#14176);
#4213=VERTEX_POINT('',#14178);
#4214=VERTEX_POINT('',#14181);
#4215=VERTEX_POINT('',#14184);
#4216=VERTEX_POINT('',#14185);
#4217=VERTEX_POINT('',#14187);
#4218=VERTEX_POINT('',#14189);
#4219=VERTEX_POINT('',#14192);
#4220=VERTEX_POINT('',#14193);
#4221=VERTEX_POINT('',#14195);
#4222=VERTEX_POINT('',#14197);
#4223=VERTEX_POINT('',#14200);
#4224=VERTEX_POINT('',#14201);
#4225=VERTEX_POINT('',#14203);
#4226=VERTEX_POINT('',#14205);
#4227=VERTEX_POINT('',#14207);
#4228=VERTEX_POINT('',#14209);
#4229=VERTEX_POINT('',#14211);
#4230=VERTEX_POINT('',#14213);
#4231=VERTEX_POINT('',#14217);
#4232=VERTEX_POINT('',#14219);
#4233=VERTEX_POINT('',#14222);
#4234=VERTEX_POINT('',#14224);
#4235=VERTEX_POINT('',#14227);
#4236=VERTEX_POINT('',#14229);
#4237=VERTEX_POINT('',#14232);
#4238=VERTEX_POINT('',#14233);
#4239=VERTEX_POINT('',#14235);
#4240=VERTEX_POINT('',#14237);
#4241=VERTEX_POINT('',#14240);
#4242=VERTEX_POINT('',#14241);
#4243=VERTEX_POINT('',#14243);
#4244=VERTEX_POINT('',#14245);
#4245=VERTEX_POINT('',#14248);
#4246=VERTEX_POINT('',#14249);
#4247=VERTEX_POINT('',#14251);
#4248=VERTEX_POINT('',#14253);
#4249=VERTEX_POINT('',#14257);
#4250=VERTEX_POINT('',#14259);
#4251=VERTEX_POINT('',#14262);
#4252=VERTEX_POINT('',#14263);
#4253=VERTEX_POINT('',#14265);
#4254=VERTEX_POINT('',#14267);
#4255=VERTEX_POINT('',#14270);
#4256=VERTEX_POINT('',#14271);
#4257=VERTEX_POINT('',#14273);
#4258=VERTEX_POINT('',#14275);
#4259=VERTEX_POINT('',#14278);
#4260=VERTEX_POINT('',#14279);
#4261=VERTEX_POINT('',#14281);
#4262=VERTEX_POINT('',#14283);
#4263=VERTEX_POINT('',#14287);
#4264=VERTEX_POINT('',#14288);
#4265=VERTEX_POINT('',#14290);
#4266=VERTEX_POINT('',#14292);
#4267=VERTEX_POINT('',#14296);
#4268=VERTEX_POINT('',#14297);
#4269=VERTEX_POINT('',#14299);
#4270=VERTEX_POINT('',#14301);
#4271=VERTEX_POINT('',#14305);
#4272=VERTEX_POINT('',#14306);
#4273=VERTEX_POINT('',#14308);
#4274=VERTEX_POINT('',#14310);
#4275=VERTEX_POINT('',#14312);
#4276=VERTEX_POINT('',#14314);
#4277=VERTEX_POINT('',#14316);
#4278=VERTEX_POINT('',#14318);
#4279=VERTEX_POINT('',#14328);
#4280=VERTEX_POINT('',#14330);
#4281=VERTEX_POINT('',#14333);
#4282=VERTEX_POINT('',#14334);
#4283=VERTEX_POINT('',#14336);
#4284=VERTEX_POINT('',#14338);
#4285=VERTEX_POINT('',#14343);
#4286=VERTEX_POINT('',#14344);
#4287=VERTEX_POINT('',#14346);
#4288=VERTEX_POINT('',#14348);
#4289=VERTEX_POINT('',#14352);
#4290=VERTEX_POINT('',#14354);
#4291=VERTEX_POINT('',#14358);
#4292=VERTEX_POINT('',#14360);
#4293=VERTEX_POINT('',#14364);
#4294=VERTEX_POINT('',#14366);
#4295=VERTEX_POINT('',#14370);
#4296=VERTEX_POINT('',#14372);
#4297=VERTEX_POINT('',#14376);
#4298=VERTEX_POINT('',#14377);
#4299=VERTEX_POINT('',#14379);
#4300=VERTEX_POINT('',#14381);
#4301=VERTEX_POINT('',#14383);
#4302=VERTEX_POINT('',#14385);
#4303=VERTEX_POINT('',#14387);
#4304=VERTEX_POINT('',#14389);
#4305=VERTEX_POINT('',#14404);
#4306=VERTEX_POINT('',#14406);
#4307=VERTEX_POINT('',#14410);
#4308=VERTEX_POINT('',#14412);
#4309=VERTEX_POINT('',#14421);
#4310=VERTEX_POINT('',#14423);
#4311=VERTEX_POINT('',#14432);
#4312=VERTEX_POINT('',#14434);
#4313=VERTEX_POINT('',#14438);
#4314=VERTEX_POINT('',#14440);
#4315=VERTEX_POINT('',#14466);
#4316=VERTEX_POINT('',#14468);
#4317=VERTEX_POINT('',#14472);
#4318=VERTEX_POINT('',#14473);
#4319=VERTEX_POINT('',#14482);
#4320=VERTEX_POINT('',#14483);
#4321=VERTEX_POINT('',#14488);
#4322=VERTEX_POINT('',#14492);
#4323=VERTEX_POINT('',#14500);
#4324=VERTEX_POINT('',#14502);
#4325=VERTEX_POINT('',#14511);
#4326=VERTEX_POINT('',#14513);
#4327=VERTEX_POINT('',#14517);
#4328=VERTEX_POINT('',#14519);
#4329=VERTEX_POINT('',#14540);
#4330=VERTEX_POINT('',#14542);
#4331=VERTEX_POINT('',#14546);
#4332=VERTEX_POINT('',#14547);
#4333=VERTEX_POINT('',#14556);
#4334=VERTEX_POINT('',#14557);
#4335=VERTEX_POINT('',#14562);
#4336=VERTEX_POINT('',#14566);
#4337=VERTEX_POINT('',#14572);
#4338=VERTEX_POINT('',#14574);
#4339=VERTEX_POINT('',#14578);
#4340=VERTEX_POINT('',#14580);
#4341=VERTEX_POINT('',#14589);
#4342=VERTEX_POINT('',#14591);
#4343=VERTEX_POINT('',#14600);
#4344=VERTEX_POINT('',#14602);
#4345=VERTEX_POINT('',#14606);
#4346=VERTEX_POINT('',#14608);
#4347=VERTEX_POINT('',#14634);
#4348=VERTEX_POINT('',#14635);
#4349=VERTEX_POINT('',#14640);
#4350=VERTEX_POINT('',#14644);
#4351=VERTEX_POINT('',#14650);
#4352=VERTEX_POINT('',#14652);
#4353=VERTEX_POINT('',#14656);
#4354=VERTEX_POINT('',#14660);
#4355=VERTEX_POINT('',#14676);
#4356=VERTEX_POINT('',#14678);
#4357=VERTEX_POINT('',#14680);
#4358=VERTEX_POINT('',#14682);
#4359=VERTEX_POINT('',#14684);
#4360=VERTEX_POINT('',#14686);
#4361=VERTEX_POINT('',#14688);
#4362=VERTEX_POINT('',#14690);
#4363=VERTEX_POINT('',#14692);
#4364=VERTEX_POINT('',#14694);
#4365=VERTEX_POINT('',#14698);
#4366=VERTEX_POINT('',#14699);
#4367=VERTEX_POINT('',#14703);
#4368=VERTEX_POINT('',#14704);
#4369=VERTEX_POINT('',#14750);
#4370=VERTEX_POINT('',#14751);
#4371=VERTEX_POINT('',#14754);
#4372=VERTEX_POINT('',#14758);
#4373=VERTEX_POINT('',#14768);
#4374=VERTEX_POINT('',#14770);
#4375=VERTEX_POINT('',#14774);
#4376=VERTEX_POINT('',#14781);
#4377=VERTEX_POINT('',#14782);
#4378=VERTEX_POINT('',#14784);
#4379=VERTEX_POINT('',#14786);
#4380=VERTEX_POINT('',#14789);
#4381=VERTEX_POINT('',#14792);
#4382=VERTEX_POINT('',#14793);
#4383=VERTEX_POINT('',#14795);
#4384=VERTEX_POINT('',#14797);
#4385=VERTEX_POINT('',#14799);
#4386=VERTEX_POINT('',#14801);
#4387=VERTEX_POINT('',#14803);
#4388=VERTEX_POINT('',#14805);
#4389=VERTEX_POINT('',#14809);
#4390=VERTEX_POINT('',#14811);
#4391=VERTEX_POINT('',#14815);
#4392=VERTEX_POINT('',#14816);
#4393=VERTEX_POINT('',#14818);
#4394=VERTEX_POINT('',#14823);
#4395=VERTEX_POINT('',#14825);
#4396=VERTEX_POINT('',#14828);
#4397=VERTEX_POINT('',#14830);
#4398=VERTEX_POINT('',#14834);
#4399=VERTEX_POINT('',#14836);
#4400=VERTEX_POINT('',#14841);
#4401=VERTEX_POINT('',#14843);
#4402=VERTEX_POINT('',#14861);
#4403=VERTEX_POINT('',#14862);
#4404=VERTEX_POINT('',#14864);
#4405=VERTEX_POINT('',#14866);
#4406=VERTEX_POINT('',#14868);
#4407=VERTEX_POINT('',#14870);
#4408=VERTEX_POINT('',#14874);
#4409=VERTEX_POINT('',#14876);
#4410=VERTEX_POINT('',#14880);
#4411=VERTEX_POINT('',#14882);
#4412=VERTEX_POINT('',#14886);
#4413=VERTEX_POINT('',#14888);
#4414=VERTEX_POINT('',#14892);
#4415=VERTEX_POINT('',#14893);
#4416=VERTEX_POINT('',#14895);
#4417=VERTEX_POINT('',#14897);
#4418=VERTEX_POINT('',#14899);
#4419=VERTEX_POINT('',#14901);
#4420=VERTEX_POINT('',#14905);
#4421=VERTEX_POINT('',#14907);
#4422=VERTEX_POINT('',#14911);
#4423=VERTEX_POINT('',#14913);
#4424=VERTEX_POINT('',#14917);
#4425=VERTEX_POINT('',#14919);
#4426=VERTEX_POINT('',#14923);
#4427=VERTEX_POINT('',#14924);
#4428=VERTEX_POINT('',#14926);
#4429=VERTEX_POINT('',#14928);
#4430=VERTEX_POINT('',#14932);
#4431=VERTEX_POINT('',#14934);
#4432=VERTEX_POINT('',#14938);
#4433=VERTEX_POINT('',#14939);
#4434=VERTEX_POINT('',#14941);
#4435=VERTEX_POINT('',#14943);
#4436=VERTEX_POINT('',#14947);
#4437=VERTEX_POINT('',#14949);
#4438=VERTEX_POINT('',#14953);
#4439=VERTEX_POINT('',#14955);
#4440=VERTEX_POINT('',#14959);
#4441=VERTEX_POINT('',#14961);
#4442=VERTEX_POINT('',#14963);
#4443=VERTEX_POINT('',#14965);
#4444=VERTEX_POINT('',#14969);
#4445=VERTEX_POINT('',#14970);
#4446=VERTEX_POINT('',#14972);
#4447=VERTEX_POINT('',#14974);
#4448=VERTEX_POINT('',#14978);
#4449=VERTEX_POINT('',#14980);
#4450=VERTEX_POINT('',#14984);
#4451=VERTEX_POINT('',#14986);
#4452=VERTEX_POINT('',#14990);
#4453=VERTEX_POINT('',#14992);
#4454=VERTEX_POINT('',#14994);
#4455=VERTEX_POINT('',#14996);
#4456=VERTEX_POINT('',#15000);
#4457=VERTEX_POINT('',#15002);
#4458=VERTEX_POINT('',#15004);
#4459=VERTEX_POINT('',#15006);
#4460=VERTEX_POINT('',#15008);
#4461=VERTEX_POINT('',#15010);
#4462=VERTEX_POINT('',#15012);
#4463=VERTEX_POINT('',#15014);
#4464=VERTEX_POINT('',#15019);
#4465=VERTEX_POINT('',#15020);
#4466=VERTEX_POINT('',#15024);
#4467=VERTEX_POINT('',#15026);
#4468=VERTEX_POINT('',#15028);
#4469=VERTEX_POINT('',#15030);
#4470=VERTEX_POINT('',#15032);
#4471=VERTEX_POINT('',#15034);
#4472=VERTEX_POINT('',#15038);
#4473=VERTEX_POINT('',#15039);
#4474=VERTEX_POINT('',#15043);
#4475=VERTEX_POINT('',#15045);
#4476=VERTEX_POINT('',#15047);
#4477=VERTEX_POINT('',#15049);
#4478=VERTEX_POINT('',#15056);
#4479=VERTEX_POINT('',#15058);
#4480=VERTEX_POINT('',#15062);
#4481=VERTEX_POINT('',#15063);
#4482=VERTEX_POINT('',#15065);
#4483=VERTEX_POINT('',#15067);
#4484=VERTEX_POINT('',#15069);
#4485=VERTEX_POINT('',#15071);
#4486=VERTEX_POINT('',#15073);
#4487=VERTEX_POINT('',#15075);
#4488=VERTEX_POINT('',#15077);
#4489=VERTEX_POINT('',#15079);
#4490=VERTEX_POINT('',#15081);
#4491=VERTEX_POINT('',#15083);
#4492=VERTEX_POINT('',#15086);
#4493=VERTEX_POINT('',#15088);
#4494=VERTEX_POINT('',#15090);
#4495=VERTEX_POINT('',#15092);
#4496=VERTEX_POINT('',#15094);
#4497=VERTEX_POINT('',#15096);
#4498=VERTEX_POINT('',#15098);
#4499=VERTEX_POINT('',#15100);
#4500=VERTEX_POINT('',#15104);
#4501=VERTEX_POINT('',#15105);
#4502=VERTEX_POINT('',#15107);
#4503=VERTEX_POINT('',#15109);
#4504=VERTEX_POINT('',#15113);
#4505=VERTEX_POINT('',#15114);
#4506=VERTEX_POINT('',#15116);
#4507=VERTEX_POINT('',#15118);
#4508=VERTEX_POINT('',#15120);
#4509=VERTEX_POINT('',#15122);
#4510=VERTEX_POINT('',#15124);
#4511=VERTEX_POINT('',#15126);
#4512=VERTEX_POINT('',#15128);
#4513=VERTEX_POINT('',#15130);
#4514=VERTEX_POINT('',#15132);
#4515=VERTEX_POINT('',#15134);
#4516=VERTEX_POINT('',#15136);
#4517=VERTEX_POINT('',#15138);
#4518=VERTEX_POINT('',#15140);
#4519=VERTEX_POINT('',#15142);
#4520=VERTEX_POINT('',#15144);
#4521=VERTEX_POINT('',#15146);
#4522=VERTEX_POINT('',#15148);
#4523=VERTEX_POINT('',#15150);
#4524=VERTEX_POINT('',#15152);
#4525=VERTEX_POINT('',#15154);
#4526=VERTEX_POINT('',#15161);
#4527=VERTEX_POINT('',#15162);
#4528=VERTEX_POINT('',#15164);
#4529=VERTEX_POINT('',#15166);
#4530=VERTEX_POINT('',#15205);
#4531=VERTEX_POINT('',#15207);
#4532=VERTEX_POINT('',#15212);
#4533=VERTEX_POINT('',#15214);
#4534=VERTEX_POINT('',#15251);
#4535=VERTEX_POINT('',#15252);
#4536=VERTEX_POINT('',#15254);
#4537=VERTEX_POINT('',#15256);
#4538=VERTEX_POINT('',#15258);
#4539=VERTEX_POINT('',#15260);
#4540=VERTEX_POINT('',#15264);
#4541=VERTEX_POINT('',#15265);
#4542=VERTEX_POINT('',#15267);
#4543=VERTEX_POINT('',#15269);
#4544=VERTEX_POINT('',#15273);
#4545=VERTEX_POINT('',#15274);
#4546=VERTEX_POINT('',#15276);
#4547=VERTEX_POINT('',#15278);
#4548=VERTEX_POINT('',#15280);
#4549=VERTEX_POINT('',#15282);
#4550=VERTEX_POINT('',#15286);
#4551=VERTEX_POINT('',#15297);
#4552=VERTEX_POINT('',#15311);
#4553=VERTEX_POINT('',#15321);
#4554=VERTEX_POINT('',#15348);
#4555=VERTEX_POINT('',#15349);
#4556=VERTEX_POINT('',#15351);
#4557=VERTEX_POINT('',#15353);
#4558=VERTEX_POINT('',#15355);
#4559=VERTEX_POINT('',#15357);
#4560=VERTEX_POINT('',#15361);
#4561=VERTEX_POINT('',#15362);
#4562=VERTEX_POINT('',#15364);
#4563=VERTEX_POINT('',#15366);
#4564=VERTEX_POINT('',#15368);
#4565=VERTEX_POINT('',#15370);
#4566=VERTEX_POINT('',#15374);
#4567=VERTEX_POINT('',#15375);
#4568=VERTEX_POINT('',#15377);
#4569=VERTEX_POINT('',#15379);
#4570=VERTEX_POINT('',#15387);
#4571=VERTEX_POINT('',#15397);
#4572=VERTEX_POINT('',#15412);
#4573=VERTEX_POINT('',#15422);
#4574=EDGE_CURVE('',#3714,#3715,#1474,.T.);
#4575=EDGE_CURVE('',#3716,#3715,#1475,.T.);
#4576=EDGE_CURVE('',#3717,#3716,#1476,.T.);
#4577=EDGE_CURVE('',#3717,#3718,#1477,.T.);
#4578=EDGE_CURVE('',#3718,#3719,#1478,.T.);
#4579=EDGE_CURVE('',#3719,#3720,#1479,.T.);
#4580=EDGE_CURVE('',#3720,#3721,#1480,.T.);
#4581=EDGE_CURVE('',#3721,#3722,#1481,.T.);
#4582=EDGE_CURVE('',#3722,#3723,#1482,.T.);
#4583=EDGE_CURVE('',#3723,#3724,#1483,.T.);
#4584=EDGE_CURVE('',#3724,#3725,#1484,.T.);
#4585=EDGE_CURVE('',#3725,#3726,#1485,.T.);
#4586=EDGE_CURVE('',#3726,#3727,#1486,.T.);
#4587=EDGE_CURVE('',#3727,#3728,#1487,.T.);
#4588=EDGE_CURVE('',#3729,#3728,#1488,.T.);
#4589=EDGE_CURVE('',#3730,#3729,#1489,.T.);
#4590=EDGE_CURVE('',#3730,#3731,#1490,.F.);
#4591=EDGE_CURVE('',#3731,#3732,#1491,.T.);
#4592=EDGE_CURVE('',#3733,#3732,#1492,.T.);
#4593=EDGE_CURVE('',#3733,#3714,#1493,.T.);
#4594=EDGE_CURVE('',#3722,#3734,#1494,.F.);
#4595=EDGE_CURVE('',#3735,#3734,#1495,.T.);
#4596=EDGE_CURVE('',#3736,#3735,#1496,.T.);
#4597=EDGE_CURVE('',#3737,#3736,#1497,.T.);
#4598=EDGE_CURVE('',#3737,#3723,#1498,.F.);
#4599=EDGE_CURVE('',#3738,#3739,#1499,.T.);
#4600=EDGE_CURVE('',#3739,#3740,#1500,.T.);
#4601=EDGE_CURVE('',#3741,#3740,#1501,.T.);
#4602=EDGE_CURVE('',#3741,#3742,#1502,.T.);
#4603=EDGE_CURVE('',#3743,#3742,#1503,.T.);
#4604=EDGE_CURVE('',#3743,#3744,#1504,.T.);
#4605=EDGE_CURVE('',#3745,#3744,#1505,.T.);
#4606=EDGE_CURVE('',#3746,#3745,#1506,.T.);
#4607=EDGE_CURVE('',#3746,#3747,#1507,.T.);
#4608=EDGE_CURVE('',#3747,#3748,#1508,.T.);
#4609=EDGE_CURVE('',#3748,#3749,#1509,.T.);
#4610=EDGE_CURVE('',#3749,#3750,#1510,.T.);
#4611=EDGE_CURVE('',#3750,#3738,#1511,.F.);
#4612=EDGE_CURVE('',#3751,#3752,#1512,.T.);
#4613=EDGE_CURVE('',#3752,#3753,#1513,.T.);
#4614=EDGE_CURVE('',#3754,#3753,#1514,.T.);
#4615=EDGE_CURVE('',#3754,#3755,#1515,.F.);
#4616=EDGE_CURVE('',#3755,#3756,#1516,.T.);
#4617=EDGE_CURVE('',#3757,#3756,#1517,.T.);
#4618=EDGE_CURVE('',#3757,#3758,#1518,.T.);
#4619=EDGE_CURVE('',#3759,#3758,#1519,.T.);
#4620=EDGE_CURVE('',#3759,#3760,#1520,.T.);
#4621=EDGE_CURVE('',#3760,#3761,#1521,.T.);
#4622=EDGE_CURVE('',#3761,#3762,#1522,.T.);
#4623=EDGE_CURVE('',#3762,#3763,#1523,.T.);
#4624=EDGE_CURVE('',#3763,#3751,#1524,.T.);
#4625=EDGE_CURVE('',#3739,#3764,#1525,.T.);
#4626=EDGE_CURVE('',#3765,#3764,#1526,.T.);
#4627=EDGE_CURVE('',#3765,#3766,#1527,.T.);
#4628=EDGE_CURVE('',#3766,#3767,#1528,.T.);
#4629=EDGE_CURVE('',#3740,#3767,#1529,.T.);
#4630=EDGE_CURVE('',#3765,#3768,#1530,.T.);
#4631=EDGE_CURVE('',#3769,#3764,#1531,.T.);
#4632=EDGE_CURVE('',#3769,#3768,#1532,.T.);
#4633=EDGE_CURVE('',#3770,#3752,#1533,.T.);
#4634=EDGE_CURVE('',#3770,#3771,#1534,.T.);
#4635=EDGE_CURVE('',#3771,#3768,#1535,.T.);
#4636=EDGE_CURVE('',#3753,#3769,#1536,.T.);
#4637=EDGE_CURVE('',#3772,#3767,#183,.T.);
#4638=EDGE_CURVE('',#3772,#3773,#1537,.F.);
#4639=EDGE_CURVE('',#3774,#3773,#184,.T.);
#4640=EDGE_CURVE('',#3774,#3775,#1538,.T.);
#4641=EDGE_CURVE('',#3775,#3740,#185,.T.);
#4642=EDGE_CURVE('',#3776,#3777,#1539,.T.);
#4643=EDGE_CURVE('',#3776,#3778,#1540,.T.);
#4644=EDGE_CURVE('',#3778,#3779,#1541,.T.);
#4645=EDGE_CURVE('',#3779,#3777,#1542,.T.);
#4646=EDGE_CURVE('',#3780,#3781,#1543,.T.);
#4647=EDGE_CURVE('',#3780,#3719,#1544,.F.);
#4648=EDGE_CURVE('',#3782,#3718,#1545,.F.);
#4649=EDGE_CURVE('',#3781,#3782,#1546,.T.);
#4650=EDGE_CURVE('',#3783,#3784,#1547,.T.);
#4651=EDGE_CURVE('',#3784,#3785,#1548,.T.);
#4652=EDGE_CURVE('',#3786,#3785,#1549,.T.);
#4653=EDGE_CURVE('',#3786,#3787,#1550,.T.);
#4654=EDGE_CURVE('',#3788,#3787,#1551,.T.);
#4655=EDGE_CURVE('',#3788,#3789,#1552,.T.);
#4656=EDGE_CURVE('',#3790,#3789,#1553,.T.);
#4657=EDGE_CURVE('',#3791,#3790,#1554,.T.);
#4658=EDGE_CURVE('',#3791,#3792,#1555,.T.);
#4659=EDGE_CURVE('',#3792,#3793,#1556,.T.);
#4660=EDGE_CURVE('',#3793,#3794,#1557,.T.);
#4661=EDGE_CURVE('',#3794,#3795,#1558,.T.);
#4662=EDGE_CURVE('',#3795,#3783,#1559,.F.);
#4663=EDGE_CURVE('',#3796,#3797,#1560,.T.);
#4664=EDGE_CURVE('',#3797,#3798,#1561,.T.);
#4665=EDGE_CURVE('',#3799,#3798,#1562,.T.);
#4666=EDGE_CURVE('',#3799,#3800,#1563,.F.);
#4667=EDGE_CURVE('',#3800,#3801,#1564,.T.);
#4668=EDGE_CURVE('',#3802,#3801,#1565,.T.);
#4669=EDGE_CURVE('',#3802,#3803,#1566,.T.);
#4670=EDGE_CURVE('',#3804,#3803,#1567,.T.);
#4671=EDGE_CURVE('',#3804,#3805,#1568,.T.);
#4672=EDGE_CURVE('',#3805,#3806,#1569,.T.);
#4673=EDGE_CURVE('',#3806,#3807,#1570,.T.);
#4674=EDGE_CURVE('',#3807,#3808,#1571,.T.);
#4675=EDGE_CURVE('',#3808,#3796,#1572,.T.);
#4676=EDGE_CURVE('',#3784,#3809,#1573,.T.);
#4677=EDGE_CURVE('',#3810,#3809,#1574,.T.);
#4678=EDGE_CURVE('',#3810,#3811,#1575,.T.);
#4679=EDGE_CURVE('',#3811,#3812,#1576,.T.);
#4680=EDGE_CURVE('',#3785,#3812,#1577,.T.);
#4681=EDGE_CURVE('',#3810,#3813,#1578,.T.);
#4682=EDGE_CURVE('',#3814,#3809,#1579,.T.);
#4683=EDGE_CURVE('',#3814,#3813,#1580,.T.);
#4684=EDGE_CURVE('',#3815,#3797,#1581,.T.);
#4685=EDGE_CURVE('',#3815,#3816,#1582,.T.);
#4686=EDGE_CURVE('',#3816,#3813,#1583,.T.);
#4687=EDGE_CURVE('',#3798,#3814,#1584,.T.);
#4688=EDGE_CURVE('',#3817,#3812,#186,.T.);
#4689=EDGE_CURVE('',#3817,#3818,#1585,.F.);
#4690=EDGE_CURVE('',#3819,#3818,#187,.T.);
#4691=EDGE_CURVE('',#3819,#3770,#1586,.T.);
#4692=EDGE_CURVE('',#3752,#3785,#188,.T.);
#4693=EDGE_CURVE('',#3820,#3821,#1587,.T.);
#4694=EDGE_CURVE('',#3821,#3822,#1588,.T.);
#4695=EDGE_CURVE('',#3823,#3822,#1589,.T.);
#4696=EDGE_CURVE('',#3823,#3820,#1590,.T.);
#4697=EDGE_CURVE('',#3824,#3825,#1591,.T.);
#4698=EDGE_CURVE('',#3825,#3826,#1592,.T.);
#4699=EDGE_CURVE('',#3826,#3827,#1593,.T.);
#4700=EDGE_CURVE('',#3827,#3824,#1594,.T.);
#4701=EDGE_CURVE('',#3828,#3829,#1595,.T.);
#4702=EDGE_CURVE('',#3829,#3830,#1596,.T.);
#4703=EDGE_CURVE('',#3830,#3831,#1597,.T.);
#4704=EDGE_CURVE('',#3831,#3828,#1598,.T.);
#4705=EDGE_CURVE('',#3832,#3833,#1599,.T.);
#4706=EDGE_CURVE('',#3833,#3834,#1600,.T.);
#4707=EDGE_CURVE('',#3834,#3835,#1601,.T.);
#4708=EDGE_CURVE('',#3835,#3832,#1602,.T.);
#4709=EDGE_CURVE('',#3836,#3836,#189,.T.);
#4710=EDGE_CURVE('',#3837,#3837,#190,.T.);
#4711=EDGE_CURVE('',#3838,#3838,#191,.T.);
#4712=EDGE_CURVE('',#3839,#3840,#1603,.T.);
#4713=EDGE_CURVE('',#3840,#3841,#1604,.T.);
#4714=EDGE_CURVE('',#3842,#3841,#1605,.T.);
#4715=EDGE_CURVE('',#3842,#3839,#1606,.T.);
#4716=EDGE_CURVE('',#3843,#3844,#1607,.T.);
#4717=EDGE_CURVE('',#3844,#3845,#1608,.T.);
#4718=EDGE_CURVE('',#3845,#3846,#1609,.T.);
#4719=EDGE_CURVE('',#3846,#3843,#1610,.T.);
#4720=EDGE_CURVE('',#3847,#3848,#1611,.T.);
#4721=EDGE_CURVE('',#3848,#3849,#1612,.T.);
#4722=EDGE_CURVE('',#3849,#3850,#1613,.T.);
#4723=EDGE_CURVE('',#3850,#3847,#1614,.T.);
#4724=EDGE_CURVE('',#3851,#3852,#1615,.T.);
#4725=EDGE_CURVE('',#3852,#3853,#1616,.T.);
#4726=EDGE_CURVE('',#3853,#3854,#1617,.T.);
#4727=EDGE_CURVE('',#3854,#3851,#1618,.T.);
#4728=EDGE_CURVE('',#3773,#3855,#1619,.T.);
#4729=EDGE_CURVE('',#3855,#3819,#1620,.T.);
#4730=EDGE_CURVE('',#3818,#3856,#1621,.T.);
#4731=EDGE_CURVE('',#3856,#3857,#1622,.T.);
#4732=EDGE_CURVE('',#3857,#3858,#192,.T.);
#4733=EDGE_CURVE('',#3858,#3859,#1623,.T.);
#4734=EDGE_CURVE('',#3860,#3859,#1624,.T.);
#4735=EDGE_CURVE('',#3860,#3861,#1625,.T.);
#4736=EDGE_CURVE('',#3861,#3862,#1626,.T.);
#4737=EDGE_CURVE('',#3862,#3863,#1627,.T.);
#4738=EDGE_CURVE('',#3864,#3863,#1628,.T.);
#4739=EDGE_CURVE('',#3774,#3864,#1629,.T.);
#4740=EDGE_CURVE('',#3865,#3866,#1630,.T.);
#4741=EDGE_CURVE('',#3866,#3867,#1631,.T.);
#4742=EDGE_CURVE('',#3867,#3868,#1632,.T.);
#4743=EDGE_CURVE('',#3868,#3865,#1633,.T.);
#4744=EDGE_CURVE('',#3869,#3870,#1634,.T.);
#4745=EDGE_CURVE('',#3870,#3871,#1635,.T.);
#4746=EDGE_CURVE('',#3871,#3872,#1636,.T.);
#4747=EDGE_CURVE('',#3872,#3869,#1637,.T.);
#4748=EDGE_CURVE('',#3873,#3874,#1638,.T.);
#4749=EDGE_CURVE('',#3874,#3875,#1639,.T.);
#4750=EDGE_CURVE('',#3875,#3876,#1640,.T.);
#4751=EDGE_CURVE('',#3876,#3873,#1641,.T.);
#4752=EDGE_CURVE('',#3738,#3877,#1642,.T.);
#4753=EDGE_CURVE('',#3877,#3878,#1643,.T.);
#4754=EDGE_CURVE('',#3879,#3878,#1644,.T.);
#4755=EDGE_CURVE('',#3880,#3879,#1645,.T.);
#4756=EDGE_CURVE('',#3880,#3799,#1646,.T.);
#4757=EDGE_CURVE('',#3783,#3754,#1647,.T.);
#4758=EDGE_CURVE('',#3881,#3882,#1648,.T.);
#4759=EDGE_CURVE('',#3882,#3883,#1649,.T.);
#4760=EDGE_CURVE('',#3883,#3884,#1650,.T.);
#4761=EDGE_CURVE('',#3884,#3881,#1651,.T.);
#4762=EDGE_CURVE('',#3885,#3886,#1652,.T.);
#4763=EDGE_CURVE('',#3886,#3887,#1653,.T.);
#4764=EDGE_CURVE('',#3887,#3888,#1654,.T.);
#4765=EDGE_CURVE('',#3888,#3885,#1655,.T.);
#4766=EDGE_CURVE('',#3889,#3890,#1656,.T.);
#4767=EDGE_CURVE('',#3890,#3891,#1657,.T.);
#4768=EDGE_CURVE('',#3891,#3892,#1658,.T.);
#4769=EDGE_CURVE('',#3892,#3889,#1659,.T.);
#4770=EDGE_CURVE('',#3893,#3775,#1660,.T.);
#4771=EDGE_CURVE('',#3893,#3894,#1661,.T.);
#4772=EDGE_CURVE('',#3895,#3894,#1662,.T.);
#4773=EDGE_CURVE('',#3896,#3895,#1663,.T.);
#4774=EDGE_CURVE('',#3896,#3897,#1664,.T.);
#4775=EDGE_CURVE('',#3897,#3741,#1665,.T.);
#4776=EDGE_CURVE('',#3898,#3898,#193,.F.);
#4777=EDGE_CURVE('',#3899,#3899,#194,.T.);
#4778=EDGE_CURVE('',#3900,#3900,#195,.T.);
#4779=EDGE_CURVE('',#3901,#3902,#1666,.T.);
#4780=EDGE_CURVE('',#3902,#3903,#196,.T.);
#4781=EDGE_CURVE('',#3903,#3777,#1667,.T.);
#4782=EDGE_CURVE('',#3904,#3779,#1668,.T.);
#4783=EDGE_CURVE('',#3905,#3904,#1669,.T.);
#4784=EDGE_CURVE('',#3906,#3905,#1670,.T.);
#4785=EDGE_CURVE('',#3907,#3906,#1671,.T.);
#4786=EDGE_CURVE('',#3908,#3907,#1672,.T.);
#4787=EDGE_CURVE('',#3909,#3908,#1673,.T.);
#4788=EDGE_CURVE('',#3910,#3909,#1674,.T.);
#4789=EDGE_CURVE('',#3911,#3910,#1675,.T.);
#4790=EDGE_CURVE('',#3912,#3911,#1676,.T.);
#4791=EDGE_CURVE('',#3913,#3912,#1677,.T.);
#4792=EDGE_CURVE('',#3914,#3913,#1678,.T.);
#4793=EDGE_CURVE('',#3915,#3914,#1679,.T.);
#4794=EDGE_CURVE('',#3916,#3915,#1680,.T.);
#4795=EDGE_CURVE('',#3916,#3917,#1681,.T.);
#4796=EDGE_CURVE('',#3917,#3918,#1682,.T.);
#4797=EDGE_CURVE('',#3918,#3919,#197,.T.);
#4798=EDGE_CURVE('',#3919,#3920,#1683,.T.);
#4799=EDGE_CURVE('',#3920,#3901,#198,.T.);
#4800=EDGE_CURVE('',#3921,#3922,#1684,.T.);
#4801=EDGE_CURVE('',#3923,#3921,#199,.T.);
#4802=EDGE_CURVE('',#3924,#3923,#1685,.T.);
#4803=EDGE_CURVE('',#3925,#3924,#200,.T.);
#4804=EDGE_CURVE('',#3922,#3925,#1686,.T.);
#4805=EDGE_CURVE('',#3926,#3927,#1687,.T.);
#4806=EDGE_CURVE('',#3928,#3926,#201,.T.);
#4807=EDGE_CURVE('',#3929,#3928,#1688,.T.);
#4808=EDGE_CURVE('',#3930,#3929,#202,.T.);
#4809=EDGE_CURVE('',#3927,#3930,#1689,.T.);
#4810=EDGE_CURVE('',#3931,#3931,#203,.T.);
#4811=EDGE_CURVE('',#3932,#3932,#204,.T.);
#4812=EDGE_CURVE('',#3933,#3933,#205,.T.);
#4813=EDGE_CURVE('',#3934,#3935,#1690,.T.);
#4814=EDGE_CURVE('',#3935,#3936,#1691,.T.);
#4815=EDGE_CURVE('',#3936,#3937,#1692,.T.);
#4816=EDGE_CURVE('',#3937,#3938,#1693,.T.);
#4817=EDGE_CURVE('',#3938,#3939,#1694,.T.);
#4818=EDGE_CURVE('',#3939,#3940,#1695,.T.);
#4819=EDGE_CURVE('',#3940,#3934,#1696,.T.);
#4820=EDGE_CURVE('',#3941,#3907,#1697,.T.);
#4821=EDGE_CURVE('',#3941,#3737,#1698,.T.);
#4822=EDGE_CURVE('',#3736,#3908,#1699,.T.);
#4823=EDGE_CURVE('',#3744,#3942,#1700,.T.);
#4824=EDGE_CURVE('',#3943,#3743,#1701,.T.);
#4825=EDGE_CURVE('',#3944,#3943,#1702,.T.);
#4826=EDGE_CURVE('',#3944,#3945,#1703,.T.);
#4827=EDGE_CURVE('',#3945,#3946,#1704,.T.);
#4828=EDGE_CURVE('',#3946,#3947,#1705,.T.);
#4829=EDGE_CURVE('',#3948,#3947,#1706,.T.);
#4830=EDGE_CURVE('',#3949,#3948,#1707,.T.);
#4831=EDGE_CURVE('',#3950,#3949,#1708,.T.);
#4832=EDGE_CURVE('',#3951,#3950,#1709,.T.);
#4833=EDGE_CURVE('',#3952,#3951,#1710,.T.);
#4834=EDGE_CURVE('',#3748,#3952,#1711,.T.);
#4835=EDGE_CURVE('',#3953,#3747,#1712,.T.);
#4836=EDGE_CURVE('',#3942,#3953,#1713,.T.);
#4837=EDGE_CURVE('',#3954,#3954,#206,.T.);
#4838=EDGE_CURVE('',#3955,#3956,#1714,.T.);
#4839=EDGE_CURVE('',#3955,#3957,#1715,.T.);
#4840=EDGE_CURVE('',#3957,#3958,#1716,.T.);
#4841=EDGE_CURVE('',#3958,#3956,#1717,.T.);
#4842=EDGE_CURVE('',#3959,#3960,#1718,.T.);
#4843=EDGE_CURVE('',#3959,#3961,#1719,.T.);
#4844=EDGE_CURVE('',#3962,#3961,#1720,.T.);
#4845=EDGE_CURVE('',#3960,#3962,#1721,.T.);
#4846=EDGE_CURVE('',#3963,#3964,#1722,.T.);
#4847=EDGE_CURVE('',#3964,#3750,#1723,.T.);
#4848=EDGE_CURVE('',#3749,#3963,#1724,.T.);
#4849=EDGE_CURVE('',#3965,#3966,#1725,.T.);
#4850=EDGE_CURVE('',#3894,#3966,#1726,.T.);
#4851=EDGE_CURVE('',#3965,#3893,#1727,.T.);
#4852=EDGE_CURVE('',#3967,#3742,#1728,.T.);
#4853=EDGE_CURVE('',#3967,#3897,#1729,.T.);
#4854=EDGE_CURVE('',#3895,#3968,#1730,.T.);
#4855=EDGE_CURVE('',#3968,#3969,#1731,.T.);
#4856=EDGE_CURVE('',#3969,#3896,#1732,.T.);
#4857=EDGE_CURVE('',#3970,#3864,#1733,.T.);
#4858=EDGE_CURVE('',#3863,#3971,#1734,.T.);
#4859=EDGE_CURVE('',#3970,#3971,#1735,.T.);
#4860=EDGE_CURVE('',#3751,#3972,#1736,.T.);
#4861=EDGE_CURVE('',#3973,#3972,#1737,.T.);
#4862=EDGE_CURVE('',#3974,#3973,#1738,.T.);
#4863=EDGE_CURVE('',#3974,#3975,#1739,.T.);
#4864=EDGE_CURVE('',#3975,#3786,#1740,.T.);
#4865=EDGE_CURVE('',#3976,#3976,#207,.F.);
#4866=EDGE_CURVE('',#3977,#3977,#208,.T.);
#4867=EDGE_CURVE('',#3978,#3978,#209,.T.);
#4868=EDGE_CURVE('',#3735,#3911,#1741,.T.);
#4869=EDGE_CURVE('',#3734,#3979,#1742,.T.);
#4870=EDGE_CURVE('',#3979,#3912,#1743,.T.);
#4871=EDGE_CURVE('',#3789,#3980,#1744,.T.);
#4872=EDGE_CURVE('',#3762,#3788,#1745,.T.);
#4873=EDGE_CURVE('',#3761,#3981,#1746,.T.);
#4874=EDGE_CURVE('',#3981,#3982,#1747,.T.);
#4875=EDGE_CURVE('',#3982,#3758,#1748,.T.);
#4876=EDGE_CURVE('',#3983,#3757,#1749,.T.);
#4877=EDGE_CURVE('',#3984,#3983,#1750,.T.);
#4878=EDGE_CURVE('',#3985,#3984,#1751,.T.);
#4879=EDGE_CURVE('',#3986,#3985,#1752,.T.);
#4880=EDGE_CURVE('',#3793,#3986,#1753,.T.);
#4881=EDGE_CURVE('',#3987,#3792,#1754,.T.);
#4882=EDGE_CURVE('',#3980,#3987,#1755,.T.);
#4883=EDGE_CURVE('',#3988,#3988,#210,.T.);
#4884=EDGE_CURVE('',#3755,#3989,#1756,.T.);
#4885=EDGE_CURVE('',#3989,#3990,#1757,.T.);
#4886=EDGE_CURVE('',#3990,#3756,#1758,.T.);
#4887=EDGE_CURVE('',#3991,#3992,#1759,.T.);
#4888=EDGE_CURVE('',#3991,#3993,#1760,.T.);
#4889=EDGE_CURVE('',#3994,#3993,#1761,.T.);
#4890=EDGE_CURVE('',#3992,#3994,#1762,.T.);
#4891=EDGE_CURVE('',#3995,#3996,#1763,.T.);
#4892=EDGE_CURVE('',#3996,#3795,#1764,.T.);
#4893=EDGE_CURVE('',#3794,#3995,#1765,.T.);
#4894=EDGE_CURVE('',#3763,#3997,#1766,.T.);
#4895=EDGE_CURVE('',#3972,#3997,#1767,.T.);
#4896=EDGE_CURVE('',#3998,#3787,#1768,.T.);
#4897=EDGE_CURVE('',#3998,#3975,#1769,.T.);
#4898=EDGE_CURVE('',#3973,#3999,#1770,.T.);
#4899=EDGE_CURVE('',#3999,#4000,#1771,.T.);
#4900=EDGE_CURVE('',#4000,#3974,#1772,.T.);
#4901=EDGE_CURVE('',#3797,#4001,#211,.T.);
#4902=EDGE_CURVE('',#3796,#4002,#1773,.T.);
#4903=EDGE_CURVE('',#4003,#4002,#1774,.T.);
#4904=EDGE_CURVE('',#4004,#4003,#1775,.T.);
#4905=EDGE_CURVE('',#4004,#4005,#1776,.T.);
#4906=EDGE_CURVE('',#4005,#4006,#1777,.T.);
#4907=EDGE_CURVE('',#4006,#4001,#1778,.T.);
#4908=EDGE_CURVE('',#4007,#4007,#212,.F.);
#4909=EDGE_CURVE('',#4008,#4008,#213,.T.);
#4910=EDGE_CURVE('',#4009,#4009,#214,.T.);
#4911=EDGE_CURVE('',#4010,#3917,#1779,.T.);
#4912=EDGE_CURVE('',#3782,#3916,#1780,.T.);
#4913=EDGE_CURVE('',#4011,#3717,#1781,.T.);
#4914=EDGE_CURVE('',#3820,#4011,#1782,.T.);
#4915=EDGE_CURVE('',#3861,#3823,#1783,.T.);
#4916=EDGE_CURVE('',#4012,#3860,#1784,.T.);
#4917=EDGE_CURVE('',#3839,#4012,#1785,.T.);
#4918=EDGE_CURVE('',#3934,#3842,#1786,.T.);
#4919=EDGE_CURVE('',#3940,#4010,#1787,.T.);
#4920=EDGE_CURVE('',#3781,#3915,#1788,.T.);
#4921=EDGE_CURVE('',#4013,#4014,#1789,.T.);
#4922=EDGE_CURVE('',#4015,#4013,#1790,.T.);
#4923=EDGE_CURVE('',#3807,#4015,#1791,.T.);
#4924=EDGE_CURVE('',#3806,#4016,#1792,.T.);
#4925=EDGE_CURVE('',#4016,#4017,#1793,.T.);
#4926=EDGE_CURVE('',#4017,#3803,#1794,.T.);
#4927=EDGE_CURVE('',#4018,#3802,#1795,.T.);
#4928=EDGE_CURVE('',#4019,#4018,#1796,.T.);
#4929=EDGE_CURVE('',#4020,#4019,#1797,.T.);
#4930=EDGE_CURVE('',#4021,#4020,#1798,.T.);
#4931=EDGE_CURVE('',#4022,#4021,#1799,.T.);
#4932=EDGE_CURVE('',#4023,#4022,#1800,.T.);
#4933=EDGE_CURVE('',#4024,#4023,#1801,.T.);
#4934=EDGE_CURVE('',#4014,#4024,#1802,.T.);
#4935=EDGE_CURVE('',#4025,#4025,#215,.T.);
#4936=EDGE_CURVE('',#3859,#4026,#1803,.T.);
#4937=EDGE_CURVE('',#3858,#4001,#1804,.T.);
#4938=EDGE_CURVE('',#4006,#4027,#1805,.T.);
#4939=EDGE_CURVE('',#4015,#4027,#1806,.T.);
#4940=EDGE_CURVE('',#4028,#4013,#1807,.T.);
#4941=EDGE_CURVE('',#4029,#4028,#1808,.T.);
#4942=EDGE_CURVE('',#4029,#4023,#1809,.T.);
#4943=EDGE_CURVE('',#4022,#4030,#1810,.T.);
#4944=EDGE_CURVE('',#4030,#4031,#1811,.T.);
#4945=EDGE_CURVE('',#4031,#3880,#1812,.F.);
#4946=EDGE_CURVE('',#4026,#3879,#1813,.T.);
#4947=EDGE_CURVE('',#3800,#4032,#1814,.T.);
#4948=EDGE_CURVE('',#4032,#4033,#1815,.T.);
#4949=EDGE_CURVE('',#4033,#3801,#1816,.T.);
#4950=EDGE_CURVE('',#4034,#4035,#1817,.T.);
#4951=EDGE_CURVE('',#4034,#4036,#1818,.T.);
#4952=EDGE_CURVE('',#4037,#4036,#1819,.T.);
#4953=EDGE_CURVE('',#4035,#4037,#1820,.T.);
#4954=EDGE_CURVE('',#4038,#4039,#1821,.T.);
#4955=EDGE_CURVE('',#4039,#4031,#1822,.T.);
#4956=EDGE_CURVE('',#4030,#4038,#1823,.T.);
#4957=EDGE_CURVE('',#3808,#4040,#1824,.T.);
#4958=EDGE_CURVE('',#4002,#4040,#1825,.T.);
#4959=EDGE_CURVE('',#4041,#4027,#1826,.T.);
#4960=EDGE_CURVE('',#4041,#4005,#1827,.T.);
#4961=EDGE_CURVE('',#4003,#4042,#1828,.T.);
#4962=EDGE_CURVE('',#4042,#4043,#1829,.T.);
#4963=EDGE_CURVE('',#4043,#4004,#1830,.T.);
#4964=EDGE_CURVE('',#4012,#4026,#1831,.T.);
#4965=EDGE_CURVE('',#3878,#3970,#1832,.T.);
#4966=EDGE_CURVE('',#3971,#3840,#1833,.T.);
#4967=EDGE_CURVE('',#3822,#3862,#1834,.T.);
#4968=EDGE_CURVE('',#4044,#4045,#1835,.T.);
#4969=EDGE_CURVE('',#4044,#4046,#1836,.T.);
#4970=EDGE_CURVE('',#4046,#4047,#1837,.T.);
#4971=EDGE_CURVE('',#4047,#3821,#1838,.T.);
#4972=EDGE_CURVE('',#4011,#4048,#1839,.T.);
#4973=EDGE_CURVE('',#4045,#4048,#1840,.T.);
#4974=EDGE_CURVE('',#3728,#4047,#1841,.T.);
#4975=EDGE_CURVE('',#4048,#4046,#1842,.T.);
#4976=EDGE_CURVE('',#3733,#3716,#1843,.T.);
#4977=EDGE_CURVE('',#3732,#3729,#1844,.T.);
#4978=EDGE_CURVE('',#4049,#3904,#1845,.T.);
#4979=EDGE_CURVE('',#3778,#4049,#1846,.T.);
#4980=EDGE_CURVE('',#3841,#3935,#1847,.T.);
#4981=EDGE_CURVE('',#3877,#3955,#1848,.F.);
#4982=EDGE_CURVE('',#3948,#3956,#1849,.T.);
#4983=EDGE_CURVE('',#4050,#3947,#1850,.T.);
#4984=EDGE_CURVE('',#4050,#4051,#1851,.T.);
#4985=EDGE_CURVE('',#4051,#3944,#1852,.T.);
#4986=EDGE_CURVE('',#3943,#3965,#1853,.T.);
#4987=EDGE_CURVE('',#4034,#4040,#1854,.T.);
#4988=EDGE_CURVE('',#4035,#4042,#1855,.T.);
#4989=EDGE_CURVE('',#4037,#4043,#1856,.T.);
#4990=EDGE_CURVE('',#4036,#4041,#1857,.T.);
#4991=EDGE_CURVE('',#4021,#4038,#1858,.T.);
#4992=EDGE_CURVE('',#4020,#4039,#1859,.T.);
#4993=EDGE_CURVE('',#4039,#4032,#1860,.T.);
#4994=EDGE_CURVE('',#4019,#4032,#1861,.T.);
#4995=EDGE_CURVE('',#4018,#4033,#1862,.T.);
#4996=EDGE_CURVE('',#4052,#4053,#216,.T.);
#4997=EDGE_CURVE('',#4053,#4052,#217,.T.);
#4998=EDGE_CURVE('',#4053,#4025,#1863,.T.);
#4999=EDGE_CURVE('',#3805,#4054,#1864,.T.);
#5000=EDGE_CURVE('',#4054,#4016,#1865,.T.);
#5001=EDGE_CURVE('',#4054,#4055,#1866,.T.);
#5002=EDGE_CURVE('',#4055,#4017,#1867,.T.);
#5003=EDGE_CURVE('',#4055,#3804,#1868,.T.);
#5004=EDGE_CURVE('',#4056,#4014,#1869,.T.);
#5005=EDGE_CURVE('',#4056,#4028,#1870,.T.);
#5006=EDGE_CURVE('',#4057,#4024,#1871,.T.);
#5007=EDGE_CURVE('',#4057,#4056,#1872,.T.);
#5008=EDGE_CURVE('',#4029,#4057,#1873,.T.);
#5009=EDGE_CURVE('',#4058,#4058,#218,.T.);
#5010=EDGE_CURVE('',#4058,#3931,#1874,.T.);
#5011=EDGE_CURVE('',#4052,#4058,#1875,.T.);
#5012=EDGE_CURVE('',#3726,#4059,#1876,.F.);
#5013=EDGE_CURVE('',#4049,#4059,#1877,.T.);
#5014=EDGE_CURVE('',#4060,#3778,#1878,.T.);
#5015=EDGE_CURVE('',#4060,#3727,#1879,.T.);
#5016=EDGE_CURVE('',#4061,#3914,#1880,.T.);
#5017=EDGE_CURVE('',#3781,#4061,#1881,.T.);
#5018=EDGE_CURVE('',#4062,#3913,#1882,.T.);
#5019=EDGE_CURVE('',#4061,#4062,#1883,.T.);
#5020=EDGE_CURVE('',#4062,#3979,#1884,.T.);
#5021=EDGE_CURVE('',#4063,#3734,#1885,.T.);
#5022=EDGE_CURVE('',#4064,#4063,#1886,.T.);
#5023=EDGE_CURVE('',#3780,#4064,#1887,.T.);
#5024=EDGE_CURVE('',#4065,#3939,#219,.T.);
#5025=EDGE_CURVE('',#3939,#4066,#220,.T.);
#5026=EDGE_CURVE('',#4066,#3919,#1888,.T.);
#5027=EDGE_CURVE('',#4065,#3918,#1889,.T.);
#5028=EDGE_CURVE('',#4067,#3938,#221,.T.);
#5029=EDGE_CURVE('',#4066,#4067,#1890,.T.);
#5030=EDGE_CURVE('',#4010,#4065,#1891,.T.);
#5031=EDGE_CURVE('',#4067,#3920,#1892,.T.);
#5032=EDGE_CURVE('',#4048,#4068,#1893,.T.);
#5033=EDGE_CURVE('',#4069,#4068,#1894,.T.);
#5034=EDGE_CURVE('',#4045,#4069,#1895,.T.);
#5035=EDGE_CURVE('',#4068,#4070,#1896,.T.);
#5036=EDGE_CURVE('',#4071,#4070,#1897,.T.);
#5037=EDGE_CURVE('',#4069,#4071,#1898,.T.);
#5038=EDGE_CURVE('',#4070,#4072,#222,.T.);
#5039=EDGE_CURVE('',#4073,#4072,#1899,.T.);
#5040=EDGE_CURVE('',#4071,#4073,#223,.T.);
#5041=EDGE_CURVE('',#4072,#4074,#1900,.T.);
#5042=EDGE_CURVE('',#4075,#4074,#1901,.T.);
#5043=EDGE_CURVE('',#4073,#4075,#1902,.T.);
#5044=EDGE_CURVE('',#4075,#4076,#224,.T.);
#5045=EDGE_CURVE('',#4076,#4077,#1903,.T.);
#5046=EDGE_CURVE('',#4077,#4078,#225,.T.);
#5047=EDGE_CURVE('',#4078,#4079,#1904,.T.);
#5048=EDGE_CURVE('',#4079,#4044,#1905,.T.);
#5049=EDGE_CURVE('',#4080,#4046,#1906,.T.);
#5050=EDGE_CURVE('',#4081,#4080,#1907,.T.);
#5051=EDGE_CURVE('',#4082,#4081,#226,.T.);
#5052=EDGE_CURVE('',#4083,#4082,#1908,.T.);
#5053=EDGE_CURVE('',#4074,#4083,#227,.T.);
#5054=EDGE_CURVE('',#4008,#3838,#1909,.T.);
#5055=EDGE_CURVE('',#4007,#4009,#1910,.T.);
#5056=EDGE_CURVE('',#3866,#3826,#1911,.T.);
#5057=EDGE_CURVE('',#3867,#3825,#1912,.T.);
#5058=EDGE_CURVE('',#3865,#3827,#1913,.T.);
#5059=EDGE_CURVE('',#3868,#3824,#1914,.T.);
#5060=EDGE_CURVE('',#3844,#3883,#1915,.T.);
#5061=EDGE_CURVE('',#3845,#3882,#1916,.T.);
#5062=EDGE_CURVE('',#3843,#3884,#1917,.T.);
#5063=EDGE_CURVE('',#3846,#3881,#1918,.T.);
#5064=EDGE_CURVE('',#3857,#3815,#1919,.T.);
#5065=EDGE_CURVE('',#3991,#3997,#1920,.T.);
#5066=EDGE_CURVE('',#3992,#3999,#1921,.T.);
#5067=EDGE_CURVE('',#3994,#4000,#1922,.T.);
#5068=EDGE_CURVE('',#3993,#3998,#1923,.T.);
#5069=EDGE_CURVE('',#3986,#3995,#1924,.T.);
#5070=EDGE_CURVE('',#3985,#3996,#1925,.T.);
#5071=EDGE_CURVE('',#3996,#3989,#1926,.T.);
#5072=EDGE_CURVE('',#3984,#3989,#1927,.T.);
#5073=EDGE_CURVE('',#3983,#3990,#1928,.T.);
#5074=EDGE_CURVE('',#4084,#4085,#228,.T.);
#5075=EDGE_CURVE('',#4085,#4084,#229,.T.);
#5076=EDGE_CURVE('',#4085,#3988,#1929,.T.);
#5077=EDGE_CURVE('',#3760,#4086,#1930,.T.);
#5078=EDGE_CURVE('',#4086,#3981,#1931,.T.);
#5079=EDGE_CURVE('',#4086,#4087,#1932,.T.);
#5080=EDGE_CURVE('',#4087,#3982,#1933,.T.);
#5081=EDGE_CURVE('',#4087,#3759,#1934,.T.);
#5082=EDGE_CURVE('',#4088,#3980,#1935,.T.);
#5083=EDGE_CURVE('',#4088,#3790,#1936,.T.);
#5084=EDGE_CURVE('',#4089,#3987,#1937,.T.);
#5085=EDGE_CURVE('',#4089,#4088,#1938,.T.);
#5086=EDGE_CURVE('',#3791,#4089,#1939,.T.);
#5087=EDGE_CURVE('',#4090,#4090,#230,.T.);
#5088=EDGE_CURVE('',#4090,#3932,#1940,.T.);
#5089=EDGE_CURVE('',#4084,#4090,#1941,.T.);
#5090=EDGE_CURVE('',#4091,#3910,#1942,.T.);
#5091=EDGE_CURVE('',#3735,#4091,#1943,.T.);
#5092=EDGE_CURVE('',#4092,#3909,#1944,.T.);
#5093=EDGE_CURVE('',#4091,#4092,#1945,.T.);
#5094=EDGE_CURVE('',#4092,#3736,#1946,.T.);
#5095=EDGE_CURVE('',#3938,#4093,#231,.T.);
#5096=EDGE_CURVE('',#4093,#3901,#1947,.T.);
#5097=EDGE_CURVE('',#4094,#3937,#232,.T.);
#5098=EDGE_CURVE('',#4093,#4094,#1948,.T.);
#5099=EDGE_CURVE('',#4094,#3902,#1949,.T.);
#5100=EDGE_CURVE('',#4076,#4083,#1950,.T.);
#5101=EDGE_CURVE('',#4077,#4082,#1951,.T.);
#5102=EDGE_CURVE('',#3977,#3837,#1952,.T.);
#5103=EDGE_CURVE('',#3976,#3978,#1953,.T.);
#5104=EDGE_CURVE('',#3870,#3830,#1954,.T.);
#5105=EDGE_CURVE('',#3871,#3829,#1955,.T.);
#5106=EDGE_CURVE('',#3869,#3831,#1956,.T.);
#5107=EDGE_CURVE('',#3872,#3828,#1957,.T.);
#5108=EDGE_CURVE('',#3848,#3887,#1958,.T.);
#5109=EDGE_CURVE('',#3849,#3886,#1959,.T.);
#5110=EDGE_CURVE('',#3847,#3888,#1960,.T.);
#5111=EDGE_CURVE('',#3850,#3885,#1961,.T.);
#5112=EDGE_CURVE('',#3959,#3966,#1962,.T.);
#5113=EDGE_CURVE('',#3960,#3968,#1963,.T.);
#5114=EDGE_CURVE('',#3962,#3969,#1964,.T.);
#5115=EDGE_CURVE('',#3961,#3967,#1965,.T.);
#5116=EDGE_CURVE('',#3952,#3963,#1966,.T.);
#5117=EDGE_CURVE('',#3951,#3964,#1967,.T.);
#5118=EDGE_CURVE('',#3964,#3957,#1968,.T.);
#5119=EDGE_CURVE('',#3950,#3957,#1969,.T.);
#5120=EDGE_CURVE('',#3949,#3958,#1970,.T.);
#5121=EDGE_CURVE('',#4095,#4096,#233,.T.);
#5122=EDGE_CURVE('',#4096,#4095,#234,.T.);
#5123=EDGE_CURVE('',#4096,#3954,#1971,.T.);
#5124=EDGE_CURVE('',#4051,#4097,#1972,.T.);
#5125=EDGE_CURVE('',#4097,#3945,#1973,.T.);
#5126=EDGE_CURVE('',#4097,#4098,#1974,.T.);
#5127=EDGE_CURVE('',#4098,#3946,#1975,.T.);
#5128=EDGE_CURVE('',#4098,#4050,#1976,.T.);
#5129=EDGE_CURVE('',#4099,#3942,#1977,.T.);
#5130=EDGE_CURVE('',#4099,#3745,#1978,.T.);
#5131=EDGE_CURVE('',#4100,#3953,#1979,.T.);
#5132=EDGE_CURVE('',#4100,#4099,#1980,.T.);
#5133=EDGE_CURVE('',#3746,#4100,#1981,.T.);
#5134=EDGE_CURVE('',#4101,#4101,#235,.T.);
#5135=EDGE_CURVE('',#4101,#3933,#1982,.T.);
#5136=EDGE_CURVE('',#4095,#4101,#1983,.T.);
#5137=EDGE_CURVE('',#4102,#3906,#1984,.T.);
#5138=EDGE_CURVE('',#3941,#4102,#1985,.T.);
#5139=EDGE_CURVE('',#4103,#3905,#1986,.T.);
#5140=EDGE_CURVE('',#4102,#4103,#1987,.T.);
#5141=EDGE_CURVE('',#4103,#4049,#1988,.T.);
#5142=EDGE_CURVE('',#4104,#4059,#1989,.T.);
#5143=EDGE_CURVE('',#4105,#4104,#1990,.T.);
#5144=EDGE_CURVE('',#3737,#4105,#1991,.T.);
#5145=EDGE_CURVE('',#3937,#4106,#236,.T.);
#5146=EDGE_CURVE('',#4106,#3903,#1992,.T.);
#5147=EDGE_CURVE('',#3936,#4060,#1993,.T.);
#5148=EDGE_CURVE('',#4106,#3776,#1994,.T.);
#5149=EDGE_CURVE('',#4078,#4081,#1995,.T.);
#5150=EDGE_CURVE('',#4079,#4080,#1996,.T.);
#5151=EDGE_CURVE('',#3899,#3836,#1997,.T.);
#5152=EDGE_CURVE('',#3898,#3900,#1998,.T.);
#5153=EDGE_CURVE('',#3874,#3834,#1999,.T.);
#5154=EDGE_CURVE('',#3875,#3833,#2000,.T.);
#5155=EDGE_CURVE('',#3873,#3835,#2001,.T.);
#5156=EDGE_CURVE('',#3876,#3832,#2002,.T.);
#5157=EDGE_CURVE('',#3852,#3891,#2003,.T.);
#5158=EDGE_CURVE('',#3853,#3890,#2004,.T.);
#5159=EDGE_CURVE('',#3851,#3892,#2005,.T.);
#5160=EDGE_CURVE('',#3854,#3889,#2006,.T.);
#5161=EDGE_CURVE('',#4107,#3812,#2007,.T.);
#5162=EDGE_CURVE('',#3812,#3815,#2008,.T.);
#5163=EDGE_CURVE('',#3856,#4107,#2009,.T.);
#5164=EDGE_CURVE('',#4107,#3817,#2010,.T.);
#5165=EDGE_CURVE('',#3811,#3816,#2011,.T.);
#5166=EDGE_CURVE('',#4105,#3724,#2012,.T.);
#5167=EDGE_CURVE('',#4104,#3725,#2013,.T.);
#5168=EDGE_CURVE('',#3732,#4108,#2014,.T.);
#5169=EDGE_CURVE('',#4108,#4109,#2015,.T.);
#5170=EDGE_CURVE('',#3729,#4109,#2016,.T.);
#5171=EDGE_CURVE('',#4110,#4111,#2017,.T.);
#5172=EDGE_CURVE('',#4110,#4112,#2018,.F.);
#5173=EDGE_CURVE('',#4112,#4113,#2019,.T.);
#5174=EDGE_CURVE('',#4113,#4111,#2020,.T.);
#5175=EDGE_CURVE('',#4114,#4115,#2021,.T.);
#5176=EDGE_CURVE('',#4115,#4116,#2022,.T.);
#5177=EDGE_CURVE('',#4117,#4116,#2023,.T.);
#5178=EDGE_CURVE('',#4117,#4114,#2024,.F.);
#5179=EDGE_CURVE('',#4118,#4119,#2025,.T.);
#5180=EDGE_CURVE('',#4118,#4120,#2026,.F.);
#5181=EDGE_CURVE('',#4120,#4121,#2027,.T.);
#5182=EDGE_CURVE('',#4121,#4119,#2028,.T.);
#5183=EDGE_CURVE('',#4122,#4123,#2029,.T.);
#5184=EDGE_CURVE('',#4122,#4124,#2030,.F.);
#5185=EDGE_CURVE('',#4124,#4125,#2031,.T.);
#5186=EDGE_CURVE('',#4125,#4123,#2032,.T.);
#5187=EDGE_CURVE('',#4126,#4127,#2033,.T.);
#5188=EDGE_CURVE('',#4126,#4128,#2034,.F.);
#5189=EDGE_CURVE('',#4128,#4129,#2035,.T.);
#5190=EDGE_CURVE('',#4129,#4127,#2036,.T.);
#5191=EDGE_CURVE('',#4120,#4115,#237,.T.);
#5192=EDGE_CURVE('',#4114,#4113,#238,.T.);
#5193=EDGE_CURVE('',#4112,#4108,#239,.T.);
#5194=EDGE_CURVE('',#3731,#4129,#240,.F.);
#5195=EDGE_CURVE('',#4128,#4125,#241,.F.);
#5196=EDGE_CURVE('',#4124,#4121,#242,.T.);
#5197=EDGE_CURVE('',#4116,#4118,#243,.F.);
#5198=EDGE_CURVE('',#4119,#4122,#244,.F.);
#5199=EDGE_CURVE('',#4123,#4126,#245,.T.);
#5200=EDGE_CURVE('',#4127,#3730,#246,.T.);
#5201=EDGE_CURVE('',#4109,#4110,#247,.F.);
#5202=EDGE_CURVE('',#4111,#4117,#248,.F.);
#5203=EDGE_CURVE('',#4130,#3927,#2037,.T.);
#5204=EDGE_CURVE('',#4131,#4130,#2038,.T.);
#5205=EDGE_CURVE('',#4131,#3926,#2039,.T.);
#5206=EDGE_CURVE('',#4132,#3930,#2040,.T.);
#5207=EDGE_CURVE('',#4130,#4132,#2041,.T.);
#5208=EDGE_CURVE('',#4133,#3929,#2042,.T.);
#5209=EDGE_CURVE('',#4132,#4133,#249,.T.);
#5210=EDGE_CURVE('',#4134,#3928,#2043,.T.);
#5211=EDGE_CURVE('',#4133,#4134,#2044,.T.);
#5212=EDGE_CURVE('',#4134,#4131,#250,.T.);
#5213=EDGE_CURVE('',#4135,#3767,#2045,.T.);
#5214=EDGE_CURVE('',#3767,#3770,#2046,.T.);
#5215=EDGE_CURVE('',#3855,#4135,#2047,.T.);
#5216=EDGE_CURVE('',#4135,#3772,#2048,.T.);
#5217=EDGE_CURVE('',#3766,#3771,#2049,.T.);
#5218=EDGE_CURVE('',#4136,#3922,#2050,.T.);
#5219=EDGE_CURVE('',#4137,#4136,#2051,.T.);
#5220=EDGE_CURVE('',#4137,#3921,#2052,.T.);
#5221=EDGE_CURVE('',#4138,#3925,#2053,.T.);
#5222=EDGE_CURVE('',#4136,#4138,#2054,.T.);
#5223=EDGE_CURVE('',#4139,#3924,#2055,.T.);
#5224=EDGE_CURVE('',#4138,#4139,#251,.T.);
#5225=EDGE_CURVE('',#4140,#3923,#2056,.T.);
#5226=EDGE_CURVE('',#4139,#4140,#2057,.T.);
#5227=EDGE_CURVE('',#4140,#4137,#252,.T.);
#5228=EDGE_CURVE('',#4063,#3721,#2058,.T.);
#5229=EDGE_CURVE('',#4064,#3720,#2059,.T.);
#5230=EDGE_CURVE('',#4141,#3716,#2060,.T.);
#5231=EDGE_CURVE('',#4141,#4142,#2061,.F.);
#5232=EDGE_CURVE('',#4142,#3733,#2062,.T.);
#5233=EDGE_CURVE('',#4143,#4144,#2063,.T.);
#5234=EDGE_CURVE('',#4144,#4145,#2064,.T.);
#5235=EDGE_CURVE('',#4146,#4145,#2065,.T.);
#5236=EDGE_CURVE('',#4146,#4143,#2066,.F.);
#5237=EDGE_CURVE('',#4147,#4148,#2067,.T.);
#5238=EDGE_CURVE('',#4148,#4149,#2068,.T.);
#5239=EDGE_CURVE('',#4150,#4149,#2069,.T.);
#5240=EDGE_CURVE('',#4150,#4147,#2070,.F.);
#5241=EDGE_CURVE('',#4151,#4152,#2071,.T.);
#5242=EDGE_CURVE('',#4152,#4153,#2072,.T.);
#5243=EDGE_CURVE('',#4154,#4153,#2073,.T.);
#5244=EDGE_CURVE('',#4154,#4151,#2074,.F.);
#5245=EDGE_CURVE('',#4155,#4156,#2075,.T.);
#5246=EDGE_CURVE('',#4155,#4157,#2076,.F.);
#5247=EDGE_CURVE('',#4157,#4158,#2077,.T.);
#5248=EDGE_CURVE('',#4158,#4156,#2078,.T.);
#5249=EDGE_CURVE('',#4159,#4160,#2079,.T.);
#5250=EDGE_CURVE('',#4160,#4161,#2080,.T.);
#5251=EDGE_CURVE('',#4162,#4161,#2081,.T.);
#5252=EDGE_CURVE('',#4162,#4159,#2082,.F.);
#5253=EDGE_CURVE('',#4157,#4152,#253,.F.);
#5254=EDGE_CURVE('',#4151,#4148,#254,.F.);
#5255=EDGE_CURVE('',#4147,#4144,#255,.T.);
#5256=EDGE_CURVE('',#4143,#3714,#256,.T.);
#5257=EDGE_CURVE('',#4142,#4160,#257,.F.);
#5258=EDGE_CURVE('',#4159,#4158,#258,.F.);
#5259=EDGE_CURVE('',#4153,#4155,#259,.T.);
#5260=EDGE_CURVE('',#4156,#4162,#260,.T.);
#5261=EDGE_CURVE('',#4161,#4141,#261,.T.);
#5262=EDGE_CURVE('',#3715,#4146,#262,.F.);
#5263=EDGE_CURVE('',#4145,#4150,#263,.F.);
#5264=EDGE_CURVE('',#4149,#4154,#264,.T.);
#5265=EDGE_CURVE('',#4163,#4164,#2083,.T.);
#5266=EDGE_CURVE('',#4165,#4163,#2084,.T.);
#5267=EDGE_CURVE('',#4165,#4166,#2085,.T.);
#5268=EDGE_CURVE('',#4167,#4166,#2086,.T.);
#5269=EDGE_CURVE('',#4168,#4167,#2087,.T.);
#5270=EDGE_CURVE('',#4168,#4169,#2088,.T.);
#5271=EDGE_CURVE('',#4169,#4170,#2089,.T.);
#5272=EDGE_CURVE('',#4164,#4170,#2090,.T.);
#5273=EDGE_CURVE('',#4165,#4171,#2091,.T.);
#5274=EDGE_CURVE('',#4171,#4172,#2092,.T.);
#5275=EDGE_CURVE('',#4166,#4172,#2093,.T.);
#5276=EDGE_CURVE('',#4173,#4174,#2094,.T.);
#5277=EDGE_CURVE('',#4170,#4174,#2095,.T.);
#5278=EDGE_CURVE('',#4169,#4173,#2096,.T.);
#5279=EDGE_CURVE('',#4175,#4176,#2097,.T.);
#5280=EDGE_CURVE('',#4176,#4177,#2098,.T.);
#5281=EDGE_CURVE('',#4178,#4177,#2099,.T.);
#5282=EDGE_CURVE('',#4179,#4178,#2100,.T.);
#5283=EDGE_CURVE('',#4179,#4180,#2101,.T.);
#5284=EDGE_CURVE('',#4180,#4181,#2102,.T.);
#5285=EDGE_CURVE('',#4181,#4182,#2103,.T.);
#5286=EDGE_CURVE('',#4182,#4183,#2104,.T.);
#5287=EDGE_CURVE('',#4184,#4183,#2105,.T.);
#5288=EDGE_CURVE('',#4184,#4185,#2106,.T.);
#5289=EDGE_CURVE('',#4186,#4185,#2107,.T.);
#5290=EDGE_CURVE('',#4175,#4186,#2108,.T.);
#5291=EDGE_CURVE('',#4187,#4188,#2109,.T.);
#5292=EDGE_CURVE('',#4189,#4187,#2110,.T.);
#5293=EDGE_CURVE('',#4189,#4190,#2111,.T.);
#5294=EDGE_CURVE('',#4190,#4188,#2112,.T.);
#5295=EDGE_CURVE('',#4191,#4192,#2113,.T.);
#5296=EDGE_CURVE('',#4192,#4193,#2114,.T.);
#5297=EDGE_CURVE('',#4194,#4193,#2115,.T.);
#5298=EDGE_CURVE('',#4191,#4194,#2116,.T.);
#5299=EDGE_CURVE('',#4195,#4196,#2117,.T.);
#5300=EDGE_CURVE('',#4196,#4197,#2118,.T.);
#5301=EDGE_CURVE('',#4198,#4197,#2119,.T.);
#5302=EDGE_CURVE('',#4199,#4198,#2120,.T.);
#5303=EDGE_CURVE('',#4199,#4200,#2121,.T.);
#5304=EDGE_CURVE('',#4200,#4201,#2122,.T.);
#5305=EDGE_CURVE('',#4201,#4202,#2123,.T.);
#5306=EDGE_CURVE('',#4195,#4202,#2124,.T.);
#5307=EDGE_CURVE('',#4203,#4204,#2125,.T.);
#5308=EDGE_CURVE('',#4204,#4205,#2126,.T.);
#5309=EDGE_CURVE('',#4206,#4205,#2127,.T.);
#5310=EDGE_CURVE('',#4203,#4206,#2128,.T.);
#5311=EDGE_CURVE('',#4207,#4208,#2129,.T.);
#5312=EDGE_CURVE('',#4209,#4207,#2130,.T.);
#5313=EDGE_CURVE('',#4209,#4210,#2131,.T.);
#5314=EDGE_CURVE('',#4210,#4208,#2132,.T.);
#5315=EDGE_CURVE('',#4172,#4211,#2133,.T.);
#5316=EDGE_CURVE('',#4171,#4212,#2134,.T.);
#5317=EDGE_CURVE('',#4212,#4213,#2135,.T.);
#5318=EDGE_CURVE('',#4213,#4174,#2136,.T.);
#5319=EDGE_CURVE('',#4173,#4214,#2137,.T.);
#5320=EDGE_CURVE('',#4214,#4211,#2138,.T.);
#5321=EDGE_CURVE('',#4215,#4216,#2139,.T.);
#5322=EDGE_CURVE('',#4217,#4215,#2140,.T.);
#5323=EDGE_CURVE('',#4217,#4218,#2141,.T.);
#5324=EDGE_CURVE('',#4218,#4216,#2142,.T.);
#5325=EDGE_CURVE('',#4219,#4220,#2143,.T.);
#5326=EDGE_CURVE('',#4220,#4221,#2144,.T.);
#5327=EDGE_CURVE('',#4222,#4221,#2145,.T.);
#5328=EDGE_CURVE('',#4219,#4222,#2146,.T.);
#5329=EDGE_CURVE('',#4223,#4224,#2147,.T.);
#5330=EDGE_CURVE('',#4224,#4225,#2148,.T.);
#5331=EDGE_CURVE('',#4225,#4226,#2149,.T.);
#5332=EDGE_CURVE('',#4226,#4227,#2150,.T.);
#5333=EDGE_CURVE('',#4227,#4228,#2151,.T.);
#5334=EDGE_CURVE('',#4228,#4229,#2152,.T.);
#5335=EDGE_CURVE('',#4230,#4229,#2153,.T.);
#5336=EDGE_CURVE('',#4223,#4230,#2154,.T.);
#5337=EDGE_CURVE('',#4176,#4231,#2155,.T.);
#5338=EDGE_CURVE('',#4231,#4232,#2156,.T.);
#5339=EDGE_CURVE('',#4185,#4232,#2157,.T.);
#5340=EDGE_CURVE('',#4233,#4184,#2158,.T.);
#5341=EDGE_CURVE('',#4234,#4233,#2159,.T.);
#5342=EDGE_CURVE('',#4234,#4181,#2160,.T.);
#5343=EDGE_CURVE('',#4180,#4235,#2161,.T.);
#5344=EDGE_CURVE('',#4235,#4236,#2162,.T.);
#5345=EDGE_CURVE('',#4177,#4236,#2163,.T.);
#5346=EDGE_CURVE('',#4237,#4238,#2164,.T.);
#5347=EDGE_CURVE('',#4239,#4237,#2165,.T.);
#5348=EDGE_CURVE('',#4240,#4239,#2166,.T.);
#5349=EDGE_CURVE('',#4238,#4240,#2167,.T.);
#5350=EDGE_CURVE('',#4241,#4242,#2168,.T.);
#5351=EDGE_CURVE('',#4243,#4241,#2169,.T.);
#5352=EDGE_CURVE('',#4244,#4243,#2170,.T.);
#5353=EDGE_CURVE('',#4242,#4244,#2171,.T.);
#5354=EDGE_CURVE('',#4245,#4246,#2172,.T.);
#5355=EDGE_CURVE('',#4247,#4245,#2173,.T.);
#5356=EDGE_CURVE('',#4248,#4247,#2174,.T.);
#5357=EDGE_CURVE('',#4246,#4248,#2175,.T.);
#5358=EDGE_CURVE('',#4249,#4178,#2176,.T.);
#5359=EDGE_CURVE('',#4250,#4249,#2177,.T.);
#5360=EDGE_CURVE('',#4250,#4179,#2178,.T.);
#5361=EDGE_CURVE('',#4251,#4252,#2179,.T.);
#5362=EDGE_CURVE('',#4253,#4251,#2180,.T.);
#5363=EDGE_CURVE('',#4254,#4253,#2181,.T.);
#5364=EDGE_CURVE('',#4252,#4254,#2182,.T.);
#5365=EDGE_CURVE('',#4255,#4256,#2183,.T.);
#5366=EDGE_CURVE('',#4257,#4255,#2184,.T.);
#5367=EDGE_CURVE('',#4258,#4257,#2185,.T.);
#5368=EDGE_CURVE('',#4256,#4258,#2186,.T.);
#5369=EDGE_CURVE('',#4259,#4260,#2187,.T.);
#5370=EDGE_CURVE('',#4261,#4259,#2188,.T.);
#5371=EDGE_CURVE('',#4262,#4261,#2189,.T.);
#5372=EDGE_CURVE('',#4260,#4262,#2190,.T.);
#5373=EDGE_CURVE('',#4263,#4264,#2191,.T.);
#5374=EDGE_CURVE('',#4264,#4265,#2192,.T.);
#5375=EDGE_CURVE('',#4265,#4266,#2193,.T.);
#5376=EDGE_CURVE('',#4266,#4263,#2194,.T.);
#5377=EDGE_CURVE('',#4267,#4268,#2195,.F.);
#5378=EDGE_CURVE('',#4267,#4269,#2196,.F.);
#5379=EDGE_CURVE('',#4270,#4269,#2197,.F.);
#5380=EDGE_CURVE('',#4268,#4270,#2198,.F.);
#5381=EDGE_CURVE('',#4271,#4272,#2199,.T.);
#5382=EDGE_CURVE('',#4273,#4271,#2200,.T.);
#5383=EDGE_CURVE('',#4274,#4273,#2201,.T.);
#5384=EDGE_CURVE('',#4274,#4275,#2202,.T.);
#5385=EDGE_CURVE('',#4275,#4276,#2203,.T.);
#5386=EDGE_CURVE('',#4277,#4276,#2204,.T.);
#5387=EDGE_CURVE('',#4278,#4277,#2205,.T.);
#5388=EDGE_CURVE('',#4272,#4278,#2206,.T.);
#5389=EDGE_CURVE('',#4273,#4225,#2207,.T.);
#5390=EDGE_CURVE('',#4224,#4274,#2208,.T.);
#5391=EDGE_CURVE('',#4278,#4228,#2209,.T.);
#5392=EDGE_CURVE('',#4229,#4277,#2210,.T.);
#5393=EDGE_CURVE('',#4236,#4279,#2211,.T.);
#5394=EDGE_CURVE('',#4235,#4280,#2212,.T.);
#5395=EDGE_CURVE('',#4280,#4279,#2213,.T.);
#5396=EDGE_CURVE('',#4281,#4282,#2214,.T.);
#5397=EDGE_CURVE('',#4283,#4281,#2215,.T.);
#5398=EDGE_CURVE('',#4283,#4284,#2216,.T.);
#5399=EDGE_CURVE('',#4284,#4282,#2217,.F.);
#5400=EDGE_CURVE('',#4263,#4270,#2218,.T.);
#5401=EDGE_CURVE('',#4266,#4268,#2219,.T.);
#5402=EDGE_CURVE('',#4285,#4286,#2220,.T.);
#5403=EDGE_CURVE('',#4287,#4285,#2221,.T.);
#5404=EDGE_CURVE('',#4287,#4288,#2222,.T.);
#5405=EDGE_CURVE('',#4288,#4286,#2223,.T.);
#5406=EDGE_CURVE('',#4207,#4289,#2224,.T.);
#5407=EDGE_CURVE('',#4289,#4290,#2225,.T.);
#5408=EDGE_CURVE('',#4290,#4209,#2226,.T.);
#5409=EDGE_CURVE('',#4291,#4210,#2227,.T.);
#5410=EDGE_CURVE('',#4291,#4292,#2228,.T.);
#5411=EDGE_CURVE('',#4208,#4292,#2229,.T.);
#5412=EDGE_CURVE('',#4187,#4293,#2230,.T.);
#5413=EDGE_CURVE('',#4293,#4294,#2231,.T.);
#5414=EDGE_CURVE('',#4294,#4189,#2232,.T.);
#5415=EDGE_CURVE('',#4295,#4190,#2233,.T.);
#5416=EDGE_CURVE('',#4295,#4296,#2234,.F.);
#5417=EDGE_CURVE('',#4188,#4296,#2235,.T.);
#5418=EDGE_CURVE('',#4297,#4298,#2236,.T.);
#5419=EDGE_CURVE('',#4299,#4298,#2237,.T.);
#5420=EDGE_CURVE('',#4300,#4299,#2238,.T.);
#5421=EDGE_CURVE('',#4301,#4300,#2239,.T.);
#5422=EDGE_CURVE('',#4301,#4302,#2240,.T.);
#5423=EDGE_CURVE('',#4303,#4302,#2241,.T.);
#5424=EDGE_CURVE('',#4304,#4303,#2242,.T.);
#5425=EDGE_CURVE('',#4304,#4297,#2243,.T.);
#5426=EDGE_CURVE('',#4298,#4202,#2244,.T.);
#5427=EDGE_CURVE('',#4297,#4195,#2245,.T.);
#5428=EDGE_CURVE('',#4301,#4199,#2246,.T.);
#5429=EDGE_CURVE('',#4302,#4198,#2247,.T.);
#5430=EDGE_CURVE('',#4279,#4249,#2248,.T.);
#5431=EDGE_CURVE('',#4280,#4250,#2249,.T.);
#5432=EDGE_CURVE('',#4183,#4305,#2250,.T.);
#5433=EDGE_CURVE('',#4182,#4306,#2251,.T.);
#5434=EDGE_CURVE('',#4306,#4305,#2252,.T.);
#5435=EDGE_CURVE('',#4305,#4307,#2253,.T.);
#5436=EDGE_CURVE('',#4306,#4308,#2254,.T.);
#5437=EDGE_CURVE('',#4308,#4307,#2255,.T.);
#5438=EDGE_CURVE('',#4307,#4233,#2256,.T.);
#5439=EDGE_CURVE('',#4308,#4234,#2257,.T.);
#5440=EDGE_CURVE('',#4309,#4303,#2258,.T.);
#5441=EDGE_CURVE('',#4310,#4309,#2259,.T.);
#5442=EDGE_CURVE('',#4310,#4304,#2260,.T.);
#5443=EDGE_CURVE('',#4197,#4309,#2261,.T.);
#5444=EDGE_CURVE('',#4196,#4310,#2262,.T.);
#5445=EDGE_CURVE('',#4311,#4194,#2263,.T.);
#5446=EDGE_CURVE('',#4312,#4311,#2264,.T.);
#5447=EDGE_CURVE('',#4312,#4191,#2265,.T.);
#5448=EDGE_CURVE('',#4193,#4313,#2266,.T.);
#5449=EDGE_CURVE('',#4192,#4314,#2267,.T.);
#5450=EDGE_CURVE('',#4314,#4313,#2268,.T.);
#5451=EDGE_CURVE('',#4313,#4311,#2269,.T.);
#5452=EDGE_CURVE('',#4314,#4312,#2270,.T.);
#5453=EDGE_CURVE('',#4293,#4296,#2271,.T.);
#5454=EDGE_CURVE('',#4296,#4284,#2272,.F.);
#5455=EDGE_CURVE('',#4293,#4283,#2273,.T.);
#5456=EDGE_CURVE('',#4282,#4295,#2274,.F.);
#5457=EDGE_CURVE('',#4294,#4295,#2275,.T.);
#5458=EDGE_CURVE('',#4281,#4294,#2276,.T.);
#5459=EDGE_CURVE('',#4299,#4201,#2277,.T.);
#5460=EDGE_CURVE('',#4300,#4200,#2278,.T.);
#5461=EDGE_CURVE('',#4251,#4315,#2279,.T.);
#5462=EDGE_CURVE('',#4316,#4315,#2280,.T.);
#5463=EDGE_CURVE('',#4316,#4253,#2281,.T.);
#5464=EDGE_CURVE('',#4317,#4318,#2282,.T.);
#5465=EDGE_CURVE('',#4317,#4252,#2283,.T.);
#5466=EDGE_CURVE('',#4318,#4254,#2284,.T.);
#5467=EDGE_CURVE('',#4318,#4316,#2285,.T.);
#5468=EDGE_CURVE('',#4315,#4317,#2286,.T.);
#5469=EDGE_CURVE('',#4319,#4320,#2287,.T.);
#5470=EDGE_CURVE('',#4319,#4247,#2288,.T.);
#5471=EDGE_CURVE('',#4320,#4245,#2289,.T.);
#5472=EDGE_CURVE('',#4321,#4246,#2290,.T.);
#5473=EDGE_CURVE('',#4320,#4321,#2291,.T.);
#5474=EDGE_CURVE('',#4248,#4322,#2292,.T.);
#5475=EDGE_CURVE('',#4321,#4322,#2293,.T.);
#5476=EDGE_CURVE('',#4322,#4319,#2294,.T.);
#5477=EDGE_CURVE('',#4323,#4167,#2295,.T.);
#5478=EDGE_CURVE('',#4324,#4323,#2296,.T.);
#5479=EDGE_CURVE('',#4324,#4168,#2297,.T.);
#5480=EDGE_CURVE('',#4211,#4323,#2298,.T.);
#5481=EDGE_CURVE('',#4214,#4324,#2299,.T.);
#5482=EDGE_CURVE('',#4325,#4206,#2300,.T.);
#5483=EDGE_CURVE('',#4326,#4325,#2301,.T.);
#5484=EDGE_CURVE('',#4326,#4203,#2302,.T.);
#5485=EDGE_CURVE('',#4205,#4327,#2303,.T.);
#5486=EDGE_CURVE('',#4204,#4328,#2304,.T.);
#5487=EDGE_CURVE('',#4328,#4327,#2305,.T.);
#5488=EDGE_CURVE('',#4327,#4325,#2306,.T.);
#5489=EDGE_CURVE('',#4328,#4326,#2307,.T.);
#5490=EDGE_CURVE('',#4289,#4292,#2308,.T.);
#5491=EDGE_CURVE('',#4289,#4287,#2309,.T.);
#5492=EDGE_CURVE('',#4292,#4288,#2310,.T.);
#5493=EDGE_CURVE('',#4286,#4291,#2311,.T.);
#5494=EDGE_CURVE('',#4290,#4291,#2312,.T.);
#5495=EDGE_CURVE('',#4285,#4290,#2313,.T.);
#5496=EDGE_CURVE('',#4259,#4329,#2314,.T.);
#5497=EDGE_CURVE('',#4330,#4329,#2315,.T.);
#5498=EDGE_CURVE('',#4330,#4261,#2316,.T.);
#5499=EDGE_CURVE('',#4331,#4332,#2317,.T.);
#5500=EDGE_CURVE('',#4331,#4260,#2318,.T.);
#5501=EDGE_CURVE('',#4332,#4262,#2319,.T.);
#5502=EDGE_CURVE('',#4332,#4330,#2320,.T.);
#5503=EDGE_CURVE('',#4329,#4331,#2321,.T.);
#5504=EDGE_CURVE('',#4333,#4334,#2322,.T.);
#5505=EDGE_CURVE('',#4333,#4243,#2323,.T.);
#5506=EDGE_CURVE('',#4334,#4241,#2324,.T.);
#5507=EDGE_CURVE('',#4335,#4242,#2325,.T.);
#5508=EDGE_CURVE('',#4334,#4335,#2326,.T.);
#5509=EDGE_CURVE('',#4244,#4336,#2327,.T.);
#5510=EDGE_CURVE('',#4335,#4336,#2328,.T.);
#5511=EDGE_CURVE('',#4336,#4333,#2329,.T.);
#5512=EDGE_CURVE('',#4337,#4186,#2330,.T.);
#5513=EDGE_CURVE('',#4338,#4337,#2331,.T.);
#5514=EDGE_CURVE('',#4338,#4175,#2332,.T.);
#5515=EDGE_CURVE('',#4232,#4339,#2333,.T.);
#5516=EDGE_CURVE('',#4231,#4340,#2334,.T.);
#5517=EDGE_CURVE('',#4340,#4339,#2335,.T.);
#5518=EDGE_CURVE('',#4339,#4337,#2336,.T.);
#5519=EDGE_CURVE('',#4340,#4338,#2337,.T.);
#5520=EDGE_CURVE('',#4276,#4341,#2338,.T.);
#5521=EDGE_CURVE('',#4275,#4342,#2339,.T.);
#5522=EDGE_CURVE('',#4342,#4341,#2340,.T.);
#5523=EDGE_CURVE('',#4341,#4230,#2341,.T.);
#5524=EDGE_CURVE('',#4342,#4223,#2342,.T.);
#5525=EDGE_CURVE('',#4221,#4343,#2343,.T.);
#5526=EDGE_CURVE('',#4220,#4344,#2344,.T.);
#5527=EDGE_CURVE('',#4344,#4343,#2345,.T.);
#5528=EDGE_CURVE('',#4343,#4345,#2346,.T.);
#5529=EDGE_CURVE('',#4344,#4346,#2347,.T.);
#5530=EDGE_CURVE('',#4346,#4345,#2348,.T.);
#5531=EDGE_CURVE('',#4345,#4222,#2349,.T.);
#5532=EDGE_CURVE('',#4346,#4219,#2350,.T.);
#5533=EDGE_CURVE('',#4269,#4218,#2351,.T.);
#5534=EDGE_CURVE('',#4264,#4217,#2352,.T.);
#5535=EDGE_CURVE('',#4264,#4269,#2353,.T.);
#5536=EDGE_CURVE('',#4216,#4267,#2354,.T.);
#5537=EDGE_CURVE('',#4265,#4267,#2355,.T.);
#5538=EDGE_CURVE('',#4215,#4265,#2356,.T.);
#5539=EDGE_CURVE('',#4271,#4226,#2357,.T.);
#5540=EDGE_CURVE('',#4272,#4227,#2358,.T.);
#5541=EDGE_CURVE('',#4347,#4348,#2359,.T.);
#5542=EDGE_CURVE('',#4347,#4255,#2360,.T.);
#5543=EDGE_CURVE('',#4348,#4256,#2361,.T.);
#5544=EDGE_CURVE('',#4349,#4258,#2362,.T.);
#5545=EDGE_CURVE('',#4348,#4349,#2363,.T.);
#5546=EDGE_CURVE('',#4257,#4350,#2364,.T.);
#5547=EDGE_CURVE('',#4349,#4350,#2365,.T.);
#5548=EDGE_CURVE('',#4350,#4347,#2366,.T.);
#5549=EDGE_CURVE('',#4351,#4237,#2367,.T.);
#5550=EDGE_CURVE('',#4352,#4351,#2368,.T.);
#5551=EDGE_CURVE('',#4352,#4239,#2369,.T.);
#5552=EDGE_CURVE('',#4238,#4353,#2370,.T.);
#5553=EDGE_CURVE('',#4351,#4353,#2371,.T.);
#5554=EDGE_CURVE('',#4354,#4352,#2372,.T.);
#5555=EDGE_CURVE('',#4354,#4240,#2373,.T.);
#5556=EDGE_CURVE('',#4353,#4354,#2374,.T.);
#5557=EDGE_CURVE('',#4163,#4212,#2375,.T.);
#5558=EDGE_CURVE('',#4164,#4213,#2376,.T.);
#5559=EDGE_CURVE('',#4355,#4355,#265,.F.);
#5560=EDGE_CURVE('',#4355,#4356,#2377,.T.);
#5561=EDGE_CURVE('',#4356,#4357,#266,.T.);
#5562=EDGE_CURVE('',#4357,#4358,#2378,.T.);
#5563=EDGE_CURVE('',#4359,#4358,#267,.F.);
#5564=EDGE_CURVE('',#4359,#4360,#2379,.F.);
#5565=EDGE_CURVE('',#4360,#4361,#268,.T.);
#5566=EDGE_CURVE('',#4361,#4362,#2380,.T.);
#5567=EDGE_CURVE('',#4363,#4362,#269,.F.);
#5568=EDGE_CURVE('',#4363,#4364,#2381,.F.);
#5569=EDGE_CURVE('',#4364,#4356,#270,.T.);
#5570=EDGE_CURVE('',#4365,#4366,#2382,.T.);
#5571=EDGE_CURVE('',#4366,#4365,#271,.F.);
#5572=EDGE_CURVE('',#4367,#4368,#2383,.T.);
#5573=EDGE_CURVE('',#4368,#4367,#272,.F.);
#5574=EDGE_CURVE('',#4360,#4365,#63,.T.);
#5575=EDGE_CURVE('',#4366,#4361,#64,.T.);
#5576=EDGE_CURVE('',#4368,#4357,#65,.T.);
#5577=EDGE_CURVE('',#4364,#4367,#66,.T.);
#5578=EDGE_CURVE('',#4369,#4370,#273,.T.);
#5579=EDGE_CURVE('',#4370,#4369,#274,.T.);
#5580=EDGE_CURVE('',#4369,#4371,#2384,.T.);
#5581=EDGE_CURVE('',#4371,#4371,#275,.F.);
#5582=EDGE_CURVE('',#4372,#4372,#276,.T.);
#5583=EDGE_CURVE('',#4372,#4355,#277,.T.);
#5584=EDGE_CURVE('',#4359,#4362,#2385,.T.);
#5585=EDGE_CURVE('',#4363,#4358,#2386,.T.);
#5586=EDGE_CURVE('',#4373,#4373,#278,.T.);
#5587=EDGE_CURVE('',#4373,#4374,#2387,.T.);
#5588=EDGE_CURVE('',#4374,#4374,#279,.T.);
#5589=EDGE_CURVE('',#4375,#4375,#280,.F.);
#5590=EDGE_CURVE('',#4370,#4375,#2388,.T.);
#5591=EDGE_CURVE('',#4376,#4377,#2389,.T.);
#5592=EDGE_CURVE('',#4378,#4377,#2390,.T.);
#5593=EDGE_CURVE('',#4379,#4378,#2391,.T.);
#5594=EDGE_CURVE('',#4379,#4376,#2392,.T.);
#5595=EDGE_CURVE('',#4380,#4380,#281,.T.);
#5596=EDGE_CURVE('',#4381,#4382,#2393,.T.);
#5597=EDGE_CURVE('',#4382,#4383,#2394,.F.);
#5598=EDGE_CURVE('',#4384,#4383,#2395,.T.);
#5599=EDGE_CURVE('',#4384,#4385,#2396,.T.);
#5600=EDGE_CURVE('',#4385,#4386,#2397,.T.);
#5601=EDGE_CURVE('',#4387,#4386,#2398,.T.);
#5602=EDGE_CURVE('',#4388,#4387,#2399,.T.);
#5603=EDGE_CURVE('',#4388,#4381,#2400,.T.);
#5604=EDGE_CURVE('',#4385,#4389,#282,.F.);
#5605=EDGE_CURVE('',#4389,#4390,#2401,.T.);
#5606=EDGE_CURVE('',#4386,#4390,#2402,.T.);
#5607=EDGE_CURVE('',#4391,#4392,#2403,.T.);
#5608=EDGE_CURVE('',#4392,#4393,#283,.F.);
#5609=EDGE_CURVE('',#4393,#4382,#284,.F.);
#5610=EDGE_CURVE('',#4381,#4391,#2404,.T.);
#5611=EDGE_CURVE('',#4389,#4394,#2405,.F.);
#5612=EDGE_CURVE('',#4395,#4394,#2406,.T.);
#5613=EDGE_CURVE('',#4395,#4392,#2407,.T.);
#5614=EDGE_CURVE('',#4391,#4396,#2408,.T.);
#5615=EDGE_CURVE('',#4396,#4397,#2409,.T.);
#5616=EDGE_CURVE('',#4390,#4397,#2410,.T.);
#5617=EDGE_CURVE('',#4377,#4398,#2411,.T.);
#5618=EDGE_CURVE('',#4399,#4398,#2412,.T.);
#5619=EDGE_CURVE('',#4378,#4399,#2413,.T.);
#5620=EDGE_CURVE('',#4397,#4387,#2414,.T.);
#5621=EDGE_CURVE('',#4400,#4376,#2415,.T.);
#5622=EDGE_CURVE('',#4401,#4379,#2416,.T.);
#5623=EDGE_CURVE('',#4401,#4400,#2417,.T.);
#5624=EDGE_CURVE('',#4396,#4388,#2418,.T.);
#5625=EDGE_CURVE('',#4398,#4400,#2419,.T.);
#5626=EDGE_CURVE('',#4399,#4401,#2420,.T.);
#5627=EDGE_CURVE('',#4384,#4383,#285,.T.);
#5628=EDGE_CURVE('',#4393,#4380,#2421,.T.);
#5629=EDGE_CURVE('',#4395,#4394,#286,.T.);
#5630=EDGE_CURVE('',#4402,#4403,#2422,.T.);
#5631=EDGE_CURVE('',#4402,#4404,#2423,.T.);
#5632=EDGE_CURVE('',#4405,#4404,#2424,.T.);
#5633=EDGE_CURVE('',#4405,#4406,#2425,.F.);
#5634=EDGE_CURVE('',#4407,#4406,#2426,.T.);
#5635=EDGE_CURVE('',#4407,#4403,#2427,.T.);
#5636=EDGE_CURVE('',#4408,#4405,#287,.T.);
#5637=EDGE_CURVE('',#4408,#4409,#2428,.T.);
#5638=EDGE_CURVE('',#4406,#4409,#288,.T.);
#5639=EDGE_CURVE('',#4410,#4408,#2429,.T.);
#5640=EDGE_CURVE('',#4410,#4411,#2430,.F.);
#5641=EDGE_CURVE('',#4409,#4411,#2431,.T.);
#5642=EDGE_CURVE('',#4412,#4410,#289,.T.);
#5643=EDGE_CURVE('',#4412,#4413,#2432,.T.);
#5644=EDGE_CURVE('',#4411,#4413,#290,.T.);
#5645=EDGE_CURVE('',#4414,#4415,#2433,.T.);
#5646=EDGE_CURVE('',#4414,#4416,#2434,.T.);
#5647=EDGE_CURVE('',#4416,#4417,#2435,.T.);
#5648=EDGE_CURVE('',#4417,#4418,#2436,.T.);
#5649=EDGE_CURVE('',#4419,#4418,#2437,.T.);
#5650=EDGE_CURVE('',#4415,#4419,#2438,.T.);
#5651=EDGE_CURVE('',#4415,#4420,#291,.T.);
#5652=EDGE_CURVE('',#4421,#4419,#292,.T.);
#5653=EDGE_CURVE('',#4420,#4421,#2439,.T.);
#5654=EDGE_CURVE('',#4420,#4422,#2440,.T.);
#5655=EDGE_CURVE('',#4423,#4421,#2441,.T.);
#5656=EDGE_CURVE('',#4422,#4423,#2442,.T.);
#5657=EDGE_CURVE('',#4422,#4424,#293,.T.);
#5658=EDGE_CURVE('',#4425,#4423,#294,.T.);
#5659=EDGE_CURVE('',#4424,#4425,#2443,.T.);
#5660=EDGE_CURVE('',#4426,#4427,#2444,.T.);
#5661=EDGE_CURVE('',#4428,#4427,#2445,.T.);
#5662=EDGE_CURVE('',#4429,#4428,#295,.T.);
#5663=EDGE_CURVE('',#4425,#4429,#2446,.T.);
#5664=EDGE_CURVE('',#4413,#4425,#2447,.T.);
#5665=EDGE_CURVE('',#4413,#4430,#2448,.T.);
#5666=EDGE_CURVE('',#4430,#4431,#296,.F.);
#5667=EDGE_CURVE('',#4431,#4426,#2449,.T.);
#5668=EDGE_CURVE('',#4432,#4433,#2450,.T.);
#5669=EDGE_CURVE('',#4434,#4433,#297,.T.);
#5670=EDGE_CURVE('',#4434,#4435,#2451,.T.);
#5671=EDGE_CURVE('',#4432,#4435,#298,.T.);
#5672=EDGE_CURVE('',#4436,#4434,#2452,.T.);
#5673=EDGE_CURVE('',#4436,#4437,#2453,.F.);
#5674=EDGE_CURVE('',#4435,#4437,#2454,.T.);
#5675=EDGE_CURVE('',#4438,#4436,#299,.T.);
#5676=EDGE_CURVE('',#4438,#4439,#2455,.T.);
#5677=EDGE_CURVE('',#4437,#4439,#300,.T.);
#5678=EDGE_CURVE('',#4440,#4438,#2456,.T.);
#5679=EDGE_CURVE('',#4440,#4441,#2457,.T.);
#5680=EDGE_CURVE('',#4441,#4442,#2458,.F.);
#5681=EDGE_CURVE('',#4442,#4443,#2459,.T.);
#5682=EDGE_CURVE('',#4439,#4443,#2460,.T.);
#5683=EDGE_CURVE('',#4444,#4445,#301,.T.);
#5684=EDGE_CURVE('',#4446,#4444,#2461,.T.);
#5685=EDGE_CURVE('',#4447,#4446,#302,.T.);
#5686=EDGE_CURVE('',#4445,#4447,#2462,.T.);
#5687=EDGE_CURVE('',#4445,#4448,#2463,.T.);
#5688=EDGE_CURVE('',#4449,#4447,#2464,.T.);
#5689=EDGE_CURVE('',#4448,#4449,#2465,.T.);
#5690=EDGE_CURVE('',#4448,#4450,#303,.T.);
#5691=EDGE_CURVE('',#4451,#4449,#304,.T.);
#5692=EDGE_CURVE('',#4450,#4451,#2466,.T.);
#5693=EDGE_CURVE('',#4450,#4452,#2467,.T.);
#5694=EDGE_CURVE('',#4453,#4451,#2468,.T.);
#5695=EDGE_CURVE('',#4453,#4454,#2469,.T.);
#5696=EDGE_CURVE('',#4455,#4454,#2470,.T.);
#5697=EDGE_CURVE('',#4455,#4452,#2471,.T.);
#5698=EDGE_CURVE('',#4433,#4456,#2472,.T.);
#5699=EDGE_CURVE('',#4456,#4457,#305,.F.);
#5700=EDGE_CURVE('',#4457,#4458,#2473,.T.);
#5701=EDGE_CURVE('',#4459,#4458,#306,.F.);
#5702=EDGE_CURVE('',#4459,#4460,#2474,.T.);
#5703=EDGE_CURVE('',#4460,#4461,#307,.T.);
#5704=EDGE_CURVE('',#4462,#4461,#2475,.T.);
#5705=EDGE_CURVE('',#4463,#4462,#308,.T.);
#5706=EDGE_CURVE('',#4444,#4463,#2476,.T.);
#5707=EDGE_CURVE('',#4433,#4444,#2477,.T.);
#5708=EDGE_CURVE('',#4464,#4465,#309,.T.);
#5709=EDGE_CURVE('',#4465,#4412,#2478,.T.);
#5710=EDGE_CURVE('',#4424,#4412,#2479,.T.);
#5711=EDGE_CURVE('',#4466,#4424,#2480,.T.);
#5712=EDGE_CURVE('',#4467,#4466,#310,.T.);
#5713=EDGE_CURVE('',#4468,#4467,#2481,.T.);
#5714=EDGE_CURVE('',#4468,#4469,#311,.T.);
#5715=EDGE_CURVE('',#4470,#4469,#2482,.T.);
#5716=EDGE_CURVE('',#4471,#4470,#312,.T.);
#5717=EDGE_CURVE('',#4471,#4464,#2483,.T.);
#5718=EDGE_CURVE('',#4472,#4473,#313,.F.);
#5719=EDGE_CURVE('',#4472,#4432,#2484,.T.);
#5720=EDGE_CURVE('',#4446,#4432,#2485,.T.);
#5721=EDGE_CURVE('',#4474,#4446,#2486,.T.);
#5722=EDGE_CURVE('',#4474,#4475,#314,.T.);
#5723=EDGE_CURVE('',#4475,#4476,#2487,.T.);
#5724=EDGE_CURVE('',#4477,#4476,#2488,.T.);
#5725=EDGE_CURVE('',#4473,#4477,#2489,.T.);
#5726=EDGE_CURVE('',#4467,#4462,#2490,.T.);
#5727=EDGE_CURVE('',#4461,#4468,#2491,.T.);
#5728=EDGE_CURVE('',#4470,#4478,#2492,.T.);
#5729=EDGE_CURVE('',#4469,#4479,#2493,.T.);
#5730=EDGE_CURVE('',#4478,#4479,#2494,.T.);
#5731=EDGE_CURVE('',#4480,#4481,#2495,.T.);
#5732=EDGE_CURVE('',#4480,#4482,#2496,.F.);
#5733=EDGE_CURVE('',#4482,#4483,#2497,.T.);
#5734=EDGE_CURVE('',#4483,#4484,#315,.T.);
#5735=EDGE_CURVE('',#4484,#4485,#316,.T.);
#5736=EDGE_CURVE('',#4485,#4486,#317,.T.);
#5737=EDGE_CURVE('',#4486,#4487,#318,.T.);
#5738=EDGE_CURVE('',#4487,#4488,#319,.T.);
#5739=EDGE_CURVE('',#4488,#4489,#320,.T.);
#5740=EDGE_CURVE('',#4489,#4490,#2498,.T.);
#5741=EDGE_CURVE('',#4490,#4491,#321,.T.);
#5742=EDGE_CURVE('',#4491,#4460,#2499,.T.);
#5743=EDGE_CURVE('',#4492,#4459,#2500,.T.);
#5744=EDGE_CURVE('',#4493,#4492,#322,.T.);
#5745=EDGE_CURVE('',#4494,#4493,#2501,.T.);
#5746=EDGE_CURVE('',#4495,#4494,#323,.F.);
#5747=EDGE_CURVE('',#4496,#4495,#324,.T.);
#5748=EDGE_CURVE('',#4497,#4496,#325,.F.);
#5749=EDGE_CURVE('',#4498,#4497,#326,.T.);
#5750=EDGE_CURVE('',#4499,#4498,#327,.F.);
#5751=EDGE_CURVE('',#4481,#4499,#328,.T.);
#5752=EDGE_CURVE('',#4500,#4501,#2502,.T.);
#5753=EDGE_CURVE('',#4501,#4502,#2503,.T.);
#5754=EDGE_CURVE('',#4503,#4502,#2504,.T.);
#5755=EDGE_CURVE('',#4503,#4500,#2505,.T.);
#5756=EDGE_CURVE('',#4504,#4505,#2506,.T.);
#5757=EDGE_CURVE('',#4504,#4506,#2507,.T.);
#5758=EDGE_CURVE('',#4506,#4507,#2508,.T.);
#5759=EDGE_CURVE('',#4507,#4508,#329,.T.);
#5760=EDGE_CURVE('',#4508,#4509,#330,.F.);
#5761=EDGE_CURVE('',#4509,#4510,#331,.T.);
#5762=EDGE_CURVE('',#4510,#4511,#332,.F.);
#5763=EDGE_CURVE('',#4511,#4512,#333,.T.);
#5764=EDGE_CURVE('',#4512,#4513,#334,.F.);
#5765=EDGE_CURVE('',#4513,#4514,#2509,.T.);
#5766=EDGE_CURVE('',#4514,#4515,#335,.T.);
#5767=EDGE_CURVE('',#4516,#4515,#2510,.T.);
#5768=EDGE_CURVE('',#4517,#4516,#2511,.T.);
#5769=EDGE_CURVE('',#4517,#4518,#2512,.T.);
#5770=EDGE_CURVE('',#4519,#4518,#336,.T.);
#5771=EDGE_CURVE('',#4520,#4519,#2513,.T.);
#5772=EDGE_CURVE('',#4521,#4520,#337,.T.);
#5773=EDGE_CURVE('',#4522,#4521,#338,.T.);
#5774=EDGE_CURVE('',#4523,#4522,#339,.T.);
#5775=EDGE_CURVE('',#4524,#4523,#340,.T.);
#5776=EDGE_CURVE('',#4525,#4524,#341,.T.);
#5777=EDGE_CURVE('',#4505,#4525,#342,.T.);
#5778=EDGE_CURVE('',#4493,#4514,#2514,.T.);
#5779=EDGE_CURVE('',#4513,#4494,#2515,.T.);
#5780=EDGE_CURVE('',#4526,#4527,#2516,.T.);
#5781=EDGE_CURVE('',#4527,#4528,#2517,.T.);
#5782=EDGE_CURVE('',#4529,#4528,#2518,.T.);
#5783=EDGE_CURVE('',#4529,#4526,#2519,.T.);
#5784=EDGE_CURVE('',#4482,#4527,#343,.T.);
#5785=EDGE_CURVE('',#4526,#4504,#344,.T.);
#5786=EDGE_CURVE('',#4505,#4483,#2520,.T.);
#5787=EDGE_CURVE('',#4525,#4484,#2521,.T.);
#5788=EDGE_CURVE('',#4524,#4485,#2522,.T.);
#5789=EDGE_CURVE('',#4523,#4486,#2523,.T.);
#5790=EDGE_CURVE('',#4522,#4487,#2524,.T.);
#5791=EDGE_CURVE('',#4521,#4488,#2525,.T.);
#5792=EDGE_CURVE('',#4520,#4489,#2526,.T.);
#5793=EDGE_CURVE('',#4490,#4519,#2527,.T.);
#5794=EDGE_CURVE('',#4528,#4480,#345,.F.);
#5795=EDGE_CURVE('',#4507,#4481,#2528,.T.);
#5796=EDGE_CURVE('',#4506,#4529,#346,.F.);
#5797=EDGE_CURVE('',#4508,#4499,#2529,.T.);
#5798=EDGE_CURVE('',#4509,#4498,#2530,.T.);
#5799=EDGE_CURVE('',#4510,#4497,#2531,.T.);
#5800=EDGE_CURVE('',#4511,#4496,#2532,.T.);
#5801=EDGE_CURVE('',#4512,#4495,#2533,.T.);
#5802=EDGE_CURVE('',#4470,#4459,#2534,.F.);
#5803=EDGE_CURVE('',#4478,#4503,#2535,.T.);
#5804=EDGE_CURVE('',#4530,#4502,#2536,.T.);
#5805=EDGE_CURVE('',#4531,#4530,#2537,.T.);
#5806=EDGE_CURVE('',#4516,#4531,#2538,.T.);
#5807=EDGE_CURVE('',#4515,#4492,#2539,.T.);
#5808=EDGE_CURVE('',#4517,#4532,#2540,.T.);
#5809=EDGE_CURVE('',#4532,#4533,#2541,.T.);
#5810=EDGE_CURVE('',#4533,#4501,#2542,.T.);
#5811=EDGE_CURVE('',#4479,#4500,#2543,.T.);
#5812=EDGE_CURVE('',#4469,#4460,#2544,.T.);
#5813=EDGE_CURVE('',#4518,#4491,#2545,.T.);
#5814=EDGE_CURVE('',#4533,#4530,#2546,.T.);
#5815=EDGE_CURVE('',#4532,#4531,#2547,.T.);
#5816=EDGE_CURVE('',#4464,#4457,#2548,.T.);
#5817=EDGE_CURVE('',#4458,#4471,#2549,.T.);
#5818=EDGE_CURVE('',#4463,#4466,#2550,.T.);
#5819=EDGE_CURVE('',#4429,#4474,#2551,.T.);
#5820=EDGE_CURVE('',#4456,#4465,#2552,.T.);
#5821=EDGE_CURVE('',#4430,#4472,#2553,.T.);
#5822=EDGE_CURVE('',#4477,#4426,#2554,.T.);
#5823=EDGE_CURVE('',#4476,#4427,#2555,.T.);
#5824=EDGE_CURVE('',#4475,#4428,#2556,.T.);
#5825=EDGE_CURVE('',#4473,#4431,#2557,.T.);
#5826=EDGE_CURVE('',#4534,#4535,#347,.F.);
#5827=EDGE_CURVE('',#4534,#4536,#2558,.F.);
#5828=EDGE_CURVE('',#4536,#4537,#348,.T.);
#5829=EDGE_CURVE('',#4537,#4538,#2559,.T.);
#5830=EDGE_CURVE('',#4538,#4539,#2560,.T.);
#5831=EDGE_CURVE('',#4535,#4539,#2561,.F.);
#5832=EDGE_CURVE('',#4540,#4541,#2562,.F.);
#5833=EDGE_CURVE('',#4540,#4542,#2563,.F.);
#5834=EDGE_CURVE('',#4542,#4543,#2564,.T.);
#5835=EDGE_CURVE('',#4543,#4541,#2565,.F.);
#5836=EDGE_CURVE('',#4544,#4545,#349,.T.);
#5837=EDGE_CURVE('',#4544,#4546,#2566,.F.);
#5838=EDGE_CURVE('',#4546,#4547,#350,.F.);
#5839=EDGE_CURVE('',#4547,#4548,#2567,.F.);
#5840=EDGE_CURVE('',#4548,#4549,#2568,.F.);
#5841=EDGE_CURVE('',#4545,#4549,#2569,.T.);
#5842=EDGE_CURVE('',#4441,#4550,#55,.F.);
#5843=EDGE_CURVE('',#4550,#4534,#67,.T.);
#5844=EDGE_CURVE('',#4535,#4547,#2570,.T.);
#5845=EDGE_CURVE('',#4546,#4551,#68,.T.);
#5846=EDGE_CURVE('',#4551,#4442,#56,.F.);
#5847=EDGE_CURVE('',#4539,#4540,#351,.T.);
#5848=EDGE_CURVE('',#4541,#4548,#352,.T.);
#5849=EDGE_CURVE('',#4536,#4552,#69,.T.);
#5850=EDGE_CURVE('',#4552,#4455,#57,.T.);
#5851=EDGE_CURVE('',#4454,#4553,#58,.T.);
#5852=EDGE_CURVE('',#4553,#4544,#70,.T.);
#5853=EDGE_CURVE('',#4537,#4545,#2571,.T.);
#5854=EDGE_CURVE('',#4542,#4538,#353,.F.);
#5855=EDGE_CURVE('',#4549,#4543,#354,.F.);
#5856=EDGE_CURVE('',#4443,#4453,#2572,.T.);
#5857=EDGE_CURVE('',#4452,#4440,#2573,.T.);
#5858=EDGE_CURVE('',#4552,#4550,#2574,.T.);
#5859=EDGE_CURVE('',#4551,#4553,#2575,.F.);
#5860=EDGE_CURVE('',#4554,#4555,#355,.T.);
#5861=EDGE_CURVE('',#4555,#4556,#2576,.F.);
#5862=EDGE_CURVE('',#4557,#4556,#356,.F.);
#5863=EDGE_CURVE('',#4558,#4557,#2577,.F.);
#5864=EDGE_CURVE('',#4558,#4559,#2578,.T.);
#5865=EDGE_CURVE('',#4559,#4554,#2579,.T.);
#5866=EDGE_CURVE('',#4560,#4561,#357,.F.);
#5867=EDGE_CURVE('',#4561,#4562,#2580,.F.);
#5868=EDGE_CURVE('',#4563,#4562,#358,.T.);
#5869=EDGE_CURVE('',#4564,#4563,#2581,.T.);
#5870=EDGE_CURVE('',#4564,#4565,#2582,.F.);
#5871=EDGE_CURVE('',#4565,#4560,#2583,.F.);
#5872=EDGE_CURVE('',#4566,#4567,#2584,.T.);
#5873=EDGE_CURVE('',#4566,#4568,#2585,.T.);
#5874=EDGE_CURVE('',#4568,#4569,#2586,.F.);
#5875=EDGE_CURVE('',#4569,#4567,#2587,.T.);
#5876=EDGE_CURVE('',#4568,#4558,#359,.T.);
#5877=EDGE_CURVE('',#4557,#4560,#2588,.F.);
#5878=EDGE_CURVE('',#4565,#4569,#360,.T.);
#5879=EDGE_CURVE('',#4556,#4570,#71,.T.);
#5880=EDGE_CURVE('',#4570,#4402,#59,.F.);
#5881=EDGE_CURVE('',#4403,#4571,#60,.F.);
#5882=EDGE_CURVE('',#4571,#4561,#72,.T.);
#5883=EDGE_CURVE('',#4559,#4566,#361,.F.);
#5884=EDGE_CURVE('',#4567,#4564,#362,.F.);
#5885=EDGE_CURVE('',#4554,#4563,#2589,.T.);
#5886=EDGE_CURVE('',#4416,#4572,#61,.T.);
#5887=EDGE_CURVE('',#4572,#4555,#73,.T.);
#5888=EDGE_CURVE('',#4562,#4573,#74,.T.);
#5889=EDGE_CURVE('',#4573,#4417,#62,.T.);
#5890=EDGE_CURVE('',#4418,#4407,#2590,.T.);
#5891=EDGE_CURVE('',#4404,#4414,#2591,.T.);
#5892=EDGE_CURVE('',#4570,#4572,#2592,.T.);
#5893=EDGE_CURVE('',#4573,#4571,#2593,.F.);
#5894=ORIENTED_EDGE('',*,*,#4574,.T.);
#5895=ORIENTED_EDGE('',*,*,#4575,.F.);
#5896=ORIENTED_EDGE('',*,*,#4576,.F.);
#5897=ORIENTED_EDGE('',*,*,#4577,.T.);
#5898=ORIENTED_EDGE('',*,*,#4578,.T.);
#5899=ORIENTED_EDGE('',*,*,#4579,.T.);
#5900=ORIENTED_EDGE('',*,*,#4580,.T.);
#5901=ORIENTED_EDGE('',*,*,#4581,.T.);
#5902=ORIENTED_EDGE('',*,*,#4582,.T.);
#5903=ORIENTED_EDGE('',*,*,#4583,.T.);
#5904=ORIENTED_EDGE('',*,*,#4584,.T.);
#5905=ORIENTED_EDGE('',*,*,#4585,.T.);
#5906=ORIENTED_EDGE('',*,*,#4586,.T.);
#5907=ORIENTED_EDGE('',*,*,#4587,.T.);
#5908=ORIENTED_EDGE('',*,*,#4588,.F.);
#5909=ORIENTED_EDGE('',*,*,#4589,.F.);
#5910=ORIENTED_EDGE('',*,*,#4590,.T.);
#5911=ORIENTED_EDGE('',*,*,#4591,.T.);
#5912=ORIENTED_EDGE('',*,*,#4592,.F.);
#5913=ORIENTED_EDGE('',*,*,#4593,.T.);
#5914=ORIENTED_EDGE('',*,*,#4582,.F.);
#5915=ORIENTED_EDGE('',*,*,#4594,.T.);
#5916=ORIENTED_EDGE('',*,*,#4595,.F.);
#5917=ORIENTED_EDGE('',*,*,#4596,.F.);
#5918=ORIENTED_EDGE('',*,*,#4597,.F.);
#5919=ORIENTED_EDGE('',*,*,#4598,.T.);
#5920=ORIENTED_EDGE('',*,*,#4599,.T.);
#5921=ORIENTED_EDGE('',*,*,#4600,.T.);
#5922=ORIENTED_EDGE('',*,*,#4601,.F.);
#5923=ORIENTED_EDGE('',*,*,#4602,.T.);
#5924=ORIENTED_EDGE('',*,*,#4603,.F.);
#5925=ORIENTED_EDGE('',*,*,#4604,.T.);
#5926=ORIENTED_EDGE('',*,*,#4605,.F.);
#5927=ORIENTED_EDGE('',*,*,#4606,.F.);
#5928=ORIENTED_EDGE('',*,*,#4607,.T.);
#5929=ORIENTED_EDGE('',*,*,#4608,.T.);
#5930=ORIENTED_EDGE('',*,*,#4609,.T.);
#5931=ORIENTED_EDGE('',*,*,#4610,.T.);
#5932=ORIENTED_EDGE('',*,*,#4611,.T.);
#5933=ORIENTED_EDGE('',*,*,#4612,.T.);
#5934=ORIENTED_EDGE('',*,*,#4613,.T.);
#5935=ORIENTED_EDGE('',*,*,#4614,.F.);
#5936=ORIENTED_EDGE('',*,*,#4615,.T.);
#5937=ORIENTED_EDGE('',*,*,#4616,.T.);
#5938=ORIENTED_EDGE('',*,*,#4617,.F.);
#5939=ORIENTED_EDGE('',*,*,#4618,.T.);
#5940=ORIENTED_EDGE('',*,*,#4619,.F.);
#5941=ORIENTED_EDGE('',*,*,#4620,.T.);
#5942=ORIENTED_EDGE('',*,*,#4621,.T.);
#5943=ORIENTED_EDGE('',*,*,#4622,.T.);
#5944=ORIENTED_EDGE('',*,*,#4623,.T.);
#5945=ORIENTED_EDGE('',*,*,#4624,.T.);
#5946=ORIENTED_EDGE('',*,*,#4600,.F.);
#5947=ORIENTED_EDGE('',*,*,#4625,.T.);
#5948=ORIENTED_EDGE('',*,*,#4626,.F.);
#5949=ORIENTED_EDGE('',*,*,#4627,.T.);
#5950=ORIENTED_EDGE('',*,*,#4628,.T.);
#5951=ORIENTED_EDGE('',*,*,#4629,.F.);
#5952=ORIENTED_EDGE('',*,*,#4630,.F.);
#5953=ORIENTED_EDGE('',*,*,#4626,.T.);
#5954=ORIENTED_EDGE('',*,*,#4631,.F.);
#5955=ORIENTED_EDGE('',*,*,#4632,.T.);
#5956=ORIENTED_EDGE('',*,*,#4633,.F.);
#5957=ORIENTED_EDGE('',*,*,#4634,.T.);
#5958=ORIENTED_EDGE('',*,*,#4635,.T.);
#5959=ORIENTED_EDGE('',*,*,#4632,.F.);
#5960=ORIENTED_EDGE('',*,*,#4636,.F.);
#5961=ORIENTED_EDGE('',*,*,#4613,.F.);
#5962=ORIENTED_EDGE('',*,*,#4637,.F.);
#5963=ORIENTED_EDGE('',*,*,#4638,.T.);
#5964=ORIENTED_EDGE('',*,*,#4639,.F.);
#5965=ORIENTED_EDGE('',*,*,#4640,.T.);
#5966=ORIENTED_EDGE('',*,*,#4641,.T.);
#5967=ORIENTED_EDGE('',*,*,#4629,.T.);
#5968=ORIENTED_EDGE('',*,*,#4642,.F.);
#5969=ORIENTED_EDGE('',*,*,#4643,.T.);
#5970=ORIENTED_EDGE('',*,*,#4644,.T.);
#5971=ORIENTED_EDGE('',*,*,#4645,.T.);
#5972=ORIENTED_EDGE('',*,*,#4646,.F.);
#5973=ORIENTED_EDGE('',*,*,#4647,.T.);
#5974=ORIENTED_EDGE('',*,*,#4578,.F.);
#5975=ORIENTED_EDGE('',*,*,#4648,.F.);
#5976=ORIENTED_EDGE('',*,*,#4649,.F.);
#5977=ORIENTED_EDGE('',*,*,#4650,.T.);
#5978=ORIENTED_EDGE('',*,*,#4651,.T.);
#5979=ORIENTED_EDGE('',*,*,#4652,.F.);
#5980=ORIENTED_EDGE('',*,*,#4653,.T.);
#5981=ORIENTED_EDGE('',*,*,#4654,.F.);
#5982=ORIENTED_EDGE('',*,*,#4655,.T.);
#5983=ORIENTED_EDGE('',*,*,#4656,.F.);
#5984=ORIENTED_EDGE('',*,*,#4657,.F.);
#5985=ORIENTED_EDGE('',*,*,#4658,.T.);
#5986=ORIENTED_EDGE('',*,*,#4659,.T.);
#5987=ORIENTED_EDGE('',*,*,#4660,.T.);
#5988=ORIENTED_EDGE('',*,*,#4661,.T.);
#5989=ORIENTED_EDGE('',*,*,#4662,.T.);
#5990=ORIENTED_EDGE('',*,*,#4663,.T.);
#5991=ORIENTED_EDGE('',*,*,#4664,.T.);
#5992=ORIENTED_EDGE('',*,*,#4665,.F.);
#5993=ORIENTED_EDGE('',*,*,#4666,.T.);
#5994=ORIENTED_EDGE('',*,*,#4667,.T.);
#5995=ORIENTED_EDGE('',*,*,#4668,.F.);
#5996=ORIENTED_EDGE('',*,*,#4669,.T.);
#5997=ORIENTED_EDGE('',*,*,#4670,.F.);
#5998=ORIENTED_EDGE('',*,*,#4671,.T.);
#5999=ORIENTED_EDGE('',*,*,#4672,.T.);
#6000=ORIENTED_EDGE('',*,*,#4673,.T.);
#6001=ORIENTED_EDGE('',*,*,#4674,.T.);
#6002=ORIENTED_EDGE('',*,*,#4675,.T.);
#6003=ORIENTED_EDGE('',*,*,#4651,.F.);
#6004=ORIENTED_EDGE('',*,*,#4676,.T.);
#6005=ORIENTED_EDGE('',*,*,#4677,.F.);
#6006=ORIENTED_EDGE('',*,*,#4678,.T.);
#6007=ORIENTED_EDGE('',*,*,#4679,.T.);
#6008=ORIENTED_EDGE('',*,*,#4680,.F.);
#6009=ORIENTED_EDGE('',*,*,#4681,.F.);
#6010=ORIENTED_EDGE('',*,*,#4677,.T.);
#6011=ORIENTED_EDGE('',*,*,#4682,.F.);
#6012=ORIENTED_EDGE('',*,*,#4683,.T.);
#6013=ORIENTED_EDGE('',*,*,#4684,.F.);
#6014=ORIENTED_EDGE('',*,*,#4685,.T.);
#6015=ORIENTED_EDGE('',*,*,#4686,.T.);
#6016=ORIENTED_EDGE('',*,*,#4683,.F.);
#6017=ORIENTED_EDGE('',*,*,#4687,.F.);
#6018=ORIENTED_EDGE('',*,*,#4664,.F.);
#6019=ORIENTED_EDGE('',*,*,#4688,.F.);
#6020=ORIENTED_EDGE('',*,*,#4689,.T.);
#6021=ORIENTED_EDGE('',*,*,#4690,.F.);
#6022=ORIENTED_EDGE('',*,*,#4691,.T.);
#6023=ORIENTED_EDGE('',*,*,#4633,.T.);
#6024=ORIENTED_EDGE('',*,*,#4692,.T.);
#6025=ORIENTED_EDGE('',*,*,#4680,.T.);
#6026=ORIENTED_EDGE('',*,*,#4693,.T.);
#6027=ORIENTED_EDGE('',*,*,#4694,.T.);
#6028=ORIENTED_EDGE('',*,*,#4695,.F.);
#6029=ORIENTED_EDGE('',*,*,#4696,.T.);
#6030=ORIENTED_EDGE('',*,*,#4697,.T.);
#6031=ORIENTED_EDGE('',*,*,#4698,.T.);
#6032=ORIENTED_EDGE('',*,*,#4699,.T.);
#6033=ORIENTED_EDGE('',*,*,#4700,.T.);
#6034=ORIENTED_EDGE('',*,*,#4701,.T.);
#6035=ORIENTED_EDGE('',*,*,#4702,.T.);
#6036=ORIENTED_EDGE('',*,*,#4703,.T.);
#6037=ORIENTED_EDGE('',*,*,#4704,.T.);
#6038=ORIENTED_EDGE('',*,*,#4705,.T.);
#6039=ORIENTED_EDGE('',*,*,#4706,.T.);
#6040=ORIENTED_EDGE('',*,*,#4707,.T.);
#6041=ORIENTED_EDGE('',*,*,#4708,.T.);
#6042=ORIENTED_EDGE('',*,*,#4709,.T.);
#6043=ORIENTED_EDGE('',*,*,#4710,.T.);
#6044=ORIENTED_EDGE('',*,*,#4711,.T.);
#6045=ORIENTED_EDGE('',*,*,#4712,.T.);
#6046=ORIENTED_EDGE('',*,*,#4713,.T.);
#6047=ORIENTED_EDGE('',*,*,#4714,.F.);
#6048=ORIENTED_EDGE('',*,*,#4715,.T.);
#6049=ORIENTED_EDGE('',*,*,#4716,.T.);
#6050=ORIENTED_EDGE('',*,*,#4717,.T.);
#6051=ORIENTED_EDGE('',*,*,#4718,.T.);
#6052=ORIENTED_EDGE('',*,*,#4719,.T.);
#6053=ORIENTED_EDGE('',*,*,#4720,.T.);
#6054=ORIENTED_EDGE('',*,*,#4721,.T.);
#6055=ORIENTED_EDGE('',*,*,#4722,.T.);
#6056=ORIENTED_EDGE('',*,*,#4723,.T.);
#6057=ORIENTED_EDGE('',*,*,#4724,.T.);
#6058=ORIENTED_EDGE('',*,*,#4725,.T.);
#6059=ORIENTED_EDGE('',*,*,#4726,.T.);
#6060=ORIENTED_EDGE('',*,*,#4727,.T.);
#6061=ORIENTED_EDGE('',*,*,#4639,.T.);
#6062=ORIENTED_EDGE('',*,*,#4728,.T.);
#6063=ORIENTED_EDGE('',*,*,#4729,.T.);
#6064=ORIENTED_EDGE('',*,*,#4690,.T.);
#6065=ORIENTED_EDGE('',*,*,#4730,.T.);
#6066=ORIENTED_EDGE('',*,*,#4731,.T.);
#6067=ORIENTED_EDGE('',*,*,#4732,.T.);
#6068=ORIENTED_EDGE('',*,*,#4733,.T.);
#6069=ORIENTED_EDGE('',*,*,#4734,.F.);
#6070=ORIENTED_EDGE('',*,*,#4735,.T.);
#6071=ORIENTED_EDGE('',*,*,#4736,.T.);
#6072=ORIENTED_EDGE('',*,*,#4737,.T.);
#6073=ORIENTED_EDGE('',*,*,#4738,.F.);
#6074=ORIENTED_EDGE('',*,*,#4739,.F.);
#6075=ORIENTED_EDGE('',*,*,#4740,.T.);
#6076=ORIENTED_EDGE('',*,*,#4741,.T.);
#6077=ORIENTED_EDGE('',*,*,#4742,.T.);
#6078=ORIENTED_EDGE('',*,*,#4743,.T.);
#6079=ORIENTED_EDGE('',*,*,#4744,.T.);
#6080=ORIENTED_EDGE('',*,*,#4745,.T.);
#6081=ORIENTED_EDGE('',*,*,#4746,.T.);
#6082=ORIENTED_EDGE('',*,*,#4747,.T.);
#6083=ORIENTED_EDGE('',*,*,#4748,.T.);
#6084=ORIENTED_EDGE('',*,*,#4749,.T.);
#6085=ORIENTED_EDGE('',*,*,#4750,.T.);
#6086=ORIENTED_EDGE('',*,*,#4751,.T.);
#6087=ORIENTED_EDGE('',*,*,#4599,.F.);
#6088=ORIENTED_EDGE('',*,*,#4752,.T.);
#6089=ORIENTED_EDGE('',*,*,#4753,.T.);
#6090=ORIENTED_EDGE('',*,*,#4754,.F.);
#6091=ORIENTED_EDGE('',*,*,#4755,.F.);
#6092=ORIENTED_EDGE('',*,*,#4756,.T.);
#6093=ORIENTED_EDGE('',*,*,#4665,.T.);
#6094=ORIENTED_EDGE('',*,*,#4687,.T.);
#6095=ORIENTED_EDGE('',*,*,#4682,.T.);
#6096=ORIENTED_EDGE('',*,*,#4676,.F.);
#6097=ORIENTED_EDGE('',*,*,#4650,.F.);
#6098=ORIENTED_EDGE('',*,*,#4757,.T.);
#6099=ORIENTED_EDGE('',*,*,#4614,.T.);
#6100=ORIENTED_EDGE('',*,*,#4636,.T.);
#6101=ORIENTED_EDGE('',*,*,#4631,.T.);
#6102=ORIENTED_EDGE('',*,*,#4625,.F.);
#6103=ORIENTED_EDGE('',*,*,#4758,.T.);
#6104=ORIENTED_EDGE('',*,*,#4759,.T.);
#6105=ORIENTED_EDGE('',*,*,#4760,.T.);
#6106=ORIENTED_EDGE('',*,*,#4761,.T.);
#6107=ORIENTED_EDGE('',*,*,#4762,.T.);
#6108=ORIENTED_EDGE('',*,*,#4763,.T.);
#6109=ORIENTED_EDGE('',*,*,#4764,.T.);
#6110=ORIENTED_EDGE('',*,*,#4765,.T.);
#6111=ORIENTED_EDGE('',*,*,#4766,.T.);
#6112=ORIENTED_EDGE('',*,*,#4767,.T.);
#6113=ORIENTED_EDGE('',*,*,#4768,.T.);
#6114=ORIENTED_EDGE('',*,*,#4769,.T.);
#6115=ORIENTED_EDGE('',*,*,#4641,.F.);
#6116=ORIENTED_EDGE('',*,*,#4770,.F.);
#6117=ORIENTED_EDGE('',*,*,#4771,.T.);
#6118=ORIENTED_EDGE('',*,*,#4772,.F.);
#6119=ORIENTED_EDGE('',*,*,#4773,.F.);
#6120=ORIENTED_EDGE('',*,*,#4774,.T.);
#6121=ORIENTED_EDGE('',*,*,#4775,.T.);
#6122=ORIENTED_EDGE('',*,*,#4601,.T.);
#6123=ORIENTED_EDGE('',*,*,#4776,.T.);
#6124=ORIENTED_EDGE('',*,*,#4777,.F.);
#6125=ORIENTED_EDGE('',*,*,#4778,.T.);
#6126=ORIENTED_EDGE('',*,*,#4779,.T.);
#6127=ORIENTED_EDGE('',*,*,#4780,.T.);
#6128=ORIENTED_EDGE('',*,*,#4781,.T.);
#6129=ORIENTED_EDGE('',*,*,#4645,.F.);
#6130=ORIENTED_EDGE('',*,*,#4782,.F.);
#6131=ORIENTED_EDGE('',*,*,#4783,.F.);
#6132=ORIENTED_EDGE('',*,*,#4784,.F.);
#6133=ORIENTED_EDGE('',*,*,#4785,.F.);
#6134=ORIENTED_EDGE('',*,*,#4786,.F.);
#6135=ORIENTED_EDGE('',*,*,#4787,.F.);
#6136=ORIENTED_EDGE('',*,*,#4788,.F.);
#6137=ORIENTED_EDGE('',*,*,#4789,.F.);
#6138=ORIENTED_EDGE('',*,*,#4790,.F.);
#6139=ORIENTED_EDGE('',*,*,#4791,.F.);
#6140=ORIENTED_EDGE('',*,*,#4792,.F.);
#6141=ORIENTED_EDGE('',*,*,#4793,.F.);
#6142=ORIENTED_EDGE('',*,*,#4794,.F.);
#6143=ORIENTED_EDGE('',*,*,#4795,.T.);
#6144=ORIENTED_EDGE('',*,*,#4796,.T.);
#6145=ORIENTED_EDGE('',*,*,#4797,.T.);
#6146=ORIENTED_EDGE('',*,*,#4798,.T.);
#6147=ORIENTED_EDGE('',*,*,#4799,.T.);
#6148=ORIENTED_EDGE('',*,*,#4800,.F.);
#6149=ORIENTED_EDGE('',*,*,#4801,.F.);
#6150=ORIENTED_EDGE('',*,*,#4802,.F.);
#6151=ORIENTED_EDGE('',*,*,#4803,.F.);
#6152=ORIENTED_EDGE('',*,*,#4804,.F.);
#6153=ORIENTED_EDGE('',*,*,#4805,.F.);
#6154=ORIENTED_EDGE('',*,*,#4806,.F.);
#6155=ORIENTED_EDGE('',*,*,#4807,.F.);
#6156=ORIENTED_EDGE('',*,*,#4808,.F.);
#6157=ORIENTED_EDGE('',*,*,#4809,.F.);
#6158=ORIENTED_EDGE('',*,*,#4810,.T.);
#6159=ORIENTED_EDGE('',*,*,#4811,.T.);
#6160=ORIENTED_EDGE('',*,*,#4812,.T.);
#6161=ORIENTED_EDGE('',*,*,#4813,.T.);
#6162=ORIENTED_EDGE('',*,*,#4814,.T.);
#6163=ORIENTED_EDGE('',*,*,#4815,.T.);
#6164=ORIENTED_EDGE('',*,*,#4816,.T.);
#6165=ORIENTED_EDGE('',*,*,#4817,.T.);
#6166=ORIENTED_EDGE('',*,*,#4818,.T.);
#6167=ORIENTED_EDGE('',*,*,#4819,.T.);
#6168=ORIENTED_EDGE('',*,*,#4820,.F.);
#6169=ORIENTED_EDGE('',*,*,#4821,.T.);
#6170=ORIENTED_EDGE('',*,*,#4597,.T.);
#6171=ORIENTED_EDGE('',*,*,#4822,.T.);
#6172=ORIENTED_EDGE('',*,*,#4786,.T.);
#6173=ORIENTED_EDGE('',*,*,#4823,.F.);
#6174=ORIENTED_EDGE('',*,*,#4604,.F.);
#6175=ORIENTED_EDGE('',*,*,#4824,.F.);
#6176=ORIENTED_EDGE('',*,*,#4825,.F.);
#6177=ORIENTED_EDGE('',*,*,#4826,.T.);
#6178=ORIENTED_EDGE('',*,*,#4827,.T.);
#6179=ORIENTED_EDGE('',*,*,#4828,.T.);
#6180=ORIENTED_EDGE('',*,*,#4829,.F.);
#6181=ORIENTED_EDGE('',*,*,#4830,.F.);
#6182=ORIENTED_EDGE('',*,*,#4831,.F.);
#6183=ORIENTED_EDGE('',*,*,#4832,.F.);
#6184=ORIENTED_EDGE('',*,*,#4833,.F.);
#6185=ORIENTED_EDGE('',*,*,#4834,.F.);
#6186=ORIENTED_EDGE('',*,*,#4608,.F.);
#6187=ORIENTED_EDGE('',*,*,#4835,.F.);
#6188=ORIENTED_EDGE('',*,*,#4836,.F.);
#6189=ORIENTED_EDGE('',*,*,#4837,.T.);
#6190=ORIENTED_EDGE('',*,*,#4838,.F.);
#6191=ORIENTED_EDGE('',*,*,#4839,.T.);
#6192=ORIENTED_EDGE('',*,*,#4840,.T.);
#6193=ORIENTED_EDGE('',*,*,#4841,.T.);
#6194=ORIENTED_EDGE('',*,*,#4842,.F.);
#6195=ORIENTED_EDGE('',*,*,#4843,.T.);
#6196=ORIENTED_EDGE('',*,*,#4844,.F.);
#6197=ORIENTED_EDGE('',*,*,#4845,.F.);
#6198=ORIENTED_EDGE('',*,*,#4846,.T.);
#6199=ORIENTED_EDGE('',*,*,#4847,.T.);
#6200=ORIENTED_EDGE('',*,*,#4610,.F.);
#6201=ORIENTED_EDGE('',*,*,#4848,.T.);
#6202=ORIENTED_EDGE('',*,*,#4849,.T.);
#6203=ORIENTED_EDGE('',*,*,#4850,.F.);
#6204=ORIENTED_EDGE('',*,*,#4771,.F.);
#6205=ORIENTED_EDGE('',*,*,#4851,.F.);
#6206=ORIENTED_EDGE('',*,*,#4852,.T.);
#6207=ORIENTED_EDGE('',*,*,#4602,.F.);
#6208=ORIENTED_EDGE('',*,*,#4775,.F.);
#6209=ORIENTED_EDGE('',*,*,#4853,.F.);
#6210=ORIENTED_EDGE('',*,*,#4854,.T.);
#6211=ORIENTED_EDGE('',*,*,#4855,.T.);
#6212=ORIENTED_EDGE('',*,*,#4856,.T.);
#6213=ORIENTED_EDGE('',*,*,#4773,.T.);
#6214=ORIENTED_EDGE('',*,*,#4857,.T.);
#6215=ORIENTED_EDGE('',*,*,#4738,.T.);
#6216=ORIENTED_EDGE('',*,*,#4858,.T.);
#6217=ORIENTED_EDGE('',*,*,#4859,.F.);
#6218=ORIENTED_EDGE('',*,*,#4692,.F.);
#6219=ORIENTED_EDGE('',*,*,#4612,.F.);
#6220=ORIENTED_EDGE('',*,*,#4860,.T.);
#6221=ORIENTED_EDGE('',*,*,#4861,.F.);
#6222=ORIENTED_EDGE('',*,*,#4862,.F.);
#6223=ORIENTED_EDGE('',*,*,#4863,.T.);
#6224=ORIENTED_EDGE('',*,*,#4864,.T.);
#6225=ORIENTED_EDGE('',*,*,#4652,.T.);
#6226=ORIENTED_EDGE('',*,*,#4865,.T.);
#6227=ORIENTED_EDGE('',*,*,#4866,.F.);
#6228=ORIENTED_EDGE('',*,*,#4867,.T.);
#6229=ORIENTED_EDGE('',*,*,#4868,.F.);
#6230=ORIENTED_EDGE('',*,*,#4595,.T.);
#6231=ORIENTED_EDGE('',*,*,#4869,.T.);
#6232=ORIENTED_EDGE('',*,*,#4870,.T.);
#6233=ORIENTED_EDGE('',*,*,#4790,.T.);
#6234=ORIENTED_EDGE('',*,*,#4871,.F.);
#6235=ORIENTED_EDGE('',*,*,#4655,.F.);
#6236=ORIENTED_EDGE('',*,*,#4872,.F.);
#6237=ORIENTED_EDGE('',*,*,#4622,.F.);
#6238=ORIENTED_EDGE('',*,*,#4873,.T.);
#6239=ORIENTED_EDGE('',*,*,#4874,.T.);
#6240=ORIENTED_EDGE('',*,*,#4875,.T.);
#6241=ORIENTED_EDGE('',*,*,#4618,.F.);
#6242=ORIENTED_EDGE('',*,*,#4876,.F.);
#6243=ORIENTED_EDGE('',*,*,#4877,.F.);
#6244=ORIENTED_EDGE('',*,*,#4878,.F.);
#6245=ORIENTED_EDGE('',*,*,#4879,.F.);
#6246=ORIENTED_EDGE('',*,*,#4880,.F.);
#6247=ORIENTED_EDGE('',*,*,#4659,.F.);
#6248=ORIENTED_EDGE('',*,*,#4881,.F.);
#6249=ORIENTED_EDGE('',*,*,#4882,.F.);
#6250=ORIENTED_EDGE('',*,*,#4883,.T.);
#6251=ORIENTED_EDGE('',*,*,#4616,.F.);
#6252=ORIENTED_EDGE('',*,*,#4884,.T.);
#6253=ORIENTED_EDGE('',*,*,#4885,.T.);
#6254=ORIENTED_EDGE('',*,*,#4886,.T.);
#6255=ORIENTED_EDGE('',*,*,#4887,.F.);
#6256=ORIENTED_EDGE('',*,*,#4888,.T.);
#6257=ORIENTED_EDGE('',*,*,#4889,.F.);
#6258=ORIENTED_EDGE('',*,*,#4890,.F.);
#6259=ORIENTED_EDGE('',*,*,#4891,.T.);
#6260=ORIENTED_EDGE('',*,*,#4892,.T.);
#6261=ORIENTED_EDGE('',*,*,#4661,.F.);
#6262=ORIENTED_EDGE('',*,*,#4893,.T.);
#6263=ORIENTED_EDGE('',*,*,#4894,.T.);
#6264=ORIENTED_EDGE('',*,*,#4895,.F.);
#6265=ORIENTED_EDGE('',*,*,#4860,.F.);
#6266=ORIENTED_EDGE('',*,*,#4624,.F.);
#6267=ORIENTED_EDGE('',*,*,#4896,.T.);
#6268=ORIENTED_EDGE('',*,*,#4653,.F.);
#6269=ORIENTED_EDGE('',*,*,#4864,.F.);
#6270=ORIENTED_EDGE('',*,*,#4897,.F.);
#6271=ORIENTED_EDGE('',*,*,#4898,.T.);
#6272=ORIENTED_EDGE('',*,*,#4899,.T.);
#6273=ORIENTED_EDGE('',*,*,#4900,.T.);
#6274=ORIENTED_EDGE('',*,*,#4862,.T.);
#6275=ORIENTED_EDGE('',*,*,#4901,.F.);
#6276=ORIENTED_EDGE('',*,*,#4663,.F.);
#6277=ORIENTED_EDGE('',*,*,#4902,.T.);
#6278=ORIENTED_EDGE('',*,*,#4903,.F.);
#6279=ORIENTED_EDGE('',*,*,#4904,.F.);
#6280=ORIENTED_EDGE('',*,*,#4905,.T.);
#6281=ORIENTED_EDGE('',*,*,#4906,.T.);
#6282=ORIENTED_EDGE('',*,*,#4907,.T.);
#6283=ORIENTED_EDGE('',*,*,#4908,.T.);
#6284=ORIENTED_EDGE('',*,*,#4909,.F.);
#6285=ORIENTED_EDGE('',*,*,#4910,.T.);
#6286=ORIENTED_EDGE('',*,*,#4911,.T.);
#6287=ORIENTED_EDGE('',*,*,#4795,.F.);
#6288=ORIENTED_EDGE('',*,*,#4912,.F.);
#6289=ORIENTED_EDGE('',*,*,#4648,.T.);
#6290=ORIENTED_EDGE('',*,*,#4577,.F.);
#6291=ORIENTED_EDGE('',*,*,#4913,.F.);
#6292=ORIENTED_EDGE('',*,*,#4914,.F.);
#6293=ORIENTED_EDGE('',*,*,#4696,.F.);
#6294=ORIENTED_EDGE('',*,*,#4915,.F.);
#6295=ORIENTED_EDGE('',*,*,#4735,.F.);
#6296=ORIENTED_EDGE('',*,*,#4916,.F.);
#6297=ORIENTED_EDGE('',*,*,#4917,.F.);
#6298=ORIENTED_EDGE('',*,*,#4715,.F.);
#6299=ORIENTED_EDGE('',*,*,#4918,.F.);
#6300=ORIENTED_EDGE('',*,*,#4819,.F.);
#6301=ORIENTED_EDGE('',*,*,#4919,.T.);
#6302=ORIENTED_EDGE('',*,*,#4920,.F.);
#6303=ORIENTED_EDGE('',*,*,#4649,.T.);
#6304=ORIENTED_EDGE('',*,*,#4912,.T.);
#6305=ORIENTED_EDGE('',*,*,#4794,.T.);
#6306=ORIENTED_EDGE('',*,*,#4921,.F.);
#6307=ORIENTED_EDGE('',*,*,#4922,.F.);
#6308=ORIENTED_EDGE('',*,*,#4923,.F.);
#6309=ORIENTED_EDGE('',*,*,#4673,.F.);
#6310=ORIENTED_EDGE('',*,*,#4924,.T.);
#6311=ORIENTED_EDGE('',*,*,#4925,.T.);
#6312=ORIENTED_EDGE('',*,*,#4926,.T.);
#6313=ORIENTED_EDGE('',*,*,#4669,.F.);
#6314=ORIENTED_EDGE('',*,*,#4927,.F.);
#6315=ORIENTED_EDGE('',*,*,#4928,.F.);
#6316=ORIENTED_EDGE('',*,*,#4929,.F.);
#6317=ORIENTED_EDGE('',*,*,#4930,.F.);
#6318=ORIENTED_EDGE('',*,*,#4931,.F.);
#6319=ORIENTED_EDGE('',*,*,#4932,.F.);
#6320=ORIENTED_EDGE('',*,*,#4933,.F.);
#6321=ORIENTED_EDGE('',*,*,#4934,.F.);
#6322=ORIENTED_EDGE('',*,*,#4935,.T.);
#6323=ORIENTED_EDGE('',*,*,#4936,.F.);
#6324=ORIENTED_EDGE('',*,*,#4733,.F.);
#6325=ORIENTED_EDGE('',*,*,#4937,.T.);
#6326=ORIENTED_EDGE('',*,*,#4907,.F.);
#6327=ORIENTED_EDGE('',*,*,#4938,.T.);
#6328=ORIENTED_EDGE('',*,*,#4939,.F.);
#6329=ORIENTED_EDGE('',*,*,#4922,.T.);
#6330=ORIENTED_EDGE('',*,*,#4940,.F.);
#6331=ORIENTED_EDGE('',*,*,#4941,.F.);
#6332=ORIENTED_EDGE('',*,*,#4942,.T.);
#6333=ORIENTED_EDGE('',*,*,#4932,.T.);
#6334=ORIENTED_EDGE('',*,*,#4943,.T.);
#6335=ORIENTED_EDGE('',*,*,#4944,.T.);
#6336=ORIENTED_EDGE('',*,*,#4945,.T.);
#6337=ORIENTED_EDGE('',*,*,#4755,.T.);
#6338=ORIENTED_EDGE('',*,*,#4946,.F.);
#6339=ORIENTED_EDGE('',*,*,#4667,.F.);
#6340=ORIENTED_EDGE('',*,*,#4947,.T.);
#6341=ORIENTED_EDGE('',*,*,#4948,.T.);
#6342=ORIENTED_EDGE('',*,*,#4949,.T.);
#6343=ORIENTED_EDGE('',*,*,#4950,.F.);
#6344=ORIENTED_EDGE('',*,*,#4951,.T.);
#6345=ORIENTED_EDGE('',*,*,#4952,.F.);
#6346=ORIENTED_EDGE('',*,*,#4953,.F.);
#6347=ORIENTED_EDGE('',*,*,#4954,.T.);
#6348=ORIENTED_EDGE('',*,*,#4955,.T.);
#6349=ORIENTED_EDGE('',*,*,#4944,.F.);
#6350=ORIENTED_EDGE('',*,*,#4956,.T.);
#6351=ORIENTED_EDGE('',*,*,#4957,.T.);
#6352=ORIENTED_EDGE('',*,*,#4958,.F.);
#6353=ORIENTED_EDGE('',*,*,#4902,.F.);
#6354=ORIENTED_EDGE('',*,*,#4675,.F.);
#6355=ORIENTED_EDGE('',*,*,#4959,.T.);
#6356=ORIENTED_EDGE('',*,*,#4938,.F.);
#6357=ORIENTED_EDGE('',*,*,#4906,.F.);
#6358=ORIENTED_EDGE('',*,*,#4960,.F.);
#6359=ORIENTED_EDGE('',*,*,#4961,.T.);
#6360=ORIENTED_EDGE('',*,*,#4962,.T.);
#6361=ORIENTED_EDGE('',*,*,#4963,.T.);
#6362=ORIENTED_EDGE('',*,*,#4904,.T.);
#6363=ORIENTED_EDGE('',*,*,#4734,.T.);
#6364=ORIENTED_EDGE('',*,*,#4936,.T.);
#6365=ORIENTED_EDGE('',*,*,#4964,.F.);
#6366=ORIENTED_EDGE('',*,*,#4916,.T.);
#6367=ORIENTED_EDGE('',*,*,#4754,.T.);
#6368=ORIENTED_EDGE('',*,*,#4965,.T.);
#6369=ORIENTED_EDGE('',*,*,#4859,.T.);
#6370=ORIENTED_EDGE('',*,*,#4966,.T.);
#6371=ORIENTED_EDGE('',*,*,#4712,.F.);
#6372=ORIENTED_EDGE('',*,*,#4917,.T.);
#6373=ORIENTED_EDGE('',*,*,#4964,.T.);
#6374=ORIENTED_EDGE('',*,*,#4946,.T.);
#6375=ORIENTED_EDGE('',*,*,#4695,.T.);
#6376=ORIENTED_EDGE('',*,*,#4967,.T.);
#6377=ORIENTED_EDGE('',*,*,#4736,.F.);
#6378=ORIENTED_EDGE('',*,*,#4915,.T.);
#6379=ORIENTED_EDGE('',*,*,#4968,.F.);
#6380=ORIENTED_EDGE('',*,*,#4969,.T.);
#6381=ORIENTED_EDGE('',*,*,#4970,.T.);
#6382=ORIENTED_EDGE('',*,*,#4971,.T.);
#6383=ORIENTED_EDGE('',*,*,#4693,.F.);
#6384=ORIENTED_EDGE('',*,*,#4914,.T.);
#6385=ORIENTED_EDGE('',*,*,#4972,.T.);
#6386=ORIENTED_EDGE('',*,*,#4973,.F.);
#6387=ORIENTED_EDGE('',*,*,#4588,.T.);
#6388=ORIENTED_EDGE('',*,*,#4974,.T.);
#6389=ORIENTED_EDGE('',*,*,#4970,.F.);
#6390=ORIENTED_EDGE('',*,*,#4975,.F.);
#6391=ORIENTED_EDGE('',*,*,#4972,.F.);
#6392=ORIENTED_EDGE('',*,*,#4913,.T.);
#6393=ORIENTED_EDGE('',*,*,#4576,.T.);
#6394=ORIENTED_EDGE('',*,*,#4976,.F.);
#6395=ORIENTED_EDGE('',*,*,#4592,.T.);
#6396=ORIENTED_EDGE('',*,*,#4977,.T.);
#6397=ORIENTED_EDGE('',*,*,#4978,.T.);
#6398=ORIENTED_EDGE('',*,*,#4782,.T.);
#6399=ORIENTED_EDGE('',*,*,#4644,.F.);
#6400=ORIENTED_EDGE('',*,*,#4979,.T.);
#6401=ORIENTED_EDGE('',*,*,#4714,.T.);
#6402=ORIENTED_EDGE('',*,*,#4980,.T.);
#6403=ORIENTED_EDGE('',*,*,#4813,.F.);
#6404=ORIENTED_EDGE('',*,*,#4918,.T.);
#6405=ORIENTED_EDGE('',*,*,#4640,.F.);
#6406=ORIENTED_EDGE('',*,*,#4739,.T.);
#6407=ORIENTED_EDGE('',*,*,#4857,.F.);
#6408=ORIENTED_EDGE('',*,*,#4965,.F.);
#6409=ORIENTED_EDGE('',*,*,#4753,.F.);
#6410=ORIENTED_EDGE('',*,*,#4981,.T.);
#6411=ORIENTED_EDGE('',*,*,#4838,.T.);
#6412=ORIENTED_EDGE('',*,*,#4982,.F.);
#6413=ORIENTED_EDGE('',*,*,#4829,.T.);
#6414=ORIENTED_EDGE('',*,*,#4983,.F.);
#6415=ORIENTED_EDGE('',*,*,#4984,.T.);
#6416=ORIENTED_EDGE('',*,*,#4985,.T.);
#6417=ORIENTED_EDGE('',*,*,#4825,.T.);
#6418=ORIENTED_EDGE('',*,*,#4986,.T.);
#6419=ORIENTED_EDGE('',*,*,#4851,.T.);
#6420=ORIENTED_EDGE('',*,*,#4770,.T.);
#6421=ORIENTED_EDGE('',*,*,#4987,.F.);
#6422=ORIENTED_EDGE('',*,*,#4950,.T.);
#6423=ORIENTED_EDGE('',*,*,#4988,.T.);
#6424=ORIENTED_EDGE('',*,*,#4961,.F.);
#6425=ORIENTED_EDGE('',*,*,#4903,.T.);
#6426=ORIENTED_EDGE('',*,*,#4958,.T.);
#6427=ORIENTED_EDGE('',*,*,#4960,.T.);
#6428=ORIENTED_EDGE('',*,*,#4905,.F.);
#6429=ORIENTED_EDGE('',*,*,#4963,.F.);
#6430=ORIENTED_EDGE('',*,*,#4989,.F.);
#6431=ORIENTED_EDGE('',*,*,#4952,.T.);
#6432=ORIENTED_EDGE('',*,*,#4990,.T.);
#6433=ORIENTED_EDGE('',*,*,#4957,.F.);
#6434=ORIENTED_EDGE('',*,*,#4674,.F.);
#6435=ORIENTED_EDGE('',*,*,#4923,.T.);
#6436=ORIENTED_EDGE('',*,*,#4939,.T.);
#6437=ORIENTED_EDGE('',*,*,#4959,.F.);
#6438=ORIENTED_EDGE('',*,*,#4990,.F.);
#6439=ORIENTED_EDGE('',*,*,#4951,.F.);
#6440=ORIENTED_EDGE('',*,*,#4987,.T.);
#6441=ORIENTED_EDGE('',*,*,#4988,.F.);
#6442=ORIENTED_EDGE('',*,*,#4953,.T.);
#6443=ORIENTED_EDGE('',*,*,#4989,.T.);
#6444=ORIENTED_EDGE('',*,*,#4962,.F.);
#6445=ORIENTED_EDGE('',*,*,#4956,.F.);
#6446=ORIENTED_EDGE('',*,*,#4943,.F.);
#6447=ORIENTED_EDGE('',*,*,#4931,.T.);
#6448=ORIENTED_EDGE('',*,*,#4991,.T.);
#6449=ORIENTED_EDGE('',*,*,#4954,.F.);
#6450=ORIENTED_EDGE('',*,*,#4991,.F.);
#6451=ORIENTED_EDGE('',*,*,#4930,.T.);
#6452=ORIENTED_EDGE('',*,*,#4992,.T.);
#6453=ORIENTED_EDGE('',*,*,#4993,.F.);
#6454=ORIENTED_EDGE('',*,*,#4992,.F.);
#6455=ORIENTED_EDGE('',*,*,#4929,.T.);
#6456=ORIENTED_EDGE('',*,*,#4994,.T.);
#6457=ORIENTED_EDGE('',*,*,#4948,.F.);
#6458=ORIENTED_EDGE('',*,*,#4994,.F.);
#6459=ORIENTED_EDGE('',*,*,#4928,.T.);
#6460=ORIENTED_EDGE('',*,*,#4995,.T.);
#6461=ORIENTED_EDGE('',*,*,#4949,.F.);
#6462=ORIENTED_EDGE('',*,*,#4995,.F.);
#6463=ORIENTED_EDGE('',*,*,#4927,.T.);
#6464=ORIENTED_EDGE('',*,*,#4668,.T.);
#6465=ORIENTED_EDGE('',*,*,#4993,.T.);
#6466=ORIENTED_EDGE('',*,*,#4947,.F.);
#6467=ORIENTED_EDGE('',*,*,#4666,.F.);
#6468=ORIENTED_EDGE('',*,*,#4756,.F.);
#6469=ORIENTED_EDGE('',*,*,#4945,.F.);
#6470=ORIENTED_EDGE('',*,*,#4955,.F.);
#6471=ORIENTED_EDGE('',*,*,#4996,.F.);
#6472=ORIENTED_EDGE('',*,*,#4997,.F.);
#6473=ORIENTED_EDGE('',*,*,#4998,.T.);
#6474=ORIENTED_EDGE('',*,*,#4935,.F.);
#6475=ORIENTED_EDGE('',*,*,#4998,.F.);
#6476=ORIENTED_EDGE('',*,*,#4672,.F.);
#6477=ORIENTED_EDGE('',*,*,#4999,.T.);
#6478=ORIENTED_EDGE('',*,*,#5000,.T.);
#6479=ORIENTED_EDGE('',*,*,#4924,.F.);
#6480=ORIENTED_EDGE('',*,*,#5000,.F.);
#6481=ORIENTED_EDGE('',*,*,#5001,.T.);
#6482=ORIENTED_EDGE('',*,*,#5002,.T.);
#6483=ORIENTED_EDGE('',*,*,#4925,.F.);
#6484=ORIENTED_EDGE('',*,*,#5002,.F.);
#6485=ORIENTED_EDGE('',*,*,#5003,.T.);
#6486=ORIENTED_EDGE('',*,*,#4670,.T.);
#6487=ORIENTED_EDGE('',*,*,#4926,.F.);
#6488=ORIENTED_EDGE('',*,*,#5004,.F.);
#6489=ORIENTED_EDGE('',*,*,#5005,.T.);
#6490=ORIENTED_EDGE('',*,*,#4940,.T.);
#6491=ORIENTED_EDGE('',*,*,#4921,.T.);
#6492=ORIENTED_EDGE('',*,*,#5006,.F.);
#6493=ORIENTED_EDGE('',*,*,#5007,.T.);
#6494=ORIENTED_EDGE('',*,*,#5004,.T.);
#6495=ORIENTED_EDGE('',*,*,#4934,.T.);
#6496=ORIENTED_EDGE('',*,*,#4942,.F.);
#6497=ORIENTED_EDGE('',*,*,#5008,.T.);
#6498=ORIENTED_EDGE('',*,*,#5006,.T.);
#6499=ORIENTED_EDGE('',*,*,#4933,.T.);
#6500=ORIENTED_EDGE('',*,*,#4999,.F.);
#6501=ORIENTED_EDGE('',*,*,#4671,.F.);
#6502=ORIENTED_EDGE('',*,*,#5003,.F.);
#6503=ORIENTED_EDGE('',*,*,#5001,.F.);
#6504=ORIENTED_EDGE('',*,*,#5005,.F.);
#6505=ORIENTED_EDGE('',*,*,#5007,.F.);
#6506=ORIENTED_EDGE('',*,*,#5008,.F.);
#6507=ORIENTED_EDGE('',*,*,#4941,.T.);
#6508=ORIENTED_EDGE('',*,*,#5009,.T.);
#6509=ORIENTED_EDGE('',*,*,#5010,.T.);
#6510=ORIENTED_EDGE('',*,*,#4810,.F.);
#6511=ORIENTED_EDGE('',*,*,#5010,.F.);
#6512=ORIENTED_EDGE('',*,*,#4996,.T.);
#6513=ORIENTED_EDGE('',*,*,#4997,.T.);
#6514=ORIENTED_EDGE('',*,*,#5011,.T.);
#6515=ORIENTED_EDGE('',*,*,#5009,.F.);
#6516=ORIENTED_EDGE('',*,*,#5011,.F.);
#6517=ORIENTED_EDGE('',*,*,#4586,.F.);
#6518=ORIENTED_EDGE('',*,*,#5012,.T.);
#6519=ORIENTED_EDGE('',*,*,#5013,.F.);
#6520=ORIENTED_EDGE('',*,*,#4979,.F.);
#6521=ORIENTED_EDGE('',*,*,#5014,.F.);
#6522=ORIENTED_EDGE('',*,*,#5015,.T.);
#6523=ORIENTED_EDGE('',*,*,#4793,.T.);
#6524=ORIENTED_EDGE('',*,*,#5016,.F.);
#6525=ORIENTED_EDGE('',*,*,#5017,.F.);
#6526=ORIENTED_EDGE('',*,*,#4920,.T.);
#6527=ORIENTED_EDGE('',*,*,#4792,.T.);
#6528=ORIENTED_EDGE('',*,*,#5018,.F.);
#6529=ORIENTED_EDGE('',*,*,#5019,.F.);
#6530=ORIENTED_EDGE('',*,*,#5016,.T.);
#6531=ORIENTED_EDGE('',*,*,#4791,.T.);
#6532=ORIENTED_EDGE('',*,*,#4870,.F.);
#6533=ORIENTED_EDGE('',*,*,#5020,.F.);
#6534=ORIENTED_EDGE('',*,*,#5018,.T.);
#6535=ORIENTED_EDGE('',*,*,#5020,.T.);
#6536=ORIENTED_EDGE('',*,*,#4869,.F.);
#6537=ORIENTED_EDGE('',*,*,#5021,.F.);
#6538=ORIENTED_EDGE('',*,*,#5022,.F.);
#6539=ORIENTED_EDGE('',*,*,#5023,.F.);
#6540=ORIENTED_EDGE('',*,*,#4646,.T.);
#6541=ORIENTED_EDGE('',*,*,#5017,.T.);
#6542=ORIENTED_EDGE('',*,*,#5019,.T.);
#6543=ORIENTED_EDGE('',*,*,#5024,.T.);
#6544=ORIENTED_EDGE('',*,*,#5025,.T.);
#6545=ORIENTED_EDGE('',*,*,#5026,.T.);
#6546=ORIENTED_EDGE('',*,*,#4797,.F.);
#6547=ORIENTED_EDGE('',*,*,#5027,.F.);
#6548=ORIENTED_EDGE('',*,*,#4817,.F.);
#6549=ORIENTED_EDGE('',*,*,#5028,.F.);
#6550=ORIENTED_EDGE('',*,*,#5029,.F.);
#6551=ORIENTED_EDGE('',*,*,#5025,.F.);
#6552=ORIENTED_EDGE('',*,*,#4796,.F.);
#6553=ORIENTED_EDGE('',*,*,#4911,.F.);
#6554=ORIENTED_EDGE('',*,*,#5030,.T.);
#6555=ORIENTED_EDGE('',*,*,#5027,.T.);
#6556=ORIENTED_EDGE('',*,*,#4798,.F.);
#6557=ORIENTED_EDGE('',*,*,#5026,.F.);
#6558=ORIENTED_EDGE('',*,*,#5029,.T.);
#6559=ORIENTED_EDGE('',*,*,#5031,.T.);
#6560=ORIENTED_EDGE('',*,*,#5024,.F.);
#6561=ORIENTED_EDGE('',*,*,#5030,.F.);
#6562=ORIENTED_EDGE('',*,*,#4919,.F.);
#6563=ORIENTED_EDGE('',*,*,#4818,.F.);
#6564=ORIENTED_EDGE('',*,*,#5032,.T.);
#6565=ORIENTED_EDGE('',*,*,#5033,.F.);
#6566=ORIENTED_EDGE('',*,*,#5034,.F.);
#6567=ORIENTED_EDGE('',*,*,#4973,.T.);
#6568=ORIENTED_EDGE('',*,*,#5035,.T.);
#6569=ORIENTED_EDGE('',*,*,#5036,.F.);
#6570=ORIENTED_EDGE('',*,*,#5037,.F.);
#6571=ORIENTED_EDGE('',*,*,#5033,.T.);
#6572=ORIENTED_EDGE('',*,*,#5038,.T.);
#6573=ORIENTED_EDGE('',*,*,#5039,.F.);
#6574=ORIENTED_EDGE('',*,*,#5040,.F.);
#6575=ORIENTED_EDGE('',*,*,#5036,.T.);
#6576=ORIENTED_EDGE('',*,*,#5041,.T.);
#6577=ORIENTED_EDGE('',*,*,#5042,.F.);
#6578=ORIENTED_EDGE('',*,*,#5043,.F.);
#6579=ORIENTED_EDGE('',*,*,#5039,.T.);
#6580=ORIENTED_EDGE('',*,*,#5034,.T.);
#6581=ORIENTED_EDGE('',*,*,#5037,.T.);
#6582=ORIENTED_EDGE('',*,*,#5040,.T.);
#6583=ORIENTED_EDGE('',*,*,#5043,.T.);
#6584=ORIENTED_EDGE('',*,*,#5044,.T.);
#6585=ORIENTED_EDGE('',*,*,#5045,.T.);
#6586=ORIENTED_EDGE('',*,*,#5046,.T.);
#6587=ORIENTED_EDGE('',*,*,#5047,.T.);
#6588=ORIENTED_EDGE('',*,*,#5048,.T.);
#6589=ORIENTED_EDGE('',*,*,#4968,.T.);
#6590=ORIENTED_EDGE('',*,*,#5032,.F.);
#6591=ORIENTED_EDGE('',*,*,#4975,.T.);
#6592=ORIENTED_EDGE('',*,*,#5049,.F.);
#6593=ORIENTED_EDGE('',*,*,#5050,.F.);
#6594=ORIENTED_EDGE('',*,*,#5051,.F.);
#6595=ORIENTED_EDGE('',*,*,#5052,.F.);
#6596=ORIENTED_EDGE('',*,*,#5053,.F.);
#6597=ORIENTED_EDGE('',*,*,#5041,.F.);
#6598=ORIENTED_EDGE('',*,*,#5038,.F.);
#6599=ORIENTED_EDGE('',*,*,#5035,.F.);
#6600=ORIENTED_EDGE('',*,*,#4909,.T.);
#6601=ORIENTED_EDGE('',*,*,#5054,.T.);
#6602=ORIENTED_EDGE('',*,*,#4711,.F.);
#6603=ORIENTED_EDGE('',*,*,#5054,.F.);
#6604=ORIENTED_EDGE('',*,*,#4908,.F.);
#6605=ORIENTED_EDGE('',*,*,#5055,.T.);
#6606=ORIENTED_EDGE('',*,*,#4910,.F.);
#6607=ORIENTED_EDGE('',*,*,#5055,.F.);
#6608=ORIENTED_EDGE('',*,*,#5056,.T.);
#6609=ORIENTED_EDGE('',*,*,#4698,.F.);
#6610=ORIENTED_EDGE('',*,*,#5057,.F.);
#6611=ORIENTED_EDGE('',*,*,#4741,.F.);
#6612=ORIENTED_EDGE('',*,*,#5058,.T.);
#6613=ORIENTED_EDGE('',*,*,#4699,.F.);
#6614=ORIENTED_EDGE('',*,*,#5056,.F.);
#6615=ORIENTED_EDGE('',*,*,#4740,.F.);
#6616=ORIENTED_EDGE('',*,*,#5059,.T.);
#6617=ORIENTED_EDGE('',*,*,#4700,.F.);
#6618=ORIENTED_EDGE('',*,*,#5058,.F.);
#6619=ORIENTED_EDGE('',*,*,#4743,.F.);
#6620=ORIENTED_EDGE('',*,*,#5057,.T.);
#6621=ORIENTED_EDGE('',*,*,#4697,.F.);
#6622=ORIENTED_EDGE('',*,*,#5059,.F.);
#6623=ORIENTED_EDGE('',*,*,#4742,.F.);
#6624=ORIENTED_EDGE('',*,*,#5060,.T.);
#6625=ORIENTED_EDGE('',*,*,#4759,.F.);
#6626=ORIENTED_EDGE('',*,*,#5061,.F.);
#6627=ORIENTED_EDGE('',*,*,#4717,.F.);
#6628=ORIENTED_EDGE('',*,*,#5062,.T.);
#6629=ORIENTED_EDGE('',*,*,#4760,.F.);
#6630=ORIENTED_EDGE('',*,*,#5060,.F.);
#6631=ORIENTED_EDGE('',*,*,#4716,.F.);
#6632=ORIENTED_EDGE('',*,*,#5063,.T.);
#6633=ORIENTED_EDGE('',*,*,#4761,.F.);
#6634=ORIENTED_EDGE('',*,*,#5062,.F.);
#6635=ORIENTED_EDGE('',*,*,#4719,.F.);
#6636=ORIENTED_EDGE('',*,*,#5061,.T.);
#6637=ORIENTED_EDGE('',*,*,#4758,.F.);
#6638=ORIENTED_EDGE('',*,*,#5063,.F.);
#6639=ORIENTED_EDGE('',*,*,#4718,.F.);
#6640=ORIENTED_EDGE('',*,*,#4901,.T.);
#6641=ORIENTED_EDGE('',*,*,#4937,.F.);
#6642=ORIENTED_EDGE('',*,*,#4732,.F.);
#6643=ORIENTED_EDGE('',*,*,#5064,.T.);
#6644=ORIENTED_EDGE('',*,*,#4684,.T.);
#6645=ORIENTED_EDGE('',*,*,#5065,.F.);
#6646=ORIENTED_EDGE('',*,*,#4887,.T.);
#6647=ORIENTED_EDGE('',*,*,#5066,.T.);
#6648=ORIENTED_EDGE('',*,*,#4898,.F.);
#6649=ORIENTED_EDGE('',*,*,#4861,.T.);
#6650=ORIENTED_EDGE('',*,*,#4895,.T.);
#6651=ORIENTED_EDGE('',*,*,#4897,.T.);
#6652=ORIENTED_EDGE('',*,*,#4863,.F.);
#6653=ORIENTED_EDGE('',*,*,#4900,.F.);
#6654=ORIENTED_EDGE('',*,*,#5067,.F.);
#6655=ORIENTED_EDGE('',*,*,#4889,.T.);
#6656=ORIENTED_EDGE('',*,*,#5068,.T.);
#6657=ORIENTED_EDGE('',*,*,#4894,.F.);
#6658=ORIENTED_EDGE('',*,*,#4623,.F.);
#6659=ORIENTED_EDGE('',*,*,#4872,.T.);
#6660=ORIENTED_EDGE('',*,*,#4654,.T.);
#6661=ORIENTED_EDGE('',*,*,#4896,.F.);
#6662=ORIENTED_EDGE('',*,*,#5068,.F.);
#6663=ORIENTED_EDGE('',*,*,#4888,.F.);
#6664=ORIENTED_EDGE('',*,*,#5065,.T.);
#6665=ORIENTED_EDGE('',*,*,#5066,.F.);
#6666=ORIENTED_EDGE('',*,*,#4890,.T.);
#6667=ORIENTED_EDGE('',*,*,#5067,.T.);
#6668=ORIENTED_EDGE('',*,*,#4899,.F.);
#6669=ORIENTED_EDGE('',*,*,#4893,.F.);
#6670=ORIENTED_EDGE('',*,*,#4660,.F.);
#6671=ORIENTED_EDGE('',*,*,#4880,.T.);
#6672=ORIENTED_EDGE('',*,*,#5069,.T.);
#6673=ORIENTED_EDGE('',*,*,#4891,.F.);
#6674=ORIENTED_EDGE('',*,*,#5069,.F.);
#6675=ORIENTED_EDGE('',*,*,#4879,.T.);
#6676=ORIENTED_EDGE('',*,*,#5070,.T.);
#6677=ORIENTED_EDGE('',*,*,#5071,.F.);
#6678=ORIENTED_EDGE('',*,*,#5070,.F.);
#6679=ORIENTED_EDGE('',*,*,#4878,.T.);
#6680=ORIENTED_EDGE('',*,*,#5072,.T.);
#6681=ORIENTED_EDGE('',*,*,#4885,.F.);
#6682=ORIENTED_EDGE('',*,*,#5072,.F.);
#6683=ORIENTED_EDGE('',*,*,#4877,.T.);
#6684=ORIENTED_EDGE('',*,*,#5073,.T.);
#6685=ORIENTED_EDGE('',*,*,#4886,.F.);
#6686=ORIENTED_EDGE('',*,*,#5073,.F.);
#6687=ORIENTED_EDGE('',*,*,#4876,.T.);
#6688=ORIENTED_EDGE('',*,*,#4617,.T.);
#6689=ORIENTED_EDGE('',*,*,#5071,.T.);
#6690=ORIENTED_EDGE('',*,*,#4884,.F.);
#6691=ORIENTED_EDGE('',*,*,#4615,.F.);
#6692=ORIENTED_EDGE('',*,*,#4757,.F.);
#6693=ORIENTED_EDGE('',*,*,#4662,.F.);
#6694=ORIENTED_EDGE('',*,*,#4892,.F.);
#6695=ORIENTED_EDGE('',*,*,#5074,.F.);
#6696=ORIENTED_EDGE('',*,*,#5075,.F.);
#6697=ORIENTED_EDGE('',*,*,#5076,.T.);
#6698=ORIENTED_EDGE('',*,*,#4883,.F.);
#6699=ORIENTED_EDGE('',*,*,#5076,.F.);
#6700=ORIENTED_EDGE('',*,*,#4621,.F.);
#6701=ORIENTED_EDGE('',*,*,#5077,.T.);
#6702=ORIENTED_EDGE('',*,*,#5078,.T.);
#6703=ORIENTED_EDGE('',*,*,#4873,.F.);
#6704=ORIENTED_EDGE('',*,*,#5078,.F.);
#6705=ORIENTED_EDGE('',*,*,#5079,.T.);
#6706=ORIENTED_EDGE('',*,*,#5080,.T.);
#6707=ORIENTED_EDGE('',*,*,#4874,.F.);
#6708=ORIENTED_EDGE('',*,*,#5080,.F.);
#6709=ORIENTED_EDGE('',*,*,#5081,.T.);
#6710=ORIENTED_EDGE('',*,*,#4619,.T.);
#6711=ORIENTED_EDGE('',*,*,#4875,.F.);
#6712=ORIENTED_EDGE('',*,*,#5082,.F.);
#6713=ORIENTED_EDGE('',*,*,#5083,.T.);
#6714=ORIENTED_EDGE('',*,*,#4656,.T.);
#6715=ORIENTED_EDGE('',*,*,#4871,.T.);
#6716=ORIENTED_EDGE('',*,*,#5084,.F.);
#6717=ORIENTED_EDGE('',*,*,#5085,.T.);
#6718=ORIENTED_EDGE('',*,*,#5082,.T.);
#6719=ORIENTED_EDGE('',*,*,#4882,.T.);
#6720=ORIENTED_EDGE('',*,*,#4658,.F.);
#6721=ORIENTED_EDGE('',*,*,#5086,.T.);
#6722=ORIENTED_EDGE('',*,*,#5084,.T.);
#6723=ORIENTED_EDGE('',*,*,#4881,.T.);
#6724=ORIENTED_EDGE('',*,*,#5077,.F.);
#6725=ORIENTED_EDGE('',*,*,#4620,.F.);
#6726=ORIENTED_EDGE('',*,*,#5081,.F.);
#6727=ORIENTED_EDGE('',*,*,#5079,.F.);
#6728=ORIENTED_EDGE('',*,*,#5083,.F.);
#6729=ORIENTED_EDGE('',*,*,#5085,.F.);
#6730=ORIENTED_EDGE('',*,*,#5086,.F.);
#6731=ORIENTED_EDGE('',*,*,#4657,.T.);
#6732=ORIENTED_EDGE('',*,*,#5087,.T.);
#6733=ORIENTED_EDGE('',*,*,#5088,.T.);
#6734=ORIENTED_EDGE('',*,*,#4811,.F.);
#6735=ORIENTED_EDGE('',*,*,#5088,.F.);
#6736=ORIENTED_EDGE('',*,*,#5074,.T.);
#6737=ORIENTED_EDGE('',*,*,#5075,.T.);
#6738=ORIENTED_EDGE('',*,*,#5089,.T.);
#6739=ORIENTED_EDGE('',*,*,#5087,.F.);
#6740=ORIENTED_EDGE('',*,*,#5089,.F.);
#6741=ORIENTED_EDGE('',*,*,#4789,.T.);
#6742=ORIENTED_EDGE('',*,*,#5090,.F.);
#6743=ORIENTED_EDGE('',*,*,#5091,.F.);
#6744=ORIENTED_EDGE('',*,*,#4868,.T.);
#6745=ORIENTED_EDGE('',*,*,#4788,.T.);
#6746=ORIENTED_EDGE('',*,*,#5092,.F.);
#6747=ORIENTED_EDGE('',*,*,#5093,.F.);
#6748=ORIENTED_EDGE('',*,*,#5090,.T.);
#6749=ORIENTED_EDGE('',*,*,#4787,.T.);
#6750=ORIENTED_EDGE('',*,*,#4822,.F.);
#6751=ORIENTED_EDGE('',*,*,#5094,.F.);
#6752=ORIENTED_EDGE('',*,*,#5092,.T.);
#6753=ORIENTED_EDGE('',*,*,#4596,.T.);
#6754=ORIENTED_EDGE('',*,*,#5091,.T.);
#6755=ORIENTED_EDGE('',*,*,#5093,.T.);
#6756=ORIENTED_EDGE('',*,*,#5094,.T.);
#6757=ORIENTED_EDGE('',*,*,#5028,.T.);
#6758=ORIENTED_EDGE('',*,*,#5095,.T.);
#6759=ORIENTED_EDGE('',*,*,#5096,.T.);
#6760=ORIENTED_EDGE('',*,*,#4799,.F.);
#6761=ORIENTED_EDGE('',*,*,#5031,.F.);
#6762=ORIENTED_EDGE('',*,*,#4816,.F.);
#6763=ORIENTED_EDGE('',*,*,#5097,.F.);
#6764=ORIENTED_EDGE('',*,*,#5098,.F.);
#6765=ORIENTED_EDGE('',*,*,#5095,.F.);
#6766=ORIENTED_EDGE('',*,*,#4779,.F.);
#6767=ORIENTED_EDGE('',*,*,#5096,.F.);
#6768=ORIENTED_EDGE('',*,*,#5098,.T.);
#6769=ORIENTED_EDGE('',*,*,#5099,.T.);
#6770=ORIENTED_EDGE('',*,*,#5053,.T.);
#6771=ORIENTED_EDGE('',*,*,#5100,.F.);
#6772=ORIENTED_EDGE('',*,*,#5044,.F.);
#6773=ORIENTED_EDGE('',*,*,#5042,.T.);
#6774=ORIENTED_EDGE('',*,*,#5052,.T.);
#6775=ORIENTED_EDGE('',*,*,#5101,.F.);
#6776=ORIENTED_EDGE('',*,*,#5045,.F.);
#6777=ORIENTED_EDGE('',*,*,#5100,.T.);
#6778=ORIENTED_EDGE('',*,*,#4866,.T.);
#6779=ORIENTED_EDGE('',*,*,#5102,.T.);
#6780=ORIENTED_EDGE('',*,*,#4710,.F.);
#6781=ORIENTED_EDGE('',*,*,#5102,.F.);
#6782=ORIENTED_EDGE('',*,*,#4865,.F.);
#6783=ORIENTED_EDGE('',*,*,#5103,.T.);
#6784=ORIENTED_EDGE('',*,*,#4867,.F.);
#6785=ORIENTED_EDGE('',*,*,#5103,.F.);
#6786=ORIENTED_EDGE('',*,*,#5104,.T.);
#6787=ORIENTED_EDGE('',*,*,#4702,.F.);
#6788=ORIENTED_EDGE('',*,*,#5105,.F.);
#6789=ORIENTED_EDGE('',*,*,#4745,.F.);
#6790=ORIENTED_EDGE('',*,*,#5106,.T.);
#6791=ORIENTED_EDGE('',*,*,#4703,.F.);
#6792=ORIENTED_EDGE('',*,*,#5104,.F.);
#6793=ORIENTED_EDGE('',*,*,#4744,.F.);
#6794=ORIENTED_EDGE('',*,*,#5107,.T.);
#6795=ORIENTED_EDGE('',*,*,#4704,.F.);
#6796=ORIENTED_EDGE('',*,*,#5106,.F.);
#6797=ORIENTED_EDGE('',*,*,#4747,.F.);
#6798=ORIENTED_EDGE('',*,*,#5105,.T.);
#6799=ORIENTED_EDGE('',*,*,#4701,.F.);
#6800=ORIENTED_EDGE('',*,*,#5107,.F.);
#6801=ORIENTED_EDGE('',*,*,#4746,.F.);
#6802=ORIENTED_EDGE('',*,*,#5108,.T.);
#6803=ORIENTED_EDGE('',*,*,#4763,.F.);
#6804=ORIENTED_EDGE('',*,*,#5109,.F.);
#6805=ORIENTED_EDGE('',*,*,#4721,.F.);
#6806=ORIENTED_EDGE('',*,*,#5110,.T.);
#6807=ORIENTED_EDGE('',*,*,#4764,.F.);
#6808=ORIENTED_EDGE('',*,*,#5108,.F.);
#6809=ORIENTED_EDGE('',*,*,#4720,.F.);
#6810=ORIENTED_EDGE('',*,*,#5111,.T.);
#6811=ORIENTED_EDGE('',*,*,#4765,.F.);
#6812=ORIENTED_EDGE('',*,*,#5110,.F.);
#6813=ORIENTED_EDGE('',*,*,#4723,.F.);
#6814=ORIENTED_EDGE('',*,*,#5109,.T.);
#6815=ORIENTED_EDGE('',*,*,#4762,.F.);
#6816=ORIENTED_EDGE('',*,*,#5111,.F.);
#6817=ORIENTED_EDGE('',*,*,#4722,.F.);
#6818=ORIENTED_EDGE('',*,*,#5112,.F.);
#6819=ORIENTED_EDGE('',*,*,#4842,.T.);
#6820=ORIENTED_EDGE('',*,*,#5113,.T.);
#6821=ORIENTED_EDGE('',*,*,#4854,.F.);
#6822=ORIENTED_EDGE('',*,*,#4772,.T.);
#6823=ORIENTED_EDGE('',*,*,#4850,.T.);
#6824=ORIENTED_EDGE('',*,*,#4853,.T.);
#6825=ORIENTED_EDGE('',*,*,#4774,.F.);
#6826=ORIENTED_EDGE('',*,*,#4856,.F.);
#6827=ORIENTED_EDGE('',*,*,#5114,.F.);
#6828=ORIENTED_EDGE('',*,*,#4844,.T.);
#6829=ORIENTED_EDGE('',*,*,#5115,.T.);
#6830=ORIENTED_EDGE('',*,*,#4849,.F.);
#6831=ORIENTED_EDGE('',*,*,#4986,.F.);
#6832=ORIENTED_EDGE('',*,*,#4824,.T.);
#6833=ORIENTED_EDGE('',*,*,#4603,.T.);
#6834=ORIENTED_EDGE('',*,*,#4852,.F.);
#6835=ORIENTED_EDGE('',*,*,#5115,.F.);
#6836=ORIENTED_EDGE('',*,*,#4843,.F.);
#6837=ORIENTED_EDGE('',*,*,#5112,.T.);
#6838=ORIENTED_EDGE('',*,*,#5113,.F.);
#6839=ORIENTED_EDGE('',*,*,#4845,.T.);
#6840=ORIENTED_EDGE('',*,*,#5114,.T.);
#6841=ORIENTED_EDGE('',*,*,#4855,.F.);
#6842=ORIENTED_EDGE('',*,*,#4848,.F.);
#6843=ORIENTED_EDGE('',*,*,#4609,.F.);
#6844=ORIENTED_EDGE('',*,*,#4834,.T.);
#6845=ORIENTED_EDGE('',*,*,#5116,.T.);
#6846=ORIENTED_EDGE('',*,*,#4846,.F.);
#6847=ORIENTED_EDGE('',*,*,#5116,.F.);
#6848=ORIENTED_EDGE('',*,*,#4833,.T.);
#6849=ORIENTED_EDGE('',*,*,#5117,.T.);
#6850=ORIENTED_EDGE('',*,*,#5118,.F.);
#6851=ORIENTED_EDGE('',*,*,#5117,.F.);
#6852=ORIENTED_EDGE('',*,*,#4832,.T.);
#6853=ORIENTED_EDGE('',*,*,#5119,.T.);
#6854=ORIENTED_EDGE('',*,*,#4840,.F.);
#6855=ORIENTED_EDGE('',*,*,#5119,.F.);
#6856=ORIENTED_EDGE('',*,*,#4831,.T.);
#6857=ORIENTED_EDGE('',*,*,#5120,.T.);
#6858=ORIENTED_EDGE('',*,*,#4841,.F.);
#6859=ORIENTED_EDGE('',*,*,#5120,.F.);
#6860=ORIENTED_EDGE('',*,*,#4830,.T.);
#6861=ORIENTED_EDGE('',*,*,#4982,.T.);
#6862=ORIENTED_EDGE('',*,*,#5118,.T.);
#6863=ORIENTED_EDGE('',*,*,#4839,.F.);
#6864=ORIENTED_EDGE('',*,*,#4981,.F.);
#6865=ORIENTED_EDGE('',*,*,#4752,.F.);
#6866=ORIENTED_EDGE('',*,*,#4611,.F.);
#6867=ORIENTED_EDGE('',*,*,#4847,.F.);
#6868=ORIENTED_EDGE('',*,*,#5121,.F.);
#6869=ORIENTED_EDGE('',*,*,#5122,.F.);
#6870=ORIENTED_EDGE('',*,*,#5123,.T.);
#6871=ORIENTED_EDGE('',*,*,#4837,.F.);
#6872=ORIENTED_EDGE('',*,*,#5123,.F.);
#6873=ORIENTED_EDGE('',*,*,#4985,.F.);
#6874=ORIENTED_EDGE('',*,*,#5124,.T.);
#6875=ORIENTED_EDGE('',*,*,#5125,.T.);
#6876=ORIENTED_EDGE('',*,*,#4826,.F.);
#6877=ORIENTED_EDGE('',*,*,#5125,.F.);
#6878=ORIENTED_EDGE('',*,*,#5126,.T.);
#6879=ORIENTED_EDGE('',*,*,#5127,.T.);
#6880=ORIENTED_EDGE('',*,*,#4827,.F.);
#6881=ORIENTED_EDGE('',*,*,#5127,.F.);
#6882=ORIENTED_EDGE('',*,*,#5128,.T.);
#6883=ORIENTED_EDGE('',*,*,#4983,.T.);
#6884=ORIENTED_EDGE('',*,*,#4828,.F.);
#6885=ORIENTED_EDGE('',*,*,#5129,.F.);
#6886=ORIENTED_EDGE('',*,*,#5130,.T.);
#6887=ORIENTED_EDGE('',*,*,#4605,.T.);
#6888=ORIENTED_EDGE('',*,*,#4823,.T.);
#6889=ORIENTED_EDGE('',*,*,#5131,.F.);
#6890=ORIENTED_EDGE('',*,*,#5132,.T.);
#6891=ORIENTED_EDGE('',*,*,#5129,.T.);
#6892=ORIENTED_EDGE('',*,*,#4836,.T.);
#6893=ORIENTED_EDGE('',*,*,#4607,.F.);
#6894=ORIENTED_EDGE('',*,*,#5133,.T.);
#6895=ORIENTED_EDGE('',*,*,#5131,.T.);
#6896=ORIENTED_EDGE('',*,*,#4835,.T.);
#6897=ORIENTED_EDGE('',*,*,#5124,.F.);
#6898=ORIENTED_EDGE('',*,*,#4984,.F.);
#6899=ORIENTED_EDGE('',*,*,#5128,.F.);
#6900=ORIENTED_EDGE('',*,*,#5126,.F.);
#6901=ORIENTED_EDGE('',*,*,#5130,.F.);
#6902=ORIENTED_EDGE('',*,*,#5132,.F.);
#6903=ORIENTED_EDGE('',*,*,#5133,.F.);
#6904=ORIENTED_EDGE('',*,*,#4606,.T.);
#6905=ORIENTED_EDGE('',*,*,#5134,.T.);
#6906=ORIENTED_EDGE('',*,*,#5135,.T.);
#6907=ORIENTED_EDGE('',*,*,#4812,.F.);
#6908=ORIENTED_EDGE('',*,*,#5135,.F.);
#6909=ORIENTED_EDGE('',*,*,#5121,.T.);
#6910=ORIENTED_EDGE('',*,*,#5122,.T.);
#6911=ORIENTED_EDGE('',*,*,#5136,.T.);
#6912=ORIENTED_EDGE('',*,*,#5134,.F.);
#6913=ORIENTED_EDGE('',*,*,#5136,.F.);
#6914=ORIENTED_EDGE('',*,*,#4785,.T.);
#6915=ORIENTED_EDGE('',*,*,#5137,.F.);
#6916=ORIENTED_EDGE('',*,*,#5138,.F.);
#6917=ORIENTED_EDGE('',*,*,#4820,.T.);
#6918=ORIENTED_EDGE('',*,*,#4784,.T.);
#6919=ORIENTED_EDGE('',*,*,#5139,.F.);
#6920=ORIENTED_EDGE('',*,*,#5140,.F.);
#6921=ORIENTED_EDGE('',*,*,#5137,.T.);
#6922=ORIENTED_EDGE('',*,*,#4783,.T.);
#6923=ORIENTED_EDGE('',*,*,#4978,.F.);
#6924=ORIENTED_EDGE('',*,*,#5141,.F.);
#6925=ORIENTED_EDGE('',*,*,#5139,.T.);
#6926=ORIENTED_EDGE('',*,*,#5013,.T.);
#6927=ORIENTED_EDGE('',*,*,#5142,.F.);
#6928=ORIENTED_EDGE('',*,*,#5143,.F.);
#6929=ORIENTED_EDGE('',*,*,#5144,.F.);
#6930=ORIENTED_EDGE('',*,*,#4821,.F.);
#6931=ORIENTED_EDGE('',*,*,#5138,.T.);
#6932=ORIENTED_EDGE('',*,*,#5140,.T.);
#6933=ORIENTED_EDGE('',*,*,#5141,.T.);
#6934=ORIENTED_EDGE('',*,*,#5097,.T.);
#6935=ORIENTED_EDGE('',*,*,#5145,.T.);
#6936=ORIENTED_EDGE('',*,*,#5146,.T.);
#6937=ORIENTED_EDGE('',*,*,#4780,.F.);
#6938=ORIENTED_EDGE('',*,*,#5099,.F.);
#6939=ORIENTED_EDGE('',*,*,#4815,.F.);
#6940=ORIENTED_EDGE('',*,*,#5147,.T.);
#6941=ORIENTED_EDGE('',*,*,#5014,.T.);
#6942=ORIENTED_EDGE('',*,*,#4643,.F.);
#6943=ORIENTED_EDGE('',*,*,#5148,.F.);
#6944=ORIENTED_EDGE('',*,*,#5145,.F.);
#6945=ORIENTED_EDGE('',*,*,#4781,.F.);
#6946=ORIENTED_EDGE('',*,*,#5146,.F.);
#6947=ORIENTED_EDGE('',*,*,#5148,.T.);
#6948=ORIENTED_EDGE('',*,*,#4642,.T.);
#6949=ORIENTED_EDGE('',*,*,#5051,.T.);
#6950=ORIENTED_EDGE('',*,*,#5149,.F.);
#6951=ORIENTED_EDGE('',*,*,#5046,.F.);
#6952=ORIENTED_EDGE('',*,*,#5101,.T.);
#6953=ORIENTED_EDGE('',*,*,#5050,.T.);
#6954=ORIENTED_EDGE('',*,*,#5150,.F.);
#6955=ORIENTED_EDGE('',*,*,#5047,.F.);
#6956=ORIENTED_EDGE('',*,*,#5149,.T.);
#6957=ORIENTED_EDGE('',*,*,#5049,.T.);
#6958=ORIENTED_EDGE('',*,*,#4969,.F.);
#6959=ORIENTED_EDGE('',*,*,#5048,.F.);
#6960=ORIENTED_EDGE('',*,*,#5150,.T.);
#6961=ORIENTED_EDGE('',*,*,#4777,.T.);
#6962=ORIENTED_EDGE('',*,*,#5151,.T.);
#6963=ORIENTED_EDGE('',*,*,#4709,.F.);
#6964=ORIENTED_EDGE('',*,*,#5151,.F.);
#6965=ORIENTED_EDGE('',*,*,#4776,.F.);
#6966=ORIENTED_EDGE('',*,*,#5152,.T.);
#6967=ORIENTED_EDGE('',*,*,#4778,.F.);
#6968=ORIENTED_EDGE('',*,*,#5152,.F.);
#6969=ORIENTED_EDGE('',*,*,#5153,.T.);
#6970=ORIENTED_EDGE('',*,*,#4706,.F.);
#6971=ORIENTED_EDGE('',*,*,#5154,.F.);
#6972=ORIENTED_EDGE('',*,*,#4749,.F.);
#6973=ORIENTED_EDGE('',*,*,#5155,.T.);
#6974=ORIENTED_EDGE('',*,*,#4707,.F.);
#6975=ORIENTED_EDGE('',*,*,#5153,.F.);
#6976=ORIENTED_EDGE('',*,*,#4748,.F.);
#6977=ORIENTED_EDGE('',*,*,#5156,.T.);
#6978=ORIENTED_EDGE('',*,*,#4708,.F.);
#6979=ORIENTED_EDGE('',*,*,#5155,.F.);
#6980=ORIENTED_EDGE('',*,*,#4751,.F.);
#6981=ORIENTED_EDGE('',*,*,#5154,.T.);
#6982=ORIENTED_EDGE('',*,*,#4705,.F.);
#6983=ORIENTED_EDGE('',*,*,#5156,.F.);
#6984=ORIENTED_EDGE('',*,*,#4750,.F.);
#6985=ORIENTED_EDGE('',*,*,#5157,.T.);
#6986=ORIENTED_EDGE('',*,*,#4767,.F.);
#6987=ORIENTED_EDGE('',*,*,#5158,.F.);
#6988=ORIENTED_EDGE('',*,*,#4725,.F.);
#6989=ORIENTED_EDGE('',*,*,#5159,.T.);
#6990=ORIENTED_EDGE('',*,*,#4768,.F.);
#6991=ORIENTED_EDGE('',*,*,#5157,.F.);
#6992=ORIENTED_EDGE('',*,*,#4724,.F.);
#6993=ORIENTED_EDGE('',*,*,#5160,.T.);
#6994=ORIENTED_EDGE('',*,*,#4769,.F.);
#6995=ORIENTED_EDGE('',*,*,#5159,.F.);
#6996=ORIENTED_EDGE('',*,*,#4727,.F.);
#6997=ORIENTED_EDGE('',*,*,#5158,.T.);
#6998=ORIENTED_EDGE('',*,*,#4766,.F.);
#6999=ORIENTED_EDGE('',*,*,#5160,.F.);
#7000=ORIENTED_EDGE('',*,*,#4726,.F.);
#7001=ORIENTED_EDGE('',*,*,#5161,.T.);
#7002=ORIENTED_EDGE('',*,*,#5162,.T.);
#7003=ORIENTED_EDGE('',*,*,#5064,.F.);
#7004=ORIENTED_EDGE('',*,*,#4731,.F.);
#7005=ORIENTED_EDGE('',*,*,#5163,.T.);
#7006=ORIENTED_EDGE('',*,*,#4688,.T.);
#7007=ORIENTED_EDGE('',*,*,#5161,.F.);
#7008=ORIENTED_EDGE('',*,*,#5164,.T.);
#7009=ORIENTED_EDGE('',*,*,#5164,.F.);
#7010=ORIENTED_EDGE('',*,*,#5163,.F.);
#7011=ORIENTED_EDGE('',*,*,#4730,.F.);
#7012=ORIENTED_EDGE('',*,*,#4689,.F.);
#7013=ORIENTED_EDGE('',*,*,#5165,.T.);
#7014=ORIENTED_EDGE('',*,*,#4685,.F.);
#7015=ORIENTED_EDGE('',*,*,#5162,.F.);
#7016=ORIENTED_EDGE('',*,*,#4679,.F.);
#7017=ORIENTED_EDGE('',*,*,#4681,.T.);
#7018=ORIENTED_EDGE('',*,*,#4686,.F.);
#7019=ORIENTED_EDGE('',*,*,#5165,.F.);
#7020=ORIENTED_EDGE('',*,*,#4678,.F.);
#7021=ORIENTED_EDGE('',*,*,#4598,.F.);
#7022=ORIENTED_EDGE('',*,*,#5144,.T.);
#7023=ORIENTED_EDGE('',*,*,#5166,.T.);
#7024=ORIENTED_EDGE('',*,*,#4583,.F.);
#7025=ORIENTED_EDGE('',*,*,#5012,.F.);
#7026=ORIENTED_EDGE('',*,*,#4585,.F.);
#7027=ORIENTED_EDGE('',*,*,#5167,.F.);
#7028=ORIENTED_EDGE('',*,*,#5142,.T.);
#7029=ORIENTED_EDGE('',*,*,#5166,.F.);
#7030=ORIENTED_EDGE('',*,*,#5143,.T.);
#7031=ORIENTED_EDGE('',*,*,#5167,.T.);
#7032=ORIENTED_EDGE('',*,*,#4584,.F.);
#7033=ORIENTED_EDGE('',*,*,#5168,.T.);
#7034=ORIENTED_EDGE('',*,*,#5169,.T.);
#7035=ORIENTED_EDGE('',*,*,#5170,.F.);
#7036=ORIENTED_EDGE('',*,*,#4977,.F.);
#7037=ORIENTED_EDGE('',*,*,#5171,.F.);
#7038=ORIENTED_EDGE('',*,*,#5172,.T.);
#7039=ORIENTED_EDGE('',*,*,#5173,.T.);
#7040=ORIENTED_EDGE('',*,*,#5174,.T.);
#7041=ORIENTED_EDGE('',*,*,#5175,.T.);
#7042=ORIENTED_EDGE('',*,*,#5176,.T.);
#7043=ORIENTED_EDGE('',*,*,#5177,.F.);
#7044=ORIENTED_EDGE('',*,*,#5178,.T.);
#7045=ORIENTED_EDGE('',*,*,#5179,.F.);
#7046=ORIENTED_EDGE('',*,*,#5180,.T.);
#7047=ORIENTED_EDGE('',*,*,#5181,.T.);
#7048=ORIENTED_EDGE('',*,*,#5182,.T.);
#7049=ORIENTED_EDGE('',*,*,#5183,.F.);
#7050=ORIENTED_EDGE('',*,*,#5184,.T.);
#7051=ORIENTED_EDGE('',*,*,#5185,.T.);
#7052=ORIENTED_EDGE('',*,*,#5186,.T.);
#7053=ORIENTED_EDGE('',*,*,#5187,.F.);
#7054=ORIENTED_EDGE('',*,*,#5188,.T.);
#7055=ORIENTED_EDGE('',*,*,#5189,.T.);
#7056=ORIENTED_EDGE('',*,*,#5190,.T.);
#7057=ORIENTED_EDGE('',*,*,#5181,.F.);
#7058=ORIENTED_EDGE('',*,*,#5191,.T.);
#7059=ORIENTED_EDGE('',*,*,#5175,.F.);
#7060=ORIENTED_EDGE('',*,*,#5192,.T.);
#7061=ORIENTED_EDGE('',*,*,#5173,.F.);
#7062=ORIENTED_EDGE('',*,*,#5193,.T.);
#7063=ORIENTED_EDGE('',*,*,#5168,.F.);
#7064=ORIENTED_EDGE('',*,*,#4591,.F.);
#7065=ORIENTED_EDGE('',*,*,#5194,.T.);
#7066=ORIENTED_EDGE('',*,*,#5189,.F.);
#7067=ORIENTED_EDGE('',*,*,#5195,.T.);
#7068=ORIENTED_EDGE('',*,*,#5185,.F.);
#7069=ORIENTED_EDGE('',*,*,#5196,.T.);
#7070=ORIENTED_EDGE('',*,*,#5177,.T.);
#7071=ORIENTED_EDGE('',*,*,#5197,.T.);
#7072=ORIENTED_EDGE('',*,*,#5179,.T.);
#7073=ORIENTED_EDGE('',*,*,#5198,.T.);
#7074=ORIENTED_EDGE('',*,*,#5183,.T.);
#7075=ORIENTED_EDGE('',*,*,#5199,.T.);
#7076=ORIENTED_EDGE('',*,*,#5187,.T.);
#7077=ORIENTED_EDGE('',*,*,#5200,.T.);
#7078=ORIENTED_EDGE('',*,*,#4589,.T.);
#7079=ORIENTED_EDGE('',*,*,#5170,.T.);
#7080=ORIENTED_EDGE('',*,*,#5201,.T.);
#7081=ORIENTED_EDGE('',*,*,#5171,.T.);
#7082=ORIENTED_EDGE('',*,*,#5202,.T.);
#7083=ORIENTED_EDGE('',*,*,#5192,.F.);
#7084=ORIENTED_EDGE('',*,*,#5178,.F.);
#7085=ORIENTED_EDGE('',*,*,#5202,.F.);
#7086=ORIENTED_EDGE('',*,*,#5174,.F.);
#7087=ORIENTED_EDGE('',*,*,#5194,.F.);
#7088=ORIENTED_EDGE('',*,*,#4590,.F.);
#7089=ORIENTED_EDGE('',*,*,#5200,.F.);
#7090=ORIENTED_EDGE('',*,*,#5190,.F.);
#7091=ORIENTED_EDGE('',*,*,#5195,.F.);
#7092=ORIENTED_EDGE('',*,*,#5188,.F.);
#7093=ORIENTED_EDGE('',*,*,#5199,.F.);
#7094=ORIENTED_EDGE('',*,*,#5186,.F.);
#7095=ORIENTED_EDGE('',*,*,#5196,.F.);
#7096=ORIENTED_EDGE('',*,*,#5184,.F.);
#7097=ORIENTED_EDGE('',*,*,#5198,.F.);
#7098=ORIENTED_EDGE('',*,*,#5182,.F.);
#7099=ORIENTED_EDGE('',*,*,#5193,.F.);
#7100=ORIENTED_EDGE('',*,*,#5172,.F.);
#7101=ORIENTED_EDGE('',*,*,#5201,.F.);
#7102=ORIENTED_EDGE('',*,*,#5169,.F.);
#7103=ORIENTED_EDGE('',*,*,#5191,.F.);
#7104=ORIENTED_EDGE('',*,*,#5180,.F.);
#7105=ORIENTED_EDGE('',*,*,#5197,.F.);
#7106=ORIENTED_EDGE('',*,*,#5176,.F.);
#7107=ORIENTED_EDGE('',*,*,#4805,.T.);
#7108=ORIENTED_EDGE('',*,*,#5203,.F.);
#7109=ORIENTED_EDGE('',*,*,#5204,.F.);
#7110=ORIENTED_EDGE('',*,*,#5205,.T.);
#7111=ORIENTED_EDGE('',*,*,#4809,.T.);
#7112=ORIENTED_EDGE('',*,*,#5206,.F.);
#7113=ORIENTED_EDGE('',*,*,#5207,.F.);
#7114=ORIENTED_EDGE('',*,*,#5203,.T.);
#7115=ORIENTED_EDGE('',*,*,#4808,.T.);
#7116=ORIENTED_EDGE('',*,*,#5208,.F.);
#7117=ORIENTED_EDGE('',*,*,#5209,.F.);
#7118=ORIENTED_EDGE('',*,*,#5206,.T.);
#7119=ORIENTED_EDGE('',*,*,#4807,.T.);
#7120=ORIENTED_EDGE('',*,*,#5210,.F.);
#7121=ORIENTED_EDGE('',*,*,#5211,.F.);
#7122=ORIENTED_EDGE('',*,*,#5208,.T.);
#7123=ORIENTED_EDGE('',*,*,#4806,.T.);
#7124=ORIENTED_EDGE('',*,*,#5205,.F.);
#7125=ORIENTED_EDGE('',*,*,#5212,.F.);
#7126=ORIENTED_EDGE('',*,*,#5210,.T.);
#7127=ORIENTED_EDGE('',*,*,#5204,.T.);
#7128=ORIENTED_EDGE('',*,*,#5207,.T.);
#7129=ORIENTED_EDGE('',*,*,#5209,.T.);
#7130=ORIENTED_EDGE('',*,*,#5211,.T.);
#7131=ORIENTED_EDGE('',*,*,#5212,.T.);
#7132=ORIENTED_EDGE('',*,*,#5147,.F.);
#7133=ORIENTED_EDGE('',*,*,#4814,.F.);
#7134=ORIENTED_EDGE('',*,*,#4980,.F.);
#7135=ORIENTED_EDGE('',*,*,#4713,.F.);
#7136=ORIENTED_EDGE('',*,*,#4966,.F.);
#7137=ORIENTED_EDGE('',*,*,#4858,.F.);
#7138=ORIENTED_EDGE('',*,*,#4737,.F.);
#7139=ORIENTED_EDGE('',*,*,#4967,.F.);
#7140=ORIENTED_EDGE('',*,*,#4694,.F.);
#7141=ORIENTED_EDGE('',*,*,#4971,.F.);
#7142=ORIENTED_EDGE('',*,*,#4974,.F.);
#7143=ORIENTED_EDGE('',*,*,#4587,.F.);
#7144=ORIENTED_EDGE('',*,*,#5015,.F.);
#7145=ORIENTED_EDGE('',*,*,#5213,.T.);
#7146=ORIENTED_EDGE('',*,*,#5214,.T.);
#7147=ORIENTED_EDGE('',*,*,#4691,.F.);
#7148=ORIENTED_EDGE('',*,*,#4729,.F.);
#7149=ORIENTED_EDGE('',*,*,#5215,.T.);
#7150=ORIENTED_EDGE('',*,*,#4637,.T.);
#7151=ORIENTED_EDGE('',*,*,#5213,.F.);
#7152=ORIENTED_EDGE('',*,*,#5216,.T.);
#7153=ORIENTED_EDGE('',*,*,#5216,.F.);
#7154=ORIENTED_EDGE('',*,*,#5215,.F.);
#7155=ORIENTED_EDGE('',*,*,#4728,.F.);
#7156=ORIENTED_EDGE('',*,*,#4638,.F.);
#7157=ORIENTED_EDGE('',*,*,#5217,.T.);
#7158=ORIENTED_EDGE('',*,*,#4634,.F.);
#7159=ORIENTED_EDGE('',*,*,#5214,.F.);
#7160=ORIENTED_EDGE('',*,*,#4628,.F.);
#7161=ORIENTED_EDGE('',*,*,#4630,.T.);
#7162=ORIENTED_EDGE('',*,*,#4635,.F.);
#7163=ORIENTED_EDGE('',*,*,#5217,.F.);
#7164=ORIENTED_EDGE('',*,*,#4627,.F.);
#7165=ORIENTED_EDGE('',*,*,#4800,.T.);
#7166=ORIENTED_EDGE('',*,*,#5218,.F.);
#7167=ORIENTED_EDGE('',*,*,#5219,.F.);
#7168=ORIENTED_EDGE('',*,*,#5220,.T.);
#7169=ORIENTED_EDGE('',*,*,#4804,.T.);
#7170=ORIENTED_EDGE('',*,*,#5221,.F.);
#7171=ORIENTED_EDGE('',*,*,#5222,.F.);
#7172=ORIENTED_EDGE('',*,*,#5218,.T.);
#7173=ORIENTED_EDGE('',*,*,#4803,.T.);
#7174=ORIENTED_EDGE('',*,*,#5223,.F.);
#7175=ORIENTED_EDGE('',*,*,#5224,.F.);
#7176=ORIENTED_EDGE('',*,*,#5221,.T.);
#7177=ORIENTED_EDGE('',*,*,#4802,.T.);
#7178=ORIENTED_EDGE('',*,*,#5225,.F.);
#7179=ORIENTED_EDGE('',*,*,#5226,.F.);
#7180=ORIENTED_EDGE('',*,*,#5223,.T.);
#7181=ORIENTED_EDGE('',*,*,#4801,.T.);
#7182=ORIENTED_EDGE('',*,*,#5220,.F.);
#7183=ORIENTED_EDGE('',*,*,#5227,.F.);
#7184=ORIENTED_EDGE('',*,*,#5225,.T.);
#7185=ORIENTED_EDGE('',*,*,#5219,.T.);
#7186=ORIENTED_EDGE('',*,*,#5222,.T.);
#7187=ORIENTED_EDGE('',*,*,#5224,.T.);
#7188=ORIENTED_EDGE('',*,*,#5226,.T.);
#7189=ORIENTED_EDGE('',*,*,#5227,.T.);
#7190=ORIENTED_EDGE('',*,*,#4594,.F.);
#7191=ORIENTED_EDGE('',*,*,#4581,.F.);
#7192=ORIENTED_EDGE('',*,*,#5228,.F.);
#7193=ORIENTED_EDGE('',*,*,#5021,.T.);
#7194=ORIENTED_EDGE('',*,*,#4647,.F.);
#7195=ORIENTED_EDGE('',*,*,#5023,.T.);
#7196=ORIENTED_EDGE('',*,*,#5229,.T.);
#7197=ORIENTED_EDGE('',*,*,#4579,.F.);
#7198=ORIENTED_EDGE('',*,*,#5229,.F.);
#7199=ORIENTED_EDGE('',*,*,#5022,.T.);
#7200=ORIENTED_EDGE('',*,*,#5228,.T.);
#7201=ORIENTED_EDGE('',*,*,#4580,.F.);
#7202=ORIENTED_EDGE('',*,*,#5230,.F.);
#7203=ORIENTED_EDGE('',*,*,#5231,.T.);
#7204=ORIENTED_EDGE('',*,*,#5232,.T.);
#7205=ORIENTED_EDGE('',*,*,#4976,.T.);
#7206=ORIENTED_EDGE('',*,*,#5233,.T.);
#7207=ORIENTED_EDGE('',*,*,#5234,.T.);
#7208=ORIENTED_EDGE('',*,*,#5235,.F.);
#7209=ORIENTED_EDGE('',*,*,#5236,.T.);
#7210=ORIENTED_EDGE('',*,*,#5237,.T.);
#7211=ORIENTED_EDGE('',*,*,#5238,.T.);
#7212=ORIENTED_EDGE('',*,*,#5239,.F.);
#7213=ORIENTED_EDGE('',*,*,#5240,.T.);
#7214=ORIENTED_EDGE('',*,*,#5241,.T.);
#7215=ORIENTED_EDGE('',*,*,#5242,.T.);
#7216=ORIENTED_EDGE('',*,*,#5243,.F.);
#7217=ORIENTED_EDGE('',*,*,#5244,.T.);
#7218=ORIENTED_EDGE('',*,*,#5245,.F.);
#7219=ORIENTED_EDGE('',*,*,#5246,.T.);
#7220=ORIENTED_EDGE('',*,*,#5247,.T.);
#7221=ORIENTED_EDGE('',*,*,#5248,.T.);
#7222=ORIENTED_EDGE('',*,*,#5249,.T.);
#7223=ORIENTED_EDGE('',*,*,#5250,.T.);
#7224=ORIENTED_EDGE('',*,*,#5251,.F.);
#7225=ORIENTED_EDGE('',*,*,#5252,.T.);
#7226=ORIENTED_EDGE('',*,*,#5247,.F.);
#7227=ORIENTED_EDGE('',*,*,#5253,.T.);
#7228=ORIENTED_EDGE('',*,*,#5241,.F.);
#7229=ORIENTED_EDGE('',*,*,#5254,.T.);
#7230=ORIENTED_EDGE('',*,*,#5237,.F.);
#7231=ORIENTED_EDGE('',*,*,#5255,.T.);
#7232=ORIENTED_EDGE('',*,*,#5233,.F.);
#7233=ORIENTED_EDGE('',*,*,#5256,.T.);
#7234=ORIENTED_EDGE('',*,*,#4593,.F.);
#7235=ORIENTED_EDGE('',*,*,#5232,.F.);
#7236=ORIENTED_EDGE('',*,*,#5257,.T.);
#7237=ORIENTED_EDGE('',*,*,#5249,.F.);
#7238=ORIENTED_EDGE('',*,*,#5258,.T.);
#7239=ORIENTED_EDGE('',*,*,#5243,.T.);
#7240=ORIENTED_EDGE('',*,*,#5259,.T.);
#7241=ORIENTED_EDGE('',*,*,#5245,.T.);
#7242=ORIENTED_EDGE('',*,*,#5260,.T.);
#7243=ORIENTED_EDGE('',*,*,#5251,.T.);
#7244=ORIENTED_EDGE('',*,*,#5261,.T.);
#7245=ORIENTED_EDGE('',*,*,#5230,.T.);
#7246=ORIENTED_EDGE('',*,*,#4575,.T.);
#7247=ORIENTED_EDGE('',*,*,#5262,.T.);
#7248=ORIENTED_EDGE('',*,*,#5235,.T.);
#7249=ORIENTED_EDGE('',*,*,#5263,.T.);
#7250=ORIENTED_EDGE('',*,*,#5239,.T.);
#7251=ORIENTED_EDGE('',*,*,#5264,.T.);
#7252=ORIENTED_EDGE('',*,*,#5258,.F.);
#7253=ORIENTED_EDGE('',*,*,#5252,.F.);
#7254=ORIENTED_EDGE('',*,*,#5260,.F.);
#7255=ORIENTED_EDGE('',*,*,#5248,.F.);
#7256=ORIENTED_EDGE('',*,*,#5256,.F.);
#7257=ORIENTED_EDGE('',*,*,#5236,.F.);
#7258=ORIENTED_EDGE('',*,*,#5262,.F.);
#7259=ORIENTED_EDGE('',*,*,#4574,.F.);
#7260=ORIENTED_EDGE('',*,*,#5255,.F.);
#7261=ORIENTED_EDGE('',*,*,#5240,.F.);
#7262=ORIENTED_EDGE('',*,*,#5263,.F.);
#7263=ORIENTED_EDGE('',*,*,#5234,.F.);
#7264=ORIENTED_EDGE('',*,*,#5254,.F.);
#7265=ORIENTED_EDGE('',*,*,#5244,.F.);
#7266=ORIENTED_EDGE('',*,*,#5264,.F.);
#7267=ORIENTED_EDGE('',*,*,#5238,.F.);
#7268=ORIENTED_EDGE('',*,*,#5257,.F.);
#7269=ORIENTED_EDGE('',*,*,#5231,.F.);
#7270=ORIENTED_EDGE('',*,*,#5261,.F.);
#7271=ORIENTED_EDGE('',*,*,#5250,.F.);
#7272=ORIENTED_EDGE('',*,*,#5253,.F.);
#7273=ORIENTED_EDGE('',*,*,#5246,.F.);
#7274=ORIENTED_EDGE('',*,*,#5259,.F.);
#7275=ORIENTED_EDGE('',*,*,#5242,.F.);
#7276=ORIENTED_EDGE('',*,*,#5265,.F.);
#7277=ORIENTED_EDGE('',*,*,#5266,.F.);
#7278=ORIENTED_EDGE('',*,*,#5267,.T.);
#7279=ORIENTED_EDGE('',*,*,#5268,.F.);
#7280=ORIENTED_EDGE('',*,*,#5269,.F.);
#7281=ORIENTED_EDGE('',*,*,#5270,.T.);
#7282=ORIENTED_EDGE('',*,*,#5271,.T.);
#7283=ORIENTED_EDGE('',*,*,#5272,.F.);
#7284=ORIENTED_EDGE('',*,*,#5267,.F.);
#7285=ORIENTED_EDGE('',*,*,#5273,.T.);
#7286=ORIENTED_EDGE('',*,*,#5274,.T.);
#7287=ORIENTED_EDGE('',*,*,#5275,.F.);
#7288=ORIENTED_EDGE('',*,*,#5276,.T.);
#7289=ORIENTED_EDGE('',*,*,#5277,.F.);
#7290=ORIENTED_EDGE('',*,*,#5271,.F.);
#7291=ORIENTED_EDGE('',*,*,#5278,.T.);
#7292=ORIENTED_EDGE('',*,*,#5279,.T.);
#7293=ORIENTED_EDGE('',*,*,#5280,.T.);
#7294=ORIENTED_EDGE('',*,*,#5281,.F.);
#7295=ORIENTED_EDGE('',*,*,#5282,.F.);
#7296=ORIENTED_EDGE('',*,*,#5283,.T.);
#7297=ORIENTED_EDGE('',*,*,#5284,.T.);
#7298=ORIENTED_EDGE('',*,*,#5285,.T.);
#7299=ORIENTED_EDGE('',*,*,#5286,.T.);
#7300=ORIENTED_EDGE('',*,*,#5287,.F.);
#7301=ORIENTED_EDGE('',*,*,#5288,.T.);
#7302=ORIENTED_EDGE('',*,*,#5289,.F.);
#7303=ORIENTED_EDGE('',*,*,#5290,.F.);
#7304=ORIENTED_EDGE('',*,*,#5291,.F.);
#7305=ORIENTED_EDGE('',*,*,#5292,.F.);
#7306=ORIENTED_EDGE('',*,*,#5293,.T.);
#7307=ORIENTED_EDGE('',*,*,#5294,.T.);
#7308=ORIENTED_EDGE('',*,*,#5295,.T.);
#7309=ORIENTED_EDGE('',*,*,#5296,.T.);
#7310=ORIENTED_EDGE('',*,*,#5297,.F.);
#7311=ORIENTED_EDGE('',*,*,#5298,.F.);
#7312=ORIENTED_EDGE('',*,*,#5299,.T.);
#7313=ORIENTED_EDGE('',*,*,#5300,.T.);
#7314=ORIENTED_EDGE('',*,*,#5301,.F.);
#7315=ORIENTED_EDGE('',*,*,#5302,.F.);
#7316=ORIENTED_EDGE('',*,*,#5303,.T.);
#7317=ORIENTED_EDGE('',*,*,#5304,.T.);
#7318=ORIENTED_EDGE('',*,*,#5305,.T.);
#7319=ORIENTED_EDGE('',*,*,#5306,.F.);
#7320=ORIENTED_EDGE('',*,*,#5307,.T.);
#7321=ORIENTED_EDGE('',*,*,#5308,.T.);
#7322=ORIENTED_EDGE('',*,*,#5309,.F.);
#7323=ORIENTED_EDGE('',*,*,#5310,.F.);
#7324=ORIENTED_EDGE('',*,*,#5311,.F.);
#7325=ORIENTED_EDGE('',*,*,#5312,.F.);
#7326=ORIENTED_EDGE('',*,*,#5313,.T.);
#7327=ORIENTED_EDGE('',*,*,#5314,.T.);
#7328=ORIENTED_EDGE('',*,*,#5315,.F.);
#7329=ORIENTED_EDGE('',*,*,#5274,.F.);
#7330=ORIENTED_EDGE('',*,*,#5316,.T.);
#7331=ORIENTED_EDGE('',*,*,#5317,.T.);
#7332=ORIENTED_EDGE('',*,*,#5318,.T.);
#7333=ORIENTED_EDGE('',*,*,#5276,.F.);
#7334=ORIENTED_EDGE('',*,*,#5319,.T.);
#7335=ORIENTED_EDGE('',*,*,#5320,.T.);
#7336=ORIENTED_EDGE('',*,*,#5321,.F.);
#7337=ORIENTED_EDGE('',*,*,#5322,.F.);
#7338=ORIENTED_EDGE('',*,*,#5323,.T.);
#7339=ORIENTED_EDGE('',*,*,#5324,.T.);
#7340=ORIENTED_EDGE('',*,*,#5325,.T.);
#7341=ORIENTED_EDGE('',*,*,#5326,.T.);
#7342=ORIENTED_EDGE('',*,*,#5327,.F.);
#7343=ORIENTED_EDGE('',*,*,#5328,.F.);
#7344=ORIENTED_EDGE('',*,*,#5329,.T.);
#7345=ORIENTED_EDGE('',*,*,#5330,.T.);
#7346=ORIENTED_EDGE('',*,*,#5331,.T.);
#7347=ORIENTED_EDGE('',*,*,#5332,.T.);
#7348=ORIENTED_EDGE('',*,*,#5333,.T.);
#7349=ORIENTED_EDGE('',*,*,#5334,.T.);
#7350=ORIENTED_EDGE('',*,*,#5335,.F.);
#7351=ORIENTED_EDGE('',*,*,#5336,.F.);
#7352=ORIENTED_EDGE('',*,*,#5337,.T.);
#7353=ORIENTED_EDGE('',*,*,#5338,.T.);
#7354=ORIENTED_EDGE('',*,*,#5339,.F.);
#7355=ORIENTED_EDGE('',*,*,#5288,.F.);
#7356=ORIENTED_EDGE('',*,*,#5340,.F.);
#7357=ORIENTED_EDGE('',*,*,#5341,.F.);
#7358=ORIENTED_EDGE('',*,*,#5342,.T.);
#7359=ORIENTED_EDGE('',*,*,#5284,.F.);
#7360=ORIENTED_EDGE('',*,*,#5343,.T.);
#7361=ORIENTED_EDGE('',*,*,#5344,.T.);
#7362=ORIENTED_EDGE('',*,*,#5345,.F.);
#7363=ORIENTED_EDGE('',*,*,#5280,.F.);
#7364=ORIENTED_EDGE('',*,*,#5346,.F.);
#7365=ORIENTED_EDGE('',*,*,#5347,.F.);
#7366=ORIENTED_EDGE('',*,*,#5348,.F.);
#7367=ORIENTED_EDGE('',*,*,#5349,.F.);
#7368=ORIENTED_EDGE('',*,*,#5350,.F.);
#7369=ORIENTED_EDGE('',*,*,#5351,.F.);
#7370=ORIENTED_EDGE('',*,*,#5352,.F.);
#7371=ORIENTED_EDGE('',*,*,#5353,.F.);
#7372=ORIENTED_EDGE('',*,*,#5354,.F.);
#7373=ORIENTED_EDGE('',*,*,#5355,.F.);
#7374=ORIENTED_EDGE('',*,*,#5356,.F.);
#7375=ORIENTED_EDGE('',*,*,#5357,.F.);
#7376=ORIENTED_EDGE('',*,*,#5358,.F.);
#7377=ORIENTED_EDGE('',*,*,#5359,.F.);
#7378=ORIENTED_EDGE('',*,*,#5360,.T.);
#7379=ORIENTED_EDGE('',*,*,#5282,.T.);
#7380=ORIENTED_EDGE('',*,*,#5361,.F.);
#7381=ORIENTED_EDGE('',*,*,#5362,.F.);
#7382=ORIENTED_EDGE('',*,*,#5363,.F.);
#7383=ORIENTED_EDGE('',*,*,#5364,.F.);
#7384=ORIENTED_EDGE('',*,*,#5365,.F.);
#7385=ORIENTED_EDGE('',*,*,#5366,.F.);
#7386=ORIENTED_EDGE('',*,*,#5367,.F.);
#7387=ORIENTED_EDGE('',*,*,#5368,.F.);
#7388=ORIENTED_EDGE('',*,*,#5369,.F.);
#7389=ORIENTED_EDGE('',*,*,#5370,.F.);
#7390=ORIENTED_EDGE('',*,*,#5371,.F.);
#7391=ORIENTED_EDGE('',*,*,#5372,.F.);
#7392=ORIENTED_EDGE('',*,*,#5373,.T.);
#7393=ORIENTED_EDGE('',*,*,#5374,.T.);
#7394=ORIENTED_EDGE('',*,*,#5375,.T.);
#7395=ORIENTED_EDGE('',*,*,#5376,.T.);
#7396=ORIENTED_EDGE('',*,*,#5377,.F.);
#7397=ORIENTED_EDGE('',*,*,#5378,.T.);
#7398=ORIENTED_EDGE('',*,*,#5379,.F.);
#7399=ORIENTED_EDGE('',*,*,#5380,.F.);
#7400=ORIENTED_EDGE('',*,*,#5381,.F.);
#7401=ORIENTED_EDGE('',*,*,#5382,.F.);
#7402=ORIENTED_EDGE('',*,*,#5383,.F.);
#7403=ORIENTED_EDGE('',*,*,#5384,.T.);
#7404=ORIENTED_EDGE('',*,*,#5385,.T.);
#7405=ORIENTED_EDGE('',*,*,#5386,.F.);
#7406=ORIENTED_EDGE('',*,*,#5387,.F.);
#7407=ORIENTED_EDGE('',*,*,#5388,.F.);
#7408=ORIENTED_EDGE('',*,*,#5383,.T.);
#7409=ORIENTED_EDGE('',*,*,#5389,.T.);
#7410=ORIENTED_EDGE('',*,*,#5330,.F.);
#7411=ORIENTED_EDGE('',*,*,#5390,.T.);
#7412=ORIENTED_EDGE('',*,*,#5334,.F.);
#7413=ORIENTED_EDGE('',*,*,#5391,.F.);
#7414=ORIENTED_EDGE('',*,*,#5387,.T.);
#7415=ORIENTED_EDGE('',*,*,#5392,.F.);
#7416=ORIENTED_EDGE('',*,*,#5393,.F.);
#7417=ORIENTED_EDGE('',*,*,#5344,.F.);
#7418=ORIENTED_EDGE('',*,*,#5394,.T.);
#7419=ORIENTED_EDGE('',*,*,#5395,.T.);
#7420=ORIENTED_EDGE('',*,*,#5396,.F.);
#7421=ORIENTED_EDGE('',*,*,#5397,.F.);
#7422=ORIENTED_EDGE('',*,*,#5398,.T.);
#7423=ORIENTED_EDGE('',*,*,#5399,.T.);
#7424=ORIENTED_EDGE('',*,*,#5400,.F.);
#7425=ORIENTED_EDGE('',*,*,#5376,.F.);
#7426=ORIENTED_EDGE('',*,*,#5401,.T.);
#7427=ORIENTED_EDGE('',*,*,#5380,.T.);
#7428=ORIENTED_EDGE('',*,*,#5402,.F.);
#7429=ORIENTED_EDGE('',*,*,#5403,.F.);
#7430=ORIENTED_EDGE('',*,*,#5404,.T.);
#7431=ORIENTED_EDGE('',*,*,#5405,.T.);
#7432=ORIENTED_EDGE('',*,*,#5406,.T.);
#7433=ORIENTED_EDGE('',*,*,#5407,.T.);
#7434=ORIENTED_EDGE('',*,*,#5408,.T.);
#7435=ORIENTED_EDGE('',*,*,#5312,.T.);
#7436=ORIENTED_EDGE('',*,*,#5409,.F.);
#7437=ORIENTED_EDGE('',*,*,#5410,.T.);
#7438=ORIENTED_EDGE('',*,*,#5411,.F.);
#7439=ORIENTED_EDGE('',*,*,#5314,.F.);
#7440=ORIENTED_EDGE('',*,*,#5412,.T.);
#7441=ORIENTED_EDGE('',*,*,#5413,.T.);
#7442=ORIENTED_EDGE('',*,*,#5414,.T.);
#7443=ORIENTED_EDGE('',*,*,#5292,.T.);
#7444=ORIENTED_EDGE('',*,*,#5415,.F.);
#7445=ORIENTED_EDGE('',*,*,#5416,.T.);
#7446=ORIENTED_EDGE('',*,*,#5417,.F.);
#7447=ORIENTED_EDGE('',*,*,#5294,.F.);
#7448=ORIENTED_EDGE('',*,*,#5418,.T.);
#7449=ORIENTED_EDGE('',*,*,#5419,.F.);
#7450=ORIENTED_EDGE('',*,*,#5420,.F.);
#7451=ORIENTED_EDGE('',*,*,#5421,.F.);
#7452=ORIENTED_EDGE('',*,*,#5422,.T.);
#7453=ORIENTED_EDGE('',*,*,#5423,.F.);
#7454=ORIENTED_EDGE('',*,*,#5424,.F.);
#7455=ORIENTED_EDGE('',*,*,#5425,.T.);
#7456=ORIENTED_EDGE('',*,*,#5306,.T.);
#7457=ORIENTED_EDGE('',*,*,#5426,.F.);
#7458=ORIENTED_EDGE('',*,*,#5418,.F.);
#7459=ORIENTED_EDGE('',*,*,#5427,.T.);
#7460=ORIENTED_EDGE('',*,*,#5422,.F.);
#7461=ORIENTED_EDGE('',*,*,#5428,.T.);
#7462=ORIENTED_EDGE('',*,*,#5302,.T.);
#7463=ORIENTED_EDGE('',*,*,#5429,.F.);
#7464=ORIENTED_EDGE('',*,*,#5430,.F.);
#7465=ORIENTED_EDGE('',*,*,#5395,.F.);
#7466=ORIENTED_EDGE('',*,*,#5431,.T.);
#7467=ORIENTED_EDGE('',*,*,#5359,.T.);
#7468=ORIENTED_EDGE('',*,*,#5431,.F.);
#7469=ORIENTED_EDGE('',*,*,#5394,.F.);
#7470=ORIENTED_EDGE('',*,*,#5343,.F.);
#7471=ORIENTED_EDGE('',*,*,#5283,.F.);
#7472=ORIENTED_EDGE('',*,*,#5360,.F.);
#7473=ORIENTED_EDGE('',*,*,#5430,.T.);
#7474=ORIENTED_EDGE('',*,*,#5358,.T.);
#7475=ORIENTED_EDGE('',*,*,#5281,.T.);
#7476=ORIENTED_EDGE('',*,*,#5345,.T.);
#7477=ORIENTED_EDGE('',*,*,#5393,.T.);
#7478=ORIENTED_EDGE('',*,*,#5432,.F.);
#7479=ORIENTED_EDGE('',*,*,#5286,.F.);
#7480=ORIENTED_EDGE('',*,*,#5433,.T.);
#7481=ORIENTED_EDGE('',*,*,#5434,.T.);
#7482=ORIENTED_EDGE('',*,*,#5435,.F.);
#7483=ORIENTED_EDGE('',*,*,#5434,.F.);
#7484=ORIENTED_EDGE('',*,*,#5436,.T.);
#7485=ORIENTED_EDGE('',*,*,#5437,.T.);
#7486=ORIENTED_EDGE('',*,*,#5438,.F.);
#7487=ORIENTED_EDGE('',*,*,#5437,.F.);
#7488=ORIENTED_EDGE('',*,*,#5439,.T.);
#7489=ORIENTED_EDGE('',*,*,#5341,.T.);
#7490=ORIENTED_EDGE('',*,*,#5285,.F.);
#7491=ORIENTED_EDGE('',*,*,#5342,.F.);
#7492=ORIENTED_EDGE('',*,*,#5439,.F.);
#7493=ORIENTED_EDGE('',*,*,#5436,.F.);
#7494=ORIENTED_EDGE('',*,*,#5433,.F.);
#7495=ORIENTED_EDGE('',*,*,#5287,.T.);
#7496=ORIENTED_EDGE('',*,*,#5432,.T.);
#7497=ORIENTED_EDGE('',*,*,#5435,.T.);
#7498=ORIENTED_EDGE('',*,*,#5438,.T.);
#7499=ORIENTED_EDGE('',*,*,#5340,.T.);
#7500=ORIENTED_EDGE('',*,*,#5440,.F.);
#7501=ORIENTED_EDGE('',*,*,#5441,.F.);
#7502=ORIENTED_EDGE('',*,*,#5442,.T.);
#7503=ORIENTED_EDGE('',*,*,#5424,.T.);
#7504=ORIENTED_EDGE('',*,*,#5443,.F.);
#7505=ORIENTED_EDGE('',*,*,#5300,.F.);
#7506=ORIENTED_EDGE('',*,*,#5444,.T.);
#7507=ORIENTED_EDGE('',*,*,#5441,.T.);
#7508=ORIENTED_EDGE('',*,*,#5442,.F.);
#7509=ORIENTED_EDGE('',*,*,#5444,.F.);
#7510=ORIENTED_EDGE('',*,*,#5299,.F.);
#7511=ORIENTED_EDGE('',*,*,#5427,.F.);
#7512=ORIENTED_EDGE('',*,*,#5425,.F.);
#7513=ORIENTED_EDGE('',*,*,#5440,.T.);
#7514=ORIENTED_EDGE('',*,*,#5423,.T.);
#7515=ORIENTED_EDGE('',*,*,#5429,.T.);
#7516=ORIENTED_EDGE('',*,*,#5301,.T.);
#7517=ORIENTED_EDGE('',*,*,#5443,.T.);
#7518=ORIENTED_EDGE('',*,*,#5445,.F.);
#7519=ORIENTED_EDGE('',*,*,#5446,.F.);
#7520=ORIENTED_EDGE('',*,*,#5447,.T.);
#7521=ORIENTED_EDGE('',*,*,#5298,.T.);
#7522=ORIENTED_EDGE('',*,*,#5448,.F.);
#7523=ORIENTED_EDGE('',*,*,#5296,.F.);
#7524=ORIENTED_EDGE('',*,*,#5449,.T.);
#7525=ORIENTED_EDGE('',*,*,#5450,.T.);
#7526=ORIENTED_EDGE('',*,*,#5451,.F.);
#7527=ORIENTED_EDGE('',*,*,#5450,.F.);
#7528=ORIENTED_EDGE('',*,*,#5452,.T.);
#7529=ORIENTED_EDGE('',*,*,#5446,.T.);
#7530=ORIENTED_EDGE('',*,*,#5447,.F.);
#7531=ORIENTED_EDGE('',*,*,#5452,.F.);
#7532=ORIENTED_EDGE('',*,*,#5449,.F.);
#7533=ORIENTED_EDGE('',*,*,#5295,.F.);
#7534=ORIENTED_EDGE('',*,*,#5445,.T.);
#7535=ORIENTED_EDGE('',*,*,#5297,.T.);
#7536=ORIENTED_EDGE('',*,*,#5448,.T.);
#7537=ORIENTED_EDGE('',*,*,#5451,.T.);
#7538=ORIENTED_EDGE('',*,*,#5417,.T.);
#7539=ORIENTED_EDGE('',*,*,#5453,.F.);
#7540=ORIENTED_EDGE('',*,*,#5412,.F.);
#7541=ORIENTED_EDGE('',*,*,#5291,.T.);
#7542=ORIENTED_EDGE('',*,*,#5454,.T.);
#7543=ORIENTED_EDGE('',*,*,#5398,.F.);
#7544=ORIENTED_EDGE('',*,*,#5455,.F.);
#7545=ORIENTED_EDGE('',*,*,#5453,.T.);
#7546=ORIENTED_EDGE('',*,*,#5456,.T.);
#7547=ORIENTED_EDGE('',*,*,#5457,.F.);
#7548=ORIENTED_EDGE('',*,*,#5458,.F.);
#7549=ORIENTED_EDGE('',*,*,#5396,.T.);
#7550=ORIENTED_EDGE('',*,*,#5415,.T.);
#7551=ORIENTED_EDGE('',*,*,#5293,.F.);
#7552=ORIENTED_EDGE('',*,*,#5414,.F.);
#7553=ORIENTED_EDGE('',*,*,#5457,.T.);
#7554=ORIENTED_EDGE('',*,*,#5413,.F.);
#7555=ORIENTED_EDGE('',*,*,#5455,.T.);
#7556=ORIENTED_EDGE('',*,*,#5397,.T.);
#7557=ORIENTED_EDGE('',*,*,#5458,.T.);
#7558=ORIENTED_EDGE('',*,*,#5416,.F.);
#7559=ORIENTED_EDGE('',*,*,#5456,.F.);
#7560=ORIENTED_EDGE('',*,*,#5399,.F.);
#7561=ORIENTED_EDGE('',*,*,#5454,.F.);
#7562=ORIENTED_EDGE('',*,*,#5459,.F.);
#7563=ORIENTED_EDGE('',*,*,#5419,.T.);
#7564=ORIENTED_EDGE('',*,*,#5426,.T.);
#7565=ORIENTED_EDGE('',*,*,#5305,.F.);
#7566=ORIENTED_EDGE('',*,*,#5460,.F.);
#7567=ORIENTED_EDGE('',*,*,#5420,.T.);
#7568=ORIENTED_EDGE('',*,*,#5459,.T.);
#7569=ORIENTED_EDGE('',*,*,#5304,.F.);
#7570=ORIENTED_EDGE('',*,*,#5428,.F.);
#7571=ORIENTED_EDGE('',*,*,#5421,.T.);
#7572=ORIENTED_EDGE('',*,*,#5460,.T.);
#7573=ORIENTED_EDGE('',*,*,#5303,.F.);
#7574=ORIENTED_EDGE('',*,*,#5362,.T.);
#7575=ORIENTED_EDGE('',*,*,#5461,.T.);
#7576=ORIENTED_EDGE('',*,*,#5462,.F.);
#7577=ORIENTED_EDGE('',*,*,#5463,.T.);
#7578=ORIENTED_EDGE('',*,*,#5464,.F.);
#7579=ORIENTED_EDGE('',*,*,#5465,.T.);
#7580=ORIENTED_EDGE('',*,*,#5364,.T.);
#7581=ORIENTED_EDGE('',*,*,#5466,.F.);
#7582=ORIENTED_EDGE('',*,*,#5363,.T.);
#7583=ORIENTED_EDGE('',*,*,#5463,.F.);
#7584=ORIENTED_EDGE('',*,*,#5467,.F.);
#7585=ORIENTED_EDGE('',*,*,#5466,.T.);
#7586=ORIENTED_EDGE('',*,*,#5462,.T.);
#7587=ORIENTED_EDGE('',*,*,#5468,.T.);
#7588=ORIENTED_EDGE('',*,*,#5464,.T.);
#7589=ORIENTED_EDGE('',*,*,#5467,.T.);
#7590=ORIENTED_EDGE('',*,*,#5469,.F.);
#7591=ORIENTED_EDGE('',*,*,#5470,.T.);
#7592=ORIENTED_EDGE('',*,*,#5355,.T.);
#7593=ORIENTED_EDGE('',*,*,#5471,.F.);
#7594=ORIENTED_EDGE('',*,*,#5354,.T.);
#7595=ORIENTED_EDGE('',*,*,#5472,.F.);
#7596=ORIENTED_EDGE('',*,*,#5473,.F.);
#7597=ORIENTED_EDGE('',*,*,#5471,.T.);
#7598=ORIENTED_EDGE('',*,*,#5357,.T.);
#7599=ORIENTED_EDGE('',*,*,#5474,.T.);
#7600=ORIENTED_EDGE('',*,*,#5475,.F.);
#7601=ORIENTED_EDGE('',*,*,#5472,.T.);
#7602=ORIENTED_EDGE('',*,*,#5475,.T.);
#7603=ORIENTED_EDGE('',*,*,#5476,.T.);
#7604=ORIENTED_EDGE('',*,*,#5469,.T.);
#7605=ORIENTED_EDGE('',*,*,#5473,.T.);
#7606=ORIENTED_EDGE('',*,*,#5474,.F.);
#7607=ORIENTED_EDGE('',*,*,#5356,.T.);
#7608=ORIENTED_EDGE('',*,*,#5470,.F.);
#7609=ORIENTED_EDGE('',*,*,#5476,.F.);
#7610=ORIENTED_EDGE('',*,*,#5461,.F.);
#7611=ORIENTED_EDGE('',*,*,#5361,.T.);
#7612=ORIENTED_EDGE('',*,*,#5465,.F.);
#7613=ORIENTED_EDGE('',*,*,#5468,.F.);
#7614=ORIENTED_EDGE('',*,*,#5477,.F.);
#7615=ORIENTED_EDGE('',*,*,#5478,.F.);
#7616=ORIENTED_EDGE('',*,*,#5479,.T.);
#7617=ORIENTED_EDGE('',*,*,#5269,.T.);
#7618=ORIENTED_EDGE('',*,*,#5480,.F.);
#7619=ORIENTED_EDGE('',*,*,#5320,.F.);
#7620=ORIENTED_EDGE('',*,*,#5481,.T.);
#7621=ORIENTED_EDGE('',*,*,#5478,.T.);
#7622=ORIENTED_EDGE('',*,*,#5479,.F.);
#7623=ORIENTED_EDGE('',*,*,#5481,.F.);
#7624=ORIENTED_EDGE('',*,*,#5319,.F.);
#7625=ORIENTED_EDGE('',*,*,#5278,.F.);
#7626=ORIENTED_EDGE('',*,*,#5270,.F.);
#7627=ORIENTED_EDGE('',*,*,#5477,.T.);
#7628=ORIENTED_EDGE('',*,*,#5268,.T.);
#7629=ORIENTED_EDGE('',*,*,#5275,.T.);
#7630=ORIENTED_EDGE('',*,*,#5315,.T.);
#7631=ORIENTED_EDGE('',*,*,#5480,.T.);
#7632=ORIENTED_EDGE('',*,*,#5482,.F.);
#7633=ORIENTED_EDGE('',*,*,#5483,.F.);
#7634=ORIENTED_EDGE('',*,*,#5484,.T.);
#7635=ORIENTED_EDGE('',*,*,#5310,.T.);
#7636=ORIENTED_EDGE('',*,*,#5485,.F.);
#7637=ORIENTED_EDGE('',*,*,#5308,.F.);
#7638=ORIENTED_EDGE('',*,*,#5486,.T.);
#7639=ORIENTED_EDGE('',*,*,#5487,.T.);
#7640=ORIENTED_EDGE('',*,*,#5488,.F.);
#7641=ORIENTED_EDGE('',*,*,#5487,.F.);
#7642=ORIENTED_EDGE('',*,*,#5489,.T.);
#7643=ORIENTED_EDGE('',*,*,#5483,.T.);
#7644=ORIENTED_EDGE('',*,*,#5484,.F.);
#7645=ORIENTED_EDGE('',*,*,#5489,.F.);
#7646=ORIENTED_EDGE('',*,*,#5486,.F.);
#7647=ORIENTED_EDGE('',*,*,#5307,.F.);
#7648=ORIENTED_EDGE('',*,*,#5482,.T.);
#7649=ORIENTED_EDGE('',*,*,#5309,.T.);
#7650=ORIENTED_EDGE('',*,*,#5485,.T.);
#7651=ORIENTED_EDGE('',*,*,#5488,.T.);
#7652=ORIENTED_EDGE('',*,*,#5411,.T.);
#7653=ORIENTED_EDGE('',*,*,#5490,.F.);
#7654=ORIENTED_EDGE('',*,*,#5406,.F.);
#7655=ORIENTED_EDGE('',*,*,#5311,.T.);
#7656=ORIENTED_EDGE('',*,*,#5491,.F.);
#7657=ORIENTED_EDGE('',*,*,#5490,.T.);
#7658=ORIENTED_EDGE('',*,*,#5492,.T.);
#7659=ORIENTED_EDGE('',*,*,#5404,.F.);
#7660=ORIENTED_EDGE('',*,*,#5402,.T.);
#7661=ORIENTED_EDGE('',*,*,#5493,.T.);
#7662=ORIENTED_EDGE('',*,*,#5494,.F.);
#7663=ORIENTED_EDGE('',*,*,#5495,.F.);
#7664=ORIENTED_EDGE('',*,*,#5409,.T.);
#7665=ORIENTED_EDGE('',*,*,#5313,.F.);
#7666=ORIENTED_EDGE('',*,*,#5408,.F.);
#7667=ORIENTED_EDGE('',*,*,#5494,.T.);
#7668=ORIENTED_EDGE('',*,*,#5407,.F.);
#7669=ORIENTED_EDGE('',*,*,#5491,.T.);
#7670=ORIENTED_EDGE('',*,*,#5403,.T.);
#7671=ORIENTED_EDGE('',*,*,#5495,.T.);
#7672=ORIENTED_EDGE('',*,*,#5410,.F.);
#7673=ORIENTED_EDGE('',*,*,#5493,.F.);
#7674=ORIENTED_EDGE('',*,*,#5405,.F.);
#7675=ORIENTED_EDGE('',*,*,#5492,.F.);
#7676=ORIENTED_EDGE('',*,*,#5370,.T.);
#7677=ORIENTED_EDGE('',*,*,#5496,.T.);
#7678=ORIENTED_EDGE('',*,*,#5497,.F.);
#7679=ORIENTED_EDGE('',*,*,#5498,.T.);
#7680=ORIENTED_EDGE('',*,*,#5499,.F.);
#7681=ORIENTED_EDGE('',*,*,#5500,.T.);
#7682=ORIENTED_EDGE('',*,*,#5372,.T.);
#7683=ORIENTED_EDGE('',*,*,#5501,.F.);
#7684=ORIENTED_EDGE('',*,*,#5371,.T.);
#7685=ORIENTED_EDGE('',*,*,#5498,.F.);
#7686=ORIENTED_EDGE('',*,*,#5502,.F.);
#7687=ORIENTED_EDGE('',*,*,#5501,.T.);
#7688=ORIENTED_EDGE('',*,*,#5497,.T.);
#7689=ORIENTED_EDGE('',*,*,#5503,.T.);
#7690=ORIENTED_EDGE('',*,*,#5499,.T.);
#7691=ORIENTED_EDGE('',*,*,#5502,.T.);
#7692=ORIENTED_EDGE('',*,*,#5504,.F.);
#7693=ORIENTED_EDGE('',*,*,#5505,.T.);
#7694=ORIENTED_EDGE('',*,*,#5351,.T.);
#7695=ORIENTED_EDGE('',*,*,#5506,.F.);
#7696=ORIENTED_EDGE('',*,*,#5350,.T.);
#7697=ORIENTED_EDGE('',*,*,#5507,.F.);
#7698=ORIENTED_EDGE('',*,*,#5508,.F.);
#7699=ORIENTED_EDGE('',*,*,#5506,.T.);
#7700=ORIENTED_EDGE('',*,*,#5353,.T.);
#7701=ORIENTED_EDGE('',*,*,#5509,.T.);
#7702=ORIENTED_EDGE('',*,*,#5510,.F.);
#7703=ORIENTED_EDGE('',*,*,#5507,.T.);
#7704=ORIENTED_EDGE('',*,*,#5510,.T.);
#7705=ORIENTED_EDGE('',*,*,#5511,.T.);
#7706=ORIENTED_EDGE('',*,*,#5504,.T.);
#7707=ORIENTED_EDGE('',*,*,#5508,.T.);
#7708=ORIENTED_EDGE('',*,*,#5512,.F.);
#7709=ORIENTED_EDGE('',*,*,#5513,.F.);
#7710=ORIENTED_EDGE('',*,*,#5514,.T.);
#7711=ORIENTED_EDGE('',*,*,#5290,.T.);
#7712=ORIENTED_EDGE('',*,*,#5515,.F.);
#7713=ORIENTED_EDGE('',*,*,#5338,.F.);
#7714=ORIENTED_EDGE('',*,*,#5516,.T.);
#7715=ORIENTED_EDGE('',*,*,#5517,.T.);
#7716=ORIENTED_EDGE('',*,*,#5518,.F.);
#7717=ORIENTED_EDGE('',*,*,#5517,.F.);
#7718=ORIENTED_EDGE('',*,*,#5519,.T.);
#7719=ORIENTED_EDGE('',*,*,#5513,.T.);
#7720=ORIENTED_EDGE('',*,*,#5514,.F.);
#7721=ORIENTED_EDGE('',*,*,#5519,.F.);
#7722=ORIENTED_EDGE('',*,*,#5516,.F.);
#7723=ORIENTED_EDGE('',*,*,#5337,.F.);
#7724=ORIENTED_EDGE('',*,*,#5279,.F.);
#7725=ORIENTED_EDGE('',*,*,#5512,.T.);
#7726=ORIENTED_EDGE('',*,*,#5289,.T.);
#7727=ORIENTED_EDGE('',*,*,#5339,.T.);
#7728=ORIENTED_EDGE('',*,*,#5515,.T.);
#7729=ORIENTED_EDGE('',*,*,#5518,.T.);
#7730=ORIENTED_EDGE('',*,*,#5520,.F.);
#7731=ORIENTED_EDGE('',*,*,#5385,.F.);
#7732=ORIENTED_EDGE('',*,*,#5521,.T.);
#7733=ORIENTED_EDGE('',*,*,#5522,.T.);
#7734=ORIENTED_EDGE('',*,*,#5523,.F.);
#7735=ORIENTED_EDGE('',*,*,#5522,.F.);
#7736=ORIENTED_EDGE('',*,*,#5524,.T.);
#7737=ORIENTED_EDGE('',*,*,#5336,.T.);
#7738=ORIENTED_EDGE('',*,*,#5384,.F.);
#7739=ORIENTED_EDGE('',*,*,#5390,.F.);
#7740=ORIENTED_EDGE('',*,*,#5329,.F.);
#7741=ORIENTED_EDGE('',*,*,#5524,.F.);
#7742=ORIENTED_EDGE('',*,*,#5521,.F.);
#7743=ORIENTED_EDGE('',*,*,#5386,.T.);
#7744=ORIENTED_EDGE('',*,*,#5520,.T.);
#7745=ORIENTED_EDGE('',*,*,#5523,.T.);
#7746=ORIENTED_EDGE('',*,*,#5335,.T.);
#7747=ORIENTED_EDGE('',*,*,#5392,.T.);
#7748=ORIENTED_EDGE('',*,*,#5525,.F.);
#7749=ORIENTED_EDGE('',*,*,#5326,.F.);
#7750=ORIENTED_EDGE('',*,*,#5526,.T.);
#7751=ORIENTED_EDGE('',*,*,#5527,.T.);
#7752=ORIENTED_EDGE('',*,*,#5528,.F.);
#7753=ORIENTED_EDGE('',*,*,#5527,.F.);
#7754=ORIENTED_EDGE('',*,*,#5529,.T.);
#7755=ORIENTED_EDGE('',*,*,#5530,.T.);
#7756=ORIENTED_EDGE('',*,*,#5531,.F.);
#7757=ORIENTED_EDGE('',*,*,#5530,.F.);
#7758=ORIENTED_EDGE('',*,*,#5532,.T.);
#7759=ORIENTED_EDGE('',*,*,#5328,.T.);
#7760=ORIENTED_EDGE('',*,*,#5325,.F.);
#7761=ORIENTED_EDGE('',*,*,#5532,.F.);
#7762=ORIENTED_EDGE('',*,*,#5529,.F.);
#7763=ORIENTED_EDGE('',*,*,#5526,.F.);
#7764=ORIENTED_EDGE('',*,*,#5327,.T.);
#7765=ORIENTED_EDGE('',*,*,#5525,.T.);
#7766=ORIENTED_EDGE('',*,*,#5528,.T.);
#7767=ORIENTED_EDGE('',*,*,#5531,.T.);
#7768=ORIENTED_EDGE('',*,*,#5533,.T.);
#7769=ORIENTED_EDGE('',*,*,#5323,.F.);
#7770=ORIENTED_EDGE('',*,*,#5534,.F.);
#7771=ORIENTED_EDGE('',*,*,#5535,.T.);
#7772=ORIENTED_EDGE('',*,*,#5536,.T.);
#7773=ORIENTED_EDGE('',*,*,#5537,.F.);
#7774=ORIENTED_EDGE('',*,*,#5538,.F.);
#7775=ORIENTED_EDGE('',*,*,#5321,.T.);
#7776=ORIENTED_EDGE('',*,*,#5377,.T.);
#7777=ORIENTED_EDGE('',*,*,#5401,.F.);
#7778=ORIENTED_EDGE('',*,*,#5375,.F.);
#7779=ORIENTED_EDGE('',*,*,#5537,.T.);
#7780=ORIENTED_EDGE('',*,*,#5379,.T.);
#7781=ORIENTED_EDGE('',*,*,#5535,.F.);
#7782=ORIENTED_EDGE('',*,*,#5373,.F.);
#7783=ORIENTED_EDGE('',*,*,#5400,.T.);
#7784=ORIENTED_EDGE('',*,*,#5374,.F.);
#7785=ORIENTED_EDGE('',*,*,#5534,.T.);
#7786=ORIENTED_EDGE('',*,*,#5322,.T.);
#7787=ORIENTED_EDGE('',*,*,#5538,.T.);
#7788=ORIENTED_EDGE('',*,*,#5378,.F.);
#7789=ORIENTED_EDGE('',*,*,#5536,.F.);
#7790=ORIENTED_EDGE('',*,*,#5324,.F.);
#7791=ORIENTED_EDGE('',*,*,#5533,.F.);
#7792=ORIENTED_EDGE('',*,*,#5389,.F.);
#7793=ORIENTED_EDGE('',*,*,#5382,.T.);
#7794=ORIENTED_EDGE('',*,*,#5539,.T.);
#7795=ORIENTED_EDGE('',*,*,#5331,.F.);
#7796=ORIENTED_EDGE('',*,*,#5540,.F.);
#7797=ORIENTED_EDGE('',*,*,#5388,.T.);
#7798=ORIENTED_EDGE('',*,*,#5391,.T.);
#7799=ORIENTED_EDGE('',*,*,#5333,.F.);
#7800=ORIENTED_EDGE('',*,*,#5539,.F.);
#7801=ORIENTED_EDGE('',*,*,#5381,.T.);
#7802=ORIENTED_EDGE('',*,*,#5540,.T.);
#7803=ORIENTED_EDGE('',*,*,#5332,.F.);
#7804=ORIENTED_EDGE('',*,*,#5541,.F.);
#7805=ORIENTED_EDGE('',*,*,#5542,.T.);
#7806=ORIENTED_EDGE('',*,*,#5365,.T.);
#7807=ORIENTED_EDGE('',*,*,#5543,.F.);
#7808=ORIENTED_EDGE('',*,*,#5368,.T.);
#7809=ORIENTED_EDGE('',*,*,#5544,.F.);
#7810=ORIENTED_EDGE('',*,*,#5545,.F.);
#7811=ORIENTED_EDGE('',*,*,#5543,.T.);
#7812=ORIENTED_EDGE('',*,*,#5367,.T.);
#7813=ORIENTED_EDGE('',*,*,#5546,.T.);
#7814=ORIENTED_EDGE('',*,*,#5547,.F.);
#7815=ORIENTED_EDGE('',*,*,#5544,.T.);
#7816=ORIENTED_EDGE('',*,*,#5547,.T.);
#7817=ORIENTED_EDGE('',*,*,#5548,.T.);
#7818=ORIENTED_EDGE('',*,*,#5541,.T.);
#7819=ORIENTED_EDGE('',*,*,#5545,.T.);
#7820=ORIENTED_EDGE('',*,*,#5347,.T.);
#7821=ORIENTED_EDGE('',*,*,#5549,.F.);
#7822=ORIENTED_EDGE('',*,*,#5550,.F.);
#7823=ORIENTED_EDGE('',*,*,#5551,.T.);
#7824=ORIENTED_EDGE('',*,*,#5346,.T.);
#7825=ORIENTED_EDGE('',*,*,#5552,.T.);
#7826=ORIENTED_EDGE('',*,*,#5553,.F.);
#7827=ORIENTED_EDGE('',*,*,#5549,.T.);
#7828=ORIENTED_EDGE('',*,*,#5554,.F.);
#7829=ORIENTED_EDGE('',*,*,#5555,.T.);
#7830=ORIENTED_EDGE('',*,*,#5348,.T.);
#7831=ORIENTED_EDGE('',*,*,#5551,.F.);
#7832=ORIENTED_EDGE('',*,*,#5553,.T.);
#7833=ORIENTED_EDGE('',*,*,#5556,.T.);
#7834=ORIENTED_EDGE('',*,*,#5554,.T.);
#7835=ORIENTED_EDGE('',*,*,#5550,.T.);
#7836=ORIENTED_EDGE('',*,*,#5552,.F.);
#7837=ORIENTED_EDGE('',*,*,#5349,.T.);
#7838=ORIENTED_EDGE('',*,*,#5555,.F.);
#7839=ORIENTED_EDGE('',*,*,#5556,.F.);
#7840=ORIENTED_EDGE('',*,*,#5546,.F.);
#7841=ORIENTED_EDGE('',*,*,#5366,.T.);
#7842=ORIENTED_EDGE('',*,*,#5542,.F.);
#7843=ORIENTED_EDGE('',*,*,#5548,.F.);
#7844=ORIENTED_EDGE('',*,*,#5273,.F.);
#7845=ORIENTED_EDGE('',*,*,#5266,.T.);
#7846=ORIENTED_EDGE('',*,*,#5557,.T.);
#7847=ORIENTED_EDGE('',*,*,#5316,.F.);
#7848=ORIENTED_EDGE('',*,*,#5558,.F.);
#7849=ORIENTED_EDGE('',*,*,#5272,.T.);
#7850=ORIENTED_EDGE('',*,*,#5277,.T.);
#7851=ORIENTED_EDGE('',*,*,#5318,.F.);
#7852=ORIENTED_EDGE('',*,*,#5557,.F.);
#7853=ORIENTED_EDGE('',*,*,#5265,.T.);
#7854=ORIENTED_EDGE('',*,*,#5558,.T.);
#7855=ORIENTED_EDGE('',*,*,#5317,.F.);
#7856=ORIENTED_EDGE('',*,*,#5509,.F.);
#7857=ORIENTED_EDGE('',*,*,#5352,.T.);
#7858=ORIENTED_EDGE('',*,*,#5505,.F.);
#7859=ORIENTED_EDGE('',*,*,#5511,.F.);
#7860=ORIENTED_EDGE('',*,*,#5496,.F.);
#7861=ORIENTED_EDGE('',*,*,#5369,.T.);
#7862=ORIENTED_EDGE('',*,*,#5500,.F.);
#7863=ORIENTED_EDGE('',*,*,#5503,.F.);
#7864=ORIENTED_EDGE('',*,*,#5559,.T.);
#7865=ORIENTED_EDGE('',*,*,#5560,.T.);
#7866=ORIENTED_EDGE('',*,*,#5561,.T.);
#7867=ORIENTED_EDGE('',*,*,#5562,.T.);
#7868=ORIENTED_EDGE('',*,*,#5563,.F.);
#7869=ORIENTED_EDGE('',*,*,#5564,.T.);
#7870=ORIENTED_EDGE('',*,*,#5565,.T.);
#7871=ORIENTED_EDGE('',*,*,#5566,.T.);
#7872=ORIENTED_EDGE('',*,*,#5567,.F.);
#7873=ORIENTED_EDGE('',*,*,#5568,.T.);
#7874=ORIENTED_EDGE('',*,*,#5569,.T.);
#7875=ORIENTED_EDGE('',*,*,#5560,.F.);
#7876=ORIENTED_EDGE('',*,*,#5570,.T.);
#7877=ORIENTED_EDGE('',*,*,#5571,.T.);
#7878=ORIENTED_EDGE('',*,*,#5572,.T.);
#7879=ORIENTED_EDGE('',*,*,#5573,.T.);
#7880=ORIENTED_EDGE('',*,*,#5565,.F.);
#7881=ORIENTED_EDGE('',*,*,#5574,.T.);
#7882=ORIENTED_EDGE('',*,*,#5571,.F.);
#7883=ORIENTED_EDGE('',*,*,#5575,.T.);
#7884=ORIENTED_EDGE('',*,*,#5573,.F.);
#7885=ORIENTED_EDGE('',*,*,#5576,.T.);
#7886=ORIENTED_EDGE('',*,*,#5561,.F.);
#7887=ORIENTED_EDGE('',*,*,#5569,.F.);
#7888=ORIENTED_EDGE('',*,*,#5577,.T.);
#7889=ORIENTED_EDGE('',*,*,#5578,.T.);
#7890=ORIENTED_EDGE('',*,*,#5579,.T.);
#7891=ORIENTED_EDGE('',*,*,#5580,.T.);
#7892=ORIENTED_EDGE('',*,*,#5581,.F.);
#7893=ORIENTED_EDGE('',*,*,#5580,.F.);
#7894=ORIENTED_EDGE('',*,*,#5582,.T.);
#7895=ORIENTED_EDGE('',*,*,#5581,.T.);
#7896=ORIENTED_EDGE('',*,*,#5582,.F.);
#7897=ORIENTED_EDGE('',*,*,#5583,.T.);
#7898=ORIENTED_EDGE('',*,*,#5559,.F.);
#7899=ORIENTED_EDGE('',*,*,#5583,.F.);
#7900=ORIENTED_EDGE('',*,*,#5584,.T.);
#7901=ORIENTED_EDGE('',*,*,#5566,.F.);
#7902=ORIENTED_EDGE('',*,*,#5575,.F.);
#7903=ORIENTED_EDGE('',*,*,#5570,.F.);
#7904=ORIENTED_EDGE('',*,*,#5574,.F.);
#7905=ORIENTED_EDGE('',*,*,#5564,.F.);
#7906=ORIENTED_EDGE('',*,*,#5576,.F.);
#7907=ORIENTED_EDGE('',*,*,#5572,.F.);
#7908=ORIENTED_EDGE('',*,*,#5577,.F.);
#7909=ORIENTED_EDGE('',*,*,#5568,.F.);
#7910=ORIENTED_EDGE('',*,*,#5585,.T.);
#7911=ORIENTED_EDGE('',*,*,#5562,.F.);
#7912=ORIENTED_EDGE('',*,*,#5563,.T.);
#7913=ORIENTED_EDGE('',*,*,#5585,.F.);
#7914=ORIENTED_EDGE('',*,*,#5567,.T.);
#7915=ORIENTED_EDGE('',*,*,#5584,.F.);
#7916=ORIENTED_EDGE('',*,*,#5586,.T.);
#7917=ORIENTED_EDGE('',*,*,#5587,.T.);
#7918=ORIENTED_EDGE('',*,*,#5588,.F.);
#7919=ORIENTED_EDGE('',*,*,#5587,.F.);
#7920=ORIENTED_EDGE('',*,*,#5589,.T.);
#7921=ORIENTED_EDGE('',*,*,#5588,.T.);
#7922=ORIENTED_EDGE('',*,*,#5586,.F.);
#7923=ORIENTED_EDGE('',*,*,#5578,.F.);
#7924=ORIENTED_EDGE('',*,*,#5579,.F.);
#7925=ORIENTED_EDGE('',*,*,#5590,.T.);
#7926=ORIENTED_EDGE('',*,*,#5589,.F.);
#7927=ORIENTED_EDGE('',*,*,#5590,.F.);
#7928=ORIENTED_EDGE('',*,*,#5591,.T.);
#7929=ORIENTED_EDGE('',*,*,#5592,.F.);
#7930=ORIENTED_EDGE('',*,*,#5593,.F.);
#7931=ORIENTED_EDGE('',*,*,#5594,.T.);
#7932=ORIENTED_EDGE('',*,*,#5595,.T.);
#7933=ORIENTED_EDGE('',*,*,#5596,.T.);
#7934=ORIENTED_EDGE('',*,*,#5597,.T.);
#7935=ORIENTED_EDGE('',*,*,#5598,.F.);
#7936=ORIENTED_EDGE('',*,*,#5599,.T.);
#7937=ORIENTED_EDGE('',*,*,#5600,.T.);
#7938=ORIENTED_EDGE('',*,*,#5601,.F.);
#7939=ORIENTED_EDGE('',*,*,#5602,.F.);
#7940=ORIENTED_EDGE('',*,*,#5603,.T.);
#7941=ORIENTED_EDGE('',*,*,#5600,.F.);
#7942=ORIENTED_EDGE('',*,*,#5604,.T.);
#7943=ORIENTED_EDGE('',*,*,#5605,.T.);
#7944=ORIENTED_EDGE('',*,*,#5606,.F.);
#7945=ORIENTED_EDGE('',*,*,#5607,.T.);
#7946=ORIENTED_EDGE('',*,*,#5608,.T.);
#7947=ORIENTED_EDGE('',*,*,#5609,.T.);
#7948=ORIENTED_EDGE('',*,*,#5596,.F.);
#7949=ORIENTED_EDGE('',*,*,#5610,.T.);
#7950=ORIENTED_EDGE('',*,*,#5605,.F.);
#7951=ORIENTED_EDGE('',*,*,#5611,.T.);
#7952=ORIENTED_EDGE('',*,*,#5612,.F.);
#7953=ORIENTED_EDGE('',*,*,#5613,.T.);
#7954=ORIENTED_EDGE('',*,*,#5607,.F.);
#7955=ORIENTED_EDGE('',*,*,#5614,.T.);
#7956=ORIENTED_EDGE('',*,*,#5615,.T.);
#7957=ORIENTED_EDGE('',*,*,#5616,.F.);
#7958=ORIENTED_EDGE('',*,*,#5617,.T.);
#7959=ORIENTED_EDGE('',*,*,#5618,.F.);
#7960=ORIENTED_EDGE('',*,*,#5619,.F.);
#7961=ORIENTED_EDGE('',*,*,#5592,.T.);
#7962=ORIENTED_EDGE('',*,*,#5601,.T.);
#7963=ORIENTED_EDGE('',*,*,#5606,.T.);
#7964=ORIENTED_EDGE('',*,*,#5616,.T.);
#7965=ORIENTED_EDGE('',*,*,#5620,.T.);
#7966=ORIENTED_EDGE('',*,*,#5621,.T.);
#7967=ORIENTED_EDGE('',*,*,#5594,.F.);
#7968=ORIENTED_EDGE('',*,*,#5622,.F.);
#7969=ORIENTED_EDGE('',*,*,#5623,.T.);
#7970=ORIENTED_EDGE('',*,*,#5603,.F.);
#7971=ORIENTED_EDGE('',*,*,#5624,.F.);
#7972=ORIENTED_EDGE('',*,*,#5614,.F.);
#7973=ORIENTED_EDGE('',*,*,#5610,.F.);
#7974=ORIENTED_EDGE('',*,*,#5625,.T.);
#7975=ORIENTED_EDGE('',*,*,#5623,.F.);
#7976=ORIENTED_EDGE('',*,*,#5626,.F.);
#7977=ORIENTED_EDGE('',*,*,#5618,.T.);
#7978=ORIENTED_EDGE('',*,*,#5619,.T.);
#7979=ORIENTED_EDGE('',*,*,#5626,.T.);
#7980=ORIENTED_EDGE('',*,*,#5622,.T.);
#7981=ORIENTED_EDGE('',*,*,#5593,.T.);
#7982=ORIENTED_EDGE('',*,*,#5617,.F.);
#7983=ORIENTED_EDGE('',*,*,#5591,.F.);
#7984=ORIENTED_EDGE('',*,*,#5621,.F.);
#7985=ORIENTED_EDGE('',*,*,#5625,.F.);
#7986=ORIENTED_EDGE('',*,*,#5624,.T.);
#7987=ORIENTED_EDGE('',*,*,#5602,.T.);
#7988=ORIENTED_EDGE('',*,*,#5620,.F.);
#7989=ORIENTED_EDGE('',*,*,#5615,.F.);
#7990=ORIENTED_EDGE('',*,*,#5598,.T.);
#7991=ORIENTED_EDGE('',*,*,#5627,.F.);
#7992=ORIENTED_EDGE('',*,*,#5627,.T.);
#7993=ORIENTED_EDGE('',*,*,#5597,.F.);
#7994=ORIENTED_EDGE('',*,*,#5609,.F.);
#7995=ORIENTED_EDGE('',*,*,#5628,.T.);
#7996=ORIENTED_EDGE('',*,*,#5595,.F.);
#7997=ORIENTED_EDGE('',*,*,#5628,.F.);
#7998=ORIENTED_EDGE('',*,*,#5608,.F.);
#7999=ORIENTED_EDGE('',*,*,#5613,.F.);
#8000=ORIENTED_EDGE('',*,*,#5629,.T.);
#8001=ORIENTED_EDGE('',*,*,#5611,.F.);
#8002=ORIENTED_EDGE('',*,*,#5604,.F.);
#8003=ORIENTED_EDGE('',*,*,#5599,.F.);
#8004=ORIENTED_EDGE('',*,*,#5612,.T.);
#8005=ORIENTED_EDGE('',*,*,#5629,.F.);
#8006=ORIENTED_EDGE('',*,*,#5630,.F.);
#8007=ORIENTED_EDGE('',*,*,#5631,.T.);
#8008=ORIENTED_EDGE('',*,*,#5632,.F.);
#8009=ORIENTED_EDGE('',*,*,#5633,.T.);
#8010=ORIENTED_EDGE('',*,*,#5634,.F.);
#8011=ORIENTED_EDGE('',*,*,#5635,.T.);
#8012=ORIENTED_EDGE('',*,*,#5633,.F.);
#8013=ORIENTED_EDGE('',*,*,#5636,.F.);
#8014=ORIENTED_EDGE('',*,*,#5637,.T.);
#8015=ORIENTED_EDGE('',*,*,#5638,.F.);
#8016=ORIENTED_EDGE('',*,*,#5637,.F.);
#8017=ORIENTED_EDGE('',*,*,#5639,.F.);
#8018=ORIENTED_EDGE('',*,*,#5640,.T.);
#8019=ORIENTED_EDGE('',*,*,#5641,.F.);
#8020=ORIENTED_EDGE('',*,*,#5640,.F.);
#8021=ORIENTED_EDGE('',*,*,#5642,.F.);
#8022=ORIENTED_EDGE('',*,*,#5643,.T.);
#8023=ORIENTED_EDGE('',*,*,#5644,.F.);
#8024=ORIENTED_EDGE('',*,*,#5645,.F.);
#8025=ORIENTED_EDGE('',*,*,#5646,.T.);
#8026=ORIENTED_EDGE('',*,*,#5647,.T.);
#8027=ORIENTED_EDGE('',*,*,#5648,.T.);
#8028=ORIENTED_EDGE('',*,*,#5649,.F.);
#8029=ORIENTED_EDGE('',*,*,#5650,.F.);
#8030=ORIENTED_EDGE('',*,*,#5651,.F.);
#8031=ORIENTED_EDGE('',*,*,#5650,.T.);
#8032=ORIENTED_EDGE('',*,*,#5652,.F.);
#8033=ORIENTED_EDGE('',*,*,#5653,.F.);
#8034=ORIENTED_EDGE('',*,*,#5654,.F.);
#8035=ORIENTED_EDGE('',*,*,#5653,.T.);
#8036=ORIENTED_EDGE('',*,*,#5655,.F.);
#8037=ORIENTED_EDGE('',*,*,#5656,.F.);
#8038=ORIENTED_EDGE('',*,*,#5657,.F.);
#8039=ORIENTED_EDGE('',*,*,#5656,.T.);
#8040=ORIENTED_EDGE('',*,*,#5658,.F.);
#8041=ORIENTED_EDGE('',*,*,#5659,.F.);
#8042=ORIENTED_EDGE('',*,*,#5660,.T.);
#8043=ORIENTED_EDGE('',*,*,#5661,.F.);
#8044=ORIENTED_EDGE('',*,*,#5662,.F.);
#8045=ORIENTED_EDGE('',*,*,#5663,.F.);
#8046=ORIENTED_EDGE('',*,*,#5664,.F.);
#8047=ORIENTED_EDGE('',*,*,#5665,.T.);
#8048=ORIENTED_EDGE('',*,*,#5666,.T.);
#8049=ORIENTED_EDGE('',*,*,#5667,.T.);
#8050=ORIENTED_EDGE('',*,*,#5668,.T.);
#8051=ORIENTED_EDGE('',*,*,#5669,.F.);
#8052=ORIENTED_EDGE('',*,*,#5670,.T.);
#8053=ORIENTED_EDGE('',*,*,#5671,.F.);
#8054=ORIENTED_EDGE('',*,*,#5670,.F.);
#8055=ORIENTED_EDGE('',*,*,#5672,.F.);
#8056=ORIENTED_EDGE('',*,*,#5673,.T.);
#8057=ORIENTED_EDGE('',*,*,#5674,.F.);
#8058=ORIENTED_EDGE('',*,*,#5673,.F.);
#8059=ORIENTED_EDGE('',*,*,#5675,.F.);
#8060=ORIENTED_EDGE('',*,*,#5676,.T.);
#8061=ORIENTED_EDGE('',*,*,#5677,.F.);
#8062=ORIENTED_EDGE('',*,*,#5676,.F.);
#8063=ORIENTED_EDGE('',*,*,#5678,.F.);
#8064=ORIENTED_EDGE('',*,*,#5679,.T.);
#8065=ORIENTED_EDGE('',*,*,#5680,.T.);
#8066=ORIENTED_EDGE('',*,*,#5681,.T.);
#8067=ORIENTED_EDGE('',*,*,#5682,.F.);
#8068=ORIENTED_EDGE('',*,*,#5683,.F.);
#8069=ORIENTED_EDGE('',*,*,#5684,.F.);
#8070=ORIENTED_EDGE('',*,*,#5685,.F.);
#8071=ORIENTED_EDGE('',*,*,#5686,.F.);
#8072=ORIENTED_EDGE('',*,*,#5687,.F.);
#8073=ORIENTED_EDGE('',*,*,#5686,.T.);
#8074=ORIENTED_EDGE('',*,*,#5688,.F.);
#8075=ORIENTED_EDGE('',*,*,#5689,.F.);
#8076=ORIENTED_EDGE('',*,*,#5690,.F.);
#8077=ORIENTED_EDGE('',*,*,#5689,.T.);
#8078=ORIENTED_EDGE('',*,*,#5691,.F.);
#8079=ORIENTED_EDGE('',*,*,#5692,.F.);
#8080=ORIENTED_EDGE('',*,*,#5693,.F.);
#8081=ORIENTED_EDGE('',*,*,#5692,.T.);
#8082=ORIENTED_EDGE('',*,*,#5694,.F.);
#8083=ORIENTED_EDGE('',*,*,#5695,.T.);
#8084=ORIENTED_EDGE('',*,*,#5696,.F.);
#8085=ORIENTED_EDGE('',*,*,#5697,.T.);
#8086=ORIENTED_EDGE('',*,*,#5698,.T.);
#8087=ORIENTED_EDGE('',*,*,#5699,.T.);
#8088=ORIENTED_EDGE('',*,*,#5700,.T.);
#8089=ORIENTED_EDGE('',*,*,#5701,.F.);
#8090=ORIENTED_EDGE('',*,*,#5702,.T.);
#8091=ORIENTED_EDGE('',*,*,#5703,.T.);
#8092=ORIENTED_EDGE('',*,*,#5704,.F.);
#8093=ORIENTED_EDGE('',*,*,#5705,.F.);
#8094=ORIENTED_EDGE('',*,*,#5706,.F.);
#8095=ORIENTED_EDGE('',*,*,#5707,.F.);
#8096=ORIENTED_EDGE('',*,*,#5708,.T.);
#8097=ORIENTED_EDGE('',*,*,#5709,.T.);
#8098=ORIENTED_EDGE('',*,*,#5710,.F.);
#8099=ORIENTED_EDGE('',*,*,#5711,.F.);
#8100=ORIENTED_EDGE('',*,*,#5712,.F.);
#8101=ORIENTED_EDGE('',*,*,#5713,.F.);
#8102=ORIENTED_EDGE('',*,*,#5714,.T.);
#8103=ORIENTED_EDGE('',*,*,#5715,.F.);
#8104=ORIENTED_EDGE('',*,*,#5716,.F.);
#8105=ORIENTED_EDGE('',*,*,#5717,.T.);
#8106=ORIENTED_EDGE('',*,*,#5718,.F.);
#8107=ORIENTED_EDGE('',*,*,#5719,.T.);
#8108=ORIENTED_EDGE('',*,*,#5720,.F.);
#8109=ORIENTED_EDGE('',*,*,#5721,.F.);
#8110=ORIENTED_EDGE('',*,*,#5722,.T.);
#8111=ORIENTED_EDGE('',*,*,#5723,.T.);
#8112=ORIENTED_EDGE('',*,*,#5724,.F.);
#8113=ORIENTED_EDGE('',*,*,#5725,.F.);
#8114=ORIENTED_EDGE('',*,*,#5713,.T.);
#8115=ORIENTED_EDGE('',*,*,#5726,.T.);
#8116=ORIENTED_EDGE('',*,*,#5704,.T.);
#8117=ORIENTED_EDGE('',*,*,#5727,.T.);
#8118=ORIENTED_EDGE('',*,*,#5728,.F.);
#8119=ORIENTED_EDGE('',*,*,#5715,.T.);
#8120=ORIENTED_EDGE('',*,*,#5729,.T.);
#8121=ORIENTED_EDGE('',*,*,#5730,.F.);
#8122=ORIENTED_EDGE('',*,*,#5731,.F.);
#8123=ORIENTED_EDGE('',*,*,#5732,.T.);
#8124=ORIENTED_EDGE('',*,*,#5733,.T.);
#8125=ORIENTED_EDGE('',*,*,#5734,.T.);
#8126=ORIENTED_EDGE('',*,*,#5735,.T.);
#8127=ORIENTED_EDGE('',*,*,#5736,.T.);
#8128=ORIENTED_EDGE('',*,*,#5737,.T.);
#8129=ORIENTED_EDGE('',*,*,#5738,.T.);
#8130=ORIENTED_EDGE('',*,*,#5739,.T.);
#8131=ORIENTED_EDGE('',*,*,#5740,.T.);
#8132=ORIENTED_EDGE('',*,*,#5741,.T.);
#8133=ORIENTED_EDGE('',*,*,#5742,.T.);
#8134=ORIENTED_EDGE('',*,*,#5702,.F.);
#8135=ORIENTED_EDGE('',*,*,#5743,.F.);
#8136=ORIENTED_EDGE('',*,*,#5744,.F.);
#8137=ORIENTED_EDGE('',*,*,#5745,.F.);
#8138=ORIENTED_EDGE('',*,*,#5746,.F.);
#8139=ORIENTED_EDGE('',*,*,#5747,.F.);
#8140=ORIENTED_EDGE('',*,*,#5748,.F.);
#8141=ORIENTED_EDGE('',*,*,#5749,.F.);
#8142=ORIENTED_EDGE('',*,*,#5750,.F.);
#8143=ORIENTED_EDGE('',*,*,#5751,.F.);
#8144=ORIENTED_EDGE('',*,*,#5752,.T.);
#8145=ORIENTED_EDGE('',*,*,#5753,.T.);
#8146=ORIENTED_EDGE('',*,*,#5754,.F.);
#8147=ORIENTED_EDGE('',*,*,#5755,.T.);
#8148=ORIENTED_EDGE('',*,*,#5756,.F.);
#8149=ORIENTED_EDGE('',*,*,#5757,.T.);
#8150=ORIENTED_EDGE('',*,*,#5758,.T.);
#8151=ORIENTED_EDGE('',*,*,#5759,.T.);
#8152=ORIENTED_EDGE('',*,*,#5760,.T.);
#8153=ORIENTED_EDGE('',*,*,#5761,.T.);
#8154=ORIENTED_EDGE('',*,*,#5762,.T.);
#8155=ORIENTED_EDGE('',*,*,#5763,.T.);
#8156=ORIENTED_EDGE('',*,*,#5764,.T.);
#8157=ORIENTED_EDGE('',*,*,#5765,.T.);
#8158=ORIENTED_EDGE('',*,*,#5766,.T.);
#8159=ORIENTED_EDGE('',*,*,#5767,.F.);
#8160=ORIENTED_EDGE('',*,*,#5768,.F.);
#8161=ORIENTED_EDGE('',*,*,#5769,.T.);
#8162=ORIENTED_EDGE('',*,*,#5770,.F.);
#8163=ORIENTED_EDGE('',*,*,#5771,.F.);
#8164=ORIENTED_EDGE('',*,*,#5772,.F.);
#8165=ORIENTED_EDGE('',*,*,#5773,.F.);
#8166=ORIENTED_EDGE('',*,*,#5774,.F.);
#8167=ORIENTED_EDGE('',*,*,#5775,.F.);
#8168=ORIENTED_EDGE('',*,*,#5776,.F.);
#8169=ORIENTED_EDGE('',*,*,#5777,.F.);
#8170=ORIENTED_EDGE('',*,*,#5745,.T.);
#8171=ORIENTED_EDGE('',*,*,#5778,.T.);
#8172=ORIENTED_EDGE('',*,*,#5765,.F.);
#8173=ORIENTED_EDGE('',*,*,#5779,.T.);
#8174=ORIENTED_EDGE('',*,*,#5780,.T.);
#8175=ORIENTED_EDGE('',*,*,#5781,.T.);
#8176=ORIENTED_EDGE('',*,*,#5782,.F.);
#8177=ORIENTED_EDGE('',*,*,#5783,.T.);
#8178=ORIENTED_EDGE('',*,*,#5733,.F.);
#8179=ORIENTED_EDGE('',*,*,#5784,.T.);
#8180=ORIENTED_EDGE('',*,*,#5780,.F.);
#8181=ORIENTED_EDGE('',*,*,#5785,.T.);
#8182=ORIENTED_EDGE('',*,*,#5756,.T.);
#8183=ORIENTED_EDGE('',*,*,#5786,.T.);
#8184=ORIENTED_EDGE('',*,*,#5734,.F.);
#8185=ORIENTED_EDGE('',*,*,#5786,.F.);
#8186=ORIENTED_EDGE('',*,*,#5777,.T.);
#8187=ORIENTED_EDGE('',*,*,#5787,.T.);
#8188=ORIENTED_EDGE('',*,*,#5735,.F.);
#8189=ORIENTED_EDGE('',*,*,#5787,.F.);
#8190=ORIENTED_EDGE('',*,*,#5776,.T.);
#8191=ORIENTED_EDGE('',*,*,#5788,.T.);
#8192=ORIENTED_EDGE('',*,*,#5736,.F.);
#8193=ORIENTED_EDGE('',*,*,#5788,.F.);
#8194=ORIENTED_EDGE('',*,*,#5775,.T.);
#8195=ORIENTED_EDGE('',*,*,#5789,.T.);
#8196=ORIENTED_EDGE('',*,*,#5737,.F.);
#8197=ORIENTED_EDGE('',*,*,#5789,.F.);
#8198=ORIENTED_EDGE('',*,*,#5774,.T.);
#8199=ORIENTED_EDGE('',*,*,#5790,.T.);
#8200=ORIENTED_EDGE('',*,*,#5738,.F.);
#8201=ORIENTED_EDGE('',*,*,#5790,.F.);
#8202=ORIENTED_EDGE('',*,*,#5773,.T.);
#8203=ORIENTED_EDGE('',*,*,#5791,.T.);
#8204=ORIENTED_EDGE('',*,*,#5739,.F.);
#8205=ORIENTED_EDGE('',*,*,#5791,.F.);
#8206=ORIENTED_EDGE('',*,*,#5772,.T.);
#8207=ORIENTED_EDGE('',*,*,#5792,.T.);
#8208=ORIENTED_EDGE('',*,*,#5793,.F.);
#8209=ORIENTED_EDGE('',*,*,#5740,.F.);
#8210=ORIENTED_EDGE('',*,*,#5792,.F.);
#8211=ORIENTED_EDGE('',*,*,#5771,.T.);
#8212=ORIENTED_EDGE('',*,*,#5782,.T.);
#8213=ORIENTED_EDGE('',*,*,#5794,.T.);
#8214=ORIENTED_EDGE('',*,*,#5731,.T.);
#8215=ORIENTED_EDGE('',*,*,#5795,.F.);
#8216=ORIENTED_EDGE('',*,*,#5758,.F.);
#8217=ORIENTED_EDGE('',*,*,#5796,.T.);
#8218=ORIENTED_EDGE('',*,*,#5751,.T.);
#8219=ORIENTED_EDGE('',*,*,#5797,.F.);
#8220=ORIENTED_EDGE('',*,*,#5759,.F.);
#8221=ORIENTED_EDGE('',*,*,#5795,.T.);
#8222=ORIENTED_EDGE('',*,*,#5750,.T.);
#8223=ORIENTED_EDGE('',*,*,#5798,.F.);
#8224=ORIENTED_EDGE('',*,*,#5760,.F.);
#8225=ORIENTED_EDGE('',*,*,#5797,.T.);
#8226=ORIENTED_EDGE('',*,*,#5749,.T.);
#8227=ORIENTED_EDGE('',*,*,#5799,.F.);
#8228=ORIENTED_EDGE('',*,*,#5761,.F.);
#8229=ORIENTED_EDGE('',*,*,#5798,.T.);
#8230=ORIENTED_EDGE('',*,*,#5748,.T.);
#8231=ORIENTED_EDGE('',*,*,#5800,.F.);
#8232=ORIENTED_EDGE('',*,*,#5762,.F.);
#8233=ORIENTED_EDGE('',*,*,#5799,.T.);
#8234=ORIENTED_EDGE('',*,*,#5747,.T.);
#8235=ORIENTED_EDGE('',*,*,#5801,.F.);
#8236=ORIENTED_EDGE('',*,*,#5763,.F.);
#8237=ORIENTED_EDGE('',*,*,#5800,.T.);
#8238=ORIENTED_EDGE('',*,*,#5746,.T.);
#8239=ORIENTED_EDGE('',*,*,#5779,.F.);
#8240=ORIENTED_EDGE('',*,*,#5764,.F.);
#8241=ORIENTED_EDGE('',*,*,#5801,.T.);
#8242=ORIENTED_EDGE('',*,*,#5743,.T.);
#8243=ORIENTED_EDGE('',*,*,#5802,.F.);
#8244=ORIENTED_EDGE('',*,*,#5728,.T.);
#8245=ORIENTED_EDGE('',*,*,#5803,.T.);
#8246=ORIENTED_EDGE('',*,*,#5754,.T.);
#8247=ORIENTED_EDGE('',*,*,#5804,.F.);
#8248=ORIENTED_EDGE('',*,*,#5805,.F.);
#8249=ORIENTED_EDGE('',*,*,#5806,.F.);
#8250=ORIENTED_EDGE('',*,*,#5767,.T.);
#8251=ORIENTED_EDGE('',*,*,#5807,.T.);
#8252=ORIENTED_EDGE('',*,*,#5769,.F.);
#8253=ORIENTED_EDGE('',*,*,#5808,.T.);
#8254=ORIENTED_EDGE('',*,*,#5809,.T.);
#8255=ORIENTED_EDGE('',*,*,#5810,.T.);
#8256=ORIENTED_EDGE('',*,*,#5752,.F.);
#8257=ORIENTED_EDGE('',*,*,#5811,.F.);
#8258=ORIENTED_EDGE('',*,*,#5729,.F.);
#8259=ORIENTED_EDGE('',*,*,#5812,.T.);
#8260=ORIENTED_EDGE('',*,*,#5742,.F.);
#8261=ORIENTED_EDGE('',*,*,#5813,.F.);
#8262=ORIENTED_EDGE('',*,*,#5811,.T.);
#8263=ORIENTED_EDGE('',*,*,#5755,.F.);
#8264=ORIENTED_EDGE('',*,*,#5803,.F.);
#8265=ORIENTED_EDGE('',*,*,#5730,.T.);
#8266=ORIENTED_EDGE('',*,*,#5778,.F.);
#8267=ORIENTED_EDGE('',*,*,#5744,.T.);
#8268=ORIENTED_EDGE('',*,*,#5807,.F.);
#8269=ORIENTED_EDGE('',*,*,#5766,.F.);
#8270=ORIENTED_EDGE('',*,*,#5793,.T.);
#8271=ORIENTED_EDGE('',*,*,#5770,.T.);
#8272=ORIENTED_EDGE('',*,*,#5813,.T.);
#8273=ORIENTED_EDGE('',*,*,#5741,.F.);
#8274=ORIENTED_EDGE('',*,*,#5804,.T.);
#8275=ORIENTED_EDGE('',*,*,#5753,.F.);
#8276=ORIENTED_EDGE('',*,*,#5810,.F.);
#8277=ORIENTED_EDGE('',*,*,#5814,.T.);
#8278=ORIENTED_EDGE('',*,*,#5805,.T.);
#8279=ORIENTED_EDGE('',*,*,#5814,.F.);
#8280=ORIENTED_EDGE('',*,*,#5809,.F.);
#8281=ORIENTED_EDGE('',*,*,#5815,.T.);
#8282=ORIENTED_EDGE('',*,*,#5806,.T.);
#8283=ORIENTED_EDGE('',*,*,#5815,.F.);
#8284=ORIENTED_EDGE('',*,*,#5808,.F.);
#8285=ORIENTED_EDGE('',*,*,#5768,.T.);
#8286=ORIENTED_EDGE('',*,*,#5816,.F.);
#8287=ORIENTED_EDGE('',*,*,#5717,.F.);
#8288=ORIENTED_EDGE('',*,*,#5817,.F.);
#8289=ORIENTED_EDGE('',*,*,#5700,.F.);
#8290=ORIENTED_EDGE('',*,*,#5714,.F.);
#8291=ORIENTED_EDGE('',*,*,#5727,.F.);
#8292=ORIENTED_EDGE('',*,*,#5703,.F.);
#8293=ORIENTED_EDGE('',*,*,#5812,.F.);
#8294=ORIENTED_EDGE('',*,*,#5716,.T.);
#8295=ORIENTED_EDGE('',*,*,#5802,.T.);
#8296=ORIENTED_EDGE('',*,*,#5701,.T.);
#8297=ORIENTED_EDGE('',*,*,#5817,.T.);
#8298=ORIENTED_EDGE('',*,*,#5721,.T.);
#8299=ORIENTED_EDGE('',*,*,#5684,.T.);
#8300=ORIENTED_EDGE('',*,*,#5706,.T.);
#8301=ORIENTED_EDGE('',*,*,#5818,.T.);
#8302=ORIENTED_EDGE('',*,*,#5711,.T.);
#8303=ORIENTED_EDGE('',*,*,#5659,.T.);
#8304=ORIENTED_EDGE('',*,*,#5663,.T.);
#8305=ORIENTED_EDGE('',*,*,#5819,.T.);
#8306=ORIENTED_EDGE('',*,*,#5820,.F.);
#8307=ORIENTED_EDGE('',*,*,#5698,.F.);
#8308=ORIENTED_EDGE('',*,*,#5668,.F.);
#8309=ORIENTED_EDGE('',*,*,#5719,.F.);
#8310=ORIENTED_EDGE('',*,*,#5821,.F.);
#8311=ORIENTED_EDGE('',*,*,#5665,.F.);
#8312=ORIENTED_EDGE('',*,*,#5643,.F.);
#8313=ORIENTED_EDGE('',*,*,#5709,.F.);
#8314=ORIENTED_EDGE('',*,*,#5726,.F.);
#8315=ORIENTED_EDGE('',*,*,#5712,.T.);
#8316=ORIENTED_EDGE('',*,*,#5818,.F.);
#8317=ORIENTED_EDGE('',*,*,#5705,.T.);
#8318=ORIENTED_EDGE('',*,*,#5816,.T.);
#8319=ORIENTED_EDGE('',*,*,#5699,.F.);
#8320=ORIENTED_EDGE('',*,*,#5820,.T.);
#8321=ORIENTED_EDGE('',*,*,#5708,.F.);
#8322=ORIENTED_EDGE('',*,*,#5660,.F.);
#8323=ORIENTED_EDGE('',*,*,#5822,.F.);
#8324=ORIENTED_EDGE('',*,*,#5724,.T.);
#8325=ORIENTED_EDGE('',*,*,#5823,.T.);
#8326=ORIENTED_EDGE('',*,*,#5662,.T.);
#8327=ORIENTED_EDGE('',*,*,#5824,.F.);
#8328=ORIENTED_EDGE('',*,*,#5722,.F.);
#8329=ORIENTED_EDGE('',*,*,#5819,.F.);
#8330=ORIENTED_EDGE('',*,*,#5661,.T.);
#8331=ORIENTED_EDGE('',*,*,#5823,.F.);
#8332=ORIENTED_EDGE('',*,*,#5723,.F.);
#8333=ORIENTED_EDGE('',*,*,#5824,.T.);
#8334=ORIENTED_EDGE('',*,*,#5666,.F.);
#8335=ORIENTED_EDGE('',*,*,#5821,.T.);
#8336=ORIENTED_EDGE('',*,*,#5718,.T.);
#8337=ORIENTED_EDGE('',*,*,#5825,.T.);
#8338=ORIENTED_EDGE('',*,*,#5667,.F.);
#8339=ORIENTED_EDGE('',*,*,#5825,.F.);
#8340=ORIENTED_EDGE('',*,*,#5725,.T.);
#8341=ORIENTED_EDGE('',*,*,#5822,.T.);
#8342=ORIENTED_EDGE('',*,*,#5826,.F.);
#8343=ORIENTED_EDGE('',*,*,#5827,.T.);
#8344=ORIENTED_EDGE('',*,*,#5828,.T.);
#8345=ORIENTED_EDGE('',*,*,#5829,.T.);
#8346=ORIENTED_EDGE('',*,*,#5830,.T.);
#8347=ORIENTED_EDGE('',*,*,#5831,.F.);
#8348=ORIENTED_EDGE('',*,*,#5832,.F.);
#8349=ORIENTED_EDGE('',*,*,#5833,.T.);
#8350=ORIENTED_EDGE('',*,*,#5834,.T.);
#8351=ORIENTED_EDGE('',*,*,#5835,.T.);
#8352=ORIENTED_EDGE('',*,*,#5836,.F.);
#8353=ORIENTED_EDGE('',*,*,#5837,.T.);
#8354=ORIENTED_EDGE('',*,*,#5838,.T.);
#8355=ORIENTED_EDGE('',*,*,#5839,.T.);
#8356=ORIENTED_EDGE('',*,*,#5840,.T.);
#8357=ORIENTED_EDGE('',*,*,#5841,.F.);
#8358=ORIENTED_EDGE('',*,*,#5842,.T.);
#8359=ORIENTED_EDGE('',*,*,#5843,.T.);
#8360=ORIENTED_EDGE('',*,*,#5826,.T.);
#8361=ORIENTED_EDGE('',*,*,#5844,.T.);
#8362=ORIENTED_EDGE('',*,*,#5838,.F.);
#8363=ORIENTED_EDGE('',*,*,#5845,.T.);
#8364=ORIENTED_EDGE('',*,*,#5846,.T.);
#8365=ORIENTED_EDGE('',*,*,#5680,.F.);
#8366=ORIENTED_EDGE('',*,*,#5831,.T.);
#8367=ORIENTED_EDGE('',*,*,#5847,.T.);
#8368=ORIENTED_EDGE('',*,*,#5832,.T.);
#8369=ORIENTED_EDGE('',*,*,#5848,.T.);
#8370=ORIENTED_EDGE('',*,*,#5839,.F.);
#8371=ORIENTED_EDGE('',*,*,#5844,.F.);
#8372=ORIENTED_EDGE('',*,*,#5828,.F.);
#8373=ORIENTED_EDGE('',*,*,#5849,.T.);
#8374=ORIENTED_EDGE('',*,*,#5850,.T.);
#8375=ORIENTED_EDGE('',*,*,#5696,.T.);
#8376=ORIENTED_EDGE('',*,*,#5851,.T.);
#8377=ORIENTED_EDGE('',*,*,#5852,.T.);
#8378=ORIENTED_EDGE('',*,*,#5836,.T.);
#8379=ORIENTED_EDGE('',*,*,#5853,.F.);
#8380=ORIENTED_EDGE('',*,*,#5834,.F.);
#8381=ORIENTED_EDGE('',*,*,#5854,.T.);
#8382=ORIENTED_EDGE('',*,*,#5829,.F.);
#8383=ORIENTED_EDGE('',*,*,#5853,.T.);
#8384=ORIENTED_EDGE('',*,*,#5841,.T.);
#8385=ORIENTED_EDGE('',*,*,#5855,.T.);
#8386=ORIENTED_EDGE('',*,*,#5682,.T.);
#8387=ORIENTED_EDGE('',*,*,#5856,.T.);
#8388=ORIENTED_EDGE('',*,*,#5694,.T.);
#8389=ORIENTED_EDGE('',*,*,#5691,.T.);
#8390=ORIENTED_EDGE('',*,*,#5688,.T.);
#8391=ORIENTED_EDGE('',*,*,#5685,.T.);
#8392=ORIENTED_EDGE('',*,*,#5720,.T.);
#8393=ORIENTED_EDGE('',*,*,#5671,.T.);
#8394=ORIENTED_EDGE('',*,*,#5674,.T.);
#8395=ORIENTED_EDGE('',*,*,#5677,.T.);
#8396=ORIENTED_EDGE('',*,*,#5693,.T.);
#8397=ORIENTED_EDGE('',*,*,#5857,.T.);
#8398=ORIENTED_EDGE('',*,*,#5678,.T.);
#8399=ORIENTED_EDGE('',*,*,#5675,.T.);
#8400=ORIENTED_EDGE('',*,*,#5672,.T.);
#8401=ORIENTED_EDGE('',*,*,#5669,.T.);
#8402=ORIENTED_EDGE('',*,*,#5707,.T.);
#8403=ORIENTED_EDGE('',*,*,#5683,.T.);
#8404=ORIENTED_EDGE('',*,*,#5687,.T.);
#8405=ORIENTED_EDGE('',*,*,#5690,.T.);
#8406=ORIENTED_EDGE('',*,*,#5850,.F.);
#8407=ORIENTED_EDGE('',*,*,#5858,.T.);
#8408=ORIENTED_EDGE('',*,*,#5842,.F.);
#8409=ORIENTED_EDGE('',*,*,#5679,.F.);
#8410=ORIENTED_EDGE('',*,*,#5857,.F.);
#8411=ORIENTED_EDGE('',*,*,#5697,.F.);
#8412=ORIENTED_EDGE('',*,*,#5846,.F.);
#8413=ORIENTED_EDGE('',*,*,#5859,.T.);
#8414=ORIENTED_EDGE('',*,*,#5851,.F.);
#8415=ORIENTED_EDGE('',*,*,#5695,.F.);
#8416=ORIENTED_EDGE('',*,*,#5856,.F.);
#8417=ORIENTED_EDGE('',*,*,#5681,.F.);
#8418=ORIENTED_EDGE('',*,*,#5849,.F.);
#8419=ORIENTED_EDGE('',*,*,#5827,.F.);
#8420=ORIENTED_EDGE('',*,*,#5843,.F.);
#8421=ORIENTED_EDGE('',*,*,#5858,.F.);
#8422=ORIENTED_EDGE('',*,*,#5845,.F.);
#8423=ORIENTED_EDGE('',*,*,#5837,.F.);
#8424=ORIENTED_EDGE('',*,*,#5852,.F.);
#8425=ORIENTED_EDGE('',*,*,#5859,.F.);
#8426=ORIENTED_EDGE('',*,*,#5854,.F.);
#8427=ORIENTED_EDGE('',*,*,#5833,.F.);
#8428=ORIENTED_EDGE('',*,*,#5847,.F.);
#8429=ORIENTED_EDGE('',*,*,#5830,.F.);
#8430=ORIENTED_EDGE('',*,*,#5855,.F.);
#8431=ORIENTED_EDGE('',*,*,#5840,.F.);
#8432=ORIENTED_EDGE('',*,*,#5848,.F.);
#8433=ORIENTED_EDGE('',*,*,#5835,.F.);
#8434=ORIENTED_EDGE('',*,*,#5860,.T.);
#8435=ORIENTED_EDGE('',*,*,#5861,.T.);
#8436=ORIENTED_EDGE('',*,*,#5862,.F.);
#8437=ORIENTED_EDGE('',*,*,#5863,.F.);
#8438=ORIENTED_EDGE('',*,*,#5864,.T.);
#8439=ORIENTED_EDGE('',*,*,#5865,.T.);
#8440=ORIENTED_EDGE('',*,*,#5866,.T.);
#8441=ORIENTED_EDGE('',*,*,#5867,.T.);
#8442=ORIENTED_EDGE('',*,*,#5868,.F.);
#8443=ORIENTED_EDGE('',*,*,#5869,.F.);
#8444=ORIENTED_EDGE('',*,*,#5870,.T.);
#8445=ORIENTED_EDGE('',*,*,#5871,.T.);
#8446=ORIENTED_EDGE('',*,*,#5872,.F.);
#8447=ORIENTED_EDGE('',*,*,#5873,.T.);
#8448=ORIENTED_EDGE('',*,*,#5874,.T.);
#8449=ORIENTED_EDGE('',*,*,#5875,.T.);
#8450=ORIENTED_EDGE('',*,*,#5874,.F.);
#8451=ORIENTED_EDGE('',*,*,#5876,.T.);
#8452=ORIENTED_EDGE('',*,*,#5863,.T.);
#8453=ORIENTED_EDGE('',*,*,#5877,.T.);
#8454=ORIENTED_EDGE('',*,*,#5871,.F.);
#8455=ORIENTED_EDGE('',*,*,#5878,.T.);
#8456=ORIENTED_EDGE('',*,*,#5862,.T.);
#8457=ORIENTED_EDGE('',*,*,#5879,.T.);
#8458=ORIENTED_EDGE('',*,*,#5880,.T.);
#8459=ORIENTED_EDGE('',*,*,#5630,.T.);
#8460=ORIENTED_EDGE('',*,*,#5881,.T.);
#8461=ORIENTED_EDGE('',*,*,#5882,.T.);
#8462=ORIENTED_EDGE('',*,*,#5866,.F.);
#8463=ORIENTED_EDGE('',*,*,#5877,.F.);
#8464=ORIENTED_EDGE('',*,*,#5865,.F.);
#8465=ORIENTED_EDGE('',*,*,#5883,.T.);
#8466=ORIENTED_EDGE('',*,*,#5872,.T.);
#8467=ORIENTED_EDGE('',*,*,#5884,.T.);
#8468=ORIENTED_EDGE('',*,*,#5869,.T.);
#8469=ORIENTED_EDGE('',*,*,#5885,.F.);
#8470=ORIENTED_EDGE('',*,*,#5886,.T.);
#8471=ORIENTED_EDGE('',*,*,#5887,.T.);
#8472=ORIENTED_EDGE('',*,*,#5860,.F.);
#8473=ORIENTED_EDGE('',*,*,#5885,.T.);
#8474=ORIENTED_EDGE('',*,*,#5868,.T.);
#8475=ORIENTED_EDGE('',*,*,#5888,.T.);
#8476=ORIENTED_EDGE('',*,*,#5889,.T.);
#8477=ORIENTED_EDGE('',*,*,#5647,.F.);
#8478=ORIENTED_EDGE('',*,*,#5649,.T.);
#8479=ORIENTED_EDGE('',*,*,#5890,.T.);
#8480=ORIENTED_EDGE('',*,*,#5634,.T.);
#8481=ORIENTED_EDGE('',*,*,#5638,.T.);
#8482=ORIENTED_EDGE('',*,*,#5641,.T.);
#8483=ORIENTED_EDGE('',*,*,#5644,.T.);
#8484=ORIENTED_EDGE('',*,*,#5664,.T.);
#8485=ORIENTED_EDGE('',*,*,#5658,.T.);
#8486=ORIENTED_EDGE('',*,*,#5655,.T.);
#8487=ORIENTED_EDGE('',*,*,#5652,.T.);
#8488=ORIENTED_EDGE('',*,*,#5632,.T.);
#8489=ORIENTED_EDGE('',*,*,#5891,.T.);
#8490=ORIENTED_EDGE('',*,*,#5645,.T.);
#8491=ORIENTED_EDGE('',*,*,#5651,.T.);
#8492=ORIENTED_EDGE('',*,*,#5654,.T.);
#8493=ORIENTED_EDGE('',*,*,#5657,.T.);
#8494=ORIENTED_EDGE('',*,*,#5710,.T.);
#8495=ORIENTED_EDGE('',*,*,#5642,.T.);
#8496=ORIENTED_EDGE('',*,*,#5639,.T.);
#8497=ORIENTED_EDGE('',*,*,#5636,.T.);
#8498=ORIENTED_EDGE('',*,*,#5880,.F.);
#8499=ORIENTED_EDGE('',*,*,#5892,.T.);
#8500=ORIENTED_EDGE('',*,*,#5886,.F.);
#8501=ORIENTED_EDGE('',*,*,#5646,.F.);
#8502=ORIENTED_EDGE('',*,*,#5891,.F.);
#8503=ORIENTED_EDGE('',*,*,#5631,.F.);
#8504=ORIENTED_EDGE('',*,*,#5889,.F.);
#8505=ORIENTED_EDGE('',*,*,#5893,.T.);
#8506=ORIENTED_EDGE('',*,*,#5881,.F.);
#8507=ORIENTED_EDGE('',*,*,#5635,.F.);
#8508=ORIENTED_EDGE('',*,*,#5890,.F.);
#8509=ORIENTED_EDGE('',*,*,#5648,.F.);
#8510=ORIENTED_EDGE('',*,*,#5879,.F.);
#8511=ORIENTED_EDGE('',*,*,#5861,.F.);
#8512=ORIENTED_EDGE('',*,*,#5887,.F.);
#8513=ORIENTED_EDGE('',*,*,#5892,.F.);
#8514=ORIENTED_EDGE('',*,*,#5888,.F.);
#8515=ORIENTED_EDGE('',*,*,#5867,.F.);
#8516=ORIENTED_EDGE('',*,*,#5882,.F.);
#8517=ORIENTED_EDGE('',*,*,#5893,.F.);
#8518=ORIENTED_EDGE('',*,*,#5883,.F.);
#8519=ORIENTED_EDGE('',*,*,#5864,.F.);
#8520=ORIENTED_EDGE('',*,*,#5876,.F.);
#8521=ORIENTED_EDGE('',*,*,#5873,.F.);
#8522=ORIENTED_EDGE('',*,*,#5884,.F.);
#8523=ORIENTED_EDGE('',*,*,#5875,.F.);
#8524=ORIENTED_EDGE('',*,*,#5878,.F.);
#8525=ORIENTED_EDGE('',*,*,#5870,.F.);
#8526=ORIENTED_EDGE('',*,*,#5794,.F.);
#8527=ORIENTED_EDGE('',*,*,#5781,.F.);
#8528=ORIENTED_EDGE('',*,*,#5784,.F.);
#8529=ORIENTED_EDGE('',*,*,#5732,.F.);
#8530=ORIENTED_EDGE('',*,*,#5796,.F.);
#8531=ORIENTED_EDGE('',*,*,#5757,.F.);
#8532=ORIENTED_EDGE('',*,*,#5785,.F.);
#8533=ORIENTED_EDGE('',*,*,#5783,.F.);
#8534=PLANE('',#9483);
#8535=PLANE('',#9484);
#8536=PLANE('',#9485);
#8537=PLANE('',#9486);
#8538=PLANE('',#9487);
#8539=PLANE('',#9488);
#8540=PLANE('',#9489);
#8541=PLANE('',#9494);
#8542=PLANE('',#9495);
#8543=PLANE('',#9496);
#8544=PLANE('',#9497);
#8545=PLANE('',#9498);
#8546=PLANE('',#9499);
#8547=PLANE('',#9500);
#8548=PLANE('',#9505);
#8549=PLANE('',#9509);
#8550=PLANE('',#9510);
#8551=PLANE('',#9512);
#8552=PLANE('',#9513);
#8553=PLANE('',#9515);
#8554=PLANE('',#9518);
#8555=PLANE('',#9529);
#8556=PLANE('',#9530);
#8557=PLANE('',#9531);
#8558=PLANE('',#9533);
#8559=PLANE('',#9534);
#8560=PLANE('',#9535);
#8561=PLANE('',#9536);
#8562=PLANE('',#9537);
#8563=PLANE('',#9538);
#8564=PLANE('',#9539);
#8565=PLANE('',#9540);
#8566=PLANE('',#9542);
#8567=PLANE('',#9545);
#8568=PLANE('',#9546);
#8569=PLANE('',#9548);
#8570=PLANE('',#9549);
#8571=PLANE('',#9550);
#8572=PLANE('',#9551);
#8573=PLANE('',#9552);
#8574=PLANE('',#9553);
#8575=PLANE('',#9554);
#8576=PLANE('',#9557);
#8577=PLANE('',#9560);
#8578=PLANE('',#9561);
#8579=PLANE('',#9562);
#8580=PLANE('',#9564);
#8581=PLANE('',#9565);
#8582=PLANE('',#9566);
#8583=PLANE('',#9567);
#8584=PLANE('',#9568);
#8585=PLANE('',#9569);
#8586=PLANE('',#9570);
#8587=PLANE('',#9571);
#8588=PLANE('',#9572);
#8589=PLANE('',#9573);
#8590=PLANE('',#9574);
#8591=PLANE('',#9575);
#8592=PLANE('',#9576);
#8593=PLANE('',#9577);
#8594=PLANE('',#9578);
#8595=PLANE('',#9579);
#8596=PLANE('',#9580);
#8597=PLANE('',#9581);
#8598=PLANE('',#9582);
#8599=PLANE('',#9583);
#8600=PLANE('',#9584);
#8601=PLANE('',#9585);
#8602=PLANE('',#9586);
#8603=PLANE('',#9587);
#8604=PLANE('',#9588);
#8605=PLANE('',#9592);
#8606=PLANE('',#9593);
#8607=PLANE('',#9594);
#8608=PLANE('',#9595);
#8609=PLANE('',#9596);
#8610=PLANE('',#9597);
#8611=PLANE('',#9598);
#8612=PLANE('',#9599);
#8613=PLANE('',#9603);
#8614=PLANE('',#9604);
#8615=PLANE('',#9605);
#8616=PLANE('',#9606);
#8617=PLANE('',#9607);
#8618=PLANE('',#9611);
#8619=PLANE('',#9613);
#8620=PLANE('',#9614);
#8621=PLANE('',#9615);
#8622=PLANE('',#9616);
#8623=PLANE('',#9617);
#8624=PLANE('',#9621);
#8625=PLANE('',#9622);
#8626=PLANE('',#9625);
#8627=PLANE('',#9630);
#8628=PLANE('',#9631);
#8629=PLANE('',#9632);
#8630=PLANE('',#9633);
#8631=PLANE('',#9634);
#8632=PLANE('',#9635);
#8633=PLANE('',#9636);
#8634=PLANE('',#9637);
#8635=PLANE('',#9639);
#8636=PLANE('',#9640);
#8637=PLANE('',#9641);
#8638=PLANE('',#9642);
#8639=PLANE('',#9643);
#8640=PLANE('',#9644);
#8641=PLANE('',#9645);
#8642=PLANE('',#9646);
#8643=PLANE('',#9647);
#8644=PLANE('',#9648);
#8645=PLANE('',#9652);
#8646=PLANE('',#9653);
#8647=PLANE('',#9654);
#8648=PLANE('',#9655);
#8649=PLANE('',#9656);
#8650=PLANE('',#9657);
#8651=PLANE('',#9658);
#8652=PLANE('',#9659);
#8653=PLANE('',#9663);
#8654=PLANE('',#9664);
#8655=PLANE('',#9665);
#8656=PLANE('',#9666);
#8657=PLANE('',#9669);
#8658=PLANE('',#9671);
#8659=PLANE('',#9673);
#8660=PLANE('',#9676);
#8661=PLANE('',#9677);
#8662=PLANE('',#9678);
#8663=PLANE('',#9679);
#8664=PLANE('',#9680);
#8665=PLANE('',#9681);
#8666=PLANE('',#9682);
#8667=PLANE('',#9683);
#8668=PLANE('',#9684);
#8669=PLANE('',#9685);
#8670=PLANE('',#9686);
#8671=PLANE('',#9687);
#8672=PLANE('',#9688);
#8673=PLANE('',#9689);
#8674=PLANE('',#9690);
#8675=PLANE('',#9691);
#8676=PLANE('',#9692);
#8677=PLANE('',#9693);
#8678=PLANE('',#9697);
#8679=PLANE('',#9698);
#8680=PLANE('',#9699);
#8681=PLANE('',#9700);
#8682=PLANE('',#9701);
#8683=PLANE('',#9702);
#8684=PLANE('',#9703);
#8685=PLANE('',#9704);
#8686=PLANE('',#9708);
#8687=PLANE('',#9709);
#8688=PLANE('',#9710);
#8689=PLANE('',#9711);
#8690=PLANE('',#9714);
#8691=PLANE('',#9715);
#8692=PLANE('',#9717);
#8693=PLANE('',#9718);
#8694=PLANE('',#9721);
#8695=PLANE('',#9722);
#8696=PLANE('',#9723);
#8697=PLANE('',#9724);
#8698=PLANE('',#9725);
#8699=PLANE('',#9726);
#8700=PLANE('',#9727);
#8701=PLANE('',#9728);
#8702=PLANE('',#9729);
#8703=PLANE('',#9730);
#8704=PLANE('',#9731);
#8705=PLANE('',#9732);
#8706=PLANE('',#9733);
#8707=PLANE('',#9734);
#8708=PLANE('',#9735);
#8709=PLANE('',#9736);
#8710=PLANE('',#9737);
#8711=PLANE('',#9738);
#8712=PLANE('',#9739);
#8713=PLANE('',#9740);
#8714=PLANE('',#9741);
#8715=PLANE('',#9742);
#8716=PLANE('',#9743);
#8717=PLANE('',#9750);
#8718=PLANE('',#9763);
#8719=PLANE('',#9764);
#8720=PLANE('',#9767);
#8721=PLANE('',#9770);
#8722=PLANE('',#9771);
#8723=PLANE('',#9772);
#8724=PLANE('',#9773);
#8725=PLANE('',#9774);
#8726=PLANE('',#9775);
#8727=PLANE('',#9776);
#8728=PLANE('',#9777);
#8729=PLANE('',#9778);
#8730=PLANE('',#9781);
#8731=PLANE('',#9784);
#8732=PLANE('',#9785);
#8733=PLANE('',#9786);
#8734=PLANE('',#9787);
#8735=PLANE('',#9788);
#8736=PLANE('',#9789);
#8737=PLANE('',#9790);
#8738=PLANE('',#9791);
#8739=PLANE('',#9792);
#8740=PLANE('',#9793);
#8741=PLANE('',#9794);
#8742=PLANE('',#9801);
#8743=PLANE('',#9815);
#8744=PLANE('',#9816);
#8745=PLANE('',#9817);
#8746=PLANE('',#9818);
#8747=PLANE('',#9819);
#8748=PLANE('',#9820);
#8749=PLANE('',#9821);
#8750=PLANE('',#9822);
#8751=PLANE('',#9823);
#8752=PLANE('',#9824);
#8753=PLANE('',#9825);
#8754=PLANE('',#9826);
#8755=PLANE('',#9827);
#8756=PLANE('',#9828);
#8757=PLANE('',#9829);
#8758=PLANE('',#9830);
#8759=PLANE('',#9831);
#8760=PLANE('',#9832);
#8761=PLANE('',#9833);
#8762=PLANE('',#9834);
#8763=PLANE('',#9835);
#8764=PLANE('',#9836);
#8765=PLANE('',#9837);
#8766=PLANE('',#9838);
#8767=PLANE('',#9839);
#8768=PLANE('',#9840);
#8769=PLANE('',#9841);
#8770=PLANE('',#9842);
#8771=PLANE('',#9843);
#8772=PLANE('',#9844);
#8773=PLANE('',#9845);
#8774=PLANE('',#9846);
#8775=PLANE('',#9847);
#8776=PLANE('',#9848);
#8777=PLANE('',#9849);
#8778=PLANE('',#9850);
#8779=PLANE('',#9851);
#8780=PLANE('',#9852);
#8781=PLANE('',#9853);
#8782=PLANE('',#9854);
#8783=PLANE('',#9855);
#8784=PLANE('',#9856);
#8785=PLANE('',#9857);
#8786=PLANE('',#9858);
#8787=PLANE('',#9859);
#8788=PLANE('',#9860);
#8789=PLANE('',#9861);
#8790=PLANE('',#9862);
#8791=PLANE('',#9863);
#8792=PLANE('',#9864);
#8793=PLANE('',#9865);
#8794=PLANE('',#9866);
#8795=PLANE('',#9867);
#8796=PLANE('',#9868);
#8797=PLANE('',#9869);
#8798=PLANE('',#9870);
#8799=PLANE('',#9871);
#8800=PLANE('',#9872);
#8801=PLANE('',#9873);
#8802=PLANE('',#9874);
#8803=PLANE('',#9875);
#8804=PLANE('',#9876);
#8805=PLANE('',#9877);
#8806=PLANE('',#9878);
#8807=PLANE('',#9879);
#8808=PLANE('',#9880);
#8809=PLANE('',#9881);
#8810=PLANE('',#9882);
#8811=PLANE('',#9883);
#8812=PLANE('',#9884);
#8813=PLANE('',#9885);
#8814=PLANE('',#9886);
#8815=PLANE('',#9887);
#8816=PLANE('',#9888);
#8817=PLANE('',#9889);
#8818=PLANE('',#9890);
#8819=PLANE('',#9891);
#8820=PLANE('',#9892);
#8821=PLANE('',#9893);
#8822=PLANE('',#9894);
#8823=PLANE('',#9895);
#8824=PLANE('',#9896);
#8825=PLANE('',#9897);
#8826=PLANE('',#9898);
#8827=PLANE('',#9899);
#8828=PLANE('',#9900);
#8829=PLANE('',#9901);
#8830=PLANE('',#9902);
#8831=PLANE('',#9903);
#8832=PLANE('',#9904);
#8833=PLANE('',#9905);
#8834=PLANE('',#9906);
#8835=PLANE('',#9907);
#8836=PLANE('',#9908);
#8837=PLANE('',#9909);
#8838=PLANE('',#9910);
#8839=PLANE('',#9911);
#8840=PLANE('',#9912);
#8841=PLANE('',#9913);
#8842=PLANE('',#9914);
#8843=PLANE('',#9915);
#8844=PLANE('',#9916);
#8845=PLANE('',#9917);
#8846=PLANE('',#9918);
#8847=PLANE('',#9919);
#8848=PLANE('',#9920);
#8849=PLANE('',#9921);
#8850=PLANE('',#9922);
#8851=PLANE('',#9923);
#8852=PLANE('',#9924);
#8853=PLANE('',#9925);
#8854=PLANE('',#9926);
#8855=PLANE('',#9927);
#8856=PLANE('',#9928);
#8857=PLANE('',#9929);
#8858=PLANE('',#9930);
#8859=PLANE('',#9939);
#8860=PLANE('',#9941);
#8861=PLANE('',#9949);
#8862=PLANE('',#9953);
#8863=PLANE('',#9954);
#8864=PLANE('',#9955);
#8865=PLANE('',#9959);
#8866=PLANE('',#9961);
#8867=PLANE('',#9964);
#8868=PLANE('',#9966);
#8869=PLANE('',#9967);
#8870=PLANE('',#9969);
#8871=PLANE('',#9972);
#8872=PLANE('',#9973);
#8873=PLANE('',#9974);
#8874=PLANE('',#9975);
#8875=PLANE('',#9976);
#8876=PLANE('',#9977);
#8877=PLANE('',#9978);
#8878=PLANE('',#9979);
#8879=PLANE('',#9983);
#8880=PLANE('',#9985);
#8881=PLANE('',#9989);
#8882=PLANE('',#9993);
#8883=PLANE('',#9997);
#8884=PLANE('',#10001);
#8885=PLANE('',#10007);
#8886=PLANE('',#10011);
#8887=PLANE('',#10015);
#8888=PLANE('',#10019);
#8889=PLANE('',#10020);
#8890=PLANE('',#10025);
#8891=PLANE('',#10030);
#8892=PLANE('',#10033);
#8893=PLANE('',#10034);
#8894=PLANE('',#10035);
#8895=PLANE('',#10050);
#8896=PLANE('',#10051);
#8897=PLANE('',#10066);
#8898=PLANE('',#10067);
#8899=PLANE('',#10068);
#8900=PLANE('',#10077);
#8901=PLANE('',#10078);
#8902=PLANE('',#10087);
#8903=PLANE('',#10088);
#8904=PLANE('',#10089);
#8905=PLANE('',#10092);
#8906=PLANE('',#10093);
#8907=PLANE('',#10094);
#8908=PLANE('',#10095);
#8909=PLANE('',#10098);
#8910=PLANE('',#10099);
#8911=PLANE('',#10102);
#8912=PLANE('',#10104);
#8913=PLANE('',#10106);
#8914=PLANE('',#10107);
#8915=PLANE('',#10110);
#8916=PLANE('',#10111);
#8917=PLANE('',#10117);
#8918=PLANE('',#10123);
#8919=PLANE('',#10126);
#8920=PLANE('',#10127);
#8921=PLANE('',#10128);
#8922=PLANE('',#10129);
#8923=PLANE('',#10134);
#8924=PLANE('',#10137);
#8925=PLANE('',#10140);
#8926=PLANE('',#10141);
#8927=PLANE('',#10147);
#8928=PLANE('',#10153);
#8929=PLANE('',#10154);
#8930=PLANE('',#10155);
#8931=PLANE('',#10156);
#8932=ADVANCED_FACE('',(#446),#8534,.T.);
#8933=ADVANCED_FACE('',(#447),#8535,.T.);
#8934=ADVANCED_FACE('',(#448),#8536,.T.);
#8935=ADVANCED_FACE('',(#449),#8537,.T.);
#8936=ADVANCED_FACE('',(#450),#8538,.T.);
#8937=ADVANCED_FACE('',(#451),#8539,.F.);
#8938=ADVANCED_FACE('',(#452),#8540,.T.);
#8939=ADVANCED_FACE('',(#453),#363,.T.);
#8940=ADVANCED_FACE('',(#454),#8541,.T.);
#8941=ADVANCED_FACE('',(#455),#8542,.T.);
#8942=ADVANCED_FACE('',(#456),#8543,.T.);
#8943=ADVANCED_FACE('',(#457),#8544,.T.);
#8944=ADVANCED_FACE('',(#458),#8545,.T.);
#8945=ADVANCED_FACE('',(#459),#8546,.F.);
#8946=ADVANCED_FACE('',(#460),#8547,.T.);
#8947=ADVANCED_FACE('',(#461),#364,.T.);
#8948=ADVANCED_FACE('',(#462,#131,#132,#133,#134,#135,#136),#8548,.T.);
#8949=ADVANCED_FACE('',(#463,#137,#138,#139),#8549,.T.);
#8950=ADVANCED_FACE('',(#464,#140,#141,#142),#8550,.T.);
#8951=ADVANCED_FACE('',(#465,#143,#144,#145),#8551,.T.);
#8952=ADVANCED_FACE('',(#466,#146),#8552,.T.);
#8953=ADVANCED_FACE('',(#467,#147),#8553,.F.);
#8954=ADVANCED_FACE('',(#468,#148,#149,#150,#151,#152),#8554,.T.);
#8955=ADVANCED_FACE('',(#469),#8555,.T.);
#8956=ADVANCED_FACE('',(#470),#8556,.T.);
#8957=ADVANCED_FACE('',(#471,#153),#8557,.F.);
#8958=ADVANCED_FACE('',(#472),#8558,.T.);
#8959=ADVANCED_FACE('',(#473),#8559,.T.);
#8960=ADVANCED_FACE('',(#474),#8560,.T.);
#8961=ADVANCED_FACE('',(#475),#8561,.F.);
#8962=ADVANCED_FACE('',(#476),#8562,.F.);
#8963=ADVANCED_FACE('',(#477),#8563,.T.);
#8964=ADVANCED_FACE('',(#478),#8564,.T.);
#8965=ADVANCED_FACE('',(#479,#154),#8565,.T.);
#8966=ADVANCED_FACE('',(#480,#155),#8566,.F.);
#8967=ADVANCED_FACE('',(#481),#8567,.T.);
#8968=ADVANCED_FACE('',(#482,#156),#8568,.F.);
#8969=ADVANCED_FACE('',(#483),#8569,.T.);
#8970=ADVANCED_FACE('',(#484),#8570,.T.);
#8971=ADVANCED_FACE('',(#485),#8571,.T.);
#8972=ADVANCED_FACE('',(#486),#8572,.F.);
#8973=ADVANCED_FACE('',(#487),#8573,.F.);
#8974=ADVANCED_FACE('',(#488),#8574,.T.);
#8975=ADVANCED_FACE('',(#489,#157),#8575,.T.);
#8976=ADVANCED_FACE('',(#490,#158),#8576,.F.);
#8977=ADVANCED_FACE('',(#491),#8577,.F.);
#8978=ADVANCED_FACE('',(#492),#8578,.T.);
#8979=ADVANCED_FACE('',(#493,#159),#8579,.F.);
#8980=ADVANCED_FACE('',(#494),#8580,.T.);
#8981=ADVANCED_FACE('',(#495),#8581,.T.);
#8982=ADVANCED_FACE('',(#496),#8582,.T.);
#8983=ADVANCED_FACE('',(#497),#8583,.T.);
#8984=ADVANCED_FACE('',(#498),#8584,.F.);
#8985=ADVANCED_FACE('',(#499),#8585,.F.);
#8986=ADVANCED_FACE('',(#500),#8586,.T.);
#8987=ADVANCED_FACE('',(#501),#8587,.T.);
#8988=ADVANCED_FACE('',(#502),#8588,.T.);
#8989=ADVANCED_FACE('',(#503),#8589,.T.);
#8990=ADVANCED_FACE('',(#504),#8590,.T.);
#8991=ADVANCED_FACE('',(#505),#8591,.T.);
#8992=ADVANCED_FACE('',(#506),#8592,.T.);
#8993=ADVANCED_FACE('',(#507),#8593,.T.);
#8994=ADVANCED_FACE('',(#508),#8594,.T.);
#8995=ADVANCED_FACE('',(#509),#8595,.F.);
#8996=ADVANCED_FACE('',(#510),#8596,.F.);
#8997=ADVANCED_FACE('',(#511),#8597,.T.);
#8998=ADVANCED_FACE('',(#512),#8598,.T.);
#8999=ADVANCED_FACE('',(#513),#8599,.T.);
#9000=ADVANCED_FACE('',(#514),#8600,.T.);
#9001=ADVANCED_FACE('',(#515),#8601,.T.);
#9002=ADVANCED_FACE('',(#516),#8602,.T.);
#9003=ADVANCED_FACE('',(#517),#8603,.T.);
#9004=ADVANCED_FACE('',(#518),#8604,.T.);
#9005=ADVANCED_FACE('',(#519),#365,.F.);
#9006=ADVANCED_FACE('',(#520),#8605,.T.);
#9007=ADVANCED_FACE('',(#521),#8606,.T.);
#9008=ADVANCED_FACE('',(#522),#8607,.T.);
#9009=ADVANCED_FACE('',(#523),#8608,.F.);
#9010=ADVANCED_FACE('',(#524),#8609,.F.);
#9011=ADVANCED_FACE('',(#525),#8610,.F.);
#9012=ADVANCED_FACE('',(#526),#8611,.T.);
#9013=ADVANCED_FACE('',(#527),#8612,.T.);
#9014=ADVANCED_FACE('',(#528),#366,.F.);
#9015=ADVANCED_FACE('',(#529),#127,.F.);
#9016=ADVANCED_FACE('',(#530),#8613,.T.);
#9017=ADVANCED_FACE('',(#531),#8614,.F.);
#9018=ADVANCED_FACE('',(#532),#8615,.F.);
#9019=ADVANCED_FACE('',(#533),#8616,.F.);
#9020=ADVANCED_FACE('',(#534),#8617,.T.);
#9021=ADVANCED_FACE('',(#535),#367,.T.);
#9022=ADVANCED_FACE('',(#536),#8618,.T.);
#9023=ADVANCED_FACE('',(#537),#8619,.T.);
#9024=ADVANCED_FACE('',(#538),#8620,.T.);
#9025=ADVANCED_FACE('',(#539),#8621,.T.);
#9026=ADVANCED_FACE('',(#540),#8622,.F.);
#9027=ADVANCED_FACE('',(#541),#8623,.F.);
#9028=ADVANCED_FACE('',(#542),#368,.T.);
#9029=ADVANCED_FACE('',(#543),#8624,.F.);
#9030=ADVANCED_FACE('',(#544),#8625,.F.);
#9031=ADVANCED_FACE('',(#545),#8626,.T.);
#9032=ADVANCED_FACE('',(#546),#369,.F.);
#9033=ADVANCED_FACE('',(#547),#370,.F.);
#9034=ADVANCED_FACE('',(#548),#8627,.T.);
#9035=ADVANCED_FACE('',(#549),#8628,.T.);
#9036=ADVANCED_FACE('',(#550),#8629,.T.);
#9037=ADVANCED_FACE('',(#551),#8630,.T.);
#9038=ADVANCED_FACE('',(#552),#8631,.T.);
#9039=ADVANCED_FACE('',(#553),#8632,.T.);
#9040=ADVANCED_FACE('',(#554),#8633,.T.);
#9041=ADVANCED_FACE('',(#555),#8634,.T.);
#9042=ADVANCED_FACE('',(#556),#371,.T.);
#9043=ADVANCED_FACE('',(#557),#8635,.F.);
#9044=ADVANCED_FACE('',(#558),#8636,.F.);
#9045=ADVANCED_FACE('',(#559),#8637,.T.);
#9046=ADVANCED_FACE('',(#560),#8638,.T.);
#9047=ADVANCED_FACE('',(#561),#8639,.T.);
#9048=ADVANCED_FACE('',(#562),#8640,.T.);
#9049=ADVANCED_FACE('',(#563),#8641,.T.);
#9050=ADVANCED_FACE('',(#564),#8642,.T.);
#9051=ADVANCED_FACE('',(#565),#8643,.T.);
#9052=ADVANCED_FACE('',(#566),#8644,.T.);
#9053=ADVANCED_FACE('',(#567),#372,.F.);
#9054=ADVANCED_FACE('',(#568),#8645,.T.);
#9055=ADVANCED_FACE('',(#569),#8646,.T.);
#9056=ADVANCED_FACE('',(#570),#8647,.T.);
#9057=ADVANCED_FACE('',(#571),#8648,.F.);
#9058=ADVANCED_FACE('',(#572),#8649,.F.);
#9059=ADVANCED_FACE('',(#573),#8650,.F.);
#9060=ADVANCED_FACE('',(#574),#8651,.T.);
#9061=ADVANCED_FACE('',(#575),#8652,.T.);
#9062=ADVANCED_FACE('',(#576),#373,.F.);
#9063=ADVANCED_FACE('',(#577),#128,.F.);
#9064=ADVANCED_FACE('',(#578),#8653,.F.);
#9065=ADVANCED_FACE('',(#579),#8654,.F.);
#9066=ADVANCED_FACE('',(#580),#8655,.F.);
#9067=ADVANCED_FACE('',(#581),#8656,.T.);
#9068=ADVANCED_FACE('',(#582),#374,.T.);
#9069=ADVANCED_FACE('',(#583),#8657,.T.);
#9070=ADVANCED_FACE('',(#584),#8658,.T.);
#9071=ADVANCED_FACE('',(#585),#375,.T.);
#9072=ADVANCED_FACE('',(#586),#8659,.F.);
#9073=ADVANCED_FACE('',(#587),#376,.F.);
#9074=ADVANCED_FACE('',(#588),#377,.F.);
#9075=ADVANCED_FACE('',(#589),#8660,.T.);
#9076=ADVANCED_FACE('',(#590),#8661,.T.);
#9077=ADVANCED_FACE('',(#591),#8662,.T.);
#9078=ADVANCED_FACE('',(#592),#8663,.T.);
#9079=ADVANCED_FACE('',(#593),#8664,.T.);
#9080=ADVANCED_FACE('',(#594),#8665,.T.);
#9081=ADVANCED_FACE('',(#595),#8666,.T.);
#9082=ADVANCED_FACE('',(#596),#8667,.T.);
#9083=ADVANCED_FACE('',(#597),#8668,.F.);
#9084=ADVANCED_FACE('',(#598),#8669,.F.);
#9085=ADVANCED_FACE('',(#599),#8670,.T.);
#9086=ADVANCED_FACE('',(#600),#8671,.T.);
#9087=ADVANCED_FACE('',(#601),#8672,.T.);
#9088=ADVANCED_FACE('',(#602),#8673,.T.);
#9089=ADVANCED_FACE('',(#603),#8674,.T.);
#9090=ADVANCED_FACE('',(#604),#8675,.T.);
#9091=ADVANCED_FACE('',(#605),#8676,.T.);
#9092=ADVANCED_FACE('',(#606),#8677,.T.);
#9093=ADVANCED_FACE('',(#607),#378,.F.);
#9094=ADVANCED_FACE('',(#608),#8678,.T.);
#9095=ADVANCED_FACE('',(#609),#8679,.T.);
#9096=ADVANCED_FACE('',(#610),#8680,.T.);
#9097=ADVANCED_FACE('',(#611),#8681,.F.);
#9098=ADVANCED_FACE('',(#612),#8682,.F.);
#9099=ADVANCED_FACE('',(#613),#8683,.F.);
#9100=ADVANCED_FACE('',(#614),#8684,.T.);
#9101=ADVANCED_FACE('',(#615),#8685,.T.);
#9102=ADVANCED_FACE('',(#616),#379,.F.);
#9103=ADVANCED_FACE('',(#617),#129,.F.);
#9104=ADVANCED_FACE('',(#618),#8686,.F.);
#9105=ADVANCED_FACE('',(#619),#8687,.F.);
#9106=ADVANCED_FACE('',(#620),#8688,.F.);
#9107=ADVANCED_FACE('',(#621),#8689,.T.);
#9108=ADVANCED_FACE('',(#622),#380,.T.);
#9109=ADVANCED_FACE('',(#623),#8690,.T.);
#9110=ADVANCED_FACE('',(#624),#8691,.T.);
#9111=ADVANCED_FACE('',(#625),#381,.T.);
#9112=ADVANCED_FACE('',(#626),#8692,.F.);
#9113=ADVANCED_FACE('',(#627),#8693,.F.);
#9114=ADVANCED_FACE('',(#628),#382,.F.);
#9115=ADVANCED_FACE('',(#629),#383,.F.);
#9116=ADVANCED_FACE('',(#630),#8694,.T.);
#9117=ADVANCED_FACE('',(#631),#8695,.T.);
#9118=ADVANCED_FACE('',(#632),#8696,.T.);
#9119=ADVANCED_FACE('',(#633),#8697,.T.);
#9120=ADVANCED_FACE('',(#634),#8698,.T.);
#9121=ADVANCED_FACE('',(#635),#8699,.T.);
#9122=ADVANCED_FACE('',(#636),#8700,.T.);
#9123=ADVANCED_FACE('',(#637),#8701,.T.);
#9124=ADVANCED_FACE('',(#638),#8702,.T.);
#9125=ADVANCED_FACE('',(#639),#8703,.T.);
#9126=ADVANCED_FACE('',(#640),#8704,.F.);
#9127=ADVANCED_FACE('',(#641),#8705,.T.);
#9128=ADVANCED_FACE('',(#642),#8706,.T.);
#9129=ADVANCED_FACE('',(#643),#8707,.T.);
#9130=ADVANCED_FACE('',(#644),#8708,.T.);
#9131=ADVANCED_FACE('',(#645),#8709,.T.);
#9132=ADVANCED_FACE('',(#646),#8710,.T.);
#9133=ADVANCED_FACE('',(#647),#8711,.T.);
#9134=ADVANCED_FACE('',(#648),#8712,.T.);
#9135=ADVANCED_FACE('',(#649),#8713,.T.);
#9136=ADVANCED_FACE('',(#650),#8714,.T.);
#9137=ADVANCED_FACE('',(#651),#8715,.T.);
#9138=ADVANCED_FACE('',(#652),#8716,.T.);
#9139=ADVANCED_FACE('',(#653),#8717,.F.);
#9140=ADVANCED_FACE('',(#654),#384,.T.);
#9141=ADVANCED_FACE('',(#655),#385,.F.);
#9142=ADVANCED_FACE('',(#656),#386,.F.);
#9143=ADVANCED_FACE('',(#657),#387,.T.);
#9144=ADVANCED_FACE('',(#658),#388,.T.);
#9145=ADVANCED_FACE('',(#659),#389,.T.);
#9146=ADVANCED_FACE('',(#660),#8718,.F.);
#9147=ADVANCED_FACE('',(#661),#8719,.F.);
#9148=ADVANCED_FACE('',(#662),#390,.T.);
#9149=ADVANCED_FACE('',(#663),#8720,.F.);
#9150=ADVANCED_FACE('',(#664),#391,.T.);
#9151=ADVANCED_FACE('',(#665),#8721,.F.);
#9152=ADVANCED_FACE('',(#666),#8722,.F.);
#9153=ADVANCED_FACE('',(#667),#8723,.T.);
#9154=ADVANCED_FACE('',(#668),#8724,.T.);
#9155=ADVANCED_FACE('',(#669),#8725,.F.);
#9156=ADVANCED_FACE('',(#670),#8726,.T.);
#9157=ADVANCED_FACE('',(#671),#8727,.T.);
#9158=ADVANCED_FACE('',(#672),#8728,.F.);
#9159=ADVANCED_FACE('',(#673),#8729,.F.);
#9160=ADVANCED_FACE('',(#674),#392,.T.);
#9161=ADVANCED_FACE('',(#675),#8730,.F.);
#9162=ADVANCED_FACE('',(#676),#393,.T.);
#9163=ADVANCED_FACE('',(#677),#8731,.F.);
#9164=ADVANCED_FACE('',(#678),#8732,.T.);
#9165=ADVANCED_FACE('',(#679),#8733,.T.);
#9166=ADVANCED_FACE('',(#680),#8734,.T.);
#9167=ADVANCED_FACE('',(#681),#8735,.T.);
#9168=ADVANCED_FACE('',(#682),#8736,.T.);
#9169=ADVANCED_FACE('',(#683),#8737,.T.);
#9170=ADVANCED_FACE('',(#684),#8738,.T.);
#9171=ADVANCED_FACE('',(#685),#8739,.T.);
#9172=ADVANCED_FACE('',(#686),#8740,.T.);
#9173=ADVANCED_FACE('',(#687),#8741,.F.);
#9174=ADVANCED_FACE('',(#688),#8742,.T.);
#9175=ADVANCED_FACE('',(#689),#394,.T.);
#9176=ADVANCED_FACE('',(#690),#395,.F.);
#9177=ADVANCED_FACE('',(#691),#396,.F.);
#9178=ADVANCED_FACE('',(#692),#397,.T.);
#9179=ADVANCED_FACE('',(#693),#398,.T.);
#9180=ADVANCED_FACE('',(#694),#399,.T.);
#9181=ADVANCED_FACE('',(#695),#8743,.T.);
#9182=ADVANCED_FACE('',(#696),#8744,.T.);
#9183=ADVANCED_FACE('',(#697),#8745,.T.);
#9184=ADVANCED_FACE('',(#698,#160,#161,#162,#163,#164,#165,#166,#167,#168),
#8746,.T.);
#9185=ADVANCED_FACE('',(#699,#169,#170,#171),#8747,.T.);
#9186=ADVANCED_FACE('',(#700,#172,#173,#174),#8748,.T.);
#9187=ADVANCED_FACE('',(#701),#8749,.T.);
#9188=ADVANCED_FACE('',(#702),#8750,.T.);
#9189=ADVANCED_FACE('',(#703),#8751,.T.);
#9190=ADVANCED_FACE('',(#704),#8752,.T.);
#9191=ADVANCED_FACE('',(#705),#8753,.T.);
#9192=ADVANCED_FACE('',(#706,#175,#176,#177),#8754,.T.);
#9193=ADVANCED_FACE('',(#707),#8755,.T.);
#9194=ADVANCED_FACE('',(#708),#8756,.F.);
#9195=ADVANCED_FACE('',(#709),#8757,.T.);
#9196=ADVANCED_FACE('',(#710),#8758,.F.);
#9197=ADVANCED_FACE('',(#711),#8759,.T.);
#9198=ADVANCED_FACE('',(#712),#8760,.T.);
#9199=ADVANCED_FACE('',(#713),#8761,.T.);
#9200=ADVANCED_FACE('',(#714),#8762,.T.);
#9201=ADVANCED_FACE('',(#715),#8763,.F.);
#9202=ADVANCED_FACE('',(#716),#8764,.T.);
#9203=ADVANCED_FACE('',(#717),#8765,.T.);
#9204=ADVANCED_FACE('',(#718),#8766,.T.);
#9205=ADVANCED_FACE('',(#719),#8767,.T.);
#9206=ADVANCED_FACE('',(#720),#8768,.F.);
#9207=ADVANCED_FACE('',(#721),#8769,.T.);
#9208=ADVANCED_FACE('',(#722),#8770,.T.);
#9209=ADVANCED_FACE('',(#723),#8771,.T.);
#9210=ADVANCED_FACE('',(#724),#8772,.F.);
#9211=ADVANCED_FACE('',(#725),#8773,.T.);
#9212=ADVANCED_FACE('',(#726),#8774,.T.);
#9213=ADVANCED_FACE('',(#727),#8775,.T.);
#9214=ADVANCED_FACE('',(#728),#8776,.T.);
#9215=ADVANCED_FACE('',(#729),#8777,.F.);
#9216=ADVANCED_FACE('',(#730),#8778,.T.);
#9217=ADVANCED_FACE('',(#731),#8779,.F.);
#9218=ADVANCED_FACE('',(#732),#8780,.F.);
#9219=ADVANCED_FACE('',(#733),#8781,.F.);
#9220=ADVANCED_FACE('',(#734),#8782,.F.);
#9221=ADVANCED_FACE('',(#735),#8783,.T.);
#9222=ADVANCED_FACE('',(#736),#8784,.T.);
#9223=ADVANCED_FACE('',(#737),#8785,.F.);
#9224=ADVANCED_FACE('',(#738),#8786,.F.);
#9225=ADVANCED_FACE('',(#739),#8787,.F.);
#9226=ADVANCED_FACE('',(#740),#8788,.F.);
#9227=ADVANCED_FACE('',(#741),#8789,.F.);
#9228=ADVANCED_FACE('',(#742),#8790,.F.);
#9229=ADVANCED_FACE('',(#743),#8791,.T.);
#9230=ADVANCED_FACE('',(#744),#8792,.F.);
#9231=ADVANCED_FACE('',(#745),#8793,.F.);
#9232=ADVANCED_FACE('',(#746),#8794,.F.);
#9233=ADVANCED_FACE('',(#747),#8795,.T.);
#9234=ADVANCED_FACE('',(#748),#8796,.T.);
#9235=ADVANCED_FACE('',(#749),#8797,.T.);
#9236=ADVANCED_FACE('',(#750),#8798,.T.);
#9237=ADVANCED_FACE('',(#751),#8799,.T.);
#9238=ADVANCED_FACE('',(#752),#8800,.F.);
#9239=ADVANCED_FACE('',(#753),#8801,.T.);
#9240=ADVANCED_FACE('',(#754),#8802,.T.);
#9241=ADVANCED_FACE('',(#755),#8803,.T.);
#9242=ADVANCED_FACE('',(#756),#8804,.T.);
#9243=ADVANCED_FACE('',(#757),#8805,.F.);
#9244=ADVANCED_FACE('',(#758),#8806,.T.);
#9245=ADVANCED_FACE('',(#759),#8807,.F.);
#9246=ADVANCED_FACE('',(#760),#8808,.F.);
#9247=ADVANCED_FACE('',(#761),#8809,.F.);
#9248=ADVANCED_FACE('',(#762),#8810,.F.);
#9249=ADVANCED_FACE('',(#763),#8811,.T.);
#9250=ADVANCED_FACE('',(#764),#8812,.F.);
#9251=ADVANCED_FACE('',(#765),#8813,.F.);
#9252=ADVANCED_FACE('',(#766),#8814,.F.);
#9253=ADVANCED_FACE('',(#767),#8815,.F.);
#9254=ADVANCED_FACE('',(#768),#8816,.T.);
#9255=ADVANCED_FACE('',(#769),#8817,.F.);
#9256=ADVANCED_FACE('',(#770),#8818,.F.);
#9257=ADVANCED_FACE('',(#771),#8819,.F.);
#9258=ADVANCED_FACE('',(#772),#8820,.T.);
#9259=ADVANCED_FACE('',(#773),#8821,.T.);
#9260=ADVANCED_FACE('',(#774),#8822,.T.);
#9261=ADVANCED_FACE('',(#775),#8823,.T.);
#9262=ADVANCED_FACE('',(#776),#8824,.F.);
#9263=ADVANCED_FACE('',(#777),#8825,.T.);
#9264=ADVANCED_FACE('',(#778),#8826,.T.);
#9265=ADVANCED_FACE('',(#779),#8827,.T.);
#9266=ADVANCED_FACE('',(#780),#8828,.F.);
#9267=ADVANCED_FACE('',(#781),#8829,.T.);
#9268=ADVANCED_FACE('',(#782),#8830,.T.);
#9269=ADVANCED_FACE('',(#783),#8831,.T.);
#9270=ADVANCED_FACE('',(#784),#8832,.T.);
#9271=ADVANCED_FACE('',(#785),#8833,.F.);
#9272=ADVANCED_FACE('',(#786),#8834,.T.);
#9273=ADVANCED_FACE('',(#787),#8835,.F.);
#9274=ADVANCED_FACE('',(#788),#8836,.F.);
#9275=ADVANCED_FACE('',(#789),#8837,.F.);
#9276=ADVANCED_FACE('',(#790),#8838,.F.);
#9277=ADVANCED_FACE('',(#791),#8839,.T.);
#9278=ADVANCED_FACE('',(#792),#8840,.F.);
#9279=ADVANCED_FACE('',(#793),#8841,.F.);
#9280=ADVANCED_FACE('',(#794),#8842,.F.);
#9281=ADVANCED_FACE('',(#795),#8843,.F.);
#9282=ADVANCED_FACE('',(#796),#8844,.F.);
#9283=ADVANCED_FACE('',(#797),#8845,.F.);
#9284=ADVANCED_FACE('',(#798),#8846,.F.);
#9285=ADVANCED_FACE('',(#799),#8847,.T.);
#9286=ADVANCED_FACE('',(#800),#8848,.F.);
#9287=ADVANCED_FACE('',(#801),#8849,.F.);
#9288=ADVANCED_FACE('',(#802),#8850,.F.);
#9289=ADVANCED_FACE('',(#803),#8851,.T.);
#9290=ADVANCED_FACE('',(#804),#8852,.T.);
#9291=ADVANCED_FACE('',(#805),#8853,.T.);
#9292=ADVANCED_FACE('',(#806),#8854,.F.);
#9293=ADVANCED_FACE('',(#807),#8855,.F.);
#9294=ADVANCED_FACE('',(#808),#8856,.F.);
#9295=ADVANCED_FACE('',(#809),#8857,.T.);
#9296=ADVANCED_FACE('',(#810),#8858,.T.);
#9297=ADVANCED_FACE('',(#811),#400,.T.);
#9298=ADVANCED_FACE('',(#812),#8859,.F.);
#9299=ADVANCED_FACE('',(#813),#8860,.F.);
#9300=ADVANCED_FACE('',(#814),#75,.T.);
#9301=ADVANCED_FACE('',(#815),#76,.T.);
#9302=ADVANCED_FACE('',(#816),#401,.T.);
#9303=ADVANCED_FACE('',(#817,#178),#8861,.T.);
#9304=ADVANCED_FACE('',(#818),#77,.T.);
#9305=ADVANCED_FACE('',(#819),#8862,.T.);
#9306=ADVANCED_FACE('',(#820),#8863,.T.);
#9307=ADVANCED_FACE('',(#821),#8864,.F.);
#9308=ADVANCED_FACE('',(#822),#402,.T.);
#9309=ADVANCED_FACE('',(#823,#179),#8865,.F.);
#9310=ADVANCED_FACE('',(#824),#8866,.T.);
#9311=ADVANCED_FACE('',(#825),#130,.T.);
#9312=ADVANCED_FACE('',(#826,#180),#8867,.F.);
#9313=ADVANCED_FACE('',(#827),#8868,.T.);
#9314=ADVANCED_FACE('',(#828),#8869,.T.);
#9315=ADVANCED_FACE('',(#829),#8870,.T.);
#9316=ADVANCED_FACE('',(#830),#8871,.T.);
#9317=ADVANCED_FACE('',(#831,#181),#8872,.F.);
#9318=ADVANCED_FACE('',(#832,#182),#8873,.F.);
#9319=ADVANCED_FACE('',(#833),#8874,.F.);
#9320=ADVANCED_FACE('',(#834),#8875,.T.);
#9321=ADVANCED_FACE('',(#835),#8876,.F.);
#9322=ADVANCED_FACE('',(#836),#8877,.T.);
#9323=ADVANCED_FACE('',(#837),#8878,.F.);
#9324=ADVANCED_FACE('',(#838),#403,.F.);
#9325=ADVANCED_FACE('',(#839),#8879,.F.);
#9326=ADVANCED_FACE('',(#840),#8880,.T.);
#9327=ADVANCED_FACE('',(#841),#404,.T.);
#9328=ADVANCED_FACE('',(#842),#8881,.T.);
#9329=ADVANCED_FACE('',(#843),#405,.T.);
#9330=ADVANCED_FACE('',(#844),#8882,.F.);
#9331=ADVANCED_FACE('',(#845),#406,.F.);
#9332=ADVANCED_FACE('',(#846),#8883,.F.);
#9333=ADVANCED_FACE('',(#847),#407,.F.);
#9334=ADVANCED_FACE('',(#848),#8884,.F.);
#9335=ADVANCED_FACE('',(#849),#408,.T.);
#9336=ADVANCED_FACE('',(#850),#8885,.T.);
#9337=ADVANCED_FACE('',(#851),#409,.T.);
#9338=ADVANCED_FACE('',(#852),#8886,.T.);
#9339=ADVANCED_FACE('',(#853),#410,.F.);
#9340=ADVANCED_FACE('',(#854),#8887,.F.);
#9341=ADVANCED_FACE('',(#855),#411,.F.);
#9342=ADVANCED_FACE('',(#856),#8888,.F.);
#9343=ADVANCED_FACE('',(#857),#8889,.F.);
#9344=ADVANCED_FACE('',(#858),#8890,.F.);
#9345=ADVANCED_FACE('',(#859),#8891,.F.);
#9346=ADVANCED_FACE('',(#860),#8892,.T.);
#9347=ADVANCED_FACE('',(#861),#8893,.F.);
#9348=ADVANCED_FACE('',(#862),#8894,.F.);
#9349=ADVANCED_FACE('',(#863),#8895,.T.);
#9350=ADVANCED_FACE('',(#864),#8896,.T.);
#9351=ADVANCED_FACE('',(#865),#8897,.F.);
#9352=ADVANCED_FACE('',(#866),#8898,.F.);
#9353=ADVANCED_FACE('',(#867),#8899,.T.);
#9354=ADVANCED_FACE('',(#868),#412,.T.);
#9355=ADVANCED_FACE('',(#869),#413,.F.);
#9356=ADVANCED_FACE('',(#870),#414,.T.);
#9357=ADVANCED_FACE('',(#871),#415,.F.);
#9358=ADVANCED_FACE('',(#872),#416,.T.);
#9359=ADVANCED_FACE('',(#873),#417,.F.);
#9360=ADVANCED_FACE('',(#874),#8900,.T.);
#9361=ADVANCED_FACE('',(#875),#8901,.F.);
#9362=ADVANCED_FACE('',(#876),#418,.F.);
#9363=ADVANCED_FACE('',(#877),#419,.T.);
#9364=ADVANCED_FACE('',(#878),#420,.F.);
#9365=ADVANCED_FACE('',(#879),#421,.T.);
#9366=ADVANCED_FACE('',(#880),#422,.F.);
#9367=ADVANCED_FACE('',(#881),#423,.T.);
#9368=ADVANCED_FACE('',(#882),#8902,.T.);
#9369=ADVANCED_FACE('',(#883),#8903,.F.);
#9370=ADVANCED_FACE('',(#884),#8904,.F.);
#9371=ADVANCED_FACE('',(#885),#424,.T.);
#9372=ADVANCED_FACE('',(#886),#425,.F.);
#9373=ADVANCED_FACE('',(#887),#8905,.F.);
#9374=ADVANCED_FACE('',(#888),#8906,.F.);
#9375=ADVANCED_FACE('',(#889),#8907,.F.);
#9376=ADVANCED_FACE('',(#890),#8908,.F.);
#9377=ADVANCED_FACE('',(#891),#426,.T.);
#9378=ADVANCED_FACE('',(#892),#427,.F.);
#9379=ADVANCED_FACE('',(#893),#8909,.T.);
#9380=ADVANCED_FACE('',(#894),#8910,.F.);
#9381=ADVANCED_FACE('',(#895),#428,.T.);
#9382=ADVANCED_FACE('',(#896),#429,.F.);
#9383=ADVANCED_FACE('',(#897),#8911,.T.);
#9384=ADVANCED_FACE('',(#898),#430,.T.);
#9385=ADVANCED_FACE('',(#899),#8912,.F.);
#9386=ADVANCED_FACE('',(#900),#431,.F.);
#9387=ADVANCED_FACE('',(#901),#8913,.T.);
#9388=ADVANCED_FACE('',(#902),#8914,.T.);
#9389=ADVANCED_FACE('',(#903),#8915,.T.);
#9390=ADVANCED_FACE('',(#904),#8916,.F.);
#9391=ADVANCED_FACE('',(#905),#432,.F.);
#9392=ADVANCED_FACE('',(#906),#8917,.T.);
#9393=ADVANCED_FACE('',(#907),#433,.T.);
#9394=ADVANCED_FACE('',(#908),#8918,.F.);
#9395=ADVANCED_FACE('',(#909),#8919,.T.);
#9396=ADVANCED_FACE('',(#910),#8920,.T.);
#9397=ADVANCED_FACE('',(#911),#8921,.F.);
#9398=ADVANCED_FACE('',(#912),#8922,.F.);
#9399=ADVANCED_FACE('',(#913),#434,.T.);
#9400=ADVANCED_FACE('',(#914),#435,.T.);
#9401=ADVANCED_FACE('',(#915),#436,.T.);
#9402=ADVANCED_FACE('',(#916),#437,.T.);
#9403=ADVANCED_FACE('',(#917),#8923,.T.);
#9404=ADVANCED_FACE('',(#918),#8924,.F.);
#9405=ADVANCED_FACE('',(#919),#8925,.F.);
#9406=ADVANCED_FACE('',(#920),#8926,.T.);
#9407=ADVANCED_FACE('',(#921),#438,.F.);
#9408=ADVANCED_FACE('',(#922),#8927,.F.);
#9409=ADVANCED_FACE('',(#923),#439,.T.);
#9410=ADVANCED_FACE('',(#924),#8928,.T.);
#9411=ADVANCED_FACE('',(#925),#8929,.T.);
#9412=ADVANCED_FACE('',(#926),#8930,.F.);
#9413=ADVANCED_FACE('',(#927),#8931,.F.);
#9414=ADVANCED_FACE('',(#928),#440,.T.);
#9415=ADVANCED_FACE('',(#929),#441,.T.);
#9416=ADVANCED_FACE('',(#930),#442,.T.);
#9417=ADVANCED_FACE('',(#931),#443,.T.);
#9418=ADVANCED_FACE('',(#932),#444,.T.);
#9419=ADVANCED_FACE('',(#933),#445,.T.);
#9420=CLOSED_SHELL('',(#8932,#8933,#8934,#8935,#8936,#8937,#8938,#8939,
#8940,#8941,#8942,#8943,#8944,#8945,#8946,#8947,#8948,#8949,#8950,#8951,
#8952,#8953,#8954,#8955,#8956,#8957,#8958,#8959,#8960,#8961,#8962,#8963,
#8964,#8965,#8966,#8967,#8968,#8969,#8970,#8971,#8972,#8973,#8974,#8975,
#8976,#8977,#8978,#8979,#8980,#8981,#8982,#8983,#8984,#8985,#8986,#8987,
#8988,#8989,#8990,#8991,#8992,#8993,#8994,#8995,#8996,#8997,#8998,#8999,
#9000,#9001,#9002,#9003,#9004,#9005,#9006,#9007,#9008,#9009,#9010,#9011,
#9012,#9013,#9014,#9015,#9016,#9017,#9018,#9019,#9020,#9021,#9022,#9023,
#9024,#9025,#9026,#9027,#9028,#9029,#9030,#9031,#9032,#9033,#9034,#9035,
#9036,#9037,#9038,#9039,#9040,#9041,#9042,#9043,#9044,#9045,#9046,#9047,
#9048,#9049,#9050,#9051,#9052,#9053,#9054,#9055,#9056,#9057,#9058,#9059,
#9060,#9061,#9062,#9063,#9064,#9065,#9066,#9067,#9068,#9069,#9070,#9071,
#9072,#9073,#9074,#9075,#9076,#9077,#9078,#9079,#9080,#9081,#9082,#9083,
#9084,#9085,#9086,#9087,#9088,#9089,#9090,#9091,#9092,#9093,#9094,#9095,
#9096,#9097,#9098,#9099,#9100,#9101,#9102,#9103,#9104,#9105,#9106,#9107,
#9108,#9109,#9110,#9111,#9112,#9113,#9114,#9115,#9116,#9117,#9118,#9119,
#9120,#9121,#9122,#9123,#9124,#9125,#9126,#9127,#9128,#9129,#9130,#9131,
#9132,#9133,#9134,#9135,#9136,#9137,#9138,#9139,#9140,#9141,#9142,#9143,
#9144,#9145,#9146,#9147,#9148,#9149,#9150,#9151,#9152,#9153,#9154,#9155,
#9156,#9157,#9158,#9159,#9160,#9161,#9162,#9163,#9164,#9165,#9166,#9167,
#9168,#9169,#9170,#9171,#9172,#9173,#9174,#9175,#9176,#9177,#9178,#9179,
#9180));
#9421=CLOSED_SHELL('',(#9181,#9182,#9183,#9184,#9185,#9186,#9187,#9188,
#9189,#9190,#9191,#9192,#9193,#9194,#9195,#9196,#9197,#9198,#9199,#9200,
#9201,#9202,#9203,#9204,#9205,#9206,#9207,#9208,#9209,#9210,#9211,#9212,
#9213,#9214,#9215,#9216,#9217,#9218,#9219,#9220,#9221,#9222,#9223,#9224,
#9225,#9226,#9227,#9228,#9229,#9230,#9231,#9232,#9233,#9234,#9235,#9236,
#9237,#9238,#9239,#9240,#9241,#9242,#9243,#9244,#9245,#9246,#9247,#9248,
#9249,#9250,#9251,#9252,#9253,#9254,#9255,#9256,#9257,#9258,#9259,#9260,
#9261,#9262,#9263,#9264,#9265,#9266,#9267,#9268,#9269,#9270,#9271,#9272,
#9273,#9274,#9275,#9276,#9277,#9278,#9279,#9280,#9281,#9282,#9283,#9284,
#9285,#9286,#9287,#9288,#9289,#9290,#9291,#9292,#9293,#9294,#9295,#9296));
#9422=CLOSED_SHELL('',(#9297,#9298,#9299,#9300,#9301,#9302,#9303,#9304,
#9305,#9306,#9307,#9308,#9309,#9310,#9311));
#9423=CLOSED_SHELL('',(#9312,#9313,#9314,#9315,#9316,#9317,#9318,#9319,
#9320,#9321,#9322,#9323,#9324,#9325));
#9424=CLOSED_SHELL('',(#9326,#9327,#9328,#9329,#9330,#9331,#9332,#9333,
#9334,#9335,#9336,#9337,#9338,#9339,#9340,#9341,#9342,#9343,#9344,#9345,
#9346,#9347,#9348,#9349,#9350,#9351,#9352,#9353,#9354,#9355,#9356,#9357,
#9358,#9359,#9360,#9361,#9362,#9363,#9364,#9365,#9366,#9367,#9368,#9369,
#9370,#9371,#9372,#9373,#9374,#9375,#9376,#9377,#9378,#9379,#9380,#9381,
#9382,#9383,#9384,#9385,#9386,#9387,#9388,#9389,#9390,#9391,#9392,#9393,
#9394,#9395,#9396,#9397,#9398,#9399,#9400,#9401,#9402,#9403,#9404,#9405,
#9406,#9407,#9408,#9409,#9410,#9411,#9412,#9413,#9414,#9415,#9416,#9417,
#9418,#9419));
#9425=DERIVED_UNIT_ELEMENT(#9435,1.);
#9426=DERIVED_UNIT_ELEMENT(#15472,-3.);
#9427=DERIVED_UNIT_ELEMENT(#9435,1.);
#9428=DERIVED_UNIT_ELEMENT(#15472,-3.);
#9429=DERIVED_UNIT_ELEMENT(#9435,1.);
#9430=DERIVED_UNIT_ELEMENT(#15472,-3.);
#9431=DERIVED_UNIT_ELEMENT(#9435,1.);
#9432=DERIVED_UNIT_ELEMENT(#15472,-3.);
#9433=DERIVED_UNIT_ELEMENT(#9435,1.);
#9434=DERIVED_UNIT_ELEMENT(#15472,-3.);
#9435=(
MASS_UNIT()
NAMED_UNIT(*)
SI_UNIT(.KILO.,.GRAM.)
);
#9436=DERIVED_UNIT((#9425,#9426));
#9437=DERIVED_UNIT((#9427,#9428));
#9438=DERIVED_UNIT((#9429,#9430));
#9439=DERIVED_UNIT((#9431,#9432));
#9440=DERIVED_UNIT((#9433,#9434));
#9441=MEASURE_REPRESENTATION_ITEM('density measure',
POSITIVE_RATIO_MEASURE(7850.),#9436);
#9442=MEASURE_REPRESENTATION_ITEM('density measure',
POSITIVE_RATIO_MEASURE(7850.),#9437);
#9443=MEASURE_REPRESENTATION_ITEM('density measure',
POSITIVE_RATIO_MEASURE(7850.),#9438);
#9444=MEASURE_REPRESENTATION_ITEM('density measure',
POSITIVE_RATIO_MEASURE(7850.),#9439);
#9445=MEASURE_REPRESENTATION_ITEM('density measure',
POSITIVE_RATIO_MEASURE(7850.),#9440);
#9446=PROPERTY_DEFINITION_REPRESENTATION(#9471,#9456);
#9447=PROPERTY_DEFINITION_REPRESENTATION(#9472,#9457);
#9448=PROPERTY_DEFINITION_REPRESENTATION(#9473,#9458);
#9449=PROPERTY_DEFINITION_REPRESENTATION(#9474,#9459);
#9450=PROPERTY_DEFINITION_REPRESENTATION(#9475,#9460);
#9451=PROPERTY_DEFINITION_REPRESENTATION(#9476,#9461);
#9452=PROPERTY_DEFINITION_REPRESENTATION(#9477,#9462);
#9453=PROPERTY_DEFINITION_REPRESENTATION(#9478,#9463);
#9454=PROPERTY_DEFINITION_REPRESENTATION(#9479,#9464);
#9455=PROPERTY_DEFINITION_REPRESENTATION(#9480,#9465);
#9456=REPRESENTATION('material name',(#9466),#15465);
#9457=REPRESENTATION('density',(#9441),#15465);
#9458=REPRESENTATION('material name',(#9467),#15466);
#9459=REPRESENTATION('density',(#9442),#15466);
#9460=REPRESENTATION('material name',(#9468),#15467);
#9461=REPRESENTATION('density',(#9443),#15467);
#9462=REPRESENTATION('material name',(#9469),#15468);
#9463=REPRESENTATION('density',(#9444),#15468);
#9464=REPRESENTATION('material name',(#9470),#15469);
#9465=REPRESENTATION('density',(#9445),#15469);
#9466=DESCRIPTIVE_REPRESENTATION_ITEM('Acier','Acier');
#9467=DESCRIPTIVE_REPRESENTATION_ITEM('Acier','Acier');
#9468=DESCRIPTIVE_REPRESENTATION_ITEM('Acier','Acier');
#9469=DESCRIPTIVE_REPRESENTATION_ITEM('Acier','Acier');
#9470=DESCRIPTIVE_REPRESENTATION_ITEM('Acier','Acier');
#9471=PROPERTY_DEFINITION('material property','material name',#15506);
#9472=PROPERTY_DEFINITION('material property','density of part',#15506);
#9473=PROPERTY_DEFINITION('material property','material name',#15507);
#9474=PROPERTY_DEFINITION('material property','density of part',#15507);
#9475=PROPERTY_DEFINITION('material property','material name',#15508);
#9476=PROPERTY_DEFINITION('material property','density of part',#15508);
#9477=PROPERTY_DEFINITION('material property','material name',#15509);
#9478=PROPERTY_DEFINITION('material property','density of part',#15509);
#9479=PROPERTY_DEFINITION('material property','material name',#15510);
#9480=PROPERTY_DEFINITION('material property','density of part',#15510);
#9481=AXIS2_PLACEMENT_3D('',#12680,#10174,#10175);
#9482=AXIS2_PLACEMENT_3D('',#12681,#10176,#10177);
#9483=AXIS2_PLACEMENT_3D('',#12682,#10178,#10179);
#9484=AXIS2_PLACEMENT_3D('',#12723,#10200,#10201);
#9485=AXIS2_PLACEMENT_3D('',#12733,#10207,#10208);
#9486=AXIS2_PLACEMENT_3D('',#12760,#10222,#10223);
#9487=AXIS2_PLACEMENT_3D('',#12787,#10237,#10238);
#9488=AXIS2_PLACEMENT_3D('',#12797,#10244,#10245);
#9489=AXIS2_PLACEMENT_3D('',#12803,#10249,#10250);
#9490=AXIS2_PLACEMENT_3D('',#12810,#10255,#10256);
#9491=AXIS2_PLACEMENT_3D('',#12812,#10257,#10258);
#9492=AXIS2_PLACEMENT_3D('',#12816,#10260,#10261);
#9493=AXIS2_PLACEMENT_3D('',#12819,#10263,#10264);
#9494=AXIS2_PLACEMENT_3D('',#12820,#10265,#10266);
#9495=AXIS2_PLACEMENT_3D('',#12829,#10271,#10272);
#9496=AXIS2_PLACEMENT_3D('',#12837,#10277,#10278);
#9497=AXIS2_PLACEMENT_3D('',#12864,#10292,#10293);
#9498=AXIS2_PLACEMENT_3D('',#12891,#10307,#10308);
#9499=AXIS2_PLACEMENT_3D('',#12901,#10314,#10315);
#9500=AXIS2_PLACEMENT_3D('',#12907,#10319,#10320);
#9501=AXIS2_PLACEMENT_3D('',#12914,#10325,#10326);
#9502=AXIS2_PLACEMENT_3D('',#12916,#10327,#10328);
#9503=AXIS2_PLACEMENT_3D('',#12920,#10330,#10331);
#9504=AXIS2_PLACEMENT_3D('',#12922,#10333,#10334);
#9505=AXIS2_PLACEMENT_3D('',#12923,#10335,#10336);
#9506=AXIS2_PLACEMENT_3D('',#12957,#10353,#10354);
#9507=AXIS2_PLACEMENT_3D('',#12959,#10355,#10356);
#9508=AXIS2_PLACEMENT_3D('',#12961,#10357,#10358);
#9509=AXIS2_PLACEMENT_3D('',#12962,#10359,#10360);
#9510=AXIS2_PLACEMENT_3D('',#12995,#10377,#10378);
#9511=AXIS2_PLACEMENT_3D('',#13004,#10383,#10384);
#9512=AXIS2_PLACEMENT_3D('',#13042,#10404,#10405);
#9513=AXIS2_PLACEMENT_3D('',#13077,#10424,#10425);
#9514=AXIS2_PLACEMENT_3D('',#13090,#10432,#10433);
#9515=AXIS2_PLACEMENT_3D('',#13091,#10434,#10435);
#9516=AXIS2_PLACEMENT_3D('',#13093,#10436,#10437);
#9517=AXIS2_PLACEMENT_3D('',#13095,#10438,#10439);
#9518=AXIS2_PLACEMENT_3D('',#13096,#10440,#10441);
#9519=AXIS2_PLACEMENT_3D('',#13101,#10443,#10444);
#9520=AXIS2_PLACEMENT_3D('',#13134,#10461,#10462);
#9521=AXIS2_PLACEMENT_3D('',#13137,#10464,#10465);
#9522=AXIS2_PLACEMENT_3D('',#13142,#10467,#10468);
#9523=AXIS2_PLACEMENT_3D('',#13146,#10470,#10471);
#9524=AXIS2_PLACEMENT_3D('',#13152,#10474,#10475);
#9525=AXIS2_PLACEMENT_3D('',#13156,#10477,#10478);
#9526=AXIS2_PLACEMENT_3D('',#13159,#10480,#10481);
#9527=AXIS2_PLACEMENT_3D('',#13161,#10482,#10483);
#9528=AXIS2_PLACEMENT_3D('',#13163,#10484,#10485);
#9529=AXIS2_PLACEMENT_3D('',#13164,#10486,#10487);
#9530=AXIS2_PLACEMENT_3D('',#13179,#10495,#10496);
#9531=AXIS2_PLACEMENT_3D('',#13184,#10500,#10501);
#9532=AXIS2_PLACEMENT_3D('',#13212,#10516,#10517);
#9533=AXIS2_PLACEMENT_3D('',#13213,#10518,#10519);
#9534=AXIS2_PLACEMENT_3D('',#13222,#10524,#10525);
#9535=AXIS2_PLACEMENT_3D('',#13231,#10530,#10531);
#9536=AXIS2_PLACEMENT_3D('',#13237,#10535,#10536);
#9537=AXIS2_PLACEMENT_3D('',#13243,#10540,#10541);
#9538=AXIS2_PLACEMENT_3D('',#13247,#10544,#10545);
#9539=AXIS2_PLACEMENT_3D('',#13253,#10549,#10550);
#9540=AXIS2_PLACEMENT_3D('',#13259,#10554,#10555);
#9541=AXIS2_PLACEMENT_3D('',#13270,#10561,#10562);
#9542=AXIS2_PLACEMENT_3D('',#13271,#10563,#10564);
#9543=AXIS2_PLACEMENT_3D('',#13273,#10565,#10566);
#9544=AXIS2_PLACEMENT_3D('',#13275,#10567,#10568);
#9545=AXIS2_PLACEMENT_3D('',#13276,#10569,#10570);
#9546=AXIS2_PLACEMENT_3D('',#13281,#10574,#10575);
#9547=AXIS2_PLACEMENT_3D('',#13303,#10588,#10589);
#9548=AXIS2_PLACEMENT_3D('',#13304,#10590,#10591);
#9549=AXIS2_PLACEMENT_3D('',#13310,#10595,#10596);
#9550=AXIS2_PLACEMENT_3D('',#13319,#10601,#10602);
#9551=AXIS2_PLACEMENT_3D('',#13325,#10606,#10607);
#9552=AXIS2_PLACEMENT_3D('',#13329,#10610,#10611);
#9553=AXIS2_PLACEMENT_3D('',#13333,#10614,#10615);
#9554=AXIS2_PLACEMENT_3D('',#13339,#10619,#10620);
#9555=AXIS2_PLACEMENT_3D('',#13341,#10621,#10622);
#9556=AXIS2_PLACEMENT_3D('',#13354,#10629,#10630);
#9557=AXIS2_PLACEMENT_3D('',#13355,#10631,#10632);
#9558=AXIS2_PLACEMENT_3D('',#13357,#10633,#10634);
#9559=AXIS2_PLACEMENT_3D('',#13359,#10635,#10636);
#9560=AXIS2_PLACEMENT_3D('',#13360,#10637,#10638);
#9561=AXIS2_PLACEMENT_3D('',#13373,#10648,#10649);
#9562=AXIS2_PLACEMENT_3D('',#13375,#10651,#10652);
#9563=AXIS2_PLACEMENT_3D('',#13403,#10667,#10668);
#9564=AXIS2_PLACEMENT_3D('',#13404,#10669,#10670);
#9565=AXIS2_PLACEMENT_3D('',#13422,#10682,#10683);
#9566=AXIS2_PLACEMENT_3D('',#13428,#10687,#10688);
#9567=AXIS2_PLACEMENT_3D('',#13437,#10693,#10694);
#9568=AXIS2_PLACEMENT_3D('',#13443,#10698,#10699);
#9569=AXIS2_PLACEMENT_3D('',#13447,#10702,#10703);
#9570=AXIS2_PLACEMENT_3D('',#13451,#10706,#10707);
#9571=AXIS2_PLACEMENT_3D('',#13457,#10711,#10712);
#9572=AXIS2_PLACEMENT_3D('',#13459,#10714,#10715);
#9573=AXIS2_PLACEMENT_3D('',#13462,#10718,#10719);
#9574=AXIS2_PLACEMENT_3D('',#13464,#10721,#10722);
#9575=AXIS2_PLACEMENT_3D('',#13476,#10729,#10730);
#9576=AXIS2_PLACEMENT_3D('',#13481,#10735,#10736);
#9577=AXIS2_PLACEMENT_3D('',#13485,#10739,#10740);
#9578=AXIS2_PLACEMENT_3D('',#13487,#10742,#10743);
#9579=AXIS2_PLACEMENT_3D('',#13496,#10750,#10751);
#9580=AXIS2_PLACEMENT_3D('',#13499,#10754,#10755);
#9581=AXIS2_PLACEMENT_3D('',#13502,#10758,#10759);
#9582=AXIS2_PLACEMENT_3D('',#13503,#10760,#10761);
#9583=AXIS2_PLACEMENT_3D('',#13504,#10762,#10763);
#9584=AXIS2_PLACEMENT_3D('',#13506,#10765,#10766);
#9585=AXIS2_PLACEMENT_3D('',#13508,#10768,#10769);
#9586=AXIS2_PLACEMENT_3D('',#13511,#10772,#10773);
#9587=AXIS2_PLACEMENT_3D('',#13513,#10775,#10776);
#9588=AXIS2_PLACEMENT_3D('',#13514,#10777,#10778);
#9589=AXIS2_PLACEMENT_3D('',#13515,#10779,#10780);
#9590=AXIS2_PLACEMENT_3D('',#13518,#10781,#10782);
#9591=AXIS2_PLACEMENT_3D('',#13519,#10783,#10784);
#9592=AXIS2_PLACEMENT_3D('',#13521,#10786,#10787);
#9593=AXIS2_PLACEMENT_3D('',#13525,#10790,#10791);
#9594=AXIS2_PLACEMENT_3D('',#13529,#10794,#10795);
#9595=AXIS2_PLACEMENT_3D('',#13531,#10797,#10798);
#9596=AXIS2_PLACEMENT_3D('',#13535,#10801,#10802);
#9597=AXIS2_PLACEMENT_3D('',#13539,#10805,#10806);
#9598=AXIS2_PLACEMENT_3D('',#13541,#10808,#10809);
#9599=AXIS2_PLACEMENT_3D('',#13542,#10810,#10811);
#9600=AXIS2_PLACEMENT_3D('',#13543,#10812,#10813);
#9601=AXIS2_PLACEMENT_3D('',#13545,#10814,#10815);
#9602=AXIS2_PLACEMENT_3D('',#13547,#10817,#10818);
#9603=AXIS2_PLACEMENT_3D('',#13549,#10820,#10821);
#9604=AXIS2_PLACEMENT_3D('',#13556,#10826,#10827);
#9605=AXIS2_PLACEMENT_3D('',#13560,#10830,#10831);
#9606=AXIS2_PLACEMENT_3D('',#13564,#10834,#10835);
#9607=AXIS2_PLACEMENT_3D('',#13566,#10837,#10838);
#9608=AXIS2_PLACEMENT_3D('',#13572,#10842,#10843);
#9609=AXIS2_PLACEMENT_3D('',#13574,#10844,#10845);
#9610=AXIS2_PLACEMENT_3D('',#13576,#10846,#10847);
#9611=AXIS2_PLACEMENT_3D('',#13579,#10850,#10851);
#9612=AXIS2_PLACEMENT_3D('',#13581,#10852,#10853);
#9613=AXIS2_PLACEMENT_3D('',#13583,#10855,#10856);
#9614=AXIS2_PLACEMENT_3D('',#13585,#10858,#10859);
#9615=AXIS2_PLACEMENT_3D('',#13587,#10861,#10862);
#9616=AXIS2_PLACEMENT_3D('',#13588,#10863,#10864);
#9617=AXIS2_PLACEMENT_3D('',#13594,#10868,#10869);
#9618=AXIS2_PLACEMENT_3D('',#13600,#10873,#10874);
#9619=AXIS2_PLACEMENT_3D('',#13602,#10875,#10876);
#9620=AXIS2_PLACEMENT_3D('',#13605,#10878,#10879);
#9621=AXIS2_PLACEMENT_3D('',#13606,#10880,#10881);
#9622=AXIS2_PLACEMENT_3D('',#13612,#10885,#10886);
#9623=AXIS2_PLACEMENT_3D('',#13614,#10887,#10888);
#9624=AXIS2_PLACEMENT_3D('',#13618,#10890,#10891);
#9625=AXIS2_PLACEMENT_3D('',#13622,#10894,#10895);
#9626=AXIS2_PLACEMENT_3D('',#13628,#10898,#10899);
#9627=AXIS2_PLACEMENT_3D('',#13631,#10901,#10902);
#9628=AXIS2_PLACEMENT_3D('',#13632,#10903,#10904);
#9629=AXIS2_PLACEMENT_3D('',#13634,#10906,#10907);
#9630=AXIS2_PLACEMENT_3D('',#13636,#10909,#10910);
#9631=AXIS2_PLACEMENT_3D('',#13639,#10913,#10914);
#9632=AXIS2_PLACEMENT_3D('',#13641,#10916,#10917);
#9633=AXIS2_PLACEMENT_3D('',#13643,#10919,#10920);
#9634=AXIS2_PLACEMENT_3D('',#13644,#10921,#10922);
#9635=AXIS2_PLACEMENT_3D('',#13647,#10925,#10926);
#9636=AXIS2_PLACEMENT_3D('',#13649,#10928,#10929);
#9637=AXIS2_PLACEMENT_3D('',#13651,#10931,#10932);
#9638=AXIS2_PLACEMENT_3D('',#13652,#10933,#10934);
#9639=AXIS2_PLACEMENT_3D('',#13654,#10936,#10937);
#9640=AXIS2_PLACEMENT_3D('',#13657,#10940,#10941);
#9641=AXIS2_PLACEMENT_3D('',#13660,#10944,#10945);
#9642=AXIS2_PLACEMENT_3D('',#13661,#10946,#10947);
#9643=AXIS2_PLACEMENT_3D('',#13662,#10948,#10949);
#9644=AXIS2_PLACEMENT_3D('',#13664,#10951,#10952);
#9645=AXIS2_PLACEMENT_3D('',#13666,#10954,#10955);
#9646=AXIS2_PLACEMENT_3D('',#13669,#10958,#10959);
#9647=AXIS2_PLACEMENT_3D('',#13671,#10961,#10962);
#9648=AXIS2_PLACEMENT_3D('',#13672,#10963,#10964);
#9649=AXIS2_PLACEMENT_3D('',#13673,#10965,#10966);
#9650=AXIS2_PLACEMENT_3D('',#13676,#10967,#10968);
#9651=AXIS2_PLACEMENT_3D('',#13677,#10969,#10970);
#9652=AXIS2_PLACEMENT_3D('',#13679,#10972,#10973);
#9653=AXIS2_PLACEMENT_3D('',#13683,#10976,#10977);
#9654=AXIS2_PLACEMENT_3D('',#13687,#10980,#10981);
#9655=AXIS2_PLACEMENT_3D('',#13689,#10983,#10984);
#9656=AXIS2_PLACEMENT_3D('',#13693,#10987,#10988);
#9657=AXIS2_PLACEMENT_3D('',#13697,#10991,#10992);
#9658=AXIS2_PLACEMENT_3D('',#13699,#10994,#10995);
#9659=AXIS2_PLACEMENT_3D('',#13700,#10996,#10997);
#9660=AXIS2_PLACEMENT_3D('',#13701,#10998,#10999);
#9661=AXIS2_PLACEMENT_3D('',#13703,#11000,#11001);
#9662=AXIS2_PLACEMENT_3D('',#13705,#11003,#11004);
#9663=AXIS2_PLACEMENT_3D('',#13707,#11006,#11007);
#9664=AXIS2_PLACEMENT_3D('',#13711,#11010,#11011);
#9665=AXIS2_PLACEMENT_3D('',#13715,#11014,#11015);
#9666=AXIS2_PLACEMENT_3D('',#13717,#11017,#11018);
#9667=AXIS2_PLACEMENT_3D('',#13718,#11019,#11020);
#9668=AXIS2_PLACEMENT_3D('',#13720,#11021,#11022);
#9669=AXIS2_PLACEMENT_3D('',#13722,#11024,#11025);
#9670=AXIS2_PLACEMENT_3D('',#13724,#11026,#11027);
#9671=AXIS2_PLACEMENT_3D('',#13726,#11029,#11030);
#9672=AXIS2_PLACEMENT_3D('',#13728,#11032,#11033);
#9673=AXIS2_PLACEMENT_3D('',#13730,#11035,#11036);
#9674=AXIS2_PLACEMENT_3D('',#13732,#11038,#11039);
#9675=AXIS2_PLACEMENT_3D('',#13734,#11041,#11042);
#9676=AXIS2_PLACEMENT_3D('',#13736,#11044,#11045);
#9677=AXIS2_PLACEMENT_3D('',#13739,#11048,#11049);
#9678=AXIS2_PLACEMENT_3D('',#13741,#11051,#11052);
#9679=AXIS2_PLACEMENT_3D('',#13743,#11054,#11055);
#9680=AXIS2_PLACEMENT_3D('',#13744,#11056,#11057);
#9681=AXIS2_PLACEMENT_3D('',#13747,#11060,#11061);
#9682=AXIS2_PLACEMENT_3D('',#13749,#11063,#11064);
#9683=AXIS2_PLACEMENT_3D('',#13751,#11066,#11067);
#9684=AXIS2_PLACEMENT_3D('',#13752,#11068,#11069);
#9685=AXIS2_PLACEMENT_3D('',#13755,#11072,#11073);
#9686=AXIS2_PLACEMENT_3D('',#13758,#11076,#11077);
#9687=AXIS2_PLACEMENT_3D('',#13759,#11078,#11079);
#9688=AXIS2_PLACEMENT_3D('',#13760,#11080,#11081);
#9689=AXIS2_PLACEMENT_3D('',#13762,#11083,#11084);
#9690=AXIS2_PLACEMENT_3D('',#13764,#11086,#11087);
#9691=AXIS2_PLACEMENT_3D('',#13767,#11090,#11091);
#9692=AXIS2_PLACEMENT_3D('',#13769,#11093,#11094);
#9693=AXIS2_PLACEMENT_3D('',#13770,#11095,#11096);
#9694=AXIS2_PLACEMENT_3D('',#13771,#11097,#11098);
#9695=AXIS2_PLACEMENT_3D('',#13774,#11099,#11100);
#9696=AXIS2_PLACEMENT_3D('',#13775,#11101,#11102);
#9697=AXIS2_PLACEMENT_3D('',#13777,#11104,#11105);
#9698=AXIS2_PLACEMENT_3D('',#13781,#11108,#11109);
#9699=AXIS2_PLACEMENT_3D('',#13785,#11112,#11113);
#9700=AXIS2_PLACEMENT_3D('',#13787,#11115,#11116);
#9701=AXIS2_PLACEMENT_3D('',#13791,#11119,#11120);
#9702=AXIS2_PLACEMENT_3D('',#13795,#11123,#11124);
#9703=AXIS2_PLACEMENT_3D('',#13797,#11126,#11127);
#9704=AXIS2_PLACEMENT_3D('',#13798,#11128,#11129);
#9705=AXIS2_PLACEMENT_3D('',#13799,#11130,#11131);
#9706=AXIS2_PLACEMENT_3D('',#13801,#11132,#11133);
#9707=AXIS2_PLACEMENT_3D('',#13803,#11135,#11136);
#9708=AXIS2_PLACEMENT_3D('',#13805,#11138,#11139);
#9709=AXIS2_PLACEMENT_3D('',#13809,#11142,#11143);
#9710=AXIS2_PLACEMENT_3D('',#13813,#11146,#11147);
#9711=AXIS2_PLACEMENT_3D('',#13815,#11149,#11150);
#9712=AXIS2_PLACEMENT_3D('',#13821,#11154,#11155);
#9713=AXIS2_PLACEMENT_3D('',#13823,#11156,#11157);
#9714=AXIS2_PLACEMENT_3D('',#13825,#11159,#11160);
#9715=AXIS2_PLACEMENT_3D('',#13828,#11163,#11164);
#9716=AXIS2_PLACEMENT_3D('',#13829,#11165,#11166);
#9717=AXIS2_PLACEMENT_3D('',#13831,#11168,#11169);
#9718=AXIS2_PLACEMENT_3D('',#13833,#11171,#11172);
#9719=AXIS2_PLACEMENT_3D('',#13834,#11173,#11174);
#9720=AXIS2_PLACEMENT_3D('',#13836,#11176,#11177);
#9721=AXIS2_PLACEMENT_3D('',#13838,#11179,#11180);
#9722=AXIS2_PLACEMENT_3D('',#13841,#11183,#11184);
#9723=AXIS2_PLACEMENT_3D('',#13843,#11186,#11187);
#9724=AXIS2_PLACEMENT_3D('',#13845,#11189,#11190);
#9725=AXIS2_PLACEMENT_3D('',#13846,#11191,#11192);
#9726=AXIS2_PLACEMENT_3D('',#13849,#11195,#11196);
#9727=AXIS2_PLACEMENT_3D('',#13851,#11198,#11199);
#9728=AXIS2_PLACEMENT_3D('',#13853,#11201,#11202);
#9729=AXIS2_PLACEMENT_3D('',#13854,#11203,#11204);
#9730=AXIS2_PLACEMENT_3D('',#13859,#11208,#11209);
#9731=AXIS2_PLACEMENT_3D('',#13861,#11211,#11212);
#9732=AXIS2_PLACEMENT_3D('',#13862,#11213,#11214);
#9733=AXIS2_PLACEMENT_3D('',#13864,#11216,#11217);
#9734=AXIS2_PLACEMENT_3D('',#13865,#11218,#11219);
#9735=AXIS2_PLACEMENT_3D('',#13867,#11221,#11222);
#9736=AXIS2_PLACEMENT_3D('',#13869,#11224,#11225);
#9737=AXIS2_PLACEMENT_3D('',#13870,#11226,#11227);
#9738=AXIS2_PLACEMENT_3D('',#13876,#11231,#11232);
#9739=AXIS2_PLACEMENT_3D('',#13885,#11237,#11238);
#9740=AXIS2_PLACEMENT_3D('',#13894,#11243,#11244);
#9741=AXIS2_PLACEMENT_3D('',#13903,#11249,#11250);
#9742=AXIS2_PLACEMENT_3D('',#13912,#11255,#11256);
#9743=AXIS2_PLACEMENT_3D('',#13921,#11261,#11262);
#9744=AXIS2_PLACEMENT_3D('',#13922,#11263,#11264);
#9745=AXIS2_PLACEMENT_3D('',#13923,#11265,#11266);
#9746=AXIS2_PLACEMENT_3D('',#13924,#11267,#11268);
#9747=AXIS2_PLACEMENT_3D('',#13925,#11269,#11270);
#9748=AXIS2_PLACEMENT_3D('',#13926,#11271,#11272);
#9749=AXIS2_PLACEMENT_3D('',#13927,#11273,#11274);
#9750=AXIS2_PLACEMENT_3D('',#13928,#11275,#11276);
#9751=AXIS2_PLACEMENT_3D('',#13929,#11277,#11278);
#9752=AXIS2_PLACEMENT_3D('',#13930,#11279,#11280);
#9753=AXIS2_PLACEMENT_3D('',#13931,#11281,#11282);
#9754=AXIS2_PLACEMENT_3D('',#13932,#11283,#11284);
#9755=AXIS2_PLACEMENT_3D('',#13933,#11285,#11286);
#9756=AXIS2_PLACEMENT_3D('',#13934,#11287,#11288);
#9757=AXIS2_PLACEMENT_3D('',#13935,#11289,#11290);
#9758=AXIS2_PLACEMENT_3D('',#13936,#11291,#11292);
#9759=AXIS2_PLACEMENT_3D('',#13937,#11293,#11294);
#9760=AXIS2_PLACEMENT_3D('',#13938,#11295,#11296);
#9761=AXIS2_PLACEMENT_3D('',#13939,#11297,#11298);
#9762=AXIS2_PLACEMENT_3D('',#13940,#11299,#11300);
#9763=AXIS2_PLACEMENT_3D('',#13941,#11301,#11302);
#9764=AXIS2_PLACEMENT_3D('',#13947,#11306,#11307);
#9765=AXIS2_PLACEMENT_3D('',#13951,#11310,#11311);
#9766=AXIS2_PLACEMENT_3D('',#13954,#11313,#11314);
#9767=AXIS2_PLACEMENT_3D('',#13955,#11315,#11316);
#9768=AXIS2_PLACEMENT_3D('',#13959,#11319,#11320);
#9769=AXIS2_PLACEMENT_3D('',#13960,#11321,#11322);
#9770=AXIS2_PLACEMENT_3D('',#13961,#11323,#11324);
#9771=AXIS2_PLACEMENT_3D('',#13962,#11325,#11326);
#9772=AXIS2_PLACEMENT_3D('',#13963,#11327,#11328);
#9773=AXIS2_PLACEMENT_3D('',#13968,#11332,#11333);
#9774=AXIS2_PLACEMENT_3D('',#13970,#11335,#11336);
#9775=AXIS2_PLACEMENT_3D('',#13971,#11337,#11338);
#9776=AXIS2_PLACEMENT_3D('',#13973,#11340,#11341);
#9777=AXIS2_PLACEMENT_3D('',#13974,#11342,#11343);
#9778=AXIS2_PLACEMENT_3D('',#13980,#11347,#11348);
#9779=AXIS2_PLACEMENT_3D('',#13984,#11351,#11352);
#9780=AXIS2_PLACEMENT_3D('',#13987,#11354,#11355);
#9781=AXIS2_PLACEMENT_3D('',#13988,#11356,#11357);
#9782=AXIS2_PLACEMENT_3D('',#13992,#11360,#11361);
#9783=AXIS2_PLACEMENT_3D('',#13993,#11362,#11363);
#9784=AXIS2_PLACEMENT_3D('',#13994,#11364,#11365);
#9785=AXIS2_PLACEMENT_3D('',#13995,#11366,#11367);
#9786=AXIS2_PLACEMENT_3D('',#13997,#11369,#11370);
#9787=AXIS2_PLACEMENT_3D('',#13999,#11372,#11373);
#9788=AXIS2_PLACEMENT_3D('',#14000,#11374,#11375);
#9789=AXIS2_PLACEMENT_3D('',#14006,#11379,#11380);
#9790=AXIS2_PLACEMENT_3D('',#14015,#11385,#11386);
#9791=AXIS2_PLACEMENT_3D('',#14024,#11391,#11392);
#9792=AXIS2_PLACEMENT_3D('',#14033,#11397,#11398);
#9793=AXIS2_PLACEMENT_3D('',#14042,#11403,#11404);
#9794=AXIS2_PLACEMENT_3D('',#14051,#11409,#11410);
#9795=AXIS2_PLACEMENT_3D('',#14052,#11411,#11412);
#9796=AXIS2_PLACEMENT_3D('',#14053,#11413,#11414);
#9797=AXIS2_PLACEMENT_3D('',#14054,#11415,#11416);
#9798=AXIS2_PLACEMENT_3D('',#14055,#11417,#11418);
#9799=AXIS2_PLACEMENT_3D('',#14056,#11419,#11420);
#9800=AXIS2_PLACEMENT_3D('',#14057,#11421,#11422);
#9801=AXIS2_PLACEMENT_3D('',#14058,#11423,#11424);
#9802=AXIS2_PLACEMENT_3D('',#14059,#11425,#11426);
#9803=AXIS2_PLACEMENT_3D('',#14060,#11427,#11428);
#9804=AXIS2_PLACEMENT_3D('',#14061,#11429,#11430);
#9805=AXIS2_PLACEMENT_3D('',#14062,#11431,#11432);
#9806=AXIS2_PLACEMENT_3D('',#14063,#11433,#11434);
#9807=AXIS2_PLACEMENT_3D('',#14064,#11435,#11436);
#9808=AXIS2_PLACEMENT_3D('',#14065,#11437,#11438);
#9809=AXIS2_PLACEMENT_3D('',#14066,#11439,#11440);
#9810=AXIS2_PLACEMENT_3D('',#14067,#11441,#11442);
#9811=AXIS2_PLACEMENT_3D('',#14068,#11443,#11444);
#9812=AXIS2_PLACEMENT_3D('',#14069,#11445,#11446);
#9813=AXIS2_PLACEMENT_3D('',#14070,#11447,#11448);
#9814=AXIS2_PLACEMENT_3D('',#14071,#11449,#11450);
#9815=AXIS2_PLACEMENT_3D('',#14072,#11451,#11452);
#9816=AXIS2_PLACEMENT_3D('',#14089,#11461,#11462);
#9817=AXIS2_PLACEMENT_3D('',#14095,#11466,#11467);
#9818=AXIS2_PLACEMENT_3D('',#14101,#11471,#11472);
#9819=AXIS2_PLACEMENT_3D('',#14216,#11531,#11532);
#9820=AXIS2_PLACEMENT_3D('',#14256,#11554,#11555);
#9821=AXIS2_PLACEMENT_3D('',#14286,#11571,#11572);
#9822=AXIS2_PLACEMENT_3D('',#14295,#11577,#11578);
#9823=AXIS2_PLACEMENT_3D('',#14304,#11583,#11584);
#9824=AXIS2_PLACEMENT_3D('',#14321,#11593,#11594);
#9825=AXIS2_PLACEMENT_3D('',#14324,#11597,#11598);
#9826=AXIS2_PLACEMENT_3D('',#14327,#11601,#11602);
#9827=AXIS2_PLACEMENT_3D('',#14351,#11616,#11617);
#9828=AXIS2_PLACEMENT_3D('',#14357,#11621,#11622);
#9829=AXIS2_PLACEMENT_3D('',#14363,#11626,#11627);
#9830=AXIS2_PLACEMENT_3D('',#14369,#11631,#11632);
#9831=AXIS2_PLACEMENT_3D('',#14375,#11636,#11637);
#9832=AXIS2_PLACEMENT_3D('',#14392,#11646,#11647);
#9833=AXIS2_PLACEMENT_3D('',#14395,#11650,#11651);
#9834=AXIS2_PLACEMENT_3D('',#14398,#11654,#11655);
#9835=AXIS2_PLACEMENT_3D('',#14401,#11658,#11659);
#9836=AXIS2_PLACEMENT_3D('',#14402,#11660,#11661);
#9837=AXIS2_PLACEMENT_3D('',#14403,#11662,#11663);
#9838=AXIS2_PLACEMENT_3D('',#14409,#11667,#11668);
#9839=AXIS2_PLACEMENT_3D('',#14415,#11672,#11673);
#9840=AXIS2_PLACEMENT_3D('',#14418,#11676,#11677);
#9841=AXIS2_PLACEMENT_3D('',#14419,#11678,#11679);
#9842=AXIS2_PLACEMENT_3D('',#14420,#11680,#11681);
#9843=AXIS2_PLACEMENT_3D('',#14426,#11685,#11686);
#9844=AXIS2_PLACEMENT_3D('',#14429,#11689,#11690);
#9845=AXIS2_PLACEMENT_3D('',#14430,#11691,#11692);
#9846=AXIS2_PLACEMENT_3D('',#14431,#11693,#11694);
#9847=AXIS2_PLACEMENT_3D('',#14437,#11698,#11699);
#9848=AXIS2_PLACEMENT_3D('',#14443,#11703,#11704);
#9849=AXIS2_PLACEMENT_3D('',#14446,#11707,#11708);
#9850=AXIS2_PLACEMENT_3D('',#14447,#11709,#11710);
#9851=AXIS2_PLACEMENT_3D('',#14448,#11711,#11712);
#9852=AXIS2_PLACEMENT_3D('',#14450,#11714,#11715);
#9853=AXIS2_PLACEMENT_3D('',#14453,#11718,#11719);
#9854=AXIS2_PLACEMENT_3D('',#14457,#11723,#11724);
#9855=AXIS2_PLACEMENT_3D('',#14458,#11725,#11726);
#9856=AXIS2_PLACEMENT_3D('',#14459,#11727,#11728);
#9857=AXIS2_PLACEMENT_3D('',#14460,#11729,#11730);
#9858=AXIS2_PLACEMENT_3D('',#14462,#11732,#11733);
#9859=AXIS2_PLACEMENT_3D('',#14464,#11735,#11736);
#9860=AXIS2_PLACEMENT_3D('',#14465,#11737,#11738);
#9861=AXIS2_PLACEMENT_3D('',#14471,#11742,#11743);
#9862=AXIS2_PLACEMENT_3D('',#14477,#11747,#11748);
#9863=AXIS2_PLACEMENT_3D('',#14479,#11750,#11751);
#9864=AXIS2_PLACEMENT_3D('',#14481,#11753,#11754);
#9865=AXIS2_PLACEMENT_3D('',#14487,#11758,#11759);
#9866=AXIS2_PLACEMENT_3D('',#14491,#11762,#11763);
#9867=AXIS2_PLACEMENT_3D('',#14495,#11766,#11767);
#9868=AXIS2_PLACEMENT_3D('',#14497,#11769,#11770);
#9869=AXIS2_PLACEMENT_3D('',#14498,#11771,#11772);
#9870=AXIS2_PLACEMENT_3D('',#14499,#11773,#11774);
#9871=AXIS2_PLACEMENT_3D('',#14505,#11778,#11779);
#9872=AXIS2_PLACEMENT_3D('',#14508,#11782,#11783);
#9873=AXIS2_PLACEMENT_3D('',#14509,#11784,#11785);
#9874=AXIS2_PLACEMENT_3D('',#14510,#11786,#11787);
#9875=AXIS2_PLACEMENT_3D('',#14516,#11791,#11792);
#9876=AXIS2_PLACEMENT_3D('',#14522,#11796,#11797);
#9877=AXIS2_PLACEMENT_3D('',#14525,#11800,#11801);
#9878=AXIS2_PLACEMENT_3D('',#14526,#11802,#11803);
#9879=AXIS2_PLACEMENT_3D('',#14527,#11804,#11805);
#9880=AXIS2_PLACEMENT_3D('',#14529,#11807,#11808);
#9881=AXIS2_PLACEMENT_3D('',#14532,#11811,#11812);
#9882=AXIS2_PLACEMENT_3D('',#14536,#11816,#11817);
#9883=AXIS2_PLACEMENT_3D('',#14537,#11818,#11819);
#9884=AXIS2_PLACEMENT_3D('',#14538,#11820,#11821);
#9885=AXIS2_PLACEMENT_3D('',#14539,#11822,#11823);
#9886=AXIS2_PLACEMENT_3D('',#14545,#11827,#11828);
#9887=AXIS2_PLACEMENT_3D('',#14551,#11832,#11833);
#9888=AXIS2_PLACEMENT_3D('',#14553,#11835,#11836);
#9889=AXIS2_PLACEMENT_3D('',#14555,#11838,#11839);
#9890=AXIS2_PLACEMENT_3D('',#14561,#11843,#11844);
#9891=AXIS2_PLACEMENT_3D('',#14565,#11847,#11848);
#9892=AXIS2_PLACEMENT_3D('',#14569,#11851,#11852);
#9893=AXIS2_PLACEMENT_3D('',#14571,#11854,#11855);
#9894=AXIS2_PLACEMENT_3D('',#14577,#11859,#11860);
#9895=AXIS2_PLACEMENT_3D('',#14583,#11864,#11865);
#9896=AXIS2_PLACEMENT_3D('',#14586,#11868,#11869);
#9897=AXIS2_PLACEMENT_3D('',#14587,#11870,#11871);
#9898=AXIS2_PLACEMENT_3D('',#14588,#11872,#11873);
#9899=AXIS2_PLACEMENT_3D('',#14594,#11877,#11878);
#9900=AXIS2_PLACEMENT_3D('',#14597,#11881,#11882);
#9901=AXIS2_PLACEMENT_3D('',#14598,#11883,#11884);
#9902=AXIS2_PLACEMENT_3D('',#14599,#11885,#11886);
#9903=AXIS2_PLACEMENT_3D('',#14605,#11890,#11891);
#9904=AXIS2_PLACEMENT_3D('',#14611,#11895,#11896);
#9905=AXIS2_PLACEMENT_3D('',#14614,#11899,#11900);
#9906=AXIS2_PLACEMENT_3D('',#14615,#11901,#11902);
#9907=AXIS2_PLACEMENT_3D('',#14616,#11903,#11904);
#9908=AXIS2_PLACEMENT_3D('',#14620,#11908,#11909);
#9909=AXIS2_PLACEMENT_3D('',#14624,#11913,#11914);
#9910=AXIS2_PLACEMENT_3D('',#14625,#11915,#11916);
#9911=AXIS2_PLACEMENT_3D('',#14626,#11917,#11918);
#9912=AXIS2_PLACEMENT_3D('',#14627,#11919,#11920);
#9913=AXIS2_PLACEMENT_3D('',#14628,#11921,#11922);
#9914=AXIS2_PLACEMENT_3D('',#14630,#11924,#11925);
#9915=AXIS2_PLACEMENT_3D('',#14632,#11927,#11928);
#9916=AXIS2_PLACEMENT_3D('',#14633,#11929,#11930);
#9917=AXIS2_PLACEMENT_3D('',#14639,#11934,#11935);
#9918=AXIS2_PLACEMENT_3D('',#14643,#11938,#11939);
#9919=AXIS2_PLACEMENT_3D('',#14647,#11942,#11943);
#9920=AXIS2_PLACEMENT_3D('',#14649,#11945,#11946);
#9921=AXIS2_PLACEMENT_3D('',#14655,#11950,#11951);
#9922=AXIS2_PLACEMENT_3D('',#14659,#11954,#11955);
#9923=AXIS2_PLACEMENT_3D('',#14663,#11958,#11959);
#9924=AXIS2_PLACEMENT_3D('',#14665,#11961,#11962);
#9925=AXIS2_PLACEMENT_3D('',#14666,#11963,#11964);
#9926=AXIS2_PLACEMENT_3D('',#14667,#11965,#11966);
#9927=AXIS2_PLACEMENT_3D('',#14669,#11968,#11969);
#9928=AXIS2_PLACEMENT_3D('',#14671,#11971,#11972);
#9929=AXIS2_PLACEMENT_3D('',#14672,#11973,#11974);
#9930=AXIS2_PLACEMENT_3D('',#14673,#11975,#11976);
#9931=AXIS2_PLACEMENT_3D('',#14674,#11977,#11978);
#9932=AXIS2_PLACEMENT_3D('',#14675,#11979,#11980);
#9933=AXIS2_PLACEMENT_3D('',#14677,#11981,#11982);
#9934=AXIS2_PLACEMENT_3D('',#14681,#11984,#11985);
#9935=AXIS2_PLACEMENT_3D('',#14685,#11987,#11988);
#9936=AXIS2_PLACEMENT_3D('',#14689,#11990,#11991);
#9937=AXIS2_PLACEMENT_3D('',#14693,#11993,#11994);
#9938=AXIS2_PLACEMENT_3D('',#14696,#11996,#11997);
#9939=AXIS2_PLACEMENT_3D('',#14697,#11998,#11999);
#9940=AXIS2_PLACEMENT_3D('',#14701,#12001,#12002);
#9941=AXIS2_PLACEMENT_3D('',#14702,#12003,#12004);
#9942=AXIS2_PLACEMENT_3D('',#14706,#12006,#12007);
#9943=AXIS2_PLACEMENT_3D('',#14707,#12008,#12009);
#9944=AXIS2_PLACEMENT_3D('',#14728,#12010,#12011);
#9945=AXIS2_PLACEMENT_3D('',#14749,#12012,#12013);
#9946=AXIS2_PLACEMENT_3D('',#14752,#12014,#12015);
#9947=AXIS2_PLACEMENT_3D('',#14753,#12016,#12017);
#9948=AXIS2_PLACEMENT_3D('',#14756,#12019,#12020);
#9949=AXIS2_PLACEMENT_3D('',#14757,#12021,#12022);
#9950=AXIS2_PLACEMENT_3D('',#14759,#12023,#12024);
#9951=AXIS2_PLACEMENT_3D('',#14760,#12025,#12026);
#9952=AXIS2_PLACEMENT_3D('',#14761,#12027,#12028);
#9953=AXIS2_PLACEMENT_3D('',#14762,#12029,#12030);
#9954=AXIS2_PLACEMENT_3D('',#14764,#12032,#12033);
#9955=AXIS2_PLACEMENT_3D('',#14766,#12035,#12036);
#9956=AXIS2_PLACEMENT_3D('',#14767,#12037,#12038);
#9957=AXIS2_PLACEMENT_3D('',#14769,#12039,#12040);
#9958=AXIS2_PLACEMENT_3D('',#14772,#12042,#12043);
#9959=AXIS2_PLACEMENT_3D('',#14773,#12044,#12045);
#9960=AXIS2_PLACEMENT_3D('',#14775,#12046,#12047);
#9961=AXIS2_PLACEMENT_3D('',#14776,#12048,#12049);
#9962=AXIS2_PLACEMENT_3D('',#14777,#12050,#12051);
#9963=AXIS2_PLACEMENT_3D('',#14779,#12053,#12054);
#9964=AXIS2_PLACEMENT_3D('',#14780,#12055,#12056);
#9965=AXIS2_PLACEMENT_3D('',#14790,#12061,#12062);
#9966=AXIS2_PLACEMENT_3D('',#14791,#12063,#12064);
#9967=AXIS2_PLACEMENT_3D('',#14808,#12073,#12074);
#9968=AXIS2_PLACEMENT_3D('',#14810,#12075,#12076);
#9969=AXIS2_PLACEMENT_3D('',#14814,#12079,#12080);
#9970=AXIS2_PLACEMENT_3D('',#14819,#12082,#12083);
#9971=AXIS2_PLACEMENT_3D('',#14820,#12084,#12085);
#9972=AXIS2_PLACEMENT_3D('',#14822,#12087,#12088);
#9973=AXIS2_PLACEMENT_3D('',#14833,#12095,#12096);
#9974=AXIS2_PLACEMENT_3D('',#14840,#12101,#12102);
#9975=AXIS2_PLACEMENT_3D('',#14847,#12107,#12108);
#9976=AXIS2_PLACEMENT_3D('',#14850,#12111,#12112);
#9977=AXIS2_PLACEMENT_3D('',#14851,#12113,#12114);
#9978=AXIS2_PLACEMENT_3D('',#14852,#12115,#12116);
#9979=AXIS2_PLACEMENT_3D('',#14853,#12117,#12118);
#9980=AXIS2_PLACEMENT_3D('',#14854,#12119,#12120);
#9981=AXIS2_PLACEMENT_3D('',#14855,#12121,#12122);
#9982=AXIS2_PLACEMENT_3D('',#14857,#12124,#12125);
#9983=AXIS2_PLACEMENT_3D('',#14858,#12126,#12127);
#9984=AXIS2_PLACEMENT_3D('',#14859,#12128,#12129);
#9985=AXIS2_PLACEMENT_3D('',#14860,#12130,#12131);
#9986=AXIS2_PLACEMENT_3D('',#14873,#12138,#12139);
#9987=AXIS2_PLACEMENT_3D('',#14875,#12140,#12141);
#9988=AXIS2_PLACEMENT_3D('',#14878,#12143,#12144);
#9989=AXIS2_PLACEMENT_3D('',#14879,#12145,#12146);
#9990=AXIS2_PLACEMENT_3D('',#14885,#12150,#12151);
#9991=AXIS2_PLACEMENT_3D('',#14887,#12152,#12153);
#9992=AXIS2_PLACEMENT_3D('',#14890,#12155,#12156);
#9993=AXIS2_PLACEMENT_3D('',#14891,#12157,#12158);
#9994=AXIS2_PLACEMENT_3D('',#14904,#12165,#12166);
#9995=AXIS2_PLACEMENT_3D('',#14906,#12167,#12168);
#9996=AXIS2_PLACEMENT_3D('',#14908,#12169,#12170);
#9997=AXIS2_PLACEMENT_3D('',#14910,#12172,#12173);
#9998=AXIS2_PLACEMENT_3D('',#14916,#12177,#12178);
#9999=AXIS2_PLACEMENT_3D('',#14918,#12179,#12180);
#10000=AXIS2_PLACEMENT_3D('',#14920,#12181,#12182);
#10001=AXIS2_PLACEMENT_3D('',#14922,#12184,#12185);
#10002=AXIS2_PLACEMENT_3D('',#14929,#12188,#12189);
#10003=AXIS2_PLACEMENT_3D('',#14935,#12193,#12194);
#10004=AXIS2_PLACEMENT_3D('',#14937,#12196,#12197);
#10005=AXIS2_PLACEMENT_3D('',#14942,#12199,#12200);
#10006=AXIS2_PLACEMENT_3D('',#14945,#12202,#12203);
#10007=AXIS2_PLACEMENT_3D('',#14946,#12204,#12205);
#10008=AXIS2_PLACEMENT_3D('',#14952,#12209,#12210);
#10009=AXIS2_PLACEMENT_3D('',#14954,#12211,#12212);
#10010=AXIS2_PLACEMENT_3D('',#14957,#12214,#12215);
#10011=AXIS2_PLACEMENT_3D('',#14958,#12216,#12217);
#10012=AXIS2_PLACEMENT_3D('',#14968,#12223,#12224);
#10013=AXIS2_PLACEMENT_3D('',#14971,#12225,#12226);
#10014=AXIS2_PLACEMENT_3D('',#14975,#12228,#12229);
#10015=AXIS2_PLACEMENT_3D('',#14977,#12231,#12232);
#10016=AXIS2_PLACEMENT_3D('',#14983,#12236,#12237);
#10017=AXIS2_PLACEMENT_3D('',#14985,#12238,#12239);
#10018=AXIS2_PLACEMENT_3D('',#14987,#12240,#12241);
#10019=AXIS2_PLACEMENT_3D('',#14989,#12243,#12244);
#10020=AXIS2_PLACEMENT_3D('',#14999,#12250,#12251);
#10021=AXIS2_PLACEMENT_3D('',#15003,#12253,#12254);
#10022=AXIS2_PLACEMENT_3D('',#15007,#12256,#12257);
#10023=AXIS2_PLACEMENT_3D('',#15011,#12259,#12260);
#10024=AXIS2_PLACEMENT_3D('',#15015,#12262,#12263);
#10025=AXIS2_PLACEMENT_3D('',#15018,#12266,#12267);
#10026=AXIS2_PLACEMENT_3D('',#15021,#12268,#12269);
#10027=AXIS2_PLACEMENT_3D('',#15027,#12273,#12274);
#10028=AXIS2_PLACEMENT_3D('',#15031,#12276,#12277);
#10029=AXIS2_PLACEMENT_3D('',#15035,#12279,#12280);
#10030=AXIS2_PLACEMENT_3D('',#15037,#12282,#12283);
#10031=AXIS2_PLACEMENT_3D('',#15040,#12284,#12285);
#10032=AXIS2_PLACEMENT_3D('',#15046,#12289,#12290);
#10033=AXIS2_PLACEMENT_3D('',#15052,#12294,#12295);
#10034=AXIS2_PLACEMENT_3D('',#15055,#12298,#12299);
#10035=AXIS2_PLACEMENT_3D('',#15061,#12303,#12304);
#10036=AXIS2_PLACEMENT_3D('',#15070,#12308,#12309);
#10037=AXIS2_PLACEMENT_3D('',#15072,#12310,#12311);
#10038=AXIS2_PLACEMENT_3D('',#15074,#12312,#12313);
#10039=AXIS2_PLACEMENT_3D('',#15076,#12314,#12315);
#10040=AXIS2_PLACEMENT_3D('',#15078,#12316,#12317);
#10041=AXIS2_PLACEMENT_3D('',#15080,#12318,#12319);
#10042=AXIS2_PLACEMENT_3D('',#15084,#12321,#12322);
#10043=AXIS2_PLACEMENT_3D('',#15089,#12325,#12326);
#10044=AXIS2_PLACEMENT_3D('',#15093,#12328,#12329);
#10045=AXIS2_PLACEMENT_3D('',#15095,#12330,#12331);
#10046=AXIS2_PLACEMENT_3D('',#15097,#12332,#12333);
#10047=AXIS2_PLACEMENT_3D('',#15099,#12334,#12335);
#10048=AXIS2_PLACEMENT_3D('',#15101,#12336,#12337);
#10049=AXIS2_PLACEMENT_3D('',#15102,#12338,#12339);
#10050=AXIS2_PLACEMENT_3D('',#15103,#12340,#12341);
#10051=AXIS2_PLACEMENT_3D('',#15112,#12346,#12347);
#10052=AXIS2_PLACEMENT_3D('',#15121,#12351,#12352);
#10053=AXIS2_PLACEMENT_3D('',#15123,#12353,#12354);
#10054=AXIS2_PLACEMENT_3D('',#15125,#12355,#12356);
#10055=AXIS2_PLACEMENT_3D('',#15127,#12357,#12358);
#10056=AXIS2_PLACEMENT_3D('',#15129,#12359,#12360);
#10057=AXIS2_PLACEMENT_3D('',#15131,#12361,#12362);
#10058=AXIS2_PLACEMENT_3D('',#15135,#12364,#12365);
#10059=AXIS2_PLACEMENT_3D('',#15143,#12369,#12370);
#10060=AXIS2_PLACEMENT_3D('',#15147,#12372,#12373);
#10061=AXIS2_PLACEMENT_3D('',#15149,#12374,#12375);
#10062=AXIS2_PLACEMENT_3D('',#15151,#12376,#12377);
#10063=AXIS2_PLACEMENT_3D('',#15153,#12378,#12379);
#10064=AXIS2_PLACEMENT_3D('',#15155,#12380,#12381);
#10065=AXIS2_PLACEMENT_3D('',#15156,#12382,#12383);
#10066=AXIS2_PLACEMENT_3D('',#15157,#12384,#12385);
#10067=AXIS2_PLACEMENT_3D('',#15160,#12388,#12389);
#10068=AXIS2_PLACEMENT_3D('',#15169,#12394,#12395);
#10069=AXIS2_PLACEMENT_3D('',#15170,#12396,#12397);
#10070=AXIS2_PLACEMENT_3D('',#15171,#12398,#12399);
#10071=AXIS2_PLACEMENT_3D('',#15173,#12401,#12402);
#10072=AXIS2_PLACEMENT_3D('',#15175,#12404,#12405);
#10073=AXIS2_PLACEMENT_3D('',#15177,#12407,#12408);
#10074=AXIS2_PLACEMENT_3D('',#15179,#12410,#12411);
#10075=AXIS2_PLACEMENT_3D('',#15181,#12413,#12414);
#10076=AXIS2_PLACEMENT_3D('',#15183,#12416,#12417);
#10077=AXIS2_PLACEMENT_3D('',#15185,#12419,#12420);
#10078=AXIS2_PLACEMENT_3D('',#15187,#12422,#12423);
#10079=AXIS2_PLACEMENT_3D('',#15188,#12424,#12425);
#10080=AXIS2_PLACEMENT_3D('',#15190,#12427,#12428);
#10081=AXIS2_PLACEMENT_3D('',#15191,#12429,#12430);
#10082=AXIS2_PLACEMENT_3D('',#15193,#12432,#12433);
#10083=AXIS2_PLACEMENT_3D('',#15195,#12435,#12436);
#10084=AXIS2_PLACEMENT_3D('',#15197,#12438,#12439);
#10085=AXIS2_PLACEMENT_3D('',#15199,#12441,#12442);
#10086=AXIS2_PLACEMENT_3D('',#15201,#12444,#12445);
#10087=AXIS2_PLACEMENT_3D('',#15202,#12446,#12447);
#10088=AXIS2_PLACEMENT_3D('',#15211,#12454,#12455);
#10089=AXIS2_PLACEMENT_3D('',#15220,#12462,#12463);
#10090=AXIS2_PLACEMENT_3D('',#15221,#12464,#12465);
#10091=AXIS2_PLACEMENT_3D('',#15222,#12466,#12467);
#10092=AXIS2_PLACEMENT_3D('',#15223,#12468,#12469);
#10093=AXIS2_PLACEMENT_3D('',#15225,#12471,#12472);
#10094=AXIS2_PLACEMENT_3D('',#15227,#12474,#12475);
#10095=AXIS2_PLACEMENT_3D('',#15228,#12476,#12477);
#10096=AXIS2_PLACEMENT_3D('',#15231,#12480,#12481);
#10097=AXIS2_PLACEMENT_3D('',#15232,#12482,#12483);
#10098=AXIS2_PLACEMENT_3D('',#15233,#12484,#12485);
#10099=AXIS2_PLACEMENT_3D('',#15236,#12488,#12489);
#10100=AXIS2_PLACEMENT_3D('',#15239,#12492,#12493);
#10101=AXIS2_PLACEMENT_3D('',#15240,#12494,#12495);
#10102=AXIS2_PLACEMENT_3D('',#15241,#12496,#12497);
#10103=AXIS2_PLACEMENT_3D('',#15244,#12500,#12501);
#10104=AXIS2_PLACEMENT_3D('',#15246,#12503,#12504);
#10105=AXIS2_PLACEMENT_3D('',#15247,#12505,#12506);
#10106=AXIS2_PLACEMENT_3D('',#15249,#12508,#12509);
#10107=AXIS2_PLACEMENT_3D('',#15250,#12510,#12511);
#10108=AXIS2_PLACEMENT_3D('',#15253,#12512,#12513);
#10109=AXIS2_PLACEMENT_3D('',#15257,#12515,#12516);
#10110=AXIS2_PLACEMENT_3D('',#15263,#12520,#12521);
#10111=AXIS2_PLACEMENT_3D('',#15272,#12526,#12527);
#10112=AXIS2_PLACEMENT_3D('',#15275,#12528,#12529);
#10113=AXIS2_PLACEMENT_3D('',#15279,#12531,#12532);
#10114=AXIS2_PLACEMENT_3D('',#15285,#12536,#12537);
#10115=AXIS2_PLACEMENT_3D('',#15287,#12538,#12539);
#10116=AXIS2_PLACEMENT_3D('',#15306,#12541,#12542);
#10117=AXIS2_PLACEMENT_3D('',#15307,#12543,#12544);
#10118=AXIS2_PLACEMENT_3D('',#15308,#12545,#12546);
#10119=AXIS2_PLACEMENT_3D('',#15309,#12547,#12548);
#10120=AXIS2_PLACEMENT_3D('',#15310,#12549,#12550);
#10121=AXIS2_PLACEMENT_3D('',#15320,#12551,#12552);
#10122=AXIS2_PLACEMENT_3D('',#15322,#12553,#12554);
#10123=AXIS2_PLACEMENT_3D('',#15332,#12556,#12557);
#10124=AXIS2_PLACEMENT_3D('',#15333,#12558,#12559);
#10125=AXIS2_PLACEMENT_3D('',#15334,#12560,#12561);
#10126=AXIS2_PLACEMENT_3D('',#15335,#12562,#12563);
#10127=AXIS2_PLACEMENT_3D('',#15337,#12565,#12566);
#10128=AXIS2_PLACEMENT_3D('',#15339,#12568,#12569);
#10129=AXIS2_PLACEMENT_3D('',#15341,#12571,#12572);
#10130=AXIS2_PLACEMENT_3D('',#15343,#12574,#12575);
#10131=AXIS2_PLACEMENT_3D('',#15344,#12576,#12577);
#10132=AXIS2_PLACEMENT_3D('',#15345,#12578,#12579);
#10133=AXIS2_PLACEMENT_3D('',#15346,#12580,#12581);
#10134=AXIS2_PLACEMENT_3D('',#15347,#12582,#12583);
#10135=AXIS2_PLACEMENT_3D('',#15350,#12584,#12585);
#10136=AXIS2_PLACEMENT_3D('',#15354,#12587,#12588);
#10137=AXIS2_PLACEMENT_3D('',#15360,#12592,#12593);
#10138=AXIS2_PLACEMENT_3D('',#15363,#12594,#12595);
#10139=AXIS2_PLACEMENT_3D('',#15367,#12597,#12598);
#10140=AXIS2_PLACEMENT_3D('',#15373,#12602,#12603);
#10141=AXIS2_PLACEMENT_3D('',#15382,#12608,#12609);
#10142=AXIS2_PLACEMENT_3D('',#15383,#12610,#12611);
#10143=AXIS2_PLACEMENT_3D('',#15385,#12613,#12614);
#10144=AXIS2_PLACEMENT_3D('',#15386,#12615,#12616);
#10145=AXIS2_PLACEMENT_3D('',#15396,#12617,#12618);
#10146=AXIS2_PLACEMENT_3D('',#15398,#12619,#12620);
#10147=AXIS2_PLACEMENT_3D('',#15407,#12621,#12622);
#10148=AXIS2_PLACEMENT_3D('',#15408,#12623,#12624);
#10149=AXIS2_PLACEMENT_3D('',#15409,#12625,#12626);
#10150=AXIS2_PLACEMENT_3D('',#15411,#12628,#12629);
#10151=AXIS2_PLACEMENT_3D('',#15413,#12630,#12631);
#10152=AXIS2_PLACEMENT_3D('',#15431,#12632,#12633);
#10153=AXIS2_PLACEMENT_3D('',#15432,#12634,#12635);
#10154=AXIS2_PLACEMENT_3D('',#15434,#12637,#12638);
#10155=AXIS2_PLACEMENT_3D('',#15436,#12640,#12641);
#10156=AXIS2_PLACEMENT_3D('',#15438,#12643,#12644);
#10157=AXIS2_PLACEMENT_3D('',#15440,#12646,#12647);
#10158=AXIS2_PLACEMENT_3D('',#15441,#12648,#12649);
#10159=AXIS2_PLACEMENT_3D('',#15442,#12650,#12651);
#10160=AXIS2_PLACEMENT_3D('',#15443,#12652,#12653);
#10161=AXIS2_PLACEMENT_3D('',#15444,#12654,#12655);
#10162=AXIS2_PLACEMENT_3D('',#15445,#12656,#12657);
#10163=AXIS2_PLACEMENT_3D('',#15446,#12658,#12659);
#10164=AXIS2_PLACEMENT_3D('',#15447,#12660,#12661);
#10165=AXIS2_PLACEMENT_3D('',#15448,#12662,#12663);
#10166=AXIS2_PLACEMENT_3D('',#15449,#12664,#12665);
#10167=AXIS2_PLACEMENT_3D('',#15450,#12666,#12667);
#10168=AXIS2_PLACEMENT_3D('',#15451,#12668,#12669);
#10169=AXIS2_PLACEMENT_3D('',#15452,#12670,#12671);
#10170=AXIS2_PLACEMENT_3D('',#15453,#12672,#12673);
#10171=AXIS2_PLACEMENT_3D('',#15454,#12674,#12675);
#10172=AXIS2_PLACEMENT_3D('',#15455,#12676,#12677);
#10173=AXIS2_PLACEMENT_3D('',#15456,#12678,#12679);
#10174=DIRECTION('axis',(0.,0.,1.));
#10175=DIRECTION('refdir',(1.,0.,0.));
#10176=DIRECTION('axis',(0.,0.,1.));
#10177=DIRECTION('refdir',(1.,0.,0.));
#10178=DIRECTION('center_axis',(0.,1.,2.0289163461717E-16));
#10179=DIRECTION('ref_axis',(0.,-2.0289163461717E-16,1.));
#10180=DIRECTION('',(1.,0.,0.));
#10181=DIRECTION('',(0.,-1.03257349760524E-16,-1.));
#10182=DIRECTION('',(-1.,0.,0.));
#10183=DIRECTION('',(0.,2.0289163461717E-16,-1.));
#10184=DIRECTION('',(-1.,0.,0.));
#10185=DIRECTION('',(0.,-2.0289163461717E-16,1.));
#10186=DIRECTION('',(-1.,0.,0.));
#10187=DIRECTION('',(0.,2.0289163461717E-16,-1.));
#10188=DIRECTION('',(-1.,0.,0.));
#10189=DIRECTION('',(0.,-2.0289163461717E-16,1.));
#10190=DIRECTION('',(-1.,0.,0.));
#10191=DIRECTION('',(0.,2.0289163461717E-16,-1.));
#10192=DIRECTION('',(-1.,0.,0.));
#10193=DIRECTION('',(0.,-2.31841973990611E-16,1.));
#10194=DIRECTION('',(-1.,0.,0.));
#10195=DIRECTION('',(0.,1.03257349760524E-16,1.));
#10196=DIRECTION('',(-1.,0.,0.));
#10197=DIRECTION('',(0.,1.03257349760524E-16,1.));
#10198=DIRECTION('',(-1.,0.,0.));
#10199=DIRECTION('',(0.,-1.03257349760524E-16,-1.));
#10200=DIRECTION('center_axis',(0.,0.707106781186548,0.707106781186548));
#10201=DIRECTION('ref_axis',(1.,0.,0.));
#10202=DIRECTION('',(0.,-0.707106781186548,0.707106781186548));
#10203=DIRECTION('',(1.,0.,0.));
#10204=DIRECTION('',(1.,0.,0.));
#10205=DIRECTION('',(1.,0.,0.));
#10206=DIRECTION('',(0.,0.707106781186548,-0.707106781186548));
#10207=DIRECTION('center_axis',(-1.,2.64318448669746E-32,-2.74264581182104E-16));
#10208=DIRECTION('ref_axis',(-2.74264581182104E-16,0.,1.));
#10209=DIRECTION('',(0.,-1.,-9.63735264431559E-17));
#10210=DIRECTION('',(-2.74264581182104E-16,0.,1.));
#10211=DIRECTION('',(0.,-1.,-9.63735264431559E-17));
#10212=DIRECTION('',(1.71754799601664E-16,9.63735264431559E-17,-1.));
#10213=DIRECTION('',(0.,-1.,-9.63735264431559E-17));
#10214=DIRECTION('',(0.,9.63735264431559E-17,-1.));
#10215=DIRECTION('',(0.,1.,9.63735264431559E-17));
#10216=DIRECTION('',(0.,-9.63735264431559E-17,1.));
#10217=DIRECTION('',(0.,1.,9.63735264431559E-17));
#10218=DIRECTION('',(0.,9.63735264431559E-17,-1.));
#10219=DIRECTION('',(0.,-1.,-9.63735264431559E-17));
#10220=DIRECTION('',(2.06514699521049E-16,9.63735264431559E-17,-1.));
#10221=DIRECTION('',(-1.93934345193154E-16,0.707106781186548,0.707106781186547));
#10222=DIRECTION('center_axis',(1.,0.,0.));
#10223=DIRECTION('ref_axis',(0.,0.,-1.));
#10224=DIRECTION('',(0.,-1.,-9.63735264431559E-17));
#10225=DIRECTION('',(0.,0.,-1.));
#10226=DIRECTION('',(0.,-1.,-9.63735264431559E-17));
#10227=DIRECTION('',(0.,-0.707106781186548,-0.707106781186547));
#10228=DIRECTION('',(0.,-9.63735264431559E-17,1.));
#10229=DIRECTION('',(0.,-1.,-9.63735264431559E-17));
#10230=DIRECTION('',(-1.39897054514259E-16,-9.63735264431559E-17,1.));
#10231=DIRECTION('',(0.,1.,9.63735264431559E-17));
#10232=DIRECTION('',(0.,-9.63735264431559E-17,1.));
#10233=DIRECTION('',(0.,1.,9.63735264431559E-17));
#10234=DIRECTION('',(-1.39897054514259E-16,-9.63735264431559E-17,1.));
#10235=DIRECTION('',(0.,-1.,-9.63735264431559E-17));
#10236=DIRECTION('',(0.,-9.63735264431559E-17,1.));
#10237=DIRECTION('center_axis',(-0.994521895368273,-0.104528463267654,-2.72762131109612E-16));
#10238=DIRECTION('ref_axis',(0.104528463267654,-0.994521895368273,0.));
#10239=DIRECTION('',(0.104528463267654,-0.994521895368273,-8.3111875781419E-17));
#10240=DIRECTION('',(2.64135315385439E-16,9.63735264431559E-17,-1.));
#10241=DIRECTION('',(-0.0237353576790069,0.2258268434094,0.973878262203031));
#10242=DIRECTION('',(-0.104528463267654,0.994521895368273,0.));
#10243=DIRECTION('',(-2.74264581182104E-16,0.,1.));
#10244=DIRECTION('center_axis',(0.,1.,9.63735264431559E-17));
#10245=DIRECTION('ref_axis',(0.,-9.63735264431559E-17,1.));
#10246=DIRECTION('',(1.,0.,0.));
#10247=DIRECTION('',(-1.,1.17402681730066E-32,-1.21820468818596E-16));
#10248=DIRECTION('',(-1.01292657966644E-17,-9.63735264431559E-17,1.));
#10249=DIRECTION('center_axis',(0.994521895368273,-0.104528463267654,0.));
#10250=DIRECTION('ref_axis',(0.104528463267654,0.994521895368273,0.));
#10251=DIRECTION('',(0.,9.63735264431559E-17,-1.));
#10252=DIRECTION('',(-0.104528463267654,-0.994521895368273,0.));
#10253=DIRECTION('',(-0.0237353576790066,-0.2258268434094,-0.973878262203031));
#10254=DIRECTION('',(-0.104528463267654,-0.994521895368273,-1.08579288581725E-16));
#10255=DIRECTION('center_axis',(0.,9.63735264431559E-17,-1.));
#10256=DIRECTION('ref_axis',(-3.21624529935327E-16,-1.,-9.63735264431559E-17));
#10257=DIRECTION('center_axis',(0.,0.,1.));
#10258=DIRECTION('ref_axis',(1.,0.,0.));
#10259=DIRECTION('',(0.,9.63735264431559E-17,-1.));
#10260=DIRECTION('center_axis',(0.,-9.63735264431559E-17,1.));
#10261=DIRECTION('ref_axis',(1.,0.,0.));
#10262=DIRECTION('',(0.,9.63735264431559E-17,-1.));
#10263=DIRECTION('center_axis',(0.,-9.63735264431559E-17,1.));
#10264=DIRECTION('ref_axis',(1.,0.,0.));
#10265=DIRECTION('center_axis',(-1.,0.,0.));
#10266=DIRECTION('ref_axis',(0.,0.,1.));
#10267=DIRECTION('',(0.,1.,2.96533927517403E-16));
#10268=DIRECTION('',(0.,1.11200222819026E-16,1.));
#10269=DIRECTION('',(0.,1.,1.94912750109754E-16));
#10270=DIRECTION('',(0.,2.96533927517403E-16,-1.));
#10271=DIRECTION('center_axis',(0.,0.707106781186548,0.707106781186548));
#10272=DIRECTION('ref_axis',(1.,0.,0.));
#10273=DIRECTION('',(1.,0.,0.));
#10274=DIRECTION('',(0.,0.707106781186548,-0.707106781186548));
#10275=DIRECTION('',(0.,0.707106781186548,-0.707106781186548));
#10276=DIRECTION('',(1.,0.,0.));
#10277=DIRECTION('center_axis',(-1.,2.64318448669746E-32,-2.74264581182104E-16));
#10278=DIRECTION('ref_axis',(-2.74264581182104E-16,0.,1.));
#10279=DIRECTION('',(0.,-1.,-9.63735264431559E-17));
#10280=DIRECTION('',(-2.74264581182104E-16,0.,1.));
#10281=DIRECTION('',(0.,-1.,-9.63735264431559E-17));
#10282=DIRECTION('',(1.71754799601664E-16,9.63735264431559E-17,-1.));
#10283=DIRECTION('',(0.,-1.,-9.63735264431559E-17));
#10284=DIRECTION('',(0.,9.63735264431559E-17,-1.));
#10285=DIRECTION('',(0.,1.,9.63735264431559E-17));
#10286=DIRECTION('',(0.,-9.63735264431559E-17,1.));
#10287=DIRECTION('',(0.,1.,9.63735264431559E-17));
#10288=DIRECTION('',(0.,9.63735264431559E-17,-1.));
#10289=DIRECTION('',(0.,-1.,-9.63735264431559E-17));
#10290=DIRECTION('',(2.06514699521049E-16,9.63735264431559E-17,-1.));
#10291=DIRECTION('',(-1.93934345193154E-16,0.707106781186548,0.707106781186547));
#10292=DIRECTION('center_axis',(1.,0.,0.));
#10293=DIRECTION('ref_axis',(0.,0.,-1.));
#10294=DIRECTION('',(0.,-1.,-9.63735264431559E-17));
#10295=DIRECTION('',(0.,0.,-1.));
#10296=DIRECTION('',(0.,-1.,-9.63735264431559E-17));
#10297=DIRECTION('',(0.,-0.707106781186547,-0.707106781186548));
#10298=DIRECTION('',(0.,-9.63735264431559E-17,1.));
#10299=DIRECTION('',(0.,-1.,-9.63735264431559E-17));
#10300=DIRECTION('',(-1.39897054514259E-16,-9.63735264431559E-17,1.));
#10301=DIRECTION('',(0.,1.,9.63735264431559E-17));
#10302=DIRECTION('',(0.,-9.63735264431559E-17,1.));
#10303=DIRECTION('',(0.,1.,9.63735264431559E-17));
#10304=DIRECTION('',(-1.39897054514259E-16,-9.63735264431559E-17,1.));
#10305=DIRECTION('',(0.,-1.,-9.63735264431559E-17));
#10306=DIRECTION('',(0.,-9.63735264431559E-17,1.));
#10307=DIRECTION('center_axis',(-0.994521895368273,-0.104528463267654,-2.72762131109612E-16));
#10308=DIRECTION('ref_axis',(0.104528463267654,-0.994521895368273,0.));
#10309=DIRECTION('',(0.104528463267654,-0.994521895368273,-8.3111875781419E-17));
#10310=DIRECTION('',(2.64135315385439E-16,9.63735264431559E-17,-1.));
#10311=DIRECTION('',(-0.0237353576790069,0.2258268434094,0.973878262203031));
#10312=DIRECTION('',(-0.104528463267654,0.994521895368273,0.));
#10313=DIRECTION('',(-2.74264581182104E-16,0.,1.));
#10314=DIRECTION('center_axis',(0.,1.,9.63735264431559E-17));
#10315=DIRECTION('ref_axis',(0.,-9.63735264431559E-17,1.));
#10316=DIRECTION('',(1.,0.,0.));
#10317=DIRECTION('',(-1.,1.17402681730066E-32,-1.21820468818596E-16));
#10318=DIRECTION('',(-1.01292657966644E-17,-9.63735264431559E-17,1.));
#10319=DIRECTION('center_axis',(0.994521895368273,-0.104528463267654,0.));
#10320=DIRECTION('ref_axis',(0.104528463267654,0.994521895368273,0.));
#10321=DIRECTION('',(0.,9.63735264431559E-17,-1.));
#10322=DIRECTION('',(-0.104528463267654,-0.994521895368273,0.));
#10323=DIRECTION('',(-0.0237353576790066,-0.2258268434094,-0.973878262203031));
#10324=DIRECTION('',(-0.104528463267654,-0.994521895368273,-1.08579288581725E-16));
#10325=DIRECTION('center_axis',(0.,9.63735264431559E-17,-1.));
#10326=DIRECTION('ref_axis',(1.22464679914735E-16,-1.,-9.63735264431559E-17));
#10327=DIRECTION('center_axis',(0.,0.,1.));
#10328=DIRECTION('ref_axis',(1.,0.,0.));
#10329=DIRECTION('',(0.,9.63735264431559E-17,-1.));
#10330=DIRECTION('center_axis',(0.,-9.63735264431559E-17,1.));
#10331=DIRECTION('ref_axis',(1.,0.,0.));
#10332=DIRECTION('',(0.,9.63735264431559E-17,-1.));
#10333=DIRECTION('center_axis',(0.,-9.63735264431559E-17,1.));
#10334=DIRECTION('ref_axis',(1.,0.,0.));
#10335=DIRECTION('center_axis',(0.,0.,1.));
#10336=DIRECTION('ref_axis',(1.,0.,0.));
#10337=DIRECTION('',(-1.,0.,0.));
#10338=DIRECTION('',(0.,-1.,0.));
#10339=DIRECTION('',(-1.,0.,0.));
#10340=DIRECTION('',(0.,1.,0.));
#10341=DIRECTION('',(-1.,0.,0.));
#10342=DIRECTION('',(0.,1.,0.));
#10343=DIRECTION('',(1.,0.,0.));
#10344=DIRECTION('',(0.,-1.,0.));
#10345=DIRECTION('',(-1.,0.,0.));
#10346=DIRECTION('',(0.,1.,0.));
#10347=DIRECTION('',(1.,0.,0.));
#10348=DIRECTION('',(0.,-1.,0.));
#10349=DIRECTION('',(-1.,0.,0.));
#10350=DIRECTION('',(0.,1.,0.));
#10351=DIRECTION('',(1.,0.,0.));
#10352=DIRECTION('',(0.,-1.,0.));
#10353=DIRECTION('center_axis',(0.,0.,-1.));
#10354=DIRECTION('ref_axis',(1.,0.,0.));
#10355=DIRECTION('center_axis',(0.,0.,-1.));
#10356=DIRECTION('ref_axis',(1.,0.,0.));
#10357=DIRECTION('center_axis',(0.,0.,-1.));
#10358=DIRECTION('ref_axis',(1.,0.,0.));
#10359=DIRECTION('center_axis',(0.,9.74563750548768E-17,-1.));
#10360=DIRECTION('ref_axis',(0.,1.,9.74563750548768E-17));
#10361=DIRECTION('',(-1.,0.,0.));
#10362=DIRECTION('',(0.,1.,9.74563750548768E-17));
#10363=DIRECTION('',(-1.,0.,0.));
#10364=DIRECTION('',(0.,-1.,-9.74563750548768E-17));
#10365=DIRECTION('',(-1.,0.,0.));
#10366=DIRECTION('',(0.,-1.,-9.74563750548768E-17));
#10367=DIRECTION('',(1.,0.,0.));
#10368=DIRECTION('',(0.,1.,9.74563750548768E-17));
#10369=DIRECTION('',(-1.,0.,0.));
#10370=DIRECTION('',(0.,-1.,-9.74563750548768E-17));
#10371=DIRECTION('',(1.,0.,0.));
#10372=DIRECTION('',(0.,1.,9.74563750548768E-17));
#10373=DIRECTION('',(-1.,0.,0.));
#10374=DIRECTION('',(0.,-1.,-9.74563750548768E-17));
#10375=DIRECTION('',(1.,0.,0.));
#10376=DIRECTION('',(0.,1.,9.74563750548768E-17));
#10377=DIRECTION('center_axis',(0.,0.,-1.));
#10378=DIRECTION('ref_axis',(-1.,0.,0.));
#10379=DIRECTION('',(0.,1.,-6.19544098563146E-16));
#10380=DIRECTION('',(1.,0.,0.));
#10381=DIRECTION('',(0.,1.,-6.19544098563146E-16));
#10382=DIRECTION('',(1.,0.,0.));
#10383=DIRECTION('center_axis',(0.,-9.63735264431559E-17,1.));
#10384=DIRECTION('ref_axis',(1.,0.,0.));
#10385=DIRECTION('',(0.,-1.,-9.63735264431559E-17));
#10386=DIRECTION('',(-1.,0.,0.));
#10387=DIRECTION('',(0.,-1.,0.));
#10388=DIRECTION('',(-1.,0.,0.));
#10389=DIRECTION('',(0.,1.,0.));
#10390=DIRECTION('',(-1.,0.,0.));
#10391=DIRECTION('',(0.,-1.,-9.63735264431559E-17));
#10392=DIRECTION('',(-1.,0.,0.));
#10393=DIRECTION('',(0.,-1.,0.));
#10394=DIRECTION('',(1.,0.,0.));
#10395=DIRECTION('',(0.,1.,0.));
#10396=DIRECTION('',(-1.,0.,0.));
#10397=DIRECTION('',(0.,-1.,0.));
#10398=DIRECTION('',(1.,0.,0.));
#10399=DIRECTION('',(0.,1.,0.));
#10400=DIRECTION('',(-1.,0.,0.));
#10401=DIRECTION('',(0.,-1.,0.));
#10402=DIRECTION('',(1.,0.,0.));
#10403=DIRECTION('',(0.,1.,0.));
#10404=DIRECTION('center_axis',(-1.21820468818596E-16,-9.63735264431559E-17,
1.));
#10405=DIRECTION('ref_axis',(1.,0.,1.21820468818596E-16));
#10406=DIRECTION('',(-1.,1.17402681730066E-32,-1.21820468818596E-16));
#10407=DIRECTION('',(0.,-1.,-9.63735264431559E-17));
#10408=DIRECTION('',(-1.,1.17402681730066E-32,-1.21820468818596E-16));
#10409=DIRECTION('',(0.,-1.,-9.63735264431559E-17));
#10410=DIRECTION('',(-1.,1.17402681730066E-32,-1.21820468818596E-16));
#10411=DIRECTION('',(-1.,1.17402681730066E-32,-1.21820468818596E-16));
#10412=DIRECTION('',(-1.,0.,-1.21820468818596E-16));
#10413=DIRECTION('',(0.,1.,9.63735264431559E-17));
#10414=DIRECTION('',(1.,0.,1.21820468818596E-16));
#10415=DIRECTION('',(0.,-1.,-9.63735264431559E-17));
#10416=DIRECTION('',(-1.,0.,-1.21820468818596E-16));
#10417=DIRECTION('',(0.,1.,9.63735264431559E-17));
#10418=DIRECTION('',(1.,0.,1.21820468818596E-16));
#10419=DIRECTION('',(0.,-1.,-9.63735264431559E-17));
#10420=DIRECTION('',(-1.,0.,-1.21820468818596E-16));
#10421=DIRECTION('',(0.,1.,9.63735264431559E-17));
#10422=DIRECTION('',(1.,0.,1.21820468818596E-16));
#10423=DIRECTION('',(0.,-1.,-9.63735264431559E-17));
#10424=DIRECTION('center_axis',(0.,9.63735264431559E-17,-1.));
#10425=DIRECTION('ref_axis',(0.,1.,9.63735264431559E-17));
#10426=DIRECTION('',(0.,-1.,-9.63735264431559E-17));
#10427=DIRECTION('',(1.,0.,0.));
#10428=DIRECTION('',(0.,-1.,-9.63735264431559E-17));
#10429=DIRECTION('',(-1.,0.,0.));
#10430=DIRECTION('',(0.,-1.,-9.63735264431559E-17));
#10431=DIRECTION('',(1.,0.,0.));
#10432=DIRECTION('center_axis',(0.,9.63735264431559E-17,-1.));
#10433=DIRECTION('ref_axis',(0.,1.,9.63735264431559E-17));
#10434=DIRECTION('center_axis',(0.,0.,-1.));
#10435=DIRECTION('ref_axis',(-1.,0.,0.));
#10436=DIRECTION('center_axis',(0.,0.,-1.));
#10437=DIRECTION('ref_axis',(1.,0.,0.));
#10438=DIRECTION('center_axis',(0.,0.,-1.));
#10439=DIRECTION('ref_axis',(1.,0.,0.));
#10440=DIRECTION('center_axis',(0.,1.,2.96533927517403E-16));
#10441=DIRECTION('ref_axis',(0.,-2.96533927517403E-16,1.));
#10442=DIRECTION('',(-1.,0.,0.));
#10443=DIRECTION('center_axis',(0.,1.,2.96533927517403E-16));
#10444=DIRECTION('ref_axis',(-1.,0.,0.));
#10445=DIRECTION('',(-1.,0.,0.));
#10446=DIRECTION('',(-1.,0.,0.));
#10447=DIRECTION('',(0.267643863786094,-2.85715749975924E-16,0.963517909629941));
#10448=DIRECTION('',(-1.,0.,0.));
#10449=DIRECTION('',(0.267643863786094,2.85715749975924E-16,-0.963517909629941));
#10450=DIRECTION('',(-1.,0.,0.));
#10451=DIRECTION('',(0.267643863786094,-2.85715749975924E-16,0.963517909629941));
#10452=DIRECTION('',(-1.,0.,0.));
#10453=DIRECTION('',(0.267643863786094,2.85715749975924E-16,-0.963517909629941));
#10454=DIRECTION('',(-1.,0.,0.));
#10455=DIRECTION('',(0.267643863786094,-2.85715749975924E-16,0.963517909629941));
#10456=DIRECTION('',(-1.,0.,0.));
#10457=DIRECTION('',(0.267643863786094,2.85715749975924E-16,-0.963517909629941));
#10458=DIRECTION('',(-1.,0.,0.));
#10459=DIRECTION('',(0.,2.96533927517403E-16,-1.));
#10460=DIRECTION('',(-1.,0.,0.));
#10461=DIRECTION('center_axis',(0.,1.,2.96533927517403E-16));
#10462=DIRECTION('ref_axis',(-1.,0.,0.));
#10463=DIRECTION('',(-1.,0.,0.));
#10464=DIRECTION('center_axis',(0.,1.,2.96533927517403E-16));
#10465=DIRECTION('ref_axis',(-1.,0.,0.));
#10466=DIRECTION('',(0.892198407730781,-1.33927670184551E-16,0.451643666226661));
#10467=DIRECTION('center_axis',(0.,-1.,-2.96533927517403E-16));
#10468=DIRECTION('ref_axis',(-1.,0.,0.));
#10469=DIRECTION('',(-1.,0.,0.));
#10470=DIRECTION('center_axis',(0.,-1.,-2.96533927517403E-16));
#10471=DIRECTION('ref_axis',(1.,0.,0.));
#10472=DIRECTION('',(0.892198407730781,1.33927670184551E-16,-0.451643666226661));
#10473=DIRECTION('',(0.892198407730781,-1.33927670184551E-16,0.451643666226661));
#10474=DIRECTION('center_axis',(0.,-1.,-2.96533927517403E-16));
#10475=DIRECTION('ref_axis',(-1.,0.,0.));
#10476=DIRECTION('',(-1.,0.,0.));
#10477=DIRECTION('center_axis',(0.,-1.,-2.96533927517403E-16));
#10478=DIRECTION('ref_axis',(1.,0.,0.));
#10479=DIRECTION('',(0.892198407730781,1.33927670184551E-16,-0.451643666226661));
#10480=DIRECTION('center_axis',(0.,-1.,-2.96533927517403E-16));
#10481=DIRECTION('ref_axis',(-1.,0.,0.));
#10482=DIRECTION('center_axis',(0.,-1.,-2.96533927517403E-16));
#10483=DIRECTION('ref_axis',(-1.,0.,0.));
#10484=DIRECTION('center_axis',(0.,-1.,-2.96533927517403E-16));
#10485=DIRECTION('ref_axis',(-1.,0.,0.));
#10486=DIRECTION('center_axis',(0.,1.39897054514259E-16,-1.));
#10487=DIRECTION('ref_axis',(0.,1.,1.39897054514259E-16));
#10488=DIRECTION('',(-1.,0.,0.));
#10489=DIRECTION('',(0.,1.,2.47817639425259E-15));
#10490=DIRECTION('',(1.,0.,0.));
#10491=DIRECTION('',(1.,0.,0.));
#10492=DIRECTION('',(1.,0.,0.));
#10493=DIRECTION('',(1.,0.,0.));
#10494=DIRECTION('',(0.,-1.,-1.39897054514259E-16));
#10495=DIRECTION('center_axis',(0.,-1.94912750109754E-16,1.));
#10496=DIRECTION('ref_axis',(0.,-1.,-1.94912750109754E-16));
#10497=DIRECTION('',(0.,1.,2.96533927517403E-16));
#10498=DIRECTION('',(1.,0.,0.));
#10499=DIRECTION('',(0.,1.,2.96533927517403E-16));
#10500=DIRECTION('center_axis',(0.,1.,9.63735264431559E-17));
#10501=DIRECTION('ref_axis',(0.,-9.63735264431559E-17,1.));
#10502=DIRECTION('',(-1.,1.74147311232931E-32,-1.80700362080917E-16));
#10503=DIRECTION('',(1.,0.,0.));
#10504=DIRECTION('',(-1.39897054514259E-16,-9.63735264431559E-17,1.));
#10505=DIRECTION('',(1.,8.70736556164657E-33,-9.03501810404587E-17));
#10506=DIRECTION('',(0.,9.63735264431559E-17,-1.));
#10507=DIRECTION('',(-1.,2.61220966849397E-32,-2.71050543121376E-16));
#10508=DIRECTION('',(-1.39897054514259E-16,-9.63735264431559E-17,1.));
#10509=DIRECTION('',(-1.,2.08976773479518E-32,-2.16840434497101E-16));
#10510=DIRECTION('',(0.,-9.63735264431559E-17,1.));
#10511=DIRECTION('',(-1.,0.,0.));
#10512=DIRECTION('',(0.,9.63735264431559E-17,-1.));
#10513=DIRECTION('',(-1.,-2.08976773479518E-32,2.16840434497101E-16));
#10514=DIRECTION('',(1.,-3.26526208561746E-33,3.3881317890172E-17));
#10515=DIRECTION('',(0.,9.63735264431559E-17,-1.));
#10516=DIRECTION('center_axis',(0.,1.,9.63735264431559E-17));
#10517=DIRECTION('ref_axis',(1.,0.,0.));
#10518=DIRECTION('center_axis',(0.,-1.,-9.63735264431559E-17));
#10519=DIRECTION('ref_axis',(0.,9.63735264431559E-17,-1.));
#10520=DIRECTION('',(0.,-9.63735264431559E-17,1.));
#10521=DIRECTION('',(1.,-1.17402681730066E-32,1.21820468818596E-16));
#10522=DIRECTION('',(0.,-9.63735264431559E-17,1.));
#10523=DIRECTION('',(-1.,2.08976773479518E-32,-2.16840434497101E-16));
#10524=DIRECTION('center_axis',(0.,-1.,-9.63735264431559E-17));
#10525=DIRECTION('ref_axis',(0.,9.63735264431559E-17,-1.));
#10526=DIRECTION('',(0.,-9.63735264431559E-17,1.));
#10527=DIRECTION('',(1.,0.,0.));
#10528=DIRECTION('',(-3.33600668457079E-16,9.63735264431559E-17,-1.));
#10529=DIRECTION('',(1.,0.,0.));
#10530=DIRECTION('center_axis',(0.,-1.,-9.63735264431559E-17));
#10531=DIRECTION('ref_axis',(0.,9.63735264431559E-17,-1.));
#10532=DIRECTION('',(0.,9.63735264431559E-17,-1.));
#10533=DIRECTION('',(1.,-1.17402681730066E-32,1.21820468818596E-16));
#10534=DIRECTION('',(-1.,-2.08976773479518E-32,2.16840434497101E-16));
#10535=DIRECTION('center_axis',(0.,1.,9.63735264431559E-17));
#10536=DIRECTION('ref_axis',(0.,-9.63735264431559E-17,1.));
#10537=DIRECTION('',(1.,0.,0.));
#10538=DIRECTION('',(1.47010464065831E-16,9.63735264431559E-17,-1.));
#10539=DIRECTION('',(0.,-9.63735264431559E-17,1.));
#10540=DIRECTION('center_axis',(0.,1.,9.63735264431559E-17));
#10541=DIRECTION('ref_axis',(0.,-9.63735264431559E-17,1.));
#10542=DIRECTION('',(1.,0.,0.));
#10543=DIRECTION('',(-7.35052320329156E-17,-9.63735264431559E-17,1.));
#10544=DIRECTION('center_axis',(0.,-1.,-9.63735264431559E-17));
#10545=DIRECTION('ref_axis',(0.,9.63735264431559E-17,-1.));
#10546=DIRECTION('',(1.47010464065831E-16,9.63735264431559E-17,-1.));
#10547=DIRECTION('',(1.,0.,0.));
#10548=DIRECTION('',(-7.35052320329156E-17,-9.63735264431559E-17,1.));
#10549=DIRECTION('center_axis',(0.,-0.976187060183953,0.216930457818656));
#10550=DIRECTION('ref_axis',(0.,-0.216930457818656,-0.976187060183953));
#10551=DIRECTION('',(0.,0.216930457818656,0.976187060183953));
#10552=DIRECTION('',(0.,-0.216930457818657,-0.976187060183953));
#10553=DIRECTION('',(-1.,0.,0.));
#10554=DIRECTION('center_axis',(0.,9.63735264431559E-17,-1.));
#10555=DIRECTION('ref_axis',(0.,1.,9.63735264431559E-17));
#10556=DIRECTION('',(1.,0.,0.));
#10557=DIRECTION('',(0.,-1.,-9.63735264431559E-17));
#10558=DIRECTION('',(-1.,0.,0.));
#10559=DIRECTION('',(0.,-1.,-9.63735264431559E-17));
#10560=DIRECTION('',(1.,0.,0.));
#10561=DIRECTION('center_axis',(0.,9.63735264431559E-17,-1.));
#10562=DIRECTION('ref_axis',(0.,1.,9.63735264431559E-17));
#10563=DIRECTION('center_axis',(0.,0.,-1.));
#10564=DIRECTION('ref_axis',(-1.,0.,0.));
#10565=DIRECTION('center_axis',(0.,0.,-1.));
#10566=DIRECTION('ref_axis',(1.,0.,0.));
#10567=DIRECTION('center_axis',(0.,0.,-1.));
#10568=DIRECTION('ref_axis',(1.,0.,0.));
#10569=DIRECTION('center_axis',(0.,-1.94912750109754E-16,1.));
#10570=DIRECTION('ref_axis',(0.,-1.,-1.94912750109754E-16));
#10571=DIRECTION('',(0.,1.,2.96533927517403E-16));
#10572=DIRECTION('',(1.,8.03756821075068E-32,-2.71050543121376E-16));
#10573=DIRECTION('',(0.,1.,2.96533927517403E-16));
#10574=DIRECTION('center_axis',(0.,1.,9.63735264431559E-17));
#10575=DIRECTION('ref_axis',(0.,-9.63735264431559E-17,1.));
#10576=DIRECTION('',(-1.,1.74147311232931E-32,-1.80700362080917E-16));
#10577=DIRECTION('',(1.,0.,0.));
#10578=DIRECTION('',(1.,8.70736556164657E-33,-9.03501810404587E-17));
#10579=DIRECTION('',(0.,9.63735264431559E-17,-1.));
#10580=DIRECTION('',(-1.,2.61220966849397E-32,-2.71050543121376E-16));
#10581=DIRECTION('',(-1.,2.08976773479518E-32,-2.16840434497101E-16));
#10582=DIRECTION('',(0.,-9.63735264431559E-17,1.));
#10583=DIRECTION('',(-1.,0.,0.));
#10584=DIRECTION('',(0.,9.63735264431559E-17,-1.));
#10585=DIRECTION('',(-1.,-2.08976773479518E-32,2.16840434497101E-16));
#10586=DIRECTION('',(1.,-3.26526208561746E-33,3.3881317890172E-17));
#10587=DIRECTION('',(0.,9.63735264431559E-17,-1.));
#10588=DIRECTION('center_axis',(0.,1.,9.63735264431559E-17));
#10589=DIRECTION('ref_axis',(1.,0.,0.));
#10590=DIRECTION('center_axis',(0.,-1.,-9.63735264431559E-17));
#10591=DIRECTION('ref_axis',(0.,9.63735264431559E-17,-1.));
#10592=DIRECTION('',(1.,-1.17402681730066E-32,1.21820468818596E-16));
#10593=DIRECTION('',(0.,-9.63735264431559E-17,1.));
#10594=DIRECTION('',(-1.,2.08976773479518E-32,-2.16840434497101E-16));
#10595=DIRECTION('center_axis',(0.,-1.,-9.63735264431559E-17));
#10596=DIRECTION('ref_axis',(0.,9.63735264431559E-17,-1.));
#10597=DIRECTION('',(0.,-9.63735264431559E-17,1.));
#10598=DIRECTION('',(1.,0.,0.));
#10599=DIRECTION('',(-3.33600668457079E-16,9.63735264431559E-17,-1.));
#10600=DIRECTION('',(1.,0.,0.));
#10601=DIRECTION('center_axis',(0.,-1.,-9.63735264431559E-17));
#10602=DIRECTION('ref_axis',(0.,9.63735264431559E-17,-1.));
#10603=DIRECTION('',(0.,9.63735264431559E-17,-1.));
#10604=DIRECTION('',(1.,-1.17402681730066E-32,1.21820468818596E-16));
#10605=DIRECTION('',(-1.,-2.08976773479518E-32,2.16840434497101E-16));
#10606=DIRECTION('center_axis',(0.,1.,9.63735264431559E-17));
#10607=DIRECTION('ref_axis',(0.,-9.63735264431559E-17,1.));
#10608=DIRECTION('',(1.,0.,0.));
#10609=DIRECTION('',(1.47010464065831E-16,9.63735264431559E-17,-1.));
#10610=DIRECTION('center_axis',(0.,1.,9.63735264431559E-17));
#10611=DIRECTION('ref_axis',(0.,-9.63735264431559E-17,1.));
#10612=DIRECTION('',(1.,0.,0.));
#10613=DIRECTION('',(-7.35052320329156E-17,-9.63735264431559E-17,1.));
#10614=DIRECTION('center_axis',(0.,-1.,-9.63735264431559E-17));
#10615=DIRECTION('ref_axis',(0.,9.63735264431559E-17,-1.));
#10616=DIRECTION('',(1.47010464065831E-16,9.63735264431559E-17,-1.));
#10617=DIRECTION('',(1.,0.,0.));
#10618=DIRECTION('',(-7.35052320329156E-17,-9.63735264431559E-17,1.));
#10619=DIRECTION('center_axis',(0.,9.63735264431559E-17,-1.));
#10620=DIRECTION('ref_axis',(0.,1.,9.63735264431559E-17));
#10621=DIRECTION('center_axis',(0.,-9.63735264431559E-17,1.));
#10622=DIRECTION('ref_axis',(1.,0.,0.));
#10623=DIRECTION('',(1.,0.,0.));
#10624=DIRECTION('',(0.,-1.,-9.63735264431559E-17));
#10625=DIRECTION('',(-1.,0.,0.));
#10626=DIRECTION('',(0.,-1.,-9.63735264431559E-17));
#10627=DIRECTION('',(1.,0.,0.));
#10628=DIRECTION('',(0.,-1.,-9.63735264431559E-17));
#10629=DIRECTION('center_axis',(0.,9.63735264431559E-17,-1.));
#10630=DIRECTION('ref_axis',(0.,1.,9.63735264431559E-17));
#10631=DIRECTION('center_axis',(0.,0.,-1.));
#10632=DIRECTION('ref_axis',(-1.,0.,0.));
#10633=DIRECTION('center_axis',(0.,0.,-1.));
#10634=DIRECTION('ref_axis',(1.,0.,0.));
#10635=DIRECTION('center_axis',(0.,0.,-1.));
#10636=DIRECTION('ref_axis',(1.,0.,0.));
#10637=DIRECTION('center_axis',(-1.,0.,0.));
#10638=DIRECTION('ref_axis',(0.,0.,1.));
#10639=DIRECTION('',(0.,1.,2.96533927517403E-16));
#10640=DIRECTION('',(0.,1.,1.94912750109754E-16));
#10641=DIRECTION('',(0.,0.263117405792106,-0.964763821237733));
#10642=DIRECTION('',(0.,0.,-1.));
#10643=DIRECTION('',(0.,0.,1.));
#10644=DIRECTION('',(0.,0.216930457818656,0.976187060183953));
#10645=DIRECTION('',(0.,-9.74563750548768E-17,1.));
#10646=DIRECTION('',(0.,-4.95635278850516E-15,-1.));
#10647=DIRECTION('',(0.,-2.96533927517403E-16,1.));
#10648=DIRECTION('center_axis',(0.,-1.94912750109754E-16,1.));
#10649=DIRECTION('ref_axis',(0.,-1.,-1.94912750109754E-16));
#10650=DIRECTION('',(0.,1.,2.96533927517403E-16));
#10651=DIRECTION('center_axis',(0.,1.,9.63735264431559E-17));
#10652=DIRECTION('ref_axis',(0.,-9.63735264431559E-17,1.));
#10653=DIRECTION('',(-1.,1.74147311232931E-32,-1.80700362080917E-16));
#10654=DIRECTION('',(0.,9.63735264431559E-17,-1.));
#10655=DIRECTION('',(1.,0.,0.));
#10656=DIRECTION('',(1.,8.70736556164657E-33,-9.03501810404587E-17));
#10657=DIRECTION('',(0.,9.63735264431559E-17,-1.));
#10658=DIRECTION('',(-1.,2.61220966849397E-32,-2.71050543121376E-16));
#10659=DIRECTION('',(-1.,2.08976773479518E-32,-2.16840434497101E-16));
#10660=DIRECTION('',(0.,-9.63735264431559E-17,1.));
#10661=DIRECTION('',(-1.,0.,0.));
#10662=DIRECTION('',(0.,9.63735264431559E-17,-1.));
#10663=DIRECTION('',(-1.,-2.08976773479518E-32,2.16840434497101E-16));
#10664=DIRECTION('',(0.,9.63735264431559E-17,-1.));
#10665=DIRECTION('',(1.,-3.26526208561746E-33,3.3881317890172E-17));
#10666=DIRECTION('',(0.,9.63735264431559E-17,-1.));
#10667=DIRECTION('center_axis',(0.,1.,9.63735264431559E-17));
#10668=DIRECTION('ref_axis',(1.,0.,0.));
#10669=DIRECTION('center_axis',(-1.,1.32159224334873E-32,-1.37132290591052E-16));
#10670=DIRECTION('ref_axis',(-1.37132290591052E-16,0.,1.));
#10671=DIRECTION('',(1.33866767608371E-16,-0.216930457818656,-0.976187060183953));
#10672=DIRECTION('',(0.,9.63735264431559E-17,-1.));
#10673=DIRECTION('',(1.71754799601664E-16,9.63735264431559E-17,-1.));
#10674=DIRECTION('',(0.,-1.,-9.63735264431559E-17));
#10675=DIRECTION('',(0.,1.,9.63735264431559E-17));
#10676=DIRECTION('',(0.,-9.63735264431559E-17,1.));
#10677=DIRECTION('',(0.,1.,9.63735264431559E-17));
#10678=DIRECTION('',(0.,-1.,-9.63735264431559E-17));
#10679=DIRECTION('',(2.06514699521049E-16,9.63735264431559E-17,-1.));
#10680=DIRECTION('',(-9.69671725965771E-17,0.707106781186547,0.707106781186548));
#10681=DIRECTION('',(1.37132290591052E-16,9.63735264431559E-17,-1.));
#10682=DIRECTION('center_axis',(0.,-1.,-9.63735264431559E-17));
#10683=DIRECTION('ref_axis',(0.,9.63735264431559E-17,-1.));
#10684=DIRECTION('',(1.,-1.17402681730066E-32,1.21820468818596E-16));
#10685=DIRECTION('',(0.,-9.63735264431559E-17,1.));
#10686=DIRECTION('',(-1.,2.08976773479518E-32,-2.16840434497101E-16));
#10687=DIRECTION('center_axis',(0.,-1.,-9.63735264431559E-17));
#10688=DIRECTION('ref_axis',(0.,9.63735264431559E-17,-1.));
#10689=DIRECTION('',(0.,-9.63735264431559E-17,1.));
#10690=DIRECTION('',(1.,0.,0.));
#10691=DIRECTION('',(-3.33600668457079E-16,9.63735264431559E-17,-1.));
#10692=DIRECTION('',(1.,0.,0.));
#10693=DIRECTION('center_axis',(0.,-1.,-9.63735264431559E-17));
#10694=DIRECTION('ref_axis',(0.,9.63735264431559E-17,-1.));
#10695=DIRECTION('',(0.,9.63735264431559E-17,-1.));
#10696=DIRECTION('',(1.,-1.17402681730066E-32,1.21820468818596E-16));
#10697=DIRECTION('',(-1.,-2.08976773479518E-32,2.16840434497101E-16));
#10698=DIRECTION('center_axis',(0.,1.,9.63735264431559E-17));
#10699=DIRECTION('ref_axis',(0.,-9.63735264431559E-17,1.));
#10700=DIRECTION('',(1.,0.,0.));
#10701=DIRECTION('',(1.47010464065831E-16,9.63735264431559E-17,-1.));
#10702=DIRECTION('center_axis',(0.,1.,9.63735264431559E-17));
#10703=DIRECTION('ref_axis',(0.,-9.63735264431559E-17,1.));
#10704=DIRECTION('',(1.,0.,0.));
#10705=DIRECTION('',(-7.35052320329156E-17,-9.63735264431559E-17,1.));
#10706=DIRECTION('center_axis',(0.,-1.,-9.63735264431559E-17));
#10707=DIRECTION('ref_axis',(0.,9.63735264431559E-17,-1.));
#10708=DIRECTION('',(1.47010464065831E-16,9.63735264431559E-17,-1.));
#10709=DIRECTION('',(1.,0.,0.));
#10710=DIRECTION('',(-7.35052320329156E-17,-9.63735264431559E-17,1.));
#10711=DIRECTION('center_axis',(0.,-0.976187060183953,0.216930457818656));
#10712=DIRECTION('ref_axis',(0.,-0.216930457818656,-0.976187060183953));
#10713=DIRECTION('',(-1.,0.,0.));
#10714=DIRECTION('center_axis',(0.,-1.,-9.74563750548768E-17));
#10715=DIRECTION('ref_axis',(0.,9.74563750548768E-17,-1.));
#10716=DIRECTION('',(0.,-9.63735264431559E-17,1.));
#10717=DIRECTION('',(0.,0.,-1.));
#10718=DIRECTION('center_axis',(0.,-1.,0.));
#10719=DIRECTION('ref_axis',(0.,0.,-1.));
#10720=DIRECTION('',(0.,-2.77555756156289E-15,-1.));
#10721=DIRECTION('center_axis',(0.,1.,0.));
#10722=DIRECTION('ref_axis',(0.,0.,1.));
#10723=DIRECTION('',(1.,0.,0.));
#10724=DIRECTION('',(0.,0.,-1.));
#10725=DIRECTION('',(-1.,0.,0.));
#10726=DIRECTION('',(0.,0.,1.));
#10727=DIRECTION('',(-1.,0.,0.));
#10728=DIRECTION('',(0.,0.,-1.));
#10729=DIRECTION('center_axis',(0.,0.964763821237733,0.263117405792106));
#10730=DIRECTION('ref_axis',(0.,-0.263117405792106,0.964763821237733));
#10731=DIRECTION('',(0.,-0.263117405792106,0.964763821237733));
#10732=DIRECTION('',(-1.,0.,0.));
#10733=DIRECTION('',(1.,0.,0.));
#10734=DIRECTION('',(-1.,0.,0.));
#10735=DIRECTION('center_axis',(0.,-1.94912750109754E-16,1.));
#10736=DIRECTION('ref_axis',(0.,-1.,-1.94912750109754E-16));
#10737=DIRECTION('',(0.,1.,2.96533927517403E-16));
#10738=DIRECTION('',(1.,0.,0.));
#10739=DIRECTION('center_axis',(0.,1.,-4.95635278850516E-15));
#10740=DIRECTION('ref_axis',(0.,4.95635278850516E-15,1.));
#10741=DIRECTION('',(0.,5.01830719836147E-15,1.));
#10742=DIRECTION('center_axis',(1.,0.,0.));
#10743=DIRECTION('ref_axis',(0.,0.,-1.));
#10744=DIRECTION('',(0.,-0.707106781186548,-0.707106781186547));
#10745=DIRECTION('',(0.,-1.,-9.63735264431559E-17));
#10746=DIRECTION('',(0.,1.,9.63735264431559E-17));
#10747=DIRECTION('',(0.,-9.63735264431559E-17,1.));
#10748=DIRECTION('',(0.,1.,9.63735264431559E-17));
#10749=DIRECTION('',(0.,-1.,-9.63735264431559E-17));
#10750=DIRECTION('center_axis',(-1.,1.4167916846069E-32,-1.47010464065831E-16));
#10751=DIRECTION('ref_axis',(-1.47010464065831E-16,0.,1.));
#10752=DIRECTION('',(0.,-1.,-9.63735264431559E-17));
#10753=DIRECTION('',(0.,-1.,-9.63735264431559E-17));
#10754=DIRECTION('center_axis',(1.,-7.0839584230345E-33,7.35052320329156E-17));
#10755=DIRECTION('ref_axis',(7.35052320329156E-17,0.,-1.));
#10756=DIRECTION('',(0.,-1.,-9.63735264431559E-17));
#10757=DIRECTION('',(0.,-1.,-9.63735264431559E-17));
#10758=DIRECTION('center_axis',(0.,9.63735264431559E-17,-1.));
#10759=DIRECTION('ref_axis',(0.,1.,9.63735264431559E-17));
#10760=DIRECTION('center_axis',(0.,9.63735264431559E-17,-1.));
#10761=DIRECTION('ref_axis',(0.,1.,9.63735264431559E-17));
#10762=DIRECTION('center_axis',(2.16840434497101E-16,-9.63735264431559E-17,
1.));
#10763=DIRECTION('ref_axis',(1.,0.,-2.16840434497101E-16));
#10764=DIRECTION('',(0.,-1.,-9.63735264431559E-17));
#10765=DIRECTION('center_axis',(-1.,0.,0.));
#10766=DIRECTION('ref_axis',(0.,0.,1.));
#10767=DIRECTION('',(0.,-1.,-9.63735264431559E-17));
#10768=DIRECTION('center_axis',(0.,-9.63735264431559E-17,1.));
#10769=DIRECTION('ref_axis',(0.,-1.,-9.63735264431559E-17));
#10770=DIRECTION('',(-1.,0.,0.));
#10771=DIRECTION('',(0.,-1.,-9.63735264431559E-17));
#10772=DIRECTION('center_axis',(1.,0.,0.));
#10773=DIRECTION('ref_axis',(0.,0.,-1.));
#10774=DIRECTION('',(0.,-1.,-9.63735264431559E-17));
#10775=DIRECTION('center_axis',(-2.16840434497101E-16,-9.63735264431559E-17,
1.));
#10776=DIRECTION('ref_axis',(1.,0.,2.16840434497101E-16));
#10777=DIRECTION('center_axis',(-8.61400795889536E-17,-0.707106781186548,
0.707106781186547));
#10778=DIRECTION('ref_axis',(1.,-4.93038065763132E-32,1.21820468818596E-16));
#10779=DIRECTION('center_axis',(0.,-1.,-9.63735264431559E-17));
#10780=DIRECTION('ref_axis',(0.,9.63735264431559E-17,-1.));
#10781=DIRECTION('center_axis',(0.,-1.,-2.96533927517403E-16));
#10782=DIRECTION('ref_axis',(0.,2.96533927517403E-16,-1.));
#10783=DIRECTION('center_axis',(0.,-1.,-2.96533927517403E-16));
#10784=DIRECTION('ref_axis',(0.,2.96533927517403E-16,-1.));
#10785=DIRECTION('',(0.,-1.,-9.63735264431559E-17));
#10786=DIRECTION('center_axis',(9.03501810404587E-17,-9.63735264431559E-17,
1.));
#10787=DIRECTION('ref_axis',(0.,-1.,-9.63735264431559E-17));
#10788=DIRECTION('',(0.478852130680573,0.877895572914384,4.13415155119947E-17));
#10789=DIRECTION('',(0.,1.,9.63735264431559E-17));
#10790=DIRECTION('center_axis',(1.,0.,0.));
#10791=DIRECTION('ref_axis',(0.,0.,-1.));
#10792=DIRECTION('',(0.,9.63735264431559E-17,-1.));
#10793=DIRECTION('',(0.,1.,9.63735264431559E-17));
#10794=DIRECTION('center_axis',(2.71050543121376E-16,9.63735264431559E-17,
-1.));
#10795=DIRECTION('ref_axis',(-1.,0.,-2.71050543121376E-16));
#10796=DIRECTION('',(-0.478852130680573,-0.877895572914384,-2.14399022306392E-16));
#10797=DIRECTION('center_axis',(1.80700362080917E-16,9.63735264431559E-17,
-1.));
#10798=DIRECTION('ref_axis',(-1.,0.,-1.80700362080917E-16));
#10799=DIRECTION('',(0.,1.,9.63735264431559E-17));
#10800=DIRECTION('',(0.478852130680573,-0.877895572914384,1.92286118660448E-18));
#10801=DIRECTION('center_axis',(1.,0.,0.));
#10802=DIRECTION('ref_axis',(0.,0.,-1.));
#10803=DIRECTION('',(0.,1.,9.63735264431559E-17));
#10804=DIRECTION('',(0.,-9.63735264431559E-17,1.));
#10805=DIRECTION('center_axis',(-3.3881317890172E-17,-9.63735264431559E-17,
1.));
#10806=DIRECTION('ref_axis',(0.,-1.,-9.63735264431559E-17));
#10807=DIRECTION('',(-0.478852130680573,0.877895572914384,6.83817509486192E-17));
#10808=DIRECTION('center_axis',(0.877895572914384,-0.478852130680573,-4.61486684785058E-17));
#10809=DIRECTION('ref_axis',(4.31408307542741E-32,-9.6373526443156E-17,
1.));
#10810=DIRECTION('center_axis',(-0.877895572914384,-0.478852130680573,-4.61486684785058E-17));
#10811=DIRECTION('ref_axis',(-4.31408307542741E-32,-9.6373526443156E-17,
1.));
#10812=DIRECTION('center_axis',(0.,1.,2.96533927517403E-16));
#10813=DIRECTION('ref_axis',(0.,-2.96533927517403E-16,1.));
#10814=DIRECTION('center_axis',(0.,-1.,-3.09772049281573E-16));
#10815=DIRECTION('ref_axis',(0.,3.09772049281573E-16,-1.));
#10816=DIRECTION('',(0.,1.,2.96533927517403E-16));
#10817=DIRECTION('center_axis',(0.,1.,3.09772049281573E-16));
#10818=DIRECTION('ref_axis',(0.,-3.09772049281573E-16,1.));
#10819=DIRECTION('',(-8.65956056235494E-17,0.707106781186547,-0.707106781186548));
#10820=DIRECTION('center_axis',(0.,0.707106781186548,0.707106781186548));
#10821=DIRECTION('ref_axis',(1.,0.,0.));
#10822=DIRECTION('',(0.,-0.707106781186548,0.707106781186548));
#10823=DIRECTION('',(1.,0.,0.));
#10824=DIRECTION('',(1.,0.,0.));
#10825=DIRECTION('',(0.,-0.707106781186551,0.707106781186544));
#10826=DIRECTION('center_axis',(0.963517909629941,-7.93654861044232E-17,
0.267643863786094));
#10827=DIRECTION('ref_axis',(0.267643863786094,0.,-0.963517909629941));
#10828=DIRECTION('',(0.,1.,2.96533927517403E-16));
#10829=DIRECTION('',(0.267643863786094,2.85715749975924E-16,-0.963517909629941));
#10830=DIRECTION('center_axis',(0.,2.96533927517403E-16,-1.));
#10831=DIRECTION('ref_axis',(0.,1.,2.96533927517403E-16));
#10832=DIRECTION('',(0.,1.,2.96533927517403E-16));
#10833=DIRECTION('',(-1.,0.,0.));
#10834=DIRECTION('center_axis',(-0.963517909629941,-7.93654861044232E-17,
0.267643863786094));
#10835=DIRECTION('ref_axis',(0.267643863786094,0.,0.963517909629941));
#10836=DIRECTION('',(0.267643863786094,-2.85715749975924E-16,0.963517909629941));
#10837=DIRECTION('center_axis',(0.,1.,2.96533927517403E-16));
#10838=DIRECTION('ref_axis',(0.,-2.96533927517403E-16,1.));
#10839=DIRECTION('',(0.,2.96533927517403E-16,-1.));
#10840=DIRECTION('',(-1.,0.,0.));
#10841=DIRECTION('',(0.,-2.96533927517403E-16,1.));
#10842=DIRECTION('center_axis',(0.,1.,2.96533927517403E-16));
#10843=DIRECTION('ref_axis',(1.22464679914735E-16,2.96533927517403E-16,
-1.));
#10844=DIRECTION('center_axis',(0.,1.,2.96533927517403E-16));
#10845=DIRECTION('ref_axis',(-1.,0.,0.));
#10846=DIRECTION('center_axis',(0.,1.,2.96533927517403E-16));
#10847=DIRECTION('ref_axis',(-1.,0.,0.));
#10848=DIRECTION('',(0.,1.,2.96533927517403E-16));
#10849=DIRECTION('',(0.,1.,2.96533927517403E-16));
#10850=DIRECTION('center_axis',(0.,1.,2.96533927517403E-16));
#10851=DIRECTION('ref_axis',(0.,-2.96533927517403E-16,1.));
#10852=DIRECTION('center_axis',(0.,1.,2.96533927517403E-16));
#10853=DIRECTION('ref_axis',(-1.,0.,0.));
#10854=DIRECTION('',(-1.,0.,0.));
#10855=DIRECTION('center_axis',(0.,2.96533927517403E-16,-1.));
#10856=DIRECTION('ref_axis',(0.,1.,2.96533927517403E-16));
#10857=DIRECTION('',(-1.,0.,0.));
#10858=DIRECTION('center_axis',(0.,2.96533927517403E-16,-1.));
#10859=DIRECTION('ref_axis',(0.,1.,2.96533927517403E-16));
#10860=DIRECTION('',(0.,1.,2.96533927517403E-16));
#10861=DIRECTION('center_axis',(0.,1.,2.96533927517403E-16));
#10862=DIRECTION('ref_axis',(0.,-2.96533927517403E-16,1.));
#10863=DIRECTION('center_axis',(1.,0.,0.));
#10864=DIRECTION('ref_axis',(0.,0.,-1.));
#10865=DIRECTION('',(0.,-1.,0.));
#10866=DIRECTION('',(0.,0.,-1.));
#10867=DIRECTION('',(0.,-1.,0.));
#10868=DIRECTION('center_axis',(0.,-1.,0.));
#10869=DIRECTION('ref_axis',(0.,0.,-1.));
#10870=DIRECTION('',(-1.,0.,0.));
#10871=DIRECTION('',(0.,0.,-1.));
#10872=DIRECTION('',(-1.,0.,0.));
#10873=DIRECTION('center_axis',(0.,0.,-1.));
#10874=DIRECTION('ref_axis',(-1.,0.,0.));
#10875=DIRECTION('center_axis',(0.,0.,1.));
#10876=DIRECTION('ref_axis',(-1.,0.,0.));
#10877=DIRECTION('',(0.,0.,-1.));
#10878=DIRECTION('center_axis',(0.,0.,1.));
#10879=DIRECTION('ref_axis',(-1.,0.,0.));
#10880=DIRECTION('center_axis',(0.,-1.,0.));
#10881=DIRECTION('ref_axis',(0.,0.,-1.));
#10882=DIRECTION('',(-1.,0.,0.));
#10883=DIRECTION('',(0.,0.,-1.));
#10884=DIRECTION('',(-1.,0.,0.));
#10885=DIRECTION('center_axis',(0.,0.,1.));
#10886=DIRECTION('ref_axis',(1.,0.,0.));
#10887=DIRECTION('center_axis',(0.,0.,1.));
#10888=DIRECTION('ref_axis',(-1.,0.,0.));
#10889=DIRECTION('',(-1.,0.,0.));
#10890=DIRECTION('center_axis',(0.,0.,1.));
#10891=DIRECTION('ref_axis',(-1.,0.,0.));
#10892=DIRECTION('',(-1.,0.,0.));
#10893=DIRECTION('',(0.,1.,0.));
#10894=DIRECTION('center_axis',(0.,0.,1.));
#10895=DIRECTION('ref_axis',(1.,0.,0.));
#10896=DIRECTION('',(0.,1.,0.));
#10897=DIRECTION('',(-1.,0.,0.));
#10898=DIRECTION('center_axis',(0.,0.,1.));
#10899=DIRECTION('ref_axis',(-1.,0.,0.));
#10900=DIRECTION('',(-1.,0.,0.));
#10901=DIRECTION('center_axis',(0.,0.,1.));
#10902=DIRECTION('ref_axis',(-1.,0.,0.));
#10903=DIRECTION('center_axis',(0.,0.,1.));
#10904=DIRECTION('ref_axis',(1.,0.,0.));
#10905=DIRECTION('',(0.,0.,1.));
#10906=DIRECTION('center_axis',(0.,0.,1.));
#10907=DIRECTION('ref_axis',(1.,0.,0.));
#10908=DIRECTION('',(0.,0.,1.));
#10909=DIRECTION('center_axis',(1.,0.,0.));
#10910=DIRECTION('ref_axis',(0.,0.,-1.));
#10911=DIRECTION('',(0.,0.,1.));
#10912=DIRECTION('',(0.,0.,1.));
#10913=DIRECTION('center_axis',(0.,-1.,0.));
#10914=DIRECTION('ref_axis',(0.,0.,-1.));
#10915=DIRECTION('',(0.,0.,1.));
#10916=DIRECTION('center_axis',(-1.,0.,0.));
#10917=DIRECTION('ref_axis',(0.,0.,1.));
#10918=DIRECTION('',(0.,0.,1.));
#10919=DIRECTION('center_axis',(0.,1.,0.));
#10920=DIRECTION('ref_axis',(0.,0.,1.));
#10921=DIRECTION('center_axis',(1.,0.,0.));
#10922=DIRECTION('ref_axis',(0.,0.,-1.));
#10923=DIRECTION('',(0.,0.,1.));
#10924=DIRECTION('',(0.,0.,1.));
#10925=DIRECTION('center_axis',(0.,-1.,0.));
#10926=DIRECTION('ref_axis',(0.,0.,-1.));
#10927=DIRECTION('',(0.,0.,1.));
#10928=DIRECTION('center_axis',(-1.,0.,0.));
#10929=DIRECTION('ref_axis',(0.,0.,1.));
#10930=DIRECTION('',(0.,0.,1.));
#10931=DIRECTION('center_axis',(0.,1.,0.));
#10932=DIRECTION('ref_axis',(0.,0.,1.));
#10933=DIRECTION('center_axis',(0.,9.63735264431559E-17,-1.));
#10934=DIRECTION('ref_axis',(1.22464679914735E-16,-1.,-9.63735264431559E-17));
#10935=DIRECTION('',(0.,9.63735264431559E-17,-1.));
#10936=DIRECTION('center_axis',(-1.,1.4167916846069E-32,-1.47010464065831E-16));
#10937=DIRECTION('ref_axis',(-1.47010464065831E-16,0.,1.));
#10938=DIRECTION('',(0.,-1.,-9.63735264431559E-17));
#10939=DIRECTION('',(0.,-1.,-9.63735264431559E-17));
#10940=DIRECTION('center_axis',(1.,-7.0839584230345E-33,7.35052320329156E-17));
#10941=DIRECTION('ref_axis',(7.35052320329156E-17,0.,-1.));
#10942=DIRECTION('',(0.,-1.,-9.63735264431559E-17));
#10943=DIRECTION('',(0.,-1.,-9.63735264431559E-17));
#10944=DIRECTION('center_axis',(0.,9.63735264431559E-17,-1.));
#10945=DIRECTION('ref_axis',(0.,1.,9.63735264431559E-17));
#10946=DIRECTION('center_axis',(0.,9.63735264431559E-17,-1.));
#10947=DIRECTION('ref_axis',(0.,1.,9.63735264431559E-17));
#10948=DIRECTION('center_axis',(2.16840434497101E-16,-9.63735264431559E-17,
1.));
#10949=DIRECTION('ref_axis',(1.,0.,-2.16840434497101E-16));
#10950=DIRECTION('',(0.,-1.,-9.63735264431559E-17));
#10951=DIRECTION('center_axis',(-1.,0.,0.));
#10952=DIRECTION('ref_axis',(0.,0.,1.));
#10953=DIRECTION('',(0.,-1.,-9.63735264431559E-17));
#10954=DIRECTION('center_axis',(0.,-9.63735264431559E-17,1.));
#10955=DIRECTION('ref_axis',(0.,-1.,-9.63735264431559E-17));
#10956=DIRECTION('',(-1.,0.,0.));
#10957=DIRECTION('',(0.,-1.,-9.63735264431559E-17));
#10958=DIRECTION('center_axis',(1.,0.,0.));
#10959=DIRECTION('ref_axis',(0.,0.,-1.));
#10960=DIRECTION('',(0.,-1.,-9.63735264431559E-17));
#10961=DIRECTION('center_axis',(-2.16840434497101E-16,-9.63735264431559E-17,
1.));
#10962=DIRECTION('ref_axis',(1.,0.,2.16840434497101E-16));
#10963=DIRECTION('center_axis',(-8.61400795889536E-17,-0.707106781186547,
0.707106781186548));
#10964=DIRECTION('ref_axis',(1.,3.69778549322349E-32,1.21820468818596E-16));
#10965=DIRECTION('center_axis',(0.,-1.,-9.63735264431559E-17));
#10966=DIRECTION('ref_axis',(0.,9.63735264431559E-17,-1.));
#10967=DIRECTION('center_axis',(0.,-1.,-2.96533927517403E-16));
#10968=DIRECTION('ref_axis',(0.,2.96533927517403E-16,-1.));
#10969=DIRECTION('center_axis',(0.,-1.,-2.96533927517403E-16));
#10970=DIRECTION('ref_axis',(0.,2.96533927517403E-16,-1.));
#10971=DIRECTION('',(0.,-1.,-9.63735264431559E-17));
#10972=DIRECTION('center_axis',(9.03501810404587E-17,-9.63735264431559E-17,
1.));
#10973=DIRECTION('ref_axis',(0.,-1.,-9.63735264431559E-17));
#10974=DIRECTION('',(0.478852130680573,0.877895572914384,4.13415155119947E-17));
#10975=DIRECTION('',(0.,1.,9.63735264431559E-17));
#10976=DIRECTION('center_axis',(1.,0.,0.));
#10977=DIRECTION('ref_axis',(0.,0.,-1.));
#10978=DIRECTION('',(0.,9.63735264431559E-17,-1.));
#10979=DIRECTION('',(0.,1.,9.63735264431559E-17));
#10980=DIRECTION('center_axis',(2.71050543121376E-16,9.63735264431559E-17,
-1.));
#10981=DIRECTION('ref_axis',(-1.,0.,-2.71050543121376E-16));
#10982=DIRECTION('',(-0.478852130680573,-0.877895572914384,-2.14399022306392E-16));
#10983=DIRECTION('center_axis',(1.80700362080917E-16,9.63735264431559E-17,
-1.));
#10984=DIRECTION('ref_axis',(-1.,0.,-1.80700362080917E-16));
#10985=DIRECTION('',(0.,1.,9.63735264431559E-17));
#10986=DIRECTION('',(0.478852130680573,-0.877895572914384,1.92286118660448E-18));
#10987=DIRECTION('center_axis',(1.,0.,0.));
#10988=DIRECTION('ref_axis',(0.,0.,-1.));
#10989=DIRECTION('',(0.,1.,9.63735264431559E-17));
#10990=DIRECTION('',(0.,-9.63735264431559E-17,1.));
#10991=DIRECTION('center_axis',(-3.3881317890172E-17,-9.63735264431559E-17,
1.));
#10992=DIRECTION('ref_axis',(0.,-1.,-9.63735264431559E-17));
#10993=DIRECTION('',(-0.478852130680573,0.877895572914384,6.83817509486192E-17));
#10994=DIRECTION('center_axis',(0.877895572914384,-0.478852130680573,-4.61486684785058E-17));
#10995=DIRECTION('ref_axis',(4.31408307542741E-32,-9.6373526443156E-17,
1.));
#10996=DIRECTION('center_axis',(-0.877895572914384,-0.478852130680573,-4.61486684785058E-17));
#10997=DIRECTION('ref_axis',(-4.31408307542741E-32,-9.6373526443156E-17,
1.));
#10998=DIRECTION('center_axis',(0.,1.,2.96533927517403E-16));
#10999=DIRECTION('ref_axis',(0.,-2.96533927517403E-16,1.));
#11000=DIRECTION('center_axis',(0.,-1.,-3.09772049281573E-16));
#11001=DIRECTION('ref_axis',(0.,3.09772049281573E-16,-1.));
#11002=DIRECTION('',(0.,1.,2.96533927517403E-16));
#11003=DIRECTION('center_axis',(0.,1.,3.09772049281573E-16));
#11004=DIRECTION('ref_axis',(0.,-3.09772049281573E-16,1.));
#11005=DIRECTION('',(-8.65956056235494E-17,0.707106781186547,-0.707106781186548));
#11006=DIRECTION('center_axis',(0.963517909629941,-7.93654861044232E-17,
0.267643863786094));
#11007=DIRECTION('ref_axis',(0.267643863786094,0.,-0.963517909629941));
#11008=DIRECTION('',(0.,1.,2.96533927517403E-16));
#11009=DIRECTION('',(0.267643863786094,2.85715749975924E-16,-0.963517909629941));
#11010=DIRECTION('center_axis',(0.,2.96533927517403E-16,-1.));
#11011=DIRECTION('ref_axis',(0.,1.,2.96533927517403E-16));
#11012=DIRECTION('',(0.,1.,2.96533927517403E-16));
#11013=DIRECTION('',(-1.,0.,0.));
#11014=DIRECTION('center_axis',(-0.963517909629941,-7.93654861044232E-17,
0.267643863786094));
#11015=DIRECTION('ref_axis',(0.267643863786094,0.,0.963517909629941));
#11016=DIRECTION('',(0.267643863786094,-2.85715749975924E-16,0.963517909629941));
#11017=DIRECTION('center_axis',(0.,1.,2.96533927517403E-16));
#11018=DIRECTION('ref_axis',(0.,-2.96533927517403E-16,1.));
#11019=DIRECTION('center_axis',(0.,1.,2.96533927517403E-16));
#11020=DIRECTION('ref_axis',(1.22464679914735E-16,2.96533927517403E-16,
-1.));
#11021=DIRECTION('center_axis',(0.,1.,2.96533927517403E-16));
#11022=DIRECTION('ref_axis',(-1.,0.,0.));
#11023=DIRECTION('',(0.,1.,2.96533927517403E-16));
#11024=DIRECTION('center_axis',(0.,1.,2.96533927517403E-16));
#11025=DIRECTION('ref_axis',(0.,-2.96533927517403E-16,1.));
#11026=DIRECTION('center_axis',(0.,1.,2.96533927517403E-16));
#11027=DIRECTION('ref_axis',(-1.,0.,0.));
#11028=DIRECTION('',(-1.,0.,0.));
#11029=DIRECTION('center_axis',(0.,2.96533927517403E-16,-1.));
#11030=DIRECTION('ref_axis',(0.,1.,2.96533927517403E-16));
#11031=DIRECTION('',(0.,1.,2.96533927517403E-16));
#11032=DIRECTION('center_axis',(0.,0.,-1.));
#11033=DIRECTION('ref_axis',(-1.,0.,0.));
#11034=DIRECTION('',(0.,0.,-1.));
#11035=DIRECTION('center_axis',(0.,-1.,0.));
#11036=DIRECTION('ref_axis',(0.,0.,-1.));
#11037=DIRECTION('',(0.,0.,-1.));
#11038=DIRECTION('center_axis',(0.,0.,1.));
#11039=DIRECTION('ref_axis',(1.,0.,0.));
#11040=DIRECTION('',(0.,0.,1.));
#11041=DIRECTION('center_axis',(0.,0.,1.));
#11042=DIRECTION('ref_axis',(1.,0.,0.));
#11043=DIRECTION('',(0.,0.,1.));
#11044=DIRECTION('center_axis',(1.,0.,0.));
#11045=DIRECTION('ref_axis',(0.,0.,-1.));
#11046=DIRECTION('',(0.,0.,1.));
#11047=DIRECTION('',(0.,0.,1.));
#11048=DIRECTION('center_axis',(0.,-1.,0.));
#11049=DIRECTION('ref_axis',(0.,0.,-1.));
#11050=DIRECTION('',(0.,0.,1.));
#11051=DIRECTION('center_axis',(-1.,0.,0.));
#11052=DIRECTION('ref_axis',(0.,0.,1.));
#11053=DIRECTION('',(0.,0.,1.));
#11054=DIRECTION('center_axis',(0.,1.,0.));
#11055=DIRECTION('ref_axis',(0.,0.,1.));
#11056=DIRECTION('center_axis',(1.,0.,0.));
#11057=DIRECTION('ref_axis',(0.,0.,-1.));
#11058=DIRECTION('',(0.,0.,1.));
#11059=DIRECTION('',(0.,0.,1.));
#11060=DIRECTION('center_axis',(0.,-1.,0.));
#11061=DIRECTION('ref_axis',(0.,0.,-1.));
#11062=DIRECTION('',(0.,0.,1.));
#11063=DIRECTION('center_axis',(-1.,0.,0.));
#11064=DIRECTION('ref_axis',(0.,0.,1.));
#11065=DIRECTION('',(0.,0.,1.));
#11066=DIRECTION('center_axis',(0.,1.,0.));
#11067=DIRECTION('ref_axis',(0.,0.,1.));
#11068=DIRECTION('center_axis',(-1.,1.4167916846069E-32,-1.47010464065831E-16));
#11069=DIRECTION('ref_axis',(-1.47010464065831E-16,0.,1.));
#11070=DIRECTION('',(0.,-1.,-9.63735264431559E-17));
#11071=DIRECTION('',(0.,-1.,-9.63735264431559E-17));
#11072=DIRECTION('center_axis',(1.,-7.0839584230345E-33,7.35052320329156E-17));
#11073=DIRECTION('ref_axis',(7.35052320329156E-17,0.,-1.));
#11074=DIRECTION('',(0.,-1.,-9.63735264431559E-17));
#11075=DIRECTION('',(0.,-1.,-9.63735264431559E-17));
#11076=DIRECTION('center_axis',(0.,9.63735264431559E-17,-1.));
#11077=DIRECTION('ref_axis',(0.,1.,9.63735264431559E-17));
#11078=DIRECTION('center_axis',(0.,9.63735264431559E-17,-1.));
#11079=DIRECTION('ref_axis',(0.,1.,9.63735264431559E-17));
#11080=DIRECTION('center_axis',(2.16840434497101E-16,-9.63735264431559E-17,
1.));
#11081=DIRECTION('ref_axis',(1.,0.,-2.16840434497101E-16));
#11082=DIRECTION('',(0.,-1.,-9.63735264431559E-17));
#11083=DIRECTION('center_axis',(-1.,0.,0.));
#11084=DIRECTION('ref_axis',(0.,0.,1.));
#11085=DIRECTION('',(0.,-1.,-9.63735264431559E-17));
#11086=DIRECTION('center_axis',(0.,-9.63735264431559E-17,1.));
#11087=DIRECTION('ref_axis',(0.,-1.,-9.63735264431559E-17));
#11088=DIRECTION('',(-1.,0.,0.));
#11089=DIRECTION('',(0.,-1.,-9.63735264431559E-17));
#11090=DIRECTION('center_axis',(1.,0.,0.));
#11091=DIRECTION('ref_axis',(0.,0.,-1.));
#11092=DIRECTION('',(0.,-1.,-9.63735264431559E-17));
#11093=DIRECTION('center_axis',(-2.16840434497101E-16,-9.63735264431559E-17,
1.));
#11094=DIRECTION('ref_axis',(1.,0.,2.16840434497101E-16));
#11095=DIRECTION('center_axis',(-8.61400795889537E-17,-0.707106781186547,
0.707106781186548));
#11096=DIRECTION('ref_axis',(1.,-3.69778549322349E-32,1.21820468818596E-16));
#11097=DIRECTION('center_axis',(0.,-1.,-9.63735264431559E-17));
#11098=DIRECTION('ref_axis',(0.,9.63735264431559E-17,-1.));
#11099=DIRECTION('center_axis',(0.,-1.,-2.96533927517403E-16));
#11100=DIRECTION('ref_axis',(0.,2.96533927517403E-16,-1.));
#11101=DIRECTION('center_axis',(0.,-1.,-2.96533927517403E-16));
#11102=DIRECTION('ref_axis',(0.,2.96533927517403E-16,-1.));
#11103=DIRECTION('',(0.,-1.,-9.63735264431559E-17));
#11104=DIRECTION('center_axis',(9.03501810404587E-17,-9.63735264431559E-17,
1.));
#11105=DIRECTION('ref_axis',(0.,-1.,-9.63735264431559E-17));
#11106=DIRECTION('',(0.478852130680573,0.877895572914385,4.13415155119948E-17));
#11107=DIRECTION('',(0.,1.,9.63735264431559E-17));
#11108=DIRECTION('center_axis',(1.,0.,0.));
#11109=DIRECTION('ref_axis',(0.,0.,-1.));
#11110=DIRECTION('',(0.,9.63735264431559E-17,-1.));
#11111=DIRECTION('',(0.,1.,9.63735264431559E-17));
#11112=DIRECTION('center_axis',(2.71050543121376E-16,9.63735264431559E-17,
-1.));
#11113=DIRECTION('ref_axis',(-1.,0.,-2.71050543121376E-16));
#11114=DIRECTION('',(-0.478852130680573,-0.877895572914385,-2.14399022306392E-16));
#11115=DIRECTION('center_axis',(1.80700362080917E-16,9.63735264431559E-17,
-1.));
#11116=DIRECTION('ref_axis',(-1.,0.,-1.80700362080917E-16));
#11117=DIRECTION('',(0.,1.,9.63735264431559E-17));
#11118=DIRECTION('',(0.478852130680573,-0.877895572914385,1.92286118660442E-18));
#11119=DIRECTION('center_axis',(1.,0.,0.));
#11120=DIRECTION('ref_axis',(0.,0.,-1.));
#11121=DIRECTION('',(0.,1.,9.63735264431559E-17));
#11122=DIRECTION('',(0.,-9.63735264431559E-17,1.));
#11123=DIRECTION('center_axis',(-3.3881317890172E-17,-9.63735264431559E-17,
1.));
#11124=DIRECTION('ref_axis',(0.,-1.,-9.63735264431559E-17));
#11125=DIRECTION('',(-0.478852130680573,0.877895572914385,6.83817509486193E-17));
#11126=DIRECTION('center_axis',(0.877895572914384,-0.478852130680573,-4.61486684785058E-17));
#11127=DIRECTION('ref_axis',(4.31408307542741E-32,-9.6373526443156E-17,
1.));
#11128=DIRECTION('center_axis',(-0.877895572914384,-0.478852130680573,-4.61486684785058E-17));
#11129=DIRECTION('ref_axis',(-4.31408307542741E-32,-9.6373526443156E-17,
1.));
#11130=DIRECTION('center_axis',(0.,1.,2.96533927517403E-16));
#11131=DIRECTION('ref_axis',(0.,-2.96533927517403E-16,1.));
#11132=DIRECTION('center_axis',(0.,-1.,-3.09772049281573E-16));
#11133=DIRECTION('ref_axis',(0.,3.09772049281573E-16,-1.));
#11134=DIRECTION('',(0.,1.,2.96533927517403E-16));
#11135=DIRECTION('center_axis',(0.,1.,3.09772049281573E-16));
#11136=DIRECTION('ref_axis',(0.,-3.09772049281573E-16,1.));
#11137=DIRECTION('',(-8.65956056235494E-17,0.707106781186547,-0.707106781186548));
#11138=DIRECTION('center_axis',(0.963517909629941,-7.93654861044232E-17,
0.267643863786094));
#11139=DIRECTION('ref_axis',(0.267643863786094,0.,-0.963517909629941));
#11140=DIRECTION('',(0.,1.,2.96533927517403E-16));
#11141=DIRECTION('',(0.267643863786094,2.85715749975924E-16,-0.963517909629941));
#11142=DIRECTION('center_axis',(0.,2.96533927517403E-16,-1.));
#11143=DIRECTION('ref_axis',(0.,1.,2.96533927517403E-16));
#11144=DIRECTION('',(0.,1.,2.96533927517403E-16));
#11145=DIRECTION('',(-1.,0.,0.));
#11146=DIRECTION('center_axis',(-0.963517909629941,-7.93654861044232E-17,
0.267643863786094));
#11147=DIRECTION('ref_axis',(0.267643863786094,0.,0.963517909629941));
#11148=DIRECTION('',(0.267643863786094,-2.85715749975924E-16,0.963517909629941));
#11149=DIRECTION('center_axis',(0.,1.,2.96533927517403E-16));
#11150=DIRECTION('ref_axis',(0.,-2.96533927517403E-16,1.));
#11151=DIRECTION('',(0.,2.96533927517403E-16,-1.));
#11152=DIRECTION('',(-1.,0.,0.));
#11153=DIRECTION('',(0.,-2.96533927517403E-16,1.));
#11154=DIRECTION('center_axis',(0.,1.,2.96533927517403E-16));
#11155=DIRECTION('ref_axis',(1.22464679914735E-16,2.96533927517403E-16,
-1.));
#11156=DIRECTION('center_axis',(0.,1.,2.96533927517403E-16));
#11157=DIRECTION('ref_axis',(-1.,0.,0.));
#11158=DIRECTION('',(0.,1.,2.96533927517403E-16));
#11159=DIRECTION('center_axis',(0.,1.,2.96533927517403E-16));
#11160=DIRECTION('ref_axis',(0.,-2.96533927517403E-16,1.));
#11161=DIRECTION('',(0.,1.11200222819026E-16,1.));
#11162=DIRECTION('',(-1.,0.,0.));
#11163=DIRECTION('center_axis',(0.,2.96533927517403E-16,-1.));
#11164=DIRECTION('ref_axis',(0.,1.,2.96533927517403E-16));
#11165=DIRECTION('center_axis',(0.,0.,-1.));
#11166=DIRECTION('ref_axis',(-1.,0.,0.));
#11167=DIRECTION('',(0.,0.,-1.));
#11168=DIRECTION('center_axis',(0.,-1.,0.));
#11169=DIRECTION('ref_axis',(0.,0.,-1.));
#11170=DIRECTION('',(0.,0.,-1.));
#11171=DIRECTION('center_axis',(-1.,0.,0.));
#11172=DIRECTION('ref_axis',(0.,0.,1.));
#11173=DIRECTION('center_axis',(0.,0.,1.));
#11174=DIRECTION('ref_axis',(1.,0.,0.));
#11175=DIRECTION('',(0.,0.,1.));
#11176=DIRECTION('center_axis',(0.,0.,1.));
#11177=DIRECTION('ref_axis',(1.,0.,0.));
#11178=DIRECTION('',(0.,0.,1.));
#11179=DIRECTION('center_axis',(1.,0.,0.));
#11180=DIRECTION('ref_axis',(0.,0.,-1.));
#11181=DIRECTION('',(0.,0.,1.));
#11182=DIRECTION('',(0.,0.,1.));
#11183=DIRECTION('center_axis',(0.,-1.,0.));
#11184=DIRECTION('ref_axis',(0.,0.,-1.));
#11185=DIRECTION('',(0.,0.,1.));
#11186=DIRECTION('center_axis',(-1.,0.,0.));
#11187=DIRECTION('ref_axis',(0.,0.,1.));
#11188=DIRECTION('',(0.,0.,1.));
#11189=DIRECTION('center_axis',(0.,1.,0.));
#11190=DIRECTION('ref_axis',(0.,0.,1.));
#11191=DIRECTION('center_axis',(1.,0.,0.));
#11192=DIRECTION('ref_axis',(0.,0.,-1.));
#11193=DIRECTION('',(0.,0.,1.));
#11194=DIRECTION('',(0.,0.,1.));
#11195=DIRECTION('center_axis',(0.,-1.,0.));
#11196=DIRECTION('ref_axis',(0.,0.,-1.));
#11197=DIRECTION('',(0.,0.,1.));
#11198=DIRECTION('center_axis',(-1.,0.,0.));
#11199=DIRECTION('ref_axis',(0.,0.,1.));
#11200=DIRECTION('',(0.,0.,1.));
#11201=DIRECTION('center_axis',(0.,1.,0.));
#11202=DIRECTION('ref_axis',(0.,0.,1.));
#11203=DIRECTION('center_axis',(0.,-1.,0.));
#11204=DIRECTION('ref_axis',(0.,0.,-1.));
#11205=DIRECTION('',(1.,0.,0.));
#11206=DIRECTION('',(1.,0.,0.));
#11207=DIRECTION('',(0.,0.,-1.));
#11208=DIRECTION('center_axis',(0.,0.,1.));
#11209=DIRECTION('ref_axis',(1.,0.,0.));
#11210=DIRECTION('',(0.,-1.,0.));
#11211=DIRECTION('center_axis',(-1.,0.,0.));
#11212=DIRECTION('ref_axis',(0.,0.,1.));
#11213=DIRECTION('center_axis',(0.,0.,1.));
#11214=DIRECTION('ref_axis',(1.,0.,0.));
#11215=DIRECTION('',(1.,0.,0.));
#11216=DIRECTION('center_axis',(0.,-0.974152703703863,0.225890482018288));
#11217=DIRECTION('ref_axis',(0.,-0.225890482018288,-0.974152703703863));
#11218=DIRECTION('center_axis',(1.,0.,0.));
#11219=DIRECTION('ref_axis',(0.,0.,-1.));
#11220=DIRECTION('',(0.,-1.,0.));
#11221=DIRECTION('center_axis',(-1.,0.,0.));
#11222=DIRECTION('ref_axis',(0.,0.,1.));
#11223=DIRECTION('',(0.,-1.,0.));
#11224=DIRECTION('center_axis',(0.,0.,1.));
#11225=DIRECTION('ref_axis',(1.,0.,0.));
#11226=DIRECTION('center_axis',(0.,0.31430281254168,0.949322780738137));
#11227=DIRECTION('ref_axis',(0.,-0.949322780738137,0.31430281254168));
#11228=DIRECTION('',(0.,0.949322780738137,-0.31430281254168));
#11229=DIRECTION('',(-1.,0.,0.));
#11230=DIRECTION('',(0.,0.949322780738137,-0.31430281254168));
#11231=DIRECTION('center_axis',(0.,0.503267279507729,0.864130803395464));
#11232=DIRECTION('ref_axis',(0.,-0.864130803395464,0.503267279507729));
#11233=DIRECTION('',(0.,0.864130803395464,-0.503267279507729));
#11234=DIRECTION('',(-1.,0.,0.));
#11235=DIRECTION('',(0.,0.864130803395464,-0.503267279507729));
#11236=DIRECTION('',(-1.,0.,0.));
#11237=DIRECTION('center_axis',(0.,1.,0.));
#11238=DIRECTION('ref_axis',(0.,0.,1.));
#11239=DIRECTION('',(0.,0.,-1.));
#11240=DIRECTION('',(-1.,0.,0.));
#11241=DIRECTION('',(0.,0.,-1.));
#11242=DIRECTION('',(-1.,0.,0.));
#11243=DIRECTION('center_axis',(0.,0.,-1.));
#11244=DIRECTION('ref_axis',(-1.,0.,0.));
#11245=DIRECTION('',(0.,-1.,0.));
#11246=DIRECTION('',(-1.,0.,0.));
#11247=DIRECTION('',(0.,-1.,0.));
#11248=DIRECTION('',(-1.,0.,0.));
#11249=DIRECTION('center_axis',(0.,-0.831377980658136,-0.555707344990868));
#11250=DIRECTION('ref_axis',(0.,0.555707344990868,-0.831377980658136));
#11251=DIRECTION('',(0.,-0.555707344990868,0.831377980658136));
#11252=DIRECTION('',(-1.,0.,0.));
#11253=DIRECTION('',(0.,-0.555707344990868,0.831377980658136));
#11254=DIRECTION('',(-1.,0.,0.));
#11255=DIRECTION('center_axis',(0.,-0.122706225005625,-0.992443037330037));
#11256=DIRECTION('ref_axis',(0.,0.992443037330037,-0.122706225005625));
#11257=DIRECTION('',(0.,-0.992443037330037,0.122706225005625));
#11258=DIRECTION('',(-1.,0.,0.));
#11259=DIRECTION('',(0.,-0.992443037330037,0.122706225005625));
#11260=DIRECTION('',(-1.,0.,0.));
#11261=DIRECTION('center_axis',(1.,0.,0.));
#11262=DIRECTION('ref_axis',(0.,0.,-1.));
#11263=DIRECTION('center_axis',(1.,0.,0.));
#11264=DIRECTION('ref_axis',(0.,0.,-1.));
#11265=DIRECTION('center_axis',(1.,0.,0.));
#11266=DIRECTION('ref_axis',(0.,0.,-1.));
#11267=DIRECTION('center_axis',(1.,0.,0.));
#11268=DIRECTION('ref_axis',(0.,0.,-1.));
#11269=DIRECTION('center_axis',(1.,0.,0.));
#11270=DIRECTION('ref_axis',(0.,0.,-1.));
#11271=DIRECTION('center_axis',(1.,0.,0.));
#11272=DIRECTION('ref_axis',(0.,0.,-1.));
#11273=DIRECTION('center_axis',(1.,0.,0.));
#11274=DIRECTION('ref_axis',(0.,0.,-1.));
#11275=DIRECTION('center_axis',(1.,0.,0.));
#11276=DIRECTION('ref_axis',(0.,0.,-1.));
#11277=DIRECTION('center_axis',(1.,0.,0.));
#11278=DIRECTION('ref_axis',(0.,0.,-1.));
#11279=DIRECTION('center_axis',(1.,0.,0.));
#11280=DIRECTION('ref_axis',(0.,0.,-1.));
#11281=DIRECTION('center_axis',(1.,0.,0.));
#11282=DIRECTION('ref_axis',(0.,0.,-1.));
#11283=DIRECTION('center_axis',(1.,0.,0.));
#11284=DIRECTION('ref_axis',(0.,0.,-1.));
#11285=DIRECTION('center_axis',(1.,0.,0.));
#11286=DIRECTION('ref_axis',(0.,0.,-1.));
#11287=DIRECTION('center_axis',(1.,0.,0.));
#11288=DIRECTION('ref_axis',(0.,0.,-1.));
#11289=DIRECTION('center_axis',(-1.,0.,0.));
#11290=DIRECTION('ref_axis',(0.,0.,1.));
#11291=DIRECTION('center_axis',(1.,0.,0.));
#11292=DIRECTION('ref_axis',(0.,-0.662304225788403,0.749235018203783));
#11293=DIRECTION('center_axis',(1.,0.,0.));
#11294=DIRECTION('ref_axis',(0.,0.,-1.));
#11295=DIRECTION('center_axis',(-1.,0.,0.));
#11296=DIRECTION('ref_axis',(0.,0.,1.));
#11297=DIRECTION('center_axis',(-1.,0.,0.));
#11298=DIRECTION('ref_axis',(0.,0.,1.));
#11299=DIRECTION('center_axis',(-1.,0.,0.));
#11300=DIRECTION('ref_axis',(0.,0.,1.));
#11301=DIRECTION('center_axis',(-0.451643666226661,-2.64567097969182E-16,
0.892198407730781));
#11302=DIRECTION('ref_axis',(0.892198407730781,1.23259516440783E-32,0.451643666226661));
#11303=DIRECTION('',(0.,1.,2.96533927517403E-16));
#11304=DIRECTION('',(0.892198407730781,-1.33927670184551E-16,0.451643666226661));
#11305=DIRECTION('',(0.,1.,2.96533927517403E-16));
#11306=DIRECTION('center_axis',(0.451643666226661,-2.64567097969182E-16,
0.892198407730781));
#11307=DIRECTION('ref_axis',(0.892198407730781,-1.23259516440783E-32,-0.451643666226661));
#11308=DIRECTION('',(0.,1.,2.96533927517403E-16));
#11309=DIRECTION('',(0.892198407730781,1.33927670184551E-16,-0.451643666226661));
#11310=DIRECTION('center_axis',(0.,1.,2.96533927517403E-16));
#11311=DIRECTION('ref_axis',(0.,-2.96533927517403E-16,1.));
#11312=DIRECTION('',(0.,1.,2.96533927517403E-16));
#11313=DIRECTION('center_axis',(0.,-1.,-2.96533927517403E-16));
#11314=DIRECTION('ref_axis',(1.,0.,0.));
#11315=DIRECTION('center_axis',(0.,2.96533927517403E-16,-1.));
#11316=DIRECTION('ref_axis',(0.,1.,2.96533927517403E-16));
#11317=DIRECTION('',(0.,1.,2.96533927517403E-16));
#11318=DIRECTION('',(-1.,0.,0.));
#11319=DIRECTION('center_axis',(0.,1.,2.96533927517403E-16));
#11320=DIRECTION('ref_axis',(0.,-2.96533927517403E-16,1.));
#11321=DIRECTION('center_axis',(0.,-1.,-2.96533927517403E-16));
#11322=DIRECTION('ref_axis',(-1.,0.,0.));
#11323=DIRECTION('center_axis',(0.,-1.,-2.96533927517403E-16));
#11324=DIRECTION('ref_axis',(0.,2.96533927517403E-16,-1.));
#11325=DIRECTION('center_axis',(1.,0.,0.));
#11326=DIRECTION('ref_axis',(0.,0.,-1.));
#11327=DIRECTION('center_axis',(0.,-1.,0.));
#11328=DIRECTION('ref_axis',(0.,0.,-1.));
#11329=DIRECTION('',(1.,0.,0.));
#11330=DIRECTION('',(1.,0.,0.));
#11331=DIRECTION('',(0.,0.,-1.));
#11332=DIRECTION('center_axis',(0.,0.,1.));
#11333=DIRECTION('ref_axis',(1.,0.,0.));
#11334=DIRECTION('',(0.,-1.,0.));
#11335=DIRECTION('center_axis',(-1.,0.,0.));
#11336=DIRECTION('ref_axis',(0.,0.,1.));
#11337=DIRECTION('center_axis',(0.,0.,1.));
#11338=DIRECTION('ref_axis',(1.,0.,0.));
#11339=DIRECTION('',(1.,0.,0.));
#11340=DIRECTION('center_axis',(0.,-0.974152703703863,0.225890482018288));
#11341=DIRECTION('ref_axis',(0.,-0.225890482018288,-0.974152703703863));
#11342=DIRECTION('center_axis',(-0.451643666226661,-2.64567097969182E-16,
0.892198407730781));
#11343=DIRECTION('ref_axis',(0.892198407730781,1.23259516440783E-32,0.451643666226661));
#11344=DIRECTION('',(0.,1.,2.96533927517403E-16));
#11345=DIRECTION('',(0.892198407730781,-1.33927670184551E-16,0.451643666226661));
#11346=DIRECTION('',(0.,1.,2.96533927517403E-16));
#11347=DIRECTION('center_axis',(0.451643666226661,-2.64567097969182E-16,
0.892198407730781));
#11348=DIRECTION('ref_axis',(0.892198407730781,-1.23259516440783E-32,-0.451643666226661));
#11349=DIRECTION('',(0.,1.,2.96533927517403E-16));
#11350=DIRECTION('',(0.892198407730781,1.33927670184551E-16,-0.451643666226661));
#11351=DIRECTION('center_axis',(0.,1.,2.96533927517403E-16));
#11352=DIRECTION('ref_axis',(0.,-2.96533927517403E-16,1.));
#11353=DIRECTION('',(0.,1.,2.96533927517403E-16));
#11354=DIRECTION('center_axis',(0.,-1.,-2.96533927517403E-16));
#11355=DIRECTION('ref_axis',(1.,0.,0.));
#11356=DIRECTION('center_axis',(0.,2.96533927517403E-16,-1.));
#11357=DIRECTION('ref_axis',(0.,1.,2.96533927517403E-16));
#11358=DIRECTION('',(0.,1.,2.96533927517403E-16));
#11359=DIRECTION('',(-1.,0.,0.));
#11360=DIRECTION('center_axis',(0.,1.,2.96533927517403E-16));
#11361=DIRECTION('ref_axis',(0.,-2.96533927517403E-16,1.));
#11362=DIRECTION('center_axis',(0.,-1.,-2.96533927517403E-16));
#11363=DIRECTION('ref_axis',(-1.,0.,0.));
#11364=DIRECTION('center_axis',(0.,-1.,-2.96533927517403E-16));
#11365=DIRECTION('ref_axis',(0.,2.96533927517403E-16,-1.));
#11366=DIRECTION('center_axis',(-1.,0.,0.));
#11367=DIRECTION('ref_axis',(0.,0.,1.));
#11368=DIRECTION('',(0.,-1.,0.));
#11369=DIRECTION('center_axis',(1.,0.,0.));
#11370=DIRECTION('ref_axis',(0.,0.,-1.));
#11371=DIRECTION('',(0.,-1.,0.));
#11372=DIRECTION('center_axis',(0.,0.,1.));
#11373=DIRECTION('ref_axis',(1.,0.,0.));
#11374=DIRECTION('center_axis',(0.,0.31430281254168,0.949322780738137));
#11375=DIRECTION('ref_axis',(0.,-0.949322780738137,0.31430281254168));
#11376=DIRECTION('',(0.,-0.949322780738137,0.31430281254168));
#11377=DIRECTION('',(1.,0.,0.));
#11378=DIRECTION('',(0.,-0.949322780738137,0.31430281254168));
#11379=DIRECTION('center_axis',(0.,-0.122706225005625,-0.992443037330037));
#11380=DIRECTION('ref_axis',(0.,0.992443037330037,-0.122706225005625));
#11381=DIRECTION('',(0.,0.992443037330037,-0.122706225005625));
#11382=DIRECTION('',(1.,0.,0.));
#11383=DIRECTION('',(0.,0.992443037330037,-0.122706225005625));
#11384=DIRECTION('',(1.,0.,0.));
#11385=DIRECTION('center_axis',(0.,-0.831377980658136,-0.555707344990868));
#11386=DIRECTION('ref_axis',(0.,0.555707344990868,-0.831377980658136));
#11387=DIRECTION('',(0.,0.555707344990868,-0.831377980658136));
#11388=DIRECTION('',(1.,0.,0.));
#11389=DIRECTION('',(0.,0.555707344990868,-0.831377980658136));
#11390=DIRECTION('',(1.,0.,0.));
#11391=DIRECTION('center_axis',(0.,0.,-1.));
#11392=DIRECTION('ref_axis',(-1.,0.,0.));
#11393=DIRECTION('',(0.,1.,0.));
#11394=DIRECTION('',(1.,0.,0.));
#11395=DIRECTION('',(0.,1.,0.));
#11396=DIRECTION('',(1.,0.,0.));
#11397=DIRECTION('center_axis',(0.,1.,0.));
#11398=DIRECTION('ref_axis',(0.,0.,1.));
#11399=DIRECTION('',(0.,0.,1.));
#11400=DIRECTION('',(1.,0.,0.));
#11401=DIRECTION('',(0.,0.,1.));
#11402=DIRECTION('',(1.,0.,0.));
#11403=DIRECTION('center_axis',(0.,0.503267279507729,0.864130803395464));
#11404=DIRECTION('ref_axis',(0.,-0.864130803395464,0.503267279507729));
#11405=DIRECTION('',(0.,-0.864130803395464,0.503267279507729));
#11406=DIRECTION('',(1.,0.,0.));
#11407=DIRECTION('',(0.,-0.864130803395464,0.503267279507729));
#11408=DIRECTION('',(1.,0.,0.));
#11409=DIRECTION('center_axis',(1.,0.,0.));
#11410=DIRECTION('ref_axis',(0.,0.,-1.));
#11411=DIRECTION('center_axis',(1.,0.,0.));
#11412=DIRECTION('ref_axis',(0.,0.,-1.));
#11413=DIRECTION('center_axis',(1.,0.,0.));
#11414=DIRECTION('ref_axis',(0.,0.,-1.));
#11415=DIRECTION('center_axis',(1.,0.,0.));
#11416=DIRECTION('ref_axis',(0.,0.,-1.));
#11417=DIRECTION('center_axis',(1.,0.,0.));
#11418=DIRECTION('ref_axis',(0.,0.,-1.));
#11419=DIRECTION('center_axis',(1.,0.,0.));
#11420=DIRECTION('ref_axis',(0.,0.,-1.));
#11421=DIRECTION('center_axis',(1.,0.,0.));
#11422=DIRECTION('ref_axis',(0.,0.,-1.));
#11423=DIRECTION('center_axis',(1.,0.,0.));
#11424=DIRECTION('ref_axis',(0.,0.,-1.));
#11425=DIRECTION('center_axis',(1.,0.,0.));
#11426=DIRECTION('ref_axis',(0.,0.,-1.));
#11427=DIRECTION('center_axis',(1.,0.,0.));
#11428=DIRECTION('ref_axis',(0.,0.,-1.));
#11429=DIRECTION('center_axis',(1.,0.,0.));
#11430=DIRECTION('ref_axis',(0.,0.,-1.));
#11431=DIRECTION('center_axis',(1.,0.,0.));
#11432=DIRECTION('ref_axis',(0.,0.,-1.));
#11433=DIRECTION('center_axis',(1.,0.,0.));
#11434=DIRECTION('ref_axis',(0.,0.,-1.));
#11435=DIRECTION('center_axis',(1.,0.,0.));
#11436=DIRECTION('ref_axis',(0.,0.,-1.));
#11437=DIRECTION('center_axis',(1.,0.,0.));
#11438=DIRECTION('ref_axis',(0.,0.,-1.));
#11439=DIRECTION('center_axis',(-1.,0.,0.));
#11440=DIRECTION('ref_axis',(0.,0.,1.));
#11441=DIRECTION('center_axis',(-1.,0.,0.));
#11442=DIRECTION('ref_axis',(0.,0.,1.));
#11443=DIRECTION('center_axis',(1.,0.,0.));
#11444=DIRECTION('ref_axis',(0.,0.,-1.));
#11445=DIRECTION('center_axis',(1.,0.,0.));
#11446=DIRECTION('ref_axis',(0.,0.,-1.));
#11447=DIRECTION('center_axis',(1.,0.,0.));
#11448=DIRECTION('ref_axis',(0.,0.,-1.));
#11449=DIRECTION('axis',(0.,0.,1.));
#11450=DIRECTION('refdir',(1.,0.,0.));
#11451=DIRECTION('center_axis',(0.,0.681418527918843,0.73189397443135));
#11452=DIRECTION('ref_axis',(0.,-0.73189397443135,0.681418527918843));
#11453=DIRECTION('',(1.,0.,0.));
#11454=DIRECTION('',(0.,-0.73189397443135,0.681418527918843));
#11455=DIRECTION('',(-1.,0.,0.));
#11456=DIRECTION('',(0.,0.73189397443135,-0.681418527918843));
#11457=DIRECTION('',(-1.,0.,0.));
#11458=DIRECTION('',(0.,0.73189397443135,-0.681418527918843));
#11459=DIRECTION('',(-1.,0.,0.));
#11460=DIRECTION('',(0.,0.73189397443135,-0.681418527918843));
#11461=DIRECTION('center_axis',(0.,-2.16840434497101E-16,1.));
#11462=DIRECTION('ref_axis',(0.,-1.,-2.16840434497101E-16));
#11463=DIRECTION('',(0.,1.,1.04548066632531E-16));
#11464=DIRECTION('',(-1.,0.,0.));
#11465=DIRECTION('',(0.,1.,2.16840434497101E-16));
#11466=DIRECTION('center_axis',(0.,-2.16840434497101E-16,1.));
#11467=DIRECTION('ref_axis',(0.,-1.,-2.16840434497101E-16));
#11468=DIRECTION('',(-1.,0.,0.));
#11469=DIRECTION('',(0.,1.,1.04548066632531E-16));
#11470=DIRECTION('',(0.,1.,2.16840434497101E-16));
#11471=DIRECTION('center_axis',(0.,1.,0.));
#11472=DIRECTION('ref_axis',(0.,0.,1.));
#11473=DIRECTION('',(0.,-1.81304711117977E-17,-1.));
#11474=DIRECTION('',(-1.,0.,0.));
#11475=DIRECTION('',(0.,0.,-1.));
#11476=DIRECTION('',(-1.,0.,0.));
#11477=DIRECTION('',(0.,0.,-1.));
#11478=DIRECTION('',(-1.,0.,0.));
#11479=DIRECTION('',(0.,1.81304711117977E-17,1.));
#11480=DIRECTION('',(-1.,0.,0.));
#11481=DIRECTION('',(0.,1.81304711117977E-17,1.));
#11482=DIRECTION('',(-1.,0.,0.));
#11483=DIRECTION('',(0.,-1.81304711117977E-17,-1.));
#11484=DIRECTION('',(1.,0.,0.));
#11485=DIRECTION('',(-1.,0.,0.));
#11486=DIRECTION('',(0.,0.,-1.));
#11487=DIRECTION('',(-1.,0.,0.));
#11488=DIRECTION('',(0.,0.,-1.));
#11489=DIRECTION('',(0.,0.,1.));
#11490=DIRECTION('',(-1.,0.,0.));
#11491=DIRECTION('',(0.,0.,1.));
#11492=DIRECTION('',(-1.,0.,0.));
#11493=DIRECTION('',(0.,3.85151748662701E-17,1.));
#11494=DIRECTION('',(-1.,0.,0.));
#11495=DIRECTION('',(0.,3.85151748662701E-17,1.));
#11496=DIRECTION('',(-1.,0.,0.));
#11497=DIRECTION('',(0.,-1.1999075426717E-16,1.));
#11498=DIRECTION('',(1.,0.,0.));
#11499=DIRECTION('',(0.,1.1999075426717E-16,-1.));
#11500=DIRECTION('',(-1.,0.,0.));
#11501=DIRECTION('',(0.,0.,1.));
#11502=DIRECTION('',(-1.,0.,0.));
#11503=DIRECTION('',(0.,0.,1.));
#11504=DIRECTION('',(-1.,0.,0.));
#11505=DIRECTION('',(-1.,0.,0.));
#11506=DIRECTION('',(0.,0.,-1.));
#11507=DIRECTION('',(-1.,0.,0.));
#11508=DIRECTION('',(0.,0.,-1.));
#11509=DIRECTION('',(0.,3.85151748662701E-17,1.));
#11510=DIRECTION('',(0.,-1.1999075426717E-16,1.));
#11511=DIRECTION('',(1.,0.,0.));
#11512=DIRECTION('',(0.,1.1999075426717E-16,-1.));
#11513=DIRECTION('',(0.,3.85151748662701E-17,1.));
#11514=DIRECTION('',(-1.,0.,0.));
#11515=DIRECTION('',(1.,0.,0.));
#11516=DIRECTION('',(0.,0.,1.));
#11517=DIRECTION('',(1.,0.,0.));
#11518=DIRECTION('',(0.,0.,1.));
#11519=DIRECTION('',(0.,0.,-1.));
#11520=DIRECTION('',(1.,0.,0.));
#11521=DIRECTION('',(0.,0.,-1.));
#11522=DIRECTION('',(1.,0.,0.));
#11523=DIRECTION('',(0.,-3.85151748662701E-17,-1.));
#11524=DIRECTION('',(1.,0.,0.));
#11525=DIRECTION('',(0.,-1.1999075426717E-16,1.));
#11526=DIRECTION('',(1.,0.,0.));
#11527=DIRECTION('',(0.,1.1999075426717E-16,-1.));
#11528=DIRECTION('',(1.,0.,0.));
#11529=DIRECTION('',(0.,-3.85151748662701E-17,-1.));
#11530=DIRECTION('',(1.,0.,0.));
#11531=DIRECTION('center_axis',(0.,0.,-1.));
#11532=DIRECTION('ref_axis',(-1.,0.,0.));
#11533=DIRECTION('',(0.,-1.,0.));
#11534=DIRECTION('',(1.,0.,0.));
#11535=DIRECTION('',(0.,-1.,0.));
#11536=DIRECTION('',(0.,1.,0.));
#11537=DIRECTION('',(-1.,0.,0.));
#11538=DIRECTION('',(0.,1.,0.));
#11539=DIRECTION('',(0.,-1.,0.));
#11540=DIRECTION('',(-1.,0.,0.));
#11541=DIRECTION('',(0.,-1.,0.));
#11542=DIRECTION('',(0.,-1.,0.));
#11543=DIRECTION('',(1.,1.35525271560688E-16,0.));
#11544=DIRECTION('',(0.,1.,0.));
#11545=DIRECTION('',(-1.,-1.18584612615602E-16,0.));
#11546=DIRECTION('',(1.,-1.35525271560688E-16,0.));
#11547=DIRECTION('',(0.,1.,0.));
#11548=DIRECTION('',(-1.,1.18584612615602E-16,0.));
#11549=DIRECTION('',(0.,-1.,0.));
#11550=DIRECTION('',(1.,-1.35525271560688E-16,0.));
#11551=DIRECTION('',(0.,1.,0.));
#11552=DIRECTION('',(-1.,1.18584612615602E-16,0.));
#11553=DIRECTION('',(0.,-1.,0.));
#11554=DIRECTION('center_axis',(0.,0.,1.));
#11555=DIRECTION('ref_axis',(1.,0.,0.));
#11556=DIRECTION('',(0.,1.,0.));
#11557=DIRECTION('',(-1.,0.,0.));
#11558=DIRECTION('',(0.,1.,0.));
#11559=DIRECTION('',(1.,0.,0.));
#11560=DIRECTION('',(0.,-1.,0.));
#11561=DIRECTION('',(-1.,0.,0.));
#11562=DIRECTION('',(0.,1.,0.));
#11563=DIRECTION('',(0.,1.,0.));
#11564=DIRECTION('',(1.,0.,0.));
#11565=DIRECTION('',(0.,-1.,0.));
#11566=DIRECTION('',(-1.,0.,0.));
#11567=DIRECTION('',(1.,0.,0.));
#11568=DIRECTION('',(0.,-1.,0.));
#11569=DIRECTION('',(-1.,0.,0.));
#11570=DIRECTION('',(0.,1.,0.));
#11571=DIRECTION('center_axis',(0.993372765600396,-0.114937150492867,0.));
#11572=DIRECTION('ref_axis',(0.114937150492867,0.993372765600396,0.));
#11573=DIRECTION('',(0.107811485731811,0.931787444578622,0.346624929383247));
#11574=DIRECTION('',(0.,0.,1.));
#11575=DIRECTION('',(-0.0840070923639859,-0.726052084237462,0.682488959183214));
#11576=DIRECTION('',(2.61346815488456E-17,2.25875452601147E-16,-1.));
#11577=DIRECTION('center_axis',(-0.962217993529285,-0.272280247040574,-3.267111221445E-17));
#11578=DIRECTION('ref_axis',(0.272280247040574,-0.962217993529285,0.));
#11579=DIRECTION('',(-0.20193337014848,0.713617401051947,-0.67080035698883));
#11580=DIRECTION('',(0.,-1.1999075426717E-16,1.));
#11581=DIRECTION('',(0.25635251577166,-0.905930584546714,-0.337006177451378));
#11582=DIRECTION('',(2.99623495029916E-17,-2.25875452601147E-16,1.));
#11583=DIRECTION('center_axis',(0.,0.681418527918843,0.73189397443135));
#11584=DIRECTION('ref_axis',(0.,-0.73189397443135,0.681418527918843));
#11585=DIRECTION('',(1.,0.,0.));
#11586=DIRECTION('',(0.,-0.73189397443135,0.681418527918843));
#11587=DIRECTION('',(1.,0.,0.));
#11588=DIRECTION('',(0.,-0.73189397443135,0.681418527918843));
#11589=DIRECTION('',(1.,0.,0.));
#11590=DIRECTION('',(0.,-0.73189397443135,0.681418527918843));
#11591=DIRECTION('',(1.,0.,0.));
#11592=DIRECTION('',(0.,0.73189397443135,-0.681418527918843));
#11593=DIRECTION('center_axis',(0.,-2.16840434497101E-16,1.));
#11594=DIRECTION('ref_axis',(0.,-1.,-2.16840434497101E-16));
#11595=DIRECTION('',(0.,1.,1.04548066632531E-16));
#11596=DIRECTION('',(0.,-1.,-2.16840434497101E-16));
#11597=DIRECTION('center_axis',(0.,-2.16840434497101E-16,1.));
#11598=DIRECTION('ref_axis',(0.,-1.,-2.16840434497101E-16));
#11599=DIRECTION('',(0.,1.,1.04548066632531E-16));
#11600=DIRECTION('',(0.,-1.,-2.16840434497101E-16));
#11601=DIRECTION('center_axis',(0.,-1.,-2.25875452601147E-16));
#11602=DIRECTION('ref_axis',(0.,2.25875452601147E-16,-1.));
#11603=DIRECTION('',(0.,-2.25875452601147E-16,1.));
#11604=DIRECTION('',(0.,-2.25875452601147E-16,1.));
#11605=DIRECTION('',(-1.,0.,0.));
#11606=DIRECTION('',(-1.,0.,0.));
#11607=DIRECTION('',(2.61346815488456E-17,-2.25875452601147E-16,1.));
#11608=DIRECTION('',(-1.,0.,0.));
#11609=DIRECTION('',(2.99623495029916E-17,2.25875452601147E-16,-1.));
#11610=DIRECTION('',(1.,0.,0.));
#11611=DIRECTION('',(1.,0.,0.));
#11612=DIRECTION('',(-1.,0.,0.));
#11613=DIRECTION('',(2.99623495029916E-17,-2.25875452601147E-16,1.));
#11614=DIRECTION('',(-1.,0.,0.));
#11615=DIRECTION('',(0.,-1.67315150074924E-16,1.));
#11616=DIRECTION('center_axis',(-1.,0.,0.));
#11617=DIRECTION('ref_axis',(0.,0.,1.));
#11618=DIRECTION('',(0.,-1.,-1.73472347597681E-15));
#11619=DIRECTION('',(0.,-1.1999075426717E-16,1.));
#11620=DIRECTION('',(0.,1.,0.));
#11621=DIRECTION('center_axis',(-1.,0.,0.));
#11622=DIRECTION('ref_axis',(0.,0.,1.));
#11623=DIRECTION('',(0.,1.,0.));
#11624=DIRECTION('',(0.,1.40805476946169E-16,-1.));
#11625=DIRECTION('',(0.,-1.,-1.73472347597681E-15));
#11626=DIRECTION('center_axis',(-1.,0.,0.));
#11627=DIRECTION('ref_axis',(0.,0.,1.));
#11628=DIRECTION('',(0.,-1.,-1.73472347597681E-15));
#11629=DIRECTION('',(0.,0.,1.));
#11630=DIRECTION('',(0.,1.,0.));
#11631=DIRECTION('center_axis',(-1.,0.,0.));
#11632=DIRECTION('ref_axis',(0.,0.,1.));
#11633=DIRECTION('',(0.,1.,0.));
#11634=DIRECTION('',(0.,-1.1999075426717E-16,1.));
#11635=DIRECTION('',(0.,-1.,-1.73472347597681E-15));
#11636=DIRECTION('center_axis',(0.,0.681418527918843,0.73189397443135));
#11637=DIRECTION('ref_axis',(0.,-0.73189397443135,0.681418527918843));
#11638=DIRECTION('',(-1.,0.,0.));
#11639=DIRECTION('',(0.,0.73189397443135,-0.681418527918843));
#11640=DIRECTION('',(1.,0.,0.));
#11641=DIRECTION('',(0.,-0.73189397443135,0.681418527918843));
#11642=DIRECTION('',(-1.,0.,0.));
#11643=DIRECTION('',(0.,0.73189397443135,-0.681418527918843));
#11644=DIRECTION('',(-1.,0.,0.));
#11645=DIRECTION('',(0.,0.73189397443135,-0.681418527918843));
#11646=DIRECTION('center_axis',(0.,-2.16840434497101E-16,1.));
#11647=DIRECTION('ref_axis',(0.,-1.,-2.16840434497101E-16));
#11648=DIRECTION('',(0.,1.,1.04548066632531E-16));
#11649=DIRECTION('',(0.,1.,2.16840434497101E-16));
#11650=DIRECTION('center_axis',(0.,-2.16840434497101E-16,1.));
#11651=DIRECTION('ref_axis',(0.,-1.,-2.16840434497101E-16));
#11652=DIRECTION('',(0.,1.,1.04548066632531E-16));
#11653=DIRECTION('',(0.,1.,2.16840434497101E-16));
#11654=DIRECTION('center_axis',(0.,-0.97600037380915,0.217768846083178));
#11655=DIRECTION('ref_axis',(0.,-0.217768846083178,-0.97600037380915));
#11656=DIRECTION('',(0.,0.217768846083178,0.97600037380915));
#11657=DIRECTION('',(0.,0.217768846083178,0.97600037380915));
#11658=DIRECTION('center_axis',(-1.,0.,0.));
#11659=DIRECTION('ref_axis',(0.,0.,1.));
#11660=DIRECTION('center_axis',(-1.,0.,0.));
#11661=DIRECTION('ref_axis',(0.,0.,1.));
#11662=DIRECTION('center_axis',(0.,0.,-1.));
#11663=DIRECTION('ref_axis',(-1.,0.,0.));
#11664=DIRECTION('',(0.,-1.,0.));
#11665=DIRECTION('',(0.,-1.,0.));
#11666=DIRECTION('',(-1.,0.,0.));
#11667=DIRECTION('center_axis',(0.,0.97600037380915,-0.217768846083178));
#11668=DIRECTION('ref_axis',(0.,0.217768846083178,0.976000373809151));
#11669=DIRECTION('',(0.,-0.217768846083178,-0.97600037380915));
#11670=DIRECTION('',(0.,-0.217768846083178,-0.97600037380915));
#11671=DIRECTION('',(-1.,0.,0.));
#11672=DIRECTION('center_axis',(0.,1.,1.27054942088145E-16));
#11673=DIRECTION('ref_axis',(0.,-1.27054942088145E-16,1.));
#11674=DIRECTION('',(0.,1.27054942088145E-16,-1.));
#11675=DIRECTION('',(0.,1.27054942088145E-16,-1.));
#11676=DIRECTION('center_axis',(1.,0.,0.));
#11677=DIRECTION('ref_axis',(0.,0.,-1.));
#11678=DIRECTION('center_axis',(1.,0.,0.));
#11679=DIRECTION('ref_axis',(0.,0.,-1.));
#11680=DIRECTION('center_axis',(0.,0.97600037380915,-0.217768846083178));
#11681=DIRECTION('ref_axis',(0.,0.217768846083178,0.976000373809151));
#11682=DIRECTION('',(0.,-0.217768846083178,-0.97600037380915));
#11683=DIRECTION('',(-1.,0.,0.));
#11684=DIRECTION('',(0.,-0.217768846083178,-0.97600037380915));
#11685=DIRECTION('center_axis',(0.,0.,-1.));
#11686=DIRECTION('ref_axis',(-1.,0.,0.));
#11687=DIRECTION('',(0.,-1.,0.));
#11688=DIRECTION('',(0.,-1.,0.));
#11689=DIRECTION('center_axis',(1.,0.,0.));
#11690=DIRECTION('ref_axis',(0.,0.,-1.));
#11691=DIRECTION('center_axis',(1.,0.,0.));
#11692=DIRECTION('ref_axis',(0.,0.,-1.));
#11693=DIRECTION('center_axis',(0.,0.,1.));
#11694=DIRECTION('ref_axis',(1.,0.,0.));
#11695=DIRECTION('',(0.,1.,0.));
#11696=DIRECTION('',(-1.,0.,0.));
#11697=DIRECTION('',(0.,1.,0.));
#11698=DIRECTION('center_axis',(0.,1.0842021724855E-16,-1.));
#11699=DIRECTION('ref_axis',(0.,1.,1.0842021724855E-16));
#11700=DIRECTION('',(0.,-1.,-1.0842021724855E-16));
#11701=DIRECTION('',(0.,-1.,-1.0842021724855E-16));
#11702=DIRECTION('',(-1.,0.,0.));
#11703=DIRECTION('center_axis',(0.,1.,0.));
#11704=DIRECTION('ref_axis',(0.,0.,1.));
#11705=DIRECTION('',(0.,0.,-1.));
#11706=DIRECTION('',(0.,0.,-1.));
#11707=DIRECTION('center_axis',(1.,0.,0.));
#11708=DIRECTION('ref_axis',(0.,0.,-1.));
#11709=DIRECTION('center_axis',(1.,0.,0.));
#11710=DIRECTION('ref_axis',(0.,0.,-1.));
#11711=DIRECTION('center_axis',(0.,1.73472347597681E-15,-1.));
#11712=DIRECTION('ref_axis',(0.,1.,1.73472347597681E-15));
#11713=DIRECTION('',(-1.,0.,0.));
#11714=DIRECTION('center_axis',(0.,0.348657127931214,-0.937250343901114));
#11715=DIRECTION('ref_axis',(0.,0.937250343901114,0.348657127931214));
#11716=DIRECTION('',(0.25635251577166,0.905930584546714,0.337006177451378));
#11717=DIRECTION('',(0.107811485731811,-0.931787444578622,-0.346624929383247));
#11718=DIRECTION('center_axis',(0.,0.684910008767887,0.728627668902007));
#11719=DIRECTION('ref_axis',(0.,-0.728627668902007,0.684910008767887));
#11720=DIRECTION('',(-0.20193337014848,-0.713617401051947,0.67080035698883));
#11721=DIRECTION('',(-1.,0.,0.));
#11722=DIRECTION('',(-0.0840070923639859,0.726052084237462,-0.682488959183214));
#11723=DIRECTION('center_axis',(0.,0.,1.));
#11724=DIRECTION('ref_axis',(1.,0.,0.));
#11725=DIRECTION('center_axis',(-0.993372765600396,-0.114937150492867,0.));
#11726=DIRECTION('ref_axis',(0.114937150492867,-0.993372765600396,0.));
#11727=DIRECTION('center_axis',(0.962217993529285,-0.272280247040574,-3.267111221445E-17));
#11728=DIRECTION('ref_axis',(0.272280247040574,0.962217993529285,0.));
#11729=DIRECTION('center_axis',(-1.,0.,0.));
#11730=DIRECTION('ref_axis',(0.,0.,1.));
#11731=DIRECTION('',(0.,1.,1.04548066632531E-16));
#11732=DIRECTION('center_axis',(0.,1.04548066632531E-16,-1.));
#11733=DIRECTION('ref_axis',(0.,1.,1.04548066632531E-16));
#11734=DIRECTION('',(0.,1.,1.04548066632531E-16));
#11735=DIRECTION('center_axis',(1.,0.,0.));
#11736=DIRECTION('ref_axis',(0.,0.,-1.));
#11737=DIRECTION('center_axis',(1.,0.,0.));
#11738=DIRECTION('ref_axis',(0.,0.,-1.));
#11739=DIRECTION('',(0.,0.707106781186547,0.707106781186548));
#11740=DIRECTION('',(0.,-1.,0.));
#11741=DIRECTION('',(0.,0.,-1.));
#11742=DIRECTION('center_axis',(-1.,0.,0.));
#11743=DIRECTION('ref_axis',(0.,0.,1.));
#11744=DIRECTION('',(0.,1.,0.));
#11745=DIRECTION('',(0.,-0.707106781186547,-0.707106781186548));
#11746=DIRECTION('',(0.,0.,-1.));
#11747=DIRECTION('center_axis',(0.,-1.,0.));
#11748=DIRECTION('ref_axis',(0.,0.,-1.));
#11749=DIRECTION('',(-1.,0.,0.));
#11750=DIRECTION('center_axis',(0.,0.,1.));
#11751=DIRECTION('ref_axis',(1.,0.,0.));
#11752=DIRECTION('',(1.,0.,0.));
#11753=DIRECTION('center_axis',(1.,0.,0.));
#11754=DIRECTION('ref_axis',(0.,0.,-1.));
#11755=DIRECTION('',(0.,1.,0.));
#11756=DIRECTION('',(0.,-0.707106781186547,0.707106781186548));
#11757=DIRECTION('',(0.,0.,1.));
#11758=DIRECTION('center_axis',(-1.35525271560688E-16,-1.,0.));
#11759=DIRECTION('ref_axis',(1.,-1.35525271560688E-16,0.));
#11760=DIRECTION('',(0.,0.,1.));
#11761=DIRECTION('',(1.,-1.35525271560688E-16,0.));
#11762=DIRECTION('center_axis',(-1.,0.,0.));
#11763=DIRECTION('ref_axis',(0.,0.,1.));
#11764=DIRECTION('',(0.,0.707106781186547,-0.707106781186548));
#11765=DIRECTION('',(0.,-1.,0.));
#11766=DIRECTION('center_axis',(0.,0.,-1.));
#11767=DIRECTION('ref_axis',(-1.,0.,0.));
#11768=DIRECTION('',(-1.,1.18584612615602E-16,0.));
#11769=DIRECTION('center_axis',(-8.3851983724872E-17,-0.707106781186548,
-0.707106781186547));
#11770=DIRECTION('ref_axis',(1.,-1.18584612615602E-16,2.46519032881566E-32));
#11771=DIRECTION('center_axis',(0.,-0.707106781186548,0.707106781186547));
#11772=DIRECTION('ref_axis',(-1.,0.,0.));
#11773=DIRECTION('center_axis',(0.,0.97600037380915,-0.217768846083178));
#11774=DIRECTION('ref_axis',(0.,0.217768846083178,0.976000373809151));
#11775=DIRECTION('',(0.,-0.217768846083178,-0.97600037380915));
#11776=DIRECTION('',(-1.,0.,0.));
#11777=DIRECTION('',(0.,-0.217768846083178,-0.97600037380915));
#11778=DIRECTION('center_axis',(0.,0.,-1.));
#11779=DIRECTION('ref_axis',(-1.,0.,0.));
#11780=DIRECTION('',(0.,-1.,0.));
#11781=DIRECTION('',(0.,-1.,0.));
#11782=DIRECTION('center_axis',(1.,0.,0.));
#11783=DIRECTION('ref_axis',(0.,0.,-1.));
#11784=DIRECTION('center_axis',(1.,0.,0.));
#11785=DIRECTION('ref_axis',(0.,0.,-1.));
#11786=DIRECTION('center_axis',(0.,0.,1.));
#11787=DIRECTION('ref_axis',(1.,0.,0.));
#11788=DIRECTION('',(0.,1.,0.));
#11789=DIRECTION('',(-1.,0.,0.));
#11790=DIRECTION('',(0.,1.,0.));
#11791=DIRECTION('center_axis',(0.,1.0842021724855E-16,-1.));
#11792=DIRECTION('ref_axis',(0.,1.,1.0842021724855E-16));
#11793=DIRECTION('',(0.,-1.,-1.0842021724855E-16));
#11794=DIRECTION('',(0.,-1.,-1.0842021724855E-16));
#11795=DIRECTION('',(-1.,0.,0.));
#11796=DIRECTION('center_axis',(0.,1.,0.));
#11797=DIRECTION('ref_axis',(0.,0.,1.));
#11798=DIRECTION('',(0.,0.,-1.));
#11799=DIRECTION('',(0.,0.,-1.));
#11800=DIRECTION('center_axis',(1.,0.,0.));
#11801=DIRECTION('ref_axis',(0.,0.,-1.));
#11802=DIRECTION('center_axis',(1.,0.,0.));
#11803=DIRECTION('ref_axis',(0.,0.,-1.));
#11804=DIRECTION('center_axis',(0.,1.73472347597681E-15,-1.));
#11805=DIRECTION('ref_axis',(0.,1.,1.73472347597681E-15));
#11806=DIRECTION('',(-1.,0.,0.));
#11807=DIRECTION('center_axis',(0.,0.348657127931214,-0.937250343901114));
#11808=DIRECTION('ref_axis',(0.,0.937250343901114,0.348657127931214));
#11809=DIRECTION('',(0.25635251577166,-0.905930584546714,-0.337006177451378));
#11810=DIRECTION('',(0.,-0.937250343901114,-0.348657127931214));
#11811=DIRECTION('center_axis',(0.,0.684910008767887,0.728627668902007));
#11812=DIRECTION('ref_axis',(0.,-0.728627668902007,0.684910008767887));
#11813=DIRECTION('',(0.,0.728627668902007,-0.684910008767887));
#11814=DIRECTION('',(-1.,0.,0.));
#11815=DIRECTION('',(-0.20193337014848,0.713617401051947,-0.67080035698883));
#11816=DIRECTION('center_axis',(0.,0.,1.));
#11817=DIRECTION('ref_axis',(1.,0.,0.));
#11818=DIRECTION('center_axis',(-0.962217993529285,-0.272280247040574,-3.267111221445E-17));
#11819=DIRECTION('ref_axis',(0.272280247040574,-0.962217993529285,0.));
#11820=DIRECTION('center_axis',(-1.,0.,0.));
#11821=DIRECTION('ref_axis',(0.,0.,1.));
#11822=DIRECTION('center_axis',(1.,0.,0.));
#11823=DIRECTION('ref_axis',(0.,0.,-1.));
#11824=DIRECTION('',(0.,0.707106781186547,0.707106781186548));
#11825=DIRECTION('',(0.,-1.,0.));
#11826=DIRECTION('',(0.,0.,-1.));
#11827=DIRECTION('center_axis',(-1.,0.,0.));
#11828=DIRECTION('ref_axis',(0.,0.,1.));
#11829=DIRECTION('',(0.,1.,0.));
#11830=DIRECTION('',(0.,-0.707106781186547,-0.707106781186548));
#11831=DIRECTION('',(0.,0.,-1.));
#11832=DIRECTION('center_axis',(0.,-1.,0.));
#11833=DIRECTION('ref_axis',(0.,0.,-1.));
#11834=DIRECTION('',(-1.,0.,0.));
#11835=DIRECTION('center_axis',(0.,0.,1.));
#11836=DIRECTION('ref_axis',(1.,0.,0.));
#11837=DIRECTION('',(1.,0.,0.));
#11838=DIRECTION('center_axis',(1.,0.,0.));
#11839=DIRECTION('ref_axis',(0.,0.,-1.));
#11840=DIRECTION('',(0.,1.,0.));
#11841=DIRECTION('',(0.,-0.707106781186547,0.707106781186548));
#11842=DIRECTION('',(0.,0.,1.));
#11843=DIRECTION('center_axis',(-1.35525271560688E-16,-1.,0.));
#11844=DIRECTION('ref_axis',(1.,-1.35525271560688E-16,0.));
#11845=DIRECTION('',(0.,0.,1.));
#11846=DIRECTION('',(1.,-1.35525271560688E-16,0.));
#11847=DIRECTION('center_axis',(-1.,0.,0.));
#11848=DIRECTION('ref_axis',(0.,0.,1.));
#11849=DIRECTION('',(0.,0.707106781186547,-0.707106781186548));
#11850=DIRECTION('',(0.,-1.,0.));
#11851=DIRECTION('center_axis',(0.,0.,-1.));
#11852=DIRECTION('ref_axis',(-1.,0.,0.));
#11853=DIRECTION('',(-1.,-1.18584612615602E-16,0.));
#11854=DIRECTION('center_axis',(0.,0.,-1.));
#11855=DIRECTION('ref_axis',(-1.,0.,0.));
#11856=DIRECTION('',(0.,1.,0.));
#11857=DIRECTION('',(1.,0.,0.));
#11858=DIRECTION('',(0.,1.,0.));
#11859=DIRECTION('center_axis',(0.,1.,1.27054942088145E-16));
#11860=DIRECTION('ref_axis',(0.,-1.27054942088145E-16,1.));
#11861=DIRECTION('',(0.,-1.27054942088145E-16,1.));
#11862=DIRECTION('',(0.,-1.27054942088145E-16,1.));
#11863=DIRECTION('',(1.,0.,0.));
#11864=DIRECTION('center_axis',(0.,0.97600037380915,-0.217768846083178));
#11865=DIRECTION('ref_axis',(0.,0.217768846083178,0.976000373809151));
#11866=DIRECTION('',(0.,0.217768846083178,0.97600037380915));
#11867=DIRECTION('',(0.,0.217768846083178,0.97600037380915));
#11868=DIRECTION('center_axis',(-1.,0.,0.));
#11869=DIRECTION('ref_axis',(0.,0.,1.));
#11870=DIRECTION('center_axis',(-1.,0.,0.));
#11871=DIRECTION('ref_axis',(0.,0.,1.));
#11872=DIRECTION('center_axis',(0.,0.97600037380915,-0.217768846083178));
#11873=DIRECTION('ref_axis',(0.,0.217768846083178,0.976000373809151));
#11874=DIRECTION('',(0.,0.217768846083178,0.97600037380915));
#11875=DIRECTION('',(0.,0.217768846083178,0.97600037380915));
#11876=DIRECTION('',(1.,0.,0.));
#11877=DIRECTION('center_axis',(0.,0.,-1.));
#11878=DIRECTION('ref_axis',(-1.,0.,0.));
#11879=DIRECTION('',(0.,1.,0.));
#11880=DIRECTION('',(0.,1.,0.));
#11881=DIRECTION('center_axis',(-1.,0.,0.));
#11882=DIRECTION('ref_axis',(0.,0.,1.));
#11883=DIRECTION('center_axis',(-1.,0.,0.));
#11884=DIRECTION('ref_axis',(0.,0.,1.));
#11885=DIRECTION('center_axis',(0.,0.,1.));
#11886=DIRECTION('ref_axis',(1.,0.,0.));
#11887=DIRECTION('',(0.,-1.,0.));
#11888=DIRECTION('',(0.,-1.,0.));
#11889=DIRECTION('',(1.,0.,0.));
#11890=DIRECTION('center_axis',(0.,1.,0.));
#11891=DIRECTION('ref_axis',(0.,0.,1.));
#11892=DIRECTION('',(0.,0.,1.));
#11893=DIRECTION('',(0.,0.,1.));
#11894=DIRECTION('',(1.,0.,0.));
#11895=DIRECTION('center_axis',(0.,1.0842021724855E-16,-1.));
#11896=DIRECTION('ref_axis',(0.,1.,1.0842021724855E-16));
#11897=DIRECTION('',(0.,1.,1.0842021724855E-16));
#11898=DIRECTION('',(0.,1.,1.0842021724855E-16));
#11899=DIRECTION('center_axis',(-1.,0.,0.));
#11900=DIRECTION('ref_axis',(0.,0.,1.));
#11901=DIRECTION('center_axis',(-1.,0.,0.));
#11902=DIRECTION('ref_axis',(0.,0.,1.));
#11903=DIRECTION('center_axis',(0.,1.73472347597681E-15,-1.));
#11904=DIRECTION('ref_axis',(0.,1.,1.73472347597681E-15));
#11905=DIRECTION('',(0.,1.,1.73472347597681E-15));
#11906=DIRECTION('',(0.,1.,1.73472347597681E-15));
#11907=DIRECTION('',(1.,0.,0.));
#11908=DIRECTION('center_axis',(0.,0.,1.));
#11909=DIRECTION('ref_axis',(1.,0.,0.));
#11910=DIRECTION('',(0.,-1.,0.));
#11911=DIRECTION('',(1.,0.,0.));
#11912=DIRECTION('',(0.,-1.,0.));
#11913=DIRECTION('center_axis',(0.,0.684910008767887,0.728627668902007));
#11914=DIRECTION('ref_axis',(0.,-0.728627668902007,0.684910008767887));
#11915=DIRECTION('center_axis',(0.,0.348657127931214,-0.937250343901114));
#11916=DIRECTION('ref_axis',(0.,0.937250343901114,0.348657127931214));
#11917=DIRECTION('center_axis',(1.,0.,0.));
#11918=DIRECTION('ref_axis',(0.,0.,-1.));
#11919=DIRECTION('center_axis',(1.,0.,0.));
#11920=DIRECTION('ref_axis',(0.,0.,-1.));
#11921=DIRECTION('center_axis',(1.,0.,0.));
#11922=DIRECTION('ref_axis',(0.,0.,-1.));
#11923=DIRECTION('',(0.,1.,1.04548066632531E-16));
#11924=DIRECTION('center_axis',(-1.,0.,0.));
#11925=DIRECTION('ref_axis',(0.,0.,1.));
#11926=DIRECTION('',(0.,1.,1.04548066632531E-16));
#11927=DIRECTION('center_axis',(0.,1.04548066632531E-16,-1.));
#11928=DIRECTION('ref_axis',(0.,1.,1.04548066632531E-16));
#11929=DIRECTION('center_axis',(-1.,0.,0.));
#11930=DIRECTION('ref_axis',(0.,0.,1.));
#11931=DIRECTION('',(0.,1.,0.));
#11932=DIRECTION('',(0.,-0.707106781186547,-0.707106781186548));
#11933=DIRECTION('',(0.,0.,-1.));
#11934=DIRECTION('center_axis',(0.,-1.,0.));
#11935=DIRECTION('ref_axis',(0.,0.,-1.));
#11936=DIRECTION('',(0.,0.,-1.));
#11937=DIRECTION('',(-1.,0.,0.));
#11938=DIRECTION('center_axis',(1.,0.,0.));
#11939=DIRECTION('ref_axis',(0.,0.,-1.));
#11940=DIRECTION('',(0.,0.707106781186547,0.707106781186548));
#11941=DIRECTION('',(0.,-1.,0.));
#11942=DIRECTION('center_axis',(0.,0.,1.));
#11943=DIRECTION('ref_axis',(1.,0.,0.));
#11944=DIRECTION('',(1.,0.,0.));
#11945=DIRECTION('center_axis',(1.35525271560688E-16,-1.,0.));
#11946=DIRECTION('ref_axis',(1.,1.35525271560688E-16,0.));
#11947=DIRECTION('',(0.,0.,1.));
#11948=DIRECTION('',(1.,1.35525271560688E-16,0.));
#11949=DIRECTION('',(0.,0.,1.));
#11950=DIRECTION('center_axis',(-1.,0.,0.));
#11951=DIRECTION('ref_axis',(0.,0.,1.));
#11952=DIRECTION('',(0.,0.707106781186547,-0.707106781186548));
#11953=DIRECTION('',(0.,-1.,0.));
#11954=DIRECTION('center_axis',(1.,0.,0.));
#11955=DIRECTION('ref_axis',(0.,0.,-1.));
#11956=DIRECTION('',(0.,1.,0.));
#11957=DIRECTION('',(0.,-0.707106781186547,0.707106781186548));
#11958=DIRECTION('center_axis',(0.,0.,-1.));
#11959=DIRECTION('ref_axis',(-1.,0.,0.));
#11960=DIRECTION('',(-1.,-1.18584612615602E-16,0.));
#11961=DIRECTION('center_axis',(8.3851983724872E-17,-0.707106781186548,
-0.707106781186547));
#11962=DIRECTION('ref_axis',(1.,1.18584612615602E-16,-2.46519032881566E-32));
#11963=DIRECTION('center_axis',(0.,-0.707106781186548,0.707106781186547));
#11964=DIRECTION('ref_axis',(-1.,0.,0.));
#11965=DIRECTION('center_axis',(1.,0.,0.));
#11966=DIRECTION('ref_axis',(0.,0.,-1.));
#11967=DIRECTION('',(0.,1.,1.04548066632531E-16));
#11968=DIRECTION('center_axis',(-1.,0.,0.));
#11969=DIRECTION('ref_axis',(0.,0.,1.));
#11970=DIRECTION('',(0.,1.,1.04548066632531E-16));
#11971=DIRECTION('center_axis',(0.,1.04548066632531E-16,-1.));
#11972=DIRECTION('ref_axis',(0.,1.,1.04548066632531E-16));
#11973=DIRECTION('center_axis',(8.3851983724872E-17,-0.707106781186548,
-0.707106781186547));
#11974=DIRECTION('ref_axis',(1.,1.18584612615602E-16,-2.46519032881566E-32));
#11975=DIRECTION('center_axis',(0.,-0.707106781186548,0.707106781186547));
#11976=DIRECTION('ref_axis',(-1.,0.,0.));
#11977=DIRECTION('axis',(0.,0.,1.));
#11978=DIRECTION('refdir',(1.,0.,0.));
#11979=DIRECTION('center_axis',(0.,0.,-1.));
#11980=DIRECTION('ref_axis',(-1.,0.,0.));
#11981=DIRECTION('center_axis',(0.,0.,-1.));
#11982=DIRECTION('ref_axis',(-1.,0.,0.));
#11983=DIRECTION('',(0.,0.,1.));
#11984=DIRECTION('center_axis',(0.,0.,-1.));
#11985=DIRECTION('ref_axis',(-1.,0.,0.));
#11986=DIRECTION('',(0.,0.,-1.));
#11987=DIRECTION('center_axis',(0.,0.,-1.));
#11988=DIRECTION('ref_axis',(-1.,0.,0.));
#11989=DIRECTION('',(0.,0.,-1.));
#11990=DIRECTION('center_axis',(0.,0.,-1.));
#11991=DIRECTION('ref_axis',(-1.,0.,0.));
#11992=DIRECTION('',(0.,0.,-1.));
#11993=DIRECTION('center_axis',(0.,0.,-1.));
#11994=DIRECTION('ref_axis',(-1.,0.,0.));
#11995=DIRECTION('',(0.,0.,-1.));
#11996=DIRECTION('center_axis',(0.,0.,-1.));
#11997=DIRECTION('ref_axis',(-1.,0.,0.));
#11998=DIRECTION('center_axis',(0.,0.,-1.));
#11999=DIRECTION('ref_axis',(-1.,0.,0.));
#12000=DIRECTION('',(-1.21972744404619E-16,1.,0.));
#12001=DIRECTION('center_axis',(0.,0.,-1.));
#12002=DIRECTION('ref_axis',(-1.,0.,0.));
#12003=DIRECTION('center_axis',(0.,0.,-1.));
#12004=DIRECTION('ref_axis',(-1.,0.,0.));
#12005=DIRECTION('',(1.21972744404619E-16,-1.,0.));
#12006=DIRECTION('center_axis',(0.,0.,-1.));
#12007=DIRECTION('ref_axis',(-1.,0.,0.));
#12008=DIRECTION('center_axis',(0.,0.,-1.));
#12009=DIRECTION('ref_axis',(-1.,0.,0.));
#12010=DIRECTION('center_axis',(0.,0.,-1.));
#12011=DIRECTION('ref_axis',(1.,-1.19003661771825E-12,0.));
#12012=DIRECTION('center_axis',(0.,0.,-1.));
#12013=DIRECTION('ref_axis',(-1.,0.,0.));
#12014=DIRECTION('center_axis',(0.,0.,1.));
#12015=DIRECTION('ref_axis',(1.,0.,0.));
#12016=DIRECTION('center_axis',(0.,0.,1.));
#12017=DIRECTION('ref_axis',(1.,0.,0.));
#12018=DIRECTION('',(0.,0.,1.));
#12019=DIRECTION('center_axis',(0.,0.,-1.));
#12020=DIRECTION('ref_axis',(-1.,0.,0.));
#12021=DIRECTION('center_axis',(0.,0.,-1.));
#12022=DIRECTION('ref_axis',(-1.,0.,0.));
#12023=DIRECTION('center_axis',(0.,0.,-1.));
#12024=DIRECTION('ref_axis',(-1.,0.,0.));
#12025=DIRECTION('center_axis',(0.,0.,-1.));
#12026=DIRECTION('ref_axis',(-1.,0.,0.));
#12027=DIRECTION('center_axis',(-1.22464679914735E-16,-1.,0.));
#12028=DIRECTION('ref_axis',(1.,-1.22464679914735E-16,0.));
#12029=DIRECTION('center_axis',(1.,1.21972744404619E-16,0.));
#12030=DIRECTION('ref_axis',(-1.21972744404619E-16,1.,0.));
#12031=DIRECTION('',(-1.21972744404619E-16,1.,0.));
#12032=DIRECTION('center_axis',(-1.,-1.21972744404619E-16,0.));
#12033=DIRECTION('ref_axis',(1.21972744404619E-16,-1.,0.));
#12034=DIRECTION('',(1.21972744404619E-16,-1.,0.));
#12035=DIRECTION('center_axis',(0.,0.,-1.));
#12036=DIRECTION('ref_axis',(-1.,0.,0.));
#12037=DIRECTION('center_axis',(0.,0.,-1.));
#12038=DIRECTION('ref_axis',(-1.,0.,0.));
#12039=DIRECTION('center_axis',(0.,0.,1.));
#12040=DIRECTION('ref_axis',(0.,1.,0.));
#12041=DIRECTION('',(0.,0.,1.));
#12042=DIRECTION('center_axis',(0.,0.,1.));
#12043=DIRECTION('ref_axis',(0.,1.,0.));
#12044=DIRECTION('center_axis',(0.,0.,1.));
#12045=DIRECTION('ref_axis',(1.,0.,0.));
#12046=DIRECTION('center_axis',(0.,0.,1.));
#12047=DIRECTION('ref_axis',(1.,0.,0.));
#12048=DIRECTION('center_axis',(0.,0.,-1.));
#12049=DIRECTION('ref_axis',(-1.,0.,0.));
#12050=DIRECTION('center_axis',(0.,0.,1.));
#12051=DIRECTION('ref_axis',(1.,0.,0.));
#12052=DIRECTION('',(0.707106781186547,8.65956056235492E-17,-0.707106781186548));
#12053=DIRECTION('axis',(0.,0.,1.));
#12054=DIRECTION('refdir',(1.,0.,0.));
#12055=DIRECTION('center_axis',(0.,8.85062997947351E-17,-1.));
#12056=DIRECTION('ref_axis',(0.,1.,8.85062997947351E-17));
#12057=DIRECTION('',(0.,-1.,-8.85062997947351E-17));
#12058=DIRECTION('',(-1.,0.,0.));
#12059=DIRECTION('',(0.,-1.,-8.85062997947351E-17));
#12060=DIRECTION('',(-1.,0.,0.));
#12061=DIRECTION('center_axis',(0.,8.85062997947351E-17,-1.));
#12062=DIRECTION('ref_axis',(0.,1.,8.85062997947351E-17));
#12063=DIRECTION('center_axis',(1.,0.,0.));
#12064=DIRECTION('ref_axis',(0.,0.,-1.));
#12065=DIRECTION('',(0.,-1.,0.));
#12066=DIRECTION('',(0.,-8.85062997947351E-17,1.));
#12067=DIRECTION('',(0.,1.,8.85062997947351E-17));
#12068=DIRECTION('',(0.,-8.85062997947351E-17,1.));
#12069=DIRECTION('',(0.,-1.,0.));
#12070=DIRECTION('',(0.,0.,1.));
#12071=DIRECTION('',(0.,-1.,0.));
#12072=DIRECTION('',(0.,0.,1.));
#12073=DIRECTION('center_axis',(8.67361737988404E-17,0.,-1.));
#12074=DIRECTION('ref_axis',(-1.,0.,-8.67361737988404E-17));
#12075=DIRECTION('center_axis',(8.67361737988404E-17,0.,-1.));
#12076=DIRECTION('ref_axis',(-1.,0.,-8.67361737988404E-17));
#12077=DIRECTION('',(0.,-1.,0.));
#12078=DIRECTION('',(1.,0.,8.67361737988404E-17));
#12079=DIRECTION('center_axis',(8.67361737988404E-17,0.,-1.));
#12080=DIRECTION('ref_axis',(-1.,0.,-8.67361737988404E-17));
#12081=DIRECTION('',(0.,-1.,0.));
#12082=DIRECTION('center_axis',(8.67361737988404E-17,0.,-1.));
#12083=DIRECTION('ref_axis',(-1.,0.,-8.67361737988404E-17));
#12084=DIRECTION('center_axis',(8.67361737988404E-17,0.,-1.));
#12085=DIRECTION('ref_axis',(-1.,0.,-8.67361737988404E-17));
#12086=DIRECTION('',(1.,0.,8.67361737988404E-17));
#12087=DIRECTION('center_axis',(-1.,0.,-2.34422091348217E-16));
#12088=DIRECTION('ref_axis',(-2.34422091348217E-16,0.,1.));
#12089=DIRECTION('',(0.,-8.85062997947351E-17,1.));
#12090=DIRECTION('',(2.07478318953741E-32,-1.,-8.85062997947351E-17));
#12091=DIRECTION('',(0.,-8.85062997947351E-17,1.));
#12092=DIRECTION('',(2.34422091348217E-16,0.,-1.));
#12093=DIRECTION('',(0.,-1.,0.));
#12094=DIRECTION('',(2.34422091348217E-16,0.,-1.));
#12095=DIRECTION('center_axis',(0.,1.,0.));
#12096=DIRECTION('ref_axis',(0.,0.,1.));
#12097=DIRECTION('',(0.,0.,-1.));
#12098=DIRECTION('',(-1.,0.,0.));
#12099=DIRECTION('',(0.,0.,-1.));
#12100=DIRECTION('',(-1.,0.,-8.67361737988404E-17));
#12101=DIRECTION('center_axis',(0.,-1.,0.));
#12102=DIRECTION('ref_axis',(0.,0.,-1.));
#12103=DIRECTION('',(0.,0.,1.));
#12104=DIRECTION('',(0.,0.,1.));
#12105=DIRECTION('',(-1.,0.,0.));
#12106=DIRECTION('',(-1.,0.,-8.67361737988404E-17));
#12107=DIRECTION('center_axis',(0.,8.85062997947351E-17,1.));
#12108=DIRECTION('ref_axis',(0.,-1.,8.85062997947351E-17));
#12109=DIRECTION('',(0.,1.,-8.85062997947351E-17));
#12110=DIRECTION('',(0.,1.,-8.85062997947351E-17));
#12111=DIRECTION('center_axis',(1.,0.,0.));
#12112=DIRECTION('ref_axis',(0.,0.,-1.));
#12113=DIRECTION('center_axis',(1.,0.,0.));
#12114=DIRECTION('ref_axis',(0.,0.,-1.));
#12115=DIRECTION('center_axis',(-8.67361737988404E-17,0.,1.));
#12116=DIRECTION('ref_axis',(1.,0.,8.67361737988404E-17));
#12117=DIRECTION('center_axis',(0.,8.85062997947351E-17,-1.));
#12118=DIRECTION('ref_axis',(0.,1.,8.85062997947351E-17));
#12119=DIRECTION('center_axis',(0.,8.85062997947351E-17,-1.));
#12120=DIRECTION('ref_axis',(0.,1.,8.85062997947351E-17));
#12121=DIRECTION('center_axis',(0.,-8.85062997947351E-17,1.));
#12122=DIRECTION('ref_axis',(0.,-1.,-8.85062997947351E-17));
#12123=DIRECTION('',(0.,-8.85062997947351E-17,1.));
#12124=DIRECTION('center_axis',(0.,8.85062997947351E-17,-1.));
#12125=DIRECTION('ref_axis',(0.,1.,8.85062997947351E-17));
#12126=DIRECTION('center_axis',(0.,8.85062997947351E-17,-1.));
#12127=DIRECTION('ref_axis',(0.,1.,8.85062997947351E-17));
#12128=DIRECTION('axis',(0.,0.,1.));
#12129=DIRECTION('refdir',(1.,0.,0.));
#12130=DIRECTION('center_axis',(0.971669873119786,0.236342246903465,0.));
#12131=DIRECTION('ref_axis',(-0.236342246903465,0.971669873119786,0.));
#12132=DIRECTION('',(0.,0.,-1.));
#12133=DIRECTION('',(0.171013278137409,-0.7030839913164,-0.690237176523619));
#12134=DIRECTION('',(-0.236342246903465,0.971669873119786,1.52541918953438E-16));
#12135=DIRECTION('',(0.,0.,1.));
#12136=DIRECTION('',(0.236342246903465,-0.971669873119786,1.30893130192124E-16));
#12137=DIRECTION('',(-0.171013278137409,0.7030839913164,-0.690237176523619));
#12138=DIRECTION('center_axis',(0.,0.,-1.));
#12139=DIRECTION('ref_axis',(-1.,0.,0.));
#12140=DIRECTION('center_axis',(5.75482234726532E-17,-1.42991818884437E-16,
1.));
#12141=DIRECTION('ref_axis',(0.236342246903465,-0.971669873119786,-1.52541918953438E-16));
#12142=DIRECTION('',(0.,0.,-1.));
#12143=DIRECTION('center_axis',(-3.40510950789586E-17,-1.42991818884437E-16,
-1.));
#12144=DIRECTION('ref_axis',(0.236342246903465,-0.971669873119786,1.30893130192124E-16));
#12145=DIRECTION('center_axis',(1.,-3.26730683226474E-17,0.));
#12146=DIRECTION('ref_axis',(3.26730683226474E-17,1.,0.));
#12147=DIRECTION('',(-4.71844785465692E-16,1.,1.42991818884437E-16));
#12148=DIRECTION('',(0.,0.,1.));
#12149=DIRECTION('',(4.71844785465692E-16,-1.,1.42991818884437E-16));
#12150=DIRECTION('center_axis',(0.,0.,-1.));
#12151=DIRECTION('ref_axis',(-1.,0.,0.));
#12152=DIRECTION('center_axis',(5.75482234726532E-17,-1.42991818884437E-16,
1.));
#12153=DIRECTION('ref_axis',(-0.236342246903465,0.971669873119786,1.52541918953438E-16));
#12154=DIRECTION('',(-4.51463748073163E-17,-1.22464679914735E-16,-1.));
#12155=DIRECTION('center_axis',(-3.40510950789586E-17,-1.42991818884437E-16,
-1.));
#12156=DIRECTION('ref_axis',(-0.236342246903465,0.971669873119786,-1.30893130192124E-16));
#12157=DIRECTION('center_axis',(0.971669873119786,0.236342246903465,0.));
#12158=DIRECTION('ref_axis',(-0.236342246903465,0.971669873119786,0.));
#12159=DIRECTION('',(0.236342246903465,-0.971669873119786,-1.52541918953438E-16));
#12160=DIRECTION('',(-0.171013278137409,0.7030839913164,0.690237176523619));
#12161=DIRECTION('',(0.,0.,-1.));
#12162=DIRECTION('',(0.171013278137409,-0.7030839913164,0.690237176523619));
#12163=DIRECTION('',(-0.236342246903465,0.971669873119786,-1.30893130192124E-16));
#12164=DIRECTION('',(0.,0.,-1.));
#12165=DIRECTION('center_axis',(0.,0.,-1.));
#12166=DIRECTION('ref_axis',(-1.,0.,0.));
#12167=DIRECTION('center_axis',(-5.75482234726532E-17,1.42991818884437E-16,
-1.));
#12168=DIRECTION('ref_axis',(0.236342246903465,-0.971669873119786,-1.52541918953438E-16));
#12169=DIRECTION('center_axis',(3.40510950789586E-17,1.42991818884437E-16,
1.));
#12170=DIRECTION('ref_axis',(0.236342246903465,-0.971669873119786,1.30893130192124E-16));
#12171=DIRECTION('',(0.,0.,-1.));
#12172=DIRECTION('center_axis',(1.,-3.26730683226474E-17,0.));
#12173=DIRECTION('ref_axis',(3.26730683226474E-17,1.,0.));
#12174=DIRECTION('',(2.77555756156289E-17,-1.,-1.42991818884437E-16));
#12175=DIRECTION('',(-2.77555756156289E-17,1.,-1.42991818884437E-16));
#12176=DIRECTION('',(0.,0.,-1.));
#12177=DIRECTION('center_axis',(0.,0.,-1.));
#12178=DIRECTION('ref_axis',(-1.,0.,0.));
#12179=DIRECTION('center_axis',(-5.75482234726532E-17,1.42991818884437E-16,
-1.));
#12180=DIRECTION('ref_axis',(-0.236342246903465,0.971669873119786,1.52541918953438E-16));
#12181=DIRECTION('center_axis',(3.40510950789586E-17,1.42991818884437E-16,
1.));
#12182=DIRECTION('ref_axis',(-0.236342246903465,0.971669873119786,-1.30893130192124E-16));
#12183=DIRECTION('',(-4.51463748073163E-17,-1.22464679914735E-16,-1.));
#12184=DIRECTION('center_axis',(-1.,-1.55277583653624E-16,0.));
#12185=DIRECTION('ref_axis',(1.55277583653624E-16,-1.,0.));
#12186=DIRECTION('',(0.,0.783129056242359,-0.621859213382701));
#12187=DIRECTION('',(-1.88682272025442E-16,-0.621859213382701,-0.783129056242359));
#12188=DIRECTION('center_axis',(-1.,0.,2.4093381610789E-16));
#12189=DIRECTION('ref_axis',(0.,1.,0.));
#12190=DIRECTION('',(-3.61670144081928E-17,-1.34292675616122E-16,-1.));
#12191=DIRECTION('',(-1.0019762797242E-14,1.,-1.42991818884437E-16));
#12192=DIRECTION('',(-3.61670144081928E-17,-1.34292675616122E-16,-1.));
#12193=DIRECTION('center_axis',(1.,0.,0.));
#12194=DIRECTION('ref_axis',(0.,0.,-1.));
#12195=DIRECTION('',(0.,-0.621859213382701,-0.783129056242359));
#12196=DIRECTION('center_axis',(0.,0.,-1.));
#12197=DIRECTION('ref_axis',(-1.,0.,0.));
#12198=DIRECTION('',(4.51463748073163E-17,1.22464679914735E-16,1.));
#12199=DIRECTION('center_axis',(-1.17485641968473E-17,-1.42991818884437E-16,
1.));
#12200=DIRECTION('ref_axis',(0.236342246903465,0.971669873119786,1.41717524572781E-16));
#12201=DIRECTION('',(0.,0.,-1.));
#12202=DIRECTION('center_axis',(-1.17485641968473E-17,-1.42991818884437E-16,
-1.));
#12203=DIRECTION('ref_axis',(0.236342246903465,0.971669873119786,-1.41717524572781E-16));
#12204=DIRECTION('center_axis',(-1.,-9.03501810404587E-17,0.));
#12205=DIRECTION('ref_axis',(9.03501810404587E-17,-1.,0.));
#12206=DIRECTION('',(-4.44089209850063E-16,-1.,-1.42991818884437E-16));
#12207=DIRECTION('',(0.,0.,1.));
#12208=DIRECTION('',(4.16333634234434E-16,1.,-1.42991818884437E-16));
#12209=DIRECTION('center_axis',(0.,0.,-1.));
#12210=DIRECTION('ref_axis',(-1.,0.,0.));
#12211=DIRECTION('center_axis',(-1.17485641968473E-17,-1.42991818884437E-16,
1.));
#12212=DIRECTION('ref_axis',(-0.236342246903465,-0.971669873119786,-1.41717524572781E-16));
#12213=DIRECTION('',(0.,0.,-1.));
#12214=DIRECTION('center_axis',(-1.17485641968473E-17,-1.42991818884437E-16,
-1.));
#12215=DIRECTION('ref_axis',(-0.236342246903465,-0.971669873119786,1.41717524572781E-16));
#12216=DIRECTION('center_axis',(-0.971669873119786,0.236342246903465,0.));
#12217=DIRECTION('ref_axis',(-0.236342246903465,-0.971669873119786,0.));
#12218=DIRECTION('',(-0.236342246903465,-0.971669873119786,-1.41717524572781E-16));
#12219=DIRECTION('',(0.171013278137409,0.7030839913164,0.690237176523619));
#12220=DIRECTION('',(0.,0.,1.));
#12221=DIRECTION('',(-0.171013278137409,-0.7030839913164,0.690237176523619));
#12222=DIRECTION('',(0.236342246903465,0.971669873119786,-1.41717524572781E-16));
#12223=DIRECTION('center_axis',(0.,0.,-1.));
#12224=DIRECTION('ref_axis',(-1.,0.,0.));
#12225=DIRECTION('center_axis',(1.17485641968473E-17,1.42991818884437E-16,
-1.));
#12226=DIRECTION('ref_axis',(0.236342246903465,0.971669873119786,1.41717524572781E-16));
#12227=DIRECTION('',(4.51463748073163E-17,1.22464679914735E-16,1.));
#12228=DIRECTION('center_axis',(1.17485641968473E-17,1.42991818884437E-16,
1.));
#12229=DIRECTION('ref_axis',(0.236342246903465,0.971669873119786,-1.41717524572781E-16));
#12230=DIRECTION('',(0.,0.,-1.));
#12231=DIRECTION('center_axis',(-1.,-9.03501810404587E-17,0.));
#12232=DIRECTION('ref_axis',(9.03501810404587E-17,-1.,0.));
#12233=DIRECTION('',(-2.77555756156289E-17,1.,1.42991818884437E-16));
#12234=DIRECTION('',(2.77555756156289E-17,-1.,1.42991818884437E-16));
#12235=DIRECTION('',(0.,0.,-1.));
#12236=DIRECTION('center_axis',(0.,0.,-1.));
#12237=DIRECTION('ref_axis',(-1.,0.,0.));
#12238=DIRECTION('center_axis',(1.17485641968473E-17,1.42991818884437E-16,
-1.));
#12239=DIRECTION('ref_axis',(-0.236342246903465,-0.971669873119786,-1.41717524572781E-16));
#12240=DIRECTION('center_axis',(1.17485641968473E-17,1.42991818884437E-16,
1.));
#12241=DIRECTION('ref_axis',(-0.236342246903465,-0.971669873119786,1.41717524572781E-16));
#12242=DIRECTION('',(0.,0.,-1.));
#12243=DIRECTION('center_axis',(-0.971669873119786,0.236342246903465,0.));
#12244=DIRECTION('ref_axis',(-0.236342246903465,-0.971669873119786,0.));
#12245=DIRECTION('',(0.236342246903465,0.971669873119786,1.41717524572781E-16));
#12246=DIRECTION('',(-0.236342246903465,-0.971669873119786,1.41717524572781E-16));
#12247=DIRECTION('',(0.171013278137409,0.7030839913164,-0.690237176523619));
#12248=DIRECTION('',(0.,0.,-1.));
#12249=DIRECTION('',(-0.171013278137409,-0.7030839913164,-0.690237176523619));
#12250=DIRECTION('center_axis',(1.,4.70226218481283E-17,0.));
#12251=DIRECTION('ref_axis',(-4.70226218481283E-17,1.,0.));
#12252=DIRECTION('',(-9.6326448676131E-18,-1.34292675616122E-16,1.));
#12253=DIRECTION('center_axis',(-1.,-4.51678559602326E-49,-7.37647066757211E-33));
#12254=DIRECTION('ref_axis',(-7.37647066757211E-33,0.,1.));
#12255=DIRECTION('',(4.70226218481283E-17,-1.,6.12323399573677E-17));
#12256=DIRECTION('center_axis',(1.,-6.12323399573677E-17,-9.9579925010296E-17));
#12257=DIRECTION('ref_axis',(-6.12323399573677E-17,-1.,6.12323399573676E-17));
#12258=DIRECTION('',(-6.12323399573675E-17,-1.,1.58827765331723E-15));
#12259=DIRECTION('center_axis',(-1.,6.12323399573677E-17,9.9579925010296E-17));
#12260=DIRECTION('ref_axis',(6.12323399573677E-17,1.,-6.12323399573676E-17));
#12261=DIRECTION('',(4.70226218481283E-17,-1.,6.12323399573677E-17));
#12262=DIRECTION('center_axis',(1.,4.51678559602326E-49,7.37647066757211E-33));
#12263=DIRECTION('ref_axis',(7.37647066757211E-33,-6.12323399573677E-17,
-1.));
#12264=DIRECTION('',(-9.6326448676131E-18,-1.34292675616122E-16,1.));
#12265=DIRECTION('',(9.96425164601078E-15,1.,1.42991818884437E-16));
#12266=DIRECTION('center_axis',(-1.,-1.55277583653624E-16,0.));
#12267=DIRECTION('ref_axis',(1.55277583653624E-16,-1.,0.));
#12268=DIRECTION('center_axis',(-1.,-4.51678559602326E-49,-7.37647066757211E-33));
#12269=DIRECTION('ref_axis',(-7.37647066757211E-33,0.,1.));
#12270=DIRECTION('',(-4.51463748073163E-17,-1.22464679914735E-16,-1.));
#12271=DIRECTION('',(1.0019762797242E-14,-1.,-1.42991818884438E-16));
#12272=DIRECTION('',(-4.51463748073163E-17,-1.22464679914735E-16,-1.));
#12273=DIRECTION('center_axis',(-1.,-4.51678559602326E-49,-7.37647066757211E-33));
#12274=DIRECTION('ref_axis',(7.37647066757211E-33,-6.12323399573677E-17,
-1.));
#12275=DIRECTION('',(-1.55277583653624E-16,1.,-6.12323399573677E-17));
#12276=DIRECTION('center_axis',(1.,-6.12323399573677E-17,-9.9579925010296E-17));
#12277=DIRECTION('ref_axis',(6.12323399573677E-17,1.,-6.12323399573676E-17));
#12278=DIRECTION('',(-6.12323399573675E-17,-1.,1.51596464942229E-15));
#12279=DIRECTION('center_axis',(1.,-6.12323399573677E-17,-9.9579925010296E-17));
#12280=DIRECTION('ref_axis',(-6.12323399573677E-17,-1.,6.12323399573676E-17));
#12281=DIRECTION('',(-1.55277583653624E-16,1.,-6.12323399573677E-17));
#12282=DIRECTION('center_axis',(1.,4.70226218481283E-17,0.));
#12283=DIRECTION('ref_axis',(-4.70226218481283E-17,1.,0.));
#12284=DIRECTION('center_axis',(1.,0.,0.));
#12285=DIRECTION('ref_axis',(0.,0.,-1.));
#12286=DIRECTION('',(4.51463748073163E-17,1.22464679914735E-16,1.));
#12287=DIRECTION('',(-9.96425164601078E-15,-1.,1.42991818884437E-16));
#12288=DIRECTION('',(4.51463748073163E-17,1.22464679914735E-16,1.));
#12289=DIRECTION('center_axis',(-1.,0.,2.4093381610789E-16));
#12290=DIRECTION('ref_axis',(0.,1.,0.));
#12291=DIRECTION('',(-1.88682272025442E-16,-0.621859213382701,-0.783129056242359));
#12292=DIRECTION('',(0.,0.783129056242359,-0.621859213382701));
#12293=DIRECTION('',(0.,-0.621859213382701,-0.783129056242359));
#12294=DIRECTION('center_axis',(-7.37647066757211E-33,6.12323399573677E-17,
1.));
#12295=DIRECTION('ref_axis',(0.,-1.,6.12323399573677E-17));
#12296=DIRECTION('',(-1.,0.,0.));
#12297=DIRECTION('',(1.,0.,0.));
#12298=DIRECTION('center_axis',(0.,0.,-1.));
#12299=DIRECTION('ref_axis',(0.550060740401084,0.835124650498003,0.));
#12300=DIRECTION('',(1.,-6.12323399573677E-17,-5.28682266040552E-17));
#12301=DIRECTION('',(1.,-6.12323399573677E-17,-5.28682266040552E-17));
#12302=DIRECTION('',(-6.12323399573677E-17,-1.,-4.56563663433545E-32));
#12303=DIRECTION('center_axis',(0.,0.,-1.));
#12304=DIRECTION('ref_axis',(0.550060740401084,0.835124650498003,0.));
#12305=DIRECTION('',(0.550060740401084,0.835124650498003,0.));
#12306=DIRECTION('',(-0.835124650498003,0.550060740401084,0.));
#12307=DIRECTION('',(0.550060740401084,0.835124650498003,0.));
#12308=DIRECTION('center_axis',(0.,0.,1.));
#12309=DIRECTION('ref_axis',(-1.,0.,0.));
#12310=DIRECTION('center_axis',(0.,0.,-1.));
#12311=DIRECTION('ref_axis',(1.,0.,0.));
#12312=DIRECTION('center_axis',(0.,0.,1.));
#12313=DIRECTION('ref_axis',(-1.,0.,0.));
#12314=DIRECTION('center_axis',(0.,0.,-1.));
#12315=DIRECTION('ref_axis',(1.,0.,0.));
#12316=DIRECTION('center_axis',(0.,0.,1.));
#12317=DIRECTION('ref_axis',(-1.,0.,0.));
#12318=DIRECTION('center_axis',(0.,0.,-1.));
#12319=DIRECTION('ref_axis',(1.,0.,0.));
#12320=DIRECTION('',(0.,1.,0.));
#12321=DIRECTION('center_axis',(0.,0.,-1.));
#12322=DIRECTION('ref_axis',(-1.,0.,0.));
#12323=DIRECTION('',(1.,-6.12323399573677E-17,-5.28682266040552E-17));
#12324=DIRECTION('',(1.,-6.12323399573677E-17,-5.28682266040552E-17));
#12325=DIRECTION('center_axis',(0.,0.,-1.));
#12326=DIRECTION('ref_axis',(1.,0.,0.));
#12327=DIRECTION('',(0.,1.,0.));
#12328=DIRECTION('center_axis',(0.,0.,1.));
#12329=DIRECTION('ref_axis',(1.,0.,0.));
#12330=DIRECTION('center_axis',(0.,0.,1.));
#12331=DIRECTION('ref_axis',(1.,0.,0.));
#12332=DIRECTION('center_axis',(0.,0.,1.));
#12333=DIRECTION('ref_axis',(1.,0.,0.));
#12334=DIRECTION('center_axis',(0.,0.,1.));
#12335=DIRECTION('ref_axis',(1.,0.,0.));
#12336=DIRECTION('center_axis',(0.,0.,1.));
#12337=DIRECTION('ref_axis',(1.,0.,0.));
#12338=DIRECTION('center_axis',(0.,0.,1.));
#12339=DIRECTION('ref_axis',(1.,0.,0.));
#12340=DIRECTION('center_axis',(0.,0.,-1.));
#12341=DIRECTION('ref_axis',(0.,1.,0.));
#12342=DIRECTION('',(-1.,6.12323399573677E-17,1.0573645320811E-16));
#12343=DIRECTION('',(6.12323399573676E-17,1.,0.));
#12344=DIRECTION('',(-1.,6.12323399573677E-17,1.0573645320811E-16));
#12345=DIRECTION('',(-6.12323399573677E-17,-1.,-4.56563663433545E-32));
#12346=DIRECTION('center_axis',(0.,0.,-1.));
#12347=DIRECTION('ref_axis',(0.,1.,0.));
#12348=DIRECTION('',(0.550060740401084,0.835124650498003,0.));
#12349=DIRECTION('',(-0.835124650498003,0.550060740401084,0.));
#12350=DIRECTION('',(0.550060740401084,0.835124650498003,0.));
#12351=DIRECTION('center_axis',(0.,0.,1.));
#12352=DIRECTION('ref_axis',(1.,0.,0.));
#12353=DIRECTION('center_axis',(0.,0.,1.));
#12354=DIRECTION('ref_axis',(1.,0.,0.));
#12355=DIRECTION('center_axis',(0.,0.,1.));
#12356=DIRECTION('ref_axis',(1.,0.,0.));
#12357=DIRECTION('center_axis',(0.,0.,1.));
#12358=DIRECTION('ref_axis',(1.,0.,0.));
#12359=DIRECTION('center_axis',(0.,0.,1.));
#12360=DIRECTION('ref_axis',(1.,0.,0.));
#12361=DIRECTION('center_axis',(0.,0.,1.));
#12362=DIRECTION('ref_axis',(1.,0.,0.));
#12363=DIRECTION('',(0.,1.,0.));
#12364=DIRECTION('center_axis',(0.,0.,-1.));
#12365=DIRECTION('ref_axis',(1.,0.,0.));
#12366=DIRECTION('',(-1.,6.12323399573677E-17,1.0573645320811E-16));
#12367=DIRECTION('',(6.12323399573676E-17,1.,0.));
#12368=DIRECTION('',(-1.,6.12323399573677E-17,1.0573645320811E-16));
#12369=DIRECTION('center_axis',(0.,0.,-1.));
#12370=DIRECTION('ref_axis',(-1.,0.,0.));
#12371=DIRECTION('',(0.,1.,0.));
#12372=DIRECTION('center_axis',(0.,0.,-1.));
#12373=DIRECTION('ref_axis',(1.,0.,0.));
#12374=DIRECTION('center_axis',(0.,0.,1.));
#12375=DIRECTION('ref_axis',(-1.,0.,0.));
#12376=DIRECTION('center_axis',(0.,0.,-1.));
#12377=DIRECTION('ref_axis',(1.,0.,0.));
#12378=DIRECTION('center_axis',(0.,0.,1.));
#12379=DIRECTION('ref_axis',(-1.,0.,0.));
#12380=DIRECTION('center_axis',(0.,0.,-1.));
#12381=DIRECTION('ref_axis',(1.,0.,0.));
#12382=DIRECTION('center_axis',(0.,0.,1.));
#12383=DIRECTION('ref_axis',(-1.,0.,0.));
#12384=DIRECTION('center_axis',(1.,0.,0.));
#12385=DIRECTION('ref_axis',(0.,0.,-1.));
#12386=DIRECTION('',(0.,0.,-1.));
#12387=DIRECTION('',(0.,0.,1.));
#12388=DIRECTION('center_axis',(0.550060740401084,0.835124650498003,0.));
#12389=DIRECTION('ref_axis',(0.,0.,1.));
#12390=DIRECTION('',(0.,0.,1.));
#12391=DIRECTION('',(-0.835124650498003,0.550060740401084,0.));
#12392=DIRECTION('',(0.,0.,1.));
#12393=DIRECTION('',(0.835124650498003,-0.550060740401084,0.));
#12394=DIRECTION('center_axis',(0.835124650498003,-0.550060740401084,0.));
#12395=DIRECTION('ref_axis',(0.550060740401084,0.835124650498003,0.));
#12396=DIRECTION('center_axis',(0.835124650498003,-0.550060740401084,0.));
#12397=DIRECTION('ref_axis',(0.550060740401084,0.835124650498003,0.));
#12398=DIRECTION('center_axis',(0.835124650498003,-0.550060740401084,0.));
#12399=DIRECTION('ref_axis',(0.550060740401084,0.835124650498003,0.));
#12400=DIRECTION('',(0.,0.,1.));
#12401=DIRECTION('center_axis',(0.,0.,1.));
#12402=DIRECTION('ref_axis',(1.,0.,0.));
#12403=DIRECTION('',(0.,0.,1.));
#12404=DIRECTION('center_axis',(0.,0.,1.));
#12405=DIRECTION('ref_axis',(-1.,-8.31523030723645E-15,0.));
#12406=DIRECTION('',(0.,0.,1.));
#12407=DIRECTION('center_axis',(0.,0.,1.));
#12408=DIRECTION('ref_axis',(1.,0.,0.));
#12409=DIRECTION('',(0.,0.,1.));
#12410=DIRECTION('center_axis',(0.,0.,1.));
#12411=DIRECTION('ref_axis',(-1.,-3.21624529935327E-16,0.));
#12412=DIRECTION('',(0.,0.,1.));
#12413=DIRECTION('center_axis',(0.,0.,1.));
#12414=DIRECTION('ref_axis',(1.,0.,0.));
#12415=DIRECTION('',(0.,0.,1.));
#12416=DIRECTION('center_axis',(0.,0.,1.));
#12417=DIRECTION('ref_axis',(1.,0.,0.));
#12418=DIRECTION('',(0.,0.,1.));
#12419=DIRECTION('center_axis',(1.,0.,0.));
#12420=DIRECTION('ref_axis',(0.,0.,-1.));
#12421=DIRECTION('',(0.,0.,-1.));
#12422=DIRECTION('center_axis',(0.835124650498003,-0.550060740401084,0.));
#12423=DIRECTION('ref_axis',(0.550060740401084,0.835124650498003,0.));
#12424=DIRECTION('center_axis',(0.835124650498003,-0.550060740401084,0.));
#12425=DIRECTION('ref_axis',(0.550060740401084,0.835124650498003,0.));
#12426=DIRECTION('',(0.,0.,1.));
#12427=DIRECTION('center_axis',(0.835124650498003,-0.550060740401084,0.));
#12428=DIRECTION('ref_axis',(0.550060740401084,0.835124650498003,0.));
#12429=DIRECTION('center_axis',(0.,0.,1.));
#12430=DIRECTION('ref_axis',(1.,0.,0.));
#12431=DIRECTION('',(0.,0.,1.));
#12432=DIRECTION('center_axis',(0.,0.,1.));
#12433=DIRECTION('ref_axis',(-1.,1.01064309961486E-15,0.));
#12434=DIRECTION('',(0.,0.,1.));
#12435=DIRECTION('center_axis',(0.,0.,1.));
#12436=DIRECTION('ref_axis',(1.,0.,0.));
#12437=DIRECTION('',(0.,0.,1.));
#12438=DIRECTION('center_axis',(0.,0.,1.));
#12439=DIRECTION('ref_axis',(-1.,-3.21624529935327E-16,0.));
#12440=DIRECTION('',(0.,0.,1.));
#12441=DIRECTION('center_axis',(0.,0.,1.));
#12442=DIRECTION('ref_axis',(1.,0.,0.));
#12443=DIRECTION('',(0.,0.,1.));
#12444=DIRECTION('center_axis',(0.,0.,1.));
#12445=DIRECTION('ref_axis',(1.,0.,0.));
#12446=DIRECTION('center_axis',(6.12323399573677E-17,1.,0.));
#12447=DIRECTION('ref_axis',(-1.,6.12323399573677E-17,0.));
#12448=DIRECTION('',(1.,-6.12323399573677E-17,-9.9579925010296E-17));
#12449=DIRECTION('',(0.,0.,-1.));
#12450=DIRECTION('',(3.09772049281573E-16,-1.89680674308997E-32,1.));
#12451=DIRECTION('',(1.,-6.12323399573676E-17,0.));
#12452=DIRECTION('',(-1.54886024640786E-16,9.48403371544985E-33,-1.));
#12453=DIRECTION('',(0.,0.,1.));
#12454=DIRECTION('center_axis',(6.12323399573677E-17,1.,0.));
#12455=DIRECTION('ref_axis',(-1.,6.12323399573677E-17,0.));
#12456=DIRECTION('',(-1.54886024640786E-16,9.48403371544985E-33,-1.));
#12457=DIRECTION('',(1.,-6.12323399573676E-17,0.));
#12458=DIRECTION('',(3.09772049281573E-16,-1.89680674308997E-32,1.));
#12459=DIRECTION('',(0.,0.,-1.));
#12460=DIRECTION('',(-1.,6.12323399573677E-17,9.9579925010296E-17));
#12461=DIRECTION('',(0.,0.,1.));
#12462=DIRECTION('center_axis',(-1.,6.12323399573677E-17,0.));
#12463=DIRECTION('ref_axis',(-6.12323399573677E-17,-1.,0.));
#12464=DIRECTION('center_axis',(0.,0.,-1.));
#12465=DIRECTION('ref_axis',(1.,0.,0.));
#12466=DIRECTION('center_axis',(0.,0.,-1.));
#12467=DIRECTION('ref_axis',(1.,0.,0.));
#12468=DIRECTION('center_axis',(-1.,6.12323399573676E-17,3.09772049281573E-16));
#12469=DIRECTION('ref_axis',(3.09772049281573E-16,0.,1.));
#12470=DIRECTION('',(6.12323399573676E-17,1.,0.));
#12471=DIRECTION('center_axis',(0.,0.,1.));
#12472=DIRECTION('ref_axis',(1.,0.,0.));
#12473=DIRECTION('',(6.12323399573676E-17,1.,0.));
#12474=DIRECTION('center_axis',(1.,-6.12323399573676E-17,-1.54886024640786E-16));
#12475=DIRECTION('ref_axis',(-1.54886024640786E-16,0.,-1.));
#12476=DIRECTION('center_axis',(-7.37647066757211E-33,6.12323399573677E-17,
1.));
#12477=DIRECTION('ref_axis',(0.,-1.,6.12323399573677E-17));
#12478=DIRECTION('',(-1.,0.,0.));
#12479=DIRECTION('',(1.,0.,0.));
#12480=DIRECTION('center_axis',(1.,-6.12323399573677E-17,-9.9579925010296E-17));
#12481=DIRECTION('ref_axis',(6.12323399573677E-17,1.,-6.12323399573676E-17));
#12482=DIRECTION('center_axis',(1.,-6.12323399573677E-17,-9.9579925010296E-17));
#12483=DIRECTION('ref_axis',(6.12323399573677E-17,1.,-6.12323399573676E-17));
#12484=DIRECTION('center_axis',(0.,1.,-1.22464679914735E-16));
#12485=DIRECTION('ref_axis',(0.,1.22464679914735E-16,1.));
#12486=DIRECTION('',(1.,0.,0.));
#12487=DIRECTION('',(-1.,2.95058826702884E-32,2.4093381610789E-16));
#12488=DIRECTION('center_axis',(0.,1.,-1.22464679914735E-16));
#12489=DIRECTION('ref_axis',(0.,1.22464679914735E-16,1.));
#12490=DIRECTION('',(1.,0.,0.));
#12491=DIRECTION('',(-1.,2.95058826702884E-32,2.4093381610789E-16));
#12492=DIRECTION('center_axis',(-1.,-4.51678559602326E-49,-7.37647066757211E-33));
#12493=DIRECTION('ref_axis',(7.37647066757211E-33,-6.12323399573677E-17,
-1.));
#12494=DIRECTION('center_axis',(-1.,-4.51678559602326E-49,-7.37647066757211E-33));
#12495=DIRECTION('ref_axis',(7.37647066757211E-33,-6.12323399573677E-17,
-1.));
#12496=DIRECTION('center_axis',(0.,-0.621859213382701,-0.783129056242359));
#12497=DIRECTION('ref_axis',(1.,0.,0.));
#12498=DIRECTION('',(1.,0.,0.));
#12499=DIRECTION('',(1.,0.,0.));
#12500=DIRECTION('center_axis',(1.,0.,0.));
#12501=DIRECTION('ref_axis',(0.,0.,-1.));
#12502=DIRECTION('',(1.,0.,0.));
#12503=DIRECTION('center_axis',(0.,-0.783129056242359,0.621859213382701));
#12504=DIRECTION('ref_axis',(0.,-0.621859213382701,-0.783129056242359));
#12505=DIRECTION('center_axis',(1.,0.,0.));
#12506=DIRECTION('ref_axis',(0.,0.,-1.));
#12507=DIRECTION('',(1.,0.,0.));
#12508=DIRECTION('center_axis',(0.,-0.783129056242359,0.621859213382701));
#12509=DIRECTION('ref_axis',(0.,-0.621859213382701,-0.783129056242359));
#12510=DIRECTION('center_axis',(-4.33186914304781E-17,6.64512739485169E-17,
1.));
#12511=DIRECTION('ref_axis',(-0.546098872794208,0.837720729797762,-7.93238982692468E-17));
#12512=DIRECTION('center_axis',(0.,0.,-1.));
#12513=DIRECTION('ref_axis',(-1.,0.,0.));
#12514=DIRECTION('',(-0.997811421713834,-0.0661238738839277,-3.88298694250302E-17));
#12515=DIRECTION('center_axis',(0.,9.4690146068603E-17,1.));
#12516=DIRECTION('ref_axis',(-1.,0.,0.));
#12517=DIRECTION('',(-0.546098872794208,0.837720729797762,-7.93238982692468E-17));
#12518=DIRECTION('',(-0.837720729797762,-0.546098872794208,0.));
#12519=DIRECTION('',(0.546098872794208,-0.837720729797762,0.));
#12520=DIRECTION('center_axis',(-0.546098872794208,0.837720729797762,0.));
#12521=DIRECTION('ref_axis',(0.,0.,-1.));
#12522=DIRECTION('',(0.,0.,1.));
#12523=DIRECTION('',(-0.837720729797762,-0.546098872794208,0.));
#12524=DIRECTION('',(0.,0.,-1.));
#12525=DIRECTION('',(0.837720729797762,0.546098872794208,-5.1710182032783E-17));
#12526=DIRECTION('center_axis',(0.,9.4690146068603E-17,1.));
#12527=DIRECTION('ref_axis',(0.,-1.,9.4690146068603E-17));
#12528=DIRECTION('center_axis',(0.,9.4690146068603E-17,1.));
#12529=DIRECTION('ref_axis',(-1.,0.,0.));
#12530=DIRECTION('',(0.997811421713834,0.0661238738839276,-6.26127927669099E-18));
#12531=DIRECTION('center_axis',(0.,0.,-1.));
#12532=DIRECTION('ref_axis',(-1.,0.,0.));
#12533=DIRECTION('',(0.546098872794208,-0.837720729797762,0.));
#12534=DIRECTION('',(-0.837720729797762,-0.546098872794208,5.1710182032783E-17));
#12535=DIRECTION('',(-0.546098872794208,0.837720729797762,-7.93238982692468E-17));
#12536=DIRECTION('center_axis',(0.,0.,-1.));
#12537=DIRECTION('ref_axis',(0.985660750425836,0.168739103559245,0.));
#12538=DIRECTION('center_axis',(-0.0467566396216493,0.705559222639242,-0.707106781186548));
#12539=DIRECTION('ref_axis',(0.0467566396216493,-0.705559222639242,-0.707106781186547));
#12540=DIRECTION('',(0.,0.,-1.));
#12541=DIRECTION('center_axis',(-0.0467566396216492,0.705559222639241,0.707106781186548));
#12542=DIRECTION('ref_axis',(-0.0467566396216493,0.705559222639243,-0.707106781186547));
#12543=DIRECTION('center_axis',(-0.837720729797762,-0.546098872794208,0.));
#12544=DIRECTION('ref_axis',(0.546098872794208,-0.837720729797762,0.));
#12545=DIRECTION('center_axis',(-0.837720729797762,-0.546098872794208,0.));
#12546=DIRECTION('ref_axis',(0.546098872794208,-0.837720729797762,0.));
#12547=DIRECTION('center_axis',(-0.837720729797762,-0.546098872794208,0.));
#12548=DIRECTION('ref_axis',(0.546098872794208,-0.837720729797762,0.));
#12549=DIRECTION('center_axis',(0.,0.,-1.));
#12550=DIRECTION('ref_axis',(0.985660750425835,0.168739103559251,0.));
#12551=DIRECTION('center_axis',(-0.0467566396216493,0.705559222639242,-0.707106781186548));
#12552=DIRECTION('ref_axis',(0.0467566396216493,-0.705559222639242,-0.707106781186547));
#12553=DIRECTION('center_axis',(-0.0467566396216492,0.705559222639241,0.707106781186548));
#12554=DIRECTION('ref_axis',(-0.0467566396216494,0.705559222639243,-0.707106781186547));
#12555=DIRECTION('',(0.,0.,-1.));
#12556=DIRECTION('center_axis',(-0.837720729797762,-0.546098872794208,0.));
#12557=DIRECTION('ref_axis',(0.546098872794208,-0.837720729797762,0.));
#12558=DIRECTION('center_axis',(-0.837720729797762,-0.546098872794208,0.));
#12559=DIRECTION('ref_axis',(0.546098872794208,-0.837720729797762,0.));
#12560=DIRECTION('center_axis',(-0.837720729797762,-0.546098872794208,0.));
#12561=DIRECTION('ref_axis',(0.546098872794208,-0.837720729797762,0.));
#12562=DIRECTION('center_axis',(-1.17485641968473E-17,-1.42991818884437E-16,
-1.));
#12563=DIRECTION('ref_axis',(0.,1.,-1.42991818884437E-16));
#12564=DIRECTION('',(0.997811421713834,0.0661238738839277,-2.11780245427004E-17));
#12565=DIRECTION('center_axis',(-1.17485641968473E-17,-1.42991818884437E-16,
1.));
#12566=DIRECTION('ref_axis',(0.,-1.,-1.42991818884437E-16));
#12567=DIRECTION('',(-0.997811421713834,-0.0661238738839277,-2.11780245427004E-17));
#12568=DIRECTION('center_axis',(-0.0467566396216493,0.705559222639242,-0.707106781186548));
#12569=DIRECTION('ref_axis',(-0.997811421713834,-0.0661238738839277,-2.77555756156289E-17));
#12570=DIRECTION('',(-0.997811421713834,-0.0661238738839277,-4.2300843922875E-17));
#12571=DIRECTION('center_axis',(-0.0467566396216492,0.705559222639241,0.707106781186548));
#12572=DIRECTION('ref_axis',(0.997811421713834,0.0661238738839277,-5.55111512312578E-17));
#12573=DIRECTION('',(-0.997811421713834,-0.0661238738839276,1.32825248187272E-17));
#12574=DIRECTION('center_axis',(0.997811421713834,0.0661238738839277,3.88298694250302E-17));
#12575=DIRECTION('ref_axis',(-0.0661238738839277,0.997811421713834,-3.85185988877447E-34));
#12576=DIRECTION('center_axis',(0.997811421713834,0.0661238738839276,-6.26127927669099E-18));
#12577=DIRECTION('ref_axis',(-0.0661238738839276,0.997811421713834,-4.81482486096809E-35));
#12578=DIRECTION('center_axis',(-0.837720729797762,-0.546098872794208,0.));
#12579=DIRECTION('ref_axis',(0.546098872794208,-0.837720729797762,0.));
#12580=DIRECTION('center_axis',(0.837720729797762,0.546098872794208,-5.1710182032783E-17));
#12581=DIRECTION('ref_axis',(-0.546098872794208,0.837720729797762,0.));
#12582=DIRECTION('center_axis',(4.57996592758059E-17,9.4690146068603E-17,
1.));
#12583=DIRECTION('ref_axis',(0.,-1.,9.4690146068603E-17));
#12584=DIRECTION('center_axis',(4.57996592758059E-17,9.4690146068603E-17,
1.));
#12585=DIRECTION('ref_axis',(1.,5.76771127178113E-17,-4.57996592758059E-17));
#12586=DIRECTION('',(-0.997811421713834,0.0661238738839276,3.94381438593101E-17));
#12587=DIRECTION('center_axis',(0.,0.,-1.));
#12588=DIRECTION('ref_axis',(-1.,0.,0.));
#12589=DIRECTION('',(0.546098872794208,0.837720729797762,0.));
#12590=DIRECTION('',(-0.837720729797762,0.546098872794208,-1.3342858039766E-17));
#12591=DIRECTION('',(-0.546098872794208,-0.837720729797762,1.04335040574123E-16));
#12592=DIRECTION('center_axis',(5.69772480504667E-17,8.74036263332337E-17,
1.));
#12593=DIRECTION('ref_axis',(-0.546098872794208,-0.837720729797762,1.04335040574123E-16));
#12594=DIRECTION('center_axis',(0.,0.,-1.));
#12595=DIRECTION('ref_axis',(-1.,0.,0.));
#12596=DIRECTION('',(0.997811421713834,-0.0661238738839276,-5.10730825179212E-17));
#12597=DIRECTION('center_axis',(4.57996592758059E-17,9.4690146068603E-17,
1.));
#12598=DIRECTION('ref_axis',(1.,5.76771127178113E-17,-4.57996592758059E-17));
#12599=DIRECTION('',(-0.546098872794208,-0.837720729797762,1.04335040574123E-16));
#12600=DIRECTION('',(-0.837720729797762,0.546098872794208,-6.16297582203915E-33));
#12601=DIRECTION('',(0.546098872794208,0.837720729797762,0.));
#12602=DIRECTION('center_axis',(-0.546098872794208,-0.837720729797762,0.));
#12603=DIRECTION('ref_axis',(0.,0.,-1.));
#12604=DIRECTION('',(0.,0.,-1.));
#12605=DIRECTION('',(0.837720729797762,-0.546098872794208,1.3342858039766E-17));
#12606=DIRECTION('',(0.,0.,1.));
#12607=DIRECTION('',(-0.837720729797762,0.546098872794208,-6.16297582203915E-33));
#12608=DIRECTION('center_axis',(0.837720729797762,-0.546098872794208,0.));
#12609=DIRECTION('ref_axis',(0.546098872794208,0.837720729797762,0.));
#12610=DIRECTION('center_axis',(0.837720729797762,-0.546098872794208,0.));
#12611=DIRECTION('ref_axis',(0.546098872794208,0.837720729797762,0.));
#12612=DIRECTION('',(0.,0.,1.));
#12613=DIRECTION('center_axis',(0.837720729797762,-0.546098872794208,0.));
#12614=DIRECTION('ref_axis',(0.546098872794208,0.837720729797762,0.));
#12615=DIRECTION('center_axis',(0.,0.,-1.));
#12616=DIRECTION('ref_axis',(-1.,0.,0.));
#12617=DIRECTION('center_axis',(0.0467566396216492,0.705559222639242,-0.707106781186547));
#12618=DIRECTION('ref_axis',(-0.0467566396216492,-0.705559222639242,-0.707106781186548));
#12619=DIRECTION('center_axis',(0.0467566396216493,0.705559222639242,0.707106781186548));
#12620=DIRECTION('ref_axis',(0.0467566396216493,0.705559222639242,-0.707106781186547));
#12621=DIRECTION('center_axis',(0.837720729797762,-0.546098872794208,0.));
#12622=DIRECTION('ref_axis',(0.546098872794208,0.837720729797762,0.));
#12623=DIRECTION('center_axis',(0.837720729797762,-0.546098872794208,0.));
#12624=DIRECTION('ref_axis',(0.546098872794208,0.837720729797762,0.));
#12625=DIRECTION('center_axis',(0.837720729797762,-0.546098872794208,0.));
#12626=DIRECTION('ref_axis',(0.546098872794208,0.837720729797762,0.));
#12627=DIRECTION('',(0.,0.,-1.));
#12628=DIRECTION('center_axis',(0.,0.,-1.));
#12629=DIRECTION('ref_axis',(-1.,0.,0.));
#12630=DIRECTION('center_axis',(0.0467566396216492,0.705559222639242,-0.707106781186547));
#12631=DIRECTION('ref_axis',(-0.0467566396216492,-0.705559222639242,-0.707106781186548));
#12632=DIRECTION('center_axis',(0.0467566396216493,0.705559222639242,0.707106781186548));
#12633=DIRECTION('ref_axis',(0.0467566396216493,0.705559222639242,-0.707106781186547));
#12634=DIRECTION('center_axis',(-3.40510950789586E-17,-1.42991818884437E-16,
-1.));
#12635=DIRECTION('ref_axis',(0.,1.,-1.42991818884437E-16));
#12636=DIRECTION('',(0.997811421713834,-0.0661238738839276,-2.45213985933007E-17));
#12637=DIRECTION('center_axis',(5.75482234726532E-17,-1.42991818884437E-16,
1.));
#12638=DIRECTION('ref_axis',(0.,-1.,-1.42991818884437E-16));
#12639=DIRECTION('',(-0.997811421713834,0.0661238738839276,6.68774476787015E-17));
#12640=DIRECTION('center_axis',(0.0467566396216492,0.705559222639242,-0.707106781186547));
#12641=DIRECTION('ref_axis',(-0.997811421713834,0.0661238738839276,7.63278329429795E-17));
#12642=DIRECTION('',(-0.997811421713834,0.0661238738839276,4.64888368655452E-17));
#12643=DIRECTION('center_axis',(0.0467566396216493,0.705559222639242,0.707106781186548));
#12644=DIRECTION('ref_axis',(0.997811421713834,-0.0661238738839276,-3.46944695195361E-17));
#12645=DIRECTION('',(-0.997811421713834,0.0661238738839276,5.38486452656254E-17));
#12646=DIRECTION('center_axis',(0.997811421713834,-0.0661238738839276,-3.94381438593101E-17));
#12647=DIRECTION('ref_axis',(0.0661238738839276,0.997811421713834,0.));
#12648=DIRECTION('center_axis',(0.997811421713834,-0.0661238738839276,-5.10730825179212E-17));
#12649=DIRECTION('ref_axis',(0.0661238738839276,0.997811421713834,3.85185988877447E-34));
#12650=DIRECTION('center_axis',(-0.837720729797762,0.546098872794208,-1.3342858039766E-17));
#12651=DIRECTION('ref_axis',(-0.546098872794208,-0.837720729797762,0.));
#12652=DIRECTION('center_axis',(0.837720729797762,-0.546098872794208,6.16297582203915E-33));
#12653=DIRECTION('ref_axis',(0.546098872794208,0.837720729797762,0.));
#12654=DIRECTION('center_axis',(0.835124650498003,-0.550060740401084,0.));
#12655=DIRECTION('ref_axis',(0.550060740401084,0.835124650498003,0.));
#12656=DIRECTION('center_axis',(-0.835124650498003,0.550060740401084,0.));
#12657=DIRECTION('ref_axis',(-0.550060740401084,-0.835124650498003,0.));
#12658=DIRECTION('',(0.,0.,1.));
#12659=DIRECTION('',(1.,0.,0.));
#12660=DIRECTION('',(0.,0.,1.));
#12661=DIRECTION('',(1.,-1.66533453693774E-16,0.));
#12662=DIRECTION('',(1.,-8.39606162372775E-16,-8.44616642319479E-17));
#12663=DIRECTION('',(-8.44616642319479E-17,4.72126925705023E-17,-1.));
#12664=DIRECTION('',(-9.5896396266644E-17,2.80577028157429E-17,1.));
#12665=DIRECTION('',(1.,-1.11022302462516E-16,9.5896396266644E-17));
#12666=DIRECTION('',(-9.5896396266644E-17,2.80577028157429E-17,1.));
#12667=DIRECTION('',(1.,-1.11022302462516E-16,9.5896396266644E-17));
#12668=DIRECTION('',(0.,0.,1.));
#12669=DIRECTION('',(1.,-1.66533453693774E-16,0.));
#12670=DIRECTION('',(1.,-8.39606162372775E-16,-8.44616642319479E-17));
#12671=DIRECTION('',(-8.44616642319479E-17,4.72126925705023E-17,-1.));
#12672=DIRECTION('',(3.21648474744109E-17,1.38777878078145E-16,1.));
#12673=DIRECTION('',(1.,9.03899971383506E-18,-3.21648474744109E-17));
#12674=DIRECTION('',(-9.5896396266644E-17,2.80577028157429E-17,1.));
#12675=DIRECTION('',(1.,-1.11022302462516E-16,9.5896396266644E-17));
#12676=DIRECTION('',(0.,0.,1.));
#12677=DIRECTION('',(1.,-1.66533453693774E-16,0.));
#12678=DIRECTION('',(1.,-8.39606162372775E-16,-8.44616642319479E-17));
#12679=DIRECTION('',(-8.44616642319479E-17,4.72126925705023E-17,-1.));
#12680=CARTESIAN_POINT('',(0.,0.,0.));
#12681=CARTESIAN_POINT('',(0.,0.,0.));
#12682=CARTESIAN_POINT('Origin',(7.62,4.85,6.55));
#12683=CARTESIAN_POINT('',(2.52,4.85,4.22374898452086));
#12684=CARTESIAN_POINT('',(4.12,4.85,4.22374898452086));
#12685=CARTESIAN_POINT('',(4.12,4.85,4.22374898452086));
#12686=CARTESIAN_POINT('',(4.12,4.85,6.55));
#12687=CARTESIAN_POINT('',(4.12,4.85,6.55));
#12688=CARTESIAN_POINT('',(7.62,4.85,6.55));
#12689=CARTESIAN_POINT('',(7.62,4.85,6.55));
#12690=CARTESIAN_POINT('',(7.62,4.85,2.575));
#12691=CARTESIAN_POINT('',(7.62,4.85,6.55));
#12692=CARTESIAN_POINT('',(4.12,4.85,2.575));
#12693=CARTESIAN_POINT('',(-7.62,4.85,2.575));
#12694=CARTESIAN_POINT('',(4.12,4.85,3.275));
#12695=CARTESIAN_POINT('',(4.12,4.85,2.275));
#12696=CARTESIAN_POINT('',(2.52,4.85,3.275));
#12697=CARTESIAN_POINT('',(4.12,4.85,3.275));
#12698=CARTESIAN_POINT('',(2.52,4.85,2.575));
#12699=CARTESIAN_POINT('',(2.52,4.85,3.275));
#12700=CARTESIAN_POINT('',(-2.52,4.85,2.575));
#12701=CARTESIAN_POINT('',(-7.62,4.85,2.575));
#12702=CARTESIAN_POINT('',(-2.52,4.85,3.275));
#12703=CARTESIAN_POINT('',(-2.52,4.85,2.275));
#12704=CARTESIAN_POINT('',(-4.12,4.85,3.275));
#12705=CARTESIAN_POINT('',(-2.52,4.85,3.275));
#12706=CARTESIAN_POINT('',(-4.12,4.85,2.575));
#12707=CARTESIAN_POINT('',(-4.12,4.85,3.275));
#12708=CARTESIAN_POINT('',(-7.72,4.85,2.575));
#12709=CARTESIAN_POINT('',(-7.62,4.85,2.575));
#12710=CARTESIAN_POINT('',(-7.72,4.85,6.55));
#12711=CARTESIAN_POINT('',(-7.72,4.85,6.55));
#12712=CARTESIAN_POINT('',(-4.12,4.85,6.55));
#12713=CARTESIAN_POINT('',(7.62,4.85,6.55));
#12714=CARTESIAN_POINT('',(-4.12,4.85,4.22374898452086));
#12715=CARTESIAN_POINT('',(-4.12,4.85,6.55));
#12716=CARTESIAN_POINT('',(-2.52,4.85,4.22374898452086));
#12717=CARTESIAN_POINT('',(-2.52,4.85,4.22374898452086));
#12718=CARTESIAN_POINT('',(-2.52,4.85,6.55));
#12719=CARTESIAN_POINT('',(-2.52,4.85,6.55));
#12720=CARTESIAN_POINT('',(2.52,4.85,6.55));
#12721=CARTESIAN_POINT('',(7.62,4.85,6.55));
#12722=CARTESIAN_POINT('',(2.52,4.85,6.55));
#12723=CARTESIAN_POINT('Origin',(7.62,4.85,2.575));
#12724=CARTESIAN_POINT('',(2.52,5.15,2.275));
#12725=CARTESIAN_POINT('',(2.52,4.85,2.575));
#12726=CARTESIAN_POINT('',(1.325,5.15,2.275));
#12727=CARTESIAN_POINT('',(7.62,5.15,2.275));
#12728=CARTESIAN_POINT('',(-1.325,5.15,2.275));
#12729=CARTESIAN_POINT('',(-1.325,5.15,2.275));
#12730=CARTESIAN_POINT('',(-2.52,5.15,2.275));
#12731=CARTESIAN_POINT('',(7.62,5.15,2.275));
#12732=CARTESIAN_POINT('',(-2.52,4.85,2.575));
#12733=CARTESIAN_POINT('Origin',(-3.04,-1.25,9.4));
#12734=CARTESIAN_POINT('',(-3.04,4.45,-3.25));
#12735=CARTESIAN_POINT('',(-3.04,-0.550000000000002,-3.25));
#12736=CARTESIAN_POINT('',(-3.04,-1.25,-3.25));
#12737=CARTESIAN_POINT('',(-3.04,-0.550000000000001,6.85));
#12738=CARTESIAN_POINT('',(-3.04,-0.550000000000002,9.4));
#12739=CARTESIAN_POINT('',(-3.04,3.75,6.85));
#12740=CARTESIAN_POINT('',(-3.04,3.75,6.85));
#12741=CARTESIAN_POINT('',(-3.04,3.75,0.95));
#12742=CARTESIAN_POINT('',(-3.04,3.75,6.85));
#12743=CARTESIAN_POINT('',(-3.04,11.55,0.950000000000001));
#12744=CARTESIAN_POINT('',(-3.04,4.95,0.95));
#12745=CARTESIAN_POINT('',(-3.04,11.55,-0.399999999999999));
#12746=CARTESIAN_POINT('',(-3.04,11.55,0.950000000000001));
#12747=CARTESIAN_POINT('',(-3.04,5.65,-0.4));
#12748=CARTESIAN_POINT('',(-3.04,5.65,-0.4));
#12749=CARTESIAN_POINT('',(-3.04,5.65,-0.9));
#12750=CARTESIAN_POINT('',(-3.04,5.65,-0.9));
#12751=CARTESIAN_POINT('',(-3.04,11.55,-0.9));
#12752=CARTESIAN_POINT('',(-3.04,5.65,-0.9));
#12753=CARTESIAN_POINT('',(-3.04,11.55,-2.15));
#12754=CARTESIAN_POINT('',(-3.04,11.55,0.950000000000001));
#12755=CARTESIAN_POINT('',(-3.04,4.95,-2.15));
#12756=CARTESIAN_POINT('',(-3.04,11.55,-2.15));
#12757=CARTESIAN_POINT('',(-3.04,4.95,-2.75));
#12758=CARTESIAN_POINT('',(-3.04,4.95,0.95));
#12759=CARTESIAN_POINT('',(-3.04,7.92499999999999,0.224999999999989));
#12760=CARTESIAN_POINT('Origin',(-2.04,-1.25,-3.25));
#12761=CARTESIAN_POINT('',(-2.04,3.75,6.85));
#12762=CARTESIAN_POINT('',(-2.04,-0.550000000000001,6.85));
#12763=CARTESIAN_POINT('',(-2.04,3.75,6.85));
#12764=CARTESIAN_POINT('',(-2.04,-0.550000000000004,-3.25));
#12765=CARTESIAN_POINT('',(-2.04,-0.550000000000004,-3.25));
#12766=CARTESIAN_POINT('',(-2.04,4.45,-3.25));
#12767=CARTESIAN_POINT('',(-2.04,-1.25,-3.25));
#12768=CARTESIAN_POINT('',(-2.04,4.95,-2.75));
#12769=CARTESIAN_POINT('',(-2.04,1.6,-6.1));
#12770=CARTESIAN_POINT('',(-2.04,4.95,-2.15));
#12771=CARTESIAN_POINT('',(-2.04,4.95,-3.25));
#12772=CARTESIAN_POINT('',(-2.04,11.55,-2.15));
#12773=CARTESIAN_POINT('',(-2.04,11.55,-2.15));
#12774=CARTESIAN_POINT('',(-2.04,11.55,-0.9));
#12775=CARTESIAN_POINT('',(-2.04,11.55,-2.15));
#12776=CARTESIAN_POINT('',(-2.04,5.65,-0.9));
#12777=CARTESIAN_POINT('',(-2.04,5.65,-0.9));
#12778=CARTESIAN_POINT('',(-2.04,5.65,-0.400000000000001));
#12779=CARTESIAN_POINT('',(-2.04,5.65,-0.9));
#12780=CARTESIAN_POINT('',(-2.04,11.55,-0.4));
#12781=CARTESIAN_POINT('',(-2.04,5.65,-0.4));
#12782=CARTESIAN_POINT('',(-2.04,11.55,0.950000000000001));
#12783=CARTESIAN_POINT('',(-2.04,11.55,-2.15));
#12784=CARTESIAN_POINT('',(-2.04,3.75,0.95));
#12785=CARTESIAN_POINT('',(-2.04,4.95,0.95));
#12786=CARTESIAN_POINT('',(-2.04,3.75,-3.25));
#12787=CARTESIAN_POINT('Origin',(-3.04,-0.550000000000004,8.6));
#12788=CARTESIAN_POINT('',(-2.7141768706764,-3.65,-3.25));
#12789=CARTESIAN_POINT('',(-2.6067266909602,-4.67232017049162,-3.25));
#12790=CARTESIAN_POINT('',(-2.7141768706764,-3.65,4.45));
#12791=CARTESIAN_POINT('',(-2.71417687067641,-3.65,8.6));
#12792=CARTESIAN_POINT('',(-2.79826025888895,-2.85,7.9));
#12793=CARTESIAN_POINT('',(-2.82690537742771,-2.57745990238783,9.07532917095247));
#12794=CARTESIAN_POINT('',(-3.04000000000001,-0.550000000000002,7.9));
#12795=CARTESIAN_POINT('',(-3.04,-0.550000000000004,7.9));
#12796=CARTESIAN_POINT('',(-3.04,-0.550000000000002,9.4));
#12797=CARTESIAN_POINT('Origin',(0.,-3.65,-3.51763371517519E-16));
#12798=CARTESIAN_POINT('',(-2.3658231293236,-3.65,4.45));
#12799=CARTESIAN_POINT('',(-3.14,-3.65,4.45));
#12800=CARTESIAN_POINT('',(-2.3658231293236,-3.65,-3.25));
#12801=CARTESIAN_POINT('',(7.12,-3.65,-3.25));
#12802=CARTESIAN_POINT('',(-2.3658231293236,-3.65,8.6));
#12803=CARTESIAN_POINT('Origin',(-2.04,-0.550000000000004,8.6));
#12804=CARTESIAN_POINT('',(-2.04,-0.550000000000002,7.9));
#12805=CARTESIAN_POINT('',(-2.04,-0.549999999999998,9.4));
#12806=CARTESIAN_POINT('',(-2.28173974111106,-2.85,7.9));
#12807=CARTESIAN_POINT('',(-2.04,-0.550000000000004,7.9));
#12808=CARTESIAN_POINT('',(-2.2530946225723,-2.57745990238783,9.07532917095247));
#12809=CARTESIAN_POINT('',(-2.04,-0.550000000000003,-3.25));
#12810=CARTESIAN_POINT('Origin',(-5.08,2.07257142857141,9.4));
#12811=CARTESIAN_POINT('',(-3.14,-0.62481265567745,7.9));
#12812=CARTESIAN_POINT('Origin',(-5.08,2.07257142857141,7.9));
#12813=CARTESIAN_POINT('',(-3.14,-0.62481265567745,9.4));
#12814=CARTESIAN_POINT('',(-3.14,-0.62481265567745,9.4));
#12815=CARTESIAN_POINT('',(-7.12,-0.549999999999997,9.4));
#12816=CARTESIAN_POINT('Origin',(-5.08,2.07257142857141,9.4));
#12817=CARTESIAN_POINT('',(-7.12,-0.549999999999997,6.85));
#12818=CARTESIAN_POINT('',(-7.12,-0.549999999999997,9.4));
#12819=CARTESIAN_POINT('Origin',(-5.08,2.07257142857141,6.85));
#12820=CARTESIAN_POINT('Origin',(-7.62,0.,0.));
#12821=CARTESIAN_POINT('',(-7.62,5.15,-2.625));
#12822=CARTESIAN_POINT('',(-7.62,13.75,-2.625));
#12823=CARTESIAN_POINT('',(-7.62,5.15000000000001,-2.625));
#12824=CARTESIAN_POINT('',(-7.62,5.15,2.275));
#12825=CARTESIAN_POINT('',(-7.62,5.15,2.275));
#12826=CARTESIAN_POINT('',(-7.62,13.75,2.275));
#12827=CARTESIAN_POINT('',(-7.62,4.85,2.275));
#12828=CARTESIAN_POINT('',(-7.62,13.75,2.275));
#12829=CARTESIAN_POINT('Origin',(7.62,4.85,2.575));
#12830=CARTESIAN_POINT('',(4.12,5.15,2.275));
#12831=CARTESIAN_POINT('',(6.405,5.15,2.275));
#12832=CARTESIAN_POINT('',(3.755,5.15,2.275));
#12833=CARTESIAN_POINT('',(4.12,4.85,2.575));
#12834=CARTESIAN_POINT('',(7.62,5.15,2.275));
#12835=CARTESIAN_POINT('',(7.62,3.7125,3.7125));
#12836=CARTESIAN_POINT('',(7.62,5.15,2.275));
#12837=CARTESIAN_POINT('Origin',(2.04,-1.25,9.4));
#12838=CARTESIAN_POINT('',(2.04,4.45,-3.25));
#12839=CARTESIAN_POINT('',(2.04,-0.550000000000002,-3.25));
#12840=CARTESIAN_POINT('',(2.04,-1.25,-3.25));
#12841=CARTESIAN_POINT('',(2.04,-0.550000000000001,6.85));
#12842=CARTESIAN_POINT('',(2.04,-0.550000000000002,9.4));
#12843=CARTESIAN_POINT('',(2.04,3.75,6.85));
#12844=CARTESIAN_POINT('',(2.04,3.75,6.85));
#12845=CARTESIAN_POINT('',(2.04,3.75,0.95));
#12846=CARTESIAN_POINT('',(2.04,3.75,6.85));
#12847=CARTESIAN_POINT('',(2.04,11.55,0.950000000000001));
#12848=CARTESIAN_POINT('',(2.04,4.95,0.95));
#12849=CARTESIAN_POINT('',(2.04,11.55,-0.399999999999999));
#12850=CARTESIAN_POINT('',(2.04,11.55,0.950000000000001));
#12851=CARTESIAN_POINT('',(2.04,5.65,-0.4));
#12852=CARTESIAN_POINT('',(2.04,5.65,-0.4));
#12853=CARTESIAN_POINT('',(2.04,5.65,-0.9));
#12854=CARTESIAN_POINT('',(2.04,5.65,-0.9));
#12855=CARTESIAN_POINT('',(2.04,11.55,-0.9));
#12856=CARTESIAN_POINT('',(2.04,5.65,-0.9));
#12857=CARTESIAN_POINT('',(2.04,11.55,-2.15));
#12858=CARTESIAN_POINT('',(2.04,11.55,0.950000000000001));
#12859=CARTESIAN_POINT('',(2.04,4.95,-2.15));
#12860=CARTESIAN_POINT('',(2.04,11.55,-2.15));
#12861=CARTESIAN_POINT('',(2.04,4.95,-2.75));
#12862=CARTESIAN_POINT('',(2.04,4.95,0.95));
#12863=CARTESIAN_POINT('',(2.04,7.925,0.224999999999996));
#12864=CARTESIAN_POINT('Origin',(3.04,-1.25,-3.25));
#12865=CARTESIAN_POINT('',(3.04,3.75,6.85));
#12866=CARTESIAN_POINT('',(3.04,-0.550000000000001,6.85));
#12867=CARTESIAN_POINT('',(3.04,3.75,6.85));
#12868=CARTESIAN_POINT('',(3.04,-0.550000000000004,-3.25));
#12869=CARTESIAN_POINT('',(3.04,-0.550000000000004,-3.25));
#12870=CARTESIAN_POINT('',(3.04,4.45,-3.25));
#12871=CARTESIAN_POINT('',(3.04,-1.25,-3.25));
#12872=CARTESIAN_POINT('',(3.04,4.95,-2.75));
#12873=CARTESIAN_POINT('',(3.04,1.6,-6.1));
#12874=CARTESIAN_POINT('',(3.04,4.95,-2.15));
#12875=CARTESIAN_POINT('',(3.04,4.95,-3.25));
#12876=CARTESIAN_POINT('',(3.04,11.55,-2.15));
#12877=CARTESIAN_POINT('',(3.04,11.55,-2.15));
#12878=CARTESIAN_POINT('',(3.04,11.55,-0.9));
#12879=CARTESIAN_POINT('',(3.04,11.55,-2.15));
#12880=CARTESIAN_POINT('',(3.04,5.65,-0.9));
#12881=CARTESIAN_POINT('',(3.04,5.65,-0.9));
#12882=CARTESIAN_POINT('',(3.04,5.65,-0.400000000000001));
#12883=CARTESIAN_POINT('',(3.04,5.65,-0.9));
#12884=CARTESIAN_POINT('',(3.04,11.55,-0.4));
#12885=CARTESIAN_POINT('',(3.04,5.65,-0.4));
#12886=CARTESIAN_POINT('',(3.04,11.55,0.950000000000001));
#12887=CARTESIAN_POINT('',(3.04,11.55,-2.15));
#12888=CARTESIAN_POINT('',(3.04,3.75,0.95));
#12889=CARTESIAN_POINT('',(3.04,4.95,0.95));
#12890=CARTESIAN_POINT('',(3.04,3.75,-3.25));
#12891=CARTESIAN_POINT('Origin',(2.04,-0.550000000000004,8.6));
#12892=CARTESIAN_POINT('',(2.3658231293236,-3.65,-3.25));
#12893=CARTESIAN_POINT('',(2.41776821490366,-4.14422447581451,-3.25));
#12894=CARTESIAN_POINT('',(2.3658231293236,-3.65,4.45));
#12895=CARTESIAN_POINT('',(2.3658231293236,-3.65,8.6));
#12896=CARTESIAN_POINT('',(2.28173974111105,-2.85,7.9));
#12897=CARTESIAN_POINT('',(2.25309462257229,-2.57745990238783,9.07532917095247));
#12898=CARTESIAN_POINT('',(2.03999999999999,-0.550000000000003,7.9));
#12899=CARTESIAN_POINT('',(2.04,-0.550000000000004,7.9));
#12900=CARTESIAN_POINT('',(2.04,-0.550000000000002,9.4));
#12901=CARTESIAN_POINT('Origin',(0.,-3.65,-3.51763371517519E-16));
#12902=CARTESIAN_POINT('',(2.7141768706764,-3.65,4.45));
#12903=CARTESIAN_POINT('',(1.94,-3.65,4.45));
#12904=CARTESIAN_POINT('',(2.7141768706764,-3.65,-3.25));
#12905=CARTESIAN_POINT('',(7.12,-3.65,-3.25));
#12906=CARTESIAN_POINT('',(2.7141768706764,-3.65,8.6));
#12907=CARTESIAN_POINT('Origin',(3.04,-0.550000000000004,8.6));
#12908=CARTESIAN_POINT('',(3.04,-0.550000000000003,7.9));
#12909=CARTESIAN_POINT('',(3.04,-0.549999999999999,9.4));
#12910=CARTESIAN_POINT('',(2.79826025888894,-2.85,7.9));
#12911=CARTESIAN_POINT('',(3.04,-0.550000000000004,7.9));
#12912=CARTESIAN_POINT('',(2.8269053774277,-2.57745990238783,9.07532917095247));
#12913=CARTESIAN_POINT('',(3.04,-0.550000000000003,-3.25));
#12914=CARTESIAN_POINT('Origin',(-1.73472347597681E-15,2.07257142857141,
9.4));
#12915=CARTESIAN_POINT('',(1.94,-0.624812655677452,7.9));
#12916=CARTESIAN_POINT('Origin',(-1.73472347597681E-15,2.07257142857141,
7.9));
#12917=CARTESIAN_POINT('',(1.94,-0.624812655677453,9.4));
#12918=CARTESIAN_POINT('',(1.94,-0.624812655677453,9.4));
#12919=CARTESIAN_POINT('',(-2.04,-0.550000000000002,9.4));
#12920=CARTESIAN_POINT('Origin',(-1.73472347597681E-15,2.07257142857141,
9.4));
#12921=CARTESIAN_POINT('',(-2.04,-0.549999999999998,9.4));
#12922=CARTESIAN_POINT('Origin',(-1.73472347597681E-15,2.07257142857141,
6.85));
#12923=CARTESIAN_POINT('Origin',(7.62,-3.85,10.65));
#12924=CARTESIAN_POINT('',(7.62,4.55,10.65));
#12925=CARTESIAN_POINT('',(-7.72,4.55,10.65));
#12926=CARTESIAN_POINT('',(7.62,4.55,10.65));
#12927=CARTESIAN_POINT('',(-7.72,-3.85,10.65));
#12928=CARTESIAN_POINT('',(-7.72,-3.85,10.65));
#12929=CARTESIAN_POINT('',(7.62,-3.85,10.65));
#12930=CARTESIAN_POINT('',(7.62,-3.85,10.65));
#12931=CARTESIAN_POINT('',(7.62,-3.85,10.65));
#12932=CARTESIAN_POINT('',(6.08,-3.05,10.65));
#12933=CARTESIAN_POINT('',(4.08,-3.05,10.65));
#12934=CARTESIAN_POINT('',(6.08,-3.05,10.65));
#12935=CARTESIAN_POINT('',(4.08,-2.05,10.65));
#12936=CARTESIAN_POINT('',(4.08,-3.05,10.65));
#12937=CARTESIAN_POINT('',(6.08,-2.05,10.65));
#12938=CARTESIAN_POINT('',(4.08,-2.05,10.65));
#12939=CARTESIAN_POINT('',(6.08,-2.05,10.65));
#12940=CARTESIAN_POINT('',(0.999999999999997,-3.05,10.65));
#12941=CARTESIAN_POINT('',(-1.,-3.05,10.65));
#12942=CARTESIAN_POINT('',(0.999999999999997,-3.05,10.65));
#12943=CARTESIAN_POINT('',(-1.,-2.05,10.65));
#12944=CARTESIAN_POINT('',(-1.,-3.05,10.65));
#12945=CARTESIAN_POINT('',(0.999999999999997,-2.05,10.65));
#12946=CARTESIAN_POINT('',(-1.,-2.05,10.65));
#12947=CARTESIAN_POINT('',(0.999999999999997,-2.05,10.65));
#12948=CARTESIAN_POINT('',(-4.08,-3.05,10.65));
#12949=CARTESIAN_POINT('',(-6.08,-3.05,10.65));
#12950=CARTESIAN_POINT('',(-4.08,-3.05,10.65));
#12951=CARTESIAN_POINT('',(-6.08,-2.05,10.65));
#12952=CARTESIAN_POINT('',(-6.08,-3.05,10.65));
#12953=CARTESIAN_POINT('',(-4.08,-2.05,10.65));
#12954=CARTESIAN_POINT('',(-6.08,-2.05,10.65));
#12955=CARTESIAN_POINT('',(-4.08,-2.05,10.65));
#12956=CARTESIAN_POINT('',(-6.98,1.04999999999999,10.65));
#12957=CARTESIAN_POINT('Origin',(-5.08,1.04999999999999,10.65));
#12958=CARTESIAN_POINT('',(-1.9,1.04999999999999,10.65));
#12959=CARTESIAN_POINT('Origin',(-1.73472347597681E-15,1.04999999999999,
10.65));
#12960=CARTESIAN_POINT('',(3.18,1.04999999999999,10.65));
#12961=CARTESIAN_POINT('Origin',(5.08,1.04999999999999,10.65));
#12962=CARTESIAN_POINT('Origin',(7.62,4.45,-4.45));
#12963=CARTESIAN_POINT('',(7.62,-4.45,-4.45));
#12964=CARTESIAN_POINT('',(-7.72,-4.45,-4.45));
#12965=CARTESIAN_POINT('',(7.62,-4.45,-4.45));
#12966=CARTESIAN_POINT('',(-7.72,4.45,-4.45));
#12967=CARTESIAN_POINT('',(-7.72,4.45,-4.45));
#12968=CARTESIAN_POINT('',(7.62,4.45,-4.45));
#12969=CARTESIAN_POINT('',(7.62,4.45,-4.45));
#12970=CARTESIAN_POINT('',(7.62,4.45,-4.45));
#12971=CARTESIAN_POINT('',(6.08,-2.05,-4.45));
#12972=CARTESIAN_POINT('',(4.08,-2.05,-4.45));
#12973=CARTESIAN_POINT('',(7.62,-2.05,-4.45));
#12974=CARTESIAN_POINT('',(4.08,-3.05,-4.45));
#12975=CARTESIAN_POINT('',(4.08,4.45,-4.45));
#12976=CARTESIAN_POINT('',(6.08,-3.05,-4.45));
#12977=CARTESIAN_POINT('',(7.62,-3.05,-4.45));
#12978=CARTESIAN_POINT('',(6.08,4.45,-4.45));
#12979=CARTESIAN_POINT('',(0.999999999999997,-2.05,-4.45));
#12980=CARTESIAN_POINT('',(-1.,-2.05,-4.45));
#12981=CARTESIAN_POINT('',(7.62,-2.05,-4.45));
#12982=CARTESIAN_POINT('',(-1.,-3.05,-4.45));
#12983=CARTESIAN_POINT('',(-1.,4.45,-4.45));
#12984=CARTESIAN_POINT('',(0.999999999999997,-3.05,-4.45));
#12985=CARTESIAN_POINT('',(7.62,-3.05,-4.45));
#12986=CARTESIAN_POINT('',(0.999999999999997,4.45,-4.45));
#12987=CARTESIAN_POINT('',(-4.08,-2.05,-4.45));
#12988=CARTESIAN_POINT('',(-6.08,-2.05,-4.45));
#12989=CARTESIAN_POINT('',(7.62,-2.05,-4.45));
#12990=CARTESIAN_POINT('',(-6.08,-3.05,-4.45));
#12991=CARTESIAN_POINT('',(-6.08,4.45,-4.45));
#12992=CARTESIAN_POINT('',(-4.08,-3.05,-4.45));
#12993=CARTESIAN_POINT('',(7.62,-3.05,-4.45));
#12994=CARTESIAN_POINT('',(-4.08,4.45,-4.45));
#12995=CARTESIAN_POINT('Origin',(7.62,-3.35,9.4));
#12996=CARTESIAN_POINT('',(-3.14,-0.550000000000002,9.4));
#12997=CARTESIAN_POINT('',(-3.14,-3.35,9.4));
#12998=CARTESIAN_POINT('',(-3.14,-0.550000000000002,9.4));
#12999=CARTESIAN_POINT('',(1.94,-0.550000000000003,9.4));
#13000=CARTESIAN_POINT('',(1.94,-3.35,9.4));
#13001=CARTESIAN_POINT('',(3.04,-0.550000000000003,9.4));
#13002=CARTESIAN_POINT('',(1.94,-0.550000000000003,9.4));
#13003=CARTESIAN_POINT('',(7.12,-0.550000000000001,9.4));
#13004=CARTESIAN_POINT('Origin',(5.08,2.07257142857141,9.4));
#13005=CARTESIAN_POINT('',(7.12,-3.35,9.4));
#13006=CARTESIAN_POINT('',(7.12,-1.25,9.4));
#13007=CARTESIAN_POINT('',(7.62,-3.35,9.4));
#13008=CARTESIAN_POINT('',(7.62,-3.35,9.4));
#13009=CARTESIAN_POINT('',(7.62,-3.85,9.4));
#13010=CARTESIAN_POINT('',(7.62,-3.35,9.4));
#13011=CARTESIAN_POINT('',(-7.72,-3.85,9.4));
#13012=CARTESIAN_POINT('',(7.62,-3.85,9.4));
#13013=CARTESIAN_POINT('',(-7.72,-3.35,9.4));
#13014=CARTESIAN_POINT('',(-7.72,-3.35,9.4));
#13015=CARTESIAN_POINT('',(-7.12,-3.35,9.4));
#13016=CARTESIAN_POINT('',(7.62,-3.35,9.4));
#13017=CARTESIAN_POINT('',(-7.12,-1.25,9.4));
#13018=CARTESIAN_POINT('',(6.08,-2.05,9.4));
#13019=CARTESIAN_POINT('',(4.08,-2.05,9.4));
#13020=CARTESIAN_POINT('',(7.62,-2.05,9.4));
#13021=CARTESIAN_POINT('',(4.08,-3.05,9.4));
#13022=CARTESIAN_POINT('',(4.08,-3.35,9.4));
#13023=CARTESIAN_POINT('',(6.08,-3.05,9.4));
#13024=CARTESIAN_POINT('',(7.62,-3.05,9.4));
#13025=CARTESIAN_POINT('',(6.08,-3.35,9.4));
#13026=CARTESIAN_POINT('',(0.999999999999997,-2.05,9.4));
#13027=CARTESIAN_POINT('',(-1.,-2.05,9.4));
#13028=CARTESIAN_POINT('',(7.62,-2.05,9.4));
#13029=CARTESIAN_POINT('',(-1.,-3.05,9.4));
#13030=CARTESIAN_POINT('',(-1.,-3.35,9.4));
#13031=CARTESIAN_POINT('',(0.999999999999997,-3.05,9.4));
#13032=CARTESIAN_POINT('',(7.62,-3.05,9.4));
#13033=CARTESIAN_POINT('',(0.999999999999997,-3.35,9.4));
#13034=CARTESIAN_POINT('',(-4.08,-2.05,9.4));
#13035=CARTESIAN_POINT('',(-6.08,-2.05,9.4));
#13036=CARTESIAN_POINT('',(7.62,-2.05,9.4));
#13037=CARTESIAN_POINT('',(-6.08,-3.05,9.4));
#13038=CARTESIAN_POINT('',(-6.08,-3.35,9.4));
#13039=CARTESIAN_POINT('',(-4.08,-3.05,9.4));
#13040=CARTESIAN_POINT('',(7.62,-3.05,9.4));
#13041=CARTESIAN_POINT('',(-4.08,-3.35,9.4));
#13042=CARTESIAN_POINT('Origin',(7.12,-3.65,-3.25));
#13043=CARTESIAN_POINT('',(-7.12,4.45,-3.25));
#13044=CARTESIAN_POINT('',(-7.12,4.45,-3.25));
#13045=CARTESIAN_POINT('',(-7.12,-4.45,-3.25));
#13046=CARTESIAN_POINT('',(-7.12,-3.65,-3.25));
#13047=CARTESIAN_POINT('',(7.12,-4.45,-3.25));
#13048=CARTESIAN_POINT('',(7.12,-4.45,-3.25));
#13049=CARTESIAN_POINT('',(7.12,4.45,-3.25));
#13050=CARTESIAN_POINT('',(7.12,-3.65,-3.25));
#13051=CARTESIAN_POINT('',(3.04,4.45,-3.25));
#13052=CARTESIAN_POINT('',(-2.04,4.45,-3.25));
#13053=CARTESIAN_POINT('',(6.08,-3.05,-3.25));
#13054=CARTESIAN_POINT('',(4.08,-3.05,-3.25));
#13055=CARTESIAN_POINT('',(7.12,-3.05,-3.25));
#13056=CARTESIAN_POINT('',(4.08,-2.05,-3.25));
#13057=CARTESIAN_POINT('',(4.08,-3.65,-3.25));
#13058=CARTESIAN_POINT('',(6.08,-2.05,-3.25));
#13059=CARTESIAN_POINT('',(7.12,-2.05,-3.25));
#13060=CARTESIAN_POINT('',(6.08,-3.65,-3.25));
#13061=CARTESIAN_POINT('',(0.999999999999997,-3.05,-3.25));
#13062=CARTESIAN_POINT('',(-1.,-3.05,-3.25));
#13063=CARTESIAN_POINT('',(7.12,-3.05,-3.25));
#13064=CARTESIAN_POINT('',(-1.,-2.05,-3.25));
#13065=CARTESIAN_POINT('',(-1.,-3.65,-3.25));
#13066=CARTESIAN_POINT('',(0.999999999999997,-2.05,-3.25));
#13067=CARTESIAN_POINT('',(7.12,-2.05,-3.25));
#13068=CARTESIAN_POINT('',(0.999999999999997,-3.65,-3.25));
#13069=CARTESIAN_POINT('',(-4.08,-3.05,-3.25));
#13070=CARTESIAN_POINT('',(-6.08,-3.05,-3.25));
#13071=CARTESIAN_POINT('',(7.12,-3.05,-3.25));
#13072=CARTESIAN_POINT('',(-6.08,-2.05,-3.25));
#13073=CARTESIAN_POINT('',(-6.08,-3.65,-3.25));
#13074=CARTESIAN_POINT('',(-4.08,-2.05,-3.25));
#13075=CARTESIAN_POINT('',(7.12,-2.05,-3.25));
#13076=CARTESIAN_POINT('',(-4.08,-3.65,-3.25));
#13077=CARTESIAN_POINT('Origin',(-7.12,3.75,6.85));
#13078=CARTESIAN_POINT('',(-7.12,3.75,6.85));
#13079=CARTESIAN_POINT('',(-7.12,3.75,6.85));
#13080=CARTESIAN_POINT('',(-6.42,3.75,6.85));
#13081=CARTESIAN_POINT('',(-7.12,3.75,6.85));
#13082=CARTESIAN_POINT('',(-6.42,4.45,6.85));
#13083=CARTESIAN_POINT('',(-6.42,4.45,6.85));
#13084=CARTESIAN_POINT('',(-3.74,4.45,6.85));
#13085=CARTESIAN_POINT('',(-3.74,4.45,6.85));
#13086=CARTESIAN_POINT('',(-3.74,3.75,6.85));
#13087=CARTESIAN_POINT('',(-3.74,4.45,6.85));
#13088=CARTESIAN_POINT('',(-7.12,3.75,6.85));
#13089=CARTESIAN_POINT('',(-6.33,1.04999999999999,6.85));
#13090=CARTESIAN_POINT('Origin',(-5.08,1.04999999999999,6.85));
#13091=CARTESIAN_POINT('Origin',(-5.08,1.04999999999999,7.65));
#13092=CARTESIAN_POINT('',(-6.98,1.04999999999999,7.65));
#13093=CARTESIAN_POINT('Origin',(-5.08,1.04999999999999,7.65));
#13094=CARTESIAN_POINT('',(-6.33,1.04999999999999,7.65));
#13095=CARTESIAN_POINT('Origin',(-5.08,1.04999999999999,7.65));
#13096=CARTESIAN_POINT('Origin',(7.62,13.75,2.275));
#13097=CARTESIAN_POINT('',(-2.23327114341273,13.75,-2.625));
#13098=CARTESIAN_POINT('',(-2.84672885658727,13.75,-2.625));
#13099=CARTESIAN_POINT('',(-2.23327114341273,13.75,-2.625));
#13100=CARTESIAN_POINT('',(-7.31327114341273,13.75,-2.625));
#13101=CARTESIAN_POINT('Origin',(-5.08,13.75,-0.474999999999997));
#13102=CARTESIAN_POINT('',(-7.31327114341273,13.75,-2.625));
#13103=CARTESIAN_POINT('',(-6.405,13.75,2.275));
#13104=CARTESIAN_POINT('',(7.62,13.75,2.275));
#13105=CARTESIAN_POINT('',(-6.655,13.75,1.375));
#13106=CARTESIAN_POINT('',(-6.655,13.75,1.375));
#13107=CARTESIAN_POINT('',(-3.505,13.75,1.375));
#13108=CARTESIAN_POINT('',(-3.505,13.75,1.375));
#13109=CARTESIAN_POINT('',(-3.755,13.75,2.275));
#13110=CARTESIAN_POINT('',(-3.755,13.75,2.275));
#13111=CARTESIAN_POINT('',(-1.325,13.75,2.275));
#13112=CARTESIAN_POINT('',(7.62,13.75,2.275));
#13113=CARTESIAN_POINT('',(-1.575,13.75,1.375));
#13114=CARTESIAN_POINT('',(-1.575,13.75,1.375));
#13115=CARTESIAN_POINT('',(1.575,13.75,1.375));
#13116=CARTESIAN_POINT('',(1.575,13.75,1.375));
#13117=CARTESIAN_POINT('',(1.325,13.75,2.275));
#13118=CARTESIAN_POINT('',(1.325,13.75,2.275));
#13119=CARTESIAN_POINT('',(3.755,13.75,2.275));
#13120=CARTESIAN_POINT('',(7.62,13.75,2.275));
#13121=CARTESIAN_POINT('',(3.505,13.75,1.375));
#13122=CARTESIAN_POINT('',(3.505,13.75,1.375));
#13123=CARTESIAN_POINT('',(6.655,13.75,1.375));
#13124=CARTESIAN_POINT('',(6.655,13.75,1.375));
#13125=CARTESIAN_POINT('',(6.405,13.75,2.275));
#13126=CARTESIAN_POINT('',(6.405,13.75,2.275));
#13127=CARTESIAN_POINT('',(7.62,13.75,2.275));
#13128=CARTESIAN_POINT('',(7.62,13.75,2.275));
#13129=CARTESIAN_POINT('',(7.62,13.75,-2.625));
#13130=CARTESIAN_POINT('',(7.62,13.75,2.275));
#13131=CARTESIAN_POINT('',(7.31327114341273,13.75,-2.625));
#13132=CARTESIAN_POINT('',(7.62,13.75,-2.625));
#13133=CARTESIAN_POINT('',(2.84672885658727,13.75,-2.625));
#13134=CARTESIAN_POINT('Origin',(5.08,13.75,-0.474999999999997));
#13135=CARTESIAN_POINT('',(2.23327114341273,13.75,-2.625));
#13136=CARTESIAN_POINT('',(2.84672885658727,13.75,-2.625));
#13137=CARTESIAN_POINT('Origin',(-8.67361737988404E-16,13.75,-0.474999999999997));
#13138=CARTESIAN_POINT('',(-3.73,13.75,0.725000000000006));
#13139=CARTESIAN_POINT('',(-2.54,13.75,1.32739511542808));
#13140=CARTESIAN_POINT('',(-2.54,13.75,1.32739511542808));
#13141=CARTESIAN_POINT('',(-3.73,13.75,-2.025));
#13142=CARTESIAN_POINT('Origin',(-5.08,13.75,-0.649999999999999));
#13143=CARTESIAN_POINT('',(-1.35,13.75,-2.025));
#13144=CARTESIAN_POINT('',(-1.35,13.75,-2.025));
#13145=CARTESIAN_POINT('',(-1.35,13.75,0.725000000000006));
#13146=CARTESIAN_POINT('Origin',(2.60208521396521E-15,13.75,-0.649999999999999));
#13147=CARTESIAN_POINT('',(-2.54,13.75,1.32739511542808));
#13148=CARTESIAN_POINT('',(1.35,13.75,0.725000000000006));
#13149=CARTESIAN_POINT('',(2.54,13.75,1.32739511542808));
#13150=CARTESIAN_POINT('',(2.54,13.75,1.32739511542808));
#13151=CARTESIAN_POINT('',(1.35,13.75,-2.025));
#13152=CARTESIAN_POINT('Origin',(-8.67361737988404E-16,13.75,-0.649999999999999));
#13153=CARTESIAN_POINT('',(3.73,13.75,-2.025));
#13154=CARTESIAN_POINT('',(3.73,13.75,-2.025));
#13155=CARTESIAN_POINT('',(3.73,13.75,0.725000000000006));
#13156=CARTESIAN_POINT('Origin',(5.08,13.75,-0.649999999999999));
#13157=CARTESIAN_POINT('',(2.54,13.75,1.32739511542808));
#13158=CARTESIAN_POINT('',(5.08,13.75,-2.15));
#13159=CARTESIAN_POINT('Origin',(5.08,13.75,-0.649999999999999));
#13160=CARTESIAN_POINT('',(-1.05105875786051E-15,13.75,-2.15));
#13161=CARTESIAN_POINT('Origin',(-8.67361737988404E-16,13.75,-0.649999999999999));
#13162=CARTESIAN_POINT('',(-5.08,13.75,-2.15));
#13163=CARTESIAN_POINT('Origin',(-5.08,13.75,-0.649999999999999));
#13164=CARTESIAN_POINT('Origin',(7.62,13.75,-3.575));
#13165=CARTESIAN_POINT('',(7.62,4.45,-3.575));
#13166=CARTESIAN_POINT('',(-7.72,4.45,-3.575));
#13167=CARTESIAN_POINT('',(7.62,4.45,-3.575));
#13168=CARTESIAN_POINT('',(-7.72,5.15,-3.575));
#13169=CARTESIAN_POINT('',(-7.72,5.15,-3.575));
#13170=CARTESIAN_POINT('',(-5.08,5.15000000000001,-3.575));
#13171=CARTESIAN_POINT('',(7.62,5.15000000000001,-3.575));
#13172=CARTESIAN_POINT('',(-8.67361737988404E-16,5.15000000000001,-3.575));
#13173=CARTESIAN_POINT('',(7.62,5.15000000000001,-3.575));
#13174=CARTESIAN_POINT('',(5.08,5.15000000000001,-3.575));
#13175=CARTESIAN_POINT('',(7.62,5.15000000000001,-3.575));
#13176=CARTESIAN_POINT('',(7.62,5.15000000000001,-3.575));
#13177=CARTESIAN_POINT('',(7.62,5.15000000000001,-3.575));
#13178=CARTESIAN_POINT('',(7.62,13.75,-3.575));
#13179=CARTESIAN_POINT('Origin',(7.62,4.85,2.275));
#13180=CARTESIAN_POINT('',(-3.755,5.15000000000001,2.275));
#13181=CARTESIAN_POINT('',(-3.755,5.15000000000001,2.275));
#13182=CARTESIAN_POINT('',(7.62,5.15,2.275));
#13183=CARTESIAN_POINT('',(-1.325,5.15000000000001,2.275));
#13184=CARTESIAN_POINT('Origin',(0.,11.55,1.11311423041845E-15));
#13185=CARTESIAN_POINT('',(-4.24,11.55,-0.4));
#13186=CARTESIAN_POINT('',(-3.04,11.55,-0.4));
#13187=CARTESIAN_POINT('',(-7.12,11.55,0.950000000000001));
#13188=CARTESIAN_POINT('',(-7.12,11.55,0.950000000000001));
#13189=CARTESIAN_POINT('',(-7.12,11.55,-0.4));
#13190=CARTESIAN_POINT('',(-7.12,11.55,-2.15));
#13191=CARTESIAN_POINT('',(-5.92,11.55,-0.4));
#13192=CARTESIAN_POINT('',(-7.12,11.55,-0.4));
#13193=CARTESIAN_POINT('',(-5.92,11.55,-0.899999999999999));
#13194=CARTESIAN_POINT('',(-5.92,11.55,-0.4));
#13195=CARTESIAN_POINT('',(-7.12,11.55,-0.9));
#13196=CARTESIAN_POINT('',(-5.92,11.55,-0.899999999999999));
#13197=CARTESIAN_POINT('',(-7.12,11.55,-2.15));
#13198=CARTESIAN_POINT('',(-7.12,11.55,-2.15));
#13199=CARTESIAN_POINT('',(-6.12,11.55,-2.15));
#13200=CARTESIAN_POINT('',(-6.12,11.55,-2.15));
#13201=CARTESIAN_POINT('',(-6.12,11.55,-2.75));
#13202=CARTESIAN_POINT('',(-6.12,11.55,-2.75));
#13203=CARTESIAN_POINT('',(-4.04,11.55,-2.75));
#13204=CARTESIAN_POINT('',(-4.04,11.55,-2.75));
#13205=CARTESIAN_POINT('',(-4.04,11.55,-2.15));
#13206=CARTESIAN_POINT('',(-4.04,11.55,-2.15));
#13207=CARTESIAN_POINT('',(-3.04,11.55,-2.15));
#13208=CARTESIAN_POINT('',(-4.24,11.55,-0.899999999999999));
#13209=CARTESIAN_POINT('',(-4.24,11.55,-0.899999999999999));
#13210=CARTESIAN_POINT('',(-4.24,11.55,-0.4));
#13211=CARTESIAN_POINT('',(-5.08,11.55,0.150000000000001));
#13212=CARTESIAN_POINT('Origin',(-5.08,11.55,-0.649999999999999));
#13213=CARTESIAN_POINT('Origin',(0.,4.95,4.77048955893622E-16));
#13214=CARTESIAN_POINT('',(-7.12,4.95,-2.75));
#13215=CARTESIAN_POINT('',(-7.12,4.95,-2.15));
#13216=CARTESIAN_POINT('',(-7.12,4.95,-3.25));
#13217=CARTESIAN_POINT('',(-6.12,4.95,-2.75));
#13218=CARTESIAN_POINT('',(-3.04,4.95,-2.75));
#13219=CARTESIAN_POINT('',(-6.12,4.95,-2.15));
#13220=CARTESIAN_POINT('',(-6.12,4.95,-2.75));
#13221=CARTESIAN_POINT('',(-6.12,4.95,-2.15));
#13222=CARTESIAN_POINT('Origin',(0.,4.95,4.77048955893622E-16));
#13223=CARTESIAN_POINT('',(-6.42,4.95,0.95));
#13224=CARTESIAN_POINT('',(-6.42,4.95,2.25));
#13225=CARTESIAN_POINT('',(-6.42,4.95,0.95));
#13226=CARTESIAN_POINT('',(-3.74,4.95,0.95));
#13227=CARTESIAN_POINT('',(0.,4.95,0.95));
#13228=CARTESIAN_POINT('',(-3.74,4.95,2.25));
#13229=CARTESIAN_POINT('',(-3.74,4.95,2.25));
#13230=CARTESIAN_POINT('',(-6.42,4.95,2.25));
#13231=CARTESIAN_POINT('Origin',(0.,4.95,4.77048955893622E-16));
#13232=CARTESIAN_POINT('',(-4.04,4.95,-2.15));
#13233=CARTESIAN_POINT('',(-4.04,4.95,-2.75));
#13234=CARTESIAN_POINT('',(-4.04,4.95,-2.15));
#13235=CARTESIAN_POINT('',(-3.04,4.95,-2.75));
#13236=CARTESIAN_POINT('',(-3.04,4.95,-2.15));
#13237=CARTESIAN_POINT('Origin',(0.,3.75,3.61400724161835E-16));
#13238=CARTESIAN_POINT('',(-7.12,3.75,0.95));
#13239=CARTESIAN_POINT('',(-6.42,3.75,0.95));
#13240=CARTESIAN_POINT('',(-7.12,3.75,0.95));
#13241=CARTESIAN_POINT('',(-6.42,3.75,6.85));
#13242=CARTESIAN_POINT('',(-7.12,3.75,-3.25));
#13243=CARTESIAN_POINT('Origin',(0.,3.75,3.61400724161835E-16));
#13244=CARTESIAN_POINT('',(-3.74,3.75,0.95));
#13245=CARTESIAN_POINT('',(-3.74,3.75,0.95));
#13246=CARTESIAN_POINT('',(-3.74,3.75,0.95));
#13247=CARTESIAN_POINT('Origin',(0.,4.45,4.28862192672044E-16));
#13248=CARTESIAN_POINT('',(-6.42,4.45,2.25));
#13249=CARTESIAN_POINT('',(-6.42,4.45,6.85));
#13250=CARTESIAN_POINT('',(-3.74,4.45,2.25));
#13251=CARTESIAN_POINT('',(0.,4.45,2.25));
#13252=CARTESIAN_POINT('',(-3.74,4.45,0.95));
#13253=CARTESIAN_POINT('Origin',(7.62,-4.45,4.45));
#13254=CARTESIAN_POINT('',(-7.12,-4.45,4.44999999999998));
#13255=CARTESIAN_POINT('',(-7.12,-4.45,4.45));
#13256=CARTESIAN_POINT('',(-7.72,-4.45,4.45000000000002));
#13257=CARTESIAN_POINT('',(-7.72,-3.35,9.4));
#13258=CARTESIAN_POINT('',(7.62,-4.45,4.45));
#13259=CARTESIAN_POINT('Origin',(-2.04,3.75,6.85));
#13260=CARTESIAN_POINT('',(-1.34,3.75,6.85));
#13261=CARTESIAN_POINT('',(-2.04,3.75,6.85));
#13262=CARTESIAN_POINT('',(-1.34,4.45,6.85));
#13263=CARTESIAN_POINT('',(-1.34,4.45,6.85));
#13264=CARTESIAN_POINT('',(1.34,4.45,6.85));
#13265=CARTESIAN_POINT('',(1.34,4.45,6.85));
#13266=CARTESIAN_POINT('',(1.34,3.75,6.85));
#13267=CARTESIAN_POINT('',(1.34,4.45,6.85));
#13268=CARTESIAN_POINT('',(-2.04,3.75,6.85));
#13269=CARTESIAN_POINT('',(-1.25,1.04999999999999,6.85));
#13270=CARTESIAN_POINT('Origin',(-1.73472347597681E-15,1.04999999999999,
6.85));
#13271=CARTESIAN_POINT('Origin',(-1.73472347597681E-15,1.04999999999999,
7.65));
#13272=CARTESIAN_POINT('',(-1.9,1.04999999999999,7.65));
#13273=CARTESIAN_POINT('Origin',(-1.73472347597681E-15,1.04999999999999,
7.65));
#13274=CARTESIAN_POINT('',(-1.25,1.04999999999999,7.65));
#13275=CARTESIAN_POINT('Origin',(-1.73472347597681E-15,1.04999999999999,
7.65));
#13276=CARTESIAN_POINT('Origin',(7.62,4.85,2.275));
#13277=CARTESIAN_POINT('',(1.325,5.15,2.275));
#13278=CARTESIAN_POINT('',(3.755,5.15,2.275));
#13279=CARTESIAN_POINT('',(2.52,5.15,2.275));
#13280=CARTESIAN_POINT('',(3.755,5.15000000000001,2.275));
#13281=CARTESIAN_POINT('Origin',(0.,11.55,1.11311423041845E-15));
#13282=CARTESIAN_POINT('',(0.839999999999999,11.55,-0.4));
#13283=CARTESIAN_POINT('',(2.04,11.55,-0.4));
#13284=CARTESIAN_POINT('',(-2.04,11.55,0.950000000000001));
#13285=CARTESIAN_POINT('',(-0.840000000000002,11.55,-0.4));
#13286=CARTESIAN_POINT('',(-2.04,11.55,-0.4));
#13287=CARTESIAN_POINT('',(-0.840000000000002,11.55,-0.899999999999999));
#13288=CARTESIAN_POINT('',(-0.840000000000002,11.55,-0.4));
#13289=CARTESIAN_POINT('',(-0.840000000000002,11.55,-0.899999999999999));
#13290=CARTESIAN_POINT('',(-1.04,11.55,-2.15));
#13291=CARTESIAN_POINT('',(-1.04,11.55,-2.15));
#13292=CARTESIAN_POINT('',(-1.04,11.55,-2.75));
#13293=CARTESIAN_POINT('',(-1.04,11.55,-2.75));
#13294=CARTESIAN_POINT('',(1.04,11.55,-2.75));
#13295=CARTESIAN_POINT('',(1.04,11.55,-2.75));
#13296=CARTESIAN_POINT('',(1.04,11.55,-2.15));
#13297=CARTESIAN_POINT('',(1.04,11.55,-2.15));
#13298=CARTESIAN_POINT('',(2.04,11.55,-2.15));
#13299=CARTESIAN_POINT('',(0.839999999999999,11.55,-0.899999999999999));
#13300=CARTESIAN_POINT('',(0.839999999999999,11.55,-0.899999999999999));
#13301=CARTESIAN_POINT('',(0.839999999999999,11.55,-0.4));
#13302=CARTESIAN_POINT('',(-9.65333481920192E-16,11.55,0.150000000000001));
#13303=CARTESIAN_POINT('Origin',(-8.67361737988404E-16,11.55,-0.649999999999999));
#13304=CARTESIAN_POINT('Origin',(0.,4.95,4.77048955893622E-16));
#13305=CARTESIAN_POINT('',(-1.04,4.95,-2.75));
#13306=CARTESIAN_POINT('',(2.04,4.95,-2.75));
#13307=CARTESIAN_POINT('',(-1.04,4.95,-2.15));
#13308=CARTESIAN_POINT('',(-1.04,4.95,-2.75));
#13309=CARTESIAN_POINT('',(-1.04,4.95,-2.15));
#13310=CARTESIAN_POINT('Origin',(0.,4.95,4.77048955893622E-16));
#13311=CARTESIAN_POINT('',(-1.34,4.95,0.95));
#13312=CARTESIAN_POINT('',(-1.34,4.95,2.25));
#13313=CARTESIAN_POINT('',(-1.34,4.95,0.95));
#13314=CARTESIAN_POINT('',(1.34,4.95,0.95));
#13315=CARTESIAN_POINT('',(0.,4.95,0.95));
#13316=CARTESIAN_POINT('',(1.34,4.95,2.25));
#13317=CARTESIAN_POINT('',(1.34,4.95,2.25));
#13318=CARTESIAN_POINT('',(-1.34,4.95,2.25));
#13319=CARTESIAN_POINT('Origin',(0.,4.95,4.77048955893622E-16));
#13320=CARTESIAN_POINT('',(1.04,4.95,-2.15));
#13321=CARTESIAN_POINT('',(1.04,4.95,-2.75));
#13322=CARTESIAN_POINT('',(1.04,4.95,-2.15));
#13323=CARTESIAN_POINT('',(2.04,4.95,-2.75));
#13324=CARTESIAN_POINT('',(2.04,4.95,-2.15));
#13325=CARTESIAN_POINT('Origin',(0.,3.75,3.61400724161835E-16));
#13326=CARTESIAN_POINT('',(-1.34,3.75,0.95));
#13327=CARTESIAN_POINT('',(-2.04,3.75,0.95));
#13328=CARTESIAN_POINT('',(-1.34,3.75,6.85));
#13329=CARTESIAN_POINT('Origin',(0.,3.75,3.61400724161835E-16));
#13330=CARTESIAN_POINT('',(1.34,3.75,0.95));
#13331=CARTESIAN_POINT('',(1.34,3.75,0.95));
#13332=CARTESIAN_POINT('',(1.34,3.75,0.95));
#13333=CARTESIAN_POINT('Origin',(0.,4.45,4.28862192672044E-16));
#13334=CARTESIAN_POINT('',(-1.34,4.45,2.25));
#13335=CARTESIAN_POINT('',(-1.34,4.45,6.85));
#13336=CARTESIAN_POINT('',(1.34,4.45,2.25));
#13337=CARTESIAN_POINT('',(0.,4.45,2.25));
#13338=CARTESIAN_POINT('',(1.34,4.45,0.95));
#13339=CARTESIAN_POINT('Origin',(3.04,3.75,6.85));
#13340=CARTESIAN_POINT('',(7.12,-0.550000000000001,6.85));
#13341=CARTESIAN_POINT('Origin',(5.08,2.07257142857141,6.85));
#13342=CARTESIAN_POINT('',(3.74,3.75,6.85));
#13343=CARTESIAN_POINT('',(3.04,3.75,6.85));
#13344=CARTESIAN_POINT('',(3.74,4.45,6.85));
#13345=CARTESIAN_POINT('',(3.74,4.45,6.85));
#13346=CARTESIAN_POINT('',(6.42,4.45,6.85));
#13347=CARTESIAN_POINT('',(6.42,4.45,6.85));
#13348=CARTESIAN_POINT('',(6.42,3.75,6.85));
#13349=CARTESIAN_POINT('',(6.42,4.45,6.85));
#13350=CARTESIAN_POINT('',(7.12,3.75,6.85));
#13351=CARTESIAN_POINT('',(3.04,3.75,6.85));
#13352=CARTESIAN_POINT('',(7.12,3.75,6.85));
#13353=CARTESIAN_POINT('',(3.83,1.04999999999999,6.85));
#13354=CARTESIAN_POINT('Origin',(5.08,1.04999999999999,6.85));
#13355=CARTESIAN_POINT('Origin',(5.08,1.04999999999999,7.65));
#13356=CARTESIAN_POINT('',(3.18,1.04999999999999,7.65));
#13357=CARTESIAN_POINT('Origin',(5.08,1.04999999999999,7.65));
#13358=CARTESIAN_POINT('',(3.83,1.04999999999999,7.65));
#13359=CARTESIAN_POINT('Origin',(5.08,1.04999999999999,7.65));
#13360=CARTESIAN_POINT('Origin',(7.62,0.,0.));
#13361=CARTESIAN_POINT('',(7.62,5.15000000000001,-2.625));
#13362=CARTESIAN_POINT('',(7.62,5.15000000000001,-2.625));
#13363=CARTESIAN_POINT('',(7.62,4.85,2.275));
#13364=CARTESIAN_POINT('',(7.62,4.55,7.65));
#13365=CARTESIAN_POINT('',(7.62,4.55,7.65));
#13366=CARTESIAN_POINT('',(7.62,4.55,10.65));
#13367=CARTESIAN_POINT('',(7.62,-3.85,9.4));
#13368=CARTESIAN_POINT('',(7.62,-4.45,4.45));
#13369=CARTESIAN_POINT('',(7.62,-4.45,4.45));
#13370=CARTESIAN_POINT('',(7.62,-4.45,-4.45));
#13371=CARTESIAN_POINT('',(7.62,4.45,-3.575));
#13372=CARTESIAN_POINT('',(7.62,5.15000000000001,-4.45));
#13373=CARTESIAN_POINT('Origin',(7.62,4.85,2.275));
#13374=CARTESIAN_POINT('',(6.405,5.15,2.275));
#13375=CARTESIAN_POINT('Origin',(0.,11.55,1.11311423041845E-15));
#13376=CARTESIAN_POINT('',(7.12,11.55,-0.399999999999999));
#13377=CARTESIAN_POINT('',(5.92,11.55,-0.4));
#13378=CARTESIAN_POINT('',(7.12,11.55,-0.4));
#13379=CARTESIAN_POINT('',(7.12,11.55,0.950000000000001));
#13380=CARTESIAN_POINT('',(7.12,11.55,0.950000000000001));
#13381=CARTESIAN_POINT('',(3.04,11.55,0.950000000000001));
#13382=CARTESIAN_POINT('',(4.24,11.55,-0.4));
#13383=CARTESIAN_POINT('',(3.04,11.55,-0.4));
#13384=CARTESIAN_POINT('',(4.24,11.55,-0.899999999999999));
#13385=CARTESIAN_POINT('',(4.24,11.55,-0.4));
#13386=CARTESIAN_POINT('',(4.24,11.55,-0.899999999999999));
#13387=CARTESIAN_POINT('',(4.04,11.55,-2.15));
#13388=CARTESIAN_POINT('',(4.04,11.55,-2.15));
#13389=CARTESIAN_POINT('',(4.04,11.55,-2.75));
#13390=CARTESIAN_POINT('',(4.04,11.55,-2.75));
#13391=CARTESIAN_POINT('',(6.12,11.55,-2.75));
#13392=CARTESIAN_POINT('',(6.12,11.55,-2.75));
#13393=CARTESIAN_POINT('',(6.12,11.55,-2.15));
#13394=CARTESIAN_POINT('',(6.12,11.55,-2.15));
#13395=CARTESIAN_POINT('',(7.12,11.55,-2.15));
#13396=CARTESIAN_POINT('',(7.12,11.55,-2.15));
#13397=CARTESIAN_POINT('',(7.12,11.55,-0.9));
#13398=CARTESIAN_POINT('',(7.12,11.55,0.950000000000001));
#13399=CARTESIAN_POINT('',(5.92,11.55,-0.899999999999999));
#13400=CARTESIAN_POINT('',(5.92,11.55,-0.899999999999999));
#13401=CARTESIAN_POINT('',(5.92,11.55,-0.4));
#13402=CARTESIAN_POINT('',(5.08,11.55,0.150000000000001));
#13403=CARTESIAN_POINT('Origin',(5.08,11.55,-0.649999999999999));
#13404=CARTESIAN_POINT('Origin',(7.12,-3.65,9.4));
#13405=CARTESIAN_POINT('',(7.12,-4.45,4.44999999999998));
#13406=CARTESIAN_POINT('',(7.12,-4.45,4.45));
#13407=CARTESIAN_POINT('',(7.12,-0.550000000000001,9.4));
#13408=CARTESIAN_POINT('',(7.12,3.75,0.95));
#13409=CARTESIAN_POINT('',(7.12,3.75,6.85));
#13410=CARTESIAN_POINT('',(7.12,4.95,0.95));
#13411=CARTESIAN_POINT('',(7.12,5.65,-0.4));
#13412=CARTESIAN_POINT('',(7.12,5.65,-0.4));
#13413=CARTESIAN_POINT('',(7.12,5.65,-0.9));
#13414=CARTESIAN_POINT('',(7.12,5.65,-0.9));
#13415=CARTESIAN_POINT('',(7.12,5.65,-0.9));
#13416=CARTESIAN_POINT('',(7.12,4.95,-2.15));
#13417=CARTESIAN_POINT('',(7.12,11.55,-2.15));
#13418=CARTESIAN_POINT('',(7.12,4.95,-2.75));
#13419=CARTESIAN_POINT('',(7.12,4.95,0.95));
#13420=CARTESIAN_POINT('',(7.12,6.725,-0.974999999999993));
#13421=CARTESIAN_POINT('',(7.12,-4.45,9.4));
#13422=CARTESIAN_POINT('Origin',(0.,4.95,4.77048955893622E-16));
#13423=CARTESIAN_POINT('',(4.04,4.95,-2.75));
#13424=CARTESIAN_POINT('',(7.12,4.95,-2.75));
#13425=CARTESIAN_POINT('',(4.04,4.95,-2.15));
#13426=CARTESIAN_POINT('',(4.04,4.95,-2.75));
#13427=CARTESIAN_POINT('',(4.04,4.95,-2.15));
#13428=CARTESIAN_POINT('Origin',(0.,4.95,4.77048955893622E-16));
#13429=CARTESIAN_POINT('',(3.74,4.95,0.95));
#13430=CARTESIAN_POINT('',(3.74,4.95,2.25));
#13431=CARTESIAN_POINT('',(3.74,4.95,0.95));
#13432=CARTESIAN_POINT('',(6.42,4.95,0.95));
#13433=CARTESIAN_POINT('',(0.,4.95,0.95));
#13434=CARTESIAN_POINT('',(6.42,4.95,2.25));
#13435=CARTESIAN_POINT('',(6.42,4.95,2.25));
#13436=CARTESIAN_POINT('',(3.74,4.95,2.25));
#13437=CARTESIAN_POINT('Origin',(0.,4.95,4.77048955893622E-16));
#13438=CARTESIAN_POINT('',(6.12,4.95,-2.15));
#13439=CARTESIAN_POINT('',(6.12,4.95,-2.75));
#13440=CARTESIAN_POINT('',(6.12,4.95,-2.15));
#13441=CARTESIAN_POINT('',(7.12,4.95,-2.75));
#13442=CARTESIAN_POINT('',(7.12,4.95,-2.15));
#13443=CARTESIAN_POINT('Origin',(0.,3.75,3.61400724161834E-16));
#13444=CARTESIAN_POINT('',(3.74,3.75,0.95));
#13445=CARTESIAN_POINT('',(3.04,3.75,0.95));
#13446=CARTESIAN_POINT('',(3.74,3.75,6.85));
#13447=CARTESIAN_POINT('Origin',(0.,3.75,3.61400724161834E-16));
#13448=CARTESIAN_POINT('',(6.42,3.75,0.95));
#13449=CARTESIAN_POINT('',(6.42,3.75,0.95));
#13450=CARTESIAN_POINT('',(6.42,3.75,0.95));
#13451=CARTESIAN_POINT('Origin',(0.,4.45,4.28862192672044E-16));
#13452=CARTESIAN_POINT('',(3.74,4.45,2.25));
#13453=CARTESIAN_POINT('',(3.74,4.45,6.85));
#13454=CARTESIAN_POINT('',(6.42,4.45,2.25));
#13455=CARTESIAN_POINT('',(0.,4.45,2.25));
#13456=CARTESIAN_POINT('',(6.42,4.45,0.95));
#13457=CARTESIAN_POINT('Origin',(7.62,-4.45,4.45));
#13458=CARTESIAN_POINT('',(7.62,-4.45,4.45));
#13459=CARTESIAN_POINT('Origin',(7.62,-4.45,-4.45));
#13460=CARTESIAN_POINT('',(-7.12,-4.45,-3.25));
#13461=CARTESIAN_POINT('',(-7.72,-4.45,-4.45));
#13462=CARTESIAN_POINT('Origin',(7.62,-3.85,9.4));
#13463=CARTESIAN_POINT('',(-7.72,-3.85,9.4));
#13464=CARTESIAN_POINT('Origin',(7.62,4.55,10.65));
#13465=CARTESIAN_POINT('',(-7.07,4.55,9.3));
#13466=CARTESIAN_POINT('',(7.07,4.55,9.3));
#13467=CARTESIAN_POINT('',(3.09,4.55,9.3));
#13468=CARTESIAN_POINT('',(-7.07,4.55,7.65));
#13469=CARTESIAN_POINT('',(-7.07,4.55,9.3));
#13470=CARTESIAN_POINT('',(-7.72,4.55,7.65));
#13471=CARTESIAN_POINT('',(7.62,4.55,7.65));
#13472=CARTESIAN_POINT('',(-7.72,4.55,10.65));
#13473=CARTESIAN_POINT('',(7.07,4.55,7.65));
#13474=CARTESIAN_POINT('',(7.62,4.55,7.65));
#13475=CARTESIAN_POINT('',(7.07,4.55,9.3));
#13476=CARTESIAN_POINT('Origin',(7.62,4.55,7.65));
#13477=CARTESIAN_POINT('',(-7.72,4.55,7.65));
#13478=CARTESIAN_POINT('',(7.62,4.55,7.65));
#13479=CARTESIAN_POINT('',(2.52,4.85,6.55));
#13480=CARTESIAN_POINT('',(-2.52,4.85,6.55));
#13481=CARTESIAN_POINT('Origin',(7.62,4.85,2.275));
#13482=CARTESIAN_POINT('',(-6.405,5.15,2.275));
#13483=CARTESIAN_POINT('',(-6.405,5.15000000000001,2.275));
#13484=CARTESIAN_POINT('',(7.62,5.15,2.275));
#13485=CARTESIAN_POINT('Origin',(7.62,4.45,-3.575));
#13486=CARTESIAN_POINT('',(-7.72,4.45,-3.575));
#13487=CARTESIAN_POINT('Origin',(-7.12,-3.65,-3.25));
#13488=CARTESIAN_POINT('',(-7.12,0.39999999999999,-7.3));
#13489=CARTESIAN_POINT('',(-7.12,11.55,-2.15));
#13490=CARTESIAN_POINT('',(-7.12,5.65,-0.9));
#13491=CARTESIAN_POINT('',(-7.12,5.65,-0.9));
#13492=CARTESIAN_POINT('',(-7.12,5.65,-0.400000000000001));
#13493=CARTESIAN_POINT('',(-7.12,5.65,-0.9));
#13494=CARTESIAN_POINT('',(-7.12,5.65,-0.4));
#13495=CARTESIAN_POINT('',(-7.12,4.95,0.95));
#13496=CARTESIAN_POINT('Origin',(3.74,4.45,6.85));
#13497=CARTESIAN_POINT('',(3.74,4.45,0.95));
#13498=CARTESIAN_POINT('',(3.74,4.95,2.25));
#13499=CARTESIAN_POINT('Origin',(6.42,4.45,0.95));
#13500=CARTESIAN_POINT('',(6.42,4.95,2.25));
#13501=CARTESIAN_POINT('',(6.42,4.45,0.95));
#13502=CARTESIAN_POINT('Origin',(3.04,4.95,0.95));
#13503=CARTESIAN_POINT('Origin',(3.74,4.95,2.25));
#13504=CARTESIAN_POINT('Origin',(7.12,11.55,-2.15));
#13505=CARTESIAN_POINT('',(6.12,11.55,-2.15));
#13506=CARTESIAN_POINT('Origin',(6.12,11.55,-2.15));
#13507=CARTESIAN_POINT('',(6.12,11.55,-2.75));
#13508=CARTESIAN_POINT('Origin',(6.12,11.55,-2.75));
#13509=CARTESIAN_POINT('',(6.12,4.95,-2.75));
#13510=CARTESIAN_POINT('',(4.04,11.55,-2.75));
#13511=CARTESIAN_POINT('Origin',(4.04,11.55,-2.75));
#13512=CARTESIAN_POINT('',(4.04,11.55,-2.15));
#13513=CARTESIAN_POINT('Origin',(4.04,11.55,-2.15));
#13514=CARTESIAN_POINT('Origin',(7.12,4.45,-3.25));
#13515=CARTESIAN_POINT('Origin',(5.08,39.6837448627089,-0.649999999999996));
#13516=CARTESIAN_POINT('',(5.08,11.75,-1.45));
#13517=CARTESIAN_POINT('',(5.08,11.75,0.150000000000001));
#13518=CARTESIAN_POINT('Origin',(5.08,11.75,-0.649999999999999));
#13519=CARTESIAN_POINT('Origin',(5.08,11.75,-0.649999999999999));
#13520=CARTESIAN_POINT('',(5.08,39.6837448627089,0.150000000000004));
#13521=CARTESIAN_POINT('Origin',(3.04,5.65,-0.4));
#13522=CARTESIAN_POINT('',(4.24,7.85,-0.4));
#13523=CARTESIAN_POINT('',(3.04,5.65,-0.4));
#13524=CARTESIAN_POINT('',(4.24,5.65,-0.400000000000001));
#13525=CARTESIAN_POINT('Origin',(4.24,5.65,-0.400000000000001));
#13526=CARTESIAN_POINT('',(4.24,7.85,-0.9));
#13527=CARTESIAN_POINT('',(4.24,7.85,-0.9));
#13528=CARTESIAN_POINT('',(4.24,5.65,-0.9));
#13529=CARTESIAN_POINT('Origin',(4.24,5.65,-0.9));
#13530=CARTESIAN_POINT('',(3.31515923566879,6.15445859872611,-0.9));
#13531=CARTESIAN_POINT('Origin',(7.12,5.65,-0.4));
#13532=CARTESIAN_POINT('',(5.92,7.85,-0.4));
#13533=CARTESIAN_POINT('',(5.92,5.65,-0.4));
#13534=CARTESIAN_POINT('',(7.12,5.65,-0.4));
#13535=CARTESIAN_POINT('Origin',(5.92,5.65,-0.4));
#13536=CARTESIAN_POINT('',(5.92,7.85,-0.899999999999999));
#13537=CARTESIAN_POINT('',(5.92,5.65,-0.9));
#13538=CARTESIAN_POINT('',(5.92,7.85,-0.4));
#13539=CARTESIAN_POINT('Origin',(5.92,5.65,-0.9));
#13540=CARTESIAN_POINT('',(7.12,5.65,-0.9));
#13541=CARTESIAN_POINT('Origin',(4.24,7.85,-0.4));
#13542=CARTESIAN_POINT('Origin',(7.12,5.65,5.44510424403831E-16));
#13543=CARTESIAN_POINT('Origin',(5.08,11.75,-0.65));
#13544=CARTESIAN_POINT('',(5.08,12.45,-2.15));
#13545=CARTESIAN_POINT('Origin',(5.08,12.45,-0.649999999999999));
#13546=CARTESIAN_POINT('',(5.08,11.75,-2.15));
#13547=CARTESIAN_POINT('Origin',(5.08,12.45,-0.649999999999999));
#13548=CARTESIAN_POINT('',(5.08,12.45,-2.15));
#13549=CARTESIAN_POINT('Origin',(7.62,4.85,2.575));
#13550=CARTESIAN_POINT('',(-4.12,5.15,2.275));
#13551=CARTESIAN_POINT('',(-4.12,4.85,2.575));
#13552=CARTESIAN_POINT('',(-6.405,5.15000000000001,2.275));
#13553=CARTESIAN_POINT('',(-7.72,5.15,2.275));
#13554=CARTESIAN_POINT('',(-7.72,5.15,2.275));
#13555=CARTESIAN_POINT('',(-7.72,5.15,2.275));
#13556=CARTESIAN_POINT('Origin',(6.405,5.15,2.275));
#13557=CARTESIAN_POINT('',(6.655,5.15,1.375));
#13558=CARTESIAN_POINT('',(6.655,5.15,1.375));
#13559=CARTESIAN_POINT('',(6.405,5.15,2.275));
#13560=CARTESIAN_POINT('Origin',(6.655,5.15000000000001,1.375));
#13561=CARTESIAN_POINT('',(3.505,5.15000000000001,1.375));
#13562=CARTESIAN_POINT('',(3.505,5.15000000000001,1.375));
#13563=CARTESIAN_POINT('',(6.655,5.15000000000001,1.375));
#13564=CARTESIAN_POINT('Origin',(3.505,5.15000000000001,1.375));
#13565=CARTESIAN_POINT('',(3.505,5.15000000000001,1.375));
#13566=CARTESIAN_POINT('Origin',(0.,5.15,1.52714972671463E-15));
#13567=CARTESIAN_POINT('',(2.52,5.15,3.275));
#13568=CARTESIAN_POINT('',(2.52,5.15,3.27499999999999));
#13569=CARTESIAN_POINT('',(4.12,5.15,3.275));
#13570=CARTESIAN_POINT('',(4.12,5.15,3.275));
#13571=CARTESIAN_POINT('',(4.12,5.15,2.27499999999999));
#13572=CARTESIAN_POINT('Origin',(5.08,5.15000000000001,-0.475));
#13573=CARTESIAN_POINT('',(7.31327114341273,5.15000000000001,-2.625));
#13574=CARTESIAN_POINT('Origin',(5.08,5.15000000000001,-0.475));
#13575=CARTESIAN_POINT('',(2.84672885658727,5.15000000000001,-2.625));
#13576=CARTESIAN_POINT('Origin',(5.08,5.15000000000001,-0.475));
#13577=CARTESIAN_POINT('',(2.84672885658727,5.15000000000001,-2.625));
#13578=CARTESIAN_POINT('',(7.31327114341273,5.15000000000001,-2.625));
#13579=CARTESIAN_POINT('Origin',(5.08,5.15000000000001,-0.475));
#13580=CARTESIAN_POINT('',(2.23327114341273,5.15000000000001,-2.625));
#13581=CARTESIAN_POINT('Origin',(-8.67361737988404E-16,5.15000000000001,
-0.475));
#13582=CARTESIAN_POINT('',(2.84672885658727,5.15000000000001,-2.625));
#13583=CARTESIAN_POINT('Origin',(7.62,5.15000000000001,-2.625));
#13584=CARTESIAN_POINT('',(7.62,5.15000000000001,-2.625));
#13585=CARTESIAN_POINT('Origin',(2.84672885658727,5.15000000000001,-2.625));
#13586=CARTESIAN_POINT('',(2.23327114341273,5.15000000000001,-2.625));
#13587=CARTESIAN_POINT('Origin',(5.08,5.15000000000001,-0.475));
#13588=CARTESIAN_POINT('Origin',(7.07,4.55,9.3));
#13589=CARTESIAN_POINT('',(7.07,3.45,7.65));
#13590=CARTESIAN_POINT('',(7.07,4.55,7.65));
#13591=CARTESIAN_POINT('',(7.07,3.45,9.3));
#13592=CARTESIAN_POINT('',(7.07,3.45,9.3));
#13593=CARTESIAN_POINT('',(7.07,4.55,9.3));
#13594=CARTESIAN_POINT('Origin',(7.07,3.45,9.3));
#13595=CARTESIAN_POINT('',(6.67,3.45,7.65));
#13596=CARTESIAN_POINT('',(7.07,3.45,7.65));
#13597=CARTESIAN_POINT('',(6.67,3.45,9.3));
#13598=CARTESIAN_POINT('',(6.67,3.45,9.3));
#13599=CARTESIAN_POINT('',(7.07,3.45,9.3));
#13600=CARTESIAN_POINT('Origin',(5.08,2.23678114093129,9.3));
#13601=CARTESIAN_POINT('',(3.49,3.45,7.65));
#13602=CARTESIAN_POINT('Origin',(5.08,2.23678114093129,7.65));
#13603=CARTESIAN_POINT('',(3.49,3.45,9.3));
#13604=CARTESIAN_POINT('',(3.49,3.45,9.3));
#13605=CARTESIAN_POINT('Origin',(5.08,2.23678114093129,9.3));
#13606=CARTESIAN_POINT('Origin',(3.49,3.45,9.3));
#13607=CARTESIAN_POINT('',(1.59,3.45,7.65));
#13608=CARTESIAN_POINT('',(3.49,3.45,7.65));
#13609=CARTESIAN_POINT('',(1.59,3.45,9.3));
#13610=CARTESIAN_POINT('',(1.59,3.45,9.3));
#13611=CARTESIAN_POINT('',(3.49,3.45,9.3));
#13612=CARTESIAN_POINT('Origin',(5.08,2.23678114093129,9.3));
#13613=CARTESIAN_POINT('',(-1.59,3.45,9.3));
#13614=CARTESIAN_POINT('Origin',(-1.73472347597681E-15,2.23678114093129,
9.3));
#13615=CARTESIAN_POINT('',(-3.49,3.45000000000001,9.3));
#13616=CARTESIAN_POINT('',(-1.59,3.45,9.3));
#13617=CARTESIAN_POINT('',(-6.67,3.45000000000001,9.3));
#13618=CARTESIAN_POINT('Origin',(-5.08,2.23678114093129,9.3));
#13619=CARTESIAN_POINT('',(-7.07,3.45000000000001,9.3));
#13620=CARTESIAN_POINT('',(-6.67,3.45000000000001,9.3));
#13621=CARTESIAN_POINT('',(-7.07,3.45000000000001,9.3));
#13622=CARTESIAN_POINT('Origin',(5.08,2.23678114093129,7.65));
#13623=CARTESIAN_POINT('',(-7.07,3.45000000000001,7.65));
#13624=CARTESIAN_POINT('',(-7.07,3.45000000000001,7.65));
#13625=CARTESIAN_POINT('',(-6.67,3.45000000000001,7.65));
#13626=CARTESIAN_POINT('',(-6.67,3.45000000000001,7.65));
#13627=CARTESIAN_POINT('',(-3.49,3.45000000000001,7.65));
#13628=CARTESIAN_POINT('Origin',(-5.08,2.23678114093129,7.65));
#13629=CARTESIAN_POINT('',(-1.59,3.45,7.65));
#13630=CARTESIAN_POINT('',(-1.59,3.45,7.65));
#13631=CARTESIAN_POINT('Origin',(-1.73472347597681E-15,2.23678114093129,
7.65));
#13632=CARTESIAN_POINT('Origin',(5.08,1.04999999999999,7.65));
#13633=CARTESIAN_POINT('',(3.18,1.04999999999999,7.65));
#13634=CARTESIAN_POINT('Origin',(5.08,1.04999999999999,-20.4837448627089));
#13635=CARTESIAN_POINT('',(3.83,1.04999999999999,-20.4837448627089));
#13636=CARTESIAN_POINT('Origin',(4.08,-3.05,-17.4837448627089));
#13637=CARTESIAN_POINT('',(4.08,-2.05,-17.4837448627089));
#13638=CARTESIAN_POINT('',(4.08,-3.05,-17.4837448627089));
#13639=CARTESIAN_POINT('Origin',(4.08,-2.05,-17.4837448627089));
#13640=CARTESIAN_POINT('',(6.08,-2.05,-17.4837448627089));
#13641=CARTESIAN_POINT('Origin',(6.08,-2.05,-17.4837448627089));
#13642=CARTESIAN_POINT('',(6.08,-3.05,-17.4837448627089));
#13643=CARTESIAN_POINT('Origin',(6.08,-3.05,-17.4837448627089));
#13644=CARTESIAN_POINT('Origin',(4.08,-3.05,-17.4837448627089));
#13645=CARTESIAN_POINT('',(4.08,-2.05,-17.4837448627089));
#13646=CARTESIAN_POINT('',(4.08,-3.05,-17.4837448627089));
#13647=CARTESIAN_POINT('Origin',(4.08,-2.05,-17.4837448627089));
#13648=CARTESIAN_POINT('',(6.08,-2.05,-17.4837448627089));
#13649=CARTESIAN_POINT('Origin',(6.08,-2.05,-17.4837448627089));
#13650=CARTESIAN_POINT('',(6.08,-3.05,-17.4837448627089));
#13651=CARTESIAN_POINT('Origin',(6.08,-3.05,-17.4837448627089));
#13652=CARTESIAN_POINT('Origin',(5.08,2.07257142857141,9.4));
#13653=CARTESIAN_POINT('',(3.04,-0.549999999999999,9.4));
#13654=CARTESIAN_POINT('Origin',(-1.34,4.45,6.85));
#13655=CARTESIAN_POINT('',(-1.34,4.45,0.95));
#13656=CARTESIAN_POINT('',(-1.34,4.95,2.25));
#13657=CARTESIAN_POINT('Origin',(1.34,4.45,0.95));
#13658=CARTESIAN_POINT('',(1.34,4.95,2.25));
#13659=CARTESIAN_POINT('',(1.34,4.45,0.95));
#13660=CARTESIAN_POINT('Origin',(-2.04,4.95,0.95));
#13661=CARTESIAN_POINT('Origin',(-1.34,4.95,2.25));
#13662=CARTESIAN_POINT('Origin',(2.04,11.55,-2.15));
#13663=CARTESIAN_POINT('',(1.04,11.55,-2.15));
#13664=CARTESIAN_POINT('Origin',(1.04,11.55,-2.15));
#13665=CARTESIAN_POINT('',(1.04,11.55,-2.75));
#13666=CARTESIAN_POINT('Origin',(1.04,11.55,-2.75));
#13667=CARTESIAN_POINT('',(1.04,4.95,-2.75));
#13668=CARTESIAN_POINT('',(-1.04,11.55,-2.75));
#13669=CARTESIAN_POINT('Origin',(-1.04,11.55,-2.75));
#13670=CARTESIAN_POINT('',(-1.04,11.55,-2.15));
#13671=CARTESIAN_POINT('Origin',(-1.04,11.55,-2.15));
#13672=CARTESIAN_POINT('Origin',(7.12,4.45,-3.25));
#13673=CARTESIAN_POINT('Origin',(-8.67361737988404E-16,39.6837448627089,
-0.649999999999996));
#13674=CARTESIAN_POINT('',(-8.67361737988404E-16,11.75,-1.45));
#13675=CARTESIAN_POINT('',(-9.65333481920192E-16,11.75,0.150000000000001));
#13676=CARTESIAN_POINT('Origin',(-8.67361737988404E-16,11.75,-0.649999999999999));
#13677=CARTESIAN_POINT('Origin',(-8.67361737988404E-16,11.75,-0.649999999999999));
#13678=CARTESIAN_POINT('',(-9.65333481920192E-16,39.6837448627089,0.150000000000004));
#13679=CARTESIAN_POINT('Origin',(-2.04,5.65,-0.4));
#13680=CARTESIAN_POINT('',(-0.840000000000002,7.85,-0.4));
#13681=CARTESIAN_POINT('',(-2.04,5.65,-0.4));
#13682=CARTESIAN_POINT('',(-0.840000000000002,5.65,-0.400000000000001));
#13683=CARTESIAN_POINT('Origin',(-0.840000000000002,5.65,-0.400000000000001));
#13684=CARTESIAN_POINT('',(-0.840000000000002,7.85,-0.9));
#13685=CARTESIAN_POINT('',(-0.840000000000002,7.85,-0.9));
#13686=CARTESIAN_POINT('',(-0.840000000000002,5.65,-0.9));
#13687=CARTESIAN_POINT('Origin',(-0.840000000000002,5.65,-0.9));
#13688=CARTESIAN_POINT('',(-1.76484076433121,6.15445859872611,-0.9));
#13689=CARTESIAN_POINT('Origin',(2.04,5.65,-0.4));
#13690=CARTESIAN_POINT('',(0.839999999999999,7.85,-0.4));
#13691=CARTESIAN_POINT('',(0.839999999999999,5.65,-0.4));
#13692=CARTESIAN_POINT('',(2.04,5.65,-0.4));
#13693=CARTESIAN_POINT('Origin',(0.839999999999999,5.65,-0.4));
#13694=CARTESIAN_POINT('',(0.839999999999999,7.85,-0.9));
#13695=CARTESIAN_POINT('',(0.839999999999999,5.65,-0.9));
#13696=CARTESIAN_POINT('',(0.839999999999999,7.85,-0.4));
#13697=CARTESIAN_POINT('Origin',(0.839999999999999,5.65,-0.9));
#13698=CARTESIAN_POINT('',(2.04,5.65,-0.9));
#13699=CARTESIAN_POINT('Origin',(-0.840000000000002,7.85,-0.4));
#13700=CARTESIAN_POINT('Origin',(2.04,5.65,5.44510424403831E-16));
#13701=CARTESIAN_POINT('Origin',(-8.67361737988404E-16,11.75,-0.65));
#13702=CARTESIAN_POINT('',(-8.67361737988404E-16,12.45,-2.15));
#13703=CARTESIAN_POINT('Origin',(-8.67361737988404E-16,12.45,-0.649999999999999));
#13704=CARTESIAN_POINT('',(-1.05105875786051E-15,11.75,-2.15));
#13705=CARTESIAN_POINT('Origin',(-8.67361737988404E-16,12.45,-0.649999999999999));
#13706=CARTESIAN_POINT('',(-1.05105875786051E-15,12.45,-2.15));
#13707=CARTESIAN_POINT('Origin',(1.325,5.15,2.275));
#13708=CARTESIAN_POINT('',(1.575,5.15,1.375));
#13709=CARTESIAN_POINT('',(1.575,5.15,1.375));
#13710=CARTESIAN_POINT('',(1.325,5.15,2.275));
#13711=CARTESIAN_POINT('Origin',(1.575,5.15000000000001,1.375));
#13712=CARTESIAN_POINT('',(-1.575,5.15000000000001,1.375));
#13713=CARTESIAN_POINT('',(-1.575,5.15000000000001,1.375));
#13714=CARTESIAN_POINT('',(1.575,5.15000000000001,1.375));
#13715=CARTESIAN_POINT('Origin',(-1.575,5.15000000000001,1.375));
#13716=CARTESIAN_POINT('',(-1.575,5.15000000000001,1.375));
#13717=CARTESIAN_POINT('Origin',(0.,5.15,1.52714972671463E-15));
#13718=CARTESIAN_POINT('Origin',(-8.67361737988404E-16,5.15000000000001,
-0.475));
#13719=CARTESIAN_POINT('',(-2.23327114341273,5.15000000000001,-2.625));
#13720=CARTESIAN_POINT('Origin',(-8.67361737988404E-16,5.15000000000001,
-0.475));
#13721=CARTESIAN_POINT('',(-2.23327114341273,5.15000000000001,-2.625));
#13722=CARTESIAN_POINT('Origin',(-8.67361737988404E-16,5.15000000000001,
-0.475));
#13723=CARTESIAN_POINT('',(-2.84672885658727,5.15000000000001,-2.625));
#13724=CARTESIAN_POINT('Origin',(-5.08,5.15000000000001,-0.475));
#13725=CARTESIAN_POINT('',(-2.23327114341273,5.15000000000001,-2.625));
#13726=CARTESIAN_POINT('Origin',(-2.23327114341273,5.15000000000001,-2.625));
#13727=CARTESIAN_POINT('',(-2.84672885658727,5.15000000000001,-2.625));
#13728=CARTESIAN_POINT('Origin',(-1.73472347597681E-15,2.23678114093129,
9.3));
#13729=CARTESIAN_POINT('',(-1.59,3.45,9.3));
#13730=CARTESIAN_POINT('Origin',(-1.59,3.45,9.3));
#13731=CARTESIAN_POINT('',(-3.49,3.45000000000001,9.3));
#13732=CARTESIAN_POINT('Origin',(-1.73472347597681E-15,1.04999999999999,
7.65));
#13733=CARTESIAN_POINT('',(-1.9,1.04999999999999,7.65));
#13734=CARTESIAN_POINT('Origin',(-1.73472347597681E-15,1.04999999999999,
-20.4837448627089));
#13735=CARTESIAN_POINT('',(-1.25,1.04999999999999,-20.4837448627089));
#13736=CARTESIAN_POINT('Origin',(-1.,-3.05,-17.4837448627089));
#13737=CARTESIAN_POINT('',(-1.,-2.05,-17.4837448627089));
#13738=CARTESIAN_POINT('',(-1.,-3.05,-17.4837448627089));
#13739=CARTESIAN_POINT('Origin',(-1.,-2.05,-17.4837448627089));
#13740=CARTESIAN_POINT('',(0.999999999999997,-2.05,-17.4837448627089));
#13741=CARTESIAN_POINT('Origin',(0.999999999999997,-2.05,-17.4837448627089));
#13742=CARTESIAN_POINT('',(0.999999999999997,-3.05,-17.4837448627089));
#13743=CARTESIAN_POINT('Origin',(0.999999999999997,-3.05,-17.4837448627089));
#13744=CARTESIAN_POINT('Origin',(-1.,-3.05,-17.4837448627089));
#13745=CARTESIAN_POINT('',(-1.,-2.05,-17.4837448627089));
#13746=CARTESIAN_POINT('',(-1.,-3.05,-17.4837448627089));
#13747=CARTESIAN_POINT('Origin',(-1.,-2.05,-17.4837448627089));
#13748=CARTESIAN_POINT('',(0.999999999999997,-2.05,-17.4837448627089));
#13749=CARTESIAN_POINT('Origin',(0.999999999999997,-2.05,-17.4837448627089));
#13750=CARTESIAN_POINT('',(0.999999999999997,-3.05,-17.4837448627089));
#13751=CARTESIAN_POINT('Origin',(0.999999999999997,-3.05,-17.4837448627089));
#13752=CARTESIAN_POINT('Origin',(-6.42,4.45,6.85));
#13753=CARTESIAN_POINT('',(-6.42,4.45,0.95));
#13754=CARTESIAN_POINT('',(-6.42,4.95,2.25));
#13755=CARTESIAN_POINT('Origin',(-3.74,4.45,0.95));
#13756=CARTESIAN_POINT('',(-3.74,4.95,2.25));
#13757=CARTESIAN_POINT('',(-3.74,4.45,0.95));
#13758=CARTESIAN_POINT('Origin',(-7.12,4.95,0.95));
#13759=CARTESIAN_POINT('Origin',(-6.42,4.95,2.25));
#13760=CARTESIAN_POINT('Origin',(-3.04,11.55,-2.15));
#13761=CARTESIAN_POINT('',(-4.04,11.55,-2.15));
#13762=CARTESIAN_POINT('Origin',(-4.04,11.55,-2.15));
#13763=CARTESIAN_POINT('',(-4.04,11.55,-2.75));
#13764=CARTESIAN_POINT('Origin',(-4.04,11.55,-2.75));
#13765=CARTESIAN_POINT('',(-4.04,4.95,-2.75));
#13766=CARTESIAN_POINT('',(-6.12,11.55,-2.75));
#13767=CARTESIAN_POINT('Origin',(-6.12,11.55,-2.75));
#13768=CARTESIAN_POINT('',(-6.12,11.55,-2.15));
#13769=CARTESIAN_POINT('Origin',(-6.12,11.55,-2.15));
#13770=CARTESIAN_POINT('Origin',(7.12,4.45,-3.25));
#13771=CARTESIAN_POINT('Origin',(-5.08,39.6837448627089,-0.649999999999996));
#13772=CARTESIAN_POINT('',(-5.08,11.75,-1.45));
#13773=CARTESIAN_POINT('',(-5.08,11.75,0.150000000000001));
#13774=CARTESIAN_POINT('Origin',(-5.08,11.75,-0.649999999999999));
#13775=CARTESIAN_POINT('Origin',(-5.08,11.75,-0.649999999999999));
#13776=CARTESIAN_POINT('',(-5.08,39.6837448627089,0.150000000000004));
#13777=CARTESIAN_POINT('Origin',(-7.12,5.65,-0.4));
#13778=CARTESIAN_POINT('',(-5.92,7.85,-0.4));
#13779=CARTESIAN_POINT('',(-7.12,5.65,-0.4));
#13780=CARTESIAN_POINT('',(-5.92,5.65,-0.400000000000001));
#13781=CARTESIAN_POINT('Origin',(-5.92,5.65,-0.400000000000001));
#13782=CARTESIAN_POINT('',(-5.92,7.85,-0.9));
#13783=CARTESIAN_POINT('',(-5.92,7.85,-0.9));
#13784=CARTESIAN_POINT('',(-5.92,5.65,-0.9));
#13785=CARTESIAN_POINT('Origin',(-5.92,5.65,-0.9));
#13786=CARTESIAN_POINT('',(-6.84484076433121,6.15445859872611,-0.9));
#13787=CARTESIAN_POINT('Origin',(-3.04,5.65,-0.4));
#13788=CARTESIAN_POINT('',(-4.24,7.85,-0.4));
#13789=CARTESIAN_POINT('',(-4.24,5.65,-0.4));
#13790=CARTESIAN_POINT('',(-3.04,5.65,-0.4));
#13791=CARTESIAN_POINT('Origin',(-4.24,5.65,-0.4));
#13792=CARTESIAN_POINT('',(-4.24,7.85,-0.9));
#13793=CARTESIAN_POINT('',(-4.24,5.65,-0.9));
#13794=CARTESIAN_POINT('',(-4.24,7.85,-0.4));
#13795=CARTESIAN_POINT('Origin',(-4.24,5.65,-0.9));
#13796=CARTESIAN_POINT('',(-3.04,5.65,-0.9));
#13797=CARTESIAN_POINT('Origin',(-5.92,7.85,-0.4));
#13798=CARTESIAN_POINT('Origin',(-3.04,5.65,5.44510424403831E-16));
#13799=CARTESIAN_POINT('Origin',(-5.08,11.75,-0.65));
#13800=CARTESIAN_POINT('',(-5.08,12.45,-2.15));
#13801=CARTESIAN_POINT('Origin',(-5.08,12.45,-0.649999999999999));
#13802=CARTESIAN_POINT('',(-5.08,11.75,-2.15));
#13803=CARTESIAN_POINT('Origin',(-5.08,12.45,-0.649999999999999));
#13804=CARTESIAN_POINT('',(-5.08,12.45,-2.15));
#13805=CARTESIAN_POINT('Origin',(-3.755,5.15000000000001,2.275));
#13806=CARTESIAN_POINT('',(-3.505,5.15000000000001,1.375));
#13807=CARTESIAN_POINT('',(-3.505,5.15000000000001,1.375));
#13808=CARTESIAN_POINT('',(-3.755,5.15000000000001,2.275));
#13809=CARTESIAN_POINT('Origin',(-3.505,5.15000000000001,1.375));
#13810=CARTESIAN_POINT('',(-6.655,5.15000000000001,1.375));
#13811=CARTESIAN_POINT('',(-6.655,5.15000000000001,1.375));
#13812=CARTESIAN_POINT('',(-3.505,5.15000000000001,1.375));
#13813=CARTESIAN_POINT('Origin',(-6.655,5.15000000000001,1.375));
#13814=CARTESIAN_POINT('',(-6.655,5.15000000000001,1.375));
#13815=CARTESIAN_POINT('Origin',(0.,5.15000000000001,1.52714972671463E-15));
#13816=CARTESIAN_POINT('',(-4.12,5.15,3.275));
#13817=CARTESIAN_POINT('',(-4.12,5.15,3.27499999999999));
#13818=CARTESIAN_POINT('',(-2.52,5.15,3.275));
#13819=CARTESIAN_POINT('',(-2.52,5.15,3.275));
#13820=CARTESIAN_POINT('',(-2.52,5.15,2.27499999999999));
#13821=CARTESIAN_POINT('Origin',(-5.08,5.15000000000001,-0.475));
#13822=CARTESIAN_POINT('',(-7.31327114341273,5.15000000000001,-2.625));
#13823=CARTESIAN_POINT('Origin',(-5.08,5.15000000000001,-0.475));
#13824=CARTESIAN_POINT('',(-7.31327114341273,5.15000000000001,-2.625));
#13825=CARTESIAN_POINT('Origin',(-5.08,5.15000000000001,-0.475));
#13826=CARTESIAN_POINT('',(-7.72,5.15,2.275));
#13827=CARTESIAN_POINT('',(-7.31327114341273,5.15000000000001,-2.625));
#13828=CARTESIAN_POINT('Origin',(-7.31327114341273,5.15000000000001,-2.625));
#13829=CARTESIAN_POINT('Origin',(-5.08,2.23678114093129,9.3));
#13830=CARTESIAN_POINT('',(-6.67,3.45000000000001,9.3));
#13831=CARTESIAN_POINT('Origin',(-6.67,3.45000000000001,9.3));
#13832=CARTESIAN_POINT('',(-7.07,3.45000000000001,9.3));
#13833=CARTESIAN_POINT('Origin',(-7.07,3.45000000000001,9.3));
#13834=CARTESIAN_POINT('Origin',(-5.08,1.04999999999999,7.65));
#13835=CARTESIAN_POINT('',(-6.98,1.04999999999999,7.65));
#13836=CARTESIAN_POINT('Origin',(-5.08,1.04999999999999,-20.4837448627089));
#13837=CARTESIAN_POINT('',(-6.33,1.04999999999999,-20.4837448627089));
#13838=CARTESIAN_POINT('Origin',(-6.08,-3.05,-17.4837448627089));
#13839=CARTESIAN_POINT('',(-6.08,-2.05,-17.4837448627089));
#13840=CARTESIAN_POINT('',(-6.08,-3.05,-17.4837448627089));
#13841=CARTESIAN_POINT('Origin',(-6.08,-2.05,-17.4837448627089));
#13842=CARTESIAN_POINT('',(-4.08,-2.05,-17.4837448627089));
#13843=CARTESIAN_POINT('Origin',(-4.08,-2.05,-17.4837448627089));
#13844=CARTESIAN_POINT('',(-4.08,-3.05,-17.4837448627089));
#13845=CARTESIAN_POINT('Origin',(-4.08,-3.05,-17.4837448627089));
#13846=CARTESIAN_POINT('Origin',(-6.08,-3.05,-17.4837448627089));
#13847=CARTESIAN_POINT('',(-6.08,-2.05,-17.4837448627089));
#13848=CARTESIAN_POINT('',(-6.08,-3.05,-17.4837448627089));
#13849=CARTESIAN_POINT('Origin',(-6.08,-2.05,-17.4837448627089));
#13850=CARTESIAN_POINT('',(-4.08,-2.05,-17.4837448627089));
#13851=CARTESIAN_POINT('Origin',(-4.08,-2.05,-17.4837448627089));
#13852=CARTESIAN_POINT('',(-4.08,-3.05,-17.4837448627089));
#13853=CARTESIAN_POINT('Origin',(-4.08,-3.05,-17.4837448627089));
#13854=CARTESIAN_POINT('Origin',(1.94,-0.550000000000003,9.4));
#13855=CARTESIAN_POINT('',(1.94,-0.550000000000003,7.9));
#13856=CARTESIAN_POINT('',(1.94,-0.550000000000003,7.9));
#13857=CARTESIAN_POINT('',(1.94,-0.550000000000003,7.9));
#13858=CARTESIAN_POINT('',(1.94,-0.550000000000003,9.4));
#13859=CARTESIAN_POINT('Origin',(1.94,-0.550000000000003,7.9));
#13860=CARTESIAN_POINT('',(1.94,-0.550000000000003,7.9));
#13861=CARTESIAN_POINT('Origin',(1.94,0.,0.));
#13862=CARTESIAN_POINT('Origin',(1.94,-0.550000000000003,7.9));
#13863=CARTESIAN_POINT('',(1.94,-2.85,7.9));
#13864=CARTESIAN_POINT('Origin',(1.94,-2.85,7.9));
#13865=CARTESIAN_POINT('Origin',(-2.52,32.9837448627089,2.275));
#13866=CARTESIAN_POINT('',(-2.52,32.9837448627089,3.275));
#13867=CARTESIAN_POINT('Origin',(-4.12,32.9837448627089,3.275));
#13868=CARTESIAN_POINT('',(-4.12,32.9837448627089,3.275));
#13869=CARTESIAN_POINT('Origin',(-2.52,32.9837448627089,3.275));
#13870=CARTESIAN_POINT('Origin',(-2.52,4.85,6.55));
#13871=CARTESIAN_POINT('',(-2.52,8.53021584066883,5.33155016085965));
#13872=CARTESIAN_POINT('',(-2.52,4.85,6.55));
#13873=CARTESIAN_POINT('',(-4.12,8.53021584066883,5.33155016085965));
#13874=CARTESIAN_POINT('',(-2.52,8.53021584066883,5.33155016085965));
#13875=CARTESIAN_POINT('',(-4.12,4.85,6.55));
#13876=CARTESIAN_POINT('Origin',(-2.52,8.55,5.325));
#13877=CARTESIAN_POINT('',(-4.12,8.56800873406204,5.31451176539111));
#13878=CARTESIAN_POINT('',(-4.12,10.0506534559015,4.45102376947114));
#13879=CARTESIAN_POINT('',(-4.12,8.55,5.325));
#13880=CARTESIAN_POINT('',(-2.52,8.56800873406204,5.31451176539111));
#13881=CARTESIAN_POINT('',(-2.52,8.56800873406204,5.31451176539111));
#13882=CARTESIAN_POINT('',(-2.52,10.0506534559015,4.45102376947114));
#13883=CARTESIAN_POINT('',(-2.52,8.55,5.325));
#13884=CARTESIAN_POINT('',(-2.52,10.0506534559015,4.45102376947114));
#13885=CARTESIAN_POINT('Origin',(-2.52,10.15,4.39316462965057));
#13886=CARTESIAN_POINT('',(-2.52,10.15,4.27819760879205));
#13887=CARTESIAN_POINT('',(-2.52,10.15,3.79316462965057));
#13888=CARTESIAN_POINT('',(-2.52,10.15,4.39316462965057));
#13889=CARTESIAN_POINT('',(-4.12,10.15,3.79316462965057));
#13890=CARTESIAN_POINT('',(-2.52,10.15,3.79316462965057));
#13891=CARTESIAN_POINT('',(-4.12,10.15,4.27819760879205));
#13892=CARTESIAN_POINT('',(-4.12,10.15,4.39316462965057));
#13893=CARTESIAN_POINT('',(-2.52,10.15,4.27819760879205));
#13894=CARTESIAN_POINT('Origin',(-2.52,10.15,3.59316462965057));
#13895=CARTESIAN_POINT('',(-4.12,9.95,3.59316462965057));
#13896=CARTESIAN_POINT('',(-4.12,8.55688102532074,3.59316462965057));
#13897=CARTESIAN_POINT('',(-4.12,10.15,3.59316462965057));
#13898=CARTESIAN_POINT('',(-2.52,9.95,3.59316462965057));
#13899=CARTESIAN_POINT('',(-2.52,9.95,3.59316462965057));
#13900=CARTESIAN_POINT('',(-2.52,8.55688102532074,3.59316462965057));
#13901=CARTESIAN_POINT('',(-2.52,10.15,3.59316462965057));
#13902=CARTESIAN_POINT('',(-2.52,8.55688102532074,3.59316462965057));
#13903=CARTESIAN_POINT('Origin',(-2.52,8.45,3.59316462965057));
#13904=CARTESIAN_POINT('',(-4.12,8.39060542918911,3.6820231606524));
#13905=CARTESIAN_POINT('',(-4.12,8.20087543229661,3.96587282200491));
#13906=CARTESIAN_POINT('',(-4.12,8.45,3.59316462965057));
#13907=CARTESIAN_POINT('',(-2.52,8.39060542918911,3.6820231606524));
#13908=CARTESIAN_POINT('',(-2.52,8.39060542918911,3.6820231606524));
#13909=CARTESIAN_POINT('',(-2.52,8.20087543229661,3.96587282200491));
#13910=CARTESIAN_POINT('',(-2.52,8.45,3.59316462965057));
#13911=CARTESIAN_POINT('',(-4.12,8.20087543229661,3.96587282200491));
#13912=CARTESIAN_POINT('Origin',(-2.52,8.15,4.04198611175918));
#13913=CARTESIAN_POINT('',(-4.12,8.05914108116611,4.05321996047275));
#13914=CARTESIAN_POINT('',(-4.12,5.07454124500113,4.42223759198687));
#13915=CARTESIAN_POINT('',(-4.12,8.15,4.04198611175918));
#13916=CARTESIAN_POINT('',(-2.52,8.05914108116611,4.05321996047275));
#13917=CARTESIAN_POINT('',(-2.52,8.05914108116611,4.05321996047275));
#13918=CARTESIAN_POINT('',(-2.52,5.07454124500113,4.42223759198687));
#13919=CARTESIAN_POINT('',(-2.52,8.15,4.04198611175918));
#13920=CARTESIAN_POINT('',(-4.12,5.07454124500113,4.42223759198687));
#13921=CARTESIAN_POINT('Origin',(-2.52,0.,0.));
#13922=CARTESIAN_POINT('Origin',(-2.52,9.95,3.79316462965057));
#13923=CARTESIAN_POINT('Origin',(-2.52,9.95,4.27819760879205));
#13924=CARTESIAN_POINT('Origin',(-2.52,8.4673552781605,5.14168560471202));
#13925=CARTESIAN_POINT('Origin',(-2.52,5.05,4.22374898452086));
#13926=CARTESIAN_POINT('Origin',(-2.52,8.03459983616498,3.85473135300674));
#13927=CARTESIAN_POINT('Origin',(-2.52,8.55688102532074,3.79316462965057));
#13928=CARTESIAN_POINT('Origin',(-4.12,0.,0.));
#13929=CARTESIAN_POINT('Origin',(-4.12,9.95,3.79316462965057));
#13930=CARTESIAN_POINT('Origin',(-4.12,8.55688102532074,3.79316462965057));
#13931=CARTESIAN_POINT('Origin',(-4.12,8.03459983616498,3.85473135300674));
#13932=CARTESIAN_POINT('Origin',(-4.12,5.05,4.22374898452086));
#13933=CARTESIAN_POINT('Origin',(-4.12,8.4673552781605,5.14168560471202));
#13934=CARTESIAN_POINT('Origin',(-4.12,9.95,4.27819760879205));
#13935=CARTESIAN_POINT('Origin',(-2.52,9.95,4.27819760879205));
#13936=CARTESIAN_POINT('Origin',(-2.52,5.05,4.22374898452086));
#13937=CARTESIAN_POINT('Origin',(-2.52,8.03459983616498,3.85473135300674));
#13938=CARTESIAN_POINT('Origin',(-2.52,8.55688102532074,3.79316462965057));
#13939=CARTESIAN_POINT('Origin',(-2.52,8.4673552781605,5.14168560471202));
#13940=CARTESIAN_POINT('Origin',(-2.52,9.95,3.79316462965057));
#13941=CARTESIAN_POINT('Origin',(2.54,11.95,1.32739511542808));
#13942=CARTESIAN_POINT('',(2.54,11.95,1.32739511542808));
#13943=CARTESIAN_POINT('',(2.54,11.95,1.32739511542808));
#13944=CARTESIAN_POINT('',(1.35,11.95,0.725000000000005));
#13945=CARTESIAN_POINT('',(2.54,11.95,1.32739511542808));
#13946=CARTESIAN_POINT('',(1.35,11.95,0.725000000000005));
#13947=CARTESIAN_POINT('Origin',(2.54,11.95,1.32739511542808));
#13948=CARTESIAN_POINT('',(3.73,11.95,0.725000000000005));
#13949=CARTESIAN_POINT('',(3.73,11.95,0.725000000000005));
#13950=CARTESIAN_POINT('',(2.54,11.95,1.32739511542808));
#13951=CARTESIAN_POINT('Origin',(5.08,11.95,-0.649999999999999));
#13952=CARTESIAN_POINT('',(3.73,11.95,-2.025));
#13953=CARTESIAN_POINT('',(3.73,11.95,-2.025));
#13954=CARTESIAN_POINT('Origin',(5.08,11.95,-0.649999999999999));
#13955=CARTESIAN_POINT('Origin',(3.73,11.95,-2.025));
#13956=CARTESIAN_POINT('',(1.35,11.95,-2.025));
#13957=CARTESIAN_POINT('',(1.35,11.95,-2.025));
#13958=CARTESIAN_POINT('',(3.73,11.95,-2.025));
#13959=CARTESIAN_POINT('Origin',(-8.67361737988404E-16,11.95,-0.649999999999999));
#13960=CARTESIAN_POINT('Origin',(-8.67361737988404E-16,11.95,-0.649999999999999));
#13961=CARTESIAN_POINT('Origin',(5.08,11.95,-0.649999999999999));
#13962=CARTESIAN_POINT('Origin',(-7.72,0.,0.));
#13963=CARTESIAN_POINT('Origin',(-3.14,-0.550000000000002,9.4));
#13964=CARTESIAN_POINT('',(-3.14,-0.550000000000002,7.9));
#13965=CARTESIAN_POINT('',(-3.14,-0.550000000000002,7.9));
#13966=CARTESIAN_POINT('',(-3.14,-0.550000000000002,7.9));
#13967=CARTESIAN_POINT('',(-3.14,-0.550000000000002,9.4));
#13968=CARTESIAN_POINT('Origin',(-3.14,-0.550000000000002,7.9));
#13969=CARTESIAN_POINT('',(-3.14,-0.550000000000002,7.9));
#13970=CARTESIAN_POINT('Origin',(-3.14,0.,0.));
#13971=CARTESIAN_POINT('Origin',(-3.14,-0.550000000000002,7.9));
#13972=CARTESIAN_POINT('',(-3.14,-2.85,7.9));
#13973=CARTESIAN_POINT('Origin',(-3.14,-2.85,7.9));
#13974=CARTESIAN_POINT('Origin',(-2.54,11.95,1.32739511542808));
#13975=CARTESIAN_POINT('',(-2.54,11.95,1.32739511542808));
#13976=CARTESIAN_POINT('',(-2.54,11.95,1.32739511542808));
#13977=CARTESIAN_POINT('',(-3.73,11.95,0.725000000000005));
#13978=CARTESIAN_POINT('',(-2.54,11.95,1.32739511542808));
#13979=CARTESIAN_POINT('',(-3.73,11.95,0.725000000000005));
#13980=CARTESIAN_POINT('Origin',(-2.54,11.95,1.32739511542808));
#13981=CARTESIAN_POINT('',(-1.35,11.95,0.725000000000005));
#13982=CARTESIAN_POINT('',(-1.35,11.95,0.725000000000005));
#13983=CARTESIAN_POINT('',(-2.54,11.95,1.32739511542808));
#13984=CARTESIAN_POINT('Origin',(2.60208521396521E-15,11.95,-0.649999999999999));
#13985=CARTESIAN_POINT('',(-1.35,11.95,-2.025));
#13986=CARTESIAN_POINT('',(-1.35,11.95,-2.025));
#13987=CARTESIAN_POINT('Origin',(2.60208521396521E-15,11.95,-0.649999999999999));
#13988=CARTESIAN_POINT('Origin',(-1.35,11.95,-2.025));
#13989=CARTESIAN_POINT('',(-3.73,11.95,-2.025));
#13990=CARTESIAN_POINT('',(-3.73,11.95,-2.025));
#13991=CARTESIAN_POINT('',(-1.35,11.95,-2.025));
#13992=CARTESIAN_POINT('Origin',(-5.08,11.95,-0.649999999999999));
#13993=CARTESIAN_POINT('Origin',(-5.08,11.95,-0.649999999999999));
#13994=CARTESIAN_POINT('Origin',(2.60208521396521E-15,11.95,-0.649999999999999));
#13995=CARTESIAN_POINT('Origin',(2.52,33.0380400170001,3.275));
#13996=CARTESIAN_POINT('',(2.52,33.0380400170001,3.275));
#13997=CARTESIAN_POINT('Origin',(4.12,33.0380400170001,2.275));
#13998=CARTESIAN_POINT('',(4.12,33.0380400170001,3.275));
#13999=CARTESIAN_POINT('Origin',(4.12,33.0380400170001,3.275));
#14000=CARTESIAN_POINT('Origin',(2.52,8.55,5.325));
#14001=CARTESIAN_POINT('',(4.12,8.53021584066884,5.33155016085965));
#14002=CARTESIAN_POINT('',(4.12,8.55,5.325));
#14003=CARTESIAN_POINT('',(2.52,8.53021584066884,5.33155016085965));
#14004=CARTESIAN_POINT('',(2.52,8.53021584066884,5.33155016085965));
#14005=CARTESIAN_POINT('',(2.52,8.55,5.325));
#14006=CARTESIAN_POINT('Origin',(2.52,4.85,4.45));
#14007=CARTESIAN_POINT('',(2.52,5.07454124500113,4.42223759198687));
#14008=CARTESIAN_POINT('',(2.52,8.0591410811661,4.05321996047275));
#14009=CARTESIAN_POINT('',(2.52,4.85,4.45));
#14010=CARTESIAN_POINT('',(4.12,8.0591410811661,4.05321996047275));
#14011=CARTESIAN_POINT('',(4.12,8.0591410811661,4.05321996047275));
#14012=CARTESIAN_POINT('',(4.12,5.07454124500113,4.42223759198687));
#14013=CARTESIAN_POINT('',(4.12,4.85,4.45));
#14014=CARTESIAN_POINT('',(2.52,5.07454124500113,4.42223759198687));
#14015=CARTESIAN_POINT('Origin',(2.52,8.15,4.04198611175918));
#14016=CARTESIAN_POINT('',(2.52,8.20087543229661,3.96587282200491));
#14017=CARTESIAN_POINT('',(2.52,8.39060542918911,3.6820231606524));
#14018=CARTESIAN_POINT('',(2.52,8.15,4.04198611175918));
#14019=CARTESIAN_POINT('',(4.12,8.39060542918911,3.6820231606524));
#14020=CARTESIAN_POINT('',(2.52,8.39060542918911,3.6820231606524));
#14021=CARTESIAN_POINT('',(4.12,8.20087543229661,3.96587282200491));
#14022=CARTESIAN_POINT('',(4.12,8.15,4.04198611175918));
#14023=CARTESIAN_POINT('',(2.52,8.20087543229661,3.96587282200491));
#14024=CARTESIAN_POINT('Origin',(2.52,8.45,3.59316462965057));
#14025=CARTESIAN_POINT('',(2.52,8.55688102532074,3.59316462965057));
#14026=CARTESIAN_POINT('',(2.52,9.95,3.59316462965057));
#14027=CARTESIAN_POINT('',(2.52,8.45,3.59316462965057));
#14028=CARTESIAN_POINT('',(4.12,9.95,3.59316462965057));
#14029=CARTESIAN_POINT('',(2.52,9.95,3.59316462965057));
#14030=CARTESIAN_POINT('',(4.12,8.55688102532074,3.59316462965057));
#14031=CARTESIAN_POINT('',(4.12,8.45,3.59316462965057));
#14032=CARTESIAN_POINT('',(2.52,8.55688102532074,3.59316462965057));
#14033=CARTESIAN_POINT('Origin',(2.52,10.15,3.59316462965057));
#14034=CARTESIAN_POINT('',(4.12,10.15,3.79316462965057));
#14035=CARTESIAN_POINT('',(4.12,10.15,4.27819760879205));
#14036=CARTESIAN_POINT('',(4.12,10.15,3.59316462965057));
#14037=CARTESIAN_POINT('',(2.52,10.15,3.79316462965057));
#14038=CARTESIAN_POINT('',(2.52,10.15,3.79316462965057));
#14039=CARTESIAN_POINT('',(2.52,10.15,4.27819760879205));
#14040=CARTESIAN_POINT('',(2.52,10.15,3.59316462965057));
#14041=CARTESIAN_POINT('',(2.52,10.15,4.27819760879205));
#14042=CARTESIAN_POINT('Origin',(2.52,10.15,4.39316462965057));
#14043=CARTESIAN_POINT('',(2.52,10.0506534559015,4.45102376947114));
#14044=CARTESIAN_POINT('',(2.52,8.56800873406204,5.31451176539111));
#14045=CARTESIAN_POINT('',(2.52,10.15,4.39316462965057));
#14046=CARTESIAN_POINT('',(4.12,8.56800873406204,5.31451176539111));
#14047=CARTESIAN_POINT('',(2.52,8.56800873406204,5.31451176539111));
#14048=CARTESIAN_POINT('',(4.12,10.0506534559015,4.45102376947114));
#14049=CARTESIAN_POINT('',(4.12,10.15,4.39316462965057));
#14050=CARTESIAN_POINT('',(2.52,10.0506534559015,4.45102376947114));
#14051=CARTESIAN_POINT('Origin',(2.52,0.,0.));
#14052=CARTESIAN_POINT('Origin',(2.52,9.95,3.79316462965057));
#14053=CARTESIAN_POINT('Origin',(2.52,8.55688102532074,3.79316462965057));
#14054=CARTESIAN_POINT('Origin',(2.52,8.03459983616498,3.85473135300674));
#14055=CARTESIAN_POINT('Origin',(2.52,5.05,4.22374898452086));
#14056=CARTESIAN_POINT('Origin',(2.52,8.4673552781605,5.14168560471202));
#14057=CARTESIAN_POINT('Origin',(2.52,9.95,4.27819760879205));
#14058=CARTESIAN_POINT('Origin',(4.12,0.,0.));
#14059=CARTESIAN_POINT('Origin',(4.12,9.95,3.79316462965057));
#14060=CARTESIAN_POINT('Origin',(4.12,9.95,4.27819760879205));
#14061=CARTESIAN_POINT('Origin',(4.12,8.4673552781605,5.14168560471202));
#14062=CARTESIAN_POINT('Origin',(4.12,5.05,4.22374898452086));
#14063=CARTESIAN_POINT('Origin',(4.12,8.03459983616498,3.85473135300674));
#14064=CARTESIAN_POINT('Origin',(4.12,8.55688102532074,3.79316462965057));
#14065=CARTESIAN_POINT('Origin',(2.52,9.95,4.27819760879205));
#14066=CARTESIAN_POINT('Origin',(7.62,5.05,4.22374898452086));
#14067=CARTESIAN_POINT('Origin',(2.52,8.03459983616498,3.85473135300674));
#14068=CARTESIAN_POINT('Origin',(2.52,8.55688102532074,3.79316462965057));
#14069=CARTESIAN_POINT('Origin',(2.52,8.4673552781605,5.14168560471202));
#14070=CARTESIAN_POINT('Origin',(2.52,9.95,3.79316462965057));
#14071=CARTESIAN_POINT('',(0.,0.,0.));
#14072=CARTESIAN_POINT('Origin',(1.3,-0.949999999999999,1.375));
#14073=CARTESIAN_POINT('',(-0.425000000000001,-0.574074074074074,1.025));
#14074=CARTESIAN_POINT('',(0.424999999999999,-0.574074074074074,1.025));
#14075=CARTESIAN_POINT('',(0.424999999999999,-0.574074074074074,1.025));
#14076=CARTESIAN_POINT('',(-0.425000000000001,0.5,0.0250000000000005));
#14077=CARTESIAN_POINT('',(-0.425000000000001,-10.09809575517,9.89219259964108));
#14078=CARTESIAN_POINT('',(-1.3,0.5,0.0250000000000005));
#14079=CARTESIAN_POINT('',(1.3,0.5,0.0250000000000005));
#14080=CARTESIAN_POINT('',(-1.3,-0.949999999999999,1.375));
#14081=CARTESIAN_POINT('',(-1.3,-0.949999999999999,1.375));
#14082=CARTESIAN_POINT('',(1.3,-0.949999999999999,1.375));
#14083=CARTESIAN_POINT('',(1.3,-0.949999999999999,1.375));
#14084=CARTESIAN_POINT('',(1.3,0.5,0.0250000000000005));
#14085=CARTESIAN_POINT('',(1.3,-0.949999999999999,1.375));
#14086=CARTESIAN_POINT('',(0.424999999999999,0.5,0.0250000000000005));
#14087=CARTESIAN_POINT('',(1.3,0.5,0.0250000000000005));
#14088=CARTESIAN_POINT('',(0.424999999999999,-9.59936964052036,9.42786138945));
#14089=CARTESIAN_POINT('Origin',(1.3,0.5,0.0250000000000005));
#14090=CARTESIAN_POINT('',(-0.425000000000001,1.5,0.0250000000000004));
#14091=CARTESIAN_POINT('',(-0.425000000000001,-18.3537578306979,0.0249999999999983));
#14092=CARTESIAN_POINT('',(-1.3,1.5,0.0249999999999998));
#14093=CARTESIAN_POINT('',(1.3,1.5,0.0250000000000007));
#14094=CARTESIAN_POINT('',(-1.3,0.5,0.0250000000000005));
#14095=CARTESIAN_POINT('Origin',(1.3,0.5,0.0250000000000005));
#14096=CARTESIAN_POINT('',(1.3,1.5,0.0250000000000007));
#14097=CARTESIAN_POINT('',(0.424999999999999,1.5,0.0250000000000007));
#14098=CARTESIAN_POINT('',(1.3,1.5,0.0250000000000007));
#14099=CARTESIAN_POINT('',(0.424999999999999,-18.3537578306979,0.0249999999999983));
#14100=CARTESIAN_POINT('',(1.3,0.5,0.0250000000000005));
#14101=CARTESIAN_POINT('Origin',(7.07,1.5,6.305));
#14102=CARTESIAN_POINT('',(-3.04,1.5,5.655));
#14103=CARTESIAN_POINT('',(-3.04,1.5,-6.305));
#14104=CARTESIAN_POINT('',(-3.04,1.5,5.655));
#14105=CARTESIAN_POINT('',(-7.07,1.5,-6.305));
#14106=CARTESIAN_POINT('',(7.07,1.5,-6.305));
#14107=CARTESIAN_POINT('',(-7.07,1.5,6.305));
#14108=CARTESIAN_POINT('',(-7.07,1.5,6.305));
#14109=CARTESIAN_POINT('',(7.07,1.5,6.305));
#14110=CARTESIAN_POINT('',(7.07,1.5,6.305));
#14111=CARTESIAN_POINT('',(7.07,1.5,-6.305));
#14112=CARTESIAN_POINT('',(7.07,1.5,6.305));
#14113=CARTESIAN_POINT('',(3.04,1.5,-6.305));
#14114=CARTESIAN_POINT('',(7.07,1.5,-6.305));
#14115=CARTESIAN_POINT('',(3.04,1.5,5.655));
#14116=CARTESIAN_POINT('',(3.04,1.5,-6.305));
#14117=CARTESIAN_POINT('',(2.04,1.5,5.655));
#14118=CARTESIAN_POINT('',(3.04,1.5,5.655));
#14119=CARTESIAN_POINT('',(2.04,1.5,-6.305));
#14120=CARTESIAN_POINT('',(2.04,1.5,-6.305));
#14121=CARTESIAN_POINT('',(-2.04,1.5,-6.305));
#14122=CARTESIAN_POINT('',(7.07,1.5,-6.305));
#14123=CARTESIAN_POINT('',(-2.04,1.5,5.655));
#14124=CARTESIAN_POINT('',(-2.04,1.5,5.655));
#14125=CARTESIAN_POINT('',(-3.04,1.5,5.655));
#14126=CARTESIAN_POINT('',(6.38,1.5,-4.625));
#14127=CARTESIAN_POINT('',(3.78,1.5,-4.625));
#14128=CARTESIAN_POINT('',(6.38,1.5,-4.625));
#14129=CARTESIAN_POINT('',(6.38,1.5,-1.425));
#14130=CARTESIAN_POINT('',(6.38,1.5,-4.625));
#14131=CARTESIAN_POINT('',(3.78,1.5,-1.425));
#14132=CARTESIAN_POINT('',(6.38,1.5,-1.425));
#14133=CARTESIAN_POINT('',(3.78,1.5,-4.625));
#14134=CARTESIAN_POINT('',(6.38,1.5,-0.975));
#14135=CARTESIAN_POINT('',(6.38,1.5,-0.424999999999999));
#14136=CARTESIAN_POINT('',(6.38,1.5,-0.975));
#14137=CARTESIAN_POINT('',(3.78,1.5,-0.424999999999999));
#14138=CARTESIAN_POINT('',(6.38,1.5,-0.424999999999999));
#14139=CARTESIAN_POINT('',(3.78,1.5,-0.975));
#14140=CARTESIAN_POINT('',(3.78,1.5,-0.975));
#14141=CARTESIAN_POINT('',(6.38,1.5,-0.975));
#14142=CARTESIAN_POINT('',(6.38,1.5,0.0250000000000007));
#14143=CARTESIAN_POINT('',(6.38,1.5,5.655));
#14144=CARTESIAN_POINT('',(6.38,1.5,5.655));
#14145=CARTESIAN_POINT('',(3.78,1.5,5.655));
#14146=CARTESIAN_POINT('',(6.38,1.5,5.655));
#14147=CARTESIAN_POINT('',(3.78,1.5,0.0249999999999998));
#14148=CARTESIAN_POINT('',(3.78,1.5,5.655));
#14149=CARTESIAN_POINT('',(4.655,1.5,0.0250000000000005));
#14150=CARTESIAN_POINT('',(6.38,1.5,0.0250000000000007));
#14151=CARTESIAN_POINT('',(4.655,1.5,1.025));
#14152=CARTESIAN_POINT('',(4.655,1.5,1.025));
#14153=CARTESIAN_POINT('',(5.505,1.5,1.025));
#14154=CARTESIAN_POINT('',(5.505,1.5,1.025));
#14155=CARTESIAN_POINT('',(5.505,1.5,0.0250000000000007));
#14156=CARTESIAN_POINT('',(5.505,1.5,0.0250000000000007));
#14157=CARTESIAN_POINT('',(6.38,1.5,0.0250000000000007));
#14158=CARTESIAN_POINT('',(1.3,1.5,-0.975));
#14159=CARTESIAN_POINT('',(1.3,1.5,-0.424999999999999));
#14160=CARTESIAN_POINT('',(1.3,1.5,-0.975));
#14161=CARTESIAN_POINT('',(-1.3,1.5,-0.424999999999999));
#14162=CARTESIAN_POINT('',(1.3,1.5,-0.424999999999999));
#14163=CARTESIAN_POINT('',(-1.3,1.5,-0.975));
#14164=CARTESIAN_POINT('',(-1.3,1.5,-0.975));
#14165=CARTESIAN_POINT('',(1.3,1.5,-0.975));
#14166=CARTESIAN_POINT('',(1.3,1.5,-4.625));
#14167=CARTESIAN_POINT('',(-1.3,1.5,-4.625));
#14168=CARTESIAN_POINT('',(1.3,1.5,-4.625));
#14169=CARTESIAN_POINT('',(1.3,1.5,-1.425));
#14170=CARTESIAN_POINT('',(1.3,1.5,-4.625));
#14171=CARTESIAN_POINT('',(-1.3,1.5,-1.425));
#14172=CARTESIAN_POINT('',(1.3,1.5,-1.425));
#14173=CARTESIAN_POINT('',(-1.3,1.5,-4.625));
#14174=CARTESIAN_POINT('',(-1.3,1.5,5.655));
#14175=CARTESIAN_POINT('',(-1.3,1.5,5.655));
#14176=CARTESIAN_POINT('',(-0.425000000000001,1.5,1.025));
#14177=CARTESIAN_POINT('',(-0.425000000000001,1.5,1.025));
#14178=CARTESIAN_POINT('',(0.424999999999999,1.5,1.025));
#14179=CARTESIAN_POINT('',(0.424999999999999,1.5,1.025));
#14180=CARTESIAN_POINT('',(0.424999999999999,1.5,0.0250000000000008));
#14181=CARTESIAN_POINT('',(1.3,1.5,5.655));
#14182=CARTESIAN_POINT('',(1.3,1.5,5.655));
#14183=CARTESIAN_POINT('',(1.3,1.5,5.655));
#14184=CARTESIAN_POINT('',(-6.38,1.5,-1.425));
#14185=CARTESIAN_POINT('',(-3.78,1.5,-1.425));
#14186=CARTESIAN_POINT('',(-6.38,1.5,-1.425));
#14187=CARTESIAN_POINT('',(-6.38,1.5,-4.625));
#14188=CARTESIAN_POINT('',(-6.38,1.5,-4.625));
#14189=CARTESIAN_POINT('',(-3.78,1.5,-4.625));
#14190=CARTESIAN_POINT('',(-6.38,1.5,-4.625));
#14191=CARTESIAN_POINT('',(-3.78,1.5,-4.625));
#14192=CARTESIAN_POINT('',(-6.38,1.5,-0.424999999999999));
#14193=CARTESIAN_POINT('',(-6.38,1.5,-0.975));
#14194=CARTESIAN_POINT('',(-6.38,1.5,-0.424999999999999));
#14195=CARTESIAN_POINT('',(-3.78,1.5,-0.975));
#14196=CARTESIAN_POINT('',(-6.38,1.5,-0.975));
#14197=CARTESIAN_POINT('',(-3.78,1.5,-0.424999999999999));
#14198=CARTESIAN_POINT('',(-3.78,1.5,-0.424999999999999));
#14199=CARTESIAN_POINT('',(-6.38,1.5,-0.424999999999999));
#14200=CARTESIAN_POINT('',(-6.38,1.5,5.655));
#14201=CARTESIAN_POINT('',(-6.38,1.5,0.0250000000000007));
#14202=CARTESIAN_POINT('',(-6.38,1.5,5.655));
#14203=CARTESIAN_POINT('',(-5.505,1.5,0.0250000000000004));
#14204=CARTESIAN_POINT('',(-6.38,1.5,0.0250000000000007));
#14205=CARTESIAN_POINT('',(-5.505,1.5,1.025));
#14206=CARTESIAN_POINT('',(-5.505,1.5,1.025));
#14207=CARTESIAN_POINT('',(-4.655,1.5,1.025));
#14208=CARTESIAN_POINT('',(-4.655,1.5,1.025));
#14209=CARTESIAN_POINT('',(-4.655,1.5,0.0250000000000007));
#14210=CARTESIAN_POINT('',(-4.655,1.5,0.0250000000000008));
#14211=CARTESIAN_POINT('',(-3.78,1.5,0.0250000000000007));
#14212=CARTESIAN_POINT('',(-6.38,1.5,0.0250000000000007));
#14213=CARTESIAN_POINT('',(-3.78,1.5,5.655));
#14214=CARTESIAN_POINT('',(-3.78,1.5,5.655));
#14215=CARTESIAN_POINT('',(-6.38,1.5,5.655));
#14216=CARTESIAN_POINT('Origin',(7.07,1.5,-6.305));
#14217=CARTESIAN_POINT('',(-3.04,-0.949999999999998,-6.305));
#14218=CARTESIAN_POINT('',(-3.04,1.5,-6.305));
#14219=CARTESIAN_POINT('',(-2.04,-0.949999999999998,-6.305));
#14220=CARTESIAN_POINT('',(-3.04,-0.949999999999998,-6.305));
#14221=CARTESIAN_POINT('',(-2.04,1.5,-6.305));
#14222=CARTESIAN_POINT('',(2.04,-0.949999999999999,-6.305));
#14223=CARTESIAN_POINT('',(2.04,-0.949999999999998,-6.305));
#14224=CARTESIAN_POINT('',(3.04,-0.949999999999998,-6.305));
#14225=CARTESIAN_POINT('',(3.04,-0.949999999999998,-6.305));
#14226=CARTESIAN_POINT('',(3.04,-0.949999999999998,-6.305));
#14227=CARTESIAN_POINT('',(7.07,-1.5,-6.305));
#14228=CARTESIAN_POINT('',(7.07,1.5,-6.305));
#14229=CARTESIAN_POINT('',(-7.07,-1.5,-6.305));
#14230=CARTESIAN_POINT('',(7.07,-1.5,-6.305));
#14231=CARTESIAN_POINT('',(-7.07,1.5,-6.305));
#14232=CARTESIAN_POINT('',(-4.28,0.899999999999997,-6.305));
#14233=CARTESIAN_POINT('',(-4.28,-0.100000000000003,-6.305));
#14234=CARTESIAN_POINT('',(-4.28,0.899999999999997,-6.305));
#14235=CARTESIAN_POINT('',(-5.88,0.899999999999997,-6.305));
#14236=CARTESIAN_POINT('',(-5.88,0.899999999999997,-6.305));
#14237=CARTESIAN_POINT('',(-5.88,-0.100000000000003,-6.305));
#14238=CARTESIAN_POINT('',(-5.88,-0.100000000000003,-6.305));
#14239=CARTESIAN_POINT('',(-4.28,-0.100000000000003,-6.305));
#14240=CARTESIAN_POINT('',(-0.799999999999999,0.899999999999997,-6.305));
#14241=CARTESIAN_POINT('',(0.800000000000001,0.899999999999997,-6.305));
#14242=CARTESIAN_POINT('',(-0.799999999999999,0.899999999999997,-6.305));
#14243=CARTESIAN_POINT('',(-0.800000000000001,-0.100000000000003,-6.305));
#14244=CARTESIAN_POINT('',(-0.799999999999999,-0.100000000000003,-6.305));
#14245=CARTESIAN_POINT('',(0.800000000000001,-0.100000000000003,-6.305));
#14246=CARTESIAN_POINT('',(0.800000000000001,-0.100000000000003,-6.305));
#14247=CARTESIAN_POINT('',(0.800000000000001,0.899999999999997,-6.305));
#14248=CARTESIAN_POINT('',(4.28,0.899999999999997,-6.305));
#14249=CARTESIAN_POINT('',(5.88,0.899999999999997,-6.305));
#14250=CARTESIAN_POINT('',(4.28,0.899999999999997,-6.305));
#14251=CARTESIAN_POINT('',(4.28,-0.100000000000003,-6.305));
#14252=CARTESIAN_POINT('',(4.28,-0.100000000000003,-6.305));
#14253=CARTESIAN_POINT('',(5.88,-0.100000000000003,-6.305));
#14254=CARTESIAN_POINT('',(5.88,-0.100000000000003,-6.305));
#14255=CARTESIAN_POINT('',(5.88,0.899999999999997,-6.305));
#14256=CARTESIAN_POINT('Origin',(7.07,-0.400000000000001,6.305));
#14257=CARTESIAN_POINT('',(-7.07,-0.400000000000001,6.305));
#14258=CARTESIAN_POINT('',(-7.07,-0.400000000000001,6.305));
#14259=CARTESIAN_POINT('',(7.07,-0.400000000000001,6.305));
#14260=CARTESIAN_POINT('',(7.07,-0.400000000000001,6.305));
#14261=CARTESIAN_POINT('',(7.07,-0.400000000000001,6.305));
#14262=CARTESIAN_POINT('',(4.28,-0.100000000000001,6.305));
#14263=CARTESIAN_POINT('',(5.88,-0.100000000000001,6.305));
#14264=CARTESIAN_POINT('',(4.28,-0.100000000000001,6.305));
#14265=CARTESIAN_POINT('',(4.28,0.899999999999998,6.305));
#14266=CARTESIAN_POINT('',(4.28,0.899999999999998,6.305));
#14267=CARTESIAN_POINT('',(5.88,0.899999999999998,6.305));
#14268=CARTESIAN_POINT('',(5.88,0.899999999999998,6.305));
#14269=CARTESIAN_POINT('',(5.88,-0.100000000000001,6.305));
#14270=CARTESIAN_POINT('',(-4.28,-0.100000000000001,6.305));
#14271=CARTESIAN_POINT('',(-4.28,0.899999999999998,6.305));
#14272=CARTESIAN_POINT('',(-4.28,-0.100000000000001,6.305));
#14273=CARTESIAN_POINT('',(-5.88,-0.100000000000001,6.305));
#14274=CARTESIAN_POINT('',(-5.88,-0.100000000000001,6.305));
#14275=CARTESIAN_POINT('',(-5.88,0.899999999999999,6.305));
#14276=CARTESIAN_POINT('',(-5.88,0.899999999999999,6.305));
#14277=CARTESIAN_POINT('',(-4.28,0.899999999999998,6.305));
#14278=CARTESIAN_POINT('',(-0.799999999999999,-0.100000000000001,6.305));
#14279=CARTESIAN_POINT('',(0.799999999999999,-0.100000000000001,6.305));
#14280=CARTESIAN_POINT('',(-0.799999999999999,-0.100000000000001,6.305));
#14281=CARTESIAN_POINT('',(-0.799999999999999,0.899999999999998,6.305));
#14282=CARTESIAN_POINT('',(-0.799999999999999,0.899999999999998,6.305));
#14283=CARTESIAN_POINT('',(0.800000000000001,0.899999999999998,6.305));
#14284=CARTESIAN_POINT('',(0.800000000000001,0.899999999999998,6.305));
#14285=CARTESIAN_POINT('',(0.800000000000001,-0.100000000000001,6.305));
#14286=CARTESIAN_POINT('Origin',(-6.38,1.,-2.16840434497101E-16));
#14287=CARTESIAN_POINT('',(-6.66925986918767,-1.5,-5.555));
#14288=CARTESIAN_POINT('',(-6.38,0.999999999999999,-4.625));
#14289=CARTESIAN_POINT('',(-6.20716306259323,2.49378600194483,-4.06931160727652));
#14290=CARTESIAN_POINT('',(-6.38,1.,-1.425));
#14291=CARTESIAN_POINT('',(-6.38,1.,-2.16840434497101E-16));
#14292=CARTESIAN_POINT('',(-6.66925986918767,-1.5,0.925));
#14293=CARTESIAN_POINT('',(-6.4617008260699,0.29388039292026,-0.761247569345044));
#14294=CARTESIAN_POINT('',(-6.66925986918767,-1.5,-7.89088780566049E-16));
#14295=CARTESIAN_POINT('Origin',(-3.78,0.999999999999999,1.56845057363516E-16));
#14296=CARTESIAN_POINT('',(-3.78,0.999999999999999,-1.425));
#14297=CARTESIAN_POINT('',(-3.0725713069398,-1.5,0.925));
#14298=CARTESIAN_POINT('',(-3.58697380808343,0.3178598994848,-0.783788305515712));
#14299=CARTESIAN_POINT('',(-3.78,1.,-4.625));
#14300=CARTESIAN_POINT('',(-3.78,0.999999999999999,1.56845057363516E-16));
#14301=CARTESIAN_POINT('',(-3.0725713069398,-1.5,-5.555));
#14302=CARTESIAN_POINT('',(-4.17956476406866,2.41203194042151,-4.0997241181632));
#14303=CARTESIAN_POINT('',(-3.0725713069398,-1.5,-4.29039799889266E-16));
#14304=CARTESIAN_POINT('Origin',(-6.38,0.5,0.0250000000000005));
#14305=CARTESIAN_POINT('',(-5.505,-0.574074074074074,1.025));
#14306=CARTESIAN_POINT('',(-4.655,-0.574074074074074,1.025));
#14307=CARTESIAN_POINT('',(-4.655,-0.574074074074074,1.025));
#14308=CARTESIAN_POINT('',(-5.505,0.5,0.0250000000000003));
#14309=CARTESIAN_POINT('',(-5.505,-10.09809575517,9.89219259964108));
#14310=CARTESIAN_POINT('',(-6.38,0.5,0.0250000000000005));
#14311=CARTESIAN_POINT('',(-6.38,0.5,0.0250000000000005));
#14312=CARTESIAN_POINT('',(-6.38,-0.949999999999999,1.375));
#14313=CARTESIAN_POINT('',(-6.38,0.5,0.0250000000000005));
#14314=CARTESIAN_POINT('',(-3.78,-0.949999999999999,1.375));
#14315=CARTESIAN_POINT('',(-6.38,-0.949999999999999,1.375));
#14316=CARTESIAN_POINT('',(-3.78,0.5,0.0250000000000005));
#14317=CARTESIAN_POINT('',(-3.78,0.5,0.0250000000000005));
#14318=CARTESIAN_POINT('',(-4.655,0.500000000000006,0.0249999999999972));
#14319=CARTESIAN_POINT('',(-6.38,0.5,0.0250000000000005));
#14320=CARTESIAN_POINT('',(-4.655,-9.59936964052036,9.42786138945));
#14321=CARTESIAN_POINT('Origin',(-6.38,1.5,0.0250000000000007));
#14322=CARTESIAN_POINT('',(-5.505,-18.3537578306979,0.0249999999999983));
#14323=CARTESIAN_POINT('',(-6.38,1.5,0.0250000000000007));
#14324=CARTESIAN_POINT('Origin',(-6.38,1.5,0.0250000000000007));
#14325=CARTESIAN_POINT('',(-4.655,-18.3537578306979,0.0249999999999983));
#14326=CARTESIAN_POINT('',(-3.78,1.5,0.0250000000000007));
#14327=CARTESIAN_POINT('Origin',(7.07,-1.5,-6.305));
#14328=CARTESIAN_POINT('',(-7.07,-1.5,1.375));
#14329=CARTESIAN_POINT('',(-7.07,-1.5,-6.305));
#14330=CARTESIAN_POINT('',(7.07,-1.5,1.375));
#14331=CARTESIAN_POINT('',(7.07,-1.5,-6.305));
#14332=CARTESIAN_POINT('',(7.07,-1.5,1.375));
#14333=CARTESIAN_POINT('',(6.66925986918767,-1.5,0.925));
#14334=CARTESIAN_POINT('',(3.0725713069398,-1.5,0.925));
#14335=CARTESIAN_POINT('',(6.38,-1.5,0.925));
#14336=CARTESIAN_POINT('',(6.66925986918767,-1.5,-5.555));
#14337=CARTESIAN_POINT('',(6.66925986918767,-1.5,-7.89088780566049E-16));
#14338=CARTESIAN_POINT('',(3.0725713069398,-1.5,-5.555));
#14339=CARTESIAN_POINT('',(6.38,-1.5,-5.555));
#14340=CARTESIAN_POINT('',(3.0725713069398,-1.5,-4.29039799889266E-16));
#14341=CARTESIAN_POINT('',(-6.38,-1.5,-5.555));
#14342=CARTESIAN_POINT('',(-6.38,-1.5,0.925));
#14343=CARTESIAN_POINT('',(2.00742869306021,-1.5,0.925));
#14344=CARTESIAN_POINT('',(-1.3,-1.5,0.925));
#14345=CARTESIAN_POINT('',(1.3,-1.5,0.925));
#14346=CARTESIAN_POINT('',(2.00742869306021,-1.5,-5.555));
#14347=CARTESIAN_POINT('',(2.00742869306021,-1.5,-4.29039799889266E-16));
#14348=CARTESIAN_POINT('',(-1.3,-1.5,-5.555));
#14349=CARTESIAN_POINT('',(1.3,-1.5,-5.555));
#14350=CARTESIAN_POINT('',(-1.3,-1.5,-5.555));
#14351=CARTESIAN_POINT('Origin',(1.3,0.,0.));
#14352=CARTESIAN_POINT('',(1.3,1.,-4.625));
#14353=CARTESIAN_POINT('',(1.3,1.5,-4.625));
#14354=CARTESIAN_POINT('',(1.3,0.999999999999999,-1.425));
#14355=CARTESIAN_POINT('',(1.3,0.999999999999999,1.1999075426717E-16));
#14356=CARTESIAN_POINT('',(1.3,0.999999999999999,-1.425));
#14357=CARTESIAN_POINT('Origin',(-1.3,0.,0.));
#14358=CARTESIAN_POINT('',(-1.3,0.999999999999999,-1.425));
#14359=CARTESIAN_POINT('',(-1.3,0.999999999999999,-1.425));
#14360=CARTESIAN_POINT('',(-1.3,0.999999999999999,-4.625));
#14361=CARTESIAN_POINT('',(-1.3,0.999999999999999,-1.425));
#14362=CARTESIAN_POINT('',(-1.3,1.5,-4.625));
#14363=CARTESIAN_POINT('Origin',(6.38,0.,0.));
#14364=CARTESIAN_POINT('',(6.38,1.,-4.625));
#14365=CARTESIAN_POINT('',(6.38,1.5,-4.625));
#14366=CARTESIAN_POINT('',(6.38,1.,-1.425));
#14367=CARTESIAN_POINT('',(6.38,1.,0.));
#14368=CARTESIAN_POINT('',(6.38,0.999999999999999,-1.425));
#14369=CARTESIAN_POINT('Origin',(3.78,0.,0.));
#14370=CARTESIAN_POINT('',(3.78,0.999999999999999,-1.425));
#14371=CARTESIAN_POINT('',(3.78,0.999999999999999,-1.425));
#14372=CARTESIAN_POINT('',(3.78,1.,-4.625));
#14373=CARTESIAN_POINT('',(3.78,0.999999999999999,1.1999075426717E-16));
#14374=CARTESIAN_POINT('',(3.78,1.5,-4.625));
#14375=CARTESIAN_POINT('Origin',(6.38,-0.949999999999999,1.375));
#14376=CARTESIAN_POINT('',(6.38,0.5,0.0250000000000005));
#14377=CARTESIAN_POINT('',(5.505,0.5,0.0250000000000005));
#14378=CARTESIAN_POINT('',(6.38,0.5,0.0250000000000005));
#14379=CARTESIAN_POINT('',(5.505,-0.574074074074074,1.025));
#14380=CARTESIAN_POINT('',(5.505,-9.23956590441092,9.09287170410672));
#14381=CARTESIAN_POINT('',(4.655,-0.574074074074075,1.025));
#14382=CARTESIAN_POINT('',(5.505,-0.574074074074078,1.025));
#14383=CARTESIAN_POINT('',(4.655,0.5,0.0250000000000005));
#14384=CARTESIAN_POINT('',(4.655,-9.7382920190606,9.5572029142978));
#14385=CARTESIAN_POINT('',(3.78,0.5,0.0250000000000005));
#14386=CARTESIAN_POINT('',(6.38,0.5,0.0250000000000005));
#14387=CARTESIAN_POINT('',(3.78,-0.949999999999999,1.375));
#14388=CARTESIAN_POINT('',(3.78,-0.949999999999999,1.375));
#14389=CARTESIAN_POINT('',(6.38,-0.949999999999999,1.375));
#14390=CARTESIAN_POINT('',(6.38,-0.949999999999999,1.375));
#14391=CARTESIAN_POINT('',(6.38,-0.949999999999999,1.375));
#14392=CARTESIAN_POINT('Origin',(6.38,0.5,0.0250000000000005));
#14393=CARTESIAN_POINT('',(5.505,-17.6820671461655,0.0249999999999984));
#14394=CARTESIAN_POINT('',(6.38,0.5,0.0250000000000005));
#14395=CARTESIAN_POINT('Origin',(6.38,0.5,0.0250000000000005));
#14396=CARTESIAN_POINT('',(4.655,-17.6820671461655,0.0249999999999985));
#14397=CARTESIAN_POINT('',(3.78,0.5,0.0250000000000005));
#14398=CARTESIAN_POINT('Origin',(7.07,-1.5,1.375));
#14399=CARTESIAN_POINT('',(-7.07,-1.5,1.375));
#14400=CARTESIAN_POINT('',(7.07,-1.5,1.375));
#14401=CARTESIAN_POINT('Origin',(7.07,0.,0.));
#14402=CARTESIAN_POINT('Origin',(-7.07,0.,0.));
#14403=CARTESIAN_POINT('Origin',(3.04,1.5,5.655));
#14404=CARTESIAN_POINT('',(2.04,0.00496957403651197,5.655));
#14405=CARTESIAN_POINT('',(2.04,1.5,5.655));
#14406=CARTESIAN_POINT('',(3.04,0.00496957403651197,5.655));
#14407=CARTESIAN_POINT('',(3.04,1.5,5.655));
#14408=CARTESIAN_POINT('',(3.04,0.00496957403651197,5.655));
#14409=CARTESIAN_POINT('Origin',(3.04,0.00496957403651197,5.655));
#14410=CARTESIAN_POINT('',(2.04,-0.949999999999999,1.375));
#14411=CARTESIAN_POINT('',(2.04,0.00496957403651197,5.655));
#14412=CARTESIAN_POINT('',(3.04,-0.949999999999999,1.375));
#14413=CARTESIAN_POINT('',(3.04,0.00496957403651197,5.655));
#14414=CARTESIAN_POINT('',(3.04,-0.949999999999999,1.375));
#14415=CARTESIAN_POINT('Origin',(3.04,-0.949999999999999,1.375));
#14416=CARTESIAN_POINT('',(2.04,-0.949999999999999,1.375));
#14417=CARTESIAN_POINT('',(3.04,-0.949999999999999,1.375));
#14418=CARTESIAN_POINT('Origin',(3.04,0.,0.));
#14419=CARTESIAN_POINT('Origin',(2.04,0.,0.));
#14420=CARTESIAN_POINT('Origin',(6.38,-0.949999999999999,1.375));
#14421=CARTESIAN_POINT('',(3.78,0.00496957403651197,5.655));
#14422=CARTESIAN_POINT('',(3.78,-0.949999999999999,1.375));
#14423=CARTESIAN_POINT('',(6.38,0.00496957403651197,5.655));
#14424=CARTESIAN_POINT('',(6.38,0.00496957403651197,5.655));
#14425=CARTESIAN_POINT('',(6.38,-0.949999999999999,1.375));
#14426=CARTESIAN_POINT('Origin',(6.38,0.00496957403651197,5.655));
#14427=CARTESIAN_POINT('',(3.78,0.00496957403651197,5.655));
#14428=CARTESIAN_POINT('',(6.38,0.00496957403651197,5.655));
#14429=CARTESIAN_POINT('Origin',(6.38,0.,0.));
#14430=CARTESIAN_POINT('Origin',(3.78,0.,0.));
#14431=CARTESIAN_POINT('Origin',(6.38,0.999999999999999,-0.975));
#14432=CARTESIAN_POINT('',(3.78,0.999999999999999,-0.975));
#14433=CARTESIAN_POINT('',(3.78,0.999999999999999,-0.975));
#14434=CARTESIAN_POINT('',(6.38,0.999999999999999,-0.975));
#14435=CARTESIAN_POINT('',(6.38,0.999999999999999,-0.975));
#14436=CARTESIAN_POINT('',(6.38,0.999999999999999,-0.975));
#14437=CARTESIAN_POINT('Origin',(6.38,1.5,-0.424999999999999));
#14438=CARTESIAN_POINT('',(3.78,0.999999999999999,-0.425));
#14439=CARTESIAN_POINT('',(3.78,1.5,-0.424999999999999));
#14440=CARTESIAN_POINT('',(6.38,0.999999999999999,-0.425));
#14441=CARTESIAN_POINT('',(6.38,1.5,-0.424999999999999));
#14442=CARTESIAN_POINT('',(6.38,0.999999999999999,-0.425));
#14443=CARTESIAN_POINT('Origin',(6.38,0.999999999999999,-0.425));
#14444=CARTESIAN_POINT('',(3.78,0.999999999999999,-0.425));
#14445=CARTESIAN_POINT('',(6.38,0.999999999999999,-0.425));
#14446=CARTESIAN_POINT('Origin',(6.38,0.,0.));
#14447=CARTESIAN_POINT('Origin',(3.78,0.,0.));
#14448=CARTESIAN_POINT('Origin',(6.38,1.5,-4.625));
#14449=CARTESIAN_POINT('',(6.38,0.999999999999999,-4.625));
#14450=CARTESIAN_POINT('Origin',(6.38,-1.5,-5.555));
#14451=CARTESIAN_POINT('',(4.17956476406866,2.41203194042151,-4.0997241181632));
#14452=CARTESIAN_POINT('',(6.20716306259323,2.49378600194483,-4.06931160727652));
#14453=CARTESIAN_POINT('Origin',(6.38,0.999999999999999,-1.425));
#14454=CARTESIAN_POINT('',(3.58697380808343,0.3178598994848,-0.783788305515712));
#14455=CARTESIAN_POINT('',(6.38,0.999999999999999,-1.425));
#14456=CARTESIAN_POINT('',(6.4617008260699,0.29388039292026,-0.761247569345044));
#14457=CARTESIAN_POINT('Origin',(6.38,0.999999999999999,-1.425));
#14458=CARTESIAN_POINT('Origin',(6.38,1.,-2.16840434497101E-16));
#14459=CARTESIAN_POINT('Origin',(3.78,0.999999999999999,1.56845057363516E-16));
#14460=CARTESIAN_POINT('Origin',(5.505,-17.6820671461655,0.0249999999999984));
#14461=CARTESIAN_POINT('',(5.505,-17.6820671461655,1.025));
#14462=CARTESIAN_POINT('Origin',(5.505,-17.6820671461655,1.025));
#14463=CARTESIAN_POINT('',(4.655,-17.6820671461655,1.025));
#14464=CARTESIAN_POINT('Origin',(4.655,-17.6820671461655,1.025));
#14465=CARTESIAN_POINT('Origin',(4.28,0.899999999999998,6.805));
#14466=CARTESIAN_POINT('',(4.28,0.399999999999999,6.805));
#14467=CARTESIAN_POINT('',(4.28,0.399999999999999,6.805));
#14468=CARTESIAN_POINT('',(4.28,0.899999999999998,6.805));
#14469=CARTESIAN_POINT('',(4.28,0.899999999999998,6.805));
#14470=CARTESIAN_POINT('',(4.28,0.899999999999998,6.805));
#14471=CARTESIAN_POINT('Origin',(5.88,-0.100000000000001,6.805));
#14472=CARTESIAN_POINT('',(5.88,0.399999999999999,6.805));
#14473=CARTESIAN_POINT('',(5.88,0.899999999999999,6.805));
#14474=CARTESIAN_POINT('',(5.88,-0.100000000000001,6.805));
#14475=CARTESIAN_POINT('',(5.88,0.399999999999999,6.805));
#14476=CARTESIAN_POINT('',(5.88,0.899999999999999,6.805));
#14477=CARTESIAN_POINT('Origin',(5.88,0.899999999999998,6.805));
#14478=CARTESIAN_POINT('',(5.88,0.899999999999998,6.805));
#14479=CARTESIAN_POINT('Origin',(0.,0.,6.805));
#14480=CARTESIAN_POINT('',(5.88,0.399999999999999,6.805));
#14481=CARTESIAN_POINT('Origin',(4.28,-0.100000000000003,-6.805));
#14482=CARTESIAN_POINT('',(4.28,0.399999999999997,-6.805));
#14483=CARTESIAN_POINT('',(4.28,0.899999999999997,-6.805));
#14484=CARTESIAN_POINT('',(4.28,-0.100000000000003,-6.805));
#14485=CARTESIAN_POINT('',(4.28,0.399999999999998,-6.805));
#14486=CARTESIAN_POINT('',(4.28,0.899999999999997,-6.805));
#14487=CARTESIAN_POINT('Origin',(4.28,0.899999999999997,-6.805));
#14488=CARTESIAN_POINT('',(5.88,0.899999999999997,-6.805));
#14489=CARTESIAN_POINT('',(5.88,0.899999999999997,-6.805));
#14490=CARTESIAN_POINT('',(4.28,0.899999999999997,-6.805));
#14491=CARTESIAN_POINT('Origin',(5.88,0.899999999999997,-6.805));
#14492=CARTESIAN_POINT('',(5.88,0.399999999999997,-6.805));
#14493=CARTESIAN_POINT('',(5.88,0.399999999999998,-6.805));
#14494=CARTESIAN_POINT('',(5.88,0.899999999999997,-6.805));
#14495=CARTESIAN_POINT('Origin',(0.,0.,-6.805));
#14496=CARTESIAN_POINT('',(4.28,0.399999999999997,-6.805));
#14497=CARTESIAN_POINT('Origin',(4.74338450462406E-17,0.399999999999998,
-6.805));
#14498=CARTESIAN_POINT('Origin',(0.,0.399999999999999,6.805));
#14499=CARTESIAN_POINT('Origin',(1.3,-0.949999999999999,1.375));
#14500=CARTESIAN_POINT('',(-1.3,0.00496957403651197,5.655));
#14501=CARTESIAN_POINT('',(-1.3,-0.949999999999999,1.375));
#14502=CARTESIAN_POINT('',(1.3,0.00496957403651197,5.655));
#14503=CARTESIAN_POINT('',(1.3,0.00496957403651197,5.655));
#14504=CARTESIAN_POINT('',(1.3,-0.949999999999999,1.375));
#14505=CARTESIAN_POINT('Origin',(1.3,0.00496957403651197,5.655));
#14506=CARTESIAN_POINT('',(-1.3,0.00496957403651197,5.655));
#14507=CARTESIAN_POINT('',(1.3,0.00496957403651197,5.655));
#14508=CARTESIAN_POINT('Origin',(1.3,0.,0.));
#14509=CARTESIAN_POINT('Origin',(-1.3,0.,0.));
#14510=CARTESIAN_POINT('Origin',(1.3,0.999999999999999,-0.975));
#14511=CARTESIAN_POINT('',(-1.3,0.999999999999999,-0.975));
#14512=CARTESIAN_POINT('',(-1.3,0.999999999999999,-0.975));
#14513=CARTESIAN_POINT('',(1.3,0.999999999999999,-0.975));
#14514=CARTESIAN_POINT('',(1.3,0.999999999999999,-0.975));
#14515=CARTESIAN_POINT('',(1.3,0.999999999999999,-0.975));
#14516=CARTESIAN_POINT('Origin',(1.3,1.5,-0.424999999999999));
#14517=CARTESIAN_POINT('',(-1.3,0.999999999999999,-0.425));
#14518=CARTESIAN_POINT('',(-1.3,1.5,-0.424999999999999));
#14519=CARTESIAN_POINT('',(1.3,0.999999999999999,-0.425));
#14520=CARTESIAN_POINT('',(1.3,1.5,-0.424999999999999));
#14521=CARTESIAN_POINT('',(1.3,0.999999999999999,-0.425));
#14522=CARTESIAN_POINT('Origin',(1.3,0.999999999999999,-0.425));
#14523=CARTESIAN_POINT('',(-1.3,0.999999999999999,-0.425));
#14524=CARTESIAN_POINT('',(1.3,0.999999999999999,-0.425));
#14525=CARTESIAN_POINT('Origin',(1.3,0.,0.));
#14526=CARTESIAN_POINT('Origin',(-1.3,0.,0.));
#14527=CARTESIAN_POINT('Origin',(1.3,1.5,-4.625));
#14528=CARTESIAN_POINT('',(1.3,0.999999999999999,-4.625));
#14529=CARTESIAN_POINT('Origin',(1.3,-1.5,-5.555));
#14530=CARTESIAN_POINT('',(0.900435235931339,2.41203194042151,-4.0997241181632));
#14531=CARTESIAN_POINT('',(-1.3,-1.5,-5.555));
#14532=CARTESIAN_POINT('Origin',(1.3,0.999999999999999,-1.425));
#14533=CARTESIAN_POINT('',(-1.3,0.999999999999999,-1.425));
#14534=CARTESIAN_POINT('',(1.3,0.999999999999999,-1.425));
#14535=CARTESIAN_POINT('',(1.49302619191657,0.3178598994848,-0.783788305515712));
#14536=CARTESIAN_POINT('Origin',(1.3,0.999999999999999,-1.425));
#14537=CARTESIAN_POINT('Origin',(1.3,0.999999999999999,1.56845057363516E-16));
#14538=CARTESIAN_POINT('Origin',(-1.3,0.,0.));
#14539=CARTESIAN_POINT('Origin',(-0.799999999999999,0.899999999999998,6.805));
#14540=CARTESIAN_POINT('',(-0.799999999999999,0.399999999999999,6.805));
#14541=CARTESIAN_POINT('',(-0.799999999999999,0.399999999999999,6.805));
#14542=CARTESIAN_POINT('',(-0.799999999999999,0.899999999999998,6.805));
#14543=CARTESIAN_POINT('',(-0.799999999999999,0.899999999999998,6.805));
#14544=CARTESIAN_POINT('',(-0.799999999999999,0.899999999999998,6.805));
#14545=CARTESIAN_POINT('Origin',(0.800000000000001,-0.100000000000001,6.805));
#14546=CARTESIAN_POINT('',(0.800000000000001,0.399999999999999,6.805));
#14547=CARTESIAN_POINT('',(0.800000000000001,0.899999999999999,6.805));
#14548=CARTESIAN_POINT('',(0.800000000000001,-0.100000000000001,6.805));
#14549=CARTESIAN_POINT('',(0.800000000000001,0.399999999999999,6.805));
#14550=CARTESIAN_POINT('',(0.800000000000001,0.899999999999999,6.805));
#14551=CARTESIAN_POINT('Origin',(0.800000000000001,0.899999999999998,6.805));
#14552=CARTESIAN_POINT('',(0.800000000000001,0.899999999999998,6.805));
#14553=CARTESIAN_POINT('Origin',(0.,0.,6.805));
#14554=CARTESIAN_POINT('',(0.799999999999999,0.399999999999999,6.805));
#14555=CARTESIAN_POINT('Origin',(-0.799999999999999,-0.100000000000003,
-6.805));
#14556=CARTESIAN_POINT('',(-0.799999999999999,0.399999999999997,-6.805));
#14557=CARTESIAN_POINT('',(-0.799999999999999,0.899999999999997,-6.805));
#14558=CARTESIAN_POINT('',(-0.799999999999999,-0.100000000000003,-6.805));
#14559=CARTESIAN_POINT('',(-0.799999999999999,0.399999999999997,-6.805));
#14560=CARTESIAN_POINT('',(-0.799999999999999,0.899999999999997,-6.805));
#14561=CARTESIAN_POINT('Origin',(-0.799999999999999,0.899999999999997,-6.805));
#14562=CARTESIAN_POINT('',(0.800000000000001,0.899999999999997,-6.805));
#14563=CARTESIAN_POINT('',(0.800000000000001,0.899999999999997,-6.805));
#14564=CARTESIAN_POINT('',(-0.799999999999999,0.899999999999997,-6.805));
#14565=CARTESIAN_POINT('Origin',(0.800000000000001,0.899999999999997,-6.805));
#14566=CARTESIAN_POINT('',(0.800000000000001,0.399999999999997,-6.805));
#14567=CARTESIAN_POINT('',(0.800000000000001,0.399999999999997,-6.805));
#14568=CARTESIAN_POINT('',(0.800000000000001,0.899999999999997,-6.805));
#14569=CARTESIAN_POINT('Origin',(0.,0.,-6.805));
#14570=CARTESIAN_POINT('',(-0.800000000000001,0.399999999999997,-6.805));
#14571=CARTESIAN_POINT('Origin',(-3.04,0.00496957403651197,5.655));
#14572=CARTESIAN_POINT('',(-2.04,0.00496957403651197,5.655));
#14573=CARTESIAN_POINT('',(-2.04,0.00496957403651197,5.655));
#14574=CARTESIAN_POINT('',(-3.04,0.00496957403651197,5.655));
#14575=CARTESIAN_POINT('',(-3.04,0.00496957403651197,5.655));
#14576=CARTESIAN_POINT('',(-3.04,0.00496957403651197,5.655));
#14577=CARTESIAN_POINT('Origin',(-3.04,-0.949999999999998,-6.305));
#14578=CARTESIAN_POINT('',(-2.04,-0.949999999999999,1.375));
#14579=CARTESIAN_POINT('',(-2.04,-0.949999999999998,-6.305));
#14580=CARTESIAN_POINT('',(-3.04,-0.949999999999999,1.375));
#14581=CARTESIAN_POINT('',(-3.04,-0.949999999999998,-6.305));
#14582=CARTESIAN_POINT('',(-3.04,-0.949999999999999,1.375));
#14583=CARTESIAN_POINT('Origin',(-3.04,-0.949999999999999,1.375));
#14584=CARTESIAN_POINT('',(-2.04,-0.949999999999999,1.375));
#14585=CARTESIAN_POINT('',(-3.04,-0.949999999999999,1.375));
#14586=CARTESIAN_POINT('Origin',(-3.04,0.,0.));
#14587=CARTESIAN_POINT('Origin',(-2.04,0.,0.));
#14588=CARTESIAN_POINT('Origin',(-6.38,-0.949999999999999,1.375));
#14589=CARTESIAN_POINT('',(-3.78,0.00496957403651197,5.655));
#14590=CARTESIAN_POINT('',(-3.78,-0.949999999999999,1.375));
#14591=CARTESIAN_POINT('',(-6.38,0.00496957403651197,5.655));
#14592=CARTESIAN_POINT('',(-6.38,-0.949999999999999,1.375));
#14593=CARTESIAN_POINT('',(-6.38,0.00496957403651197,5.655));
#14594=CARTESIAN_POINT('Origin',(-6.38,0.00496957403651197,5.655));
#14595=CARTESIAN_POINT('',(-3.78,0.00496957403651197,5.655));
#14596=CARTESIAN_POINT('',(-6.38,0.00496957403651197,5.655));
#14597=CARTESIAN_POINT('Origin',(-6.38,0.,0.));
#14598=CARTESIAN_POINT('Origin',(-3.78,0.,0.));
#14599=CARTESIAN_POINT('Origin',(-6.38,1.5,-0.975));
#14600=CARTESIAN_POINT('',(-3.78,0.999999999999999,-0.975));
#14601=CARTESIAN_POINT('',(-3.78,1.5,-0.975));
#14602=CARTESIAN_POINT('',(-6.38,0.999999999999999,-0.975));
#14603=CARTESIAN_POINT('',(-6.38,1.5,-0.975));
#14604=CARTESIAN_POINT('',(-6.38,0.999999999999999,-0.975));
#14605=CARTESIAN_POINT('Origin',(-6.38,0.999999999999999,-0.975));
#14606=CARTESIAN_POINT('',(-3.78,0.999999999999999,-0.425));
#14607=CARTESIAN_POINT('',(-3.78,0.999999999999999,-0.975));
#14608=CARTESIAN_POINT('',(-6.38,0.999999999999999,-0.425));
#14609=CARTESIAN_POINT('',(-6.38,0.999999999999999,-0.975));
#14610=CARTESIAN_POINT('',(-6.38,0.999999999999999,-0.425));
#14611=CARTESIAN_POINT('Origin',(-6.38,0.999999999999999,-0.425));
#14612=CARTESIAN_POINT('',(-3.78,0.999999999999999,-0.425));
#14613=CARTESIAN_POINT('',(-6.38,0.999999999999999,-0.425));
#14614=CARTESIAN_POINT('Origin',(-6.38,0.,0.));
#14615=CARTESIAN_POINT('Origin',(-3.78,0.,0.));
#14616=CARTESIAN_POINT('Origin',(-6.38,0.999999999999999,-4.625));
#14617=CARTESIAN_POINT('',(-3.78,0.999999999999999,-4.625));
#14618=CARTESIAN_POINT('',(-6.38,0.999999999999999,-4.625));
#14619=CARTESIAN_POINT('',(-6.38,0.999999999999999,-4.625));
#14620=CARTESIAN_POINT('Origin',(-6.38,1.5,-1.425));
#14621=CARTESIAN_POINT('',(-3.78,1.5,-1.425));
#14622=CARTESIAN_POINT('',(-6.38,0.999999999999999,-1.425));
#14623=CARTESIAN_POINT('',(-6.38,1.5,-1.425));
#14624=CARTESIAN_POINT('Origin',(-6.38,0.999999999999999,-1.425));
#14625=CARTESIAN_POINT('Origin',(-6.38,-1.5,-5.555));
#14626=CARTESIAN_POINT('Origin',(-6.38,0.,0.));
#14627=CARTESIAN_POINT('Origin',(-3.78,0.,0.));
#14628=CARTESIAN_POINT('Origin',(-5.505,-18.3537578306979,1.025));
#14629=CARTESIAN_POINT('',(-5.505,-18.3537578306979,1.025));
#14630=CARTESIAN_POINT('Origin',(-4.655,-18.3537578306979,0.0249999999999984));
#14631=CARTESIAN_POINT('',(-4.655,-18.3537578306979,1.025));
#14632=CARTESIAN_POINT('Origin',(-4.655,-18.3537578306979,1.025));
#14633=CARTESIAN_POINT('Origin',(-4.28,-0.100000000000001,6.805));
#14634=CARTESIAN_POINT('',(-4.28,0.399999999999999,6.805));
#14635=CARTESIAN_POINT('',(-4.28,0.899999999999998,6.805));
#14636=CARTESIAN_POINT('',(-4.28,-0.100000000000001,6.805));
#14637=CARTESIAN_POINT('',(-4.28,0.399999999999999,6.805));
#14638=CARTESIAN_POINT('',(-4.28,0.899999999999998,6.805));
#14639=CARTESIAN_POINT('Origin',(-4.28,0.899999999999998,6.805));
#14640=CARTESIAN_POINT('',(-5.88,0.899999999999998,6.805));
#14641=CARTESIAN_POINT('',(-5.88,0.899999999999998,6.805));
#14642=CARTESIAN_POINT('',(-4.28,0.899999999999998,6.805));
#14643=CARTESIAN_POINT('Origin',(-5.88,0.899999999999999,6.805));
#14644=CARTESIAN_POINT('',(-5.88,0.399999999999999,6.805));
#14645=CARTESIAN_POINT('',(-5.88,0.399999999999999,6.805));
#14646=CARTESIAN_POINT('',(-5.88,0.899999999999999,6.805));
#14647=CARTESIAN_POINT('Origin',(0.,0.,6.805));
#14648=CARTESIAN_POINT('',(-4.28,0.399999999999999,6.805));
#14649=CARTESIAN_POINT('Origin',(-5.88,0.899999999999997,-6.805));
#14650=CARTESIAN_POINT('',(-4.28,0.899999999999997,-6.805));
#14651=CARTESIAN_POINT('',(-4.28,0.899999999999997,-6.805));
#14652=CARTESIAN_POINT('',(-5.88,0.899999999999997,-6.805));
#14653=CARTESIAN_POINT('',(-5.88,0.899999999999997,-6.805));
#14654=CARTESIAN_POINT('',(-5.88,0.899999999999997,-6.805));
#14655=CARTESIAN_POINT('Origin',(-4.28,0.899999999999997,-6.805));
#14656=CARTESIAN_POINT('',(-4.28,0.399999999999997,-6.805));
#14657=CARTESIAN_POINT('',(-4.28,0.399999999999998,-6.805));
#14658=CARTESIAN_POINT('',(-4.28,0.899999999999997,-6.805));
#14659=CARTESIAN_POINT('Origin',(-5.88,-0.100000000000003,-6.805));
#14660=CARTESIAN_POINT('',(-5.88,0.399999999999997,-6.805));
#14661=CARTESIAN_POINT('',(-5.88,-0.100000000000003,-6.805));
#14662=CARTESIAN_POINT('',(-5.88,0.399999999999998,-6.805));
#14663=CARTESIAN_POINT('Origin',(0.,0.,-6.805));
#14664=CARTESIAN_POINT('',(-5.88,0.399999999999997,-6.805));
#14665=CARTESIAN_POINT('Origin',(-4.74338450462405E-17,0.399999999999998,
-6.805));
#14666=CARTESIAN_POINT('Origin',(0.,0.399999999999999,6.805));
#14667=CARTESIAN_POINT('Origin',(-0.425000000000001,-18.3537578306979,1.025));
#14668=CARTESIAN_POINT('',(-0.425000000000001,-18.3537578306979,1.025));
#14669=CARTESIAN_POINT('Origin',(0.424999999999999,-18.3537578306979,0.0249999999999984));
#14670=CARTESIAN_POINT('',(0.424999999999999,-18.3537578306979,1.025));
#14671=CARTESIAN_POINT('Origin',(0.424999999999999,-18.3537578306979,1.025));
#14672=CARTESIAN_POINT('Origin',(-4.74338450462405E-17,0.399999999999997,
-6.805));
#14673=CARTESIAN_POINT('Origin',(0.,0.399999999999999,6.805));
#14674=CARTESIAN_POINT('',(0.,0.,0.));
#14675=CARTESIAN_POINT('Origin',(0.,0.,6.9));
#14676=CARTESIAN_POINT('',(1.9,-2.32682891837997E-16,5.45));
#14677=CARTESIAN_POINT('Origin',(0.,0.,5.45));
#14678=CARTESIAN_POINT('',(1.9,-2.32682891837997E-16,6.65000000000058));
#14679=CARTESIAN_POINT('',(1.9,-2.32682891837997E-16,6.9));
#14680=CARTESIAN_POINT('',(0.400000000000001,-1.85741756212216,6.64999999999604));
#14681=CARTESIAN_POINT('Origin',(0.,0.,6.65));
#14682=CARTESIAN_POINT('',(0.400000000000001,-1.85741756210067,6.1));
#14683=CARTESIAN_POINT('',(0.400000000000001,-1.85741756210067,6.9));
#14684=CARTESIAN_POINT('',(-0.4,-1.85741756210067,6.1));
#14685=CARTESIAN_POINT('Origin',(0.,0.,6.1));
#14686=CARTESIAN_POINT('',(-0.4,-1.85741756210095,6.65000000000058));
#14687=CARTESIAN_POINT('',(-0.4,-1.85741756210067,6.9));
#14688=CARTESIAN_POINT('',(-0.4,1.85741756210067,6.65));
#14689=CARTESIAN_POINT('Origin',(0.,0.,6.65));
#14690=CARTESIAN_POINT('',(-0.4,1.85741756210067,6.1));
#14691=CARTESIAN_POINT('',(-0.4,1.85741756210067,6.9));
#14692=CARTESIAN_POINT('',(0.4,1.85741756210067,6.1));
#14693=CARTESIAN_POINT('Origin',(0.,0.,6.1));
#14694=CARTESIAN_POINT('',(0.4,1.85741756210067,6.65));
#14695=CARTESIAN_POINT('',(0.4,1.85741756210067,6.9));
#14696=CARTESIAN_POINT('Origin',(0.,0.,6.65));
#14697=CARTESIAN_POINT('Origin',(0.,0.,6.9));
#14698=CARTESIAN_POINT('',(-0.4,-1.60078105935821,6.9));
#14699=CARTESIAN_POINT('',(-0.4,1.60078105935821,6.9));
#14700=CARTESIAN_POINT('',(-0.4,-2.,6.9));
#14701=CARTESIAN_POINT('Origin',(0.,0.,6.9));
#14702=CARTESIAN_POINT('Origin',(0.,0.,6.9));
#14703=CARTESIAN_POINT('',(0.4,1.60078105935821,6.9));
#14704=CARTESIAN_POINT('',(0.400000000000001,-1.60078105935821,6.9));
#14705=CARTESIAN_POINT('',(0.4,2.,6.9));
#14706=CARTESIAN_POINT('Origin',(0.,0.,6.9));
#14707=CARTESIAN_POINT('Origin',(0.,0.,6.65));
#14708=CARTESIAN_POINT('Ctrl Pts',(-0.4,-1.85741756210067,6.65000000000058));
#14709=CARTESIAN_POINT('Ctrl Pts',(-0.4,-1.8574175621006,6.68060867939362));
#14710=CARTESIAN_POINT('Ctrl Pts',(-0.4,-1.85014132388543,6.71661117602124));
#14711=CARTESIAN_POINT('Ctrl Pts',(-0.4,-1.82631737083121,6.77339138262229));
#14712=CARTESIAN_POINT('Ctrl Pts',(-0.4,-1.80542787826988,6.80412459666371));
#14713=CARTESIAN_POINT('Ctrl Pts',(-0.4,-1.76096080602313,6.84796235918907));
#14714=CARTESIAN_POINT('Ctrl Pts',(-0.4,-1.72937307119867,6.86867057292841));
#14715=CARTESIAN_POINT('Ctrl Pts',(-0.4,-1.67056456869413,6.89266732322822));
#14716=CARTESIAN_POINT('Ctrl Pts',(-0.4,-1.63282160740472,6.9));
#14717=CARTESIAN_POINT('Ctrl Pts',(-0.4,-1.60078105935821,6.9));
#14718=CARTESIAN_POINT('Ctrl Pts',(-0.400000000000001,1.60078105935821,
6.9));
#14719=CARTESIAN_POINT('Ctrl Pts',(-0.400000000000001,1.63282160740472,
6.9));
#14720=CARTESIAN_POINT('Ctrl Pts',(-0.400000000000001,1.67056456869413,
6.89266732322822));
#14721=CARTESIAN_POINT('Ctrl Pts',(-0.400000000000001,1.72937307119867,
6.86867057292841));
#14722=CARTESIAN_POINT('Ctrl Pts',(-0.400000000000001,1.76096080602313,
6.84796235918907));
#14723=CARTESIAN_POINT('Ctrl Pts',(-0.400000000000001,1.80542787826988,
6.80412459666371));
#14724=CARTESIAN_POINT('Ctrl Pts',(-0.400000000000001,1.82631737083121,
6.77339138262229));
#14725=CARTESIAN_POINT('Ctrl Pts',(-0.400000000000001,1.85014132388543,
6.71661117602124));
#14726=CARTESIAN_POINT('Ctrl Pts',(-0.400000000000001,1.85741756210067,
6.68060867939304));
#14727=CARTESIAN_POINT('Ctrl Pts',(-0.400000000000001,1.85741756210067,
6.65));
#14728=CARTESIAN_POINT('Origin',(0.,0.,6.65));
#14729=CARTESIAN_POINT('Ctrl Pts',(0.400000000000001,-1.60078105935821,
6.9));
#14730=CARTESIAN_POINT('Ctrl Pts',(0.400000000000001,-1.63282160740472,
6.9));
#14731=CARTESIAN_POINT('Ctrl Pts',(0.400000000000001,-1.67056456869413,
6.89266732322822));
#14732=CARTESIAN_POINT('Ctrl Pts',(0.400000000000001,-1.72937307119867,
6.86867057292841));
#14733=CARTESIAN_POINT('Ctrl Pts',(0.400000000000001,-1.76096080602313,
6.84796235918907));
#14734=CARTESIAN_POINT('Ctrl Pts',(0.400000000000001,-1.80542787826988,
6.80412459666371));
#14735=CARTESIAN_POINT('Ctrl Pts',(0.400000000000001,-1.82631737083121,
6.77339138262229));
#14736=CARTESIAN_POINT('Ctrl Pts',(0.400000000000001,-1.85014132388543,
6.71661117602124));
#14737=CARTESIAN_POINT('Ctrl Pts',(0.400000000000001,-1.85741756210067,
6.68060867939304));
#14738=CARTESIAN_POINT('Ctrl Pts',(0.400000000000001,-1.85741756210067,
6.65));
#14739=CARTESIAN_POINT('Ctrl Pts',(0.4,1.85741756210067,6.65));
#14740=CARTESIAN_POINT('Ctrl Pts',(0.4,1.85741756210067,6.68060867939304));
#14741=CARTESIAN_POINT('Ctrl Pts',(0.4,1.85014132388543,6.71661117602124));
#14742=CARTESIAN_POINT('Ctrl Pts',(0.4,1.82631737083121,6.77339138262229));
#14743=CARTESIAN_POINT('Ctrl Pts',(0.4,1.80542787826988,6.80412459666371));
#14744=CARTESIAN_POINT('Ctrl Pts',(0.4,1.76096080602313,6.84796235918907));
#14745=CARTESIAN_POINT('Ctrl Pts',(0.4,1.72937307119867,6.86867057292841));
#14746=CARTESIAN_POINT('Ctrl Pts',(0.4,1.67056456869413,6.89266732322822));
#14747=CARTESIAN_POINT('Ctrl Pts',(0.4,1.63282160740472,6.9));
#14748=CARTESIAN_POINT('Ctrl Pts',(0.4,1.60078105935821,6.9));
#14749=CARTESIAN_POINT('Origin',(0.,0.,5.2));
#14750=CARTESIAN_POINT('',(1.45,0.,1.2));
#14751=CARTESIAN_POINT('',(-1.45,-1.77573785876366E-16,1.2));
#14752=CARTESIAN_POINT('Origin',(0.,0.,1.2));
#14753=CARTESIAN_POINT('Origin',(0.,0.,1.2));
#14754=CARTESIAN_POINT('',(1.45,-1.77573785876366E-16,5.2));
#14755=CARTESIAN_POINT('',(1.45,-1.77573785876366E-16,5.2));
#14756=CARTESIAN_POINT('Origin',(0.,0.,5.2));
#14757=CARTESIAN_POINT('Origin',(0.,0.,5.2));
#14758=CARTESIAN_POINT('',(1.65,-2.02066721859313E-16,5.2));
#14759=CARTESIAN_POINT('Origin',(0.,0.,5.2));
#14760=CARTESIAN_POINT('Origin',(0.,0.,5.45));
#14761=CARTESIAN_POINT('Origin',(1.65,-2.02066721859313E-16,5.45));
#14762=CARTESIAN_POINT('Origin',(-0.4,-2.,6.1));
#14763=CARTESIAN_POINT('',(-0.4,-2.,6.1));
#14764=CARTESIAN_POINT('Origin',(0.4,2.,6.1));
#14765=CARTESIAN_POINT('',(0.4,2.,6.1));
#14766=CARTESIAN_POINT('Origin',(0.,0.,6.1));
#14767=CARTESIAN_POINT('Origin',(0.,0.,1.));
#14768=CARTESIAN_POINT('',(1.1,-1.34711147906209E-16,0.));
#14769=CARTESIAN_POINT('Origin',(0.,0.,0.));
#14770=CARTESIAN_POINT('',(1.1,-1.34711147906209E-16,1.));
#14771=CARTESIAN_POINT('',(1.1,-1.34711147906209E-16,1.));
#14772=CARTESIAN_POINT('Origin',(0.,0.,1.));
#14773=CARTESIAN_POINT('Origin',(0.,0.,1.));
#14774=CARTESIAN_POINT('',(-1.25,-1.53080849893419E-16,1.));
#14775=CARTESIAN_POINT('Origin',(0.,0.,1.));
#14776=CARTESIAN_POINT('Origin',(0.,0.,0.));
#14777=CARTESIAN_POINT('Origin',(0.,0.,1.2));
#14778=CARTESIAN_POINT('',(-1.45,-1.77573785876366E-16,1.2));
#14779=CARTESIAN_POINT('',(0.,0.,0.));
#14780=CARTESIAN_POINT('Origin',(1.95,2.45,3.5));
#14781=CARTESIAN_POINT('',(-1.95,2.45,3.5));
#14782=CARTESIAN_POINT('',(-1.95,-2.45,3.5));
#14783=CARTESIAN_POINT('',(-1.95,2.45,3.5));
#14784=CARTESIAN_POINT('',(1.95,-2.45,3.5));
#14785=CARTESIAN_POINT('',(1.95,-2.45,3.5));
#14786=CARTESIAN_POINT('',(1.95,2.45,3.5));
#14787=CARTESIAN_POINT('',(1.95,2.45,3.5));
#14788=CARTESIAN_POINT('',(1.95,2.45,3.5));
#14789=CARTESIAN_POINT('',(0.,1.475,3.5));
#14790=CARTESIAN_POINT('Origin',(0.,-3.09772049281573E-16,3.5));
#14791=CARTESIAN_POINT('Origin',(-1.25,6.94255023941847,-1.8));
#14792=CARTESIAN_POINT('',(-1.25,2.45,1.9));
#14793=CARTESIAN_POINT('',(-1.25,0.783022988168292,1.9));
#14794=CARTESIAN_POINT('',(-1.25,6.94255023941847,1.9));
#14795=CARTESIAN_POINT('',(-1.25,0.783022988168293,-0.4));
#14796=CARTESIAN_POINT('',(-1.25,0.783022988168293,-0.4));
#14797=CARTESIAN_POINT('',(-1.25,-0.783022988168293,-0.4));
#14798=CARTESIAN_POINT('',(-1.25,6.94255023941847,-0.4));
#14799=CARTESIAN_POINT('',(-1.25,-0.783022988168293,1.9));
#14800=CARTESIAN_POINT('',(-1.25,-0.783022988168293,-0.4));
#14801=CARTESIAN_POINT('',(-1.25,-2.45,1.9));
#14802=CARTESIAN_POINT('',(-1.25,6.94255023941847,1.9));
#14803=CARTESIAN_POINT('',(-1.25,-2.45,-1.8));
#14804=CARTESIAN_POINT('',(-1.25,-2.45,-1.8));
#14805=CARTESIAN_POINT('',(-1.25,2.45,-1.8));
#14806=CARTESIAN_POINT('',(-1.25,6.94255023941847,-1.8));
#14807=CARTESIAN_POINT('',(-1.25,2.45,-3.5));
#14808=CARTESIAN_POINT('Origin',(-1.25,6.94255023941847,1.9));
#14809=CARTESIAN_POINT('',(1.25,-0.783022988168293,1.9));
#14810=CARTESIAN_POINT('Origin',(0.,-1.68161969609997E-16,1.9));
#14811=CARTESIAN_POINT('',(1.25,-2.45,1.9));
#14812=CARTESIAN_POINT('',(1.25,6.94255023941847,1.9));
#14813=CARTESIAN_POINT('',(-1.25,-2.45,1.9));
#14814=CARTESIAN_POINT('Origin',(-1.25,6.94255023941847,1.9));
#14815=CARTESIAN_POINT('',(1.25,2.45,1.9));
#14816=CARTESIAN_POINT('',(1.25,0.783022988168292,1.9));
#14817=CARTESIAN_POINT('',(1.25,6.94255023941847,1.9));
#14818=CARTESIAN_POINT('',(-1.80635402874235E-16,1.475,1.9));
#14819=CARTESIAN_POINT('Origin',(0.,-1.68161969609997E-16,1.9));
#14820=CARTESIAN_POINT('Origin',(0.,-1.68161969609997E-16,1.9));
#14821=CARTESIAN_POINT('',(1.95,2.45,1.9));
#14822=CARTESIAN_POINT('Origin',(1.25,6.94255023941847,1.9));
#14823=CARTESIAN_POINT('',(1.25,-0.783022988168293,-0.4));
#14824=CARTESIAN_POINT('',(1.25,-0.783022988168293,-0.4));
#14825=CARTESIAN_POINT('',(1.25,0.783022988168293,-0.4));
#14826=CARTESIAN_POINT('',(1.25,6.94255023941847,-0.4));
#14827=CARTESIAN_POINT('',(1.25,0.783022988168293,-0.4));
#14828=CARTESIAN_POINT('',(1.25,2.45,-1.8));
#14829=CARTESIAN_POINT('',(1.25,2.45,-3.5));
#14830=CARTESIAN_POINT('',(1.25,-2.45,-1.8));
#14831=CARTESIAN_POINT('',(1.25,6.94255023941847,-1.8));
#14832=CARTESIAN_POINT('',(1.25,-2.45,1.9));
#14833=CARTESIAN_POINT('Origin',(1.95,-2.45,3.5));
#14834=CARTESIAN_POINT('',(-1.95,-2.45,-3.5));
#14835=CARTESIAN_POINT('',(-1.95,-2.45,3.5));
#14836=CARTESIAN_POINT('',(1.95,-2.45,-3.5));
#14837=CARTESIAN_POINT('',(1.95,-2.45,-3.5));
#14838=CARTESIAN_POINT('',(1.95,-2.45,3.5));
#14839=CARTESIAN_POINT('',(1.25,-2.45,-1.8));
#14840=CARTESIAN_POINT('Origin',(1.95,2.45,-3.5));
#14841=CARTESIAN_POINT('',(-1.95,2.45,-3.5));
#14842=CARTESIAN_POINT('',(-1.95,2.45,-3.5));
#14843=CARTESIAN_POINT('',(1.95,2.45,-3.5));
#14844=CARTESIAN_POINT('',(1.95,2.45,-3.5));
#14845=CARTESIAN_POINT('',(1.95,2.45,-3.5));
#14846=CARTESIAN_POINT('',(1.95,2.45,-1.8));
#14847=CARTESIAN_POINT('Origin',(1.95,-2.45,-3.5));
#14848=CARTESIAN_POINT('',(-1.95,-2.45,-3.5));
#14849=CARTESIAN_POINT('',(1.95,-2.45,-3.5));
#14850=CARTESIAN_POINT('Origin',(1.95,0.,0.));
#14851=CARTESIAN_POINT('Origin',(-1.95,0.,0.));
#14852=CARTESIAN_POINT('Origin',(1.25,6.94255023941847,-1.8));
#14853=CARTESIAN_POINT('Origin',(0.,3.5402519917894E-17,-0.4));
#14854=CARTESIAN_POINT('Origin',(0.,3.5402519917894E-17,-0.4));
#14855=CARTESIAN_POINT('Origin',(0.,3.5402519917894E-17,-0.4));
#14856=CARTESIAN_POINT('',(-1.80635402874235E-16,1.475,-0.4));
#14857=CARTESIAN_POINT('Origin',(0.,3.5402519917894E-17,-0.4));
#14858=CARTESIAN_POINT('Origin',(0.,3.5402519917894E-17,-0.4));
#14859=CARTESIAN_POINT('',(0.,0.,0.));
#14860=CARTESIAN_POINT('Origin',(3.09398331853972,5.15760561037983,1.475));
#14861=CARTESIAN_POINT('',(3.09398331853972,5.15760561037983,1.23493954436738));
#14862=CARTESIAN_POINT('',(3.09398331853972,5.15760561037983,-1.23493954436738));
#14863=CARTESIAN_POINT('',(3.09398331853972,5.15760561037983,1.475));
#14864=CARTESIAN_POINT('',(3.15838598346672,4.89282802584686,0.975));
#14865=CARTESIAN_POINT('',(3.17294548181146,4.83296980712095,0.916235516104208));
#14866=CARTESIAN_POINT('',(3.86600384774374,1.98361069628416,0.975));
#14867=CARTESIAN_POINT('',(3.86600384774374,1.98361069628416,0.975));
#14868=CARTESIAN_POINT('',(3.86600384774374,1.98361069628416,-0.975));
#14869=CARTESIAN_POINT('',(3.86600384774374,1.98361069628416,1.475));
#14870=CARTESIAN_POINT('',(3.15838598346672,4.89282802584686,-0.975000000000001));
#14871=CARTESIAN_POINT('',(3.09398331853972,5.15760561037983,-0.975000000000001));
#14872=CARTESIAN_POINT('',(3.17294548181146,4.83296980712095,-0.916235516104208));
#14873=CARTESIAN_POINT('Origin',(2.7,1.7,1.475));
#14874=CARTESIAN_POINT('',(3.9,1.7,0.975));
#14875=CARTESIAN_POINT('Origin',(2.7,1.7,0.975));
#14876=CARTESIAN_POINT('',(3.9,1.7,-0.975));
#14877=CARTESIAN_POINT('',(3.9,1.7,1.475));
#14878=CARTESIAN_POINT('Origin',(2.7,1.7,-0.975));
#14879=CARTESIAN_POINT('Origin',(3.9,1.7,1.475));
#14880=CARTESIAN_POINT('',(3.9,1.1,0.975));
#14881=CARTESIAN_POINT('',(3.9,1.1,0.975));
#14882=CARTESIAN_POINT('',(3.9,1.1,-0.975));
#14883=CARTESIAN_POINT('',(3.9,1.1,1.475));
#14884=CARTESIAN_POINT('',(3.9,1.7,-0.975));
#14885=CARTESIAN_POINT('Origin',(3.3,1.1,1.475));
#14886=CARTESIAN_POINT('',(3.3,0.5,0.975));
#14887=CARTESIAN_POINT('Origin',(3.3,1.1,0.975));
#14888=CARTESIAN_POINT('',(3.3,0.5,-0.975));
#14889=CARTESIAN_POINT('',(3.3,0.5,1.26152653920244));
#14890=CARTESIAN_POINT('Origin',(3.3,1.1,-0.975));
#14891=CARTESIAN_POINT('Origin',(2.70531536929181,5.06306871161845,1.475));
#14892=CARTESIAN_POINT('',(2.73997932492785,4.92055537845012,0.975));
#14893=CARTESIAN_POINT('',(3.47733589849583,1.88907379752277,0.975));
#14894=CARTESIAN_POINT('',(2.70531536929181,5.06306871161845,0.975));
#14895=CARTESIAN_POINT('',(2.7053153692918,5.06306871161845,1.11490931655107));
#14896=CARTESIAN_POINT('',(2.66281036503282,5.23781881506548,1.28646637017513));
#14897=CARTESIAN_POINT('',(2.7053153692918,5.06306871161845,-1.11490931655107));
#14898=CARTESIAN_POINT('',(2.7053153692918,5.06306871161845,1.475));
#14899=CARTESIAN_POINT('',(2.73997932492785,4.92055537845012,-0.975000000000001));
#14900=CARTESIAN_POINT('',(3.01102754566918,3.80619942344117,0.118994341397992));
#14901=CARTESIAN_POINT('',(3.47733589849583,1.88907379752277,-0.975));
#14902=CARTESIAN_POINT('',(3.47733589849583,1.88907379752277,-0.975));
#14903=CARTESIAN_POINT('',(3.47733589849583,1.88907379752277,1.475));
#14904=CARTESIAN_POINT('Origin',(2.7,1.7,1.475));
#14905=CARTESIAN_POINT('',(3.5,1.7,0.975));
#14906=CARTESIAN_POINT('Origin',(2.7,1.7,0.975));
#14907=CARTESIAN_POINT('',(3.5,1.7,-0.975));
#14908=CARTESIAN_POINT('Origin',(2.7,1.7,-0.975));
#14909=CARTESIAN_POINT('',(3.5,1.7,1.475));
#14910=CARTESIAN_POINT('Origin',(3.5,1.7,1.475));
#14911=CARTESIAN_POINT('',(3.5,1.1,0.975));
#14912=CARTESIAN_POINT('',(3.5,1.7,0.975));
#14913=CARTESIAN_POINT('',(3.5,1.1,-0.975));
#14914=CARTESIAN_POINT('',(3.5,1.1,-0.975));
#14915=CARTESIAN_POINT('',(3.5,1.1,1.475));
#14916=CARTESIAN_POINT('Origin',(3.3,1.1,1.475));
#14917=CARTESIAN_POINT('',(3.3,0.9,0.975));
#14918=CARTESIAN_POINT('Origin',(3.3,1.1,0.975));
#14919=CARTESIAN_POINT('',(3.3,0.9,-0.975));
#14920=CARTESIAN_POINT('Origin',(3.3,1.1,-0.975));
#14921=CARTESIAN_POINT('',(3.3,0.9,1.26152653920244));
#14922=CARTESIAN_POINT('Origin',(3.3,-0.101526539202438,1.56));
#14923=CARTESIAN_POINT('',(3.3,0.136748377503056,-1.60125631464692));
#14924=CARTESIAN_POINT('',(3.3,0.45,-1.85));
#14925=CARTESIAN_POINT('',(3.3,0.45,-1.85));
#14926=CARTESIAN_POINT('',(3.3,0.810888033807343,-1.39552107737161));
#14927=CARTESIAN_POINT('',(3.3,0.810888033807344,-1.39552107737161));
#14928=CARTESIAN_POINT('',(3.3,0.9,-1.14));
#14929=CARTESIAN_POINT('Origin',(3.3,0.489101404509765,-1.14));
#14930=CARTESIAN_POINT('',(3.3,0.9,-0.975));
#14931=CARTESIAN_POINT('',(3.3,0.5,-0.975));
#14932=CARTESIAN_POINT('',(3.3,0.5,-1.14));
#14933=CARTESIAN_POINT('',(3.3,0.5,-0.975));
#14934=CARTESIAN_POINT('',(3.3,0.4976364113104,-1.14677739201853));
#14935=CARTESIAN_POINT('Origin',(3.3,0.489101404509765,-1.14));
#14936=CARTESIAN_POINT('',(3.3,0.4976364113104,-1.14677739201853));
#14937=CARTESIAN_POINT('Origin',(1.5,1.1,1.475));
#14938=CARTESIAN_POINT('',(1.5,0.5,-0.975));
#14939=CARTESIAN_POINT('',(1.5,0.5,0.975));
#14940=CARTESIAN_POINT('',(1.5,0.5,1.26152653920244));
#14941=CARTESIAN_POINT('',(0.9,1.1,0.975));
#14942=CARTESIAN_POINT('Origin',(1.5,1.1,0.975));
#14943=CARTESIAN_POINT('',(0.9,1.1,-0.975));
#14944=CARTESIAN_POINT('',(0.9,1.1,1.475));
#14945=CARTESIAN_POINT('Origin',(1.5,1.1,-0.975));
#14946=CARTESIAN_POINT('Origin',(0.9,1.1,1.475));
#14947=CARTESIAN_POINT('',(0.9,1.7,0.975));
#14948=CARTESIAN_POINT('',(0.9,1.7,0.975));
#14949=CARTESIAN_POINT('',(0.9,1.7,-0.975));
#14950=CARTESIAN_POINT('',(0.9,1.7,1.475));
#14951=CARTESIAN_POINT('',(0.9,1.1,-0.975));
#14952=CARTESIAN_POINT('Origin',(2.1,1.7,1.475));
#14953=CARTESIAN_POINT('',(0.933996152256256,1.98361069628416,0.975));
#14954=CARTESIAN_POINT('Origin',(2.1,1.7,0.975));
#14955=CARTESIAN_POINT('',(0.933996152256257,1.98361069628416,-0.975));
#14956=CARTESIAN_POINT('',(0.933996152256257,1.98361069628416,1.475));
#14957=CARTESIAN_POINT('Origin',(2.1,1.7,-0.975));
#14958=CARTESIAN_POINT('Origin',(0.933996152256256,1.98361069628416,1.475));
#14959=CARTESIAN_POINT('',(1.64161401653328,4.89282802584686,0.975000000000001));
#14960=CARTESIAN_POINT('',(1.70601668146028,5.15760561037983,0.975000000000001));
#14961=CARTESIAN_POINT('',(1.70601668146028,5.15760561037983,1.23493954436738));
#14962=CARTESIAN_POINT('',(1.62705451818854,4.83296980712095,0.916235516104208));
#14963=CARTESIAN_POINT('',(1.70601668146028,5.15760561037983,-1.23493954436738));
#14964=CARTESIAN_POINT('',(1.70601668146028,5.15760561037983,1.475));
#14965=CARTESIAN_POINT('',(1.64161401653328,4.89282802584686,-0.975000000000001));
#14966=CARTESIAN_POINT('',(1.62705451818854,4.83296980712095,-0.916235516104208));
#14967=CARTESIAN_POINT('',(0.933996152256256,1.98361069628416,-0.975));
#14968=CARTESIAN_POINT('Origin',(1.5,1.1,1.475));
#14969=CARTESIAN_POINT('',(1.5,0.9,0.975));
#14970=CARTESIAN_POINT('',(1.3,1.1,0.975));
#14971=CARTESIAN_POINT('Origin',(1.5,1.1,0.975));
#14972=CARTESIAN_POINT('',(1.5,0.9,-0.975));
#14973=CARTESIAN_POINT('',(1.5,0.9,1.26152653920244));
#14974=CARTESIAN_POINT('',(1.3,1.1,-0.975));
#14975=CARTESIAN_POINT('Origin',(1.5,1.1,-0.975));
#14976=CARTESIAN_POINT('',(1.3,1.1,1.475));
#14977=CARTESIAN_POINT('Origin',(1.3,1.1,1.475));
#14978=CARTESIAN_POINT('',(1.3,1.7,0.975));
#14979=CARTESIAN_POINT('',(1.3,1.1,0.975));
#14980=CARTESIAN_POINT('',(1.3,1.7,-0.975));
#14981=CARTESIAN_POINT('',(1.3,1.1,-0.975));
#14982=CARTESIAN_POINT('',(1.3,1.7,1.475));
#14983=CARTESIAN_POINT('Origin',(2.1,1.7,1.475));
#14984=CARTESIAN_POINT('',(1.32266410150417,1.88907379752277,0.975));
#14985=CARTESIAN_POINT('Origin',(2.1,1.7,0.975));
#14986=CARTESIAN_POINT('',(1.32266410150417,1.88907379752277,-0.975));
#14987=CARTESIAN_POINT('Origin',(2.1,1.7,-0.975));
#14988=CARTESIAN_POINT('',(1.32266410150417,1.88907379752277,1.475));
#14989=CARTESIAN_POINT('Origin',(1.32266410150417,1.88907379752277,1.475));
#14990=CARTESIAN_POINT('',(2.06002067507215,4.92055537845012,0.975000000000001));
#14991=CARTESIAN_POINT('',(1.32266410150417,1.88907379752277,0.975));
#14992=CARTESIAN_POINT('',(2.06002067507215,4.92055537845012,-0.975000000000001));
#14993=CARTESIAN_POINT('',(1.32266410150417,1.88907379752277,-0.975));
#14994=CARTESIAN_POINT('',(2.09468463070819,5.06306871161845,-1.11490931655107));
#14995=CARTESIAN_POINT('',(1.38476362760956,2.14438252646224,1.75044636851972));
#14996=CARTESIAN_POINT('',(2.09468463070819,5.06306871161845,1.11490931655107));
#14997=CARTESIAN_POINT('',(2.09468463070819,5.06306871161845,1.475));
#14998=CARTESIAN_POINT('',(1.73298080824592,3.57600191808655,-0.344985656946597));
#14999=CARTESIAN_POINT('Origin',(1.5,-0.101526539202438,1.56));
#15000=CARTESIAN_POINT('',(1.5,0.5,1.15));
#15001=CARTESIAN_POINT('',(1.5,0.5,0.975));
#15002=CARTESIAN_POINT('',(1.5,0.49,1.16));
#15003=CARTESIAN_POINT('Origin',(1.5,0.49,1.15));
#15004=CARTESIAN_POINT('',(1.5,0.0099999999999997,1.16));
#15005=CARTESIAN_POINT('',(1.5,-0.101526539202438,1.16));
#15006=CARTESIAN_POINT('',(1.5,-9.80652174991902E-17,1.15));
#15007=CARTESIAN_POINT('Origin',(1.5,0.00999999999999986,1.15));
#15008=CARTESIAN_POINT('',(1.5,-0.4,1.15));
#15009=CARTESIAN_POINT('',(1.5,-0.4,1.15));
#15010=CARTESIAN_POINT('',(1.5,0.0099999999999997,1.56));
#15011=CARTESIAN_POINT('Origin',(1.5,0.00999999999999986,1.15));
#15012=CARTESIAN_POINT('',(1.5,0.49,1.56));
#15013=CARTESIAN_POINT('',(1.5,-0.101526539202438,1.56));
#15014=CARTESIAN_POINT('',(1.5,0.9,1.15));
#15015=CARTESIAN_POINT('Origin',(1.5,0.49,1.15));
#15016=CARTESIAN_POINT('',(1.5,0.9,0.975));
#15017=CARTESIAN_POINT('',(1.5,0.5,0.975));
#15018=CARTESIAN_POINT('Origin',(3.3,-0.101526539202438,1.56));
#15019=CARTESIAN_POINT('',(3.3,0.49,1.16));
#15020=CARTESIAN_POINT('',(3.3,0.5,1.15));
#15021=CARTESIAN_POINT('Origin',(3.3,0.49,1.15));
#15022=CARTESIAN_POINT('',(3.3,0.5,1.26152653920244));
#15023=CARTESIAN_POINT('',(3.3,0.9,0.975));
#15024=CARTESIAN_POINT('',(3.3,0.9,1.15));
#15025=CARTESIAN_POINT('',(3.3,0.9,1.26152653920244));
#15026=CARTESIAN_POINT('',(3.3,0.49,1.56));
#15027=CARTESIAN_POINT('Origin',(3.3,0.49,1.15));
#15028=CARTESIAN_POINT('',(3.3,0.0099999999999997,1.56));
#15029=CARTESIAN_POINT('',(3.3,-0.101526539202438,1.56));
#15030=CARTESIAN_POINT('',(3.3,-0.4,1.15));
#15031=CARTESIAN_POINT('Origin',(3.3,0.00999999999999976,1.15));
#15032=CARTESIAN_POINT('',(3.3,-2.08283429422452E-16,1.15));
#15033=CARTESIAN_POINT('',(3.3,-0.4,1.15));
#15034=CARTESIAN_POINT('',(3.3,0.00999999999999976,1.16));
#15035=CARTESIAN_POINT('Origin',(3.3,0.00999999999999976,1.15));
#15036=CARTESIAN_POINT('',(3.3,-0.101526539202438,1.16));
#15037=CARTESIAN_POINT('Origin',(1.5,-0.101526539202438,1.56));
#15038=CARTESIAN_POINT('',(1.5,0.5,-1.14));
#15039=CARTESIAN_POINT('',(1.5,0.4976364113104,-1.14677739201853));
#15040=CARTESIAN_POINT('Origin',(1.5,0.489101404509765,-1.14));
#15041=CARTESIAN_POINT('',(1.5,0.5,1.26152653920244));
#15042=CARTESIAN_POINT('',(1.5,0.9,-0.975));
#15043=CARTESIAN_POINT('',(1.5,0.9,-1.14));
#15044=CARTESIAN_POINT('',(1.5,0.9,1.26152653920244));
#15045=CARTESIAN_POINT('',(1.5,0.810888033807343,-1.39552107737161));
#15046=CARTESIAN_POINT('Origin',(1.5,0.489101404509765,-1.14));
#15047=CARTESIAN_POINT('',(1.5,0.45,-1.85));
#15048=CARTESIAN_POINT('',(1.5,0.810888033807344,-1.39552107737161));
#15049=CARTESIAN_POINT('',(1.5,0.136748377503056,-1.60125631464692));
#15050=CARTESIAN_POINT('',(1.5,0.45,-1.85));
#15051=CARTESIAN_POINT('',(1.5,0.4976364113104,-1.14677739201853));
#15052=CARTESIAN_POINT('Origin',(-8.55670597438364E-33,7.10295143505465E-17,
1.56));
#15053=CARTESIAN_POINT('',(3.3,0.49,1.56));
#15054=CARTESIAN_POINT('',(1.5,0.0099999999999997,1.56));
#15055=CARTESIAN_POINT('Origin',(-0.414875442062374,-7.,1.15));
#15056=CARTESIAN_POINT('',(4.,-2.71050543121376E-16,1.15));
#15057=CARTESIAN_POINT('',(-0.101526539202438,0.,1.15));
#15058=CARTESIAN_POINT('',(4.,-0.4,1.15));
#15059=CARTESIAN_POINT('',(-0.101526539202438,-0.4,1.15));
#15060=CARTESIAN_POINT('',(4.,-2.71050543121376E-16,1.15));
#15061=CARTESIAN_POINT('Origin',(-0.414875442062374,-7.,1.15));
#15062=CARTESIAN_POINT('',(-0.638913154181358,-6.61295077373997,1.15));
#15063=CARTESIAN_POINT('',(-0.19886456186049,-5.94485105334156,1.15));
#15064=CARTESIAN_POINT('',(-0.748925302261575,-6.77997570383957,1.15));
#15065=CARTESIAN_POINT('',(-0.304863293982157,-6.8329750699004,1.15));
#15066=CARTESIAN_POINT('',(-0.304863293982157,-6.8329750699004,1.15));
#15067=CARTESIAN_POINT('',(0.135185298338711,-6.164875349502,1.15));
#15068=CARTESIAN_POINT('',(-0.414875442062374,-7.,1.15));
#15069=CARTESIAN_POINT('',(0.135185298338711,-5.56210190831097,1.15));
#15070=CARTESIAN_POINT('Origin',(-0.322392313032974,-5.86348862890648,1.15));
#15071=CARTESIAN_POINT('',(0.135185298338711,-4.95932846711994,1.15));
#15072=CARTESIAN_POINT('Origin',(0.592762909710396,-5.26071518771545,1.15));
#15073=CARTESIAN_POINT('',(0.135185298338711,-4.35655502592891,1.15));
#15074=CARTESIAN_POINT('Origin',(-0.322392313032974,-4.65794174652442,1.15));
#15075=CARTESIAN_POINT('',(0.135185298338711,-3.75378158473787,1.15));
#15076=CARTESIAN_POINT('Origin',(0.592762909710396,-4.05516830533339,1.15));
#15077=CARTESIAN_POINT('',(0.135185298338711,-3.15100814354684,1.15));
#15078=CARTESIAN_POINT('Origin',(-0.322392313032974,-3.45239486414236,1.15));
#15079=CARTESIAN_POINT('',(-2.16840434497101E-16,-2.7,1.15));
#15080=CARTESIAN_POINT('Origin',(0.819924256397547,-2.7,1.15));
#15081=CARTESIAN_POINT('',(0.,-0.41,1.15));
#15082=CARTESIAN_POINT('',(0.,-2.7,1.15));
#15083=CARTESIAN_POINT('',(0.01,-0.4,1.15));
#15084=CARTESIAN_POINT('Origin',(0.01,-0.41,1.15));
#15085=CARTESIAN_POINT('',(-0.101526539202438,-0.4,1.15));
#15086=CARTESIAN_POINT('',(0.00999999999999997,-6.82903096271236E-18,1.15));
#15087=CARTESIAN_POINT('',(-0.101526539202438,0.,1.15));
#15088=CARTESIAN_POINT('',(-0.4,-0.41,1.15));
#15089=CARTESIAN_POINT('Origin',(0.01,-0.41,1.15));
#15090=CARTESIAN_POINT('',(-0.4,-2.7,1.15));
#15091=CARTESIAN_POINT('',(-0.4,-2.7,1.15));
#15092=CARTESIAN_POINT('',(-0.19886456186049,-3.37103243970728,1.15));
#15093=CARTESIAN_POINT('Origin',(0.819924256397547,-2.7,1.15));
#15094=CARTESIAN_POINT('',(-0.19886456186049,-3.53375728857744,1.15));
#15095=CARTESIAN_POINT('Origin',(-0.322392313032974,-3.45239486414236,1.15));
#15096=CARTESIAN_POINT('',(-0.19886456186049,-4.57657932208934,1.15));
#15097=CARTESIAN_POINT('Origin',(0.592762909710396,-4.05516830533339,1.15));
#15098=CARTESIAN_POINT('',(-0.198864561860489,-4.7393041709595,1.15));
#15099=CARTESIAN_POINT('Origin',(-0.322392313032974,-4.65794174652442,1.15));
#15100=CARTESIAN_POINT('',(-0.19886456186049,-5.7821262044714,1.15));
#15101=CARTESIAN_POINT('Origin',(0.592762909710396,-5.26071518771545,1.15));
#15102=CARTESIAN_POINT('Origin',(-0.322392313032974,-5.86348862890648,1.15));
#15103=CARTESIAN_POINT('Origin',(0.,-2.7,-1.15));
#15104=CARTESIAN_POINT('',(4.,-0.4,-1.15));
#15105=CARTESIAN_POINT('',(3.3,-0.4,-1.15));
#15106=CARTESIAN_POINT('',(-0.101526539202438,-0.4,-1.15));
#15107=CARTESIAN_POINT('',(3.3,-2.08283429422452E-16,-1.15));
#15108=CARTESIAN_POINT('',(3.3,-0.4,-1.15));
#15109=CARTESIAN_POINT('',(4.,-2.71050543121376E-16,-1.15));
#15110=CARTESIAN_POINT('',(-0.101526539202438,0.,-1.15));
#15111=CARTESIAN_POINT('',(4.,-2.71050543121376E-16,-1.15));
#15112=CARTESIAN_POINT('Origin',(0.,-2.7,-1.15));
#15113=CARTESIAN_POINT('',(-0.304863293982157,-6.8329750699004,-1.15));
#15114=CARTESIAN_POINT('',(0.135185298338711,-6.164875349502,-1.15));
#15115=CARTESIAN_POINT('',(-0.414875442062374,-7.,-1.15));
#15116=CARTESIAN_POINT('',(-0.638913154181358,-6.61295077373997,-1.15));
#15117=CARTESIAN_POINT('',(-1.99080331373967,-5.72251878653405,-1.15));
#15118=CARTESIAN_POINT('',(-0.19886456186049,-5.94485105334156,-1.15));
#15119=CARTESIAN_POINT('',(-0.748925302261575,-6.77997570383957,-1.15));
#15120=CARTESIAN_POINT('',(-0.19886456186049,-5.7821262044714,-1.15));
#15121=CARTESIAN_POINT('Origin',(-0.322392313032974,-5.86348862890648,-1.15));
#15122=CARTESIAN_POINT('',(-0.19886456186049,-4.7393041709595,-1.15));
#15123=CARTESIAN_POINT('Origin',(0.592762909710396,-5.26071518771545,-1.15));
#15124=CARTESIAN_POINT('',(-0.19886456186049,-4.57657932208934,-1.15));
#15125=CARTESIAN_POINT('Origin',(-0.322392313032974,-4.65794174652442,-1.15));
#15126=CARTESIAN_POINT('',(-0.19886456186049,-3.53375728857744,-1.15));
#15127=CARTESIAN_POINT('Origin',(0.592762909710396,-4.05516830533339,-1.15));
#15128=CARTESIAN_POINT('',(-0.19886456186049,-3.37103243970728,-1.15));
#15129=CARTESIAN_POINT('Origin',(-0.322392313032974,-3.45239486414236,-1.15));
#15130=CARTESIAN_POINT('',(-0.4,-2.7,-1.15));
#15131=CARTESIAN_POINT('Origin',(0.819924256397547,-2.7,-1.15));
#15132=CARTESIAN_POINT('',(-0.4,-0.41,-1.15));
#15133=CARTESIAN_POINT('',(-0.4,-2.7,-1.15));
#15134=CARTESIAN_POINT('',(0.00999999999999997,-6.82903096271236E-18,-1.15));
#15135=CARTESIAN_POINT('Origin',(0.01,-0.41,-1.15));
#15136=CARTESIAN_POINT('',(1.5,-9.18485099360515E-17,-1.15));
#15137=CARTESIAN_POINT('',(-0.101526539202438,0.,-1.15));
#15138=CARTESIAN_POINT('',(1.5,-0.4,-1.15));
#15139=CARTESIAN_POINT('',(1.5,-0.4,-1.15));
#15140=CARTESIAN_POINT('',(0.00999999999999997,-0.4,-1.15));
#15141=CARTESIAN_POINT('',(-0.101526539202438,-0.4,-1.15));
#15142=CARTESIAN_POINT('',(0.,-0.41,-1.15));
#15143=CARTESIAN_POINT('Origin',(0.01,-0.41,-1.15));
#15144=CARTESIAN_POINT('',(-2.16840434497101E-16,-2.7,-1.15));
#15145=CARTESIAN_POINT('',(0.,-2.7,-1.15));
#15146=CARTESIAN_POINT('',(0.135185298338711,-3.15100814354684,-1.15));
#15147=CARTESIAN_POINT('Origin',(0.819924256397547,-2.7,-1.15));
#15148=CARTESIAN_POINT('',(0.135185298338711,-3.75378158473787,-1.15));
#15149=CARTESIAN_POINT('Origin',(-0.322392313032974,-3.45239486414236,-1.15));
#15150=CARTESIAN_POINT('',(0.135185298338711,-4.35655502592891,-1.15));
#15151=CARTESIAN_POINT('Origin',(0.592762909710396,-4.05516830533339,-1.15));
#15152=CARTESIAN_POINT('',(0.135185298338711,-4.95932846711994,-1.15));
#15153=CARTESIAN_POINT('Origin',(-0.322392313032974,-4.65794174652442,-1.15));
#15154=CARTESIAN_POINT('',(0.135185298338711,-5.56210190831097,-1.15));
#15155=CARTESIAN_POINT('Origin',(0.592762909710396,-5.26071518771545,-1.15));
#15156=CARTESIAN_POINT('Origin',(-0.322392313032974,-5.86348862890648,-1.15));
#15157=CARTESIAN_POINT('Origin',(-0.4,-2.7,-1.15));
#15158=CARTESIAN_POINT('',(-0.4,-0.41,1.15));
#15159=CARTESIAN_POINT('',(-0.4,-2.7,-1.15));
#15160=CARTESIAN_POINT('Origin',(-0.414875442062374,-7.,-1.15));
#15161=CARTESIAN_POINT('',(-0.414875442062374,-7.,-0.95));
#15162=CARTESIAN_POINT('',(-0.414875442062374,-7.,0.95));
#15163=CARTESIAN_POINT('',(-0.414875442062374,-7.,-1.15));
#15164=CARTESIAN_POINT('',(-0.748925302261575,-6.77997570383957,0.95));
#15165=CARTESIAN_POINT('',(-0.414875442062374,-7.,0.95));
#15166=CARTESIAN_POINT('',(-0.748925302261575,-6.77997570383957,-0.95));
#15167=CARTESIAN_POINT('',(-0.748925302261575,-6.77997570383957,-1.15));
#15168=CARTESIAN_POINT('',(-0.414875442062374,-7.,-0.95));
#15169=CARTESIAN_POINT('Origin',(-0.414875442062374,-7.,-1.15));
#15170=CARTESIAN_POINT('Origin',(-0.304863293982157,-6.8329750699004,0.95));
#15171=CARTESIAN_POINT('Origin',(-0.304863293982157,-6.8329750699004,-0.95));
#15172=CARTESIAN_POINT('',(0.135185298338711,-6.164875349502,-1.15));
#15173=CARTESIAN_POINT('Origin',(-0.322392313032974,-5.86348862890648,-1.15));
#15174=CARTESIAN_POINT('',(0.135185298338711,-5.56210190831097,-1.15));
#15175=CARTESIAN_POINT('Origin',(0.592762909710396,-5.26071518771545,-1.15));
#15176=CARTESIAN_POINT('',(0.135185298338711,-4.95932846711994,-1.15));
#15177=CARTESIAN_POINT('Origin',(-0.322392313032974,-4.65794174652442,-1.15));
#15178=CARTESIAN_POINT('',(0.135185298338711,-4.35655502592891,-1.15));
#15179=CARTESIAN_POINT('Origin',(0.592762909710396,-4.05516830533339,-1.15));
#15180=CARTESIAN_POINT('',(0.135185298338711,-3.75378158473787,-1.15));
#15181=CARTESIAN_POINT('Origin',(-0.322392313032974,-3.45239486414236,-1.15));
#15182=CARTESIAN_POINT('',(0.135185298338711,-3.15100814354684,-1.15));
#15183=CARTESIAN_POINT('Origin',(0.819924256397547,-2.7,-1.15));
#15184=CARTESIAN_POINT('',(-2.16840434497101E-16,-2.7,-1.15));
#15185=CARTESIAN_POINT('Origin',(0.,-2.7,-1.15));
#15186=CARTESIAN_POINT('',(0.,-0.41,1.15));
#15187=CARTESIAN_POINT('Origin',(-0.748925302261575,-6.77997570383957,-1.15));
#15188=CARTESIAN_POINT('Origin',(-0.638913154181358,-6.61295077373997,0.95));
#15189=CARTESIAN_POINT('',(-0.19886456186049,-5.94485105334156,-1.15));
#15190=CARTESIAN_POINT('Origin',(-0.638913154181358,-6.61295077373997,-0.95));
#15191=CARTESIAN_POINT('Origin',(-0.322392313032974,-5.86348862890648,-1.15));
#15192=CARTESIAN_POINT('',(-0.19886456186049,-5.7821262044714,-1.15));
#15193=CARTESIAN_POINT('Origin',(0.592762909710396,-5.26071518771545,-1.15));
#15194=CARTESIAN_POINT('',(-0.198864561860489,-4.7393041709595,-1.15));
#15195=CARTESIAN_POINT('Origin',(-0.322392313032974,-4.65794174652442,-1.15));
#15196=CARTESIAN_POINT('',(-0.19886456186049,-4.57657932208934,-1.15));
#15197=CARTESIAN_POINT('Origin',(0.592762909710396,-4.05516830533339,-1.15));
#15198=CARTESIAN_POINT('',(-0.19886456186049,-3.53375728857744,-1.15));
#15199=CARTESIAN_POINT('Origin',(-0.322392313032974,-3.45239486414236,-1.15));
#15200=CARTESIAN_POINT('',(-0.19886456186049,-3.37103243970728,-1.15));
#15201=CARTESIAN_POINT('Origin',(0.819924256397547,-2.7,-1.15));
#15202=CARTESIAN_POINT('Origin',(0.,0.,1.82625465373418E-32));
#15203=CARTESIAN_POINT('',(0.0100000000000001,-5.42101086242752E-17,1.15));
#15204=CARTESIAN_POINT('',(4.,-2.71050543121376E-16,1.15));
#15205=CARTESIAN_POINT('',(3.3,-2.02066721859313E-16,-1.85));
#15206=CARTESIAN_POINT('',(3.3,-2.02066721859313E-16,-1.85));
#15207=CARTESIAN_POINT('',(1.5,-9.18485099360515E-17,-1.85));
#15208=CARTESIAN_POINT('',(1.5,-9.18485099360515E-17,-1.85));
#15209=CARTESIAN_POINT('',(1.5,-9.18485099360515E-17,-1.15));
#15210=CARTESIAN_POINT('',(0.00999999999999997,-6.82903096271236E-18,-1.15));
#15211=CARTESIAN_POINT('Origin',(-2.44929359829471E-17,-0.4,0.));
#15212=CARTESIAN_POINT('',(1.5,-0.4,-1.85));
#15213=CARTESIAN_POINT('',(1.5,-0.4,-1.15));
#15214=CARTESIAN_POINT('',(3.3,-0.4,-1.85));
#15215=CARTESIAN_POINT('',(1.5,-0.4,-1.85));
#15216=CARTESIAN_POINT('',(3.3,-0.4,-1.85));
#15217=CARTESIAN_POINT('',(4.,-0.4,1.15));
#15218=CARTESIAN_POINT('',(3.3,-0.4,1.15));
#15219=CARTESIAN_POINT('',(0.00999999999999995,-0.4,-1.15));
#15220=CARTESIAN_POINT('Origin',(4.,-2.71050543121376E-16,1.15));
#15221=CARTESIAN_POINT('Origin',(0.01,-0.41,1.15));
#15222=CARTESIAN_POINT('Origin',(0.01,-0.41,1.15));
#15223=CARTESIAN_POINT('Origin',(3.3,-0.4,-1.85));
#15224=CARTESIAN_POINT('',(3.3,-0.4,-1.85));
#15225=CARTESIAN_POINT('Origin',(1.5,-0.4,-1.85));
#15226=CARTESIAN_POINT('',(1.5,-0.4,-1.85));
#15227=CARTESIAN_POINT('Origin',(1.5,-0.4,-1.15));
#15228=CARTESIAN_POINT('Origin',(-8.55670597438364E-33,7.10295143505465E-17,
1.16));
#15229=CARTESIAN_POINT('',(3.3,0.49,1.16));
#15230=CARTESIAN_POINT('',(1.5,0.00999999999999968,1.16));
#15231=CARTESIAN_POINT('Origin',(0.0100000000000001,0.00999999999999997,
1.15));
#15232=CARTESIAN_POINT('Origin',(0.0100000000000001,0.00999999999999997,
1.15));
#15233=CARTESIAN_POINT('Origin',(-2.80991216079992E-32,0.9,-1.15407989726147E-16));
#15234=CARTESIAN_POINT('',(1.5,0.9,1.15));
#15235=CARTESIAN_POINT('',(1.5,0.9,-1.14));
#15236=CARTESIAN_POINT('Origin',(0.,0.5,-6.12323399573676E-17));
#15237=CARTESIAN_POINT('',(1.5,0.5,1.15));
#15238=CARTESIAN_POINT('',(1.5,0.5,-1.14));
#15239=CARTESIAN_POINT('Origin',(3.3,0.49,1.15));
#15240=CARTESIAN_POINT('Origin',(3.3,0.49,1.15));
#15241=CARTESIAN_POINT('Origin',(1.5,0.45,-1.85));
#15242=CARTESIAN_POINT('',(1.5,0.136748377503056,-1.60125631464692));
#15243=CARTESIAN_POINT('',(1.5,0.45,-1.85));
#15244=CARTESIAN_POINT('Origin',(1.5,0.489101404509765,-1.14));
#15245=CARTESIAN_POINT('',(1.5,0.810888033807344,-1.39552107737161));
#15246=CARTESIAN_POINT('Origin',(1.5,0.810888033807344,-1.39552107737161));
#15247=CARTESIAN_POINT('Origin',(1.5,0.489101404509765,-1.14));
#15248=CARTESIAN_POINT('',(1.5,0.4976364113104,-1.14677739201853));
#15249=CARTESIAN_POINT('Origin',(1.5,0.4976364113104,-1.14677739201853));
#15250=CARTESIAN_POINT('Origin',(1.93394565872176,6.00199805525566,1.475));
#15251=CARTESIAN_POINT('',(1.71716056920522,5.48195552068571,1.475));
#15252=CARTESIAN_POINT('',(1.59885736680266,5.78355850613797,1.475));
#15253=CARTESIAN_POINT('Origin',(0.928680782964451,5.34667940790261,1.475));
#15254=CARTESIAN_POINT('',(2.11771991061476,5.50850015106176,1.475));
#15255=CARTESIAN_POINT('',(2.12057660794918,5.50868946127625,1.475));
#15256=CARTESIAN_POINT('',(1.93394565872177,6.00199805525566,1.475));
#15257=CARTESIAN_POINT('Origin',(0.928680782964451,5.34667940790261,1.475));
#15258=CARTESIAN_POINT('',(1.71852466577821,6.33245585404045,1.475));
#15259=CARTESIAN_POINT('',(1.93394565872176,6.00199805525566,1.475));
#15260=CARTESIAN_POINT('',(1.38343637385911,6.11401630492276,1.475));
#15261=CARTESIAN_POINT('',(1.71852466577821,6.33245585404045,1.475));
#15262=CARTESIAN_POINT('',(1.59885736680266,5.78355850613797,1.475));
#15263=CARTESIAN_POINT('Origin',(1.60930489121937,6.5,1.475));
#15264=CARTESIAN_POINT('',(1.27421659930027,6.28156045088232,1.275));
#15265=CARTESIAN_POINT('',(1.27421659930027,6.28156045088232,-1.275));
#15266=CARTESIAN_POINT('',(1.27421659930027,6.28156045088232,1.475));
#15267=CARTESIAN_POINT('',(1.60930489121937,6.5,1.275));
#15268=CARTESIAN_POINT('',(1.60930489121937,6.5,1.275));
#15269=CARTESIAN_POINT('',(1.60930489121937,6.5,-1.275));
#15270=CARTESIAN_POINT('',(1.60930489121937,6.5,1.475));
#15271=CARTESIAN_POINT('',(1.60930489121937,6.5,-1.275));
#15272=CARTESIAN_POINT('Origin',(1.5,1.1,-1.475));
#15273=CARTESIAN_POINT('',(2.11771991061476,5.50850015106176,-1.475));
#15274=CARTESIAN_POINT('',(1.93394565872177,6.00199805525566,-1.475));
#15275=CARTESIAN_POINT('Origin',(0.928680782964451,5.34667940790261,-1.475));
#15276=CARTESIAN_POINT('',(1.71716056920522,5.48195552068571,-1.475));
#15277=CARTESIAN_POINT('',(1.72145203926364,5.48223991172268,-1.475));
#15278=CARTESIAN_POINT('',(1.59885736680266,5.78355850613797,-1.475));
#15279=CARTESIAN_POINT('Origin',(0.928680782964451,5.34667940790261,-1.475));
#15280=CARTESIAN_POINT('',(1.38343637385911,6.11401630492276,-1.475));
#15281=CARTESIAN_POINT('',(1.59885736680266,5.78355850613797,-1.475));
#15282=CARTESIAN_POINT('',(1.71852466577821,6.33245585404045,-1.475));
#15283=CARTESIAN_POINT('',(-0.828565955670137,4.67204174728504,-1.475));
#15284=CARTESIAN_POINT('',(1.93394565872176,6.00199805525566,-1.475));
#15285=CARTESIAN_POINT('Origin',(0.928680782964451,5.34667940790261,1.475));
#15286=CARTESIAN_POINT('',(1.72866052384999,5.34098606330557,1.41642135623731));
#15287=CARTESIAN_POINT('Origin',(0.928680782964451,5.34667940790261,1.475));
#15288=CARTESIAN_POINT('Ctrl Pts',(1.72866052384999,5.34098606330557,1.41642135623731));
#15289=CARTESIAN_POINT('Ctrl Pts',(1.72866102689154,5.34105674637008,1.41649185134335));
#15290=CARTESIAN_POINT('Ctrl Pts',(1.7286615208058,5.34112746331574,1.41656227543953));
#15291=CARTESIAN_POINT('Ctrl Pts',(1.72878401913122,5.35900611528554,1.43434046075158));
#15292=CARTESIAN_POINT('Ctrl Pts',(1.72831040570125,5.38152412671558,1.44969563892932));
#15293=CARTESIAN_POINT('Ctrl Pts',(1.72463557017766,5.43062352861837,1.47002597751895));
#15294=CARTESIAN_POINT('Ctrl Pts',(1.72140719282442,5.45720335406429,1.475));
#15295=CARTESIAN_POINT('Ctrl Pts',(1.71716056920522,5.48195552068571,1.475));
#15296=CARTESIAN_POINT('',(1.59885736680266,5.78355850613797,1.475));
#15297=CARTESIAN_POINT('',(1.72866052384999,5.34098606330557,-1.41642135623731));
#15298=CARTESIAN_POINT('Ctrl Pts',(1.71716056920522,5.48195552068571,-1.475));
#15299=CARTESIAN_POINT('Ctrl Pts',(1.72140719282442,5.45720335406429,-1.475));
#15300=CARTESIAN_POINT('Ctrl Pts',(1.72463557017766,5.43062352861837,-1.47002597751895));
#15301=CARTESIAN_POINT('Ctrl Pts',(1.72831040570125,5.38152412671558,-1.44969563892932));
#15302=CARTESIAN_POINT('Ctrl Pts',(1.72878401913122,5.35900611528554,-1.43434046075158));
#15303=CARTESIAN_POINT('Ctrl Pts',(1.7286615208058,5.34112746331574,-1.41656227543953));
#15304=CARTESIAN_POINT('Ctrl Pts',(1.72866102689154,5.34105674637008,-1.41649185134335));
#15305=CARTESIAN_POINT('Ctrl Pts',(1.72866052384999,5.34098606330557,-1.41642135623731));
#15306=CARTESIAN_POINT('Origin',(0.928680782964451,5.34667940790261,-1.475));
#15307=CARTESIAN_POINT('Origin',(1.59885736680266,5.78355850613797,1.475));
#15308=CARTESIAN_POINT('Origin',(1.38343637385911,6.11401630492276,1.275));
#15309=CARTESIAN_POINT('Origin',(1.38343637385911,6.11401630492276,-1.275));
#15310=CARTESIAN_POINT('Origin',(0.928680782964451,5.34667940790261,1.475));
#15311=CARTESIAN_POINT('',(2.12850044016299,5.36748301816567,1.41642135623731));
#15312=CARTESIAN_POINT('Ctrl Pts',(2.11771991061477,5.50850015106176,1.475));
#15313=CARTESIAN_POINT('Ctrl Pts',(2.12110642512272,5.48361645458563,1.475));
#15314=CARTESIAN_POINT('Ctrl Pts',(2.1238485633173,5.45697582683705,1.47000111369569));
#15315=CARTESIAN_POINT('Ctrl Pts',(2.1273804754775,5.4078440983366,1.44962603800246));
#15316=CARTESIAN_POINT('Ctrl Pts',(2.1281891785197,5.38535414701043,1.43425036260124));
#15317=CARTESIAN_POINT('Ctrl Pts',(2.1284993538687,5.36754559809809,1.41648385031726));
#15318=CARTESIAN_POINT('Ctrl Pts',(2.12849989768556,5.36751430480651,1.41645261027561));
#15319=CARTESIAN_POINT('Ctrl Pts',(2.12850044016299,5.36748301816567,1.41642135623731));
#15320=CARTESIAN_POINT('Origin',(0.928680782964451,5.34667940790261,1.475));
#15321=CARTESIAN_POINT('',(2.12850044016299,5.36748301816566,-1.41642135623731));
#15322=CARTESIAN_POINT('Origin',(0.928680782964451,5.34667940790261,-1.475));
#15323=CARTESIAN_POINT('Ctrl Pts',(2.12850044016299,5.36748301816566,-1.41642135623731));
#15324=CARTESIAN_POINT('Ctrl Pts',(2.12849989768556,5.36751430480651,-1.4164526102756));
#15325=CARTESIAN_POINT('Ctrl Pts',(2.1284993538687,5.36754559809808,-1.41648385031726));
#15326=CARTESIAN_POINT('Ctrl Pts',(2.1281891785197,5.38535414701043,-1.43425036260124));
#15327=CARTESIAN_POINT('Ctrl Pts',(2.1273804754775,5.4078440983366,-1.44962603800246));
#15328=CARTESIAN_POINT('Ctrl Pts',(2.1238485633173,5.45697582683705,-1.47000111369569));
#15329=CARTESIAN_POINT('Ctrl Pts',(2.12110642512272,5.48361645458563,-1.475));
#15330=CARTESIAN_POINT('Ctrl Pts',(2.11771991061477,5.50850015106176,-1.475));
#15331=CARTESIAN_POINT('',(1.93394565872177,6.00199805525566,1.475));
#15332=CARTESIAN_POINT('Origin',(1.93394565872176,6.00199805525566,1.475));
#15333=CARTESIAN_POINT('Origin',(1.71852466577821,6.33245585404045,1.275));
#15334=CARTESIAN_POINT('Origin',(1.71852466577821,6.33245585404045,-1.275));
#15335=CARTESIAN_POINT('Origin',(1.5,1.1,-0.975));
#15336=CARTESIAN_POINT('',(1.2503715941001,4.86690081752268,-0.975000000000001));
#15337=CARTESIAN_POINT('Origin',(1.5,1.1,0.975));
#15338=CARTESIAN_POINT('',(1.2503715941001,4.86690081752269,0.975000000000001));
#15339=CARTESIAN_POINT('Origin',(1.2503715941001,4.86690081752269,0.975000000000001));
#15340=CARTESIAN_POINT('',(1.73080336718797,5.34112806719483,1.41642135623731));
#15341=CARTESIAN_POINT('Origin',(1.2503715941001,4.86690081752269,-0.975000000000001));
#15342=CARTESIAN_POINT('',(2.12992793587351,5.3675776167484,-1.41642135623731));
#15343=CARTESIAN_POINT('Origin',(1.21183177608627,5.44846793309253,1.275));
#15344=CARTESIAN_POINT('Origin',(1.21183177608627,5.44846793309253,-1.275));
#15345=CARTESIAN_POINT('Origin',(1.71852466577821,6.33245585404045,1.275));
#15346=CARTESIAN_POINT('Origin',(1.71852466577821,6.33245585404045,-1.275));
#15347=CARTESIAN_POINT('Origin',(3.3,1.1,1.475));
#15348=CARTESIAN_POINT('',(2.86605434127823,6.00199805525566,1.475));
#15349=CARTESIAN_POINT('',(2.68228008938523,5.50850015106176,1.475));
#15350=CARTESIAN_POINT('Origin',(3.87131921703555,5.34667940790261,1.475));
#15351=CARTESIAN_POINT('',(3.08283943079478,5.48195552068571,1.475));
#15352=CARTESIAN_POINT('',(3.07854796073636,5.48223991172268,1.475));
#15353=CARTESIAN_POINT('',(3.20114263319734,5.78355850613797,1.475));
#15354=CARTESIAN_POINT('Origin',(3.87131921703555,5.34667940790261,1.475));
#15355=CARTESIAN_POINT('',(3.41656362614089,6.11401630492276,1.475));
#15356=CARTESIAN_POINT('',(3.52578340069973,6.28156045088232,1.475));
#15357=CARTESIAN_POINT('',(3.08147533422179,6.33245585404045,1.475));
#15358=CARTESIAN_POINT('',(5.62856595567014,4.67204174728504,1.475));
#15359=CARTESIAN_POINT('',(3.19069510878063,6.5,1.475));
#15360=CARTESIAN_POINT('Origin',(3.19069510878063,6.5,-1.475));
#15361=CARTESIAN_POINT('',(3.20114263319734,5.78355850613797,-1.475));
#15362=CARTESIAN_POINT('',(3.08283943079478,5.48195552068571,-1.475));
#15363=CARTESIAN_POINT('Origin',(3.87131921703555,5.34667940790261,-1.475));
#15364=CARTESIAN_POINT('',(2.68228008938523,5.50850015106176,-1.475));
#15365=CARTESIAN_POINT('',(2.67942339205082,5.50868946127625,-1.475));
#15366=CARTESIAN_POINT('',(2.86605434127823,6.00199805525566,-1.475));
#15367=CARTESIAN_POINT('Origin',(3.87131921703555,5.34667940790261,-1.475));
#15368=CARTESIAN_POINT('',(3.08147533422179,6.33245585404045,-1.475));
#15369=CARTESIAN_POINT('',(3.19069510878063,6.5,-1.475));
#15370=CARTESIAN_POINT('',(3.41656362614089,6.11401630492276,-1.475));
#15371=CARTESIAN_POINT('',(3.08147533422179,6.33245585404045,-1.475));
#15372=CARTESIAN_POINT('',(3.52578340069973,6.28156045088232,-1.475));
#15373=CARTESIAN_POINT('Origin',(3.19069510878063,6.5,1.475));
#15374=CARTESIAN_POINT('',(3.19069510878063,6.5,1.275));
#15375=CARTESIAN_POINT('',(3.19069510878063,6.5,-1.275));
#15376=CARTESIAN_POINT('',(3.19069510878063,6.5,1.475));
#15377=CARTESIAN_POINT('',(3.52578340069973,6.28156045088232,1.275));
#15378=CARTESIAN_POINT('',(3.19069510878063,6.5,1.275));
#15379=CARTESIAN_POINT('',(3.52578340069973,6.28156045088232,-1.275));
#15380=CARTESIAN_POINT('',(3.52578340069973,6.28156045088232,1.475));
#15381=CARTESIAN_POINT('',(3.19069510878063,6.5,-1.275));
#15382=CARTESIAN_POINT('Origin',(3.52578340069973,6.28156045088232,1.475));
#15383=CARTESIAN_POINT('Origin',(3.41656362614089,6.11401630492276,1.275));
#15384=CARTESIAN_POINT('',(3.20114263319734,5.78355850613797,1.475));
#15385=CARTESIAN_POINT('Origin',(3.41656362614089,6.11401630492276,-1.275));
#15386=CARTESIAN_POINT('Origin',(3.87131921703555,5.34667940790261,1.475));
#15387=CARTESIAN_POINT('',(3.07133947615001,5.34098606330557,1.41642135623731));
#15388=CARTESIAN_POINT('Ctrl Pts',(3.08283943079478,5.48195552068571,1.475));
#15389=CARTESIAN_POINT('Ctrl Pts',(3.07859280717559,5.45720335406429,1.475));
#15390=CARTESIAN_POINT('Ctrl Pts',(3.07536442982234,5.43062352861837,1.47002597751895));
#15391=CARTESIAN_POINT('Ctrl Pts',(3.07168959429875,5.38152412671558,1.44969563892932));
#15392=CARTESIAN_POINT('Ctrl Pts',(3.07121598086878,5.35900611528554,1.43434046075158));
#15393=CARTESIAN_POINT('Ctrl Pts',(3.0713384791942,5.34112746331574,1.41656227543953));
#15394=CARTESIAN_POINT('Ctrl Pts',(3.07133897310846,5.34105674637008,1.41649185134335));
#15395=CARTESIAN_POINT('Ctrl Pts',(3.07133947615001,5.34098606330557,1.41642135623731));
#15396=CARTESIAN_POINT('Origin',(3.87131921703555,5.34667940790261,1.475));
#15397=CARTESIAN_POINT('',(3.07133947615001,5.34098606330557,-1.41642135623731));
#15398=CARTESIAN_POINT('Origin',(3.87131921703555,5.34667940790261,-1.475));
#15399=CARTESIAN_POINT('Ctrl Pts',(3.07133947615001,5.34098606330557,-1.41642135623731));
#15400=CARTESIAN_POINT('Ctrl Pts',(3.07133897310846,5.34105674637008,-1.41649185134335));
#15401=CARTESIAN_POINT('Ctrl Pts',(3.0713384791942,5.34112746331574,-1.41656227543953));
#15402=CARTESIAN_POINT('Ctrl Pts',(3.07121598086878,5.35900611528554,-1.43434046075158));
#15403=CARTESIAN_POINT('Ctrl Pts',(3.07168959429875,5.38152412671558,-1.44969563892932));
#15404=CARTESIAN_POINT('Ctrl Pts',(3.07536442982234,5.43062352861837,-1.47002597751895));
#15405=CARTESIAN_POINT('Ctrl Pts',(3.07859280717559,5.45720335406429,-1.475));
#15406=CARTESIAN_POINT('Ctrl Pts',(3.08283943079478,5.48195552068571,-1.475));
#15407=CARTESIAN_POINT('Origin',(3.19069510878063,6.5,1.475));
#15408=CARTESIAN_POINT('Origin',(3.08147533422179,6.33245585404045,1.275));
#15409=CARTESIAN_POINT('Origin',(3.08147533422179,6.33245585404045,-1.275));
#15410=CARTESIAN_POINT('',(2.86605434127823,6.00199805525566,1.475));
#15411=CARTESIAN_POINT('Origin',(3.87131921703555,5.34667940790261,1.475));
#15412=CARTESIAN_POINT('',(2.67149955983701,5.36748301816567,1.41642135623731));
#15413=CARTESIAN_POINT('Origin',(3.87131921703555,5.34667940790261,1.475));
#15414=CARTESIAN_POINT('Ctrl Pts',(2.67149955983701,5.36748301816567,1.41642135623731));
#15415=CARTESIAN_POINT('Ctrl Pts',(2.67150010231444,5.36751430480651,1.41645261027561));
#15416=CARTESIAN_POINT('Ctrl Pts',(2.6715006461313,5.36754559809809,1.41648385031726));
#15417=CARTESIAN_POINT('Ctrl Pts',(2.6718108214803,5.38535414701043,1.43425036260124));
#15418=CARTESIAN_POINT('Ctrl Pts',(2.6726195245225,5.4078440983366,1.44962603800246));
#15419=CARTESIAN_POINT('Ctrl Pts',(2.6761514366827,5.45697582683705,1.47000111369569));
#15420=CARTESIAN_POINT('Ctrl Pts',(2.67889357487728,5.48361645458563,1.475));
#15421=CARTESIAN_POINT('Ctrl Pts',(2.68228008938524,5.50850015106176,1.475));
#15422=CARTESIAN_POINT('',(2.67149955983701,5.36748301816567,-1.41642135623731));
#15423=CARTESIAN_POINT('Ctrl Pts',(2.68228008938524,5.50850015106176,-1.475));
#15424=CARTESIAN_POINT('Ctrl Pts',(2.67889357487728,5.48361645458563,-1.475));
#15425=CARTESIAN_POINT('Ctrl Pts',(2.6761514366827,5.45697582683705,-1.47000111369569));
#15426=CARTESIAN_POINT('Ctrl Pts',(2.6726195245225,5.4078440983366,-1.44962603800246));
#15427=CARTESIAN_POINT('Ctrl Pts',(2.6718108214803,5.38535414701043,-1.43425036260124));
#15428=CARTESIAN_POINT('Ctrl Pts',(2.6715006461313,5.36754559809809,-1.41648385031726));
#15429=CARTESIAN_POINT('Ctrl Pts',(2.67150010231444,5.36751430480651,-1.41645261027561));
#15430=CARTESIAN_POINT('Ctrl Pts',(2.67149955983701,5.36748301816567,-1.41642135623731));
#15431=CARTESIAN_POINT('Origin',(3.87131921703555,5.34667940790261,-1.475));
#15432=CARTESIAN_POINT('Origin',(3.3,1.1,-0.975));
#15433=CARTESIAN_POINT('',(3.5496284058999,4.86690081752269,-0.975000000000001));
#15434=CARTESIAN_POINT('Origin',(3.3,1.1,0.975));
#15435=CARTESIAN_POINT('',(3.5496284058999,4.86690081752269,0.975));
#15436=CARTESIAN_POINT('Origin',(3.5496284058999,4.86690081752269,0.975));
#15437=CARTESIAN_POINT('',(2.67007206412649,5.3675776167484,1.41642135623731));
#15438=CARTESIAN_POINT('Origin',(3.5496284058999,4.86690081752269,-0.975000000000001));
#15439=CARTESIAN_POINT('',(3.06919663281203,5.34112806719483,-1.41642135623731));
#15440=CARTESIAN_POINT('Origin',(3.58816822391373,5.44846793309253,1.275));
#15441=CARTESIAN_POINT('Origin',(3.58816822391373,5.44846793309253,-1.275));
#15442=CARTESIAN_POINT('Origin',(3.08147533422179,6.33245585404045,1.275));
#15443=CARTESIAN_POINT('Origin',(3.08147533422179,6.33245585404045,-1.275));
#15444=CARTESIAN_POINT('Origin',(-0.304863293982157,-6.8329750699004,0.95));
#15445=CARTESIAN_POINT('Origin',(-0.304863293982157,-6.8329750699004,-0.95));
#15446=CARTESIAN_POINT('',(0.,0.,0.));
#15447=CARTESIAN_POINT('',(5.08,1.04999999999999,0.249999999999999));
#15448=CARTESIAN_POINT('',(5.08,4.95,1.75));
#15449=CARTESIAN_POINT('',(5.08,1.04999999999999,2.35));
#15450=CARTESIAN_POINT('',(-1.73472347597681E-15,1.04999999999999,2.35));
#15451=CARTESIAN_POINT('',(-1.73472347597681E-15,1.04999999999999,0.249999999999999));
#15452=CARTESIAN_POINT('',(0.,4.95,1.75));
#15453=CARTESIAN_POINT('',(1.10453096321961E-15,-2.95,3.095));
#15454=CARTESIAN_POINT('',(-5.08,1.04999999999999,2.35));
#15455=CARTESIAN_POINT('',(-5.08,1.04999999999999,0.249999999999999));
#15456=CARTESIAN_POINT('',(-5.08,4.95,1.75));
#15457=UNCERTAINTY_MEASURE_WITH_UNIT(LENGTH_MEASURE(0.01),#15471,
'DISTANCE_ACCURACY_VALUE',
'Maximum model space distance between geometric entities at asserted c
onnectivities');
#15458=UNCERTAINTY_MEASURE_WITH_UNIT(LENGTH_MEASURE(0.01),#15471,
'DISTANCE_ACCURACY_VALUE',
'Maximum model space distance between geometric entities at asserted c
onnectivities');
#15459=UNCERTAINTY_MEASURE_WITH_UNIT(LENGTH_MEASURE(0.01),#15471,
'DISTANCE_ACCURACY_VALUE',
'Maximum model space distance between geometric entities at asserted c
onnectivities');
#15460=UNCERTAINTY_MEASURE_WITH_UNIT(LENGTH_MEASURE(0.01),#15471,
'DISTANCE_ACCURACY_VALUE',
'Maximum model space distance between geometric entities at asserted c
onnectivities');
#15461=UNCERTAINTY_MEASURE_WITH_UNIT(LENGTH_MEASURE(0.01),#15471,
'DISTANCE_ACCURACY_VALUE',
'Maximum model space distance between geometric entities at asserted c
onnectivities');
#15462=UNCERTAINTY_MEASURE_WITH_UNIT(LENGTH_MEASURE(0.01),#15471,
'DISTANCE_ACCURACY_VALUE',
'Maximum model space distance between geometric entities at asserted c
onnectivities');
#15463=UNCERTAINTY_MEASURE_WITH_UNIT(LENGTH_MEASURE(0.01),#15471,
'DISTANCE_ACCURACY_VALUE',
'Maximum model space distance between geometric entities at asserted c
onnectivities');
#15464=(
GEOMETRIC_REPRESENTATION_CONTEXT(3)
GLOBAL_UNCERTAINTY_ASSIGNED_CONTEXT((#15457))
GLOBAL_UNIT_ASSIGNED_CONTEXT((#15471,#15473,#15474))
REPRESENTATION_CONTEXT('','3D')
);
#15465=(
GEOMETRIC_REPRESENTATION_CONTEXT(3)
GLOBAL_UNCERTAINTY_ASSIGNED_CONTEXT((#15458))
GLOBAL_UNIT_ASSIGNED_CONTEXT((#15471,#15473,#15474))
REPRESENTATION_CONTEXT('','3D')
);
#15466=(
GEOMETRIC_REPRESENTATION_CONTEXT(3)
GLOBAL_UNCERTAINTY_ASSIGNED_CONTEXT((#15459))
GLOBAL_UNIT_ASSIGNED_CONTEXT((#15471,#15473,#15474))
REPRESENTATION_CONTEXT('','3D')
);
#15467=(
GEOMETRIC_REPRESENTATION_CONTEXT(3)
GLOBAL_UNCERTAINTY_ASSIGNED_CONTEXT((#15460))
GLOBAL_UNIT_ASSIGNED_CONTEXT((#15471,#15473,#15474))
REPRESENTATION_CONTEXT('','3D')
);
#15468=(
GEOMETRIC_REPRESENTATION_CONTEXT(3)
GLOBAL_UNCERTAINTY_ASSIGNED_CONTEXT((#15461))
GLOBAL_UNIT_ASSIGNED_CONTEXT((#15471,#15473,#15474))
REPRESENTATION_CONTEXT('','3D')
);
#15469=(
GEOMETRIC_REPRESENTATION_CONTEXT(3)
GLOBAL_UNCERTAINTY_ASSIGNED_CONTEXT((#15462))
GLOBAL_UNIT_ASSIGNED_CONTEXT((#15471,#15473,#15474))
REPRESENTATION_CONTEXT('','3D')
);
#15470=(
GEOMETRIC_REPRESENTATION_CONTEXT(3)
GLOBAL_UNCERTAINTY_ASSIGNED_CONTEXT((#15463))
GLOBAL_UNIT_ASSIGNED_CONTEXT((#15471,#15473,#15474))
REPRESENTATION_CONTEXT('','3D')
);
#15471=(
LENGTH_UNIT()
NAMED_UNIT(*)
SI_UNIT(.MILLI.,.METRE.)
);
#15472=(
LENGTH_UNIT()
NAMED_UNIT(*)
SI_UNIT($,.METRE.)
);
#15473=(
NAMED_UNIT(*)
PLANE_ANGLE_UNIT()
SI_UNIT($,.RADIAN.)
);
#15474=(
NAMED_UNIT(*)
SI_UNIT($,.STERADIAN.)
SOLID_ANGLE_UNIT()
);
#15475=SHAPE_DEFINITION_REPRESENTATION(#15481,#15498);
#15476=SHAPE_DEFINITION_REPRESENTATION(#15482,#15499);
#15477=SHAPE_DEFINITION_REPRESENTATION(#15483,#15500);
#15478=SHAPE_DEFINITION_REPRESENTATION(#15484,#15501);
#15479=SHAPE_DEFINITION_REPRESENTATION(#15485,#15502);
#15480=SHAPE_DEFINITION_REPRESENTATION(#15486,#15503);
#15481=PRODUCT_DEFINITION_SHAPE('',$,#15505);
#15482=PRODUCT_DEFINITION_SHAPE('',$,#15506);
#15483=PRODUCT_DEFINITION_SHAPE('',$,#15507);
#15484=PRODUCT_DEFINITION_SHAPE('',$,#15508);
#15485=PRODUCT_DEFINITION_SHAPE('',$,#15509);
#15486=PRODUCT_DEFINITION_SHAPE('',$,#15510);
#15487=PRODUCT_DEFINITION_SHAPE($,$,#44);
#15488=PRODUCT_DEFINITION_SHAPE($,$,#45);
#15489=PRODUCT_DEFINITION_SHAPE($,$,#46);
#15490=PRODUCT_DEFINITION_SHAPE($,$,#47);
#15491=PRODUCT_DEFINITION_SHAPE($,$,#48);
#15492=PRODUCT_DEFINITION_SHAPE($,$,#49);
#15493=PRODUCT_DEFINITION_SHAPE($,$,#50);
#15494=PRODUCT_DEFINITION_SHAPE($,$,#51);
#15495=PRODUCT_DEFINITION_SHAPE($,$,#52);
#15496=PRODUCT_DEFINITION_SHAPE($,$,#53);
#15497=PRODUCT_DEFINITION_SHAPE($,$,#54);
#15498=SHAPE_REPRESENTATION('',(#9481,#10163,#10164,#10165,#10166,#10167,
#10168,#10169,#10170,#10171,#10172,#10173),#15464);
#15499=SHAPE_REPRESENTATION('',(#9482),#15465);
#15500=SHAPE_REPRESENTATION('',(#9814),#15466);
#15501=SHAPE_REPRESENTATION('',(#9931),#15467);
#15502=SHAPE_REPRESENTATION('',(#9963),#15468);
#15503=SHAPE_REPRESENTATION('',(#9984),#15469);
#15504=PRODUCT_DEFINITION_CONTEXT('part definition',#15524,'design');
#15505=PRODUCT_DEFINITION('6913515000xx','TERM_BLOCK_3POS v1',#15511,#15504);
#15506=PRODUCT_DEFINITION('691351500003','691351500003',#15512,#15504);
#15507=PRODUCT_DEFINITION('691351500003_CAPOT','691351500003_CAPOT',#15513,
#15504);
#15508=PRODUCT_DEFINITION('6913515000xx_VIS','6913515000xx_VIS',#15514,
#15504);
#15509=PRODUCT_DEFINITION('6913515000xx_CAGE','6913515000xx_CAGE',#15515,
#15504);
#15510=PRODUCT_DEFINITION('6913515000xx_PIN','6913515000xx_PIN',#15516,
#15504);
#15511=PRODUCT_DEFINITION_FORMATION('',$,#15526);
#15512=PRODUCT_DEFINITION_FORMATION('',$,#15527);
#15513=PRODUCT_DEFINITION_FORMATION('',$,#15528);
#15514=PRODUCT_DEFINITION_FORMATION('',$,#15529);
#15515=PRODUCT_DEFINITION_FORMATION('',$,#15530);
#15516=PRODUCT_DEFINITION_FORMATION('',$,#15531);
#15517=PRODUCT_RELATED_PRODUCT_CATEGORY('TERM_BLOCK_3POS v1',
'TERM_BLOCK_3POS v1',(#15526));
#15518=PRODUCT_RELATED_PRODUCT_CATEGORY('691351500003','691351500003',(#15527));
#15519=PRODUCT_RELATED_PRODUCT_CATEGORY('691351500003_CAPOT',
'691351500003_CAPOT',(#15528));
#15520=PRODUCT_RELATED_PRODUCT_CATEGORY('6913515000xx_VIS',
'6913515000xx_VIS',(#15529));
#15521=PRODUCT_RELATED_PRODUCT_CATEGORY('6913515000xx_CAGE',
'6913515000xx_CAGE',(#15530));
#15522=PRODUCT_RELATED_PRODUCT_CATEGORY('6913515000xx_PIN',
'6913515000xx_PIN',(#15531));
#15523=APPLICATION_PROTOCOL_DEFINITION('international standard',
'automotive_design',2009,#15524);
#15524=APPLICATION_CONTEXT(
'Core Data for Automotive Mechanical Design Process');
#15525=PRODUCT_CONTEXT('part definition',#15524,'mechanical');
#15526=PRODUCT('6913515000xx','TERM_BLOCK_3POS v1','Unknown',(#15525));
#15527=PRODUCT('691351500003','691351500003','691351500003',(#15525));
#15528=PRODUCT('691351500003_CAPOT','691351500003_CAPOT',
'691351500003_CAPOT',(#15525));
#15529=PRODUCT('6913515000xx_VIS','6913515000xx_VIS','6913515000xx_VIS',
(#15525));
#15530=PRODUCT('6913515000xx_CAGE','6913515000xx_CAGE',
'6913515000xx_CAGE',(#15525));
#15531=PRODUCT('6913515000xx_PIN','6913515000xx_PIN','6913515000xx_PIN',
(#15525));
#15532=PRESENTATION_STYLE_ASSIGNMENT((#15536));
#15533=PRESENTATION_STYLE_ASSIGNMENT((#15537));
#15534=PRESENTATION_STYLE_ASSIGNMENT((#15538));
#15535=PRESENTATION_STYLE_ASSIGNMENT((#15539));
#15536=SURFACE_STYLE_USAGE(.BOTH.,#15540);
#15537=SURFACE_STYLE_USAGE(.BOTH.,#15541);
#15538=SURFACE_STYLE_USAGE(.BOTH.,#15542);
#15539=SURFACE_STYLE_USAGE(.BOTH.,#15543);
#15540=SURFACE_SIDE_STYLE('',(#15544));
#15541=SURFACE_SIDE_STYLE('',(#15545));
#15542=SURFACE_SIDE_STYLE('',(#15546));
#15543=SURFACE_SIDE_STYLE('',(#15547));
#15544=SURFACE_STYLE_FILL_AREA(#15548);
#15545=SURFACE_STYLE_FILL_AREA(#15549);
#15546=SURFACE_STYLE_FILL_AREA(#15550);
#15547=SURFACE_STYLE_FILL_AREA(#15551);
#15548=FILL_AREA_STYLE('Acier - Satin\X\E9',(#15552));
#15549=FILL_AREA_STYLE('Opaque(100,153,100)',(#15553));
#15550=FILL_AREA_STYLE('Opaque(189,198,204)',(#15554));
#15551=FILL_AREA_STYLE('Opaque(51,51,51)',(#15555));
#15552=FILL_AREA_STYLE_COLOUR('Acier - Satin\X\E9',#15556);
#15553=FILL_AREA_STYLE_COLOUR('Opaque(100,153,100)',#15557);
#15554=FILL_AREA_STYLE_COLOUR('Opaque(189,198,204)',#15558);
#15555=FILL_AREA_STYLE_COLOUR('Opaque(51,51,51)',#15559);
#15556=COLOUR_RGB('Acier - Satin\X\E9',0.627450980392157,0.627450980392157,
0.627450980392157);
#15557=COLOUR_RGB('Opaque(100,153,100)',0.392156862745098,0.6,0.392156862745098);
#15558=COLOUR_RGB('Opaque(189,198,204)',0.741176470588235,0.776470588235294,
0.8);
#15559=COLOUR_RGB('Opaque(51,51,51)',0.2,0.2,0.2);
ENDSEC;
END-ISO-10303-21;
