ISO-10303-21;
HEADER;
/* Generated by software containing ST-Developer
 * from STEP Tools, Inc. (www.steptools.com) 
 */

FILE_DESCRIPTION(
/* description */ ('Unknown'),
/* implementation_level */ '2;1');

FILE_NAME(
/* name */ 'TERM_BLOCK_2POS.step',
/* time_stamp */ '2026-08-10T14:30:47+02:00',
/* author */ (''),
/* organization */ (''),
/* preprocessor_version */ 'ST-DEVELOPER v20.1',
/* originating_system */ 'Autodesk Translation Framework v15.8.0.0',
/* authorisation */ '');

FILE_SCHEMA (('AUTOMOTIVE_DESIGN { 1 0 10303 214 3 1 1 }'));
ENDSEC;

DATA;
#10=MECHANICAL_DESIGN_GEOMETRIC_PRESENTATION_REPRESENTATION('',(#76,#77,
#78,#79,#80,#81,#82,#83,#84,#85,#86,#87,#88,#89,#90,#91,#92,#93,#94,#95,
#96,#97,#98,#99,#100,#101,#102,#103,#104,#105,#106,#107,#108,#109),#11625);
#11=ITEM_DEFINED_TRANSFORMATION($,$,#7092,#7617);
#12=ITEM_DEFINED_TRANSFORMATION($,$,#7338,#7618);
#13=ITEM_DEFINED_TRANSFORMATION($,$,#7359,#7619);
#14=ITEM_DEFINED_TRANSFORMATION($,$,#7306,#7620);
#15=ITEM_DEFINED_TRANSFORMATION($,$,#7306,#7621);
#16=ITEM_DEFINED_TRANSFORMATION($,$,#7338,#7622);
#17=ITEM_DEFINED_TRANSFORMATION($,$,#7359,#7623);
#18=ITEM_DEFINED_TRANSFORMATION($,$,#7538,#7624);
#19=(
REPRESENTATION_RELATIONSHIP($,$,#11651,#11650)
REPRESENTATION_RELATIONSHIP_WITH_TRANSFORMATION(#11)
SHAPE_REPRESENTATION_RELATIONSHIP()
);
#20=(
REPRESENTATION_RELATIONSHIP($,$,#11653,#11650)
REPRESENTATION_RELATIONSHIP_WITH_TRANSFORMATION(#12)
SHAPE_REPRESENTATION_RELATIONSHIP()
);
#21=(
REPRESENTATION_RELATIONSHIP($,$,#11654,#11650)
REPRESENTATION_RELATIONSHIP_WITH_TRANSFORMATION(#13)
SHAPE_REPRESENTATION_RELATIONSHIP()
);
#22=(
REPRESENTATION_RELATIONSHIP($,$,#11652,#11650)
REPRESENTATION_RELATIONSHIP_WITH_TRANSFORMATION(#14)
SHAPE_REPRESENTATION_RELATIONSHIP()
);
#23=(
REPRESENTATION_RELATIONSHIP($,$,#11652,#11650)
REPRESENTATION_RELATIONSHIP_WITH_TRANSFORMATION(#15)
SHAPE_REPRESENTATION_RELATIONSHIP()
);
#24=(
REPRESENTATION_RELATIONSHIP($,$,#11653,#11650)
REPRESENTATION_RELATIONSHIP_WITH_TRANSFORMATION(#16)
SHAPE_REPRESENTATION_RELATIONSHIP()
);
#25=(
REPRESENTATION_RELATIONSHIP($,$,#11654,#11650)
REPRESENTATION_RELATIONSHIP_WITH_TRANSFORMATION(#17)
SHAPE_REPRESENTATION_RELATIONSHIP()
);
#26=(
REPRESENTATION_RELATIONSHIP($,$,#11655,#11650)
REPRESENTATION_RELATIONSHIP_WITH_TRANSFORMATION(#18)
SHAPE_REPRESENTATION_RELATIONSHIP()
);
#27=CONTEXT_DEPENDENT_SHAPE_REPRESENTATION(#19,#11642);
#28=CONTEXT_DEPENDENT_SHAPE_REPRESENTATION(#20,#11643);
#29=CONTEXT_DEPENDENT_SHAPE_REPRESENTATION(#21,#11644);
#30=CONTEXT_DEPENDENT_SHAPE_REPRESENTATION(#22,#11645);
#31=CONTEXT_DEPENDENT_SHAPE_REPRESENTATION(#23,#11646);
#32=CONTEXT_DEPENDENT_SHAPE_REPRESENTATION(#24,#11647);
#33=CONTEXT_DEPENDENT_SHAPE_REPRESENTATION(#25,#11648);
#34=CONTEXT_DEPENDENT_SHAPE_REPRESENTATION(#26,#11649);
#35=NEXT_ASSEMBLY_USAGE_OCCURRENCE('691351500002:1','691351500002:1',
'691351500002:1',#11657,#11658,'691351500002:1');
#36=NEXT_ASSEMBLY_USAGE_OCCURRENCE('6913515000xx_CAGE:1',
'6913515000xx_CAGE:1','6913515000xx_CAGE:1',#11657,#11660,
'6913515000xx_CAGE:1');
#37=NEXT_ASSEMBLY_USAGE_OCCURRENCE('6913515000xx_PIN:1',
'6913515000xx_PIN:1','6913515000xx_PIN:1',#11657,#11661,
'6913515000xx_PIN:1');
#38=NEXT_ASSEMBLY_USAGE_OCCURRENCE('6913515000xx_VIS:1',
'6913515000xx_VIS:1','6913515000xx_VIS:1',#11657,#11659,
'6913515000xx_VIS:1');
#39=NEXT_ASSEMBLY_USAGE_OCCURRENCE('6913515000xx_VIS:2',
'6913515000xx_VIS:2','6913515000xx_VIS:2',#11657,#11659,
'6913515000xx_VIS:2');
#40=NEXT_ASSEMBLY_USAGE_OCCURRENCE('6913515000xx_CAGE:2',
'6913515000xx_CAGE:2','6913515000xx_CAGE:2',#11657,#11660,
'6913515000xx_CAGE:2');
#41=NEXT_ASSEMBLY_USAGE_OCCURRENCE('6913515000xx_PIN:2',
'6913515000xx_PIN:2','6913515000xx_PIN:2',#11657,#11661,
'6913515000xx_PIN:2');
#42=NEXT_ASSEMBLY_USAGE_OCCURRENCE('691351500002_CAPOT:1',
'691351500002_CAPOT:1','691351500002_CAPOT:1',#11657,#11662,
'691351500002_CAPOT:1');
#43=ELLIPSE('',#7490,1.13137084989848,0.8);
#44=ELLIPSE('',#7491,1.13137084989848,0.8);
#45=ELLIPSE('',#7496,1.69705627484771,1.2);
#46=ELLIPSE('',#7497,1.69705627484771,1.2);
#47=ELLIPSE('',#7520,1.13137084989848,0.8);
#48=ELLIPSE('',#7521,1.13137084989848,0.8);
#49=ELLIPSE('',#7526,1.69705627484771,1.2);
#50=ELLIPSE('',#7527,1.69705627484771,1.2);
#51=B_SPLINE_CURVE_WITH_KNOTS('',3,(#10463,#10464,#10465,#10466,#10467,
#10468,#10469,#10470,#10471,#10472),.UNSPECIFIED.,.F.,.F.,(4,2,2,2,4),(5.80646641878291E-14,
0.00918260381795663,0.0184727240566204,0.0279153637418809,0.0375275281558182),
 .UNSPECIFIED.);
#52=B_SPLINE_CURVE_WITH_KNOTS('',3,(#10473,#10474,#10475,#10476,#10477,
#10478,#10479,#10480,#10481,#10482),.UNSPECIFIED.,.F.,.F.,(4,2,2,2,4),(0.112899674322829,
0.122511838736782,0.131954478422057,0.141244598660735,0.150427202478648),
 .UNSPECIFIED.);
#53=B_SPLINE_CURVE_WITH_KNOTS('',3,(#10484,#10485,#10486,#10487,#10488,
#10489,#10490,#10491,#10492,#10493),.UNSPECIFIED.,.F.,.F.,(4,2,2,2,4),(0.112899674322829,
0.122511838736883,0.131954478422258,0.141244598661034,0.150427202479044),
 .UNSPECIFIED.);
#54=B_SPLINE_CURVE_WITH_KNOTS('',3,(#10494,#10495,#10496,#10497,#10498,
#10499,#10500,#10501,#10502,#10503),.UNSPECIFIED.,.F.,.F.,(4,2,2,2,4),(0.,
0.00918260381791277,0.0184727240565909,0.027915363741866,0.0375275281558182),
 .UNSPECIFIED.);
#55=B_SPLINE_CURVE_WITH_KNOTS('',3,(#11043,#11044,#11045,#11046,#11047,
#11048,#11049,#11050),.UNSPECIFIED.,.F.,.F.,(4,2,2,4),(-0.106366883442891,
-0.10633695038255,-0.0988028067141832,-0.0912686630458159),
 .UNSPECIFIED.);
#56=B_SPLINE_CURVE_WITH_KNOTS('',3,(#11053,#11054,#11055,#11056,#11057,
#11058,#11059,#11060),.UNSPECIFIED.,.F.,.F.,(4,2,2,4),(-0.030184224740992,
-0.0226500810726247,-0.0151159374042574,-0.015086004343917),
 .UNSPECIFIED.);
#57=B_SPLINE_CURVE_WITH_KNOTS('',3,(#11067,#11068,#11069,#11070,#11071,
#11072,#11073,#11074),.UNSPECIFIED.,.F.,.F.,(4,2,2,4),(0.0907755940685095,
0.0983095183297822,0.105843442591055,0.105856707367182),.UNSPECIFIED.);
#58=B_SPLINE_CURVE_WITH_KNOTS('',3,(#11078,#11079,#11080,#11081,#11082,
#11083,#11084,#11085),.UNSPECIFIED.,.F.,.F.,(4,2,2,4),(0.0150756330472494,
0.015088897823377,0.0226228220846497,0.0301567463459224),.UNSPECIFIED.);
#59=B_SPLINE_CURVE_WITH_KNOTS('',3,(#11143,#11144,#11145,#11146,#11147,
#11148,#11149,#11150),.UNSPECIFIED.,.F.,.F.,(4,2,2,4),(-0.030184224740992,
-0.0226500810726247,-0.0151159374042574,-0.015086004343917),
 .UNSPECIFIED.);
#60=B_SPLINE_CURVE_WITH_KNOTS('',3,(#11154,#11155,#11156,#11157,#11158,
#11159,#11160,#11161),.UNSPECIFIED.,.F.,.F.,(4,2,2,4),(-0.106366751306132,
-0.106336818245791,-0.0988026745774241,-0.0912685309090569),
 .UNSPECIFIED.);
#61=B_SPLINE_CURVE_WITH_KNOTS('',3,(#11169,#11170,#11171,#11172,#11173,
#11174,#11175,#11176),.UNSPECIFIED.,.F.,.F.,(4,2,2,4),(0.0150756330472501,
0.015088897823377,0.0226228220846497,0.0301567463459224),.UNSPECIFIED.);
#62=B_SPLINE_CURVE_WITH_KNOTS('',3,(#11178,#11179,#11180,#11181,#11182,
#11183,#11184,#11185),.UNSPECIFIED.,.F.,.F.,(4,2,2,4),(0.0907755895027161,
0.0983095137639888,0.105843438025262,0.105856702801388),.UNSPECIFIED.);
#63=TOROIDAL_SURFACE('',#7318,1.65,0.25);
#64=TOROIDAL_SURFACE('',#7319,1.65,0.25);
#65=TOROIDAL_SURFACE('',#7326,1.65,0.25);
#66=SHAPE_REPRESENTATION_RELATIONSHIP('SRR','None',#11651,#71);
#67=SHAPE_REPRESENTATION_RELATIONSHIP('SRR','None',#11652,#72);
#68=SHAPE_REPRESENTATION_RELATIONSHIP('SRR','None',#11653,#73);
#69=SHAPE_REPRESENTATION_RELATIONSHIP('SRR','None',#11654,#74);
#70=SHAPE_REPRESENTATION_RELATIONSHIP('SRR','None',#11655,#75);
#71=ADVANCED_BREP_SHAPE_REPRESENTATION('',(#110),#11620);
#72=ADVANCED_BREP_SHAPE_REPRESENTATION('',(#111),#11621);
#73=ADVANCED_BREP_SHAPE_REPRESENTATION('',(#112),#11622);
#74=ADVANCED_BREP_SHAPE_REPRESENTATION('',(#113),#11623);
#75=ADVANCED_BREP_SHAPE_REPRESENTATION('',(#114),#11624);
#76=STYLED_ITEM('',(#11685),#110);
#77=STYLED_ITEM('',(#11686),#6829);
#78=STYLED_ITEM('',(#11686),#6830);
#79=STYLED_ITEM('',(#11686),#6831);
#80=STYLED_ITEM('',(#11686),#6832);
#81=STYLED_ITEM('',(#11686),#6833);
#82=STYLED_ITEM('',(#11687),#6834);
#83=STYLED_ITEM('',(#11686),#6835);
#84=STYLED_ITEM('',(#11686),#6836);
#85=STYLED_ITEM('',(#11686),#6837);
#86=STYLED_ITEM('',(#11686),#6838);
#87=STYLED_ITEM('',(#11686),#6839);
#88=STYLED_ITEM('',(#11686),#6840);
#89=STYLED_ITEM('',(#11686),#6841);
#90=STYLED_ITEM('',(#11686),#6842);
#91=STYLED_ITEM('',(#11686),#6843);
#92=STYLED_ITEM('',(#11684),#111);
#93=STYLED_ITEM('',(#11686),#6844);
#94=STYLED_ITEM('',(#11686),#6845);
#95=STYLED_ITEM('',(#11686),#6846);
#96=STYLED_ITEM('',(#11686),#6847);
#97=STYLED_ITEM('',(#11686),#6848);
#98=STYLED_ITEM('',(#11686),#6849);
#99=STYLED_ITEM('',(#11686),#6850);
#100=STYLED_ITEM('',(#11686),#6851);
#101=STYLED_ITEM('',(#11686),#6852);
#102=STYLED_ITEM('',(#11686),#6853);
#103=STYLED_ITEM('',(#11686),#6854);
#104=STYLED_ITEM('',(#11686),#6855);
#105=STYLED_ITEM('',(#11687),#6856);
#106=STYLED_ITEM('',(#11686),#6857);
#107=STYLED_ITEM('',(#11684),#112);
#108=STYLED_ITEM('',(#11686),#113);
#109=STYLED_ITEM('',(#11685),#114);
#110=MANIFOLD_SOLID_BREP('Corps1',#7030);
#111=MANIFOLD_SOLID_BREP('Corps1',#7031);
#112=MANIFOLD_SOLID_BREP('Corps1',#7032);
#113=MANIFOLD_SOLID_BREP('Corps1',#7033);
#114=MANIFOLD_SOLID_BREP('Corps1',#7034);
#115=CONICAL_SURFACE('',#7183,1.5,0.785398163397449);
#116=CONICAL_SURFACE('',#7241,1.5,0.785398163397449);
#117=CONICAL_SURFACE('',#7337,1.45,0.785398163397447);
#118=FACE_BOUND('',#743,.T.);
#119=FACE_BOUND('',#744,.T.);
#120=FACE_BOUND('',#745,.T.);
#121=FACE_BOUND('',#746,.T.);
#122=FACE_BOUND('',#748,.T.);
#123=FACE_BOUND('',#749,.T.);
#124=FACE_BOUND('',#751,.T.);
#125=FACE_BOUND('',#752,.T.);
#126=FACE_BOUND('',#754,.T.);
#127=FACE_BOUND('',#755,.T.);
#128=FACE_BOUND('',#757,.T.);
#129=FACE_BOUND('',#759,.T.);
#130=FACE_BOUND('',#761,.T.);
#131=FACE_BOUND('',#762,.T.);
#132=FACE_BOUND('',#763,.T.);
#133=FACE_BOUND('',#767,.T.);
#134=FACE_BOUND('',#776,.T.);
#135=FACE_BOUND('',#778,.T.);
#136=FACE_BOUND('',#782,.T.);
#137=FACE_BOUND('',#924,.T.);
#138=FACE_BOUND('',#931,.T.);
#139=FACE_BOUND('',#935,.T.);
#140=FACE_BOUND('',#941,.T.);
#141=FACE_BOUND('',#943,.T.);
#142=FACE_BOUND('',#1046,.T.);
#143=FACE_BOUND('',#1047,.T.);
#144=FACE_BOUND('',#1049,.T.);
#145=FACE_BOUND('',#1050,.T.);
#146=FACE_BOUND('',#1057,.T.);
#147=FACE_BOUND('',#1058,.T.);
#148=FACE_BOUND('',#1059,.T.);
#149=FACE_BOUND('',#1060,.T.);
#150=FACE_BOUND('',#1061,.T.);
#151=FACE_BOUND('',#1062,.T.);
#152=FACE_BOUND('',#1064,.T.);
#153=FACE_BOUND('',#1065,.T.);
#154=CIRCLE('',#7101,3.32257142857142);
#155=CIRCLE('',#7102,3.32257142857142);
#156=CIRCLE('',#7103,3.32257142857142);
#157=CIRCLE('',#7105,1.9);
#158=CIRCLE('',#7106,1.9);
#159=CIRCLE('',#7109,3.32257142857142);
#160=CIRCLE('',#7112,1.25);
#161=CIRCLE('',#7114,1.9);
#162=CIRCLE('',#7115,1.25);
#163=CIRCLE('',#7117,3.1);
#164=CIRCLE('',#7118,3.1);
#165=CIRCLE('',#7119,1.92694706725432);
#166=CIRCLE('',#7120,1.92694706725432);
#167=CIRCLE('',#7121,1.5);
#168=CIRCLE('',#7122,1.5);
#169=CIRCLE('',#7126,0.8);
#170=CIRCLE('',#7135,3.32257142857142);
#171=CIRCLE('',#7136,1.25);
#172=CIRCLE('',#7138,1.9);
#173=CIRCLE('',#7139,1.25);
#174=CIRCLE('',#7143,0.8);
#175=CIRCLE('',#7171,0.8);
#176=CIRCLE('',#7172,0.8);
#177=CIRCLE('',#7182,1.5);
#178=CIRCLE('',#7190,3.1);
#179=CIRCLE('',#7191,3.1);
#180=CIRCLE('',#7193,3.1);
#181=CIRCLE('',#7200,2.);
#182=CIRCLE('',#7201,2.);
#183=CIRCLE('',#7204,2.);
#184=CIRCLE('',#7206,2.);
#185=CIRCLE('',#7229,0.8);
#186=CIRCLE('',#7230,0.8);
#187=CIRCLE('',#7240,1.5);
#188=CIRCLE('',#7247,3.1);
#189=CIRCLE('',#7278,0.2);
#190=CIRCLE('',#7279,0.2);
#191=CIRCLE('',#7280,0.2);
#192=CIRCLE('',#7281,0.2);
#193=CIRCLE('',#7282,0.2);
#194=CIRCLE('',#7283,0.2);
#195=CIRCLE('',#7285,0.2);
#196=CIRCLE('',#7286,0.2);
#197=CIRCLE('',#7287,0.2);
#198=CIRCLE('',#7288,0.2);
#199=CIRCLE('',#7289,0.2);
#200=CIRCLE('',#7290,0.2);
#201=CIRCLE('',#7300,1.92694706725432);
#202=CIRCLE('',#7303,1.92694706725432);
#203=CIRCLE('',#7308,1.9);
#204=CIRCLE('',#7309,1.9);
#205=CIRCLE('',#7310,1.9);
#206=CIRCLE('',#7311,1.9);
#207=CIRCLE('',#7312,1.9);
#208=CIRCLE('',#7313,1.9);
#209=CIRCLE('',#7315,1.65);
#210=CIRCLE('',#7317,1.65);
#211=CIRCLE('',#7321,1.45);
#212=CIRCLE('',#7322,1.45);
#213=CIRCLE('',#7323,1.45);
#214=CIRCLE('',#7325,1.65);
#215=CIRCLE('',#7327,0.25);
#216=CIRCLE('',#7332,1.1);
#217=CIRCLE('',#7333,1.1);
#218=CIRCLE('',#7335,1.25);
#219=CIRCLE('',#7340,1.475);
#220=CIRCLE('',#7343,1.475);
#221=CIRCLE('',#7345,1.475);
#222=CIRCLE('',#7346,1.475);
#223=CIRCLE('',#7355,1.475);
#224=CIRCLE('',#7357,1.475);
#225=CIRCLE('',#7362,1.2);
#226=CIRCLE('',#7363,1.2);
#227=CIRCLE('',#7366,0.6);
#228=CIRCLE('',#7367,0.6);
#229=CIRCLE('',#7370,0.8);
#230=CIRCLE('',#7371,0.8);
#231=CIRCLE('',#7374,0.2);
#232=CIRCLE('',#7375,0.2);
#233=CIRCLE('',#7377,0.410898595490235);
#234=CIRCLE('',#7378,0.0108985954902347);
#235=CIRCLE('',#7380,0.6);
#236=CIRCLE('',#7381,0.6);
#237=CIRCLE('',#7384,1.2);
#238=CIRCLE('',#7385,1.2);
#239=CIRCLE('',#7388,0.2);
#240=CIRCLE('',#7389,0.2);
#241=CIRCLE('',#7392,0.8);
#242=CIRCLE('',#7393,0.8);
#243=CIRCLE('',#7396,0.01);
#244=CIRCLE('',#7397,0.01);
#245=CIRCLE('',#7398,0.41);
#246=CIRCLE('',#7399,0.41);
#247=CIRCLE('',#7401,0.01);
#248=CIRCLE('',#7402,0.41);
#249=CIRCLE('',#7403,0.41);
#250=CIRCLE('',#7404,0.01);
#251=CIRCLE('',#7406,0.0108985954902347);
#252=CIRCLE('',#7407,0.410898595490235);
#253=CIRCLE('',#7411,0.547915345450313);
#254=CIRCLE('',#7412,0.547915345450313);
#255=CIRCLE('',#7413,0.547915345450313);
#256=CIRCLE('',#7414,0.547915345450313);
#257=CIRCLE('',#7415,0.547915345450313);
#258=CIRCLE('',#7416,0.819924256397548);
#259=CIRCLE('',#7417,0.01);
#260=CIRCLE('',#7418,0.41);
#261=CIRCLE('',#7419,1.21992425639755);
#262=CIRCLE('',#7420,0.147915345450313);
#263=CIRCLE('',#7421,0.947915345450313);
#264=CIRCLE('',#7422,0.147915345450313);
#265=CIRCLE('',#7423,0.947915345450313);
#266=CIRCLE('',#7424,0.147915345450313);
#267=CIRCLE('',#7427,0.147915345450313);
#268=CIRCLE('',#7428,0.947915345450313);
#269=CIRCLE('',#7429,0.147915345450313);
#270=CIRCLE('',#7430,0.947915345450313);
#271=CIRCLE('',#7431,0.147915345450313);
#272=CIRCLE('',#7432,1.21992425639755);
#273=CIRCLE('',#7433,0.41);
#274=CIRCLE('',#7434,0.01);
#275=CIRCLE('',#7435,0.819924256397548);
#276=CIRCLE('',#7436,0.547915345450313);
#277=CIRCLE('',#7437,0.547915345450313);
#278=CIRCLE('',#7438,0.547915345450313);
#279=CIRCLE('',#7439,0.547915345450313);
#280=CIRCLE('',#7440,0.547915345450313);
#281=CIRCLE('',#7444,0.2);
#282=CIRCLE('',#7445,0.2);
#283=CIRCLE('',#7454,0.2);
#284=CIRCLE('',#7455,0.2);
#285=CIRCLE('',#7483,0.8);
#286=CIRCLE('',#7484,1.2);
#287=CIRCLE('',#7487,1.2);
#288=CIRCLE('',#7488,0.8);
#289=CIRCLE('',#7493,0.2);
#290=CIRCLE('',#7494,0.2);
#291=CIRCLE('',#7499,0.2);
#292=CIRCLE('',#7500,0.2);
#293=CIRCLE('',#7510,1.2);
#294=CIRCLE('',#7511,0.8);
#295=CIRCLE('',#7513,0.8);
#296=CIRCLE('',#7514,1.2);
#297=CIRCLE('',#7517,0.2);
#298=CIRCLE('',#7518,0.2);
#299=CIRCLE('',#7523,0.2);
#300=CIRCLE('',#7524,0.2);
#301=CYLINDRICAL_SURFACE('',#7100,3.32257142857142);
#302=CYLINDRICAL_SURFACE('',#7170,0.8);
#303=CYLINDRICAL_SURFACE('',#7181,1.5);
#304=CYLINDRICAL_SURFACE('',#7189,3.1);
#305=CYLINDRICAL_SURFACE('',#7199,2.);
#306=CYLINDRICAL_SURFACE('',#7207,1.9);
#307=CYLINDRICAL_SURFACE('',#7208,1.25);
#308=CYLINDRICAL_SURFACE('',#7217,3.32257142857142);
#309=CYLINDRICAL_SURFACE('',#7228,0.8);
#310=CYLINDRICAL_SURFACE('',#7239,1.5);
#311=CYLINDRICAL_SURFACE('',#7246,3.1);
#312=CYLINDRICAL_SURFACE('',#7250,2.);
#313=CYLINDRICAL_SURFACE('',#7253,1.9);
#314=CYLINDRICAL_SURFACE('',#7254,1.25);
#315=CYLINDRICAL_SURFACE('',#7291,0.2);
#316=CYLINDRICAL_SURFACE('',#7292,0.2);
#317=CYLINDRICAL_SURFACE('',#7293,0.2);
#318=CYLINDRICAL_SURFACE('',#7294,0.2);
#319=CYLINDRICAL_SURFACE('',#7295,0.2);
#320=CYLINDRICAL_SURFACE('',#7296,0.2);
#321=CYLINDRICAL_SURFACE('',#7299,1.92694706725432);
#322=CYLINDRICAL_SURFACE('',#7302,1.92694706725432);
#323=CYLINDRICAL_SURFACE('',#7307,1.9);
#324=CYLINDRICAL_SURFACE('',#7320,1.45);
#325=CYLINDRICAL_SURFACE('',#7331,1.1);
#326=CYLINDRICAL_SURFACE('',#7356,1.475);
#327=CYLINDRICAL_SURFACE('',#7361,1.2);
#328=CYLINDRICAL_SURFACE('',#7365,0.6);
#329=CYLINDRICAL_SURFACE('',#7369,0.8);
#330=CYLINDRICAL_SURFACE('',#7373,0.2);
#331=CYLINDRICAL_SURFACE('',#7379,0.6);
#332=CYLINDRICAL_SURFACE('',#7383,1.2);
#333=CYLINDRICAL_SURFACE('',#7387,0.2);
#334=CYLINDRICAL_SURFACE('',#7391,0.8);
#335=CYLINDRICAL_SURFACE('',#7446,0.547915345450313);
#336=CYLINDRICAL_SURFACE('',#7447,0.547915345450313);
#337=CYLINDRICAL_SURFACE('',#7448,0.547915345450313);
#338=CYLINDRICAL_SURFACE('',#7449,0.547915345450313);
#339=CYLINDRICAL_SURFACE('',#7450,0.547915345450313);
#340=CYLINDRICAL_SURFACE('',#7451,0.819924256397548);
#341=CYLINDRICAL_SURFACE('',#7456,0.147915345450313);
#342=CYLINDRICAL_SURFACE('',#7457,0.947915345450313);
#343=CYLINDRICAL_SURFACE('',#7458,0.147915345450313);
#344=CYLINDRICAL_SURFACE('',#7459,0.947915345450313);
#345=CYLINDRICAL_SURFACE('',#7460,0.147915345450313);
#346=CYLINDRICAL_SURFACE('',#7461,1.21992425639755);
#347=CYLINDRICAL_SURFACE('',#7465,0.41);
#348=CYLINDRICAL_SURFACE('',#7466,0.01);
#349=CYLINDRICAL_SURFACE('',#7471,0.41);
#350=CYLINDRICAL_SURFACE('',#7472,0.01);
#351=CYLINDRICAL_SURFACE('',#7475,0.41);
#352=CYLINDRICAL_SURFACE('',#7476,0.01);
#353=CYLINDRICAL_SURFACE('',#7478,0.410898595490235);
#354=CYLINDRICAL_SURFACE('',#7480,0.0108985954902347);
#355=CYLINDRICAL_SURFACE('',#7489,0.8);
#356=CYLINDRICAL_SURFACE('',#7495,1.2);
#357=CYLINDRICAL_SURFACE('',#7505,0.2);
#358=CYLINDRICAL_SURFACE('',#7506,0.2);
#359=CYLINDRICAL_SURFACE('',#7507,0.2);
#360=CYLINDRICAL_SURFACE('',#7508,0.2);
#361=CYLINDRICAL_SURFACE('',#7519,0.8);
#362=CYLINDRICAL_SURFACE('',#7525,1.2);
#363=CYLINDRICAL_SURFACE('',#7532,0.2);
#364=CYLINDRICAL_SURFACE('',#7533,0.2);
#365=CYLINDRICAL_SURFACE('',#7534,0.2);
#366=CYLINDRICAL_SURFACE('',#7535,0.2);
#367=CYLINDRICAL_SURFACE('',#7536,0.2);
#368=CYLINDRICAL_SURFACE('',#7537,0.2);
#369=FACE_OUTER_BOUND('',#734,.T.);
#370=FACE_OUTER_BOUND('',#735,.T.);
#371=FACE_OUTER_BOUND('',#736,.T.);
#372=FACE_OUTER_BOUND('',#737,.T.);
#373=FACE_OUTER_BOUND('',#738,.T.);
#374=FACE_OUTER_BOUND('',#739,.T.);
#375=FACE_OUTER_BOUND('',#740,.T.);
#376=FACE_OUTER_BOUND('',#741,.T.);
#377=FACE_OUTER_BOUND('',#742,.T.);
#378=FACE_OUTER_BOUND('',#747,.T.);
#379=FACE_OUTER_BOUND('',#750,.T.);
#380=FACE_OUTER_BOUND('',#753,.T.);
#381=FACE_OUTER_BOUND('',#756,.T.);
#382=FACE_OUTER_BOUND('',#758,.T.);
#383=FACE_OUTER_BOUND('',#760,.T.);
#384=FACE_OUTER_BOUND('',#764,.T.);
#385=FACE_OUTER_BOUND('',#765,.T.);
#386=FACE_OUTER_BOUND('',#766,.T.);
#387=FACE_OUTER_BOUND('',#768,.T.);
#388=FACE_OUTER_BOUND('',#769,.T.);
#389=FACE_OUTER_BOUND('',#770,.T.);
#390=FACE_OUTER_BOUND('',#771,.T.);
#391=FACE_OUTER_BOUND('',#772,.T.);
#392=FACE_OUTER_BOUND('',#773,.T.);
#393=FACE_OUTER_BOUND('',#774,.T.);
#394=FACE_OUTER_BOUND('',#775,.T.);
#395=FACE_OUTER_BOUND('',#777,.T.);
#396=FACE_OUTER_BOUND('',#779,.T.);
#397=FACE_OUTER_BOUND('',#780,.T.);
#398=FACE_OUTER_BOUND('',#781,.T.);
#399=FACE_OUTER_BOUND('',#783,.T.);
#400=FACE_OUTER_BOUND('',#784,.T.);
#401=FACE_OUTER_BOUND('',#785,.T.);
#402=FACE_OUTER_BOUND('',#786,.T.);
#403=FACE_OUTER_BOUND('',#787,.T.);
#404=FACE_OUTER_BOUND('',#788,.T.);
#405=FACE_OUTER_BOUND('',#789,.T.);
#406=FACE_OUTER_BOUND('',#790,.T.);
#407=FACE_OUTER_BOUND('',#791,.T.);
#408=FACE_OUTER_BOUND('',#792,.T.);
#409=FACE_OUTER_BOUND('',#793,.T.);
#410=FACE_OUTER_BOUND('',#794,.T.);
#411=FACE_OUTER_BOUND('',#795,.T.);
#412=FACE_OUTER_BOUND('',#796,.T.);
#413=FACE_OUTER_BOUND('',#797,.T.);
#414=FACE_OUTER_BOUND('',#798,.T.);
#415=FACE_OUTER_BOUND('',#799,.T.);
#416=FACE_OUTER_BOUND('',#800,.T.);
#417=FACE_OUTER_BOUND('',#801,.T.);
#418=FACE_OUTER_BOUND('',#802,.T.);
#419=FACE_OUTER_BOUND('',#803,.T.);
#420=FACE_OUTER_BOUND('',#804,.T.);
#421=FACE_OUTER_BOUND('',#805,.T.);
#422=FACE_OUTER_BOUND('',#806,.T.);
#423=FACE_OUTER_BOUND('',#807,.T.);
#424=FACE_OUTER_BOUND('',#808,.T.);
#425=FACE_OUTER_BOUND('',#809,.T.);
#426=FACE_OUTER_BOUND('',#810,.T.);
#427=FACE_OUTER_BOUND('',#811,.T.);
#428=FACE_OUTER_BOUND('',#812,.T.);
#429=FACE_OUTER_BOUND('',#813,.T.);
#430=FACE_OUTER_BOUND('',#814,.T.);
#431=FACE_OUTER_BOUND('',#815,.T.);
#432=FACE_OUTER_BOUND('',#816,.T.);
#433=FACE_OUTER_BOUND('',#817,.T.);
#434=FACE_OUTER_BOUND('',#818,.T.);
#435=FACE_OUTER_BOUND('',#819,.T.);
#436=FACE_OUTER_BOUND('',#820,.T.);
#437=FACE_OUTER_BOUND('',#821,.T.);
#438=FACE_OUTER_BOUND('',#822,.T.);
#439=FACE_OUTER_BOUND('',#823,.T.);
#440=FACE_OUTER_BOUND('',#824,.T.);
#441=FACE_OUTER_BOUND('',#825,.T.);
#442=FACE_OUTER_BOUND('',#826,.T.);
#443=FACE_OUTER_BOUND('',#827,.T.);
#444=FACE_OUTER_BOUND('',#828,.T.);
#445=FACE_OUTER_BOUND('',#829,.T.);
#446=FACE_OUTER_BOUND('',#830,.T.);
#447=FACE_OUTER_BOUND('',#831,.T.);
#448=FACE_OUTER_BOUND('',#832,.T.);
#449=FACE_OUTER_BOUND('',#833,.T.);
#450=FACE_OUTER_BOUND('',#834,.T.);
#451=FACE_OUTER_BOUND('',#835,.T.);
#452=FACE_OUTER_BOUND('',#836,.T.);
#453=FACE_OUTER_BOUND('',#837,.T.);
#454=FACE_OUTER_BOUND('',#838,.T.);
#455=FACE_OUTER_BOUND('',#839,.T.);
#456=FACE_OUTER_BOUND('',#840,.T.);
#457=FACE_OUTER_BOUND('',#841,.T.);
#458=FACE_OUTER_BOUND('',#842,.T.);
#459=FACE_OUTER_BOUND('',#843,.T.);
#460=FACE_OUTER_BOUND('',#844,.T.);
#461=FACE_OUTER_BOUND('',#845,.T.);
#462=FACE_OUTER_BOUND('',#846,.T.);
#463=FACE_OUTER_BOUND('',#847,.T.);
#464=FACE_OUTER_BOUND('',#848,.T.);
#465=FACE_OUTER_BOUND('',#849,.T.);
#466=FACE_OUTER_BOUND('',#850,.T.);
#467=FACE_OUTER_BOUND('',#851,.T.);
#468=FACE_OUTER_BOUND('',#852,.T.);
#469=FACE_OUTER_BOUND('',#853,.T.);
#470=FACE_OUTER_BOUND('',#854,.T.);
#471=FACE_OUTER_BOUND('',#855,.T.);
#472=FACE_OUTER_BOUND('',#856,.T.);
#473=FACE_OUTER_BOUND('',#857,.T.);
#474=FACE_OUTER_BOUND('',#858,.T.);
#475=FACE_OUTER_BOUND('',#859,.T.);
#476=FACE_OUTER_BOUND('',#860,.T.);
#477=FACE_OUTER_BOUND('',#861,.T.);
#478=FACE_OUTER_BOUND('',#862,.T.);
#479=FACE_OUTER_BOUND('',#863,.T.);
#480=FACE_OUTER_BOUND('',#864,.T.);
#481=FACE_OUTER_BOUND('',#865,.T.);
#482=FACE_OUTER_BOUND('',#866,.T.);
#483=FACE_OUTER_BOUND('',#867,.T.);
#484=FACE_OUTER_BOUND('',#868,.T.);
#485=FACE_OUTER_BOUND('',#869,.T.);
#486=FACE_OUTER_BOUND('',#870,.T.);
#487=FACE_OUTER_BOUND('',#871,.T.);
#488=FACE_OUTER_BOUND('',#872,.T.);
#489=FACE_OUTER_BOUND('',#873,.T.);
#490=FACE_OUTER_BOUND('',#874,.T.);
#491=FACE_OUTER_BOUND('',#875,.T.);
#492=FACE_OUTER_BOUND('',#876,.T.);
#493=FACE_OUTER_BOUND('',#877,.T.);
#494=FACE_OUTER_BOUND('',#878,.T.);
#495=FACE_OUTER_BOUND('',#879,.T.);
#496=FACE_OUTER_BOUND('',#880,.T.);
#497=FACE_OUTER_BOUND('',#881,.T.);
#498=FACE_OUTER_BOUND('',#882,.T.);
#499=FACE_OUTER_BOUND('',#883,.T.);
#500=FACE_OUTER_BOUND('',#884,.T.);
#501=FACE_OUTER_BOUND('',#885,.T.);
#502=FACE_OUTER_BOUND('',#886,.T.);
#503=FACE_OUTER_BOUND('',#887,.T.);
#504=FACE_OUTER_BOUND('',#888,.T.);
#505=FACE_OUTER_BOUND('',#889,.T.);
#506=FACE_OUTER_BOUND('',#890,.T.);
#507=FACE_OUTER_BOUND('',#891,.T.);
#508=FACE_OUTER_BOUND('',#892,.T.);
#509=FACE_OUTER_BOUND('',#893,.T.);
#510=FACE_OUTER_BOUND('',#894,.T.);
#511=FACE_OUTER_BOUND('',#895,.T.);
#512=FACE_OUTER_BOUND('',#896,.T.);
#513=FACE_OUTER_BOUND('',#897,.T.);
#514=FACE_OUTER_BOUND('',#898,.T.);
#515=FACE_OUTER_BOUND('',#899,.T.);
#516=FACE_OUTER_BOUND('',#900,.T.);
#517=FACE_OUTER_BOUND('',#901,.T.);
#518=FACE_OUTER_BOUND('',#902,.T.);
#519=FACE_OUTER_BOUND('',#903,.T.);
#520=FACE_OUTER_BOUND('',#904,.T.);
#521=FACE_OUTER_BOUND('',#905,.T.);
#522=FACE_OUTER_BOUND('',#906,.T.);
#523=FACE_OUTER_BOUND('',#907,.T.);
#524=FACE_OUTER_BOUND('',#908,.T.);
#525=FACE_OUTER_BOUND('',#909,.T.);
#526=FACE_OUTER_BOUND('',#910,.T.);
#527=FACE_OUTER_BOUND('',#911,.T.);
#528=FACE_OUTER_BOUND('',#912,.T.);
#529=FACE_OUTER_BOUND('',#913,.T.);
#530=FACE_OUTER_BOUND('',#914,.T.);
#531=FACE_OUTER_BOUND('',#915,.T.);
#532=FACE_OUTER_BOUND('',#916,.T.);
#533=FACE_OUTER_BOUND('',#917,.T.);
#534=FACE_OUTER_BOUND('',#918,.T.);
#535=FACE_OUTER_BOUND('',#919,.T.);
#536=FACE_OUTER_BOUND('',#920,.T.);
#537=FACE_OUTER_BOUND('',#921,.T.);
#538=FACE_OUTER_BOUND('',#922,.T.);
#539=FACE_OUTER_BOUND('',#923,.T.);
#540=FACE_OUTER_BOUND('',#925,.T.);
#541=FACE_OUTER_BOUND('',#926,.T.);
#542=FACE_OUTER_BOUND('',#927,.T.);
#543=FACE_OUTER_BOUND('',#928,.T.);
#544=FACE_OUTER_BOUND('',#929,.T.);
#545=FACE_OUTER_BOUND('',#930,.T.);
#546=FACE_OUTER_BOUND('',#932,.T.);
#547=FACE_OUTER_BOUND('',#933,.T.);
#548=FACE_OUTER_BOUND('',#934,.T.);
#549=FACE_OUTER_BOUND('',#936,.T.);
#550=FACE_OUTER_BOUND('',#937,.T.);
#551=FACE_OUTER_BOUND('',#938,.T.);
#552=FACE_OUTER_BOUND('',#939,.T.);
#553=FACE_OUTER_BOUND('',#940,.T.);
#554=FACE_OUTER_BOUND('',#942,.T.);
#555=FACE_OUTER_BOUND('',#944,.T.);
#556=FACE_OUTER_BOUND('',#945,.T.);
#557=FACE_OUTER_BOUND('',#946,.T.);
#558=FACE_OUTER_BOUND('',#947,.T.);
#559=FACE_OUTER_BOUND('',#948,.T.);
#560=FACE_OUTER_BOUND('',#949,.T.);
#561=FACE_OUTER_BOUND('',#950,.T.);
#562=FACE_OUTER_BOUND('',#951,.T.);
#563=FACE_OUTER_BOUND('',#952,.T.);
#564=FACE_OUTER_BOUND('',#953,.T.);
#565=FACE_OUTER_BOUND('',#954,.T.);
#566=FACE_OUTER_BOUND('',#955,.T.);
#567=FACE_OUTER_BOUND('',#956,.T.);
#568=FACE_OUTER_BOUND('',#957,.T.);
#569=FACE_OUTER_BOUND('',#958,.T.);
#570=FACE_OUTER_BOUND('',#959,.T.);
#571=FACE_OUTER_BOUND('',#960,.T.);
#572=FACE_OUTER_BOUND('',#961,.T.);
#573=FACE_OUTER_BOUND('',#962,.T.);
#574=FACE_OUTER_BOUND('',#963,.T.);
#575=FACE_OUTER_BOUND('',#964,.T.);
#576=FACE_OUTER_BOUND('',#965,.T.);
#577=FACE_OUTER_BOUND('',#966,.T.);
#578=FACE_OUTER_BOUND('',#967,.T.);
#579=FACE_OUTER_BOUND('',#968,.T.);
#580=FACE_OUTER_BOUND('',#969,.T.);
#581=FACE_OUTER_BOUND('',#970,.T.);
#582=FACE_OUTER_BOUND('',#971,.T.);
#583=FACE_OUTER_BOUND('',#972,.T.);
#584=FACE_OUTER_BOUND('',#973,.T.);
#585=FACE_OUTER_BOUND('',#974,.T.);
#586=FACE_OUTER_BOUND('',#975,.T.);
#587=FACE_OUTER_BOUND('',#976,.T.);
#588=FACE_OUTER_BOUND('',#977,.T.);
#589=FACE_OUTER_BOUND('',#978,.T.);
#590=FACE_OUTER_BOUND('',#979,.T.);
#591=FACE_OUTER_BOUND('',#980,.T.);
#592=FACE_OUTER_BOUND('',#981,.T.);
#593=FACE_OUTER_BOUND('',#982,.T.);
#594=FACE_OUTER_BOUND('',#983,.T.);
#595=FACE_OUTER_BOUND('',#984,.T.);
#596=FACE_OUTER_BOUND('',#985,.T.);
#597=FACE_OUTER_BOUND('',#986,.T.);
#598=FACE_OUTER_BOUND('',#987,.T.);
#599=FACE_OUTER_BOUND('',#988,.T.);
#600=FACE_OUTER_BOUND('',#989,.T.);
#601=FACE_OUTER_BOUND('',#990,.T.);
#602=FACE_OUTER_BOUND('',#991,.T.);
#603=FACE_OUTER_BOUND('',#992,.T.);
#604=FACE_OUTER_BOUND('',#993,.T.);
#605=FACE_OUTER_BOUND('',#994,.T.);
#606=FACE_OUTER_BOUND('',#995,.T.);
#607=FACE_OUTER_BOUND('',#996,.T.);
#608=FACE_OUTER_BOUND('',#997,.T.);
#609=FACE_OUTER_BOUND('',#998,.T.);
#610=FACE_OUTER_BOUND('',#999,.T.);
#611=FACE_OUTER_BOUND('',#1000,.T.);
#612=FACE_OUTER_BOUND('',#1001,.T.);
#613=FACE_OUTER_BOUND('',#1002,.T.);
#614=FACE_OUTER_BOUND('',#1003,.T.);
#615=FACE_OUTER_BOUND('',#1004,.T.);
#616=FACE_OUTER_BOUND('',#1005,.T.);
#617=FACE_OUTER_BOUND('',#1006,.T.);
#618=FACE_OUTER_BOUND('',#1007,.T.);
#619=FACE_OUTER_BOUND('',#1008,.T.);
#620=FACE_OUTER_BOUND('',#1009,.T.);
#621=FACE_OUTER_BOUND('',#1010,.T.);
#622=FACE_OUTER_BOUND('',#1011,.T.);
#623=FACE_OUTER_BOUND('',#1012,.T.);
#624=FACE_OUTER_BOUND('',#1013,.T.);
#625=FACE_OUTER_BOUND('',#1014,.T.);
#626=FACE_OUTER_BOUND('',#1015,.T.);
#627=FACE_OUTER_BOUND('',#1016,.T.);
#628=FACE_OUTER_BOUND('',#1017,.T.);
#629=FACE_OUTER_BOUND('',#1018,.T.);
#630=FACE_OUTER_BOUND('',#1019,.T.);
#631=FACE_OUTER_BOUND('',#1020,.T.);
#632=FACE_OUTER_BOUND('',#1021,.T.);
#633=FACE_OUTER_BOUND('',#1022,.T.);
#634=FACE_OUTER_BOUND('',#1023,.T.);
#635=FACE_OUTER_BOUND('',#1024,.T.);
#636=FACE_OUTER_BOUND('',#1025,.T.);
#637=FACE_OUTER_BOUND('',#1026,.T.);
#638=FACE_OUTER_BOUND('',#1027,.T.);
#639=FACE_OUTER_BOUND('',#1028,.T.);
#640=FACE_OUTER_BOUND('',#1029,.T.);
#641=FACE_OUTER_BOUND('',#1030,.T.);
#642=FACE_OUTER_BOUND('',#1031,.T.);
#643=FACE_OUTER_BOUND('',#1032,.T.);
#644=FACE_OUTER_BOUND('',#1033,.T.);
#645=FACE_OUTER_BOUND('',#1034,.T.);
#646=FACE_OUTER_BOUND('',#1035,.T.);
#647=FACE_OUTER_BOUND('',#1036,.T.);
#648=FACE_OUTER_BOUND('',#1037,.T.);
#649=FACE_OUTER_BOUND('',#1038,.T.);
#650=FACE_OUTER_BOUND('',#1039,.T.);
#651=FACE_OUTER_BOUND('',#1040,.T.);
#652=FACE_OUTER_BOUND('',#1041,.T.);
#653=FACE_OUTER_BOUND('',#1042,.T.);
#654=FACE_OUTER_BOUND('',#1043,.T.);
#655=FACE_OUTER_BOUND('',#1044,.T.);
#656=FACE_OUTER_BOUND('',#1045,.T.);
#657=FACE_OUTER_BOUND('',#1048,.T.);
#658=FACE_OUTER_BOUND('',#1051,.T.);
#659=FACE_OUTER_BOUND('',#1052,.T.);
#660=FACE_OUTER_BOUND('',#1053,.T.);
#661=FACE_OUTER_BOUND('',#1054,.T.);
#662=FACE_OUTER_BOUND('',#1055,.T.);
#663=FACE_OUTER_BOUND('',#1056,.T.);
#664=FACE_OUTER_BOUND('',#1063,.T.);
#665=FACE_OUTER_BOUND('',#1066,.T.);
#666=FACE_OUTER_BOUND('',#1067,.T.);
#667=FACE_OUTER_BOUND('',#1068,.T.);
#668=FACE_OUTER_BOUND('',#1069,.T.);
#669=FACE_OUTER_BOUND('',#1070,.T.);
#670=FACE_OUTER_BOUND('',#1071,.T.);
#671=FACE_OUTER_BOUND('',#1072,.T.);
#672=FACE_OUTER_BOUND('',#1073,.T.);
#673=FACE_OUTER_BOUND('',#1074,.T.);
#674=FACE_OUTER_BOUND('',#1075,.T.);
#675=FACE_OUTER_BOUND('',#1076,.T.);
#676=FACE_OUTER_BOUND('',#1077,.T.);
#677=FACE_OUTER_BOUND('',#1078,.T.);
#678=FACE_OUTER_BOUND('',#1079,.T.);
#679=FACE_OUTER_BOUND('',#1080,.T.);
#680=FACE_OUTER_BOUND('',#1081,.T.);
#681=FACE_OUTER_BOUND('',#1082,.T.);
#682=FACE_OUTER_BOUND('',#1083,.T.);
#683=FACE_OUTER_BOUND('',#1084,.T.);
#684=FACE_OUTER_BOUND('',#1085,.T.);
#685=FACE_OUTER_BOUND('',#1086,.T.);
#686=FACE_OUTER_BOUND('',#1087,.T.);
#687=FACE_OUTER_BOUND('',#1088,.T.);
#688=FACE_OUTER_BOUND('',#1089,.T.);
#689=FACE_OUTER_BOUND('',#1090,.T.);
#690=FACE_OUTER_BOUND('',#1091,.T.);
#691=FACE_OUTER_BOUND('',#1092,.T.);
#692=FACE_OUTER_BOUND('',#1093,.T.);
#693=FACE_OUTER_BOUND('',#1094,.T.);
#694=FACE_OUTER_BOUND('',#1095,.T.);
#695=FACE_OUTER_BOUND('',#1096,.T.);
#696=FACE_OUTER_BOUND('',#1097,.T.);
#697=FACE_OUTER_BOUND('',#1098,.T.);
#698=FACE_OUTER_BOUND('',#1099,.T.);
#699=FACE_OUTER_BOUND('',#1100,.T.);
#700=FACE_OUTER_BOUND('',#1101,.T.);
#701=FACE_OUTER_BOUND('',#1102,.T.);
#702=FACE_OUTER_BOUND('',#1103,.T.);
#703=FACE_OUTER_BOUND('',#1104,.T.);
#704=FACE_OUTER_BOUND('',#1105,.T.);
#705=FACE_OUTER_BOUND('',#1106,.T.);
#706=FACE_OUTER_BOUND('',#1107,.T.);
#707=FACE_OUTER_BOUND('',#1108,.T.);
#708=FACE_OUTER_BOUND('',#1109,.T.);
#709=FACE_OUTER_BOUND('',#1110,.T.);
#710=FACE_OUTER_BOUND('',#1111,.T.);
#711=FACE_OUTER_BOUND('',#1112,.T.);
#712=FACE_OUTER_BOUND('',#1113,.T.);
#713=FACE_OUTER_BOUND('',#1114,.T.);
#714=FACE_OUTER_BOUND('',#1115,.T.);
#715=FACE_OUTER_BOUND('',#1116,.T.);
#716=FACE_OUTER_BOUND('',#1117,.T.);
#717=FACE_OUTER_BOUND('',#1118,.T.);
#718=FACE_OUTER_BOUND('',#1119,.T.);
#719=FACE_OUTER_BOUND('',#1120,.T.);
#720=FACE_OUTER_BOUND('',#1121,.T.);
#721=FACE_OUTER_BOUND('',#1122,.T.);
#722=FACE_OUTER_BOUND('',#1123,.T.);
#723=FACE_OUTER_BOUND('',#1124,.T.);
#724=FACE_OUTER_BOUND('',#1125,.T.);
#725=FACE_OUTER_BOUND('',#1126,.T.);
#726=FACE_OUTER_BOUND('',#1127,.T.);
#727=FACE_OUTER_BOUND('',#1128,.T.);
#728=FACE_OUTER_BOUND('',#1129,.T.);
#729=FACE_OUTER_BOUND('',#1130,.T.);
#730=FACE_OUTER_BOUND('',#1131,.T.);
#731=FACE_OUTER_BOUND('',#1132,.T.);
#732=FACE_OUTER_BOUND('',#1133,.T.);
#733=FACE_OUTER_BOUND('',#1134,.T.);
#734=EDGE_LOOP('',(#4402,#4403,#4404,#4405));
#735=EDGE_LOOP('',(#4406,#4407,#4408,#4409,#4410,#4411));
#736=EDGE_LOOP('',(#4412,#4413,#4414,#4415,#4416,#4417,#4418,#4419,#4420,
#4421,#4422,#4423,#4424));
#737=EDGE_LOOP('',(#4425,#4426,#4427,#4428,#4429,#4430,#4431,#4432,#4433,
#4434,#4435,#4436,#4437));
#738=EDGE_LOOP('',(#4438,#4439,#4440,#4441,#4442,#4443));
#739=EDGE_LOOP('',(#4444,#4445,#4446,#4447));
#740=EDGE_LOOP('',(#4448,#4449,#4450,#4451,#4452,#4453));
#741=EDGE_LOOP('',(#4454,#4455,#4456,#4457,#4458,#4459));
#742=EDGE_LOOP('',(#4460,#4461,#4462,#4463));
#743=EDGE_LOOP('',(#4464,#4465,#4466,#4467));
#744=EDGE_LOOP('',(#4468,#4469,#4470,#4471));
#745=EDGE_LOOP('',(#4472));
#746=EDGE_LOOP('',(#4473));
#747=EDGE_LOOP('',(#4474,#4475,#4476,#4477));
#748=EDGE_LOOP('',(#4478,#4479,#4480,#4481));
#749=EDGE_LOOP('',(#4482,#4483,#4484,#4485));
#750=EDGE_LOOP('',(#4486,#4487,#4488,#4489,#4490,#4491,#4492,#4493,#4494,
#4495,#4496));
#751=EDGE_LOOP('',(#4497,#4498,#4499,#4500));
#752=EDGE_LOOP('',(#4501,#4502,#4503,#4504));
#753=EDGE_LOOP('',(#4505,#4506,#4507,#4508,#4509,#4510,#4511,#4512,#4513,
#4514));
#754=EDGE_LOOP('',(#4515,#4516,#4517,#4518));
#755=EDGE_LOOP('',(#4519,#4520,#4521,#4522));
#756=EDGE_LOOP('',(#4523,#4524,#4525,#4526,#4527,#4528,#4529,#4530));
#757=EDGE_LOOP('',(#4531));
#758=EDGE_LOOP('',(#4532));
#759=EDGE_LOOP('',(#4533));
#760=EDGE_LOOP('',(#4534,#4535,#4536,#4537,#4538,#4539,#4540,#4541,#4542,
#4543,#4544,#4545,#4546,#4547,#4548,#4549));
#761=EDGE_LOOP('',(#4550,#4551,#4552,#4553,#4554));
#762=EDGE_LOOP('',(#4555));
#763=EDGE_LOOP('',(#4556));
#764=EDGE_LOOP('',(#4557,#4558,#4559,#4560,#4561,#4562));
#765=EDGE_LOOP('',(#4563,#4564,#4565,#4566,#4567));
#766=EDGE_LOOP('',(#4568,#4569,#4570,#4571,#4572,#4573,#4574,#4575,#4576,
#4577,#4578,#4579,#4580,#4581,#4582,#4583));
#767=EDGE_LOOP('',(#4584));
#768=EDGE_LOOP('',(#4585,#4586,#4587,#4588));
#769=EDGE_LOOP('',(#4589,#4590,#4591,#4592));
#770=EDGE_LOOP('',(#4593,#4594,#4595,#4596));
#771=EDGE_LOOP('',(#4597,#4598,#4599,#4600));
#772=EDGE_LOOP('',(#4601,#4602,#4603,#4604));
#773=EDGE_LOOP('',(#4605,#4606,#4607,#4608));
#774=EDGE_LOOP('',(#4609,#4610,#4611,#4612));
#775=EDGE_LOOP('',(#4613,#4614,#4615,#4616,#4617,#4618,#4619,#4620));
#776=EDGE_LOOP('',(#4621));
#777=EDGE_LOOP('',(#4622));
#778=EDGE_LOOP('',(#4623));
#779=EDGE_LOOP('',(#4624,#4625,#4626,#4627,#4628,#4629,#4630,#4631,#4632,
#4633,#4634,#4635,#4636,#4637,#4638,#4639));
#780=EDGE_LOOP('',(#4640,#4641,#4642,#4643));
#781=EDGE_LOOP('',(#4644,#4645,#4646,#4647,#4648,#4649,#4650,#4651,#4652,
#4653,#4654,#4655,#4656,#4657,#4658,#4659));
#782=EDGE_LOOP('',(#4660));
#783=EDGE_LOOP('',(#4661,#4662,#4663,#4664,#4665,#4666,#4667,#4668,#4669,
#4670,#4671,#4672,#4673,#4674,#4675,#4676));
#784=EDGE_LOOP('',(#4677,#4678,#4679,#4680));
#785=EDGE_LOOP('',(#4681,#4682,#4683,#4684));
#786=EDGE_LOOP('',(#4685,#4686,#4687,#4688));
#787=EDGE_LOOP('',(#4689,#4690,#4691,#4692));
#788=EDGE_LOOP('',(#4693,#4694,#4695,#4696));
#789=EDGE_LOOP('',(#4697,#4698,#4699,#4700));
#790=EDGE_LOOP('',(#4701,#4702,#4703,#4704));
#791=EDGE_LOOP('',(#4705,#4706,#4707,#4708,#4709,#4710,#4711,#4712));
#792=EDGE_LOOP('',(#4713,#4714,#4715,#4716));
#793=EDGE_LOOP('',(#4717,#4718,#4719,#4720,#4721,#4722,#4723,#4724));
#794=EDGE_LOOP('',(#4725,#4726,#4727,#4728,#4729,#4730,#4731,#4732));
#795=EDGE_LOOP('',(#4733,#4734,#4735,#4736,#4737,#4738,#4739,#4740,#4741,
#4742,#4743,#4744));
#796=EDGE_LOOP('',(#4745,#4746,#4747,#4748));
#797=EDGE_LOOP('',(#4749,#4750,#4751,#4752));
#798=EDGE_LOOP('',(#4753,#4754,#4755,#4756,#4757,#4758,#4759,#4760,#4761,
#4762,#4763,#4764,#4765,#4766,#4767,#4768));
#799=EDGE_LOOP('',(#4769,#4770,#4771,#4772,#4773,#4774));
#800=EDGE_LOOP('',(#4775,#4776,#4777,#4778,#4779,#4780));
#801=EDGE_LOOP('',(#4781,#4782,#4783,#4784,#4785,#4786,#4787,#4788));
#802=EDGE_LOOP('',(#4789,#4790,#4791,#4792));
#803=EDGE_LOOP('',(#4793,#4794,#4795,#4796));
#804=EDGE_LOOP('',(#4797,#4798,#4799,#4800));
#805=EDGE_LOOP('',(#4801,#4802,#4803,#4804));
#806=EDGE_LOOP('',(#4805,#4806,#4807,#4808));
#807=EDGE_LOOP('',(#4809,#4810,#4811,#4812));
#808=EDGE_LOOP('',(#4813,#4814,#4815,#4816,#4817,#4818));
#809=EDGE_LOOP('',(#4819,#4820,#4821,#4822,#4823));
#810=EDGE_LOOP('',(#4824,#4825,#4826,#4827));
#811=EDGE_LOOP('',(#4828,#4829,#4830,#4831));
#812=EDGE_LOOP('',(#4832,#4833,#4834,#4835));
#813=EDGE_LOOP('',(#4836,#4837,#4838,#4839));
#814=EDGE_LOOP('',(#4840,#4841,#4842,#4843));
#815=EDGE_LOOP('',(#4844,#4845,#4846,#4847));
#816=EDGE_LOOP('',(#4848,#4849,#4850,#4851));
#817=EDGE_LOOP('',(#4852,#4853,#4854,#4855));
#818=EDGE_LOOP('',(#4856,#4857,#4858,#4859));
#819=EDGE_LOOP('',(#4860,#4861,#4862,#4863,#4864));
#820=EDGE_LOOP('',(#4865,#4866,#4867,#4868,#4869,#4870));
#821=EDGE_LOOP('',(#4871,#4872,#4873,#4874));
#822=EDGE_LOOP('',(#4875,#4876,#4877,#4878));
#823=EDGE_LOOP('',(#4879,#4880,#4881,#4882));
#824=EDGE_LOOP('',(#4883,#4884,#4885,#4886));
#825=EDGE_LOOP('',(#4887,#4888,#4889,#4890,#4891));
#826=EDGE_LOOP('',(#4892,#4893,#4894,#4895));
#827=EDGE_LOOP('',(#4896,#4897,#4898,#4899));
#828=EDGE_LOOP('',(#4900,#4901,#4902,#4903));
#829=EDGE_LOOP('',(#4904,#4905,#4906,#4907));
#830=EDGE_LOOP('',(#4908,#4909,#4910,#4911));
#831=EDGE_LOOP('',(#4912,#4913,#4914,#4915));
#832=EDGE_LOOP('',(#4916,#4917,#4918,#4919));
#833=EDGE_LOOP('',(#4920,#4921,#4922,#4923));
#834=EDGE_LOOP('',(#4924,#4925,#4926,#4927,#4928,#4929,#4930,#4931));
#835=EDGE_LOOP('',(#4932,#4933,#4934,#4935,#4936,#4937,#4938,#4939));
#836=EDGE_LOOP('',(#4940,#4941,#4942,#4943));
#837=EDGE_LOOP('',(#4944,#4945,#4946,#4947));
#838=EDGE_LOOP('',(#4948,#4949,#4950,#4951));
#839=EDGE_LOOP('',(#4952,#4953,#4954,#4955));
#840=EDGE_LOOP('',(#4956,#4957,#4958,#4959));
#841=EDGE_LOOP('',(#4960,#4961,#4962,#4963));
#842=EDGE_LOOP('',(#4964,#4965,#4966,#4967));
#843=EDGE_LOOP('',(#4968,#4969,#4970,#4971));
#844=EDGE_LOOP('',(#4972,#4973,#4974,#4975));
#845=EDGE_LOOP('',(#4976,#4977,#4978,#4979));
#846=EDGE_LOOP('',(#4980,#4981,#4982,#4983,#4984));
#847=EDGE_LOOP('',(#4985,#4986,#4987,#4988,#4989,#4990));
#848=EDGE_LOOP('',(#4991,#4992,#4993,#4994,#4995,#4996));
#849=EDGE_LOOP('',(#4997,#4998,#4999,#5000,#5001,#5002,#5003,#5004));
#850=EDGE_LOOP('',(#5005,#5006,#5007,#5008));
#851=EDGE_LOOP('',(#5009,#5010,#5011,#5012));
#852=EDGE_LOOP('',(#5013,#5014,#5015,#5016));
#853=EDGE_LOOP('',(#5017,#5018,#5019,#5020));
#854=EDGE_LOOP('',(#5021,#5022,#5023,#5024));
#855=EDGE_LOOP('',(#5025,#5026,#5027,#5028));
#856=EDGE_LOOP('',(#5029,#5030,#5031,#5032,#5033,#5034));
#857=EDGE_LOOP('',(#5035,#5036,#5037,#5038,#5039));
#858=EDGE_LOOP('',(#5040,#5041,#5042,#5043));
#859=EDGE_LOOP('',(#5044,#5045,#5046,#5047));
#860=EDGE_LOOP('',(#5048,#5049,#5050,#5051));
#861=EDGE_LOOP('',(#5052,#5053,#5054,#5055));
#862=EDGE_LOOP('',(#5056,#5057,#5058,#5059));
#863=EDGE_LOOP('',(#5060,#5061,#5062,#5063));
#864=EDGE_LOOP('',(#5064,#5065,#5066,#5067));
#865=EDGE_LOOP('',(#5068,#5069,#5070,#5071));
#866=EDGE_LOOP('',(#5072,#5073,#5074,#5075));
#867=EDGE_LOOP('',(#5076,#5077,#5078,#5079,#5080));
#868=EDGE_LOOP('',(#5081,#5082,#5083,#5084));
#869=EDGE_LOOP('',(#5085,#5086,#5087,#5088));
#870=EDGE_LOOP('',(#5089,#5090,#5091,#5092));
#871=EDGE_LOOP('',(#5093,#5094,#5095,#5096,#5097,#5098,#5099,#5100));
#872=EDGE_LOOP('',(#5101,#5102,#5103,#5104,#5105));
#873=EDGE_LOOP('',(#5106,#5107,#5108,#5109,#5110,#5111));
#874=EDGE_LOOP('',(#5112,#5113,#5114,#5115));
#875=EDGE_LOOP('',(#5116,#5117,#5118,#5119));
#876=EDGE_LOOP('',(#5120,#5121,#5122,#5123));
#877=EDGE_LOOP('',(#5124,#5125,#5126,#5127));
#878=EDGE_LOOP('',(#5128,#5129,#5130,#5131));
#879=EDGE_LOOP('',(#5132,#5133,#5134,#5135));
#880=EDGE_LOOP('',(#5136,#5137,#5138,#5139));
#881=EDGE_LOOP('',(#5140,#5141,#5142,#5143));
#882=EDGE_LOOP('',(#5144,#5145,#5146,#5147));
#883=EDGE_LOOP('',(#5148,#5149,#5150,#5151));
#884=EDGE_LOOP('',(#5152,#5153,#5154,#5155));
#885=EDGE_LOOP('',(#5156,#5157,#5158,#5159));
#886=EDGE_LOOP('',(#5160,#5161,#5162,#5163));
#887=EDGE_LOOP('',(#5164,#5165,#5166,#5167));
#888=EDGE_LOOP('',(#5168,#5169,#5170,#5171,#5172));
#889=EDGE_LOOP('',(#5173,#5174,#5175));
#890=EDGE_LOOP('',(#5176,#5177,#5178,#5179));
#891=EDGE_LOOP('',(#5180,#5181,#5182,#5183));
#892=EDGE_LOOP('',(#5184,#5185,#5186,#5187));
#893=EDGE_LOOP('',(#5188,#5189,#5190,#5191));
#894=EDGE_LOOP('',(#5192,#5193,#5194,#5195));
#895=EDGE_LOOP('',(#5196,#5197,#5198,#5199));
#896=EDGE_LOOP('',(#5200,#5201,#5202,#5203));
#897=EDGE_LOOP('',(#5204,#5205,#5206,#5207));
#898=EDGE_LOOP('',(#5208,#5209,#5210,#5211));
#899=EDGE_LOOP('',(#5212,#5213,#5214,#5215));
#900=EDGE_LOOP('',(#5216,#5217,#5218,#5219));
#901=EDGE_LOOP('',(#5220,#5221,#5222,#5223));
#902=EDGE_LOOP('',(#5224,#5225,#5226,#5227,#5228,#5229,#5230,#5231,#5232,
#5233,#5234,#5235,#5236));
#903=EDGE_LOOP('',(#5237,#5238,#5239,#5240,#5241,#5242,#5243,#5244,#5245,
#5246,#5247,#5248,#5249));
#904=EDGE_LOOP('',(#5250,#5251,#5252,#5253));
#905=EDGE_LOOP('',(#5254,#5255,#5256,#5257));
#906=EDGE_LOOP('',(#5258,#5259,#5260,#5261));
#907=EDGE_LOOP('',(#5262,#5263,#5264,#5265));
#908=EDGE_LOOP('',(#5266,#5267,#5268,#5269));
#909=EDGE_LOOP('',(#5270,#5271,#5272,#5273));
#910=EDGE_LOOP('',(#5274,#5275,#5276,#5277));
#911=EDGE_LOOP('',(#5278,#5279,#5280,#5281));
#912=EDGE_LOOP('',(#5282,#5283,#5284,#5285));
#913=EDGE_LOOP('',(#5286,#5287,#5288,#5289));
#914=EDGE_LOOP('',(#5290,#5291,#5292,#5293));
#915=EDGE_LOOP('',(#5294,#5295,#5296,#5297,#5298));
#916=EDGE_LOOP('',(#5299,#5300,#5301,#5302,#5303,#5304,#5305,#5306,#5307,
#5308,#5309,#5310,#5311));
#917=EDGE_LOOP('',(#5312,#5313,#5314,#5315,#5316,#5317,#5318,#5319,#5320,
#5321,#5322,#5323));
#918=EDGE_LOOP('',(#5324,#5325));
#919=EDGE_LOOP('',(#5326,#5327));
#920=EDGE_LOOP('',(#5328,#5329,#5330,#5331));
#921=EDGE_LOOP('',(#5332,#5333,#5334,#5335,#5336));
#922=EDGE_LOOP('',(#5337,#5338,#5339,#5340,#5341));
#923=EDGE_LOOP('',(#5342));
#924=EDGE_LOOP('',(#5343));
#925=EDGE_LOOP('',(#5344,#5345,#5346,#5347));
#926=EDGE_LOOP('',(#5348,#5349,#5350,#5351,#5352,#5353));
#927=EDGE_LOOP('',(#5354,#5355,#5356,#5357,#5358,#5359));
#928=EDGE_LOOP('',(#5360,#5361,#5362,#5363));
#929=EDGE_LOOP('',(#5364,#5365,#5366,#5367));
#930=EDGE_LOOP('',(#5368));
#931=EDGE_LOOP('',(#5369));
#932=EDGE_LOOP('',(#5370));
#933=EDGE_LOOP('',(#5371,#5372,#5373,#5374,#5375));
#934=EDGE_LOOP('',(#5376,#5377,#5378,#5379));
#935=EDGE_LOOP('',(#5380));
#936=EDGE_LOOP('',(#5381,#5382,#5383,#5384,#5385,#5386,#5387,#5388));
#937=EDGE_LOOP('',(#5389,#5390,#5391,#5392));
#938=EDGE_LOOP('',(#5393,#5394,#5395,#5396,#5397));
#939=EDGE_LOOP('',(#5398,#5399,#5400,#5401,#5402,#5403,#5404,#5405));
#940=EDGE_LOOP('',(#5406,#5407,#5408,#5409));
#941=EDGE_LOOP('',(#5410,#5411,#5412,#5413));
#942=EDGE_LOOP('',(#5414,#5415,#5416,#5417));
#943=EDGE_LOOP('',(#5418,#5419,#5420,#5421));
#944=EDGE_LOOP('',(#5422,#5423,#5424,#5425));
#945=EDGE_LOOP('',(#5426,#5427,#5428,#5429));
#946=EDGE_LOOP('',(#5430,#5431,#5432,#5433));
#947=EDGE_LOOP('',(#5434,#5435,#5436,#5437));
#948=EDGE_LOOP('',(#5438,#5439));
#949=EDGE_LOOP('',(#5440,#5441,#5442,#5443,#5444,#5445,#5446,#5447,#5448,
#5449,#5450,#5451));
#950=EDGE_LOOP('',(#5452,#5453));
#951=EDGE_LOOP('',(#5454,#5455,#5456,#5457,#5458,#5459));
#952=EDGE_LOOP('',(#5460,#5461,#5462,#5463));
#953=EDGE_LOOP('',(#5464,#5465,#5466,#5467));
#954=EDGE_LOOP('',(#5468,#5469,#5470,#5471));
#955=EDGE_LOOP('',(#5472,#5473,#5474,#5475,#5476,#5477));
#956=EDGE_LOOP('',(#5478,#5479,#5480,#5481));
#957=EDGE_LOOP('',(#5482,#5483,#5484,#5485));
#958=EDGE_LOOP('',(#5486,#5487,#5488,#5489));
#959=EDGE_LOOP('',(#5490,#5491,#5492,#5493,#5494,#5495,#5496,#5497));
#960=EDGE_LOOP('',(#5498,#5499,#5500,#5501));
#961=EDGE_LOOP('',(#5502,#5503,#5504,#5505));
#962=EDGE_LOOP('',(#5506,#5507,#5508,#5509));
#963=EDGE_LOOP('',(#5510,#5511,#5512,#5513,#5514,#5515));
#964=EDGE_LOOP('',(#5516,#5517,#5518,#5519));
#965=EDGE_LOOP('',(#5520,#5521,#5522,#5523));
#966=EDGE_LOOP('',(#5524,#5525,#5526,#5527));
#967=EDGE_LOOP('',(#5528,#5529,#5530,#5531,#5532,#5533));
#968=EDGE_LOOP('',(#5534,#5535,#5536,#5537,#5538,#5539,#5540,#5541,#5542,
#5543));
#969=EDGE_LOOP('',(#5544,#5545,#5546,#5547,#5548,#5549,#5550,#5551,#5552,
#5553));
#970=EDGE_LOOP('',(#5554,#5555,#5556,#5557,#5558,#5559,#5560,#5561));
#971=EDGE_LOOP('',(#5562,#5563,#5564,#5565));
#972=EDGE_LOOP('',(#5566,#5567,#5568,#5569));
#973=EDGE_LOOP('',(#5570,#5571,#5572,#5573,#5574,#5575,#5576,#5577,#5578,
#5579,#5580,#5581,#5582,#5583,#5584,#5585,#5586,#5587,#5588,#5589,#5590,
#5591));
#974=EDGE_LOOP('',(#5592,#5593,#5594,#5595));
#975=EDGE_LOOP('',(#5596,#5597,#5598,#5599,#5600,#5601,#5602,#5603,#5604,
#5605,#5606,#5607,#5608,#5609,#5610,#5611,#5612,#5613,#5614,#5615,#5616,
#5617));
#976=EDGE_LOOP('',(#5618,#5619,#5620,#5621));
#977=EDGE_LOOP('',(#5622,#5623,#5624,#5625));
#978=EDGE_LOOP('',(#5626,#5627,#5628,#5629,#5630,#5631));
#979=EDGE_LOOP('',(#5632,#5633,#5634,#5635));
#980=EDGE_LOOP('',(#5636,#5637,#5638,#5639));
#981=EDGE_LOOP('',(#5640,#5641,#5642,#5643));
#982=EDGE_LOOP('',(#5644,#5645,#5646,#5647));
#983=EDGE_LOOP('',(#5648,#5649,#5650,#5651));
#984=EDGE_LOOP('',(#5652,#5653,#5654,#5655));
#985=EDGE_LOOP('',(#5656,#5657,#5658,#5659));
#986=EDGE_LOOP('',(#5660,#5661,#5662,#5663,#5664,#5665));
#987=EDGE_LOOP('',(#5666,#5667,#5668,#5669));
#988=EDGE_LOOP('',(#5670,#5671,#5672,#5673));
#989=EDGE_LOOP('',(#5674,#5675,#5676,#5677));
#990=EDGE_LOOP('',(#5678,#5679,#5680,#5681));
#991=EDGE_LOOP('',(#5682,#5683,#5684,#5685));
#992=EDGE_LOOP('',(#5686,#5687,#5688,#5689));
#993=EDGE_LOOP('',(#5690,#5691,#5692,#5693,#5694,#5695,#5696,#5697,#5698,
#5699));
#994=EDGE_LOOP('',(#5700,#5701,#5702,#5703,#5704,#5705,#5706,#5707,#5708,
#5709));
#995=EDGE_LOOP('',(#5710,#5711,#5712,#5713));
#996=EDGE_LOOP('',(#5714,#5715,#5716,#5717));
#997=EDGE_LOOP('',(#5718,#5719,#5720,#5721));
#998=EDGE_LOOP('',(#5722,#5723,#5724,#5725));
#999=EDGE_LOOP('',(#5726,#5727,#5728,#5729));
#1000=EDGE_LOOP('',(#5730,#5731,#5732,#5733));
#1001=EDGE_LOOP('',(#5734,#5735,#5736,#5737));
#1002=EDGE_LOOP('',(#5738,#5739,#5740,#5741));
#1003=EDGE_LOOP('',(#5742,#5743,#5744,#5745));
#1004=EDGE_LOOP('',(#5746,#5747,#5748,#5749,#5750,#5751,#5752,#5753));
#1005=EDGE_LOOP('',(#5754,#5755,#5756,#5757,#5758,#5759,#5760,#5761));
#1006=EDGE_LOOP('',(#5762,#5763,#5764,#5765));
#1007=EDGE_LOOP('',(#5766,#5767,#5768,#5769));
#1008=EDGE_LOOP('',(#5770,#5771,#5772,#5773));
#1009=EDGE_LOOP('',(#5774,#5775,#5776,#5777));
#1010=EDGE_LOOP('',(#5778,#5779,#5780,#5781));
#1011=EDGE_LOOP('',(#5782,#5783,#5784,#5785));
#1012=EDGE_LOOP('',(#5786,#5787,#5788,#5789));
#1013=EDGE_LOOP('',(#5790,#5791,#5792,#5793,#5794,#5795));
#1014=EDGE_LOOP('',(#5796,#5797,#5798,#5799));
#1015=EDGE_LOOP('',(#5800,#5801,#5802,#5803,#5804,#5805));
#1016=EDGE_LOOP('',(#5806,#5807,#5808,#5809,#5810,#5811,#5812,#5813));
#1017=EDGE_LOOP('',(#5814,#5815,#5816,#5817,#5818,#5819));
#1018=EDGE_LOOP('',(#5820,#5821,#5822,#5823,#5824,#5825,#5826,#5827));
#1019=EDGE_LOOP('',(#5828,#5829,#5830,#5831,#5832,#5833));
#1020=EDGE_LOOP('',(#5834,#5835,#5836,#5837,#5838,#5839,#5840,#5841,#5842,
#5843));
#1021=EDGE_LOOP('',(#5844,#5845,#5846,#5847,#5848,#5849,#5850,#5851,#5852,
#5853));
#1022=EDGE_LOOP('',(#5854,#5855,#5856,#5857,#5858,#5859));
#1023=EDGE_LOOP('',(#5860,#5861,#5862,#5863,#5864,#5865));
#1024=EDGE_LOOP('',(#5866,#5867,#5868,#5869));
#1025=EDGE_LOOP('',(#5870,#5871,#5872,#5873));
#1026=EDGE_LOOP('',(#5874,#5875,#5876,#5877));
#1027=EDGE_LOOP('',(#5878,#5879,#5880,#5881));
#1028=EDGE_LOOP('',(#5882,#5883,#5884,#5885,#5886,#5887));
#1029=EDGE_LOOP('',(#5888,#5889,#5890,#5891,#5892,#5893));
#1030=EDGE_LOOP('',(#5894,#5895,#5896,#5897));
#1031=EDGE_LOOP('',(#5898,#5899,#5900,#5901,#5902,#5903));
#1032=EDGE_LOOP('',(#5904,#5905,#5906,#5907,#5908,#5909,#5910,#5911));
#1033=EDGE_LOOP('',(#5912,#5913,#5914,#5915,#5916,#5917));
#1034=EDGE_LOOP('',(#5918,#5919,#5920,#5921,#5922,#5923,#5924,#5925));
#1035=EDGE_LOOP('',(#5926,#5927,#5928,#5929,#5930,#5931,#5932,#5933,#5934,
#5935));
#1036=EDGE_LOOP('',(#5936,#5937,#5938,#5939,#5940,#5941,#5942,#5943,#5944,
#5945));
#1037=EDGE_LOOP('',(#5946,#5947,#5948,#5949,#5950,#5951));
#1038=EDGE_LOOP('',(#5952,#5953,#5954,#5955,#5956,#5957));
#1039=EDGE_LOOP('',(#5958,#5959,#5960,#5961));
#1040=EDGE_LOOP('',(#5962,#5963,#5964,#5965));
#1041=EDGE_LOOP('',(#5966,#5967,#5968,#5969));
#1042=EDGE_LOOP('',(#5970,#5971,#5972,#5973));
#1043=EDGE_LOOP('',(#5974,#5975,#5976,#5977));
#1044=EDGE_LOOP('',(#5978,#5979,#5980,#5981));
#1045=EDGE_LOOP('',(#5982,#5983,#5984,#5985,#5986,#5987,#5988,#5989));
#1046=EDGE_LOOP('',(#5990,#5991,#5992,#5993));
#1047=EDGE_LOOP('',(#5994,#5995,#5996,#5997));
#1048=EDGE_LOOP('',(#5998,#5999,#6000,#6001));
#1049=EDGE_LOOP('',(#6002,#6003,#6004,#6005));
#1050=EDGE_LOOP('',(#6006,#6007,#6008,#6009));
#1051=EDGE_LOOP('',(#6010,#6011,#6012,#6013));
#1052=EDGE_LOOP('',(#6014,#6015,#6016,#6017));
#1053=EDGE_LOOP('',(#6018,#6019,#6020,#6021,#6022,#6023,#6024,#6025));
#1054=EDGE_LOOP('',(#6026,#6027,#6028,#6029));
#1055=EDGE_LOOP('',(#6030,#6031,#6032,#6033));
#1056=EDGE_LOOP('',(#6034,#6035,#6036,#6037,#6038,#6039,#6040,#6041));
#1057=EDGE_LOOP('',(#6042,#6043,#6044,#6045,#6046,#6047,#6048,#6049));
#1058=EDGE_LOOP('',(#6050,#6051,#6052,#6053));
#1059=EDGE_LOOP('',(#6054,#6055,#6056,#6057));
#1060=EDGE_LOOP('',(#6058,#6059,#6060,#6061));
#1061=EDGE_LOOP('',(#6062,#6063,#6064,#6065));
#1062=EDGE_LOOP('',(#6066,#6067,#6068,#6069,#6070,#6071,#6072,#6073));
#1063=EDGE_LOOP('',(#6074,#6075,#6076,#6077));
#1064=EDGE_LOOP('',(#6078,#6079,#6080,#6081));
#1065=EDGE_LOOP('',(#6082,#6083,#6084,#6085));
#1066=EDGE_LOOP('',(#6086,#6087,#6088,#6089));
#1067=EDGE_LOOP('',(#6090,#6091,#6092,#6093));
#1068=EDGE_LOOP('',(#6094,#6095,#6096,#6097,#6098,#6099,#6100,#6101));
#1069=EDGE_LOOP('',(#6102,#6103,#6104,#6105));
#1070=EDGE_LOOP('',(#6106,#6107,#6108,#6109));
#1071=EDGE_LOOP('',(#6110,#6111,#6112,#6113));
#1072=EDGE_LOOP('',(#6114,#6115,#6116,#6117,#6118));
#1073=EDGE_LOOP('',(#6119,#6120,#6121,#6122,#6123));
#1074=EDGE_LOOP('',(#6124,#6125,#6126,#6127));
#1075=EDGE_LOOP('',(#6128,#6129,#6130,#6131));
#1076=EDGE_LOOP('',(#6132,#6133,#6134,#6135));
#1077=EDGE_LOOP('',(#6136,#6137,#6138,#6139,#6140));
#1078=EDGE_LOOP('',(#6141,#6142,#6143,#6144,#6145));
#1079=EDGE_LOOP('',(#6146,#6147,#6148,#6149));
#1080=EDGE_LOOP('',(#6150,#6151,#6152,#6153));
#1081=EDGE_LOOP('',(#6154,#6155,#6156,#6157,#6158));
#1082=EDGE_LOOP('',(#6159,#6160,#6161,#6162,#6163));
#1083=EDGE_LOOP('',(#6164,#6165,#6166,#6167));
#1084=EDGE_LOOP('',(#6168,#6169,#6170,#6171));
#1085=EDGE_LOOP('',(#6172,#6173,#6174,#6175));
#1086=EDGE_LOOP('',(#6176,#6177,#6178,#6179));
#1087=EDGE_LOOP('',(#6180,#6181,#6182,#6183));
#1088=EDGE_LOOP('',(#6184,#6185,#6186,#6187));
#1089=EDGE_LOOP('',(#6188,#6189,#6190,#6191));
#1090=EDGE_LOOP('',(#6192,#6193,#6194,#6195));
#1091=EDGE_LOOP('',(#6196,#6197,#6198,#6199));
#1092=EDGE_LOOP('',(#6200,#6201,#6202,#6203));
#1093=EDGE_LOOP('',(#6204,#6205,#6206,#6207));
#1094=EDGE_LOOP('',(#6208,#6209,#6210,#6211));
#1095=EDGE_LOOP('',(#6212,#6213,#6214,#6215));
#1096=EDGE_LOOP('',(#6216,#6217,#6218,#6219));
#1097=EDGE_LOOP('',(#6220,#6221,#6222,#6223));
#1098=EDGE_LOOP('',(#6224,#6225,#6226,#6227));
#1099=EDGE_LOOP('',(#6228,#6229,#6230,#6231));
#1100=EDGE_LOOP('',(#6232,#6233,#6234,#6235));
#1101=EDGE_LOOP('',(#6236,#6237,#6238,#6239));
#1102=EDGE_LOOP('',(#6240,#6241,#6242,#6243));
#1103=EDGE_LOOP('',(#6244,#6245,#6246,#6247));
#1104=EDGE_LOOP('',(#6248,#6249,#6250,#6251));
#1105=EDGE_LOOP('',(#6252,#6253,#6254,#6255));
#1106=EDGE_LOOP('',(#6256,#6257,#6258,#6259));
#1107=EDGE_LOOP('',(#6260,#6261,#6262,#6263));
#1108=EDGE_LOOP('',(#6264,#6265,#6266,#6267));
#1109=EDGE_LOOP('',(#6268,#6269,#6270,#6271,#6272));
#1110=EDGE_LOOP('',(#6273,#6274,#6275,#6276,#6277));
#1111=EDGE_LOOP('',(#6278,#6279,#6280,#6281));
#1112=EDGE_LOOP('',(#6282,#6283,#6284,#6285));
#1113=EDGE_LOOP('',(#6286,#6287,#6288,#6289));
#1114=EDGE_LOOP('',(#6290,#6291,#6292,#6293));
#1115=EDGE_LOOP('',(#6294,#6295,#6296,#6297));
#1116=EDGE_LOOP('',(#6298,#6299,#6300,#6301));
#1117=EDGE_LOOP('',(#6302,#6303,#6304,#6305));
#1118=EDGE_LOOP('',(#6306,#6307,#6308,#6309));
#1119=EDGE_LOOP('',(#6310,#6311,#6312,#6313));
#1120=EDGE_LOOP('',(#6314,#6315,#6316,#6317));
#1121=EDGE_LOOP('',(#6318,#6319,#6320,#6321));
#1122=EDGE_LOOP('',(#6322,#6323,#6324,#6325));
#1123=EDGE_LOOP('',(#6326,#6327,#6328,#6329));
#1124=EDGE_LOOP('',(#6330,#6331,#6332,#6333));
#1125=EDGE_LOOP('',(#6334,#6335,#6336,#6337));
#1126=EDGE_LOOP('',(#6338,#6339,#6340,#6341));
#1127=EDGE_LOOP('',(#6342,#6343,#6344,#6345));
#1128=EDGE_LOOP('',(#6346,#6347,#6348,#6349));
#1129=EDGE_LOOP('',(#6350,#6351,#6352,#6353));
#1130=EDGE_LOOP('',(#6354,#6355,#6356,#6357));
#1131=EDGE_LOOP('',(#6358,#6359,#6360,#6361));
#1132=EDGE_LOOP('',(#6362,#6363,#6364,#6365));
#1133=EDGE_LOOP('',(#6366,#6367,#6368,#6369));
#1134=EDGE_LOOP('',(#6370,#6371,#6372,#6373));
#1135=LINE('',#9517,#1954);
#1136=LINE('',#9519,#1955);
#1137=LINE('',#9521,#1956);
#1138=LINE('',#9522,#1957);
#1139=LINE('',#9526,#1958);
#1140=LINE('',#9528,#1959);
#1141=LINE('',#9530,#1960);
#1142=LINE('',#9532,#1961);
#1143=LINE('',#9534,#1962);
#1144=LINE('',#9535,#1963);
#1145=LINE('',#9539,#1964);
#1146=LINE('',#9541,#1965);
#1147=LINE('',#9543,#1966);
#1148=LINE('',#9545,#1967);
#1149=LINE('',#9547,#1968);
#1150=LINE('',#9549,#1969);
#1151=LINE('',#9551,#1970);
#1152=LINE('',#9553,#1971);
#1153=LINE('',#9555,#1972);
#1154=LINE('',#9557,#1973);
#1155=LINE('',#9559,#1974);
#1156=LINE('',#9561,#1975);
#1157=LINE('',#9562,#1976);
#1158=LINE('',#9566,#1977);
#1159=LINE('',#9568,#1978);
#1160=LINE('',#9570,#1979);
#1161=LINE('',#9572,#1980);
#1162=LINE('',#9574,#1981);
#1163=LINE('',#9576,#1982);
#1164=LINE('',#9578,#1983);
#1165=LINE('',#9580,#1984);
#1166=LINE('',#9582,#1985);
#1167=LINE('',#9584,#1986);
#1168=LINE('',#9586,#1987);
#1169=LINE('',#9588,#1988);
#1170=LINE('',#9589,#1989);
#1171=LINE('',#9592,#1990);
#1172=LINE('',#9594,#1991);
#1173=LINE('',#9596,#1992);
#1174=LINE('',#9598,#1993);
#1175=LINE('',#9599,#1994);
#1176=LINE('',#9602,#1995);
#1177=LINE('',#9604,#1996);
#1178=LINE('',#9605,#1997);
#1179=LINE('',#9608,#1998);
#1180=LINE('',#9610,#1999);
#1181=LINE('',#9611,#2000);
#1182=LINE('',#9612,#2001);
#1183=LINE('',#9617,#2002);
#1184=LINE('',#9621,#2003);
#1185=LINE('',#9626,#2004);
#1186=LINE('',#9628,#2005);
#1187=LINE('',#9630,#2006);
#1188=LINE('',#9631,#2007);
#1189=LINE('',#9634,#2008);
#1190=LINE('',#9636,#2009);
#1191=LINE('',#9638,#2010);
#1192=LINE('',#9639,#2011);
#1193=LINE('',#9642,#2012);
#1194=LINE('',#9644,#2013);
#1195=LINE('',#9646,#2014);
#1196=LINE('',#9647,#2015);
#1197=LINE('',#9655,#2016);
#1198=LINE('',#9657,#2017);
#1199=LINE('',#9659,#2018);
#1200=LINE('',#9660,#2019);
#1201=LINE('',#9663,#2020);
#1202=LINE('',#9665,#2021);
#1203=LINE('',#9667,#2022);
#1204=LINE('',#9668,#2023);
#1205=LINE('',#9671,#2024);
#1206=LINE('',#9673,#2025);
#1207=LINE('',#9675,#2026);
#1208=LINE('',#9676,#2027);
#1209=LINE('',#9679,#2028);
#1210=LINE('',#9681,#2029);
#1211=LINE('',#9685,#2030);
#1212=LINE('',#9687,#2031);
#1213=LINE('',#9689,#2032);
#1214=LINE('',#9691,#2033);
#1215=LINE('',#9693,#2034);
#1216=LINE('',#9695,#2035);
#1217=LINE('',#9696,#2036);
#1218=LINE('',#9699,#2037);
#1219=LINE('',#9701,#2038);
#1220=LINE('',#9703,#2039);
#1221=LINE('',#9704,#2040);
#1222=LINE('',#9707,#2041);
#1223=LINE('',#9709,#2042);
#1224=LINE('',#9711,#2043);
#1225=LINE('',#9712,#2044);
#1226=LINE('',#9715,#2045);
#1227=LINE('',#9717,#2046);
#1228=LINE('',#9719,#2047);
#1229=LINE('',#9721,#2048);
#1230=LINE('',#9722,#2049);
#1231=LINE('',#9725,#2050);
#1232=LINE('',#9727,#2051);
#1233=LINE('',#9729,#2052);
#1234=LINE('',#9730,#2053);
#1235=LINE('',#9733,#2054);
#1236=LINE('',#9735,#2055);
#1237=LINE('',#9737,#2056);
#1238=LINE('',#9738,#2057);
#1239=LINE('',#9741,#2058);
#1240=LINE('',#9743,#2059);
#1241=LINE('',#9745,#2060);
#1242=LINE('',#9747,#2061);
#1243=LINE('',#9749,#2062);
#1244=LINE('',#9750,#2063);
#1245=LINE('',#9761,#2064);
#1246=LINE('',#9764,#2065);
#1247=LINE('',#9766,#2066);
#1248=LINE('',#9768,#2067);
#1249=LINE('',#9770,#2068);
#1250=LINE('',#9772,#2069);
#1251=LINE('',#9774,#2070);
#1252=LINE('',#9776,#2071);
#1253=LINE('',#9778,#2072);
#1254=LINE('',#9780,#2073);
#1255=LINE('',#9782,#2074);
#1256=LINE('',#9784,#2075);
#1257=LINE('',#9786,#2076);
#1258=LINE('',#9790,#2077);
#1259=LINE('',#9794,#2078);
#1260=LINE('',#9797,#2079);
#1261=LINE('',#9805,#2080);
#1262=LINE('',#9807,#2081);
#1263=LINE('',#9809,#2082);
#1264=LINE('',#9811,#2083);
#1265=LINE('',#9813,#2084);
#1266=LINE('',#9814,#2085);
#1267=LINE('',#9817,#2086);
#1268=LINE('',#9818,#2087);
#1269=LINE('',#9819,#2088);
#1270=LINE('',#9822,#2089);
#1271=LINE('',#9824,#2090);
#1272=LINE('',#9826,#2091);
#1273=LINE('',#9828,#2092);
#1274=LINE('',#9830,#2093);
#1275=LINE('',#9832,#2094);
#1276=LINE('',#9834,#2095);
#1277=LINE('',#9836,#2096);
#1278=LINE('',#9838,#2097);
#1279=LINE('',#9840,#2098);
#1280=LINE('',#9842,#2099);
#1281=LINE('',#9843,#2100);
#1282=LINE('',#9845,#2101);
#1283=LINE('',#9846,#2102);
#1284=LINE('',#9852,#2103);
#1285=LINE('',#9854,#2104);
#1286=LINE('',#9856,#2105);
#1287=LINE('',#9857,#2106);
#1288=LINE('',#9861,#2107);
#1289=LINE('',#9863,#2108);
#1290=LINE('',#9865,#2109);
#1291=LINE('',#9866,#2110);
#1292=LINE('',#9870,#2111);
#1293=LINE('',#9871,#2112);
#1294=LINE('',#9872,#2113);
#1295=LINE('',#9876,#2114);
#1296=LINE('',#9877,#2115);
#1297=LINE('',#9878,#2116);
#1298=LINE('',#9881,#2117);
#1299=LINE('',#9882,#2118);
#1300=LINE('',#9885,#2119);
#1301=LINE('',#9887,#2120);
#1302=LINE('',#9888,#2121);
#1303=LINE('',#9891,#2122);
#1304=LINE('',#9893,#2123);
#1305=LINE('',#9894,#2124);
#1306=LINE('',#9899,#2125);
#1307=LINE('',#9901,#2126);
#1308=LINE('',#9903,#2127);
#1309=LINE('',#9905,#2128);
#1310=LINE('',#9907,#2129);
#1311=LINE('',#9908,#2130);
#1312=LINE('',#9918,#2131);
#1313=LINE('',#9919,#2132);
#1314=LINE('',#9921,#2133);
#1315=LINE('',#9923,#2134);
#1316=LINE('',#9924,#2135);
#1317=LINE('',#9925,#2136);
#1318=LINE('',#9927,#2137);
#1319=LINE('',#9928,#2138);
#1320=LINE('',#9929,#2139);
#1321=LINE('',#9930,#2140);
#1322=LINE('',#9932,#2141);
#1323=LINE('',#9936,#2142);
#1324=LINE('',#9938,#2143);
#1325=LINE('',#9939,#2144);
#1326=LINE('',#9941,#2145);
#1327=LINE('',#9943,#2146);
#1328=LINE('',#9944,#2147);
#1329=LINE('',#9946,#2148);
#1330=LINE('',#9948,#2149);
#1331=LINE('',#9950,#2150);
#1332=LINE('',#9952,#2151);
#1333=LINE('',#9954,#2152);
#1334=LINE('',#9956,#2153);
#1335=LINE('',#9958,#2154);
#1336=LINE('',#9959,#2155);
#1337=LINE('',#9964,#2156);
#1338=LINE('',#9965,#2157);
#1339=LINE('',#9967,#2158);
#1340=LINE('',#9968,#2159);
#1341=LINE('',#9970,#2160);
#1342=LINE('',#9972,#2161);
#1343=LINE('',#9973,#2162);
#1344=LINE('',#9975,#2163);
#1345=LINE('',#9977,#2164);
#1346=LINE('',#9978,#2165);
#1347=LINE('',#9979,#2166);
#1348=LINE('',#9982,#2167);
#1349=LINE('',#9984,#2168);
#1350=LINE('',#9985,#2169);
#1351=LINE('',#9989,#2170);
#1352=LINE('',#9991,#2171);
#1353=LINE('',#9993,#2172);
#1354=LINE('',#9994,#2173);
#1355=LINE('',#9998,#2174);
#1356=LINE('',#9999,#2175);
#1357=LINE('',#10000,#2176);
#1358=LINE('',#10003,#2177);
#1359=LINE('',#10004,#2178);
#1360=LINE('',#10007,#2179);
#1361=LINE('',#10008,#2180);
#1362=LINE('',#10011,#2181);
#1363=LINE('',#10013,#2182);
#1364=LINE('',#10014,#2183);
#1365=LINE('',#10016,#2184);
#1366=LINE('',#10018,#2185);
#1367=LINE('',#10019,#2186);
#1368=LINE('',#10021,#2187);
#1369=LINE('',#10025,#2188);
#1370=LINE('',#10027,#2189);
#1371=LINE('',#10029,#2190);
#1372=LINE('',#10030,#2191);
#1373=LINE('',#10032,#2192);
#1374=LINE('',#10033,#2193);
#1375=LINE('',#10037,#2194);
#1376=LINE('',#10038,#2195);
#1377=LINE('',#10039,#2196);
#1378=LINE('',#10041,#2197);
#1379=LINE('',#10042,#2198);
#1380=LINE('',#10045,#2199);
#1381=LINE('',#10047,#2200);
#1382=LINE('',#10048,#2201);
#1383=LINE('',#10050,#2202);
#1384=LINE('',#10052,#2203);
#1385=LINE('',#10054,#2204);
#1386=LINE('',#10056,#2205);
#1387=LINE('',#10057,#2206);
#1388=LINE('',#10060,#2207);
#1389=LINE('',#10061,#2208);
#1390=LINE('',#10063,#2209);
#1391=LINE('',#10065,#2210);
#1392=LINE('',#10066,#2211);
#1393=LINE('',#10068,#2212);
#1394=LINE('',#10070,#2213);
#1395=LINE('',#10071,#2214);
#1396=LINE('',#10072,#2215);
#1397=LINE('',#10074,#2216);
#1398=LINE('',#10075,#2217);
#1399=LINE('',#10077,#2218);
#1400=LINE('',#10078,#2219);
#1401=LINE('',#10082,#2220);
#1402=LINE('',#10084,#2221);
#1403=LINE('',#10086,#2222);
#1404=LINE('',#10087,#2223);
#1405=LINE('',#10089,#2224);
#1406=LINE('',#10097,#2225);
#1407=LINE('',#10100,#2226);
#1408=LINE('',#10101,#2227);
#1409=LINE('',#10104,#2228);
#1410=LINE('',#10105,#2229);
#1411=LINE('',#10107,#2230);
#1412=LINE('',#10110,#2231);
#1413=LINE('',#10111,#2232);
#1414=LINE('',#10114,#2233);
#1415=LINE('',#10115,#2234);
#1416=LINE('',#10117,#2235);
#1417=LINE('',#10123,#2236);
#1418=LINE('',#10125,#2237);
#1419=LINE('',#10128,#2238);
#1420=LINE('',#10129,#2239);
#1421=LINE('',#10131,#2240);
#1422=LINE('',#10132,#2241);
#1423=LINE('',#10135,#2242);
#1424=LINE('',#10136,#2243);
#1425=LINE('',#10139,#2244);
#1426=LINE('',#10140,#2245);
#1427=LINE('',#10142,#2246);
#1428=LINE('',#10149,#2247);
#1429=LINE('',#10150,#2248);
#1430=LINE('',#10154,#2249);
#1431=LINE('',#10156,#2250);
#1432=LINE('',#10158,#2251);
#1433=LINE('',#10162,#2252);
#1434=LINE('',#10164,#2253);
#1435=LINE('',#10165,#2254);
#1436=LINE('',#10168,#2255);
#1437=LINE('',#10170,#2256);
#1438=LINE('',#10171,#2257);
#1439=LINE('',#10176,#2258);
#1440=LINE('',#10180,#2259);
#1441=LINE('',#10182,#2260);
#1442=LINE('',#10183,#2261);
#1443=LINE('',#10188,#2262);
#1444=LINE('',#10189,#2263);
#1445=LINE('',#10192,#2264);
#1446=LINE('',#10194,#2265);
#1447=LINE('',#10197,#2266);
#1448=LINE('',#10199,#2267);
#1449=LINE('',#10201,#2268);
#1450=LINE('',#10202,#2269);
#1451=LINE('',#10204,#2270);
#1452=LINE('',#10206,#2271);
#1453=LINE('',#10209,#2272);
#1454=LINE('',#10210,#2273);
#1455=LINE('',#10212,#2274);
#1456=LINE('',#10214,#2275);
#1457=LINE('',#10217,#2276);
#1458=LINE('',#10219,#2277);
#1459=LINE('',#10220,#2278);
#1460=LINE('',#10222,#2279);
#1461=LINE('',#10223,#2280);
#1462=LINE('',#10227,#2281);
#1463=LINE('',#10229,#2282);
#1464=LINE('',#10231,#2283);
#1465=LINE('',#10232,#2284);
#1466=LINE('',#10234,#2285);
#1467=LINE('',#10242,#2286);
#1468=LINE('',#10245,#2287);
#1469=LINE('',#10246,#2288);
#1470=LINE('',#10249,#2289);
#1471=LINE('',#10250,#2290);
#1472=LINE('',#10252,#2291);
#1473=LINE('',#10255,#2292);
#1474=LINE('',#10256,#2293);
#1475=LINE('',#10259,#2294);
#1476=LINE('',#10260,#2295);
#1477=LINE('',#10262,#2296);
#1478=LINE('',#10268,#2297);
#1479=LINE('',#10270,#2298);
#1480=LINE('',#10273,#2299);
#1481=LINE('',#10274,#2300);
#1482=LINE('',#10277,#2301);
#1483=LINE('',#10278,#2302);
#1484=LINE('',#10280,#2303);
#1485=LINE('',#10283,#2304);
#1486=LINE('',#10285,#2305);
#1487=LINE('',#10286,#2306);
#1488=LINE('',#10290,#2307);
#1489=LINE('',#10292,#2308);
#1490=LINE('',#10293,#2309);
#1491=LINE('',#10296,#2310);
#1492=LINE('',#10298,#2311);
#1493=LINE('',#10301,#2312);
#1494=LINE('',#10303,#2313);
#1495=LINE('',#10305,#2314);
#1496=LINE('',#10306,#2315);
#1497=LINE('',#10308,#2316);
#1498=LINE('',#10310,#2317);
#1499=LINE('',#10313,#2318);
#1500=LINE('',#10314,#2319);
#1501=LINE('',#10316,#2320);
#1502=LINE('',#10318,#2321);
#1503=LINE('',#10322,#2322);
#1504=LINE('',#10323,#2323);
#1505=LINE('',#10324,#2324);
#1506=LINE('',#10326,#2325);
#1507=LINE('',#10329,#2326);
#1508=LINE('',#10332,#2327);
#1509=LINE('',#10334,#2328);
#1510=LINE('',#10338,#2329);
#1511=LINE('',#10340,#2330);
#1512=LINE('',#10341,#2331);
#1513=LINE('',#10345,#2332);
#1514=LINE('',#10347,#2333);
#1515=LINE('',#10349,#2334);
#1516=LINE('',#10350,#2335);
#1517=LINE('',#10354,#2336);
#1518=LINE('',#10356,#2337);
#1519=LINE('',#10358,#2338);
#1520=LINE('',#10359,#2339);
#1521=LINE('',#10363,#2340);
#1522=LINE('',#10365,#2341);
#1523=LINE('',#10367,#2342);
#1524=LINE('',#10368,#2343);
#1525=LINE('',#10372,#2344);
#1526=LINE('',#10374,#2345);
#1527=LINE('',#10376,#2346);
#1528=LINE('',#10377,#2347);
#1529=LINE('',#10381,#2348);
#1530=LINE('',#10383,#2349);
#1531=LINE('',#10385,#2350);
#1532=LINE('',#10386,#2351);
#1533=LINE('',#10409,#2352);
#1534=LINE('',#10411,#2353);
#1535=LINE('',#10412,#2354);
#1536=LINE('',#10415,#2355);
#1537=LINE('',#10416,#2356);
#1538=LINE('',#10419,#2357);
#1539=LINE('',#10423,#2358);
#1540=LINE('',#10424,#2359);
#1541=LINE('',#10434,#2360);
#1542=LINE('',#10438,#2361);
#1543=LINE('',#10442,#2362);
#1544=LINE('',#10446,#2363);
#1545=LINE('',#10450,#2364);
#1546=LINE('',#10455,#2365);
#1547=LINE('',#10460,#2366);
#1548=LINE('',#10510,#2367);
#1549=LINE('',#10518,#2368);
#1550=LINE('',#10520,#2369);
#1551=LINE('',#10526,#2370);
#1552=LINE('',#10533,#2371);
#1553=LINE('',#10538,#2372);
#1554=LINE('',#10540,#2373);
#1555=LINE('',#10542,#2374);
#1556=LINE('',#10543,#2375);
#1557=LINE('',#10549,#2376);
#1558=LINE('',#10551,#2377);
#1559=LINE('',#10553,#2378);
#1560=LINE('',#10555,#2379);
#1561=LINE('',#10557,#2380);
#1562=LINE('',#10559,#2381);
#1563=LINE('',#10561,#2382);
#1564=LINE('',#10562,#2383);
#1565=LINE('',#10567,#2384);
#1566=LINE('',#10568,#2385);
#1567=LINE('',#10572,#2386);
#1568=LINE('',#10576,#2387);
#1569=LINE('',#10579,#2388);
#1570=LINE('',#10581,#2389);
#1571=LINE('',#10582,#2390);
#1572=LINE('',#10584,#2391);
#1573=LINE('',#10586,#2392);
#1574=LINE('',#10587,#2393);
#1575=LINE('',#10590,#2394);
#1576=LINE('',#10592,#2395);
#1577=LINE('',#10593,#2396);
#1578=LINE('',#10594,#2397);
#1579=LINE('',#10597,#2398);
#1580=LINE('',#10599,#2399);
#1581=LINE('',#10600,#2400);
#1582=LINE('',#10601,#2401);
#1583=LINE('',#10603,#2402);
#1584=LINE('',#10604,#2403);
#1585=LINE('',#10611,#2404);
#1586=LINE('',#10618,#2405);
#1587=LINE('',#10620,#2406);
#1588=LINE('',#10622,#2407);
#1589=LINE('',#10624,#2408);
#1590=LINE('',#10626,#2409);
#1591=LINE('',#10627,#2410);
#1592=LINE('',#10632,#2411);
#1593=LINE('',#10636,#2412);
#1594=LINE('',#10638,#2413);
#1595=LINE('',#10639,#2414);
#1596=LINE('',#10644,#2415);
#1597=LINE('',#10649,#2416);
#1598=LINE('',#10651,#2417);
#1599=LINE('',#10653,#2418);
#1600=LINE('',#10655,#2419);
#1601=LINE('',#10657,#2420);
#1602=LINE('',#10658,#2421);
#1603=LINE('',#10664,#2422);
#1604=LINE('',#10667,#2423);
#1605=LINE('',#10669,#2424);
#1606=LINE('',#10670,#2425);
#1607=LINE('',#10676,#2426);
#1608=LINE('',#10680,#2427);
#1609=LINE('',#10682,#2428);
#1610=LINE('',#10685,#2429);
#1611=LINE('',#10686,#2430);
#1612=LINE('',#10688,#2431);
#1613=LINE('',#10691,#2432);
#1614=LINE('',#10695,#2433);
#1615=LINE('',#10699,#2434);
#1616=LINE('',#10703,#2435);
#1617=LINE('',#10705,#2436);
#1618=LINE('',#10706,#2437);
#1619=LINE('',#10711,#2438);
#1620=LINE('',#10715,#2439);
#1621=LINE('',#10717,#2440);
#1622=LINE('',#10719,#2441);
#1623=LINE('',#10721,#2442);
#1624=LINE('',#10722,#2443);
#1625=LINE('',#10728,#2444);
#1626=LINE('',#10731,#2445);
#1627=LINE('',#10734,#2446);
#1628=LINE('',#10736,#2447);
#1629=LINE('',#10737,#2448);
#1630=LINE('',#10743,#2449);
#1631=LINE('',#10746,#2450);
#1632=LINE('',#10748,#2451);
#1633=LINE('',#10750,#2452);
#1634=LINE('',#10752,#2453);
#1635=LINE('',#10753,#2454);
#1636=LINE('',#10756,#2455);
#1637=LINE('',#10760,#2456);
#1638=LINE('',#10764,#2457);
#1639=LINE('',#10768,#2458);
#1640=LINE('',#10771,#2459);
#1641=LINE('',#10772,#2460);
#1642=LINE('',#10777,#2461);
#1643=LINE('',#10778,#2462);
#1644=LINE('',#10780,#2463);
#1645=LINE('',#10784,#2464);
#1646=LINE('',#10788,#2465);
#1647=LINE('',#10791,#2466);
#1648=LINE('',#10796,#2467);
#1649=LINE('',#10797,#2468);
#1650=LINE('',#10799,#2469);
#1651=LINE('',#10803,#2470);
#1652=LINE('',#10805,#2471);
#1653=LINE('',#10806,#2472);
#1654=LINE('',#10808,#2473);
#1655=LINE('',#10809,#2474);
#1656=LINE('',#10812,#2475);
#1657=LINE('',#10814,#2476);
#1658=LINE('',#10815,#2477);
#1659=LINE('',#10819,#2478);
#1660=LINE('',#10821,#2479);
#1661=LINE('',#10823,#2480);
#1662=LINE('',#10837,#2481);
#1663=LINE('',#10840,#2482);
#1664=LINE('',#10842,#2483);
#1665=LINE('',#10846,#2484);
#1666=LINE('',#10861,#2485);
#1667=LINE('',#10863,#2486);
#1668=LINE('',#10865,#2487);
#1669=LINE('',#10866,#2488);
#1670=LINE('',#10870,#2489);
#1671=LINE('',#10872,#2490);
#1672=LINE('',#10874,#2491);
#1673=LINE('',#10888,#2492);
#1674=LINE('',#10892,#2493);
#1675=LINE('',#10894,#2494);
#1676=LINE('',#10896,#2495);
#1677=LINE('',#10900,#2496);
#1678=LINE('',#10913,#2497);
#1679=LINE('',#10914,#2498);
#1680=LINE('',#10918,#2499);
#1681=LINE('',#10920,#2500);
#1682=LINE('',#10922,#2501);
#1683=LINE('',#10923,#2502);
#1684=LINE('',#10927,#2503);
#1685=LINE('',#10929,#2504);
#1686=LINE('',#10931,#2505);
#1687=LINE('',#10933,#2506);
#1688=LINE('',#10935,#2507);
#1689=LINE('',#10937,#2508);
#1690=LINE('',#10939,#2509);
#1691=LINE('',#10941,#2510);
#1692=LINE('',#10944,#2511);
#1693=LINE('',#10947,#2512);
#1694=LINE('',#10949,#2513);
#1695=LINE('',#10951,#2514);
#1696=LINE('',#10953,#2515);
#1697=LINE('',#10955,#2516);
#1698=LINE('',#10958,#2517);
#1699=LINE('',#10959,#2518);
#1700=LINE('',#10961,#2519);
#1701=LINE('',#10963,#2520);
#1702=LINE('',#10964,#2521);
#1703=LINE('',#10965,#2522);
#1704=LINE('',#10968,#2523);
#1705=LINE('',#10970,#2524);
#1706=LINE('',#10971,#2525);
#1707=LINE('',#10972,#2526);
#1708=LINE('',#10973,#2527);
#1709=LINE('',#10974,#2528);
#1710=LINE('',#10979,#2529);
#1711=LINE('',#10981,#2530);
#1712=LINE('',#10984,#2531);
#1713=LINE('',#10985,#2532);
#1714=LINE('',#10989,#2533);
#1715=LINE('',#10990,#2534);
#1716=LINE('',#10992,#2535);
#1717=LINE('',#10993,#2536);
#1718=LINE('',#10997,#2537);
#1719=LINE('',#10998,#2538);
#1720=LINE('',#11000,#2539);
#1721=LINE('',#11003,#2540);
#1722=LINE('',#11010,#2541);
#1723=LINE('',#11014,#2542);
#1724=LINE('',#11016,#2543);
#1725=LINE('',#11017,#2544);
#1726=LINE('',#11021,#2545);
#1727=LINE('',#11023,#2546);
#1728=LINE('',#11025,#2547);
#1729=LINE('',#11026,#2548);
#1730=LINE('',#11032,#2549);
#1731=LINE('',#11036,#2550);
#1732=LINE('',#11038,#2551);
#1733=LINE('',#11039,#2552);
#1734=LINE('',#11051,#2553);
#1735=LINE('',#11086,#2554);
#1736=LINE('',#11091,#2555);
#1737=LINE('',#11093,#2556);
#1738=LINE('',#11095,#2557);
#1739=LINE('',#11097,#2558);
#1740=LINE('',#11107,#2559);
#1741=LINE('',#11111,#2560);
#1742=LINE('',#11113,#2561);
#1743=LINE('',#11114,#2562);
#1744=LINE('',#11120,#2563);
#1745=LINE('',#11124,#2564);
#1746=LINE('',#11126,#2565);
#1747=LINE('',#11127,#2566);
#1748=LINE('',#11131,#2567);
#1749=LINE('',#11133,#2568);
#1750=LINE('',#11135,#2569);
#1751=LINE('',#11136,#2570);
#1752=LINE('',#11139,#2571);
#1753=LINE('',#11165,#2572);
#1754=LINE('',#11188,#2573);
#1755=LINE('',#11190,#2574);
#1756=LINE('',#11192,#2575);
#1757=LINE('',#11194,#2576);
#1758=LINE('',#11205,#2577);
#1759=LINE('',#11207,#2578);
#1760=LINE('',#11209,#2579);
#1761=LINE('',#11211,#2580);
#1762=LINE('',#11213,#2581);
#1763=LINE('',#11215,#2582);
#1764=LINE('',#11217,#2583);
#1765=LINE('',#11218,#2584);
#1766=LINE('',#11221,#2585);
#1767=LINE('',#11223,#2586);
#1768=LINE('',#11225,#2587);
#1769=LINE('',#11226,#2588);
#1770=LINE('',#11229,#2589);
#1771=LINE('',#11231,#2590);
#1772=LINE('',#11233,#2591);
#1773=LINE('',#11234,#2592);
#1774=LINE('',#11238,#2593);
#1775=LINE('',#11240,#2594);
#1776=LINE('',#11242,#2595);
#1777=LINE('',#11243,#2596);
#1778=LINE('',#11246,#2597);
#1779=LINE('',#11248,#2598);
#1780=LINE('',#11250,#2599);
#1781=LINE('',#11251,#2600);
#1782=LINE('',#11254,#2601);
#1783=LINE('',#11256,#2602);
#1784=LINE('',#11258,#2603);
#1785=LINE('',#11259,#2604);
#1786=LINE('',#11263,#2605);
#1787=LINE('',#11265,#2606);
#1788=LINE('',#11267,#2607);
#1789=LINE('',#11268,#2608);
#1790=LINE('',#11272,#2609);
#1791=LINE('',#11274,#2610);
#1792=LINE('',#11276,#2611);
#1793=LINE('',#11277,#2612);
#1794=LINE('',#11281,#2613);
#1795=LINE('',#11283,#2614);
#1796=LINE('',#11285,#2615);
#1797=LINE('',#11287,#2616);
#1798=LINE('',#11289,#2617);
#1799=LINE('',#11291,#2618);
#1800=LINE('',#11293,#2619);
#1801=LINE('',#11294,#2620);
#1802=LINE('',#11297,#2621);
#1803=LINE('',#11299,#2622);
#1804=LINE('',#11300,#2623);
#1805=LINE('',#11304,#2624);
#1806=LINE('',#11305,#2625);
#1807=LINE('',#11306,#2626);
#1808=LINE('',#11309,#2627);
#1809=LINE('',#11311,#2628);
#1810=LINE('',#11312,#2629);
#1811=LINE('',#11313,#2630);
#1812=LINE('',#11314,#2631);
#1813=LINE('',#11316,#2632);
#1814=LINE('',#11318,#2633);
#1815=LINE('',#11320,#2634);
#1816=LINE('',#11321,#2635);
#1817=LINE('',#11323,#2636);
#1818=LINE('',#11324,#2637);
#1819=LINE('',#11327,#2638);
#1820=LINE('',#11329,#2639);
#1821=LINE('',#11331,#2640);
#1822=LINE('',#11332,#2641);
#1823=LINE('',#11335,#2642);
#1824=LINE('',#11337,#2643);
#1825=LINE('',#11339,#2644);
#1826=LINE('',#11340,#2645);
#1827=LINE('',#11343,#2646);
#1828=LINE('',#11345,#2647);
#1829=LINE('',#11347,#2648);
#1830=LINE('',#11348,#2649);
#1831=LINE('',#11351,#2650);
#1832=LINE('',#11353,#2651);
#1833=LINE('',#11355,#2652);
#1834=LINE('',#11356,#2653);
#1835=LINE('',#11359,#2654);
#1836=LINE('',#11361,#2655);
#1837=LINE('',#11363,#2656);
#1838=LINE('',#11365,#2657);
#1839=LINE('',#11367,#2658);
#1840=LINE('',#11369,#2659);
#1841=LINE('',#11371,#2660);
#1842=LINE('',#11372,#2661);
#1843=LINE('',#11375,#2662);
#1844=LINE('',#11377,#2663);
#1845=LINE('',#11378,#2664);
#1846=LINE('',#11379,#2665);
#1847=LINE('',#11380,#2666);
#1848=LINE('',#11383,#2667);
#1849=LINE('',#11385,#2668);
#1850=LINE('',#11387,#2669);
#1851=LINE('',#11388,#2670);
#1852=LINE('',#11391,#2671);
#1853=LINE('',#11393,#2672);
#1854=LINE('',#11394,#2673);
#1855=LINE('',#11397,#2674);
#1856=LINE('',#11399,#2675);
#1857=LINE('',#11400,#2676);
#1858=LINE('',#11404,#2677);
#1859=LINE('',#11406,#2678);
#1860=LINE('',#11408,#2679);
#1861=LINE('',#11410,#2680);
#1862=LINE('',#11412,#2681);
#1863=LINE('',#11414,#2682);
#1864=LINE('',#11416,#2683);
#1865=LINE('',#11417,#2684);
#1866=LINE('',#11419,#2685);
#1867=LINE('',#11420,#2686);
#1868=LINE('',#11422,#2687);
#1869=LINE('',#11423,#2688);
#1870=LINE('',#11425,#2689);
#1871=LINE('',#11426,#2690);
#1872=LINE('',#11431,#2691);
#1873=LINE('',#11433,#2692);
#1874=LINE('',#11434,#2693);
#1875=LINE('',#11437,#2694);
#1876=LINE('',#11439,#2695);
#1877=LINE('',#11440,#2696);
#1878=LINE('',#11442,#2697);
#1879=LINE('',#11443,#2698);
#1880=LINE('',#11448,#2699);
#1881=LINE('',#11450,#2700);
#1882=LINE('',#11451,#2701);
#1883=LINE('',#11453,#2702);
#1884=LINE('',#11454,#2703);
#1885=LINE('',#11459,#2704);
#1886=LINE('',#11461,#2705);
#1887=LINE('',#11462,#2706);
#1888=LINE('',#11465,#2707);
#1889=LINE('',#11467,#2708);
#1890=LINE('',#11468,#2709);
#1891=LINE('',#11470,#2710);
#1892=LINE('',#11471,#2711);
#1893=LINE('',#11475,#2712);
#1894=LINE('',#11477,#2713);
#1895=LINE('',#11478,#2714);
#1896=LINE('',#11480,#2715);
#1897=LINE('',#11481,#2716);
#1898=LINE('',#11482,#2717);
#1899=LINE('',#11487,#2718);
#1900=LINE('',#11489,#2719);
#1901=LINE('',#11493,#2720);
#1902=LINE('',#11495,#2721);
#1903=LINE('',#11496,#2722);
#1904=LINE('',#11500,#2723);
#1905=LINE('',#11501,#2724);
#1906=LINE('',#11502,#2725);
#1907=LINE('',#11504,#2726);
#1908=LINE('',#11506,#2727);
#1909=LINE('',#11510,#2728);
#1910=LINE('',#11511,#2729);
#1911=LINE('',#11512,#2730);
#1912=LINE('',#11515,#2731);
#1913=LINE('',#11516,#2732);
#1914=LINE('',#11519,#2733);
#1915=LINE('',#11520,#2734);
#1916=LINE('',#11522,#2735);
#1917=LINE('',#11527,#2736);
#1918=LINE('',#11529,#2737);
#1919=LINE('',#11530,#2738);
#1920=LINE('',#11532,#2739);
#1921=LINE('',#11533,#2740);
#1922=LINE('',#11538,#2741);
#1923=LINE('',#11540,#2742);
#1924=LINE('',#11541,#2743);
#1925=LINE('',#11544,#2744);
#1926=LINE('',#11546,#2745);
#1927=LINE('',#11547,#2746);
#1928=LINE('',#11549,#2747);
#1929=LINE('',#11550,#2748);
#1930=LINE('',#11554,#2749);
#1931=LINE('',#11555,#2750);
#1932=LINE('',#11556,#2751);
#1933=LINE('',#11558,#2752);
#1934=LINE('',#11559,#2753);
#1935=LINE('',#11560,#2754);
#1936=LINE('',#11566,#2755);
#1937=LINE('',#11568,#2756);
#1938=LINE('',#11573,#2757);
#1939=LINE('',#11574,#2758);
#1940=LINE('',#11575,#2759);
#1941=LINE('',#11578,#2760);
#1942=LINE('',#11579,#2761);
#1943=LINE('',#11582,#2762);
#1944=LINE('',#11583,#2763);
#1945=LINE('',#11585,#2764);
#1946=LINE('',#11588,#2765);
#1947=LINE('',#11590,#2766);
#1948=LINE('',#11591,#2767);
#1949=LINE('',#11594,#2768);
#1950=LINE('',#11595,#2769);
#1951=LINE('',#11598,#2770);
#1952=LINE('',#11599,#2771);
#1953=LINE('',#11601,#2772);
#1954=VECTOR('',#7631,1000.);
#1955=VECTOR('',#7632,1000.);
#1956=VECTOR('',#7633,1000.);
#1957=VECTOR('',#7634,1000.);
#1958=VECTOR('',#7637,1000.);
#1959=VECTOR('',#7638,1000.);
#1960=VECTOR('',#7639,1000.);
#1961=VECTOR('',#7640,1000.);
#1962=VECTOR('',#7641,1000.);
#1963=VECTOR('',#7642,1000.);
#1964=VECTOR('',#7645,1000.);
#1965=VECTOR('',#7646,1000.);
#1966=VECTOR('',#7647,1000.);
#1967=VECTOR('',#7648,1000.);
#1968=VECTOR('',#7649,1000.);
#1969=VECTOR('',#7650,1000.);
#1970=VECTOR('',#7651,1000.);
#1971=VECTOR('',#7652,1000.);
#1972=VECTOR('',#7653,1000.);
#1973=VECTOR('',#7654,1000.);
#1974=VECTOR('',#7655,1000.);
#1975=VECTOR('',#7656,1000.);
#1976=VECTOR('',#7657,1000.);
#1977=VECTOR('',#7660,1000.);
#1978=VECTOR('',#7661,1000.);
#1979=VECTOR('',#7662,1000.);
#1980=VECTOR('',#7663,1000.);
#1981=VECTOR('',#7664,1000.);
#1982=VECTOR('',#7665,1000.);
#1983=VECTOR('',#7666,1000.);
#1984=VECTOR('',#7667,1000.);
#1985=VECTOR('',#7668,1000.);
#1986=VECTOR('',#7669,1000.);
#1987=VECTOR('',#7670,1000.);
#1988=VECTOR('',#7671,1000.);
#1989=VECTOR('',#7672,1000.);
#1990=VECTOR('',#7675,1000.);
#1991=VECTOR('',#7676,1000.);
#1992=VECTOR('',#7677,1000.);
#1993=VECTOR('',#7678,1000.);
#1994=VECTOR('',#7679,1000.);
#1995=VECTOR('',#7682,1000.);
#1996=VECTOR('',#7683,1000.);
#1997=VECTOR('',#7684,1000.);
#1998=VECTOR('',#7687,1000.);
#1999=VECTOR('',#7688,1000.);
#2000=VECTOR('',#7689,1000.);
#2001=VECTOR('',#7690,1000.);
#2002=VECTOR('',#7695,1000.);
#2003=VECTOR('',#7698,1000.);
#2004=VECTOR('',#7703,1000.);
#2005=VECTOR('',#7704,1000.);
#2006=VECTOR('',#7705,1000.);
#2007=VECTOR('',#7706,1000.);
#2008=VECTOR('',#7707,1000.);
#2009=VECTOR('',#7708,1000.);
#2010=VECTOR('',#7709,1000.);
#2011=VECTOR('',#7710,1000.);
#2012=VECTOR('',#7711,1000.);
#2013=VECTOR('',#7712,1000.);
#2014=VECTOR('',#7713,1000.);
#2015=VECTOR('',#7714,1000.);
#2016=VECTOR('',#7721,1000.);
#2017=VECTOR('',#7722,1000.);
#2018=VECTOR('',#7723,1000.);
#2019=VECTOR('',#7724,1000.);
#2020=VECTOR('',#7725,1000.);
#2021=VECTOR('',#7726,1000.);
#2022=VECTOR('',#7727,1000.);
#2023=VECTOR('',#7728,1000.);
#2024=VECTOR('',#7729,1000.);
#2025=VECTOR('',#7730,1000.);
#2026=VECTOR('',#7731,1000.);
#2027=VECTOR('',#7732,1000.);
#2028=VECTOR('',#7735,1000.);
#2029=VECTOR('',#7736,1000.);
#2030=VECTOR('',#7739,1000.);
#2031=VECTOR('',#7740,1000.);
#2032=VECTOR('',#7741,1000.);
#2033=VECTOR('',#7742,1000.);
#2034=VECTOR('',#7743,1000.);
#2035=VECTOR('',#7744,1000.);
#2036=VECTOR('',#7745,1000.);
#2037=VECTOR('',#7746,1000.);
#2038=VECTOR('',#7747,1000.);
#2039=VECTOR('',#7748,1000.);
#2040=VECTOR('',#7749,1000.);
#2041=VECTOR('',#7750,1000.);
#2042=VECTOR('',#7751,1000.);
#2043=VECTOR('',#7752,1000.);
#2044=VECTOR('',#7753,1000.);
#2045=VECTOR('',#7756,1000.);
#2046=VECTOR('',#7757,1000.);
#2047=VECTOR('',#7758,1000.);
#2048=VECTOR('',#7759,1000.);
#2049=VECTOR('',#7760,1000.);
#2050=VECTOR('',#7761,1000.);
#2051=VECTOR('',#7762,1000.);
#2052=VECTOR('',#7763,1000.);
#2053=VECTOR('',#7764,1000.);
#2054=VECTOR('',#7765,1000.);
#2055=VECTOR('',#7766,1000.);
#2056=VECTOR('',#7767,1000.);
#2057=VECTOR('',#7768,1000.);
#2058=VECTOR('',#7771,1000.);
#2059=VECTOR('',#7772,1000.);
#2060=VECTOR('',#7773,1000.);
#2061=VECTOR('',#7774,1000.);
#2062=VECTOR('',#7775,1000.);
#2063=VECTOR('',#7776,1000.);
#2064=VECTOR('',#7787,1000.);
#2065=VECTOR('',#7790,1000.);
#2066=VECTOR('',#7791,1000.);
#2067=VECTOR('',#7792,1000.);
#2068=VECTOR('',#7793,1000.);
#2069=VECTOR('',#7794,1000.);
#2070=VECTOR('',#7795,1000.);
#2071=VECTOR('',#7796,1000.);
#2072=VECTOR('',#7797,1000.);
#2073=VECTOR('',#7798,1000.);
#2074=VECTOR('',#7799,1000.);
#2075=VECTOR('',#7800,1000.);
#2076=VECTOR('',#7801,1000.);
#2077=VECTOR('',#7804,1000.);
#2078=VECTOR('',#7807,1000.);
#2079=VECTOR('',#7810,1000.);
#2080=VECTOR('',#7817,1000.);
#2081=VECTOR('',#7818,1000.);
#2082=VECTOR('',#7819,1000.);
#2083=VECTOR('',#7820,1000.);
#2084=VECTOR('',#7821,1000.);
#2085=VECTOR('',#7822,1000.);
#2086=VECTOR('',#7825,1000.);
#2087=VECTOR('',#7826,1000.);
#2088=VECTOR('',#7827,1000.);
#2089=VECTOR('',#7830,1000.);
#2090=VECTOR('',#7831,1000.);
#2091=VECTOR('',#7832,1000.);
#2092=VECTOR('',#7833,1000.);
#2093=VECTOR('',#7834,1000.);
#2094=VECTOR('',#7835,1000.);
#2095=VECTOR('',#7836,1000.);
#2096=VECTOR('',#7837,1000.);
#2097=VECTOR('',#7838,1000.);
#2098=VECTOR('',#7839,1000.);
#2099=VECTOR('',#7840,1000.);
#2100=VECTOR('',#7841,1000.);
#2101=VECTOR('',#7842,1000.);
#2102=VECTOR('',#7843,1000.);
#2103=VECTOR('',#7848,1000.);
#2104=VECTOR('',#7849,1000.);
#2105=VECTOR('',#7850,1000.);
#2106=VECTOR('',#7851,1000.);
#2107=VECTOR('',#7854,1000.);
#2108=VECTOR('',#7855,1000.);
#2109=VECTOR('',#7856,1000.);
#2110=VECTOR('',#7857,1000.);
#2111=VECTOR('',#7860,1000.);
#2112=VECTOR('',#7861,1000.);
#2113=VECTOR('',#7862,1000.);
#2114=VECTOR('',#7865,1000.);
#2115=VECTOR('',#7866,1000.);
#2116=VECTOR('',#7867,1000.);
#2117=VECTOR('',#7870,1000.);
#2118=VECTOR('',#7871,1000.);
#2119=VECTOR('',#7874,1000.);
#2120=VECTOR('',#7875,1000.);
#2121=VECTOR('',#7876,1000.);
#2122=VECTOR('',#7879,1000.);
#2123=VECTOR('',#7880,1000.);
#2124=VECTOR('',#7881,1000.);
#2125=VECTOR('',#7886,1000.);
#2126=VECTOR('',#7887,1000.);
#2127=VECTOR('',#7888,1000.);
#2128=VECTOR('',#7889,1000.);
#2129=VECTOR('',#7890,1000.);
#2130=VECTOR('',#7891,1000.);
#2131=VECTOR('',#7902,1000.);
#2132=VECTOR('',#7903,1000.);
#2133=VECTOR('',#7904,1000.);
#2134=VECTOR('',#7905,1000.);
#2135=VECTOR('',#7906,1000.);
#2136=VECTOR('',#7907,1000.);
#2137=VECTOR('',#7908,1000.);
#2138=VECTOR('',#7909,1000.);
#2139=VECTOR('',#7910,1000.);
#2140=VECTOR('',#7911,1000.);
#2141=VECTOR('',#7914,1000.);
#2142=VECTOR('',#7917,1000.);
#2143=VECTOR('',#7918,1000.);
#2144=VECTOR('',#7919,1000.);
#2145=VECTOR('',#7920,1000.);
#2146=VECTOR('',#7921,1000.);
#2147=VECTOR('',#7922,1000.);
#2148=VECTOR('',#7923,1000.);
#2149=VECTOR('',#7924,1000.);
#2150=VECTOR('',#7925,1000.);
#2151=VECTOR('',#7926,1000.);
#2152=VECTOR('',#7927,1000.);
#2153=VECTOR('',#7928,1000.);
#2154=VECTOR('',#7929,1000.);
#2155=VECTOR('',#7930,1000.);
#2156=VECTOR('',#7935,1000.);
#2157=VECTOR('',#7936,1000.);
#2158=VECTOR('',#7937,1000.);
#2159=VECTOR('',#7938,1000.);
#2160=VECTOR('',#7939,1000.);
#2161=VECTOR('',#7940,1000.);
#2162=VECTOR('',#7941,1000.);
#2163=VECTOR('',#7942,1000.);
#2164=VECTOR('',#7943,1000.);
#2165=VECTOR('',#7944,1000.);
#2166=VECTOR('',#7945,1000.);
#2167=VECTOR('',#7948,1000.);
#2168=VECTOR('',#7949,1000.);
#2169=VECTOR('',#7950,1000.);
#2170=VECTOR('',#7953,1000.);
#2171=VECTOR('',#7954,1000.);
#2172=VECTOR('',#7955,1000.);
#2173=VECTOR('',#7956,1000.);
#2174=VECTOR('',#7959,1000.);
#2175=VECTOR('',#7960,1000.);
#2176=VECTOR('',#7961,1000.);
#2177=VECTOR('',#7964,1000.);
#2178=VECTOR('',#7965,1000.);
#2179=VECTOR('',#7968,1000.);
#2180=VECTOR('',#7969,1000.);
#2181=VECTOR('',#7972,1000.);
#2182=VECTOR('',#7973,1000.);
#2183=VECTOR('',#7974,1000.);
#2184=VECTOR('',#7977,1000.);
#2185=VECTOR('',#7980,1000.);
#2186=VECTOR('',#7981,1000.);
#2187=VECTOR('',#7984,1000.);
#2188=VECTOR('',#7987,1000.);
#2189=VECTOR('',#7988,1000.);
#2190=VECTOR('',#7989,1000.);
#2191=VECTOR('',#7990,1000.);
#2192=VECTOR('',#7991,1000.);
#2193=VECTOR('',#7992,1000.);
#2194=VECTOR('',#7995,1000.);
#2195=VECTOR('',#7996,1000.);
#2196=VECTOR('',#7997,1000.);
#2197=VECTOR('',#7998,1000.);
#2198=VECTOR('',#7999,1000.);
#2199=VECTOR('',#8002,1000.);
#2200=VECTOR('',#8003,1000.);
#2201=VECTOR('',#8004,1000.);
#2202=VECTOR('',#8005,1000.);
#2203=VECTOR('',#8006,1000.);
#2204=VECTOR('',#8007,1000.);
#2205=VECTOR('',#8008,1000.);
#2206=VECTOR('',#8009,1000.);
#2207=VECTOR('',#8012,1000.);
#2208=VECTOR('',#8013,1000.);
#2209=VECTOR('',#8016,1000.);
#2210=VECTOR('',#8019,1000.);
#2211=VECTOR('',#8020,1000.);
#2212=VECTOR('',#8021,1000.);
#2213=VECTOR('',#8022,1000.);
#2214=VECTOR('',#8023,1000.);
#2215=VECTOR('',#8024,1000.);
#2216=VECTOR('',#8027,1000.);
#2217=VECTOR('',#8028,1000.);
#2218=VECTOR('',#8031,1000.);
#2219=VECTOR('',#8032,1000.);
#2220=VECTOR('',#8039,1000.);
#2221=VECTOR('',#8042,1000.);
#2222=VECTOR('',#8045,1000.);
#2223=VECTOR('',#8046,1000.);
#2224=VECTOR('',#8049,1000.);
#2225=VECTOR('',#8060,0.8);
#2226=VECTOR('',#8063,1000.);
#2227=VECTOR('',#8064,1000.);
#2228=VECTOR('',#8067,1000.);
#2229=VECTOR('',#8068,1000.);
#2230=VECTOR('',#8071,1000.);
#2231=VECTOR('',#8074,1000.);
#2232=VECTOR('',#8075,1000.);
#2233=VECTOR('',#8078,1000.);
#2234=VECTOR('',#8079,1000.);
#2235=VECTOR('',#8082,1000.);
#2236=VECTOR('',#8091,1.5);
#2237=VECTOR('',#8094,1.5);
#2238=VECTOR('',#8097,1000.);
#2239=VECTOR('',#8098,1000.);
#2240=VECTOR('',#8099,1000.);
#2241=VECTOR('',#8100,1000.);
#2242=VECTOR('',#8103,1000.);
#2243=VECTOR('',#8104,1000.);
#2244=VECTOR('',#8107,1000.);
#2245=VECTOR('',#8108,1000.);
#2246=VECTOR('',#8111,1000.);
#2247=VECTOR('',#8120,1000.);
#2248=VECTOR('',#8121,1000.);
#2249=VECTOR('',#8126,1000.);
#2250=VECTOR('',#8129,1000.);
#2251=VECTOR('',#8132,1000.);
#2252=VECTOR('',#8137,1000.);
#2253=VECTOR('',#8138,1000.);
#2254=VECTOR('',#8139,1000.);
#2255=VECTOR('',#8142,1000.);
#2256=VECTOR('',#8143,1000.);
#2257=VECTOR('',#8144,1000.);
#2258=VECTOR('',#8149,1000.);
#2259=VECTOR('',#8154,1000.);
#2260=VECTOR('',#8155,1000.);
#2261=VECTOR('',#8156,1000.);
#2262=VECTOR('',#8161,1000.);
#2263=VECTOR('',#8162,1000.);
#2264=VECTOR('',#8165,1000.);
#2265=VECTOR('',#8166,1000.);
#2266=VECTOR('',#8171,1.9);
#2267=VECTOR('',#8174,1.25);
#2268=VECTOR('',#8177,1000.);
#2269=VECTOR('',#8178,1000.);
#2270=VECTOR('',#8181,1000.);
#2271=VECTOR('',#8184,1000.);
#2272=VECTOR('',#8189,1000.);
#2273=VECTOR('',#8190,1000.);
#2274=VECTOR('',#8193,1000.);
#2275=VECTOR('',#8196,1000.);
#2276=VECTOR('',#8201,1000.);
#2277=VECTOR('',#8204,1000.);
#2278=VECTOR('',#8205,1000.);
#2279=VECTOR('',#8208,1000.);
#2280=VECTOR('',#8209,1000.);
#2281=VECTOR('',#8216,1000.);
#2282=VECTOR('',#8219,1000.);
#2283=VECTOR('',#8222,1000.);
#2284=VECTOR('',#8223,1000.);
#2285=VECTOR('',#8226,1000.);
#2286=VECTOR('',#8237,0.8);
#2287=VECTOR('',#8240,1000.);
#2288=VECTOR('',#8241,1000.);
#2289=VECTOR('',#8244,1000.);
#2290=VECTOR('',#8245,1000.);
#2291=VECTOR('',#8248,1000.);
#2292=VECTOR('',#8251,1000.);
#2293=VECTOR('',#8252,1000.);
#2294=VECTOR('',#8255,1000.);
#2295=VECTOR('',#8256,1000.);
#2296=VECTOR('',#8259,1000.);
#2297=VECTOR('',#8268,1.5);
#2298=VECTOR('',#8271,1.5);
#2299=VECTOR('',#8274,1000.);
#2300=VECTOR('',#8275,1000.);
#2301=VECTOR('',#8278,1000.);
#2302=VECTOR('',#8279,1000.);
#2303=VECTOR('',#8282,1000.);
#2304=VECTOR('',#8285,1000.);
#2305=VECTOR('',#8286,1000.);
#2306=VECTOR('',#8287,1000.);
#2307=VECTOR('',#8292,1000.);
#2308=VECTOR('',#8295,1000.);
#2309=VECTOR('',#8296,1000.);
#2310=VECTOR('',#8301,1000.);
#2311=VECTOR('',#8304,1000.);
#2312=VECTOR('',#8309,1.9);
#2313=VECTOR('',#8312,1.25);
#2314=VECTOR('',#8315,1000.);
#2315=VECTOR('',#8316,1000.);
#2316=VECTOR('',#8319,1000.);
#2317=VECTOR('',#8322,1000.);
#2318=VECTOR('',#8327,1000.);
#2319=VECTOR('',#8328,1000.);
#2320=VECTOR('',#8331,1000.);
#2321=VECTOR('',#8334,1000.);
#2322=VECTOR('',#8339,1000.);
#2323=VECTOR('',#8340,1000.);
#2324=VECTOR('',#8341,1000.);
#2325=VECTOR('',#8344,1000.);
#2326=VECTOR('',#8349,1000.);
#2327=VECTOR('',#8354,1000.);
#2328=VECTOR('',#8357,1000.);
#2329=VECTOR('',#8362,1000.);
#2330=VECTOR('',#8363,1000.);
#2331=VECTOR('',#8364,1000.);
#2332=VECTOR('',#8367,1000.);
#2333=VECTOR('',#8368,1000.);
#2334=VECTOR('',#8369,1000.);
#2335=VECTOR('',#8370,1000.);
#2336=VECTOR('',#8373,1000.);
#2337=VECTOR('',#8374,1000.);
#2338=VECTOR('',#8375,1000.);
#2339=VECTOR('',#8376,1000.);
#2340=VECTOR('',#8379,1000.);
#2341=VECTOR('',#8380,1000.);
#2342=VECTOR('',#8381,1000.);
#2343=VECTOR('',#8382,1000.);
#2344=VECTOR('',#8385,1000.);
#2345=VECTOR('',#8386,1000.);
#2346=VECTOR('',#8387,1000.);
#2347=VECTOR('',#8388,1000.);
#2348=VECTOR('',#8391,1000.);
#2349=VECTOR('',#8392,1000.);
#2350=VECTOR('',#8393,1000.);
#2351=VECTOR('',#8394,1000.);
#2352=VECTOR('',#8437,1000.);
#2353=VECTOR('',#8438,1000.);
#2354=VECTOR('',#8439,1000.);
#2355=VECTOR('',#8442,1000.);
#2356=VECTOR('',#8443,1000.);
#2357=VECTOR('',#8446,1000.);
#2358=VECTOR('',#8451,1000.);
#2359=VECTOR('',#8452,1000.);
#2360=VECTOR('',#8467,1.9);
#2361=VECTOR('',#8470,1000.);
#2362=VECTOR('',#8473,1000.);
#2363=VECTOR('',#8476,1000.);
#2364=VECTOR('',#8479,1000.);
#2365=VECTOR('',#8484,1000.);
#2366=VECTOR('',#8489,1000.);
#2367=VECTOR('',#8502,1.45);
#2368=VECTOR('',#8515,1000.);
#2369=VECTOR('',#8518,1000.);
#2370=VECTOR('',#8525,1.1);
#2371=VECTOR('',#8536,1.45);
#2372=VECTOR('',#8541,1000.);
#2373=VECTOR('',#8542,1000.);
#2374=VECTOR('',#8543,1000.);
#2375=VECTOR('',#8544,1000.);
#2376=VECTOR('',#8549,1000.);
#2377=VECTOR('',#8550,1000.);
#2378=VECTOR('',#8551,1000.);
#2379=VECTOR('',#8552,1000.);
#2380=VECTOR('',#8553,1000.);
#2381=VECTOR('',#8554,1000.);
#2382=VECTOR('',#8555,1000.);
#2383=VECTOR('',#8556,1000.);
#2384=VECTOR('',#8561,1000.);
#2385=VECTOR('',#8562,1000.);
#2386=VECTOR('',#8565,1000.);
#2387=VECTOR('',#8570,1000.);
#2388=VECTOR('',#8573,1000.);
#2389=VECTOR('',#8574,1000.);
#2390=VECTOR('',#8575,1000.);
#2391=VECTOR('',#8576,1000.);
#2392=VECTOR('',#8577,1000.);
#2393=VECTOR('',#8578,1000.);
#2394=VECTOR('',#8581,1000.);
#2395=VECTOR('',#8582,1000.);
#2396=VECTOR('',#8583,1000.);
#2397=VECTOR('',#8584,1000.);
#2398=VECTOR('',#8587,1000.);
#2399=VECTOR('',#8588,1000.);
#2400=VECTOR('',#8589,1000.);
#2401=VECTOR('',#8590,1000.);
#2402=VECTOR('',#8593,1000.);
#2403=VECTOR('',#8594,1000.);
#2404=VECTOR('',#8607,1.475);
#2405=VECTOR('',#8616,1000.);
#2406=VECTOR('',#8617,1000.);
#2407=VECTOR('',#8618,1000.);
#2408=VECTOR('',#8619,1000.);
#2409=VECTOR('',#8620,1000.);
#2410=VECTOR('',#8621,1000.);
#2411=VECTOR('',#8626,1000.);
#2412=VECTOR('',#8631,1000.);
#2413=VECTOR('',#8632,1000.);
#2414=VECTOR('',#8633,1000.);
#2415=VECTOR('',#8638,1000.);
#2416=VECTOR('',#8643,1000.);
#2417=VECTOR('',#8644,1000.);
#2418=VECTOR('',#8645,1000.);
#2419=VECTOR('',#8646,1000.);
#2420=VECTOR('',#8647,1000.);
#2421=VECTOR('',#8648,1000.);
#2422=VECTOR('',#8655,1000.);
#2423=VECTOR('',#8658,1000.);
#2424=VECTOR('',#8659,1000.);
#2425=VECTOR('',#8660,1000.);
#2426=VECTOR('',#8667,1000.);
#2427=VECTOR('',#8670,1000.);
#2428=VECTOR('',#8671,1000.);
#2429=VECTOR('',#8674,1000.);
#2430=VECTOR('',#8675,1000.);
#2431=VECTOR('',#8676,1000.);
#2432=VECTOR('',#8679,1000.);
#2433=VECTOR('',#8682,1000.);
#2434=VECTOR('',#8685,1000.);
#2435=VECTOR('',#8690,1000.);
#2436=VECTOR('',#8691,1000.);
#2437=VECTOR('',#8692,1000.);
#2438=VECTOR('',#8697,1000.);
#2439=VECTOR('',#8702,1000.);
#2440=VECTOR('',#8703,1000.);
#2441=VECTOR('',#8704,1000.);
#2442=VECTOR('',#8705,1000.);
#2443=VECTOR('',#8706,1000.);
#2444=VECTOR('',#8711,1000.);
#2445=VECTOR('',#8714,1000.);
#2446=VECTOR('',#8717,1000.);
#2447=VECTOR('',#8718,1000.);
#2448=VECTOR('',#8719,1000.);
#2449=VECTOR('',#8726,1000.);
#2450=VECTOR('',#8729,1000.);
#2451=VECTOR('',#8730,1000.);
#2452=VECTOR('',#8731,1000.);
#2453=VECTOR('',#8732,1000.);
#2454=VECTOR('',#8733,1000.);
#2455=VECTOR('',#8736,1000.);
#2456=VECTOR('',#8739,1000.);
#2457=VECTOR('',#8742,1000.);
#2458=VECTOR('',#8745,1000.);
#2459=VECTOR('',#8748,1000.);
#2460=VECTOR('',#8749,1000.);
#2461=VECTOR('',#8754,1000.);
#2462=VECTOR('',#8755,1000.);
#2463=VECTOR('',#8756,1000.);
#2464=VECTOR('',#8759,1000.);
#2465=VECTOR('',#8762,1000.);
#2466=VECTOR('',#8765,1000.);
#2467=VECTOR('',#8770,1000.);
#2468=VECTOR('',#8771,1000.);
#2469=VECTOR('',#8772,1000.);
#2470=VECTOR('',#8775,1000.);
#2471=VECTOR('',#8776,1000.);
#2472=VECTOR('',#8777,1000.);
#2473=VECTOR('',#8780,1000.);
#2474=VECTOR('',#8781,1000.);
#2475=VECTOR('',#8784,1000.);
#2476=VECTOR('',#8785,1000.);
#2477=VECTOR('',#8786,1000.);
#2478=VECTOR('',#8789,1000.);
#2479=VECTOR('',#8790,1000.);
#2480=VECTOR('',#8791,1000.);
#2481=VECTOR('',#8804,1000.);
#2482=VECTOR('',#8807,1000.);
#2483=VECTOR('',#8808,1000.);
#2484=VECTOR('',#8811,1000.);
#2485=VECTOR('',#8826,1000.);
#2486=VECTOR('',#8827,1000.);
#2487=VECTOR('',#8828,1000.);
#2488=VECTOR('',#8829,1000.);
#2489=VECTOR('',#8832,1000.);
#2490=VECTOR('',#8833,1000.);
#2491=VECTOR('',#8834,1000.);
#2492=VECTOR('',#8847,1000.);
#2493=VECTOR('',#8850,1000.);
#2494=VECTOR('',#8851,1000.);
#2495=VECTOR('',#8852,1000.);
#2496=VECTOR('',#8855,1000.);
#2497=VECTOR('',#8870,1000.);
#2498=VECTOR('',#8871,1000.);
#2499=VECTOR('',#8874,1000.);
#2500=VECTOR('',#8875,1000.);
#2501=VECTOR('',#8876,1000.);
#2502=VECTOR('',#8877,1000.);
#2503=VECTOR('',#8884,1000.);
#2504=VECTOR('',#8887,1000.);
#2505=VECTOR('',#8890,1000.);
#2506=VECTOR('',#8893,1000.);
#2507=VECTOR('',#8896,1000.);
#2508=VECTOR('',#8899,1000.);
#2509=VECTOR('',#8902,1000.);
#2510=VECTOR('',#8905,1000.);
#2511=VECTOR('',#8910,1000.);
#2512=VECTOR('',#8915,1000.);
#2513=VECTOR('',#8918,1000.);
#2514=VECTOR('',#8921,1000.);
#2515=VECTOR('',#8924,1000.);
#2516=VECTOR('',#8927,1000.);
#2517=VECTOR('',#8932,1000.);
#2518=VECTOR('',#8933,1000.);
#2519=VECTOR('',#8934,1000.);
#2520=VECTOR('',#8935,1000.);
#2521=VECTOR('',#8936,1000.);
#2522=VECTOR('',#8937,1000.);
#2523=VECTOR('',#8940,1000.);
#2524=VECTOR('',#8941,1000.);
#2525=VECTOR('',#8942,1000.);
#2526=VECTOR('',#8943,1000.);
#2527=VECTOR('',#8944,1000.);
#2528=VECTOR('',#8945,1000.);
#2529=VECTOR('',#8954,1000.);
#2530=VECTOR('',#8957,1000.);
#2531=VECTOR('',#8962,1000.);
#2532=VECTOR('',#8963,1000.);
#2533=VECTOR('',#8970,1000.);
#2534=VECTOR('',#8971,1000.);
#2535=VECTOR('',#8974,1000.);
#2536=VECTOR('',#8975,1000.);
#2537=VECTOR('',#8982,1000.);
#2538=VECTOR('',#8983,1000.);
#2539=VECTOR('',#8986,1000.);
#2540=VECTOR('',#8991,1000.);
#2541=VECTOR('',#8998,1000.);
#2542=VECTOR('',#9001,1000.);
#2543=VECTOR('',#9002,1000.);
#2544=VECTOR('',#9003,1000.);
#2545=VECTOR('',#9006,1000.);
#2546=VECTOR('',#9007,1000.);
#2547=VECTOR('',#9008,1000.);
#2548=VECTOR('',#9009,1000.);
#2549=VECTOR('',#9014,1000.);
#2550=VECTOR('',#9017,1000.);
#2551=VECTOR('',#9018,1000.);
#2552=VECTOR('',#9019,1000.);
#2553=VECTOR('',#9024,1000.);
#2554=VECTOR('',#9039,1000.);
#2555=VECTOR('',#9048,1000.);
#2556=VECTOR('',#9051,1000.);
#2557=VECTOR('',#9054,1000.);
#2558=VECTOR('',#9057,1000.);
#2559=VECTOR('',#9070,1000.);
#2560=VECTOR('',#9073,1000.);
#2561=VECTOR('',#9074,1000.);
#2562=VECTOR('',#9075,1000.);
#2563=VECTOR('',#9080,1000.);
#2564=VECTOR('',#9083,1000.);
#2565=VECTOR('',#9084,1000.);
#2566=VECTOR('',#9085,1000.);
#2567=VECTOR('',#9088,1000.);
#2568=VECTOR('',#9089,1000.);
#2569=VECTOR('',#9090,1000.);
#2570=VECTOR('',#9091,1000.);
#2571=VECTOR('',#9096,1000.);
#2572=VECTOR('',#9111,1000.);
#2573=VECTOR('',#9120,1000.);
#2574=VECTOR('',#9123,1000.);
#2575=VECTOR('',#9126,1000.);
#2576=VECTOR('',#9129,1000.);
#2577=VECTOR('',#9146,1000.);
#2578=VECTOR('',#9147,1000.);
#2579=VECTOR('',#9148,1000.);
#2580=VECTOR('',#9149,1000.);
#2581=VECTOR('',#9150,1000.);
#2582=VECTOR('',#9151,1000.);
#2583=VECTOR('',#9152,1000.);
#2584=VECTOR('',#9153,1000.);
#2585=VECTOR('',#9154,1000.);
#2586=VECTOR('',#9155,1000.);
#2587=VECTOR('',#9156,1000.);
#2588=VECTOR('',#9157,1000.);
#2589=VECTOR('',#9158,1000.);
#2590=VECTOR('',#9159,1000.);
#2591=VECTOR('',#9160,1000.);
#2592=VECTOR('',#9161,1000.);
#2593=VECTOR('',#9164,1000.);
#2594=VECTOR('',#9165,1000.);
#2595=VECTOR('',#9166,1000.);
#2596=VECTOR('',#9167,1000.);
#2597=VECTOR('',#9168,1000.);
#2598=VECTOR('',#9169,1000.);
#2599=VECTOR('',#9170,1000.);
#2600=VECTOR('',#9171,1000.);
#2601=VECTOR('',#9172,1000.);
#2602=VECTOR('',#9173,1000.);
#2603=VECTOR('',#9174,1000.);
#2604=VECTOR('',#9175,1000.);
#2605=VECTOR('',#9178,1000.);
#2606=VECTOR('',#9179,1000.);
#2607=VECTOR('',#9180,1000.);
#2608=VECTOR('',#9181,1000.);
#2609=VECTOR('',#9184,1000.);
#2610=VECTOR('',#9185,1000.);
#2611=VECTOR('',#9186,1000.);
#2612=VECTOR('',#9187,1000.);
#2613=VECTOR('',#9190,1000.);
#2614=VECTOR('',#9191,1000.);
#2615=VECTOR('',#9192,1000.);
#2616=VECTOR('',#9193,1000.);
#2617=VECTOR('',#9194,1000.);
#2618=VECTOR('',#9195,1000.);
#2619=VECTOR('',#9196,1000.);
#2620=VECTOR('',#9197,1000.);
#2621=VECTOR('',#9200,1000.);
#2622=VECTOR('',#9201,1000.);
#2623=VECTOR('',#9202,1000.);
#2624=VECTOR('',#9205,1000.);
#2625=VECTOR('',#9206,1000.);
#2626=VECTOR('',#9207,1000.);
#2627=VECTOR('',#9210,1000.);
#2628=VECTOR('',#9211,1000.);
#2629=VECTOR('',#9212,1000.);
#2630=VECTOR('',#9213,1000.);
#2631=VECTOR('',#9214,1000.);
#2632=VECTOR('',#9215,1000.);
#2633=VECTOR('',#9216,1000.);
#2634=VECTOR('',#9217,1000.);
#2635=VECTOR('',#9218,1000.);
#2636=VECTOR('',#9219,1000.);
#2637=VECTOR('',#9220,1000.);
#2638=VECTOR('',#9221,1000.);
#2639=VECTOR('',#9222,1000.);
#2640=VECTOR('',#9223,1000.);
#2641=VECTOR('',#9224,1000.);
#2642=VECTOR('',#9225,1000.);
#2643=VECTOR('',#9226,1000.);
#2644=VECTOR('',#9227,1000.);
#2645=VECTOR('',#9228,1000.);
#2646=VECTOR('',#9229,1000.);
#2647=VECTOR('',#9230,1000.);
#2648=VECTOR('',#9231,1000.);
#2649=VECTOR('',#9232,1000.);
#2650=VECTOR('',#9233,1000.);
#2651=VECTOR('',#9234,1000.);
#2652=VECTOR('',#9235,1000.);
#2653=VECTOR('',#9236,1000.);
#2654=VECTOR('',#9237,1000.);
#2655=VECTOR('',#9238,1000.);
#2656=VECTOR('',#9239,1000.);
#2657=VECTOR('',#9240,1000.);
#2658=VECTOR('',#9241,1000.);
#2659=VECTOR('',#9242,1000.);
#2660=VECTOR('',#9243,1000.);
#2661=VECTOR('',#9244,1000.);
#2662=VECTOR('',#9247,1000.);
#2663=VECTOR('',#9248,1000.);
#2664=VECTOR('',#9249,1000.);
#2665=VECTOR('',#9250,1000.);
#2666=VECTOR('',#9251,1000.);
#2667=VECTOR('',#9252,1000.);
#2668=VECTOR('',#9253,1000.);
#2669=VECTOR('',#9254,1000.);
#2670=VECTOR('',#9255,1000.);
#2671=VECTOR('',#9258,1000.);
#2672=VECTOR('',#9259,1000.);
#2673=VECTOR('',#9260,1000.);
#2674=VECTOR('',#9263,1000.);
#2675=VECTOR('',#9264,1000.);
#2676=VECTOR('',#9265,1000.);
#2677=VECTOR('',#9268,1000.);
#2678=VECTOR('',#9269,1000.);
#2679=VECTOR('',#9270,1000.);
#2680=VECTOR('',#9271,1000.);
#2681=VECTOR('',#9272,1000.);
#2682=VECTOR('',#9273,1000.);
#2683=VECTOR('',#9274,1000.);
#2684=VECTOR('',#9275,1000.);
#2685=VECTOR('',#9278,1000.);
#2686=VECTOR('',#9279,1000.);
#2687=VECTOR('',#9282,1000.);
#2688=VECTOR('',#9283,1000.);
#2689=VECTOR('',#9286,1000.);
#2690=VECTOR('',#9287,1000.);
#2691=VECTOR('',#9294,1000.);
#2692=VECTOR('',#9295,1000.);
#2693=VECTOR('',#9296,1000.);
#2694=VECTOR('',#9299,1000.);
#2695=VECTOR('',#9300,1000.);
#2696=VECTOR('',#9301,1000.);
#2697=VECTOR('',#9304,1000.);
#2698=VECTOR('',#9305,1000.);
#2699=VECTOR('',#9312,1000.);
#2700=VECTOR('',#9313,1000.);
#2701=VECTOR('',#9314,1000.);
#2702=VECTOR('',#9317,1000.);
#2703=VECTOR('',#9318,1000.);
#2704=VECTOR('',#9325,1000.);
#2705=VECTOR('',#9326,1000.);
#2706=VECTOR('',#9327,1000.);
#2707=VECTOR('',#9330,1000.);
#2708=VECTOR('',#9331,1000.);
#2709=VECTOR('',#9332,1000.);
#2710=VECTOR('',#9335,1000.);
#2711=VECTOR('',#9336,1000.);
#2712=VECTOR('',#9343,1000.);
#2713=VECTOR('',#9346,1000.);
#2714=VECTOR('',#9347,1000.);
#2715=VECTOR('',#9350,1000.);
#2716=VECTOR('',#9351,1000.);
#2717=VECTOR('',#9352,1000.);
#2718=VECTOR('',#9361,1000.);
#2719=VECTOR('',#9364,1000.);
#2720=VECTOR('',#9369,1000.);
#2721=VECTOR('',#9370,1000.);
#2722=VECTOR('',#9371,1000.);
#2723=VECTOR('',#9374,1000.);
#2724=VECTOR('',#9375,1000.);
#2725=VECTOR('',#9376,1000.);
#2726=VECTOR('',#9379,1000.);
#2727=VECTOR('',#9382,1000.);
#2728=VECTOR('',#9385,1000.);
#2729=VECTOR('',#9386,1000.);
#2730=VECTOR('',#9387,1000.);
#2731=VECTOR('',#9390,1000.);
#2732=VECTOR('',#9391,1000.);
#2733=VECTOR('',#9394,1000.);
#2734=VECTOR('',#9395,1000.);
#2735=VECTOR('',#9398,1000.);
#2736=VECTOR('',#9405,1000.);
#2737=VECTOR('',#9406,1000.);
#2738=VECTOR('',#9407,1000.);
#2739=VECTOR('',#9410,1000.);
#2740=VECTOR('',#9411,1000.);
#2741=VECTOR('',#9418,1000.);
#2742=VECTOR('',#9419,1000.);
#2743=VECTOR('',#9420,1000.);
#2744=VECTOR('',#9423,1000.);
#2745=VECTOR('',#9424,1000.);
#2746=VECTOR('',#9425,1000.);
#2747=VECTOR('',#9428,1000.);
#2748=VECTOR('',#9429,1000.);
#2749=VECTOR('',#9436,1000.);
#2750=VECTOR('',#9437,1000.);
#2751=VECTOR('',#9438,1000.);
#2752=VECTOR('',#9441,1000.);
#2753=VECTOR('',#9442,1000.);
#2754=VECTOR('',#9443,1000.);
#2755=VECTOR('',#9454,1000.);
#2756=VECTOR('',#9457,1000.);
#2757=VECTOR('',#9462,1000.);
#2758=VECTOR('',#9463,1000.);
#2759=VECTOR('',#9464,1000.);
#2760=VECTOR('',#9467,1000.);
#2761=VECTOR('',#9468,1000.);
#2762=VECTOR('',#9471,1000.);
#2763=VECTOR('',#9472,1000.);
#2764=VECTOR('',#9475,1000.);
#2765=VECTOR('',#9478,1000.);
#2766=VECTOR('',#9479,1000.);
#2767=VECTOR('',#9480,1000.);
#2768=VECTOR('',#9483,1000.);
#2769=VECTOR('',#9484,1000.);
#2770=VECTOR('',#9487,1000.);
#2771=VECTOR('',#9488,1000.);
#2772=VECTOR('',#9491,1000.);
#2773=VERTEX_POINT('',#9515);
#2774=VERTEX_POINT('',#9516);
#2775=VERTEX_POINT('',#9518);
#2776=VERTEX_POINT('',#9520);
#2777=VERTEX_POINT('',#9524);
#2778=VERTEX_POINT('',#9525);
#2779=VERTEX_POINT('',#9527);
#2780=VERTEX_POINT('',#9529);
#2781=VERTEX_POINT('',#9531);
#2782=VERTEX_POINT('',#9533);
#2783=VERTEX_POINT('',#9537);
#2784=VERTEX_POINT('',#9538);
#2785=VERTEX_POINT('',#9540);
#2786=VERTEX_POINT('',#9542);
#2787=VERTEX_POINT('',#9544);
#2788=VERTEX_POINT('',#9546);
#2789=VERTEX_POINT('',#9548);
#2790=VERTEX_POINT('',#9550);
#2791=VERTEX_POINT('',#9552);
#2792=VERTEX_POINT('',#9554);
#2793=VERTEX_POINT('',#9556);
#2794=VERTEX_POINT('',#9558);
#2795=VERTEX_POINT('',#9560);
#2796=VERTEX_POINT('',#9564);
#2797=VERTEX_POINT('',#9565);
#2798=VERTEX_POINT('',#9567);
#2799=VERTEX_POINT('',#9569);
#2800=VERTEX_POINT('',#9571);
#2801=VERTEX_POINT('',#9573);
#2802=VERTEX_POINT('',#9575);
#2803=VERTEX_POINT('',#9577);
#2804=VERTEX_POINT('',#9579);
#2805=VERTEX_POINT('',#9581);
#2806=VERTEX_POINT('',#9583);
#2807=VERTEX_POINT('',#9585);
#2808=VERTEX_POINT('',#9587);
#2809=VERTEX_POINT('',#9591);
#2810=VERTEX_POINT('',#9593);
#2811=VERTEX_POINT('',#9595);
#2812=VERTEX_POINT('',#9597);
#2813=VERTEX_POINT('',#9601);
#2814=VERTEX_POINT('',#9603);
#2815=VERTEX_POINT('',#9607);
#2816=VERTEX_POINT('',#9609);
#2817=VERTEX_POINT('',#9614);
#2818=VERTEX_POINT('',#9616);
#2819=VERTEX_POINT('',#9618);
#2820=VERTEX_POINT('',#9620);
#2821=VERTEX_POINT('',#9624);
#2822=VERTEX_POINT('',#9625);
#2823=VERTEX_POINT('',#9627);
#2824=VERTEX_POINT('',#9629);
#2825=VERTEX_POINT('',#9632);
#2826=VERTEX_POINT('',#9633);
#2827=VERTEX_POINT('',#9635);
#2828=VERTEX_POINT('',#9637);
#2829=VERTEX_POINT('',#9640);
#2830=VERTEX_POINT('',#9641);
#2831=VERTEX_POINT('',#9643);
#2832=VERTEX_POINT('',#9645);
#2833=VERTEX_POINT('',#9648);
#2834=VERTEX_POINT('',#9650);
#2835=VERTEX_POINT('',#9653);
#2836=VERTEX_POINT('',#9654);
#2837=VERTEX_POINT('',#9656);
#2838=VERTEX_POINT('',#9658);
#2839=VERTEX_POINT('',#9661);
#2840=VERTEX_POINT('',#9662);
#2841=VERTEX_POINT('',#9664);
#2842=VERTEX_POINT('',#9666);
#2843=VERTEX_POINT('',#9669);
#2844=VERTEX_POINT('',#9670);
#2845=VERTEX_POINT('',#9672);
#2846=VERTEX_POINT('',#9674);
#2847=VERTEX_POINT('',#9678);
#2848=VERTEX_POINT('',#9680);
#2849=VERTEX_POINT('',#9682);
#2850=VERTEX_POINT('',#9684);
#2851=VERTEX_POINT('',#9686);
#2852=VERTEX_POINT('',#9688);
#2853=VERTEX_POINT('',#9690);
#2854=VERTEX_POINT('',#9692);
#2855=VERTEX_POINT('',#9694);
#2856=VERTEX_POINT('',#9697);
#2857=VERTEX_POINT('',#9698);
#2858=VERTEX_POINT('',#9700);
#2859=VERTEX_POINT('',#9702);
#2860=VERTEX_POINT('',#9705);
#2861=VERTEX_POINT('',#9706);
#2862=VERTEX_POINT('',#9708);
#2863=VERTEX_POINT('',#9710);
#2864=VERTEX_POINT('',#9714);
#2865=VERTEX_POINT('',#9716);
#2866=VERTEX_POINT('',#9718);
#2867=VERTEX_POINT('',#9720);
#2868=VERTEX_POINT('',#9723);
#2869=VERTEX_POINT('',#9724);
#2870=VERTEX_POINT('',#9726);
#2871=VERTEX_POINT('',#9728);
#2872=VERTEX_POINT('',#9731);
#2873=VERTEX_POINT('',#9732);
#2874=VERTEX_POINT('',#9734);
#2875=VERTEX_POINT('',#9736);
#2876=VERTEX_POINT('',#9740);
#2877=VERTEX_POINT('',#9742);
#2878=VERTEX_POINT('',#9744);
#2879=VERTEX_POINT('',#9746);
#2880=VERTEX_POINT('',#9748);
#2881=VERTEX_POINT('',#9751);
#2882=VERTEX_POINT('',#9754);
#2883=VERTEX_POINT('',#9756);
#2884=VERTEX_POINT('',#9759);
#2885=VERTEX_POINT('',#9760);
#2886=VERTEX_POINT('',#9762);
#2887=VERTEX_POINT('',#9765);
#2888=VERTEX_POINT('',#9767);
#2889=VERTEX_POINT('',#9769);
#2890=VERTEX_POINT('',#9771);
#2891=VERTEX_POINT('',#9773);
#2892=VERTEX_POINT('',#9775);
#2893=VERTEX_POINT('',#9777);
#2894=VERTEX_POINT('',#9779);
#2895=VERTEX_POINT('',#9781);
#2896=VERTEX_POINT('',#9783);
#2897=VERTEX_POINT('',#9785);
#2898=VERTEX_POINT('',#9788);
#2899=VERTEX_POINT('',#9789);
#2900=VERTEX_POINT('',#9791);
#2901=VERTEX_POINT('',#9793);
#2902=VERTEX_POINT('',#9795);
#2903=VERTEX_POINT('',#9798);
#2904=VERTEX_POINT('',#9800);
#2905=VERTEX_POINT('',#9803);
#2906=VERTEX_POINT('',#9804);
#2907=VERTEX_POINT('',#9806);
#2908=VERTEX_POINT('',#9808);
#2909=VERTEX_POINT('',#9810);
#2910=VERTEX_POINT('',#9812);
#2911=VERTEX_POINT('',#9816);
#2912=VERTEX_POINT('',#9821);
#2913=VERTEX_POINT('',#9823);
#2914=VERTEX_POINT('',#9825);
#2915=VERTEX_POINT('',#9827);
#2916=VERTEX_POINT('',#9829);
#2917=VERTEX_POINT('',#9831);
#2918=VERTEX_POINT('',#9833);
#2919=VERTEX_POINT('',#9835);
#2920=VERTEX_POINT('',#9837);
#2921=VERTEX_POINT('',#9839);
#2922=VERTEX_POINT('',#9841);
#2923=VERTEX_POINT('',#9844);
#2924=VERTEX_POINT('',#9847);
#2925=VERTEX_POINT('',#9850);
#2926=VERTEX_POINT('',#9851);
#2927=VERTEX_POINT('',#9853);
#2928=VERTEX_POINT('',#9855);
#2929=VERTEX_POINT('',#9859);
#2930=VERTEX_POINT('',#9860);
#2931=VERTEX_POINT('',#9862);
#2932=VERTEX_POINT('',#9864);
#2933=VERTEX_POINT('',#9868);
#2934=VERTEX_POINT('',#9869);
#2935=VERTEX_POINT('',#9874);
#2936=VERTEX_POINT('',#9875);
#2937=VERTEX_POINT('',#9880);
#2938=VERTEX_POINT('',#9884);
#2939=VERTEX_POINT('',#9886);
#2940=VERTEX_POINT('',#9890);
#2941=VERTEX_POINT('',#9892);
#2942=VERTEX_POINT('',#9896);
#2943=VERTEX_POINT('',#9898);
#2944=VERTEX_POINT('',#9900);
#2945=VERTEX_POINT('',#9902);
#2946=VERTEX_POINT('',#9904);
#2947=VERTEX_POINT('',#9906);
#2948=VERTEX_POINT('',#9909);
#2949=VERTEX_POINT('',#9912);
#2950=VERTEX_POINT('',#9914);
#2951=VERTEX_POINT('',#9917);
#2952=VERTEX_POINT('',#9920);
#2953=VERTEX_POINT('',#9922);
#2954=VERTEX_POINT('',#9926);
#2955=VERTEX_POINT('',#9934);
#2956=VERTEX_POINT('',#9935);
#2957=VERTEX_POINT('',#9937);
#2958=VERTEX_POINT('',#9940);
#2959=VERTEX_POINT('',#9942);
#2960=VERTEX_POINT('',#9945);
#2961=VERTEX_POINT('',#9947);
#2962=VERTEX_POINT('',#9949);
#2963=VERTEX_POINT('',#9951);
#2964=VERTEX_POINT('',#9953);
#2965=VERTEX_POINT('',#9955);
#2966=VERTEX_POINT('',#9957);
#2967=VERTEX_POINT('',#9960);
#2968=VERTEX_POINT('',#9963);
#2969=VERTEX_POINT('',#9966);
#2970=VERTEX_POINT('',#9969);
#2971=VERTEX_POINT('',#9971);
#2972=VERTEX_POINT('',#9974);
#2973=VERTEX_POINT('',#9976);
#2974=VERTEX_POINT('',#9981);
#2975=VERTEX_POINT('',#9983);
#2976=VERTEX_POINT('',#9987);
#2977=VERTEX_POINT('',#9988);
#2978=VERTEX_POINT('',#9990);
#2979=VERTEX_POINT('',#9992);
#2980=VERTEX_POINT('',#9996);
#2981=VERTEX_POINT('',#9997);
#2982=VERTEX_POINT('',#10002);
#2983=VERTEX_POINT('',#10006);
#2984=VERTEX_POINT('',#10010);
#2985=VERTEX_POINT('',#10012);
#2986=VERTEX_POINT('',#10023);
#2987=VERTEX_POINT('',#10024);
#2988=VERTEX_POINT('',#10026);
#2989=VERTEX_POINT('',#10028);
#2990=VERTEX_POINT('',#10031);
#2991=VERTEX_POINT('',#10035);
#2992=VERTEX_POINT('',#10036);
#2993=VERTEX_POINT('',#10040);
#2994=VERTEX_POINT('',#10044);
#2995=VERTEX_POINT('',#10046);
#2996=VERTEX_POINT('',#10049);
#2997=VERTEX_POINT('',#10051);
#2998=VERTEX_POINT('',#10053);
#2999=VERTEX_POINT('',#10055);
#3000=VERTEX_POINT('',#10059);
#3001=VERTEX_POINT('',#10067);
#3002=VERTEX_POINT('',#10069);
#3003=VERTEX_POINT('',#10093);
#3004=VERTEX_POINT('',#10094);
#3005=VERTEX_POINT('',#10099);
#3006=VERTEX_POINT('',#10103);
#3007=VERTEX_POINT('',#10109);
#3008=VERTEX_POINT('',#10113);
#3009=VERTEX_POINT('',#10121);
#3010=VERTEX_POINT('',#10127);
#3011=VERTEX_POINT('',#10130);
#3012=VERTEX_POINT('',#10134);
#3013=VERTEX_POINT('',#10138);
#3014=VERTEX_POINT('',#10145);
#3015=VERTEX_POINT('',#10147);
#3016=VERTEX_POINT('',#10152);
#3017=VERTEX_POINT('',#10161);
#3018=VERTEX_POINT('',#10163);
#3019=VERTEX_POINT('',#10167);
#3020=VERTEX_POINT('',#10169);
#3021=VERTEX_POINT('',#10173);
#3022=VERTEX_POINT('',#10175);
#3023=VERTEX_POINT('',#10179);
#3024=VERTEX_POINT('',#10181);
#3025=VERTEX_POINT('',#10185);
#3026=VERTEX_POINT('',#10187);
#3027=VERTEX_POINT('',#10191);
#3028=VERTEX_POINT('',#10193);
#3029=VERTEX_POINT('',#10238);
#3030=VERTEX_POINT('',#10239);
#3031=VERTEX_POINT('',#10244);
#3032=VERTEX_POINT('',#10248);
#3033=VERTEX_POINT('',#10254);
#3034=VERTEX_POINT('',#10258);
#3035=VERTEX_POINT('',#10266);
#3036=VERTEX_POINT('',#10272);
#3037=VERTEX_POINT('',#10276);
#3038=VERTEX_POINT('',#10282);
#3039=VERTEX_POINT('',#10284);
#3040=VERTEX_POINT('',#10288);
#3041=VERTEX_POINT('',#10321);
#3042=VERTEX_POINT('',#10337);
#3043=VERTEX_POINT('',#10339);
#3044=VERTEX_POINT('',#10343);
#3045=VERTEX_POINT('',#10344);
#3046=VERTEX_POINT('',#10346);
#3047=VERTEX_POINT('',#10348);
#3048=VERTEX_POINT('',#10352);
#3049=VERTEX_POINT('',#10353);
#3050=VERTEX_POINT('',#10355);
#3051=VERTEX_POINT('',#10357);
#3052=VERTEX_POINT('',#10361);
#3053=VERTEX_POINT('',#10362);
#3054=VERTEX_POINT('',#10364);
#3055=VERTEX_POINT('',#10366);
#3056=VERTEX_POINT('',#10370);
#3057=VERTEX_POINT('',#10371);
#3058=VERTEX_POINT('',#10373);
#3059=VERTEX_POINT('',#10375);
#3060=VERTEX_POINT('',#10379);
#3061=VERTEX_POINT('',#10380);
#3062=VERTEX_POINT('',#10382);
#3063=VERTEX_POINT('',#10384);
#3064=VERTEX_POINT('',#10408);
#3065=VERTEX_POINT('',#10410);
#3066=VERTEX_POINT('',#10414);
#3067=VERTEX_POINT('',#10418);
#3068=VERTEX_POINT('',#10422);
#3069=VERTEX_POINT('',#10431);
#3070=VERTEX_POINT('',#10433);
#3071=VERTEX_POINT('',#10435);
#3072=VERTEX_POINT('',#10437);
#3073=VERTEX_POINT('',#10439);
#3074=VERTEX_POINT('',#10441);
#3075=VERTEX_POINT('',#10443);
#3076=VERTEX_POINT('',#10445);
#3077=VERTEX_POINT('',#10447);
#3078=VERTEX_POINT('',#10449);
#3079=VERTEX_POINT('',#10453);
#3080=VERTEX_POINT('',#10454);
#3081=VERTEX_POINT('',#10458);
#3082=VERTEX_POINT('',#10459);
#3083=VERTEX_POINT('',#10505);
#3084=VERTEX_POINT('',#10506);
#3085=VERTEX_POINT('',#10509);
#3086=VERTEX_POINT('',#10513);
#3087=VERTEX_POINT('',#10523);
#3088=VERTEX_POINT('',#10525);
#3089=VERTEX_POINT('',#10529);
#3090=VERTEX_POINT('',#10536);
#3091=VERTEX_POINT('',#10537);
#3092=VERTEX_POINT('',#10539);
#3093=VERTEX_POINT('',#10541);
#3094=VERTEX_POINT('',#10544);
#3095=VERTEX_POINT('',#10547);
#3096=VERTEX_POINT('',#10548);
#3097=VERTEX_POINT('',#10550);
#3098=VERTEX_POINT('',#10552);
#3099=VERTEX_POINT('',#10554);
#3100=VERTEX_POINT('',#10556);
#3101=VERTEX_POINT('',#10558);
#3102=VERTEX_POINT('',#10560);
#3103=VERTEX_POINT('',#10564);
#3104=VERTEX_POINT('',#10566);
#3105=VERTEX_POINT('',#10570);
#3106=VERTEX_POINT('',#10571);
#3107=VERTEX_POINT('',#10573);
#3108=VERTEX_POINT('',#10578);
#3109=VERTEX_POINT('',#10580);
#3110=VERTEX_POINT('',#10583);
#3111=VERTEX_POINT('',#10585);
#3112=VERTEX_POINT('',#10589);
#3113=VERTEX_POINT('',#10591);
#3114=VERTEX_POINT('',#10596);
#3115=VERTEX_POINT('',#10598);
#3116=VERTEX_POINT('',#10616);
#3117=VERTEX_POINT('',#10617);
#3118=VERTEX_POINT('',#10619);
#3119=VERTEX_POINT('',#10621);
#3120=VERTEX_POINT('',#10623);
#3121=VERTEX_POINT('',#10625);
#3122=VERTEX_POINT('',#10629);
#3123=VERTEX_POINT('',#10631);
#3124=VERTEX_POINT('',#10635);
#3125=VERTEX_POINT('',#10637);
#3126=VERTEX_POINT('',#10641);
#3127=VERTEX_POINT('',#10643);
#3128=VERTEX_POINT('',#10647);
#3129=VERTEX_POINT('',#10648);
#3130=VERTEX_POINT('',#10650);
#3131=VERTEX_POINT('',#10652);
#3132=VERTEX_POINT('',#10654);
#3133=VERTEX_POINT('',#10656);
#3134=VERTEX_POINT('',#10660);
#3135=VERTEX_POINT('',#10662);
#3136=VERTEX_POINT('',#10666);
#3137=VERTEX_POINT('',#10668);
#3138=VERTEX_POINT('',#10672);
#3139=VERTEX_POINT('',#10674);
#3140=VERTEX_POINT('',#10678);
#3141=VERTEX_POINT('',#10679);
#3142=VERTEX_POINT('',#10681);
#3143=VERTEX_POINT('',#10683);
#3144=VERTEX_POINT('',#10687);
#3145=VERTEX_POINT('',#10689);
#3146=VERTEX_POINT('',#10693);
#3147=VERTEX_POINT('',#10694);
#3148=VERTEX_POINT('',#10696);
#3149=VERTEX_POINT('',#10698);
#3150=VERTEX_POINT('',#10702);
#3151=VERTEX_POINT('',#10704);
#3152=VERTEX_POINT('',#10708);
#3153=VERTEX_POINT('',#10710);
#3154=VERTEX_POINT('',#10714);
#3155=VERTEX_POINT('',#10716);
#3156=VERTEX_POINT('',#10718);
#3157=VERTEX_POINT('',#10720);
#3158=VERTEX_POINT('',#10724);
#3159=VERTEX_POINT('',#10725);
#3160=VERTEX_POINT('',#10727);
#3161=VERTEX_POINT('',#10729);
#3162=VERTEX_POINT('',#10733);
#3163=VERTEX_POINT('',#10735);
#3164=VERTEX_POINT('',#10739);
#3165=VERTEX_POINT('',#10741);
#3166=VERTEX_POINT('',#10745);
#3167=VERTEX_POINT('',#10747);
#3168=VERTEX_POINT('',#10749);
#3169=VERTEX_POINT('',#10751);
#3170=VERTEX_POINT('',#10755);
#3171=VERTEX_POINT('',#10757);
#3172=VERTEX_POINT('',#10759);
#3173=VERTEX_POINT('',#10761);
#3174=VERTEX_POINT('',#10763);
#3175=VERTEX_POINT('',#10765);
#3176=VERTEX_POINT('',#10767);
#3177=VERTEX_POINT('',#10769);
#3178=VERTEX_POINT('',#10774);
#3179=VERTEX_POINT('',#10775);
#3180=VERTEX_POINT('',#10779);
#3181=VERTEX_POINT('',#10781);
#3182=VERTEX_POINT('',#10783);
#3183=VERTEX_POINT('',#10785);
#3184=VERTEX_POINT('',#10787);
#3185=VERTEX_POINT('',#10789);
#3186=VERTEX_POINT('',#10793);
#3187=VERTEX_POINT('',#10794);
#3188=VERTEX_POINT('',#10798);
#3189=VERTEX_POINT('',#10800);
#3190=VERTEX_POINT('',#10802);
#3191=VERTEX_POINT('',#10804);
#3192=VERTEX_POINT('',#10811);
#3193=VERTEX_POINT('',#10813);
#3194=VERTEX_POINT('',#10817);
#3195=VERTEX_POINT('',#10818);
#3196=VERTEX_POINT('',#10820);
#3197=VERTEX_POINT('',#10822);
#3198=VERTEX_POINT('',#10824);
#3199=VERTEX_POINT('',#10826);
#3200=VERTEX_POINT('',#10828);
#3201=VERTEX_POINT('',#10830);
#3202=VERTEX_POINT('',#10832);
#3203=VERTEX_POINT('',#10834);
#3204=VERTEX_POINT('',#10836);
#3205=VERTEX_POINT('',#10838);
#3206=VERTEX_POINT('',#10841);
#3207=VERTEX_POINT('',#10843);
#3208=VERTEX_POINT('',#10845);
#3209=VERTEX_POINT('',#10847);
#3210=VERTEX_POINT('',#10849);
#3211=VERTEX_POINT('',#10851);
#3212=VERTEX_POINT('',#10853);
#3213=VERTEX_POINT('',#10855);
#3214=VERTEX_POINT('',#10859);
#3215=VERTEX_POINT('',#10860);
#3216=VERTEX_POINT('',#10862);
#3217=VERTEX_POINT('',#10864);
#3218=VERTEX_POINT('',#10868);
#3219=VERTEX_POINT('',#10869);
#3220=VERTEX_POINT('',#10871);
#3221=VERTEX_POINT('',#10873);
#3222=VERTEX_POINT('',#10875);
#3223=VERTEX_POINT('',#10877);
#3224=VERTEX_POINT('',#10879);
#3225=VERTEX_POINT('',#10881);
#3226=VERTEX_POINT('',#10883);
#3227=VERTEX_POINT('',#10885);
#3228=VERTEX_POINT('',#10887);
#3229=VERTEX_POINT('',#10889);
#3230=VERTEX_POINT('',#10891);
#3231=VERTEX_POINT('',#10893);
#3232=VERTEX_POINT('',#10895);
#3233=VERTEX_POINT('',#10897);
#3234=VERTEX_POINT('',#10899);
#3235=VERTEX_POINT('',#10901);
#3236=VERTEX_POINT('',#10903);
#3237=VERTEX_POINT('',#10905);
#3238=VERTEX_POINT('',#10907);
#3239=VERTEX_POINT('',#10909);
#3240=VERTEX_POINT('',#10916);
#3241=VERTEX_POINT('',#10917);
#3242=VERTEX_POINT('',#10919);
#3243=VERTEX_POINT('',#10921);
#3244=VERTEX_POINT('',#10960);
#3245=VERTEX_POINT('',#10962);
#3246=VERTEX_POINT('',#10967);
#3247=VERTEX_POINT('',#10969);
#3248=VERTEX_POINT('',#11006);
#3249=VERTEX_POINT('',#11007);
#3250=VERTEX_POINT('',#11009);
#3251=VERTEX_POINT('',#11011);
#3252=VERTEX_POINT('',#11013);
#3253=VERTEX_POINT('',#11015);
#3254=VERTEX_POINT('',#11019);
#3255=VERTEX_POINT('',#11020);
#3256=VERTEX_POINT('',#11022);
#3257=VERTEX_POINT('',#11024);
#3258=VERTEX_POINT('',#11028);
#3259=VERTEX_POINT('',#11029);
#3260=VERTEX_POINT('',#11031);
#3261=VERTEX_POINT('',#11033);
#3262=VERTEX_POINT('',#11035);
#3263=VERTEX_POINT('',#11037);
#3264=VERTEX_POINT('',#11041);
#3265=VERTEX_POINT('',#11052);
#3266=VERTEX_POINT('',#11066);
#3267=VERTEX_POINT('',#11076);
#3268=VERTEX_POINT('',#11103);
#3269=VERTEX_POINT('',#11104);
#3270=VERTEX_POINT('',#11106);
#3271=VERTEX_POINT('',#11108);
#3272=VERTEX_POINT('',#11110);
#3273=VERTEX_POINT('',#11112);
#3274=VERTEX_POINT('',#11116);
#3275=VERTEX_POINT('',#11117);
#3276=VERTEX_POINT('',#11119);
#3277=VERTEX_POINT('',#11121);
#3278=VERTEX_POINT('',#11123);
#3279=VERTEX_POINT('',#11125);
#3280=VERTEX_POINT('',#11129);
#3281=VERTEX_POINT('',#11130);
#3282=VERTEX_POINT('',#11132);
#3283=VERTEX_POINT('',#11134);
#3284=VERTEX_POINT('',#11142);
#3285=VERTEX_POINT('',#11152);
#3286=VERTEX_POINT('',#11167);
#3287=VERTEX_POINT('',#11177);
#3288=VERTEX_POINT('',#11203);
#3289=VERTEX_POINT('',#11204);
#3290=VERTEX_POINT('',#11206);
#3291=VERTEX_POINT('',#11208);
#3292=VERTEX_POINT('',#11210);
#3293=VERTEX_POINT('',#11212);
#3294=VERTEX_POINT('',#11214);
#3295=VERTEX_POINT('',#11216);
#3296=VERTEX_POINT('',#11219);
#3297=VERTEX_POINT('',#11220);
#3298=VERTEX_POINT('',#11222);
#3299=VERTEX_POINT('',#11224);
#3300=VERTEX_POINT('',#11227);
#3301=VERTEX_POINT('',#11228);
#3302=VERTEX_POINT('',#11230);
#3303=VERTEX_POINT('',#11232);
#3304=VERTEX_POINT('',#11236);
#3305=VERTEX_POINT('',#11237);
#3306=VERTEX_POINT('',#11239);
#3307=VERTEX_POINT('',#11241);
#3308=VERTEX_POINT('',#11244);
#3309=VERTEX_POINT('',#11245);
#3310=VERTEX_POINT('',#11247);
#3311=VERTEX_POINT('',#11249);
#3312=VERTEX_POINT('',#11252);
#3313=VERTEX_POINT('',#11253);
#3314=VERTEX_POINT('',#11255);
#3315=VERTEX_POINT('',#11257);
#3316=VERTEX_POINT('',#11261);
#3317=VERTEX_POINT('',#11262);
#3318=VERTEX_POINT('',#11264);
#3319=VERTEX_POINT('',#11266);
#3320=VERTEX_POINT('',#11270);
#3321=VERTEX_POINT('',#11271);
#3322=VERTEX_POINT('',#11273);
#3323=VERTEX_POINT('',#11275);
#3324=VERTEX_POINT('',#11279);
#3325=VERTEX_POINT('',#11280);
#3326=VERTEX_POINT('',#11282);
#3327=VERTEX_POINT('',#11284);
#3328=VERTEX_POINT('',#11286);
#3329=VERTEX_POINT('',#11288);
#3330=VERTEX_POINT('',#11290);
#3331=VERTEX_POINT('',#11292);
#3332=VERTEX_POINT('',#11296);
#3333=VERTEX_POINT('',#11298);
#3334=VERTEX_POINT('',#11302);
#3335=VERTEX_POINT('',#11303);
#3336=VERTEX_POINT('',#11308);
#3337=VERTEX_POINT('',#11310);
#3338=VERTEX_POINT('',#11315);
#3339=VERTEX_POINT('',#11317);
#3340=VERTEX_POINT('',#11319);
#3341=VERTEX_POINT('',#11322);
#3342=VERTEX_POINT('',#11325);
#3343=VERTEX_POINT('',#11326);
#3344=VERTEX_POINT('',#11328);
#3345=VERTEX_POINT('',#11330);
#3346=VERTEX_POINT('',#11333);
#3347=VERTEX_POINT('',#11334);
#3348=VERTEX_POINT('',#11336);
#3349=VERTEX_POINT('',#11338);
#3350=VERTEX_POINT('',#11341);
#3351=VERTEX_POINT('',#11342);
#3352=VERTEX_POINT('',#11344);
#3353=VERTEX_POINT('',#11346);
#3354=VERTEX_POINT('',#11349);
#3355=VERTEX_POINT('',#11350);
#3356=VERTEX_POINT('',#11352);
#3357=VERTEX_POINT('',#11354);
#3358=VERTEX_POINT('',#11357);
#3359=VERTEX_POINT('',#11358);
#3360=VERTEX_POINT('',#11360);
#3361=VERTEX_POINT('',#11362);
#3362=VERTEX_POINT('',#11364);
#3363=VERTEX_POINT('',#11366);
#3364=VERTEX_POINT('',#11368);
#3365=VERTEX_POINT('',#11370);
#3366=VERTEX_POINT('',#11374);
#3367=VERTEX_POINT('',#11376);
#3368=VERTEX_POINT('',#11381);
#3369=VERTEX_POINT('',#11382);
#3370=VERTEX_POINT('',#11384);
#3371=VERTEX_POINT('',#11386);
#3372=VERTEX_POINT('',#11390);
#3373=VERTEX_POINT('',#11392);
#3374=VERTEX_POINT('',#11396);
#3375=VERTEX_POINT('',#11398);
#3376=VERTEX_POINT('',#11402);
#3377=VERTEX_POINT('',#11403);
#3378=VERTEX_POINT('',#11405);
#3379=VERTEX_POINT('',#11407);
#3380=VERTEX_POINT('',#11409);
#3381=VERTEX_POINT('',#11411);
#3382=VERTEX_POINT('',#11413);
#3383=VERTEX_POINT('',#11415);
#3384=VERTEX_POINT('',#11430);
#3385=VERTEX_POINT('',#11432);
#3386=VERTEX_POINT('',#11436);
#3387=VERTEX_POINT('',#11438);
#3388=VERTEX_POINT('',#11447);
#3389=VERTEX_POINT('',#11449);
#3390=VERTEX_POINT('',#11458);
#3391=VERTEX_POINT('',#11460);
#3392=VERTEX_POINT('',#11464);
#3393=VERTEX_POINT('',#11466);
#3394=VERTEX_POINT('',#11492);
#3395=VERTEX_POINT('',#11494);
#3396=VERTEX_POINT('',#11498);
#3397=VERTEX_POINT('',#11499);
#3398=VERTEX_POINT('',#11508);
#3399=VERTEX_POINT('',#11509);
#3400=VERTEX_POINT('',#11514);
#3401=VERTEX_POINT('',#11518);
#3402=VERTEX_POINT('',#11526);
#3403=VERTEX_POINT('',#11528);
#3404=VERTEX_POINT('',#11537);
#3405=VERTEX_POINT('',#11539);
#3406=VERTEX_POINT('',#11543);
#3407=VERTEX_POINT('',#11545);
#3408=VERTEX_POINT('',#11571);
#3409=VERTEX_POINT('',#11572);
#3410=VERTEX_POINT('',#11577);
#3411=VERTEX_POINT('',#11581);
#3412=VERTEX_POINT('',#11587);
#3413=VERTEX_POINT('',#11589);
#3414=VERTEX_POINT('',#11593);
#3415=VERTEX_POINT('',#11597);
#3416=EDGE_CURVE('',#2773,#2774,#1135,.T.);
#3417=EDGE_CURVE('',#2773,#2775,#1136,.T.);
#3418=EDGE_CURVE('',#2775,#2776,#1137,.T.);
#3419=EDGE_CURVE('',#2776,#2774,#1138,.T.);
#3420=EDGE_CURVE('',#2777,#2778,#1139,.T.);
#3421=EDGE_CURVE('',#2777,#2779,#1140,.F.);
#3422=EDGE_CURVE('',#2780,#2779,#1141,.T.);
#3423=EDGE_CURVE('',#2781,#2780,#1142,.F.);
#3424=EDGE_CURVE('',#2782,#2781,#1143,.T.);
#3425=EDGE_CURVE('',#2778,#2782,#1144,.T.);
#3426=EDGE_CURVE('',#2783,#2784,#1145,.T.);
#3427=EDGE_CURVE('',#2784,#2785,#1146,.T.);
#3428=EDGE_CURVE('',#2786,#2785,#1147,.T.);
#3429=EDGE_CURVE('',#2786,#2787,#1148,.T.);
#3430=EDGE_CURVE('',#2788,#2787,#1149,.T.);
#3431=EDGE_CURVE('',#2788,#2789,#1150,.T.);
#3432=EDGE_CURVE('',#2790,#2789,#1151,.T.);
#3433=EDGE_CURVE('',#2791,#2790,#1152,.T.);
#3434=EDGE_CURVE('',#2791,#2792,#1153,.T.);
#3435=EDGE_CURVE('',#2792,#2793,#1154,.T.);
#3436=EDGE_CURVE('',#2793,#2794,#1155,.T.);
#3437=EDGE_CURVE('',#2794,#2795,#1156,.T.);
#3438=EDGE_CURVE('',#2795,#2783,#1157,.F.);
#3439=EDGE_CURVE('',#2796,#2797,#1158,.T.);
#3440=EDGE_CURVE('',#2797,#2798,#1159,.T.);
#3441=EDGE_CURVE('',#2799,#2798,#1160,.T.);
#3442=EDGE_CURVE('',#2799,#2800,#1161,.F.);
#3443=EDGE_CURVE('',#2800,#2801,#1162,.T.);
#3444=EDGE_CURVE('',#2802,#2801,#1163,.T.);
#3445=EDGE_CURVE('',#2802,#2803,#1164,.T.);
#3446=EDGE_CURVE('',#2804,#2803,#1165,.T.);
#3447=EDGE_CURVE('',#2804,#2805,#1166,.T.);
#3448=EDGE_CURVE('',#2805,#2806,#1167,.T.);
#3449=EDGE_CURVE('',#2806,#2807,#1168,.T.);
#3450=EDGE_CURVE('',#2807,#2808,#1169,.T.);
#3451=EDGE_CURVE('',#2808,#2796,#1170,.T.);
#3452=EDGE_CURVE('',#2784,#2809,#1171,.T.);
#3453=EDGE_CURVE('',#2810,#2809,#1172,.T.);
#3454=EDGE_CURVE('',#2810,#2811,#1173,.T.);
#3455=EDGE_CURVE('',#2811,#2812,#1174,.T.);
#3456=EDGE_CURVE('',#2785,#2812,#1175,.T.);
#3457=EDGE_CURVE('',#2810,#2813,#1176,.T.);
#3458=EDGE_CURVE('',#2814,#2809,#1177,.T.);
#3459=EDGE_CURVE('',#2814,#2813,#1178,.T.);
#3460=EDGE_CURVE('',#2815,#2797,#1179,.T.);
#3461=EDGE_CURVE('',#2815,#2816,#1180,.T.);
#3462=EDGE_CURVE('',#2816,#2813,#1181,.T.);
#3463=EDGE_CURVE('',#2798,#2814,#1182,.T.);
#3464=EDGE_CURVE('',#2817,#2812,#154,.T.);
#3465=EDGE_CURVE('',#2817,#2818,#1183,.F.);
#3466=EDGE_CURVE('',#2819,#2818,#155,.T.);
#3467=EDGE_CURVE('',#2819,#2820,#1184,.T.);
#3468=EDGE_CURVE('',#2820,#2785,#156,.T.);
#3469=EDGE_CURVE('',#2821,#2822,#1185,.T.);
#3470=EDGE_CURVE('',#2822,#2823,#1186,.T.);
#3471=EDGE_CURVE('',#2824,#2823,#1187,.T.);
#3472=EDGE_CURVE('',#2824,#2821,#1188,.T.);
#3473=EDGE_CURVE('',#2825,#2826,#1189,.T.);
#3474=EDGE_CURVE('',#2826,#2827,#1190,.T.);
#3475=EDGE_CURVE('',#2827,#2828,#1191,.T.);
#3476=EDGE_CURVE('',#2828,#2825,#1192,.T.);
#3477=EDGE_CURVE('',#2829,#2830,#1193,.T.);
#3478=EDGE_CURVE('',#2830,#2831,#1194,.T.);
#3479=EDGE_CURVE('',#2831,#2832,#1195,.T.);
#3480=EDGE_CURVE('',#2832,#2829,#1196,.T.);
#3481=EDGE_CURVE('',#2833,#2833,#157,.T.);
#3482=EDGE_CURVE('',#2834,#2834,#158,.T.);
#3483=EDGE_CURVE('',#2835,#2836,#1197,.T.);
#3484=EDGE_CURVE('',#2836,#2837,#1198,.T.);
#3485=EDGE_CURVE('',#2838,#2837,#1199,.T.);
#3486=EDGE_CURVE('',#2838,#2835,#1200,.T.);
#3487=EDGE_CURVE('',#2839,#2840,#1201,.T.);
#3488=EDGE_CURVE('',#2840,#2841,#1202,.T.);
#3489=EDGE_CURVE('',#2841,#2842,#1203,.T.);
#3490=EDGE_CURVE('',#2842,#2839,#1204,.T.);
#3491=EDGE_CURVE('',#2843,#2844,#1205,.T.);
#3492=EDGE_CURVE('',#2844,#2845,#1206,.T.);
#3493=EDGE_CURVE('',#2845,#2846,#1207,.T.);
#3494=EDGE_CURVE('',#2846,#2843,#1208,.T.);
#3495=EDGE_CURVE('',#2818,#2847,#1209,.T.);
#3496=EDGE_CURVE('',#2847,#2848,#1210,.T.);
#3497=EDGE_CURVE('',#2848,#2849,#159,.T.);
#3498=EDGE_CURVE('',#2849,#2850,#1211,.T.);
#3499=EDGE_CURVE('',#2851,#2850,#1212,.T.);
#3500=EDGE_CURVE('',#2851,#2852,#1213,.T.);
#3501=EDGE_CURVE('',#2852,#2853,#1214,.T.);
#3502=EDGE_CURVE('',#2853,#2854,#1215,.T.);
#3503=EDGE_CURVE('',#2855,#2854,#1216,.T.);
#3504=EDGE_CURVE('',#2819,#2855,#1217,.T.);
#3505=EDGE_CURVE('',#2856,#2857,#1218,.T.);
#3506=EDGE_CURVE('',#2857,#2858,#1219,.T.);
#3507=EDGE_CURVE('',#2858,#2859,#1220,.T.);
#3508=EDGE_CURVE('',#2859,#2856,#1221,.T.);
#3509=EDGE_CURVE('',#2860,#2861,#1222,.T.);
#3510=EDGE_CURVE('',#2861,#2862,#1223,.T.);
#3511=EDGE_CURVE('',#2862,#2863,#1224,.T.);
#3512=EDGE_CURVE('',#2863,#2860,#1225,.T.);
#3513=EDGE_CURVE('',#2783,#2864,#1226,.T.);
#3514=EDGE_CURVE('',#2864,#2865,#1227,.T.);
#3515=EDGE_CURVE('',#2866,#2865,#1228,.T.);
#3516=EDGE_CURVE('',#2867,#2866,#1229,.T.);
#3517=EDGE_CURVE('',#2867,#2799,#1230,.T.);
#3518=EDGE_CURVE('',#2868,#2869,#1231,.T.);
#3519=EDGE_CURVE('',#2869,#2870,#1232,.T.);
#3520=EDGE_CURVE('',#2870,#2871,#1233,.T.);
#3521=EDGE_CURVE('',#2871,#2868,#1234,.T.);
#3522=EDGE_CURVE('',#2872,#2873,#1235,.T.);
#3523=EDGE_CURVE('',#2873,#2874,#1236,.T.);
#3524=EDGE_CURVE('',#2874,#2875,#1237,.T.);
#3525=EDGE_CURVE('',#2875,#2872,#1238,.T.);
#3526=EDGE_CURVE('',#2876,#2820,#1239,.T.);
#3527=EDGE_CURVE('',#2876,#2877,#1240,.T.);
#3528=EDGE_CURVE('',#2878,#2877,#1241,.T.);
#3529=EDGE_CURVE('',#2879,#2878,#1242,.T.);
#3530=EDGE_CURVE('',#2879,#2880,#1243,.T.);
#3531=EDGE_CURVE('',#2880,#2786,#1244,.T.);
#3532=EDGE_CURVE('',#2881,#2881,#160,.F.);
#3533=EDGE_CURVE('',#2882,#2882,#161,.T.);
#3534=EDGE_CURVE('',#2883,#2883,#162,.T.);
#3535=EDGE_CURVE('',#2884,#2885,#1245,.T.);
#3536=EDGE_CURVE('',#2885,#2886,#163,.T.);
#3537=EDGE_CURVE('',#2886,#2774,#1246,.T.);
#3538=EDGE_CURVE('',#2887,#2776,#1247,.T.);
#3539=EDGE_CURVE('',#2888,#2887,#1248,.T.);
#3540=EDGE_CURVE('',#2889,#2888,#1249,.T.);
#3541=EDGE_CURVE('',#2890,#2889,#1250,.T.);
#3542=EDGE_CURVE('',#2891,#2890,#1251,.T.);
#3543=EDGE_CURVE('',#2892,#2891,#1252,.T.);
#3544=EDGE_CURVE('',#2893,#2892,#1253,.T.);
#3545=EDGE_CURVE('',#2894,#2893,#1254,.T.);
#3546=EDGE_CURVE('',#2895,#2894,#1255,.T.);
#3547=EDGE_CURVE('',#2895,#2896,#1256,.T.);
#3548=EDGE_CURVE('',#2896,#2897,#1257,.T.);
#3549=EDGE_CURVE('',#2897,#2884,#164,.T.);
#3550=EDGE_CURVE('',#2898,#2899,#1258,.T.);
#3551=EDGE_CURVE('',#2900,#2898,#165,.T.);
#3552=EDGE_CURVE('',#2901,#2900,#1259,.T.);
#3553=EDGE_CURVE('',#2902,#2901,#166,.T.);
#3554=EDGE_CURVE('',#2899,#2902,#1260,.T.);
#3555=EDGE_CURVE('',#2903,#2903,#167,.T.);
#3556=EDGE_CURVE('',#2904,#2904,#168,.T.);
#3557=EDGE_CURVE('',#2905,#2906,#1261,.T.);
#3558=EDGE_CURVE('',#2906,#2907,#1262,.T.);
#3559=EDGE_CURVE('',#2907,#2908,#1263,.T.);
#3560=EDGE_CURVE('',#2908,#2909,#1264,.T.);
#3561=EDGE_CURVE('',#2909,#2910,#1265,.T.);
#3562=EDGE_CURVE('',#2910,#2905,#1266,.T.);
#3563=EDGE_CURVE('',#2911,#2890,#1267,.T.);
#3564=EDGE_CURVE('',#2911,#2777,#1268,.T.);
#3565=EDGE_CURVE('',#2778,#2891,#1269,.T.);
#3566=EDGE_CURVE('',#2789,#2912,#1270,.T.);
#3567=EDGE_CURVE('',#2913,#2788,#1271,.T.);
#3568=EDGE_CURVE('',#2914,#2913,#1272,.T.);
#3569=EDGE_CURVE('',#2914,#2915,#1273,.T.);
#3570=EDGE_CURVE('',#2915,#2916,#1274,.T.);
#3571=EDGE_CURVE('',#2916,#2917,#1275,.T.);
#3572=EDGE_CURVE('',#2918,#2917,#1276,.T.);
#3573=EDGE_CURVE('',#2919,#2918,#1277,.T.);
#3574=EDGE_CURVE('',#2920,#2919,#1278,.T.);
#3575=EDGE_CURVE('',#2921,#2920,#1279,.T.);
#3576=EDGE_CURVE('',#2922,#2921,#1280,.T.);
#3577=EDGE_CURVE('',#2793,#2922,#1281,.T.);
#3578=EDGE_CURVE('',#2923,#2792,#1282,.T.);
#3579=EDGE_CURVE('',#2912,#2923,#1283,.T.);
#3580=EDGE_CURVE('',#2924,#2924,#169,.T.);
#3581=EDGE_CURVE('',#2925,#2926,#1284,.T.);
#3582=EDGE_CURVE('',#2925,#2927,#1285,.T.);
#3583=EDGE_CURVE('',#2927,#2928,#1286,.T.);
#3584=EDGE_CURVE('',#2928,#2926,#1287,.T.);
#3585=EDGE_CURVE('',#2929,#2930,#1288,.T.);
#3586=EDGE_CURVE('',#2929,#2931,#1289,.T.);
#3587=EDGE_CURVE('',#2932,#2931,#1290,.T.);
#3588=EDGE_CURVE('',#2930,#2932,#1291,.T.);
#3589=EDGE_CURVE('',#2933,#2934,#1292,.T.);
#3590=EDGE_CURVE('',#2934,#2795,#1293,.T.);
#3591=EDGE_CURVE('',#2794,#2933,#1294,.T.);
#3592=EDGE_CURVE('',#2935,#2936,#1295,.T.);
#3593=EDGE_CURVE('',#2877,#2936,#1296,.T.);
#3594=EDGE_CURVE('',#2935,#2876,#1297,.T.);
#3595=EDGE_CURVE('',#2937,#2787,#1298,.T.);
#3596=EDGE_CURVE('',#2937,#2880,#1299,.T.);
#3597=EDGE_CURVE('',#2878,#2938,#1300,.T.);
#3598=EDGE_CURVE('',#2938,#2939,#1301,.T.);
#3599=EDGE_CURVE('',#2939,#2879,#1302,.T.);
#3600=EDGE_CURVE('',#2940,#2855,#1303,.T.);
#3601=EDGE_CURVE('',#2854,#2941,#1304,.T.);
#3602=EDGE_CURVE('',#2940,#2941,#1305,.T.);
#3603=EDGE_CURVE('',#2797,#2942,#170,.T.);
#3604=EDGE_CURVE('',#2796,#2943,#1306,.T.);
#3605=EDGE_CURVE('',#2944,#2943,#1307,.T.);
#3606=EDGE_CURVE('',#2945,#2944,#1308,.T.);
#3607=EDGE_CURVE('',#2945,#2946,#1309,.T.);
#3608=EDGE_CURVE('',#2946,#2947,#1310,.T.);
#3609=EDGE_CURVE('',#2947,#2942,#1311,.T.);
#3610=EDGE_CURVE('',#2948,#2948,#171,.F.);
#3611=EDGE_CURVE('',#2949,#2949,#172,.T.);
#3612=EDGE_CURVE('',#2950,#2950,#173,.T.);
#3613=EDGE_CURVE('',#2951,#2896,#1312,.T.);
#3614=EDGE_CURVE('',#2781,#2895,#1313,.T.);
#3615=EDGE_CURVE('',#2952,#2780,#1314,.T.);
#3616=EDGE_CURVE('',#2953,#2952,#1315,.T.);
#3617=EDGE_CURVE('',#2821,#2953,#1316,.T.);
#3618=EDGE_CURVE('',#2852,#2824,#1317,.T.);
#3619=EDGE_CURVE('',#2954,#2851,#1318,.T.);
#3620=EDGE_CURVE('',#2835,#2954,#1319,.T.);
#3621=EDGE_CURVE('',#2905,#2838,#1320,.T.);
#3622=EDGE_CURVE('',#2910,#2951,#1321,.T.);
#3623=EDGE_CURVE('',#2782,#2894,#1322,.T.);
#3624=EDGE_CURVE('',#2955,#2956,#1323,.T.);
#3625=EDGE_CURVE('',#2957,#2955,#1324,.T.);
#3626=EDGE_CURVE('',#2807,#2957,#1325,.T.);
#3627=EDGE_CURVE('',#2806,#2958,#1326,.T.);
#3628=EDGE_CURVE('',#2958,#2959,#1327,.T.);
#3629=EDGE_CURVE('',#2959,#2803,#1328,.T.);
#3630=EDGE_CURVE('',#2960,#2802,#1329,.T.);
#3631=EDGE_CURVE('',#2961,#2960,#1330,.T.);
#3632=EDGE_CURVE('',#2962,#2961,#1331,.T.);
#3633=EDGE_CURVE('',#2963,#2962,#1332,.T.);
#3634=EDGE_CURVE('',#2964,#2963,#1333,.T.);
#3635=EDGE_CURVE('',#2965,#2964,#1334,.T.);
#3636=EDGE_CURVE('',#2966,#2965,#1335,.T.);
#3637=EDGE_CURVE('',#2956,#2966,#1336,.T.);
#3638=EDGE_CURVE('',#2967,#2967,#174,.T.);
#3639=EDGE_CURVE('',#2850,#2968,#1337,.T.);
#3640=EDGE_CURVE('',#2849,#2942,#1338,.T.);
#3641=EDGE_CURVE('',#2947,#2969,#1339,.T.);
#3642=EDGE_CURVE('',#2957,#2969,#1340,.T.);
#3643=EDGE_CURVE('',#2970,#2955,#1341,.T.);
#3644=EDGE_CURVE('',#2971,#2970,#1342,.T.);
#3645=EDGE_CURVE('',#2971,#2965,#1343,.T.);
#3646=EDGE_CURVE('',#2964,#2972,#1344,.T.);
#3647=EDGE_CURVE('',#2972,#2973,#1345,.T.);
#3648=EDGE_CURVE('',#2973,#2867,#1346,.F.);
#3649=EDGE_CURVE('',#2968,#2866,#1347,.T.);
#3650=EDGE_CURVE('',#2800,#2974,#1348,.T.);
#3651=EDGE_CURVE('',#2974,#2975,#1349,.T.);
#3652=EDGE_CURVE('',#2975,#2801,#1350,.T.);
#3653=EDGE_CURVE('',#2976,#2977,#1351,.T.);
#3654=EDGE_CURVE('',#2976,#2978,#1352,.T.);
#3655=EDGE_CURVE('',#2979,#2978,#1353,.T.);
#3656=EDGE_CURVE('',#2977,#2979,#1354,.T.);
#3657=EDGE_CURVE('',#2980,#2981,#1355,.T.);
#3658=EDGE_CURVE('',#2981,#2973,#1356,.T.);
#3659=EDGE_CURVE('',#2972,#2980,#1357,.T.);
#3660=EDGE_CURVE('',#2808,#2982,#1358,.T.);
#3661=EDGE_CURVE('',#2943,#2982,#1359,.T.);
#3662=EDGE_CURVE('',#2983,#2969,#1360,.T.);
#3663=EDGE_CURVE('',#2983,#2946,#1361,.T.);
#3664=EDGE_CURVE('',#2944,#2984,#1362,.T.);
#3665=EDGE_CURVE('',#2984,#2985,#1363,.T.);
#3666=EDGE_CURVE('',#2985,#2945,#1364,.T.);
#3667=EDGE_CURVE('',#2954,#2968,#1365,.T.);
#3668=EDGE_CURVE('',#2865,#2940,#1366,.T.);
#3669=EDGE_CURVE('',#2941,#2836,#1367,.T.);
#3670=EDGE_CURVE('',#2823,#2853,#1368,.T.);
#3671=EDGE_CURVE('',#2986,#2987,#1369,.T.);
#3672=EDGE_CURVE('',#2986,#2988,#1370,.T.);
#3673=EDGE_CURVE('',#2988,#2989,#1371,.T.);
#3674=EDGE_CURVE('',#2989,#2822,#1372,.T.);
#3675=EDGE_CURVE('',#2953,#2990,#1373,.T.);
#3676=EDGE_CURVE('',#2987,#2990,#1374,.T.);
#3677=EDGE_CURVE('',#2991,#2992,#1375,.T.);
#3678=EDGE_CURVE('',#2992,#2989,#1376,.T.);
#3679=EDGE_CURVE('',#2990,#2988,#1377,.T.);
#3680=EDGE_CURVE('',#2952,#2993,#1378,.T.);
#3681=EDGE_CURVE('',#2993,#2991,#1379,.T.);
#3682=EDGE_CURVE('',#2994,#2991,#1380,.T.);
#3683=EDGE_CURVE('',#2994,#2995,#1381,.F.);
#3684=EDGE_CURVE('',#2995,#2993,#1382,.T.);
#3685=EDGE_CURVE('',#2779,#2996,#1383,.T.);
#3686=EDGE_CURVE('',#2996,#2997,#1384,.T.);
#3687=EDGE_CURVE('',#2997,#2998,#1385,.T.);
#3688=EDGE_CURVE('',#2998,#2999,#1386,.T.);
#3689=EDGE_CURVE('',#2999,#2992,#1387,.T.);
#3690=EDGE_CURVE('',#3000,#2887,#1388,.T.);
#3691=EDGE_CURVE('',#2775,#3000,#1389,.T.);
#3692=EDGE_CURVE('',#2837,#2906,#1390,.T.);
#3693=EDGE_CURVE('',#2864,#2925,#1391,.F.);
#3694=EDGE_CURVE('',#2918,#2926,#1392,.T.);
#3695=EDGE_CURVE('',#3001,#2917,#1393,.T.);
#3696=EDGE_CURVE('',#3001,#3002,#1394,.T.);
#3697=EDGE_CURVE('',#3002,#2914,#1395,.T.);
#3698=EDGE_CURVE('',#2913,#2935,#1396,.T.);
#3699=EDGE_CURVE('',#2976,#2982,#1397,.T.);
#3700=EDGE_CURVE('',#2977,#2984,#1398,.T.);
#3701=EDGE_CURVE('',#2979,#2985,#1399,.T.);
#3702=EDGE_CURVE('',#2978,#2983,#1400,.T.);
#3703=EDGE_CURVE('',#2963,#2980,#1401,.T.);
#3704=EDGE_CURVE('',#2962,#2981,#1402,.T.);
#3705=EDGE_CURVE('',#2981,#2974,#1403,.T.);
#3706=EDGE_CURVE('',#2961,#2974,#1404,.T.);
#3707=EDGE_CURVE('',#2960,#2975,#1405,.T.);
#3708=EDGE_CURVE('',#3003,#3004,#175,.T.);
#3709=EDGE_CURVE('',#3004,#3003,#176,.T.);
#3710=EDGE_CURVE('',#3004,#2967,#1406,.T.);
#3711=EDGE_CURVE('',#2805,#3005,#1407,.T.);
#3712=EDGE_CURVE('',#3005,#2958,#1408,.T.);
#3713=EDGE_CURVE('',#3005,#3006,#1409,.T.);
#3714=EDGE_CURVE('',#3006,#2959,#1410,.T.);
#3715=EDGE_CURVE('',#3006,#2804,#1411,.T.);
#3716=EDGE_CURVE('',#3007,#2956,#1412,.T.);
#3717=EDGE_CURVE('',#3007,#2970,#1413,.T.);
#3718=EDGE_CURVE('',#3008,#2966,#1414,.T.);
#3719=EDGE_CURVE('',#3008,#3007,#1415,.T.);
#3720=EDGE_CURVE('',#2971,#3008,#1416,.T.);
#3721=EDGE_CURVE('',#3009,#3009,#177,.T.);
#3722=EDGE_CURVE('',#3009,#2903,#1417,.T.);
#3723=EDGE_CURVE('',#3003,#3009,#1418,.T.);
#3724=EDGE_CURVE('',#2998,#3010,#1419,.F.);
#3725=EDGE_CURVE('',#3000,#3010,#1420,.T.);
#3726=EDGE_CURVE('',#3011,#2775,#1421,.T.);
#3727=EDGE_CURVE('',#3011,#2999,#1422,.T.);
#3728=EDGE_CURVE('',#3012,#2893,#1423,.T.);
#3729=EDGE_CURVE('',#2782,#3012,#1424,.T.);
#3730=EDGE_CURVE('',#3013,#2892,#1425,.T.);
#3731=EDGE_CURVE('',#3012,#3013,#1426,.T.);
#3732=EDGE_CURVE('',#3013,#2778,#1427,.T.);
#3733=EDGE_CURVE('',#3014,#2909,#178,.T.);
#3734=EDGE_CURVE('',#2909,#3015,#179,.T.);
#3735=EDGE_CURVE('',#3015,#2884,#1428,.T.);
#3736=EDGE_CURVE('',#3014,#2897,#1429,.T.);
#3737=EDGE_CURVE('',#3016,#2908,#180,.T.);
#3738=EDGE_CURVE('',#3015,#3016,#1430,.T.);
#3739=EDGE_CURVE('',#2951,#3014,#1431,.T.);
#3740=EDGE_CURVE('',#3016,#2885,#1432,.T.);
#3741=EDGE_CURVE('',#2990,#3017,#1433,.T.);
#3742=EDGE_CURVE('',#3018,#3017,#1434,.T.);
#3743=EDGE_CURVE('',#2987,#3018,#1435,.T.);
#3744=EDGE_CURVE('',#3017,#3019,#1436,.T.);
#3745=EDGE_CURVE('',#3020,#3019,#1437,.T.);
#3746=EDGE_CURVE('',#3018,#3020,#1438,.T.);
#3747=EDGE_CURVE('',#3019,#3021,#181,.T.);
#3748=EDGE_CURVE('',#3022,#3021,#1439,.T.);
#3749=EDGE_CURVE('',#3020,#3022,#182,.T.);
#3750=EDGE_CURVE('',#3021,#3023,#1440,.T.);
#3751=EDGE_CURVE('',#3024,#3023,#1441,.T.);
#3752=EDGE_CURVE('',#3022,#3024,#1442,.T.);
#3753=EDGE_CURVE('',#3024,#3025,#183,.T.);
#3754=EDGE_CURVE('',#3025,#3026,#1443,.T.);
#3755=EDGE_CURVE('',#3026,#2986,#1444,.T.);
#3756=EDGE_CURVE('',#3027,#2988,#1445,.T.);
#3757=EDGE_CURVE('',#3028,#3027,#1446,.T.);
#3758=EDGE_CURVE('',#3023,#3028,#184,.T.);
#3759=EDGE_CURVE('',#2949,#2834,#1447,.T.);
#3760=EDGE_CURVE('',#2948,#2950,#1448,.T.);
#3761=EDGE_CURVE('',#2861,#2827,#1449,.T.);
#3762=EDGE_CURVE('',#2862,#2826,#1450,.T.);
#3763=EDGE_CURVE('',#2860,#2828,#1451,.T.);
#3764=EDGE_CURVE('',#2863,#2825,#1452,.T.);
#3765=EDGE_CURVE('',#2840,#2870,#1453,.T.);
#3766=EDGE_CURVE('',#2841,#2869,#1454,.T.);
#3767=EDGE_CURVE('',#2839,#2871,#1455,.T.);
#3768=EDGE_CURVE('',#2842,#2868,#1456,.T.);
#3769=EDGE_CURVE('',#2848,#2815,#1457,.T.);
#3770=EDGE_CURVE('',#2929,#2936,#1458,.T.);
#3771=EDGE_CURVE('',#2930,#2938,#1459,.T.);
#3772=EDGE_CURVE('',#2932,#2939,#1460,.T.);
#3773=EDGE_CURVE('',#2931,#2937,#1461,.T.);
#3774=EDGE_CURVE('',#2922,#2933,#1462,.T.);
#3775=EDGE_CURVE('',#2921,#2934,#1463,.T.);
#3776=EDGE_CURVE('',#2934,#2927,#1464,.T.);
#3777=EDGE_CURVE('',#2920,#2927,#1465,.T.);
#3778=EDGE_CURVE('',#2919,#2928,#1466,.T.);
#3779=EDGE_CURVE('',#3029,#3030,#185,.T.);
#3780=EDGE_CURVE('',#3030,#3029,#186,.T.);
#3781=EDGE_CURVE('',#3030,#2924,#1467,.T.);
#3782=EDGE_CURVE('',#3002,#3031,#1468,.T.);
#3783=EDGE_CURVE('',#3031,#2915,#1469,.T.);
#3784=EDGE_CURVE('',#3031,#3032,#1470,.T.);
#3785=EDGE_CURVE('',#3032,#2916,#1471,.T.);
#3786=EDGE_CURVE('',#3032,#3001,#1472,.T.);
#3787=EDGE_CURVE('',#3033,#2912,#1473,.T.);
#3788=EDGE_CURVE('',#3033,#2790,#1474,.T.);
#3789=EDGE_CURVE('',#3034,#2923,#1475,.T.);
#3790=EDGE_CURVE('',#3034,#3033,#1476,.T.);
#3791=EDGE_CURVE('',#2791,#3034,#1477,.T.);
#3792=EDGE_CURVE('',#3035,#3035,#187,.T.);
#3793=EDGE_CURVE('',#3035,#2904,#1478,.T.);
#3794=EDGE_CURVE('',#3029,#3035,#1479,.T.);
#3795=EDGE_CURVE('',#3036,#2889,#1480,.T.);
#3796=EDGE_CURVE('',#2911,#3036,#1481,.T.);
#3797=EDGE_CURVE('',#3037,#2888,#1482,.T.);
#3798=EDGE_CURVE('',#3036,#3037,#1483,.T.);
#3799=EDGE_CURVE('',#3037,#3000,#1484,.T.);
#3800=EDGE_CURVE('',#3038,#3010,#1485,.T.);
#3801=EDGE_CURVE('',#3039,#3038,#1486,.T.);
#3802=EDGE_CURVE('',#2777,#3039,#1487,.T.);
#3803=EDGE_CURVE('',#2908,#3040,#188,.T.);
#3804=EDGE_CURVE('',#3040,#2886,#1488,.T.);
#3805=EDGE_CURVE('',#2907,#3011,#1489,.T.);
#3806=EDGE_CURVE('',#3040,#2773,#1490,.T.);
#3807=EDGE_CURVE('',#3025,#3028,#1491,.T.);
#3808=EDGE_CURVE('',#3026,#3027,#1492,.T.);
#3809=EDGE_CURVE('',#2882,#2833,#1493,.T.);
#3810=EDGE_CURVE('',#2881,#2883,#1494,.T.);
#3811=EDGE_CURVE('',#2857,#2831,#1495,.T.);
#3812=EDGE_CURVE('',#2858,#2830,#1496,.T.);
#3813=EDGE_CURVE('',#2856,#2832,#1497,.T.);
#3814=EDGE_CURVE('',#2859,#2829,#1498,.T.);
#3815=EDGE_CURVE('',#2844,#2874,#1499,.T.);
#3816=EDGE_CURVE('',#2845,#2873,#1500,.T.);
#3817=EDGE_CURVE('',#2843,#2875,#1501,.T.);
#3818=EDGE_CURVE('',#2846,#2872,#1502,.T.);
#3819=EDGE_CURVE('',#3041,#2812,#1503,.T.);
#3820=EDGE_CURVE('',#2812,#2815,#1504,.T.);
#3821=EDGE_CURVE('',#2847,#3041,#1505,.T.);
#3822=EDGE_CURVE('',#3041,#2817,#1506,.T.);
#3823=EDGE_CURVE('',#2811,#2816,#1507,.T.);
#3824=EDGE_CURVE('',#3039,#2996,#1508,.T.);
#3825=EDGE_CURVE('',#3038,#2997,#1509,.T.);
#3826=EDGE_CURVE('',#2993,#3042,#1510,.T.);
#3827=EDGE_CURVE('',#3042,#3043,#1511,.T.);
#3828=EDGE_CURVE('',#2991,#3043,#1512,.T.);
#3829=EDGE_CURVE('',#3044,#3045,#1513,.T.);
#3830=EDGE_CURVE('',#3044,#3046,#1514,.F.);
#3831=EDGE_CURVE('',#3046,#3047,#1515,.T.);
#3832=EDGE_CURVE('',#3047,#3045,#1516,.T.);
#3833=EDGE_CURVE('',#3048,#3049,#1517,.T.);
#3834=EDGE_CURVE('',#3049,#3050,#1518,.T.);
#3835=EDGE_CURVE('',#3051,#3050,#1519,.T.);
#3836=EDGE_CURVE('',#3051,#3048,#1520,.F.);
#3837=EDGE_CURVE('',#3052,#3053,#1521,.T.);
#3838=EDGE_CURVE('',#3052,#3054,#1522,.F.);
#3839=EDGE_CURVE('',#3054,#3055,#1523,.T.);
#3840=EDGE_CURVE('',#3055,#3053,#1524,.T.);
#3841=EDGE_CURVE('',#3056,#3057,#1525,.T.);
#3842=EDGE_CURVE('',#3056,#3058,#1526,.F.);
#3843=EDGE_CURVE('',#3058,#3059,#1527,.T.);
#3844=EDGE_CURVE('',#3059,#3057,#1528,.T.);
#3845=EDGE_CURVE('',#3060,#3061,#1529,.T.);
#3846=EDGE_CURVE('',#3060,#3062,#1530,.F.);
#3847=EDGE_CURVE('',#3062,#3063,#1531,.T.);
#3848=EDGE_CURVE('',#3063,#3061,#1532,.T.);
#3849=EDGE_CURVE('',#3054,#3049,#189,.T.);
#3850=EDGE_CURVE('',#3048,#3047,#190,.T.);
#3851=EDGE_CURVE('',#3046,#3042,#191,.T.);
#3852=EDGE_CURVE('',#2995,#3063,#192,.F.);
#3853=EDGE_CURVE('',#3062,#3059,#193,.F.);
#3854=EDGE_CURVE('',#3058,#3055,#194,.T.);
#3855=EDGE_CURVE('',#3050,#3052,#195,.F.);
#3856=EDGE_CURVE('',#3053,#3056,#196,.F.);
#3857=EDGE_CURVE('',#3057,#3060,#197,.T.);
#3858=EDGE_CURVE('',#3061,#2994,#198,.T.);
#3859=EDGE_CURVE('',#3043,#3044,#199,.F.);
#3860=EDGE_CURVE('',#3045,#3051,#200,.F.);
#3861=EDGE_CURVE('',#3064,#2899,#1533,.T.);
#3862=EDGE_CURVE('',#3065,#3064,#1534,.T.);
#3863=EDGE_CURVE('',#3065,#2898,#1535,.T.);
#3864=EDGE_CURVE('',#3066,#2902,#1536,.T.);
#3865=EDGE_CURVE('',#3064,#3066,#1537,.T.);
#3866=EDGE_CURVE('',#3067,#2901,#1538,.T.);
#3867=EDGE_CURVE('',#3066,#3067,#201,.T.);
#3868=EDGE_CURVE('',#3068,#2900,#1539,.T.);
#3869=EDGE_CURVE('',#3067,#3068,#1540,.T.);
#3870=EDGE_CURVE('',#3068,#3065,#202,.T.);
#3871=EDGE_CURVE('',#3069,#3069,#203,.F.);
#3872=EDGE_CURVE('',#3069,#3070,#1541,.T.);
#3873=EDGE_CURVE('',#3070,#3071,#204,.T.);
#3874=EDGE_CURVE('',#3071,#3072,#1542,.T.);
#3875=EDGE_CURVE('',#3073,#3072,#205,.F.);
#3876=EDGE_CURVE('',#3073,#3074,#1543,.F.);
#3877=EDGE_CURVE('',#3074,#3075,#206,.T.);
#3878=EDGE_CURVE('',#3075,#3076,#1544,.T.);
#3879=EDGE_CURVE('',#3077,#3076,#207,.F.);
#3880=EDGE_CURVE('',#3077,#3078,#1545,.F.);
#3881=EDGE_CURVE('',#3078,#3070,#208,.T.);
#3882=EDGE_CURVE('',#3079,#3080,#1546,.T.);
#3883=EDGE_CURVE('',#3080,#3079,#209,.F.);
#3884=EDGE_CURVE('',#3081,#3082,#1547,.T.);
#3885=EDGE_CURVE('',#3082,#3081,#210,.F.);
#3886=EDGE_CURVE('',#3074,#3079,#51,.T.);
#3887=EDGE_CURVE('',#3080,#3075,#52,.T.);
#3888=EDGE_CURVE('',#3082,#3071,#53,.T.);
#3889=EDGE_CURVE('',#3078,#3081,#54,.T.);
#3890=EDGE_CURVE('',#3083,#3084,#211,.T.);
#3891=EDGE_CURVE('',#3084,#3083,#212,.T.);
#3892=EDGE_CURVE('',#3083,#3085,#1548,.T.);
#3893=EDGE_CURVE('',#3085,#3085,#213,.F.);
#3894=EDGE_CURVE('',#3086,#3086,#214,.T.);
#3895=EDGE_CURVE('',#3086,#3069,#215,.T.);
#3896=EDGE_CURVE('',#3073,#3076,#1549,.T.);
#3897=EDGE_CURVE('',#3077,#3072,#1550,.T.);
#3898=EDGE_CURVE('',#3087,#3087,#216,.T.);
#3899=EDGE_CURVE('',#3087,#3088,#1551,.T.);
#3900=EDGE_CURVE('',#3088,#3088,#217,.T.);
#3901=EDGE_CURVE('',#3089,#3089,#218,.F.);
#3902=EDGE_CURVE('',#3084,#3089,#1552,.T.);
#3903=EDGE_CURVE('',#3090,#3091,#1553,.T.);
#3904=EDGE_CURVE('',#3092,#3091,#1554,.T.);
#3905=EDGE_CURVE('',#3093,#3092,#1555,.T.);
#3906=EDGE_CURVE('',#3093,#3090,#1556,.T.);
#3907=EDGE_CURVE('',#3094,#3094,#219,.T.);
#3908=EDGE_CURVE('',#3095,#3096,#1557,.T.);
#3909=EDGE_CURVE('',#3096,#3097,#1558,.F.);
#3910=EDGE_CURVE('',#3098,#3097,#1559,.T.);
#3911=EDGE_CURVE('',#3098,#3099,#1560,.T.);
#3912=EDGE_CURVE('',#3099,#3100,#1561,.T.);
#3913=EDGE_CURVE('',#3101,#3100,#1562,.T.);
#3914=EDGE_CURVE('',#3102,#3101,#1563,.T.);
#3915=EDGE_CURVE('',#3102,#3095,#1564,.T.);
#3916=EDGE_CURVE('',#3099,#3103,#220,.F.);
#3917=EDGE_CURVE('',#3103,#3104,#1565,.T.);
#3918=EDGE_CURVE('',#3100,#3104,#1566,.T.);
#3919=EDGE_CURVE('',#3105,#3106,#1567,.T.);
#3920=EDGE_CURVE('',#3106,#3107,#221,.F.);
#3921=EDGE_CURVE('',#3107,#3096,#222,.F.);
#3922=EDGE_CURVE('',#3095,#3105,#1568,.T.);
#3923=EDGE_CURVE('',#3103,#3108,#1569,.F.);
#3924=EDGE_CURVE('',#3109,#3108,#1570,.T.);
#3925=EDGE_CURVE('',#3109,#3106,#1571,.T.);
#3926=EDGE_CURVE('',#3105,#3110,#1572,.T.);
#3927=EDGE_CURVE('',#3110,#3111,#1573,.T.);
#3928=EDGE_CURVE('',#3104,#3111,#1574,.T.);
#3929=EDGE_CURVE('',#3091,#3112,#1575,.T.);
#3930=EDGE_CURVE('',#3113,#3112,#1576,.T.);
#3931=EDGE_CURVE('',#3092,#3113,#1577,.T.);
#3932=EDGE_CURVE('',#3111,#3101,#1578,.T.);
#3933=EDGE_CURVE('',#3114,#3090,#1579,.T.);
#3934=EDGE_CURVE('',#3115,#3093,#1580,.T.);
#3935=EDGE_CURVE('',#3115,#3114,#1581,.T.);
#3936=EDGE_CURVE('',#3110,#3102,#1582,.T.);
#3937=EDGE_CURVE('',#3112,#3114,#1583,.T.);
#3938=EDGE_CURVE('',#3113,#3115,#1584,.T.);
#3939=EDGE_CURVE('',#3098,#3097,#223,.T.);
#3940=EDGE_CURVE('',#3107,#3094,#1585,.T.);
#3941=EDGE_CURVE('',#3109,#3108,#224,.T.);
#3942=EDGE_CURVE('',#3116,#3117,#1586,.T.);
#3943=EDGE_CURVE('',#3116,#3118,#1587,.T.);
#3944=EDGE_CURVE('',#3119,#3118,#1588,.T.);
#3945=EDGE_CURVE('',#3119,#3120,#1589,.F.);
#3946=EDGE_CURVE('',#3121,#3120,#1590,.T.);
#3947=EDGE_CURVE('',#3121,#3117,#1591,.T.);
#3948=EDGE_CURVE('',#3122,#3119,#225,.T.);
#3949=EDGE_CURVE('',#3122,#3123,#1592,.T.);
#3950=EDGE_CURVE('',#3120,#3123,#226,.T.);
#3951=EDGE_CURVE('',#3124,#3122,#1593,.T.);
#3952=EDGE_CURVE('',#3124,#3125,#1594,.F.);
#3953=EDGE_CURVE('',#3123,#3125,#1595,.T.);
#3954=EDGE_CURVE('',#3126,#3124,#227,.T.);
#3955=EDGE_CURVE('',#3126,#3127,#1596,.T.);
#3956=EDGE_CURVE('',#3125,#3127,#228,.T.);
#3957=EDGE_CURVE('',#3128,#3129,#1597,.T.);
#3958=EDGE_CURVE('',#3128,#3130,#1598,.T.);
#3959=EDGE_CURVE('',#3130,#3131,#1599,.T.);
#3960=EDGE_CURVE('',#3131,#3132,#1600,.T.);
#3961=EDGE_CURVE('',#3133,#3132,#1601,.T.);
#3962=EDGE_CURVE('',#3129,#3133,#1602,.T.);
#3963=EDGE_CURVE('',#3129,#3134,#229,.T.);
#3964=EDGE_CURVE('',#3135,#3133,#230,.T.);
#3965=EDGE_CURVE('',#3134,#3135,#1603,.T.);
#3966=EDGE_CURVE('',#3134,#3136,#1604,.T.);
#3967=EDGE_CURVE('',#3137,#3135,#1605,.T.);
#3968=EDGE_CURVE('',#3136,#3137,#1606,.T.);
#3969=EDGE_CURVE('',#3136,#3138,#231,.T.);
#3970=EDGE_CURVE('',#3139,#3137,#232,.T.);
#3971=EDGE_CURVE('',#3138,#3139,#1607,.T.);
#3972=EDGE_CURVE('',#3140,#3141,#1608,.T.);
#3973=EDGE_CURVE('',#3142,#3141,#1609,.T.);
#3974=EDGE_CURVE('',#3143,#3142,#233,.T.);
#3975=EDGE_CURVE('',#3139,#3143,#1610,.T.);
#3976=EDGE_CURVE('',#3127,#3139,#1611,.T.);
#3977=EDGE_CURVE('',#3127,#3144,#1612,.T.);
#3978=EDGE_CURVE('',#3144,#3145,#234,.F.);
#3979=EDGE_CURVE('',#3145,#3140,#1613,.T.);
#3980=EDGE_CURVE('',#3146,#3147,#1614,.T.);
#3981=EDGE_CURVE('',#3148,#3147,#235,.T.);
#3982=EDGE_CURVE('',#3148,#3149,#1615,.T.);
#3983=EDGE_CURVE('',#3146,#3149,#236,.T.);
#3984=EDGE_CURVE('',#3150,#3148,#1616,.T.);
#3985=EDGE_CURVE('',#3150,#3151,#1617,.F.);
#3986=EDGE_CURVE('',#3149,#3151,#1618,.T.);
#3987=EDGE_CURVE('',#3152,#3150,#237,.T.);
#3988=EDGE_CURVE('',#3152,#3153,#1619,.T.);
#3989=EDGE_CURVE('',#3151,#3153,#238,.T.);
#3990=EDGE_CURVE('',#3154,#3152,#1620,.T.);
#3991=EDGE_CURVE('',#3154,#3155,#1621,.T.);
#3992=EDGE_CURVE('',#3155,#3156,#1622,.F.);
#3993=EDGE_CURVE('',#3156,#3157,#1623,.T.);
#3994=EDGE_CURVE('',#3153,#3157,#1624,.T.);
#3995=EDGE_CURVE('',#3158,#3159,#239,.T.);
#3996=EDGE_CURVE('',#3160,#3158,#1625,.T.);
#3997=EDGE_CURVE('',#3161,#3160,#240,.T.);
#3998=EDGE_CURVE('',#3159,#3161,#1626,.T.);
#3999=EDGE_CURVE('',#3159,#3162,#1627,.T.);
#4000=EDGE_CURVE('',#3163,#3161,#1628,.T.);
#4001=EDGE_CURVE('',#3162,#3163,#1629,.T.);
#4002=EDGE_CURVE('',#3162,#3164,#241,.T.);
#4003=EDGE_CURVE('',#3165,#3163,#242,.T.);
#4004=EDGE_CURVE('',#3164,#3165,#1630,.T.);
#4005=EDGE_CURVE('',#3164,#3166,#1631,.T.);
#4006=EDGE_CURVE('',#3167,#3165,#1632,.T.);
#4007=EDGE_CURVE('',#3167,#3168,#1633,.T.);
#4008=EDGE_CURVE('',#3169,#3168,#1634,.T.);
#4009=EDGE_CURVE('',#3169,#3166,#1635,.T.);
#4010=EDGE_CURVE('',#3147,#3170,#1636,.T.);
#4011=EDGE_CURVE('',#3170,#3171,#243,.F.);
#4012=EDGE_CURVE('',#3171,#3172,#1637,.T.);
#4013=EDGE_CURVE('',#3173,#3172,#244,.F.);
#4014=EDGE_CURVE('',#3173,#3174,#1638,.T.);
#4015=EDGE_CURVE('',#3174,#3175,#245,.T.);
#4016=EDGE_CURVE('',#3176,#3175,#1639,.T.);
#4017=EDGE_CURVE('',#3177,#3176,#246,.T.);
#4018=EDGE_CURVE('',#3158,#3177,#1640,.T.);
#4019=EDGE_CURVE('',#3147,#3158,#1641,.T.);
#4020=EDGE_CURVE('',#3178,#3179,#247,.T.);
#4021=EDGE_CURVE('',#3179,#3126,#1642,.T.);
#4022=EDGE_CURVE('',#3138,#3126,#1643,.T.);
#4023=EDGE_CURVE('',#3180,#3138,#1644,.T.);
#4024=EDGE_CURVE('',#3181,#3180,#248,.T.);
#4025=EDGE_CURVE('',#3182,#3181,#1645,.T.);
#4026=EDGE_CURVE('',#3182,#3183,#249,.T.);
#4027=EDGE_CURVE('',#3184,#3183,#1646,.T.);
#4028=EDGE_CURVE('',#3185,#3184,#250,.T.);
#4029=EDGE_CURVE('',#3185,#3178,#1647,.T.);
#4030=EDGE_CURVE('',#3186,#3187,#251,.F.);
#4031=EDGE_CURVE('',#3186,#3146,#1648,.T.);
#4032=EDGE_CURVE('',#3160,#3146,#1649,.T.);
#4033=EDGE_CURVE('',#3188,#3160,#1650,.T.);
#4034=EDGE_CURVE('',#3188,#3189,#252,.T.);
#4035=EDGE_CURVE('',#3189,#3190,#1651,.T.);
#4036=EDGE_CURVE('',#3191,#3190,#1652,.T.);
#4037=EDGE_CURVE('',#3187,#3191,#1653,.T.);
#4038=EDGE_CURVE('',#3181,#3176,#1654,.T.);
#4039=EDGE_CURVE('',#3175,#3182,#1655,.T.);
#4040=EDGE_CURVE('',#3184,#3192,#1656,.T.);
#4041=EDGE_CURVE('',#3183,#3193,#1657,.T.);
#4042=EDGE_CURVE('',#3192,#3193,#1658,.T.);
#4043=EDGE_CURVE('',#3194,#3195,#1659,.T.);
#4044=EDGE_CURVE('',#3194,#3196,#1660,.F.);
#4045=EDGE_CURVE('',#3196,#3197,#1661,.T.);
#4046=EDGE_CURVE('',#3197,#3198,#253,.T.);
#4047=EDGE_CURVE('',#3198,#3199,#254,.T.);
#4048=EDGE_CURVE('',#3199,#3200,#255,.T.);
#4049=EDGE_CURVE('',#3200,#3201,#256,.T.);
#4050=EDGE_CURVE('',#3201,#3202,#257,.T.);
#4051=EDGE_CURVE('',#3202,#3203,#258,.T.);
#4052=EDGE_CURVE('',#3203,#3204,#1662,.T.);
#4053=EDGE_CURVE('',#3204,#3205,#259,.T.);
#4054=EDGE_CURVE('',#3205,#3174,#1663,.T.);
#4055=EDGE_CURVE('',#3206,#3173,#1664,.T.);
#4056=EDGE_CURVE('',#3207,#3206,#260,.T.);
#4057=EDGE_CURVE('',#3208,#3207,#1665,.T.);
#4058=EDGE_CURVE('',#3209,#3208,#261,.F.);
#4059=EDGE_CURVE('',#3210,#3209,#262,.T.);
#4060=EDGE_CURVE('',#3211,#3210,#263,.F.);
#4061=EDGE_CURVE('',#3212,#3211,#264,.T.);
#4062=EDGE_CURVE('',#3213,#3212,#265,.F.);
#4063=EDGE_CURVE('',#3195,#3213,#266,.T.);
#4064=EDGE_CURVE('',#3214,#3215,#1666,.T.);
#4065=EDGE_CURVE('',#3215,#3216,#1667,.T.);
#4066=EDGE_CURVE('',#3217,#3216,#1668,.T.);
#4067=EDGE_CURVE('',#3217,#3214,#1669,.T.);
#4068=EDGE_CURVE('',#3218,#3219,#1670,.T.);
#4069=EDGE_CURVE('',#3218,#3220,#1671,.T.);
#4070=EDGE_CURVE('',#3220,#3221,#1672,.T.);
#4071=EDGE_CURVE('',#3221,#3222,#267,.T.);
#4072=EDGE_CURVE('',#3222,#3223,#268,.F.);
#4073=EDGE_CURVE('',#3223,#3224,#269,.T.);
#4074=EDGE_CURVE('',#3224,#3225,#270,.F.);
#4075=EDGE_CURVE('',#3225,#3226,#271,.T.);
#4076=EDGE_CURVE('',#3226,#3227,#272,.F.);
#4077=EDGE_CURVE('',#3227,#3228,#1673,.T.);
#4078=EDGE_CURVE('',#3228,#3229,#273,.T.);
#4079=EDGE_CURVE('',#3230,#3229,#1674,.T.);
#4080=EDGE_CURVE('',#3231,#3230,#1675,.T.);
#4081=EDGE_CURVE('',#3231,#3232,#1676,.T.);
#4082=EDGE_CURVE('',#3233,#3232,#274,.T.);
#4083=EDGE_CURVE('',#3234,#3233,#1677,.T.);
#4084=EDGE_CURVE('',#3235,#3234,#275,.T.);
#4085=EDGE_CURVE('',#3236,#3235,#276,.T.);
#4086=EDGE_CURVE('',#3237,#3236,#277,.T.);
#4087=EDGE_CURVE('',#3238,#3237,#278,.T.);
#4088=EDGE_CURVE('',#3239,#3238,#279,.T.);
#4089=EDGE_CURVE('',#3219,#3239,#280,.T.);
#4090=EDGE_CURVE('',#3207,#3228,#1678,.T.);
#4091=EDGE_CURVE('',#3227,#3208,#1679,.T.);
#4092=EDGE_CURVE('',#3240,#3241,#1680,.T.);
#4093=EDGE_CURVE('',#3241,#3242,#1681,.T.);
#4094=EDGE_CURVE('',#3243,#3242,#1682,.T.);
#4095=EDGE_CURVE('',#3243,#3240,#1683,.T.);
#4096=EDGE_CURVE('',#3196,#3241,#281,.T.);
#4097=EDGE_CURVE('',#3240,#3218,#282,.T.);
#4098=EDGE_CURVE('',#3219,#3197,#1684,.T.);
#4099=EDGE_CURVE('',#3239,#3198,#1685,.T.);
#4100=EDGE_CURVE('',#3238,#3199,#1686,.T.);
#4101=EDGE_CURVE('',#3237,#3200,#1687,.T.);
#4102=EDGE_CURVE('',#3236,#3201,#1688,.T.);
#4103=EDGE_CURVE('',#3235,#3202,#1689,.T.);
#4104=EDGE_CURVE('',#3234,#3203,#1690,.T.);
#4105=EDGE_CURVE('',#3204,#3233,#1691,.T.);
#4106=EDGE_CURVE('',#3242,#3194,#283,.F.);
#4107=EDGE_CURVE('',#3221,#3195,#1692,.T.);
#4108=EDGE_CURVE('',#3220,#3243,#284,.F.);
#4109=EDGE_CURVE('',#3222,#3213,#1693,.T.);
#4110=EDGE_CURVE('',#3223,#3212,#1694,.T.);
#4111=EDGE_CURVE('',#3224,#3211,#1695,.T.);
#4112=EDGE_CURVE('',#3225,#3210,#1696,.T.);
#4113=EDGE_CURVE('',#3226,#3209,#1697,.T.);
#4114=EDGE_CURVE('',#3184,#3173,#1698,.F.);
#4115=EDGE_CURVE('',#3192,#3217,#1699,.T.);
#4116=EDGE_CURVE('',#3244,#3216,#1700,.T.);
#4117=EDGE_CURVE('',#3245,#3244,#1701,.T.);
#4118=EDGE_CURVE('',#3230,#3245,#1702,.T.);
#4119=EDGE_CURVE('',#3229,#3206,#1703,.T.);
#4120=EDGE_CURVE('',#3231,#3246,#1704,.T.);
#4121=EDGE_CURVE('',#3246,#3247,#1705,.T.);
#4122=EDGE_CURVE('',#3247,#3215,#1706,.T.);
#4123=EDGE_CURVE('',#3193,#3214,#1707,.T.);
#4124=EDGE_CURVE('',#3183,#3174,#1708,.T.);
#4125=EDGE_CURVE('',#3232,#3205,#1709,.T.);
#4126=EDGE_CURVE('',#3247,#3244,#1710,.T.);
#4127=EDGE_CURVE('',#3246,#3245,#1711,.T.);
#4128=EDGE_CURVE('',#3178,#3171,#1712,.T.);
#4129=EDGE_CURVE('',#3172,#3185,#1713,.T.);
#4130=EDGE_CURVE('',#3177,#3180,#1714,.T.);
#4131=EDGE_CURVE('',#3143,#3188,#1715,.T.);
#4132=EDGE_CURVE('',#3170,#3179,#1716,.T.);
#4133=EDGE_CURVE('',#3144,#3186,#1717,.T.);
#4134=EDGE_CURVE('',#3191,#3140,#1718,.T.);
#4135=EDGE_CURVE('',#3190,#3141,#1719,.T.);
#4136=EDGE_CURVE('',#3189,#3142,#1720,.T.);
#4137=EDGE_CURVE('',#3187,#3145,#1721,.T.);
#4138=EDGE_CURVE('',#3248,#3249,#285,.F.);
#4139=EDGE_CURVE('',#3248,#3250,#1722,.F.);
#4140=EDGE_CURVE('',#3250,#3251,#286,.T.);
#4141=EDGE_CURVE('',#3251,#3252,#1723,.T.);
#4142=EDGE_CURVE('',#3252,#3253,#1724,.T.);
#4143=EDGE_CURVE('',#3249,#3253,#1725,.F.);
#4144=EDGE_CURVE('',#3254,#3255,#1726,.F.);
#4145=EDGE_CURVE('',#3254,#3256,#1727,.F.);
#4146=EDGE_CURVE('',#3256,#3257,#1728,.T.);
#4147=EDGE_CURVE('',#3257,#3255,#1729,.F.);
#4148=EDGE_CURVE('',#3258,#3259,#287,.T.);
#4149=EDGE_CURVE('',#3258,#3260,#1730,.F.);
#4150=EDGE_CURVE('',#3260,#3261,#288,.F.);
#4151=EDGE_CURVE('',#3261,#3262,#1731,.F.);
#4152=EDGE_CURVE('',#3262,#3263,#1732,.F.);
#4153=EDGE_CURVE('',#3259,#3263,#1733,.T.);
#4154=EDGE_CURVE('',#3155,#3264,#43,.F.);
#4155=EDGE_CURVE('',#3264,#3248,#55,.T.);
#4156=EDGE_CURVE('',#3249,#3261,#1734,.T.);
#4157=EDGE_CURVE('',#3260,#3265,#56,.T.);
#4158=EDGE_CURVE('',#3265,#3156,#44,.F.);
#4159=EDGE_CURVE('',#3253,#3254,#289,.T.);
#4160=EDGE_CURVE('',#3255,#3262,#290,.T.);
#4161=EDGE_CURVE('',#3250,#3266,#57,.T.);
#4162=EDGE_CURVE('',#3266,#3169,#45,.T.);
#4163=EDGE_CURVE('',#3168,#3267,#46,.T.);
#4164=EDGE_CURVE('',#3267,#3258,#58,.T.);
#4165=EDGE_CURVE('',#3251,#3259,#1735,.T.);
#4166=EDGE_CURVE('',#3256,#3252,#291,.F.);
#4167=EDGE_CURVE('',#3263,#3257,#292,.F.);
#4168=EDGE_CURVE('',#3157,#3167,#1736,.T.);
#4169=EDGE_CURVE('',#3166,#3154,#1737,.T.);
#4170=EDGE_CURVE('',#3266,#3264,#1738,.T.);
#4171=EDGE_CURVE('',#3265,#3267,#1739,.F.);
#4172=EDGE_CURVE('',#3268,#3269,#293,.T.);
#4173=EDGE_CURVE('',#3269,#3270,#1740,.F.);
#4174=EDGE_CURVE('',#3271,#3270,#294,.F.);
#4175=EDGE_CURVE('',#3272,#3271,#1741,.F.);
#4176=EDGE_CURVE('',#3272,#3273,#1742,.T.);
#4177=EDGE_CURVE('',#3273,#3268,#1743,.T.);
#4178=EDGE_CURVE('',#3274,#3275,#295,.F.);
#4179=EDGE_CURVE('',#3275,#3276,#1744,.F.);
#4180=EDGE_CURVE('',#3277,#3276,#296,.T.);
#4181=EDGE_CURVE('',#3278,#3277,#1745,.T.);
#4182=EDGE_CURVE('',#3278,#3279,#1746,.F.);
#4183=EDGE_CURVE('',#3279,#3274,#1747,.F.);
#4184=EDGE_CURVE('',#3280,#3281,#1748,.T.);
#4185=EDGE_CURVE('',#3280,#3282,#1749,.T.);
#4186=EDGE_CURVE('',#3282,#3283,#1750,.F.);
#4187=EDGE_CURVE('',#3283,#3281,#1751,.T.);
#4188=EDGE_CURVE('',#3282,#3272,#297,.T.);
#4189=EDGE_CURVE('',#3271,#3274,#1752,.F.);
#4190=EDGE_CURVE('',#3279,#3283,#298,.T.);
#4191=EDGE_CURVE('',#3270,#3284,#59,.T.);
#4192=EDGE_CURVE('',#3284,#3116,#47,.F.);
#4193=EDGE_CURVE('',#3117,#3285,#48,.F.);
#4194=EDGE_CURVE('',#3285,#3275,#60,.T.);
#4195=EDGE_CURVE('',#3273,#3280,#299,.F.);
#4196=EDGE_CURVE('',#3281,#3278,#300,.F.);
#4197=EDGE_CURVE('',#3268,#3277,#1753,.T.);
#4198=EDGE_CURVE('',#3130,#3286,#49,.T.);
#4199=EDGE_CURVE('',#3286,#3269,#61,.T.);
#4200=EDGE_CURVE('',#3276,#3287,#62,.T.);
#4201=EDGE_CURVE('',#3287,#3131,#50,.T.);
#4202=EDGE_CURVE('',#3132,#3121,#1754,.T.);
#4203=EDGE_CURVE('',#3118,#3128,#1755,.T.);
#4204=EDGE_CURVE('',#3284,#3286,#1756,.T.);
#4205=EDGE_CURVE('',#3287,#3285,#1757,.F.);
#4206=EDGE_CURVE('',#3288,#3289,#1758,.T.);
#4207=EDGE_CURVE('',#3290,#3289,#1759,.T.);
#4208=EDGE_CURVE('',#3290,#3291,#1760,.T.);
#4209=EDGE_CURVE('',#3291,#3292,#1761,.T.);
#4210=EDGE_CURVE('',#3293,#3292,#1762,.T.);
#4211=EDGE_CURVE('',#3294,#3293,#1763,.T.);
#4212=EDGE_CURVE('',#3295,#3294,#1764,.T.);
#4213=EDGE_CURVE('',#3288,#3295,#1765,.T.);
#4214=EDGE_CURVE('',#3296,#3297,#1766,.T.);
#4215=EDGE_CURVE('',#3298,#3296,#1767,.T.);
#4216=EDGE_CURVE('',#3299,#3298,#1768,.T.);
#4217=EDGE_CURVE('',#3297,#3299,#1769,.T.);
#4218=EDGE_CURVE('',#3300,#3301,#1770,.T.);
#4219=EDGE_CURVE('',#3302,#3300,#1771,.T.);
#4220=EDGE_CURVE('',#3303,#3302,#1772,.T.);
#4221=EDGE_CURVE('',#3301,#3303,#1773,.T.);
#4222=EDGE_CURVE('',#3304,#3305,#1774,.T.);
#4223=EDGE_CURVE('',#3306,#3304,#1775,.T.);
#4224=EDGE_CURVE('',#3306,#3307,#1776,.T.);
#4225=EDGE_CURVE('',#3307,#3305,#1777,.T.);
#4226=EDGE_CURVE('',#3308,#3309,#1778,.T.);
#4227=EDGE_CURVE('',#3310,#3308,#1779,.T.);
#4228=EDGE_CURVE('',#3311,#3310,#1780,.T.);
#4229=EDGE_CURVE('',#3309,#3311,#1781,.T.);
#4230=EDGE_CURVE('',#3312,#3313,#1782,.T.);
#4231=EDGE_CURVE('',#3314,#3312,#1783,.T.);
#4232=EDGE_CURVE('',#3315,#3314,#1784,.T.);
#4233=EDGE_CURVE('',#3313,#3315,#1785,.T.);
#4234=EDGE_CURVE('',#3316,#3317,#1786,.T.);
#4235=EDGE_CURVE('',#3317,#3318,#1787,.T.);
#4236=EDGE_CURVE('',#3318,#3319,#1788,.T.);
#4237=EDGE_CURVE('',#3319,#3316,#1789,.T.);
#4238=EDGE_CURVE('',#3320,#3321,#1790,.F.);
#4239=EDGE_CURVE('',#3320,#3322,#1791,.F.);
#4240=EDGE_CURVE('',#3323,#3322,#1792,.F.);
#4241=EDGE_CURVE('',#3321,#3323,#1793,.F.);
#4242=EDGE_CURVE('',#3324,#3325,#1794,.T.);
#4243=EDGE_CURVE('',#3326,#3324,#1795,.T.);
#4244=EDGE_CURVE('',#3327,#3326,#1796,.T.);
#4245=EDGE_CURVE('',#3327,#3328,#1797,.T.);
#4246=EDGE_CURVE('',#3328,#3329,#1798,.T.);
#4247=EDGE_CURVE('',#3330,#3329,#1799,.T.);
#4248=EDGE_CURVE('',#3331,#3330,#1800,.T.);
#4249=EDGE_CURVE('',#3325,#3331,#1801,.T.);
#4250=EDGE_CURVE('',#3326,#3332,#1802,.T.);
#4251=EDGE_CURVE('',#3333,#3332,#1803,.T.);
#4252=EDGE_CURVE('',#3333,#3327,#1804,.T.);
#4253=EDGE_CURVE('',#3334,#3335,#1805,.T.);
#4254=EDGE_CURVE('',#3331,#3334,#1806,.T.);
#4255=EDGE_CURVE('',#3335,#3330,#1807,.T.);
#4256=EDGE_CURVE('',#3289,#3336,#1808,.T.);
#4257=EDGE_CURVE('',#3336,#3337,#1809,.T.);
#4258=EDGE_CURVE('',#3294,#3337,#1810,.T.);
#4259=EDGE_CURVE('',#3305,#3293,#1811,.T.);
#4260=EDGE_CURVE('',#3307,#3290,#1812,.T.);
#4261=EDGE_CURVE('',#3338,#3333,#1813,.T.);
#4262=EDGE_CURVE('',#3332,#3339,#1814,.T.);
#4263=EDGE_CURVE('',#3339,#3340,#1815,.T.);
#4264=EDGE_CURVE('',#3340,#3334,#1816,.T.);
#4265=EDGE_CURVE('',#3341,#3335,#1817,.T.);
#4266=EDGE_CURVE('',#3338,#3341,#1818,.T.);
#4267=EDGE_CURVE('',#3342,#3343,#1819,.T.);
#4268=EDGE_CURVE('',#3343,#3344,#1820,.T.);
#4269=EDGE_CURVE('',#3345,#3344,#1821,.T.);
#4270=EDGE_CURVE('',#3342,#3345,#1822,.T.);
#4271=EDGE_CURVE('',#3346,#3347,#1823,.T.);
#4272=EDGE_CURVE('',#3348,#3346,#1824,.T.);
#4273=EDGE_CURVE('',#3348,#3349,#1825,.T.);
#4274=EDGE_CURVE('',#3349,#3347,#1826,.T.);
#4275=EDGE_CURVE('',#3350,#3351,#1827,.T.);
#4276=EDGE_CURVE('',#3352,#3350,#1828,.T.);
#4277=EDGE_CURVE('',#3352,#3353,#1829,.T.);
#4278=EDGE_CURVE('',#3353,#3351,#1830,.T.);
#4279=EDGE_CURVE('',#3354,#3355,#1831,.T.);
#4280=EDGE_CURVE('',#3355,#3356,#1832,.T.);
#4281=EDGE_CURVE('',#3357,#3356,#1833,.T.);
#4282=EDGE_CURVE('',#3354,#3357,#1834,.T.);
#4283=EDGE_CURVE('',#3358,#3359,#1835,.T.);
#4284=EDGE_CURVE('',#3359,#3360,#1836,.T.);
#4285=EDGE_CURVE('',#3361,#3360,#1837,.T.);
#4286=EDGE_CURVE('',#3362,#3361,#1838,.T.);
#4287=EDGE_CURVE('',#3362,#3363,#1839,.T.);
#4288=EDGE_CURVE('',#3363,#3364,#1840,.T.);
#4289=EDGE_CURVE('',#3364,#3365,#1841,.T.);
#4290=EDGE_CURVE('',#3358,#3365,#1842,.T.);
#4291=EDGE_CURVE('',#3292,#3366,#1843,.T.);
#4292=EDGE_CURVE('',#3291,#3367,#1844,.T.);
#4293=EDGE_CURVE('',#3367,#3366,#1845,.T.);
#4294=EDGE_CURVE('',#3316,#3323,#1846,.T.);
#4295=EDGE_CURVE('',#3319,#3321,#1847,.T.);
#4296=EDGE_CURVE('',#3368,#3369,#1848,.T.);
#4297=EDGE_CURVE('',#3370,#3368,#1849,.T.);
#4298=EDGE_CURVE('',#3370,#3371,#1850,.T.);
#4299=EDGE_CURVE('',#3371,#3369,#1851,.F.);
#4300=EDGE_CURVE('',#3350,#3372,#1852,.T.);
#4301=EDGE_CURVE('',#3372,#3373,#1853,.T.);
#4302=EDGE_CURVE('',#3373,#3352,#1854,.T.);
#4303=EDGE_CURVE('',#3374,#3353,#1855,.T.);
#4304=EDGE_CURVE('',#3374,#3375,#1856,.F.);
#4305=EDGE_CURVE('',#3351,#3375,#1857,.T.);
#4306=EDGE_CURVE('',#3376,#3377,#1858,.T.);
#4307=EDGE_CURVE('',#3378,#3377,#1859,.T.);
#4308=EDGE_CURVE('',#3379,#3378,#1860,.T.);
#4309=EDGE_CURVE('',#3380,#3379,#1861,.T.);
#4310=EDGE_CURVE('',#3380,#3381,#1862,.T.);
#4311=EDGE_CURVE('',#3382,#3381,#1863,.T.);
#4312=EDGE_CURVE('',#3383,#3382,#1864,.T.);
#4313=EDGE_CURVE('',#3383,#3376,#1865,.T.);
#4314=EDGE_CURVE('',#3377,#3365,#1866,.T.);
#4315=EDGE_CURVE('',#3376,#3358,#1867,.T.);
#4316=EDGE_CURVE('',#3380,#3362,#1868,.T.);
#4317=EDGE_CURVE('',#3381,#3361,#1869,.T.);
#4318=EDGE_CURVE('',#3366,#3304,#1870,.T.);
#4319=EDGE_CURVE('',#3367,#3306,#1871,.T.);
#4320=EDGE_CURVE('',#3337,#3384,#1872,.T.);
#4321=EDGE_CURVE('',#3336,#3385,#1873,.T.);
#4322=EDGE_CURVE('',#3385,#3384,#1874,.T.);
#4323=EDGE_CURVE('',#3384,#3386,#1875,.T.);
#4324=EDGE_CURVE('',#3385,#3387,#1876,.T.);
#4325=EDGE_CURVE('',#3387,#3386,#1877,.T.);
#4326=EDGE_CURVE('',#3386,#3295,#1878,.T.);
#4327=EDGE_CURVE('',#3387,#3288,#1879,.T.);
#4328=EDGE_CURVE('',#3388,#3382,#1880,.T.);
#4329=EDGE_CURVE('',#3389,#3388,#1881,.T.);
#4330=EDGE_CURVE('',#3389,#3383,#1882,.T.);
#4331=EDGE_CURVE('',#3360,#3388,#1883,.T.);
#4332=EDGE_CURVE('',#3359,#3389,#1884,.T.);
#4333=EDGE_CURVE('',#3390,#3357,#1885,.T.);
#4334=EDGE_CURVE('',#3391,#3390,#1886,.T.);
#4335=EDGE_CURVE('',#3391,#3354,#1887,.T.);
#4336=EDGE_CURVE('',#3356,#3392,#1888,.T.);
#4337=EDGE_CURVE('',#3355,#3393,#1889,.T.);
#4338=EDGE_CURVE('',#3393,#3392,#1890,.T.);
#4339=EDGE_CURVE('',#3392,#3390,#1891,.T.);
#4340=EDGE_CURVE('',#3393,#3391,#1892,.T.);
#4341=EDGE_CURVE('',#3372,#3375,#1893,.T.);
#4342=EDGE_CURVE('',#3375,#3371,#1894,.F.);
#4343=EDGE_CURVE('',#3372,#3370,#1895,.T.);
#4344=EDGE_CURVE('',#3369,#3374,#1896,.F.);
#4345=EDGE_CURVE('',#3373,#3374,#1897,.T.);
#4346=EDGE_CURVE('',#3368,#3373,#1898,.T.);
#4347=EDGE_CURVE('',#3378,#3364,#1899,.T.);
#4348=EDGE_CURVE('',#3379,#3363,#1900,.T.);
#4349=EDGE_CURVE('',#3312,#3394,#1901,.T.);
#4350=EDGE_CURVE('',#3395,#3394,#1902,.T.);
#4351=EDGE_CURVE('',#3395,#3314,#1903,.T.);
#4352=EDGE_CURVE('',#3396,#3397,#1904,.T.);
#4353=EDGE_CURVE('',#3396,#3313,#1905,.T.);
#4354=EDGE_CURVE('',#3397,#3315,#1906,.T.);
#4355=EDGE_CURVE('',#3397,#3395,#1907,.T.);
#4356=EDGE_CURVE('',#3394,#3396,#1908,.T.);
#4357=EDGE_CURVE('',#3398,#3399,#1909,.T.);
#4358=EDGE_CURVE('',#3398,#3302,#1910,.T.);
#4359=EDGE_CURVE('',#3399,#3300,#1911,.T.);
#4360=EDGE_CURVE('',#3400,#3301,#1912,.T.);
#4361=EDGE_CURVE('',#3399,#3400,#1913,.T.);
#4362=EDGE_CURVE('',#3303,#3401,#1914,.T.);
#4363=EDGE_CURVE('',#3400,#3401,#1915,.T.);
#4364=EDGE_CURVE('',#3401,#3398,#1916,.T.);
#4365=EDGE_CURVE('',#3329,#3402,#1917,.T.);
#4366=EDGE_CURVE('',#3328,#3403,#1918,.T.);
#4367=EDGE_CURVE('',#3403,#3402,#1919,.T.);
#4368=EDGE_CURVE('',#3402,#3341,#1920,.T.);
#4369=EDGE_CURVE('',#3403,#3338,#1921,.T.);
#4370=EDGE_CURVE('',#3344,#3404,#1922,.T.);
#4371=EDGE_CURVE('',#3343,#3405,#1923,.T.);
#4372=EDGE_CURVE('',#3405,#3404,#1924,.T.);
#4373=EDGE_CURVE('',#3404,#3406,#1925,.T.);
#4374=EDGE_CURVE('',#3405,#3407,#1926,.T.);
#4375=EDGE_CURVE('',#3407,#3406,#1927,.T.);
#4376=EDGE_CURVE('',#3406,#3345,#1928,.T.);
#4377=EDGE_CURVE('',#3407,#3342,#1929,.T.);
#4378=EDGE_CURVE('',#3322,#3349,#1930,.T.);
#4379=EDGE_CURVE('',#3317,#3348,#1931,.T.);
#4380=EDGE_CURVE('',#3317,#3322,#1932,.T.);
#4381=EDGE_CURVE('',#3347,#3320,#1933,.T.);
#4382=EDGE_CURVE('',#3318,#3320,#1934,.T.);
#4383=EDGE_CURVE('',#3346,#3318,#1935,.T.);
#4384=EDGE_CURVE('',#3324,#3339,#1936,.T.);
#4385=EDGE_CURVE('',#3325,#3340,#1937,.T.);
#4386=EDGE_CURVE('',#3408,#3409,#1938,.T.);
#4387=EDGE_CURVE('',#3408,#3308,#1939,.T.);
#4388=EDGE_CURVE('',#3409,#3309,#1940,.T.);
#4389=EDGE_CURVE('',#3410,#3311,#1941,.T.);
#4390=EDGE_CURVE('',#3409,#3410,#1942,.T.);
#4391=EDGE_CURVE('',#3310,#3411,#1943,.T.);
#4392=EDGE_CURVE('',#3410,#3411,#1944,.T.);
#4393=EDGE_CURVE('',#3411,#3408,#1945,.T.);
#4394=EDGE_CURVE('',#3412,#3296,#1946,.T.);
#4395=EDGE_CURVE('',#3413,#3412,#1947,.T.);
#4396=EDGE_CURVE('',#3413,#3298,#1948,.T.);
#4397=EDGE_CURVE('',#3297,#3414,#1949,.T.);
#4398=EDGE_CURVE('',#3412,#3414,#1950,.T.);
#4399=EDGE_CURVE('',#3415,#3413,#1951,.T.);
#4400=EDGE_CURVE('',#3415,#3299,#1952,.T.);
#4401=EDGE_CURVE('',#3414,#3415,#1953,.T.);
#4402=ORIENTED_EDGE('',*,*,#3416,.F.);
#4403=ORIENTED_EDGE('',*,*,#3417,.T.);
#4404=ORIENTED_EDGE('',*,*,#3418,.T.);
#4405=ORIENTED_EDGE('',*,*,#3419,.T.);
#4406=ORIENTED_EDGE('',*,*,#3420,.F.);
#4407=ORIENTED_EDGE('',*,*,#3421,.T.);
#4408=ORIENTED_EDGE('',*,*,#3422,.F.);
#4409=ORIENTED_EDGE('',*,*,#3423,.F.);
#4410=ORIENTED_EDGE('',*,*,#3424,.F.);
#4411=ORIENTED_EDGE('',*,*,#3425,.F.);
#4412=ORIENTED_EDGE('',*,*,#3426,.T.);
#4413=ORIENTED_EDGE('',*,*,#3427,.T.);
#4414=ORIENTED_EDGE('',*,*,#3428,.F.);
#4415=ORIENTED_EDGE('',*,*,#3429,.T.);
#4416=ORIENTED_EDGE('',*,*,#3430,.F.);
#4417=ORIENTED_EDGE('',*,*,#3431,.T.);
#4418=ORIENTED_EDGE('',*,*,#3432,.F.);
#4419=ORIENTED_EDGE('',*,*,#3433,.F.);
#4420=ORIENTED_EDGE('',*,*,#3434,.T.);
#4421=ORIENTED_EDGE('',*,*,#3435,.T.);
#4422=ORIENTED_EDGE('',*,*,#3436,.T.);
#4423=ORIENTED_EDGE('',*,*,#3437,.T.);
#4424=ORIENTED_EDGE('',*,*,#3438,.T.);
#4425=ORIENTED_EDGE('',*,*,#3439,.T.);
#4426=ORIENTED_EDGE('',*,*,#3440,.T.);
#4427=ORIENTED_EDGE('',*,*,#3441,.F.);
#4428=ORIENTED_EDGE('',*,*,#3442,.T.);
#4429=ORIENTED_EDGE('',*,*,#3443,.T.);
#4430=ORIENTED_EDGE('',*,*,#3444,.F.);
#4431=ORIENTED_EDGE('',*,*,#3445,.T.);
#4432=ORIENTED_EDGE('',*,*,#3446,.F.);
#4433=ORIENTED_EDGE('',*,*,#3447,.T.);
#4434=ORIENTED_EDGE('',*,*,#3448,.T.);
#4435=ORIENTED_EDGE('',*,*,#3449,.T.);
#4436=ORIENTED_EDGE('',*,*,#3450,.T.);
#4437=ORIENTED_EDGE('',*,*,#3451,.T.);
#4438=ORIENTED_EDGE('',*,*,#3427,.F.);
#4439=ORIENTED_EDGE('',*,*,#3452,.T.);
#4440=ORIENTED_EDGE('',*,*,#3453,.F.);
#4441=ORIENTED_EDGE('',*,*,#3454,.T.);
#4442=ORIENTED_EDGE('',*,*,#3455,.T.);
#4443=ORIENTED_EDGE('',*,*,#3456,.F.);
#4444=ORIENTED_EDGE('',*,*,#3457,.F.);
#4445=ORIENTED_EDGE('',*,*,#3453,.T.);
#4446=ORIENTED_EDGE('',*,*,#3458,.F.);
#4447=ORIENTED_EDGE('',*,*,#3459,.T.);
#4448=ORIENTED_EDGE('',*,*,#3460,.F.);
#4449=ORIENTED_EDGE('',*,*,#3461,.T.);
#4450=ORIENTED_EDGE('',*,*,#3462,.T.);
#4451=ORIENTED_EDGE('',*,*,#3459,.F.);
#4452=ORIENTED_EDGE('',*,*,#3463,.F.);
#4453=ORIENTED_EDGE('',*,*,#3440,.F.);
#4454=ORIENTED_EDGE('',*,*,#3464,.F.);
#4455=ORIENTED_EDGE('',*,*,#3465,.T.);
#4456=ORIENTED_EDGE('',*,*,#3466,.F.);
#4457=ORIENTED_EDGE('',*,*,#3467,.T.);
#4458=ORIENTED_EDGE('',*,*,#3468,.T.);
#4459=ORIENTED_EDGE('',*,*,#3456,.T.);
#4460=ORIENTED_EDGE('',*,*,#3469,.T.);
#4461=ORIENTED_EDGE('',*,*,#3470,.T.);
#4462=ORIENTED_EDGE('',*,*,#3471,.F.);
#4463=ORIENTED_EDGE('',*,*,#3472,.T.);
#4464=ORIENTED_EDGE('',*,*,#3473,.T.);
#4465=ORIENTED_EDGE('',*,*,#3474,.T.);
#4466=ORIENTED_EDGE('',*,*,#3475,.T.);
#4467=ORIENTED_EDGE('',*,*,#3476,.T.);
#4468=ORIENTED_EDGE('',*,*,#3477,.T.);
#4469=ORIENTED_EDGE('',*,*,#3478,.T.);
#4470=ORIENTED_EDGE('',*,*,#3479,.T.);
#4471=ORIENTED_EDGE('',*,*,#3480,.T.);
#4472=ORIENTED_EDGE('',*,*,#3481,.T.);
#4473=ORIENTED_EDGE('',*,*,#3482,.T.);
#4474=ORIENTED_EDGE('',*,*,#3483,.T.);
#4475=ORIENTED_EDGE('',*,*,#3484,.T.);
#4476=ORIENTED_EDGE('',*,*,#3485,.F.);
#4477=ORIENTED_EDGE('',*,*,#3486,.T.);
#4478=ORIENTED_EDGE('',*,*,#3487,.T.);
#4479=ORIENTED_EDGE('',*,*,#3488,.T.);
#4480=ORIENTED_EDGE('',*,*,#3489,.T.);
#4481=ORIENTED_EDGE('',*,*,#3490,.T.);
#4482=ORIENTED_EDGE('',*,*,#3491,.T.);
#4483=ORIENTED_EDGE('',*,*,#3492,.T.);
#4484=ORIENTED_EDGE('',*,*,#3493,.T.);
#4485=ORIENTED_EDGE('',*,*,#3494,.T.);
#4486=ORIENTED_EDGE('',*,*,#3466,.T.);
#4487=ORIENTED_EDGE('',*,*,#3495,.T.);
#4488=ORIENTED_EDGE('',*,*,#3496,.T.);
#4489=ORIENTED_EDGE('',*,*,#3497,.T.);
#4490=ORIENTED_EDGE('',*,*,#3498,.T.);
#4491=ORIENTED_EDGE('',*,*,#3499,.F.);
#4492=ORIENTED_EDGE('',*,*,#3500,.T.);
#4493=ORIENTED_EDGE('',*,*,#3501,.T.);
#4494=ORIENTED_EDGE('',*,*,#3502,.T.);
#4495=ORIENTED_EDGE('',*,*,#3503,.F.);
#4496=ORIENTED_EDGE('',*,*,#3504,.F.);
#4497=ORIENTED_EDGE('',*,*,#3505,.T.);
#4498=ORIENTED_EDGE('',*,*,#3506,.T.);
#4499=ORIENTED_EDGE('',*,*,#3507,.T.);
#4500=ORIENTED_EDGE('',*,*,#3508,.T.);
#4501=ORIENTED_EDGE('',*,*,#3509,.T.);
#4502=ORIENTED_EDGE('',*,*,#3510,.T.);
#4503=ORIENTED_EDGE('',*,*,#3511,.T.);
#4504=ORIENTED_EDGE('',*,*,#3512,.T.);
#4505=ORIENTED_EDGE('',*,*,#3426,.F.);
#4506=ORIENTED_EDGE('',*,*,#3513,.T.);
#4507=ORIENTED_EDGE('',*,*,#3514,.T.);
#4508=ORIENTED_EDGE('',*,*,#3515,.F.);
#4509=ORIENTED_EDGE('',*,*,#3516,.F.);
#4510=ORIENTED_EDGE('',*,*,#3517,.T.);
#4511=ORIENTED_EDGE('',*,*,#3441,.T.);
#4512=ORIENTED_EDGE('',*,*,#3463,.T.);
#4513=ORIENTED_EDGE('',*,*,#3458,.T.);
#4514=ORIENTED_EDGE('',*,*,#3452,.F.);
#4515=ORIENTED_EDGE('',*,*,#3518,.T.);
#4516=ORIENTED_EDGE('',*,*,#3519,.T.);
#4517=ORIENTED_EDGE('',*,*,#3520,.T.);
#4518=ORIENTED_EDGE('',*,*,#3521,.T.);
#4519=ORIENTED_EDGE('',*,*,#3522,.T.);
#4520=ORIENTED_EDGE('',*,*,#3523,.T.);
#4521=ORIENTED_EDGE('',*,*,#3524,.T.);
#4522=ORIENTED_EDGE('',*,*,#3525,.T.);
#4523=ORIENTED_EDGE('',*,*,#3468,.F.);
#4524=ORIENTED_EDGE('',*,*,#3526,.F.);
#4525=ORIENTED_EDGE('',*,*,#3527,.T.);
#4526=ORIENTED_EDGE('',*,*,#3528,.F.);
#4527=ORIENTED_EDGE('',*,*,#3529,.F.);
#4528=ORIENTED_EDGE('',*,*,#3530,.T.);
#4529=ORIENTED_EDGE('',*,*,#3531,.T.);
#4530=ORIENTED_EDGE('',*,*,#3428,.T.);
#4531=ORIENTED_EDGE('',*,*,#3532,.T.);
#4532=ORIENTED_EDGE('',*,*,#3533,.F.);
#4533=ORIENTED_EDGE('',*,*,#3534,.T.);
#4534=ORIENTED_EDGE('',*,*,#3535,.T.);
#4535=ORIENTED_EDGE('',*,*,#3536,.T.);
#4536=ORIENTED_EDGE('',*,*,#3537,.T.);
#4537=ORIENTED_EDGE('',*,*,#3419,.F.);
#4538=ORIENTED_EDGE('',*,*,#3538,.F.);
#4539=ORIENTED_EDGE('',*,*,#3539,.F.);
#4540=ORIENTED_EDGE('',*,*,#3540,.F.);
#4541=ORIENTED_EDGE('',*,*,#3541,.F.);
#4542=ORIENTED_EDGE('',*,*,#3542,.F.);
#4543=ORIENTED_EDGE('',*,*,#3543,.F.);
#4544=ORIENTED_EDGE('',*,*,#3544,.F.);
#4545=ORIENTED_EDGE('',*,*,#3545,.F.);
#4546=ORIENTED_EDGE('',*,*,#3546,.F.);
#4547=ORIENTED_EDGE('',*,*,#3547,.T.);
#4548=ORIENTED_EDGE('',*,*,#3548,.T.);
#4549=ORIENTED_EDGE('',*,*,#3549,.T.);
#4550=ORIENTED_EDGE('',*,*,#3550,.F.);
#4551=ORIENTED_EDGE('',*,*,#3551,.F.);
#4552=ORIENTED_EDGE('',*,*,#3552,.F.);
#4553=ORIENTED_EDGE('',*,*,#3553,.F.);
#4554=ORIENTED_EDGE('',*,*,#3554,.F.);
#4555=ORIENTED_EDGE('',*,*,#3555,.T.);
#4556=ORIENTED_EDGE('',*,*,#3556,.T.);
#4557=ORIENTED_EDGE('',*,*,#3557,.T.);
#4558=ORIENTED_EDGE('',*,*,#3558,.T.);
#4559=ORIENTED_EDGE('',*,*,#3559,.T.);
#4560=ORIENTED_EDGE('',*,*,#3560,.T.);
#4561=ORIENTED_EDGE('',*,*,#3561,.T.);
#4562=ORIENTED_EDGE('',*,*,#3562,.T.);
#4563=ORIENTED_EDGE('',*,*,#3563,.F.);
#4564=ORIENTED_EDGE('',*,*,#3564,.T.);
#4565=ORIENTED_EDGE('',*,*,#3420,.T.);
#4566=ORIENTED_EDGE('',*,*,#3565,.T.);
#4567=ORIENTED_EDGE('',*,*,#3542,.T.);
#4568=ORIENTED_EDGE('',*,*,#3566,.F.);
#4569=ORIENTED_EDGE('',*,*,#3431,.F.);
#4570=ORIENTED_EDGE('',*,*,#3567,.F.);
#4571=ORIENTED_EDGE('',*,*,#3568,.F.);
#4572=ORIENTED_EDGE('',*,*,#3569,.T.);
#4573=ORIENTED_EDGE('',*,*,#3570,.T.);
#4574=ORIENTED_EDGE('',*,*,#3571,.T.);
#4575=ORIENTED_EDGE('',*,*,#3572,.F.);
#4576=ORIENTED_EDGE('',*,*,#3573,.F.);
#4577=ORIENTED_EDGE('',*,*,#3574,.F.);
#4578=ORIENTED_EDGE('',*,*,#3575,.F.);
#4579=ORIENTED_EDGE('',*,*,#3576,.F.);
#4580=ORIENTED_EDGE('',*,*,#3577,.F.);
#4581=ORIENTED_EDGE('',*,*,#3435,.F.);
#4582=ORIENTED_EDGE('',*,*,#3578,.F.);
#4583=ORIENTED_EDGE('',*,*,#3579,.F.);
#4584=ORIENTED_EDGE('',*,*,#3580,.T.);
#4585=ORIENTED_EDGE('',*,*,#3581,.F.);
#4586=ORIENTED_EDGE('',*,*,#3582,.T.);
#4587=ORIENTED_EDGE('',*,*,#3583,.T.);
#4588=ORIENTED_EDGE('',*,*,#3584,.T.);
#4589=ORIENTED_EDGE('',*,*,#3585,.F.);
#4590=ORIENTED_EDGE('',*,*,#3586,.T.);
#4591=ORIENTED_EDGE('',*,*,#3587,.F.);
#4592=ORIENTED_EDGE('',*,*,#3588,.F.);
#4593=ORIENTED_EDGE('',*,*,#3589,.T.);
#4594=ORIENTED_EDGE('',*,*,#3590,.T.);
#4595=ORIENTED_EDGE('',*,*,#3437,.F.);
#4596=ORIENTED_EDGE('',*,*,#3591,.T.);
#4597=ORIENTED_EDGE('',*,*,#3592,.T.);
#4598=ORIENTED_EDGE('',*,*,#3593,.F.);
#4599=ORIENTED_EDGE('',*,*,#3527,.F.);
#4600=ORIENTED_EDGE('',*,*,#3594,.F.);
#4601=ORIENTED_EDGE('',*,*,#3595,.T.);
#4602=ORIENTED_EDGE('',*,*,#3429,.F.);
#4603=ORIENTED_EDGE('',*,*,#3531,.F.);
#4604=ORIENTED_EDGE('',*,*,#3596,.F.);
#4605=ORIENTED_EDGE('',*,*,#3597,.T.);
#4606=ORIENTED_EDGE('',*,*,#3598,.T.);
#4607=ORIENTED_EDGE('',*,*,#3599,.T.);
#4608=ORIENTED_EDGE('',*,*,#3529,.T.);
#4609=ORIENTED_EDGE('',*,*,#3600,.T.);
#4610=ORIENTED_EDGE('',*,*,#3503,.T.);
#4611=ORIENTED_EDGE('',*,*,#3601,.T.);
#4612=ORIENTED_EDGE('',*,*,#3602,.F.);
#4613=ORIENTED_EDGE('',*,*,#3603,.F.);
#4614=ORIENTED_EDGE('',*,*,#3439,.F.);
#4615=ORIENTED_EDGE('',*,*,#3604,.T.);
#4616=ORIENTED_EDGE('',*,*,#3605,.F.);
#4617=ORIENTED_EDGE('',*,*,#3606,.F.);
#4618=ORIENTED_EDGE('',*,*,#3607,.T.);
#4619=ORIENTED_EDGE('',*,*,#3608,.T.);
#4620=ORIENTED_EDGE('',*,*,#3609,.T.);
#4621=ORIENTED_EDGE('',*,*,#3610,.T.);
#4622=ORIENTED_EDGE('',*,*,#3611,.F.);
#4623=ORIENTED_EDGE('',*,*,#3612,.T.);
#4624=ORIENTED_EDGE('',*,*,#3613,.T.);
#4625=ORIENTED_EDGE('',*,*,#3547,.F.);
#4626=ORIENTED_EDGE('',*,*,#3614,.F.);
#4627=ORIENTED_EDGE('',*,*,#3423,.T.);
#4628=ORIENTED_EDGE('',*,*,#3615,.F.);
#4629=ORIENTED_EDGE('',*,*,#3616,.F.);
#4630=ORIENTED_EDGE('',*,*,#3617,.F.);
#4631=ORIENTED_EDGE('',*,*,#3472,.F.);
#4632=ORIENTED_EDGE('',*,*,#3618,.F.);
#4633=ORIENTED_EDGE('',*,*,#3500,.F.);
#4634=ORIENTED_EDGE('',*,*,#3619,.F.);
#4635=ORIENTED_EDGE('',*,*,#3620,.F.);
#4636=ORIENTED_EDGE('',*,*,#3486,.F.);
#4637=ORIENTED_EDGE('',*,*,#3621,.F.);
#4638=ORIENTED_EDGE('',*,*,#3562,.F.);
#4639=ORIENTED_EDGE('',*,*,#3622,.T.);
#4640=ORIENTED_EDGE('',*,*,#3623,.F.);
#4641=ORIENTED_EDGE('',*,*,#3424,.T.);
#4642=ORIENTED_EDGE('',*,*,#3614,.T.);
#4643=ORIENTED_EDGE('',*,*,#3546,.T.);
#4644=ORIENTED_EDGE('',*,*,#3624,.F.);
#4645=ORIENTED_EDGE('',*,*,#3625,.F.);
#4646=ORIENTED_EDGE('',*,*,#3626,.F.);
#4647=ORIENTED_EDGE('',*,*,#3449,.F.);
#4648=ORIENTED_EDGE('',*,*,#3627,.T.);
#4649=ORIENTED_EDGE('',*,*,#3628,.T.);
#4650=ORIENTED_EDGE('',*,*,#3629,.T.);
#4651=ORIENTED_EDGE('',*,*,#3445,.F.);
#4652=ORIENTED_EDGE('',*,*,#3630,.F.);
#4653=ORIENTED_EDGE('',*,*,#3631,.F.);
#4654=ORIENTED_EDGE('',*,*,#3632,.F.);
#4655=ORIENTED_EDGE('',*,*,#3633,.F.);
#4656=ORIENTED_EDGE('',*,*,#3634,.F.);
#4657=ORIENTED_EDGE('',*,*,#3635,.F.);
#4658=ORIENTED_EDGE('',*,*,#3636,.F.);
#4659=ORIENTED_EDGE('',*,*,#3637,.F.);
#4660=ORIENTED_EDGE('',*,*,#3638,.T.);
#4661=ORIENTED_EDGE('',*,*,#3639,.F.);
#4662=ORIENTED_EDGE('',*,*,#3498,.F.);
#4663=ORIENTED_EDGE('',*,*,#3640,.T.);
#4664=ORIENTED_EDGE('',*,*,#3609,.F.);
#4665=ORIENTED_EDGE('',*,*,#3641,.T.);
#4666=ORIENTED_EDGE('',*,*,#3642,.F.);
#4667=ORIENTED_EDGE('',*,*,#3625,.T.);
#4668=ORIENTED_EDGE('',*,*,#3643,.F.);
#4669=ORIENTED_EDGE('',*,*,#3644,.F.);
#4670=ORIENTED_EDGE('',*,*,#3645,.T.);
#4671=ORIENTED_EDGE('',*,*,#3635,.T.);
#4672=ORIENTED_EDGE('',*,*,#3646,.T.);
#4673=ORIENTED_EDGE('',*,*,#3647,.T.);
#4674=ORIENTED_EDGE('',*,*,#3648,.T.);
#4675=ORIENTED_EDGE('',*,*,#3516,.T.);
#4676=ORIENTED_EDGE('',*,*,#3649,.F.);
#4677=ORIENTED_EDGE('',*,*,#3443,.F.);
#4678=ORIENTED_EDGE('',*,*,#3650,.T.);
#4679=ORIENTED_EDGE('',*,*,#3651,.T.);
#4680=ORIENTED_EDGE('',*,*,#3652,.T.);
#4681=ORIENTED_EDGE('',*,*,#3653,.F.);
#4682=ORIENTED_EDGE('',*,*,#3654,.T.);
#4683=ORIENTED_EDGE('',*,*,#3655,.F.);
#4684=ORIENTED_EDGE('',*,*,#3656,.F.);
#4685=ORIENTED_EDGE('',*,*,#3657,.T.);
#4686=ORIENTED_EDGE('',*,*,#3658,.T.);
#4687=ORIENTED_EDGE('',*,*,#3647,.F.);
#4688=ORIENTED_EDGE('',*,*,#3659,.T.);
#4689=ORIENTED_EDGE('',*,*,#3660,.T.);
#4690=ORIENTED_EDGE('',*,*,#3661,.F.);
#4691=ORIENTED_EDGE('',*,*,#3604,.F.);
#4692=ORIENTED_EDGE('',*,*,#3451,.F.);
#4693=ORIENTED_EDGE('',*,*,#3662,.T.);
#4694=ORIENTED_EDGE('',*,*,#3641,.F.);
#4695=ORIENTED_EDGE('',*,*,#3608,.F.);
#4696=ORIENTED_EDGE('',*,*,#3663,.F.);
#4697=ORIENTED_EDGE('',*,*,#3664,.T.);
#4698=ORIENTED_EDGE('',*,*,#3665,.T.);
#4699=ORIENTED_EDGE('',*,*,#3666,.T.);
#4700=ORIENTED_EDGE('',*,*,#3606,.T.);
#4701=ORIENTED_EDGE('',*,*,#3499,.T.);
#4702=ORIENTED_EDGE('',*,*,#3639,.T.);
#4703=ORIENTED_EDGE('',*,*,#3667,.F.);
#4704=ORIENTED_EDGE('',*,*,#3619,.T.);
#4705=ORIENTED_EDGE('',*,*,#3515,.T.);
#4706=ORIENTED_EDGE('',*,*,#3668,.T.);
#4707=ORIENTED_EDGE('',*,*,#3602,.T.);
#4708=ORIENTED_EDGE('',*,*,#3669,.T.);
#4709=ORIENTED_EDGE('',*,*,#3483,.F.);
#4710=ORIENTED_EDGE('',*,*,#3620,.T.);
#4711=ORIENTED_EDGE('',*,*,#3667,.T.);
#4712=ORIENTED_EDGE('',*,*,#3649,.T.);
#4713=ORIENTED_EDGE('',*,*,#3471,.T.);
#4714=ORIENTED_EDGE('',*,*,#3670,.T.);
#4715=ORIENTED_EDGE('',*,*,#3501,.F.);
#4716=ORIENTED_EDGE('',*,*,#3618,.T.);
#4717=ORIENTED_EDGE('',*,*,#3671,.F.);
#4718=ORIENTED_EDGE('',*,*,#3672,.T.);
#4719=ORIENTED_EDGE('',*,*,#3673,.T.);
#4720=ORIENTED_EDGE('',*,*,#3674,.T.);
#4721=ORIENTED_EDGE('',*,*,#3469,.F.);
#4722=ORIENTED_EDGE('',*,*,#3617,.T.);
#4723=ORIENTED_EDGE('',*,*,#3675,.T.);
#4724=ORIENTED_EDGE('',*,*,#3676,.F.);
#4725=ORIENTED_EDGE('',*,*,#3677,.T.);
#4726=ORIENTED_EDGE('',*,*,#3678,.T.);
#4727=ORIENTED_EDGE('',*,*,#3673,.F.);
#4728=ORIENTED_EDGE('',*,*,#3679,.F.);
#4729=ORIENTED_EDGE('',*,*,#3675,.F.);
#4730=ORIENTED_EDGE('',*,*,#3616,.T.);
#4731=ORIENTED_EDGE('',*,*,#3680,.T.);
#4732=ORIENTED_EDGE('',*,*,#3681,.T.);
#4733=ORIENTED_EDGE('',*,*,#3682,.F.);
#4734=ORIENTED_EDGE('',*,*,#3683,.T.);
#4735=ORIENTED_EDGE('',*,*,#3684,.T.);
#4736=ORIENTED_EDGE('',*,*,#3680,.F.);
#4737=ORIENTED_EDGE('',*,*,#3615,.T.);
#4738=ORIENTED_EDGE('',*,*,#3422,.T.);
#4739=ORIENTED_EDGE('',*,*,#3685,.T.);
#4740=ORIENTED_EDGE('',*,*,#3686,.T.);
#4741=ORIENTED_EDGE('',*,*,#3687,.T.);
#4742=ORIENTED_EDGE('',*,*,#3688,.T.);
#4743=ORIENTED_EDGE('',*,*,#3689,.T.);
#4744=ORIENTED_EDGE('',*,*,#3677,.F.);
#4745=ORIENTED_EDGE('',*,*,#3690,.T.);
#4746=ORIENTED_EDGE('',*,*,#3538,.T.);
#4747=ORIENTED_EDGE('',*,*,#3418,.F.);
#4748=ORIENTED_EDGE('',*,*,#3691,.T.);
#4749=ORIENTED_EDGE('',*,*,#3485,.T.);
#4750=ORIENTED_EDGE('',*,*,#3692,.T.);
#4751=ORIENTED_EDGE('',*,*,#3557,.F.);
#4752=ORIENTED_EDGE('',*,*,#3621,.T.);
#4753=ORIENTED_EDGE('',*,*,#3467,.F.);
#4754=ORIENTED_EDGE('',*,*,#3504,.T.);
#4755=ORIENTED_EDGE('',*,*,#3600,.F.);
#4756=ORIENTED_EDGE('',*,*,#3668,.F.);
#4757=ORIENTED_EDGE('',*,*,#3514,.F.);
#4758=ORIENTED_EDGE('',*,*,#3693,.T.);
#4759=ORIENTED_EDGE('',*,*,#3581,.T.);
#4760=ORIENTED_EDGE('',*,*,#3694,.F.);
#4761=ORIENTED_EDGE('',*,*,#3572,.T.);
#4762=ORIENTED_EDGE('',*,*,#3695,.F.);
#4763=ORIENTED_EDGE('',*,*,#3696,.T.);
#4764=ORIENTED_EDGE('',*,*,#3697,.T.);
#4765=ORIENTED_EDGE('',*,*,#3568,.T.);
#4766=ORIENTED_EDGE('',*,*,#3698,.T.);
#4767=ORIENTED_EDGE('',*,*,#3594,.T.);
#4768=ORIENTED_EDGE('',*,*,#3526,.T.);
#4769=ORIENTED_EDGE('',*,*,#3699,.F.);
#4770=ORIENTED_EDGE('',*,*,#3653,.T.);
#4771=ORIENTED_EDGE('',*,*,#3700,.T.);
#4772=ORIENTED_EDGE('',*,*,#3664,.F.);
#4773=ORIENTED_EDGE('',*,*,#3605,.T.);
#4774=ORIENTED_EDGE('',*,*,#3661,.T.);
#4775=ORIENTED_EDGE('',*,*,#3663,.T.);
#4776=ORIENTED_EDGE('',*,*,#3607,.F.);
#4777=ORIENTED_EDGE('',*,*,#3666,.F.);
#4778=ORIENTED_EDGE('',*,*,#3701,.F.);
#4779=ORIENTED_EDGE('',*,*,#3655,.T.);
#4780=ORIENTED_EDGE('',*,*,#3702,.T.);
#4781=ORIENTED_EDGE('',*,*,#3660,.F.);
#4782=ORIENTED_EDGE('',*,*,#3450,.F.);
#4783=ORIENTED_EDGE('',*,*,#3626,.T.);
#4784=ORIENTED_EDGE('',*,*,#3642,.T.);
#4785=ORIENTED_EDGE('',*,*,#3662,.F.);
#4786=ORIENTED_EDGE('',*,*,#3702,.F.);
#4787=ORIENTED_EDGE('',*,*,#3654,.F.);
#4788=ORIENTED_EDGE('',*,*,#3699,.T.);
#4789=ORIENTED_EDGE('',*,*,#3700,.F.);
#4790=ORIENTED_EDGE('',*,*,#3656,.T.);
#4791=ORIENTED_EDGE('',*,*,#3701,.T.);
#4792=ORIENTED_EDGE('',*,*,#3665,.F.);
#4793=ORIENTED_EDGE('',*,*,#3659,.F.);
#4794=ORIENTED_EDGE('',*,*,#3646,.F.);
#4795=ORIENTED_EDGE('',*,*,#3634,.T.);
#4796=ORIENTED_EDGE('',*,*,#3703,.T.);
#4797=ORIENTED_EDGE('',*,*,#3657,.F.);
#4798=ORIENTED_EDGE('',*,*,#3703,.F.);
#4799=ORIENTED_EDGE('',*,*,#3633,.T.);
#4800=ORIENTED_EDGE('',*,*,#3704,.T.);
#4801=ORIENTED_EDGE('',*,*,#3705,.F.);
#4802=ORIENTED_EDGE('',*,*,#3704,.F.);
#4803=ORIENTED_EDGE('',*,*,#3632,.T.);
#4804=ORIENTED_EDGE('',*,*,#3706,.T.);
#4805=ORIENTED_EDGE('',*,*,#3651,.F.);
#4806=ORIENTED_EDGE('',*,*,#3706,.F.);
#4807=ORIENTED_EDGE('',*,*,#3631,.T.);
#4808=ORIENTED_EDGE('',*,*,#3707,.T.);
#4809=ORIENTED_EDGE('',*,*,#3652,.F.);
#4810=ORIENTED_EDGE('',*,*,#3707,.F.);
#4811=ORIENTED_EDGE('',*,*,#3630,.T.);
#4812=ORIENTED_EDGE('',*,*,#3444,.T.);
#4813=ORIENTED_EDGE('',*,*,#3705,.T.);
#4814=ORIENTED_EDGE('',*,*,#3650,.F.);
#4815=ORIENTED_EDGE('',*,*,#3442,.F.);
#4816=ORIENTED_EDGE('',*,*,#3517,.F.);
#4817=ORIENTED_EDGE('',*,*,#3648,.F.);
#4818=ORIENTED_EDGE('',*,*,#3658,.F.);
#4819=ORIENTED_EDGE('',*,*,#3708,.F.);
#4820=ORIENTED_EDGE('',*,*,#3709,.F.);
#4821=ORIENTED_EDGE('',*,*,#3710,.T.);
#4822=ORIENTED_EDGE('',*,*,#3638,.F.);
#4823=ORIENTED_EDGE('',*,*,#3710,.F.);
#4824=ORIENTED_EDGE('',*,*,#3448,.F.);
#4825=ORIENTED_EDGE('',*,*,#3711,.T.);
#4826=ORIENTED_EDGE('',*,*,#3712,.T.);
#4827=ORIENTED_EDGE('',*,*,#3627,.F.);
#4828=ORIENTED_EDGE('',*,*,#3712,.F.);
#4829=ORIENTED_EDGE('',*,*,#3713,.T.);
#4830=ORIENTED_EDGE('',*,*,#3714,.T.);
#4831=ORIENTED_EDGE('',*,*,#3628,.F.);
#4832=ORIENTED_EDGE('',*,*,#3714,.F.);
#4833=ORIENTED_EDGE('',*,*,#3715,.T.);
#4834=ORIENTED_EDGE('',*,*,#3446,.T.);
#4835=ORIENTED_EDGE('',*,*,#3629,.F.);
#4836=ORIENTED_EDGE('',*,*,#3716,.F.);
#4837=ORIENTED_EDGE('',*,*,#3717,.T.);
#4838=ORIENTED_EDGE('',*,*,#3643,.T.);
#4839=ORIENTED_EDGE('',*,*,#3624,.T.);
#4840=ORIENTED_EDGE('',*,*,#3718,.F.);
#4841=ORIENTED_EDGE('',*,*,#3719,.T.);
#4842=ORIENTED_EDGE('',*,*,#3716,.T.);
#4843=ORIENTED_EDGE('',*,*,#3637,.T.);
#4844=ORIENTED_EDGE('',*,*,#3645,.F.);
#4845=ORIENTED_EDGE('',*,*,#3720,.T.);
#4846=ORIENTED_EDGE('',*,*,#3718,.T.);
#4847=ORIENTED_EDGE('',*,*,#3636,.T.);
#4848=ORIENTED_EDGE('',*,*,#3711,.F.);
#4849=ORIENTED_EDGE('',*,*,#3447,.F.);
#4850=ORIENTED_EDGE('',*,*,#3715,.F.);
#4851=ORIENTED_EDGE('',*,*,#3713,.F.);
#4852=ORIENTED_EDGE('',*,*,#3717,.F.);
#4853=ORIENTED_EDGE('',*,*,#3719,.F.);
#4854=ORIENTED_EDGE('',*,*,#3720,.F.);
#4855=ORIENTED_EDGE('',*,*,#3644,.T.);
#4856=ORIENTED_EDGE('',*,*,#3721,.T.);
#4857=ORIENTED_EDGE('',*,*,#3722,.T.);
#4858=ORIENTED_EDGE('',*,*,#3555,.F.);
#4859=ORIENTED_EDGE('',*,*,#3722,.F.);
#4860=ORIENTED_EDGE('',*,*,#3708,.T.);
#4861=ORIENTED_EDGE('',*,*,#3709,.T.);
#4862=ORIENTED_EDGE('',*,*,#3723,.T.);
#4863=ORIENTED_EDGE('',*,*,#3721,.F.);
#4864=ORIENTED_EDGE('',*,*,#3723,.F.);
#4865=ORIENTED_EDGE('',*,*,#3688,.F.);
#4866=ORIENTED_EDGE('',*,*,#3724,.T.);
#4867=ORIENTED_EDGE('',*,*,#3725,.F.);
#4868=ORIENTED_EDGE('',*,*,#3691,.F.);
#4869=ORIENTED_EDGE('',*,*,#3726,.F.);
#4870=ORIENTED_EDGE('',*,*,#3727,.T.);
#4871=ORIENTED_EDGE('',*,*,#3545,.T.);
#4872=ORIENTED_EDGE('',*,*,#3728,.F.);
#4873=ORIENTED_EDGE('',*,*,#3729,.F.);
#4874=ORIENTED_EDGE('',*,*,#3623,.T.);
#4875=ORIENTED_EDGE('',*,*,#3544,.T.);
#4876=ORIENTED_EDGE('',*,*,#3730,.F.);
#4877=ORIENTED_EDGE('',*,*,#3731,.F.);
#4878=ORIENTED_EDGE('',*,*,#3728,.T.);
#4879=ORIENTED_EDGE('',*,*,#3543,.T.);
#4880=ORIENTED_EDGE('',*,*,#3565,.F.);
#4881=ORIENTED_EDGE('',*,*,#3732,.F.);
#4882=ORIENTED_EDGE('',*,*,#3730,.T.);
#4883=ORIENTED_EDGE('',*,*,#3425,.T.);
#4884=ORIENTED_EDGE('',*,*,#3729,.T.);
#4885=ORIENTED_EDGE('',*,*,#3731,.T.);
#4886=ORIENTED_EDGE('',*,*,#3732,.T.);
#4887=ORIENTED_EDGE('',*,*,#3733,.T.);
#4888=ORIENTED_EDGE('',*,*,#3734,.T.);
#4889=ORIENTED_EDGE('',*,*,#3735,.T.);
#4890=ORIENTED_EDGE('',*,*,#3549,.F.);
#4891=ORIENTED_EDGE('',*,*,#3736,.F.);
#4892=ORIENTED_EDGE('',*,*,#3560,.F.);
#4893=ORIENTED_EDGE('',*,*,#3737,.F.);
#4894=ORIENTED_EDGE('',*,*,#3738,.F.);
#4895=ORIENTED_EDGE('',*,*,#3734,.F.);
#4896=ORIENTED_EDGE('',*,*,#3548,.F.);
#4897=ORIENTED_EDGE('',*,*,#3613,.F.);
#4898=ORIENTED_EDGE('',*,*,#3739,.T.);
#4899=ORIENTED_EDGE('',*,*,#3736,.T.);
#4900=ORIENTED_EDGE('',*,*,#3535,.F.);
#4901=ORIENTED_EDGE('',*,*,#3735,.F.);
#4902=ORIENTED_EDGE('',*,*,#3738,.T.);
#4903=ORIENTED_EDGE('',*,*,#3740,.T.);
#4904=ORIENTED_EDGE('',*,*,#3733,.F.);
#4905=ORIENTED_EDGE('',*,*,#3739,.F.);
#4906=ORIENTED_EDGE('',*,*,#3622,.F.);
#4907=ORIENTED_EDGE('',*,*,#3561,.F.);
#4908=ORIENTED_EDGE('',*,*,#3741,.T.);
#4909=ORIENTED_EDGE('',*,*,#3742,.F.);
#4910=ORIENTED_EDGE('',*,*,#3743,.F.);
#4911=ORIENTED_EDGE('',*,*,#3676,.T.);
#4912=ORIENTED_EDGE('',*,*,#3744,.T.);
#4913=ORIENTED_EDGE('',*,*,#3745,.F.);
#4914=ORIENTED_EDGE('',*,*,#3746,.F.);
#4915=ORIENTED_EDGE('',*,*,#3742,.T.);
#4916=ORIENTED_EDGE('',*,*,#3747,.T.);
#4917=ORIENTED_EDGE('',*,*,#3748,.F.);
#4918=ORIENTED_EDGE('',*,*,#3749,.F.);
#4919=ORIENTED_EDGE('',*,*,#3745,.T.);
#4920=ORIENTED_EDGE('',*,*,#3750,.T.);
#4921=ORIENTED_EDGE('',*,*,#3751,.F.);
#4922=ORIENTED_EDGE('',*,*,#3752,.F.);
#4923=ORIENTED_EDGE('',*,*,#3748,.T.);
#4924=ORIENTED_EDGE('',*,*,#3743,.T.);
#4925=ORIENTED_EDGE('',*,*,#3746,.T.);
#4926=ORIENTED_EDGE('',*,*,#3749,.T.);
#4927=ORIENTED_EDGE('',*,*,#3752,.T.);
#4928=ORIENTED_EDGE('',*,*,#3753,.T.);
#4929=ORIENTED_EDGE('',*,*,#3754,.T.);
#4930=ORIENTED_EDGE('',*,*,#3755,.T.);
#4931=ORIENTED_EDGE('',*,*,#3671,.T.);
#4932=ORIENTED_EDGE('',*,*,#3741,.F.);
#4933=ORIENTED_EDGE('',*,*,#3679,.T.);
#4934=ORIENTED_EDGE('',*,*,#3756,.F.);
#4935=ORIENTED_EDGE('',*,*,#3757,.F.);
#4936=ORIENTED_EDGE('',*,*,#3758,.F.);
#4937=ORIENTED_EDGE('',*,*,#3750,.F.);
#4938=ORIENTED_EDGE('',*,*,#3747,.F.);
#4939=ORIENTED_EDGE('',*,*,#3744,.F.);
#4940=ORIENTED_EDGE('',*,*,#3611,.T.);
#4941=ORIENTED_EDGE('',*,*,#3759,.T.);
#4942=ORIENTED_EDGE('',*,*,#3482,.F.);
#4943=ORIENTED_EDGE('',*,*,#3759,.F.);
#4944=ORIENTED_EDGE('',*,*,#3610,.F.);
#4945=ORIENTED_EDGE('',*,*,#3760,.T.);
#4946=ORIENTED_EDGE('',*,*,#3612,.F.);
#4947=ORIENTED_EDGE('',*,*,#3760,.F.);
#4948=ORIENTED_EDGE('',*,*,#3761,.T.);
#4949=ORIENTED_EDGE('',*,*,#3474,.F.);
#4950=ORIENTED_EDGE('',*,*,#3762,.F.);
#4951=ORIENTED_EDGE('',*,*,#3510,.F.);
#4952=ORIENTED_EDGE('',*,*,#3763,.T.);
#4953=ORIENTED_EDGE('',*,*,#3475,.F.);
#4954=ORIENTED_EDGE('',*,*,#3761,.F.);
#4955=ORIENTED_EDGE('',*,*,#3509,.F.);
#4956=ORIENTED_EDGE('',*,*,#3764,.T.);
#4957=ORIENTED_EDGE('',*,*,#3476,.F.);
#4958=ORIENTED_EDGE('',*,*,#3763,.F.);
#4959=ORIENTED_EDGE('',*,*,#3512,.F.);
#4960=ORIENTED_EDGE('',*,*,#3762,.T.);
#4961=ORIENTED_EDGE('',*,*,#3473,.F.);
#4962=ORIENTED_EDGE('',*,*,#3764,.F.);
#4963=ORIENTED_EDGE('',*,*,#3511,.F.);
#4964=ORIENTED_EDGE('',*,*,#3765,.T.);
#4965=ORIENTED_EDGE('',*,*,#3519,.F.);
#4966=ORIENTED_EDGE('',*,*,#3766,.F.);
#4967=ORIENTED_EDGE('',*,*,#3488,.F.);
#4968=ORIENTED_EDGE('',*,*,#3767,.T.);
#4969=ORIENTED_EDGE('',*,*,#3520,.F.);
#4970=ORIENTED_EDGE('',*,*,#3765,.F.);
#4971=ORIENTED_EDGE('',*,*,#3487,.F.);
#4972=ORIENTED_EDGE('',*,*,#3768,.T.);
#4973=ORIENTED_EDGE('',*,*,#3521,.F.);
#4974=ORIENTED_EDGE('',*,*,#3767,.F.);
#4975=ORIENTED_EDGE('',*,*,#3490,.F.);
#4976=ORIENTED_EDGE('',*,*,#3766,.T.);
#4977=ORIENTED_EDGE('',*,*,#3518,.F.);
#4978=ORIENTED_EDGE('',*,*,#3768,.F.);
#4979=ORIENTED_EDGE('',*,*,#3489,.F.);
#4980=ORIENTED_EDGE('',*,*,#3603,.T.);
#4981=ORIENTED_EDGE('',*,*,#3640,.F.);
#4982=ORIENTED_EDGE('',*,*,#3497,.F.);
#4983=ORIENTED_EDGE('',*,*,#3769,.T.);
#4984=ORIENTED_EDGE('',*,*,#3460,.T.);
#4985=ORIENTED_EDGE('',*,*,#3770,.F.);
#4986=ORIENTED_EDGE('',*,*,#3585,.T.);
#4987=ORIENTED_EDGE('',*,*,#3771,.T.);
#4988=ORIENTED_EDGE('',*,*,#3597,.F.);
#4989=ORIENTED_EDGE('',*,*,#3528,.T.);
#4990=ORIENTED_EDGE('',*,*,#3593,.T.);
#4991=ORIENTED_EDGE('',*,*,#3596,.T.);
#4992=ORIENTED_EDGE('',*,*,#3530,.F.);
#4993=ORIENTED_EDGE('',*,*,#3599,.F.);
#4994=ORIENTED_EDGE('',*,*,#3772,.F.);
#4995=ORIENTED_EDGE('',*,*,#3587,.T.);
#4996=ORIENTED_EDGE('',*,*,#3773,.T.);
#4997=ORIENTED_EDGE('',*,*,#3592,.F.);
#4998=ORIENTED_EDGE('',*,*,#3698,.F.);
#4999=ORIENTED_EDGE('',*,*,#3567,.T.);
#5000=ORIENTED_EDGE('',*,*,#3430,.T.);
#5001=ORIENTED_EDGE('',*,*,#3595,.F.);
#5002=ORIENTED_EDGE('',*,*,#3773,.F.);
#5003=ORIENTED_EDGE('',*,*,#3586,.F.);
#5004=ORIENTED_EDGE('',*,*,#3770,.T.);
#5005=ORIENTED_EDGE('',*,*,#3771,.F.);
#5006=ORIENTED_EDGE('',*,*,#3588,.T.);
#5007=ORIENTED_EDGE('',*,*,#3772,.T.);
#5008=ORIENTED_EDGE('',*,*,#3598,.F.);
#5009=ORIENTED_EDGE('',*,*,#3591,.F.);
#5010=ORIENTED_EDGE('',*,*,#3436,.F.);
#5011=ORIENTED_EDGE('',*,*,#3577,.T.);
#5012=ORIENTED_EDGE('',*,*,#3774,.T.);
#5013=ORIENTED_EDGE('',*,*,#3589,.F.);
#5014=ORIENTED_EDGE('',*,*,#3774,.F.);
#5015=ORIENTED_EDGE('',*,*,#3576,.T.);
#5016=ORIENTED_EDGE('',*,*,#3775,.T.);
#5017=ORIENTED_EDGE('',*,*,#3776,.F.);
#5018=ORIENTED_EDGE('',*,*,#3775,.F.);
#5019=ORIENTED_EDGE('',*,*,#3575,.T.);
#5020=ORIENTED_EDGE('',*,*,#3777,.T.);
#5021=ORIENTED_EDGE('',*,*,#3583,.F.);
#5022=ORIENTED_EDGE('',*,*,#3777,.F.);
#5023=ORIENTED_EDGE('',*,*,#3574,.T.);
#5024=ORIENTED_EDGE('',*,*,#3778,.T.);
#5025=ORIENTED_EDGE('',*,*,#3584,.F.);
#5026=ORIENTED_EDGE('',*,*,#3778,.F.);
#5027=ORIENTED_EDGE('',*,*,#3573,.T.);
#5028=ORIENTED_EDGE('',*,*,#3694,.T.);
#5029=ORIENTED_EDGE('',*,*,#3776,.T.);
#5030=ORIENTED_EDGE('',*,*,#3582,.F.);
#5031=ORIENTED_EDGE('',*,*,#3693,.F.);
#5032=ORIENTED_EDGE('',*,*,#3513,.F.);
#5033=ORIENTED_EDGE('',*,*,#3438,.F.);
#5034=ORIENTED_EDGE('',*,*,#3590,.F.);
#5035=ORIENTED_EDGE('',*,*,#3779,.F.);
#5036=ORIENTED_EDGE('',*,*,#3780,.F.);
#5037=ORIENTED_EDGE('',*,*,#3781,.T.);
#5038=ORIENTED_EDGE('',*,*,#3580,.F.);
#5039=ORIENTED_EDGE('',*,*,#3781,.F.);
#5040=ORIENTED_EDGE('',*,*,#3697,.F.);
#5041=ORIENTED_EDGE('',*,*,#3782,.T.);
#5042=ORIENTED_EDGE('',*,*,#3783,.T.);
#5043=ORIENTED_EDGE('',*,*,#3569,.F.);
#5044=ORIENTED_EDGE('',*,*,#3783,.F.);
#5045=ORIENTED_EDGE('',*,*,#3784,.T.);
#5046=ORIENTED_EDGE('',*,*,#3785,.T.);
#5047=ORIENTED_EDGE('',*,*,#3570,.F.);
#5048=ORIENTED_EDGE('',*,*,#3785,.F.);
#5049=ORIENTED_EDGE('',*,*,#3786,.T.);
#5050=ORIENTED_EDGE('',*,*,#3695,.T.);
#5051=ORIENTED_EDGE('',*,*,#3571,.F.);
#5052=ORIENTED_EDGE('',*,*,#3787,.F.);
#5053=ORIENTED_EDGE('',*,*,#3788,.T.);
#5054=ORIENTED_EDGE('',*,*,#3432,.T.);
#5055=ORIENTED_EDGE('',*,*,#3566,.T.);
#5056=ORIENTED_EDGE('',*,*,#3789,.F.);
#5057=ORIENTED_EDGE('',*,*,#3790,.T.);
#5058=ORIENTED_EDGE('',*,*,#3787,.T.);
#5059=ORIENTED_EDGE('',*,*,#3579,.T.);
#5060=ORIENTED_EDGE('',*,*,#3434,.F.);
#5061=ORIENTED_EDGE('',*,*,#3791,.T.);
#5062=ORIENTED_EDGE('',*,*,#3789,.T.);
#5063=ORIENTED_EDGE('',*,*,#3578,.T.);
#5064=ORIENTED_EDGE('',*,*,#3782,.F.);
#5065=ORIENTED_EDGE('',*,*,#3696,.F.);
#5066=ORIENTED_EDGE('',*,*,#3786,.F.);
#5067=ORIENTED_EDGE('',*,*,#3784,.F.);
#5068=ORIENTED_EDGE('',*,*,#3788,.F.);
#5069=ORIENTED_EDGE('',*,*,#3790,.F.);
#5070=ORIENTED_EDGE('',*,*,#3791,.F.);
#5071=ORIENTED_EDGE('',*,*,#3433,.T.);
#5072=ORIENTED_EDGE('',*,*,#3792,.T.);
#5073=ORIENTED_EDGE('',*,*,#3793,.T.);
#5074=ORIENTED_EDGE('',*,*,#3556,.F.);
#5075=ORIENTED_EDGE('',*,*,#3793,.F.);
#5076=ORIENTED_EDGE('',*,*,#3779,.T.);
#5077=ORIENTED_EDGE('',*,*,#3780,.T.);
#5078=ORIENTED_EDGE('',*,*,#3794,.T.);
#5079=ORIENTED_EDGE('',*,*,#3792,.F.);
#5080=ORIENTED_EDGE('',*,*,#3794,.F.);
#5081=ORIENTED_EDGE('',*,*,#3541,.T.);
#5082=ORIENTED_EDGE('',*,*,#3795,.F.);
#5083=ORIENTED_EDGE('',*,*,#3796,.F.);
#5084=ORIENTED_EDGE('',*,*,#3563,.T.);
#5085=ORIENTED_EDGE('',*,*,#3540,.T.);
#5086=ORIENTED_EDGE('',*,*,#3797,.F.);
#5087=ORIENTED_EDGE('',*,*,#3798,.F.);
#5088=ORIENTED_EDGE('',*,*,#3795,.T.);
#5089=ORIENTED_EDGE('',*,*,#3539,.T.);
#5090=ORIENTED_EDGE('',*,*,#3690,.F.);
#5091=ORIENTED_EDGE('',*,*,#3799,.F.);
#5092=ORIENTED_EDGE('',*,*,#3797,.T.);
#5093=ORIENTED_EDGE('',*,*,#3725,.T.);
#5094=ORIENTED_EDGE('',*,*,#3800,.F.);
#5095=ORIENTED_EDGE('',*,*,#3801,.F.);
#5096=ORIENTED_EDGE('',*,*,#3802,.F.);
#5097=ORIENTED_EDGE('',*,*,#3564,.F.);
#5098=ORIENTED_EDGE('',*,*,#3796,.T.);
#5099=ORIENTED_EDGE('',*,*,#3798,.T.);
#5100=ORIENTED_EDGE('',*,*,#3799,.T.);
#5101=ORIENTED_EDGE('',*,*,#3737,.T.);
#5102=ORIENTED_EDGE('',*,*,#3803,.T.);
#5103=ORIENTED_EDGE('',*,*,#3804,.T.);
#5104=ORIENTED_EDGE('',*,*,#3536,.F.);
#5105=ORIENTED_EDGE('',*,*,#3740,.F.);
#5106=ORIENTED_EDGE('',*,*,#3559,.F.);
#5107=ORIENTED_EDGE('',*,*,#3805,.T.);
#5108=ORIENTED_EDGE('',*,*,#3726,.T.);
#5109=ORIENTED_EDGE('',*,*,#3417,.F.);
#5110=ORIENTED_EDGE('',*,*,#3806,.F.);
#5111=ORIENTED_EDGE('',*,*,#3803,.F.);
#5112=ORIENTED_EDGE('',*,*,#3537,.F.);
#5113=ORIENTED_EDGE('',*,*,#3804,.F.);
#5114=ORIENTED_EDGE('',*,*,#3806,.T.);
#5115=ORIENTED_EDGE('',*,*,#3416,.T.);
#5116=ORIENTED_EDGE('',*,*,#3758,.T.);
#5117=ORIENTED_EDGE('',*,*,#3807,.F.);
#5118=ORIENTED_EDGE('',*,*,#3753,.F.);
#5119=ORIENTED_EDGE('',*,*,#3751,.T.);
#5120=ORIENTED_EDGE('',*,*,#3757,.T.);
#5121=ORIENTED_EDGE('',*,*,#3808,.F.);
#5122=ORIENTED_EDGE('',*,*,#3754,.F.);
#5123=ORIENTED_EDGE('',*,*,#3807,.T.);
#5124=ORIENTED_EDGE('',*,*,#3756,.T.);
#5125=ORIENTED_EDGE('',*,*,#3672,.F.);
#5126=ORIENTED_EDGE('',*,*,#3755,.F.);
#5127=ORIENTED_EDGE('',*,*,#3808,.T.);
#5128=ORIENTED_EDGE('',*,*,#3533,.T.);
#5129=ORIENTED_EDGE('',*,*,#3809,.T.);
#5130=ORIENTED_EDGE('',*,*,#3481,.F.);
#5131=ORIENTED_EDGE('',*,*,#3809,.F.);
#5132=ORIENTED_EDGE('',*,*,#3532,.F.);
#5133=ORIENTED_EDGE('',*,*,#3810,.T.);
#5134=ORIENTED_EDGE('',*,*,#3534,.F.);
#5135=ORIENTED_EDGE('',*,*,#3810,.F.);
#5136=ORIENTED_EDGE('',*,*,#3811,.T.);
#5137=ORIENTED_EDGE('',*,*,#3478,.F.);
#5138=ORIENTED_EDGE('',*,*,#3812,.F.);
#5139=ORIENTED_EDGE('',*,*,#3506,.F.);
#5140=ORIENTED_EDGE('',*,*,#3813,.T.);
#5141=ORIENTED_EDGE('',*,*,#3479,.F.);
#5142=ORIENTED_EDGE('',*,*,#3811,.F.);
#5143=ORIENTED_EDGE('',*,*,#3505,.F.);
#5144=ORIENTED_EDGE('',*,*,#3814,.T.);
#5145=ORIENTED_EDGE('',*,*,#3480,.F.);
#5146=ORIENTED_EDGE('',*,*,#3813,.F.);
#5147=ORIENTED_EDGE('',*,*,#3508,.F.);
#5148=ORIENTED_EDGE('',*,*,#3812,.T.);
#5149=ORIENTED_EDGE('',*,*,#3477,.F.);
#5150=ORIENTED_EDGE('',*,*,#3814,.F.);
#5151=ORIENTED_EDGE('',*,*,#3507,.F.);
#5152=ORIENTED_EDGE('',*,*,#3815,.T.);
#5153=ORIENTED_EDGE('',*,*,#3523,.F.);
#5154=ORIENTED_EDGE('',*,*,#3816,.F.);
#5155=ORIENTED_EDGE('',*,*,#3492,.F.);
#5156=ORIENTED_EDGE('',*,*,#3817,.T.);
#5157=ORIENTED_EDGE('',*,*,#3524,.F.);
#5158=ORIENTED_EDGE('',*,*,#3815,.F.);
#5159=ORIENTED_EDGE('',*,*,#3491,.F.);
#5160=ORIENTED_EDGE('',*,*,#3818,.T.);
#5161=ORIENTED_EDGE('',*,*,#3525,.F.);
#5162=ORIENTED_EDGE('',*,*,#3817,.F.);
#5163=ORIENTED_EDGE('',*,*,#3494,.F.);
#5164=ORIENTED_EDGE('',*,*,#3816,.T.);
#5165=ORIENTED_EDGE('',*,*,#3522,.F.);
#5166=ORIENTED_EDGE('',*,*,#3818,.F.);
#5167=ORIENTED_EDGE('',*,*,#3493,.F.);
#5168=ORIENTED_EDGE('',*,*,#3819,.T.);
#5169=ORIENTED_EDGE('',*,*,#3820,.T.);
#5170=ORIENTED_EDGE('',*,*,#3769,.F.);
#5171=ORIENTED_EDGE('',*,*,#3496,.F.);
#5172=ORIENTED_EDGE('',*,*,#3821,.T.);
#5173=ORIENTED_EDGE('',*,*,#3464,.T.);
#5174=ORIENTED_EDGE('',*,*,#3819,.F.);
#5175=ORIENTED_EDGE('',*,*,#3822,.T.);
#5176=ORIENTED_EDGE('',*,*,#3822,.F.);
#5177=ORIENTED_EDGE('',*,*,#3821,.F.);
#5178=ORIENTED_EDGE('',*,*,#3495,.F.);
#5179=ORIENTED_EDGE('',*,*,#3465,.F.);
#5180=ORIENTED_EDGE('',*,*,#3823,.T.);
#5181=ORIENTED_EDGE('',*,*,#3461,.F.);
#5182=ORIENTED_EDGE('',*,*,#3820,.F.);
#5183=ORIENTED_EDGE('',*,*,#3455,.F.);
#5184=ORIENTED_EDGE('',*,*,#3457,.T.);
#5185=ORIENTED_EDGE('',*,*,#3462,.F.);
#5186=ORIENTED_EDGE('',*,*,#3823,.F.);
#5187=ORIENTED_EDGE('',*,*,#3454,.F.);
#5188=ORIENTED_EDGE('',*,*,#3421,.F.);
#5189=ORIENTED_EDGE('',*,*,#3802,.T.);
#5190=ORIENTED_EDGE('',*,*,#3824,.T.);
#5191=ORIENTED_EDGE('',*,*,#3685,.F.);
#5192=ORIENTED_EDGE('',*,*,#3724,.F.);
#5193=ORIENTED_EDGE('',*,*,#3687,.F.);
#5194=ORIENTED_EDGE('',*,*,#3825,.F.);
#5195=ORIENTED_EDGE('',*,*,#3800,.T.);
#5196=ORIENTED_EDGE('',*,*,#3824,.F.);
#5197=ORIENTED_EDGE('',*,*,#3801,.T.);
#5198=ORIENTED_EDGE('',*,*,#3825,.T.);
#5199=ORIENTED_EDGE('',*,*,#3686,.F.);
#5200=ORIENTED_EDGE('',*,*,#3826,.T.);
#5201=ORIENTED_EDGE('',*,*,#3827,.T.);
#5202=ORIENTED_EDGE('',*,*,#3828,.F.);
#5203=ORIENTED_EDGE('',*,*,#3681,.F.);
#5204=ORIENTED_EDGE('',*,*,#3829,.F.);
#5205=ORIENTED_EDGE('',*,*,#3830,.T.);
#5206=ORIENTED_EDGE('',*,*,#3831,.T.);
#5207=ORIENTED_EDGE('',*,*,#3832,.T.);
#5208=ORIENTED_EDGE('',*,*,#3833,.T.);
#5209=ORIENTED_EDGE('',*,*,#3834,.T.);
#5210=ORIENTED_EDGE('',*,*,#3835,.F.);
#5211=ORIENTED_EDGE('',*,*,#3836,.T.);
#5212=ORIENTED_EDGE('',*,*,#3837,.F.);
#5213=ORIENTED_EDGE('',*,*,#3838,.T.);
#5214=ORIENTED_EDGE('',*,*,#3839,.T.);
#5215=ORIENTED_EDGE('',*,*,#3840,.T.);
#5216=ORIENTED_EDGE('',*,*,#3841,.F.);
#5217=ORIENTED_EDGE('',*,*,#3842,.T.);
#5218=ORIENTED_EDGE('',*,*,#3843,.T.);
#5219=ORIENTED_EDGE('',*,*,#3844,.T.);
#5220=ORIENTED_EDGE('',*,*,#3845,.F.);
#5221=ORIENTED_EDGE('',*,*,#3846,.T.);
#5222=ORIENTED_EDGE('',*,*,#3847,.T.);
#5223=ORIENTED_EDGE('',*,*,#3848,.T.);
#5224=ORIENTED_EDGE('',*,*,#3839,.F.);
#5225=ORIENTED_EDGE('',*,*,#3849,.T.);
#5226=ORIENTED_EDGE('',*,*,#3833,.F.);
#5227=ORIENTED_EDGE('',*,*,#3850,.T.);
#5228=ORIENTED_EDGE('',*,*,#3831,.F.);
#5229=ORIENTED_EDGE('',*,*,#3851,.T.);
#5230=ORIENTED_EDGE('',*,*,#3826,.F.);
#5231=ORIENTED_EDGE('',*,*,#3684,.F.);
#5232=ORIENTED_EDGE('',*,*,#3852,.T.);
#5233=ORIENTED_EDGE('',*,*,#3847,.F.);
#5234=ORIENTED_EDGE('',*,*,#3853,.T.);
#5235=ORIENTED_EDGE('',*,*,#3843,.F.);
#5236=ORIENTED_EDGE('',*,*,#3854,.T.);
#5237=ORIENTED_EDGE('',*,*,#3835,.T.);
#5238=ORIENTED_EDGE('',*,*,#3855,.T.);
#5239=ORIENTED_EDGE('',*,*,#3837,.T.);
#5240=ORIENTED_EDGE('',*,*,#3856,.T.);
#5241=ORIENTED_EDGE('',*,*,#3841,.T.);
#5242=ORIENTED_EDGE('',*,*,#3857,.T.);
#5243=ORIENTED_EDGE('',*,*,#3845,.T.);
#5244=ORIENTED_EDGE('',*,*,#3858,.T.);
#5245=ORIENTED_EDGE('',*,*,#3682,.T.);
#5246=ORIENTED_EDGE('',*,*,#3828,.T.);
#5247=ORIENTED_EDGE('',*,*,#3859,.T.);
#5248=ORIENTED_EDGE('',*,*,#3829,.T.);
#5249=ORIENTED_EDGE('',*,*,#3860,.T.);
#5250=ORIENTED_EDGE('',*,*,#3850,.F.);
#5251=ORIENTED_EDGE('',*,*,#3836,.F.);
#5252=ORIENTED_EDGE('',*,*,#3860,.F.);
#5253=ORIENTED_EDGE('',*,*,#3832,.F.);
#5254=ORIENTED_EDGE('',*,*,#3852,.F.);
#5255=ORIENTED_EDGE('',*,*,#3683,.F.);
#5256=ORIENTED_EDGE('',*,*,#3858,.F.);
#5257=ORIENTED_EDGE('',*,*,#3848,.F.);
#5258=ORIENTED_EDGE('',*,*,#3853,.F.);
#5259=ORIENTED_EDGE('',*,*,#3846,.F.);
#5260=ORIENTED_EDGE('',*,*,#3857,.F.);
#5261=ORIENTED_EDGE('',*,*,#3844,.F.);
#5262=ORIENTED_EDGE('',*,*,#3854,.F.);
#5263=ORIENTED_EDGE('',*,*,#3842,.F.);
#5264=ORIENTED_EDGE('',*,*,#3856,.F.);
#5265=ORIENTED_EDGE('',*,*,#3840,.F.);
#5266=ORIENTED_EDGE('',*,*,#3851,.F.);
#5267=ORIENTED_EDGE('',*,*,#3830,.F.);
#5268=ORIENTED_EDGE('',*,*,#3859,.F.);
#5269=ORIENTED_EDGE('',*,*,#3827,.F.);
#5270=ORIENTED_EDGE('',*,*,#3849,.F.);
#5271=ORIENTED_EDGE('',*,*,#3838,.F.);
#5272=ORIENTED_EDGE('',*,*,#3855,.F.);
#5273=ORIENTED_EDGE('',*,*,#3834,.F.);
#5274=ORIENTED_EDGE('',*,*,#3550,.T.);
#5275=ORIENTED_EDGE('',*,*,#3861,.F.);
#5276=ORIENTED_EDGE('',*,*,#3862,.F.);
#5277=ORIENTED_EDGE('',*,*,#3863,.T.);
#5278=ORIENTED_EDGE('',*,*,#3554,.T.);
#5279=ORIENTED_EDGE('',*,*,#3864,.F.);
#5280=ORIENTED_EDGE('',*,*,#3865,.F.);
#5281=ORIENTED_EDGE('',*,*,#3861,.T.);
#5282=ORIENTED_EDGE('',*,*,#3553,.T.);
#5283=ORIENTED_EDGE('',*,*,#3866,.F.);
#5284=ORIENTED_EDGE('',*,*,#3867,.F.);
#5285=ORIENTED_EDGE('',*,*,#3864,.T.);
#5286=ORIENTED_EDGE('',*,*,#3552,.T.);
#5287=ORIENTED_EDGE('',*,*,#3868,.F.);
#5288=ORIENTED_EDGE('',*,*,#3869,.F.);
#5289=ORIENTED_EDGE('',*,*,#3866,.T.);
#5290=ORIENTED_EDGE('',*,*,#3551,.T.);
#5291=ORIENTED_EDGE('',*,*,#3863,.F.);
#5292=ORIENTED_EDGE('',*,*,#3870,.F.);
#5293=ORIENTED_EDGE('',*,*,#3868,.T.);
#5294=ORIENTED_EDGE('',*,*,#3862,.T.);
#5295=ORIENTED_EDGE('',*,*,#3865,.T.);
#5296=ORIENTED_EDGE('',*,*,#3867,.T.);
#5297=ORIENTED_EDGE('',*,*,#3869,.T.);
#5298=ORIENTED_EDGE('',*,*,#3870,.T.);
#5299=ORIENTED_EDGE('',*,*,#3805,.F.);
#5300=ORIENTED_EDGE('',*,*,#3558,.F.);
#5301=ORIENTED_EDGE('',*,*,#3692,.F.);
#5302=ORIENTED_EDGE('',*,*,#3484,.F.);
#5303=ORIENTED_EDGE('',*,*,#3669,.F.);
#5304=ORIENTED_EDGE('',*,*,#3601,.F.);
#5305=ORIENTED_EDGE('',*,*,#3502,.F.);
#5306=ORIENTED_EDGE('',*,*,#3670,.F.);
#5307=ORIENTED_EDGE('',*,*,#3470,.F.);
#5308=ORIENTED_EDGE('',*,*,#3674,.F.);
#5309=ORIENTED_EDGE('',*,*,#3678,.F.);
#5310=ORIENTED_EDGE('',*,*,#3689,.F.);
#5311=ORIENTED_EDGE('',*,*,#3727,.F.);
#5312=ORIENTED_EDGE('',*,*,#3871,.T.);
#5313=ORIENTED_EDGE('',*,*,#3872,.T.);
#5314=ORIENTED_EDGE('',*,*,#3873,.T.);
#5315=ORIENTED_EDGE('',*,*,#3874,.T.);
#5316=ORIENTED_EDGE('',*,*,#3875,.F.);
#5317=ORIENTED_EDGE('',*,*,#3876,.T.);
#5318=ORIENTED_EDGE('',*,*,#3877,.T.);
#5319=ORIENTED_EDGE('',*,*,#3878,.T.);
#5320=ORIENTED_EDGE('',*,*,#3879,.F.);
#5321=ORIENTED_EDGE('',*,*,#3880,.T.);
#5322=ORIENTED_EDGE('',*,*,#3881,.T.);
#5323=ORIENTED_EDGE('',*,*,#3872,.F.);
#5324=ORIENTED_EDGE('',*,*,#3882,.T.);
#5325=ORIENTED_EDGE('',*,*,#3883,.T.);
#5326=ORIENTED_EDGE('',*,*,#3884,.T.);
#5327=ORIENTED_EDGE('',*,*,#3885,.T.);
#5328=ORIENTED_EDGE('',*,*,#3877,.F.);
#5329=ORIENTED_EDGE('',*,*,#3886,.T.);
#5330=ORIENTED_EDGE('',*,*,#3883,.F.);
#5331=ORIENTED_EDGE('',*,*,#3887,.T.);
#5332=ORIENTED_EDGE('',*,*,#3885,.F.);
#5333=ORIENTED_EDGE('',*,*,#3888,.T.);
#5334=ORIENTED_EDGE('',*,*,#3873,.F.);
#5335=ORIENTED_EDGE('',*,*,#3881,.F.);
#5336=ORIENTED_EDGE('',*,*,#3889,.T.);
#5337=ORIENTED_EDGE('',*,*,#3890,.T.);
#5338=ORIENTED_EDGE('',*,*,#3891,.T.);
#5339=ORIENTED_EDGE('',*,*,#3892,.T.);
#5340=ORIENTED_EDGE('',*,*,#3893,.F.);
#5341=ORIENTED_EDGE('',*,*,#3892,.F.);
#5342=ORIENTED_EDGE('',*,*,#3894,.T.);
#5343=ORIENTED_EDGE('',*,*,#3893,.T.);
#5344=ORIENTED_EDGE('',*,*,#3894,.F.);
#5345=ORIENTED_EDGE('',*,*,#3895,.T.);
#5346=ORIENTED_EDGE('',*,*,#3871,.F.);
#5347=ORIENTED_EDGE('',*,*,#3895,.F.);
#5348=ORIENTED_EDGE('',*,*,#3896,.T.);
#5349=ORIENTED_EDGE('',*,*,#3878,.F.);
#5350=ORIENTED_EDGE('',*,*,#3887,.F.);
#5351=ORIENTED_EDGE('',*,*,#3882,.F.);
#5352=ORIENTED_EDGE('',*,*,#3886,.F.);
#5353=ORIENTED_EDGE('',*,*,#3876,.F.);
#5354=ORIENTED_EDGE('',*,*,#3888,.F.);
#5355=ORIENTED_EDGE('',*,*,#3884,.F.);
#5356=ORIENTED_EDGE('',*,*,#3889,.F.);
#5357=ORIENTED_EDGE('',*,*,#3880,.F.);
#5358=ORIENTED_EDGE('',*,*,#3897,.T.);
#5359=ORIENTED_EDGE('',*,*,#3874,.F.);
#5360=ORIENTED_EDGE('',*,*,#3875,.T.);
#5361=ORIENTED_EDGE('',*,*,#3897,.F.);
#5362=ORIENTED_EDGE('',*,*,#3879,.T.);
#5363=ORIENTED_EDGE('',*,*,#3896,.F.);
#5364=ORIENTED_EDGE('',*,*,#3898,.T.);
#5365=ORIENTED_EDGE('',*,*,#3899,.T.);
#5366=ORIENTED_EDGE('',*,*,#3900,.F.);
#5367=ORIENTED_EDGE('',*,*,#3899,.F.);
#5368=ORIENTED_EDGE('',*,*,#3901,.T.);
#5369=ORIENTED_EDGE('',*,*,#3900,.T.);
#5370=ORIENTED_EDGE('',*,*,#3898,.F.);
#5371=ORIENTED_EDGE('',*,*,#3890,.F.);
#5372=ORIENTED_EDGE('',*,*,#3891,.F.);
#5373=ORIENTED_EDGE('',*,*,#3902,.T.);
#5374=ORIENTED_EDGE('',*,*,#3901,.F.);
#5375=ORIENTED_EDGE('',*,*,#3902,.F.);
#5376=ORIENTED_EDGE('',*,*,#3903,.T.);
#5377=ORIENTED_EDGE('',*,*,#3904,.F.);
#5378=ORIENTED_EDGE('',*,*,#3905,.F.);
#5379=ORIENTED_EDGE('',*,*,#3906,.T.);
#5380=ORIENTED_EDGE('',*,*,#3907,.T.);
#5381=ORIENTED_EDGE('',*,*,#3908,.T.);
#5382=ORIENTED_EDGE('',*,*,#3909,.T.);
#5383=ORIENTED_EDGE('',*,*,#3910,.F.);
#5384=ORIENTED_EDGE('',*,*,#3911,.T.);
#5385=ORIENTED_EDGE('',*,*,#3912,.T.);
#5386=ORIENTED_EDGE('',*,*,#3913,.F.);
#5387=ORIENTED_EDGE('',*,*,#3914,.F.);
#5388=ORIENTED_EDGE('',*,*,#3915,.T.);
#5389=ORIENTED_EDGE('',*,*,#3912,.F.);
#5390=ORIENTED_EDGE('',*,*,#3916,.T.);
#5391=ORIENTED_EDGE('',*,*,#3917,.T.);
#5392=ORIENTED_EDGE('',*,*,#3918,.F.);
#5393=ORIENTED_EDGE('',*,*,#3919,.T.);
#5394=ORIENTED_EDGE('',*,*,#3920,.T.);
#5395=ORIENTED_EDGE('',*,*,#3921,.T.);
#5396=ORIENTED_EDGE('',*,*,#3908,.F.);
#5397=ORIENTED_EDGE('',*,*,#3922,.T.);
#5398=ORIENTED_EDGE('',*,*,#3917,.F.);
#5399=ORIENTED_EDGE('',*,*,#3923,.T.);
#5400=ORIENTED_EDGE('',*,*,#3924,.F.);
#5401=ORIENTED_EDGE('',*,*,#3925,.T.);
#5402=ORIENTED_EDGE('',*,*,#3919,.F.);
#5403=ORIENTED_EDGE('',*,*,#3926,.T.);
#5404=ORIENTED_EDGE('',*,*,#3927,.T.);
#5405=ORIENTED_EDGE('',*,*,#3928,.F.);
#5406=ORIENTED_EDGE('',*,*,#3929,.T.);
#5407=ORIENTED_EDGE('',*,*,#3930,.F.);
#5408=ORIENTED_EDGE('',*,*,#3931,.F.);
#5409=ORIENTED_EDGE('',*,*,#3904,.T.);
#5410=ORIENTED_EDGE('',*,*,#3913,.T.);
#5411=ORIENTED_EDGE('',*,*,#3918,.T.);
#5412=ORIENTED_EDGE('',*,*,#3928,.T.);
#5413=ORIENTED_EDGE('',*,*,#3932,.T.);
#5414=ORIENTED_EDGE('',*,*,#3933,.T.);
#5415=ORIENTED_EDGE('',*,*,#3906,.F.);
#5416=ORIENTED_EDGE('',*,*,#3934,.F.);
#5417=ORIENTED_EDGE('',*,*,#3935,.T.);
#5418=ORIENTED_EDGE('',*,*,#3915,.F.);
#5419=ORIENTED_EDGE('',*,*,#3936,.F.);
#5420=ORIENTED_EDGE('',*,*,#3926,.F.);
#5421=ORIENTED_EDGE('',*,*,#3922,.F.);
#5422=ORIENTED_EDGE('',*,*,#3937,.T.);
#5423=ORIENTED_EDGE('',*,*,#3935,.F.);
#5424=ORIENTED_EDGE('',*,*,#3938,.F.);
#5425=ORIENTED_EDGE('',*,*,#3930,.T.);
#5426=ORIENTED_EDGE('',*,*,#3931,.T.);
#5427=ORIENTED_EDGE('',*,*,#3938,.T.);
#5428=ORIENTED_EDGE('',*,*,#3934,.T.);
#5429=ORIENTED_EDGE('',*,*,#3905,.T.);
#5430=ORIENTED_EDGE('',*,*,#3929,.F.);
#5431=ORIENTED_EDGE('',*,*,#3903,.F.);
#5432=ORIENTED_EDGE('',*,*,#3933,.F.);
#5433=ORIENTED_EDGE('',*,*,#3937,.F.);
#5434=ORIENTED_EDGE('',*,*,#3936,.T.);
#5435=ORIENTED_EDGE('',*,*,#3914,.T.);
#5436=ORIENTED_EDGE('',*,*,#3932,.F.);
#5437=ORIENTED_EDGE('',*,*,#3927,.F.);
#5438=ORIENTED_EDGE('',*,*,#3910,.T.);
#5439=ORIENTED_EDGE('',*,*,#3939,.F.);
#5440=ORIENTED_EDGE('',*,*,#3939,.T.);
#5441=ORIENTED_EDGE('',*,*,#3909,.F.);
#5442=ORIENTED_EDGE('',*,*,#3921,.F.);
#5443=ORIENTED_EDGE('',*,*,#3940,.T.);
#5444=ORIENTED_EDGE('',*,*,#3907,.F.);
#5445=ORIENTED_EDGE('',*,*,#3940,.F.);
#5446=ORIENTED_EDGE('',*,*,#3920,.F.);
#5447=ORIENTED_EDGE('',*,*,#3925,.F.);
#5448=ORIENTED_EDGE('',*,*,#3941,.T.);
#5449=ORIENTED_EDGE('',*,*,#3923,.F.);
#5450=ORIENTED_EDGE('',*,*,#3916,.F.);
#5451=ORIENTED_EDGE('',*,*,#3911,.F.);
#5452=ORIENTED_EDGE('',*,*,#3924,.T.);
#5453=ORIENTED_EDGE('',*,*,#3941,.F.);
#5454=ORIENTED_EDGE('',*,*,#3942,.F.);
#5455=ORIENTED_EDGE('',*,*,#3943,.T.);
#5456=ORIENTED_EDGE('',*,*,#3944,.F.);
#5457=ORIENTED_EDGE('',*,*,#3945,.T.);
#5458=ORIENTED_EDGE('',*,*,#3946,.F.);
#5459=ORIENTED_EDGE('',*,*,#3947,.T.);
#5460=ORIENTED_EDGE('',*,*,#3945,.F.);
#5461=ORIENTED_EDGE('',*,*,#3948,.F.);
#5462=ORIENTED_EDGE('',*,*,#3949,.T.);
#5463=ORIENTED_EDGE('',*,*,#3950,.F.);
#5464=ORIENTED_EDGE('',*,*,#3949,.F.);
#5465=ORIENTED_EDGE('',*,*,#3951,.F.);
#5466=ORIENTED_EDGE('',*,*,#3952,.T.);
#5467=ORIENTED_EDGE('',*,*,#3953,.F.);
#5468=ORIENTED_EDGE('',*,*,#3952,.F.);
#5469=ORIENTED_EDGE('',*,*,#3954,.F.);
#5470=ORIENTED_EDGE('',*,*,#3955,.T.);
#5471=ORIENTED_EDGE('',*,*,#3956,.F.);
#5472=ORIENTED_EDGE('',*,*,#3957,.F.);
#5473=ORIENTED_EDGE('',*,*,#3958,.T.);
#5474=ORIENTED_EDGE('',*,*,#3959,.T.);
#5475=ORIENTED_EDGE('',*,*,#3960,.T.);
#5476=ORIENTED_EDGE('',*,*,#3961,.F.);
#5477=ORIENTED_EDGE('',*,*,#3962,.F.);
#5478=ORIENTED_EDGE('',*,*,#3963,.F.);
#5479=ORIENTED_EDGE('',*,*,#3962,.T.);
#5480=ORIENTED_EDGE('',*,*,#3964,.F.);
#5481=ORIENTED_EDGE('',*,*,#3965,.F.);
#5482=ORIENTED_EDGE('',*,*,#3966,.F.);
#5483=ORIENTED_EDGE('',*,*,#3965,.T.);
#5484=ORIENTED_EDGE('',*,*,#3967,.F.);
#5485=ORIENTED_EDGE('',*,*,#3968,.F.);
#5486=ORIENTED_EDGE('',*,*,#3969,.F.);
#5487=ORIENTED_EDGE('',*,*,#3968,.T.);
#5488=ORIENTED_EDGE('',*,*,#3970,.F.);
#5489=ORIENTED_EDGE('',*,*,#3971,.F.);
#5490=ORIENTED_EDGE('',*,*,#3972,.T.);
#5491=ORIENTED_EDGE('',*,*,#3973,.F.);
#5492=ORIENTED_EDGE('',*,*,#3974,.F.);
#5493=ORIENTED_EDGE('',*,*,#3975,.F.);
#5494=ORIENTED_EDGE('',*,*,#3976,.F.);
#5495=ORIENTED_EDGE('',*,*,#3977,.T.);
#5496=ORIENTED_EDGE('',*,*,#3978,.T.);
#5497=ORIENTED_EDGE('',*,*,#3979,.T.);
#5498=ORIENTED_EDGE('',*,*,#3980,.T.);
#5499=ORIENTED_EDGE('',*,*,#3981,.F.);
#5500=ORIENTED_EDGE('',*,*,#3982,.T.);
#5501=ORIENTED_EDGE('',*,*,#3983,.F.);
#5502=ORIENTED_EDGE('',*,*,#3982,.F.);
#5503=ORIENTED_EDGE('',*,*,#3984,.F.);
#5504=ORIENTED_EDGE('',*,*,#3985,.T.);
#5505=ORIENTED_EDGE('',*,*,#3986,.F.);
#5506=ORIENTED_EDGE('',*,*,#3985,.F.);
#5507=ORIENTED_EDGE('',*,*,#3987,.F.);
#5508=ORIENTED_EDGE('',*,*,#3988,.T.);
#5509=ORIENTED_EDGE('',*,*,#3989,.F.);
#5510=ORIENTED_EDGE('',*,*,#3988,.F.);
#5511=ORIENTED_EDGE('',*,*,#3990,.F.);
#5512=ORIENTED_EDGE('',*,*,#3991,.T.);
#5513=ORIENTED_EDGE('',*,*,#3992,.T.);
#5514=ORIENTED_EDGE('',*,*,#3993,.T.);
#5515=ORIENTED_EDGE('',*,*,#3994,.F.);
#5516=ORIENTED_EDGE('',*,*,#3995,.F.);
#5517=ORIENTED_EDGE('',*,*,#3996,.F.);
#5518=ORIENTED_EDGE('',*,*,#3997,.F.);
#5519=ORIENTED_EDGE('',*,*,#3998,.F.);
#5520=ORIENTED_EDGE('',*,*,#3999,.F.);
#5521=ORIENTED_EDGE('',*,*,#3998,.T.);
#5522=ORIENTED_EDGE('',*,*,#4000,.F.);
#5523=ORIENTED_EDGE('',*,*,#4001,.F.);
#5524=ORIENTED_EDGE('',*,*,#4002,.F.);
#5525=ORIENTED_EDGE('',*,*,#4001,.T.);
#5526=ORIENTED_EDGE('',*,*,#4003,.F.);
#5527=ORIENTED_EDGE('',*,*,#4004,.F.);
#5528=ORIENTED_EDGE('',*,*,#4005,.F.);
#5529=ORIENTED_EDGE('',*,*,#4004,.T.);
#5530=ORIENTED_EDGE('',*,*,#4006,.F.);
#5531=ORIENTED_EDGE('',*,*,#4007,.T.);
#5532=ORIENTED_EDGE('',*,*,#4008,.F.);
#5533=ORIENTED_EDGE('',*,*,#4009,.T.);
#5534=ORIENTED_EDGE('',*,*,#4010,.T.);
#5535=ORIENTED_EDGE('',*,*,#4011,.T.);
#5536=ORIENTED_EDGE('',*,*,#4012,.T.);
#5537=ORIENTED_EDGE('',*,*,#4013,.F.);
#5538=ORIENTED_EDGE('',*,*,#4014,.T.);
#5539=ORIENTED_EDGE('',*,*,#4015,.T.);
#5540=ORIENTED_EDGE('',*,*,#4016,.F.);
#5541=ORIENTED_EDGE('',*,*,#4017,.F.);
#5542=ORIENTED_EDGE('',*,*,#4018,.F.);
#5543=ORIENTED_EDGE('',*,*,#4019,.F.);
#5544=ORIENTED_EDGE('',*,*,#4020,.T.);
#5545=ORIENTED_EDGE('',*,*,#4021,.T.);
#5546=ORIENTED_EDGE('',*,*,#4022,.F.);
#5547=ORIENTED_EDGE('',*,*,#4023,.F.);
#5548=ORIENTED_EDGE('',*,*,#4024,.F.);
#5549=ORIENTED_EDGE('',*,*,#4025,.F.);
#5550=ORIENTED_EDGE('',*,*,#4026,.T.);
#5551=ORIENTED_EDGE('',*,*,#4027,.F.);
#5552=ORIENTED_EDGE('',*,*,#4028,.F.);
#5553=ORIENTED_EDGE('',*,*,#4029,.T.);
#5554=ORIENTED_EDGE('',*,*,#4030,.F.);
#5555=ORIENTED_EDGE('',*,*,#4031,.T.);
#5556=ORIENTED_EDGE('',*,*,#4032,.F.);
#5557=ORIENTED_EDGE('',*,*,#4033,.F.);
#5558=ORIENTED_EDGE('',*,*,#4034,.T.);
#5559=ORIENTED_EDGE('',*,*,#4035,.T.);
#5560=ORIENTED_EDGE('',*,*,#4036,.F.);
#5561=ORIENTED_EDGE('',*,*,#4037,.F.);
#5562=ORIENTED_EDGE('',*,*,#4025,.T.);
#5563=ORIENTED_EDGE('',*,*,#4038,.T.);
#5564=ORIENTED_EDGE('',*,*,#4016,.T.);
#5565=ORIENTED_EDGE('',*,*,#4039,.T.);
#5566=ORIENTED_EDGE('',*,*,#4040,.F.);
#5567=ORIENTED_EDGE('',*,*,#4027,.T.);
#5568=ORIENTED_EDGE('',*,*,#4041,.T.);
#5569=ORIENTED_EDGE('',*,*,#4042,.F.);
#5570=ORIENTED_EDGE('',*,*,#4043,.F.);
#5571=ORIENTED_EDGE('',*,*,#4044,.T.);
#5572=ORIENTED_EDGE('',*,*,#4045,.T.);
#5573=ORIENTED_EDGE('',*,*,#4046,.T.);
#5574=ORIENTED_EDGE('',*,*,#4047,.T.);
#5575=ORIENTED_EDGE('',*,*,#4048,.T.);
#5576=ORIENTED_EDGE('',*,*,#4049,.T.);
#5577=ORIENTED_EDGE('',*,*,#4050,.T.);
#5578=ORIENTED_EDGE('',*,*,#4051,.T.);
#5579=ORIENTED_EDGE('',*,*,#4052,.T.);
#5580=ORIENTED_EDGE('',*,*,#4053,.T.);
#5581=ORIENTED_EDGE('',*,*,#4054,.T.);
#5582=ORIENTED_EDGE('',*,*,#4014,.F.);
#5583=ORIENTED_EDGE('',*,*,#4055,.F.);
#5584=ORIENTED_EDGE('',*,*,#4056,.F.);
#5585=ORIENTED_EDGE('',*,*,#4057,.F.);
#5586=ORIENTED_EDGE('',*,*,#4058,.F.);
#5587=ORIENTED_EDGE('',*,*,#4059,.F.);
#5588=ORIENTED_EDGE('',*,*,#4060,.F.);
#5589=ORIENTED_EDGE('',*,*,#4061,.F.);
#5590=ORIENTED_EDGE('',*,*,#4062,.F.);
#5591=ORIENTED_EDGE('',*,*,#4063,.F.);
#5592=ORIENTED_EDGE('',*,*,#4064,.T.);
#5593=ORIENTED_EDGE('',*,*,#4065,.T.);
#5594=ORIENTED_EDGE('',*,*,#4066,.F.);
#5595=ORIENTED_EDGE('',*,*,#4067,.T.);
#5596=ORIENTED_EDGE('',*,*,#4068,.F.);
#5597=ORIENTED_EDGE('',*,*,#4069,.T.);
#5598=ORIENTED_EDGE('',*,*,#4070,.T.);
#5599=ORIENTED_EDGE('',*,*,#4071,.T.);
#5600=ORIENTED_EDGE('',*,*,#4072,.T.);
#5601=ORIENTED_EDGE('',*,*,#4073,.T.);
#5602=ORIENTED_EDGE('',*,*,#4074,.T.);
#5603=ORIENTED_EDGE('',*,*,#4075,.T.);
#5604=ORIENTED_EDGE('',*,*,#4076,.T.);
#5605=ORIENTED_EDGE('',*,*,#4077,.T.);
#5606=ORIENTED_EDGE('',*,*,#4078,.T.);
#5607=ORIENTED_EDGE('',*,*,#4079,.F.);
#5608=ORIENTED_EDGE('',*,*,#4080,.F.);
#5609=ORIENTED_EDGE('',*,*,#4081,.T.);
#5610=ORIENTED_EDGE('',*,*,#4082,.F.);
#5611=ORIENTED_EDGE('',*,*,#4083,.F.);
#5612=ORIENTED_EDGE('',*,*,#4084,.F.);
#5613=ORIENTED_EDGE('',*,*,#4085,.F.);
#5614=ORIENTED_EDGE('',*,*,#4086,.F.);
#5615=ORIENTED_EDGE('',*,*,#4087,.F.);
#5616=ORIENTED_EDGE('',*,*,#4088,.F.);
#5617=ORIENTED_EDGE('',*,*,#4089,.F.);
#5618=ORIENTED_EDGE('',*,*,#4057,.T.);
#5619=ORIENTED_EDGE('',*,*,#4090,.T.);
#5620=ORIENTED_EDGE('',*,*,#4077,.F.);
#5621=ORIENTED_EDGE('',*,*,#4091,.T.);
#5622=ORIENTED_EDGE('',*,*,#4092,.T.);
#5623=ORIENTED_EDGE('',*,*,#4093,.T.);
#5624=ORIENTED_EDGE('',*,*,#4094,.F.);
#5625=ORIENTED_EDGE('',*,*,#4095,.T.);
#5626=ORIENTED_EDGE('',*,*,#4045,.F.);
#5627=ORIENTED_EDGE('',*,*,#4096,.T.);
#5628=ORIENTED_EDGE('',*,*,#4092,.F.);
#5629=ORIENTED_EDGE('',*,*,#4097,.T.);
#5630=ORIENTED_EDGE('',*,*,#4068,.T.);
#5631=ORIENTED_EDGE('',*,*,#4098,.T.);
#5632=ORIENTED_EDGE('',*,*,#4046,.F.);
#5633=ORIENTED_EDGE('',*,*,#4098,.F.);
#5634=ORIENTED_EDGE('',*,*,#4089,.T.);
#5635=ORIENTED_EDGE('',*,*,#4099,.T.);
#5636=ORIENTED_EDGE('',*,*,#4047,.F.);
#5637=ORIENTED_EDGE('',*,*,#4099,.F.);
#5638=ORIENTED_EDGE('',*,*,#4088,.T.);
#5639=ORIENTED_EDGE('',*,*,#4100,.T.);
#5640=ORIENTED_EDGE('',*,*,#4048,.F.);
#5641=ORIENTED_EDGE('',*,*,#4100,.F.);
#5642=ORIENTED_EDGE('',*,*,#4087,.T.);
#5643=ORIENTED_EDGE('',*,*,#4101,.T.);
#5644=ORIENTED_EDGE('',*,*,#4049,.F.);
#5645=ORIENTED_EDGE('',*,*,#4101,.F.);
#5646=ORIENTED_EDGE('',*,*,#4086,.T.);
#5647=ORIENTED_EDGE('',*,*,#4102,.T.);
#5648=ORIENTED_EDGE('',*,*,#4050,.F.);
#5649=ORIENTED_EDGE('',*,*,#4102,.F.);
#5650=ORIENTED_EDGE('',*,*,#4085,.T.);
#5651=ORIENTED_EDGE('',*,*,#4103,.T.);
#5652=ORIENTED_EDGE('',*,*,#4051,.F.);
#5653=ORIENTED_EDGE('',*,*,#4103,.F.);
#5654=ORIENTED_EDGE('',*,*,#4084,.T.);
#5655=ORIENTED_EDGE('',*,*,#4104,.T.);
#5656=ORIENTED_EDGE('',*,*,#4105,.F.);
#5657=ORIENTED_EDGE('',*,*,#4052,.F.);
#5658=ORIENTED_EDGE('',*,*,#4104,.F.);
#5659=ORIENTED_EDGE('',*,*,#4083,.T.);
#5660=ORIENTED_EDGE('',*,*,#4094,.T.);
#5661=ORIENTED_EDGE('',*,*,#4106,.T.);
#5662=ORIENTED_EDGE('',*,*,#4043,.T.);
#5663=ORIENTED_EDGE('',*,*,#4107,.F.);
#5664=ORIENTED_EDGE('',*,*,#4070,.F.);
#5665=ORIENTED_EDGE('',*,*,#4108,.T.);
#5666=ORIENTED_EDGE('',*,*,#4063,.T.);
#5667=ORIENTED_EDGE('',*,*,#4109,.F.);
#5668=ORIENTED_EDGE('',*,*,#4071,.F.);
#5669=ORIENTED_EDGE('',*,*,#4107,.T.);
#5670=ORIENTED_EDGE('',*,*,#4062,.T.);
#5671=ORIENTED_EDGE('',*,*,#4110,.F.);
#5672=ORIENTED_EDGE('',*,*,#4072,.F.);
#5673=ORIENTED_EDGE('',*,*,#4109,.T.);
#5674=ORIENTED_EDGE('',*,*,#4061,.T.);
#5675=ORIENTED_EDGE('',*,*,#4111,.F.);
#5676=ORIENTED_EDGE('',*,*,#4073,.F.);
#5677=ORIENTED_EDGE('',*,*,#4110,.T.);
#5678=ORIENTED_EDGE('',*,*,#4060,.T.);
#5679=ORIENTED_EDGE('',*,*,#4112,.F.);
#5680=ORIENTED_EDGE('',*,*,#4074,.F.);
#5681=ORIENTED_EDGE('',*,*,#4111,.T.);
#5682=ORIENTED_EDGE('',*,*,#4059,.T.);
#5683=ORIENTED_EDGE('',*,*,#4113,.F.);
#5684=ORIENTED_EDGE('',*,*,#4075,.F.);
#5685=ORIENTED_EDGE('',*,*,#4112,.T.);
#5686=ORIENTED_EDGE('',*,*,#4058,.T.);
#5687=ORIENTED_EDGE('',*,*,#4091,.F.);
#5688=ORIENTED_EDGE('',*,*,#4076,.F.);
#5689=ORIENTED_EDGE('',*,*,#4113,.T.);
#5690=ORIENTED_EDGE('',*,*,#4055,.T.);
#5691=ORIENTED_EDGE('',*,*,#4114,.F.);
#5692=ORIENTED_EDGE('',*,*,#4040,.T.);
#5693=ORIENTED_EDGE('',*,*,#4115,.T.);
#5694=ORIENTED_EDGE('',*,*,#4066,.T.);
#5695=ORIENTED_EDGE('',*,*,#4116,.F.);
#5696=ORIENTED_EDGE('',*,*,#4117,.F.);
#5697=ORIENTED_EDGE('',*,*,#4118,.F.);
#5698=ORIENTED_EDGE('',*,*,#4079,.T.);
#5699=ORIENTED_EDGE('',*,*,#4119,.T.);
#5700=ORIENTED_EDGE('',*,*,#4081,.F.);
#5701=ORIENTED_EDGE('',*,*,#4120,.T.);
#5702=ORIENTED_EDGE('',*,*,#4121,.T.);
#5703=ORIENTED_EDGE('',*,*,#4122,.T.);
#5704=ORIENTED_EDGE('',*,*,#4064,.F.);
#5705=ORIENTED_EDGE('',*,*,#4123,.F.);
#5706=ORIENTED_EDGE('',*,*,#4041,.F.);
#5707=ORIENTED_EDGE('',*,*,#4124,.T.);
#5708=ORIENTED_EDGE('',*,*,#4054,.F.);
#5709=ORIENTED_EDGE('',*,*,#4125,.F.);
#5710=ORIENTED_EDGE('',*,*,#4123,.T.);
#5711=ORIENTED_EDGE('',*,*,#4067,.F.);
#5712=ORIENTED_EDGE('',*,*,#4115,.F.);
#5713=ORIENTED_EDGE('',*,*,#4042,.T.);
#5714=ORIENTED_EDGE('',*,*,#4090,.F.);
#5715=ORIENTED_EDGE('',*,*,#4056,.T.);
#5716=ORIENTED_EDGE('',*,*,#4119,.F.);
#5717=ORIENTED_EDGE('',*,*,#4078,.F.);
#5718=ORIENTED_EDGE('',*,*,#4105,.T.);
#5719=ORIENTED_EDGE('',*,*,#4082,.T.);
#5720=ORIENTED_EDGE('',*,*,#4125,.T.);
#5721=ORIENTED_EDGE('',*,*,#4053,.F.);
#5722=ORIENTED_EDGE('',*,*,#4116,.T.);
#5723=ORIENTED_EDGE('',*,*,#4065,.F.);
#5724=ORIENTED_EDGE('',*,*,#4122,.F.);
#5725=ORIENTED_EDGE('',*,*,#4126,.T.);
#5726=ORIENTED_EDGE('',*,*,#4117,.T.);
#5727=ORIENTED_EDGE('',*,*,#4126,.F.);
#5728=ORIENTED_EDGE('',*,*,#4121,.F.);
#5729=ORIENTED_EDGE('',*,*,#4127,.T.);
#5730=ORIENTED_EDGE('',*,*,#4118,.T.);
#5731=ORIENTED_EDGE('',*,*,#4127,.F.);
#5732=ORIENTED_EDGE('',*,*,#4120,.F.);
#5733=ORIENTED_EDGE('',*,*,#4080,.T.);
#5734=ORIENTED_EDGE('',*,*,#4128,.F.);
#5735=ORIENTED_EDGE('',*,*,#4029,.F.);
#5736=ORIENTED_EDGE('',*,*,#4129,.F.);
#5737=ORIENTED_EDGE('',*,*,#4012,.F.);
#5738=ORIENTED_EDGE('',*,*,#4026,.F.);
#5739=ORIENTED_EDGE('',*,*,#4039,.F.);
#5740=ORIENTED_EDGE('',*,*,#4015,.F.);
#5741=ORIENTED_EDGE('',*,*,#4124,.F.);
#5742=ORIENTED_EDGE('',*,*,#4028,.T.);
#5743=ORIENTED_EDGE('',*,*,#4114,.T.);
#5744=ORIENTED_EDGE('',*,*,#4013,.T.);
#5745=ORIENTED_EDGE('',*,*,#4129,.T.);
#5746=ORIENTED_EDGE('',*,*,#4033,.T.);
#5747=ORIENTED_EDGE('',*,*,#3996,.T.);
#5748=ORIENTED_EDGE('',*,*,#4018,.T.);
#5749=ORIENTED_EDGE('',*,*,#4130,.T.);
#5750=ORIENTED_EDGE('',*,*,#4023,.T.);
#5751=ORIENTED_EDGE('',*,*,#3971,.T.);
#5752=ORIENTED_EDGE('',*,*,#3975,.T.);
#5753=ORIENTED_EDGE('',*,*,#4131,.T.);
#5754=ORIENTED_EDGE('',*,*,#4132,.F.);
#5755=ORIENTED_EDGE('',*,*,#4010,.F.);
#5756=ORIENTED_EDGE('',*,*,#3980,.F.);
#5757=ORIENTED_EDGE('',*,*,#4031,.F.);
#5758=ORIENTED_EDGE('',*,*,#4133,.F.);
#5759=ORIENTED_EDGE('',*,*,#3977,.F.);
#5760=ORIENTED_EDGE('',*,*,#3955,.F.);
#5761=ORIENTED_EDGE('',*,*,#4021,.F.);
#5762=ORIENTED_EDGE('',*,*,#4038,.F.);
#5763=ORIENTED_EDGE('',*,*,#4024,.T.);
#5764=ORIENTED_EDGE('',*,*,#4130,.F.);
#5765=ORIENTED_EDGE('',*,*,#4017,.T.);
#5766=ORIENTED_EDGE('',*,*,#4128,.T.);
#5767=ORIENTED_EDGE('',*,*,#4011,.F.);
#5768=ORIENTED_EDGE('',*,*,#4132,.T.);
#5769=ORIENTED_EDGE('',*,*,#4020,.F.);
#5770=ORIENTED_EDGE('',*,*,#3972,.F.);
#5771=ORIENTED_EDGE('',*,*,#4134,.F.);
#5772=ORIENTED_EDGE('',*,*,#4036,.T.);
#5773=ORIENTED_EDGE('',*,*,#4135,.T.);
#5774=ORIENTED_EDGE('',*,*,#3974,.T.);
#5775=ORIENTED_EDGE('',*,*,#4136,.F.);
#5776=ORIENTED_EDGE('',*,*,#4034,.F.);
#5777=ORIENTED_EDGE('',*,*,#4131,.F.);
#5778=ORIENTED_EDGE('',*,*,#3973,.T.);
#5779=ORIENTED_EDGE('',*,*,#4135,.F.);
#5780=ORIENTED_EDGE('',*,*,#4035,.F.);
#5781=ORIENTED_EDGE('',*,*,#4136,.T.);
#5782=ORIENTED_EDGE('',*,*,#3978,.F.);
#5783=ORIENTED_EDGE('',*,*,#4133,.T.);
#5784=ORIENTED_EDGE('',*,*,#4030,.T.);
#5785=ORIENTED_EDGE('',*,*,#4137,.T.);
#5786=ORIENTED_EDGE('',*,*,#3979,.F.);
#5787=ORIENTED_EDGE('',*,*,#4137,.F.);
#5788=ORIENTED_EDGE('',*,*,#4037,.T.);
#5789=ORIENTED_EDGE('',*,*,#4134,.T.);
#5790=ORIENTED_EDGE('',*,*,#4138,.F.);
#5791=ORIENTED_EDGE('',*,*,#4139,.T.);
#5792=ORIENTED_EDGE('',*,*,#4140,.T.);
#5793=ORIENTED_EDGE('',*,*,#4141,.T.);
#5794=ORIENTED_EDGE('',*,*,#4142,.T.);
#5795=ORIENTED_EDGE('',*,*,#4143,.F.);
#5796=ORIENTED_EDGE('',*,*,#4144,.F.);
#5797=ORIENTED_EDGE('',*,*,#4145,.T.);
#5798=ORIENTED_EDGE('',*,*,#4146,.T.);
#5799=ORIENTED_EDGE('',*,*,#4147,.T.);
#5800=ORIENTED_EDGE('',*,*,#4148,.F.);
#5801=ORIENTED_EDGE('',*,*,#4149,.T.);
#5802=ORIENTED_EDGE('',*,*,#4150,.T.);
#5803=ORIENTED_EDGE('',*,*,#4151,.T.);
#5804=ORIENTED_EDGE('',*,*,#4152,.T.);
#5805=ORIENTED_EDGE('',*,*,#4153,.F.);
#5806=ORIENTED_EDGE('',*,*,#4154,.T.);
#5807=ORIENTED_EDGE('',*,*,#4155,.T.);
#5808=ORIENTED_EDGE('',*,*,#4138,.T.);
#5809=ORIENTED_EDGE('',*,*,#4156,.T.);
#5810=ORIENTED_EDGE('',*,*,#4150,.F.);
#5811=ORIENTED_EDGE('',*,*,#4157,.T.);
#5812=ORIENTED_EDGE('',*,*,#4158,.T.);
#5813=ORIENTED_EDGE('',*,*,#3992,.F.);
#5814=ORIENTED_EDGE('',*,*,#4143,.T.);
#5815=ORIENTED_EDGE('',*,*,#4159,.T.);
#5816=ORIENTED_EDGE('',*,*,#4144,.T.);
#5817=ORIENTED_EDGE('',*,*,#4160,.T.);
#5818=ORIENTED_EDGE('',*,*,#4151,.F.);
#5819=ORIENTED_EDGE('',*,*,#4156,.F.);
#5820=ORIENTED_EDGE('',*,*,#4140,.F.);
#5821=ORIENTED_EDGE('',*,*,#4161,.T.);
#5822=ORIENTED_EDGE('',*,*,#4162,.T.);
#5823=ORIENTED_EDGE('',*,*,#4008,.T.);
#5824=ORIENTED_EDGE('',*,*,#4163,.T.);
#5825=ORIENTED_EDGE('',*,*,#4164,.T.);
#5826=ORIENTED_EDGE('',*,*,#4148,.T.);
#5827=ORIENTED_EDGE('',*,*,#4165,.F.);
#5828=ORIENTED_EDGE('',*,*,#4146,.F.);
#5829=ORIENTED_EDGE('',*,*,#4166,.T.);
#5830=ORIENTED_EDGE('',*,*,#4141,.F.);
#5831=ORIENTED_EDGE('',*,*,#4165,.T.);
#5832=ORIENTED_EDGE('',*,*,#4153,.T.);
#5833=ORIENTED_EDGE('',*,*,#4167,.T.);
#5834=ORIENTED_EDGE('',*,*,#3994,.T.);
#5835=ORIENTED_EDGE('',*,*,#4168,.T.);
#5836=ORIENTED_EDGE('',*,*,#4006,.T.);
#5837=ORIENTED_EDGE('',*,*,#4003,.T.);
#5838=ORIENTED_EDGE('',*,*,#4000,.T.);
#5839=ORIENTED_EDGE('',*,*,#3997,.T.);
#5840=ORIENTED_EDGE('',*,*,#4032,.T.);
#5841=ORIENTED_EDGE('',*,*,#3983,.T.);
#5842=ORIENTED_EDGE('',*,*,#3986,.T.);
#5843=ORIENTED_EDGE('',*,*,#3989,.T.);
#5844=ORIENTED_EDGE('',*,*,#4005,.T.);
#5845=ORIENTED_EDGE('',*,*,#4169,.T.);
#5846=ORIENTED_EDGE('',*,*,#3990,.T.);
#5847=ORIENTED_EDGE('',*,*,#3987,.T.);
#5848=ORIENTED_EDGE('',*,*,#3984,.T.);
#5849=ORIENTED_EDGE('',*,*,#3981,.T.);
#5850=ORIENTED_EDGE('',*,*,#4019,.T.);
#5851=ORIENTED_EDGE('',*,*,#3995,.T.);
#5852=ORIENTED_EDGE('',*,*,#3999,.T.);
#5853=ORIENTED_EDGE('',*,*,#4002,.T.);
#5854=ORIENTED_EDGE('',*,*,#4162,.F.);
#5855=ORIENTED_EDGE('',*,*,#4170,.T.);
#5856=ORIENTED_EDGE('',*,*,#4154,.F.);
#5857=ORIENTED_EDGE('',*,*,#3991,.F.);
#5858=ORIENTED_EDGE('',*,*,#4169,.F.);
#5859=ORIENTED_EDGE('',*,*,#4009,.F.);
#5860=ORIENTED_EDGE('',*,*,#4158,.F.);
#5861=ORIENTED_EDGE('',*,*,#4171,.T.);
#5862=ORIENTED_EDGE('',*,*,#4163,.F.);
#5863=ORIENTED_EDGE('',*,*,#4007,.F.);
#5864=ORIENTED_EDGE('',*,*,#4168,.F.);
#5865=ORIENTED_EDGE('',*,*,#3993,.F.);
#5866=ORIENTED_EDGE('',*,*,#4161,.F.);
#5867=ORIENTED_EDGE('',*,*,#4139,.F.);
#5868=ORIENTED_EDGE('',*,*,#4155,.F.);
#5869=ORIENTED_EDGE('',*,*,#4170,.F.);
#5870=ORIENTED_EDGE('',*,*,#4157,.F.);
#5871=ORIENTED_EDGE('',*,*,#4149,.F.);
#5872=ORIENTED_EDGE('',*,*,#4164,.F.);
#5873=ORIENTED_EDGE('',*,*,#4171,.F.);
#5874=ORIENTED_EDGE('',*,*,#4166,.F.);
#5875=ORIENTED_EDGE('',*,*,#4145,.F.);
#5876=ORIENTED_EDGE('',*,*,#4159,.F.);
#5877=ORIENTED_EDGE('',*,*,#4142,.F.);
#5878=ORIENTED_EDGE('',*,*,#4167,.F.);
#5879=ORIENTED_EDGE('',*,*,#4152,.F.);
#5880=ORIENTED_EDGE('',*,*,#4160,.F.);
#5881=ORIENTED_EDGE('',*,*,#4147,.F.);
#5882=ORIENTED_EDGE('',*,*,#4172,.T.);
#5883=ORIENTED_EDGE('',*,*,#4173,.T.);
#5884=ORIENTED_EDGE('',*,*,#4174,.F.);
#5885=ORIENTED_EDGE('',*,*,#4175,.F.);
#5886=ORIENTED_EDGE('',*,*,#4176,.T.);
#5887=ORIENTED_EDGE('',*,*,#4177,.T.);
#5888=ORIENTED_EDGE('',*,*,#4178,.T.);
#5889=ORIENTED_EDGE('',*,*,#4179,.T.);
#5890=ORIENTED_EDGE('',*,*,#4180,.F.);
#5891=ORIENTED_EDGE('',*,*,#4181,.F.);
#5892=ORIENTED_EDGE('',*,*,#4182,.T.);
#5893=ORIENTED_EDGE('',*,*,#4183,.T.);
#5894=ORIENTED_EDGE('',*,*,#4184,.F.);
#5895=ORIENTED_EDGE('',*,*,#4185,.T.);
#5896=ORIENTED_EDGE('',*,*,#4186,.T.);
#5897=ORIENTED_EDGE('',*,*,#4187,.T.);
#5898=ORIENTED_EDGE('',*,*,#4186,.F.);
#5899=ORIENTED_EDGE('',*,*,#4188,.T.);
#5900=ORIENTED_EDGE('',*,*,#4175,.T.);
#5901=ORIENTED_EDGE('',*,*,#4189,.T.);
#5902=ORIENTED_EDGE('',*,*,#4183,.F.);
#5903=ORIENTED_EDGE('',*,*,#4190,.T.);
#5904=ORIENTED_EDGE('',*,*,#4174,.T.);
#5905=ORIENTED_EDGE('',*,*,#4191,.T.);
#5906=ORIENTED_EDGE('',*,*,#4192,.T.);
#5907=ORIENTED_EDGE('',*,*,#3942,.T.);
#5908=ORIENTED_EDGE('',*,*,#4193,.T.);
#5909=ORIENTED_EDGE('',*,*,#4194,.T.);
#5910=ORIENTED_EDGE('',*,*,#4178,.F.);
#5911=ORIENTED_EDGE('',*,*,#4189,.F.);
#5912=ORIENTED_EDGE('',*,*,#4177,.F.);
#5913=ORIENTED_EDGE('',*,*,#4195,.T.);
#5914=ORIENTED_EDGE('',*,*,#4184,.T.);
#5915=ORIENTED_EDGE('',*,*,#4196,.T.);
#5916=ORIENTED_EDGE('',*,*,#4181,.T.);
#5917=ORIENTED_EDGE('',*,*,#4197,.F.);
#5918=ORIENTED_EDGE('',*,*,#4198,.T.);
#5919=ORIENTED_EDGE('',*,*,#4199,.T.);
#5920=ORIENTED_EDGE('',*,*,#4172,.F.);
#5921=ORIENTED_EDGE('',*,*,#4197,.T.);
#5922=ORIENTED_EDGE('',*,*,#4180,.T.);
#5923=ORIENTED_EDGE('',*,*,#4200,.T.);
#5924=ORIENTED_EDGE('',*,*,#4201,.T.);
#5925=ORIENTED_EDGE('',*,*,#3959,.F.);
#5926=ORIENTED_EDGE('',*,*,#3961,.T.);
#5927=ORIENTED_EDGE('',*,*,#4202,.T.);
#5928=ORIENTED_EDGE('',*,*,#3946,.T.);
#5929=ORIENTED_EDGE('',*,*,#3950,.T.);
#5930=ORIENTED_EDGE('',*,*,#3953,.T.);
#5931=ORIENTED_EDGE('',*,*,#3956,.T.);
#5932=ORIENTED_EDGE('',*,*,#3976,.T.);
#5933=ORIENTED_EDGE('',*,*,#3970,.T.);
#5934=ORIENTED_EDGE('',*,*,#3967,.T.);
#5935=ORIENTED_EDGE('',*,*,#3964,.T.);
#5936=ORIENTED_EDGE('',*,*,#3944,.T.);
#5937=ORIENTED_EDGE('',*,*,#4203,.T.);
#5938=ORIENTED_EDGE('',*,*,#3957,.T.);
#5939=ORIENTED_EDGE('',*,*,#3963,.T.);
#5940=ORIENTED_EDGE('',*,*,#3966,.T.);
#5941=ORIENTED_EDGE('',*,*,#3969,.T.);
#5942=ORIENTED_EDGE('',*,*,#4022,.T.);
#5943=ORIENTED_EDGE('',*,*,#3954,.T.);
#5944=ORIENTED_EDGE('',*,*,#3951,.T.);
#5945=ORIENTED_EDGE('',*,*,#3948,.T.);
#5946=ORIENTED_EDGE('',*,*,#4192,.F.);
#5947=ORIENTED_EDGE('',*,*,#4204,.T.);
#5948=ORIENTED_EDGE('',*,*,#4198,.F.);
#5949=ORIENTED_EDGE('',*,*,#3958,.F.);
#5950=ORIENTED_EDGE('',*,*,#4203,.F.);
#5951=ORIENTED_EDGE('',*,*,#3943,.F.);
#5952=ORIENTED_EDGE('',*,*,#4201,.F.);
#5953=ORIENTED_EDGE('',*,*,#4205,.T.);
#5954=ORIENTED_EDGE('',*,*,#4193,.F.);
#5955=ORIENTED_EDGE('',*,*,#3947,.F.);
#5956=ORIENTED_EDGE('',*,*,#4202,.F.);
#5957=ORIENTED_EDGE('',*,*,#3960,.F.);
#5958=ORIENTED_EDGE('',*,*,#4191,.F.);
#5959=ORIENTED_EDGE('',*,*,#4173,.F.);
#5960=ORIENTED_EDGE('',*,*,#4199,.F.);
#5961=ORIENTED_EDGE('',*,*,#4204,.F.);
#5962=ORIENTED_EDGE('',*,*,#4200,.F.);
#5963=ORIENTED_EDGE('',*,*,#4179,.F.);
#5964=ORIENTED_EDGE('',*,*,#4194,.F.);
#5965=ORIENTED_EDGE('',*,*,#4205,.F.);
#5966=ORIENTED_EDGE('',*,*,#4195,.F.);
#5967=ORIENTED_EDGE('',*,*,#4176,.F.);
#5968=ORIENTED_EDGE('',*,*,#4188,.F.);
#5969=ORIENTED_EDGE('',*,*,#4185,.F.);
#5970=ORIENTED_EDGE('',*,*,#4196,.F.);
#5971=ORIENTED_EDGE('',*,*,#4187,.F.);
#5972=ORIENTED_EDGE('',*,*,#4190,.F.);
#5973=ORIENTED_EDGE('',*,*,#4182,.F.);
#5974=ORIENTED_EDGE('',*,*,#4106,.F.);
#5975=ORIENTED_EDGE('',*,*,#4093,.F.);
#5976=ORIENTED_EDGE('',*,*,#4096,.F.);
#5977=ORIENTED_EDGE('',*,*,#4044,.F.);
#5978=ORIENTED_EDGE('',*,*,#4108,.F.);
#5979=ORIENTED_EDGE('',*,*,#4069,.F.);
#5980=ORIENTED_EDGE('',*,*,#4097,.F.);
#5981=ORIENTED_EDGE('',*,*,#4095,.F.);
#5982=ORIENTED_EDGE('',*,*,#4206,.T.);
#5983=ORIENTED_EDGE('',*,*,#4207,.F.);
#5984=ORIENTED_EDGE('',*,*,#4208,.T.);
#5985=ORIENTED_EDGE('',*,*,#4209,.T.);
#5986=ORIENTED_EDGE('',*,*,#4210,.F.);
#5987=ORIENTED_EDGE('',*,*,#4211,.F.);
#5988=ORIENTED_EDGE('',*,*,#4212,.F.);
#5989=ORIENTED_EDGE('',*,*,#4213,.F.);
#5990=ORIENTED_EDGE('',*,*,#4214,.F.);
#5991=ORIENTED_EDGE('',*,*,#4215,.F.);
#5992=ORIENTED_EDGE('',*,*,#4216,.F.);
#5993=ORIENTED_EDGE('',*,*,#4217,.F.);
#5994=ORIENTED_EDGE('',*,*,#4218,.F.);
#5995=ORIENTED_EDGE('',*,*,#4219,.F.);
#5996=ORIENTED_EDGE('',*,*,#4220,.F.);
#5997=ORIENTED_EDGE('',*,*,#4221,.F.);
#5998=ORIENTED_EDGE('',*,*,#4222,.F.);
#5999=ORIENTED_EDGE('',*,*,#4223,.F.);
#6000=ORIENTED_EDGE('',*,*,#4224,.T.);
#6001=ORIENTED_EDGE('',*,*,#4225,.T.);
#6002=ORIENTED_EDGE('',*,*,#4226,.F.);
#6003=ORIENTED_EDGE('',*,*,#4227,.F.);
#6004=ORIENTED_EDGE('',*,*,#4228,.F.);
#6005=ORIENTED_EDGE('',*,*,#4229,.F.);
#6006=ORIENTED_EDGE('',*,*,#4230,.F.);
#6007=ORIENTED_EDGE('',*,*,#4231,.F.);
#6008=ORIENTED_EDGE('',*,*,#4232,.F.);
#6009=ORIENTED_EDGE('',*,*,#4233,.F.);
#6010=ORIENTED_EDGE('',*,*,#4234,.T.);
#6011=ORIENTED_EDGE('',*,*,#4235,.T.);
#6012=ORIENTED_EDGE('',*,*,#4236,.T.);
#6013=ORIENTED_EDGE('',*,*,#4237,.T.);
#6014=ORIENTED_EDGE('',*,*,#4238,.F.);
#6015=ORIENTED_EDGE('',*,*,#4239,.T.);
#6016=ORIENTED_EDGE('',*,*,#4240,.F.);
#6017=ORIENTED_EDGE('',*,*,#4241,.F.);
#6018=ORIENTED_EDGE('',*,*,#4242,.F.);
#6019=ORIENTED_EDGE('',*,*,#4243,.F.);
#6020=ORIENTED_EDGE('',*,*,#4244,.F.);
#6021=ORIENTED_EDGE('',*,*,#4245,.T.);
#6022=ORIENTED_EDGE('',*,*,#4246,.T.);
#6023=ORIENTED_EDGE('',*,*,#4247,.F.);
#6024=ORIENTED_EDGE('',*,*,#4248,.F.);
#6025=ORIENTED_EDGE('',*,*,#4249,.F.);
#6026=ORIENTED_EDGE('',*,*,#4244,.T.);
#6027=ORIENTED_EDGE('',*,*,#4250,.T.);
#6028=ORIENTED_EDGE('',*,*,#4251,.F.);
#6029=ORIENTED_EDGE('',*,*,#4252,.T.);
#6030=ORIENTED_EDGE('',*,*,#4253,.F.);
#6031=ORIENTED_EDGE('',*,*,#4254,.F.);
#6032=ORIENTED_EDGE('',*,*,#4248,.T.);
#6033=ORIENTED_EDGE('',*,*,#4255,.F.);
#6034=ORIENTED_EDGE('',*,*,#4256,.T.);
#6035=ORIENTED_EDGE('',*,*,#4257,.T.);
#6036=ORIENTED_EDGE('',*,*,#4258,.F.);
#6037=ORIENTED_EDGE('',*,*,#4211,.T.);
#6038=ORIENTED_EDGE('',*,*,#4259,.F.);
#6039=ORIENTED_EDGE('',*,*,#4225,.F.);
#6040=ORIENTED_EDGE('',*,*,#4260,.T.);
#6041=ORIENTED_EDGE('',*,*,#4207,.T.);
#6042=ORIENTED_EDGE('',*,*,#4261,.T.);
#6043=ORIENTED_EDGE('',*,*,#4251,.T.);
#6044=ORIENTED_EDGE('',*,*,#4262,.T.);
#6045=ORIENTED_EDGE('',*,*,#4263,.T.);
#6046=ORIENTED_EDGE('',*,*,#4264,.T.);
#6047=ORIENTED_EDGE('',*,*,#4253,.T.);
#6048=ORIENTED_EDGE('',*,*,#4265,.F.);
#6049=ORIENTED_EDGE('',*,*,#4266,.F.);
#6050=ORIENTED_EDGE('',*,*,#4267,.T.);
#6051=ORIENTED_EDGE('',*,*,#4268,.T.);
#6052=ORIENTED_EDGE('',*,*,#4269,.F.);
#6053=ORIENTED_EDGE('',*,*,#4270,.F.);
#6054=ORIENTED_EDGE('',*,*,#4271,.F.);
#6055=ORIENTED_EDGE('',*,*,#4272,.F.);
#6056=ORIENTED_EDGE('',*,*,#4273,.T.);
#6057=ORIENTED_EDGE('',*,*,#4274,.T.);
#6058=ORIENTED_EDGE('',*,*,#4275,.F.);
#6059=ORIENTED_EDGE('',*,*,#4276,.F.);
#6060=ORIENTED_EDGE('',*,*,#4277,.T.);
#6061=ORIENTED_EDGE('',*,*,#4278,.T.);
#6062=ORIENTED_EDGE('',*,*,#4279,.T.);
#6063=ORIENTED_EDGE('',*,*,#4280,.T.);
#6064=ORIENTED_EDGE('',*,*,#4281,.F.);
#6065=ORIENTED_EDGE('',*,*,#4282,.F.);
#6066=ORIENTED_EDGE('',*,*,#4283,.T.);
#6067=ORIENTED_EDGE('',*,*,#4284,.T.);
#6068=ORIENTED_EDGE('',*,*,#4285,.F.);
#6069=ORIENTED_EDGE('',*,*,#4286,.F.);
#6070=ORIENTED_EDGE('',*,*,#4287,.T.);
#6071=ORIENTED_EDGE('',*,*,#4288,.T.);
#6072=ORIENTED_EDGE('',*,*,#4289,.T.);
#6073=ORIENTED_EDGE('',*,*,#4290,.F.);
#6074=ORIENTED_EDGE('',*,*,#4291,.F.);
#6075=ORIENTED_EDGE('',*,*,#4209,.F.);
#6076=ORIENTED_EDGE('',*,*,#4292,.T.);
#6077=ORIENTED_EDGE('',*,*,#4293,.T.);
#6078=ORIENTED_EDGE('',*,*,#4294,.F.);
#6079=ORIENTED_EDGE('',*,*,#4237,.F.);
#6080=ORIENTED_EDGE('',*,*,#4295,.T.);
#6081=ORIENTED_EDGE('',*,*,#4241,.T.);
#6082=ORIENTED_EDGE('',*,*,#4296,.F.);
#6083=ORIENTED_EDGE('',*,*,#4297,.F.);
#6084=ORIENTED_EDGE('',*,*,#4298,.T.);
#6085=ORIENTED_EDGE('',*,*,#4299,.T.);
#6086=ORIENTED_EDGE('',*,*,#4300,.T.);
#6087=ORIENTED_EDGE('',*,*,#4301,.T.);
#6088=ORIENTED_EDGE('',*,*,#4302,.T.);
#6089=ORIENTED_EDGE('',*,*,#4276,.T.);
#6090=ORIENTED_EDGE('',*,*,#4303,.F.);
#6091=ORIENTED_EDGE('',*,*,#4304,.T.);
#6092=ORIENTED_EDGE('',*,*,#4305,.F.);
#6093=ORIENTED_EDGE('',*,*,#4278,.F.);
#6094=ORIENTED_EDGE('',*,*,#4306,.T.);
#6095=ORIENTED_EDGE('',*,*,#4307,.F.);
#6096=ORIENTED_EDGE('',*,*,#4308,.F.);
#6097=ORIENTED_EDGE('',*,*,#4309,.F.);
#6098=ORIENTED_EDGE('',*,*,#4310,.T.);
#6099=ORIENTED_EDGE('',*,*,#4311,.F.);
#6100=ORIENTED_EDGE('',*,*,#4312,.F.);
#6101=ORIENTED_EDGE('',*,*,#4313,.T.);
#6102=ORIENTED_EDGE('',*,*,#4290,.T.);
#6103=ORIENTED_EDGE('',*,*,#4314,.F.);
#6104=ORIENTED_EDGE('',*,*,#4306,.F.);
#6105=ORIENTED_EDGE('',*,*,#4315,.T.);
#6106=ORIENTED_EDGE('',*,*,#4310,.F.);
#6107=ORIENTED_EDGE('',*,*,#4316,.T.);
#6108=ORIENTED_EDGE('',*,*,#4286,.T.);
#6109=ORIENTED_EDGE('',*,*,#4317,.F.);
#6110=ORIENTED_EDGE('',*,*,#4318,.F.);
#6111=ORIENTED_EDGE('',*,*,#4293,.F.);
#6112=ORIENTED_EDGE('',*,*,#4319,.T.);
#6113=ORIENTED_EDGE('',*,*,#4223,.T.);
#6114=ORIENTED_EDGE('',*,*,#4319,.F.);
#6115=ORIENTED_EDGE('',*,*,#4292,.F.);
#6116=ORIENTED_EDGE('',*,*,#4208,.F.);
#6117=ORIENTED_EDGE('',*,*,#4260,.F.);
#6118=ORIENTED_EDGE('',*,*,#4224,.F.);
#6119=ORIENTED_EDGE('',*,*,#4318,.T.);
#6120=ORIENTED_EDGE('',*,*,#4222,.T.);
#6121=ORIENTED_EDGE('',*,*,#4259,.T.);
#6122=ORIENTED_EDGE('',*,*,#4210,.T.);
#6123=ORIENTED_EDGE('',*,*,#4291,.T.);
#6124=ORIENTED_EDGE('',*,*,#4320,.F.);
#6125=ORIENTED_EDGE('',*,*,#4257,.F.);
#6126=ORIENTED_EDGE('',*,*,#4321,.T.);
#6127=ORIENTED_EDGE('',*,*,#4322,.T.);
#6128=ORIENTED_EDGE('',*,*,#4323,.F.);
#6129=ORIENTED_EDGE('',*,*,#4322,.F.);
#6130=ORIENTED_EDGE('',*,*,#4324,.T.);
#6131=ORIENTED_EDGE('',*,*,#4325,.T.);
#6132=ORIENTED_EDGE('',*,*,#4326,.F.);
#6133=ORIENTED_EDGE('',*,*,#4325,.F.);
#6134=ORIENTED_EDGE('',*,*,#4327,.T.);
#6135=ORIENTED_EDGE('',*,*,#4213,.T.);
#6136=ORIENTED_EDGE('',*,*,#4256,.F.);
#6137=ORIENTED_EDGE('',*,*,#4206,.F.);
#6138=ORIENTED_EDGE('',*,*,#4327,.F.);
#6139=ORIENTED_EDGE('',*,*,#4324,.F.);
#6140=ORIENTED_EDGE('',*,*,#4321,.F.);
#6141=ORIENTED_EDGE('',*,*,#4258,.T.);
#6142=ORIENTED_EDGE('',*,*,#4320,.T.);
#6143=ORIENTED_EDGE('',*,*,#4323,.T.);
#6144=ORIENTED_EDGE('',*,*,#4326,.T.);
#6145=ORIENTED_EDGE('',*,*,#4212,.T.);
#6146=ORIENTED_EDGE('',*,*,#4328,.F.);
#6147=ORIENTED_EDGE('',*,*,#4329,.F.);
#6148=ORIENTED_EDGE('',*,*,#4330,.T.);
#6149=ORIENTED_EDGE('',*,*,#4312,.T.);
#6150=ORIENTED_EDGE('',*,*,#4331,.F.);
#6151=ORIENTED_EDGE('',*,*,#4284,.F.);
#6152=ORIENTED_EDGE('',*,*,#4332,.T.);
#6153=ORIENTED_EDGE('',*,*,#4329,.T.);
#6154=ORIENTED_EDGE('',*,*,#4330,.F.);
#6155=ORIENTED_EDGE('',*,*,#4332,.F.);
#6156=ORIENTED_EDGE('',*,*,#4283,.F.);
#6157=ORIENTED_EDGE('',*,*,#4315,.F.);
#6158=ORIENTED_EDGE('',*,*,#4313,.F.);
#6159=ORIENTED_EDGE('',*,*,#4328,.T.);
#6160=ORIENTED_EDGE('',*,*,#4311,.T.);
#6161=ORIENTED_EDGE('',*,*,#4317,.T.);
#6162=ORIENTED_EDGE('',*,*,#4285,.T.);
#6163=ORIENTED_EDGE('',*,*,#4331,.T.);
#6164=ORIENTED_EDGE('',*,*,#4333,.F.);
#6165=ORIENTED_EDGE('',*,*,#4334,.F.);
#6166=ORIENTED_EDGE('',*,*,#4335,.T.);
#6167=ORIENTED_EDGE('',*,*,#4282,.T.);
#6168=ORIENTED_EDGE('',*,*,#4336,.F.);
#6169=ORIENTED_EDGE('',*,*,#4280,.F.);
#6170=ORIENTED_EDGE('',*,*,#4337,.T.);
#6171=ORIENTED_EDGE('',*,*,#4338,.T.);
#6172=ORIENTED_EDGE('',*,*,#4339,.F.);
#6173=ORIENTED_EDGE('',*,*,#4338,.F.);
#6174=ORIENTED_EDGE('',*,*,#4340,.T.);
#6175=ORIENTED_EDGE('',*,*,#4334,.T.);
#6176=ORIENTED_EDGE('',*,*,#4335,.F.);
#6177=ORIENTED_EDGE('',*,*,#4340,.F.);
#6178=ORIENTED_EDGE('',*,*,#4337,.F.);
#6179=ORIENTED_EDGE('',*,*,#4279,.F.);
#6180=ORIENTED_EDGE('',*,*,#4333,.T.);
#6181=ORIENTED_EDGE('',*,*,#4281,.T.);
#6182=ORIENTED_EDGE('',*,*,#4336,.T.);
#6183=ORIENTED_EDGE('',*,*,#4339,.T.);
#6184=ORIENTED_EDGE('',*,*,#4305,.T.);
#6185=ORIENTED_EDGE('',*,*,#4341,.F.);
#6186=ORIENTED_EDGE('',*,*,#4300,.F.);
#6187=ORIENTED_EDGE('',*,*,#4275,.T.);
#6188=ORIENTED_EDGE('',*,*,#4342,.T.);
#6189=ORIENTED_EDGE('',*,*,#4298,.F.);
#6190=ORIENTED_EDGE('',*,*,#4343,.F.);
#6191=ORIENTED_EDGE('',*,*,#4341,.T.);
#6192=ORIENTED_EDGE('',*,*,#4344,.T.);
#6193=ORIENTED_EDGE('',*,*,#4345,.F.);
#6194=ORIENTED_EDGE('',*,*,#4346,.F.);
#6195=ORIENTED_EDGE('',*,*,#4296,.T.);
#6196=ORIENTED_EDGE('',*,*,#4303,.T.);
#6197=ORIENTED_EDGE('',*,*,#4277,.F.);
#6198=ORIENTED_EDGE('',*,*,#4302,.F.);
#6199=ORIENTED_EDGE('',*,*,#4345,.T.);
#6200=ORIENTED_EDGE('',*,*,#4301,.F.);
#6201=ORIENTED_EDGE('',*,*,#4343,.T.);
#6202=ORIENTED_EDGE('',*,*,#4297,.T.);
#6203=ORIENTED_EDGE('',*,*,#4346,.T.);
#6204=ORIENTED_EDGE('',*,*,#4304,.F.);
#6205=ORIENTED_EDGE('',*,*,#4344,.F.);
#6206=ORIENTED_EDGE('',*,*,#4299,.F.);
#6207=ORIENTED_EDGE('',*,*,#4342,.F.);
#6208=ORIENTED_EDGE('',*,*,#4347,.F.);
#6209=ORIENTED_EDGE('',*,*,#4307,.T.);
#6210=ORIENTED_EDGE('',*,*,#4314,.T.);
#6211=ORIENTED_EDGE('',*,*,#4289,.F.);
#6212=ORIENTED_EDGE('',*,*,#4348,.F.);
#6213=ORIENTED_EDGE('',*,*,#4308,.T.);
#6214=ORIENTED_EDGE('',*,*,#4347,.T.);
#6215=ORIENTED_EDGE('',*,*,#4288,.F.);
#6216=ORIENTED_EDGE('',*,*,#4316,.F.);
#6217=ORIENTED_EDGE('',*,*,#4309,.T.);
#6218=ORIENTED_EDGE('',*,*,#4348,.T.);
#6219=ORIENTED_EDGE('',*,*,#4287,.F.);
#6220=ORIENTED_EDGE('',*,*,#4231,.T.);
#6221=ORIENTED_EDGE('',*,*,#4349,.T.);
#6222=ORIENTED_EDGE('',*,*,#4350,.F.);
#6223=ORIENTED_EDGE('',*,*,#4351,.T.);
#6224=ORIENTED_EDGE('',*,*,#4352,.F.);
#6225=ORIENTED_EDGE('',*,*,#4353,.T.);
#6226=ORIENTED_EDGE('',*,*,#4233,.T.);
#6227=ORIENTED_EDGE('',*,*,#4354,.F.);
#6228=ORIENTED_EDGE('',*,*,#4232,.T.);
#6229=ORIENTED_EDGE('',*,*,#4351,.F.);
#6230=ORIENTED_EDGE('',*,*,#4355,.F.);
#6231=ORIENTED_EDGE('',*,*,#4354,.T.);
#6232=ORIENTED_EDGE('',*,*,#4350,.T.);
#6233=ORIENTED_EDGE('',*,*,#4356,.T.);
#6234=ORIENTED_EDGE('',*,*,#4352,.T.);
#6235=ORIENTED_EDGE('',*,*,#4355,.T.);
#6236=ORIENTED_EDGE('',*,*,#4357,.F.);
#6237=ORIENTED_EDGE('',*,*,#4358,.T.);
#6238=ORIENTED_EDGE('',*,*,#4219,.T.);
#6239=ORIENTED_EDGE('',*,*,#4359,.F.);
#6240=ORIENTED_EDGE('',*,*,#4218,.T.);
#6241=ORIENTED_EDGE('',*,*,#4360,.F.);
#6242=ORIENTED_EDGE('',*,*,#4361,.F.);
#6243=ORIENTED_EDGE('',*,*,#4359,.T.);
#6244=ORIENTED_EDGE('',*,*,#4221,.T.);
#6245=ORIENTED_EDGE('',*,*,#4362,.T.);
#6246=ORIENTED_EDGE('',*,*,#4363,.F.);
#6247=ORIENTED_EDGE('',*,*,#4360,.T.);
#6248=ORIENTED_EDGE('',*,*,#4363,.T.);
#6249=ORIENTED_EDGE('',*,*,#4364,.T.);
#6250=ORIENTED_EDGE('',*,*,#4357,.T.);
#6251=ORIENTED_EDGE('',*,*,#4361,.T.);
#6252=ORIENTED_EDGE('',*,*,#4362,.F.);
#6253=ORIENTED_EDGE('',*,*,#4220,.T.);
#6254=ORIENTED_EDGE('',*,*,#4358,.F.);
#6255=ORIENTED_EDGE('',*,*,#4364,.F.);
#6256=ORIENTED_EDGE('',*,*,#4349,.F.);
#6257=ORIENTED_EDGE('',*,*,#4230,.T.);
#6258=ORIENTED_EDGE('',*,*,#4353,.F.);
#6259=ORIENTED_EDGE('',*,*,#4356,.F.);
#6260=ORIENTED_EDGE('',*,*,#4365,.F.);
#6261=ORIENTED_EDGE('',*,*,#4246,.F.);
#6262=ORIENTED_EDGE('',*,*,#4366,.T.);
#6263=ORIENTED_EDGE('',*,*,#4367,.T.);
#6264=ORIENTED_EDGE('',*,*,#4368,.F.);
#6265=ORIENTED_EDGE('',*,*,#4367,.F.);
#6266=ORIENTED_EDGE('',*,*,#4369,.T.);
#6267=ORIENTED_EDGE('',*,*,#4266,.T.);
#6268=ORIENTED_EDGE('',*,*,#4245,.F.);
#6269=ORIENTED_EDGE('',*,*,#4252,.F.);
#6270=ORIENTED_EDGE('',*,*,#4261,.F.);
#6271=ORIENTED_EDGE('',*,*,#4369,.F.);
#6272=ORIENTED_EDGE('',*,*,#4366,.F.);
#6273=ORIENTED_EDGE('',*,*,#4247,.T.);
#6274=ORIENTED_EDGE('',*,*,#4365,.T.);
#6275=ORIENTED_EDGE('',*,*,#4368,.T.);
#6276=ORIENTED_EDGE('',*,*,#4265,.T.);
#6277=ORIENTED_EDGE('',*,*,#4255,.T.);
#6278=ORIENTED_EDGE('',*,*,#4370,.F.);
#6279=ORIENTED_EDGE('',*,*,#4268,.F.);
#6280=ORIENTED_EDGE('',*,*,#4371,.T.);
#6281=ORIENTED_EDGE('',*,*,#4372,.T.);
#6282=ORIENTED_EDGE('',*,*,#4373,.F.);
#6283=ORIENTED_EDGE('',*,*,#4372,.F.);
#6284=ORIENTED_EDGE('',*,*,#4374,.T.);
#6285=ORIENTED_EDGE('',*,*,#4375,.T.);
#6286=ORIENTED_EDGE('',*,*,#4376,.F.);
#6287=ORIENTED_EDGE('',*,*,#4375,.F.);
#6288=ORIENTED_EDGE('',*,*,#4377,.T.);
#6289=ORIENTED_EDGE('',*,*,#4270,.T.);
#6290=ORIENTED_EDGE('',*,*,#4267,.F.);
#6291=ORIENTED_EDGE('',*,*,#4377,.F.);
#6292=ORIENTED_EDGE('',*,*,#4374,.F.);
#6293=ORIENTED_EDGE('',*,*,#4371,.F.);
#6294=ORIENTED_EDGE('',*,*,#4269,.T.);
#6295=ORIENTED_EDGE('',*,*,#4370,.T.);
#6296=ORIENTED_EDGE('',*,*,#4373,.T.);
#6297=ORIENTED_EDGE('',*,*,#4376,.T.);
#6298=ORIENTED_EDGE('',*,*,#4378,.T.);
#6299=ORIENTED_EDGE('',*,*,#4273,.F.);
#6300=ORIENTED_EDGE('',*,*,#4379,.F.);
#6301=ORIENTED_EDGE('',*,*,#4380,.T.);
#6302=ORIENTED_EDGE('',*,*,#4381,.T.);
#6303=ORIENTED_EDGE('',*,*,#4382,.F.);
#6304=ORIENTED_EDGE('',*,*,#4383,.F.);
#6305=ORIENTED_EDGE('',*,*,#4271,.T.);
#6306=ORIENTED_EDGE('',*,*,#4238,.T.);
#6307=ORIENTED_EDGE('',*,*,#4295,.F.);
#6308=ORIENTED_EDGE('',*,*,#4236,.F.);
#6309=ORIENTED_EDGE('',*,*,#4382,.T.);
#6310=ORIENTED_EDGE('',*,*,#4240,.T.);
#6311=ORIENTED_EDGE('',*,*,#4380,.F.);
#6312=ORIENTED_EDGE('',*,*,#4234,.F.);
#6313=ORIENTED_EDGE('',*,*,#4294,.T.);
#6314=ORIENTED_EDGE('',*,*,#4235,.F.);
#6315=ORIENTED_EDGE('',*,*,#4379,.T.);
#6316=ORIENTED_EDGE('',*,*,#4272,.T.);
#6317=ORIENTED_EDGE('',*,*,#4383,.T.);
#6318=ORIENTED_EDGE('',*,*,#4239,.F.);
#6319=ORIENTED_EDGE('',*,*,#4381,.F.);
#6320=ORIENTED_EDGE('',*,*,#4274,.F.);
#6321=ORIENTED_EDGE('',*,*,#4378,.F.);
#6322=ORIENTED_EDGE('',*,*,#4250,.F.);
#6323=ORIENTED_EDGE('',*,*,#4243,.T.);
#6324=ORIENTED_EDGE('',*,*,#4384,.T.);
#6325=ORIENTED_EDGE('',*,*,#4262,.F.);
#6326=ORIENTED_EDGE('',*,*,#4385,.F.);
#6327=ORIENTED_EDGE('',*,*,#4249,.T.);
#6328=ORIENTED_EDGE('',*,*,#4254,.T.);
#6329=ORIENTED_EDGE('',*,*,#4264,.F.);
#6330=ORIENTED_EDGE('',*,*,#4384,.F.);
#6331=ORIENTED_EDGE('',*,*,#4242,.T.);
#6332=ORIENTED_EDGE('',*,*,#4385,.T.);
#6333=ORIENTED_EDGE('',*,*,#4263,.F.);
#6334=ORIENTED_EDGE('',*,*,#4386,.F.);
#6335=ORIENTED_EDGE('',*,*,#4387,.T.);
#6336=ORIENTED_EDGE('',*,*,#4226,.T.);
#6337=ORIENTED_EDGE('',*,*,#4388,.F.);
#6338=ORIENTED_EDGE('',*,*,#4229,.T.);
#6339=ORIENTED_EDGE('',*,*,#4389,.F.);
#6340=ORIENTED_EDGE('',*,*,#4390,.F.);
#6341=ORIENTED_EDGE('',*,*,#4388,.T.);
#6342=ORIENTED_EDGE('',*,*,#4228,.T.);
#6343=ORIENTED_EDGE('',*,*,#4391,.T.);
#6344=ORIENTED_EDGE('',*,*,#4392,.F.);
#6345=ORIENTED_EDGE('',*,*,#4389,.T.);
#6346=ORIENTED_EDGE('',*,*,#4392,.T.);
#6347=ORIENTED_EDGE('',*,*,#4393,.T.);
#6348=ORIENTED_EDGE('',*,*,#4386,.T.);
#6349=ORIENTED_EDGE('',*,*,#4390,.T.);
#6350=ORIENTED_EDGE('',*,*,#4215,.T.);
#6351=ORIENTED_EDGE('',*,*,#4394,.F.);
#6352=ORIENTED_EDGE('',*,*,#4395,.F.);
#6353=ORIENTED_EDGE('',*,*,#4396,.T.);
#6354=ORIENTED_EDGE('',*,*,#4214,.T.);
#6355=ORIENTED_EDGE('',*,*,#4397,.T.);
#6356=ORIENTED_EDGE('',*,*,#4398,.F.);
#6357=ORIENTED_EDGE('',*,*,#4394,.T.);
#6358=ORIENTED_EDGE('',*,*,#4399,.F.);
#6359=ORIENTED_EDGE('',*,*,#4400,.T.);
#6360=ORIENTED_EDGE('',*,*,#4216,.T.);
#6361=ORIENTED_EDGE('',*,*,#4396,.F.);
#6362=ORIENTED_EDGE('',*,*,#4398,.T.);
#6363=ORIENTED_EDGE('',*,*,#4401,.T.);
#6364=ORIENTED_EDGE('',*,*,#4399,.T.);
#6365=ORIENTED_EDGE('',*,*,#4395,.T.);
#6366=ORIENTED_EDGE('',*,*,#4397,.F.);
#6367=ORIENTED_EDGE('',*,*,#4217,.T.);
#6368=ORIENTED_EDGE('',*,*,#4400,.F.);
#6369=ORIENTED_EDGE('',*,*,#4401,.F.);
#6370=ORIENTED_EDGE('',*,*,#4391,.F.);
#6371=ORIENTED_EDGE('',*,*,#4227,.T.);
#6372=ORIENTED_EDGE('',*,*,#4387,.F.);
#6373=ORIENTED_EDGE('',*,*,#4393,.F.);
#6374=PLANE('',#7093);
#6375=PLANE('',#7094);
#6376=PLANE('',#7095);
#6377=PLANE('',#7096);
#6378=PLANE('',#7097);
#6379=PLANE('',#7098);
#6380=PLANE('',#7099);
#6381=PLANE('',#7104);
#6382=PLANE('',#7107);
#6383=PLANE('',#7108);
#6384=PLANE('',#7110);
#6385=PLANE('',#7111);
#6386=PLANE('',#7113);
#6387=PLANE('',#7116);
#6388=PLANE('',#7123);
#6389=PLANE('',#7124);
#6390=PLANE('',#7125);
#6391=PLANE('',#7127);
#6392=PLANE('',#7128);
#6393=PLANE('',#7129);
#6394=PLANE('',#7130);
#6395=PLANE('',#7131);
#6396=PLANE('',#7132);
#6397=PLANE('',#7133);
#6398=PLANE('',#7134);
#6399=PLANE('',#7137);
#6400=PLANE('',#7140);
#6401=PLANE('',#7141);
#6402=PLANE('',#7142);
#6403=PLANE('',#7144);
#6404=PLANE('',#7145);
#6405=PLANE('',#7146);
#6406=PLANE('',#7147);
#6407=PLANE('',#7148);
#6408=PLANE('',#7149);
#6409=PLANE('',#7150);
#6410=PLANE('',#7151);
#6411=PLANE('',#7152);
#6412=PLANE('',#7153);
#6413=PLANE('',#7154);
#6414=PLANE('',#7155);
#6415=PLANE('',#7156);
#6416=PLANE('',#7157);
#6417=PLANE('',#7158);
#6418=PLANE('',#7159);
#6419=PLANE('',#7160);
#6420=PLANE('',#7161);
#6421=PLANE('',#7162);
#6422=PLANE('',#7163);
#6423=PLANE('',#7164);
#6424=PLANE('',#7165);
#6425=PLANE('',#7166);
#6426=PLANE('',#7167);
#6427=PLANE('',#7168);
#6428=PLANE('',#7169);
#6429=PLANE('',#7173);
#6430=PLANE('',#7174);
#6431=PLANE('',#7175);
#6432=PLANE('',#7176);
#6433=PLANE('',#7177);
#6434=PLANE('',#7178);
#6435=PLANE('',#7179);
#6436=PLANE('',#7180);
#6437=PLANE('',#7184);
#6438=PLANE('',#7185);
#6439=PLANE('',#7186);
#6440=PLANE('',#7187);
#6441=PLANE('',#7188);
#6442=PLANE('',#7192);
#6443=PLANE('',#7194);
#6444=PLANE('',#7195);
#6445=PLANE('',#7196);
#6446=PLANE('',#7197);
#6447=PLANE('',#7198);
#6448=PLANE('',#7202);
#6449=PLANE('',#7203);
#6450=PLANE('',#7205);
#6451=PLANE('',#7209);
#6452=PLANE('',#7210);
#6453=PLANE('',#7211);
#6454=PLANE('',#7212);
#6455=PLANE('',#7213);
#6456=PLANE('',#7214);
#6457=PLANE('',#7215);
#6458=PLANE('',#7216);
#6459=PLANE('',#7218);
#6460=PLANE('',#7219);
#6461=PLANE('',#7220);
#6462=PLANE('',#7221);
#6463=PLANE('',#7222);
#6464=PLANE('',#7223);
#6465=PLANE('',#7224);
#6466=PLANE('',#7225);
#6467=PLANE('',#7226);
#6468=PLANE('',#7227);
#6469=PLANE('',#7231);
#6470=PLANE('',#7232);
#6471=PLANE('',#7233);
#6472=PLANE('',#7234);
#6473=PLANE('',#7235);
#6474=PLANE('',#7236);
#6475=PLANE('',#7237);
#6476=PLANE('',#7238);
#6477=PLANE('',#7242);
#6478=PLANE('',#7243);
#6479=PLANE('',#7244);
#6480=PLANE('',#7245);
#6481=PLANE('',#7248);
#6482=PLANE('',#7249);
#6483=PLANE('',#7251);
#6484=PLANE('',#7252);
#6485=PLANE('',#7255);
#6486=PLANE('',#7256);
#6487=PLANE('',#7257);
#6488=PLANE('',#7258);
#6489=PLANE('',#7259);
#6490=PLANE('',#7260);
#6491=PLANE('',#7261);
#6492=PLANE('',#7262);
#6493=PLANE('',#7263);
#6494=PLANE('',#7264);
#6495=PLANE('',#7265);
#6496=PLANE('',#7266);
#6497=PLANE('',#7267);
#6498=PLANE('',#7268);
#6499=PLANE('',#7269);
#6500=PLANE('',#7270);
#6501=PLANE('',#7271);
#6502=PLANE('',#7272);
#6503=PLANE('',#7273);
#6504=PLANE('',#7274);
#6505=PLANE('',#7275);
#6506=PLANE('',#7276);
#6507=PLANE('',#7277);
#6508=PLANE('',#7284);
#6509=PLANE('',#7297);
#6510=PLANE('',#7298);
#6511=PLANE('',#7301);
#6512=PLANE('',#7304);
#6513=PLANE('',#7305);
#6514=PLANE('',#7314);
#6515=PLANE('',#7316);
#6516=PLANE('',#7324);
#6517=PLANE('',#7328);
#6518=PLANE('',#7329);
#6519=PLANE('',#7330);
#6520=PLANE('',#7334);
#6521=PLANE('',#7336);
#6522=PLANE('',#7339);
#6523=PLANE('',#7341);
#6524=PLANE('',#7342);
#6525=PLANE('',#7344);
#6526=PLANE('',#7347);
#6527=PLANE('',#7348);
#6528=PLANE('',#7349);
#6529=PLANE('',#7350);
#6530=PLANE('',#7351);
#6531=PLANE('',#7352);
#6532=PLANE('',#7353);
#6533=PLANE('',#7354);
#6534=PLANE('',#7358);
#6535=PLANE('',#7360);
#6536=PLANE('',#7364);
#6537=PLANE('',#7368);
#6538=PLANE('',#7372);
#6539=PLANE('',#7376);
#6540=PLANE('',#7382);
#6541=PLANE('',#7386);
#6542=PLANE('',#7390);
#6543=PLANE('',#7394);
#6544=PLANE('',#7395);
#6545=PLANE('',#7400);
#6546=PLANE('',#7405);
#6547=PLANE('',#7408);
#6548=PLANE('',#7409);
#6549=PLANE('',#7410);
#6550=PLANE('',#7425);
#6551=PLANE('',#7426);
#6552=PLANE('',#7441);
#6553=PLANE('',#7442);
#6554=PLANE('',#7443);
#6555=PLANE('',#7452);
#6556=PLANE('',#7453);
#6557=PLANE('',#7462);
#6558=PLANE('',#7463);
#6559=PLANE('',#7464);
#6560=PLANE('',#7467);
#6561=PLANE('',#7468);
#6562=PLANE('',#7469);
#6563=PLANE('',#7470);
#6564=PLANE('',#7473);
#6565=PLANE('',#7474);
#6566=PLANE('',#7477);
#6567=PLANE('',#7479);
#6568=PLANE('',#7481);
#6569=PLANE('',#7482);
#6570=PLANE('',#7485);
#6571=PLANE('',#7486);
#6572=PLANE('',#7492);
#6573=PLANE('',#7498);
#6574=PLANE('',#7501);
#6575=PLANE('',#7502);
#6576=PLANE('',#7503);
#6577=PLANE('',#7504);
#6578=PLANE('',#7509);
#6579=PLANE('',#7512);
#6580=PLANE('',#7515);
#6581=PLANE('',#7516);
#6582=PLANE('',#7522);
#6583=PLANE('',#7528);
#6584=PLANE('',#7529);
#6585=PLANE('',#7530);
#6586=PLANE('',#7531);
#6587=PLANE('',#7539);
#6588=PLANE('',#7540);
#6589=PLANE('',#7541);
#6590=PLANE('',#7542);
#6591=PLANE('',#7543);
#6592=PLANE('',#7544);
#6593=PLANE('',#7545);
#6594=PLANE('',#7546);
#6595=PLANE('',#7547);
#6596=PLANE('',#7548);
#6597=PLANE('',#7549);
#6598=PLANE('',#7550);
#6599=PLANE('',#7551);
#6600=PLANE('',#7552);
#6601=PLANE('',#7553);
#6602=PLANE('',#7554);
#6603=PLANE('',#7555);
#6604=PLANE('',#7556);
#6605=PLANE('',#7557);
#6606=PLANE('',#7558);
#6607=PLANE('',#7559);
#6608=PLANE('',#7560);
#6609=PLANE('',#7561);
#6610=PLANE('',#7562);
#6611=PLANE('',#7563);
#6612=PLANE('',#7564);
#6613=PLANE('',#7565);
#6614=PLANE('',#7566);
#6615=PLANE('',#7567);
#6616=PLANE('',#7568);
#6617=PLANE('',#7569);
#6618=PLANE('',#7570);
#6619=PLANE('',#7571);
#6620=PLANE('',#7572);
#6621=PLANE('',#7573);
#6622=PLANE('',#7574);
#6623=PLANE('',#7575);
#6624=PLANE('',#7576);
#6625=PLANE('',#7577);
#6626=PLANE('',#7578);
#6627=PLANE('',#7579);
#6628=PLANE('',#7580);
#6629=PLANE('',#7581);
#6630=PLANE('',#7582);
#6631=PLANE('',#7583);
#6632=PLANE('',#7584);
#6633=PLANE('',#7585);
#6634=PLANE('',#7586);
#6635=PLANE('',#7587);
#6636=PLANE('',#7588);
#6637=PLANE('',#7589);
#6638=PLANE('',#7590);
#6639=PLANE('',#7591);
#6640=PLANE('',#7592);
#6641=PLANE('',#7593);
#6642=PLANE('',#7594);
#6643=PLANE('',#7595);
#6644=PLANE('',#7596);
#6645=PLANE('',#7597);
#6646=PLANE('',#7598);
#6647=PLANE('',#7599);
#6648=PLANE('',#7600);
#6649=PLANE('',#7601);
#6650=PLANE('',#7602);
#6651=PLANE('',#7603);
#6652=PLANE('',#7604);
#6653=PLANE('',#7605);
#6654=PLANE('',#7606);
#6655=PLANE('',#7607);
#6656=PLANE('',#7608);
#6657=PLANE('',#7609);
#6658=PLANE('',#7610);
#6659=PLANE('',#7611);
#6660=PLANE('',#7612);
#6661=PLANE('',#7613);
#6662=PLANE('',#7614);
#6663=PLANE('',#7615);
#6664=PLANE('',#7616);
#6665=ADVANCED_FACE('',(#369),#6374,.T.);
#6666=ADVANCED_FACE('',(#370),#6375,.T.);
#6667=ADVANCED_FACE('',(#371),#6376,.T.);
#6668=ADVANCED_FACE('',(#372),#6377,.T.);
#6669=ADVANCED_FACE('',(#373),#6378,.T.);
#6670=ADVANCED_FACE('',(#374),#6379,.F.);
#6671=ADVANCED_FACE('',(#375),#6380,.T.);
#6672=ADVANCED_FACE('',(#376),#301,.T.);
#6673=ADVANCED_FACE('',(#377,#118,#119,#120,#121),#6381,.T.);
#6674=ADVANCED_FACE('',(#378,#122,#123),#6382,.T.);
#6675=ADVANCED_FACE('',(#379,#124,#125),#6383,.T.);
#6676=ADVANCED_FACE('',(#380,#126,#127),#6384,.T.);
#6677=ADVANCED_FACE('',(#381,#128),#6385,.T.);
#6678=ADVANCED_FACE('',(#382,#129),#6386,.F.);
#6679=ADVANCED_FACE('',(#383,#130,#131,#132),#6387,.T.);
#6680=ADVANCED_FACE('',(#384),#6388,.T.);
#6681=ADVANCED_FACE('',(#385),#6389,.T.);
#6682=ADVANCED_FACE('',(#386,#133),#6390,.F.);
#6683=ADVANCED_FACE('',(#387),#6391,.T.);
#6684=ADVANCED_FACE('',(#388),#6392,.T.);
#6685=ADVANCED_FACE('',(#389),#6393,.T.);
#6686=ADVANCED_FACE('',(#390),#6394,.F.);
#6687=ADVANCED_FACE('',(#391),#6395,.F.);
#6688=ADVANCED_FACE('',(#392),#6396,.T.);
#6689=ADVANCED_FACE('',(#393),#6397,.T.);
#6690=ADVANCED_FACE('',(#394,#134),#6398,.T.);
#6691=ADVANCED_FACE('',(#395,#135),#6399,.F.);
#6692=ADVANCED_FACE('',(#396),#6400,.F.);
#6693=ADVANCED_FACE('',(#397),#6401,.T.);
#6694=ADVANCED_FACE('',(#398,#136),#6402,.F.);
#6695=ADVANCED_FACE('',(#399),#6403,.T.);
#6696=ADVANCED_FACE('',(#400),#6404,.T.);
#6697=ADVANCED_FACE('',(#401),#6405,.T.);
#6698=ADVANCED_FACE('',(#402),#6406,.T.);
#6699=ADVANCED_FACE('',(#403),#6407,.F.);
#6700=ADVANCED_FACE('',(#404),#6408,.F.);
#6701=ADVANCED_FACE('',(#405),#6409,.T.);
#6702=ADVANCED_FACE('',(#406),#6410,.T.);
#6703=ADVANCED_FACE('',(#407),#6411,.T.);
#6704=ADVANCED_FACE('',(#408),#6412,.T.);
#6705=ADVANCED_FACE('',(#409),#6413,.T.);
#6706=ADVANCED_FACE('',(#410),#6414,.T.);
#6707=ADVANCED_FACE('',(#411),#6415,.T.);
#6708=ADVANCED_FACE('',(#412),#6416,.T.);
#6709=ADVANCED_FACE('',(#413),#6417,.T.);
#6710=ADVANCED_FACE('',(#414),#6418,.T.);
#6711=ADVANCED_FACE('',(#415),#6419,.F.);
#6712=ADVANCED_FACE('',(#416),#6420,.F.);
#6713=ADVANCED_FACE('',(#417),#6421,.T.);
#6714=ADVANCED_FACE('',(#418),#6422,.T.);
#6715=ADVANCED_FACE('',(#419),#6423,.T.);
#6716=ADVANCED_FACE('',(#420),#6424,.T.);
#6717=ADVANCED_FACE('',(#421),#6425,.T.);
#6718=ADVANCED_FACE('',(#422),#6426,.T.);
#6719=ADVANCED_FACE('',(#423),#6427,.T.);
#6720=ADVANCED_FACE('',(#424),#6428,.T.);
#6721=ADVANCED_FACE('',(#425),#302,.F.);
#6722=ADVANCED_FACE('',(#426),#6429,.T.);
#6723=ADVANCED_FACE('',(#427),#6430,.T.);
#6724=ADVANCED_FACE('',(#428),#6431,.T.);
#6725=ADVANCED_FACE('',(#429),#6432,.F.);
#6726=ADVANCED_FACE('',(#430),#6433,.F.);
#6727=ADVANCED_FACE('',(#431),#6434,.F.);
#6728=ADVANCED_FACE('',(#432),#6435,.T.);
#6729=ADVANCED_FACE('',(#433),#6436,.T.);
#6730=ADVANCED_FACE('',(#434),#303,.F.);
#6731=ADVANCED_FACE('',(#435),#115,.F.);
#6732=ADVANCED_FACE('',(#436),#6437,.T.);
#6733=ADVANCED_FACE('',(#437),#6438,.F.);
#6734=ADVANCED_FACE('',(#438),#6439,.F.);
#6735=ADVANCED_FACE('',(#439),#6440,.F.);
#6736=ADVANCED_FACE('',(#440),#6441,.T.);
#6737=ADVANCED_FACE('',(#441),#304,.T.);
#6738=ADVANCED_FACE('',(#442),#6442,.T.);
#6739=ADVANCED_FACE('',(#443),#6443,.T.);
#6740=ADVANCED_FACE('',(#444),#6444,.T.);
#6741=ADVANCED_FACE('',(#445),#6445,.T.);
#6742=ADVANCED_FACE('',(#446),#6446,.F.);
#6743=ADVANCED_FACE('',(#447),#6447,.F.);
#6744=ADVANCED_FACE('',(#448),#305,.T.);
#6745=ADVANCED_FACE('',(#449),#6448,.F.);
#6746=ADVANCED_FACE('',(#450),#6449,.F.);
#6747=ADVANCED_FACE('',(#451),#6450,.T.);
#6748=ADVANCED_FACE('',(#452),#306,.F.);
#6749=ADVANCED_FACE('',(#453),#307,.F.);
#6750=ADVANCED_FACE('',(#454),#6451,.T.);
#6751=ADVANCED_FACE('',(#455),#6452,.T.);
#6752=ADVANCED_FACE('',(#456),#6453,.T.);
#6753=ADVANCED_FACE('',(#457),#6454,.T.);
#6754=ADVANCED_FACE('',(#458),#6455,.T.);
#6755=ADVANCED_FACE('',(#459),#6456,.T.);
#6756=ADVANCED_FACE('',(#460),#6457,.T.);
#6757=ADVANCED_FACE('',(#461),#6458,.T.);
#6758=ADVANCED_FACE('',(#462),#308,.T.);
#6759=ADVANCED_FACE('',(#463),#6459,.F.);
#6760=ADVANCED_FACE('',(#464),#6460,.F.);
#6761=ADVANCED_FACE('',(#465),#6461,.T.);
#6762=ADVANCED_FACE('',(#466),#6462,.T.);
#6763=ADVANCED_FACE('',(#467),#6463,.T.);
#6764=ADVANCED_FACE('',(#468),#6464,.T.);
#6765=ADVANCED_FACE('',(#469),#6465,.T.);
#6766=ADVANCED_FACE('',(#470),#6466,.T.);
#6767=ADVANCED_FACE('',(#471),#6467,.T.);
#6768=ADVANCED_FACE('',(#472),#6468,.T.);
#6769=ADVANCED_FACE('',(#473),#309,.F.);
#6770=ADVANCED_FACE('',(#474),#6469,.T.);
#6771=ADVANCED_FACE('',(#475),#6470,.T.);
#6772=ADVANCED_FACE('',(#476),#6471,.T.);
#6773=ADVANCED_FACE('',(#477),#6472,.F.);
#6774=ADVANCED_FACE('',(#478),#6473,.F.);
#6775=ADVANCED_FACE('',(#479),#6474,.F.);
#6776=ADVANCED_FACE('',(#480),#6475,.T.);
#6777=ADVANCED_FACE('',(#481),#6476,.T.);
#6778=ADVANCED_FACE('',(#482),#310,.F.);
#6779=ADVANCED_FACE('',(#483),#116,.F.);
#6780=ADVANCED_FACE('',(#484),#6477,.F.);
#6781=ADVANCED_FACE('',(#485),#6478,.F.);
#6782=ADVANCED_FACE('',(#486),#6479,.F.);
#6783=ADVANCED_FACE('',(#487),#6480,.T.);
#6784=ADVANCED_FACE('',(#488),#311,.T.);
#6785=ADVANCED_FACE('',(#489),#6481,.T.);
#6786=ADVANCED_FACE('',(#490),#6482,.T.);
#6787=ADVANCED_FACE('',(#491),#312,.T.);
#6788=ADVANCED_FACE('',(#492),#6483,.F.);
#6789=ADVANCED_FACE('',(#493),#6484,.F.);
#6790=ADVANCED_FACE('',(#494),#313,.F.);
#6791=ADVANCED_FACE('',(#495),#314,.F.);
#6792=ADVANCED_FACE('',(#496),#6485,.T.);
#6793=ADVANCED_FACE('',(#497),#6486,.T.);
#6794=ADVANCED_FACE('',(#498),#6487,.T.);
#6795=ADVANCED_FACE('',(#499),#6488,.T.);
#6796=ADVANCED_FACE('',(#500),#6489,.T.);
#6797=ADVANCED_FACE('',(#501),#6490,.T.);
#6798=ADVANCED_FACE('',(#502),#6491,.T.);
#6799=ADVANCED_FACE('',(#503),#6492,.T.);
#6800=ADVANCED_FACE('',(#504),#6493,.T.);
#6801=ADVANCED_FACE('',(#505),#6494,.T.);
#6802=ADVANCED_FACE('',(#506),#6495,.F.);
#6803=ADVANCED_FACE('',(#507),#6496,.T.);
#6804=ADVANCED_FACE('',(#508),#6497,.T.);
#6805=ADVANCED_FACE('',(#509),#6498,.T.);
#6806=ADVANCED_FACE('',(#510),#6499,.T.);
#6807=ADVANCED_FACE('',(#511),#6500,.T.);
#6808=ADVANCED_FACE('',(#512),#6501,.T.);
#6809=ADVANCED_FACE('',(#513),#6502,.T.);
#6810=ADVANCED_FACE('',(#514),#6503,.T.);
#6811=ADVANCED_FACE('',(#515),#6504,.T.);
#6812=ADVANCED_FACE('',(#516),#6505,.T.);
#6813=ADVANCED_FACE('',(#517),#6506,.T.);
#6814=ADVANCED_FACE('',(#518),#6507,.T.);
#6815=ADVANCED_FACE('',(#519),#6508,.F.);
#6816=ADVANCED_FACE('',(#520),#315,.T.);
#6817=ADVANCED_FACE('',(#521),#316,.F.);
#6818=ADVANCED_FACE('',(#522),#317,.F.);
#6819=ADVANCED_FACE('',(#523),#318,.T.);
#6820=ADVANCED_FACE('',(#524),#319,.T.);
#6821=ADVANCED_FACE('',(#525),#320,.T.);
#6822=ADVANCED_FACE('',(#526),#6509,.F.);
#6823=ADVANCED_FACE('',(#527),#6510,.F.);
#6824=ADVANCED_FACE('',(#528),#321,.T.);
#6825=ADVANCED_FACE('',(#529),#6511,.F.);
#6826=ADVANCED_FACE('',(#530),#322,.T.);
#6827=ADVANCED_FACE('',(#531),#6512,.F.);
#6828=ADVANCED_FACE('',(#532),#6513,.F.);
#6829=ADVANCED_FACE('',(#533),#323,.T.);
#6830=ADVANCED_FACE('',(#534),#6514,.F.);
#6831=ADVANCED_FACE('',(#535),#6515,.F.);
#6832=ADVANCED_FACE('',(#536),#63,.T.);
#6833=ADVANCED_FACE('',(#537),#64,.T.);
#6834=ADVANCED_FACE('',(#538),#324,.T.);
#6835=ADVANCED_FACE('',(#539,#137),#6516,.T.);
#6836=ADVANCED_FACE('',(#540),#65,.T.);
#6837=ADVANCED_FACE('',(#541),#6517,.T.);
#6838=ADVANCED_FACE('',(#542),#6518,.T.);
#6839=ADVANCED_FACE('',(#543),#6519,.F.);
#6840=ADVANCED_FACE('',(#544),#325,.T.);
#6841=ADVANCED_FACE('',(#545,#138),#6520,.F.);
#6842=ADVANCED_FACE('',(#546),#6521,.T.);
#6843=ADVANCED_FACE('',(#547),#117,.T.);
#6844=ADVANCED_FACE('',(#548,#139),#6522,.F.);
#6845=ADVANCED_FACE('',(#549),#6523,.T.);
#6846=ADVANCED_FACE('',(#550),#6524,.T.);
#6847=ADVANCED_FACE('',(#551),#6525,.T.);
#6848=ADVANCED_FACE('',(#552),#6526,.T.);
#6849=ADVANCED_FACE('',(#553,#140),#6527,.F.);
#6850=ADVANCED_FACE('',(#554,#141),#6528,.F.);
#6851=ADVANCED_FACE('',(#555),#6529,.F.);
#6852=ADVANCED_FACE('',(#556),#6530,.T.);
#6853=ADVANCED_FACE('',(#557),#6531,.F.);
#6854=ADVANCED_FACE('',(#558),#6532,.T.);
#6855=ADVANCED_FACE('',(#559),#6533,.F.);
#6856=ADVANCED_FACE('',(#560),#326,.F.);
#6857=ADVANCED_FACE('',(#561),#6534,.F.);
#6858=ADVANCED_FACE('',(#562),#6535,.T.);
#6859=ADVANCED_FACE('',(#563),#327,.T.);
#6860=ADVANCED_FACE('',(#564),#6536,.T.);
#6861=ADVANCED_FACE('',(#565),#328,.T.);
#6862=ADVANCED_FACE('',(#566),#6537,.F.);
#6863=ADVANCED_FACE('',(#567),#329,.F.);
#6864=ADVANCED_FACE('',(#568),#6538,.F.);
#6865=ADVANCED_FACE('',(#569),#330,.F.);
#6866=ADVANCED_FACE('',(#570),#6539,.F.);
#6867=ADVANCED_FACE('',(#571),#331,.T.);
#6868=ADVANCED_FACE('',(#572),#6540,.T.);
#6869=ADVANCED_FACE('',(#573),#332,.T.);
#6870=ADVANCED_FACE('',(#574),#6541,.T.);
#6871=ADVANCED_FACE('',(#575),#333,.F.);
#6872=ADVANCED_FACE('',(#576),#6542,.F.);
#6873=ADVANCED_FACE('',(#577),#334,.F.);
#6874=ADVANCED_FACE('',(#578),#6543,.F.);
#6875=ADVANCED_FACE('',(#579),#6544,.F.);
#6876=ADVANCED_FACE('',(#580),#6545,.F.);
#6877=ADVANCED_FACE('',(#581),#6546,.F.);
#6878=ADVANCED_FACE('',(#582),#6547,.T.);
#6879=ADVANCED_FACE('',(#583),#6548,.F.);
#6880=ADVANCED_FACE('',(#584),#6549,.F.);
#6881=ADVANCED_FACE('',(#585),#6550,.T.);
#6882=ADVANCED_FACE('',(#586),#6551,.T.);
#6883=ADVANCED_FACE('',(#587),#6552,.F.);
#6884=ADVANCED_FACE('',(#588),#6553,.F.);
#6885=ADVANCED_FACE('',(#589),#6554,.T.);
#6886=ADVANCED_FACE('',(#590),#335,.T.);
#6887=ADVANCED_FACE('',(#591),#336,.F.);
#6888=ADVANCED_FACE('',(#592),#337,.T.);
#6889=ADVANCED_FACE('',(#593),#338,.F.);
#6890=ADVANCED_FACE('',(#594),#339,.T.);
#6891=ADVANCED_FACE('',(#595),#340,.F.);
#6892=ADVANCED_FACE('',(#596),#6555,.T.);
#6893=ADVANCED_FACE('',(#597),#6556,.F.);
#6894=ADVANCED_FACE('',(#598),#341,.F.);
#6895=ADVANCED_FACE('',(#599),#342,.T.);
#6896=ADVANCED_FACE('',(#600),#343,.F.);
#6897=ADVANCED_FACE('',(#601),#344,.T.);
#6898=ADVANCED_FACE('',(#602),#345,.F.);
#6899=ADVANCED_FACE('',(#603),#346,.T.);
#6900=ADVANCED_FACE('',(#604),#6557,.T.);
#6901=ADVANCED_FACE('',(#605),#6558,.F.);
#6902=ADVANCED_FACE('',(#606),#6559,.F.);
#6903=ADVANCED_FACE('',(#607),#347,.T.);
#6904=ADVANCED_FACE('',(#608),#348,.F.);
#6905=ADVANCED_FACE('',(#609),#6560,.F.);
#6906=ADVANCED_FACE('',(#610),#6561,.F.);
#6907=ADVANCED_FACE('',(#611),#6562,.F.);
#6908=ADVANCED_FACE('',(#612),#6563,.F.);
#6909=ADVANCED_FACE('',(#613),#349,.T.);
#6910=ADVANCED_FACE('',(#614),#350,.F.);
#6911=ADVANCED_FACE('',(#615),#6564,.T.);
#6912=ADVANCED_FACE('',(#616),#6565,.F.);
#6913=ADVANCED_FACE('',(#617),#351,.T.);
#6914=ADVANCED_FACE('',(#618),#352,.F.);
#6915=ADVANCED_FACE('',(#619),#6566,.T.);
#6916=ADVANCED_FACE('',(#620),#353,.T.);
#6917=ADVANCED_FACE('',(#621),#6567,.F.);
#6918=ADVANCED_FACE('',(#622),#354,.F.);
#6919=ADVANCED_FACE('',(#623),#6568,.T.);
#6920=ADVANCED_FACE('',(#624),#6569,.T.);
#6921=ADVANCED_FACE('',(#625),#6570,.T.);
#6922=ADVANCED_FACE('',(#626),#6571,.F.);
#6923=ADVANCED_FACE('',(#627),#355,.F.);
#6924=ADVANCED_FACE('',(#628),#6572,.T.);
#6925=ADVANCED_FACE('',(#629),#356,.T.);
#6926=ADVANCED_FACE('',(#630),#6573,.F.);
#6927=ADVANCED_FACE('',(#631),#6574,.T.);
#6928=ADVANCED_FACE('',(#632),#6575,.T.);
#6929=ADVANCED_FACE('',(#633),#6576,.F.);
#6930=ADVANCED_FACE('',(#634),#6577,.F.);
#6931=ADVANCED_FACE('',(#635),#357,.T.);
#6932=ADVANCED_FACE('',(#636),#358,.T.);
#6933=ADVANCED_FACE('',(#637),#359,.T.);
#6934=ADVANCED_FACE('',(#638),#360,.T.);
#6935=ADVANCED_FACE('',(#639),#6578,.T.);
#6936=ADVANCED_FACE('',(#640),#6579,.F.);
#6937=ADVANCED_FACE('',(#641),#6580,.F.);
#6938=ADVANCED_FACE('',(#642),#6581,.T.);
#6939=ADVANCED_FACE('',(#643),#361,.F.);
#6940=ADVANCED_FACE('',(#644),#6582,.F.);
#6941=ADVANCED_FACE('',(#645),#362,.T.);
#6942=ADVANCED_FACE('',(#646),#6583,.T.);
#6943=ADVANCED_FACE('',(#647),#6584,.T.);
#6944=ADVANCED_FACE('',(#648),#6585,.F.);
#6945=ADVANCED_FACE('',(#649),#6586,.F.);
#6946=ADVANCED_FACE('',(#650),#363,.T.);
#6947=ADVANCED_FACE('',(#651),#364,.T.);
#6948=ADVANCED_FACE('',(#652),#365,.T.);
#6949=ADVANCED_FACE('',(#653),#366,.T.);
#6950=ADVANCED_FACE('',(#654),#367,.T.);
#6951=ADVANCED_FACE('',(#655),#368,.T.);
#6952=ADVANCED_FACE('',(#656,#142,#143),#6587,.T.);
#6953=ADVANCED_FACE('',(#657,#144,#145),#6588,.T.);
#6954=ADVANCED_FACE('',(#658),#6589,.T.);
#6955=ADVANCED_FACE('',(#659),#6590,.T.);
#6956=ADVANCED_FACE('',(#660),#6591,.T.);
#6957=ADVANCED_FACE('',(#661),#6592,.T.);
#6958=ADVANCED_FACE('',(#662),#6593,.T.);
#6959=ADVANCED_FACE('',(#663,#146,#147,#148,#149,#150,#151),#6594,.T.);
#6960=ADVANCED_FACE('',(#664,#152,#153),#6595,.T.);
#6961=ADVANCED_FACE('',(#665),#6596,.T.);
#6962=ADVANCED_FACE('',(#666),#6597,.F.);
#6963=ADVANCED_FACE('',(#667),#6598,.T.);
#6964=ADVANCED_FACE('',(#668),#6599,.T.);
#6965=ADVANCED_FACE('',(#669),#6600,.T.);
#6966=ADVANCED_FACE('',(#670),#6601,.T.);
#6967=ADVANCED_FACE('',(#671),#6602,.F.);
#6968=ADVANCED_FACE('',(#672),#6603,.T.);
#6969=ADVANCED_FACE('',(#673),#6604,.T.);
#6970=ADVANCED_FACE('',(#674),#6605,.T.);
#6971=ADVANCED_FACE('',(#675),#6606,.T.);
#6972=ADVANCED_FACE('',(#676),#6607,.F.);
#6973=ADVANCED_FACE('',(#677),#6608,.T.);
#6974=ADVANCED_FACE('',(#678),#6609,.T.);
#6975=ADVANCED_FACE('',(#679),#6610,.T.);
#6976=ADVANCED_FACE('',(#680),#6611,.F.);
#6977=ADVANCED_FACE('',(#681),#6612,.T.);
#6978=ADVANCED_FACE('',(#682),#6613,.T.);
#6979=ADVANCED_FACE('',(#683),#6614,.T.);
#6980=ADVANCED_FACE('',(#684),#6615,.T.);
#6981=ADVANCED_FACE('',(#685),#6616,.F.);
#6982=ADVANCED_FACE('',(#686),#6617,.T.);
#6983=ADVANCED_FACE('',(#687),#6618,.F.);
#6984=ADVANCED_FACE('',(#688),#6619,.F.);
#6985=ADVANCED_FACE('',(#689),#6620,.F.);
#6986=ADVANCED_FACE('',(#690),#6621,.F.);
#6987=ADVANCED_FACE('',(#691),#6622,.T.);
#6988=ADVANCED_FACE('',(#692),#6623,.T.);
#6989=ADVANCED_FACE('',(#693),#6624,.F.);
#6990=ADVANCED_FACE('',(#694),#6625,.F.);
#6991=ADVANCED_FACE('',(#695),#6626,.F.);
#6992=ADVANCED_FACE('',(#696),#6627,.F.);
#6993=ADVANCED_FACE('',(#697),#6628,.F.);
#6994=ADVANCED_FACE('',(#698),#6629,.F.);
#6995=ADVANCED_FACE('',(#699),#6630,.T.);
#6996=ADVANCED_FACE('',(#700),#6631,.F.);
#6997=ADVANCED_FACE('',(#701),#6632,.F.);
#6998=ADVANCED_FACE('',(#702),#6633,.F.);
#6999=ADVANCED_FACE('',(#703),#6634,.T.);
#7000=ADVANCED_FACE('',(#704),#6635,.T.);
#7001=ADVANCED_FACE('',(#705),#6636,.T.);
#7002=ADVANCED_FACE('',(#706),#6637,.T.);
#7003=ADVANCED_FACE('',(#707),#6638,.T.);
#7004=ADVANCED_FACE('',(#708),#6639,.F.);
#7005=ADVANCED_FACE('',(#709),#6640,.T.);
#7006=ADVANCED_FACE('',(#710),#6641,.T.);
#7007=ADVANCED_FACE('',(#711),#6642,.T.);
#7008=ADVANCED_FACE('',(#712),#6643,.T.);
#7009=ADVANCED_FACE('',(#713),#6644,.F.);
#7010=ADVANCED_FACE('',(#714),#6645,.T.);
#7011=ADVANCED_FACE('',(#715),#6646,.F.);
#7012=ADVANCED_FACE('',(#716),#6647,.F.);
#7013=ADVANCED_FACE('',(#717),#6648,.F.);
#7014=ADVANCED_FACE('',(#718),#6649,.F.);
#7015=ADVANCED_FACE('',(#719),#6650,.T.);
#7016=ADVANCED_FACE('',(#720),#6651,.F.);
#7017=ADVANCED_FACE('',(#721),#6652,.F.);
#7018=ADVANCED_FACE('',(#722),#6653,.F.);
#7019=ADVANCED_FACE('',(#723),#6654,.F.);
#7020=ADVANCED_FACE('',(#724),#6655,.F.);
#7021=ADVANCED_FACE('',(#725),#6656,.F.);
#7022=ADVANCED_FACE('',(#726),#6657,.F.);
#7023=ADVANCED_FACE('',(#727),#6658,.T.);
#7024=ADVANCED_FACE('',(#728),#6659,.F.);
#7025=ADVANCED_FACE('',(#729),#6660,.F.);
#7026=ADVANCED_FACE('',(#730),#6661,.F.);
#7027=ADVANCED_FACE('',(#731),#6662,.T.);
#7028=ADVANCED_FACE('',(#732),#6663,.T.);
#7029=ADVANCED_FACE('',(#733),#6664,.T.);
#7030=CLOSED_SHELL('',(#6665,#6666,#6667,#6668,#6669,#6670,#6671,#6672,
#6673,#6674,#6675,#6676,#6677,#6678,#6679,#6680,#6681,#6682,#6683,#6684,
#6685,#6686,#6687,#6688,#6689,#6690,#6691,#6692,#6693,#6694,#6695,#6696,
#6697,#6698,#6699,#6700,#6701,#6702,#6703,#6704,#6705,#6706,#6707,#6708,
#6709,#6710,#6711,#6712,#6713,#6714,#6715,#6716,#6717,#6718,#6719,#6720,
#6721,#6722,#6723,#6724,#6725,#6726,#6727,#6728,#6729,#6730,#6731,#6732,
#6733,#6734,#6735,#6736,#6737,#6738,#6739,#6740,#6741,#6742,#6743,#6744,
#6745,#6746,#6747,#6748,#6749,#6750,#6751,#6752,#6753,#6754,#6755,#6756,
#6757,#6758,#6759,#6760,#6761,#6762,#6763,#6764,#6765,#6766,#6767,#6768,
#6769,#6770,#6771,#6772,#6773,#6774,#6775,#6776,#6777,#6778,#6779,#6780,
#6781,#6782,#6783,#6784,#6785,#6786,#6787,#6788,#6789,#6790,#6791,#6792,
#6793,#6794,#6795,#6796,#6797,#6798,#6799,#6800,#6801,#6802,#6803,#6804,
#6805,#6806,#6807,#6808,#6809,#6810,#6811,#6812,#6813,#6814,#6815,#6816,
#6817,#6818,#6819,#6820,#6821,#6822,#6823,#6824,#6825,#6826,#6827,#6828));
#7031=CLOSED_SHELL('',(#6829,#6830,#6831,#6832,#6833,#6834,#6835,#6836,
#6837,#6838,#6839,#6840,#6841,#6842,#6843));
#7032=CLOSED_SHELL('',(#6844,#6845,#6846,#6847,#6848,#6849,#6850,#6851,
#6852,#6853,#6854,#6855,#6856,#6857));
#7033=CLOSED_SHELL('',(#6858,#6859,#6860,#6861,#6862,#6863,#6864,#6865,
#6866,#6867,#6868,#6869,#6870,#6871,#6872,#6873,#6874,#6875,#6876,#6877,
#6878,#6879,#6880,#6881,#6882,#6883,#6884,#6885,#6886,#6887,#6888,#6889,
#6890,#6891,#6892,#6893,#6894,#6895,#6896,#6897,#6898,#6899,#6900,#6901,
#6902,#6903,#6904,#6905,#6906,#6907,#6908,#6909,#6910,#6911,#6912,#6913,
#6914,#6915,#6916,#6917,#6918,#6919,#6920,#6921,#6922,#6923,#6924,#6925,
#6926,#6927,#6928,#6929,#6930,#6931,#6932,#6933,#6934,#6935,#6936,#6937,
#6938,#6939,#6940,#6941,#6942,#6943,#6944,#6945,#6946,#6947,#6948,#6949,
#6950,#6951));
#7034=CLOSED_SHELL('',(#6952,#6953,#6954,#6955,#6956,#6957,#6958,#6959,
#6960,#6961,#6962,#6963,#6964,#6965,#6966,#6967,#6968,#6969,#6970,#6971,
#6972,#6973,#6974,#6975,#6976,#6977,#6978,#6979,#6980,#6981,#6982,#6983,
#6984,#6985,#6986,#6987,#6988,#6989,#6990,#6991,#6992,#6993,#6994,#6995,
#6996,#6997,#6998,#6999,#7000,#7001,#7002,#7003,#7004,#7005,#7006,#7007,
#7008,#7009,#7010,#7011,#7012,#7013,#7014,#7015,#7016,#7017,#7018,#7019,
#7020,#7021,#7022,#7023,#7024,#7025,#7026,#7027,#7028,#7029));
#7035=DERIVED_UNIT_ELEMENT(#7045,1.);
#7036=DERIVED_UNIT_ELEMENT(#11627,-3.);
#7037=DERIVED_UNIT_ELEMENT(#7045,1.);
#7038=DERIVED_UNIT_ELEMENT(#11627,-3.);
#7039=DERIVED_UNIT_ELEMENT(#7045,1.);
#7040=DERIVED_UNIT_ELEMENT(#11627,-3.);
#7041=DERIVED_UNIT_ELEMENT(#7045,1.);
#7042=DERIVED_UNIT_ELEMENT(#11627,-3.);
#7043=DERIVED_UNIT_ELEMENT(#7045,1.);
#7044=DERIVED_UNIT_ELEMENT(#11627,-3.);
#7045=(
MASS_UNIT()
NAMED_UNIT(*)
SI_UNIT(.KILO.,.GRAM.)
);
#7046=DERIVED_UNIT((#7035,#7036));
#7047=DERIVED_UNIT((#7037,#7038));
#7048=DERIVED_UNIT((#7039,#7040));
#7049=DERIVED_UNIT((#7041,#7042));
#7050=DERIVED_UNIT((#7043,#7044));
#7051=MEASURE_REPRESENTATION_ITEM('density measure',
POSITIVE_RATIO_MEASURE(7850.),#7046);
#7052=MEASURE_REPRESENTATION_ITEM('density measure',
POSITIVE_RATIO_MEASURE(7850.),#7047);
#7053=MEASURE_REPRESENTATION_ITEM('density measure',
POSITIVE_RATIO_MEASURE(7850.),#7048);
#7054=MEASURE_REPRESENTATION_ITEM('density measure',
POSITIVE_RATIO_MEASURE(7850.),#7049);
#7055=MEASURE_REPRESENTATION_ITEM('density measure',
POSITIVE_RATIO_MEASURE(7850.),#7050);
#7056=PROPERTY_DEFINITION_REPRESENTATION(#7081,#7066);
#7057=PROPERTY_DEFINITION_REPRESENTATION(#7082,#7067);
#7058=PROPERTY_DEFINITION_REPRESENTATION(#7083,#7068);
#7059=PROPERTY_DEFINITION_REPRESENTATION(#7084,#7069);
#7060=PROPERTY_DEFINITION_REPRESENTATION(#7085,#7070);
#7061=PROPERTY_DEFINITION_REPRESENTATION(#7086,#7071);
#7062=PROPERTY_DEFINITION_REPRESENTATION(#7087,#7072);
#7063=PROPERTY_DEFINITION_REPRESENTATION(#7088,#7073);
#7064=PROPERTY_DEFINITION_REPRESENTATION(#7089,#7074);
#7065=PROPERTY_DEFINITION_REPRESENTATION(#7090,#7075);
#7066=REPRESENTATION('material name',(#7076),#11620);
#7067=REPRESENTATION('density',(#7051),#11620);
#7068=REPRESENTATION('material name',(#7077),#11621);
#7069=REPRESENTATION('density',(#7052),#11621);
#7070=REPRESENTATION('material name',(#7078),#11622);
#7071=REPRESENTATION('density',(#7053),#11622);
#7072=REPRESENTATION('material name',(#7079),#11623);
#7073=REPRESENTATION('density',(#7054),#11623);
#7074=REPRESENTATION('material name',(#7080),#11624);
#7075=REPRESENTATION('density',(#7055),#11624);
#7076=DESCRIPTIVE_REPRESENTATION_ITEM('Acier','Acier');
#7077=DESCRIPTIVE_REPRESENTATION_ITEM('Acier','Acier');
#7078=DESCRIPTIVE_REPRESENTATION_ITEM('Acier','Acier');
#7079=DESCRIPTIVE_REPRESENTATION_ITEM('Acier','Acier');
#7080=DESCRIPTIVE_REPRESENTATION_ITEM('Acier','Acier');
#7081=PROPERTY_DEFINITION('material property','material name',#11658);
#7082=PROPERTY_DEFINITION('material property','density of part',#11658);
#7083=PROPERTY_DEFINITION('material property','material name',#11659);
#7084=PROPERTY_DEFINITION('material property','density of part',#11659);
#7085=PROPERTY_DEFINITION('material property','material name',#11660);
#7086=PROPERTY_DEFINITION('material property','density of part',#11660);
#7087=PROPERTY_DEFINITION('material property','material name',#11661);
#7088=PROPERTY_DEFINITION('material property','density of part',#11661);
#7089=PROPERTY_DEFINITION('material property','material name',#11662);
#7090=PROPERTY_DEFINITION('material property','density of part',#11662);
#7091=AXIS2_PLACEMENT_3D('',#9512,#7625,#7626);
#7092=AXIS2_PLACEMENT_3D('',#9513,#7627,#7628);
#7093=AXIS2_PLACEMENT_3D('',#9514,#7629,#7630);
#7094=AXIS2_PLACEMENT_3D('',#9523,#7635,#7636);
#7095=AXIS2_PLACEMENT_3D('',#9536,#7643,#7644);
#7096=AXIS2_PLACEMENT_3D('',#9563,#7658,#7659);
#7097=AXIS2_PLACEMENT_3D('',#9590,#7673,#7674);
#7098=AXIS2_PLACEMENT_3D('',#9600,#7680,#7681);
#7099=AXIS2_PLACEMENT_3D('',#9606,#7685,#7686);
#7100=AXIS2_PLACEMENT_3D('',#9613,#7691,#7692);
#7101=AXIS2_PLACEMENT_3D('',#9615,#7693,#7694);
#7102=AXIS2_PLACEMENT_3D('',#9619,#7696,#7697);
#7103=AXIS2_PLACEMENT_3D('',#9622,#7699,#7700);
#7104=AXIS2_PLACEMENT_3D('',#9623,#7701,#7702);
#7105=AXIS2_PLACEMENT_3D('',#9649,#7715,#7716);
#7106=AXIS2_PLACEMENT_3D('',#9651,#7717,#7718);
#7107=AXIS2_PLACEMENT_3D('',#9652,#7719,#7720);
#7108=AXIS2_PLACEMENT_3D('',#9677,#7733,#7734);
#7109=AXIS2_PLACEMENT_3D('',#9683,#7737,#7738);
#7110=AXIS2_PLACEMENT_3D('',#9713,#7754,#7755);
#7111=AXIS2_PLACEMENT_3D('',#9739,#7769,#7770);
#7112=AXIS2_PLACEMENT_3D('',#9752,#7777,#7778);
#7113=AXIS2_PLACEMENT_3D('',#9753,#7779,#7780);
#7114=AXIS2_PLACEMENT_3D('',#9755,#7781,#7782);
#7115=AXIS2_PLACEMENT_3D('',#9757,#7783,#7784);
#7116=AXIS2_PLACEMENT_3D('',#9758,#7785,#7786);
#7117=AXIS2_PLACEMENT_3D('',#9763,#7788,#7789);
#7118=AXIS2_PLACEMENT_3D('',#9787,#7802,#7803);
#7119=AXIS2_PLACEMENT_3D('',#9792,#7805,#7806);
#7120=AXIS2_PLACEMENT_3D('',#9796,#7808,#7809);
#7121=AXIS2_PLACEMENT_3D('',#9799,#7811,#7812);
#7122=AXIS2_PLACEMENT_3D('',#9801,#7813,#7814);
#7123=AXIS2_PLACEMENT_3D('',#9802,#7815,#7816);
#7124=AXIS2_PLACEMENT_3D('',#9815,#7823,#7824);
#7125=AXIS2_PLACEMENT_3D('',#9820,#7828,#7829);
#7126=AXIS2_PLACEMENT_3D('',#9848,#7844,#7845);
#7127=AXIS2_PLACEMENT_3D('',#9849,#7846,#7847);
#7128=AXIS2_PLACEMENT_3D('',#9858,#7852,#7853);
#7129=AXIS2_PLACEMENT_3D('',#9867,#7858,#7859);
#7130=AXIS2_PLACEMENT_3D('',#9873,#7863,#7864);
#7131=AXIS2_PLACEMENT_3D('',#9879,#7868,#7869);
#7132=AXIS2_PLACEMENT_3D('',#9883,#7872,#7873);
#7133=AXIS2_PLACEMENT_3D('',#9889,#7877,#7878);
#7134=AXIS2_PLACEMENT_3D('',#9895,#7882,#7883);
#7135=AXIS2_PLACEMENT_3D('',#9897,#7884,#7885);
#7136=AXIS2_PLACEMENT_3D('',#9910,#7892,#7893);
#7137=AXIS2_PLACEMENT_3D('',#9911,#7894,#7895);
#7138=AXIS2_PLACEMENT_3D('',#9913,#7896,#7897);
#7139=AXIS2_PLACEMENT_3D('',#9915,#7898,#7899);
#7140=AXIS2_PLACEMENT_3D('',#9916,#7900,#7901);
#7141=AXIS2_PLACEMENT_3D('',#9931,#7912,#7913);
#7142=AXIS2_PLACEMENT_3D('',#9933,#7915,#7916);
#7143=AXIS2_PLACEMENT_3D('',#9961,#7931,#7932);
#7144=AXIS2_PLACEMENT_3D('',#9962,#7933,#7934);
#7145=AXIS2_PLACEMENT_3D('',#9980,#7946,#7947);
#7146=AXIS2_PLACEMENT_3D('',#9986,#7951,#7952);
#7147=AXIS2_PLACEMENT_3D('',#9995,#7957,#7958);
#7148=AXIS2_PLACEMENT_3D('',#10001,#7962,#7963);
#7149=AXIS2_PLACEMENT_3D('',#10005,#7966,#7967);
#7150=AXIS2_PLACEMENT_3D('',#10009,#7970,#7971);
#7151=AXIS2_PLACEMENT_3D('',#10015,#7975,#7976);
#7152=AXIS2_PLACEMENT_3D('',#10017,#7978,#7979);
#7153=AXIS2_PLACEMENT_3D('',#10020,#7982,#7983);
#7154=AXIS2_PLACEMENT_3D('',#10022,#7985,#7986);
#7155=AXIS2_PLACEMENT_3D('',#10034,#7993,#7994);
#7156=AXIS2_PLACEMENT_3D('',#10043,#8000,#8001);
#7157=AXIS2_PLACEMENT_3D('',#10058,#8010,#8011);
#7158=AXIS2_PLACEMENT_3D('',#10062,#8014,#8015);
#7159=AXIS2_PLACEMENT_3D('',#10064,#8017,#8018);
#7160=AXIS2_PLACEMENT_3D('',#10073,#8025,#8026);
#7161=AXIS2_PLACEMENT_3D('',#10076,#8029,#8030);
#7162=AXIS2_PLACEMENT_3D('',#10079,#8033,#8034);
#7163=AXIS2_PLACEMENT_3D('',#10080,#8035,#8036);
#7164=AXIS2_PLACEMENT_3D('',#10081,#8037,#8038);
#7165=AXIS2_PLACEMENT_3D('',#10083,#8040,#8041);
#7166=AXIS2_PLACEMENT_3D('',#10085,#8043,#8044);
#7167=AXIS2_PLACEMENT_3D('',#10088,#8047,#8048);
#7168=AXIS2_PLACEMENT_3D('',#10090,#8050,#8051);
#7169=AXIS2_PLACEMENT_3D('',#10091,#8052,#8053);
#7170=AXIS2_PLACEMENT_3D('',#10092,#8054,#8055);
#7171=AXIS2_PLACEMENT_3D('',#10095,#8056,#8057);
#7172=AXIS2_PLACEMENT_3D('',#10096,#8058,#8059);
#7173=AXIS2_PLACEMENT_3D('',#10098,#8061,#8062);
#7174=AXIS2_PLACEMENT_3D('',#10102,#8065,#8066);
#7175=AXIS2_PLACEMENT_3D('',#10106,#8069,#8070);
#7176=AXIS2_PLACEMENT_3D('',#10108,#8072,#8073);
#7177=AXIS2_PLACEMENT_3D('',#10112,#8076,#8077);
#7178=AXIS2_PLACEMENT_3D('',#10116,#8080,#8081);
#7179=AXIS2_PLACEMENT_3D('',#10118,#8083,#8084);
#7180=AXIS2_PLACEMENT_3D('',#10119,#8085,#8086);
#7181=AXIS2_PLACEMENT_3D('',#10120,#8087,#8088);
#7182=AXIS2_PLACEMENT_3D('',#10122,#8089,#8090);
#7183=AXIS2_PLACEMENT_3D('',#10124,#8092,#8093);
#7184=AXIS2_PLACEMENT_3D('',#10126,#8095,#8096);
#7185=AXIS2_PLACEMENT_3D('',#10133,#8101,#8102);
#7186=AXIS2_PLACEMENT_3D('',#10137,#8105,#8106);
#7187=AXIS2_PLACEMENT_3D('',#10141,#8109,#8110);
#7188=AXIS2_PLACEMENT_3D('',#10143,#8112,#8113);
#7189=AXIS2_PLACEMENT_3D('',#10144,#8114,#8115);
#7190=AXIS2_PLACEMENT_3D('',#10146,#8116,#8117);
#7191=AXIS2_PLACEMENT_3D('',#10148,#8118,#8119);
#7192=AXIS2_PLACEMENT_3D('',#10151,#8122,#8123);
#7193=AXIS2_PLACEMENT_3D('',#10153,#8124,#8125);
#7194=AXIS2_PLACEMENT_3D('',#10155,#8127,#8128);
#7195=AXIS2_PLACEMENT_3D('',#10157,#8130,#8131);
#7196=AXIS2_PLACEMENT_3D('',#10159,#8133,#8134);
#7197=AXIS2_PLACEMENT_3D('',#10160,#8135,#8136);
#7198=AXIS2_PLACEMENT_3D('',#10166,#8140,#8141);
#7199=AXIS2_PLACEMENT_3D('',#10172,#8145,#8146);
#7200=AXIS2_PLACEMENT_3D('',#10174,#8147,#8148);
#7201=AXIS2_PLACEMENT_3D('',#10177,#8150,#8151);
#7202=AXIS2_PLACEMENT_3D('',#10178,#8152,#8153);
#7203=AXIS2_PLACEMENT_3D('',#10184,#8157,#8158);
#7204=AXIS2_PLACEMENT_3D('',#10186,#8159,#8160);
#7205=AXIS2_PLACEMENT_3D('',#10190,#8163,#8164);
#7206=AXIS2_PLACEMENT_3D('',#10195,#8167,#8168);
#7207=AXIS2_PLACEMENT_3D('',#10196,#8169,#8170);
#7208=AXIS2_PLACEMENT_3D('',#10198,#8172,#8173);
#7209=AXIS2_PLACEMENT_3D('',#10200,#8175,#8176);
#7210=AXIS2_PLACEMENT_3D('',#10203,#8179,#8180);
#7211=AXIS2_PLACEMENT_3D('',#10205,#8182,#8183);
#7212=AXIS2_PLACEMENT_3D('',#10207,#8185,#8186);
#7213=AXIS2_PLACEMENT_3D('',#10208,#8187,#8188);
#7214=AXIS2_PLACEMENT_3D('',#10211,#8191,#8192);
#7215=AXIS2_PLACEMENT_3D('',#10213,#8194,#8195);
#7216=AXIS2_PLACEMENT_3D('',#10215,#8197,#8198);
#7217=AXIS2_PLACEMENT_3D('',#10216,#8199,#8200);
#7218=AXIS2_PLACEMENT_3D('',#10218,#8202,#8203);
#7219=AXIS2_PLACEMENT_3D('',#10221,#8206,#8207);
#7220=AXIS2_PLACEMENT_3D('',#10224,#8210,#8211);
#7221=AXIS2_PLACEMENT_3D('',#10225,#8212,#8213);
#7222=AXIS2_PLACEMENT_3D('',#10226,#8214,#8215);
#7223=AXIS2_PLACEMENT_3D('',#10228,#8217,#8218);
#7224=AXIS2_PLACEMENT_3D('',#10230,#8220,#8221);
#7225=AXIS2_PLACEMENT_3D('',#10233,#8224,#8225);
#7226=AXIS2_PLACEMENT_3D('',#10235,#8227,#8228);
#7227=AXIS2_PLACEMENT_3D('',#10236,#8229,#8230);
#7228=AXIS2_PLACEMENT_3D('',#10237,#8231,#8232);
#7229=AXIS2_PLACEMENT_3D('',#10240,#8233,#8234);
#7230=AXIS2_PLACEMENT_3D('',#10241,#8235,#8236);
#7231=AXIS2_PLACEMENT_3D('',#10243,#8238,#8239);
#7232=AXIS2_PLACEMENT_3D('',#10247,#8242,#8243);
#7233=AXIS2_PLACEMENT_3D('',#10251,#8246,#8247);
#7234=AXIS2_PLACEMENT_3D('',#10253,#8249,#8250);
#7235=AXIS2_PLACEMENT_3D('',#10257,#8253,#8254);
#7236=AXIS2_PLACEMENT_3D('',#10261,#8257,#8258);
#7237=AXIS2_PLACEMENT_3D('',#10263,#8260,#8261);
#7238=AXIS2_PLACEMENT_3D('',#10264,#8262,#8263);
#7239=AXIS2_PLACEMENT_3D('',#10265,#8264,#8265);
#7240=AXIS2_PLACEMENT_3D('',#10267,#8266,#8267);
#7241=AXIS2_PLACEMENT_3D('',#10269,#8269,#8270);
#7242=AXIS2_PLACEMENT_3D('',#10271,#8272,#8273);
#7243=AXIS2_PLACEMENT_3D('',#10275,#8276,#8277);
#7244=AXIS2_PLACEMENT_3D('',#10279,#8280,#8281);
#7245=AXIS2_PLACEMENT_3D('',#10281,#8283,#8284);
#7246=AXIS2_PLACEMENT_3D('',#10287,#8288,#8289);
#7247=AXIS2_PLACEMENT_3D('',#10289,#8290,#8291);
#7248=AXIS2_PLACEMENT_3D('',#10291,#8293,#8294);
#7249=AXIS2_PLACEMENT_3D('',#10294,#8297,#8298);
#7250=AXIS2_PLACEMENT_3D('',#10295,#8299,#8300);
#7251=AXIS2_PLACEMENT_3D('',#10297,#8302,#8303);
#7252=AXIS2_PLACEMENT_3D('',#10299,#8305,#8306);
#7253=AXIS2_PLACEMENT_3D('',#10300,#8307,#8308);
#7254=AXIS2_PLACEMENT_3D('',#10302,#8310,#8311);
#7255=AXIS2_PLACEMENT_3D('',#10304,#8313,#8314);
#7256=AXIS2_PLACEMENT_3D('',#10307,#8317,#8318);
#7257=AXIS2_PLACEMENT_3D('',#10309,#8320,#8321);
#7258=AXIS2_PLACEMENT_3D('',#10311,#8323,#8324);
#7259=AXIS2_PLACEMENT_3D('',#10312,#8325,#8326);
#7260=AXIS2_PLACEMENT_3D('',#10315,#8329,#8330);
#7261=AXIS2_PLACEMENT_3D('',#10317,#8332,#8333);
#7262=AXIS2_PLACEMENT_3D('',#10319,#8335,#8336);
#7263=AXIS2_PLACEMENT_3D('',#10320,#8337,#8338);
#7264=AXIS2_PLACEMENT_3D('',#10325,#8342,#8343);
#7265=AXIS2_PLACEMENT_3D('',#10327,#8345,#8346);
#7266=AXIS2_PLACEMENT_3D('',#10328,#8347,#8348);
#7267=AXIS2_PLACEMENT_3D('',#10330,#8350,#8351);
#7268=AXIS2_PLACEMENT_3D('',#10331,#8352,#8353);
#7269=AXIS2_PLACEMENT_3D('',#10333,#8355,#8356);
#7270=AXIS2_PLACEMENT_3D('',#10335,#8358,#8359);
#7271=AXIS2_PLACEMENT_3D('',#10336,#8360,#8361);
#7272=AXIS2_PLACEMENT_3D('',#10342,#8365,#8366);
#7273=AXIS2_PLACEMENT_3D('',#10351,#8371,#8372);
#7274=AXIS2_PLACEMENT_3D('',#10360,#8377,#8378);
#7275=AXIS2_PLACEMENT_3D('',#10369,#8383,#8384);
#7276=AXIS2_PLACEMENT_3D('',#10378,#8389,#8390);
#7277=AXIS2_PLACEMENT_3D('',#10387,#8395,#8396);
#7278=AXIS2_PLACEMENT_3D('',#10388,#8397,#8398);
#7279=AXIS2_PLACEMENT_3D('',#10389,#8399,#8400);
#7280=AXIS2_PLACEMENT_3D('',#10390,#8401,#8402);
#7281=AXIS2_PLACEMENT_3D('',#10391,#8403,#8404);
#7282=AXIS2_PLACEMENT_3D('',#10392,#8405,#8406);
#7283=AXIS2_PLACEMENT_3D('',#10393,#8407,#8408);
#7284=AXIS2_PLACEMENT_3D('',#10394,#8409,#8410);
#7285=AXIS2_PLACEMENT_3D('',#10395,#8411,#8412);
#7286=AXIS2_PLACEMENT_3D('',#10396,#8413,#8414);
#7287=AXIS2_PLACEMENT_3D('',#10397,#8415,#8416);
#7288=AXIS2_PLACEMENT_3D('',#10398,#8417,#8418);
#7289=AXIS2_PLACEMENT_3D('',#10399,#8419,#8420);
#7290=AXIS2_PLACEMENT_3D('',#10400,#8421,#8422);
#7291=AXIS2_PLACEMENT_3D('',#10401,#8423,#8424);
#7292=AXIS2_PLACEMENT_3D('',#10402,#8425,#8426);
#7293=AXIS2_PLACEMENT_3D('',#10403,#8427,#8428);
#7294=AXIS2_PLACEMENT_3D('',#10404,#8429,#8430);
#7295=AXIS2_PLACEMENT_3D('',#10405,#8431,#8432);
#7296=AXIS2_PLACEMENT_3D('',#10406,#8433,#8434);
#7297=AXIS2_PLACEMENT_3D('',#10407,#8435,#8436);
#7298=AXIS2_PLACEMENT_3D('',#10413,#8440,#8441);
#7299=AXIS2_PLACEMENT_3D('',#10417,#8444,#8445);
#7300=AXIS2_PLACEMENT_3D('',#10420,#8447,#8448);
#7301=AXIS2_PLACEMENT_3D('',#10421,#8449,#8450);
#7302=AXIS2_PLACEMENT_3D('',#10425,#8453,#8454);
#7303=AXIS2_PLACEMENT_3D('',#10426,#8455,#8456);
#7304=AXIS2_PLACEMENT_3D('',#10427,#8457,#8458);
#7305=AXIS2_PLACEMENT_3D('',#10428,#8459,#8460);
#7306=AXIS2_PLACEMENT_3D('',#10429,#8461,#8462);
#7307=AXIS2_PLACEMENT_3D('',#10430,#8463,#8464);
#7308=AXIS2_PLACEMENT_3D('',#10432,#8465,#8466);
#7309=AXIS2_PLACEMENT_3D('',#10436,#8468,#8469);
#7310=AXIS2_PLACEMENT_3D('',#10440,#8471,#8472);
#7311=AXIS2_PLACEMENT_3D('',#10444,#8474,#8475);
#7312=AXIS2_PLACEMENT_3D('',#10448,#8477,#8478);
#7313=AXIS2_PLACEMENT_3D('',#10451,#8480,#8481);
#7314=AXIS2_PLACEMENT_3D('',#10452,#8482,#8483);
#7315=AXIS2_PLACEMENT_3D('',#10456,#8485,#8486);
#7316=AXIS2_PLACEMENT_3D('',#10457,#8487,#8488);
#7317=AXIS2_PLACEMENT_3D('',#10461,#8490,#8491);
#7318=AXIS2_PLACEMENT_3D('',#10462,#8492,#8493);
#7319=AXIS2_PLACEMENT_3D('',#10483,#8494,#8495);
#7320=AXIS2_PLACEMENT_3D('',#10504,#8496,#8497);
#7321=AXIS2_PLACEMENT_3D('',#10507,#8498,#8499);
#7322=AXIS2_PLACEMENT_3D('',#10508,#8500,#8501);
#7323=AXIS2_PLACEMENT_3D('',#10511,#8503,#8504);
#7324=AXIS2_PLACEMENT_3D('',#10512,#8505,#8506);
#7325=AXIS2_PLACEMENT_3D('',#10514,#8507,#8508);
#7326=AXIS2_PLACEMENT_3D('',#10515,#8509,#8510);
#7327=AXIS2_PLACEMENT_3D('',#10516,#8511,#8512);
#7328=AXIS2_PLACEMENT_3D('',#10517,#8513,#8514);
#7329=AXIS2_PLACEMENT_3D('',#10519,#8516,#8517);
#7330=AXIS2_PLACEMENT_3D('',#10521,#8519,#8520);
#7331=AXIS2_PLACEMENT_3D('',#10522,#8521,#8522);
#7332=AXIS2_PLACEMENT_3D('',#10524,#8523,#8524);
#7333=AXIS2_PLACEMENT_3D('',#10527,#8526,#8527);
#7334=AXIS2_PLACEMENT_3D('',#10528,#8528,#8529);
#7335=AXIS2_PLACEMENT_3D('',#10530,#8530,#8531);
#7336=AXIS2_PLACEMENT_3D('',#10531,#8532,#8533);
#7337=AXIS2_PLACEMENT_3D('',#10532,#8534,#8535);
#7338=AXIS2_PLACEMENT_3D('',#10534,#8537,#8538);
#7339=AXIS2_PLACEMENT_3D('',#10535,#8539,#8540);
#7340=AXIS2_PLACEMENT_3D('',#10545,#8545,#8546);
#7341=AXIS2_PLACEMENT_3D('',#10546,#8547,#8548);
#7342=AXIS2_PLACEMENT_3D('',#10563,#8557,#8558);
#7343=AXIS2_PLACEMENT_3D('',#10565,#8559,#8560);
#7344=AXIS2_PLACEMENT_3D('',#10569,#8563,#8564);
#7345=AXIS2_PLACEMENT_3D('',#10574,#8566,#8567);
#7346=AXIS2_PLACEMENT_3D('',#10575,#8568,#8569);
#7347=AXIS2_PLACEMENT_3D('',#10577,#8571,#8572);
#7348=AXIS2_PLACEMENT_3D('',#10588,#8579,#8580);
#7349=AXIS2_PLACEMENT_3D('',#10595,#8585,#8586);
#7350=AXIS2_PLACEMENT_3D('',#10602,#8591,#8592);
#7351=AXIS2_PLACEMENT_3D('',#10605,#8595,#8596);
#7352=AXIS2_PLACEMENT_3D('',#10606,#8597,#8598);
#7353=AXIS2_PLACEMENT_3D('',#10607,#8599,#8600);
#7354=AXIS2_PLACEMENT_3D('',#10608,#8601,#8602);
#7355=AXIS2_PLACEMENT_3D('',#10609,#8603,#8604);
#7356=AXIS2_PLACEMENT_3D('',#10610,#8605,#8606);
#7357=AXIS2_PLACEMENT_3D('',#10612,#8608,#8609);
#7358=AXIS2_PLACEMENT_3D('',#10613,#8610,#8611);
#7359=AXIS2_PLACEMENT_3D('',#10614,#8612,#8613);
#7360=AXIS2_PLACEMENT_3D('',#10615,#8614,#8615);
#7361=AXIS2_PLACEMENT_3D('',#10628,#8622,#8623);
#7362=AXIS2_PLACEMENT_3D('',#10630,#8624,#8625);
#7363=AXIS2_PLACEMENT_3D('',#10633,#8627,#8628);
#7364=AXIS2_PLACEMENT_3D('',#10634,#8629,#8630);
#7365=AXIS2_PLACEMENT_3D('',#10640,#8634,#8635);
#7366=AXIS2_PLACEMENT_3D('',#10642,#8636,#8637);
#7367=AXIS2_PLACEMENT_3D('',#10645,#8639,#8640);
#7368=AXIS2_PLACEMENT_3D('',#10646,#8641,#8642);
#7369=AXIS2_PLACEMENT_3D('',#10659,#8649,#8650);
#7370=AXIS2_PLACEMENT_3D('',#10661,#8651,#8652);
#7371=AXIS2_PLACEMENT_3D('',#10663,#8653,#8654);
#7372=AXIS2_PLACEMENT_3D('',#10665,#8656,#8657);
#7373=AXIS2_PLACEMENT_3D('',#10671,#8661,#8662);
#7374=AXIS2_PLACEMENT_3D('',#10673,#8663,#8664);
#7375=AXIS2_PLACEMENT_3D('',#10675,#8665,#8666);
#7376=AXIS2_PLACEMENT_3D('',#10677,#8668,#8669);
#7377=AXIS2_PLACEMENT_3D('',#10684,#8672,#8673);
#7378=AXIS2_PLACEMENT_3D('',#10690,#8677,#8678);
#7379=AXIS2_PLACEMENT_3D('',#10692,#8680,#8681);
#7380=AXIS2_PLACEMENT_3D('',#10697,#8683,#8684);
#7381=AXIS2_PLACEMENT_3D('',#10700,#8686,#8687);
#7382=AXIS2_PLACEMENT_3D('',#10701,#8688,#8689);
#7383=AXIS2_PLACEMENT_3D('',#10707,#8693,#8694);
#7384=AXIS2_PLACEMENT_3D('',#10709,#8695,#8696);
#7385=AXIS2_PLACEMENT_3D('',#10712,#8698,#8699);
#7386=AXIS2_PLACEMENT_3D('',#10713,#8700,#8701);
#7387=AXIS2_PLACEMENT_3D('',#10723,#8707,#8708);
#7388=AXIS2_PLACEMENT_3D('',#10726,#8709,#8710);
#7389=AXIS2_PLACEMENT_3D('',#10730,#8712,#8713);
#7390=AXIS2_PLACEMENT_3D('',#10732,#8715,#8716);
#7391=AXIS2_PLACEMENT_3D('',#10738,#8720,#8721);
#7392=AXIS2_PLACEMENT_3D('',#10740,#8722,#8723);
#7393=AXIS2_PLACEMENT_3D('',#10742,#8724,#8725);
#7394=AXIS2_PLACEMENT_3D('',#10744,#8727,#8728);
#7395=AXIS2_PLACEMENT_3D('',#10754,#8734,#8735);
#7396=AXIS2_PLACEMENT_3D('',#10758,#8737,#8738);
#7397=AXIS2_PLACEMENT_3D('',#10762,#8740,#8741);
#7398=AXIS2_PLACEMENT_3D('',#10766,#8743,#8744);
#7399=AXIS2_PLACEMENT_3D('',#10770,#8746,#8747);
#7400=AXIS2_PLACEMENT_3D('',#10773,#8750,#8751);
#7401=AXIS2_PLACEMENT_3D('',#10776,#8752,#8753);
#7402=AXIS2_PLACEMENT_3D('',#10782,#8757,#8758);
#7403=AXIS2_PLACEMENT_3D('',#10786,#8760,#8761);
#7404=AXIS2_PLACEMENT_3D('',#10790,#8763,#8764);
#7405=AXIS2_PLACEMENT_3D('',#10792,#8766,#8767);
#7406=AXIS2_PLACEMENT_3D('',#10795,#8768,#8769);
#7407=AXIS2_PLACEMENT_3D('',#10801,#8773,#8774);
#7408=AXIS2_PLACEMENT_3D('',#10807,#8778,#8779);
#7409=AXIS2_PLACEMENT_3D('',#10810,#8782,#8783);
#7410=AXIS2_PLACEMENT_3D('',#10816,#8787,#8788);
#7411=AXIS2_PLACEMENT_3D('',#10825,#8792,#8793);
#7412=AXIS2_PLACEMENT_3D('',#10827,#8794,#8795);
#7413=AXIS2_PLACEMENT_3D('',#10829,#8796,#8797);
#7414=AXIS2_PLACEMENT_3D('',#10831,#8798,#8799);
#7415=AXIS2_PLACEMENT_3D('',#10833,#8800,#8801);
#7416=AXIS2_PLACEMENT_3D('',#10835,#8802,#8803);
#7417=AXIS2_PLACEMENT_3D('',#10839,#8805,#8806);
#7418=AXIS2_PLACEMENT_3D('',#10844,#8809,#8810);
#7419=AXIS2_PLACEMENT_3D('',#10848,#8812,#8813);
#7420=AXIS2_PLACEMENT_3D('',#10850,#8814,#8815);
#7421=AXIS2_PLACEMENT_3D('',#10852,#8816,#8817);
#7422=AXIS2_PLACEMENT_3D('',#10854,#8818,#8819);
#7423=AXIS2_PLACEMENT_3D('',#10856,#8820,#8821);
#7424=AXIS2_PLACEMENT_3D('',#10857,#8822,#8823);
#7425=AXIS2_PLACEMENT_3D('',#10858,#8824,#8825);
#7426=AXIS2_PLACEMENT_3D('',#10867,#8830,#8831);
#7427=AXIS2_PLACEMENT_3D('',#10876,#8835,#8836);
#7428=AXIS2_PLACEMENT_3D('',#10878,#8837,#8838);
#7429=AXIS2_PLACEMENT_3D('',#10880,#8839,#8840);
#7430=AXIS2_PLACEMENT_3D('',#10882,#8841,#8842);
#7431=AXIS2_PLACEMENT_3D('',#10884,#8843,#8844);
#7432=AXIS2_PLACEMENT_3D('',#10886,#8845,#8846);
#7433=AXIS2_PLACEMENT_3D('',#10890,#8848,#8849);
#7434=AXIS2_PLACEMENT_3D('',#10898,#8853,#8854);
#7435=AXIS2_PLACEMENT_3D('',#10902,#8856,#8857);
#7436=AXIS2_PLACEMENT_3D('',#10904,#8858,#8859);
#7437=AXIS2_PLACEMENT_3D('',#10906,#8860,#8861);
#7438=AXIS2_PLACEMENT_3D('',#10908,#8862,#8863);
#7439=AXIS2_PLACEMENT_3D('',#10910,#8864,#8865);
#7440=AXIS2_PLACEMENT_3D('',#10911,#8866,#8867);
#7441=AXIS2_PLACEMENT_3D('',#10912,#8868,#8869);
#7442=AXIS2_PLACEMENT_3D('',#10915,#8872,#8873);
#7443=AXIS2_PLACEMENT_3D('',#10924,#8878,#8879);
#7444=AXIS2_PLACEMENT_3D('',#10925,#8880,#8881);
#7445=AXIS2_PLACEMENT_3D('',#10926,#8882,#8883);
#7446=AXIS2_PLACEMENT_3D('',#10928,#8885,#8886);
#7447=AXIS2_PLACEMENT_3D('',#10930,#8888,#8889);
#7448=AXIS2_PLACEMENT_3D('',#10932,#8891,#8892);
#7449=AXIS2_PLACEMENT_3D('',#10934,#8894,#8895);
#7450=AXIS2_PLACEMENT_3D('',#10936,#8897,#8898);
#7451=AXIS2_PLACEMENT_3D('',#10938,#8900,#8901);
#7452=AXIS2_PLACEMENT_3D('',#10940,#8903,#8904);
#7453=AXIS2_PLACEMENT_3D('',#10942,#8906,#8907);
#7454=AXIS2_PLACEMENT_3D('',#10943,#8908,#8909);
#7455=AXIS2_PLACEMENT_3D('',#10945,#8911,#8912);
#7456=AXIS2_PLACEMENT_3D('',#10946,#8913,#8914);
#7457=AXIS2_PLACEMENT_3D('',#10948,#8916,#8917);
#7458=AXIS2_PLACEMENT_3D('',#10950,#8919,#8920);
#7459=AXIS2_PLACEMENT_3D('',#10952,#8922,#8923);
#7460=AXIS2_PLACEMENT_3D('',#10954,#8925,#8926);
#7461=AXIS2_PLACEMENT_3D('',#10956,#8928,#8929);
#7462=AXIS2_PLACEMENT_3D('',#10957,#8930,#8931);
#7463=AXIS2_PLACEMENT_3D('',#10966,#8938,#8939);
#7464=AXIS2_PLACEMENT_3D('',#10975,#8946,#8947);
#7465=AXIS2_PLACEMENT_3D('',#10976,#8948,#8949);
#7466=AXIS2_PLACEMENT_3D('',#10977,#8950,#8951);
#7467=AXIS2_PLACEMENT_3D('',#10978,#8952,#8953);
#7468=AXIS2_PLACEMENT_3D('',#10980,#8955,#8956);
#7469=AXIS2_PLACEMENT_3D('',#10982,#8958,#8959);
#7470=AXIS2_PLACEMENT_3D('',#10983,#8960,#8961);
#7471=AXIS2_PLACEMENT_3D('',#10986,#8964,#8965);
#7472=AXIS2_PLACEMENT_3D('',#10987,#8966,#8967);
#7473=AXIS2_PLACEMENT_3D('',#10988,#8968,#8969);
#7474=AXIS2_PLACEMENT_3D('',#10991,#8972,#8973);
#7475=AXIS2_PLACEMENT_3D('',#10994,#8976,#8977);
#7476=AXIS2_PLACEMENT_3D('',#10995,#8978,#8979);
#7477=AXIS2_PLACEMENT_3D('',#10996,#8980,#8981);
#7478=AXIS2_PLACEMENT_3D('',#10999,#8984,#8985);
#7479=AXIS2_PLACEMENT_3D('',#11001,#8987,#8988);
#7480=AXIS2_PLACEMENT_3D('',#11002,#8989,#8990);
#7481=AXIS2_PLACEMENT_3D('',#11004,#8992,#8993);
#7482=AXIS2_PLACEMENT_3D('',#11005,#8994,#8995);
#7483=AXIS2_PLACEMENT_3D('',#11008,#8996,#8997);
#7484=AXIS2_PLACEMENT_3D('',#11012,#8999,#9000);
#7485=AXIS2_PLACEMENT_3D('',#11018,#9004,#9005);
#7486=AXIS2_PLACEMENT_3D('',#11027,#9010,#9011);
#7487=AXIS2_PLACEMENT_3D('',#11030,#9012,#9013);
#7488=AXIS2_PLACEMENT_3D('',#11034,#9015,#9016);
#7489=AXIS2_PLACEMENT_3D('',#11040,#9020,#9021);
#7490=AXIS2_PLACEMENT_3D('',#11042,#9022,#9023);
#7491=AXIS2_PLACEMENT_3D('',#11061,#9025,#9026);
#7492=AXIS2_PLACEMENT_3D('',#11062,#9027,#9028);
#7493=AXIS2_PLACEMENT_3D('',#11063,#9029,#9030);
#7494=AXIS2_PLACEMENT_3D('',#11064,#9031,#9032);
#7495=AXIS2_PLACEMENT_3D('',#11065,#9033,#9034);
#7496=AXIS2_PLACEMENT_3D('',#11075,#9035,#9036);
#7497=AXIS2_PLACEMENT_3D('',#11077,#9037,#9038);
#7498=AXIS2_PLACEMENT_3D('',#11087,#9040,#9041);
#7499=AXIS2_PLACEMENT_3D('',#11088,#9042,#9043);
#7500=AXIS2_PLACEMENT_3D('',#11089,#9044,#9045);
#7501=AXIS2_PLACEMENT_3D('',#11090,#9046,#9047);
#7502=AXIS2_PLACEMENT_3D('',#11092,#9049,#9050);
#7503=AXIS2_PLACEMENT_3D('',#11094,#9052,#9053);
#7504=AXIS2_PLACEMENT_3D('',#11096,#9055,#9056);
#7505=AXIS2_PLACEMENT_3D('',#11098,#9058,#9059);
#7506=AXIS2_PLACEMENT_3D('',#11099,#9060,#9061);
#7507=AXIS2_PLACEMENT_3D('',#11100,#9062,#9063);
#7508=AXIS2_PLACEMENT_3D('',#11101,#9064,#9065);
#7509=AXIS2_PLACEMENT_3D('',#11102,#9066,#9067);
#7510=AXIS2_PLACEMENT_3D('',#11105,#9068,#9069);
#7511=AXIS2_PLACEMENT_3D('',#11109,#9071,#9072);
#7512=AXIS2_PLACEMENT_3D('',#11115,#9076,#9077);
#7513=AXIS2_PLACEMENT_3D('',#11118,#9078,#9079);
#7514=AXIS2_PLACEMENT_3D('',#11122,#9081,#9082);
#7515=AXIS2_PLACEMENT_3D('',#11128,#9086,#9087);
#7516=AXIS2_PLACEMENT_3D('',#11137,#9092,#9093);
#7517=AXIS2_PLACEMENT_3D('',#11138,#9094,#9095);
#7518=AXIS2_PLACEMENT_3D('',#11140,#9097,#9098);
#7519=AXIS2_PLACEMENT_3D('',#11141,#9099,#9100);
#7520=AXIS2_PLACEMENT_3D('',#11151,#9101,#9102);
#7521=AXIS2_PLACEMENT_3D('',#11153,#9103,#9104);
#7522=AXIS2_PLACEMENT_3D('',#11162,#9105,#9106);
#7523=AXIS2_PLACEMENT_3D('',#11163,#9107,#9108);
#7524=AXIS2_PLACEMENT_3D('',#11164,#9109,#9110);
#7525=AXIS2_PLACEMENT_3D('',#11166,#9112,#9113);
#7526=AXIS2_PLACEMENT_3D('',#11168,#9114,#9115);
#7527=AXIS2_PLACEMENT_3D('',#11186,#9116,#9117);
#7528=AXIS2_PLACEMENT_3D('',#11187,#9118,#9119);
#7529=AXIS2_PLACEMENT_3D('',#11189,#9121,#9122);
#7530=AXIS2_PLACEMENT_3D('',#11191,#9124,#9125);
#7531=AXIS2_PLACEMENT_3D('',#11193,#9127,#9128);
#7532=AXIS2_PLACEMENT_3D('',#11195,#9130,#9131);
#7533=AXIS2_PLACEMENT_3D('',#11196,#9132,#9133);
#7534=AXIS2_PLACEMENT_3D('',#11197,#9134,#9135);
#7535=AXIS2_PLACEMENT_3D('',#11198,#9136,#9137);
#7536=AXIS2_PLACEMENT_3D('',#11199,#9138,#9139);
#7537=AXIS2_PLACEMENT_3D('',#11200,#9140,#9141);
#7538=AXIS2_PLACEMENT_3D('',#11201,#9142,#9143);
#7539=AXIS2_PLACEMENT_3D('',#11202,#9144,#9145);
#7540=AXIS2_PLACEMENT_3D('',#11235,#9162,#9163);
#7541=AXIS2_PLACEMENT_3D('',#11260,#9176,#9177);
#7542=AXIS2_PLACEMENT_3D('',#11269,#9182,#9183);
#7543=AXIS2_PLACEMENT_3D('',#11278,#9188,#9189);
#7544=AXIS2_PLACEMENT_3D('',#11295,#9198,#9199);
#7545=AXIS2_PLACEMENT_3D('',#11301,#9203,#9204);
#7546=AXIS2_PLACEMENT_3D('',#11307,#9208,#9209);
#7547=AXIS2_PLACEMENT_3D('',#11373,#9245,#9246);
#7548=AXIS2_PLACEMENT_3D('',#11389,#9256,#9257);
#7549=AXIS2_PLACEMENT_3D('',#11395,#9261,#9262);
#7550=AXIS2_PLACEMENT_3D('',#11401,#9266,#9267);
#7551=AXIS2_PLACEMENT_3D('',#11418,#9276,#9277);
#7552=AXIS2_PLACEMENT_3D('',#11421,#9280,#9281);
#7553=AXIS2_PLACEMENT_3D('',#11424,#9284,#9285);
#7554=AXIS2_PLACEMENT_3D('',#11427,#9288,#9289);
#7555=AXIS2_PLACEMENT_3D('',#11428,#9290,#9291);
#7556=AXIS2_PLACEMENT_3D('',#11429,#9292,#9293);
#7557=AXIS2_PLACEMENT_3D('',#11435,#9297,#9298);
#7558=AXIS2_PLACEMENT_3D('',#11441,#9302,#9303);
#7559=AXIS2_PLACEMENT_3D('',#11444,#9306,#9307);
#7560=AXIS2_PLACEMENT_3D('',#11445,#9308,#9309);
#7561=AXIS2_PLACEMENT_3D('',#11446,#9310,#9311);
#7562=AXIS2_PLACEMENT_3D('',#11452,#9315,#9316);
#7563=AXIS2_PLACEMENT_3D('',#11455,#9319,#9320);
#7564=AXIS2_PLACEMENT_3D('',#11456,#9321,#9322);
#7565=AXIS2_PLACEMENT_3D('',#11457,#9323,#9324);
#7566=AXIS2_PLACEMENT_3D('',#11463,#9328,#9329);
#7567=AXIS2_PLACEMENT_3D('',#11469,#9333,#9334);
#7568=AXIS2_PLACEMENT_3D('',#11472,#9337,#9338);
#7569=AXIS2_PLACEMENT_3D('',#11473,#9339,#9340);
#7570=AXIS2_PLACEMENT_3D('',#11474,#9341,#9342);
#7571=AXIS2_PLACEMENT_3D('',#11476,#9344,#9345);
#7572=AXIS2_PLACEMENT_3D('',#11479,#9348,#9349);
#7573=AXIS2_PLACEMENT_3D('',#11483,#9353,#9354);
#7574=AXIS2_PLACEMENT_3D('',#11484,#9355,#9356);
#7575=AXIS2_PLACEMENT_3D('',#11485,#9357,#9358);
#7576=AXIS2_PLACEMENT_3D('',#11486,#9359,#9360);
#7577=AXIS2_PLACEMENT_3D('',#11488,#9362,#9363);
#7578=AXIS2_PLACEMENT_3D('',#11490,#9365,#9366);
#7579=AXIS2_PLACEMENT_3D('',#11491,#9367,#9368);
#7580=AXIS2_PLACEMENT_3D('',#11497,#9372,#9373);
#7581=AXIS2_PLACEMENT_3D('',#11503,#9377,#9378);
#7582=AXIS2_PLACEMENT_3D('',#11505,#9380,#9381);
#7583=AXIS2_PLACEMENT_3D('',#11507,#9383,#9384);
#7584=AXIS2_PLACEMENT_3D('',#11513,#9388,#9389);
#7585=AXIS2_PLACEMENT_3D('',#11517,#9392,#9393);
#7586=AXIS2_PLACEMENT_3D('',#11521,#9396,#9397);
#7587=AXIS2_PLACEMENT_3D('',#11523,#9399,#9400);
#7588=AXIS2_PLACEMENT_3D('',#11524,#9401,#9402);
#7589=AXIS2_PLACEMENT_3D('',#11525,#9403,#9404);
#7590=AXIS2_PLACEMENT_3D('',#11531,#9408,#9409);
#7591=AXIS2_PLACEMENT_3D('',#11534,#9412,#9413);
#7592=AXIS2_PLACEMENT_3D('',#11535,#9414,#9415);
#7593=AXIS2_PLACEMENT_3D('',#11536,#9416,#9417);
#7594=AXIS2_PLACEMENT_3D('',#11542,#9421,#9422);
#7595=AXIS2_PLACEMENT_3D('',#11548,#9426,#9427);
#7596=AXIS2_PLACEMENT_3D('',#11551,#9430,#9431);
#7597=AXIS2_PLACEMENT_3D('',#11552,#9432,#9433);
#7598=AXIS2_PLACEMENT_3D('',#11553,#9434,#9435);
#7599=AXIS2_PLACEMENT_3D('',#11557,#9439,#9440);
#7600=AXIS2_PLACEMENT_3D('',#11561,#9444,#9445);
#7601=AXIS2_PLACEMENT_3D('',#11562,#9446,#9447);
#7602=AXIS2_PLACEMENT_3D('',#11563,#9448,#9449);
#7603=AXIS2_PLACEMENT_3D('',#11564,#9450,#9451);
#7604=AXIS2_PLACEMENT_3D('',#11565,#9452,#9453);
#7605=AXIS2_PLACEMENT_3D('',#11567,#9455,#9456);
#7606=AXIS2_PLACEMENT_3D('',#11569,#9458,#9459);
#7607=AXIS2_PLACEMENT_3D('',#11570,#9460,#9461);
#7608=AXIS2_PLACEMENT_3D('',#11576,#9465,#9466);
#7609=AXIS2_PLACEMENT_3D('',#11580,#9469,#9470);
#7610=AXIS2_PLACEMENT_3D('',#11584,#9473,#9474);
#7611=AXIS2_PLACEMENT_3D('',#11586,#9476,#9477);
#7612=AXIS2_PLACEMENT_3D('',#11592,#9481,#9482);
#7613=AXIS2_PLACEMENT_3D('',#11596,#9485,#9486);
#7614=AXIS2_PLACEMENT_3D('',#11600,#9489,#9490);
#7615=AXIS2_PLACEMENT_3D('',#11602,#9492,#9493);
#7616=AXIS2_PLACEMENT_3D('',#11603,#9494,#9495);
#7617=AXIS2_PLACEMENT_3D('',#11604,#9496,#9497);
#7618=AXIS2_PLACEMENT_3D('',#11605,#9498,#9499);
#7619=AXIS2_PLACEMENT_3D('',#11606,#9500,#9501);
#7620=AXIS2_PLACEMENT_3D('',#11607,#9502,#9503);
#7621=AXIS2_PLACEMENT_3D('',#11608,#9504,#9505);
#7622=AXIS2_PLACEMENT_3D('',#11609,#9506,#9507);
#7623=AXIS2_PLACEMENT_3D('',#11610,#9508,#9509);
#7624=AXIS2_PLACEMENT_3D('',#11611,#9510,#9511);
#7625=DIRECTION('axis',(0.,0.,1.));
#7626=DIRECTION('refdir',(1.,0.,0.));
#7627=DIRECTION('axis',(0.,0.,1.));
#7628=DIRECTION('refdir',(1.,0.,0.));
#7629=DIRECTION('center_axis',(-1.,0.,0.));
#7630=DIRECTION('ref_axis',(0.,0.,1.));
#7631=DIRECTION('',(0.,1.,2.96533927517403E-16));
#7632=DIRECTION('',(0.,1.11200222819026E-16,1.));
#7633=DIRECTION('',(0.,1.,1.94912750109754E-16));
#7634=DIRECTION('',(0.,2.96533927517403E-16,-1.));
#7635=DIRECTION('center_axis',(0.,0.707106781186548,0.707106781186548));
#7636=DIRECTION('ref_axis',(1.,0.,0.));
#7637=DIRECTION('',(1.,0.,0.));
#7638=DIRECTION('',(0.,0.707106781186548,-0.707106781186548));
#7639=DIRECTION('',(-1.,0.,0.));
#7640=DIRECTION('',(0.,0.707106781186548,-0.707106781186548));
#7641=DIRECTION('',(1.,0.,0.));
#7642=DIRECTION('',(1.,0.,0.));
#7643=DIRECTION('center_axis',(-1.,2.64318448669746E-32,-2.74264581182104E-16));
#7644=DIRECTION('ref_axis',(-2.74264581182104E-16,0.,1.));
#7645=DIRECTION('',(0.,-1.,-9.63735264431559E-17));
#7646=DIRECTION('',(-2.74264581182104E-16,0.,1.));
#7647=DIRECTION('',(0.,-1.,-9.63735264431559E-17));
#7648=DIRECTION('',(8.5877399800832E-17,9.63735264431559E-17,-1.));
#7649=DIRECTION('',(0.,-1.,-9.63735264431559E-17));
#7650=DIRECTION('',(0.,9.63735264431559E-17,-1.));
#7651=DIRECTION('',(0.,1.,9.63735264431559E-17));
#7652=DIRECTION('',(0.,-9.63735264431559E-17,1.));
#7653=DIRECTION('',(0.,1.,9.63735264431559E-17));
#7654=DIRECTION('',(0.,9.63735264431559E-17,-1.));
#7655=DIRECTION('',(0.,-1.,-9.63735264431559E-17));
#7656=DIRECTION('',(2.06514699521049E-16,9.63735264431559E-17,-1.));
#7657=DIRECTION('',(-1.93934345193154E-16,0.707106781186548,0.707106781186547));
#7658=DIRECTION('center_axis',(1.,0.,0.));
#7659=DIRECTION('ref_axis',(0.,0.,-1.));
#7660=DIRECTION('',(0.,-1.,-9.63735264431559E-17));
#7661=DIRECTION('',(0.,0.,-1.));
#7662=DIRECTION('',(0.,-1.,-9.63735264431559E-17));
#7663=DIRECTION('',(0.,-0.707106781186547,-0.707106781186548));
#7664=DIRECTION('',(2.06514699521048E-16,-9.63735264431559E-17,1.));
#7665=DIRECTION('',(0.,-1.,-9.63735264431559E-17));
#7666=DIRECTION('',(0.,-9.63735264431559E-17,1.));
#7667=DIRECTION('',(0.,1.,9.63735264431559E-17));
#7668=DIRECTION('',(0.,-9.63735264431559E-17,1.));
#7669=DIRECTION('',(0.,1.,9.63735264431559E-17));
#7670=DIRECTION('',(0.,-9.63735264431559E-17,1.));
#7671=DIRECTION('',(0.,-1.,-9.63735264431559E-17));
#7672=DIRECTION('',(0.,-9.63735264431559E-17,1.));
#7673=DIRECTION('center_axis',(-0.994521895368273,-0.104528463267654,-2.72762131109612E-16));
#7674=DIRECTION('ref_axis',(0.104528463267654,-0.994521895368273,0.));
#7675=DIRECTION('',(0.104528463267654,-0.994521895368273,-8.09988589988608E-17));
#7676=DIRECTION('',(2.64135315385439E-16,9.63735264431559E-17,-1.));
#7677=DIRECTION('',(-0.0237353576790069,0.2258268434094,0.973878262203031));
#7678=DIRECTION('',(-0.104528463267654,0.994521895368273,0.));
#7679=DIRECTION('',(-2.74264581182104E-16,0.,1.));
#7680=DIRECTION('center_axis',(0.,1.,9.63735264431559E-17));
#7681=DIRECTION('ref_axis',(0.,-9.63735264431559E-17,1.));
#7682=DIRECTION('',(1.,0.,0.));
#7683=DIRECTION('',(-1.,1.36884349440732E-32,-1.42035219102904E-16));
#7684=DIRECTION('',(-1.01292657966644E-17,-9.63735264431559E-17,1.));
#7685=DIRECTION('center_axis',(0.994521895368273,-0.104528463267654,0.));
#7686=DIRECTION('ref_axis',(0.104528463267654,0.994521895368273,0.));
#7687=DIRECTION('',(0.,9.63735264431559E-17,-1.));
#7688=DIRECTION('',(-0.104528463267654,-0.994521895368273,0.));
#7689=DIRECTION('',(-0.0237353576790066,-0.2258268434094,-0.973878262203031));
#7690=DIRECTION('',(-0.104528463267654,-0.994521895368273,-1.10692305364283E-16));
#7691=DIRECTION('center_axis',(0.,9.63735264431559E-17,-1.));
#7692=DIRECTION('ref_axis',(-1.65389215948552E-15,-1.,-9.63735264431559E-17));
#7693=DIRECTION('center_axis',(0.,0.,1.));
#7694=DIRECTION('ref_axis',(1.,0.,0.));
#7695=DIRECTION('',(0.,9.63735264431559E-17,-1.));
#7696=DIRECTION('center_axis',(0.,-9.63735264431559E-17,1.));
#7697=DIRECTION('ref_axis',(1.,0.,0.));
#7698=DIRECTION('',(0.,9.63735264431559E-17,-1.));
#7699=DIRECTION('center_axis',(0.,-9.63735264431559E-17,1.));
#7700=DIRECTION('ref_axis',(1.,0.,0.));
#7701=DIRECTION('center_axis',(0.,0.,1.));
#7702=DIRECTION('ref_axis',(1.,0.,0.));
#7703=DIRECTION('',(-1.,0.,0.));
#7704=DIRECTION('',(0.,-1.,0.));
#7705=DIRECTION('',(-1.,0.,0.));
#7706=DIRECTION('',(0.,1.,0.));
#7707=DIRECTION('',(-1.,0.,0.));
#7708=DIRECTION('',(0.,1.,0.));
#7709=DIRECTION('',(1.,0.,0.));
#7710=DIRECTION('',(0.,-1.,0.));
#7711=DIRECTION('',(-1.,0.,0.));
#7712=DIRECTION('',(0.,1.,0.));
#7713=DIRECTION('',(1.,0.,0.));
#7714=DIRECTION('',(0.,-1.,0.));
#7715=DIRECTION('center_axis',(0.,0.,-1.));
#7716=DIRECTION('ref_axis',(1.,0.,0.));
#7717=DIRECTION('center_axis',(0.,0.,-1.));
#7718=DIRECTION('ref_axis',(1.,0.,0.));
#7719=DIRECTION('center_axis',(0.,9.74563750548768E-17,-1.));
#7720=DIRECTION('ref_axis',(0.,1.,9.74563750548768E-17));
#7721=DIRECTION('',(-1.,0.,0.));
#7722=DIRECTION('',(0.,1.,9.74563750548768E-17));
#7723=DIRECTION('',(-1.,0.,0.));
#7724=DIRECTION('',(0.,-1.,-9.74563750548768E-17));
#7725=DIRECTION('',(-1.,0.,0.));
#7726=DIRECTION('',(0.,-1.,-9.74563750548768E-17));
#7727=DIRECTION('',(1.,0.,0.));
#7728=DIRECTION('',(0.,1.,9.74563750548768E-17));
#7729=DIRECTION('',(-1.,0.,0.));
#7730=DIRECTION('',(0.,-1.,-9.74563750548768E-17));
#7731=DIRECTION('',(1.,0.,0.));
#7732=DIRECTION('',(0.,1.,9.74563750548768E-17));
#7733=DIRECTION('center_axis',(0.,0.,-1.));
#7734=DIRECTION('ref_axis',(-1.,0.,0.));
#7735=DIRECTION('',(0.,1.,-6.19544098563146E-16));
#7736=DIRECTION('',(1.,0.,0.));
#7737=DIRECTION('center_axis',(0.,-9.63735264431559E-17,1.));
#7738=DIRECTION('ref_axis',(1.,0.,0.));
#7739=DIRECTION('',(0.,-1.,-9.63735264431559E-17));
#7740=DIRECTION('',(-1.,0.,0.));
#7741=DIRECTION('',(0.,-1.,0.));
#7742=DIRECTION('',(-1.,0.,0.));
#7743=DIRECTION('',(0.,1.,0.));
#7744=DIRECTION('',(-1.,0.,0.));
#7745=DIRECTION('',(0.,-1.,-9.63735264431559E-17));
#7746=DIRECTION('',(-1.,0.,0.));
#7747=DIRECTION('',(0.,-1.,0.));
#7748=DIRECTION('',(1.,0.,0.));
#7749=DIRECTION('',(0.,1.,0.));
#7750=DIRECTION('',(-1.,0.,0.));
#7751=DIRECTION('',(0.,-1.,0.));
#7752=DIRECTION('',(1.,0.,0.));
#7753=DIRECTION('',(0.,1.,0.));
#7754=DIRECTION('center_axis',(-1.42035219102904E-16,-9.63735264431559E-17,
1.));
#7755=DIRECTION('ref_axis',(1.,0.,1.42035219102904E-16));
#7756=DIRECTION('',(-1.,1.36884349440732E-32,-1.42035219102904E-16));
#7757=DIRECTION('',(0.,-1.,-9.63735264431559E-17));
#7758=DIRECTION('',(-1.,1.36884349440732E-32,-1.42035219102904E-16));
#7759=DIRECTION('',(0.,-1.,-9.63735264431559E-17));
#7760=DIRECTION('',(-1.,1.36884349440732E-32,-1.42035219102904E-16));
#7761=DIRECTION('',(-1.,0.,-1.42035219102904E-16));
#7762=DIRECTION('',(0.,1.,9.63735264431559E-17));
#7763=DIRECTION('',(1.,0.,1.42035219102904E-16));
#7764=DIRECTION('',(0.,-1.,-9.63735264431559E-17));
#7765=DIRECTION('',(-1.,0.,-1.42035219102904E-16));
#7766=DIRECTION('',(0.,1.,9.63735264431559E-17));
#7767=DIRECTION('',(1.,0.,1.42035219102904E-16));
#7768=DIRECTION('',(0.,-1.,-9.63735264431559E-17));
#7769=DIRECTION('center_axis',(0.,9.63735264431559E-17,-1.));
#7770=DIRECTION('ref_axis',(0.,1.,9.63735264431559E-17));
#7771=DIRECTION('',(0.,-1.,-9.63735264431559E-17));
#7772=DIRECTION('',(1.,0.,0.));
#7773=DIRECTION('',(0.,-1.,-9.63735264431559E-17));
#7774=DIRECTION('',(-1.,0.,0.));
#7775=DIRECTION('',(0.,-1.,-9.63735264431559E-17));
#7776=DIRECTION('',(1.,0.,0.));
#7777=DIRECTION('center_axis',(0.,9.63735264431559E-17,-1.));
#7778=DIRECTION('ref_axis',(0.,1.,9.63735264431559E-17));
#7779=DIRECTION('center_axis',(0.,0.,-1.));
#7780=DIRECTION('ref_axis',(-1.,0.,0.));
#7781=DIRECTION('center_axis',(0.,0.,-1.));
#7782=DIRECTION('ref_axis',(1.,0.,0.));
#7783=DIRECTION('center_axis',(0.,0.,-1.));
#7784=DIRECTION('ref_axis',(1.,0.,0.));
#7785=DIRECTION('center_axis',(0.,1.,2.96533927517403E-16));
#7786=DIRECTION('ref_axis',(0.,-2.96533927517403E-16,1.));
#7787=DIRECTION('',(-1.,0.,0.));
#7788=DIRECTION('center_axis',(0.,1.,2.96533927517403E-16));
#7789=DIRECTION('ref_axis',(-1.,0.,0.));
#7790=DIRECTION('',(-1.,0.,0.));
#7791=DIRECTION('',(-1.,0.,0.));
#7792=DIRECTION('',(0.267643863786095,-2.85715749975924E-16,0.963517909629941));
#7793=DIRECTION('',(-1.,0.,0.));
#7794=DIRECTION('',(0.267643863786095,2.85715749975924E-16,-0.963517909629941));
#7795=DIRECTION('',(-1.,0.,0.));
#7796=DIRECTION('',(0.267643863786095,-2.85715749975924E-16,0.963517909629941));
#7797=DIRECTION('',(-1.,0.,0.));
#7798=DIRECTION('',(0.267643863786095,2.85715749975924E-16,-0.963517909629941));
#7799=DIRECTION('',(-1.,0.,0.));
#7800=DIRECTION('',(0.,2.96533927517403E-16,-1.));
#7801=DIRECTION('',(-1.,0.,0.));
#7802=DIRECTION('center_axis',(0.,1.,2.96533927517403E-16));
#7803=DIRECTION('ref_axis',(-1.,0.,0.));
#7804=DIRECTION('',(0.892198407730781,-1.33927670184551E-16,0.451643666226661));
#7805=DIRECTION('center_axis',(0.,-1.,-2.96533927517403E-16));
#7806=DIRECTION('ref_axis',(-1.,0.,0.));
#7807=DIRECTION('',(-1.,0.,0.));
#7808=DIRECTION('center_axis',(0.,-1.,-2.96533927517403E-16));
#7809=DIRECTION('ref_axis',(1.,0.,0.));
#7810=DIRECTION('',(0.892198407730781,1.33927670184551E-16,-0.451643666226661));
#7811=DIRECTION('center_axis',(0.,-1.,-2.96533927517403E-16));
#7812=DIRECTION('ref_axis',(-1.,0.,0.));
#7813=DIRECTION('center_axis',(0.,-1.,-2.96533927517403E-16));
#7814=DIRECTION('ref_axis',(-1.,0.,0.));
#7815=DIRECTION('center_axis',(0.,1.39897054514259E-16,-1.));
#7816=DIRECTION('ref_axis',(0.,1.,1.39897054514259E-16));
#7817=DIRECTION('',(-1.,0.,0.));
#7818=DIRECTION('',(0.,1.,2.47817639425259E-15));
#7819=DIRECTION('',(1.,0.,0.));
#7820=DIRECTION('',(1.,0.,0.));
#7821=DIRECTION('',(1.,0.,0.));
#7822=DIRECTION('',(0.,-1.,-1.39897054514259E-16));
#7823=DIRECTION('center_axis',(0.,-1.94912750109754E-16,1.));
#7824=DIRECTION('ref_axis',(0.,-1.,-1.94912750109754E-16));
#7825=DIRECTION('',(0.,1.,2.96533927517403E-16));
#7826=DIRECTION('',(1.,0.,0.));
#7827=DIRECTION('',(0.,1.,2.96533927517403E-16));
#7828=DIRECTION('center_axis',(0.,1.,9.63735264431559E-17));
#7829=DIRECTION('ref_axis',(0.,-9.63735264431559E-17,1.));
#7830=DIRECTION('',(-1.,3.48294622465863E-32,-3.61400724161835E-16));
#7831=DIRECTION('',(1.,0.,0.));
#7832=DIRECTION('',(0.,-9.63735264431559E-17,1.));
#7833=DIRECTION('',(1.,0.,0.));
#7834=DIRECTION('',(0.,9.63735264431559E-17,-1.));
#7835=DIRECTION('',(-1.,2.61220966849397E-32,-2.71050543121376E-16));
#7836=DIRECTION('',(0.,-9.63735264431559E-17,1.));
#7837=DIRECTION('',(-1.,0.,0.));
#7838=DIRECTION('',(0.,-9.63735264431559E-17,1.));
#7839=DIRECTION('',(-1.,0.,0.));
#7840=DIRECTION('',(0.,9.63735264431559E-17,-1.));
#7841=DIRECTION('',(-1.,0.,0.));
#7842=DIRECTION('',(1.,2.17684139041164E-32,-2.25875452601147E-16));
#7843=DIRECTION('',(0.,9.63735264431559E-17,-1.));
#7844=DIRECTION('center_axis',(0.,1.,9.63735264431559E-17));
#7845=DIRECTION('ref_axis',(1.,0.,0.));
#7846=DIRECTION('center_axis',(0.,-1.,-9.63735264431559E-17));
#7847=DIRECTION('ref_axis',(0.,9.63735264431559E-17,-1.));
#7848=DIRECTION('',(2.06514699521048E-16,-9.63735264431559E-17,1.));
#7849=DIRECTION('',(1.,-1.36884349440732E-32,1.42035219102904E-16));
#7850=DIRECTION('',(0.,-9.63735264431559E-17,1.));
#7851=DIRECTION('',(-1.,0.,0.));
#7852=DIRECTION('center_axis',(0.,-1.,-9.63735264431559E-17));
#7853=DIRECTION('ref_axis',(0.,9.63735264431559E-17,-1.));
#7854=DIRECTION('',(0.,-9.63735264431559E-17,1.));
#7855=DIRECTION('',(1.,0.,0.));
#7856=DIRECTION('',(-6.67201336914158E-16,9.63735264431559E-17,-1.));
#7857=DIRECTION('',(1.,0.,0.));
#7858=DIRECTION('center_axis',(0.,-1.,-9.63735264431559E-17));
#7859=DIRECTION('ref_axis',(0.,9.63735264431559E-17,-1.));
#7860=DIRECTION('',(0.,9.63735264431559E-17,-1.));
#7861=DIRECTION('',(1.,-1.36884349440732E-32,1.42035219102904E-16));
#7862=DIRECTION('',(-1.,0.,0.));
#7863=DIRECTION('center_axis',(0.,1.,9.63735264431559E-17));
#7864=DIRECTION('ref_axis',(0.,-9.63735264431559E-17,1.));
#7865=DIRECTION('',(1.,0.,0.));
#7866=DIRECTION('',(1.47010464065831E-16,9.63735264431559E-17,-1.));
#7867=DIRECTION('',(0.,-9.63735264431559E-17,1.));
#7868=DIRECTION('center_axis',(0.,1.,9.63735264431559E-17));
#7869=DIRECTION('ref_axis',(0.,-9.63735264431559E-17,1.));
#7870=DIRECTION('',(1.,0.,0.));
#7871=DIRECTION('',(0.,-9.63735264431559E-17,1.));
#7872=DIRECTION('center_axis',(0.,-1.,-9.63735264431559E-17));
#7873=DIRECTION('ref_axis',(0.,9.63735264431559E-17,-1.));
#7874=DIRECTION('',(1.47010464065831E-16,9.63735264431559E-17,-1.));
#7875=DIRECTION('',(1.,0.,0.));
#7876=DIRECTION('',(0.,-9.63735264431559E-17,1.));
#7877=DIRECTION('center_axis',(0.,-0.976187060183953,0.216930457818656));
#7878=DIRECTION('ref_axis',(0.,-0.216930457818656,-0.976187060183953));
#7879=DIRECTION('',(0.,0.216930457818656,0.976187060183953));
#7880=DIRECTION('',(0.,-0.216930457818657,-0.976187060183953));
#7881=DIRECTION('',(-1.,0.,0.));
#7882=DIRECTION('center_axis',(0.,9.63735264431559E-17,-1.));
#7883=DIRECTION('ref_axis',(0.,1.,9.63735264431559E-17));
#7884=DIRECTION('center_axis',(0.,-9.63735264431559E-17,1.));
#7885=DIRECTION('ref_axis',(1.,0.,0.));
#7886=DIRECTION('',(1.,0.,0.));
#7887=DIRECTION('',(0.,-1.,-9.63735264431559E-17));
#7888=DIRECTION('',(-1.,0.,0.));
#7889=DIRECTION('',(0.,-1.,-9.63735264431559E-17));
#7890=DIRECTION('',(1.,0.,0.));
#7891=DIRECTION('',(0.,-1.,-9.63735264431559E-17));
#7892=DIRECTION('center_axis',(0.,9.63735264431559E-17,-1.));
#7893=DIRECTION('ref_axis',(0.,1.,9.63735264431559E-17));
#7894=DIRECTION('center_axis',(0.,0.,-1.));
#7895=DIRECTION('ref_axis',(-1.,0.,0.));
#7896=DIRECTION('center_axis',(0.,0.,-1.));
#7897=DIRECTION('ref_axis',(1.,0.,0.));
#7898=DIRECTION('center_axis',(0.,0.,-1.));
#7899=DIRECTION('ref_axis',(1.,0.,0.));
#7900=DIRECTION('center_axis',(-1.,0.,0.));
#7901=DIRECTION('ref_axis',(0.,0.,1.));
#7902=DIRECTION('',(0.,1.,2.96533927517403E-16));
#7903=DIRECTION('',(0.,1.,1.94912750109754E-16));
#7904=DIRECTION('',(0.,2.0289163461717E-16,-1.));
#7905=DIRECTION('',(0.,0.263117405792106,-0.964763821237733));
#7906=DIRECTION('',(0.,0.,-1.));
#7907=DIRECTION('',(0.,0.,1.));
#7908=DIRECTION('',(0.,0.216930457818656,0.976187060183953));
#7909=DIRECTION('',(0.,-9.74563750548768E-17,1.));
#7910=DIRECTION('',(0.,-4.95635278850516E-15,-1.));
#7911=DIRECTION('',(0.,-2.96533927517403E-16,1.));
#7912=DIRECTION('center_axis',(0.,-1.94912750109754E-16,1.));
#7913=DIRECTION('ref_axis',(0.,-1.,-1.94912750109754E-16));
#7914=DIRECTION('',(0.,1.,2.96533927517403E-16));
#7915=DIRECTION('center_axis',(0.,1.,9.63735264431559E-17));
#7916=DIRECTION('ref_axis',(0.,-9.63735264431559E-17,1.));
#7917=DIRECTION('',(-1.,3.48294622465863E-32,-3.61400724161835E-16));
#7918=DIRECTION('',(0.,9.63735264431559E-17,-1.));
#7919=DIRECTION('',(1.,0.,0.));
#7920=DIRECTION('',(1.,0.,0.));
#7921=DIRECTION('',(0.,9.63735264431559E-17,-1.));
#7922=DIRECTION('',(-1.,2.61220966849397E-32,-2.71050543121376E-16));
#7923=DIRECTION('',(-1.,0.,0.));
#7924=DIRECTION('',(0.,-9.63735264431559E-17,1.));
#7925=DIRECTION('',(-1.,0.,0.));
#7926=DIRECTION('',(0.,9.63735264431559E-17,-1.));
#7927=DIRECTION('',(-1.,0.,0.));
#7928=DIRECTION('',(0.,9.63735264431559E-17,-1.));
#7929=DIRECTION('',(1.,2.17684139041164E-32,-2.25875452601147E-16));
#7930=DIRECTION('',(0.,9.63735264431559E-17,-1.));
#7931=DIRECTION('center_axis',(0.,1.,9.63735264431559E-17));
#7932=DIRECTION('ref_axis',(1.,0.,0.));
#7933=DIRECTION('center_axis',(-1.,1.32159224334873E-32,-1.37132290591052E-16));
#7934=DIRECTION('ref_axis',(-1.37132290591052E-16,0.,1.));
#7935=DIRECTION('',(1.33866767608371E-16,-0.216930457818656,-0.976187060183953));
#7936=DIRECTION('',(0.,9.63735264431559E-17,-1.));
#7937=DIRECTION('',(8.5877399800832E-17,9.63735264431559E-17,-1.));
#7938=DIRECTION('',(0.,-1.,-9.63735264431559E-17));
#7939=DIRECTION('',(0.,1.,9.63735264431559E-17));
#7940=DIRECTION('',(0.,-9.63735264431559E-17,1.));
#7941=DIRECTION('',(0.,1.,9.63735264431559E-17));
#7942=DIRECTION('',(0.,-1.,-9.63735264431559E-17));
#7943=DIRECTION('',(2.06514699521049E-16,9.63735264431559E-17,-1.));
#7944=DIRECTION('',(-9.6967172596577E-17,0.707106781186547,0.707106781186548));
#7945=DIRECTION('',(1.37132290591052E-16,9.63735264431559E-17,-1.));
#7946=DIRECTION('center_axis',(0.,-1.,-9.63735264431559E-17));
#7947=DIRECTION('ref_axis',(0.,9.63735264431559E-17,-1.));
#7948=DIRECTION('',(1.,-1.36884349440732E-32,1.42035219102904E-16));
#7949=DIRECTION('',(0.,-9.63735264431559E-17,1.));
#7950=DIRECTION('',(-1.,0.,0.));
#7951=DIRECTION('center_axis',(0.,-1.,-9.63735264431559E-17));
#7952=DIRECTION('ref_axis',(0.,9.63735264431559E-17,-1.));
#7953=DIRECTION('',(0.,-9.63735264431559E-17,1.));
#7954=DIRECTION('',(1.,0.,0.));
#7955=DIRECTION('',(-6.67201336914158E-16,9.63735264431559E-17,-1.));
#7956=DIRECTION('',(1.,0.,0.));
#7957=DIRECTION('center_axis',(0.,-1.,-9.63735264431559E-17));
#7958=DIRECTION('ref_axis',(0.,9.63735264431559E-17,-1.));
#7959=DIRECTION('',(0.,9.63735264431559E-17,-1.));
#7960=DIRECTION('',(1.,-1.36884349440732E-32,1.42035219102904E-16));
#7961=DIRECTION('',(-1.,0.,0.));
#7962=DIRECTION('center_axis',(0.,1.,9.63735264431559E-17));
#7963=DIRECTION('ref_axis',(0.,-9.63735264431559E-17,1.));
#7964=DIRECTION('',(1.,0.,0.));
#7965=DIRECTION('',(1.47010464065831E-16,9.63735264431559E-17,-1.));
#7966=DIRECTION('center_axis',(0.,1.,9.63735264431559E-17));
#7967=DIRECTION('ref_axis',(0.,-9.63735264431559E-17,1.));
#7968=DIRECTION('',(1.,0.,0.));
#7969=DIRECTION('',(0.,-9.63735264431559E-17,1.));
#7970=DIRECTION('center_axis',(0.,-1.,-9.63735264431559E-17));
#7971=DIRECTION('ref_axis',(0.,9.63735264431559E-17,-1.));
#7972=DIRECTION('',(1.47010464065831E-16,9.63735264431559E-17,-1.));
#7973=DIRECTION('',(1.,0.,0.));
#7974=DIRECTION('',(0.,-9.63735264431559E-17,1.));
#7975=DIRECTION('center_axis',(0.,-0.976187060183953,0.216930457818656));
#7976=DIRECTION('ref_axis',(0.,-0.216930457818656,-0.976187060183953));
#7977=DIRECTION('',(-1.,0.,0.));
#7978=DIRECTION('center_axis',(0.,-1.,-9.74563750548768E-17));
#7979=DIRECTION('ref_axis',(0.,9.74563750548768E-17,-1.));
#7980=DIRECTION('',(0.,-9.63735264431559E-17,1.));
#7981=DIRECTION('',(0.,0.,-1.));
#7982=DIRECTION('center_axis',(0.,-1.,0.));
#7983=DIRECTION('ref_axis',(0.,0.,-1.));
#7984=DIRECTION('',(0.,-2.77555756156289E-15,-1.));
#7985=DIRECTION('center_axis',(0.,1.,0.));
#7986=DIRECTION('ref_axis',(0.,0.,1.));
#7987=DIRECTION('',(1.,0.,0.));
#7988=DIRECTION('',(0.,0.,-1.));
#7989=DIRECTION('',(-1.,0.,0.));
#7990=DIRECTION('',(0.,0.,1.));
#7991=DIRECTION('',(-1.,0.,0.));
#7992=DIRECTION('',(0.,0.,-1.));
#7993=DIRECTION('center_axis',(0.,0.964763821237733,0.263117405792106));
#7994=DIRECTION('ref_axis',(0.,-0.263117405792106,0.964763821237733));
#7995=DIRECTION('',(-1.,0.,0.));
#7996=DIRECTION('',(0.,-0.263117405792106,0.964763821237733));
#7997=DIRECTION('',(-1.,0.,0.));
#7998=DIRECTION('',(-1.,0.,0.));
#7999=DIRECTION('',(-1.,0.,0.));
#8000=DIRECTION('center_axis',(0.,1.,2.0289163461717E-16));
#8001=DIRECTION('ref_axis',(0.,-2.0289163461717E-16,1.));
#8002=DIRECTION('',(0.,1.03257349760524E-16,1.));
#8003=DIRECTION('',(-1.,0.,0.));
#8004=DIRECTION('',(0.,1.03257349760524E-16,1.));
#8005=DIRECTION('',(0.,-2.0289163461717E-16,1.));
#8006=DIRECTION('',(-1.,0.,0.));
#8007=DIRECTION('',(0.,2.0289163461717E-16,-1.));
#8008=DIRECTION('',(-1.,0.,0.));
#8009=DIRECTION('',(0.,-2.31841973990611E-16,1.));
#8010=DIRECTION('center_axis',(0.,-1.94912750109754E-16,1.));
#8011=DIRECTION('ref_axis',(0.,-1.,-1.94912750109754E-16));
#8012=DIRECTION('',(0.,1.,2.96533927517403E-16));
#8013=DIRECTION('',(1.,0.,0.));
#8014=DIRECTION('center_axis',(0.,1.,-4.95635278850516E-15));
#8015=DIRECTION('ref_axis',(0.,4.95635278850516E-15,1.));
#8016=DIRECTION('',(0.,5.01830719836147E-15,1.));
#8017=DIRECTION('center_axis',(1.,0.,0.));
#8018=DIRECTION('ref_axis',(0.,0.,-1.));
#8019=DIRECTION('',(0.,-0.707106781186548,-0.707106781186547));
#8020=DIRECTION('',(0.,-1.,-9.63735264431559E-17));
#8021=DIRECTION('',(0.,1.,9.63735264431559E-17));
#8022=DIRECTION('',(0.,-9.63735264431559E-17,1.));
#8023=DIRECTION('',(0.,1.,9.63735264431559E-17));
#8024=DIRECTION('',(0.,-1.,-9.63735264431559E-17));
#8025=DIRECTION('center_axis',(-1.,1.4167916846069E-32,-1.47010464065831E-16));
#8026=DIRECTION('ref_axis',(-1.47010464065831E-16,0.,1.));
#8027=DIRECTION('',(0.,-1.,-9.63735264431559E-17));
#8028=DIRECTION('',(0.,-1.,-9.63735264431559E-17));
#8029=DIRECTION('center_axis',(1.,0.,0.));
#8030=DIRECTION('ref_axis',(0.,0.,-1.));
#8031=DIRECTION('',(0.,-1.,-9.63735264431559E-17));
#8032=DIRECTION('',(0.,-1.,-9.63735264431559E-17));
#8033=DIRECTION('center_axis',(0.,9.63735264431559E-17,-1.));
#8034=DIRECTION('ref_axis',(0.,1.,9.63735264431559E-17));
#8035=DIRECTION('center_axis',(0.,9.63735264431559E-17,-1.));
#8036=DIRECTION('ref_axis',(0.,1.,9.63735264431559E-17));
#8037=DIRECTION('center_axis',(0.,-9.63735264431559E-17,1.));
#8038=DIRECTION('ref_axis',(0.,-1.,-9.63735264431559E-17));
#8039=DIRECTION('',(0.,-1.,-9.63735264431559E-17));
#8040=DIRECTION('center_axis',(-1.,0.,0.));
#8041=DIRECTION('ref_axis',(0.,0.,1.));
#8042=DIRECTION('',(0.,-1.,-9.63735264431559E-17));
#8043=DIRECTION('center_axis',(0.,-9.63735264431559E-17,1.));
#8044=DIRECTION('ref_axis',(0.,-1.,-9.63735264431559E-17));
#8045=DIRECTION('',(-1.,0.,0.));
#8046=DIRECTION('',(0.,-1.,-9.63735264431559E-17));
#8047=DIRECTION('center_axis',(1.,0.,0.));
#8048=DIRECTION('ref_axis',(0.,0.,-1.));
#8049=DIRECTION('',(0.,-1.,-9.63735264431559E-17));
#8050=DIRECTION('center_axis',(0.,-9.63735264431559E-17,1.));
#8051=DIRECTION('ref_axis',(0.,-1.,-9.63735264431559E-17));
#8052=DIRECTION('center_axis',(-1.00434066594981E-16,-0.707106781186548,
0.707106781186547));
#8053=DIRECTION('ref_axis',(1.,-4.31408307542741E-31,1.42035219102904E-16));
#8054=DIRECTION('center_axis',(0.,-1.,-9.63735264431559E-17));
#8055=DIRECTION('ref_axis',(0.,9.63735264431559E-17,-1.));
#8056=DIRECTION('center_axis',(0.,-1.,-2.96533927517403E-16));
#8057=DIRECTION('ref_axis',(0.,2.96533927517403E-16,-1.));
#8058=DIRECTION('center_axis',(0.,-1.,-2.96533927517403E-16));
#8059=DIRECTION('ref_axis',(0.,2.96533927517403E-16,-1.));
#8060=DIRECTION('',(0.,-1.,-9.63735264431559E-17));
#8061=DIRECTION('center_axis',(0.,-9.63735264431559E-17,1.));
#8062=DIRECTION('ref_axis',(0.,-1.,-9.63735264431559E-17));
#8063=DIRECTION('',(0.478852130680573,0.877895572914384,8.46058922105939E-17));
#8064=DIRECTION('',(0.,1.,9.63735264431559E-17));
#8065=DIRECTION('center_axis',(1.,0.,0.));
#8066=DIRECTION('ref_axis',(0.,0.,-1.));
#8067=DIRECTION('',(0.,9.63735264431559E-17,-1.));
#8068=DIRECTION('',(0.,1.,9.63735264431559E-17));
#8069=DIRECTION('center_axis',(2.71050543121376E-16,9.63735264431559E-17,
-1.));
#8070=DIRECTION('ref_axis',(-1.,0.,-2.71050543121376E-16));
#8071=DIRECTION('',(-0.478852130680573,-0.877895572914384,-2.14399022306392E-16));
#8072=DIRECTION('center_axis',(3.61400724161835E-16,9.63735264431559E-17,
-1.));
#8073=DIRECTION('ref_axis',(-1.,0.,-3.61400724161835E-16));
#8074=DIRECTION('',(0.,1.,9.63735264431559E-17));
#8075=DIRECTION('',(0.478852130680574,-0.877895572914384,8.84516145838029E-17));
#8076=DIRECTION('center_axis',(1.,0.,0.));
#8077=DIRECTION('ref_axis',(0.,0.,-1.));
#8078=DIRECTION('',(0.,1.,9.63735264431559E-17));
#8079=DIRECTION('',(0.,-9.63735264431559E-17,1.));
#8080=DIRECTION('center_axis',(2.25875452601147E-16,-9.63735264431559E-17,
1.));
#8081=DIRECTION('ref_axis',(1.,0.,-2.25875452601147E-16));
#8082=DIRECTION('',(-0.478852130680574,0.877895572914384,1.92766833957092E-16));
#8083=DIRECTION('center_axis',(0.877895572914384,-0.478852130680573,-4.61486684785058E-17));
#8084=DIRECTION('ref_axis',(4.31408307542741E-32,-9.6373526443156E-17,1.));
#8085=DIRECTION('center_axis',(-0.877895572914384,-0.478852130680574,-4.61486684785058E-17));
#8086=DIRECTION('ref_axis',(3.69778549322349E-32,-9.63735264431559E-17,
1.));
#8087=DIRECTION('center_axis',(0.,1.,2.96533927517403E-16));
#8088=DIRECTION('ref_axis',(0.,-2.96533927517403E-16,1.));
#8089=DIRECTION('center_axis',(0.,-1.,-3.09772049281573E-16));
#8090=DIRECTION('ref_axis',(0.,3.09772049281573E-16,-1.));
#8091=DIRECTION('',(0.,1.,2.96533927517403E-16));
#8092=DIRECTION('center_axis',(0.,1.,3.09772049281573E-16));
#8093=DIRECTION('ref_axis',(0.,-3.09772049281573E-16,1.));
#8094=DIRECTION('',(-8.65956056235494E-17,0.707106781186547,-0.707106781186548));
#8095=DIRECTION('center_axis',(0.,0.707106781186548,0.707106781186548));
#8096=DIRECTION('ref_axis',(1.,0.,0.));
#8097=DIRECTION('',(0.,-0.707106781186548,0.707106781186548));
#8098=DIRECTION('',(1.,0.,0.));
#8099=DIRECTION('',(1.,0.,0.));
#8100=DIRECTION('',(0.,-0.707106781186551,0.707106781186544));
#8101=DIRECTION('center_axis',(0.963517909629941,-7.93654861044234E-17,
0.267643863786095));
#8102=DIRECTION('ref_axis',(0.267643863786095,3.08148791101958E-33,-0.963517909629941));
#8103=DIRECTION('',(0.,1.,2.96533927517403E-16));
#8104=DIRECTION('',(0.267643863786095,2.85715749975924E-16,-0.963517909629941));
#8105=DIRECTION('center_axis',(0.,2.96533927517403E-16,-1.));
#8106=DIRECTION('ref_axis',(0.,1.,2.96533927517403E-16));
#8107=DIRECTION('',(0.,1.,2.96533927517403E-16));
#8108=DIRECTION('',(-1.,0.,0.));
#8109=DIRECTION('center_axis',(-0.963517909629941,-7.93654861044234E-17,
0.267643863786095));
#8110=DIRECTION('ref_axis',(0.267643863786095,-3.08148791101958E-33,0.963517909629941));
#8111=DIRECTION('',(0.267643863786095,-2.85715749975924E-16,0.963517909629941));
#8112=DIRECTION('center_axis',(0.,1.,2.96533927517403E-16));
#8113=DIRECTION('ref_axis',(0.,-2.96533927517403E-16,1.));
#8114=DIRECTION('center_axis',(0.,1.,2.96533927517403E-16));
#8115=DIRECTION('ref_axis',(1.22464679914735E-16,2.96533927517403E-16,-1.));
#8116=DIRECTION('center_axis',(0.,1.,2.96533927517403E-16));
#8117=DIRECTION('ref_axis',(-1.,0.,0.));
#8118=DIRECTION('center_axis',(0.,1.,2.96533927517403E-16));
#8119=DIRECTION('ref_axis',(-1.,0.,0.));
#8120=DIRECTION('',(0.,1.,2.96533927517403E-16));
#8121=DIRECTION('',(0.,1.,2.96533927517403E-16));
#8122=DIRECTION('center_axis',(0.,1.,2.96533927517403E-16));
#8123=DIRECTION('ref_axis',(0.,-2.96533927517403E-16,1.));
#8124=DIRECTION('center_axis',(0.,1.,2.96533927517403E-16));
#8125=DIRECTION('ref_axis',(-1.,0.,0.));
#8126=DIRECTION('',(-1.,0.,0.));
#8127=DIRECTION('center_axis',(0.,2.96533927517403E-16,-1.));
#8128=DIRECTION('ref_axis',(0.,1.,2.96533927517403E-16));
#8129=DIRECTION('',(-1.,0.,0.));
#8130=DIRECTION('center_axis',(0.,2.96533927517403E-16,-1.));
#8131=DIRECTION('ref_axis',(0.,1.,2.96533927517403E-16));
#8132=DIRECTION('',(0.,1.,2.96533927517403E-16));
#8133=DIRECTION('center_axis',(0.,1.,2.96533927517403E-16));
#8134=DIRECTION('ref_axis',(0.,-2.96533927517403E-16,1.));
#8135=DIRECTION('center_axis',(1.,0.,0.));
#8136=DIRECTION('ref_axis',(0.,0.,-1.));
#8137=DIRECTION('',(0.,-1.,0.));
#8138=DIRECTION('',(0.,0.,-1.));
#8139=DIRECTION('',(0.,-1.,0.));
#8140=DIRECTION('center_axis',(0.,-1.,0.));
#8141=DIRECTION('ref_axis',(0.,0.,-1.));
#8142=DIRECTION('',(-1.,0.,0.));
#8143=DIRECTION('',(0.,0.,-1.));
#8144=DIRECTION('',(-1.,0.,0.));
#8145=DIRECTION('center_axis',(0.,0.,-1.));
#8146=DIRECTION('ref_axis',(-1.,0.,0.));
#8147=DIRECTION('center_axis',(0.,0.,1.));
#8148=DIRECTION('ref_axis',(-1.,0.,0.));
#8149=DIRECTION('',(0.,0.,-1.));
#8150=DIRECTION('center_axis',(0.,0.,1.));
#8151=DIRECTION('ref_axis',(-1.,0.,0.));
#8152=DIRECTION('center_axis',(0.,-1.,0.));
#8153=DIRECTION('ref_axis',(0.,0.,-1.));
#8154=DIRECTION('',(-1.,0.,0.));
#8155=DIRECTION('',(0.,0.,-1.));
#8156=DIRECTION('',(-1.,0.,0.));
#8157=DIRECTION('center_axis',(0.,0.,1.));
#8158=DIRECTION('ref_axis',(1.,0.,0.));
#8159=DIRECTION('center_axis',(0.,0.,1.));
#8160=DIRECTION('ref_axis',(-1.,0.,0.));
#8161=DIRECTION('',(-1.,0.,0.));
#8162=DIRECTION('',(0.,1.,0.));
#8163=DIRECTION('center_axis',(0.,0.,1.));
#8164=DIRECTION('ref_axis',(1.,0.,0.));
#8165=DIRECTION('',(0.,1.,0.));
#8166=DIRECTION('',(-1.,0.,0.));
#8167=DIRECTION('center_axis',(0.,0.,1.));
#8168=DIRECTION('ref_axis',(-1.,0.,0.));
#8169=DIRECTION('center_axis',(0.,0.,1.));
#8170=DIRECTION('ref_axis',(1.,0.,0.));
#8171=DIRECTION('',(0.,0.,1.));
#8172=DIRECTION('center_axis',(0.,0.,1.));
#8173=DIRECTION('ref_axis',(1.,0.,0.));
#8174=DIRECTION('',(0.,0.,1.));
#8175=DIRECTION('center_axis',(1.,0.,0.));
#8176=DIRECTION('ref_axis',(0.,0.,-1.));
#8177=DIRECTION('',(0.,0.,1.));
#8178=DIRECTION('',(0.,0.,1.));
#8179=DIRECTION('center_axis',(0.,-1.,0.));
#8180=DIRECTION('ref_axis',(0.,0.,-1.));
#8181=DIRECTION('',(0.,0.,1.));
#8182=DIRECTION('center_axis',(-1.,0.,0.));
#8183=DIRECTION('ref_axis',(0.,0.,1.));
#8184=DIRECTION('',(0.,0.,1.));
#8185=DIRECTION('center_axis',(0.,1.,0.));
#8186=DIRECTION('ref_axis',(0.,0.,1.));
#8187=DIRECTION('center_axis',(1.,0.,0.));
#8188=DIRECTION('ref_axis',(0.,0.,-1.));
#8189=DIRECTION('',(0.,0.,1.));
#8190=DIRECTION('',(0.,0.,1.));
#8191=DIRECTION('center_axis',(0.,-1.,0.));
#8192=DIRECTION('ref_axis',(0.,0.,-1.));
#8193=DIRECTION('',(0.,0.,1.));
#8194=DIRECTION('center_axis',(-1.,0.,0.));
#8195=DIRECTION('ref_axis',(0.,0.,1.));
#8196=DIRECTION('',(0.,0.,1.));
#8197=DIRECTION('center_axis',(0.,1.,0.));
#8198=DIRECTION('ref_axis',(0.,0.,1.));
#8199=DIRECTION('center_axis',(0.,9.63735264431559E-17,-1.));
#8200=DIRECTION('ref_axis',(-7.6571373978539E-16,-1.,-9.63735264431559E-17));
#8201=DIRECTION('',(0.,9.63735264431559E-17,-1.));
#8202=DIRECTION('center_axis',(-1.,1.4167916846069E-32,-1.47010464065831E-16));
#8203=DIRECTION('ref_axis',(-1.47010464065831E-16,0.,1.));
#8204=DIRECTION('',(0.,-1.,-9.63735264431559E-17));
#8205=DIRECTION('',(0.,-1.,-9.63735264431559E-17));
#8206=DIRECTION('center_axis',(1.,0.,0.));
#8207=DIRECTION('ref_axis',(0.,0.,-1.));
#8208=DIRECTION('',(0.,-1.,-9.63735264431559E-17));
#8209=DIRECTION('',(0.,-1.,-9.63735264431559E-17));
#8210=DIRECTION('center_axis',(0.,9.63735264431559E-17,-1.));
#8211=DIRECTION('ref_axis',(0.,1.,9.63735264431559E-17));
#8212=DIRECTION('center_axis',(0.,9.63735264431559E-17,-1.));
#8213=DIRECTION('ref_axis',(0.,1.,9.63735264431559E-17));
#8214=DIRECTION('center_axis',(0.,-9.63735264431559E-17,1.));
#8215=DIRECTION('ref_axis',(0.,-1.,-9.63735264431559E-17));
#8216=DIRECTION('',(0.,-1.,-9.63735264431559E-17));
#8217=DIRECTION('center_axis',(-1.,0.,0.));
#8218=DIRECTION('ref_axis',(0.,0.,1.));
#8219=DIRECTION('',(0.,-1.,-9.63735264431559E-17));
#8220=DIRECTION('center_axis',(0.,-9.63735264431559E-17,1.));
#8221=DIRECTION('ref_axis',(0.,-1.,-9.63735264431559E-17));
#8222=DIRECTION('',(-1.,0.,0.));
#8223=DIRECTION('',(0.,-1.,-9.63735264431559E-17));
#8224=DIRECTION('center_axis',(1.,0.,0.));
#8225=DIRECTION('ref_axis',(0.,0.,-1.));
#8226=DIRECTION('',(0.,-1.,-9.63735264431559E-17));
#8227=DIRECTION('center_axis',(0.,-9.63735264431559E-17,1.));
#8228=DIRECTION('ref_axis',(0.,-1.,-9.63735264431559E-17));
#8229=DIRECTION('center_axis',(-1.00434066594981E-16,-0.707106781186547,
0.707106781186548));
#8230=DIRECTION('ref_axis',(1.,-3.20474742746036E-31,1.42035219102904E-16));
#8231=DIRECTION('center_axis',(0.,-1.,-9.63735264431559E-17));
#8232=DIRECTION('ref_axis',(0.,9.63735264431559E-17,-1.));
#8233=DIRECTION('center_axis',(0.,-1.,-2.96533927517403E-16));
#8234=DIRECTION('ref_axis',(0.,2.96533927517403E-16,-1.));
#8235=DIRECTION('center_axis',(0.,-1.,-2.96533927517403E-16));
#8236=DIRECTION('ref_axis',(0.,2.96533927517403E-16,-1.));
#8237=DIRECTION('',(0.,-1.,-9.63735264431559E-17));
#8238=DIRECTION('center_axis',(0.,-9.63735264431559E-17,1.));
#8239=DIRECTION('ref_axis',(0.,-1.,-9.63735264431559E-17));
#8240=DIRECTION('',(0.478852130680574,0.877895572914384,8.46058922105939E-17));
#8241=DIRECTION('',(0.,1.,9.63735264431559E-17));
#8242=DIRECTION('center_axis',(1.,0.,0.));
#8243=DIRECTION('ref_axis',(0.,0.,-1.));
#8244=DIRECTION('',(0.,9.63735264431559E-17,-1.));
#8245=DIRECTION('',(0.,1.,9.63735264431559E-17));
#8246=DIRECTION('center_axis',(2.71050543121376E-16,9.63735264431559E-17,
-1.));
#8247=DIRECTION('ref_axis',(-1.,0.,-2.71050543121376E-16));
#8248=DIRECTION('',(-0.478852130680574,-0.877895572914384,-2.14399022306392E-16));
#8249=DIRECTION('center_axis',(3.61400724161835E-16,9.63735264431559E-17,
-1.));
#8250=DIRECTION('ref_axis',(-1.,0.,-3.61400724161835E-16));
#8251=DIRECTION('',(0.,1.,9.63735264431559E-17));
#8252=DIRECTION('',(0.478852130680573,-0.877895572914384,8.84516145838029E-17));
#8253=DIRECTION('center_axis',(1.,0.,0.));
#8254=DIRECTION('ref_axis',(0.,0.,-1.));
#8255=DIRECTION('',(0.,1.,9.63735264431559E-17));
#8256=DIRECTION('',(0.,-9.63735264431559E-17,1.));
#8257=DIRECTION('center_axis',(2.25875452601147E-16,-9.63735264431559E-17,
1.));
#8258=DIRECTION('ref_axis',(1.,0.,-2.25875452601147E-16));
#8259=DIRECTION('',(-0.478852130680573,0.877895572914384,1.92766833957092E-16));
#8260=DIRECTION('center_axis',(0.877895572914384,-0.478852130680574,-4.61486684785058E-17));
#8261=DIRECTION('ref_axis',(-3.69778549322349E-32,-9.63735264431559E-17,
1.));
#8262=DIRECTION('center_axis',(-0.877895572914384,-0.478852130680573,-4.61486684785058E-17));
#8263=DIRECTION('ref_axis',(-4.31408307542741E-32,-9.6373526443156E-17,
1.));
#8264=DIRECTION('center_axis',(0.,1.,2.96533927517403E-16));
#8265=DIRECTION('ref_axis',(0.,-2.96533927517403E-16,1.));
#8266=DIRECTION('center_axis',(0.,-1.,-3.09772049281573E-16));
#8267=DIRECTION('ref_axis',(0.,3.09772049281573E-16,-1.));
#8268=DIRECTION('',(0.,1.,2.96533927517403E-16));
#8269=DIRECTION('center_axis',(0.,1.,3.09772049281573E-16));
#8270=DIRECTION('ref_axis',(0.,-3.09772049281573E-16,1.));
#8271=DIRECTION('',(-8.65956056235494E-17,0.707106781186547,-0.707106781186548));
#8272=DIRECTION('center_axis',(0.963517909629941,-7.93654861044234E-17,
0.267643863786095));
#8273=DIRECTION('ref_axis',(0.267643863786095,3.08148791101958E-33,-0.963517909629941));
#8274=DIRECTION('',(0.,1.,2.96533927517403E-16));
#8275=DIRECTION('',(0.267643863786095,2.85715749975924E-16,-0.963517909629941));
#8276=DIRECTION('center_axis',(0.,2.96533927517403E-16,-1.));
#8277=DIRECTION('ref_axis',(0.,1.,2.96533927517403E-16));
#8278=DIRECTION('',(0.,1.,2.96533927517403E-16));
#8279=DIRECTION('',(-1.,0.,0.));
#8280=DIRECTION('center_axis',(-0.963517909629941,-7.93654861044234E-17,
0.267643863786095));
#8281=DIRECTION('ref_axis',(0.267643863786095,-3.08148791101958E-33,0.963517909629941));
#8282=DIRECTION('',(0.267643863786095,-2.85715749975924E-16,0.963517909629941));
#8283=DIRECTION('center_axis',(0.,1.,2.96533927517403E-16));
#8284=DIRECTION('ref_axis',(0.,-2.96533927517403E-16,1.));
#8285=DIRECTION('',(0.,2.96533927517403E-16,-1.));
#8286=DIRECTION('',(-1.,0.,0.));
#8287=DIRECTION('',(0.,-2.96533927517403E-16,1.));
#8288=DIRECTION('center_axis',(0.,1.,2.96533927517403E-16));
#8289=DIRECTION('ref_axis',(1.22464679914735E-16,2.96533927517403E-16,-1.));
#8290=DIRECTION('center_axis',(0.,1.,2.96533927517403E-16));
#8291=DIRECTION('ref_axis',(-1.,0.,0.));
#8292=DIRECTION('',(0.,1.,2.96533927517403E-16));
#8293=DIRECTION('center_axis',(0.,1.,2.96533927517403E-16));
#8294=DIRECTION('ref_axis',(0.,-2.96533927517403E-16,1.));
#8295=DIRECTION('',(0.,1.11200222819026E-16,1.));
#8296=DIRECTION('',(-1.,0.,0.));
#8297=DIRECTION('center_axis',(0.,2.96533927517403E-16,-1.));
#8298=DIRECTION('ref_axis',(0.,1.,2.96533927517403E-16));
#8299=DIRECTION('center_axis',(0.,0.,-1.));
#8300=DIRECTION('ref_axis',(-1.,0.,0.));
#8301=DIRECTION('',(0.,0.,-1.));
#8302=DIRECTION('center_axis',(0.,-1.,0.));
#8303=DIRECTION('ref_axis',(0.,0.,-1.));
#8304=DIRECTION('',(0.,0.,-1.));
#8305=DIRECTION('center_axis',(-1.,0.,0.));
#8306=DIRECTION('ref_axis',(0.,0.,1.));
#8307=DIRECTION('center_axis',(0.,0.,1.));
#8308=DIRECTION('ref_axis',(1.,0.,0.));
#8309=DIRECTION('',(0.,0.,1.));
#8310=DIRECTION('center_axis',(0.,0.,1.));
#8311=DIRECTION('ref_axis',(1.,0.,0.));
#8312=DIRECTION('',(0.,0.,1.));
#8313=DIRECTION('center_axis',(1.,0.,0.));
#8314=DIRECTION('ref_axis',(0.,0.,-1.));
#8315=DIRECTION('',(0.,0.,1.));
#8316=DIRECTION('',(0.,0.,1.));
#8317=DIRECTION('center_axis',(0.,-1.,0.));
#8318=DIRECTION('ref_axis',(0.,0.,-1.));
#8319=DIRECTION('',(0.,0.,1.));
#8320=DIRECTION('center_axis',(-1.,0.,0.));
#8321=DIRECTION('ref_axis',(0.,0.,1.));
#8322=DIRECTION('',(0.,0.,1.));
#8323=DIRECTION('center_axis',(0.,1.,0.));
#8324=DIRECTION('ref_axis',(0.,0.,1.));
#8325=DIRECTION('center_axis',(1.,0.,0.));
#8326=DIRECTION('ref_axis',(0.,0.,-1.));
#8327=DIRECTION('',(0.,0.,1.));
#8328=DIRECTION('',(0.,0.,1.));
#8329=DIRECTION('center_axis',(0.,-1.,0.));
#8330=DIRECTION('ref_axis',(0.,0.,-1.));
#8331=DIRECTION('',(0.,0.,1.));
#8332=DIRECTION('center_axis',(-1.,0.,0.));
#8333=DIRECTION('ref_axis',(0.,0.,1.));
#8334=DIRECTION('',(0.,0.,1.));
#8335=DIRECTION('center_axis',(0.,1.,0.));
#8336=DIRECTION('ref_axis',(0.,0.,1.));
#8337=DIRECTION('center_axis',(0.,-1.,0.));
#8338=DIRECTION('ref_axis',(0.,0.,-1.));
#8339=DIRECTION('',(1.,0.,0.));
#8340=DIRECTION('',(1.,0.,0.));
#8341=DIRECTION('',(0.,0.,-1.));
#8342=DIRECTION('center_axis',(0.,0.,1.));
#8343=DIRECTION('ref_axis',(1.,0.,0.));
#8344=DIRECTION('',(0.,-1.,0.));
#8345=DIRECTION('center_axis',(-1.,0.,0.));
#8346=DIRECTION('ref_axis',(0.,0.,1.));
#8347=DIRECTION('center_axis',(0.,0.,1.));
#8348=DIRECTION('ref_axis',(1.,0.,0.));
#8349=DIRECTION('',(1.,0.,0.));
#8350=DIRECTION('center_axis',(0.,-0.974152703703863,0.225890482018288));
#8351=DIRECTION('ref_axis',(0.,-0.225890482018288,-0.974152703703863));
#8352=DIRECTION('center_axis',(1.,0.,0.));
#8353=DIRECTION('ref_axis',(0.,0.,-1.));
#8354=DIRECTION('',(0.,-1.,0.));
#8355=DIRECTION('center_axis',(-1.,0.,0.));
#8356=DIRECTION('ref_axis',(0.,0.,1.));
#8357=DIRECTION('',(0.,-1.,0.));
#8358=DIRECTION('center_axis',(0.,0.,1.));
#8359=DIRECTION('ref_axis',(1.,0.,0.));
#8360=DIRECTION('center_axis',(0.,0.31430281254168,0.949322780738137));
#8361=DIRECTION('ref_axis',(0.,-0.949322780738137,0.31430281254168));
#8362=DIRECTION('',(0.,0.949322780738137,-0.31430281254168));
#8363=DIRECTION('',(-1.,0.,0.));
#8364=DIRECTION('',(0.,0.949322780738137,-0.31430281254168));
#8365=DIRECTION('center_axis',(0.,0.503267279507729,0.864130803395464));
#8366=DIRECTION('ref_axis',(0.,-0.864130803395464,0.503267279507729));
#8367=DIRECTION('',(0.,0.864130803395464,-0.503267279507729));
#8368=DIRECTION('',(-1.,0.,0.));
#8369=DIRECTION('',(0.,0.864130803395464,-0.503267279507729));
#8370=DIRECTION('',(-1.,0.,0.));
#8371=DIRECTION('center_axis',(0.,1.,0.));
#8372=DIRECTION('ref_axis',(0.,0.,1.));
#8373=DIRECTION('',(0.,0.,-1.));
#8374=DIRECTION('',(-1.,0.,0.));
#8375=DIRECTION('',(0.,0.,-1.));
#8376=DIRECTION('',(-1.,0.,0.));
#8377=DIRECTION('center_axis',(0.,0.,-1.));
#8378=DIRECTION('ref_axis',(-1.,0.,0.));
#8379=DIRECTION('',(0.,-1.,0.));
#8380=DIRECTION('',(-1.,0.,0.));
#8381=DIRECTION('',(0.,-1.,0.));
#8382=DIRECTION('',(-1.,0.,0.));
#8383=DIRECTION('center_axis',(0.,-0.831377980658136,-0.555707344990868));
#8384=DIRECTION('ref_axis',(0.,0.555707344990868,-0.831377980658136));
#8385=DIRECTION('',(0.,-0.555707344990868,0.831377980658136));
#8386=DIRECTION('',(-1.,0.,0.));
#8387=DIRECTION('',(0.,-0.555707344990868,0.831377980658136));
#8388=DIRECTION('',(-1.,0.,0.));
#8389=DIRECTION('center_axis',(0.,-0.122706225005625,-0.992443037330037));
#8390=DIRECTION('ref_axis',(0.,0.992443037330037,-0.122706225005625));
#8391=DIRECTION('',(0.,-0.992443037330037,0.122706225005625));
#8392=DIRECTION('',(-1.,0.,0.));
#8393=DIRECTION('',(0.,-0.992443037330037,0.122706225005625));
#8394=DIRECTION('',(-1.,0.,0.));
#8395=DIRECTION('center_axis',(1.,0.,0.));
#8396=DIRECTION('ref_axis',(0.,0.,-1.));
#8397=DIRECTION('center_axis',(1.,0.,0.));
#8398=DIRECTION('ref_axis',(0.,0.,-1.));
#8399=DIRECTION('center_axis',(1.,0.,0.));
#8400=DIRECTION('ref_axis',(0.,0.,-1.));
#8401=DIRECTION('center_axis',(1.,0.,0.));
#8402=DIRECTION('ref_axis',(0.,0.,-1.));
#8403=DIRECTION('center_axis',(1.,0.,0.));
#8404=DIRECTION('ref_axis',(0.,0.,-1.));
#8405=DIRECTION('center_axis',(1.,0.,0.));
#8406=DIRECTION('ref_axis',(0.,0.,-1.));
#8407=DIRECTION('center_axis',(1.,0.,0.));
#8408=DIRECTION('ref_axis',(0.,0.,-1.));
#8409=DIRECTION('center_axis',(1.,0.,0.));
#8410=DIRECTION('ref_axis',(0.,0.,-1.));
#8411=DIRECTION('center_axis',(1.,0.,0.));
#8412=DIRECTION('ref_axis',(0.,0.,-1.));
#8413=DIRECTION('center_axis',(1.,0.,0.));
#8414=DIRECTION('ref_axis',(0.,0.,-1.));
#8415=DIRECTION('center_axis',(1.,0.,0.));
#8416=DIRECTION('ref_axis',(0.,0.,-1.));
#8417=DIRECTION('center_axis',(1.,0.,0.));
#8418=DIRECTION('ref_axis',(0.,0.,-1.));
#8419=DIRECTION('center_axis',(1.,0.,0.));
#8420=DIRECTION('ref_axis',(0.,0.,-1.));
#8421=DIRECTION('center_axis',(1.,0.,0.));
#8422=DIRECTION('ref_axis',(0.,0.,-1.));
#8423=DIRECTION('center_axis',(-1.,0.,0.));
#8424=DIRECTION('ref_axis',(0.,0.,1.));
#8425=DIRECTION('center_axis',(1.,0.,0.));
#8426=DIRECTION('ref_axis',(0.,-0.662304225788403,0.749235018203783));
#8427=DIRECTION('center_axis',(1.,0.,0.));
#8428=DIRECTION('ref_axis',(0.,0.,-1.));
#8429=DIRECTION('center_axis',(-1.,0.,0.));
#8430=DIRECTION('ref_axis',(0.,0.,1.));
#8431=DIRECTION('center_axis',(-1.,0.,0.));
#8432=DIRECTION('ref_axis',(0.,0.,1.));
#8433=DIRECTION('center_axis',(-1.,0.,0.));
#8434=DIRECTION('ref_axis',(0.,0.,1.));
#8435=DIRECTION('center_axis',(-0.451643666226661,-2.64567097969182E-16,
0.892198407730781));
#8436=DIRECTION('ref_axis',(0.892198407730781,1.23259516440783E-32,0.451643666226661));
#8437=DIRECTION('',(0.,1.,2.96533927517403E-16));
#8438=DIRECTION('',(0.892198407730781,-1.33927670184551E-16,0.451643666226661));
#8439=DIRECTION('',(0.,1.,2.96533927517403E-16));
#8440=DIRECTION('center_axis',(0.451643666226661,-2.64567097969182E-16,
0.892198407730781));
#8441=DIRECTION('ref_axis',(0.892198407730781,-1.23259516440783E-32,-0.451643666226661));
#8442=DIRECTION('',(0.,1.,2.96533927517403E-16));
#8443=DIRECTION('',(0.892198407730781,1.33927670184551E-16,-0.451643666226661));
#8444=DIRECTION('center_axis',(0.,1.,2.96533927517403E-16));
#8445=DIRECTION('ref_axis',(0.,-2.96533927517403E-16,1.));
#8446=DIRECTION('',(0.,1.,2.96533927517403E-16));
#8447=DIRECTION('center_axis',(0.,-1.,-2.96533927517403E-16));
#8448=DIRECTION('ref_axis',(1.,0.,0.));
#8449=DIRECTION('center_axis',(0.,2.96533927517403E-16,-1.));
#8450=DIRECTION('ref_axis',(0.,1.,2.96533927517403E-16));
#8451=DIRECTION('',(0.,1.,2.96533927517403E-16));
#8452=DIRECTION('',(-1.,0.,0.));
#8453=DIRECTION('center_axis',(0.,1.,2.96533927517403E-16));
#8454=DIRECTION('ref_axis',(0.,-2.96533927517403E-16,1.));
#8455=DIRECTION('center_axis',(0.,-1.,-2.96533927517403E-16));
#8456=DIRECTION('ref_axis',(-1.,0.,0.));
#8457=DIRECTION('center_axis',(0.,-1.,-2.96533927517403E-16));
#8458=DIRECTION('ref_axis',(0.,2.96533927517403E-16,-1.));
#8459=DIRECTION('center_axis',(1.,0.,0.));
#8460=DIRECTION('ref_axis',(0.,0.,-1.));
#8461=DIRECTION('axis',(0.,0.,1.));
#8462=DIRECTION('refdir',(1.,0.,0.));
#8463=DIRECTION('center_axis',(0.,0.,-1.));
#8464=DIRECTION('ref_axis',(-1.,0.,0.));
#8465=DIRECTION('center_axis',(0.,0.,-1.));
#8466=DIRECTION('ref_axis',(-1.,0.,0.));
#8467=DIRECTION('',(0.,0.,1.));
#8468=DIRECTION('center_axis',(0.,0.,-1.));
#8469=DIRECTION('ref_axis',(-1.,0.,0.));
#8470=DIRECTION('',(0.,0.,-1.));
#8471=DIRECTION('center_axis',(0.,0.,-1.));
#8472=DIRECTION('ref_axis',(-1.,0.,0.));
#8473=DIRECTION('',(0.,0.,-1.));
#8474=DIRECTION('center_axis',(0.,0.,-1.));
#8475=DIRECTION('ref_axis',(-1.,0.,0.));
#8476=DIRECTION('',(0.,0.,-1.));
#8477=DIRECTION('center_axis',(0.,0.,-1.));
#8478=DIRECTION('ref_axis',(-1.,0.,0.));
#8479=DIRECTION('',(0.,0.,-1.));
#8480=DIRECTION('center_axis',(0.,0.,-1.));
#8481=DIRECTION('ref_axis',(-1.,0.,0.));
#8482=DIRECTION('center_axis',(0.,0.,-1.));
#8483=DIRECTION('ref_axis',(-1.,0.,0.));
#8484=DIRECTION('',(-1.21972744404619E-16,1.,0.));
#8485=DIRECTION('center_axis',(0.,0.,-1.));
#8486=DIRECTION('ref_axis',(-1.,0.,0.));
#8487=DIRECTION('center_axis',(0.,0.,-1.));
#8488=DIRECTION('ref_axis',(-1.,0.,0.));
#8489=DIRECTION('',(1.21972744404619E-16,-1.,0.));
#8490=DIRECTION('center_axis',(0.,0.,-1.));
#8491=DIRECTION('ref_axis',(-1.,0.,0.));
#8492=DIRECTION('center_axis',(0.,0.,-1.));
#8493=DIRECTION('ref_axis',(-1.,0.,0.));
#8494=DIRECTION('center_axis',(0.,0.,-1.));
#8495=DIRECTION('ref_axis',(1.,-1.19003661771825E-12,0.));
#8496=DIRECTION('center_axis',(0.,0.,-1.));
#8497=DIRECTION('ref_axis',(-1.,0.,0.));
#8498=DIRECTION('center_axis',(0.,0.,1.));
#8499=DIRECTION('ref_axis',(1.,0.,0.));
#8500=DIRECTION('center_axis',(0.,0.,1.));
#8501=DIRECTION('ref_axis',(1.,0.,0.));
#8502=DIRECTION('',(0.,0.,1.));
#8503=DIRECTION('center_axis',(0.,0.,-1.));
#8504=DIRECTION('ref_axis',(-1.,0.,0.));
#8505=DIRECTION('center_axis',(0.,0.,-1.));
#8506=DIRECTION('ref_axis',(-1.,0.,0.));
#8507=DIRECTION('center_axis',(0.,0.,-1.));
#8508=DIRECTION('ref_axis',(-1.,0.,0.));
#8509=DIRECTION('center_axis',(0.,0.,-1.));
#8510=DIRECTION('ref_axis',(-1.,0.,0.));
#8511=DIRECTION('center_axis',(-1.22464679914735E-16,-1.,0.));
#8512=DIRECTION('ref_axis',(1.,-1.22464679914735E-16,0.));
#8513=DIRECTION('center_axis',(1.,1.21972744404619E-16,0.));
#8514=DIRECTION('ref_axis',(-1.21972744404619E-16,1.,0.));
#8515=DIRECTION('',(-1.21972744404619E-16,1.,0.));
#8516=DIRECTION('center_axis',(-1.,-1.21972744404619E-16,0.));
#8517=DIRECTION('ref_axis',(1.21972744404619E-16,-1.,0.));
#8518=DIRECTION('',(1.21972744404619E-16,-1.,0.));
#8519=DIRECTION('center_axis',(0.,0.,-1.));
#8520=DIRECTION('ref_axis',(-1.,0.,0.));
#8521=DIRECTION('center_axis',(0.,0.,-1.));
#8522=DIRECTION('ref_axis',(-1.,0.,0.));
#8523=DIRECTION('center_axis',(0.,0.,1.));
#8524=DIRECTION('ref_axis',(0.,1.,0.));
#8525=DIRECTION('',(0.,0.,1.));
#8526=DIRECTION('center_axis',(0.,0.,1.));
#8527=DIRECTION('ref_axis',(0.,1.,0.));
#8528=DIRECTION('center_axis',(0.,0.,1.));
#8529=DIRECTION('ref_axis',(1.,0.,0.));
#8530=DIRECTION('center_axis',(0.,0.,1.));
#8531=DIRECTION('ref_axis',(1.,0.,0.));
#8532=DIRECTION('center_axis',(0.,0.,-1.));
#8533=DIRECTION('ref_axis',(-1.,0.,0.));
#8534=DIRECTION('center_axis',(0.,0.,1.));
#8535=DIRECTION('ref_axis',(1.,0.,0.));
#8536=DIRECTION('',(0.707106781186547,8.65956056235492E-17,-0.707106781186548));
#8537=DIRECTION('axis',(0.,0.,1.));
#8538=DIRECTION('refdir',(1.,0.,0.));
#8539=DIRECTION('center_axis',(0.,8.85062997947351E-17,-1.));
#8540=DIRECTION('ref_axis',(0.,1.,8.85062997947351E-17));
#8541=DIRECTION('',(0.,-1.,-8.85062997947351E-17));
#8542=DIRECTION('',(-1.,0.,0.));
#8543=DIRECTION('',(0.,-1.,-8.85062997947351E-17));
#8544=DIRECTION('',(-1.,0.,0.));
#8545=DIRECTION('center_axis',(0.,8.85062997947351E-17,-1.));
#8546=DIRECTION('ref_axis',(0.,1.,8.85062997947351E-17));
#8547=DIRECTION('center_axis',(1.,0.,0.));
#8548=DIRECTION('ref_axis',(0.,0.,-1.));
#8549=DIRECTION('',(0.,-1.,0.));
#8550=DIRECTION('',(0.,-8.85062997947351E-17,1.));
#8551=DIRECTION('',(0.,1.,8.85062997947351E-17));
#8552=DIRECTION('',(0.,-8.85062997947351E-17,1.));
#8553=DIRECTION('',(0.,-1.,0.));
#8554=DIRECTION('',(0.,0.,1.));
#8555=DIRECTION('',(0.,-1.,0.));
#8556=DIRECTION('',(0.,0.,1.));
#8557=DIRECTION('center_axis',(8.67361737988404E-17,0.,-1.));
#8558=DIRECTION('ref_axis',(-1.,0.,-8.67361737988404E-17));
#8559=DIRECTION('center_axis',(8.67361737988404E-17,0.,-1.));
#8560=DIRECTION('ref_axis',(-1.,0.,-8.67361737988404E-17));
#8561=DIRECTION('',(0.,-1.,0.));
#8562=DIRECTION('',(1.,0.,8.67361737988404E-17));
#8563=DIRECTION('center_axis',(8.67361737988404E-17,0.,-1.));
#8564=DIRECTION('ref_axis',(-1.,0.,-8.67361737988404E-17));
#8565=DIRECTION('',(0.,-1.,0.));
#8566=DIRECTION('center_axis',(8.67361737988404E-17,0.,-1.));
#8567=DIRECTION('ref_axis',(-1.,0.,-8.67361737988404E-17));
#8568=DIRECTION('center_axis',(8.67361737988404E-17,0.,-1.));
#8569=DIRECTION('ref_axis',(-1.,0.,-8.67361737988404E-17));
#8570=DIRECTION('',(1.,0.,8.67361737988404E-17));
#8571=DIRECTION('center_axis',(-1.,0.,-2.34422091348217E-16));
#8572=DIRECTION('ref_axis',(-2.34422091348217E-16,0.,1.));
#8573=DIRECTION('',(0.,-8.85062997947351E-17,1.));
#8574=DIRECTION('',(2.07478318953741E-32,-1.,-8.85062997947351E-17));
#8575=DIRECTION('',(0.,-8.85062997947351E-17,1.));
#8576=DIRECTION('',(2.34422091348217E-16,0.,-1.));
#8577=DIRECTION('',(0.,-1.,0.));
#8578=DIRECTION('',(2.34422091348217E-16,0.,-1.));
#8579=DIRECTION('center_axis',(0.,1.,0.));
#8580=DIRECTION('ref_axis',(0.,0.,1.));
#8581=DIRECTION('',(0.,0.,-1.));
#8582=DIRECTION('',(-1.,0.,0.));
#8583=DIRECTION('',(0.,0.,-1.));
#8584=DIRECTION('',(-1.,0.,-8.67361737988404E-17));
#8585=DIRECTION('center_axis',(0.,-1.,0.));
#8586=DIRECTION('ref_axis',(0.,0.,-1.));
#8587=DIRECTION('',(0.,0.,1.));
#8588=DIRECTION('',(0.,0.,1.));
#8589=DIRECTION('',(-1.,0.,0.));
#8590=DIRECTION('',(-1.,0.,-8.67361737988404E-17));
#8591=DIRECTION('center_axis',(0.,8.85062997947351E-17,1.));
#8592=DIRECTION('ref_axis',(0.,-1.,8.85062997947351E-17));
#8593=DIRECTION('',(0.,1.,-8.85062997947351E-17));
#8594=DIRECTION('',(0.,1.,-8.85062997947351E-17));
#8595=DIRECTION('center_axis',(1.,0.,0.));
#8596=DIRECTION('ref_axis',(0.,0.,-1.));
#8597=DIRECTION('center_axis',(1.,0.,0.));
#8598=DIRECTION('ref_axis',(0.,0.,-1.));
#8599=DIRECTION('center_axis',(-8.67361737988404E-17,0.,1.));
#8600=DIRECTION('ref_axis',(1.,0.,8.67361737988404E-17));
#8601=DIRECTION('center_axis',(0.,8.85062997947351E-17,-1.));
#8602=DIRECTION('ref_axis',(0.,1.,8.85062997947351E-17));
#8603=DIRECTION('center_axis',(0.,8.85062997947351E-17,-1.));
#8604=DIRECTION('ref_axis',(0.,1.,8.85062997947351E-17));
#8605=DIRECTION('center_axis',(0.,-8.85062997947351E-17,1.));
#8606=DIRECTION('ref_axis',(0.,-1.,-8.85062997947351E-17));
#8607=DIRECTION('',(0.,-8.85062997947351E-17,1.));
#8608=DIRECTION('center_axis',(0.,8.85062997947351E-17,-1.));
#8609=DIRECTION('ref_axis',(0.,1.,8.85062997947351E-17));
#8610=DIRECTION('center_axis',(0.,8.85062997947351E-17,-1.));
#8611=DIRECTION('ref_axis',(0.,1.,8.85062997947351E-17));
#8612=DIRECTION('axis',(0.,0.,1.));
#8613=DIRECTION('refdir',(1.,0.,0.));
#8614=DIRECTION('center_axis',(0.971669873119786,0.236342246903465,0.));
#8615=DIRECTION('ref_axis',(-0.236342246903465,0.971669873119786,0.));
#8616=DIRECTION('',(0.,0.,-1.));
#8617=DIRECTION('',(0.171013278137409,-0.7030839913164,-0.690237176523619));
#8618=DIRECTION('',(-0.236342246903465,0.971669873119786,1.52541918953438E-16));
#8619=DIRECTION('',(0.,0.,1.));
#8620=DIRECTION('',(0.236342246903465,-0.971669873119786,1.30893130192124E-16));
#8621=DIRECTION('',(-0.171013278137409,0.7030839913164,-0.690237176523619));
#8622=DIRECTION('center_axis',(0.,0.,-1.));
#8623=DIRECTION('ref_axis',(-1.,0.,0.));
#8624=DIRECTION('center_axis',(5.75482234726532E-17,-1.42991818884437E-16,
1.));
#8625=DIRECTION('ref_axis',(0.236342246903465,-0.971669873119786,-1.52541918953438E-16));
#8626=DIRECTION('',(0.,0.,-1.));
#8627=DIRECTION('center_axis',(-3.40510950789586E-17,-1.42991818884437E-16,
-1.));
#8628=DIRECTION('ref_axis',(0.236342246903465,-0.971669873119786,1.30893130192124E-16));
#8629=DIRECTION('center_axis',(1.,-3.26730683226474E-17,0.));
#8630=DIRECTION('ref_axis',(3.26730683226474E-17,1.,0.));
#8631=DIRECTION('',(-4.71844785465692E-16,1.,1.42991818884437E-16));
#8632=DIRECTION('',(0.,0.,1.));
#8633=DIRECTION('',(4.71844785465692E-16,-1.,1.42991818884437E-16));
#8634=DIRECTION('center_axis',(0.,0.,-1.));
#8635=DIRECTION('ref_axis',(-1.,0.,0.));
#8636=DIRECTION('center_axis',(5.75482234726532E-17,-1.42991818884437E-16,
1.));
#8637=DIRECTION('ref_axis',(-0.236342246903465,0.971669873119786,1.52541918953438E-16));
#8638=DIRECTION('',(-4.51463748073163E-17,-1.22464679914735E-16,-1.));
#8639=DIRECTION('center_axis',(-3.40510950789586E-17,-1.42991818884437E-16,
-1.));
#8640=DIRECTION('ref_axis',(-0.236342246903465,0.971669873119786,-1.30893130192124E-16));
#8641=DIRECTION('center_axis',(0.971669873119786,0.236342246903465,0.));
#8642=DIRECTION('ref_axis',(-0.236342246903465,0.971669873119786,0.));
#8643=DIRECTION('',(0.236342246903465,-0.971669873119786,-1.52541918953438E-16));
#8644=DIRECTION('',(-0.171013278137409,0.7030839913164,0.690237176523619));
#8645=DIRECTION('',(0.,0.,-1.));
#8646=DIRECTION('',(0.171013278137409,-0.7030839913164,0.690237176523619));
#8647=DIRECTION('',(-0.236342246903465,0.971669873119786,-1.30893130192124E-16));
#8648=DIRECTION('',(0.,0.,-1.));
#8649=DIRECTION('center_axis',(0.,0.,-1.));
#8650=DIRECTION('ref_axis',(-1.,0.,0.));
#8651=DIRECTION('center_axis',(-5.75482234726532E-17,1.42991818884437E-16,
-1.));
#8652=DIRECTION('ref_axis',(0.236342246903465,-0.971669873119786,-1.52541918953438E-16));
#8653=DIRECTION('center_axis',(3.40510950789586E-17,1.42991818884437E-16,
1.));
#8654=DIRECTION('ref_axis',(0.236342246903465,-0.971669873119786,1.30893130192124E-16));
#8655=DIRECTION('',(0.,0.,-1.));
#8656=DIRECTION('center_axis',(1.,-3.26730683226474E-17,0.));
#8657=DIRECTION('ref_axis',(3.26730683226474E-17,1.,0.));
#8658=DIRECTION('',(2.77555756156289E-17,-1.,-1.42991818884437E-16));
#8659=DIRECTION('',(-2.77555756156289E-17,1.,-1.42991818884437E-16));
#8660=DIRECTION('',(0.,0.,-1.));
#8661=DIRECTION('center_axis',(0.,0.,-1.));
#8662=DIRECTION('ref_axis',(-1.,0.,0.));
#8663=DIRECTION('center_axis',(-5.75482234726532E-17,1.42991818884437E-16,
-1.));
#8664=DIRECTION('ref_axis',(-0.236342246903465,0.971669873119786,1.52541918953438E-16));
#8665=DIRECTION('center_axis',(3.40510950789586E-17,1.42991818884437E-16,
1.));
#8666=DIRECTION('ref_axis',(-0.236342246903465,0.971669873119786,-1.30893130192124E-16));
#8667=DIRECTION('',(-4.51463748073163E-17,-1.22464679914735E-16,-1.));
#8668=DIRECTION('center_axis',(-1.,-1.55277583653624E-16,0.));
#8669=DIRECTION('ref_axis',(1.55277583653624E-16,-1.,0.));
#8670=DIRECTION('',(0.,0.783129056242359,-0.621859213382701));
#8671=DIRECTION('',(-1.88682272025442E-16,-0.621859213382701,-0.783129056242359));
#8672=DIRECTION('center_axis',(-1.,0.,2.4093381610789E-16));
#8673=DIRECTION('ref_axis',(0.,1.,0.));
#8674=DIRECTION('',(-3.61670144081928E-17,-1.34292675616122E-16,-1.));
#8675=DIRECTION('',(-1.0019762797242E-14,1.,-1.42991818884437E-16));
#8676=DIRECTION('',(-3.61670144081928E-17,-1.34292675616122E-16,-1.));
#8677=DIRECTION('center_axis',(1.,0.,0.));
#8678=DIRECTION('ref_axis',(0.,0.,-1.));
#8679=DIRECTION('',(0.,-0.621859213382701,-0.783129056242359));
#8680=DIRECTION('center_axis',(0.,0.,-1.));
#8681=DIRECTION('ref_axis',(-1.,0.,0.));
#8682=DIRECTION('',(4.51463748073163E-17,1.22464679914735E-16,1.));
#8683=DIRECTION('center_axis',(-1.17485641968473E-17,-1.42991818884437E-16,
1.));
#8684=DIRECTION('ref_axis',(0.236342246903465,0.971669873119786,1.41717524572781E-16));
#8685=DIRECTION('',(0.,0.,-1.));
#8686=DIRECTION('center_axis',(-1.17485641968473E-17,-1.42991818884437E-16,
-1.));
#8687=DIRECTION('ref_axis',(0.236342246903465,0.971669873119786,-1.41717524572781E-16));
#8688=DIRECTION('center_axis',(-1.,-9.03501810404587E-17,0.));
#8689=DIRECTION('ref_axis',(9.03501810404587E-17,-1.,0.));
#8690=DIRECTION('',(-4.44089209850063E-16,-1.,-1.42991818884437E-16));
#8691=DIRECTION('',(0.,0.,1.));
#8692=DIRECTION('',(4.16333634234434E-16,1.,-1.42991818884437E-16));
#8693=DIRECTION('center_axis',(0.,0.,-1.));
#8694=DIRECTION('ref_axis',(-1.,0.,0.));
#8695=DIRECTION('center_axis',(-1.17485641968473E-17,-1.42991818884437E-16,
1.));
#8696=DIRECTION('ref_axis',(-0.236342246903465,-0.971669873119786,-1.41717524572781E-16));
#8697=DIRECTION('',(0.,0.,-1.));
#8698=DIRECTION('center_axis',(-1.17485641968473E-17,-1.42991818884437E-16,
-1.));
#8699=DIRECTION('ref_axis',(-0.236342246903465,-0.971669873119786,1.41717524572781E-16));
#8700=DIRECTION('center_axis',(-0.971669873119786,0.236342246903465,0.));
#8701=DIRECTION('ref_axis',(-0.236342246903465,-0.971669873119786,0.));
#8702=DIRECTION('',(-0.236342246903465,-0.971669873119786,-1.41717524572781E-16));
#8703=DIRECTION('',(0.171013278137409,0.7030839913164,0.690237176523619));
#8704=DIRECTION('',(0.,0.,1.));
#8705=DIRECTION('',(-0.171013278137409,-0.7030839913164,0.690237176523619));
#8706=DIRECTION('',(0.236342246903465,0.971669873119786,-1.41717524572781E-16));
#8707=DIRECTION('center_axis',(0.,0.,-1.));
#8708=DIRECTION('ref_axis',(-1.,0.,0.));
#8709=DIRECTION('center_axis',(1.17485641968473E-17,1.42991818884437E-16,
-1.));
#8710=DIRECTION('ref_axis',(0.236342246903465,0.971669873119786,1.41717524572781E-16));
#8711=DIRECTION('',(4.51463748073163E-17,1.22464679914735E-16,1.));
#8712=DIRECTION('center_axis',(1.17485641968473E-17,1.42991818884437E-16,
1.));
#8713=DIRECTION('ref_axis',(0.236342246903465,0.971669873119786,-1.41717524572781E-16));
#8714=DIRECTION('',(0.,0.,-1.));
#8715=DIRECTION('center_axis',(-1.,-9.03501810404587E-17,0.));
#8716=DIRECTION('ref_axis',(9.03501810404587E-17,-1.,0.));
#8717=DIRECTION('',(-2.77555756156289E-17,1.,1.42991818884437E-16));
#8718=DIRECTION('',(2.77555756156289E-17,-1.,1.42991818884437E-16));
#8719=DIRECTION('',(0.,0.,-1.));
#8720=DIRECTION('center_axis',(0.,0.,-1.));
#8721=DIRECTION('ref_axis',(-1.,0.,0.));
#8722=DIRECTION('center_axis',(1.17485641968473E-17,1.42991818884437E-16,
-1.));
#8723=DIRECTION('ref_axis',(-0.236342246903465,-0.971669873119786,-1.41717524572781E-16));
#8724=DIRECTION('center_axis',(1.17485641968473E-17,1.42991818884437E-16,
1.));
#8725=DIRECTION('ref_axis',(-0.236342246903465,-0.971669873119786,1.41717524572781E-16));
#8726=DIRECTION('',(0.,0.,-1.));
#8727=DIRECTION('center_axis',(-0.971669873119786,0.236342246903465,0.));
#8728=DIRECTION('ref_axis',(-0.236342246903465,-0.971669873119786,0.));
#8729=DIRECTION('',(0.236342246903465,0.971669873119786,1.41717524572781E-16));
#8730=DIRECTION('',(-0.236342246903465,-0.971669873119786,1.41717524572781E-16));
#8731=DIRECTION('',(0.171013278137409,0.7030839913164,-0.690237176523619));
#8732=DIRECTION('',(0.,0.,-1.));
#8733=DIRECTION('',(-0.171013278137409,-0.7030839913164,-0.690237176523619));
#8734=DIRECTION('center_axis',(1.,4.70226218481283E-17,0.));
#8735=DIRECTION('ref_axis',(-4.70226218481283E-17,1.,0.));
#8736=DIRECTION('',(-9.6326448676131E-18,-1.34292675616122E-16,1.));
#8737=DIRECTION('center_axis',(-1.,-4.51678559602326E-49,-7.37647066757211E-33));
#8738=DIRECTION('ref_axis',(-7.37647066757211E-33,0.,1.));
#8739=DIRECTION('',(4.70226218481283E-17,-1.,6.12323399573677E-17));
#8740=DIRECTION('center_axis',(1.,-6.12323399573677E-17,-9.9579925010296E-17));
#8741=DIRECTION('ref_axis',(-6.12323399573677E-17,-1.,6.12323399573676E-17));
#8742=DIRECTION('',(-6.12323399573675E-17,-1.,1.58827765331723E-15));
#8743=DIRECTION('center_axis',(-1.,6.12323399573677E-17,9.9579925010296E-17));
#8744=DIRECTION('ref_axis',(6.12323399573677E-17,1.,-6.12323399573676E-17));
#8745=DIRECTION('',(4.70226218481283E-17,-1.,6.12323399573677E-17));
#8746=DIRECTION('center_axis',(1.,4.51678559602326E-49,7.37647066757211E-33));
#8747=DIRECTION('ref_axis',(7.37647066757211E-33,-6.12323399573677E-17,
-1.));
#8748=DIRECTION('',(-9.6326448676131E-18,-1.34292675616122E-16,1.));
#8749=DIRECTION('',(9.96425164601078E-15,1.,1.42991818884437E-16));
#8750=DIRECTION('center_axis',(-1.,-1.55277583653624E-16,0.));
#8751=DIRECTION('ref_axis',(1.55277583653624E-16,-1.,0.));
#8752=DIRECTION('center_axis',(-1.,-4.51678559602326E-49,-7.37647066757211E-33));
#8753=DIRECTION('ref_axis',(-7.37647066757211E-33,0.,1.));
#8754=DIRECTION('',(-4.51463748073163E-17,-1.22464679914735E-16,-1.));
#8755=DIRECTION('',(1.0019762797242E-14,-1.,-1.42991818884438E-16));
#8756=DIRECTION('',(-4.51463748073163E-17,-1.22464679914735E-16,-1.));
#8757=DIRECTION('center_axis',(-1.,-4.51678559602326E-49,-7.37647066757211E-33));
#8758=DIRECTION('ref_axis',(7.37647066757211E-33,-6.12323399573677E-17,
-1.));
#8759=DIRECTION('',(-1.55277583653624E-16,1.,-6.12323399573677E-17));
#8760=DIRECTION('center_axis',(1.,-6.12323399573677E-17,-9.9579925010296E-17));
#8761=DIRECTION('ref_axis',(6.12323399573677E-17,1.,-6.12323399573676E-17));
#8762=DIRECTION('',(-6.12323399573675E-17,-1.,1.51596464942229E-15));
#8763=DIRECTION('center_axis',(1.,-6.12323399573677E-17,-9.9579925010296E-17));
#8764=DIRECTION('ref_axis',(-6.12323399573677E-17,-1.,6.12323399573676E-17));
#8765=DIRECTION('',(-1.55277583653624E-16,1.,-6.12323399573677E-17));
#8766=DIRECTION('center_axis',(1.,4.70226218481283E-17,0.));
#8767=DIRECTION('ref_axis',(-4.70226218481283E-17,1.,0.));
#8768=DIRECTION('center_axis',(1.,0.,0.));
#8769=DIRECTION('ref_axis',(0.,0.,-1.));
#8770=DIRECTION('',(4.51463748073163E-17,1.22464679914735E-16,1.));
#8771=DIRECTION('',(-9.96425164601078E-15,-1.,1.42991818884437E-16));
#8772=DIRECTION('',(4.51463748073163E-17,1.22464679914735E-16,1.));
#8773=DIRECTION('center_axis',(-1.,0.,2.4093381610789E-16));
#8774=DIRECTION('ref_axis',(0.,1.,0.));
#8775=DIRECTION('',(-1.88682272025442E-16,-0.621859213382701,-0.783129056242359));
#8776=DIRECTION('',(0.,0.783129056242359,-0.621859213382701));
#8777=DIRECTION('',(0.,-0.621859213382701,-0.783129056242359));
#8778=DIRECTION('center_axis',(-7.37647066757211E-33,6.12323399573677E-17,
1.));
#8779=DIRECTION('ref_axis',(0.,-1.,6.12323399573677E-17));
#8780=DIRECTION('',(-1.,0.,0.));
#8781=DIRECTION('',(1.,0.,0.));
#8782=DIRECTION('center_axis',(0.,0.,-1.));
#8783=DIRECTION('ref_axis',(0.550060740401084,0.835124650498003,0.));
#8784=DIRECTION('',(1.,-6.12323399573677E-17,-5.28682266040552E-17));
#8785=DIRECTION('',(1.,-6.12323399573677E-17,-5.28682266040552E-17));
#8786=DIRECTION('',(-6.12323399573677E-17,-1.,-4.56563663433545E-32));
#8787=DIRECTION('center_axis',(0.,0.,-1.));
#8788=DIRECTION('ref_axis',(0.550060740401084,0.835124650498003,0.));
#8789=DIRECTION('',(0.550060740401084,0.835124650498003,0.));
#8790=DIRECTION('',(-0.835124650498003,0.550060740401084,0.));
#8791=DIRECTION('',(0.550060740401084,0.835124650498003,0.));
#8792=DIRECTION('center_axis',(0.,0.,1.));
#8793=DIRECTION('ref_axis',(-1.,0.,0.));
#8794=DIRECTION('center_axis',(0.,0.,-1.));
#8795=DIRECTION('ref_axis',(1.,0.,0.));
#8796=DIRECTION('center_axis',(0.,0.,1.));
#8797=DIRECTION('ref_axis',(-1.,0.,0.));
#8798=DIRECTION('center_axis',(0.,0.,-1.));
#8799=DIRECTION('ref_axis',(1.,0.,0.));
#8800=DIRECTION('center_axis',(0.,0.,1.));
#8801=DIRECTION('ref_axis',(-1.,0.,0.));
#8802=DIRECTION('center_axis',(0.,0.,-1.));
#8803=DIRECTION('ref_axis',(1.,0.,0.));
#8804=DIRECTION('',(0.,1.,0.));
#8805=DIRECTION('center_axis',(0.,0.,-1.));
#8806=DIRECTION('ref_axis',(-1.,0.,0.));
#8807=DIRECTION('',(1.,-6.12323399573677E-17,-5.28682266040552E-17));
#8808=DIRECTION('',(1.,-6.12323399573677E-17,-5.28682266040552E-17));
#8809=DIRECTION('center_axis',(0.,0.,-1.));
#8810=DIRECTION('ref_axis',(1.,0.,0.));
#8811=DIRECTION('',(0.,1.,0.));
#8812=DIRECTION('center_axis',(0.,0.,1.));
#8813=DIRECTION('ref_axis',(1.,0.,0.));
#8814=DIRECTION('center_axis',(0.,0.,1.));
#8815=DIRECTION('ref_axis',(1.,0.,0.));
#8816=DIRECTION('center_axis',(0.,0.,1.));
#8817=DIRECTION('ref_axis',(1.,0.,0.));
#8818=DIRECTION('center_axis',(0.,0.,1.));
#8819=DIRECTION('ref_axis',(1.,0.,0.));
#8820=DIRECTION('center_axis',(0.,0.,1.));
#8821=DIRECTION('ref_axis',(1.,0.,0.));
#8822=DIRECTION('center_axis',(0.,0.,1.));
#8823=DIRECTION('ref_axis',(1.,0.,0.));
#8824=DIRECTION('center_axis',(0.,0.,-1.));
#8825=DIRECTION('ref_axis',(0.,1.,0.));
#8826=DIRECTION('',(-1.,6.12323399573677E-17,1.0573645320811E-16));
#8827=DIRECTION('',(6.12323399573676E-17,1.,0.));
#8828=DIRECTION('',(-1.,6.12323399573677E-17,1.0573645320811E-16));
#8829=DIRECTION('',(-6.12323399573677E-17,-1.,-4.56563663433545E-32));
#8830=DIRECTION('center_axis',(0.,0.,-1.));
#8831=DIRECTION('ref_axis',(0.,1.,0.));
#8832=DIRECTION('',(0.550060740401084,0.835124650498003,0.));
#8833=DIRECTION('',(-0.835124650498003,0.550060740401084,0.));
#8834=DIRECTION('',(0.550060740401084,0.835124650498003,0.));
#8835=DIRECTION('center_axis',(0.,0.,1.));
#8836=DIRECTION('ref_axis',(1.,0.,0.));
#8837=DIRECTION('center_axis',(0.,0.,1.));
#8838=DIRECTION('ref_axis',(1.,0.,0.));
#8839=DIRECTION('center_axis',(0.,0.,1.));
#8840=DIRECTION('ref_axis',(1.,0.,0.));
#8841=DIRECTION('center_axis',(0.,0.,1.));
#8842=DIRECTION('ref_axis',(1.,0.,0.));
#8843=DIRECTION('center_axis',(0.,0.,1.));
#8844=DIRECTION('ref_axis',(1.,0.,0.));
#8845=DIRECTION('center_axis',(0.,0.,1.));
#8846=DIRECTION('ref_axis',(1.,0.,0.));
#8847=DIRECTION('',(0.,1.,0.));
#8848=DIRECTION('center_axis',(0.,0.,-1.));
#8849=DIRECTION('ref_axis',(1.,0.,0.));
#8850=DIRECTION('',(-1.,6.12323399573677E-17,1.0573645320811E-16));
#8851=DIRECTION('',(6.12323399573676E-17,1.,0.));
#8852=DIRECTION('',(-1.,6.12323399573677E-17,1.0573645320811E-16));
#8853=DIRECTION('center_axis',(0.,0.,-1.));
#8854=DIRECTION('ref_axis',(-1.,0.,0.));
#8855=DIRECTION('',(0.,1.,0.));
#8856=DIRECTION('center_axis',(0.,0.,-1.));
#8857=DIRECTION('ref_axis',(1.,0.,0.));
#8858=DIRECTION('center_axis',(0.,0.,1.));
#8859=DIRECTION('ref_axis',(-1.,0.,0.));
#8860=DIRECTION('center_axis',(0.,0.,-1.));
#8861=DIRECTION('ref_axis',(1.,0.,0.));
#8862=DIRECTION('center_axis',(0.,0.,1.));
#8863=DIRECTION('ref_axis',(-1.,0.,0.));
#8864=DIRECTION('center_axis',(0.,0.,-1.));
#8865=DIRECTION('ref_axis',(1.,0.,0.));
#8866=DIRECTION('center_axis',(0.,0.,1.));
#8867=DIRECTION('ref_axis',(-1.,0.,0.));
#8868=DIRECTION('center_axis',(1.,0.,0.));
#8869=DIRECTION('ref_axis',(0.,0.,-1.));
#8870=DIRECTION('',(0.,0.,-1.));
#8871=DIRECTION('',(0.,0.,1.));
#8872=DIRECTION('center_axis',(0.550060740401084,0.835124650498003,0.));
#8873=DIRECTION('ref_axis',(0.,0.,1.));
#8874=DIRECTION('',(0.,0.,1.));
#8875=DIRECTION('',(-0.835124650498003,0.550060740401084,0.));
#8876=DIRECTION('',(0.,0.,1.));
#8877=DIRECTION('',(0.835124650498003,-0.550060740401084,0.));
#8878=DIRECTION('center_axis',(0.835124650498003,-0.550060740401084,0.));
#8879=DIRECTION('ref_axis',(0.550060740401084,0.835124650498003,0.));
#8880=DIRECTION('center_axis',(0.835124650498003,-0.550060740401084,0.));
#8881=DIRECTION('ref_axis',(0.550060740401084,0.835124650498003,0.));
#8882=DIRECTION('center_axis',(0.835124650498003,-0.550060740401084,0.));
#8883=DIRECTION('ref_axis',(0.550060740401084,0.835124650498003,0.));
#8884=DIRECTION('',(0.,0.,1.));
#8885=DIRECTION('center_axis',(0.,0.,1.));
#8886=DIRECTION('ref_axis',(1.,0.,0.));
#8887=DIRECTION('',(0.,0.,1.));
#8888=DIRECTION('center_axis',(0.,0.,1.));
#8889=DIRECTION('ref_axis',(-1.,-8.31523030723645E-15,0.));
#8890=DIRECTION('',(0.,0.,1.));
#8891=DIRECTION('center_axis',(0.,0.,1.));
#8892=DIRECTION('ref_axis',(1.,0.,0.));
#8893=DIRECTION('',(0.,0.,1.));
#8894=DIRECTION('center_axis',(0.,0.,1.));
#8895=DIRECTION('ref_axis',(-1.,-3.21624529935327E-16,0.));
#8896=DIRECTION('',(0.,0.,1.));
#8897=DIRECTION('center_axis',(0.,0.,1.));
#8898=DIRECTION('ref_axis',(1.,0.,0.));
#8899=DIRECTION('',(0.,0.,1.));
#8900=DIRECTION('center_axis',(0.,0.,1.));
#8901=DIRECTION('ref_axis',(1.,0.,0.));
#8902=DIRECTION('',(0.,0.,1.));
#8903=DIRECTION('center_axis',(1.,0.,0.));
#8904=DIRECTION('ref_axis',(0.,0.,-1.));
#8905=DIRECTION('',(0.,0.,-1.));
#8906=DIRECTION('center_axis',(0.835124650498003,-0.550060740401084,0.));
#8907=DIRECTION('ref_axis',(0.550060740401084,0.835124650498003,0.));
#8908=DIRECTION('center_axis',(0.835124650498003,-0.550060740401084,0.));
#8909=DIRECTION('ref_axis',(0.550060740401084,0.835124650498003,0.));
#8910=DIRECTION('',(0.,0.,1.));
#8911=DIRECTION('center_axis',(0.835124650498003,-0.550060740401084,0.));
#8912=DIRECTION('ref_axis',(0.550060740401084,0.835124650498003,0.));
#8913=DIRECTION('center_axis',(0.,0.,1.));
#8914=DIRECTION('ref_axis',(1.,0.,0.));
#8915=DIRECTION('',(0.,0.,1.));
#8916=DIRECTION('center_axis',(0.,0.,1.));
#8917=DIRECTION('ref_axis',(-1.,1.01064309961486E-15,0.));
#8918=DIRECTION('',(0.,0.,1.));
#8919=DIRECTION('center_axis',(0.,0.,1.));
#8920=DIRECTION('ref_axis',(1.,0.,0.));
#8921=DIRECTION('',(0.,0.,1.));
#8922=DIRECTION('center_axis',(0.,0.,1.));
#8923=DIRECTION('ref_axis',(-1.,-3.21624529935327E-16,0.));
#8924=DIRECTION('',(0.,0.,1.));
#8925=DIRECTION('center_axis',(0.,0.,1.));
#8926=DIRECTION('ref_axis',(1.,0.,0.));
#8927=DIRECTION('',(0.,0.,1.));
#8928=DIRECTION('center_axis',(0.,0.,1.));
#8929=DIRECTION('ref_axis',(1.,0.,0.));
#8930=DIRECTION('center_axis',(6.12323399573677E-17,1.,0.));
#8931=DIRECTION('ref_axis',(-1.,6.12323399573677E-17,0.));
#8932=DIRECTION('',(1.,-6.12323399573677E-17,-9.9579925010296E-17));
#8933=DIRECTION('',(0.,0.,-1.));
#8934=DIRECTION('',(3.09772049281573E-16,-1.89680674308997E-32,1.));
#8935=DIRECTION('',(1.,-6.12323399573676E-17,0.));
#8936=DIRECTION('',(-1.54886024640786E-16,9.48403371544985E-33,-1.));
#8937=DIRECTION('',(0.,0.,1.));
#8938=DIRECTION('center_axis',(6.12323399573677E-17,1.,0.));
#8939=DIRECTION('ref_axis',(-1.,6.12323399573677E-17,0.));
#8940=DIRECTION('',(-1.54886024640786E-16,9.48403371544985E-33,-1.));
#8941=DIRECTION('',(1.,-6.12323399573676E-17,0.));
#8942=DIRECTION('',(3.09772049281573E-16,-1.89680674308997E-32,1.));
#8943=DIRECTION('',(0.,0.,-1.));
#8944=DIRECTION('',(-1.,6.12323399573677E-17,9.9579925010296E-17));
#8945=DIRECTION('',(0.,0.,1.));
#8946=DIRECTION('center_axis',(-1.,6.12323399573677E-17,0.));
#8947=DIRECTION('ref_axis',(-6.12323399573677E-17,-1.,0.));
#8948=DIRECTION('center_axis',(0.,0.,-1.));
#8949=DIRECTION('ref_axis',(1.,0.,0.));
#8950=DIRECTION('center_axis',(0.,0.,-1.));
#8951=DIRECTION('ref_axis',(1.,0.,0.));
#8952=DIRECTION('center_axis',(-1.,6.12323399573676E-17,3.09772049281573E-16));
#8953=DIRECTION('ref_axis',(3.09772049281573E-16,0.,1.));
#8954=DIRECTION('',(6.12323399573676E-17,1.,0.));
#8955=DIRECTION('center_axis',(0.,0.,1.));
#8956=DIRECTION('ref_axis',(1.,0.,0.));
#8957=DIRECTION('',(6.12323399573676E-17,1.,0.));
#8958=DIRECTION('center_axis',(1.,-6.12323399573676E-17,-1.54886024640786E-16));
#8959=DIRECTION('ref_axis',(-1.54886024640786E-16,0.,-1.));
#8960=DIRECTION('center_axis',(-7.37647066757211E-33,6.12323399573677E-17,
1.));
#8961=DIRECTION('ref_axis',(0.,-1.,6.12323399573677E-17));
#8962=DIRECTION('',(-1.,0.,0.));
#8963=DIRECTION('',(1.,0.,0.));
#8964=DIRECTION('center_axis',(1.,-6.12323399573677E-17,-9.9579925010296E-17));
#8965=DIRECTION('ref_axis',(6.12323399573677E-17,1.,-6.12323399573676E-17));
#8966=DIRECTION('center_axis',(1.,-6.12323399573677E-17,-9.9579925010296E-17));
#8967=DIRECTION('ref_axis',(6.12323399573677E-17,1.,-6.12323399573676E-17));
#8968=DIRECTION('center_axis',(0.,1.,-1.22464679914735E-16));
#8969=DIRECTION('ref_axis',(0.,1.22464679914735E-16,1.));
#8970=DIRECTION('',(1.,0.,0.));
#8971=DIRECTION('',(-1.,2.95058826702884E-32,2.4093381610789E-16));
#8972=DIRECTION('center_axis',(0.,1.,-1.22464679914735E-16));
#8973=DIRECTION('ref_axis',(0.,1.22464679914735E-16,1.));
#8974=DIRECTION('',(1.,0.,0.));
#8975=DIRECTION('',(-1.,2.95058826702884E-32,2.4093381610789E-16));
#8976=DIRECTION('center_axis',(-1.,-4.51678559602326E-49,-7.37647066757211E-33));
#8977=DIRECTION('ref_axis',(7.37647066757211E-33,-6.12323399573677E-17,
-1.));
#8978=DIRECTION('center_axis',(-1.,-4.51678559602326E-49,-7.37647066757211E-33));
#8979=DIRECTION('ref_axis',(7.37647066757211E-33,-6.12323399573677E-17,
-1.));
#8980=DIRECTION('center_axis',(0.,-0.621859213382701,-0.783129056242359));
#8981=DIRECTION('ref_axis',(1.,0.,0.));
#8982=DIRECTION('',(1.,0.,0.));
#8983=DIRECTION('',(1.,0.,0.));
#8984=DIRECTION('center_axis',(1.,0.,0.));
#8985=DIRECTION('ref_axis',(0.,0.,-1.));
#8986=DIRECTION('',(1.,0.,0.));
#8987=DIRECTION('center_axis',(0.,-0.783129056242359,0.621859213382701));
#8988=DIRECTION('ref_axis',(0.,-0.621859213382701,-0.783129056242359));
#8989=DIRECTION('center_axis',(1.,0.,0.));
#8990=DIRECTION('ref_axis',(0.,0.,-1.));
#8991=DIRECTION('',(1.,0.,0.));
#8992=DIRECTION('center_axis',(0.,-0.783129056242359,0.621859213382701));
#8993=DIRECTION('ref_axis',(0.,-0.621859213382701,-0.783129056242359));
#8994=DIRECTION('center_axis',(-4.33186914304781E-17,6.64512739485169E-17,
1.));
#8995=DIRECTION('ref_axis',(-0.546098872794208,0.837720729797762,-7.93238982692468E-17));
#8996=DIRECTION('center_axis',(0.,0.,-1.));
#8997=DIRECTION('ref_axis',(-1.,0.,0.));
#8998=DIRECTION('',(-0.997811421713834,-0.0661238738839277,-3.88298694250302E-17));
#8999=DIRECTION('center_axis',(0.,9.4690146068603E-17,1.));
#9000=DIRECTION('ref_axis',(-1.,0.,0.));
#9001=DIRECTION('',(-0.546098872794208,0.837720729797762,-7.93238982692468E-17));
#9002=DIRECTION('',(-0.837720729797762,-0.546098872794208,0.));
#9003=DIRECTION('',(0.546098872794208,-0.837720729797762,0.));
#9004=DIRECTION('center_axis',(-0.546098872794208,0.837720729797762,0.));
#9005=DIRECTION('ref_axis',(0.,0.,-1.));
#9006=DIRECTION('',(0.,0.,1.));
#9007=DIRECTION('',(-0.837720729797762,-0.546098872794208,0.));
#9008=DIRECTION('',(0.,0.,-1.));
#9009=DIRECTION('',(0.837720729797762,0.546098872794208,-5.1710182032783E-17));
#9010=DIRECTION('center_axis',(0.,9.4690146068603E-17,1.));
#9011=DIRECTION('ref_axis',(0.,-1.,9.4690146068603E-17));
#9012=DIRECTION('center_axis',(0.,9.4690146068603E-17,1.));
#9013=DIRECTION('ref_axis',(-1.,0.,0.));
#9014=DIRECTION('',(0.997811421713834,0.0661238738839276,-6.26127927669099E-18));
#9015=DIRECTION('center_axis',(0.,0.,-1.));
#9016=DIRECTION('ref_axis',(-1.,0.,0.));
#9017=DIRECTION('',(0.546098872794208,-0.837720729797762,0.));
#9018=DIRECTION('',(-0.837720729797762,-0.546098872794208,5.1710182032783E-17));
#9019=DIRECTION('',(-0.546098872794208,0.837720729797762,-7.93238982692468E-17));
#9020=DIRECTION('center_axis',(0.,0.,-1.));
#9021=DIRECTION('ref_axis',(0.985660750425836,0.168739103559245,0.));
#9022=DIRECTION('center_axis',(-0.0467566396216493,0.705559222639242,-0.707106781186548));
#9023=DIRECTION('ref_axis',(0.0467566396216493,-0.705559222639242,-0.707106781186547));
#9024=DIRECTION('',(0.,0.,-1.));
#9025=DIRECTION('center_axis',(-0.0467566396216492,0.705559222639241,0.707106781186548));
#9026=DIRECTION('ref_axis',(-0.0467566396216493,0.705559222639243,-0.707106781186547));
#9027=DIRECTION('center_axis',(-0.837720729797762,-0.546098872794208,0.));
#9028=DIRECTION('ref_axis',(0.546098872794208,-0.837720729797762,0.));
#9029=DIRECTION('center_axis',(-0.837720729797762,-0.546098872794208,0.));
#9030=DIRECTION('ref_axis',(0.546098872794208,-0.837720729797762,0.));
#9031=DIRECTION('center_axis',(-0.837720729797762,-0.546098872794208,0.));
#9032=DIRECTION('ref_axis',(0.546098872794208,-0.837720729797762,0.));
#9033=DIRECTION('center_axis',(0.,0.,-1.));
#9034=DIRECTION('ref_axis',(0.985660750425835,0.168739103559251,0.));
#9035=DIRECTION('center_axis',(-0.0467566396216493,0.705559222639242,-0.707106781186548));
#9036=DIRECTION('ref_axis',(0.0467566396216493,-0.705559222639242,-0.707106781186547));
#9037=DIRECTION('center_axis',(-0.0467566396216492,0.705559222639241,0.707106781186548));
#9038=DIRECTION('ref_axis',(-0.0467566396216494,0.705559222639243,-0.707106781186547));
#9039=DIRECTION('',(0.,0.,-1.));
#9040=DIRECTION('center_axis',(-0.837720729797762,-0.546098872794208,0.));
#9041=DIRECTION('ref_axis',(0.546098872794208,-0.837720729797762,0.));
#9042=DIRECTION('center_axis',(-0.837720729797762,-0.546098872794208,0.));
#9043=DIRECTION('ref_axis',(0.546098872794208,-0.837720729797762,0.));
#9044=DIRECTION('center_axis',(-0.837720729797762,-0.546098872794208,0.));
#9045=DIRECTION('ref_axis',(0.546098872794208,-0.837720729797762,0.));
#9046=DIRECTION('center_axis',(-1.17485641968473E-17,-1.42991818884437E-16,
-1.));
#9047=DIRECTION('ref_axis',(0.,1.,-1.42991818884437E-16));
#9048=DIRECTION('',(0.997811421713834,0.0661238738839277,-2.11780245427004E-17));
#9049=DIRECTION('center_axis',(-1.17485641968473E-17,-1.42991818884437E-16,
1.));
#9050=DIRECTION('ref_axis',(0.,-1.,-1.42991818884437E-16));
#9051=DIRECTION('',(-0.997811421713834,-0.0661238738839277,-2.11780245427004E-17));
#9052=DIRECTION('center_axis',(-0.0467566396216493,0.705559222639242,-0.707106781186548));
#9053=DIRECTION('ref_axis',(-0.997811421713834,-0.0661238738839277,-2.77555756156289E-17));
#9054=DIRECTION('',(-0.997811421713834,-0.0661238738839277,-4.2300843922875E-17));
#9055=DIRECTION('center_axis',(-0.0467566396216492,0.705559222639241,0.707106781186548));
#9056=DIRECTION('ref_axis',(0.997811421713834,0.0661238738839277,-5.55111512312578E-17));
#9057=DIRECTION('',(-0.997811421713834,-0.0661238738839276,1.32825248187272E-17));
#9058=DIRECTION('center_axis',(0.997811421713834,0.0661238738839277,3.88298694250302E-17));
#9059=DIRECTION('ref_axis',(-0.0661238738839277,0.997811421713834,-3.85185988877447E-34));
#9060=DIRECTION('center_axis',(0.997811421713834,0.0661238738839276,-6.26127927669099E-18));
#9061=DIRECTION('ref_axis',(-0.0661238738839276,0.997811421713834,-4.81482486096809E-35));
#9062=DIRECTION('center_axis',(-0.837720729797762,-0.546098872794208,0.));
#9063=DIRECTION('ref_axis',(0.546098872794208,-0.837720729797762,0.));
#9064=DIRECTION('center_axis',(0.837720729797762,0.546098872794208,-5.1710182032783E-17));
#9065=DIRECTION('ref_axis',(-0.546098872794208,0.837720729797762,0.));
#9066=DIRECTION('center_axis',(4.57996592758059E-17,9.4690146068603E-17,
1.));
#9067=DIRECTION('ref_axis',(0.,-1.,9.4690146068603E-17));
#9068=DIRECTION('center_axis',(4.57996592758059E-17,9.4690146068603E-17,
1.));
#9069=DIRECTION('ref_axis',(1.,5.76771127178113E-17,-4.57996592758059E-17));
#9070=DIRECTION('',(-0.997811421713834,0.0661238738839276,3.94381438593101E-17));
#9071=DIRECTION('center_axis',(0.,0.,-1.));
#9072=DIRECTION('ref_axis',(-1.,0.,0.));
#9073=DIRECTION('',(0.546098872794208,0.837720729797762,0.));
#9074=DIRECTION('',(-0.837720729797762,0.546098872794208,-1.3342858039766E-17));
#9075=DIRECTION('',(-0.546098872794208,-0.837720729797762,1.04335040574123E-16));
#9076=DIRECTION('center_axis',(5.69772480504667E-17,8.74036263332337E-17,
1.));
#9077=DIRECTION('ref_axis',(-0.546098872794208,-0.837720729797762,1.04335040574123E-16));
#9078=DIRECTION('center_axis',(0.,0.,-1.));
#9079=DIRECTION('ref_axis',(-1.,0.,0.));
#9080=DIRECTION('',(0.997811421713834,-0.0661238738839276,-5.10730825179212E-17));
#9081=DIRECTION('center_axis',(4.57996592758059E-17,9.4690146068603E-17,
1.));
#9082=DIRECTION('ref_axis',(1.,5.76771127178113E-17,-4.57996592758059E-17));
#9083=DIRECTION('',(-0.546098872794208,-0.837720729797762,1.04335040574123E-16));
#9084=DIRECTION('',(-0.837720729797762,0.546098872794208,-6.16297582203915E-33));
#9085=DIRECTION('',(0.546098872794208,0.837720729797762,0.));
#9086=DIRECTION('center_axis',(-0.546098872794208,-0.837720729797762,0.));
#9087=DIRECTION('ref_axis',(0.,0.,-1.));
#9088=DIRECTION('',(0.,0.,-1.));
#9089=DIRECTION('',(0.837720729797762,-0.546098872794208,1.3342858039766E-17));
#9090=DIRECTION('',(0.,0.,1.));
#9091=DIRECTION('',(-0.837720729797762,0.546098872794208,-6.16297582203915E-33));
#9092=DIRECTION('center_axis',(0.837720729797762,-0.546098872794208,0.));
#9093=DIRECTION('ref_axis',(0.546098872794208,0.837720729797762,0.));
#9094=DIRECTION('center_axis',(0.837720729797762,-0.546098872794208,0.));
#9095=DIRECTION('ref_axis',(0.546098872794208,0.837720729797762,0.));
#9096=DIRECTION('',(0.,0.,1.));
#9097=DIRECTION('center_axis',(0.837720729797762,-0.546098872794208,0.));
#9098=DIRECTION('ref_axis',(0.546098872794208,0.837720729797762,0.));
#9099=DIRECTION('center_axis',(0.,0.,-1.));
#9100=DIRECTION('ref_axis',(-1.,0.,0.));
#9101=DIRECTION('center_axis',(0.0467566396216492,0.705559222639242,-0.707106781186547));
#9102=DIRECTION('ref_axis',(-0.0467566396216492,-0.705559222639242,-0.707106781186548));
#9103=DIRECTION('center_axis',(0.0467566396216493,0.705559222639242,0.707106781186548));
#9104=DIRECTION('ref_axis',(0.0467566396216493,0.705559222639242,-0.707106781186547));
#9105=DIRECTION('center_axis',(0.837720729797762,-0.546098872794208,0.));
#9106=DIRECTION('ref_axis',(0.546098872794208,0.837720729797762,0.));
#9107=DIRECTION('center_axis',(0.837720729797762,-0.546098872794208,0.));
#9108=DIRECTION('ref_axis',(0.546098872794208,0.837720729797762,0.));
#9109=DIRECTION('center_axis',(0.837720729797762,-0.546098872794208,0.));
#9110=DIRECTION('ref_axis',(0.546098872794208,0.837720729797762,0.));
#9111=DIRECTION('',(0.,0.,-1.));
#9112=DIRECTION('center_axis',(0.,0.,-1.));
#9113=DIRECTION('ref_axis',(-1.,0.,0.));
#9114=DIRECTION('center_axis',(0.0467566396216492,0.705559222639242,-0.707106781186547));
#9115=DIRECTION('ref_axis',(-0.0467566396216492,-0.705559222639242,-0.707106781186548));
#9116=DIRECTION('center_axis',(0.0467566396216493,0.705559222639242,0.707106781186548));
#9117=DIRECTION('ref_axis',(0.0467566396216493,0.705559222639242,-0.707106781186547));
#9118=DIRECTION('center_axis',(-3.40510950789586E-17,-1.42991818884437E-16,
-1.));
#9119=DIRECTION('ref_axis',(0.,1.,-1.42991818884437E-16));
#9120=DIRECTION('',(0.997811421713834,-0.0661238738839276,-2.45213985933007E-17));
#9121=DIRECTION('center_axis',(5.75482234726532E-17,-1.42991818884437E-16,
1.));
#9122=DIRECTION('ref_axis',(0.,-1.,-1.42991818884437E-16));
#9123=DIRECTION('',(-0.997811421713834,0.0661238738839276,6.68774476787015E-17));
#9124=DIRECTION('center_axis',(0.0467566396216492,0.705559222639242,-0.707106781186547));
#9125=DIRECTION('ref_axis',(-0.997811421713834,0.0661238738839276,7.63278329429795E-17));
#9126=DIRECTION('',(-0.997811421713834,0.0661238738839276,4.64888368655452E-17));
#9127=DIRECTION('center_axis',(0.0467566396216493,0.705559222639242,0.707106781186548));
#9128=DIRECTION('ref_axis',(0.997811421713834,-0.0661238738839276,-3.46944695195361E-17));
#9129=DIRECTION('',(-0.997811421713834,0.0661238738839276,5.38486452656254E-17));
#9130=DIRECTION('center_axis',(0.997811421713834,-0.0661238738839276,-3.94381438593101E-17));
#9131=DIRECTION('ref_axis',(0.0661238738839276,0.997811421713834,0.));
#9132=DIRECTION('center_axis',(0.997811421713834,-0.0661238738839276,-5.10730825179212E-17));
#9133=DIRECTION('ref_axis',(0.0661238738839276,0.997811421713834,3.85185988877447E-34));
#9134=DIRECTION('center_axis',(-0.837720729797762,0.546098872794208,-1.3342858039766E-17));
#9135=DIRECTION('ref_axis',(-0.546098872794208,-0.837720729797762,0.));
#9136=DIRECTION('center_axis',(0.837720729797762,-0.546098872794208,6.16297582203915E-33));
#9137=DIRECTION('ref_axis',(0.546098872794208,0.837720729797762,0.));
#9138=DIRECTION('center_axis',(0.835124650498003,-0.550060740401084,0.));
#9139=DIRECTION('ref_axis',(0.550060740401084,0.835124650498003,0.));
#9140=DIRECTION('center_axis',(-0.835124650498003,0.550060740401084,0.));
#9141=DIRECTION('ref_axis',(-0.550060740401084,-0.835124650498003,0.));
#9142=DIRECTION('axis',(0.,0.,1.));
#9143=DIRECTION('refdir',(1.,0.,0.));
#9144=DIRECTION('center_axis',(0.,0.,-1.));
#9145=DIRECTION('ref_axis',(-1.,0.,0.));
#9146=DIRECTION('',(0.,1.,0.));
#9147=DIRECTION('',(-1.,0.,0.));
#9148=DIRECTION('',(0.,-1.,0.));
#9149=DIRECTION('',(-1.,0.,0.));
#9150=DIRECTION('',(0.,-1.,0.));
#9151=DIRECTION('',(-1.,0.,0.));
#9152=DIRECTION('',(0.,1.,0.));
#9153=DIRECTION('',(-1.,0.,0.));
#9154=DIRECTION('',(0.,-1.,0.));
#9155=DIRECTION('',(1.,-1.35525271560688E-16,0.));
#9156=DIRECTION('',(0.,1.,0.));
#9157=DIRECTION('',(-1.,-1.18584612615602E-16,0.));
#9158=DIRECTION('',(1.,1.35525271560688E-16,0.));
#9159=DIRECTION('',(0.,1.,0.));
#9160=DIRECTION('',(-1.,1.18584612615602E-16,0.));
#9161=DIRECTION('',(0.,-1.,0.));
#9162=DIRECTION('center_axis',(0.,0.,1.));
#9163=DIRECTION('ref_axis',(1.,0.,0.));
#9164=DIRECTION('',(0.,1.,0.));
#9165=DIRECTION('',(-1.,0.,0.));
#9166=DIRECTION('',(0.,1.,0.));
#9167=DIRECTION('',(-1.,0.,0.));
#9168=DIRECTION('',(0.,1.,0.));
#9169=DIRECTION('',(1.,0.,0.));
#9170=DIRECTION('',(0.,-1.,0.));
#9171=DIRECTION('',(-1.,0.,0.));
#9172=DIRECTION('',(1.,0.,0.));
#9173=DIRECTION('',(0.,-1.,0.));
#9174=DIRECTION('',(-1.,0.,0.));
#9175=DIRECTION('',(0.,1.,0.));
#9176=DIRECTION('center_axis',(0.993372765600396,-0.114937150492867,0.));
#9177=DIRECTION('ref_axis',(0.114937150492867,0.993372765600396,0.));
#9178=DIRECTION('',(0.107811485731811,0.931787444578622,0.346624929383247));
#9179=DIRECTION('',(0.,0.,1.));
#9180=DIRECTION('',(-0.0840070923639859,-0.726052084237462,0.682488959183214));
#9181=DIRECTION('',(2.61346815488456E-17,2.25875452601147E-16,-1.));
#9182=DIRECTION('center_axis',(-0.962217993529285,-0.272280247040574,-3.267111221445E-17));
#9183=DIRECTION('ref_axis',(0.272280247040574,-0.962217993529285,0.));
#9184=DIRECTION('',(-0.20193337014848,0.713617401051947,-0.67080035698883));
#9185=DIRECTION('',(0.,-1.1999075426717E-16,1.));
#9186=DIRECTION('',(0.25635251577166,-0.905930584546714,-0.337006177451378));
#9187=DIRECTION('',(2.99623495029916E-17,-2.25875452601147E-16,1.));
#9188=DIRECTION('center_axis',(0.,0.681418527918843,0.73189397443135));
#9189=DIRECTION('ref_axis',(0.,-0.73189397443135,0.681418527918843));
#9190=DIRECTION('',(1.,0.,0.));
#9191=DIRECTION('',(0.,-0.73189397443135,0.681418527918843));
#9192=DIRECTION('',(1.,0.,0.));
#9193=DIRECTION('',(0.,-0.73189397443135,0.681418527918843));
#9194=DIRECTION('',(1.,0.,0.));
#9195=DIRECTION('',(0.,-0.73189397443135,0.681418527918843));
#9196=DIRECTION('',(1.,0.,0.));
#9197=DIRECTION('',(0.,0.73189397443135,-0.681418527918843));
#9198=DIRECTION('center_axis',(0.,-2.16840434497101E-16,1.));
#9199=DIRECTION('ref_axis',(0.,-1.,-2.16840434497101E-16));
#9200=DIRECTION('',(0.,1.,1.04548066632531E-16));
#9201=DIRECTION('',(1.,0.,0.));
#9202=DIRECTION('',(0.,-1.,-2.16840434497101E-16));
#9203=DIRECTION('center_axis',(0.,-2.16840434497101E-16,1.));
#9204=DIRECTION('ref_axis',(0.,-1.,-2.16840434497101E-16));
#9205=DIRECTION('',(1.,0.,0.));
#9206=DIRECTION('',(0.,1.,1.04548066632531E-16));
#9207=DIRECTION('',(0.,-1.,-2.16840434497101E-16));
#9208=DIRECTION('center_axis',(0.,1.,0.));
#9209=DIRECTION('ref_axis',(0.,0.,1.));
#9210=DIRECTION('',(0.,1.81304711117977E-17,1.));
#9211=DIRECTION('',(-1.,0.,0.));
#9212=DIRECTION('',(0.,1.81304711117977E-17,1.));
#9213=DIRECTION('',(0.,0.,-1.));
#9214=DIRECTION('',(0.,0.,-1.));
#9215=DIRECTION('',(0.,-3.85151748662701E-17,-1.));
#9216=DIRECTION('',(0.,-1.1999075426717E-16,1.));
#9217=DIRECTION('',(1.,0.,0.));
#9218=DIRECTION('',(0.,1.1999075426717E-16,-1.));
#9219=DIRECTION('',(0.,-3.85151748662701E-17,-1.));
#9220=DIRECTION('',(1.,0.,0.));
#9221=DIRECTION('',(0.,0.,-1.));
#9222=DIRECTION('',(1.,0.,0.));
#9223=DIRECTION('',(0.,0.,-1.));
#9224=DIRECTION('',(1.,0.,0.));
#9225=DIRECTION('',(1.,0.,0.));
#9226=DIRECTION('',(0.,0.,1.));
#9227=DIRECTION('',(1.,0.,0.));
#9228=DIRECTION('',(0.,0.,1.));
#9229=DIRECTION('',(-1.,0.,0.));
#9230=DIRECTION('',(0.,0.,-1.));
#9231=DIRECTION('',(-1.,0.,0.));
#9232=DIRECTION('',(0.,0.,-1.));
#9233=DIRECTION('',(0.,0.,1.));
#9234=DIRECTION('',(-1.,0.,0.));
#9235=DIRECTION('',(0.,0.,1.));
#9236=DIRECTION('',(-1.,0.,0.));
#9237=DIRECTION('',(0.,3.85151748662701E-17,1.));
#9238=DIRECTION('',(-1.,0.,0.));
#9239=DIRECTION('',(0.,3.85151748662701E-17,1.));
#9240=DIRECTION('',(-1.,0.,0.));
#9241=DIRECTION('',(0.,-1.1999075426717E-16,1.));
#9242=DIRECTION('',(1.,0.,0.));
#9243=DIRECTION('',(0.,1.1999075426717E-16,-1.));
#9244=DIRECTION('',(-1.,0.,0.));
#9245=DIRECTION('center_axis',(0.,-1.,-2.25875452601147E-16));
#9246=DIRECTION('ref_axis',(0.,2.25875452601147E-16,-1.));
#9247=DIRECTION('',(0.,-2.25875452601147E-16,1.));
#9248=DIRECTION('',(0.,-2.25875452601147E-16,1.));
#9249=DIRECTION('',(-1.,0.,0.));
#9250=DIRECTION('',(1.,0.,0.));
#9251=DIRECTION('',(1.,0.,0.));
#9252=DIRECTION('',(-1.,0.,0.));
#9253=DIRECTION('',(2.61346815488456E-17,-2.25875452601147E-16,1.));
#9254=DIRECTION('',(-1.,0.,0.));
#9255=DIRECTION('',(2.99623495029916E-17,2.25875452601147E-16,-1.));
#9256=DIRECTION('center_axis',(-1.,0.,0.));
#9257=DIRECTION('ref_axis',(0.,0.,1.));
#9258=DIRECTION('',(0.,-1.,-1.73472347597681E-15));
#9259=DIRECTION('',(0.,0.,1.));
#9260=DIRECTION('',(0.,1.,0.));
#9261=DIRECTION('center_axis',(-1.,0.,0.));
#9262=DIRECTION('ref_axis',(0.,0.,1.));
#9263=DIRECTION('',(0.,1.,0.));
#9264=DIRECTION('',(0.,-1.1999075426717E-16,1.));
#9265=DIRECTION('',(0.,-1.,-1.73472347597681E-15));
#9266=DIRECTION('center_axis',(0.,0.681418527918843,0.73189397443135));
#9267=DIRECTION('ref_axis',(0.,-0.73189397443135,0.681418527918843));
#9268=DIRECTION('',(-1.,0.,0.));
#9269=DIRECTION('',(0.,0.73189397443135,-0.681418527918843));
#9270=DIRECTION('',(1.,0.,0.));
#9271=DIRECTION('',(0.,-0.73189397443135,0.681418527918843));
#9272=DIRECTION('',(-1.,0.,0.));
#9273=DIRECTION('',(0.,0.73189397443135,-0.681418527918843));
#9274=DIRECTION('',(-1.,0.,0.));
#9275=DIRECTION('',(0.,0.73189397443135,-0.681418527918843));
#9276=DIRECTION('center_axis',(0.,-2.16840434497101E-16,1.));
#9277=DIRECTION('ref_axis',(0.,-1.,-2.16840434497101E-16));
#9278=DIRECTION('',(0.,1.,1.04548066632531E-16));
#9279=DIRECTION('',(0.,1.,2.16840434497101E-16));
#9280=DIRECTION('center_axis',(0.,-2.16840434497101E-16,1.));
#9281=DIRECTION('ref_axis',(0.,-1.,-2.16840434497101E-16));
#9282=DIRECTION('',(0.,1.,1.04548066632531E-16));
#9283=DIRECTION('',(0.,1.,2.16840434497101E-16));
#9284=DIRECTION('center_axis',(0.,-0.97600037380915,0.217768846083178));
#9285=DIRECTION('ref_axis',(0.,-0.217768846083178,-0.97600037380915));
#9286=DIRECTION('',(0.,0.217768846083178,0.97600037380915));
#9287=DIRECTION('',(0.,0.217768846083178,0.97600037380915));
#9288=DIRECTION('center_axis',(-1.,0.,0.));
#9289=DIRECTION('ref_axis',(0.,0.,1.));
#9290=DIRECTION('center_axis',(-1.,0.,0.));
#9291=DIRECTION('ref_axis',(0.,0.,1.));
#9292=DIRECTION('center_axis',(0.,0.,-1.));
#9293=DIRECTION('ref_axis',(-1.,0.,0.));
#9294=DIRECTION('',(0.,-1.,0.));
#9295=DIRECTION('',(0.,-1.,0.));
#9296=DIRECTION('',(-1.,0.,0.));
#9297=DIRECTION('center_axis',(0.,0.97600037380915,-0.217768846083178));
#9298=DIRECTION('ref_axis',(0.,0.217768846083178,0.976000373809151));
#9299=DIRECTION('',(0.,-0.217768846083178,-0.97600037380915));
#9300=DIRECTION('',(0.,-0.217768846083178,-0.97600037380915));
#9301=DIRECTION('',(-1.,0.,0.));
#9302=DIRECTION('center_axis',(0.,1.,1.27054942088145E-16));
#9303=DIRECTION('ref_axis',(0.,-1.27054942088145E-16,1.));
#9304=DIRECTION('',(0.,1.27054942088145E-16,-1.));
#9305=DIRECTION('',(0.,1.27054942088145E-16,-1.));
#9306=DIRECTION('center_axis',(1.,0.,0.));
#9307=DIRECTION('ref_axis',(0.,0.,-1.));
#9308=DIRECTION('center_axis',(1.,0.,0.));
#9309=DIRECTION('ref_axis',(0.,0.,-1.));
#9310=DIRECTION('center_axis',(0.,0.97600037380915,-0.217768846083178));
#9311=DIRECTION('ref_axis',(0.,0.217768846083178,0.976000373809151));
#9312=DIRECTION('',(0.,-0.217768846083178,-0.97600037380915));
#9313=DIRECTION('',(-1.,0.,0.));
#9314=DIRECTION('',(0.,-0.217768846083178,-0.97600037380915));
#9315=DIRECTION('center_axis',(0.,0.,-1.));
#9316=DIRECTION('ref_axis',(-1.,0.,0.));
#9317=DIRECTION('',(0.,-1.,0.));
#9318=DIRECTION('',(0.,-1.,0.));
#9319=DIRECTION('center_axis',(1.,0.,0.));
#9320=DIRECTION('ref_axis',(0.,0.,-1.));
#9321=DIRECTION('center_axis',(1.,0.,0.));
#9322=DIRECTION('ref_axis',(0.,0.,-1.));
#9323=DIRECTION('center_axis',(0.,0.,1.));
#9324=DIRECTION('ref_axis',(1.,0.,0.));
#9325=DIRECTION('',(0.,1.,0.));
#9326=DIRECTION('',(-1.,0.,0.));
#9327=DIRECTION('',(0.,1.,0.));
#9328=DIRECTION('center_axis',(0.,1.0842021724855E-16,-1.));
#9329=DIRECTION('ref_axis',(0.,1.,1.0842021724855E-16));
#9330=DIRECTION('',(0.,-1.,-1.0842021724855E-16));
#9331=DIRECTION('',(0.,-1.,-1.0842021724855E-16));
#9332=DIRECTION('',(-1.,0.,0.));
#9333=DIRECTION('center_axis',(0.,1.,0.));
#9334=DIRECTION('ref_axis',(0.,0.,1.));
#9335=DIRECTION('',(0.,0.,-1.));
#9336=DIRECTION('',(0.,0.,-1.));
#9337=DIRECTION('center_axis',(1.,0.,0.));
#9338=DIRECTION('ref_axis',(0.,0.,-1.));
#9339=DIRECTION('center_axis',(1.,0.,0.));
#9340=DIRECTION('ref_axis',(0.,0.,-1.));
#9341=DIRECTION('center_axis',(0.,1.73472347597681E-15,-1.));
#9342=DIRECTION('ref_axis',(0.,1.,1.73472347597681E-15));
#9343=DIRECTION('',(-1.,0.,0.));
#9344=DIRECTION('center_axis',(0.,0.348657127931214,-0.937250343901114));
#9345=DIRECTION('ref_axis',(0.,0.937250343901114,0.348657127931214));
#9346=DIRECTION('',(0.25635251577166,0.905930584546714,0.337006177451378));
#9347=DIRECTION('',(0.107811485731811,-0.931787444578622,-0.346624929383247));
#9348=DIRECTION('center_axis',(0.,0.684910008767887,0.728627668902007));
#9349=DIRECTION('ref_axis',(0.,-0.728627668902007,0.684910008767887));
#9350=DIRECTION('',(-0.20193337014848,-0.713617401051947,0.67080035698883));
#9351=DIRECTION('',(-1.,0.,0.));
#9352=DIRECTION('',(-0.0840070923639859,0.726052084237462,-0.682488959183214));
#9353=DIRECTION('center_axis',(0.,0.,1.));
#9354=DIRECTION('ref_axis',(1.,0.,0.));
#9355=DIRECTION('center_axis',(-0.993372765600396,-0.114937150492867,0.));
#9356=DIRECTION('ref_axis',(0.114937150492867,-0.993372765600396,0.));
#9357=DIRECTION('center_axis',(0.962217993529285,-0.272280247040574,-3.267111221445E-17));
#9358=DIRECTION('ref_axis',(0.272280247040574,0.962217993529285,0.));
#9359=DIRECTION('center_axis',(-1.,0.,0.));
#9360=DIRECTION('ref_axis',(0.,0.,1.));
#9361=DIRECTION('',(0.,1.,1.04548066632531E-16));
#9362=DIRECTION('center_axis',(0.,1.04548066632531E-16,-1.));
#9363=DIRECTION('ref_axis',(0.,1.,1.04548066632531E-16));
#9364=DIRECTION('',(0.,1.,1.04548066632531E-16));
#9365=DIRECTION('center_axis',(1.,0.,0.));
#9366=DIRECTION('ref_axis',(0.,0.,-1.));
#9367=DIRECTION('center_axis',(1.,0.,0.));
#9368=DIRECTION('ref_axis',(0.,0.,-1.));
#9369=DIRECTION('',(0.,0.707106781186547,0.707106781186548));
#9370=DIRECTION('',(0.,-1.,0.));
#9371=DIRECTION('',(0.,0.,-1.));
#9372=DIRECTION('center_axis',(-1.,0.,0.));
#9373=DIRECTION('ref_axis',(0.,0.,1.));
#9374=DIRECTION('',(0.,1.,0.));
#9375=DIRECTION('',(0.,-0.707106781186547,-0.707106781186548));
#9376=DIRECTION('',(0.,0.,-1.));
#9377=DIRECTION('center_axis',(0.,-1.,0.));
#9378=DIRECTION('ref_axis',(0.,0.,-1.));
#9379=DIRECTION('',(-1.,0.,0.));
#9380=DIRECTION('center_axis',(0.,0.,1.));
#9381=DIRECTION('ref_axis',(1.,0.,0.));
#9382=DIRECTION('',(1.,0.,0.));
#9383=DIRECTION('center_axis',(1.,0.,0.));
#9384=DIRECTION('ref_axis',(0.,0.,-1.));
#9385=DIRECTION('',(0.,1.,0.));
#9386=DIRECTION('',(0.,-0.707106781186547,0.707106781186548));
#9387=DIRECTION('',(0.,0.,1.));
#9388=DIRECTION('center_axis',(1.35525271560688E-16,-1.,0.));
#9389=DIRECTION('ref_axis',(1.,1.35525271560688E-16,0.));
#9390=DIRECTION('',(0.,0.,1.));
#9391=DIRECTION('',(1.,1.35525271560688E-16,0.));
#9392=DIRECTION('center_axis',(-1.,0.,0.));
#9393=DIRECTION('ref_axis',(0.,0.,1.));
#9394=DIRECTION('',(0.,0.707106781186547,-0.707106781186548));
#9395=DIRECTION('',(0.,-1.,0.));
#9396=DIRECTION('center_axis',(0.,0.,-1.));
#9397=DIRECTION('ref_axis',(-1.,0.,0.));
#9398=DIRECTION('',(-1.,1.18584612615602E-16,0.));
#9399=DIRECTION('center_axis',(-8.3851983724872E-17,-0.707106781186548,
-0.707106781186547));
#9400=DIRECTION('ref_axis',(1.,-1.18584612615602E-16,2.46519032881566E-32));
#9401=DIRECTION('center_axis',(0.,-0.707106781186548,0.707106781186547));
#9402=DIRECTION('ref_axis',(-1.,0.,0.));
#9403=DIRECTION('center_axis',(0.,0.97600037380915,-0.217768846083178));
#9404=DIRECTION('ref_axis',(0.,0.217768846083178,0.976000373809151));
#9405=DIRECTION('',(0.,0.217768846083178,0.97600037380915));
#9406=DIRECTION('',(0.,0.217768846083178,0.97600037380915));
#9407=DIRECTION('',(1.,0.,0.));
#9408=DIRECTION('center_axis',(0.,0.,-1.));
#9409=DIRECTION('ref_axis',(-1.,0.,0.));
#9410=DIRECTION('',(0.,1.,0.));
#9411=DIRECTION('',(0.,1.,0.));
#9412=DIRECTION('center_axis',(-1.,0.,0.));
#9413=DIRECTION('ref_axis',(0.,0.,1.));
#9414=DIRECTION('center_axis',(-1.,0.,0.));
#9415=DIRECTION('ref_axis',(0.,0.,1.));
#9416=DIRECTION('center_axis',(0.,0.,1.));
#9417=DIRECTION('ref_axis',(1.,0.,0.));
#9418=DIRECTION('',(0.,-1.,0.));
#9419=DIRECTION('',(0.,-1.,0.));
#9420=DIRECTION('',(1.,0.,0.));
#9421=DIRECTION('center_axis',(0.,1.,0.));
#9422=DIRECTION('ref_axis',(0.,0.,1.));
#9423=DIRECTION('',(0.,0.,1.));
#9424=DIRECTION('',(0.,0.,1.));
#9425=DIRECTION('',(1.,0.,0.));
#9426=DIRECTION('center_axis',(0.,1.0842021724855E-16,-1.));
#9427=DIRECTION('ref_axis',(0.,1.,1.0842021724855E-16));
#9428=DIRECTION('',(0.,1.,1.0842021724855E-16));
#9429=DIRECTION('',(0.,1.,1.0842021724855E-16));
#9430=DIRECTION('center_axis',(-1.,0.,0.));
#9431=DIRECTION('ref_axis',(0.,0.,1.));
#9432=DIRECTION('center_axis',(-1.,0.,0.));
#9433=DIRECTION('ref_axis',(0.,0.,1.));
#9434=DIRECTION('center_axis',(0.,1.73472347597681E-15,-1.));
#9435=DIRECTION('ref_axis',(0.,1.,1.73472347597681E-15));
#9436=DIRECTION('',(0.,1.,1.73472347597681E-15));
#9437=DIRECTION('',(0.,1.,1.73472347597681E-15));
#9438=DIRECTION('',(1.,0.,0.));
#9439=DIRECTION('center_axis',(0.,0.,1.));
#9440=DIRECTION('ref_axis',(1.,0.,0.));
#9441=DIRECTION('',(0.,-1.,0.));
#9442=DIRECTION('',(1.,0.,0.));
#9443=DIRECTION('',(0.,-1.,0.));
#9444=DIRECTION('center_axis',(0.,0.684910008767887,0.728627668902007));
#9445=DIRECTION('ref_axis',(0.,-0.728627668902007,0.684910008767887));
#9446=DIRECTION('center_axis',(0.,0.348657127931214,-0.937250343901114));
#9447=DIRECTION('ref_axis',(0.,0.937250343901114,0.348657127931214));
#9448=DIRECTION('center_axis',(1.,0.,0.));
#9449=DIRECTION('ref_axis',(0.,0.,-1.));
#9450=DIRECTION('center_axis',(1.,0.,0.));
#9451=DIRECTION('ref_axis',(0.,0.,-1.));
#9452=DIRECTION('center_axis',(1.,0.,0.));
#9453=DIRECTION('ref_axis',(0.,0.,-1.));
#9454=DIRECTION('',(0.,1.,1.04548066632531E-16));
#9455=DIRECTION('center_axis',(-1.,0.,0.));
#9456=DIRECTION('ref_axis',(0.,0.,1.));
#9457=DIRECTION('',(0.,1.,1.04548066632531E-16));
#9458=DIRECTION('center_axis',(0.,1.04548066632531E-16,-1.));
#9459=DIRECTION('ref_axis',(0.,1.,1.04548066632531E-16));
#9460=DIRECTION('center_axis',(-1.,0.,0.));
#9461=DIRECTION('ref_axis',(0.,0.,1.));
#9462=DIRECTION('',(0.,1.,0.));
#9463=DIRECTION('',(0.,-0.707106781186547,-0.707106781186548));
#9464=DIRECTION('',(0.,0.,-1.));
#9465=DIRECTION('center_axis',(0.,-1.,0.));
#9466=DIRECTION('ref_axis',(0.,0.,-1.));
#9467=DIRECTION('',(0.,0.,-1.));
#9468=DIRECTION('',(-1.,0.,0.));
#9469=DIRECTION('center_axis',(1.,0.,0.));
#9470=DIRECTION('ref_axis',(0.,0.,-1.));
#9471=DIRECTION('',(0.,0.707106781186547,0.707106781186548));
#9472=DIRECTION('',(0.,-1.,0.));
#9473=DIRECTION('center_axis',(0.,0.,1.));
#9474=DIRECTION('ref_axis',(1.,0.,0.));
#9475=DIRECTION('',(1.,0.,0.));
#9476=DIRECTION('center_axis',(-1.35525271560688E-16,-1.,0.));
#9477=DIRECTION('ref_axis',(1.,-1.35525271560688E-16,0.));
#9478=DIRECTION('',(0.,0.,1.));
#9479=DIRECTION('',(1.,-1.35525271560688E-16,0.));
#9480=DIRECTION('',(0.,0.,1.));
#9481=DIRECTION('center_axis',(-1.,0.,0.));
#9482=DIRECTION('ref_axis',(0.,0.,1.));
#9483=DIRECTION('',(0.,0.707106781186547,-0.707106781186548));
#9484=DIRECTION('',(0.,-1.,0.));
#9485=DIRECTION('center_axis',(1.,0.,0.));
#9486=DIRECTION('ref_axis',(0.,0.,-1.));
#9487=DIRECTION('',(0.,1.,0.));
#9488=DIRECTION('',(0.,-0.707106781186547,0.707106781186548));
#9489=DIRECTION('center_axis',(0.,0.,-1.));
#9490=DIRECTION('ref_axis',(-1.,0.,0.));
#9491=DIRECTION('',(-1.,-1.18584612615602E-16,0.));
#9492=DIRECTION('center_axis',(8.3851983724872E-17,-0.707106781186548,-0.707106781186547));
#9493=DIRECTION('ref_axis',(1.,1.18584612615602E-16,-2.46519032881566E-32));
#9494=DIRECTION('center_axis',(0.,-0.707106781186548,0.707106781186547));
#9495=DIRECTION('ref_axis',(-1.,0.,0.));
#9496=DIRECTION('',(0.,0.,1.));
#9497=DIRECTION('',(1.,0.,0.));
#9498=DIRECTION('',(0.,0.,1.));
#9499=DIRECTION('',(1.,-1.66533453693774E-16,0.));
#9500=DIRECTION('',(1.,-8.39606162372775E-16,-8.44616642319479E-17));
#9501=DIRECTION('',(-8.44616642319479E-17,4.72126925705023E-17,-1.));
#9502=DIRECTION('',(-9.5896396266644E-17,2.80577028157429E-17,1.));
#9503=DIRECTION('',(1.,-1.11022302462516E-16,9.5896396266644E-17));
#9504=DIRECTION('',(-9.5896396266644E-17,2.80577028157429E-17,1.));
#9505=DIRECTION('',(1.,-1.11022302462516E-16,9.5896396266644E-17));
#9506=DIRECTION('',(0.,0.,1.));
#9507=DIRECTION('',(1.,-1.66533453693774E-16,0.));
#9508=DIRECTION('',(1.,-8.39606162372775E-16,-8.44616642319479E-17));
#9509=DIRECTION('',(-8.44616642319479E-17,4.72126925705023E-17,-1.));
#9510=DIRECTION('',(3.21648474744109E-17,1.38777878078145E-16,1.));
#9511=DIRECTION('',(1.,9.03899971383506E-18,-3.21648474744109E-17));
#9512=CARTESIAN_POINT('',(0.,0.,0.));
#9513=CARTESIAN_POINT('',(0.,0.,0.));
#9514=CARTESIAN_POINT('Origin',(-5.08,0.,0.));
#9515=CARTESIAN_POINT('',(-5.08,5.15,-2.625));
#9516=CARTESIAN_POINT('',(-5.08,13.75,-2.625));
#9517=CARTESIAN_POINT('',(-5.08,5.15000000000001,-2.625));
#9518=CARTESIAN_POINT('',(-5.08,5.15,2.275));
#9519=CARTESIAN_POINT('',(-5.08,5.15,2.275));
#9520=CARTESIAN_POINT('',(-5.08,13.75,2.275));
#9521=CARTESIAN_POINT('',(-5.08,4.85,2.275));
#9522=CARTESIAN_POINT('',(-5.08,13.75,2.275));
#9523=CARTESIAN_POINT('Origin',(5.08,4.85,2.575));
#9524=CARTESIAN_POINT('',(0.0199999999999992,5.15,2.275));
#9525=CARTESIAN_POINT('',(1.215,5.15,2.275));
#9526=CARTESIAN_POINT('',(5.08,5.15,2.275));
#9527=CARTESIAN_POINT('',(0.0199999999999992,4.85,2.575));
#9528=CARTESIAN_POINT('',(0.0199999999999992,4.85,2.575));
#9529=CARTESIAN_POINT('',(5.08,4.85,2.575));
#9530=CARTESIAN_POINT('',(-5.08,4.85,2.575));
#9531=CARTESIAN_POINT('',(5.08,5.15,2.275));
#9532=CARTESIAN_POINT('',(5.08,3.7125,3.7125));
#9533=CARTESIAN_POINT('',(3.865,5.15,2.275));
#9534=CARTESIAN_POINT('',(5.08,5.15,2.275));
#9535=CARTESIAN_POINT('',(1.215,5.15,2.275));
#9536=CARTESIAN_POINT('Origin',(-0.500000000000001,-1.25,9.4));
#9537=CARTESIAN_POINT('',(-0.499999999999998,4.45,-3.25));
#9538=CARTESIAN_POINT('',(-0.499999999999998,-0.550000000000005,-3.25));
#9539=CARTESIAN_POINT('',(-0.499999999999998,-1.25,-3.25));
#9540=CARTESIAN_POINT('',(-0.5,-0.550000000000002,6.85));
#9541=CARTESIAN_POINT('',(-0.500000000000001,-0.550000000000004,9.4));
#9542=CARTESIAN_POINT('',(-0.5,3.75,6.85));
#9543=CARTESIAN_POINT('',(-0.5,3.75,6.85));
#9544=CARTESIAN_POINT('',(-0.5,3.75,0.95));
#9545=CARTESIAN_POINT('',(-0.5,3.75,6.85));
#9546=CARTESIAN_POINT('',(-0.5,11.55,0.950000000000001));
#9547=CARTESIAN_POINT('',(-0.5,4.95,0.95));
#9548=CARTESIAN_POINT('',(-0.5,11.55,-0.399999999999999));
#9549=CARTESIAN_POINT('',(-0.5,11.55,0.950000000000001));
#9550=CARTESIAN_POINT('',(-0.5,5.65,-0.4));
#9551=CARTESIAN_POINT('',(-0.5,5.65,-0.4));
#9552=CARTESIAN_POINT('',(-0.499999999999999,5.65,-0.9));
#9553=CARTESIAN_POINT('',(-0.5,5.65,-0.9));
#9554=CARTESIAN_POINT('',(-0.5,11.55,-0.9));
#9555=CARTESIAN_POINT('',(-0.500000000000001,5.65,-0.9));
#9556=CARTESIAN_POINT('',(-0.5,11.55,-2.15));
#9557=CARTESIAN_POINT('',(-0.5,11.55,0.950000000000001));
#9558=CARTESIAN_POINT('',(-0.5,4.95,-2.15));
#9559=CARTESIAN_POINT('',(-0.5,11.55,-2.15));
#9560=CARTESIAN_POINT('',(-0.5,4.95,-2.75));
#9561=CARTESIAN_POINT('',(-0.5,4.95,0.95));
#9562=CARTESIAN_POINT('',(-0.499999999999999,7.92499999999999,0.224999999999989));
#9563=CARTESIAN_POINT('Origin',(0.499999999999998,-1.25,-3.25));
#9564=CARTESIAN_POINT('',(0.499999999999998,3.75,6.85));
#9565=CARTESIAN_POINT('',(0.499999999999997,-0.550000000000001,6.85));
#9566=CARTESIAN_POINT('',(0.499999999999998,3.75,6.85));
#9567=CARTESIAN_POINT('',(0.499999999999998,-0.550000000000004,-3.25));
#9568=CARTESIAN_POINT('',(0.499999999999998,-0.550000000000004,-3.25));
#9569=CARTESIAN_POINT('',(0.499999999999998,4.45,-3.25));
#9570=CARTESIAN_POINT('',(0.499999999999998,-1.25,-3.25));
#9571=CARTESIAN_POINT('',(0.499999999999998,4.95,-2.75));
#9572=CARTESIAN_POINT('',(0.499999999999998,1.6,-6.1));
#9573=CARTESIAN_POINT('',(0.499999999999998,4.95,-2.15));
#9574=CARTESIAN_POINT('',(0.499999999999998,4.95,-3.25));
#9575=CARTESIAN_POINT('',(0.499999999999997,11.55,-2.15));
#9576=CARTESIAN_POINT('',(0.499999999999997,11.55,-2.15));
#9577=CARTESIAN_POINT('',(0.499999999999997,11.55,-0.9));
#9578=CARTESIAN_POINT('',(0.499999999999997,11.55,-2.15));
#9579=CARTESIAN_POINT('',(0.499999999999997,5.65,-0.9));
#9580=CARTESIAN_POINT('',(0.499999999999997,5.65,-0.9));
#9581=CARTESIAN_POINT('',(0.499999999999998,5.65,-0.400000000000001));
#9582=CARTESIAN_POINT('',(0.499999999999997,5.65,-0.9));
#9583=CARTESIAN_POINT('',(0.499999999999997,11.55,-0.4));
#9584=CARTESIAN_POINT('',(0.499999999999997,5.65,-0.400000000000001));
#9585=CARTESIAN_POINT('',(0.499999999999997,11.55,0.950000000000001));
#9586=CARTESIAN_POINT('',(0.499999999999997,11.55,-2.15));
#9587=CARTESIAN_POINT('',(0.499999999999999,3.75,0.950000000000001));
#9588=CARTESIAN_POINT('',(0.499999999999999,4.95,0.950000000000001));
#9589=CARTESIAN_POINT('',(0.499999999999998,3.75,-3.25));
#9590=CARTESIAN_POINT('Origin',(-0.500000000000001,-0.550000000000004,8.6));
#9591=CARTESIAN_POINT('',(-0.174176870676401,-3.65,-3.25));
#9592=CARTESIAN_POINT('',(-0.122231785096337,-4.14422447581451,-3.25));
#9593=CARTESIAN_POINT('',(-0.174176870676403,-3.65,4.45));
#9594=CARTESIAN_POINT('',(-0.174176870676404,-3.65,8.6));
#9595=CARTESIAN_POINT('',(-0.258260258888946,-2.85,7.9));
#9596=CARTESIAN_POINT('',(-0.286905377427706,-2.57745990238783,9.07532917095247));
#9597=CARTESIAN_POINT('',(-0.500000000000001,-0.550000000000003,7.9));
#9598=CARTESIAN_POINT('',(-0.500000000000001,-0.550000000000004,7.9));
#9599=CARTESIAN_POINT('',(-0.500000000000001,-0.550000000000004,9.4));
#9600=CARTESIAN_POINT('Origin',(0.,-3.65,-3.51763371517519E-16));
#9601=CARTESIAN_POINT('',(0.174176870676401,-3.65,4.45));
#9602=CARTESIAN_POINT('',(-0.600000000000002,-3.65,4.45));
#9603=CARTESIAN_POINT('',(0.174176870676401,-3.65,-3.25));
#9604=CARTESIAN_POINT('',(4.58,-3.65,-3.25));
#9605=CARTESIAN_POINT('',(0.174176870676401,-3.65,8.6));
#9606=CARTESIAN_POINT('Origin',(0.499999999999998,-0.550000000000004,8.6));
#9607=CARTESIAN_POINT('',(0.499999999999998,-0.550000000000003,7.9));
#9608=CARTESIAN_POINT('',(0.499999999999995,-0.549999999999997,9.4));
#9609=CARTESIAN_POINT('',(0.258260258888943,-2.85,7.9));
#9610=CARTESIAN_POINT('',(0.499999999999998,-0.550000000000004,7.9));
#9611=CARTESIAN_POINT('',(0.286905377427702,-2.57745990238783,9.07532917095247));
#9612=CARTESIAN_POINT('',(0.499999999999998,-0.550000000000003,-3.25));
#9613=CARTESIAN_POINT('Origin',(-2.54,2.07257142857142,9.4));
#9614=CARTESIAN_POINT('',(-0.600000000000002,-0.624812655677458,7.9));
#9615=CARTESIAN_POINT('Origin',(-2.54,2.07257142857142,7.9));
#9616=CARTESIAN_POINT('',(-0.600000000000002,-0.624812655677458,9.4));
#9617=CARTESIAN_POINT('',(-0.600000000000002,-0.624812655677458,9.4));
#9618=CARTESIAN_POINT('',(-4.58000000000001,-0.549999999999996,9.4));
#9619=CARTESIAN_POINT('Origin',(-2.54,2.07257142857142,9.4));
#9620=CARTESIAN_POINT('',(-4.58000000000001,-0.549999999999996,6.85));
#9621=CARTESIAN_POINT('',(-4.58000000000001,-0.549999999999996,9.4));
#9622=CARTESIAN_POINT('Origin',(-2.54,2.07257142857142,6.85));
#9623=CARTESIAN_POINT('Origin',(5.08,-3.85,10.65));
#9624=CARTESIAN_POINT('',(5.08,4.55,10.65));
#9625=CARTESIAN_POINT('',(-5.18,4.55,10.65));
#9626=CARTESIAN_POINT('',(5.08,4.55,10.65));
#9627=CARTESIAN_POINT('',(-5.18,-3.85,10.65));
#9628=CARTESIAN_POINT('',(-5.18,-3.85,10.65));
#9629=CARTESIAN_POINT('',(5.08,-3.85,10.65));
#9630=CARTESIAN_POINT('',(5.08,-3.85,10.65));
#9631=CARTESIAN_POINT('',(5.08,-3.85,10.65));
#9632=CARTESIAN_POINT('',(3.54,-3.05,10.65));
#9633=CARTESIAN_POINT('',(1.54,-3.05,10.65));
#9634=CARTESIAN_POINT('',(3.54,-3.05,10.65));
#9635=CARTESIAN_POINT('',(1.54,-2.05,10.65));
#9636=CARTESIAN_POINT('',(1.54,-3.05,10.65));
#9637=CARTESIAN_POINT('',(3.54,-2.05,10.65));
#9638=CARTESIAN_POINT('',(1.54,-2.05,10.65));
#9639=CARTESIAN_POINT('',(3.54,-2.05,10.65));
#9640=CARTESIAN_POINT('',(-1.54,-3.05,10.65));
#9641=CARTESIAN_POINT('',(-3.54,-3.05,10.65));
#9642=CARTESIAN_POINT('',(-1.54,-3.05,10.65));
#9643=CARTESIAN_POINT('',(-3.54,-2.05,10.65));
#9644=CARTESIAN_POINT('',(-3.54,-3.05,10.65));
#9645=CARTESIAN_POINT('',(-1.54,-2.05,10.65));
#9646=CARTESIAN_POINT('',(-3.54,-2.05,10.65));
#9647=CARTESIAN_POINT('',(-1.54,-2.05,10.65));
#9648=CARTESIAN_POINT('',(-4.44,1.04999999999999,10.65));
#9649=CARTESIAN_POINT('Origin',(-2.54,1.04999999999999,10.65));
#9650=CARTESIAN_POINT('',(0.64,1.04999999999999,10.65));
#9651=CARTESIAN_POINT('Origin',(2.54,1.04999999999999,10.65));
#9652=CARTESIAN_POINT('Origin',(5.08,4.45,-4.45));
#9653=CARTESIAN_POINT('',(5.08,-4.45,-4.45));
#9654=CARTESIAN_POINT('',(-5.18,-4.45,-4.45));
#9655=CARTESIAN_POINT('',(5.08,-4.45,-4.45));
#9656=CARTESIAN_POINT('',(-5.18,4.45,-4.45));
#9657=CARTESIAN_POINT('',(-5.18,4.45,-4.45));
#9658=CARTESIAN_POINT('',(5.08,4.45,-4.45));
#9659=CARTESIAN_POINT('',(5.08,4.45,-4.45));
#9660=CARTESIAN_POINT('',(5.08,4.45,-4.45));
#9661=CARTESIAN_POINT('',(3.54,-2.05,-4.45));
#9662=CARTESIAN_POINT('',(1.54,-2.05,-4.45));
#9663=CARTESIAN_POINT('',(5.08,-2.05,-4.45));
#9664=CARTESIAN_POINT('',(1.54,-3.05,-4.45));
#9665=CARTESIAN_POINT('',(1.54,4.45,-4.45));
#9666=CARTESIAN_POINT('',(3.54,-3.05,-4.45));
#9667=CARTESIAN_POINT('',(5.08,-3.05,-4.45));
#9668=CARTESIAN_POINT('',(3.54,4.45,-4.45));
#9669=CARTESIAN_POINT('',(-1.54,-2.05,-4.45));
#9670=CARTESIAN_POINT('',(-3.54,-2.05,-4.45));
#9671=CARTESIAN_POINT('',(5.08,-2.05,-4.45));
#9672=CARTESIAN_POINT('',(-3.54,-3.05,-4.45));
#9673=CARTESIAN_POINT('',(-3.54,4.45,-4.45));
#9674=CARTESIAN_POINT('',(-1.54,-3.05,-4.45));
#9675=CARTESIAN_POINT('',(5.08,-3.05,-4.45));
#9676=CARTESIAN_POINT('',(-1.54,4.45,-4.45));
#9677=CARTESIAN_POINT('Origin',(5.08,-3.35,9.4));
#9678=CARTESIAN_POINT('',(-0.600000000000002,-0.550000000000003,9.4));
#9679=CARTESIAN_POINT('',(-0.600000000000002,-3.35,9.4));
#9680=CARTESIAN_POINT('',(0.499999999999998,-0.550000000000003,9.4));
#9681=CARTESIAN_POINT('',(-0.600000000000002,-0.550000000000003,9.4));
#9682=CARTESIAN_POINT('',(4.58,-0.550000000000002,9.4));
#9683=CARTESIAN_POINT('Origin',(2.54,2.07257142857142,9.4));
#9684=CARTESIAN_POINT('',(4.58,-3.35,9.4));
#9685=CARTESIAN_POINT('',(4.58,-1.25,9.4));
#9686=CARTESIAN_POINT('',(5.08,-3.35,9.4));
#9687=CARTESIAN_POINT('',(5.08,-3.35,9.4));
#9688=CARTESIAN_POINT('',(5.08,-3.85,9.4));
#9689=CARTESIAN_POINT('',(5.08,-3.35,9.4));
#9690=CARTESIAN_POINT('',(-5.18,-3.85,9.4));
#9691=CARTESIAN_POINT('',(5.08,-3.85,9.4));
#9692=CARTESIAN_POINT('',(-5.18,-3.35,9.4));
#9693=CARTESIAN_POINT('',(-5.18,-3.35,9.4));
#9694=CARTESIAN_POINT('',(-4.58,-3.35,9.4));
#9695=CARTESIAN_POINT('',(5.08,-3.35,9.4));
#9696=CARTESIAN_POINT('',(-4.58,-1.25,9.4));
#9697=CARTESIAN_POINT('',(-1.54,-2.05,9.4));
#9698=CARTESIAN_POINT('',(-3.54,-2.05,9.4));
#9699=CARTESIAN_POINT('',(5.08,-2.05,9.4));
#9700=CARTESIAN_POINT('',(-3.54,-3.05,9.4));
#9701=CARTESIAN_POINT('',(-3.54,-3.35,9.4));
#9702=CARTESIAN_POINT('',(-1.54,-3.05,9.4));
#9703=CARTESIAN_POINT('',(5.08,-3.05,9.4));
#9704=CARTESIAN_POINT('',(-1.54,-3.35,9.4));
#9705=CARTESIAN_POINT('',(3.54,-2.05,9.4));
#9706=CARTESIAN_POINT('',(1.54,-2.05,9.4));
#9707=CARTESIAN_POINT('',(5.08,-2.05,9.4));
#9708=CARTESIAN_POINT('',(1.54,-3.05,9.4));
#9709=CARTESIAN_POINT('',(1.54,-3.35,9.4));
#9710=CARTESIAN_POINT('',(3.54,-3.05,9.4));
#9711=CARTESIAN_POINT('',(5.08,-3.05,9.4));
#9712=CARTESIAN_POINT('',(3.54,-3.35,9.4));
#9713=CARTESIAN_POINT('Origin',(4.58,-3.65,-3.25));
#9714=CARTESIAN_POINT('',(-4.58,4.45,-3.25));
#9715=CARTESIAN_POINT('',(-4.58,4.45,-3.25));
#9716=CARTESIAN_POINT('',(-4.58,-4.45,-3.25));
#9717=CARTESIAN_POINT('',(-4.58,-3.65,-3.25));
#9718=CARTESIAN_POINT('',(4.58,-4.45,-3.25));
#9719=CARTESIAN_POINT('',(4.58,-4.45,-3.25));
#9720=CARTESIAN_POINT('',(4.58,4.45,-3.25));
#9721=CARTESIAN_POINT('',(4.58,-3.65,-3.25));
#9722=CARTESIAN_POINT('',(0.499999999999998,4.45,-3.25));
#9723=CARTESIAN_POINT('',(3.54,-3.05,-3.25));
#9724=CARTESIAN_POINT('',(1.54,-3.05,-3.25));
#9725=CARTESIAN_POINT('',(4.58,-3.05,-3.25));
#9726=CARTESIAN_POINT('',(1.54,-2.05,-3.25));
#9727=CARTESIAN_POINT('',(1.54,-3.65,-3.25));
#9728=CARTESIAN_POINT('',(3.54,-2.05,-3.25));
#9729=CARTESIAN_POINT('',(4.58,-2.05,-3.25));
#9730=CARTESIAN_POINT('',(3.54,-3.65,-3.25));
#9731=CARTESIAN_POINT('',(-1.54,-3.05,-3.25));
#9732=CARTESIAN_POINT('',(-3.54,-3.05,-3.25));
#9733=CARTESIAN_POINT('',(4.58,-3.05,-3.25));
#9734=CARTESIAN_POINT('',(-3.54,-2.05,-3.25));
#9735=CARTESIAN_POINT('',(-3.54,-3.65,-3.25));
#9736=CARTESIAN_POINT('',(-1.54,-2.05,-3.25));
#9737=CARTESIAN_POINT('',(4.58,-2.05,-3.25));
#9738=CARTESIAN_POINT('',(-1.54,-3.65,-3.25));
#9739=CARTESIAN_POINT('Origin',(-4.58,3.75,6.85));
#9740=CARTESIAN_POINT('',(-4.58,3.75,6.85));
#9741=CARTESIAN_POINT('',(-4.58,3.75,6.85));
#9742=CARTESIAN_POINT('',(-3.88,3.75,6.85));
#9743=CARTESIAN_POINT('',(-4.58,3.75,6.85));
#9744=CARTESIAN_POINT('',(-3.88,4.45,6.85));
#9745=CARTESIAN_POINT('',(-3.88,4.45,6.85));
#9746=CARTESIAN_POINT('',(-1.2,4.45,6.85));
#9747=CARTESIAN_POINT('',(-1.2,4.45,6.85));
#9748=CARTESIAN_POINT('',(-1.2,3.75,6.85));
#9749=CARTESIAN_POINT('',(-1.2,4.45,6.85));
#9750=CARTESIAN_POINT('',(-4.58,3.75,6.85));
#9751=CARTESIAN_POINT('',(-3.79,1.04999999999999,6.85));
#9752=CARTESIAN_POINT('Origin',(-2.54,1.04999999999999,6.85));
#9753=CARTESIAN_POINT('Origin',(-2.54,1.04999999999999,7.65));
#9754=CARTESIAN_POINT('',(-4.44,1.04999999999999,7.65));
#9755=CARTESIAN_POINT('Origin',(-2.54,1.04999999999999,7.65));
#9756=CARTESIAN_POINT('',(-3.79,1.04999999999999,7.65));
#9757=CARTESIAN_POINT('Origin',(-2.54,1.04999999999999,7.65));
#9758=CARTESIAN_POINT('Origin',(5.08,13.75,2.275));
#9759=CARTESIAN_POINT('',(0.30672885658727,13.75,-2.625));
#9760=CARTESIAN_POINT('',(-0.306728856587271,13.75,-2.625));
#9761=CARTESIAN_POINT('',(0.30672885658727,13.75,-2.625));
#9762=CARTESIAN_POINT('',(-4.77327114341273,13.75,-2.625));
#9763=CARTESIAN_POINT('Origin',(-2.54,13.75,-0.474999999999997));
#9764=CARTESIAN_POINT('',(-4.77327114341273,13.75,-2.625));
#9765=CARTESIAN_POINT('',(-3.865,13.75,2.275));
#9766=CARTESIAN_POINT('',(5.08,13.75,2.275));
#9767=CARTESIAN_POINT('',(-4.115,13.75,1.375));
#9768=CARTESIAN_POINT('',(-4.115,13.75,1.375));
#9769=CARTESIAN_POINT('',(-0.965000000000001,13.75,1.375));
#9770=CARTESIAN_POINT('',(-0.965000000000001,13.75,1.375));
#9771=CARTESIAN_POINT('',(-1.215,13.75,2.275));
#9772=CARTESIAN_POINT('',(-1.215,13.75,2.275));
#9773=CARTESIAN_POINT('',(1.215,13.75,2.275));
#9774=CARTESIAN_POINT('',(5.08,13.75,2.275));
#9775=CARTESIAN_POINT('',(0.965000000000001,13.75,1.375));
#9776=CARTESIAN_POINT('',(0.965000000000001,13.75,1.375));
#9777=CARTESIAN_POINT('',(4.115,13.75,1.375));
#9778=CARTESIAN_POINT('',(4.115,13.75,1.375));
#9779=CARTESIAN_POINT('',(3.865,13.75,2.275));
#9780=CARTESIAN_POINT('',(3.865,13.75,2.275));
#9781=CARTESIAN_POINT('',(5.08,13.75,2.275));
#9782=CARTESIAN_POINT('',(5.08,13.75,2.275));
#9783=CARTESIAN_POINT('',(5.08,13.75,-2.625));
#9784=CARTESIAN_POINT('',(5.08,13.75,2.275));
#9785=CARTESIAN_POINT('',(4.77327114341273,13.75,-2.625));
#9786=CARTESIAN_POINT('',(5.08,13.75,-2.625));
#9787=CARTESIAN_POINT('Origin',(2.54,13.75,-0.474999999999997));
#9788=CARTESIAN_POINT('',(-1.19,13.75,0.725000000000005));
#9789=CARTESIAN_POINT('',(0.,13.75,1.32739511542808));
#9790=CARTESIAN_POINT('',(0.,13.75,1.32739511542808));
#9791=CARTESIAN_POINT('',(-1.19,13.75,-2.025));
#9792=CARTESIAN_POINT('Origin',(-2.54,13.75,-0.649999999999999));
#9793=CARTESIAN_POINT('',(1.19,13.75,-2.025));
#9794=CARTESIAN_POINT('',(1.19,13.75,-2.025));
#9795=CARTESIAN_POINT('',(1.19,13.75,0.725000000000005));
#9796=CARTESIAN_POINT('Origin',(2.54,13.75,-0.649999999999999));
#9797=CARTESIAN_POINT('',(0.,13.75,1.32739511542808));
#9798=CARTESIAN_POINT('',(2.54,13.75,-2.15));
#9799=CARTESIAN_POINT('Origin',(2.54,13.75,-0.65));
#9800=CARTESIAN_POINT('',(-2.54,13.75,-2.15));
#9801=CARTESIAN_POINT('Origin',(-2.54,13.75,-0.65));
#9802=CARTESIAN_POINT('Origin',(5.08,13.75,-3.575));
#9803=CARTESIAN_POINT('',(5.08,4.45,-3.575));
#9804=CARTESIAN_POINT('',(-5.18,4.45,-3.575));
#9805=CARTESIAN_POINT('',(5.08,4.45,-3.575));
#9806=CARTESIAN_POINT('',(-5.18,5.15,-3.575));
#9807=CARTESIAN_POINT('',(-5.18,5.15,-3.575));
#9808=CARTESIAN_POINT('',(-2.54,5.15000000000001,-3.575));
#9809=CARTESIAN_POINT('',(5.08,5.15000000000001,-3.575));
#9810=CARTESIAN_POINT('',(2.54,5.15000000000001,-3.575));
#9811=CARTESIAN_POINT('',(5.08,5.15000000000001,-3.575));
#9812=CARTESIAN_POINT('',(5.08,5.15000000000001,-3.575));
#9813=CARTESIAN_POINT('',(5.08,5.15000000000001,-3.575));
#9814=CARTESIAN_POINT('',(5.08,13.75,-3.575));
#9815=CARTESIAN_POINT('Origin',(5.08,4.85,2.275));
#9816=CARTESIAN_POINT('',(-1.215,5.15,2.275));
#9817=CARTESIAN_POINT('',(-1.215,5.15,2.275));
#9818=CARTESIAN_POINT('',(5.08,5.15,2.275));
#9819=CARTESIAN_POINT('',(1.215,5.15000000000001,2.275));
#9820=CARTESIAN_POINT('Origin',(0.,11.55,1.11311423041845E-15));
#9821=CARTESIAN_POINT('',(-1.7,11.55,-0.4));
#9822=CARTESIAN_POINT('',(-0.5,11.55,-0.4));
#9823=CARTESIAN_POINT('',(-4.58,11.55,0.950000000000001));
#9824=CARTESIAN_POINT('',(-4.58,11.55,0.950000000000001));
#9825=CARTESIAN_POINT('',(-4.58,11.55,-0.4));
#9826=CARTESIAN_POINT('',(-4.58,11.55,-2.15));
#9827=CARTESIAN_POINT('',(-3.38,11.55,-0.4));
#9828=CARTESIAN_POINT('',(-4.58,11.55,-0.4));
#9829=CARTESIAN_POINT('',(-3.38,11.55,-0.9));
#9830=CARTESIAN_POINT('',(-3.38,11.55,-0.4));
#9831=CARTESIAN_POINT('',(-4.58,11.55,-0.9));
#9832=CARTESIAN_POINT('',(-3.38,11.55,-0.9));
#9833=CARTESIAN_POINT('',(-4.58,11.55,-2.15));
#9834=CARTESIAN_POINT('',(-4.58,11.55,-2.15));
#9835=CARTESIAN_POINT('',(-3.58,11.55,-2.15));
#9836=CARTESIAN_POINT('',(-3.58,11.55,-2.15));
#9837=CARTESIAN_POINT('',(-3.58,11.55,-2.75));
#9838=CARTESIAN_POINT('',(-3.58,11.55,-2.75));
#9839=CARTESIAN_POINT('',(-1.5,11.55,-2.75));
#9840=CARTESIAN_POINT('',(-1.5,11.55,-2.75));
#9841=CARTESIAN_POINT('',(-1.5,11.55,-2.15));
#9842=CARTESIAN_POINT('',(-1.5,11.55,-2.15));
#9843=CARTESIAN_POINT('',(-0.5,11.55,-2.15));
#9844=CARTESIAN_POINT('',(-1.7,11.55,-0.899999999999999));
#9845=CARTESIAN_POINT('',(-1.7,11.55,-0.899999999999999));
#9846=CARTESIAN_POINT('',(-1.7,11.55,-0.4));
#9847=CARTESIAN_POINT('',(-2.54,11.55,0.150000000000001));
#9848=CARTESIAN_POINT('Origin',(-2.54,11.55,-0.65));
#9849=CARTESIAN_POINT('Origin',(0.,4.95,4.77048955893622E-16));
#9850=CARTESIAN_POINT('',(-4.58,4.95,-2.75));
#9851=CARTESIAN_POINT('',(-4.58,4.95,-2.15));
#9852=CARTESIAN_POINT('',(-4.58,4.95,-3.25));
#9853=CARTESIAN_POINT('',(-3.58,4.95,-2.75));
#9854=CARTESIAN_POINT('',(-0.5,4.95,-2.75));
#9855=CARTESIAN_POINT('',(-3.58,4.95,-2.15));
#9856=CARTESIAN_POINT('',(-3.58,4.95,-2.75));
#9857=CARTESIAN_POINT('',(-3.58,4.95,-2.15));
#9858=CARTESIAN_POINT('Origin',(0.,4.95,4.77048955893622E-16));
#9859=CARTESIAN_POINT('',(-3.88,4.95,0.95));
#9860=CARTESIAN_POINT('',(-3.88,4.95,2.25));
#9861=CARTESIAN_POINT('',(-3.88,4.95,0.950000000000001));
#9862=CARTESIAN_POINT('',(-1.2,4.95,0.95));
#9863=CARTESIAN_POINT('',(0.,4.95,0.95));
#9864=CARTESIAN_POINT('',(-1.2,4.95,2.25));
#9865=CARTESIAN_POINT('',(-1.2,4.95,2.25));
#9866=CARTESIAN_POINT('',(-3.88,4.95,2.25));
#9867=CARTESIAN_POINT('Origin',(0.,4.95,4.77048955893622E-16));
#9868=CARTESIAN_POINT('',(-1.5,4.95,-2.15));
#9869=CARTESIAN_POINT('',(-1.5,4.95,-2.75));
#9870=CARTESIAN_POINT('',(-1.5,4.95,-2.15));
#9871=CARTESIAN_POINT('',(-0.5,4.95,-2.75));
#9872=CARTESIAN_POINT('',(-0.5,4.95,-2.15));
#9873=CARTESIAN_POINT('Origin',(0.,3.75,3.61400724161835E-16));
#9874=CARTESIAN_POINT('',(-4.58,3.75,0.950000000000001));
#9875=CARTESIAN_POINT('',(-3.88,3.75,0.950000000000001));
#9876=CARTESIAN_POINT('',(-4.58,3.75,0.950000000000001));
#9877=CARTESIAN_POINT('',(-3.88,3.75,6.85));
#9878=CARTESIAN_POINT('',(-4.58,3.75,-3.25));
#9879=CARTESIAN_POINT('Origin',(0.,3.75,3.61400724161835E-16));
#9880=CARTESIAN_POINT('',(-1.2,3.75,0.95));
#9881=CARTESIAN_POINT('',(-1.2,3.75,0.95));
#9882=CARTESIAN_POINT('',(-1.2,3.75,0.95));
#9883=CARTESIAN_POINT('Origin',(0.,4.45,4.28862192672044E-16));
#9884=CARTESIAN_POINT('',(-3.88,4.45,2.25));
#9885=CARTESIAN_POINT('',(-3.88,4.45,6.85));
#9886=CARTESIAN_POINT('',(-1.2,4.45,2.25));
#9887=CARTESIAN_POINT('',(0.,4.45,2.25));
#9888=CARTESIAN_POINT('',(-1.2,4.45,0.95));
#9889=CARTESIAN_POINT('Origin',(5.08,-4.45,4.45));
#9890=CARTESIAN_POINT('',(-4.58,-4.45,4.44999999999998));
#9891=CARTESIAN_POINT('',(-4.58,-4.45,4.45));
#9892=CARTESIAN_POINT('',(-5.18,-4.45,4.45000000000002));
#9893=CARTESIAN_POINT('',(-5.18,-3.35,9.4));
#9894=CARTESIAN_POINT('',(5.08,-4.45,4.45));
#9895=CARTESIAN_POINT('Origin',(0.499999999999998,3.75,6.85));
#9896=CARTESIAN_POINT('',(4.58,-0.550000000000001,6.85));
#9897=CARTESIAN_POINT('Origin',(2.54,2.07257142857142,6.85));
#9898=CARTESIAN_POINT('',(1.2,3.75,6.85));
#9899=CARTESIAN_POINT('',(0.499999999999998,3.75,6.85));
#9900=CARTESIAN_POINT('',(1.2,4.45,6.85));
#9901=CARTESIAN_POINT('',(1.2,4.45,6.85));
#9902=CARTESIAN_POINT('',(3.88,4.45,6.85));
#9903=CARTESIAN_POINT('',(3.88,4.45,6.85));
#9904=CARTESIAN_POINT('',(3.88,3.75,6.85));
#9905=CARTESIAN_POINT('',(3.88,4.45,6.85));
#9906=CARTESIAN_POINT('',(4.58,3.75,6.85));
#9907=CARTESIAN_POINT('',(0.499999999999998,3.75,6.85));
#9908=CARTESIAN_POINT('',(4.58,3.75,6.85));
#9909=CARTESIAN_POINT('',(1.29,1.04999999999999,6.85));
#9910=CARTESIAN_POINT('Origin',(2.54,1.04999999999999,6.85));
#9911=CARTESIAN_POINT('Origin',(2.54,1.04999999999999,7.65));
#9912=CARTESIAN_POINT('',(0.64,1.04999999999999,7.65));
#9913=CARTESIAN_POINT('Origin',(2.54,1.04999999999999,7.65));
#9914=CARTESIAN_POINT('',(1.29,1.04999999999999,7.65));
#9915=CARTESIAN_POINT('Origin',(2.54,1.04999999999999,7.65));
#9916=CARTESIAN_POINT('Origin',(5.08,0.,0.));
#9917=CARTESIAN_POINT('',(5.08,5.15000000000001,-2.625));
#9918=CARTESIAN_POINT('',(5.08,5.15000000000001,-2.625));
#9919=CARTESIAN_POINT('',(5.08,4.85,2.275));
#9920=CARTESIAN_POINT('',(5.08,4.85,6.55));
#9921=CARTESIAN_POINT('',(5.08,4.85,6.55));
#9922=CARTESIAN_POINT('',(5.08,4.55,7.65));
#9923=CARTESIAN_POINT('',(5.08,4.55,7.65));
#9924=CARTESIAN_POINT('',(5.08,4.55,10.65));
#9925=CARTESIAN_POINT('',(5.08,-3.85,9.4));
#9926=CARTESIAN_POINT('',(5.08,-4.45,4.45));
#9927=CARTESIAN_POINT('',(5.08,-4.45,4.45));
#9928=CARTESIAN_POINT('',(5.08,-4.45,-4.45));
#9929=CARTESIAN_POINT('',(5.08,4.45,-3.575));
#9930=CARTESIAN_POINT('',(5.08,5.15000000000001,-4.45));
#9931=CARTESIAN_POINT('Origin',(5.08,4.85,2.275));
#9932=CARTESIAN_POINT('',(3.865,5.15,2.275));
#9933=CARTESIAN_POINT('Origin',(0.,11.55,1.11311423041845E-15));
#9934=CARTESIAN_POINT('',(4.58,11.55,-0.399999999999999));
#9935=CARTESIAN_POINT('',(3.38,11.55,-0.4));
#9936=CARTESIAN_POINT('',(4.58,11.55,-0.4));
#9937=CARTESIAN_POINT('',(4.58,11.55,0.950000000000001));
#9938=CARTESIAN_POINT('',(4.58,11.55,0.950000000000001));
#9939=CARTESIAN_POINT('',(0.499999999999997,11.55,0.950000000000001));
#9940=CARTESIAN_POINT('',(1.7,11.55,-0.4));
#9941=CARTESIAN_POINT('',(0.499999999999997,11.55,-0.4));
#9942=CARTESIAN_POINT('',(1.7,11.55,-0.9));
#9943=CARTESIAN_POINT('',(1.7,11.55,-0.4));
#9944=CARTESIAN_POINT('',(1.7,11.55,-0.9));
#9945=CARTESIAN_POINT('',(1.5,11.55,-2.15));
#9946=CARTESIAN_POINT('',(1.5,11.55,-2.15));
#9947=CARTESIAN_POINT('',(1.5,11.55,-2.75));
#9948=CARTESIAN_POINT('',(1.5,11.55,-2.75));
#9949=CARTESIAN_POINT('',(3.58,11.55,-2.75));
#9950=CARTESIAN_POINT('',(3.58,11.55,-2.75));
#9951=CARTESIAN_POINT('',(3.58,11.55,-2.15));
#9952=CARTESIAN_POINT('',(3.58,11.55,-2.15));
#9953=CARTESIAN_POINT('',(4.58,11.55,-2.15));
#9954=CARTESIAN_POINT('',(4.58,11.55,-2.15));
#9955=CARTESIAN_POINT('',(4.58,11.55,-0.9));
#9956=CARTESIAN_POINT('',(4.58,11.55,0.950000000000001));
#9957=CARTESIAN_POINT('',(3.38,11.55,-0.899999999999999));
#9958=CARTESIAN_POINT('',(3.38,11.55,-0.899999999999999));
#9959=CARTESIAN_POINT('',(3.38,11.55,-0.4));
#9960=CARTESIAN_POINT('',(2.54,11.55,0.150000000000001));
#9961=CARTESIAN_POINT('Origin',(2.54,11.55,-0.65));
#9962=CARTESIAN_POINT('Origin',(4.58,-3.65,9.4));
#9963=CARTESIAN_POINT('',(4.58,-4.45,4.44999999999998));
#9964=CARTESIAN_POINT('',(4.58,-4.45,4.45));
#9965=CARTESIAN_POINT('',(4.58,-0.550000000000002,9.4));
#9966=CARTESIAN_POINT('',(4.58,3.75,0.95));
#9967=CARTESIAN_POINT('',(4.58,3.75,6.85));
#9968=CARTESIAN_POINT('',(4.58,4.95,0.95));
#9969=CARTESIAN_POINT('',(4.58,5.65,-0.4));
#9970=CARTESIAN_POINT('',(4.58,5.65,-0.4));
#9971=CARTESIAN_POINT('',(4.58,5.65,-0.9));
#9972=CARTESIAN_POINT('',(4.58,5.65,-0.9));
#9973=CARTESIAN_POINT('',(4.58,5.65,-0.9));
#9974=CARTESIAN_POINT('',(4.58,4.95,-2.15));
#9975=CARTESIAN_POINT('',(4.58,11.55,-2.15));
#9976=CARTESIAN_POINT('',(4.58,4.95,-2.75));
#9977=CARTESIAN_POINT('',(4.58,4.95,0.95));
#9978=CARTESIAN_POINT('',(4.58,6.725,-0.975));
#9979=CARTESIAN_POINT('',(4.58,-4.45,9.4));
#9980=CARTESIAN_POINT('Origin',(0.,4.95,4.77048955893622E-16));
#9981=CARTESIAN_POINT('',(1.5,4.95,-2.75));
#9982=CARTESIAN_POINT('',(4.58,4.95,-2.75));
#9983=CARTESIAN_POINT('',(1.5,4.95,-2.15));
#9984=CARTESIAN_POINT('',(1.5,4.95,-2.75));
#9985=CARTESIAN_POINT('',(1.5,4.95,-2.15));
#9986=CARTESIAN_POINT('Origin',(0.,4.95,4.77048955893622E-16));
#9987=CARTESIAN_POINT('',(1.2,4.95,0.95));
#9988=CARTESIAN_POINT('',(1.2,4.95,2.25));
#9989=CARTESIAN_POINT('',(1.2,4.95,0.950000000000001));
#9990=CARTESIAN_POINT('',(3.88,4.95,0.95));
#9991=CARTESIAN_POINT('',(0.,4.95,0.95));
#9992=CARTESIAN_POINT('',(3.88,4.95,2.25));
#9993=CARTESIAN_POINT('',(3.88,4.95,2.25));
#9994=CARTESIAN_POINT('',(1.2,4.95,2.25));
#9995=CARTESIAN_POINT('Origin',(0.,4.95,4.77048955893622E-16));
#9996=CARTESIAN_POINT('',(3.58,4.95,-2.15));
#9997=CARTESIAN_POINT('',(3.58,4.95,-2.75));
#9998=CARTESIAN_POINT('',(3.58,4.95,-2.15));
#9999=CARTESIAN_POINT('',(4.58,4.95,-2.75));
#10000=CARTESIAN_POINT('',(4.58,4.95,-2.15));
#10001=CARTESIAN_POINT('Origin',(0.,3.75,3.61400724161834E-16));
#10002=CARTESIAN_POINT('',(1.2,3.75,0.950000000000001));
#10003=CARTESIAN_POINT('',(0.499999999999999,3.75,0.950000000000001));
#10004=CARTESIAN_POINT('',(1.2,3.75,6.85));
#10005=CARTESIAN_POINT('Origin',(0.,3.75,3.61400724161834E-16));
#10006=CARTESIAN_POINT('',(3.88,3.75,0.95));
#10007=CARTESIAN_POINT('',(3.88,3.75,0.95));
#10008=CARTESIAN_POINT('',(3.88,3.75,0.95));
#10009=CARTESIAN_POINT('Origin',(0.,4.45,4.28862192672044E-16));
#10010=CARTESIAN_POINT('',(1.2,4.45,2.25));
#10011=CARTESIAN_POINT('',(1.2,4.45,6.85));
#10012=CARTESIAN_POINT('',(3.88,4.45,2.25));
#10013=CARTESIAN_POINT('',(0.,4.45,2.25));
#10014=CARTESIAN_POINT('',(3.88,4.45,0.95));
#10015=CARTESIAN_POINT('Origin',(5.08,-4.45,4.45));
#10016=CARTESIAN_POINT('',(5.08,-4.45,4.45));
#10017=CARTESIAN_POINT('Origin',(5.08,-4.45,-4.45));
#10018=CARTESIAN_POINT('',(-4.58,-4.45,-3.25));
#10019=CARTESIAN_POINT('',(-5.18,-4.45,-4.45));
#10020=CARTESIAN_POINT('Origin',(5.08,-3.85,9.4));
#10021=CARTESIAN_POINT('',(-5.18,-3.85,9.4));
#10022=CARTESIAN_POINT('Origin',(5.08,4.55,10.65));
#10023=CARTESIAN_POINT('',(-4.53,4.55,9.3));
#10024=CARTESIAN_POINT('',(4.53,4.55,9.3));
#10025=CARTESIAN_POINT('',(0.550000000000002,4.55,9.3));
#10026=CARTESIAN_POINT('',(-4.53,4.55,7.65));
#10027=CARTESIAN_POINT('',(-4.53,4.55,9.3));
#10028=CARTESIAN_POINT('',(-5.18,4.55,7.65));
#10029=CARTESIAN_POINT('',(5.08,4.55,7.65));
#10030=CARTESIAN_POINT('',(-5.18,4.55,10.65));
#10031=CARTESIAN_POINT('',(4.53,4.55,7.65));
#10032=CARTESIAN_POINT('',(5.08,4.55,7.65));
#10033=CARTESIAN_POINT('',(4.53,4.55,9.3));
#10034=CARTESIAN_POINT('Origin',(5.08,4.55,7.65));
#10035=CARTESIAN_POINT('',(-1.58,4.85,6.55));
#10036=CARTESIAN_POINT('',(-5.18,4.85,6.55));
#10037=CARTESIAN_POINT('',(5.08,4.85,6.55));
#10038=CARTESIAN_POINT('',(-5.18,4.55,7.65));
#10039=CARTESIAN_POINT('',(5.08,4.55,7.65));
#10040=CARTESIAN_POINT('',(0.0200000000000003,4.85,6.55));
#10041=CARTESIAN_POINT('',(5.08,4.85,6.55));
#10042=CARTESIAN_POINT('',(0.0200000000000003,4.85,6.55));
#10043=CARTESIAN_POINT('Origin',(5.08,4.85,6.55));
#10044=CARTESIAN_POINT('',(-1.58,4.85,4.22374898452086));
#10045=CARTESIAN_POINT('',(-1.58,4.85,6.55));
#10046=CARTESIAN_POINT('',(0.0200000000000003,4.85,4.22374898452086));
#10047=CARTESIAN_POINT('',(0.0200000000000003,4.85,4.22374898452086));
#10048=CARTESIAN_POINT('',(0.0200000000000003,4.85,6.55));
#10049=CARTESIAN_POINT('',(0.0199999999999992,4.85,3.275));
#10050=CARTESIAN_POINT('',(0.0199999999999992,4.85,2.275));
#10051=CARTESIAN_POINT('',(-1.58,4.85,3.275));
#10052=CARTESIAN_POINT('',(0.0199999999999992,4.85,3.275));
#10053=CARTESIAN_POINT('',(-1.58,4.85,2.575));
#10054=CARTESIAN_POINT('',(-1.58,4.85,3.275));
#10055=CARTESIAN_POINT('',(-5.18,4.85,2.575));
#10056=CARTESIAN_POINT('',(-5.08,4.85,2.575));
#10057=CARTESIAN_POINT('',(-5.18,4.85,6.55));
#10058=CARTESIAN_POINT('Origin',(5.08,4.85,2.275));
#10059=CARTESIAN_POINT('',(-3.865,5.15,2.275));
#10060=CARTESIAN_POINT('',(-3.865,5.15000000000001,2.275));
#10061=CARTESIAN_POINT('',(5.08,5.15,2.275));
#10062=CARTESIAN_POINT('Origin',(5.08,4.45,-3.575));
#10063=CARTESIAN_POINT('',(-5.18,4.45,-3.575));
#10064=CARTESIAN_POINT('Origin',(-4.58,-3.65,-3.25));
#10065=CARTESIAN_POINT('',(-4.58,0.399999999999989,-7.3));
#10066=CARTESIAN_POINT('',(-4.58,11.55,-2.15));
#10067=CARTESIAN_POINT('',(-4.58,5.65,-0.9));
#10068=CARTESIAN_POINT('',(-4.58,5.65,-0.9));
#10069=CARTESIAN_POINT('',(-4.58,5.65,-0.400000000000001));
#10070=CARTESIAN_POINT('',(-4.58,5.65,-0.9));
#10071=CARTESIAN_POINT('',(-4.58,5.65,-0.400000000000001));
#10072=CARTESIAN_POINT('',(-4.58,4.95,0.950000000000001));
#10073=CARTESIAN_POINT('Origin',(1.2,4.45,6.85));
#10074=CARTESIAN_POINT('',(1.2,4.45,0.95));
#10075=CARTESIAN_POINT('',(1.2,4.95,2.25));
#10076=CARTESIAN_POINT('Origin',(3.88,4.45,0.95));
#10077=CARTESIAN_POINT('',(3.88,4.95,2.25));
#10078=CARTESIAN_POINT('',(3.88,4.45,0.95));
#10079=CARTESIAN_POINT('Origin',(0.499999999999999,4.95,0.950000000000001));
#10080=CARTESIAN_POINT('Origin',(1.2,4.95,2.25));
#10081=CARTESIAN_POINT('Origin',(4.58,11.55,-2.15));
#10082=CARTESIAN_POINT('',(3.58,11.55,-2.15));
#10083=CARTESIAN_POINT('Origin',(3.58,11.55,-2.15));
#10084=CARTESIAN_POINT('',(3.58,11.55,-2.75));
#10085=CARTESIAN_POINT('Origin',(3.58,11.55,-2.75));
#10086=CARTESIAN_POINT('',(3.58,4.95,-2.75));
#10087=CARTESIAN_POINT('',(1.5,11.55,-2.75));
#10088=CARTESIAN_POINT('Origin',(1.5,11.55,-2.75));
#10089=CARTESIAN_POINT('',(1.5,11.55,-2.15));
#10090=CARTESIAN_POINT('Origin',(1.5,11.55,-2.15));
#10091=CARTESIAN_POINT('Origin',(4.58,4.45,-3.25));
#10092=CARTESIAN_POINT('Origin',(2.54,37.2886013606023,-0.649999999999997));
#10093=CARTESIAN_POINT('',(2.54,11.75,-1.45));
#10094=CARTESIAN_POINT('',(2.54,11.75,0.150000000000001));
#10095=CARTESIAN_POINT('Origin',(2.54,11.75,-0.65));
#10096=CARTESIAN_POINT('Origin',(2.54,11.75,-0.65));
#10097=CARTESIAN_POINT('',(2.54,37.2886013606023,0.150000000000003));
#10098=CARTESIAN_POINT('Origin',(0.499999999999997,5.65,-0.400000000000001));
#10099=CARTESIAN_POINT('',(1.7,7.85,-0.400000000000001));
#10100=CARTESIAN_POINT('',(0.499999999999997,5.65,-0.400000000000001));
#10101=CARTESIAN_POINT('',(1.7,5.65,-0.400000000000001));
#10102=CARTESIAN_POINT('Origin',(1.7,5.65,-0.400000000000001));
#10103=CARTESIAN_POINT('',(1.7,7.85,-0.9));
#10104=CARTESIAN_POINT('',(1.7,7.85,-0.9));
#10105=CARTESIAN_POINT('',(1.7,5.65,-0.9));
#10106=CARTESIAN_POINT('Origin',(1.7,5.65,-0.9));
#10107=CARTESIAN_POINT('',(0.775159235668787,6.15445859872611,-0.9));
#10108=CARTESIAN_POINT('Origin',(4.58,5.65,-0.4));
#10109=CARTESIAN_POINT('',(3.38,7.85,-0.400000000000001));
#10110=CARTESIAN_POINT('',(3.38,5.65,-0.400000000000001));
#10111=CARTESIAN_POINT('',(4.58,5.65,-0.4));
#10112=CARTESIAN_POINT('Origin',(3.38,5.65,-0.400000000000001));
#10113=CARTESIAN_POINT('',(3.38,7.85,-0.899999999999999));
#10114=CARTESIAN_POINT('',(3.38,5.65,-0.9));
#10115=CARTESIAN_POINT('',(3.38,7.85,-0.400000000000001));
#10116=CARTESIAN_POINT('Origin',(3.38,5.65,-0.9));
#10117=CARTESIAN_POINT('',(4.58,5.65,-0.9));
#10118=CARTESIAN_POINT('Origin',(1.7,7.85,-0.400000000000001));
#10119=CARTESIAN_POINT('Origin',(4.58,5.65,5.44510424403831E-16));
#10120=CARTESIAN_POINT('Origin',(2.54,11.75,-0.65));
#10121=CARTESIAN_POINT('',(2.54,12.45,-2.15));
#10122=CARTESIAN_POINT('Origin',(2.54,12.45,-0.65));
#10123=CARTESIAN_POINT('',(2.54,11.75,-2.15));
#10124=CARTESIAN_POINT('Origin',(2.54,12.45,-0.65));
#10125=CARTESIAN_POINT('',(2.54,12.45,-2.15));
#10126=CARTESIAN_POINT('Origin',(5.08,4.85,2.575));
#10127=CARTESIAN_POINT('',(-1.58,5.15,2.275));
#10128=CARTESIAN_POINT('',(-1.58,4.85,2.575));
#10129=CARTESIAN_POINT('',(-3.865,5.15,2.275));
#10130=CARTESIAN_POINT('',(-5.18,5.15,2.275));
#10131=CARTESIAN_POINT('',(-5.18,5.15,2.275));
#10132=CARTESIAN_POINT('',(-5.18,5.15,2.275));
#10133=CARTESIAN_POINT('Origin',(3.865,5.15,2.275));
#10134=CARTESIAN_POINT('',(4.115,5.15,1.375));
#10135=CARTESIAN_POINT('',(4.115,5.15,1.375));
#10136=CARTESIAN_POINT('',(3.865,5.15,2.275));
#10137=CARTESIAN_POINT('Origin',(4.115,5.15000000000001,1.375));
#10138=CARTESIAN_POINT('',(0.965000000000001,5.15000000000001,1.375));
#10139=CARTESIAN_POINT('',(0.965000000000001,5.15000000000001,1.375));
#10140=CARTESIAN_POINT('',(4.115,5.15000000000001,1.375));
#10141=CARTESIAN_POINT('Origin',(0.965000000000001,5.15000000000001,1.375));
#10142=CARTESIAN_POINT('',(0.965000000000001,5.15000000000001,1.375));
#10143=CARTESIAN_POINT('Origin',(0.,5.15,1.52714972671463E-15));
#10144=CARTESIAN_POINT('Origin',(2.54,5.15000000000001,-0.475));
#10145=CARTESIAN_POINT('',(4.77327114341273,5.15000000000001,-2.625));
#10146=CARTESIAN_POINT('Origin',(2.54,5.15000000000001,-0.475));
#10147=CARTESIAN_POINT('',(0.30672885658727,5.15000000000001,-2.625));
#10148=CARTESIAN_POINT('Origin',(2.54,5.15000000000001,-0.475));
#10149=CARTESIAN_POINT('',(0.30672885658727,5.15000000000001,-2.625));
#10150=CARTESIAN_POINT('',(4.77327114341273,5.15000000000001,-2.625));
#10151=CARTESIAN_POINT('Origin',(2.54,5.15000000000001,-0.475));
#10152=CARTESIAN_POINT('',(-0.306728856587271,5.15000000000001,-2.625));
#10153=CARTESIAN_POINT('Origin',(-2.54,5.15000000000001,-0.475));
#10154=CARTESIAN_POINT('',(0.30672885658727,5.15000000000001,-2.625));
#10155=CARTESIAN_POINT('Origin',(5.08,5.15000000000001,-2.625));
#10156=CARTESIAN_POINT('',(5.08,5.15000000000001,-2.625));
#10157=CARTESIAN_POINT('Origin',(0.30672885658727,5.15000000000001,-2.625));
#10158=CARTESIAN_POINT('',(-0.306728856587271,5.15000000000001,-2.625));
#10159=CARTESIAN_POINT('Origin',(2.54,5.15000000000001,-0.475));
#10160=CARTESIAN_POINT('Origin',(4.53,4.55,9.3));
#10161=CARTESIAN_POINT('',(4.53,3.45,7.65));
#10162=CARTESIAN_POINT('',(4.53,4.55,7.65));
#10163=CARTESIAN_POINT('',(4.53,3.45,9.3));
#10164=CARTESIAN_POINT('',(4.53,3.45,9.3));
#10165=CARTESIAN_POINT('',(4.53,4.55,9.3));
#10166=CARTESIAN_POINT('Origin',(4.53,3.45,9.3));
#10167=CARTESIAN_POINT('',(4.13,3.45,7.65));
#10168=CARTESIAN_POINT('',(4.53,3.45,7.65));
#10169=CARTESIAN_POINT('',(4.13,3.45,9.3));
#10170=CARTESIAN_POINT('',(4.13,3.45,9.3));
#10171=CARTESIAN_POINT('',(4.53,3.45,9.3));
#10172=CARTESIAN_POINT('Origin',(2.54,2.23678114093128,9.3));
#10173=CARTESIAN_POINT('',(0.950000000000003,3.45000000000001,7.65));
#10174=CARTESIAN_POINT('Origin',(2.54,2.23678114093128,7.65));
#10175=CARTESIAN_POINT('',(0.950000000000003,3.45000000000001,9.3));
#10176=CARTESIAN_POINT('',(0.950000000000003,3.45000000000001,9.3));
#10177=CARTESIAN_POINT('Origin',(2.54,2.23678114093128,9.3));
#10178=CARTESIAN_POINT('Origin',(0.950000000000002,3.45,9.3));
#10179=CARTESIAN_POINT('',(-0.950000000000002,3.45,7.65));
#10180=CARTESIAN_POINT('',(0.950000000000002,3.45,7.65));
#10181=CARTESIAN_POINT('',(-0.950000000000002,3.45,9.3));
#10182=CARTESIAN_POINT('',(-0.950000000000002,3.45,9.3));
#10183=CARTESIAN_POINT('',(0.950000000000002,3.45,9.3));
#10184=CARTESIAN_POINT('Origin',(2.54,2.23678114093128,9.3));
#10185=CARTESIAN_POINT('',(-4.13,3.45000000000001,9.3));
#10186=CARTESIAN_POINT('Origin',(-2.54,2.23678114093129,9.3));
#10187=CARTESIAN_POINT('',(-4.53,3.45,9.3));
#10188=CARTESIAN_POINT('',(-4.13,3.45,9.3));
#10189=CARTESIAN_POINT('',(-4.53,3.45,9.3));
#10190=CARTESIAN_POINT('Origin',(2.54,2.23678114093128,7.65));
#10191=CARTESIAN_POINT('',(-4.53,3.45,7.65));
#10192=CARTESIAN_POINT('',(-4.53,3.45,7.65));
#10193=CARTESIAN_POINT('',(-4.13,3.45000000000001,7.65));
#10194=CARTESIAN_POINT('',(-4.13,3.45,7.65));
#10195=CARTESIAN_POINT('Origin',(-2.54,2.23678114093129,7.65));
#10196=CARTESIAN_POINT('Origin',(2.54,1.04999999999999,7.65));
#10197=CARTESIAN_POINT('',(0.64,1.04999999999999,7.65));
#10198=CARTESIAN_POINT('Origin',(2.54,1.04999999999999,-18.0886013606023));
#10199=CARTESIAN_POINT('',(1.29,1.04999999999999,-18.0886013606023));
#10200=CARTESIAN_POINT('Origin',(1.54,-3.05,-15.0886013606023));
#10201=CARTESIAN_POINT('',(1.54,-2.05,-15.0886013606023));
#10202=CARTESIAN_POINT('',(1.54,-3.05,-15.0886013606023));
#10203=CARTESIAN_POINT('Origin',(1.54,-2.05,-15.0886013606023));
#10204=CARTESIAN_POINT('',(3.54,-2.05,-15.0886013606023));
#10205=CARTESIAN_POINT('Origin',(3.54,-2.05,-15.0886013606023));
#10206=CARTESIAN_POINT('',(3.54,-3.05,-15.0886013606023));
#10207=CARTESIAN_POINT('Origin',(3.54,-3.05,-15.0886013606023));
#10208=CARTESIAN_POINT('Origin',(1.54,-3.05,-15.0886013606023));
#10209=CARTESIAN_POINT('',(1.54,-2.05,-15.0886013606023));
#10210=CARTESIAN_POINT('',(1.54,-3.05,-15.0886013606023));
#10211=CARTESIAN_POINT('Origin',(1.54,-2.05,-15.0886013606023));
#10212=CARTESIAN_POINT('',(3.54,-2.05,-15.0886013606023));
#10213=CARTESIAN_POINT('Origin',(3.54,-2.05,-15.0886013606023));
#10214=CARTESIAN_POINT('',(3.54,-3.05,-15.0886013606023));
#10215=CARTESIAN_POINT('Origin',(3.54,-3.05,-15.0886013606023));
#10216=CARTESIAN_POINT('Origin',(2.54,2.07257142857142,9.4));
#10217=CARTESIAN_POINT('',(0.499999999999995,-0.549999999999997,9.4));
#10218=CARTESIAN_POINT('Origin',(-3.88,4.45,6.85));
#10219=CARTESIAN_POINT('',(-3.88,4.45,0.95));
#10220=CARTESIAN_POINT('',(-3.88,4.95,2.25));
#10221=CARTESIAN_POINT('Origin',(-1.2,4.45,0.95));
#10222=CARTESIAN_POINT('',(-1.2,4.95,2.25));
#10223=CARTESIAN_POINT('',(-1.2,4.45,0.95));
#10224=CARTESIAN_POINT('Origin',(-4.58,4.95,0.950000000000001));
#10225=CARTESIAN_POINT('Origin',(-3.88,4.95,2.25));
#10226=CARTESIAN_POINT('Origin',(-0.5,11.55,-2.15));
#10227=CARTESIAN_POINT('',(-1.5,11.55,-2.15));
#10228=CARTESIAN_POINT('Origin',(-1.5,11.55,-2.15));
#10229=CARTESIAN_POINT('',(-1.5,11.55,-2.75));
#10230=CARTESIAN_POINT('Origin',(-1.5,11.55,-2.75));
#10231=CARTESIAN_POINT('',(-1.5,4.95,-2.75));
#10232=CARTESIAN_POINT('',(-3.58,11.55,-2.75));
#10233=CARTESIAN_POINT('Origin',(-3.58,11.55,-2.75));
#10234=CARTESIAN_POINT('',(-3.58,11.55,-2.15));
#10235=CARTESIAN_POINT('Origin',(-3.58,11.55,-2.15));
#10236=CARTESIAN_POINT('Origin',(4.58,4.45,-3.25));
#10237=CARTESIAN_POINT('Origin',(-2.54,37.2886013606023,-0.649999999999997));
#10238=CARTESIAN_POINT('',(-2.54,11.75,-1.45));
#10239=CARTESIAN_POINT('',(-2.54,11.75,0.150000000000001));
#10240=CARTESIAN_POINT('Origin',(-2.54,11.75,-0.65));
#10241=CARTESIAN_POINT('Origin',(-2.54,11.75,-0.65));
#10242=CARTESIAN_POINT('',(-2.54,37.2886013606023,0.150000000000003));
#10243=CARTESIAN_POINT('Origin',(-4.58,5.65,-0.400000000000001));
#10244=CARTESIAN_POINT('',(-3.38,7.85,-0.400000000000001));
#10245=CARTESIAN_POINT('',(-4.58,5.65,-0.400000000000001));
#10246=CARTESIAN_POINT('',(-3.38,5.65,-0.400000000000001));
#10247=CARTESIAN_POINT('Origin',(-3.38,5.65,-0.400000000000001));
#10248=CARTESIAN_POINT('',(-3.38,7.85,-0.9));
#10249=CARTESIAN_POINT('',(-3.38,7.85,-0.9));
#10250=CARTESIAN_POINT('',(-3.38,5.65,-0.9));
#10251=CARTESIAN_POINT('Origin',(-3.38,5.65,-0.9));
#10252=CARTESIAN_POINT('',(-4.30484076433121,6.15445859872611,-0.9));
#10253=CARTESIAN_POINT('Origin',(-0.5,5.65,-0.4));
#10254=CARTESIAN_POINT('',(-1.7,7.85,-0.400000000000001));
#10255=CARTESIAN_POINT('',(-1.7,5.65,-0.400000000000001));
#10256=CARTESIAN_POINT('',(-0.500000000000001,5.65,-0.4));
#10257=CARTESIAN_POINT('Origin',(-1.7,5.65,-0.400000000000001));
#10258=CARTESIAN_POINT('',(-1.7,7.85,-0.899999999999999));
#10259=CARTESIAN_POINT('',(-1.7,5.65,-0.9));
#10260=CARTESIAN_POINT('',(-1.7,7.85,-0.400000000000001));
#10261=CARTESIAN_POINT('Origin',(-1.7,5.65,-0.9));
#10262=CARTESIAN_POINT('',(-0.500000000000001,5.65,-0.9));
#10263=CARTESIAN_POINT('Origin',(-3.38,7.85,-0.400000000000001));
#10264=CARTESIAN_POINT('Origin',(-0.500000000000001,5.65,5.44510424403831E-16));
#10265=CARTESIAN_POINT('Origin',(-2.54,11.75,-0.65));
#10266=CARTESIAN_POINT('',(-2.54,12.45,-2.15));
#10267=CARTESIAN_POINT('Origin',(-2.54,12.45,-0.65));
#10268=CARTESIAN_POINT('',(-2.54,11.75,-2.15));
#10269=CARTESIAN_POINT('Origin',(-2.54,12.45,-0.65));
#10270=CARTESIAN_POINT('',(-2.54,12.45,-2.15));
#10271=CARTESIAN_POINT('Origin',(-1.215,5.15,2.275));
#10272=CARTESIAN_POINT('',(-0.965000000000001,5.15,1.375));
#10273=CARTESIAN_POINT('',(-0.965000000000001,5.15,1.375));
#10274=CARTESIAN_POINT('',(-1.215,5.15,2.275));
#10275=CARTESIAN_POINT('Origin',(-0.965000000000001,5.15000000000001,1.375));
#10276=CARTESIAN_POINT('',(-4.115,5.15000000000001,1.375));
#10277=CARTESIAN_POINT('',(-4.115,5.15000000000001,1.375));
#10278=CARTESIAN_POINT('',(-0.965000000000001,5.15000000000001,1.375));
#10279=CARTESIAN_POINT('Origin',(-4.115,5.15000000000001,1.375));
#10280=CARTESIAN_POINT('',(-4.115,5.15000000000001,1.375));
#10281=CARTESIAN_POINT('Origin',(0.,5.15,1.52714972671463E-15));
#10282=CARTESIAN_POINT('',(-1.58,5.15,3.275));
#10283=CARTESIAN_POINT('',(-1.58,5.15,3.27499999999999));
#10284=CARTESIAN_POINT('',(0.0199999999999992,5.15,3.275));
#10285=CARTESIAN_POINT('',(0.0199999999999992,5.15,3.275));
#10286=CARTESIAN_POINT('',(0.0199999999999992,5.15,2.27499999999999));
#10287=CARTESIAN_POINT('Origin',(-2.54,5.15000000000001,-0.475));
#10288=CARTESIAN_POINT('',(-4.77327114341273,5.15000000000001,-2.625));
#10289=CARTESIAN_POINT('Origin',(-2.54,5.15000000000001,-0.475));
#10290=CARTESIAN_POINT('',(-4.77327114341273,5.15000000000001,-2.625));
#10291=CARTESIAN_POINT('Origin',(-2.54,5.15000000000001,-0.475));
#10292=CARTESIAN_POINT('',(-5.18,5.15,2.275));
#10293=CARTESIAN_POINT('',(-4.77327114341273,5.15000000000001,-2.625));
#10294=CARTESIAN_POINT('Origin',(-4.77327114341273,5.15000000000001,-2.625));
#10295=CARTESIAN_POINT('Origin',(-2.54,2.23678114093129,9.3));
#10296=CARTESIAN_POINT('',(-4.13,3.45000000000001,9.3));
#10297=CARTESIAN_POINT('Origin',(-4.13,3.45,9.3));
#10298=CARTESIAN_POINT('',(-4.53,3.45,9.3));
#10299=CARTESIAN_POINT('Origin',(-4.53,3.45,9.3));
#10300=CARTESIAN_POINT('Origin',(-2.54,1.04999999999999,7.65));
#10301=CARTESIAN_POINT('',(-4.44,1.04999999999999,7.65));
#10302=CARTESIAN_POINT('Origin',(-2.54,1.04999999999999,-18.0886013606023));
#10303=CARTESIAN_POINT('',(-3.79,1.04999999999999,-18.0886013606023));
#10304=CARTESIAN_POINT('Origin',(-3.54,-3.05,-15.0886013606023));
#10305=CARTESIAN_POINT('',(-3.54,-2.05,-15.0886013606023));
#10306=CARTESIAN_POINT('',(-3.54,-3.05,-15.0886013606023));
#10307=CARTESIAN_POINT('Origin',(-3.54,-2.05,-15.0886013606023));
#10308=CARTESIAN_POINT('',(-1.54,-2.05,-15.0886013606023));
#10309=CARTESIAN_POINT('Origin',(-1.54,-2.05,-15.0886013606023));
#10310=CARTESIAN_POINT('',(-1.54,-3.05,-15.0886013606023));
#10311=CARTESIAN_POINT('Origin',(-1.54,-3.05,-15.0886013606023));
#10312=CARTESIAN_POINT('Origin',(-3.54,-3.05,-15.0886013606023));
#10313=CARTESIAN_POINT('',(-3.54,-2.05,-15.0886013606023));
#10314=CARTESIAN_POINT('',(-3.54,-3.05,-15.0886013606023));
#10315=CARTESIAN_POINT('Origin',(-3.54,-2.05,-15.0886013606023));
#10316=CARTESIAN_POINT('',(-1.54,-2.05,-15.0886013606023));
#10317=CARTESIAN_POINT('Origin',(-1.54,-2.05,-15.0886013606023));
#10318=CARTESIAN_POINT('',(-1.54,-3.05,-15.0886013606023));
#10319=CARTESIAN_POINT('Origin',(-1.54,-3.05,-15.0886013606023));
#10320=CARTESIAN_POINT('Origin',(-0.600000000000002,-0.550000000000003,
9.4));
#10321=CARTESIAN_POINT('',(-0.600000000000002,-0.550000000000003,7.9));
#10322=CARTESIAN_POINT('',(-0.600000000000002,-0.550000000000003,7.9));
#10323=CARTESIAN_POINT('',(-0.600000000000002,-0.550000000000003,7.9));
#10324=CARTESIAN_POINT('',(-0.600000000000002,-0.550000000000003,9.4));
#10325=CARTESIAN_POINT('Origin',(-0.600000000000002,-0.550000000000003,
7.9));
#10326=CARTESIAN_POINT('',(-0.600000000000002,-0.550000000000003,7.9));
#10327=CARTESIAN_POINT('Origin',(-0.600000000000002,0.,0.));
#10328=CARTESIAN_POINT('Origin',(-0.600000000000002,-0.550000000000003,
7.9));
#10329=CARTESIAN_POINT('',(-0.600000000000002,-2.85,7.9));
#10330=CARTESIAN_POINT('Origin',(-0.600000000000002,-2.85,7.9));
#10331=CARTESIAN_POINT('Origin',(0.0199999999999992,30.5886013606023,2.275));
#10332=CARTESIAN_POINT('',(0.0199999999999992,30.5886013606023,3.275));
#10333=CARTESIAN_POINT('Origin',(-1.58,30.5886013606023,3.275));
#10334=CARTESIAN_POINT('',(-1.58,30.5886013606023,3.275));
#10335=CARTESIAN_POINT('Origin',(0.0199999999999992,30.5886013606023,3.275));
#10336=CARTESIAN_POINT('Origin',(0.0200000000000003,4.85,6.55));
#10337=CARTESIAN_POINT('',(0.0200000000000003,8.53021584066883,5.33155016085965));
#10338=CARTESIAN_POINT('',(0.0200000000000003,4.85,6.55));
#10339=CARTESIAN_POINT('',(-1.58,8.53021584066883,5.33155016085965));
#10340=CARTESIAN_POINT('',(0.0200000000000003,8.53021584066883,5.33155016085965));
#10341=CARTESIAN_POINT('',(-1.58,4.85,6.55));
#10342=CARTESIAN_POINT('Origin',(0.0200000000000003,8.55,5.325));
#10343=CARTESIAN_POINT('',(-1.58,8.56800873406204,5.31451176539111));
#10344=CARTESIAN_POINT('',(-1.58,10.0506534559015,4.45102376947114));
#10345=CARTESIAN_POINT('',(-1.58,8.55,5.325));
#10346=CARTESIAN_POINT('',(0.0200000000000003,8.56800873406204,5.31451176539111));
#10347=CARTESIAN_POINT('',(0.0200000000000003,8.56800873406204,5.31451176539111));
#10348=CARTESIAN_POINT('',(0.0200000000000003,10.0506534559015,4.45102376947114));
#10349=CARTESIAN_POINT('',(0.0200000000000003,8.55,5.325));
#10350=CARTESIAN_POINT('',(0.0200000000000003,10.0506534559015,4.45102376947114));
#10351=CARTESIAN_POINT('Origin',(0.0200000000000003,10.15,4.39316462965057));
#10352=CARTESIAN_POINT('',(0.0200000000000003,10.15,4.27819760879205));
#10353=CARTESIAN_POINT('',(0.0200000000000003,10.15,3.79316462965057));
#10354=CARTESIAN_POINT('',(0.0200000000000003,10.15,4.39316462965057));
#10355=CARTESIAN_POINT('',(-1.58,10.15,3.79316462965057));
#10356=CARTESIAN_POINT('',(0.0200000000000003,10.15,3.79316462965057));
#10357=CARTESIAN_POINT('',(-1.58,10.15,4.27819760879205));
#10358=CARTESIAN_POINT('',(-1.58,10.15,4.39316462965057));
#10359=CARTESIAN_POINT('',(0.0200000000000003,10.15,4.27819760879205));
#10360=CARTESIAN_POINT('Origin',(0.0200000000000003,10.15,3.59316462965057));
#10361=CARTESIAN_POINT('',(-1.58,9.95,3.59316462965057));
#10362=CARTESIAN_POINT('',(-1.58,8.55688102532074,3.59316462965057));
#10363=CARTESIAN_POINT('',(-1.58,10.15,3.59316462965057));
#10364=CARTESIAN_POINT('',(0.0200000000000003,9.95,3.59316462965057));
#10365=CARTESIAN_POINT('',(0.0200000000000003,9.95,3.59316462965057));
#10366=CARTESIAN_POINT('',(0.0200000000000003,8.55688102532074,3.59316462965057));
#10367=CARTESIAN_POINT('',(0.0200000000000003,10.15,3.59316462965057));
#10368=CARTESIAN_POINT('',(0.0200000000000003,8.55688102532074,3.59316462965057));
#10369=CARTESIAN_POINT('Origin',(0.0200000000000003,8.45,3.59316462965057));
#10370=CARTESIAN_POINT('',(-1.58,8.39060542918911,3.6820231606524));
#10371=CARTESIAN_POINT('',(-1.58,8.20087543229661,3.96587282200491));
#10372=CARTESIAN_POINT('',(-1.58,8.45,3.59316462965057));
#10373=CARTESIAN_POINT('',(0.0200000000000003,8.39060542918911,3.6820231606524));
#10374=CARTESIAN_POINT('',(0.0200000000000003,8.39060542918911,3.6820231606524));
#10375=CARTESIAN_POINT('',(0.0200000000000003,8.20087543229661,3.96587282200491));
#10376=CARTESIAN_POINT('',(0.0200000000000003,8.45,3.59316462965057));
#10377=CARTESIAN_POINT('',(-1.58,8.20087543229661,3.96587282200491));
#10378=CARTESIAN_POINT('Origin',(0.0200000000000003,8.15,4.04198611175918));
#10379=CARTESIAN_POINT('',(-1.58,8.05914108116611,4.05321996047275));
#10380=CARTESIAN_POINT('',(-1.58,5.07454124500113,4.42223759198687));
#10381=CARTESIAN_POINT('',(-1.58,8.15,4.04198611175918));
#10382=CARTESIAN_POINT('',(0.0200000000000003,8.05914108116611,4.05321996047275));
#10383=CARTESIAN_POINT('',(0.0200000000000003,8.05914108116611,4.05321996047275));
#10384=CARTESIAN_POINT('',(0.0200000000000003,5.07454124500113,4.42223759198687));
#10385=CARTESIAN_POINT('',(0.0200000000000003,8.15,4.04198611175918));
#10386=CARTESIAN_POINT('',(-1.58,5.07454124500113,4.42223759198687));
#10387=CARTESIAN_POINT('Origin',(0.0200000000000003,0.,0.));
#10388=CARTESIAN_POINT('Origin',(0.0200000000000003,9.95,3.79316462965057));
#10389=CARTESIAN_POINT('Origin',(0.0200000000000003,9.95,4.27819760879205));
#10390=CARTESIAN_POINT('Origin',(0.0200000000000003,8.4673552781605,5.14168560471202));
#10391=CARTESIAN_POINT('Origin',(0.0200000000000003,5.05,4.22374898452086));
#10392=CARTESIAN_POINT('Origin',(0.0200000000000003,8.03459983616498,3.85473135300674));
#10393=CARTESIAN_POINT('Origin',(0.0200000000000003,8.55688102532074,3.79316462965057));
#10394=CARTESIAN_POINT('Origin',(-1.58,0.,0.));
#10395=CARTESIAN_POINT('Origin',(-1.58,9.95,3.79316462965057));
#10396=CARTESIAN_POINT('Origin',(-1.58,8.55688102532074,3.79316462965057));
#10397=CARTESIAN_POINT('Origin',(-1.58,8.03459983616498,3.85473135300674));
#10398=CARTESIAN_POINT('Origin',(-1.58,5.05,4.22374898452086));
#10399=CARTESIAN_POINT('Origin',(-1.58,8.4673552781605,5.14168560471202));
#10400=CARTESIAN_POINT('Origin',(-1.58,9.95,4.27819760879205));
#10401=CARTESIAN_POINT('Origin',(0.0200000000000003,9.95,4.27819760879205));
#10402=CARTESIAN_POINT('Origin',(0.0200000000000003,5.05,4.22374898452086));
#10403=CARTESIAN_POINT('Origin',(0.0200000000000003,8.03459983616498,3.85473135300674));
#10404=CARTESIAN_POINT('Origin',(0.0200000000000003,8.55688102532074,3.79316462965057));
#10405=CARTESIAN_POINT('Origin',(0.0200000000000003,8.4673552781605,5.14168560471202));
#10406=CARTESIAN_POINT('Origin',(0.0200000000000003,9.95,3.79316462965057));
#10407=CARTESIAN_POINT('Origin',(0.,11.95,1.32739511542808));
#10408=CARTESIAN_POINT('',(0.,11.95,1.32739511542808));
#10409=CARTESIAN_POINT('',(0.,11.95,1.32739511542808));
#10410=CARTESIAN_POINT('',(-1.19,11.95,0.725000000000005));
#10411=CARTESIAN_POINT('',(0.,11.95,1.32739511542808));
#10412=CARTESIAN_POINT('',(-1.19,11.95,0.725000000000005));
#10413=CARTESIAN_POINT('Origin',(0.,11.95,1.32739511542808));
#10414=CARTESIAN_POINT('',(1.19,11.95,0.725000000000005));
#10415=CARTESIAN_POINT('',(1.19,11.95,0.725000000000005));
#10416=CARTESIAN_POINT('',(0.,11.95,1.32739511542808));
#10417=CARTESIAN_POINT('Origin',(2.54,11.95,-0.65));
#10418=CARTESIAN_POINT('',(1.19,11.95,-2.025));
#10419=CARTESIAN_POINT('',(1.19,11.95,-2.025));
#10420=CARTESIAN_POINT('Origin',(2.54,11.95,-0.65));
#10421=CARTESIAN_POINT('Origin',(1.19,11.95,-2.025));
#10422=CARTESIAN_POINT('',(-1.19,11.95,-2.025));
#10423=CARTESIAN_POINT('',(-1.19,11.95,-2.025));
#10424=CARTESIAN_POINT('',(1.19,11.95,-2.025));
#10425=CARTESIAN_POINT('Origin',(-2.54,11.95,-0.65));
#10426=CARTESIAN_POINT('Origin',(-2.54,11.95,-0.65));
#10427=CARTESIAN_POINT('Origin',(2.54,11.95,-0.65));
#10428=CARTESIAN_POINT('Origin',(-5.18,0.,0.));
#10429=CARTESIAN_POINT('',(0.,0.,0.));
#10430=CARTESIAN_POINT('Origin',(0.,0.,6.9));
#10431=CARTESIAN_POINT('',(1.9,-2.32682891837997E-16,5.45));
#10432=CARTESIAN_POINT('Origin',(0.,0.,5.45));
#10433=CARTESIAN_POINT('',(1.9,-2.32682891837997E-16,6.65000000000058));
#10434=CARTESIAN_POINT('',(1.9,-2.32682891837997E-16,6.9));
#10435=CARTESIAN_POINT('',(0.400000000000001,-1.85741756212216,6.64999999999604));
#10436=CARTESIAN_POINT('Origin',(0.,0.,6.65));
#10437=CARTESIAN_POINT('',(0.400000000000001,-1.85741756210067,6.1));
#10438=CARTESIAN_POINT('',(0.400000000000001,-1.85741756210067,6.9));
#10439=CARTESIAN_POINT('',(-0.4,-1.85741756210067,6.1));
#10440=CARTESIAN_POINT('Origin',(0.,0.,6.1));
#10441=CARTESIAN_POINT('',(-0.4,-1.85741756210095,6.65000000000058));
#10442=CARTESIAN_POINT('',(-0.4,-1.85741756210067,6.9));
#10443=CARTESIAN_POINT('',(-0.4,1.85741756210067,6.65));
#10444=CARTESIAN_POINT('Origin',(0.,0.,6.65));
#10445=CARTESIAN_POINT('',(-0.4,1.85741756210067,6.1));
#10446=CARTESIAN_POINT('',(-0.4,1.85741756210067,6.9));
#10447=CARTESIAN_POINT('',(0.4,1.85741756210067,6.1));
#10448=CARTESIAN_POINT('Origin',(0.,0.,6.1));
#10449=CARTESIAN_POINT('',(0.4,1.85741756210067,6.65));
#10450=CARTESIAN_POINT('',(0.4,1.85741756210067,6.9));
#10451=CARTESIAN_POINT('Origin',(0.,0.,6.65));
#10452=CARTESIAN_POINT('Origin',(0.,0.,6.9));
#10453=CARTESIAN_POINT('',(-0.4,-1.60078105935821,6.9));
#10454=CARTESIAN_POINT('',(-0.4,1.60078105935821,6.9));
#10455=CARTESIAN_POINT('',(-0.4,-2.,6.9));
#10456=CARTESIAN_POINT('Origin',(0.,0.,6.9));
#10457=CARTESIAN_POINT('Origin',(0.,0.,6.9));
#10458=CARTESIAN_POINT('',(0.4,1.60078105935821,6.9));
#10459=CARTESIAN_POINT('',(0.400000000000001,-1.60078105935821,6.9));
#10460=CARTESIAN_POINT('',(0.4,2.,6.9));
#10461=CARTESIAN_POINT('Origin',(0.,0.,6.9));
#10462=CARTESIAN_POINT('Origin',(0.,0.,6.65));
#10463=CARTESIAN_POINT('Ctrl Pts',(-0.4,-1.85741756210067,6.65000000000058));
#10464=CARTESIAN_POINT('Ctrl Pts',(-0.4,-1.8574175621006,6.68060867939362));
#10465=CARTESIAN_POINT('Ctrl Pts',(-0.4,-1.85014132388543,6.71661117602124));
#10466=CARTESIAN_POINT('Ctrl Pts',(-0.4,-1.82631737083121,6.77339138262229));
#10467=CARTESIAN_POINT('Ctrl Pts',(-0.4,-1.80542787826988,6.80412459666371));
#10468=CARTESIAN_POINT('Ctrl Pts',(-0.4,-1.76096080602313,6.84796235918907));
#10469=CARTESIAN_POINT('Ctrl Pts',(-0.4,-1.72937307119867,6.86867057292841));
#10470=CARTESIAN_POINT('Ctrl Pts',(-0.4,-1.67056456869413,6.89266732322822));
#10471=CARTESIAN_POINT('Ctrl Pts',(-0.4,-1.63282160740472,6.9));
#10472=CARTESIAN_POINT('Ctrl Pts',(-0.4,-1.60078105935821,6.9));
#10473=CARTESIAN_POINT('Ctrl Pts',(-0.400000000000001,1.60078105935821,
6.9));
#10474=CARTESIAN_POINT('Ctrl Pts',(-0.400000000000001,1.63282160740472,
6.9));
#10475=CARTESIAN_POINT('Ctrl Pts',(-0.400000000000001,1.67056456869413,
6.89266732322822));
#10476=CARTESIAN_POINT('Ctrl Pts',(-0.400000000000001,1.72937307119867,
6.86867057292841));
#10477=CARTESIAN_POINT('Ctrl Pts',(-0.400000000000001,1.76096080602313,
6.84796235918907));
#10478=CARTESIAN_POINT('Ctrl Pts',(-0.400000000000001,1.80542787826988,
6.80412459666371));
#10479=CARTESIAN_POINT('Ctrl Pts',(-0.400000000000001,1.82631737083121,
6.77339138262229));
#10480=CARTESIAN_POINT('Ctrl Pts',(-0.400000000000001,1.85014132388543,
6.71661117602124));
#10481=CARTESIAN_POINT('Ctrl Pts',(-0.400000000000001,1.85741756210067,
6.68060867939304));
#10482=CARTESIAN_POINT('Ctrl Pts',(-0.400000000000001,1.85741756210067,
6.65));
#10483=CARTESIAN_POINT('Origin',(0.,0.,6.65));
#10484=CARTESIAN_POINT('Ctrl Pts',(0.400000000000001,-1.60078105935821,
6.9));
#10485=CARTESIAN_POINT('Ctrl Pts',(0.400000000000001,-1.63282160740472,
6.9));
#10486=CARTESIAN_POINT('Ctrl Pts',(0.400000000000001,-1.67056456869413,
6.89266732322822));
#10487=CARTESIAN_POINT('Ctrl Pts',(0.400000000000001,-1.72937307119867,
6.86867057292841));
#10488=CARTESIAN_POINT('Ctrl Pts',(0.400000000000001,-1.76096080602313,
6.84796235918907));
#10489=CARTESIAN_POINT('Ctrl Pts',(0.400000000000001,-1.80542787826988,
6.80412459666371));
#10490=CARTESIAN_POINT('Ctrl Pts',(0.400000000000001,-1.82631737083121,
6.77339138262229));
#10491=CARTESIAN_POINT('Ctrl Pts',(0.400000000000001,-1.85014132388543,
6.71661117602124));
#10492=CARTESIAN_POINT('Ctrl Pts',(0.400000000000001,-1.85741756210067,
6.68060867939304));
#10493=CARTESIAN_POINT('Ctrl Pts',(0.400000000000001,-1.85741756210067,
6.65));
#10494=CARTESIAN_POINT('Ctrl Pts',(0.4,1.85741756210067,6.65));
#10495=CARTESIAN_POINT('Ctrl Pts',(0.4,1.85741756210067,6.68060867939304));
#10496=CARTESIAN_POINT('Ctrl Pts',(0.4,1.85014132388543,6.71661117602124));
#10497=CARTESIAN_POINT('Ctrl Pts',(0.4,1.82631737083121,6.77339138262229));
#10498=CARTESIAN_POINT('Ctrl Pts',(0.4,1.80542787826988,6.80412459666371));
#10499=CARTESIAN_POINT('Ctrl Pts',(0.4,1.76096080602313,6.84796235918907));
#10500=CARTESIAN_POINT('Ctrl Pts',(0.4,1.72937307119867,6.86867057292841));
#10501=CARTESIAN_POINT('Ctrl Pts',(0.4,1.67056456869413,6.89266732322822));
#10502=CARTESIAN_POINT('Ctrl Pts',(0.4,1.63282160740472,6.9));
#10503=CARTESIAN_POINT('Ctrl Pts',(0.4,1.60078105935821,6.9));
#10504=CARTESIAN_POINT('Origin',(0.,0.,5.2));
#10505=CARTESIAN_POINT('',(1.45,0.,1.2));
#10506=CARTESIAN_POINT('',(-1.45,-1.77573785876366E-16,1.2));
#10507=CARTESIAN_POINT('Origin',(0.,0.,1.2));
#10508=CARTESIAN_POINT('Origin',(0.,0.,1.2));
#10509=CARTESIAN_POINT('',(1.45,-1.77573785876366E-16,5.2));
#10510=CARTESIAN_POINT('',(1.45,-1.77573785876366E-16,5.2));
#10511=CARTESIAN_POINT('Origin',(0.,0.,5.2));
#10512=CARTESIAN_POINT('Origin',(0.,0.,5.2));
#10513=CARTESIAN_POINT('',(1.65,-2.02066721859313E-16,5.2));
#10514=CARTESIAN_POINT('Origin',(0.,0.,5.2));
#10515=CARTESIAN_POINT('Origin',(0.,0.,5.45));
#10516=CARTESIAN_POINT('Origin',(1.65,-2.02066721859313E-16,5.45));
#10517=CARTESIAN_POINT('Origin',(-0.4,-2.,6.1));
#10518=CARTESIAN_POINT('',(-0.4,-2.,6.1));
#10519=CARTESIAN_POINT('Origin',(0.4,2.,6.1));
#10520=CARTESIAN_POINT('',(0.4,2.,6.1));
#10521=CARTESIAN_POINT('Origin',(0.,0.,6.1));
#10522=CARTESIAN_POINT('Origin',(0.,0.,1.));
#10523=CARTESIAN_POINT('',(1.1,-1.34711147906209E-16,0.));
#10524=CARTESIAN_POINT('Origin',(0.,0.,0.));
#10525=CARTESIAN_POINT('',(1.1,-1.34711147906209E-16,1.));
#10526=CARTESIAN_POINT('',(1.1,-1.34711147906209E-16,1.));
#10527=CARTESIAN_POINT('Origin',(0.,0.,1.));
#10528=CARTESIAN_POINT('Origin',(0.,0.,1.));
#10529=CARTESIAN_POINT('',(-1.25,-1.53080849893419E-16,1.));
#10530=CARTESIAN_POINT('Origin',(0.,0.,1.));
#10531=CARTESIAN_POINT('Origin',(0.,0.,0.));
#10532=CARTESIAN_POINT('Origin',(0.,0.,1.2));
#10533=CARTESIAN_POINT('',(-1.45,-1.77573785876366E-16,1.2));
#10534=CARTESIAN_POINT('',(0.,0.,0.));
#10535=CARTESIAN_POINT('Origin',(1.95,2.45,3.5));
#10536=CARTESIAN_POINT('',(-1.95,2.45,3.5));
#10537=CARTESIAN_POINT('',(-1.95,-2.45,3.5));
#10538=CARTESIAN_POINT('',(-1.95,2.45,3.5));
#10539=CARTESIAN_POINT('',(1.95,-2.45,3.5));
#10540=CARTESIAN_POINT('',(1.95,-2.45,3.5));
#10541=CARTESIAN_POINT('',(1.95,2.45,3.5));
#10542=CARTESIAN_POINT('',(1.95,2.45,3.5));
#10543=CARTESIAN_POINT('',(1.95,2.45,3.5));
#10544=CARTESIAN_POINT('',(0.,1.475,3.5));
#10545=CARTESIAN_POINT('Origin',(0.,-3.09772049281573E-16,3.5));
#10546=CARTESIAN_POINT('Origin',(-1.25,6.94255023941847,-1.8));
#10547=CARTESIAN_POINT('',(-1.25,2.45,1.9));
#10548=CARTESIAN_POINT('',(-1.25,0.783022988168292,1.9));
#10549=CARTESIAN_POINT('',(-1.25,6.94255023941847,1.9));
#10550=CARTESIAN_POINT('',(-1.25,0.783022988168293,-0.4));
#10551=CARTESIAN_POINT('',(-1.25,0.783022988168293,-0.4));
#10552=CARTESIAN_POINT('',(-1.25,-0.783022988168293,-0.4));
#10553=CARTESIAN_POINT('',(-1.25,6.94255023941847,-0.4));
#10554=CARTESIAN_POINT('',(-1.25,-0.783022988168293,1.9));
#10555=CARTESIAN_POINT('',(-1.25,-0.783022988168293,-0.4));
#10556=CARTESIAN_POINT('',(-1.25,-2.45,1.9));
#10557=CARTESIAN_POINT('',(-1.25,6.94255023941847,1.9));
#10558=CARTESIAN_POINT('',(-1.25,-2.45,-1.8));
#10559=CARTESIAN_POINT('',(-1.25,-2.45,-1.8));
#10560=CARTESIAN_POINT('',(-1.25,2.45,-1.8));
#10561=CARTESIAN_POINT('',(-1.25,6.94255023941847,-1.8));
#10562=CARTESIAN_POINT('',(-1.25,2.45,-3.5));
#10563=CARTESIAN_POINT('Origin',(-1.25,6.94255023941847,1.9));
#10564=CARTESIAN_POINT('',(1.25,-0.783022988168293,1.9));
#10565=CARTESIAN_POINT('Origin',(0.,-1.68161969609997E-16,1.9));
#10566=CARTESIAN_POINT('',(1.25,-2.45,1.9));
#10567=CARTESIAN_POINT('',(1.25,6.94255023941847,1.9));
#10568=CARTESIAN_POINT('',(-1.25,-2.45,1.9));
#10569=CARTESIAN_POINT('Origin',(-1.25,6.94255023941847,1.9));
#10570=CARTESIAN_POINT('',(1.25,2.45,1.9));
#10571=CARTESIAN_POINT('',(1.25,0.783022988168292,1.9));
#10572=CARTESIAN_POINT('',(1.25,6.94255023941847,1.9));
#10573=CARTESIAN_POINT('',(-1.80635402874235E-16,1.475,1.9));
#10574=CARTESIAN_POINT('Origin',(0.,-1.68161969609997E-16,1.9));
#10575=CARTESIAN_POINT('Origin',(0.,-1.68161969609997E-16,1.9));
#10576=CARTESIAN_POINT('',(1.95,2.45,1.9));
#10577=CARTESIAN_POINT('Origin',(1.25,6.94255023941847,1.9));
#10578=CARTESIAN_POINT('',(1.25,-0.783022988168293,-0.4));
#10579=CARTESIAN_POINT('',(1.25,-0.783022988168293,-0.4));
#10580=CARTESIAN_POINT('',(1.25,0.783022988168293,-0.4));
#10581=CARTESIAN_POINT('',(1.25,6.94255023941847,-0.4));
#10582=CARTESIAN_POINT('',(1.25,0.783022988168293,-0.4));
#10583=CARTESIAN_POINT('',(1.25,2.45,-1.8));
#10584=CARTESIAN_POINT('',(1.25,2.45,-3.5));
#10585=CARTESIAN_POINT('',(1.25,-2.45,-1.8));
#10586=CARTESIAN_POINT('',(1.25,6.94255023941847,-1.8));
#10587=CARTESIAN_POINT('',(1.25,-2.45,1.9));
#10588=CARTESIAN_POINT('Origin',(1.95,-2.45,3.5));
#10589=CARTESIAN_POINT('',(-1.95,-2.45,-3.5));
#10590=CARTESIAN_POINT('',(-1.95,-2.45,3.5));
#10591=CARTESIAN_POINT('',(1.95,-2.45,-3.5));
#10592=CARTESIAN_POINT('',(1.95,-2.45,-3.5));
#10593=CARTESIAN_POINT('',(1.95,-2.45,3.5));
#10594=CARTESIAN_POINT('',(1.25,-2.45,-1.8));
#10595=CARTESIAN_POINT('Origin',(1.95,2.45,-3.5));
#10596=CARTESIAN_POINT('',(-1.95,2.45,-3.5));
#10597=CARTESIAN_POINT('',(-1.95,2.45,-3.5));
#10598=CARTESIAN_POINT('',(1.95,2.45,-3.5));
#10599=CARTESIAN_POINT('',(1.95,2.45,-3.5));
#10600=CARTESIAN_POINT('',(1.95,2.45,-3.5));
#10601=CARTESIAN_POINT('',(1.95,2.45,-1.8));
#10602=CARTESIAN_POINT('Origin',(1.95,-2.45,-3.5));
#10603=CARTESIAN_POINT('',(-1.95,-2.45,-3.5));
#10604=CARTESIAN_POINT('',(1.95,-2.45,-3.5));
#10605=CARTESIAN_POINT('Origin',(1.95,0.,0.));
#10606=CARTESIAN_POINT('Origin',(-1.95,0.,0.));
#10607=CARTESIAN_POINT('Origin',(1.25,6.94255023941847,-1.8));
#10608=CARTESIAN_POINT('Origin',(0.,3.5402519917894E-17,-0.4));
#10609=CARTESIAN_POINT('Origin',(0.,3.5402519917894E-17,-0.4));
#10610=CARTESIAN_POINT('Origin',(0.,3.5402519917894E-17,-0.4));
#10611=CARTESIAN_POINT('',(-1.80635402874235E-16,1.475,-0.4));
#10612=CARTESIAN_POINT('Origin',(0.,3.5402519917894E-17,-0.4));
#10613=CARTESIAN_POINT('Origin',(0.,3.5402519917894E-17,-0.4));
#10614=CARTESIAN_POINT('',(0.,0.,0.));
#10615=CARTESIAN_POINT('Origin',(3.09398331853972,5.15760561037983,1.475));
#10616=CARTESIAN_POINT('',(3.09398331853972,5.15760561037983,1.23493954436738));
#10617=CARTESIAN_POINT('',(3.09398331853972,5.15760561037983,-1.23493954436738));
#10618=CARTESIAN_POINT('',(3.09398331853972,5.15760561037983,1.475));
#10619=CARTESIAN_POINT('',(3.15838598346672,4.89282802584686,0.975));
#10620=CARTESIAN_POINT('',(3.17294548181146,4.83296980712095,0.916235516104208));
#10621=CARTESIAN_POINT('',(3.86600384774374,1.98361069628416,0.975));
#10622=CARTESIAN_POINT('',(3.86600384774374,1.98361069628416,0.975));
#10623=CARTESIAN_POINT('',(3.86600384774374,1.98361069628416,-0.975));
#10624=CARTESIAN_POINT('',(3.86600384774374,1.98361069628416,1.475));
#10625=CARTESIAN_POINT('',(3.15838598346672,4.89282802584686,-0.975000000000001));
#10626=CARTESIAN_POINT('',(3.09398331853972,5.15760561037983,-0.975000000000001));
#10627=CARTESIAN_POINT('',(3.17294548181146,4.83296980712095,-0.916235516104208));
#10628=CARTESIAN_POINT('Origin',(2.7,1.7,1.475));
#10629=CARTESIAN_POINT('',(3.9,1.7,0.975));
#10630=CARTESIAN_POINT('Origin',(2.7,1.7,0.975));
#10631=CARTESIAN_POINT('',(3.9,1.7,-0.975));
#10632=CARTESIAN_POINT('',(3.9,1.7,1.475));
#10633=CARTESIAN_POINT('Origin',(2.7,1.7,-0.975));
#10634=CARTESIAN_POINT('Origin',(3.9,1.7,1.475));
#10635=CARTESIAN_POINT('',(3.9,1.1,0.975));
#10636=CARTESIAN_POINT('',(3.9,1.1,0.975));
#10637=CARTESIAN_POINT('',(3.9,1.1,-0.975));
#10638=CARTESIAN_POINT('',(3.9,1.1,1.475));
#10639=CARTESIAN_POINT('',(3.9,1.7,-0.975));
#10640=CARTESIAN_POINT('Origin',(3.3,1.1,1.475));
#10641=CARTESIAN_POINT('',(3.3,0.5,0.975));
#10642=CARTESIAN_POINT('Origin',(3.3,1.1,0.975));
#10643=CARTESIAN_POINT('',(3.3,0.5,-0.975));
#10644=CARTESIAN_POINT('',(3.3,0.5,1.26152653920244));
#10645=CARTESIAN_POINT('Origin',(3.3,1.1,-0.975));
#10646=CARTESIAN_POINT('Origin',(2.70531536929181,5.06306871161845,1.475));
#10647=CARTESIAN_POINT('',(2.73997932492785,4.92055537845012,0.975));
#10648=CARTESIAN_POINT('',(3.47733589849583,1.88907379752277,0.975));
#10649=CARTESIAN_POINT('',(2.70531536929181,5.06306871161845,0.975));
#10650=CARTESIAN_POINT('',(2.7053153692918,5.06306871161845,1.11490931655107));
#10651=CARTESIAN_POINT('',(2.66281036503282,5.23781881506548,1.28646637017513));
#10652=CARTESIAN_POINT('',(2.7053153692918,5.06306871161845,-1.11490931655107));
#10653=CARTESIAN_POINT('',(2.7053153692918,5.06306871161845,1.475));
#10654=CARTESIAN_POINT('',(2.73997932492785,4.92055537845012,-0.975000000000001));
#10655=CARTESIAN_POINT('',(3.01102754566918,3.80619942344117,0.118994341397992));
#10656=CARTESIAN_POINT('',(3.47733589849583,1.88907379752277,-0.975));
#10657=CARTESIAN_POINT('',(3.47733589849583,1.88907379752277,-0.975));
#10658=CARTESIAN_POINT('',(3.47733589849583,1.88907379752277,1.475));
#10659=CARTESIAN_POINT('Origin',(2.7,1.7,1.475));
#10660=CARTESIAN_POINT('',(3.5,1.7,0.975));
#10661=CARTESIAN_POINT('Origin',(2.7,1.7,0.975));
#10662=CARTESIAN_POINT('',(3.5,1.7,-0.975));
#10663=CARTESIAN_POINT('Origin',(2.7,1.7,-0.975));
#10664=CARTESIAN_POINT('',(3.5,1.7,1.475));
#10665=CARTESIAN_POINT('Origin',(3.5,1.7,1.475));
#10666=CARTESIAN_POINT('',(3.5,1.1,0.975));
#10667=CARTESIAN_POINT('',(3.5,1.7,0.975));
#10668=CARTESIAN_POINT('',(3.5,1.1,-0.975));
#10669=CARTESIAN_POINT('',(3.5,1.1,-0.975));
#10670=CARTESIAN_POINT('',(3.5,1.1,1.475));
#10671=CARTESIAN_POINT('Origin',(3.3,1.1,1.475));
#10672=CARTESIAN_POINT('',(3.3,0.9,0.975));
#10673=CARTESIAN_POINT('Origin',(3.3,1.1,0.975));
#10674=CARTESIAN_POINT('',(3.3,0.9,-0.975));
#10675=CARTESIAN_POINT('Origin',(3.3,1.1,-0.975));
#10676=CARTESIAN_POINT('',(3.3,0.9,1.26152653920244));
#10677=CARTESIAN_POINT('Origin',(3.3,-0.101526539202438,1.56));
#10678=CARTESIAN_POINT('',(3.3,0.136748377503056,-1.60125631464692));
#10679=CARTESIAN_POINT('',(3.3,0.45,-1.85));
#10680=CARTESIAN_POINT('',(3.3,0.45,-1.85));
#10681=CARTESIAN_POINT('',(3.3,0.810888033807343,-1.39552107737161));
#10682=CARTESIAN_POINT('',(3.3,0.810888033807344,-1.39552107737161));
#10683=CARTESIAN_POINT('',(3.3,0.9,-1.14));
#10684=CARTESIAN_POINT('Origin',(3.3,0.489101404509765,-1.14));
#10685=CARTESIAN_POINT('',(3.3,0.9,-0.975));
#10686=CARTESIAN_POINT('',(3.3,0.5,-0.975));
#10687=CARTESIAN_POINT('',(3.3,0.5,-1.14));
#10688=CARTESIAN_POINT('',(3.3,0.5,-0.975));
#10689=CARTESIAN_POINT('',(3.3,0.4976364113104,-1.14677739201853));
#10690=CARTESIAN_POINT('Origin',(3.3,0.489101404509765,-1.14));
#10691=CARTESIAN_POINT('',(3.3,0.4976364113104,-1.14677739201853));
#10692=CARTESIAN_POINT('Origin',(1.5,1.1,1.475));
#10693=CARTESIAN_POINT('',(1.5,0.5,-0.975));
#10694=CARTESIAN_POINT('',(1.5,0.5,0.975));
#10695=CARTESIAN_POINT('',(1.5,0.5,1.26152653920244));
#10696=CARTESIAN_POINT('',(0.9,1.1,0.975));
#10697=CARTESIAN_POINT('Origin',(1.5,1.1,0.975));
#10698=CARTESIAN_POINT('',(0.9,1.1,-0.975));
#10699=CARTESIAN_POINT('',(0.9,1.1,1.475));
#10700=CARTESIAN_POINT('Origin',(1.5,1.1,-0.975));
#10701=CARTESIAN_POINT('Origin',(0.9,1.1,1.475));
#10702=CARTESIAN_POINT('',(0.9,1.7,0.975));
#10703=CARTESIAN_POINT('',(0.9,1.7,0.975));
#10704=CARTESIAN_POINT('',(0.9,1.7,-0.975));
#10705=CARTESIAN_POINT('',(0.9,1.7,1.475));
#10706=CARTESIAN_POINT('',(0.9,1.1,-0.975));
#10707=CARTESIAN_POINT('Origin',(2.1,1.7,1.475));
#10708=CARTESIAN_POINT('',(0.933996152256256,1.98361069628416,0.975));
#10709=CARTESIAN_POINT('Origin',(2.1,1.7,0.975));
#10710=CARTESIAN_POINT('',(0.933996152256257,1.98361069628416,-0.975));
#10711=CARTESIAN_POINT('',(0.933996152256257,1.98361069628416,1.475));
#10712=CARTESIAN_POINT('Origin',(2.1,1.7,-0.975));
#10713=CARTESIAN_POINT('Origin',(0.933996152256256,1.98361069628416,1.475));
#10714=CARTESIAN_POINT('',(1.64161401653328,4.89282802584686,0.975000000000001));
#10715=CARTESIAN_POINT('',(1.70601668146028,5.15760561037983,0.975000000000001));
#10716=CARTESIAN_POINT('',(1.70601668146028,5.15760561037983,1.23493954436738));
#10717=CARTESIAN_POINT('',(1.62705451818854,4.83296980712095,0.916235516104208));
#10718=CARTESIAN_POINT('',(1.70601668146028,5.15760561037983,-1.23493954436738));
#10719=CARTESIAN_POINT('',(1.70601668146028,5.15760561037983,1.475));
#10720=CARTESIAN_POINT('',(1.64161401653328,4.89282802584686,-0.975000000000001));
#10721=CARTESIAN_POINT('',(1.62705451818854,4.83296980712095,-0.916235516104208));
#10722=CARTESIAN_POINT('',(0.933996152256256,1.98361069628416,-0.975));
#10723=CARTESIAN_POINT('Origin',(1.5,1.1,1.475));
#10724=CARTESIAN_POINT('',(1.5,0.9,0.975));
#10725=CARTESIAN_POINT('',(1.3,1.1,0.975));
#10726=CARTESIAN_POINT('Origin',(1.5,1.1,0.975));
#10727=CARTESIAN_POINT('',(1.5,0.9,-0.975));
#10728=CARTESIAN_POINT('',(1.5,0.9,1.26152653920244));
#10729=CARTESIAN_POINT('',(1.3,1.1,-0.975));
#10730=CARTESIAN_POINT('Origin',(1.5,1.1,-0.975));
#10731=CARTESIAN_POINT('',(1.3,1.1,1.475));
#10732=CARTESIAN_POINT('Origin',(1.3,1.1,1.475));
#10733=CARTESIAN_POINT('',(1.3,1.7,0.975));
#10734=CARTESIAN_POINT('',(1.3,1.1,0.975));
#10735=CARTESIAN_POINT('',(1.3,1.7,-0.975));
#10736=CARTESIAN_POINT('',(1.3,1.1,-0.975));
#10737=CARTESIAN_POINT('',(1.3,1.7,1.475));
#10738=CARTESIAN_POINT('Origin',(2.1,1.7,1.475));
#10739=CARTESIAN_POINT('',(1.32266410150417,1.88907379752277,0.975));
#10740=CARTESIAN_POINT('Origin',(2.1,1.7,0.975));
#10741=CARTESIAN_POINT('',(1.32266410150417,1.88907379752277,-0.975));
#10742=CARTESIAN_POINT('Origin',(2.1,1.7,-0.975));
#10743=CARTESIAN_POINT('',(1.32266410150417,1.88907379752277,1.475));
#10744=CARTESIAN_POINT('Origin',(1.32266410150417,1.88907379752277,1.475));
#10745=CARTESIAN_POINT('',(2.06002067507215,4.92055537845012,0.975000000000001));
#10746=CARTESIAN_POINT('',(1.32266410150417,1.88907379752277,0.975));
#10747=CARTESIAN_POINT('',(2.06002067507215,4.92055537845012,-0.975000000000001));
#10748=CARTESIAN_POINT('',(1.32266410150417,1.88907379752277,-0.975));
#10749=CARTESIAN_POINT('',(2.09468463070819,5.06306871161845,-1.11490931655107));
#10750=CARTESIAN_POINT('',(1.38476362760956,2.14438252646224,1.75044636851972));
#10751=CARTESIAN_POINT('',(2.09468463070819,5.06306871161845,1.11490931655107));
#10752=CARTESIAN_POINT('',(2.09468463070819,5.06306871161845,1.475));
#10753=CARTESIAN_POINT('',(1.73298080824592,3.57600191808655,-0.344985656946597));
#10754=CARTESIAN_POINT('Origin',(1.5,-0.101526539202438,1.56));
#10755=CARTESIAN_POINT('',(1.5,0.5,1.15));
#10756=CARTESIAN_POINT('',(1.5,0.5,0.975));
#10757=CARTESIAN_POINT('',(1.5,0.49,1.16));
#10758=CARTESIAN_POINT('Origin',(1.5,0.49,1.15));
#10759=CARTESIAN_POINT('',(1.5,0.0099999999999997,1.16));
#10760=CARTESIAN_POINT('',(1.5,-0.101526539202438,1.16));
#10761=CARTESIAN_POINT('',(1.5,-9.80652174991902E-17,1.15));
#10762=CARTESIAN_POINT('Origin',(1.5,0.00999999999999986,1.15));
#10763=CARTESIAN_POINT('',(1.5,-0.4,1.15));
#10764=CARTESIAN_POINT('',(1.5,-0.4,1.15));
#10765=CARTESIAN_POINT('',(1.5,0.0099999999999997,1.56));
#10766=CARTESIAN_POINT('Origin',(1.5,0.00999999999999986,1.15));
#10767=CARTESIAN_POINT('',(1.5,0.49,1.56));
#10768=CARTESIAN_POINT('',(1.5,-0.101526539202438,1.56));
#10769=CARTESIAN_POINT('',(1.5,0.9,1.15));
#10770=CARTESIAN_POINT('Origin',(1.5,0.49,1.15));
#10771=CARTESIAN_POINT('',(1.5,0.9,0.975));
#10772=CARTESIAN_POINT('',(1.5,0.5,0.975));
#10773=CARTESIAN_POINT('Origin',(3.3,-0.101526539202438,1.56));
#10774=CARTESIAN_POINT('',(3.3,0.49,1.16));
#10775=CARTESIAN_POINT('',(3.3,0.5,1.15));
#10776=CARTESIAN_POINT('Origin',(3.3,0.49,1.15));
#10777=CARTESIAN_POINT('',(3.3,0.5,1.26152653920244));
#10778=CARTESIAN_POINT('',(3.3,0.9,0.975));
#10779=CARTESIAN_POINT('',(3.3,0.9,1.15));
#10780=CARTESIAN_POINT('',(3.3,0.9,1.26152653920244));
#10781=CARTESIAN_POINT('',(3.3,0.49,1.56));
#10782=CARTESIAN_POINT('Origin',(3.3,0.49,1.15));
#10783=CARTESIAN_POINT('',(3.3,0.0099999999999997,1.56));
#10784=CARTESIAN_POINT('',(3.3,-0.101526539202438,1.56));
#10785=CARTESIAN_POINT('',(3.3,-0.4,1.15));
#10786=CARTESIAN_POINT('Origin',(3.3,0.00999999999999976,1.15));
#10787=CARTESIAN_POINT('',(3.3,-2.08283429422452E-16,1.15));
#10788=CARTESIAN_POINT('',(3.3,-0.4,1.15));
#10789=CARTESIAN_POINT('',(3.3,0.00999999999999976,1.16));
#10790=CARTESIAN_POINT('Origin',(3.3,0.00999999999999976,1.15));
#10791=CARTESIAN_POINT('',(3.3,-0.101526539202438,1.16));
#10792=CARTESIAN_POINT('Origin',(1.5,-0.101526539202438,1.56));
#10793=CARTESIAN_POINT('',(1.5,0.5,-1.14));
#10794=CARTESIAN_POINT('',(1.5,0.4976364113104,-1.14677739201853));
#10795=CARTESIAN_POINT('Origin',(1.5,0.489101404509765,-1.14));
#10796=CARTESIAN_POINT('',(1.5,0.5,1.26152653920244));
#10797=CARTESIAN_POINT('',(1.5,0.9,-0.975));
#10798=CARTESIAN_POINT('',(1.5,0.9,-1.14));
#10799=CARTESIAN_POINT('',(1.5,0.9,1.26152653920244));
#10800=CARTESIAN_POINT('',(1.5,0.810888033807343,-1.39552107737161));
#10801=CARTESIAN_POINT('Origin',(1.5,0.489101404509765,-1.14));
#10802=CARTESIAN_POINT('',(1.5,0.45,-1.85));
#10803=CARTESIAN_POINT('',(1.5,0.810888033807344,-1.39552107737161));
#10804=CARTESIAN_POINT('',(1.5,0.136748377503056,-1.60125631464692));
#10805=CARTESIAN_POINT('',(1.5,0.45,-1.85));
#10806=CARTESIAN_POINT('',(1.5,0.4976364113104,-1.14677739201853));
#10807=CARTESIAN_POINT('Origin',(-8.55670597438364E-33,7.10295143505465E-17,
1.56));
#10808=CARTESIAN_POINT('',(3.3,0.49,1.56));
#10809=CARTESIAN_POINT('',(1.5,0.0099999999999997,1.56));
#10810=CARTESIAN_POINT('Origin',(-0.414875442062374,-7.,1.15));
#10811=CARTESIAN_POINT('',(4.,-2.71050543121376E-16,1.15));
#10812=CARTESIAN_POINT('',(-0.101526539202438,0.,1.15));
#10813=CARTESIAN_POINT('',(4.,-0.4,1.15));
#10814=CARTESIAN_POINT('',(-0.101526539202438,-0.4,1.15));
#10815=CARTESIAN_POINT('',(4.,-2.71050543121376E-16,1.15));
#10816=CARTESIAN_POINT('Origin',(-0.414875442062374,-7.,1.15));
#10817=CARTESIAN_POINT('',(-0.638913154181358,-6.61295077373997,1.15));
#10818=CARTESIAN_POINT('',(-0.19886456186049,-5.94485105334156,1.15));
#10819=CARTESIAN_POINT('',(-0.748925302261575,-6.77997570383957,1.15));
#10820=CARTESIAN_POINT('',(-0.304863293982157,-6.8329750699004,1.15));
#10821=CARTESIAN_POINT('',(-0.304863293982157,-6.8329750699004,1.15));
#10822=CARTESIAN_POINT('',(0.135185298338711,-6.164875349502,1.15));
#10823=CARTESIAN_POINT('',(-0.414875442062374,-7.,1.15));
#10824=CARTESIAN_POINT('',(0.135185298338711,-5.56210190831097,1.15));
#10825=CARTESIAN_POINT('Origin',(-0.322392313032974,-5.86348862890648,1.15));
#10826=CARTESIAN_POINT('',(0.135185298338711,-4.95932846711994,1.15));
#10827=CARTESIAN_POINT('Origin',(0.592762909710396,-5.26071518771545,1.15));
#10828=CARTESIAN_POINT('',(0.135185298338711,-4.35655502592891,1.15));
#10829=CARTESIAN_POINT('Origin',(-0.322392313032974,-4.65794174652442,1.15));
#10830=CARTESIAN_POINT('',(0.135185298338711,-3.75378158473787,1.15));
#10831=CARTESIAN_POINT('Origin',(0.592762909710396,-4.05516830533339,1.15));
#10832=CARTESIAN_POINT('',(0.135185298338711,-3.15100814354684,1.15));
#10833=CARTESIAN_POINT('Origin',(-0.322392313032974,-3.45239486414236,1.15));
#10834=CARTESIAN_POINT('',(-2.16840434497101E-16,-2.7,1.15));
#10835=CARTESIAN_POINT('Origin',(0.819924256397547,-2.7,1.15));
#10836=CARTESIAN_POINT('',(0.,-0.41,1.15));
#10837=CARTESIAN_POINT('',(0.,-2.7,1.15));
#10838=CARTESIAN_POINT('',(0.01,-0.4,1.15));
#10839=CARTESIAN_POINT('Origin',(0.01,-0.41,1.15));
#10840=CARTESIAN_POINT('',(-0.101526539202438,-0.4,1.15));
#10841=CARTESIAN_POINT('',(0.00999999999999997,-6.82903096271236E-18,1.15));
#10842=CARTESIAN_POINT('',(-0.101526539202438,0.,1.15));
#10843=CARTESIAN_POINT('',(-0.4,-0.41,1.15));
#10844=CARTESIAN_POINT('Origin',(0.01,-0.41,1.15));
#10845=CARTESIAN_POINT('',(-0.4,-2.7,1.15));
#10846=CARTESIAN_POINT('',(-0.4,-2.7,1.15));
#10847=CARTESIAN_POINT('',(-0.19886456186049,-3.37103243970728,1.15));
#10848=CARTESIAN_POINT('Origin',(0.819924256397547,-2.7,1.15));
#10849=CARTESIAN_POINT('',(-0.19886456186049,-3.53375728857744,1.15));
#10850=CARTESIAN_POINT('Origin',(-0.322392313032974,-3.45239486414236,1.15));
#10851=CARTESIAN_POINT('',(-0.19886456186049,-4.57657932208934,1.15));
#10852=CARTESIAN_POINT('Origin',(0.592762909710396,-4.05516830533339,1.15));
#10853=CARTESIAN_POINT('',(-0.198864561860489,-4.7393041709595,1.15));
#10854=CARTESIAN_POINT('Origin',(-0.322392313032974,-4.65794174652442,1.15));
#10855=CARTESIAN_POINT('',(-0.19886456186049,-5.7821262044714,1.15));
#10856=CARTESIAN_POINT('Origin',(0.592762909710396,-5.26071518771545,1.15));
#10857=CARTESIAN_POINT('Origin',(-0.322392313032974,-5.86348862890648,1.15));
#10858=CARTESIAN_POINT('Origin',(0.,-2.7,-1.15));
#10859=CARTESIAN_POINT('',(4.,-0.4,-1.15));
#10860=CARTESIAN_POINT('',(3.3,-0.4,-1.15));
#10861=CARTESIAN_POINT('',(-0.101526539202438,-0.4,-1.15));
#10862=CARTESIAN_POINT('',(3.3,-2.08283429422452E-16,-1.15));
#10863=CARTESIAN_POINT('',(3.3,-0.4,-1.15));
#10864=CARTESIAN_POINT('',(4.,-2.71050543121376E-16,-1.15));
#10865=CARTESIAN_POINT('',(-0.101526539202438,0.,-1.15));
#10866=CARTESIAN_POINT('',(4.,-2.71050543121376E-16,-1.15));
#10867=CARTESIAN_POINT('Origin',(0.,-2.7,-1.15));
#10868=CARTESIAN_POINT('',(-0.304863293982157,-6.8329750699004,-1.15));
#10869=CARTESIAN_POINT('',(0.135185298338711,-6.164875349502,-1.15));
#10870=CARTESIAN_POINT('',(-0.414875442062374,-7.,-1.15));
#10871=CARTESIAN_POINT('',(-0.638913154181358,-6.61295077373997,-1.15));
#10872=CARTESIAN_POINT('',(-1.99080331373967,-5.72251878653405,-1.15));
#10873=CARTESIAN_POINT('',(-0.19886456186049,-5.94485105334156,-1.15));
#10874=CARTESIAN_POINT('',(-0.748925302261575,-6.77997570383957,-1.15));
#10875=CARTESIAN_POINT('',(-0.19886456186049,-5.7821262044714,-1.15));
#10876=CARTESIAN_POINT('Origin',(-0.322392313032974,-5.86348862890648,-1.15));
#10877=CARTESIAN_POINT('',(-0.19886456186049,-4.7393041709595,-1.15));
#10878=CARTESIAN_POINT('Origin',(0.592762909710396,-5.26071518771545,-1.15));
#10879=CARTESIAN_POINT('',(-0.19886456186049,-4.57657932208934,-1.15));
#10880=CARTESIAN_POINT('Origin',(-0.322392313032974,-4.65794174652442,-1.15));
#10881=CARTESIAN_POINT('',(-0.19886456186049,-3.53375728857744,-1.15));
#10882=CARTESIAN_POINT('Origin',(0.592762909710396,-4.05516830533339,-1.15));
#10883=CARTESIAN_POINT('',(-0.19886456186049,-3.37103243970728,-1.15));
#10884=CARTESIAN_POINT('Origin',(-0.322392313032974,-3.45239486414236,-1.15));
#10885=CARTESIAN_POINT('',(-0.4,-2.7,-1.15));
#10886=CARTESIAN_POINT('Origin',(0.819924256397547,-2.7,-1.15));
#10887=CARTESIAN_POINT('',(-0.4,-0.41,-1.15));
#10888=CARTESIAN_POINT('',(-0.4,-2.7,-1.15));
#10889=CARTESIAN_POINT('',(0.00999999999999997,-6.82903096271236E-18,-1.15));
#10890=CARTESIAN_POINT('Origin',(0.01,-0.41,-1.15));
#10891=CARTESIAN_POINT('',(1.5,-9.18485099360515E-17,-1.15));
#10892=CARTESIAN_POINT('',(-0.101526539202438,0.,-1.15));
#10893=CARTESIAN_POINT('',(1.5,-0.4,-1.15));
#10894=CARTESIAN_POINT('',(1.5,-0.4,-1.15));
#10895=CARTESIAN_POINT('',(0.00999999999999997,-0.4,-1.15));
#10896=CARTESIAN_POINT('',(-0.101526539202438,-0.4,-1.15));
#10897=CARTESIAN_POINT('',(0.,-0.41,-1.15));
#10898=CARTESIAN_POINT('Origin',(0.01,-0.41,-1.15));
#10899=CARTESIAN_POINT('',(-2.16840434497101E-16,-2.7,-1.15));
#10900=CARTESIAN_POINT('',(0.,-2.7,-1.15));
#10901=CARTESIAN_POINT('',(0.135185298338711,-3.15100814354684,-1.15));
#10902=CARTESIAN_POINT('Origin',(0.819924256397547,-2.7,-1.15));
#10903=CARTESIAN_POINT('',(0.135185298338711,-3.75378158473787,-1.15));
#10904=CARTESIAN_POINT('Origin',(-0.322392313032974,-3.45239486414236,-1.15));
#10905=CARTESIAN_POINT('',(0.135185298338711,-4.35655502592891,-1.15));
#10906=CARTESIAN_POINT('Origin',(0.592762909710396,-4.05516830533339,-1.15));
#10907=CARTESIAN_POINT('',(0.135185298338711,-4.95932846711994,-1.15));
#10908=CARTESIAN_POINT('Origin',(-0.322392313032974,-4.65794174652442,-1.15));
#10909=CARTESIAN_POINT('',(0.135185298338711,-5.56210190831097,-1.15));
#10910=CARTESIAN_POINT('Origin',(0.592762909710396,-5.26071518771545,-1.15));
#10911=CARTESIAN_POINT('Origin',(-0.322392313032974,-5.86348862890648,-1.15));
#10912=CARTESIAN_POINT('Origin',(-0.4,-2.7,-1.15));
#10913=CARTESIAN_POINT('',(-0.4,-0.41,1.15));
#10914=CARTESIAN_POINT('',(-0.4,-2.7,-1.15));
#10915=CARTESIAN_POINT('Origin',(-0.414875442062374,-7.,-1.15));
#10916=CARTESIAN_POINT('',(-0.414875442062374,-7.,-0.95));
#10917=CARTESIAN_POINT('',(-0.414875442062374,-7.,0.95));
#10918=CARTESIAN_POINT('',(-0.414875442062374,-7.,-1.15));
#10919=CARTESIAN_POINT('',(-0.748925302261575,-6.77997570383957,0.95));
#10920=CARTESIAN_POINT('',(-0.414875442062374,-7.,0.95));
#10921=CARTESIAN_POINT('',(-0.748925302261575,-6.77997570383957,-0.95));
#10922=CARTESIAN_POINT('',(-0.748925302261575,-6.77997570383957,-1.15));
#10923=CARTESIAN_POINT('',(-0.414875442062374,-7.,-0.95));
#10924=CARTESIAN_POINT('Origin',(-0.414875442062374,-7.,-1.15));
#10925=CARTESIAN_POINT('Origin',(-0.304863293982157,-6.8329750699004,0.95));
#10926=CARTESIAN_POINT('Origin',(-0.304863293982157,-6.8329750699004,-0.95));
#10927=CARTESIAN_POINT('',(0.135185298338711,-6.164875349502,-1.15));
#10928=CARTESIAN_POINT('Origin',(-0.322392313032974,-5.86348862890648,-1.15));
#10929=CARTESIAN_POINT('',(0.135185298338711,-5.56210190831097,-1.15));
#10930=CARTESIAN_POINT('Origin',(0.592762909710396,-5.26071518771545,-1.15));
#10931=CARTESIAN_POINT('',(0.135185298338711,-4.95932846711994,-1.15));
#10932=CARTESIAN_POINT('Origin',(-0.322392313032974,-4.65794174652442,-1.15));
#10933=CARTESIAN_POINT('',(0.135185298338711,-4.35655502592891,-1.15));
#10934=CARTESIAN_POINT('Origin',(0.592762909710396,-4.05516830533339,-1.15));
#10935=CARTESIAN_POINT('',(0.135185298338711,-3.75378158473787,-1.15));
#10936=CARTESIAN_POINT('Origin',(-0.322392313032974,-3.45239486414236,-1.15));
#10937=CARTESIAN_POINT('',(0.135185298338711,-3.15100814354684,-1.15));
#10938=CARTESIAN_POINT('Origin',(0.819924256397547,-2.7,-1.15));
#10939=CARTESIAN_POINT('',(-2.16840434497101E-16,-2.7,-1.15));
#10940=CARTESIAN_POINT('Origin',(0.,-2.7,-1.15));
#10941=CARTESIAN_POINT('',(0.,-0.41,1.15));
#10942=CARTESIAN_POINT('Origin',(-0.748925302261575,-6.77997570383957,-1.15));
#10943=CARTESIAN_POINT('Origin',(-0.638913154181358,-6.61295077373997,0.95));
#10944=CARTESIAN_POINT('',(-0.19886456186049,-5.94485105334156,-1.15));
#10945=CARTESIAN_POINT('Origin',(-0.638913154181358,-6.61295077373997,-0.95));
#10946=CARTESIAN_POINT('Origin',(-0.322392313032974,-5.86348862890648,-1.15));
#10947=CARTESIAN_POINT('',(-0.19886456186049,-5.7821262044714,-1.15));
#10948=CARTESIAN_POINT('Origin',(0.592762909710396,-5.26071518771545,-1.15));
#10949=CARTESIAN_POINT('',(-0.198864561860489,-4.7393041709595,-1.15));
#10950=CARTESIAN_POINT('Origin',(-0.322392313032974,-4.65794174652442,-1.15));
#10951=CARTESIAN_POINT('',(-0.19886456186049,-4.57657932208934,-1.15));
#10952=CARTESIAN_POINT('Origin',(0.592762909710396,-4.05516830533339,-1.15));
#10953=CARTESIAN_POINT('',(-0.19886456186049,-3.53375728857744,-1.15));
#10954=CARTESIAN_POINT('Origin',(-0.322392313032974,-3.45239486414236,-1.15));
#10955=CARTESIAN_POINT('',(-0.19886456186049,-3.37103243970728,-1.15));
#10956=CARTESIAN_POINT('Origin',(0.819924256397547,-2.7,-1.15));
#10957=CARTESIAN_POINT('Origin',(0.,0.,1.82625465373418E-32));
#10958=CARTESIAN_POINT('',(0.0100000000000001,-5.42101086242752E-17,1.15));
#10959=CARTESIAN_POINT('',(4.,-2.71050543121376E-16,1.15));
#10960=CARTESIAN_POINT('',(3.3,-2.02066721859313E-16,-1.85));
#10961=CARTESIAN_POINT('',(3.3,-2.02066721859313E-16,-1.85));
#10962=CARTESIAN_POINT('',(1.5,-9.18485099360515E-17,-1.85));
#10963=CARTESIAN_POINT('',(1.5,-9.18485099360515E-17,-1.85));
#10964=CARTESIAN_POINT('',(1.5,-9.18485099360515E-17,-1.15));
#10965=CARTESIAN_POINT('',(0.00999999999999997,-6.82903096271236E-18,-1.15));
#10966=CARTESIAN_POINT('Origin',(-2.44929359829471E-17,-0.4,0.));
#10967=CARTESIAN_POINT('',(1.5,-0.4,-1.85));
#10968=CARTESIAN_POINT('',(1.5,-0.4,-1.15));
#10969=CARTESIAN_POINT('',(3.3,-0.4,-1.85));
#10970=CARTESIAN_POINT('',(1.5,-0.4,-1.85));
#10971=CARTESIAN_POINT('',(3.3,-0.4,-1.85));
#10972=CARTESIAN_POINT('',(4.,-0.4,1.15));
#10973=CARTESIAN_POINT('',(3.3,-0.4,1.15));
#10974=CARTESIAN_POINT('',(0.00999999999999995,-0.4,-1.15));
#10975=CARTESIAN_POINT('Origin',(4.,-2.71050543121376E-16,1.15));
#10976=CARTESIAN_POINT('Origin',(0.01,-0.41,1.15));
#10977=CARTESIAN_POINT('Origin',(0.01,-0.41,1.15));
#10978=CARTESIAN_POINT('Origin',(3.3,-0.4,-1.85));
#10979=CARTESIAN_POINT('',(3.3,-0.4,-1.85));
#10980=CARTESIAN_POINT('Origin',(1.5,-0.4,-1.85));
#10981=CARTESIAN_POINT('',(1.5,-0.4,-1.85));
#10982=CARTESIAN_POINT('Origin',(1.5,-0.4,-1.15));
#10983=CARTESIAN_POINT('Origin',(-8.55670597438364E-33,7.10295143505465E-17,
1.16));
#10984=CARTESIAN_POINT('',(3.3,0.49,1.16));
#10985=CARTESIAN_POINT('',(1.5,0.00999999999999968,1.16));
#10986=CARTESIAN_POINT('Origin',(0.0100000000000001,0.00999999999999997,
1.15));
#10987=CARTESIAN_POINT('Origin',(0.0100000000000001,0.00999999999999997,
1.15));
#10988=CARTESIAN_POINT('Origin',(-2.80991216079992E-32,0.9,-1.15407989726147E-16));
#10989=CARTESIAN_POINT('',(1.5,0.9,1.15));
#10990=CARTESIAN_POINT('',(1.5,0.9,-1.14));
#10991=CARTESIAN_POINT('Origin',(0.,0.5,-6.12323399573676E-17));
#10992=CARTESIAN_POINT('',(1.5,0.5,1.15));
#10993=CARTESIAN_POINT('',(1.5,0.5,-1.14));
#10994=CARTESIAN_POINT('Origin',(3.3,0.49,1.15));
#10995=CARTESIAN_POINT('Origin',(3.3,0.49,1.15));
#10996=CARTESIAN_POINT('Origin',(1.5,0.45,-1.85));
#10997=CARTESIAN_POINT('',(1.5,0.136748377503056,-1.60125631464692));
#10998=CARTESIAN_POINT('',(1.5,0.45,-1.85));
#10999=CARTESIAN_POINT('Origin',(1.5,0.489101404509765,-1.14));
#11000=CARTESIAN_POINT('',(1.5,0.810888033807344,-1.39552107737161));
#11001=CARTESIAN_POINT('Origin',(1.5,0.810888033807344,-1.39552107737161));
#11002=CARTESIAN_POINT('Origin',(1.5,0.489101404509765,-1.14));
#11003=CARTESIAN_POINT('',(1.5,0.4976364113104,-1.14677739201853));
#11004=CARTESIAN_POINT('Origin',(1.5,0.4976364113104,-1.14677739201853));
#11005=CARTESIAN_POINT('Origin',(1.93394565872176,6.00199805525566,1.475));
#11006=CARTESIAN_POINT('',(1.71716056920522,5.48195552068571,1.475));
#11007=CARTESIAN_POINT('',(1.59885736680266,5.78355850613797,1.475));
#11008=CARTESIAN_POINT('Origin',(0.928680782964451,5.34667940790261,1.475));
#11009=CARTESIAN_POINT('',(2.11771991061476,5.50850015106176,1.475));
#11010=CARTESIAN_POINT('',(2.12057660794918,5.50868946127625,1.475));
#11011=CARTESIAN_POINT('',(1.93394565872177,6.00199805525566,1.475));
#11012=CARTESIAN_POINT('Origin',(0.928680782964451,5.34667940790261,1.475));
#11013=CARTESIAN_POINT('',(1.71852466577821,6.33245585404045,1.475));
#11014=CARTESIAN_POINT('',(1.93394565872176,6.00199805525566,1.475));
#11015=CARTESIAN_POINT('',(1.38343637385911,6.11401630492276,1.475));
#11016=CARTESIAN_POINT('',(1.71852466577821,6.33245585404045,1.475));
#11017=CARTESIAN_POINT('',(1.59885736680266,5.78355850613797,1.475));
#11018=CARTESIAN_POINT('Origin',(1.60930489121937,6.5,1.475));
#11019=CARTESIAN_POINT('',(1.27421659930027,6.28156045088232,1.275));
#11020=CARTESIAN_POINT('',(1.27421659930027,6.28156045088232,-1.275));
#11021=CARTESIAN_POINT('',(1.27421659930027,6.28156045088232,1.475));
#11022=CARTESIAN_POINT('',(1.60930489121937,6.5,1.275));
#11023=CARTESIAN_POINT('',(1.60930489121937,6.5,1.275));
#11024=CARTESIAN_POINT('',(1.60930489121937,6.5,-1.275));
#11025=CARTESIAN_POINT('',(1.60930489121937,6.5,1.475));
#11026=CARTESIAN_POINT('',(1.60930489121937,6.5,-1.275));
#11027=CARTESIAN_POINT('Origin',(1.5,1.1,-1.475));
#11028=CARTESIAN_POINT('',(2.11771991061476,5.50850015106176,-1.475));
#11029=CARTESIAN_POINT('',(1.93394565872177,6.00199805525566,-1.475));
#11030=CARTESIAN_POINT('Origin',(0.928680782964451,5.34667940790261,-1.475));
#11031=CARTESIAN_POINT('',(1.71716056920522,5.48195552068571,-1.475));
#11032=CARTESIAN_POINT('',(1.72145203926364,5.48223991172268,-1.475));
#11033=CARTESIAN_POINT('',(1.59885736680266,5.78355850613797,-1.475));
#11034=CARTESIAN_POINT('Origin',(0.928680782964451,5.34667940790261,-1.475));
#11035=CARTESIAN_POINT('',(1.38343637385911,6.11401630492276,-1.475));
#11036=CARTESIAN_POINT('',(1.59885736680266,5.78355850613797,-1.475));
#11037=CARTESIAN_POINT('',(1.71852466577821,6.33245585404045,-1.475));
#11038=CARTESIAN_POINT('',(-0.828565955670137,4.67204174728504,-1.475));
#11039=CARTESIAN_POINT('',(1.93394565872176,6.00199805525566,-1.475));
#11040=CARTESIAN_POINT('Origin',(0.928680782964451,5.34667940790261,1.475));
#11041=CARTESIAN_POINT('',(1.72866052384999,5.34098606330557,1.41642135623731));
#11042=CARTESIAN_POINT('Origin',(0.928680782964451,5.34667940790261,1.475));
#11043=CARTESIAN_POINT('Ctrl Pts',(1.72866052384999,5.34098606330557,1.41642135623731));
#11044=CARTESIAN_POINT('Ctrl Pts',(1.72866102689154,5.34105674637008,1.41649185134335));
#11045=CARTESIAN_POINT('Ctrl Pts',(1.7286615208058,5.34112746331574,1.41656227543953));
#11046=CARTESIAN_POINT('Ctrl Pts',(1.72878401913122,5.35900611528554,1.43434046075158));
#11047=CARTESIAN_POINT('Ctrl Pts',(1.72831040570125,5.38152412671558,1.44969563892932));
#11048=CARTESIAN_POINT('Ctrl Pts',(1.72463557017766,5.43062352861837,1.47002597751895));
#11049=CARTESIAN_POINT('Ctrl Pts',(1.72140719282442,5.45720335406429,1.475));
#11050=CARTESIAN_POINT('Ctrl Pts',(1.71716056920522,5.48195552068571,1.475));
#11051=CARTESIAN_POINT('',(1.59885736680266,5.78355850613797,1.475));
#11052=CARTESIAN_POINT('',(1.72866052384999,5.34098606330557,-1.41642135623731));
#11053=CARTESIAN_POINT('Ctrl Pts',(1.71716056920522,5.48195552068571,-1.475));
#11054=CARTESIAN_POINT('Ctrl Pts',(1.72140719282442,5.45720335406429,-1.475));
#11055=CARTESIAN_POINT('Ctrl Pts',(1.72463557017766,5.43062352861837,-1.47002597751895));
#11056=CARTESIAN_POINT('Ctrl Pts',(1.72831040570125,5.38152412671558,-1.44969563892932));
#11057=CARTESIAN_POINT('Ctrl Pts',(1.72878401913122,5.35900611528554,-1.43434046075158));
#11058=CARTESIAN_POINT('Ctrl Pts',(1.7286615208058,5.34112746331574,-1.41656227543953));
#11059=CARTESIAN_POINT('Ctrl Pts',(1.72866102689154,5.34105674637008,-1.41649185134335));
#11060=CARTESIAN_POINT('Ctrl Pts',(1.72866052384999,5.34098606330557,-1.41642135623731));
#11061=CARTESIAN_POINT('Origin',(0.928680782964451,5.34667940790261,-1.475));
#11062=CARTESIAN_POINT('Origin',(1.59885736680266,5.78355850613797,1.475));
#11063=CARTESIAN_POINT('Origin',(1.38343637385911,6.11401630492276,1.275));
#11064=CARTESIAN_POINT('Origin',(1.38343637385911,6.11401630492276,-1.275));
#11065=CARTESIAN_POINT('Origin',(0.928680782964451,5.34667940790261,1.475));
#11066=CARTESIAN_POINT('',(2.12850044016299,5.36748301816567,1.41642135623731));
#11067=CARTESIAN_POINT('Ctrl Pts',(2.11771991061477,5.50850015106176,1.475));
#11068=CARTESIAN_POINT('Ctrl Pts',(2.12110642512272,5.48361645458563,1.475));
#11069=CARTESIAN_POINT('Ctrl Pts',(2.1238485633173,5.45697582683705,1.47000111369569));
#11070=CARTESIAN_POINT('Ctrl Pts',(2.1273804754775,5.4078440983366,1.44962603800246));
#11071=CARTESIAN_POINT('Ctrl Pts',(2.1281891785197,5.38535414701043,1.43425036260124));
#11072=CARTESIAN_POINT('Ctrl Pts',(2.1284993538687,5.36754559809809,1.41648385031726));
#11073=CARTESIAN_POINT('Ctrl Pts',(2.12849989768556,5.36751430480651,1.41645261027561));
#11074=CARTESIAN_POINT('Ctrl Pts',(2.12850044016299,5.36748301816567,1.41642135623731));
#11075=CARTESIAN_POINT('Origin',(0.928680782964451,5.34667940790261,1.475));
#11076=CARTESIAN_POINT('',(2.12850044016299,5.36748301816566,-1.41642135623731));
#11077=CARTESIAN_POINT('Origin',(0.928680782964451,5.34667940790261,-1.475));
#11078=CARTESIAN_POINT('Ctrl Pts',(2.12850044016299,5.36748301816566,-1.41642135623731));
#11079=CARTESIAN_POINT('Ctrl Pts',(2.12849989768556,5.36751430480651,-1.4164526102756));
#11080=CARTESIAN_POINT('Ctrl Pts',(2.1284993538687,5.36754559809808,-1.41648385031726));
#11081=CARTESIAN_POINT('Ctrl Pts',(2.1281891785197,5.38535414701043,-1.43425036260124));
#11082=CARTESIAN_POINT('Ctrl Pts',(2.1273804754775,5.4078440983366,-1.44962603800246));
#11083=CARTESIAN_POINT('Ctrl Pts',(2.1238485633173,5.45697582683705,-1.47000111369569));
#11084=CARTESIAN_POINT('Ctrl Pts',(2.12110642512272,5.48361645458563,-1.475));
#11085=CARTESIAN_POINT('Ctrl Pts',(2.11771991061477,5.50850015106176,-1.475));
#11086=CARTESIAN_POINT('',(1.93394565872177,6.00199805525566,1.475));
#11087=CARTESIAN_POINT('Origin',(1.93394565872176,6.00199805525566,1.475));
#11088=CARTESIAN_POINT('Origin',(1.71852466577821,6.33245585404045,1.275));
#11089=CARTESIAN_POINT('Origin',(1.71852466577821,6.33245585404045,-1.275));
#11090=CARTESIAN_POINT('Origin',(1.5,1.1,-0.975));
#11091=CARTESIAN_POINT('',(1.2503715941001,4.86690081752268,-0.975000000000001));
#11092=CARTESIAN_POINT('Origin',(1.5,1.1,0.975));
#11093=CARTESIAN_POINT('',(1.2503715941001,4.86690081752269,0.975000000000001));
#11094=CARTESIAN_POINT('Origin',(1.2503715941001,4.86690081752269,0.975000000000001));
#11095=CARTESIAN_POINT('',(1.73080336718797,5.34112806719483,1.41642135623731));
#11096=CARTESIAN_POINT('Origin',(1.2503715941001,4.86690081752269,-0.975000000000001));
#11097=CARTESIAN_POINT('',(2.12992793587351,5.3675776167484,-1.41642135623731));
#11098=CARTESIAN_POINT('Origin',(1.21183177608627,5.44846793309253,1.275));
#11099=CARTESIAN_POINT('Origin',(1.21183177608627,5.44846793309253,-1.275));
#11100=CARTESIAN_POINT('Origin',(1.71852466577821,6.33245585404045,1.275));
#11101=CARTESIAN_POINT('Origin',(1.71852466577821,6.33245585404045,-1.275));
#11102=CARTESIAN_POINT('Origin',(3.3,1.1,1.475));
#11103=CARTESIAN_POINT('',(2.86605434127823,6.00199805525566,1.475));
#11104=CARTESIAN_POINT('',(2.68228008938523,5.50850015106176,1.475));
#11105=CARTESIAN_POINT('Origin',(3.87131921703555,5.34667940790261,1.475));
#11106=CARTESIAN_POINT('',(3.08283943079478,5.48195552068571,1.475));
#11107=CARTESIAN_POINT('',(3.07854796073636,5.48223991172268,1.475));
#11108=CARTESIAN_POINT('',(3.20114263319734,5.78355850613797,1.475));
#11109=CARTESIAN_POINT('Origin',(3.87131921703555,5.34667940790261,1.475));
#11110=CARTESIAN_POINT('',(3.41656362614089,6.11401630492276,1.475));
#11111=CARTESIAN_POINT('',(3.52578340069973,6.28156045088232,1.475));
#11112=CARTESIAN_POINT('',(3.08147533422179,6.33245585404045,1.475));
#11113=CARTESIAN_POINT('',(5.62856595567014,4.67204174728504,1.475));
#11114=CARTESIAN_POINT('',(3.19069510878063,6.5,1.475));
#11115=CARTESIAN_POINT('Origin',(3.19069510878063,6.5,-1.475));
#11116=CARTESIAN_POINT('',(3.20114263319734,5.78355850613797,-1.475));
#11117=CARTESIAN_POINT('',(3.08283943079478,5.48195552068571,-1.475));
#11118=CARTESIAN_POINT('Origin',(3.87131921703555,5.34667940790261,-1.475));
#11119=CARTESIAN_POINT('',(2.68228008938523,5.50850015106176,-1.475));
#11120=CARTESIAN_POINT('',(2.67942339205082,5.50868946127625,-1.475));
#11121=CARTESIAN_POINT('',(2.86605434127823,6.00199805525566,-1.475));
#11122=CARTESIAN_POINT('Origin',(3.87131921703555,5.34667940790261,-1.475));
#11123=CARTESIAN_POINT('',(3.08147533422179,6.33245585404045,-1.475));
#11124=CARTESIAN_POINT('',(3.19069510878063,6.5,-1.475));
#11125=CARTESIAN_POINT('',(3.41656362614089,6.11401630492276,-1.475));
#11126=CARTESIAN_POINT('',(3.08147533422179,6.33245585404045,-1.475));
#11127=CARTESIAN_POINT('',(3.52578340069973,6.28156045088232,-1.475));
#11128=CARTESIAN_POINT('Origin',(3.19069510878063,6.5,1.475));
#11129=CARTESIAN_POINT('',(3.19069510878063,6.5,1.275));
#11130=CARTESIAN_POINT('',(3.19069510878063,6.5,-1.275));
#11131=CARTESIAN_POINT('',(3.19069510878063,6.5,1.475));
#11132=CARTESIAN_POINT('',(3.52578340069973,6.28156045088232,1.275));
#11133=CARTESIAN_POINT('',(3.19069510878063,6.5,1.275));
#11134=CARTESIAN_POINT('',(3.52578340069973,6.28156045088232,-1.275));
#11135=CARTESIAN_POINT('',(3.52578340069973,6.28156045088232,1.475));
#11136=CARTESIAN_POINT('',(3.19069510878063,6.5,-1.275));
#11137=CARTESIAN_POINT('Origin',(3.52578340069973,6.28156045088232,1.475));
#11138=CARTESIAN_POINT('Origin',(3.41656362614089,6.11401630492276,1.275));
#11139=CARTESIAN_POINT('',(3.20114263319734,5.78355850613797,1.475));
#11140=CARTESIAN_POINT('Origin',(3.41656362614089,6.11401630492276,-1.275));
#11141=CARTESIAN_POINT('Origin',(3.87131921703555,5.34667940790261,1.475));
#11142=CARTESIAN_POINT('',(3.07133947615001,5.34098606330557,1.41642135623731));
#11143=CARTESIAN_POINT('Ctrl Pts',(3.08283943079478,5.48195552068571,1.475));
#11144=CARTESIAN_POINT('Ctrl Pts',(3.07859280717559,5.45720335406429,1.475));
#11145=CARTESIAN_POINT('Ctrl Pts',(3.07536442982234,5.43062352861837,1.47002597751895));
#11146=CARTESIAN_POINT('Ctrl Pts',(3.07168959429875,5.38152412671558,1.44969563892932));
#11147=CARTESIAN_POINT('Ctrl Pts',(3.07121598086878,5.35900611528554,1.43434046075158));
#11148=CARTESIAN_POINT('Ctrl Pts',(3.0713384791942,5.34112746331574,1.41656227543953));
#11149=CARTESIAN_POINT('Ctrl Pts',(3.07133897310846,5.34105674637008,1.41649185134335));
#11150=CARTESIAN_POINT('Ctrl Pts',(3.07133947615001,5.34098606330557,1.41642135623731));
#11151=CARTESIAN_POINT('Origin',(3.87131921703555,5.34667940790261,1.475));
#11152=CARTESIAN_POINT('',(3.07133947615001,5.34098606330557,-1.41642135623731));
#11153=CARTESIAN_POINT('Origin',(3.87131921703555,5.34667940790261,-1.475));
#11154=CARTESIAN_POINT('Ctrl Pts',(3.07133947615001,5.34098606330557,-1.41642135623731));
#11155=CARTESIAN_POINT('Ctrl Pts',(3.07133897310846,5.34105674637008,-1.41649185134335));
#11156=CARTESIAN_POINT('Ctrl Pts',(3.0713384791942,5.34112746331574,-1.41656227543953));
#11157=CARTESIAN_POINT('Ctrl Pts',(3.07121598086878,5.35900611528554,-1.43434046075158));
#11158=CARTESIAN_POINT('Ctrl Pts',(3.07168959429875,5.38152412671558,-1.44969563892932));
#11159=CARTESIAN_POINT('Ctrl Pts',(3.07536442982234,5.43062352861837,-1.47002597751895));
#11160=CARTESIAN_POINT('Ctrl Pts',(3.07859280717559,5.45720335406429,-1.475));
#11161=CARTESIAN_POINT('Ctrl Pts',(3.08283943079478,5.48195552068571,-1.475));
#11162=CARTESIAN_POINT('Origin',(3.19069510878063,6.5,1.475));
#11163=CARTESIAN_POINT('Origin',(3.08147533422179,6.33245585404045,1.275));
#11164=CARTESIAN_POINT('Origin',(3.08147533422179,6.33245585404045,-1.275));
#11165=CARTESIAN_POINT('',(2.86605434127823,6.00199805525566,1.475));
#11166=CARTESIAN_POINT('Origin',(3.87131921703555,5.34667940790261,1.475));
#11167=CARTESIAN_POINT('',(2.67149955983701,5.36748301816567,1.41642135623731));
#11168=CARTESIAN_POINT('Origin',(3.87131921703555,5.34667940790261,1.475));
#11169=CARTESIAN_POINT('Ctrl Pts',(2.67149955983701,5.36748301816567,1.41642135623731));
#11170=CARTESIAN_POINT('Ctrl Pts',(2.67150010231444,5.36751430480651,1.41645261027561));
#11171=CARTESIAN_POINT('Ctrl Pts',(2.6715006461313,5.36754559809809,1.41648385031726));
#11172=CARTESIAN_POINT('Ctrl Pts',(2.6718108214803,5.38535414701043,1.43425036260124));
#11173=CARTESIAN_POINT('Ctrl Pts',(2.6726195245225,5.4078440983366,1.44962603800246));
#11174=CARTESIAN_POINT('Ctrl Pts',(2.6761514366827,5.45697582683705,1.47000111369569));
#11175=CARTESIAN_POINT('Ctrl Pts',(2.67889357487728,5.48361645458563,1.475));
#11176=CARTESIAN_POINT('Ctrl Pts',(2.68228008938524,5.50850015106176,1.475));
#11177=CARTESIAN_POINT('',(2.67149955983701,5.36748301816567,-1.41642135623731));
#11178=CARTESIAN_POINT('Ctrl Pts',(2.68228008938524,5.50850015106176,-1.475));
#11179=CARTESIAN_POINT('Ctrl Pts',(2.67889357487728,5.48361645458563,-1.475));
#11180=CARTESIAN_POINT('Ctrl Pts',(2.6761514366827,5.45697582683705,-1.47000111369569));
#11181=CARTESIAN_POINT('Ctrl Pts',(2.6726195245225,5.4078440983366,-1.44962603800246));
#11182=CARTESIAN_POINT('Ctrl Pts',(2.6718108214803,5.38535414701043,-1.43425036260124));
#11183=CARTESIAN_POINT('Ctrl Pts',(2.6715006461313,5.36754559809809,-1.41648385031726));
#11184=CARTESIAN_POINT('Ctrl Pts',(2.67150010231444,5.36751430480651,-1.41645261027561));
#11185=CARTESIAN_POINT('Ctrl Pts',(2.67149955983701,5.36748301816567,-1.41642135623731));
#11186=CARTESIAN_POINT('Origin',(3.87131921703555,5.34667940790261,-1.475));
#11187=CARTESIAN_POINT('Origin',(3.3,1.1,-0.975));
#11188=CARTESIAN_POINT('',(3.5496284058999,4.86690081752269,-0.975000000000001));
#11189=CARTESIAN_POINT('Origin',(3.3,1.1,0.975));
#11190=CARTESIAN_POINT('',(3.5496284058999,4.86690081752269,0.975));
#11191=CARTESIAN_POINT('Origin',(3.5496284058999,4.86690081752269,0.975));
#11192=CARTESIAN_POINT('',(2.67007206412649,5.3675776167484,1.41642135623731));
#11193=CARTESIAN_POINT('Origin',(3.5496284058999,4.86690081752269,-0.975000000000001));
#11194=CARTESIAN_POINT('',(3.06919663281203,5.34112806719483,-1.41642135623731));
#11195=CARTESIAN_POINT('Origin',(3.58816822391373,5.44846793309253,1.275));
#11196=CARTESIAN_POINT('Origin',(3.58816822391373,5.44846793309253,-1.275));
#11197=CARTESIAN_POINT('Origin',(3.08147533422179,6.33245585404045,1.275));
#11198=CARTESIAN_POINT('Origin',(3.08147533422179,6.33245585404045,-1.275));
#11199=CARTESIAN_POINT('Origin',(-0.304863293982157,-6.8329750699004,0.95));
#11200=CARTESIAN_POINT('Origin',(-0.304863293982157,-6.8329750699004,-0.95));
#11201=CARTESIAN_POINT('',(0.,0.,0.));
#11202=CARTESIAN_POINT('Origin',(4.53,1.5,-6.305));
#11203=CARTESIAN_POINT('',(0.5,-0.949999999999998,-6.305));
#11204=CARTESIAN_POINT('',(0.5,1.5,-6.305));
#11205=CARTESIAN_POINT('',(0.5,-0.949999999999998,-6.305));
#11206=CARTESIAN_POINT('',(4.53,1.5,-6.305));
#11207=CARTESIAN_POINT('',(4.53,1.5,-6.305));
#11208=CARTESIAN_POINT('',(4.53,-1.5,-6.305));
#11209=CARTESIAN_POINT('',(4.53,1.5,-6.305));
#11210=CARTESIAN_POINT('',(-4.53,-1.5,-6.305));
#11211=CARTESIAN_POINT('',(4.53,-1.5,-6.305));
#11212=CARTESIAN_POINT('',(-4.53,1.5,-6.305));
#11213=CARTESIAN_POINT('',(-4.53,1.5,-6.305));
#11214=CARTESIAN_POINT('',(-0.5,1.5,-6.305));
#11215=CARTESIAN_POINT('',(4.53,1.5,-6.305));
#11216=CARTESIAN_POINT('',(-0.5,-0.949999999999999,-6.305));
#11217=CARTESIAN_POINT('',(-0.5,-0.949999999999998,-6.305));
#11218=CARTESIAN_POINT('',(0.5,-0.949999999999998,-6.305));
#11219=CARTESIAN_POINT('',(-1.74,0.899999999999997,-6.305));
#11220=CARTESIAN_POINT('',(-1.74,-0.100000000000002,-6.305));
#11221=CARTESIAN_POINT('',(-1.74,0.899999999999997,-6.305));
#11222=CARTESIAN_POINT('',(-3.34,0.899999999999997,-6.305));
#11223=CARTESIAN_POINT('',(-3.34,0.899999999999997,-6.305));
#11224=CARTESIAN_POINT('',(-3.34,-0.100000000000003,-6.305));
#11225=CARTESIAN_POINT('',(-3.34,-0.100000000000002,-6.305));
#11226=CARTESIAN_POINT('',(-1.74,-0.100000000000002,-6.305));
#11227=CARTESIAN_POINT('',(1.74,0.899999999999997,-6.305));
#11228=CARTESIAN_POINT('',(3.34,0.899999999999997,-6.305));
#11229=CARTESIAN_POINT('',(1.74,0.899999999999997,-6.305));
#11230=CARTESIAN_POINT('',(1.74,-0.100000000000002,-6.305));
#11231=CARTESIAN_POINT('',(1.74,-0.100000000000002,-6.305));
#11232=CARTESIAN_POINT('',(3.34,-0.100000000000003,-6.305));
#11233=CARTESIAN_POINT('',(3.34,-0.100000000000002,-6.305));
#11234=CARTESIAN_POINT('',(3.34,0.899999999999997,-6.305));
#11235=CARTESIAN_POINT('Origin',(4.53,-0.400000000000001,6.305));
#11236=CARTESIAN_POINT('',(-4.53,-0.400000000000001,6.305));
#11237=CARTESIAN_POINT('',(-4.53,1.5,6.305));
#11238=CARTESIAN_POINT('',(-4.53,-0.400000000000001,6.305));
#11239=CARTESIAN_POINT('',(4.53,-0.400000000000001,6.305));
#11240=CARTESIAN_POINT('',(4.53,-0.400000000000001,6.305));
#11241=CARTESIAN_POINT('',(4.53,1.5,6.305));
#11242=CARTESIAN_POINT('',(4.53,-0.400000000000001,6.305));
#11243=CARTESIAN_POINT('',(4.53,1.5,6.305));
#11244=CARTESIAN_POINT('',(-1.74,-0.100000000000001,6.305));
#11245=CARTESIAN_POINT('',(-1.74,0.899999999999998,6.305));
#11246=CARTESIAN_POINT('',(-1.74,-0.100000000000001,6.305));
#11247=CARTESIAN_POINT('',(-3.34,-0.100000000000001,6.305));
#11248=CARTESIAN_POINT('',(-3.34,-0.100000000000001,6.305));
#11249=CARTESIAN_POINT('',(-3.34,0.899999999999998,6.305));
#11250=CARTESIAN_POINT('',(-3.34,0.899999999999998,6.305));
#11251=CARTESIAN_POINT('',(-1.74,0.899999999999998,6.305));
#11252=CARTESIAN_POINT('',(1.74,-0.100000000000001,6.305));
#11253=CARTESIAN_POINT('',(3.34,-0.100000000000001,6.305));
#11254=CARTESIAN_POINT('',(1.74,-0.100000000000001,6.305));
#11255=CARTESIAN_POINT('',(1.74,0.899999999999998,6.305));
#11256=CARTESIAN_POINT('',(1.74,0.899999999999998,6.305));
#11257=CARTESIAN_POINT('',(3.34,0.899999999999998,6.305));
#11258=CARTESIAN_POINT('',(3.34,0.899999999999998,6.305));
#11259=CARTESIAN_POINT('',(3.34,-0.100000000000001,6.305));
#11260=CARTESIAN_POINT('Origin',(-3.84,1.,-2.16840434497101E-16));
#11261=CARTESIAN_POINT('',(-4.12925986918767,-1.5,-5.555));
#11262=CARTESIAN_POINT('',(-3.84,1.,-4.625));
#11263=CARTESIAN_POINT('',(-3.66716306259323,2.49378600194483,-4.06931160727652));
#11264=CARTESIAN_POINT('',(-3.84,1.,-1.425));
#11265=CARTESIAN_POINT('',(-3.84,1.,-2.16840434497101E-16));
#11266=CARTESIAN_POINT('',(-4.12925986918767,-1.5,0.925));
#11267=CARTESIAN_POINT('',(-3.9217008260699,0.29388039292026,-0.761247569345044));
#11268=CARTESIAN_POINT('',(-4.12925986918767,-1.5,-7.89088780566049E-16));
#11269=CARTESIAN_POINT('Origin',(-1.24,0.999999999999999,1.56845057363516E-16));
#11270=CARTESIAN_POINT('',(-1.24,0.999999999999999,-1.425));
#11271=CARTESIAN_POINT('',(-0.532571306939795,-1.5,0.925));
#11272=CARTESIAN_POINT('',(-1.04697380808343,0.3178598994848,-0.783788305515712));
#11273=CARTESIAN_POINT('',(-1.24,1.,-4.625));
#11274=CARTESIAN_POINT('',(-1.24,0.999999999999999,1.56845057363516E-16));
#11275=CARTESIAN_POINT('',(-0.532571306939795,-1.5,-5.555));
#11276=CARTESIAN_POINT('',(-1.63956476406866,2.41203194042151,-4.0997241181632));
#11277=CARTESIAN_POINT('',(-0.532571306939795,-1.5,-4.29039799889266E-16));
#11278=CARTESIAN_POINT('Origin',(-3.84,0.5,0.0250000000000005));
#11279=CARTESIAN_POINT('',(-2.965,-0.574074074074076,1.025));
#11280=CARTESIAN_POINT('',(-2.115,-0.574074074074076,1.025));
#11281=CARTESIAN_POINT('',(-2.115,-0.574074074074076,1.025));
#11282=CARTESIAN_POINT('',(-2.965,0.499999999999999,0.0250000000000003));
#11283=CARTESIAN_POINT('',(-2.965,-8.36734380640858,8.28080285424248));
#11284=CARTESIAN_POINT('',(-3.84,0.5,0.0250000000000005));
#11285=CARTESIAN_POINT('',(-3.84,0.5,0.0250000000000005));
#11286=CARTESIAN_POINT('',(-3.84,-0.949999999999999,1.375));
#11287=CARTESIAN_POINT('',(-3.84,0.5,0.0250000000000005));
#11288=CARTESIAN_POINT('',(-1.24,-0.949999999999999,1.375));
#11289=CARTESIAN_POINT('',(-3.84,-0.949999999999999,1.375));
#11290=CARTESIAN_POINT('',(-1.24,0.5,0.0250000000000005));
#11291=CARTESIAN_POINT('',(-1.24,0.5,0.0250000000000005));
#11292=CARTESIAN_POINT('',(-2.115,0.5,0.0249999999999981));
#11293=CARTESIAN_POINT('',(-3.84,0.5,0.0250000000000005));
#11294=CARTESIAN_POINT('',(-2.115,-7.8686176917589,7.81647164405139));
#11295=CARTESIAN_POINT('Origin',(-3.84,1.5,0.0250000000000007));
#11296=CARTESIAN_POINT('',(-2.965,1.5,0.0250000000000004));
#11297=CARTESIAN_POINT('',(-2.965,-15.1227464638068,0.0249999999999987));
#11298=CARTESIAN_POINT('',(-3.84,1.5,0.0250000000000007));
#11299=CARTESIAN_POINT('',(-3.84,1.5,0.0250000000000007));
#11300=CARTESIAN_POINT('',(-3.84,1.5,0.0250000000000007));
#11301=CARTESIAN_POINT('Origin',(-3.84,1.5,0.0250000000000007));
#11302=CARTESIAN_POINT('',(-2.115,1.5,0.0250000000000007));
#11303=CARTESIAN_POINT('',(-1.24,1.5,0.0250000000000007));
#11304=CARTESIAN_POINT('',(-3.84,1.5,0.0250000000000007));
#11305=CARTESIAN_POINT('',(-2.115,-15.1227464638068,0.0249999999999987));
#11306=CARTESIAN_POINT('',(-1.24,1.5,0.0250000000000007));
#11307=CARTESIAN_POINT('Origin',(4.53,1.5,6.305));
#11308=CARTESIAN_POINT('',(0.5,1.5,5.655));
#11309=CARTESIAN_POINT('',(0.5,1.5,-6.305));
#11310=CARTESIAN_POINT('',(-0.5,1.5,5.655));
#11311=CARTESIAN_POINT('',(0.5,1.5,5.655));
#11312=CARTESIAN_POINT('',(-0.5,1.5,-6.305));
#11313=CARTESIAN_POINT('',(-4.53,1.5,6.305));
#11314=CARTESIAN_POINT('',(4.53,1.5,6.305));
#11315=CARTESIAN_POINT('',(-3.84,1.5,5.655));
#11316=CARTESIAN_POINT('',(-3.84,1.5,5.655));
#11317=CARTESIAN_POINT('',(-2.965,1.5,1.025));
#11318=CARTESIAN_POINT('',(-2.965,1.5,1.025));
#11319=CARTESIAN_POINT('',(-2.115,1.5,1.025));
#11320=CARTESIAN_POINT('',(-2.115,1.5,1.025));
#11321=CARTESIAN_POINT('',(-2.115,1.5,0.0250000000000008));
#11322=CARTESIAN_POINT('',(-1.24,1.5,5.655));
#11323=CARTESIAN_POINT('',(-1.24,1.5,5.655));
#11324=CARTESIAN_POINT('',(-3.84,1.5,5.655));
#11325=CARTESIAN_POINT('',(-3.84,1.5,-0.424999999999999));
#11326=CARTESIAN_POINT('',(-3.84,1.5,-0.975));
#11327=CARTESIAN_POINT('',(-3.84,1.5,-0.424999999999999));
#11328=CARTESIAN_POINT('',(-1.24,1.5,-0.975));
#11329=CARTESIAN_POINT('',(-3.84,1.5,-0.975));
#11330=CARTESIAN_POINT('',(-1.24,1.5,-0.424999999999999));
#11331=CARTESIAN_POINT('',(-1.24,1.5,-0.424999999999999));
#11332=CARTESIAN_POINT('',(-3.84,1.5,-0.424999999999999));
#11333=CARTESIAN_POINT('',(-3.84,1.5,-1.425));
#11334=CARTESIAN_POINT('',(-1.24,1.5,-1.425));
#11335=CARTESIAN_POINT('',(-3.84,1.5,-1.425));
#11336=CARTESIAN_POINT('',(-3.84,1.5,-4.625));
#11337=CARTESIAN_POINT('',(-3.84,1.5,-4.625));
#11338=CARTESIAN_POINT('',(-1.24,1.5,-4.625));
#11339=CARTESIAN_POINT('',(-3.84,1.5,-4.625));
#11340=CARTESIAN_POINT('',(-1.24,1.5,-4.625));
#11341=CARTESIAN_POINT('',(3.84,1.5,-4.625));
#11342=CARTESIAN_POINT('',(1.24,1.5,-4.625));
#11343=CARTESIAN_POINT('',(3.84,1.5,-4.625));
#11344=CARTESIAN_POINT('',(3.84,1.5,-1.425));
#11345=CARTESIAN_POINT('',(3.84,1.5,-4.625));
#11346=CARTESIAN_POINT('',(1.24,1.5,-1.425));
#11347=CARTESIAN_POINT('',(3.84,1.5,-1.425));
#11348=CARTESIAN_POINT('',(1.24,1.5,-4.625));
#11349=CARTESIAN_POINT('',(3.84,1.5,-0.975));
#11350=CARTESIAN_POINT('',(3.84,1.5,-0.424999999999999));
#11351=CARTESIAN_POINT('',(3.84,1.5,-0.975));
#11352=CARTESIAN_POINT('',(1.24,1.5,-0.424999999999999));
#11353=CARTESIAN_POINT('',(3.84,1.5,-0.424999999999999));
#11354=CARTESIAN_POINT('',(1.24,1.5,-0.975));
#11355=CARTESIAN_POINT('',(1.24,1.5,-0.975));
#11356=CARTESIAN_POINT('',(3.84,1.5,-0.975));
#11357=CARTESIAN_POINT('',(3.84,1.5,0.0250000000000007));
#11358=CARTESIAN_POINT('',(3.84,1.5,5.655));
#11359=CARTESIAN_POINT('',(3.84,1.5,5.655));
#11360=CARTESIAN_POINT('',(1.24,1.5,5.655));
#11361=CARTESIAN_POINT('',(3.84,1.5,5.655));
#11362=CARTESIAN_POINT('',(1.24,1.5,0.0249999999999998));
#11363=CARTESIAN_POINT('',(1.24,1.5,5.655));
#11364=CARTESIAN_POINT('',(2.115,1.5,0.0250000000000005));
#11365=CARTESIAN_POINT('',(3.84,1.5,0.0250000000000007));
#11366=CARTESIAN_POINT('',(2.115,1.5,1.025));
#11367=CARTESIAN_POINT('',(2.115,1.5,1.025));
#11368=CARTESIAN_POINT('',(2.965,1.5,1.025));
#11369=CARTESIAN_POINT('',(2.965,1.5,1.025));
#11370=CARTESIAN_POINT('',(2.965,1.5,0.0250000000000007));
#11371=CARTESIAN_POINT('',(2.965,1.5,0.0250000000000007));
#11372=CARTESIAN_POINT('',(3.84,1.5,0.0250000000000007));
#11373=CARTESIAN_POINT('Origin',(4.53,-1.5,-6.305));
#11374=CARTESIAN_POINT('',(-4.53,-1.5,1.375));
#11375=CARTESIAN_POINT('',(-4.53,-1.5,-6.305));
#11376=CARTESIAN_POINT('',(4.53,-1.5,1.375));
#11377=CARTESIAN_POINT('',(4.53,-1.5,-6.305));
#11378=CARTESIAN_POINT('',(4.53,-1.5,1.375));
#11379=CARTESIAN_POINT('',(-3.84,-1.5,-5.555));
#11380=CARTESIAN_POINT('',(-3.84,-1.5,0.925));
#11381=CARTESIAN_POINT('',(4.12925986918767,-1.5,0.925));
#11382=CARTESIAN_POINT('',(0.532571306939795,-1.5,0.925));
#11383=CARTESIAN_POINT('',(3.84,-1.5,0.925));
#11384=CARTESIAN_POINT('',(4.12925986918767,-1.5,-5.555));
#11385=CARTESIAN_POINT('',(4.12925986918767,-1.5,-7.89088780566049E-16));
#11386=CARTESIAN_POINT('',(0.532571306939795,-1.5,-5.555));
#11387=CARTESIAN_POINT('',(3.84,-1.5,-5.555));
#11388=CARTESIAN_POINT('',(0.532571306939795,-1.5,-4.29039799889266E-16));
#11389=CARTESIAN_POINT('Origin',(3.84,0.,0.));
#11390=CARTESIAN_POINT('',(3.84,1.,-4.625));
#11391=CARTESIAN_POINT('',(3.84,1.5,-4.625));
#11392=CARTESIAN_POINT('',(3.84,1.,-1.425));
#11393=CARTESIAN_POINT('',(3.84,1.,0.));
#11394=CARTESIAN_POINT('',(3.84,0.999999999999999,-1.425));
#11395=CARTESIAN_POINT('Origin',(1.24,0.,0.));
#11396=CARTESIAN_POINT('',(1.24,0.999999999999999,-1.425));
#11397=CARTESIAN_POINT('',(1.24,0.999999999999999,-1.425));
#11398=CARTESIAN_POINT('',(1.24,1.,-4.625));
#11399=CARTESIAN_POINT('',(1.24,0.999999999999999,1.1999075426717E-16));
#11400=CARTESIAN_POINT('',(1.24,1.5,-4.625));
#11401=CARTESIAN_POINT('Origin',(3.84,-0.949999999999999,1.375));
#11402=CARTESIAN_POINT('',(3.84,0.5,0.0250000000000005));
#11403=CARTESIAN_POINT('',(2.965,0.5,0.0250000000000005));
#11404=CARTESIAN_POINT('',(3.84,0.5,0.0250000000000005));
#11405=CARTESIAN_POINT('',(2.965,-0.574074074074075,1.025));
#11406=CARTESIAN_POINT('',(2.965,-7.43561938570192,7.41333529013627));
#11407=CARTESIAN_POINT('',(2.115,-0.574074074074078,1.025));
#11408=CARTESIAN_POINT('',(2.965,-0.574074074074076,1.025));
#11409=CARTESIAN_POINT('',(2.115,0.5,0.0250000000000005));
#11410=CARTESIAN_POINT('',(2.115,-7.9343455003516,7.87766650032736));
#11411=CARTESIAN_POINT('',(1.24,0.5,0.0250000000000005));
#11412=CARTESIAN_POINT('',(3.84,0.5,0.0250000000000005));
#11413=CARTESIAN_POINT('',(1.24,-0.949999999999999,1.375));
#11414=CARTESIAN_POINT('',(1.24,-0.949999999999999,1.375));
#11415=CARTESIAN_POINT('',(3.84,-0.949999999999999,1.375));
#11416=CARTESIAN_POINT('',(3.84,-0.949999999999999,1.375));
#11417=CARTESIAN_POINT('',(3.84,-0.949999999999999,1.375));
#11418=CARTESIAN_POINT('Origin',(3.84,0.5,0.0250000000000005));
#11419=CARTESIAN_POINT('',(2.965,-14.3144143110012,0.0249999999999988));
#11420=CARTESIAN_POINT('',(3.84,0.5,0.0250000000000005));
#11421=CARTESIAN_POINT('Origin',(3.84,0.5,0.0250000000000005));
#11422=CARTESIAN_POINT('',(2.115,-14.3144143110012,0.0249999999999988));
#11423=CARTESIAN_POINT('',(1.24,0.5,0.0250000000000005));
#11424=CARTESIAN_POINT('Origin',(4.53,-1.5,1.375));
#11425=CARTESIAN_POINT('',(-4.53,-1.5,1.375));
#11426=CARTESIAN_POINT('',(4.53,-1.5,1.375));
#11427=CARTESIAN_POINT('Origin',(4.53,0.,0.));
#11428=CARTESIAN_POINT('Origin',(-4.53,0.,0.));
#11429=CARTESIAN_POINT('Origin',(0.5,1.5,5.655));
#11430=CARTESIAN_POINT('',(-0.5,0.00496957403651197,5.655));
#11431=CARTESIAN_POINT('',(-0.5,1.5,5.655));
#11432=CARTESIAN_POINT('',(0.5,0.00496957403651197,5.655));
#11433=CARTESIAN_POINT('',(0.5,1.5,5.655));
#11434=CARTESIAN_POINT('',(0.5,0.00496957403651197,5.655));
#11435=CARTESIAN_POINT('Origin',(0.5,0.00496957403651197,5.655));
#11436=CARTESIAN_POINT('',(-0.5,-0.949999999999999,1.375));
#11437=CARTESIAN_POINT('',(-0.5,0.00496957403651197,5.655));
#11438=CARTESIAN_POINT('',(0.5,-0.949999999999999,1.375));
#11439=CARTESIAN_POINT('',(0.5,0.00496957403651197,5.655));
#11440=CARTESIAN_POINT('',(0.5,-0.949999999999999,1.375));
#11441=CARTESIAN_POINT('Origin',(0.5,-0.949999999999999,1.375));
#11442=CARTESIAN_POINT('',(-0.5,-0.949999999999999,1.375));
#11443=CARTESIAN_POINT('',(0.5,-0.949999999999999,1.375));
#11444=CARTESIAN_POINT('Origin',(0.5,0.,0.));
#11445=CARTESIAN_POINT('Origin',(-0.5,0.,0.));
#11446=CARTESIAN_POINT('Origin',(3.84,-0.949999999999999,1.375));
#11447=CARTESIAN_POINT('',(1.24,0.00496957403651197,5.655));
#11448=CARTESIAN_POINT('',(1.24,-0.949999999999999,1.375));
#11449=CARTESIAN_POINT('',(3.84,0.00496957403651197,5.655));
#11450=CARTESIAN_POINT('',(3.84,0.00496957403651197,5.655));
#11451=CARTESIAN_POINT('',(3.84,-0.949999999999999,1.375));
#11452=CARTESIAN_POINT('Origin',(3.84,0.00496957403651197,5.655));
#11453=CARTESIAN_POINT('',(1.24,0.00496957403651197,5.655));
#11454=CARTESIAN_POINT('',(3.84,0.00496957403651197,5.655));
#11455=CARTESIAN_POINT('Origin',(3.84,0.,0.));
#11456=CARTESIAN_POINT('Origin',(1.24,0.,0.));
#11457=CARTESIAN_POINT('Origin',(3.84,0.999999999999999,-0.975));
#11458=CARTESIAN_POINT('',(1.24,0.999999999999999,-0.975));
#11459=CARTESIAN_POINT('',(1.24,0.999999999999999,-0.975));
#11460=CARTESIAN_POINT('',(3.84,0.999999999999999,-0.975));
#11461=CARTESIAN_POINT('',(3.84,0.999999999999999,-0.975));
#11462=CARTESIAN_POINT('',(3.84,0.999999999999999,-0.975));
#11463=CARTESIAN_POINT('Origin',(3.84,1.5,-0.424999999999999));
#11464=CARTESIAN_POINT('',(1.24,0.999999999999999,-0.425));
#11465=CARTESIAN_POINT('',(1.24,1.5,-0.424999999999999));
#11466=CARTESIAN_POINT('',(3.84,0.999999999999999,-0.425));
#11467=CARTESIAN_POINT('',(3.84,1.5,-0.424999999999999));
#11468=CARTESIAN_POINT('',(3.84,0.999999999999999,-0.425));
#11469=CARTESIAN_POINT('Origin',(3.84,0.999999999999999,-0.425));
#11470=CARTESIAN_POINT('',(1.24,0.999999999999999,-0.425));
#11471=CARTESIAN_POINT('',(3.84,0.999999999999999,-0.425));
#11472=CARTESIAN_POINT('Origin',(3.84,0.,0.));
#11473=CARTESIAN_POINT('Origin',(1.24,0.,0.));
#11474=CARTESIAN_POINT('Origin',(3.84,1.5,-4.625));
#11475=CARTESIAN_POINT('',(3.84,0.999999999999999,-4.625));
#11476=CARTESIAN_POINT('Origin',(3.84,-1.5,-5.555));
#11477=CARTESIAN_POINT('',(1.63956476406866,2.41203194042151,-4.0997241181632));
#11478=CARTESIAN_POINT('',(3.66716306259323,2.49378600194483,-4.06931160727652));
#11479=CARTESIAN_POINT('Origin',(3.84,0.999999999999999,-1.425));
#11480=CARTESIAN_POINT('',(1.04697380808343,0.3178598994848,-0.783788305515712));
#11481=CARTESIAN_POINT('',(3.84,0.999999999999999,-1.425));
#11482=CARTESIAN_POINT('',(3.9217008260699,0.29388039292026,-0.761247569345044));
#11483=CARTESIAN_POINT('Origin',(3.84,0.999999999999999,-1.425));
#11484=CARTESIAN_POINT('Origin',(3.84,1.,-2.16840434497101E-16));
#11485=CARTESIAN_POINT('Origin',(1.24,0.999999999999999,1.56845057363516E-16));
#11486=CARTESIAN_POINT('Origin',(2.965,-14.3144143110012,0.0249999999999988));
#11487=CARTESIAN_POINT('',(2.965,-14.3144143110012,1.025));
#11488=CARTESIAN_POINT('Origin',(2.965,-14.3144143110012,1.025));
#11489=CARTESIAN_POINT('',(2.115,-14.3144143110012,1.025));
#11490=CARTESIAN_POINT('Origin',(2.115,-14.3144143110012,1.025));
#11491=CARTESIAN_POINT('Origin',(1.74,0.899999999999998,6.805));
#11492=CARTESIAN_POINT('',(1.74,0.399999999999999,6.805));
#11493=CARTESIAN_POINT('',(1.74,0.399999999999999,6.805));
#11494=CARTESIAN_POINT('',(1.74,0.899999999999998,6.805));
#11495=CARTESIAN_POINT('',(1.74,0.899999999999998,6.805));
#11496=CARTESIAN_POINT('',(1.74,0.899999999999998,6.805));
#11497=CARTESIAN_POINT('Origin',(3.34,-0.100000000000001,6.805));
#11498=CARTESIAN_POINT('',(3.34,0.399999999999999,6.805));
#11499=CARTESIAN_POINT('',(3.34,0.899999999999998,6.805));
#11500=CARTESIAN_POINT('',(3.34,-0.100000000000001,6.805));
#11501=CARTESIAN_POINT('',(3.34,0.399999999999999,6.805));
#11502=CARTESIAN_POINT('',(3.34,0.899999999999998,6.805));
#11503=CARTESIAN_POINT('Origin',(3.34,0.899999999999998,6.805));
#11504=CARTESIAN_POINT('',(3.34,0.899999999999998,6.805));
#11505=CARTESIAN_POINT('Origin',(0.,0.,6.805));
#11506=CARTESIAN_POINT('',(3.34,0.399999999999999,6.805));
#11507=CARTESIAN_POINT('Origin',(1.74,-0.100000000000002,-6.805));
#11508=CARTESIAN_POINT('',(1.74,0.399999999999998,-6.805));
#11509=CARTESIAN_POINT('',(1.74,0.899999999999997,-6.805));
#11510=CARTESIAN_POINT('',(1.74,-0.100000000000002,-6.805));
#11511=CARTESIAN_POINT('',(1.74,0.399999999999998,-6.805));
#11512=CARTESIAN_POINT('',(1.74,0.899999999999997,-6.805));
#11513=CARTESIAN_POINT('Origin',(1.74,0.899999999999997,-6.805));
#11514=CARTESIAN_POINT('',(3.34,0.899999999999997,-6.805));
#11515=CARTESIAN_POINT('',(3.34,0.899999999999997,-6.805));
#11516=CARTESIAN_POINT('',(1.74,0.899999999999997,-6.805));
#11517=CARTESIAN_POINT('Origin',(3.34,0.899999999999997,-6.805));
#11518=CARTESIAN_POINT('',(3.34,0.399999999999998,-6.805));
#11519=CARTESIAN_POINT('',(3.34,0.399999999999998,-6.805));
#11520=CARTESIAN_POINT('',(3.34,0.899999999999997,-6.805));
#11521=CARTESIAN_POINT('Origin',(0.,0.,-6.805));
#11522=CARTESIAN_POINT('',(1.74,0.399999999999998,-6.805));
#11523=CARTESIAN_POINT('Origin',(4.74338450462406E-17,0.399999999999998,
-6.805));
#11524=CARTESIAN_POINT('Origin',(0.,0.399999999999999,6.805));
#11525=CARTESIAN_POINT('Origin',(-3.84,-0.949999999999999,1.375));
#11526=CARTESIAN_POINT('',(-1.24,0.00496957403651197,5.655));
#11527=CARTESIAN_POINT('',(-1.24,-0.949999999999999,1.375));
#11528=CARTESIAN_POINT('',(-3.84,0.00496957403651197,5.655));
#11529=CARTESIAN_POINT('',(-3.84,-0.949999999999999,1.375));
#11530=CARTESIAN_POINT('',(-3.84,0.00496957403651197,5.655));
#11531=CARTESIAN_POINT('Origin',(-3.84,0.00496957403651197,5.655));
#11532=CARTESIAN_POINT('',(-1.24,0.00496957403651197,5.655));
#11533=CARTESIAN_POINT('',(-3.84,0.00496957403651197,5.655));
#11534=CARTESIAN_POINT('Origin',(-3.84,0.,0.));
#11535=CARTESIAN_POINT('Origin',(-1.24,0.,0.));
#11536=CARTESIAN_POINT('Origin',(-3.84,1.5,-0.975));
#11537=CARTESIAN_POINT('',(-1.24,0.999999999999999,-0.975));
#11538=CARTESIAN_POINT('',(-1.24,1.5,-0.975));
#11539=CARTESIAN_POINT('',(-3.84,0.999999999999999,-0.975));
#11540=CARTESIAN_POINT('',(-3.84,1.5,-0.975));
#11541=CARTESIAN_POINT('',(-3.84,0.999999999999999,-0.975));
#11542=CARTESIAN_POINT('Origin',(-3.84,0.999999999999999,-0.975));
#11543=CARTESIAN_POINT('',(-1.24,0.999999999999999,-0.425));
#11544=CARTESIAN_POINT('',(-1.24,0.999999999999999,-0.975));
#11545=CARTESIAN_POINT('',(-3.84,0.999999999999999,-0.425));
#11546=CARTESIAN_POINT('',(-3.84,0.999999999999999,-0.975));
#11547=CARTESIAN_POINT('',(-3.84,0.999999999999999,-0.425));
#11548=CARTESIAN_POINT('Origin',(-3.84,0.999999999999999,-0.425));
#11549=CARTESIAN_POINT('',(-1.24,0.999999999999999,-0.425));
#11550=CARTESIAN_POINT('',(-3.84,0.999999999999999,-0.425));
#11551=CARTESIAN_POINT('Origin',(-3.84,0.,0.));
#11552=CARTESIAN_POINT('Origin',(-1.24,0.,0.));
#11553=CARTESIAN_POINT('Origin',(-3.84,0.999999999999999,-4.625));
#11554=CARTESIAN_POINT('',(-1.24,0.999999999999999,-4.625));
#11555=CARTESIAN_POINT('',(-3.84,0.999999999999999,-4.625));
#11556=CARTESIAN_POINT('',(-3.84,0.999999999999999,-4.625));
#11557=CARTESIAN_POINT('Origin',(-3.84,1.5,-1.425));
#11558=CARTESIAN_POINT('',(-1.24,1.5,-1.425));
#11559=CARTESIAN_POINT('',(-3.84,0.999999999999999,-1.425));
#11560=CARTESIAN_POINT('',(-3.84,1.5,-1.425));
#11561=CARTESIAN_POINT('Origin',(-3.84,0.999999999999999,-1.425));
#11562=CARTESIAN_POINT('Origin',(-3.84,-1.5,-5.555));
#11563=CARTESIAN_POINT('Origin',(-3.84,0.,0.));
#11564=CARTESIAN_POINT('Origin',(-1.24,0.,0.));
#11565=CARTESIAN_POINT('Origin',(-2.965,-15.1227464638068,1.025));
#11566=CARTESIAN_POINT('',(-2.965,-15.1227464638068,1.025));
#11567=CARTESIAN_POINT('Origin',(-2.115,-15.1227464638068,0.0249999999999988));
#11568=CARTESIAN_POINT('',(-2.115,-15.1227464638068,1.025));
#11569=CARTESIAN_POINT('Origin',(-2.115,-15.1227464638068,1.025));
#11570=CARTESIAN_POINT('Origin',(-1.74,-0.100000000000001,6.805));
#11571=CARTESIAN_POINT('',(-1.74,0.399999999999999,6.805));
#11572=CARTESIAN_POINT('',(-1.74,0.899999999999998,6.805));
#11573=CARTESIAN_POINT('',(-1.74,-0.100000000000001,6.805));
#11574=CARTESIAN_POINT('',(-1.74,0.399999999999999,6.805));
#11575=CARTESIAN_POINT('',(-1.74,0.899999999999998,6.805));
#11576=CARTESIAN_POINT('Origin',(-1.74,0.899999999999998,6.805));
#11577=CARTESIAN_POINT('',(-3.34,0.899999999999998,6.805));
#11578=CARTESIAN_POINT('',(-3.34,0.899999999999998,6.805));
#11579=CARTESIAN_POINT('',(-1.74,0.899999999999998,6.805));
#11580=CARTESIAN_POINT('Origin',(-3.34,0.899999999999998,6.805));
#11581=CARTESIAN_POINT('',(-3.34,0.399999999999999,6.805));
#11582=CARTESIAN_POINT('',(-3.34,0.399999999999999,6.805));
#11583=CARTESIAN_POINT('',(-3.34,0.899999999999998,6.805));
#11584=CARTESIAN_POINT('Origin',(0.,0.,6.805));
#11585=CARTESIAN_POINT('',(-1.74,0.399999999999999,6.805));
#11586=CARTESIAN_POINT('Origin',(-3.34,0.899999999999997,-6.805));
#11587=CARTESIAN_POINT('',(-1.74,0.899999999999997,-6.805));
#11588=CARTESIAN_POINT('',(-1.74,0.899999999999997,-6.805));
#11589=CARTESIAN_POINT('',(-3.34,0.899999999999997,-6.805));
#11590=CARTESIAN_POINT('',(-3.34,0.899999999999997,-6.805));
#11591=CARTESIAN_POINT('',(-3.34,0.899999999999997,-6.805));
#11592=CARTESIAN_POINT('Origin',(-1.74,0.899999999999997,-6.805));
#11593=CARTESIAN_POINT('',(-1.74,0.399999999999998,-6.805));
#11594=CARTESIAN_POINT('',(-1.74,0.399999999999998,-6.805));
#11595=CARTESIAN_POINT('',(-1.74,0.899999999999997,-6.805));
#11596=CARTESIAN_POINT('Origin',(-3.34,-0.100000000000002,-6.805));
#11597=CARTESIAN_POINT('',(-3.34,0.399999999999998,-6.805));
#11598=CARTESIAN_POINT('',(-3.34,-0.100000000000002,-6.805));
#11599=CARTESIAN_POINT('',(-3.34,0.399999999999998,-6.805));
#11600=CARTESIAN_POINT('Origin',(0.,0.,-6.805));
#11601=CARTESIAN_POINT('',(-3.34,0.399999999999998,-6.805));
#11602=CARTESIAN_POINT('Origin',(-4.74338450462406E-17,0.399999999999998,
-6.805));
#11603=CARTESIAN_POINT('Origin',(0.,0.399999999999999,6.805));
#11604=CARTESIAN_POINT('',(0.,0.,0.));
#11605=CARTESIAN_POINT('',(2.54,1.05,0.249999999999999));
#11606=CARTESIAN_POINT('',(2.54,4.95,1.75));
#11607=CARTESIAN_POINT('',(2.54,1.05,2.35));
#11608=CARTESIAN_POINT('',(-2.54,1.05,2.35));
#11609=CARTESIAN_POINT('',(-2.54,1.05,0.249999999999999));
#11610=CARTESIAN_POINT('',(-2.54,4.95,1.75));
#11611=CARTESIAN_POINT('',(1.10453096321961E-15,-2.95,3.095));
#11612=UNCERTAINTY_MEASURE_WITH_UNIT(LENGTH_MEASURE(0.01),#11626,
'DISTANCE_ACCURACY_VALUE',
'Maximum model space distance between geometric entities at asserted c
onnectivities');
#11613=UNCERTAINTY_MEASURE_WITH_UNIT(LENGTH_MEASURE(0.01),#11626,
'DISTANCE_ACCURACY_VALUE',
'Maximum model space distance between geometric entities at asserted c
onnectivities');
#11614=UNCERTAINTY_MEASURE_WITH_UNIT(LENGTH_MEASURE(0.01),#11626,
'DISTANCE_ACCURACY_VALUE',
'Maximum model space distance between geometric entities at asserted c
onnectivities');
#11615=UNCERTAINTY_MEASURE_WITH_UNIT(LENGTH_MEASURE(0.01),#11626,
'DISTANCE_ACCURACY_VALUE',
'Maximum model space distance between geometric entities at asserted c
onnectivities');
#11616=UNCERTAINTY_MEASURE_WITH_UNIT(LENGTH_MEASURE(0.01),#11626,
'DISTANCE_ACCURACY_VALUE',
'Maximum model space distance between geometric entities at asserted c
onnectivities');
#11617=UNCERTAINTY_MEASURE_WITH_UNIT(LENGTH_MEASURE(0.01),#11626,
'DISTANCE_ACCURACY_VALUE',
'Maximum model space distance between geometric entities at asserted c
onnectivities');
#11618=UNCERTAINTY_MEASURE_WITH_UNIT(LENGTH_MEASURE(0.01),#11626,
'DISTANCE_ACCURACY_VALUE',
'Maximum model space distance between geometric entities at asserted c
onnectivities');
#11619=(
GEOMETRIC_REPRESENTATION_CONTEXT(3)
GLOBAL_UNCERTAINTY_ASSIGNED_CONTEXT((#11612))
GLOBAL_UNIT_ASSIGNED_CONTEXT((#11626,#11628,#11629))
REPRESENTATION_CONTEXT('','3D')
);
#11620=(
GEOMETRIC_REPRESENTATION_CONTEXT(3)
GLOBAL_UNCERTAINTY_ASSIGNED_CONTEXT((#11613))
GLOBAL_UNIT_ASSIGNED_CONTEXT((#11626,#11628,#11629))
REPRESENTATION_CONTEXT('','3D')
);
#11621=(
GEOMETRIC_REPRESENTATION_CONTEXT(3)
GLOBAL_UNCERTAINTY_ASSIGNED_CONTEXT((#11614))
GLOBAL_UNIT_ASSIGNED_CONTEXT((#11626,#11628,#11629))
REPRESENTATION_CONTEXT('','3D')
);
#11622=(
GEOMETRIC_REPRESENTATION_CONTEXT(3)
GLOBAL_UNCERTAINTY_ASSIGNED_CONTEXT((#11615))
GLOBAL_UNIT_ASSIGNED_CONTEXT((#11626,#11628,#11629))
REPRESENTATION_CONTEXT('','3D')
);
#11623=(
GEOMETRIC_REPRESENTATION_CONTEXT(3)
GLOBAL_UNCERTAINTY_ASSIGNED_CONTEXT((#11616))
GLOBAL_UNIT_ASSIGNED_CONTEXT((#11626,#11628,#11629))
REPRESENTATION_CONTEXT('','3D')
);
#11624=(
GEOMETRIC_REPRESENTATION_CONTEXT(3)
GLOBAL_UNCERTAINTY_ASSIGNED_CONTEXT((#11617))
GLOBAL_UNIT_ASSIGNED_CONTEXT((#11626,#11628,#11629))
REPRESENTATION_CONTEXT('','3D')
);
#11625=(
GEOMETRIC_REPRESENTATION_CONTEXT(3)
GLOBAL_UNCERTAINTY_ASSIGNED_CONTEXT((#11618))
GLOBAL_UNIT_ASSIGNED_CONTEXT((#11626,#11628,#11629))
REPRESENTATION_CONTEXT('','3D')
);
#11626=(
LENGTH_UNIT()
NAMED_UNIT(*)
SI_UNIT(.MILLI.,.METRE.)
);
#11627=(
LENGTH_UNIT()
NAMED_UNIT(*)
SI_UNIT($,.METRE.)
);
#11628=(
NAMED_UNIT(*)
PLANE_ANGLE_UNIT()
SI_UNIT($,.RADIAN.)
);
#11629=(
NAMED_UNIT(*)
SI_UNIT($,.STERADIAN.)
SOLID_ANGLE_UNIT()
);
#11630=SHAPE_DEFINITION_REPRESENTATION(#11636,#11650);
#11631=SHAPE_DEFINITION_REPRESENTATION(#11637,#11651);
#11632=SHAPE_DEFINITION_REPRESENTATION(#11638,#11652);
#11633=SHAPE_DEFINITION_REPRESENTATION(#11639,#11653);
#11634=SHAPE_DEFINITION_REPRESENTATION(#11640,#11654);
#11635=SHAPE_DEFINITION_REPRESENTATION(#11641,#11655);
#11636=PRODUCT_DEFINITION_SHAPE('',$,#11657);
#11637=PRODUCT_DEFINITION_SHAPE('',$,#11658);
#11638=PRODUCT_DEFINITION_SHAPE('',$,#11659);
#11639=PRODUCT_DEFINITION_SHAPE('',$,#11660);
#11640=PRODUCT_DEFINITION_SHAPE('',$,#11661);
#11641=PRODUCT_DEFINITION_SHAPE('',$,#11662);
#11642=PRODUCT_DEFINITION_SHAPE($,$,#35);
#11643=PRODUCT_DEFINITION_SHAPE($,$,#36);
#11644=PRODUCT_DEFINITION_SHAPE($,$,#37);
#11645=PRODUCT_DEFINITION_SHAPE($,$,#38);
#11646=PRODUCT_DEFINITION_SHAPE($,$,#39);
#11647=PRODUCT_DEFINITION_SHAPE($,$,#40);
#11648=PRODUCT_DEFINITION_SHAPE($,$,#41);
#11649=PRODUCT_DEFINITION_SHAPE($,$,#42);
#11650=SHAPE_REPRESENTATION('',(#7091,#7617,#7618,#7619,#7620,#7621,#7622,
#7623,#7624),#11619);
#11651=SHAPE_REPRESENTATION('',(#7092),#11620);
#11652=SHAPE_REPRESENTATION('',(#7306),#11621);
#11653=SHAPE_REPRESENTATION('',(#7338),#11622);
#11654=SHAPE_REPRESENTATION('',(#7359),#11623);
#11655=SHAPE_REPRESENTATION('',(#7538),#11624);
#11656=PRODUCT_DEFINITION_CONTEXT('part definition',#11676,'design');
#11657=PRODUCT_DEFINITION('6913515000xx','TERM_BLOCK_2POS v1',#11663,#11656);
#11658=PRODUCT_DEFINITION('691351500002','691351500002',#11664,#11656);
#11659=PRODUCT_DEFINITION('6913515000xx_VIS','6913515000xx_VIS',#11665,
#11656);
#11660=PRODUCT_DEFINITION('6913515000xx_CAGE','6913515000xx_CAGE',#11666,
#11656);
#11661=PRODUCT_DEFINITION('6913515000xx_PIN','6913515000xx_PIN',#11667,
#11656);
#11662=PRODUCT_DEFINITION('691351500002_CAPOT','691351500002_CAPOT',#11668,
#11656);
#11663=PRODUCT_DEFINITION_FORMATION('',$,#11678);
#11664=PRODUCT_DEFINITION_FORMATION('',$,#11679);
#11665=PRODUCT_DEFINITION_FORMATION('',$,#11680);
#11666=PRODUCT_DEFINITION_FORMATION('',$,#11681);
#11667=PRODUCT_DEFINITION_FORMATION('',$,#11682);
#11668=PRODUCT_DEFINITION_FORMATION('',$,#11683);
#11669=PRODUCT_RELATED_PRODUCT_CATEGORY('TERM_BLOCK_2POS v1',
'TERM_BLOCK_2POS v1',(#11678));
#11670=PRODUCT_RELATED_PRODUCT_CATEGORY('691351500002','691351500002',(#11679));
#11671=PRODUCT_RELATED_PRODUCT_CATEGORY('6913515000xx_VIS',
'6913515000xx_VIS',(#11680));
#11672=PRODUCT_RELATED_PRODUCT_CATEGORY('6913515000xx_CAGE',
'6913515000xx_CAGE',(#11681));
#11673=PRODUCT_RELATED_PRODUCT_CATEGORY('6913515000xx_PIN',
'6913515000xx_PIN',(#11682));
#11674=PRODUCT_RELATED_PRODUCT_CATEGORY('691351500002_CAPOT',
'691351500002_CAPOT',(#11683));
#11675=APPLICATION_PROTOCOL_DEFINITION('international standard',
'automotive_design',2009,#11676);
#11676=APPLICATION_CONTEXT(
'Core Data for Automotive Mechanical Design Process');
#11677=PRODUCT_CONTEXT('part definition',#11676,'mechanical');
#11678=PRODUCT('6913515000xx','TERM_BLOCK_2POS v1','Unknown',(#11677));
#11679=PRODUCT('691351500002','691351500002','691351500002',(#11677));
#11680=PRODUCT('6913515000xx_VIS','6913515000xx_VIS','6913515000xx_VIS',
(#11677));
#11681=PRODUCT('6913515000xx_CAGE','6913515000xx_CAGE',
'6913515000xx_CAGE',(#11677));
#11682=PRODUCT('6913515000xx_PIN','6913515000xx_PIN','6913515000xx_PIN',
(#11677));
#11683=PRODUCT('691351500002_CAPOT','691351500002_CAPOT',
'691351500002_CAPOT',(#11677));
#11684=PRESENTATION_STYLE_ASSIGNMENT((#11688));
#11685=PRESENTATION_STYLE_ASSIGNMENT((#11689));
#11686=PRESENTATION_STYLE_ASSIGNMENT((#11690));
#11687=PRESENTATION_STYLE_ASSIGNMENT((#11691));
#11688=SURFACE_STYLE_USAGE(.BOTH.,#11692);
#11689=SURFACE_STYLE_USAGE(.BOTH.,#11693);
#11690=SURFACE_STYLE_USAGE(.BOTH.,#11694);
#11691=SURFACE_STYLE_USAGE(.BOTH.,#11695);
#11692=SURFACE_SIDE_STYLE('',(#11696));
#11693=SURFACE_SIDE_STYLE('',(#11697));
#11694=SURFACE_SIDE_STYLE('',(#11698));
#11695=SURFACE_SIDE_STYLE('',(#11699));
#11696=SURFACE_STYLE_FILL_AREA(#11700);
#11697=SURFACE_STYLE_FILL_AREA(#11701);
#11698=SURFACE_STYLE_FILL_AREA(#11702);
#11699=SURFACE_STYLE_FILL_AREA(#11703);
#11700=FILL_AREA_STYLE('Acier - Satin\X\E9',(#11704));
#11701=FILL_AREA_STYLE('Opaque(100,153,100)',(#11705));
#11702=FILL_AREA_STYLE('Opaque(189,198,204)',(#11706));
#11703=FILL_AREA_STYLE('Opaque(51,51,51)',(#11707));
#11704=FILL_AREA_STYLE_COLOUR('Acier - Satin\X\E9',#11708);
#11705=FILL_AREA_STYLE_COLOUR('Opaque(100,153,100)',#11709);
#11706=FILL_AREA_STYLE_COLOUR('Opaque(189,198,204)',#11710);
#11707=FILL_AREA_STYLE_COLOUR('Opaque(51,51,51)',#11711);
#11708=COLOUR_RGB('Acier - Satin\X\E9',0.627450980392157,0.627450980392157,
0.627450980392157);
#11709=COLOUR_RGB('Opaque(100,153,100)',0.392156862745098,0.6,0.392156862745098);
#11710=COLOUR_RGB('Opaque(189,198,204)',0.741176470588235,0.776470588235294,
0.8);
#11711=COLOUR_RGB('Opaque(51,51,51)',0.2,0.2,0.2);
ENDSEC;
END-ISO-10303-21;
